sortie_id,stage,start_s,end_s,mode,relay_id,comm_row_index,status,method,margin_db,worst_distance_m,pessimistic_obstructed,witness_s,reason
T001,爬升,360.0,375.10452117919925,直连,,1,PASS,worst_obstruction_endpoint_distance,43.878709413313516,25.31356353759776,True,,端点最大距离且全时段按遮挡计损仍满足双向预算
T001,爬升,375.10452117919925,390.2090423583985,直连,,2,PASS,worst_obstruction_endpoint_distance,34.966344352585295,70.62712707519552,True,,端点最大距离且全时段按遮挡计损仍满足双向预算
T001,爬升,390.2090423583985,405.31356353759776,直连,,3,PASS,worst_obstruction_endpoint_distance,30.66105750651289,115.94069061279328,True,,端点最大距离且全时段按遮挡计损仍满足双向预算
T001,爬升,405.31356353759776,420.418084716797,直连,,4,PASS,worst_obstruction_endpoint_distance,27.79555154865507,161.25425415039103,True,,端点最大距离且全时段按遮挡计损仍满足双向预算
T001,巡航,420.418084716797,440.18157194016305,直连,,5,PASS,worst_obstruction_endpoint_distance,21.38103723570191,337.4713404244516,True,,端点最大距离且全时段按遮挡计损仍满足双向预算
T001,巡航,440.18157194016305,459.9450591635291,直连,,6,PASS,worst_obstruction_endpoint_distance,16.17615903644753,614.4418760035281,True,,端点最大距离且全时段按遮挡计损仍满足双向预算
T001,巡航,459.9450591635291,479.7085463868952,直连,,7,PASS,worst_obstruction_endpoint_distance,12.823774280234389,903.8576628091926,True,,端点最大距离且全时段按遮挡计损仍满足双向预算
T001,巡航,479.7085463868952,499.47203361026124,直连,,8,PASS,worst_obstruction_endpoint_distance,10.385900789493661,1196.723223014895,True,,端点最大距离且全时段按遮挡计损仍满足双向预算
T001,巡航,499.47203361026124,519.2355208336273,直连,,9,PASS,worst_obstruction_endpoint_distance,8.476180856524223,1491.0071135443768,True,,端点最大距离且全时段按遮挡计损仍满足双向预算
T001,巡航,519.2355208336273,538.9990080569934,直连,,10,PASS,worst_obstruction_endpoint_distance,6.908105372473543,1786.0083692495245,True,,端点最大距离且全时段按遮挡计损仍满足双向预算
T001,巡航,538.9990080569934,558.7624952803594,直连,,11,PASS,worst_obstruction_endpoint_distance,5.578572376014165,2081.421994615999,True,,端点最大距离且全时段按遮挡计损仍满足双向预算
T001,巡航,558.7624952803594,578.5259825037255,直连,,12,PASS,worst_obstruction_endpoint_distance,4.424847125248689,2377.0942527732964,True,,端点最大距离且全时段按遮挡计损仍满足双向预算
T001,巡航,578.5259825037255,598.2894697270915,直连,,13,PASS,worst_obstruction_endpoint_distance,3.4059931797055043,2672.939317626779,True,,端点最大距离且全时段按遮挡计损仍满足双向预算
T001,巡航,598.2894697270915,618.0529569504575,直连,,14,PASS,worst_obstruction_endpoint_distance,2.4938475922613463,2968.9055301769163,True,,端点最大距离且全时段按遮挡计损仍满足双向预算
T001,巡航,618.0529569504575,637.8164441738236,直连,,15,PASS,worst_obstruction_endpoint_distance,1.6682180133278024,3264.9599447416617,True,,端点最大距离且全时段按遮挡计损仍满足双向预算
T001,巡航,637.8164441738236,657.5799313971897,直连,,16,PASS,worst_obstruction_endpoint_distance,0.9141391873638156,3561.0805630696686,True,,端点最大距离且全时段按遮挡计损仍满足双向预算
T001,巡航,657.5799313971897,677.3434186205557,直连,,17,PASS,worst_obstruction_endpoint_distance,0.2202145974620322,3857.2521378350943,True,,端点最大距离且全时段按遮挡计损仍满足双向预算
T001,巡航,677.3434186205557,697.1069058439218,中继,R001,18,PASS,worst_obstruction_endpoint_distance,1.7986941689042766,1611.9592170068474,True,,端点最大距离且全时段按遮挡计损仍满足双向预算
T001,巡航,697.1069058439218,716.8703930672878,中继,R001,19,PASS,worst_obstruction_endpoint_distance,3.548725382916672,1317.8090603809612,True,,端点最大距离且全时段按遮挡计损仍满足双向预算
T001,巡航,716.8703930672878,736.6338802906539,中继,R001,20,PASS,worst_obstruction_endpoint_distance,5.731414163795407,1024.9862751293902,True,,端点最大距离且全时段按遮挡计损仍满足双向预算
T001,巡航,736.6338802906539,756.39736751402,中继,R001,21,PASS,worst_obstruction_endpoint_distance,8.619096337392278,735.0788740248184,True,,端点最大距离且全时段按遮挡计损仍满足双向预算
T001,巡航,756.39736751402,776.160854737386,中继,R001,22,PASS,worst_obstruction_endpoint_distance,12.810203579364014,453.71023806410597,True,,端点最大距离且全时段按遮挡计损仍满足双向预算
T001,巡航,776.160854737386,795.924341960752,中继,R001,23,PASS,worst_obstruction_endpoint_distance,17.87171950183982,253.33942657084106,True,,端点最大距离且全时段按遮挡计损仍满足双向预算
T001,巡航,795.924341960752,815.6878291841181,中继,R001,24,PASS,worst_obstruction_endpoint_distance,11.846499345070555,506.94844008022034,True,,端点最大距离且全时段按遮挡计损仍满足双向预算
T001,巡航,815.6878291841181,835.4513164074842,中继,R001,25,PASS,worst_obstruction_endpoint_distance,7.982943005401779,790.9364822770917,True,,端点最大距离且全时段按遮挡计损仍满足双向预算
T001,巡航,835.4513164074842,855.2148036308502,中继,R001,26,PASS,worst_obstruction_endpoint_distance,5.2641680033805756,1081.634069057801,True,,端点最大距离且全时段按遮挡计损仍满足双向预算
T001,巡航,855.2148036308502,874.9782908542163,中继,R001,27,PASS,worst_obstruction_endpoint_distance,3.1810377706371042,1374.7915994615264,True,,端点最大距离且全时段按遮挡计损仍满足双向预算
T001,巡航,874.9782908542163,894.7417780775824,中继,R001,28,PASS,worst_obstruction_endpoint_distance,1.4960582519514247,1669.113407412768,True,,端点最大距离且全时段按遮挡计损仍满足双向预算
T001,巡航,894.7417780775824,914.5052653009484,中继,R001,29,PASS,worst_obstruction_endpoint_distance,0.08260871375279066,1964.076152778362,True,,端点最大距离且全时段按遮挡计损仍满足双向预算
T001,下降,914.5052653009484,932.3961161310265,中继,R001,30,PASS,worst_obstruction_endpoint_distance,0.08260871375279066,1964.076152778362,True,,端点最大距离且全时段按遮挡计损仍满足双向预算
T001,下降,932.3961161310265,950.2869669611046,中继,R001,31,PASS,worst_obstruction_endpoint_distance,0.0804771903531929,1964.5581975862738,True,,端点最大距离且全时段按遮挡计损仍满足双向预算
T001,投送,950.2869669611046,969.3778760520137,中继,R001,32,PASS,exact_point,0.0804771903531929,1964.5581975862738,,,独立计算 DEM 遮挡、自由空间损耗与双向预算
T001,投送,969.3778760520137,988.4687851429227,中继,R001,33,PASS,exact_point,0.0804771903531929,1964.5581975862738,,,独立计算 DEM 遮挡、自由空间损耗与双向预算
T001,投送,988.4687851429227,1007.5596942338318,中继,R001,34,PASS,exact_point,0.0804771903531929,1964.5581975862738,,,独立计算 DEM 遮挡、自由空间损耗与双向预算
T001,投送,1007.5596942338318,1026.6506033247408,中继,R001,35,PASS,exact_point,0.0804771903531929,1964.5581975862738,,,独立计算 DEM 遮挡、自由空间损耗与双向预算
T001,投送,1026.6506033247408,1045.74151241565,中继,R001,36,PASS,exact_point,0.0804771903531929,1964.5581975862738,,,独立计算 DEM 遮挡、自由空间损耗与双向预算
T001,投送,1045.74151241565,1064.832421506559,中继,R001,37,PASS,exact_point,0.0804771903531929,1964.5581975862738,,,独立计算 DEM 遮挡、自由空间损耗与双向预算
T001,投送,1064.832421506559,1083.923330597468,中继,R001,38,PASS,exact_point,0.0804771903531929,1964.5581975862738,,,独立计算 DEM 遮挡、自由空间损耗与双向预算
T001,投送,1083.923330597468,1103.0142396883773,中继,R001,39,PASS,exact_point,0.0804771903531929,1964.5581975862738,,,独立计算 DEM 遮挡、自由空间损耗与双向预算
T001,投送,1103.0142396883773,1122.1051487792863,中继,R001,40,PASS,exact_point,0.0804771903531929,1964.5581975862738,,,独立计算 DEM 遮挡、自由空间损耗与双向预算
T001,投送,1122.1051487792863,1141.1960578701955,中继,R001,41,PASS,exact_point,0.0804771903531929,1964.5581975862738,,,独立计算 DEM 遮挡、自由空间损耗与双向预算
T001,投送,1141.1960578701955,1160.2869669611046,中继,R001,42,PASS,exact_point,0.0804771903531929,1964.5581975862738,,,独立计算 DEM 遮挡、自由空间损耗与双向预算
T001,爬升,1160.2869669611046,1175.196009319503,中继,R001,43,PASS,worst_obstruction_endpoint_distance,0.0804771903531929,1964.5581975862738,True,,端点最大距离且全时段按遮挡计损仍满足双向预算
T001,爬升,1175.196009319503,1190.1050516779014,中继,R001,44,PASS,worst_obstruction_endpoint_distance,0.08260871375279066,1964.076152778362,True,,端点最大距离且全时段按遮挡计损仍满足双向预算
T001,巡航,1190.1050516779014,1209.8685389012676,中继,R001,45,PASS,worst_obstruction_endpoint_distance,0.08260871375279066,1964.076152778362,True,,端点最大距离且全时段按遮挡计损仍满足双向预算
T001,巡航,1209.8685389012676,1229.6320261246335,中继,R001,46,PASS,worst_obstruction_endpoint_distance,1.4960582519514247,1669.113407412768,True,,端点最大距离且全时段按遮挡计损仍满足双向预算
T001,巡航,1229.6320261246335,1249.3955133479997,中继,R001,47,PASS,worst_obstruction_endpoint_distance,3.1810377706371042,1374.7915994615264,True,,端点最大距离且全时段按遮挡计损仍满足双向预算
T001,巡航,1249.3955133479997,1269.1590005713656,中继,R001,48,PASS,worst_obstruction_endpoint_distance,5.2641680033805756,1081.634069057801,True,,端点最大距离且全时段按遮挡计损仍满足双向预算
T001,巡航,1269.1590005713656,1288.9224877947318,中继,R001,49,PASS,worst_obstruction_endpoint_distance,7.982943005401779,790.9364822770917,True,,端点最大距离且全时段按遮挡计损仍满足双向预算
T001,巡航,1288.9224877947318,1308.6859750180977,中继,R001,50,PASS,worst_obstruction_endpoint_distance,11.846499345070555,506.94844008022034,True,,端点最大距离且全时段按遮挡计损仍满足双向预算
T001,巡航,1308.6859750180977,1328.4494622414638,中继,R001,51,PASS,worst_obstruction_endpoint_distance,17.87171950183982,253.33942657084106,True,,端点最大距离且全时段按遮挡计损仍满足双向预算
T001,巡航,1328.4494622414638,1348.2129494648298,中继,R001,52,PASS,worst_obstruction_endpoint_distance,12.810203579364014,453.71023806410597,True,,端点最大距离且全时段按遮挡计损仍满足双向预算
T001,巡航,1348.2129494648298,1367.976436688196,中继,R001,53,PASS,worst_obstruction_endpoint_distance,8.619096337392278,735.0788740248184,True,,端点最大距离且全时段按遮挡计损仍满足双向预算
T001,巡航,1367.976436688196,1387.739923911562,中继,R001,54,PASS,worst_obstruction_endpoint_distance,5.731414163795407,1024.9862751293902,True,,端点最大距离且全时段按遮挡计损仍满足双向预算
T001,巡航,1387.739923911562,1407.503411134928,中继,R001,55,PASS,worst_obstruction_endpoint_distance,3.548725382916672,1317.8090603809612,True,,端点最大距离且全时段按遮挡计损仍满足双向预算
T001,巡航,1407.503411134928,1427.2668983582942,中继,R001,56,PASS,worst_obstruction_endpoint_distance,1.7986941689042766,1611.9592170068474,True,,端点最大距离且全时段按遮挡计损仍满足双向预算
T001,巡航,1427.2668983582942,1447.03038558166,直连,,57,PASS,worst_obstruction_endpoint_distance,0.2202145974620322,3857.2521378350943,True,,端点最大距离且全时段按遮挡计损仍满足双向预算
T001,巡航,1447.03038558166,1466.7938728050262,直连,,58,PASS,worst_obstruction_endpoint_distance,0.9141391873638156,3561.0805630696686,True,,端点最大距离且全时段按遮挡计损仍满足双向预算
T001,巡航,1466.7938728050262,1486.5573600283922,直连,,59,PASS,worst_obstruction_endpoint_distance,1.6682180133278024,3264.9599447416617,True,,端点最大距离且全时段按遮挡计损仍满足双向预算
T001,巡航,1486.5573600283922,1506.3208472517583,直连,,60,PASS,worst_obstruction_endpoint_distance,2.4938475922613463,2968.9055301769163,True,,端点最大距离且全时段按遮挡计损仍满足双向预算
T001,巡航,1506.3208472517583,1526.0843344751243,直连,,61,PASS,worst_obstruction_endpoint_distance,3.4059931797055043,2672.939317626779,True,,端点最大距离且全时段按遮挡计损仍满足双向预算
T001,巡航,1526.0843344751243,1545.8478216984904,直连,,62,PASS,worst_obstruction_endpoint_distance,4.424847125248689,2377.0942527732964,True,,端点最大距离且全时段按遮挡计损仍满足双向预算
T001,巡航,1545.8478216984904,1565.6113089218566,直连,,63,PASS,worst_obstruction_endpoint_distance,5.578572376014165,2081.421994615999,True,,端点最大距离且全时段按遮挡计损仍满足双向预算
T001,巡航,1565.6113089218566,1585.3747961452225,直连,,64,PASS,worst_obstruction_endpoint_distance,6.908105372473543,1786.0083692495245,True,,端点最大距离且全时段按遮挡计损仍满足双向预算
T001,巡航,1585.3747961452225,1605.1382833685886,直连,,65,PASS,worst_obstruction_endpoint_distance,8.476180856524223,1491.0071135443768,True,,端点最大距离且全时段按遮挡计损仍满足双向预算
T001,巡航,1605.1382833685886,1624.9017705919546,直连,,66,PASS,worst_obstruction_endpoint_distance,10.385900789493661,1196.723223014895,True,,端点最大距离且全时段按遮挡计损仍满足双向预算
T001,巡航,1624.9017705919546,1644.6652578153207,直连,,67,PASS,worst_obstruction_endpoint_distance,12.823774280234389,903.8576628091926,True,,端点最大距离且全时段按遮挡计损仍满足双向预算
T001,巡航,1644.6652578153207,1664.4287450386869,直连,,68,PASS,worst_obstruction_endpoint_distance,16.17615903644753,614.4418760035281,True,,端点最大距离且全时段按遮挡计损仍满足双向预算
T001,巡航,1664.4287450386869,1684.1922322620528,直连,,69,PASS,worst_obstruction_endpoint_distance,21.38103723570191,337.4713404244516,True,,端点最大距离且全时段按遮挡计损仍满足双向预算
T001,下降,1684.1922322620528,1702.3176576770918,直连,,70,PASS,worst_obstruction_endpoint_distance,27.79555154865507,161.25425415039103,True,,端点最大距离且全时段按遮挡计损仍满足双向预算
T001,下降,1702.3176576770918,1720.443083092131,直连,,71,PASS,worst_obstruction_endpoint_distance,30.661057506512876,115.94069061279339,True,,端点最大距离且全时段按遮挡计损仍满足双向预算
T001,下降,1720.443083092131,1738.56850850717,直连,,72,PASS,worst_obstruction_endpoint_distance,34.96634435258534,70.62712707519523,True,,端点最大距离且全时段按遮挡计损仍满足双向预算
T001,下降,1738.56850850717,1756.693933922209,直连,,73,PASS,worst_obstruction_endpoint_distance,43.87870941331357,25.313563537597616,True,,端点最大距离且全时段按遮挡计损仍满足双向预算
T002,爬升,359.99999999999994,378.6290839301215,直连,,74,PASS,worst_obstruction_endpoint_distance,40.84697113032533,35.88725179036473,True,,端点最大距离且全时段按遮挡计损仍满足双向预算
T002,爬升,378.6290839301215,397.258167860243,直连,,75,PASS,worst_obstruction_endpoint_distance,32.69133428513665,91.77450358072929,True,,端点最大距离且全时段按遮挡计损仍满足双向预算
T002,爬升,397.258167860243,415.8872517903646,直连,,76,PASS,worst_obstruction_endpoint_distance,28.560414627442924,147.661755371094,True,,端点最大距离且全时段按遮挡计损仍满足双向预算
T002,巡航,415.8872517903646,435.38793280950654,直连,,77,PASS,worst_obstruction_endpoint_distance,23.105539305522555,276.70167811112736,True,,端点最大距离且全时段按遮挡计损仍满足双向预算
T002,巡航,435.38793280950654,454.8886138286485,直连,,78,PASS,worst_obstruction_endpoint_distance,18.12842960559327,490.7578758212867,True,,端点最大距离且全时段按遮挡计损仍满足双向预算
T002,巡航,454.8886138286485,474.38929484779044,直连,,79,PASS,worst_obstruction_endpoint_distance,14.83071939347792,717.3858209025456,True,,端点最大距离且全时段按遮挡计损仍满足双向预算
T002,巡航,474.38929484779044,493.8899758669324,直连,,80,PASS,worst_obstruction_endpoint_distance,12.413199503853406,947.608140912613,True,,端点最大距离且全时段按遮挡计损仍满足双向预算
T002,巡航,493.8899758669324,513.3906568860743,直连,,81,PASS,worst_obstruction_endpoint_distance,10.513129561117665,1179.3216739957807,True,,端点最大距离且全时段按遮挡计损仍满足双向预算
T002,巡航,513.3906568860743,532.8913379052162,直连,,82,PASS,worst_obstruction_endpoint_distance,8.950358587344866,1411.7923650909095,True,,端点最大距离且全时段按遮挡计损仍满足双向预算
T002,巡航,532.8913379052162,552.3920189243582,直连,,83,PASS,worst_obstruction_endpoint_distance,7.624045631567327,1644.699183085985,True,,端点最大距离且全时段按遮挡计损仍满足双向预算
T002,巡航,552.3920189243582,571.8926999435001,直连,,84,PASS,worst_obstruction_endpoint_distance,6.472419076072541,1877.8798611459722,True,,端点最大距离且全时段按遮挡计损仍满足双向预算
T002,巡航,571.8926999435001,591.3933809626421,直连,,85,PASS,worst_obstruction_endpoint_distance,5.4550079972161996,2111.243660095177,True,,端点最大距离且全时段按遮挡计损仍满足双向预算
T002,巡航,591.3933809626421,610.894061981784,直连,,86,PASS,worst_obstruction_endpoint_distance,4.543896491300529,2344.7359043246097,True,,端点最大距离且全时段按遮挡计损仍满足双向预算
T002,巡航,610.894061981784,630.3947430009259,直连,,87,PASS,worst_obstruction_endpoint_distance,3.7190330961793165,2578.321698140954,True,,端点最大距离且全时段按遮挡计损仍满足双向预算
T002,巡航,630.3947430009259,649.8954240200679,直连,,88,PASS,worst_obstruction_endpoint_distance,2.9655376322348275,2811.977728667235,True,,端点最大距离且全时段按遮挡计损仍满足双向预算
T002,下降,649.8954240200679,666.5477750942866,直连,,89,PASS,worst_obstruction_endpoint_distance,2.9655376322348275,2811.977728667235,True,,端点最大距离且全时段按遮挡计损仍满足双向预算
T002,下降,666.5477750942866,683.2001261685054,直连,,90,PASS,worst_obstruction_endpoint_distance,2.9713422573941983,2810.099161870278,True,,端点最大距离且全时段按遮挡计损仍满足双向预算
T002,投送,683.2001261685054,702.2910352594146,直连,,91,PASS,exact_point,2.9752461696598544,2808.8364339208633,,,独立计算 DEM 遮挡、自由空间损耗与双向预算
T002,投送,702.2910352594146,721.3819443503236,直连,,92,PASS,exact_point,2.9752461696598544,2808.8364339208633,,,独立计算 DEM 遮挡、自由空间损耗与双向预算
T002,投送,721.3819443503236,740.4728534412327,直连,,93,PASS,exact_point,2.9752461696598544,2808.8364339208633,,,独立计算 DEM 遮挡、自由空间损耗与双向预算
T002,投送,740.4728534412327,759.5637625321418,直连,,94,PASS,exact_point,2.9752461696598544,2808.8364339208633,,,独立计算 DEM 遮挡、自由空间损耗与双向预算
T002,投送,759.5637625321418,778.654671623051,直连,,95,PASS,exact_point,2.9752461696598544,2808.8364339208633,,,独立计算 DEM 遮挡、自由空间损耗与双向预算
T002,投送,778.654671623051,797.74558071396,直连,,96,PASS,exact_point,2.9752461696598544,2808.8364339208633,,,独立计算 DEM 遮挡、自由空间损耗与双向预算
T002,投送,797.74558071396,816.8364898048691,直连,,97,PASS,exact_point,2.9752461696598544,2808.8364339208633,,,独立计算 DEM 遮挡、自由空间损耗与双向预算
T002,投送,816.8364898048691,835.9273988957782,直连,,98,PASS,exact_point,2.9752461696598544,2808.8364339208633,,,独立计算 DEM 遮挡、自由空间损耗与双向预算
T002,投送,835.9273988957782,855.0183079866872,直连,,99,PASS,exact_point,2.9752461696598544,2808.8364339208633,,,独立计算 DEM 遮挡、自由空间损耗与双向预算
T002,投送,855.0183079866872,874.1092170775963,直连,,100,PASS,exact_point,2.9752461696598544,2808.8364339208633,,,独立计算 DEM 遮挡、自由空间损耗与双向预算
T002,投送,874.1092170775963,893.2001261685054,直连,,101,PASS,exact_point,2.9752461696598544,2808.8364339208633,,,独立计算 DEM 遮挡、自由空间损耗与双向预算
T002,爬升,893.2001261685054,907.0770853970212,直连,,102,PASS,worst_obstruction_endpoint_distance,2.9713422573941983,2810.099161870278,True,,端点最大距离且全时段按遮挡计损仍满足双向预算
T002,爬升,907.0770853970212,920.9540446255368,直连,,103,PASS,worst_obstruction_endpoint_distance,2.9655376322348275,2811.977728667235,True,,端点最大距离且全时段按遮挡计损仍满足双向预算
T002,巡航,920.9540446255368,940.4547256446787,直连,,104,PASS,worst_obstruction_endpoint_distance,2.9655376322348275,2811.977728667235,True,,端点最大距离且全时段按遮挡计损仍满足双向预算
T002,巡航,940.4547256446787,959.9554066638207,直连,,105,PASS,worst_obstruction_endpoint_distance,3.7190330961792313,2578.3216981409755,True,,端点最大距离且全时段按遮挡计损仍满足双向预算
T002,巡航,959.9554066638207,979.4560876829626,直连,,106,PASS,worst_obstruction_endpoint_distance,4.543896491302121,2344.735904324178,True,,端点最大距离且全时段按遮挡计损仍满足双向预算
T002,巡航,979.4560876829626,998.9567687021046,直连,,107,PASS,worst_obstruction_endpoint_distance,5.4550079972161996,2111.243660095177,True,,端点最大距离且全时段按遮挡计损仍满足双向预算
T002,巡航,998.9567687021046,1018.4574497212465,直连,,108,PASS,worst_obstruction_endpoint_distance,6.472419076072541,1877.8798611459722,True,,端点最大距离且全时段按遮挡计损仍满足双向预算
T002,巡航,1018.4574497212465,1037.9581307403885,直连,,109,PASS,worst_obstruction_endpoint_distance,7.624045631567327,1644.699183085985,True,,端点最大距离且全时段按遮挡计损仍满足双向预算
T002,巡航,1037.9581307403885,1057.4588117595304,直连,,110,PASS,worst_obstruction_endpoint_distance,8.950358587344866,1411.7923650909095,True,,端点最大距离且全时段按遮挡计损仍满足双向预算
T002,巡航,1057.4588117595304,1076.9594927786723,直连,,111,PASS,worst_obstruction_endpoint_distance,10.513129561117822,1179.3216739957593,True,,端点最大距离且全时段按遮挡计损仍满足双向预算
T002,巡航,1076.9594927786723,1096.4601737978142,直连,,112,PASS,worst_obstruction_endpoint_distance,12.413199503853406,947.608140912613,True,,端点最大距离且全时段按遮挡计损仍满足双向预算
T002,巡航,1096.4601737978142,1115.9608548169563,直连,,113,PASS,worst_obstruction_endpoint_distance,14.83071939347792,717.3858209025456,True,,端点最大距离且全时段按遮挡计损仍满足双向预算
T002,巡航,1115.9608548169563,1135.4615358360982,直连,,114,PASS,worst_obstruction_endpoint_distance,18.12842960560056,490.75787582087463,True,,端点最大距离且全时段按遮挡计损仍满足双向预算
T002,巡航,1135.4615358360982,1154.96221685524,直连,,115,PASS,worst_obstruction_endpoint_distance,23.105539305523138,276.701678111109,True,,端点最大距离且全时段按遮挡计损仍满足双向预算
T002,下降,1154.96221685524,1171.7283923923494,直连,,116,PASS,worst_obstruction_endpoint_distance,28.560414627442924,147.661755371094,True,,端点最大距离且全时段按遮挡计损仍满足双向预算
T002,下降,1171.7283923923494,1188.4945679294588,直连,,117,PASS,worst_obstruction_endpoint_distance,31.460470195991434,105.74631652832062,True,,端点最大距离且全时段按遮挡计损仍满足双向预算
T002,下降,1188.4945679294588,1205.2607434665683,直连,,118,PASS,worst_obstruction_endpoint_distance,35.845158843874145,63.83087768554728,True,,端点最大距离且全时段按遮挡计损仍满足双向预算
T002,下降,1205.2607434665683,1222.0269190036777,直连,,119,PASS,worst_obstruction_endpoint_distance,45.13077173479178,21.91543884277337,True,,端点最大距离且全时段按遮挡计损仍满足双向预算
T003,爬升,360.0,379.8664866129558,直连,,120,PASS,worst_obstruction_endpoint_distance,39.99198992735825,39.59945983886735,True,,端点最大距离且全时段按遮挡计损仍满足双向预算
T003,爬升,379.8664866129558,399.7329732259115,直连,,121,PASS,worst_obstruction_endpoint_distance,32.015636315537805,99.19891967773452,True,,端点最大距离且全时段按遮挡计损仍满足双向预算
T003,爬升,399.7329732259115,419.59945983886723,直连,,122,PASS,worst_obstruction_endpoint_distance,27.92885384004063,158.7983795166017,True,,端点最大距离且全时段按遮挡计损仍满足双向预算
T003,爬升,419.59945983886723,439.465946451823,直连,,123,PASS,worst_obstruction_endpoint_distance,25.160808415575318,218.397839355469,True,,端点最大距离且全时段按遮挡计损仍满足双向预算
T003,巡航,439.465946451823,458.4317239116678,直连,,124,PASS,worst_obstruction_endpoint_distance,21.96778359151216,315.4275180539318,True,,端点最大距离且全时段按遮挡计损仍满足双向预算
T003,巡航,458.4317239116678,477.39750137151253,直连,,125,PASS,worst_obstruction_endpoint_distance,17.882328503398824,504.86159279270055,True,,端点最大距离且全时段按遮挡计损仍满足双向预算
T003,巡航,477.39750137151253,496.3632788313573,直连,,126,PASS,worst_obstruction_endpoint_distance,14.837244701752255,716.8470844118597,True,,端点最大距离且全时段按遮挡计损仍满足双向预算
T003,巡航,496.3632788313573,515.329056291202,直连,,127,PASS,worst_obstruction_endpoint_distance,12.51851331122657,936.1880488467178,True,,端点最大距离且全时段按遮挡计损仍满足双向预算
T003,巡航,515.329056291202,534.2948337510468,直连,,128,PASS,worst_obstruction_endpoint_distance,10.666243431867713,1158.7148868457655,True,,端点最大距离且全时段按遮挡计损仍满足双向预算
T003,巡航,534.2948337510468,553.2606112108916,直连,,129,PASS,worst_obstruction_endpoint_distance,9.130019333983796,1382.890494946619,True,,端点最大距离且全时段按遮挡计损仍满足双向预算
T003,巡航,553.2606112108916,572.2263886707364,直连,,130,PASS,worst_obstruction_endpoint_distance,7.81991678755827,1608.0254534211506,True,,端点最大距离且全时段按遮挡计损仍满足双向预算
T003,巡航,572.2263886707364,591.1921661305811,直连,,131,PASS,worst_obstruction_endpoint_distance,6.678894698588763,1833.7664525528055,True,,端点最大距离且全时段按遮挡计损仍满足双向预算
T003,巡航,591.1921661305811,610.1579435904259,直连,,132,PASS,worst_obstruction_endpoint_distance,5.6687922911599316,2059.914258406628,True,,端点最大距离且全时段按遮挡计损仍满足双向预算
T003,巡航,610.1579435904259,629.1237210502707,直连,,133,PASS,worst_obstruction_endpoint_distance,4.7629278771622126,2286.3481596831593,True,,端点最大距离且全时段按遮挡计损仍满足双向预算
T003,巡航,629.1237210502707,648.0894985101154,直连,,134,PASS,worst_obstruction_endpoint_distance,3.9419571187510485,2512.9908213933977,True,,端点最大距离且全时段按遮挡计损仍满足双向预算
T003,巡航,648.0894985101154,667.0552759699601,直连,,135,PASS,worst_obstruction_endpoint_distance,3.191428258256792,2739.790436392799,True,,端点最大距离且全时段按遮挡计损仍满足双向预算
T003,巡航,667.0552759699601,686.021053429805,直连,,136,PASS,worst_obstruction_endpoint_distance,2.500270302895842,2966.711008526461,True,,端点最大距离且全时段按遮挡计损仍满足双向预算
T003,巡航,686.021053429805,704.9868308896497,直连,,137,PASS,worst_obstruction_endpoint_distance,1.8598200342751454,3193.726755171166,True,,端点最大距离且全时段按遮挡计损仍满足双向预算
T003,下降,704.9868308896497,715.2463987607434,直连,,138,PASS,worst_obstruction_endpoint_distance,1.8598200342751454,3193.726755171166,True,,端点最大距离且全时段按遮挡计损仍满足双向预算
T003,下降,715.2463987607434,725.5059666318372,直连,,139,PASS,worst_obstruction_endpoint_distance,1.8643124438889203,3192.075361970319,True,,端点最大距离且全时段按遮挡计损仍满足双向预算
T003,投送,725.5059666318372,744.5968757227463,直连,,140,PASS,exact_point,1.8682481629573715,3190.6293079047914,,,独立计算 DEM 遮挡、自由空间损耗与双向预算
T003,投送,744.5968757227463,763.6877848136553,直连,,141,PASS,exact_point,1.8682481629573715,3190.6293079047914,,,独立计算 DEM 遮挡、自由空间损耗与双向预算
T003,投送,763.6877848136553,782.7786939045644,直连,,142,PASS,exact_point,1.8682481629573715,3190.6293079047914,,,独立计算 DEM 遮挡、自由空间损耗与双向预算
T003,投送,782.7786939045644,801.8696029954735,直连,,143,PASS,exact_point,1.8682481629573715,3190.6293079047914,,,独立计算 DEM 遮挡、自由空间损耗与双向预算
T003,投送,801.8696029954735,820.9605120863827,直连,,144,PASS,exact_point,1.8682481629573715,3190.6293079047914,,,独立计算 DEM 遮挡、自由空间损耗与双向预算
T003,投送,820.9605120863827,840.0514211772917,直连,,145,PASS,exact_point,1.8682481629573715,3190.6293079047914,,,独立计算 DEM 遮挡、自由空间损耗与双向预算
T003,投送,840.0514211772917,859.1423302682008,直连,,146,PASS,exact_point,1.8682481629573715,3190.6293079047914,,,独立计算 DEM 遮挡、自由空间损耗与双向预算
T003,投送,859.1423302682008,878.2332393591099,直连,,147,PASS,exact_point,1.8682481629573715,3190.6293079047914,,,独立计算 DEM 遮挡、自由空间损耗与双向预算
T003,投送,878.2332393591099,897.324148450019,直连,,148,PASS,exact_point,1.8682481629573715,3190.6293079047914,,,独立计算 DEM 遮挡、自由空间损耗与双向预算
T003,投送,897.324148450019,916.415057540928,直连,,149,PASS,exact_point,1.8682481629573715,3190.6293079047914,,,独立计算 DEM 遮挡、自由空间损耗与双向预算
T003,投送,916.415057540928,935.5059666318372,直连,,150,PASS,exact_point,1.8682481629573715,3190.6293079047914,,,独立计算 DEM 遮挡、自由空间损耗与双向预算
T003,爬升,935.5059666318372,952.6052464169934,直连,,151,PASS,worst_obstruction_endpoint_distance,1.8598200342751454,3193.726755171166,True,,端点最大距离且全时段按遮挡计损仍满足双向预算
T003,巡航,952.6052464169934,971.5710238768381,直连,,152,PASS,worst_obstruction_endpoint_distance,1.8598200342751454,3193.726755171166,True,,端点最大距离且全时段按遮挡计损仍满足双向预算
T003,巡航,971.5710238768381,990.536801336683,直连,,153,PASS,worst_obstruction_endpoint_distance,2.500270302895842,2966.711008526461,True,,端点最大距离且全时段按遮挡计损仍满足双向预算
T003,巡航,990.536801336683,1009.5025787965277,直连,,154,PASS,worst_obstruction_endpoint_distance,3.191428258256792,2739.790436392799,True,,端点最大距离且全时段按遮挡计损仍满足双向预算
T003,巡航,1009.5025787965277,1028.4683562563725,直连,,155,PASS,worst_obstruction_endpoint_distance,3.9419571187510485,2512.9908213933977,True,,端点最大距离且全时段按遮挡计损仍满足双向预算
T003,巡航,1028.4683562563725,1047.4341337162173,直连,,156,PASS,worst_obstruction_endpoint_distance,4.7629278771622126,2286.3481596831593,True,,端点最大距离且全时段按遮挡计损仍满足双向预算
T003,巡航,1047.4341337162173,1066.399911176062,直连,,157,PASS,worst_obstruction_endpoint_distance,5.6687922911599316,2059.914258406628,True,,端点最大距离且全时段按遮挡计损仍满足双向预算
T003,巡航,1066.399911176062,1085.3656886359067,直连,,158,PASS,worst_obstruction_endpoint_distance,6.678894698588763,1833.7664525528055,True,,端点最大距离且全时段按遮挡计损仍满足双向预算
T003,巡航,1085.3656886359067,1104.3314660957515,直连,,159,PASS,worst_obstruction_endpoint_distance,7.81991678755827,1608.0254534211506,True,,端点最大距离且全时段按遮挡计损仍满足双向预算
T003,巡航,1104.3314660957515,1123.2972435555962,直连,,160,PASS,worst_obstruction_endpoint_distance,9.130019333983796,1382.890494946619,True,,端点最大距离且全时段按遮挡计损仍满足双向预算
T003,巡航,1123.2972435555962,1142.263021015441,直连,,161,PASS,worst_obstruction_endpoint_distance,10.666243431867713,1158.7148868457655,True,,端点最大距离且全时段按遮挡计损仍满足双向预算
T003,巡航,1142.263021015441,1161.2287984752859,直连,,162,PASS,worst_obstruction_endpoint_distance,12.51851331122657,936.1880488467178,True,,端点最大距离且全时段按遮挡计损仍满足双向预算
T003,巡航,1161.2287984752859,1180.1945759351306,直连,,163,PASS,worst_obstruction_endpoint_distance,14.837244701752255,716.8470844118597,True,,端点最大距离且全时段按遮挡计损仍满足双向预算
T003,巡航,1180.1945759351306,1199.1603533949753,直连,,164,PASS,worst_obstruction_endpoint_distance,17.882328503398824,504.86159279270055,True,,端点最大距离且全时段按遮挡计损仍满足双向预算
T003,巡航,1199.1603533949753,1218.12613085482,直连,,165,PASS,worst_obstruction_endpoint_distance,21.96778359151216,315.4275180539318,True,,端点最大距离且全时段按遮挡计损仍满足双向预算
T003,下降,1218.12613085482,1237.1979580032576,直连,,166,PASS,worst_obstruction_endpoint_distance,25.160808415575318,218.397839355469,True,,端点最大距离且全时段按遮挡计损仍满足双向预算
T003,下降,1237.1979580032576,1256.269785151695,直连,,167,PASS,worst_obstruction_endpoint_distance,27.30017506799763,170.7182714843753,True,,端点最大距离且全时段按遮挡计损仍满足双向预算
T003,下降,1256.269785151695,1275.3416123001327,直连,,168,PASS,worst_obstruction_endpoint_distance,30.14494023426775,123.0387036132816,True,,端点最大距离且全时段按遮挡计损仍满足双向预算
T003,下降,1275.3416123001327,1294.4134394485702,直连,,169,PASS,worst_obstruction_endpoint_distance,34.40305698380588,75.35913574218736,True,,端点最大距离且全时段按遮挡计损仍满足双向预算
T003,下降,1294.4134394485702,1313.4852665970077,直连,,170,PASS,worst_obstruction_endpoint_distance,43.10258905170963,27.679567871093695,True,,端点最大距离且全时段按遮挡计损仍满足双向预算
T004,爬升,480.0,499.38088134765627,直连,,171,PASS,worst_obstruction_endpoint_distance,42.86345708049136,28.452203369140733,True,,端点最大距离且全时段按遮挡计损仍满足双向预算
T004,爬升,499.38088134765627,518.7617626953125,直连,,172,PASS,worst_obstruction_endpoint_distance,34.22675064092644,76.90440673828144,True,,端点最大距离且全时段按遮挡计损仍满足双向预算
T004,爬升,518.7617626953125,538.1426440429688,直连,,173,PASS,worst_obstruction_endpoint_distance,29.982830377148545,125.356610107422,True,,端点最大距离且全时段按遮挡计损仍满足双向预算
T004,巡航,538.1426440429688,556.6516664832141,直连,,174,PASS,worst_obstruction_endpoint_distance,22.2704985239005,304.6238004959094,True,,端点最大距离且全时段按遮挡计损仍满足双向预算
T004,巡航,556.6516664832141,575.1606889234595,直连,,175,PASS,worst_obstruction_endpoint_distance,16.83979160829456,569.2449386880037,True,,端点最大距离且全时段按遮挡计损仍满足双向预算
T004,巡航,575.1606889234595,593.6697113637048,直连,,176,PASS,worst_obstruction_endpoint_distance,13.436577431180993,842.286590702294,True,,端点最大距离且全时段按遮挡计损仍满足双向预算
T004,巡航,593.6697113637048,612.1787338039501,直连,,177,PASS,worst_obstruction_endpoint_distance,10.980093890191213,1117.5940057971984,True,,端点最大距离且全时段按遮挡计损仍满足双向预算
T004,巡航,612.1787338039501,630.6877562441954,直连,,178,PASS,worst_obstruction_endpoint_distance,9.06160871006314,1393.8252340138579,True,,端点最大距离且全时段按遮挡计损仍满足双向预算
T004,巡航,630.6877562441954,649.1967786844408,直连,,179,PASS,worst_obstruction_endpoint_distance,7.488730846575692,1670.5220634325021,True,,端点最大距离且全时段按遮挡计损仍满足双向预算
T004,巡航,649.1967786844408,667.7058011246861,直连,,180,PASS,worst_obstruction_endpoint_distance,6.156288066488344,1947.4860477341674,True,,端点最大距离且全时段按遮挡计损仍满足双向预算
T004,巡航,667.7058011246861,686.2148235649314,直连,,181,PASS,worst_obstruction_endpoint_distance,5.000668542679023,2224.6174071251694,True,,端点最大距离且全时段按遮挡计损仍满足双向预算
T004,巡航,686.2148235649314,704.7238460051767,直连,,182,PASS,worst_obstruction_endpoint_distance,3.9805132818098343,2501.8605217539953,True,,端点最大距离且全时段按遮挡计损仍满足双向预算
T004,巡航,704.7238460051767,723.2328684454221,直连,,183,PASS,worst_obstruction_endpoint_distance,3.067435566266326,2779.1819466890624,True,,端点最大距离且全时段按遮挡计损仍满足双向预算
T004,巡航,723.2328684454221,741.7418908856674,直连,,184,PASS,worst_obstruction_endpoint_distance,2.2411156161546586,3056.5603667445057,True,,端点最大距离且全时段按遮挡计损仍满足双向预算
T004,下降,741.7418908856674,756.5846592369044,直连,,185,PASS,worst_obstruction_endpoint_distance,2.2411156161546586,3056.5603667445057,True,,端点最大距离且全时段按遮挡计损仍满足双向预算
T004,下降,756.5846592369044,771.4274275881414,直连,,186,PASS,worst_obstruction_endpoint_distance,2.2441667585877525,3055.4868597560912,True,,端点最大距离且全时段按遮挡计损仍满足双向预算
T004,下降,771.4274275881414,786.2701959393784,直连,,187,PASS,worst_obstruction_endpoint_distance,2.246399680237957,3054.701472633553,True,,端点最大距离且全时段按遮挡计损仍满足双向预算
T004,投送,786.2701959393784,806.0701959393783,直连,,188,PASS,exact_point,2.2478131175972464,3054.2044276465326,,,独立计算 DEM 遮挡、自由空间损耗与双向预算
T004,投送,806.0701959393783,825.8701959393784,直连,,189,PASS,exact_point,2.2478131175972464,3054.2044276465326,,,独立计算 DEM 遮挡、自由空间损耗与双向预算
T004,投送,825.8701959393784,845.6701959393783,直连,,190,PASS,exact_point,2.2478131175972464,3054.2044276465326,,,独立计算 DEM 遮挡、自由空间损耗与双向预算
T004,投送,845.6701959393783,865.4701959393784,直连,,191,PASS,exact_point,2.2478131175972464,3054.2044276465326,,,独立计算 DEM 遮挡、自由空间损耗与双向预算
T004,投送,865.4701959393784,885.2701959393784,直连,,192,PASS,exact_point,2.2478131175972464,3054.2044276465326,,,独立计算 DEM 遮挡、自由空间损耗与双向预算
T004,投送,885.2701959393784,905.0701959393784,直连,,193,PASS,exact_point,2.2478131175972464,3054.2044276465326,,,独立计算 DEM 遮挡、自由空间损耗与双向预算
T004,投送,905.0701959393784,924.8701959393784,直连,,194,PASS,exact_point,2.2478131175972464,3054.2044276465326,,,独立计算 DEM 遮挡、自由空间损耗与双向预算
T004,投送,924.8701959393784,944.6701959393783,直连,,195,PASS,exact_point,2.2478131175972464,3054.2044276465326,,,独立计算 DEM 遮挡、自由空间损耗与双向预算
T004,投送,944.6701959393783,964.4701959393784,直连,,196,PASS,exact_point,2.2478131175972464,3054.2044276465326,,,独立计算 DEM 遮挡、自由空间损耗与双向预算
T004,投送,964.4701959393784,984.2701959393785,直连,,197,PASS,exact_point,2.2478131175972464,3054.2044276465326,,,独立计算 DEM 遮挡、自由空间损耗与双向预算
T004,投送,984.2701959393785,1004.0701959393784,直连,,198,PASS,exact_point,2.2478131175972464,3054.2044276465326,,,独立计算 DEM 遮挡、自由空间损耗与双向预算
T004,投送,1004.0701959393784,1023.8701959393784,直连,,199,PASS,exact_point,2.2478131175972464,3054.2044276465326,,,独立计算 DEM 遮挡、自由空间损耗与双向预算
T004,投送,1023.8701959393784,1043.6701959393786,直连,,200,PASS,exact_point,2.2478131175972464,3054.2044276465326,,,独立计算 DEM 遮挡、自由空间损耗与双向预算
T004,投送,1043.6701959393786,1063.4701959393785,直连,,201,PASS,exact_point,2.2478131175972464,3054.2044276465326,,,独立计算 DEM 遮挡、自由空间损耗与双向预算
T004,投送,1063.4701959393785,1083.2701959393785,直连,,202,PASS,exact_point,2.2478131175972464,3054.2044276465326,,,独立计算 DEM 遮挡、自由空间损耗与双向预算
T004,投送,1083.2701959393785,1103.0701959393784,直连,,203,PASS,exact_point,2.2478131175972464,3054.2044276465326,,,独立计算 DEM 遮挡、自由空间损耗与双向预算
T004,投送,1103.0701959393784,1122.8701959393784,直连,,204,PASS,exact_point,2.2478131175972464,3054.2044276465326,,,独立计算 DEM 遮挡、自由空间损耗与双向预算
T004,投送,1122.8701959393784,1142.6701959393786,直连,,205,PASS,exact_point,2.2478131175972464,3054.2044276465326,,,独立计算 DEM 遮挡、自由空间损耗与双向预算
T004,投送,1142.6701959393786,1162.4701959393785,直连,,206,PASS,exact_point,2.2478131175972464,3054.2044276465326,,,独立计算 DEM 遮挡、自由空间损耗与双向预算
T004,投送,1162.4701959393785,1182.2701959393785,直连,,207,PASS,exact_point,2.2478131175972464,3054.2044276465326,,,独立计算 DEM 遮挡、自由空间损耗与双向预算
T004,爬升,1182.2701959393785,1200.0815179608628,直连,,208,PASS,worst_obstruction_endpoint_distance,2.2453855868061083,3055.0581354130627,True,,端点最大距离且全时段按遮挡计损仍满足双向预算
T004,爬升,1200.0815179608628,1217.8928399823471,直连,,209,PASS,worst_obstruction_endpoint_distance,2.2411156161546586,3056.5603667445057,True,,端点最大距离且全时段按遮挡计损仍满足双向预算
T004,巡航,1217.8928399823471,1236.4018624225926,直连,,210,PASS,worst_obstruction_endpoint_distance,2.2411156161546586,3056.5603667445057,True,,端点最大距离且全时段按遮挡计损仍满足双向预算
T004,巡航,1236.4018624225926,1254.9108848628377,直连,,211,PASS,worst_obstruction_endpoint_distance,3.067435566266326,2779.1819466890624,True,,端点最大距离且全时段按遮挡计损仍满足双向预算
T004,巡航,1254.9108848628377,1273.4199073030832,直连,,212,PASS,worst_obstruction_endpoint_distance,3.9805132818098343,2501.8605217539953,True,,端点最大距离且全时段按遮挡计损仍满足双向预算
T004,巡航,1273.4199073030832,1291.9289297433286,直连,,213,PASS,worst_obstruction_endpoint_distance,5.000668542679023,2224.6174071251694,True,,端点最大距离且全时段按遮挡计损仍满足双向预算
T004,巡航,1291.9289297433286,1310.4379521835738,直连,,214,PASS,worst_obstruction_endpoint_distance,6.156288066488344,1947.4860477341674,True,,端点最大距离且全时段按遮挡计损仍满足双向预算
T004,巡航,1310.4379521835738,1328.9469746238192,直连,,215,PASS,worst_obstruction_endpoint_distance,7.488730846575692,1670.5220634325021,True,,端点最大距离且全时段按遮挡计损仍满足双向预算
T004,巡航,1328.9469746238192,1347.4559970640644,直连,,216,PASS,worst_obstruction_endpoint_distance,9.06160871006314,1393.8252340138579,True,,端点最大距离且全时段按遮挡计损仍满足双向预算
T004,巡航,1347.4559970640644,1365.9650195043098,直连,,217,PASS,worst_obstruction_endpoint_distance,10.980093890191213,1117.5940057971984,True,,端点最大距离且全时段按遮挡计损仍满足双向预算
T004,巡航,1365.9650195043098,1384.4740419445552,直连,,218,PASS,worst_obstruction_endpoint_distance,13.436577431180993,842.286590702294,True,,端点最大距离且全时段按遮挡计损仍满足双向预算
T004,巡航,1384.4740419445552,1402.9830643848004,直连,,219,PASS,worst_obstruction_endpoint_distance,16.83979160829456,569.2449386880037,True,,端点最大距离且全时段按遮挡计损仍满足双向预算
T004,巡航,1402.9830643848004,1421.4920868250458,直连,,220,PASS,worst_obstruction_endpoint_distance,22.2704985239005,304.6238004959094,True,,端点最大距离且全时段按遮挡计损仍满足双向预算
T004,下降,1421.4920868250458,1439.6616630884737,直连,,221,PASS,worst_obstruction_endpoint_distance,29.982830377148545,125.356610107422,True,,端点最大距离且全时段按遮挡计损仍满足双向预算
T004,下降,1439.6616630884737,1457.8312393519013,直连,,222,PASS,worst_obstruction_endpoint_distance,32.95627144019177,89.01745758056626,True,,端点最大距离且全时段按遮挡计损仍满足双向预算
T004,下降,1457.8312393519013,1476.000815615329,直连,,223,PASS,worst_obstruction_endpoint_distance,37.513139307574534,52.678305053711,True,,端点最大距离且全时段按遮挡计损仍满足双向预算
T004,下降,1476.000815615329,1494.1703918787568,直连,,224,PASS,worst_obstruction_endpoint_distance,45.92517525248826,20.0,True,,端点最大距离且全时段按遮挡计损仍满足双向预算
T005,爬升,480.0,499.38088134765627,直连,,225,PASS,worst_obstruction_endpoint_distance,42.86345708049136,28.452203369140733,True,,端点最大距离且全时段按遮挡计损仍满足双向预算
T005,爬升,499.38088134765627,518.7617626953125,直连,,226,PASS,worst_obstruction_endpoint_distance,34.22675064092644,76.90440673828144,True,,端点最大距离且全时段按遮挡计损仍满足双向预算
T005,爬升,518.7617626953125,538.1426440429688,直连,,227,PASS,worst_obstruction_endpoint_distance,29.982830377148545,125.356610107422,True,,端点最大距离且全时段按遮挡计损仍满足双向预算
T005,巡航,538.1426440429688,556.6516664832141,直连,,228,PASS,worst_obstruction_endpoint_distance,22.2704985239005,304.6238004959094,True,,端点最大距离且全时段按遮挡计损仍满足双向预算
T005,巡航,556.6516664832141,575.1606889234595,直连,,229,PASS,worst_obstruction_endpoint_distance,16.83979160829456,569.2449386880037,True,,端点最大距离且全时段按遮挡计损仍满足双向预算
T005,巡航,575.1606889234595,593.6697113637048,直连,,230,PASS,worst_obstruction_endpoint_distance,13.436577431180993,842.286590702294,True,,端点最大距离且全时段按遮挡计损仍满足双向预算
T005,巡航,593.6697113637048,612.1787338039501,直连,,231,PASS,worst_obstruction_endpoint_distance,10.980093890191213,1117.5940057971984,True,,端点最大距离且全时段按遮挡计损仍满足双向预算
T005,巡航,612.1787338039501,630.6877562441954,直连,,232,PASS,worst_obstruction_endpoint_distance,9.06160871006314,1393.8252340138579,True,,端点最大距离且全时段按遮挡计损仍满足双向预算
T005,巡航,630.6877562441954,649.1967786844408,直连,,233,PASS,worst_obstruction_endpoint_distance,7.488730846575692,1670.5220634325021,True,,端点最大距离且全时段按遮挡计损仍满足双向预算
T005,巡航,649.1967786844408,667.7058011246861,直连,,234,PASS,worst_obstruction_endpoint_distance,6.156288066488344,1947.4860477341674,True,,端点最大距离且全时段按遮挡计损仍满足双向预算
T005,巡航,667.7058011246861,686.2148235649314,直连,,235,PASS,worst_obstruction_endpoint_distance,5.000668542679023,2224.6174071251694,True,,端点最大距离且全时段按遮挡计损仍满足双向预算
T005,巡航,686.2148235649314,704.7238460051767,直连,,236,PASS,worst_obstruction_endpoint_distance,3.9805132818098343,2501.8605217539953,True,,端点最大距离且全时段按遮挡计损仍满足双向预算
T005,巡航,704.7238460051767,723.2328684454221,直连,,237,PASS,worst_obstruction_endpoint_distance,3.067435566266326,2779.1819466890624,True,,端点最大距离且全时段按遮挡计损仍满足双向预算
T005,巡航,723.2328684454221,741.7418908856674,直连,,238,PASS,worst_obstruction_endpoint_distance,2.2411156161546586,3056.5603667445057,True,,端点最大距离且全时段按遮挡计损仍满足双向预算
T005,下降,741.7418908856674,756.5846592369044,直连,,239,PASS,worst_obstruction_endpoint_distance,2.2411156161546586,3056.5603667445057,True,,端点最大距离且全时段按遮挡计损仍满足双向预算
T005,下降,756.5846592369044,771.4274275881414,直连,,240,PASS,worst_obstruction_endpoint_distance,2.2441667585877525,3055.4868597560912,True,,端点最大距离且全时段按遮挡计损仍满足双向预算
T005,下降,771.4274275881414,786.2701959393784,直连,,241,PASS,worst_obstruction_endpoint_distance,2.246399680237957,3054.701472633553,True,,端点最大距离且全时段按遮挡计损仍满足双向预算
T005,投送,786.2701959393784,806.0701959393783,直连,,242,PASS,exact_point,2.2478131175972464,3054.2044276465326,,,独立计算 DEM 遮挡、自由空间损耗与双向预算
T005,投送,806.0701959393783,825.8701959393784,直连,,243,PASS,exact_point,2.2478131175972464,3054.2044276465326,,,独立计算 DEM 遮挡、自由空间损耗与双向预算
T005,投送,825.8701959393784,845.6701959393783,直连,,244,PASS,exact_point,2.2478131175972464,3054.2044276465326,,,独立计算 DEM 遮挡、自由空间损耗与双向预算
T005,投送,845.6701959393783,865.4701959393784,直连,,245,PASS,exact_point,2.2478131175972464,3054.2044276465326,,,独立计算 DEM 遮挡、自由空间损耗与双向预算
T005,投送,865.4701959393784,885.2701959393784,直连,,246,PASS,exact_point,2.2478131175972464,3054.2044276465326,,,独立计算 DEM 遮挡、自由空间损耗与双向预算
T005,投送,885.2701959393784,905.0701959393784,直连,,247,PASS,exact_point,2.2478131175972464,3054.2044276465326,,,独立计算 DEM 遮挡、自由空间损耗与双向预算
T005,投送,905.0701959393784,924.8701959393784,直连,,248,PASS,exact_point,2.2478131175972464,3054.2044276465326,,,独立计算 DEM 遮挡、自由空间损耗与双向预算
T005,投送,924.8701959393784,944.6701959393783,直连,,249,PASS,exact_point,2.2478131175972464,3054.2044276465326,,,独立计算 DEM 遮挡、自由空间损耗与双向预算
T005,投送,944.6701959393783,964.4701959393784,直连,,250,PASS,exact_point,2.2478131175972464,3054.2044276465326,,,独立计算 DEM 遮挡、自由空间损耗与双向预算
T005,投送,964.4701959393784,984.2701959393785,直连,,251,PASS,exact_point,2.2478131175972464,3054.2044276465326,,,独立计算 DEM 遮挡、自由空间损耗与双向预算
T005,投送,984.2701959393785,1004.0701959393784,直连,,252,PASS,exact_point,2.2478131175972464,3054.2044276465326,,,独立计算 DEM 遮挡、自由空间损耗与双向预算
T005,投送,1004.0701959393784,1023.8701959393784,直连,,253,PASS,exact_point,2.2478131175972464,3054.2044276465326,,,独立计算 DEM 遮挡、自由空间损耗与双向预算
T005,投送,1023.8701959393784,1043.6701959393786,直连,,254,PASS,exact_point,2.2478131175972464,3054.2044276465326,,,独立计算 DEM 遮挡、自由空间损耗与双向预算
T005,投送,1043.6701959393786,1063.4701959393785,直连,,255,PASS,exact_point,2.2478131175972464,3054.2044276465326,,,独立计算 DEM 遮挡、自由空间损耗与双向预算
T005,投送,1063.4701959393785,1083.2701959393785,直连,,256,PASS,exact_point,2.2478131175972464,3054.2044276465326,,,独立计算 DEM 遮挡、自由空间损耗与双向预算
T005,投送,1083.2701959393785,1103.0701959393784,直连,,257,PASS,exact_point,2.2478131175972464,3054.2044276465326,,,独立计算 DEM 遮挡、自由空间损耗与双向预算
T005,投送,1103.0701959393784,1122.8701959393784,直连,,258,PASS,exact_point,2.2478131175972464,3054.2044276465326,,,独立计算 DEM 遮挡、自由空间损耗与双向预算
T005,投送,1122.8701959393784,1142.6701959393786,直连,,259,PASS,exact_point,2.2478131175972464,3054.2044276465326,,,独立计算 DEM 遮挡、自由空间损耗与双向预算
T005,投送,1142.6701959393786,1162.4701959393785,直连,,260,PASS,exact_point,2.2478131175972464,3054.2044276465326,,,独立计算 DEM 遮挡、自由空间损耗与双向预算
T005,投送,1162.4701959393785,1182.2701959393785,直连,,261,PASS,exact_point,2.2478131175972464,3054.2044276465326,,,独立计算 DEM 遮挡、自由空间损耗与双向预算
T005,爬升,1182.2701959393785,1200.0815179608628,直连,,262,PASS,worst_obstruction_endpoint_distance,2.2453855868061083,3055.0581354130627,True,,端点最大距离且全时段按遮挡计损仍满足双向预算
T005,爬升,1200.0815179608628,1217.8928399823471,直连,,263,PASS,worst_obstruction_endpoint_distance,2.2411156161546586,3056.5603667445057,True,,端点最大距离且全时段按遮挡计损仍满足双向预算
T005,巡航,1217.8928399823471,1236.4018624225926,直连,,264,PASS,worst_obstruction_endpoint_distance,2.2411156161546586,3056.5603667445057,True,,端点最大距离且全时段按遮挡计损仍满足双向预算
T005,巡航,1236.4018624225926,1254.9108848628377,直连,,265,PASS,worst_obstruction_endpoint_distance,3.067435566266326,2779.1819466890624,True,,端点最大距离且全时段按遮挡计损仍满足双向预算
T005,巡航,1254.9108848628377,1273.4199073030832,直连,,266,PASS,worst_obstruction_endpoint_distance,3.9805132818098343,2501.8605217539953,True,,端点最大距离且全时段按遮挡计损仍满足双向预算
T005,巡航,1273.4199073030832,1291.9289297433286,直连,,267,PASS,worst_obstruction_endpoint_distance,5.000668542679023,2224.6174071251694,True,,端点最大距离且全时段按遮挡计损仍满足双向预算
T005,巡航,1291.9289297433286,1310.4379521835738,直连,,268,PASS,worst_obstruction_endpoint_distance,6.156288066488344,1947.4860477341674,True,,端点最大距离且全时段按遮挡计损仍满足双向预算
T005,巡航,1310.4379521835738,1328.9469746238192,直连,,269,PASS,worst_obstruction_endpoint_distance,7.488730846575692,1670.5220634325021,True,,端点最大距离且全时段按遮挡计损仍满足双向预算
T005,巡航,1328.9469746238192,1347.4559970640644,直连,,270,PASS,worst_obstruction_endpoint_distance,9.06160871006314,1393.8252340138579,True,,端点最大距离且全时段按遮挡计损仍满足双向预算
T005,巡航,1347.4559970640644,1365.9650195043098,直连,,271,PASS,worst_obstruction_endpoint_distance,10.980093890191213,1117.5940057971984,True,,端点最大距离且全时段按遮挡计损仍满足双向预算
T005,巡航,1365.9650195043098,1384.4740419445552,直连,,272,PASS,worst_obstruction_endpoint_distance,13.436577431180993,842.286590702294,True,,端点最大距离且全时段按遮挡计损仍满足双向预算
T005,巡航,1384.4740419445552,1402.9830643848004,直连,,273,PASS,worst_obstruction_endpoint_distance,16.83979160829456,569.2449386880037,True,,端点最大距离且全时段按遮挡计损仍满足双向预算
T005,巡航,1402.9830643848004,1421.4920868250458,直连,,274,PASS,worst_obstruction_endpoint_distance,22.2704985239005,304.6238004959094,True,,端点最大距离且全时段按遮挡计损仍满足双向预算
T005,下降,1421.4920868250458,1439.6616630884737,直连,,275,PASS,worst_obstruction_endpoint_distance,29.982830377148545,125.356610107422,True,,端点最大距离且全时段按遮挡计损仍满足双向预算
T005,下降,1439.6616630884737,1457.8312393519013,直连,,276,PASS,worst_obstruction_endpoint_distance,32.95627144019177,89.01745758056626,True,,端点最大距离且全时段按遮挡计损仍满足双向预算
T005,下降,1457.8312393519013,1476.000815615329,直连,,277,PASS,worst_obstruction_endpoint_distance,37.513139307574534,52.678305053711,True,,端点最大距离且全时段按遮挡计损仍满足双向预算
T005,下降,1476.000815615329,1494.1703918787568,直连,,278,PASS,worst_obstruction_endpoint_distance,45.92517525248826,20.0,True,,端点最大距离且全时段按遮挡计损仍满足双向预算
T006,爬升,389.9999999999999,409.0400663248697,直连,,279,PASS,worst_obstruction_endpoint_distance,40.553569255917964,37.12019897460948,True,,端点最大距离且全时段按遮挡计损仍满足双向预算
T006,爬升,409.0400663248697,428.0801326497395,直连,,280,PASS,worst_obstruction_endpoint_distance,32.46103293889698,94.24039794921879,True,,端点最大距离且全时段按遮挡计损仍满足双向预算
T006,爬升,428.0801326497395,447.1201989746093,直连,,281,PASS,worst_obstruction_endpoint_distance,28.34551852982844,151.3605969238282,True,,端点最大距离且全时段按遮挡计损仍满足双向预算
T006,爬升,447.1201989746093,466.1602652994791,直连,,282,PASS,worst_obstruction_endpoint_distance,25.564454038992494,208.48079589843752,True,,端点最大距离且全时段按遮挡计损仍满足双向预算
T006,爬升,466.1602652994791,485.2003316243489,直连,,283,PASS,worst_obstruction_endpoint_distance,23.4611812166777,265.600994873047,True,,端点最大距离且全时段按遮挡计损仍满足双向预算
T006,巡航,485.2003316243489,504.9081935608007,直连,,284,PASS,worst_obstruction_endpoint_distance,19.961022984094825,397.40891843474714,True,,端点最大距离且全时段按遮挡计损仍满足双向预算
T006,巡航,504.9081935608007,524.6160554972525,直连,,285,PASS,worst_obstruction_endpoint_distance,15.71220980707109,648.1540930775991,True,,端点最大距离且全时段按遮挡计损仍满足双向预算
T006,巡航,524.6160554972525,544.3239174337044,直连,,286,PASS,worst_obstruction_endpoint_distance,12.615695694557388,925.7718553957753,True,,端点最大距离且全时段按遮挡计损仍满足双向预算
T006,巡航,544.3239174337044,564.0317793701563,直连,,287,PASS,worst_obstruction_endpoint_distance,10.276198059579158,1211.9336813788218,True,,端点最大距离且全时段按遮挡计损仍满足双向预算
T006,巡航,564.0317793701563,583.7396413066081,直连,,288,PASS,worst_obstruction_endpoint_distance,8.41374566235858,1501.763259580158,True,,端点最大距离且全时段按遮挡计损仍满足双向预算
T006,巡航,583.7396413066081,603.4475032430599,直连,,289,PASS,worst_obstruction_endpoint_distance,6.871828288485418,1793.4833279230154,True,,端点最大距离且全时段按遮挡计损仍满足双向预算
T006,巡航,603.4475032430599,623.1553651795118,直连,,290,PASS,worst_obstruction_endpoint_distance,5.5582357768518165,2086.3010154813837,True,,端点最大距离且全时段按遮挡计损仍满足双向预算
T006,巡航,623.1553651795118,642.8632271159636,直连,,291,PASS,worst_obstruction_endpoint_distance,4.4149250998654,2379.8111956219427,True,,端点最大距离且全时段按遮挡计损仍满足双向预算
T006,巡航,642.8632271159636,662.5710890524155,直连,,292,PASS,worst_obstruction_endpoint_distance,3.4032428294939336,2673.7858265695286,True,,端点最大距离且全时段按遮挡计损仍满足双向预算
T006,巡航,662.5710890524155,682.2789509888673,直连,,293,PASS,worst_obstruction_endpoint_distance,2.4962429037207414,2968.0869067243466,True,,端点最大距离且全时段按遮挡计损仍满足双向预算
T006,巡航,682.2789509888673,701.9868129253191,直连,,294,PASS,worst_obstruction_endpoint_distance,1.6744290534633564,3262.6260964629014,True,,端点最大距离且全时段按遮挡计损仍满足双向预算
T006,巡航,701.9868129253191,721.694674861771,直连,,295,PASS,worst_obstruction_endpoint_distance,0.9232572696648731,3557.344251646282,True,,端点最大距离且全时段按遮挡计损仍满足双向预算
T006,巡航,721.694674861771,741.4025367982229,直连,,296,PASS,worst_obstruction_endpoint_distance,0.2315979591948718,3852.200296462618,True,,端点最大距离且全时段按遮挡计损仍满足双向预算
T006,巡航,741.4025367982229,761.1103987346746,中继,R002,297,PASS,worst_obstruction_endpoint_distance,1.5293471153497364,1662.7287360181615,True,,端点最大距离且全时段按遮挡计损仍满足双向预算
T006,巡航,761.1103987346746,780.8182606711265,中继,R002,298,PASS,worst_obstruction_endpoint_distance,3.1918929171144725,1373.0745338103702,True,,端点最大距离且全时段按遮挡计损仍满足双向预算
T006,巡航,780.8182606711265,800.5261226075784,中继,R002,299,PASS,worst_obstruction_endpoint_distance,5.224083731909346,1086.6372077029318,True,,端点最大距离且全时段按遮挡计损仍满足双向预算
T006,巡航,800.5261226075784,820.2339845440301,中继,R002,300,PASS,worst_obstruction_endpoint_distance,7.809918002431388,806.8501018641134,True,,端点最大距离且全时段按遮挡计损仍满足双向预算
T006,巡航,820.2339845440301,839.9418464804821,中继,R002,301,PASS,worst_obstruction_endpoint_distance,11.23265745479327,544.0713855181892,True,,端点最大距离且全时段按遮挡计损仍满足双向预算
T006,巡航,839.9418464804821,859.6497084169339,中继,R002,302,PASS,worst_obstruction_endpoint_distance,15.30868289058364,340.2942523009908,True,,端点最大距离且全时段按遮挡计损仍满足双向预算
T006,巡航,859.6497084169339,879.3575703533858,中继,R002,303,PASS,worst_obstruction_endpoint_distance,11.478649442313184,528.878955160324,True,,端点最大距离且全时段按遮挡计损仍满足双向预算
T006,巡航,879.3575703533858,899.0654322898375,中继,R002,304,PASS,worst_obstruction_endpoint_distance,7.995048454551593,789.834928744089,True,,端点最大距离且全时段按遮挡计损仍满足双向预算
T006,巡航,899.0654322898375,918.7732942262894,中继,R002,305,PASS,worst_obstruction_endpoint_distance,5.366280347934946,1068.9927034665866,True,,端点最大距离且全时段按遮挡计损仍满足双向预算
T006,巡航,918.7732942262894,938.4811561627412,中继,R002,306,PASS,worst_obstruction_endpoint_distance,3.306027817586582,1355.1499936956816,True,,端点最大距离且全时段按遮挡计损仍满足双向预算
T006,巡航,938.4811561627412,958.189018099193,中继,R002,307,PASS,worst_obstruction_endpoint_distance,1.6242669914537942,1644.6572684634768,True,,端点最大距离且全时段按遮挡计损仍满足双向预算
T006,巡航,958.189018099193,977.8968800356449,中继,R002,308,PASS,worst_obstruction_endpoint_distance,0.2076130959518423,1936.0122613129108,True,,端点最大距离且全时段按遮挡计损仍满足双向预算
T006,下降,977.8968800356449,995.6970126853845,中继,R002,309,PASS,worst_obstruction_endpoint_distance,0.2076130959518423,1936.0122613129108,True,,端点最大距离且全时段按遮挡计损仍满足双向预算
T006,下降,995.6970126853845,1013.4971453351242,中继,R002,310,PASS,worst_obstruction_endpoint_distance,0.20735980617972416,1936.0687183109696,True,,端点最大距离且全时段按遮挡计损仍满足双向预算
T006,下降,1013.4971453351242,1031.2972779848637,中继,R002,311,PASS,worst_obstruction_endpoint_distance,0.20035561395789614,1937.6305694328028,True,,端点最大距离且全时段按遮挡计损仍满足双向预算
T006,投送,1031.2972779848637,1051.2972779848637,中继,R002,312,PASS,exact_point,0.20035561395789614,1937.6305694328028,,,独立计算 DEM 遮挡、自由空间损耗与双向预算
T006,投送,1051.2972779848637,1071.2972779848637,中继,R002,313,PASS,exact_point,0.20035561395789614,1937.6305694328028,,,独立计算 DEM 遮挡、自由空间损耗与双向预算
T006,投送,1071.2972779848637,1091.2972779848637,中继,R002,314,PASS,exact_point,0.20035561395789614,1937.6305694328028,,,独立计算 DEM 遮挡、自由空间损耗与双向预算
T006,投送,1091.2972779848637,1111.2972779848637,中继,R002,315,PASS,exact_point,0.20035561395789614,1937.6305694328028,,,独立计算 DEM 遮挡、自由空间损耗与双向预算
T006,投送,1111.2972779848637,1131.2972779848637,中继,R002,316,PASS,exact_point,0.20035561395789614,1937.6305694328028,,,独立计算 DEM 遮挡、自由空间损耗与双向预算
T006,投送,1131.2972779848637,1151.2972779848637,中继,R002,317,PASS,exact_point,0.20035561395789614,1937.6305694328028,,,独立计算 DEM 遮挡、自由空间损耗与双向预算
T006,投送,1151.2972779848637,1171.2972779848637,中继,R002,318,PASS,exact_point,0.20035561395789614,1937.6305694328028,,,独立计算 DEM 遮挡、自由空间损耗与双向预算
T006,投送,1171.2972779848637,1191.2972779848637,中继,R002,319,PASS,exact_point,0.20035561395789614,1937.6305694328028,,,独立计算 DEM 遮挡、自由空间损耗与双向预算
T006,投送,1191.2972779848637,1211.2972779848637,中继,R002,320,PASS,exact_point,0.20035561395789614,1937.6305694328028,,,独立计算 DEM 遮挡、自由空间损耗与双向预算
T006,投送,1211.2972779848637,1231.2972779848637,中继,R002,321,PASS,exact_point,0.20035561395789614,1937.6305694328028,,,独立计算 DEM 遮挡、自由空间损耗与双向预算
T006,投送,1231.2972779848637,1251.2972779848637,中继,R002,322,PASS,exact_point,0.20035561395789614,1937.6305694328028,,,独立计算 DEM 遮挡、自由空间损耗与双向预算
T006,投送,1251.2972779848637,1271.2972779848637,中继,R002,323,PASS,exact_point,0.20035561395789614,1937.6305694328028,,,独立计算 DEM 遮挡、自由空间损耗与双向预算
T006,爬升,1271.2972779848637,1286.1307218596467,中继,R002,324,PASS,worst_obstruction_endpoint_distance,0.20035561395789614,1937.6305694328028,True,,端点最大距离且全时段按遮挡计损仍满足双向预算
T006,爬升,1286.1307218596467,1300.9641657344298,中继,R002,325,PASS,worst_obstruction_endpoint_distance,0.20735980617972416,1936.0687183109696,True,,端点最大距离且全时段按遮挡计损仍满足双向预算
T006,爬升,1300.9641657344298,1315.7976096092127,中继,R002,326,PASS,worst_obstruction_endpoint_distance,0.2076130959518423,1936.0122613129108,True,,端点最大距离且全时段按遮挡计损仍满足双向预算
T006,巡航,1315.7976096092127,1335.5054715456645,中继,R002,327,PASS,worst_obstruction_endpoint_distance,0.2076130959518423,1936.0122613129108,True,,端点最大距离且全时段按遮挡计损仍满足双向预算
T006,巡航,1335.5054715456645,1355.2133334821165,中继,R002,328,PASS,worst_obstruction_endpoint_distance,1.6242669914537942,1644.6572684634768,True,,端点最大距离且全时段按遮挡计损仍满足双向预算
T006,巡航,1355.2133334821165,1374.9211954185682,中继,R002,329,PASS,worst_obstruction_endpoint_distance,3.306027817586582,1355.1499936956816,True,,端点最大距离且全时段按遮挡计损仍满足双向预算
T006,巡航,1374.9211954185682,1394.62905735502,中继,R002,330,PASS,worst_obstruction_endpoint_distance,5.366280347934946,1068.9927034665866,True,,端点最大距离且全时段按遮挡计损仍满足双向预算
T006,巡航,1394.62905735502,1414.336919291472,中继,R002,331,PASS,worst_obstruction_endpoint_distance,7.995048454551593,789.834928744089,True,,端点最大距离且全时段按遮挡计损仍满足双向预算
T006,巡航,1414.336919291472,1434.0447812279237,中继,R002,332,PASS,worst_obstruction_endpoint_distance,11.478649442313184,528.878955160324,True,,端点最大距离且全时段按遮挡计损仍满足双向预算
T006,巡航,1434.0447812279237,1453.7526431643755,中继,R002,333,PASS,worst_obstruction_endpoint_distance,15.30868289058364,340.2942523009908,True,,端点最大距离且全时段按遮挡计损仍满足双向预算
T006,巡航,1453.7526431643755,1473.4605051008275,中继,R002,334,PASS,worst_obstruction_endpoint_distance,11.23265745479327,544.0713855181892,True,,端点最大距离且全时段按遮挡计损仍满足双向预算
T006,巡航,1473.4605051008275,1493.1683670372793,中继,R002,335,PASS,worst_obstruction_endpoint_distance,7.809918002431388,806.8501018641134,True,,端点最大距离且全时段按遮挡计损仍满足双向预算
T006,巡航,1493.1683670372793,1512.876228973731,中继,R002,336,PASS,worst_obstruction_endpoint_distance,5.224083731909346,1086.6372077029318,True,,端点最大距离且全时段按遮挡计损仍满足双向预算
T006,巡航,1512.876228973731,1532.584090910183,中继,R002,337,PASS,worst_obstruction_endpoint_distance,3.1918929171144725,1373.0745338103702,True,,端点最大距离且全时段按遮挡计损仍满足双向预算
T006,巡航,1532.584090910183,1552.2919528466348,中继,R002,338,PASS,worst_obstruction_endpoint_distance,1.5293471153497364,1662.7287360181615,True,,端点最大距离且全时段按遮挡计损仍满足双向预算
T006,巡航,1552.2919528466348,1571.9998147830865,直连,,339,PASS,worst_obstruction_endpoint_distance,0.2315979591948718,3852.200296462618,True,,端点最大距离且全时段按遮挡计损仍满足双向预算
T006,巡航,1571.9998147830865,1591.7076767195385,直连,,340,PASS,worst_obstruction_endpoint_distance,0.9232572696648731,3557.344251646282,True,,端点最大距离且全时段按遮挡计损仍满足双向预算
T006,巡航,1591.7076767195385,1611.4155386559903,直连,,341,PASS,worst_obstruction_endpoint_distance,1.6744290534633564,3262.6260964629014,True,,端点最大距离且全时段按遮挡计损仍满足双向预算
T006,巡航,1611.4155386559903,1631.123400592442,直连,,342,PASS,worst_obstruction_endpoint_distance,2.4962429037207414,2968.0869067243466,True,,端点最大距离且全时段按遮挡计损仍满足双向预算
T006,巡航,1631.123400592442,1650.8312625288938,直连,,343,PASS,worst_obstruction_endpoint_distance,3.4032428294939336,2673.7858265695286,True,,端点最大距离且全时段按遮挡计损仍满足双向预算
T006,巡航,1650.8312625288938,1670.5391244653458,直连,,344,PASS,worst_obstruction_endpoint_distance,4.4149250998654,2379.8111956219427,True,,端点最大距离且全时段按遮挡计损仍满足双向预算
T006,巡航,1670.5391244653458,1690.2469864017976,直连,,345,PASS,worst_obstruction_endpoint_distance,5.5582357768518165,2086.3010154813837,True,,端点最大距离且全时段按遮挡计损仍满足双向预算
T006,巡航,1690.2469864017976,1709.9548483382496,直连,,346,PASS,worst_obstruction_endpoint_distance,6.871828288485418,1793.4833279230154,True,,端点最大距离且全时段按遮挡计损仍满足双向预算
T006,巡航,1709.9548483382496,1729.6627102747013,直连,,347,PASS,worst_obstruction_endpoint_distance,8.41374566235858,1501.763259580158,True,,端点最大距离且全时段按遮挡计损仍满足双向预算
T006,巡航,1729.6627102747013,1749.370572211153,直连,,348,PASS,worst_obstruction_endpoint_distance,10.276198059579158,1211.9336813788218,True,,端点最大距离且全时段按遮挡计损仍满足双向预算
T006,巡航,1749.370572211153,1769.078434147605,直连,,349,PASS,worst_obstruction_endpoint_distance,12.615695694557388,925.7718553957753,True,,端点最大距离且全时段按遮挡计损仍满足双向预算
T006,巡航,1769.078434147605,1788.7862960840569,直连,,350,PASS,worst_obstruction_endpoint_distance,15.71220980707109,648.1540930775991,True,,端点最大距离且全时段按遮挡计损仍满足双向预算
T006,巡航,1788.7862960840569,1808.4941580205086,直连,,351,PASS,worst_obstruction_endpoint_distance,19.961022984094825,397.40891843474714,True,,端点最大距离且全时段按遮挡计损仍满足双向预算
T006,下降,1808.4941580205086,1827.5342243453783,直连,,352,PASS,worst_obstruction_endpoint_distance,23.4611812166777,265.600994873047,True,,端点最大距离且全时段按遮挡计损仍满足双向预算
T006,下降,1827.5342243453783,1846.5742906702483,直连,,353,PASS,worst_obstruction_endpoint_distance,25.176612261026463,218.00082906087277,True,,端点最大距离且全时段按遮挡计损仍满足双向预算
T006,下降,1846.5742906702483,1865.6143569951182,直连,,354,PASS,worst_obstruction_endpoint_distance,27.316349549092152,170.40066324869798,True,,端点最大距离且全时段按遮挡计损仍满足双向预算
T006,下降,1865.6143569951182,1884.654423319988,直连,,355,PASS,worst_obstruction_endpoint_distance,30.161772645055848,122.80049743652324,True,,端点最大距离且全时段按遮挡计损仍满足双向预算
T006,下降,1884.654423319988,1903.6944896448576,直连,,356,PASS,worst_obstruction_endpoint_distance,34.42138005012991,75.20033162434902,True,,端点最大距离且全时段按遮挡计损仍满足双向预算
T006,下降,1903.6944896448576,1922.7345559697276,直连,,357,PASS,worst_obstruction_endpoint_distance,43.127541342509744,27.600165812174765,True,,端点最大距离且全时段按遮挡计损仍满足双向预算
T007,爬升,389.99999999999994,406.1507344563802,直连,,358,PASS,worst_obstruction_endpoint_distance,42.86345708049136,28.452203369140733,True,,端点最大距离且全时段按遮挡计损仍满足双向预算
T007,爬升,406.1507344563802,422.30146891276036,直连,,359,PASS,worst_obstruction_endpoint_distance,34.226750640926454,76.9044067382813,True,,端点最大距离且全时段按遮挡计损仍满足双向预算
T007,爬升,422.30146891276036,438.4522033691406,直连,,360,PASS,worst_obstruction_endpoint_distance,29.982830377148545,125.356610107422,True,,端点最大距离且全时段按遮挡计损仍满足双向预算
T007,巡航,438.4522033691406,458.0290540270924,直连,,361,PASS,worst_obstruction_endpoint_distance,23.439145992925262,266.2756531493173,True,,端点最大距离且全时段按遮挡计损仍满足双向预算
T007,巡航,458.0290540270924,477.60590468504415,直连,,362,PASS,worst_obstruction_endpoint_distance,18.208050378198536,486.2798111658891,True,,端点最大距离且全时段按遮挡计损仍满足双向预算
T007,巡航,477.60590468504415,497.18275534299596,直连,,363,PASS,worst_obstruction_endpoint_distance,14.849596880380076,715.82838275658,True,,端点最大距离且全时段按遮挡计损仍满足双向预算
T007,巡航,497.18275534299596,516.7596060009478,直连,,364,PASS,worst_obstruction_endpoint_distance,12.409485773578538,948.0133859272303,True,,端点最大距离且全时段按遮挡计损仍满足双向预算
T007,巡航,516.7596060009478,536.3364566588996,直连,,365,PASS,worst_obstruction_endpoint_distance,10.498709008550065,1181.281242448014,True,,端点最大距离且全时段按遮挡计损仍满足双向预算
T007,巡航,536.3364566588996,555.9133073168514,直连,,366,PASS,worst_obstruction_endpoint_distance,8.930053702377293,1415.0965532947675,True,,端点最大距离且全时段按遮挡计损仍满足双向预算
T007,巡航,555.9133073168514,575.4901579748032,直连,,367,PASS,worst_obstruction_endpoint_distance,7.600169114693159,1649.2264926496591,True,,端点最大距离且全时段按遮挡计损仍满足双向预算
T007,巡航,575.4901579748032,595.067008632755,直连,,368,PASS,worst_obstruction_endpoint_distance,6.446214866248994,1883.5537370869965,True,,端点最大距离且全时段按遮挡计损仍满足双向预算
T007,巡航,595.067008632755,614.6438592907068,直连,,369,PASS,worst_obstruction_endpoint_distance,5.427203554487448,2118.012800824474,True,,端点最大距离且全时段按遮挡计损仍满足双向预算
T007,巡航,614.6438592907068,634.2207099486585,直连,,370,PASS,worst_obstruction_endpoint_distance,4.514945220631574,2352.5642724361696,True,,端点最大距离且全时段按遮挡计损仍满足双向预算
T007,巡航,634.2207099486585,653.7975606066103,直连,,371,PASS,worst_obstruction_endpoint_distance,3.6892321235043113,2587.183019222811,True,,端点最大距离且全时段按遮挡计损仍满足双向预算
T007,巡航,653.7975606066103,673.3744112645621,直连,,372,PASS,worst_obstruction_endpoint_distance,2.935089718870202,2821.852260748545,True,,端点最大距离且全时段按遮挡计损仍满足双向预算
T007,巡航,673.3744112645621,692.9512619225139,直连,,373,PASS,worst_obstruction_endpoint_distance,2.2411156161546586,3056.5603667445057,True,,端点最大距离且全时段按遮挡计损仍满足双向预算
T007,下降,692.9512619225139,710.7625839439984,直连,,374,PASS,worst_obstruction_endpoint_distance,2.2411156161546586,3056.5603667445057,True,,端点最大距离且全时段按遮挡计损仍满足双向预算
T007,下降,710.7625839439984,728.5739059654827,直连,,375,PASS,worst_obstruction_endpoint_distance,2.2453855868061083,3055.0581354130627,True,,端点最大距离且全时段按遮挡计损仍满足双向预算
T007,投送,728.5739059654827,748.5739059654827,直连,,376,PASS,exact_point,2.2478131175972464,3054.2044276465326,,,独立计算 DEM 遮挡、自由空间损耗与双向预算
T007,投送,748.5739059654827,768.5739059654827,直连,,377,PASS,exact_point,2.2478131175972464,3054.2044276465326,,,独立计算 DEM 遮挡、自由空间损耗与双向预算
T007,投送,768.5739059654827,788.5739059654827,直连,,378,PASS,exact_point,2.2478131175972464,3054.2044276465326,,,独立计算 DEM 遮挡、自由空间损耗与双向预算
T007,投送,788.5739059654827,808.5739059654827,直连,,379,PASS,exact_point,2.2478131175972464,3054.2044276465326,,,独立计算 DEM 遮挡、自由空间损耗与双向预算
T007,投送,808.5739059654827,828.5739059654827,直连,,380,PASS,exact_point,2.2478131175972464,3054.2044276465326,,,独立计算 DEM 遮挡、自由空间损耗与双向预算
T007,投送,828.5739059654827,848.5739059654827,直连,,381,PASS,exact_point,2.2478131175972464,3054.2044276465326,,,独立计算 DEM 遮挡、自由空间损耗与双向预算
T007,投送,848.5739059654827,868.5739059654827,直连,,382,PASS,exact_point,2.2478131175972464,3054.2044276465326,,,独立计算 DEM 遮挡、自由空间损耗与双向预算
T007,投送,868.5739059654827,888.5739059654827,直连,,383,PASS,exact_point,2.2478131175972464,3054.2044276465326,,,独立计算 DEM 遮挡、自由空间损耗与双向预算
T007,投送,888.5739059654827,908.5739059654827,直连,,384,PASS,exact_point,2.2478131175972464,3054.2044276465326,,,独立计算 DEM 遮挡、自由空间损耗与双向预算
T007,投送,908.5739059654827,928.5739059654827,直连,,385,PASS,exact_point,2.2478131175972464,3054.2044276465326,,,独立计算 DEM 遮挡、自由空间损耗与双向预算
T007,投送,928.5739059654827,948.5739059654827,直连,,386,PASS,exact_point,2.2478131175972464,3054.2044276465326,,,独立计算 DEM 遮挡、自由空间损耗与双向预算
T007,投送,948.5739059654827,968.5739059654827,直连,,387,PASS,exact_point,2.2478131175972464,3054.2044276465326,,,独立计算 DEM 遮挡、自由空间损耗与双向预算
T007,爬升,968.5739059654827,983.4166743167198,直连,,388,PASS,worst_obstruction_endpoint_distance,2.2453855868061083,3055.0581354130627,True,,端点最大距离且全时段按遮挡计损仍满足双向预算
T007,爬升,983.4166743167198,998.2594426679567,直连,,389,PASS,worst_obstruction_endpoint_distance,2.2411156161546586,3056.5603667445057,True,,端点最大距离且全时段按遮挡计损仍满足双向预算
T007,巡航,998.2594426679567,1017.8362933259085,直连,,390,PASS,worst_obstruction_endpoint_distance,2.2411156161546586,3056.5603667445057,True,,端点最大距离且全时段按遮挡计损仍满足双向预算
T007,巡航,1017.8362933259085,1037.4131439838602,直连,,391,PASS,worst_obstruction_endpoint_distance,2.935089718870202,2821.852260748545,True,,端点最大距离且全时段按遮挡计损仍满足双向预算
T007,巡航,1037.4131439838602,1056.989994641812,直连,,392,PASS,worst_obstruction_endpoint_distance,3.6892321235043113,2587.183019222811,True,,端点最大距离且全时段按遮挡计损仍满足双向预算
T007,巡航,1056.989994641812,1076.5668452997638,直连,,393,PASS,worst_obstruction_endpoint_distance,4.514945220631574,2352.5642724361696,True,,端点最大距离且全时段按遮挡计损仍满足双向预算
T007,巡航,1076.5668452997638,1096.1436959577156,直连,,394,PASS,worst_obstruction_endpoint_distance,5.427203554487448,2118.012800824474,True,,端点最大距离且全时段按遮挡计损仍满足双向预算
T007,巡航,1096.1436959577156,1115.7205466156674,直连,,395,PASS,worst_obstruction_endpoint_distance,6.446214866248994,1883.5537370869965,True,,端点最大距离且全时段按遮挡计损仍满足双向预算
T007,巡航,1115.7205466156674,1135.2973972736193,直连,,396,PASS,worst_obstruction_endpoint_distance,7.600169114693159,1649.2264926496591,True,,端点最大距离且全时段按遮挡计损仍满足双向预算
T007,巡航,1135.2973972736193,1154.874247931571,直连,,397,PASS,worst_obstruction_endpoint_distance,8.930053702377293,1415.0965532947675,True,,端点最大距离且全时段按遮挡计损仍满足双向预算
T007,巡航,1154.874247931571,1174.4510985895229,直连,,398,PASS,worst_obstruction_endpoint_distance,10.498709008550065,1181.281242448014,True,,端点最大距离且全时段按遮挡计损仍满足双向预算
T007,巡航,1174.4510985895229,1194.0279492474747,直连,,399,PASS,worst_obstruction_endpoint_distance,12.409485773578538,948.0133859272303,True,,端点最大距离且全时段按遮挡计损仍满足双向预算
T007,巡航,1194.0279492474747,1213.6047999054265,直连,,400,PASS,worst_obstruction_endpoint_distance,14.849596880380076,715.82838275658,True,,端点最大距离且全时段按遮挡计损仍满足双向预算
T007,巡航,1213.6047999054265,1233.1816505633783,直连,,401,PASS,worst_obstruction_endpoint_distance,18.208050378198536,486.2798111658891,True,,端点最大距离且全时段按遮挡计损仍满足双向预算
T007,巡航,1233.1816505633783,1252.75850122133,直连,,402,PASS,worst_obstruction_endpoint_distance,23.439145992925262,266.2756531493173,True,,端点最大距离且全时段按遮挡计损仍满足双向预算
T007,下降,1252.75850122133,1272.1393825689863,直连,,403,PASS,worst_obstruction_endpoint_distance,29.982830377148545,125.356610107422,True,,端点最大距离且全时段按遮挡计损仍满足双向预算
T007,下降,1272.1393825689863,1291.5202639166425,直连,,404,PASS,worst_obstruction_endpoint_distance,34.22675064092644,76.90440673828135,True,,端点最大距离且全时段按遮挡计损仍满足双向预算
T007,下降,1291.5202639166425,1310.9011452642987,直连,,405,PASS,worst_obstruction_endpoint_distance,42.86345708049137,28.452203369140676,True,,端点最大距离且全时段按遮挡计损仍满足双向预算
T008,爬升,1915.0,1934.0718271484375,直连,,406,PASS,worst_obstruction_endpoint_distance,43.10258905170963,27.679567871093695,True,,端点最大距离且全时段按遮挡计损仍满足双向预算
T008,爬升,1934.0718271484375,1953.143654296875,直连,,407,PASS,worst_obstruction_endpoint_distance,34.40305698380587,75.35913574218739,True,,端点最大距离且全时段按遮挡计损仍满足双向预算
T008,爬升,1953.143654296875,1972.2154814453127,直连,,408,PASS,worst_obstruction_endpoint_distance,30.14494023426775,123.03870361328165,True,,端点最大距离且全时段按遮挡计损仍满足双向预算
T008,爬升,1972.2154814453127,1991.2873085937501,直连,,409,PASS,worst_obstruction_endpoint_distance,27.30017506799763,170.7182714843753,True,,端点最大距离且全时段按遮挡计损仍满足双向预算
T008,爬升,1991.2873085937501,2010.3591357421876,直连,,410,PASS,worst_obstruction_endpoint_distance,25.160808415575318,218.397839355469,True,,端点最大距离且全时段按遮挡计损仍满足双向预算
T008,巡航,2010.3591357421876,2029.669745519484,直连,,411,PASS,worst_obstruction_endpoint_distance,20.75321503615335,362.7671946009024,True,,端点最大距离且全时段按遮挡计损仍满足双向预算
T008,巡航,2029.669745519484,2048.9803552967805,直连,,412,PASS,worst_obstruction_endpoint_distance,16.110304248345813,619.1181641730701,True,,端点最大距离且全时段按遮挡计损仍满足双向预算
T008,巡航,2048.9803552967805,2068.290965074077,直连,,413,PASS,worst_obstruction_endpoint_distance,12.899596539616908,896.0019014636614,True,,端点最大距离且全时段按遮挡计损仍满足双向预算
T008,巡航,2068.290965074077,2087.6015748513737,直连,,414,PASS,worst_obstruction_endpoint_distance,10.515201150199815,1179.0404387173653,True,,端点最大距离且全时段按遮挡计损仍满足双向预算
T008,巡航,2087.6015748513737,2106.91218462867,直连,,415,PASS,worst_obstruction_endpoint_distance,8.63097956554033,1464.6699789789309,True,,端点最大距离且全时段按遮挡计损仍满足双向预算
T008,巡航,2106.91218462867,2126.2227944059664,直连,,416,PASS,worst_obstruction_endpoint_distance,7.076960051876313,1751.623470098632,True,,端点最大距离且全时段按遮挡计损仍满足双向预算
T008,巡航,2126.2227944059664,2145.533404183263,直连,,417,PASS,worst_obstruction_endpoint_distance,5.755973409622868,2039.3421138116032,True,,端点最大距离且全时段按遮挡计损仍满足双向预算
T008,巡航,2145.533404183263,2164.8440139605596,直连,,418,PASS,worst_obstruction_endpoint_distance,4.607823983663508,2327.5421748741096,True,,端点最大距离且全时段按遮挡计损仍满足双向预算
T008,巡航,2164.8440139605596,2184.154623737856,直连,,419,PASS,worst_obstruction_endpoint_distance,3.592806045813731,2616.064551374272,True,,端点最大距离且全时段按遮挡计损仍满足双向预算
T008,巡航,2184.154623737856,2203.4652335151522,直连,,420,PASS,worst_obstruction_endpoint_distance,2.6834109702721207,2904.813202356247,True,,端点最大距离且全时段按遮挡计损仍满足双向预算
T008,巡航,2203.4652335151522,2222.775843292449,直连,,421,PASS,worst_obstruction_endpoint_distance,1.8598200342751454,3193.726755171166,True,,端点最大距离且全时段按遮挡计损仍满足双向预算
T008,下降,2222.775843292449,2235.600303131316,直连,,422,PASS,worst_obstruction_endpoint_distance,1.8598200342751454,3193.726755171166,True,,端点最大距离且全时段按遮挡计损仍满足双向预算
T008,下降,2235.600303131316,2248.424762970183,直连,,423,PASS,worst_obstruction_endpoint_distance,1.8643124438889203,3192.075361970319,True,,端点最大距离且全时段按遮挡计损仍满足双向预算
T008,投送,2248.424762970183,2267.483586499595,直连,,424,PASS,exact_point,1.8682481629573715,3190.6293079047914,,,独立计算 DEM 遮挡、自由空间损耗与双向预算
T008,投送,2267.483586499595,2286.542410029007,直连,,425,PASS,exact_point,1.8682481629573715,3190.6293079047914,,,独立计算 DEM 遮挡、自由空间损耗与双向预算
T008,投送,2286.542410029007,2305.6012335584187,直连,,426,PASS,exact_point,1.8682481629573715,3190.6293079047914,,,独立计算 DEM 遮挡、自由空间损耗与双向预算
T008,投送,2305.6012335584187,2324.6600570878304,直连,,427,PASS,exact_point,1.8682481629573715,3190.6293079047914,,,独立计算 DEM 遮挡、自由空间损耗与双向预算
T008,投送,2324.6600570878304,2343.718880617242,直连,,428,PASS,exact_point,1.8682481629573715,3190.6293079047914,,,独立计算 DEM 遮挡、自由空间损耗与双向预算
T008,投送,2343.718880617242,2362.777704146654,直连,,429,PASS,exact_point,1.8682481629573715,3190.6293079047914,,,独立计算 DEM 遮挡、自由空间损耗与双向预算
T008,投送,2362.777704146654,2381.8365276760655,直连,,430,PASS,exact_point,1.8682481629573715,3190.6293079047914,,,独立计算 DEM 遮挡、自由空间损耗与双向预算
T008,投送,2381.8365276760655,2400.8953512054777,直连,,431,PASS,exact_point,1.8682481629573715,3190.6293079047914,,,独立计算 DEM 遮挡、自由空间损耗与双向预算
T008,投送,2400.8953512054777,2419.9541747348894,直连,,432,PASS,exact_point,1.8682481629573715,3190.6293079047914,,,独立计算 DEM 遮挡、自由空间损耗与双向预算
T008,投送,2419.9541747348894,2439.012998264301,直连,,433,PASS,exact_point,1.8682481629573715,3190.6293079047914,,,独立计算 DEM 遮挡、自由空间损耗与双向预算
T008,投送,2439.012998264301,2458.071821793713,直连,,434,PASS,exact_point,1.8682481629573715,3190.6293079047914,,,独立计算 DEM 遮挡、自由空间损耗与双向预算
T008,投送,2458.071821793713,2477.1306453231246,直连,,435,PASS,exact_point,1.8682481629573715,3190.6293079047914,,,独立计算 DEM 遮挡、自由空间损耗与双向预算
T008,投送,2477.1306453231246,2496.1894688525363,直连,,436,PASS,exact_point,1.8682481629573715,3190.6293079047914,,,独立计算 DEM 遮挡、自由空间损耗与双向预算
T008,投送,2496.1894688525363,2515.248292381948,直连,,437,PASS,exact_point,1.8682481629573715,3190.6293079047914,,,独立计算 DEM 遮挡、自由空间损耗与双向预算
T008,投送,2515.248292381948,2534.3071159113597,直连,,438,PASS,exact_point,1.8682481629573715,3190.6293079047914,,,独立计算 DEM 遮挡、自由空间损耗与双向预算
T008,投送,2534.3071159113597,2553.3659394407714,直连,,439,PASS,exact_point,1.8682481629573715,3190.6293079047914,,,独立计算 DEM 遮挡、自由空间损耗与双向预算
T008,投送,2553.3659394407714,2572.424762970183,直连,,440,PASS,exact_point,1.8682481629573715,3190.6293079047914,,,独立计算 DEM 遮挡、自由空间损耗与双向预算
T008,爬升,2572.424762970183,2582.684330841277,直连,,441,PASS,worst_obstruction_endpoint_distance,1.8643124438889203,3192.075361970319,True,,端点最大距离且全时段按遮挡计损仍满足双向预算
T008,爬升,2582.684330841277,2592.943898712371,直连,,442,PASS,worst_obstruction_endpoint_distance,1.8598200342751454,3193.726755171166,True,,端点最大距离且全时段按遮挡计损仍满足双向预算
T008,巡航,2592.943898712371,2612.2545084896674,直连,,443,PASS,worst_obstruction_endpoint_distance,1.8598200342751454,3193.726755171166,True,,端点最大距离且全时段按遮挡计损仍满足双向预算
T008,巡航,2612.2545084896674,2631.5651182669635,直连,,444,PASS,worst_obstruction_endpoint_distance,2.6834109702721207,2904.813202356247,True,,端点最大距离且全时段按遮挡计损仍满足双向预算
T008,巡航,2631.5651182669635,2650.8757280442605,直连,,445,PASS,worst_obstruction_endpoint_distance,3.592806045813731,2616.064551374272,True,,端点最大距离且全时段按遮挡计损仍满足双向预算
T008,巡航,2650.8757280442605,2670.1863378215567,直连,,446,PASS,worst_obstruction_endpoint_distance,4.607823983663508,2327.5421748741096,True,,端点最大距离且全时段按遮挡计损仍满足双向预算
T008,巡航,2670.1863378215567,2689.4969475988532,直连,,447,PASS,worst_obstruction_endpoint_distance,5.755973409622868,2039.3421138116032,True,,端点最大距离且全时段按遮挡计损仍满足双向预算
T008,巡航,2689.4969475988532,2708.80755737615,直连,,448,PASS,worst_obstruction_endpoint_distance,7.076960051876313,1751.623470098632,True,,端点最大距离且全时段按遮挡计损仍满足双向预算
T008,巡航,2708.80755737615,2728.1181671534464,直连,,449,PASS,worst_obstruction_endpoint_distance,8.63097956554033,1464.6699789789309,True,,端点最大距离且全时段按遮挡计损仍满足双向预算
T008,巡航,2728.1181671534464,2747.428776930743,直连,,450,PASS,worst_obstruction_endpoint_distance,10.515201150199815,1179.0404387173653,True,,端点最大距离且全时段按遮挡计损仍满足双向预算
T008,巡航,2747.428776930743,2766.739386708039,直连,,451,PASS,worst_obstruction_endpoint_distance,12.899596539617463,896.001901463605,True,,端点最大距离且全时段按遮挡计损仍满足双向预算
T008,巡航,2766.739386708039,2786.0499964853357,直连,,452,PASS,worst_obstruction_endpoint_distance,16.110304248345813,619.1181641730701,True,,端点最大距离且全时段按遮挡计损仍满足双向预算
T008,巡航,2786.0499964853357,2805.3606062626322,直连,,453,PASS,worst_obstruction_endpoint_distance,20.75321503615335,362.7671946009024,True,,端点最大距离且全时段按遮挡计损仍满足双向预算
T008,下降,2805.3606062626322,2825.227092875588,直连,,454,PASS,worst_obstruction_endpoint_distance,25.160808415575318,218.397839355469,True,,端点最大距离且全时段按遮挡计损仍满足双向预算
T008,下降,2825.227092875588,2845.0935794885436,直连,,455,PASS,worst_obstruction_endpoint_distance,26.904991999955485,178.66486612955765,True,,端点最大距离且全时段按遮挡计损仍满足双向预算
T008,下降,2845.0935794885436,2864.9600661014993,直连,,456,PASS,worst_obstruction_endpoint_distance,29.08973610815724,138.93189290364631,True,,端点最大距离且全时段按遮挡计损仍满足双向预算
T008,下降,2864.9600661014993,2884.826552714455,直连,,457,PASS,worst_obstruction_endpoint_distance,32.015636315537776,99.19891967773495,True,,端点最大距离且全时段按遮挡计损仍满足双向预算
T008,下降,2884.826552714455,2904.693039327411,直连,,458,PASS,worst_obstruction_endpoint_distance,36.46040845685667,59.46594645182361,True,,端点最大距离且全时段按遮挡计损仍满足双向预算
T008,下降,2904.693039327411,2924.5595259403667,直连,,459,PASS,worst_obstruction_endpoint_distance,45.92517525248826,20.0,True,,端点最大距离且全时段按遮挡计损仍满足双向预算
T009,爬升,2304.0,2323.3436411539715,直连,,460,PASS,worst_obstruction_endpoint_distance,40.343037745338265,38.03092346191437,True,,端点最大距离且全时段按遮挡计损仍满足双向预算
T009,爬升,2323.3436411539715,2342.687282307943,直连,,461,PASS,worst_obstruction_endpoint_distance,32.29475651968478,96.06184692382868,True,,端点最大距离且全时段按遮挡计损仍满足双向预算
T009,爬升,2342.687282307943,2362.0309234619144,直连,,462,PASS,worst_obstruction_endpoint_distance,28.190129900190144,154.09277038574305,True,,端点最大距离且全时段按遮挡计损仍满足双向预算
T009,爬升,2362.0309234619144,2381.3745646158854,直连,,463,PASS,worst_obstruction_endpoint_distance,25.41399154248265,212.12369384765606,True,,端点最大距离且全时段按遮挡计损仍满足双向预算
T009,爬升,2381.3745646158854,2400.718205769857,直连,,464,PASS,worst_obstruction_endpoint_distance,23.31352727333625,270.15461730957037,True,,端点最大距离且全时段按遮挡计损仍满足双向预算
T009,爬升,2400.718205769857,2420.0618469238284,直连,,465,PASS,worst_obstruction_endpoint_distance,21.62338630671509,328.18554077148474,True,,端点最大距离且全时段按遮挡计损仍满足双向预算
T009,爬升,2420.0618469238284,2439.4054880778,直连,,466,PASS,worst_obstruction_endpoint_distance,20.209159493456326,386.2164642333991,True,,端点最大距离且全时段按遮挡计损仍满足双向预算
T009,爬升,2439.4054880778,2458.749129231771,直连,,467,PASS,worst_obstruction_endpoint_distance,18.993277511644692,444.24738769531206,True,,端点最大距离且全时段按遮挡计损仍满足双向预算
T009,巡航,2458.749129231771,2478.385253126678,直连,,468,PASS,worst_obstruction_endpoint_distance,17.916649545737883,502.87064096726107,True,,端点最大距离且全时段按遮挡计损仍满足双向预算
T009,巡航,2478.385253126678,2498.0213770215846,直连,,469,PASS,worst_obstruction_endpoint_distance,15.71899076183928,647.6482855415965,True,,端点最大距离且全时段按遮挡计损仍满足双向预算
T009,巡航,2498.0213770215846,2517.6575009164912,直连,,470,PASS,worst_obstruction_endpoint_distance,13.5130486115427,834.9035885230084,True,,端点最大距离且全时段按遮挡计损仍满足双向预算
T009,巡航,2517.6575009164912,2537.2936248113983,直连,,471,PASS,worst_obstruction_endpoint_distance,11.588572854716219,1041.9817573440184,True,,端点最大距离且全时段按遮挡计损仍满足双向预算
T009,巡航,2537.2936248113983,2556.929748706305,直连,,472,PASS,worst_obstruction_endpoint_distance,9.944292824291068,1259.1402794336339,True,,端点最大距离且全时段按遮挡计损仍满足双向预算
T009,巡航,2556.929748706305,2576.5658726012116,直连,,473,PASS,worst_obstruction_endpoint_distance,8.529078472989426,1481.954379895724,True,,端点最大距离且全时段按遮挡计损仍满足双向预算
T009,巡航,2576.5658726012116,2596.201996496118,直连,,474,PASS,worst_obstruction_endpoint_distance,7.294937761347967,1708.2124004460284,True,,端点最大距离且全时段按遮挡计损仍满足双向预算
T009,巡航,2596.201996496118,2615.838120391025,直连,,475,PASS,worst_obstruction_endpoint_distance,6.2044935916322,1936.7076976478331,True,,端点最大距离且全时段按遮挡计损仍满足双向预算
T009,巡航,2615.838120391025,2635.474244285932,直连,,476,PASS,worst_obstruction_endpoint_distance,5.229668880125246,2166.7325832609313,True,,端点最大距离且全时段按遮挡计损仍满足双向预算
T009,巡航,2635.474244285932,2655.1103681808386,直连,,477,PASS,worst_obstruction_endpoint_distance,4.349346163073591,2397.8468985208874,True,,端点最大距离且全时段按遮挡计损仍满足双向预算
T009,巡航,2655.1103681808386,2674.746492075745,直连,,478,PASS,worst_obstruction_endpoint_distance,3.547441536545847,2629.763428575528,True,,端点最大距离且全时段按遮挡计损仍满足双向预算
T009,巡航,2674.746492075745,2694.3826159706523,直连,,479,PASS,worst_obstruction_endpoint_distance,2.811511051936634,2862.2871819484435,True,,端点最大距离且全时段按遮挡计损仍满足双向预算
T009,巡航,2694.3826159706523,2714.018739865559,直连,,480,PASS,worst_obstruction_endpoint_distance,2.131772647054248,3095.28131415617,True,,端点最大距离且全时段按遮挡计损仍满足双向预算
T009,巡航,2714.018739865559,2733.6548637604656,直连,,481,PASS,worst_obstruction_endpoint_distance,1.500420209250862,3328.6470518406963,True,,端点最大距离且全时段按遮挡计损仍满足双向预算
T009,巡航,2733.6548637604656,2753.290987655372,直连,,482,PASS,worst_obstruction_endpoint_distance,0.911137638147423,3562.3113645267736,True,,端点最大距离且全时段按遮挡计损仍满足双向预算
T009,巡航,2753.290987655372,2772.927111550279,直连,,483,PASS,worst_obstruction_endpoint_distance,0.35874972363353663,3796.2191190829435,True,,端点最大距离且全时段按遮挡计损仍满足双向预算
T009,巡航,2772.927111550279,2792.5632354451855,中继,R003,484,PASS,worst_obstruction_endpoint_distance,3.266702482514688,1361.299340639569,True,,端点最大距离且全时段按遮挡计损仍满足双向预算
T009,巡航,2792.5632354451855,2812.1993593400925,中继,R003,485,PASS,worst_obstruction_endpoint_distance,3.65634197875049,1301.5823757640605,True,,端点最大距离且全时段按遮挡计损仍满足双向预算
T009,巡航,2812.1993593400925,2831.835483234999,中继,R003,486,PASS,worst_obstruction_endpoint_distance,3.617802891321233,1307.3702970013408,True,,端点最大距离且全时段按遮挡计损仍满足双向预算
T009,巡航,2831.835483234999,2851.4716071299063,中继,R003,487,PASS,worst_obstruction_endpoint_distance,3.196495425185134,1372.3471572420888,True,,端点最大距离且全时段按遮挡计损仍满足双向预算
T009,巡航,2851.4716071299063,2871.107731024813,中继,R003,488,PASS,worst_obstruction_endpoint_distance,2.584175640430118,1472.5836569262096,True,,端点最大距离且全时段按遮挡计损仍满足双向预算
T009,巡航,2871.107731024813,2890.7438549197195,中继,R003,489,PASS,worst_obstruction_endpoint_distance,1.8553843634241076,1601.4727014364303,True,,端点最大距离且全时段按遮挡计损仍满足双向预算
T009,巡航,2890.7438549197195,2910.379978814626,中继,R003,490,PASS,worst_obstruction_endpoint_distance,1.071600826356132,1752.7045616393702,True,,端点最大距离且全时段按遮挡计损仍满足双向预算
T009,下降,2910.379978814626,2929.6557698302513,中继,R003,491,PASS,worst_obstruction_endpoint_distance,1.0686325652298336,1753.3036221923433,True,,端点最大距离且全时段按遮挡计损仍满足双向预算
T009,下降,2929.6557698302513,2948.931560845876,中继,R003,492,PASS,worst_obstruction_endpoint_distance,1.0591142360136558,1755.2260123087,True,,端点最大距离且全时段按遮挡计损仍满足双向预算
T009,下降,2948.931560845876,2968.207351861501,中继,R003,493,PASS,worst_obstruction_endpoint_distance,1.0430887776814899,1758.467391926386,True,,端点最大距离且全时段按遮挡计损仍满足双向预算
T009,下降,2968.207351861501,2987.483142877126,中继,R003,494,PASS,worst_obstruction_endpoint_distance,1.0206279905043374,1763.0204860246654,True,,端点最大距离且全时段按遮挡计损仍满足双向预算
T009,下降,2987.483142877126,3006.758933892751,中继,R003,495,PASS,worst_obstruction_endpoint_distance,0.9918314733706666,1768.8751655523586,True,,端点最大距离且全时段按遮挡计损仍满足双向预算
T009,投送,3006.758933892751,3025.84984298366,中继,R003,496,PASS,exact_point,0.9918314733706666,1768.8751655523586,,,独立计算 DEM 遮挡、自由空间损耗与双向预算
T009,投送,3025.84984298366,3044.940752074569,中继,R003,497,PASS,exact_point,0.9918314733706666,1768.8751655523586,,,独立计算 DEM 遮挡、自由空间损耗与双向预算
T009,投送,3044.940752074569,3064.031661165478,中继,R003,498,PASS,exact_point,0.9918314733706666,1768.8751655523586,,,独立计算 DEM 遮挡、自由空间损耗与双向预算
T009,投送,3064.031661165478,3083.122570256387,中继,R003,499,PASS,exact_point,0.9918314733706666,1768.8751655523586,,,独立计算 DEM 遮挡、自由空间损耗与双向预算
T009,投送,3083.122570256387,3102.2134793472965,中继,R003,500,PASS,exact_point,0.9918314733706666,1768.8751655523586,,,独立计算 DEM 遮挡、自由空间损耗与双向预算
T009,投送,3102.2134793472965,3121.3043884382055,中继,R003,501,PASS,exact_point,0.9918314733706666,1768.8751655523586,,,独立计算 DEM 遮挡、自由空间损耗与双向预算
T009,投送,3121.3043884382055,3140.3952975291145,中继,R003,502,PASS,exact_point,0.9918314733706666,1768.8751655523586,,,独立计算 DEM 遮挡、自由空间损耗与双向预算
T009,投送,3140.3952975291145,3159.486206620024,中继,R003,503,PASS,exact_point,0.9918314733706666,1768.8751655523586,,,独立计算 DEM 遮挡、自由空间损耗与双向预算
T009,投送,3159.486206620024,3178.577115710933,中继,R003,504,PASS,exact_point,0.9918314733706666,1768.8751655523586,,,独立计算 DEM 遮挡、自由空间损耗与双向预算
T009,投送,3178.577115710933,3197.668024801842,中继,R003,505,PASS,exact_point,0.9918314733706666,1768.8751655523586,,,独立计算 DEM 遮挡、自由空间损耗与双向预算
T009,投送,3197.668024801842,3216.758933892751,中继,R003,506,PASS,exact_point,0.9918314733706666,1768.8751655523586,,,独立计算 DEM 遮挡、自由空间损耗与双向预算
T009,爬升,3216.758933892751,3232.8220930724383,中继,R003,507,PASS,worst_obstruction_endpoint_distance,0.9918314733706666,1768.8751655523586,True,,端点最大距离且全时段按遮挡计损仍满足双向预算
T009,爬升,3232.8220930724383,3248.8852522521256,中继,R003,508,PASS,worst_obstruction_endpoint_distance,1.0206279905043374,1763.0204860246654,True,,端点最大距离且全时段按遮挡计损仍满足双向预算
T009,爬升,3248.8852522521256,3264.9484114318134,中继,R003,509,PASS,worst_obstruction_endpoint_distance,1.0430887776814899,1758.4673919263862,True,,端点最大距离且全时段按遮挡计损仍满足双向预算
T009,爬升,3264.9484114318134,3281.0115706115007,中继,R003,510,PASS,worst_obstruction_endpoint_distance,1.0591142360136558,1755.2260123087,True,,端点最大距离且全时段按遮挡计损仍满足双向预算
T009,爬升,3281.0115706115007,3297.0747297911885,中继,R003,511,PASS,worst_obstruction_endpoint_distance,1.0686325652298336,1753.3036221923433,True,,端点最大距离且全时段按遮挡计损仍满足双向预算
T009,巡航,3297.0747297911885,3316.710853686095,中继,R003,512,PASS,worst_obstruction_endpoint_distance,1.071600826356132,1752.7045616393702,True,,端点最大距离且全时段按遮挡计损仍满足双向预算
T009,巡航,3316.710853686095,3336.3469775810017,中继,R003,513,PASS,worst_obstruction_endpoint_distance,1.8553843634241076,1601.4727014364303,True,,端点最大距离且全时段按遮挡计损仍满足双向预算
T009,巡航,3336.3469775810017,3355.9831014759084,中继,R003,514,PASS,worst_obstruction_endpoint_distance,2.584175640430118,1472.5836569262096,True,,端点最大距离且全时段按遮挡计损仍满足双向预算
T009,巡航,3355.9831014759084,3375.619225370815,中继,R003,515,PASS,worst_obstruction_endpoint_distance,3.196495425185134,1372.3471572420888,True,,端点最大距离且全时段按遮挡计损仍满足双向预算
T009,巡航,3375.619225370815,3395.2553492657216,中继,R003,516,PASS,worst_obstruction_endpoint_distance,3.6178028913211904,1307.3702970013474,True,,端点最大距离且全时段按遮挡计损仍满足双向预算
T009,巡航,3395.2553492657216,3414.8914731606287,中继,R003,517,PASS,worst_obstruction_endpoint_distance,3.65634197875049,1301.5823757640605,True,,端点最大距离且全时段按遮挡计损仍满足双向预算
T009,巡航,3414.8914731606287,3434.5275970555354,中继,R003,518,PASS,worst_obstruction_endpoint_distance,3.266702482514688,1361.299340639569,True,,端点最大距离且全时段按遮挡计损仍满足双向预算
T009,巡航,3434.5275970555354,3454.1637209504424,直连,,519,PASS,worst_obstruction_endpoint_distance,0.35874972363353663,3796.2191190829435,True,,端点最大距离且全时段按遮挡计损仍满足双向预算
T009,巡航,3454.1637209504424,3473.799844845349,直连,,520,PASS,worst_obstruction_endpoint_distance,0.911137638147423,3562.3113645267736,True,,端点最大距离且全时段按遮挡计损仍满足双向预算
T009,巡航,3473.799844845349,3493.4359687402557,直连,,521,PASS,worst_obstruction_endpoint_distance,1.500420209250862,3328.6470518406963,True,,端点最大距离且全时段按遮挡计损仍满足双向预算
T009,巡航,3493.4359687402557,3513.0720926351623,直连,,522,PASS,worst_obstruction_endpoint_distance,2.131772647054248,3095.28131415617,True,,端点最大距离且全时段按遮挡计损仍满足双向预算
T009,巡航,3513.0720926351623,3532.708216530069,直连,,523,PASS,worst_obstruction_endpoint_distance,2.811511051936634,2862.2871819484435,True,,端点最大距离且全时段按遮挡计损仍满足双向预算
T009,巡航,3532.708216530069,3552.3443404249756,直连,,524,PASS,worst_obstruction_endpoint_distance,3.547441536545847,2629.763428575528,True,,端点最大距离且全时段按遮挡计损仍满足双向预算
T009,巡航,3552.3443404249756,3571.9804643198827,直连,,525,PASS,worst_obstruction_endpoint_distance,4.349346163073591,2397.8468985208874,True,,端点最大距离且全时段按遮挡计损仍满足双向预算
T009,巡航,3571.9804643198827,3591.6165882147893,直连,,526,PASS,worst_obstruction_endpoint_distance,5.229668880125246,2166.7325832609313,True,,端点最大距离且全时段按遮挡计损仍满足双向预算
T009,巡航,3591.6165882147893,3611.2527121096964,直连,,527,PASS,worst_obstruction_endpoint_distance,6.2044935916322,1936.7076976478331,True,,端点最大距离且全时段按遮挡计损仍满足双向预算
T009,巡航,3611.2527121096964,3630.888836004603,直连,,528,PASS,worst_obstruction_endpoint_distance,7.294937761347967,1708.2124004460284,True,,端点最大距离且全时段按遮挡计损仍满足双向预算
T009,巡航,3630.888836004603,3650.5249598995097,直连,,529,PASS,worst_obstruction_endpoint_distance,8.529078472989426,1481.954379895724,True,,端点最大距离且全时段按遮挡计损仍满足双向预算
T009,巡航,3650.5249598995097,3670.1610837944163,直连,,530,PASS,worst_obstruction_endpoint_distance,9.944292824291068,1259.1402794336339,True,,端点最大距离且全时段按遮挡计损仍满足双向预算
T009,巡航,3670.1610837944163,3689.797207689323,直连,,531,PASS,worst_obstruction_endpoint_distance,11.588572854716219,1041.9817573440184,True,,端点最大距离且全时段按遮挡计损仍满足双向预算
T009,巡航,3689.797207689323,3709.4333315842296,直连,,532,PASS,worst_obstruction_endpoint_distance,13.5130486115427,834.9035885230084,True,,端点最大距离且全时段按遮挡计损仍满足双向预算
T009,巡航,3709.4333315842296,3729.0694554791366,直连,,533,PASS,worst_obstruction_endpoint_distance,15.71899076183928,647.6482855415965,True,,端点最大距离且全时段按遮挡计损仍满足双向预算
T009,巡航,3729.0694554791366,3748.7055793740433,直连,,534,PASS,worst_obstruction_endpoint_distance,17.916649545737883,502.87064096726107,True,,端点最大距离且全时段按遮挡计损仍满足双向预算
T009,下降,3748.7055793740433,3767.275474881856,直连,,535,PASS,worst_obstruction_endpoint_distance,18.993277511644692,444.24738769531206,True,,端点最大距离且全时段按遮挡计损仍满足双向预算
T009,下降,3767.275474881856,3785.8453703896685,直连,,536,PASS,worst_obstruction_endpoint_distance,19.9519850689598,397.82264892578,True,,端点最大距离且全时段按遮挡计损仍满足双向预算
T009,下降,3785.8453703896685,3804.415265897481,直连,,537,PASS,worst_obstruction_endpoint_distance,21.029791679401256,351.3979101562492,True,,端点最大距离且全时段按遮挡计损仍满足双向预算
T009,下降,3804.415265897481,3822.985161405293,直连,,538,PASS,worst_obstruction_endpoint_distance,22.26054244645084,304.9731713867183,True,,端点最大距离且全时段按遮挡计损仍满足双向预算
T009,下降,3822.985161405293,3841.555056913106,直连,,539,PASS,worst_obstruction_endpoint_distance,23.694936979399557,258.5484326171874,True,,端点最大距离且全时段按遮挡计损仍满足双向预算
T009,下降,3841.555056913106,3860.1249524209184,直连,,540,PASS,worst_obstruction_endpoint_distance,25.413991542482677,212.1236938476555,True,,端点最大距离且全时段按遮挡计损仍满足双向预算
T009,下降,3860.1249524209184,3878.694847928731,直连,,541,PASS,worst_obstruction_endpoint_distance,27.55937977170045,165.69895507812458,True,,端点最大距离且全时段按遮挡计损仍满足双向预算
T009,下降,3878.694847928731,3897.2647434365435,直连,,542,PASS,worst_obstruction_endpoint_distance,30.414843731611313,119.2742163085926,True,,端点最大距离且全时段按遮挡计损仍满足双向预算
T009,下降,3897.2647434365435,3915.834638944356,直连,,543,PASS,worst_obstruction_endpoint_distance,34.697246336774995,72.8494775390617,True,,端点最大距离且全时段按遮挡计损仍满足双向预算
T009,下降,3915.834638944356,3934.4045344521683,直连,,544,PASS,worst_obstruction_endpoint_distance,43.5055611129805,26.424738769530904,True,,端点最大距离且全时段按遮挡计损仍满足双向预算
T010,爬升,2355.0,2373.098788248698,直连,,545,PASS,worst_obstruction_endpoint_distance,41.240813379711284,34.296364746093815,True,,端点最大距离且全时段按遮挡计损仍满足双向预算
T010,爬升,2373.098788248698,2391.197576497396,直连,,546,PASS,worst_obstruction_endpoint_distance,32.99781352057414,88.59272949218763,True,,端点最大距离且全时段按遮挡计损仍满足双向预算
T010,爬升,2391.197576497396,2409.296364746094,直连,,547,PASS,worst_obstruction_endpoint_distance,28.845793500078102,142.88909423828142,True,,端点最大距离且全时段按遮挡计损仍满足双向预算
T010,爬升,2409.296364746094,2427.3951529947917,直连,,548,PASS,worst_obstruction_endpoint_distance,26.04827745221246,197.1854589843752,True,,端点最大距离且全时段按遮挡计损仍满足双向预算
T010,爬升,2427.3951529947917,2445.4939412434896,直连,,549,PASS,worst_obstruction_endpoint_distance,23.935643142447674,251.481823730469,True,,端点最大距离且全时段按遮挡计损仍满足双向预算
T010,巡航,2445.4939412434896,2464.736905692543,直连,,550,PASS,worst_obstruction_endpoint_distance,21.280089398434257,341.4163289887746,True,,端点最大距离且全时段按遮挡计损仍满足双向预算
T010,巡航,2464.736905692543,2483.9798701415966,直连,,551,PASS,worst_obstruction_endpoint_distance,17.528335105557886,525.8622593422102,True,,端点最大距离且全时段按遮挡计损仍满足双向预算
T010,巡航,2483.9798701415966,2503.22283459065,直连,,552,PASS,worst_obstruction_endpoint_distance,14.596648283036245,736.98108928749,True,,端点最大距离且全时段按遮挡计损仍满足双向预算
T010,巡航,2503.22283459065,2522.4657990397036,直连,,553,PASS,worst_obstruction_endpoint_distance,12.324947391904615,957.2852971823368,True,,端点最大距离且全时段按遮挡计损仍满足双向预算
T010,巡航,2522.4657990397036,2541.7087634887575,直连,,554,PASS,worst_obstruction_endpoint_distance,10.49600906489232,1181.6484919391153,True,,端点最大距离且全时段按遮挡计损仍满足双向预算
T010,巡航,2541.7087634887575,2560.9517279378106,直连,,555,PASS,worst_obstruction_endpoint_distance,8.972909007143471,1408.131805218969,True,,端点最大距离且全时段按遮挡计损仍满足双向预算
T010,巡航,2560.9517279378106,2580.1946923868645,直连,,556,PASS,worst_obstruction_endpoint_distance,7.670879657102262,1635.8548857719554,True,,端点最大距离且全时段按遮挡计损仍满足双向预算
T010,巡航,2580.1946923868645,2599.437656835918,直连,,557,PASS,worst_obstruction_endpoint_distance,6.535163356767683,1864.363494011997,True,,端点最大距离且全时段按遮挡计损仍满足双向预算
T010,巡航,2599.437656835918,2618.6806212849715,直连,,558,PASS,worst_obstruction_endpoint_distance,5.5287290721480105,2093.4004089930254,True,,端点最大距离且全时段按遮挡计损仍满足双向预算
T010,巡航,2618.6806212849715,2637.923585734025,直连,,559,PASS,worst_obstruction_endpoint_distance,4.625503827358557,2322.809357439291,True,,端点最大距离且全时段按遮挡计损仍满足双向预算
T010,巡航,2637.923585734025,2657.1665501830785,直连,,560,PASS,worst_obstruction_endpoint_distance,3.8064940772127898,2552.4900300899626,True,,端点最大距离且全时段按遮挡计损仍满足双向预算
T010,巡航,2657.1665501830785,2676.409514632132,直连,,561,PASS,worst_obstruction_endpoint_distance,3.05746148982098,2782.375136547519,True,,端点最大距离且全时段按遮挡计损仍满足双向预算
T010,巡航,2676.409514632132,2695.6524790811854,直连,,562,PASS,worst_obstruction_endpoint_distance,2.3674708480467643,3012.4178746170383,True,,端点最大距离且全时段按遮挡计损仍满足双向预算
T010,巡航,2695.6524790811854,2714.8954435302394,直连,,563,PASS,worst_obstruction_endpoint_distance,1.7279485949484865,3242.5846953030627,True,,端点最大距离且全时段按遮挡计损仍满足双向预算
T010,巡航,2714.8954435302394,2734.1384079792924,直连,,564,PASS,worst_obstruction_endpoint_distance,1.1320523341021271,3472.850927578586,True,,端点最大距离且全时段按遮挡计损仍满足双向预算
T010,巡航,2734.1384079792924,2753.3813724283464,直连,,565,PASS,worst_obstruction_endpoint_distance,0.5742364376337576,3703.1980271406564,True,,端点最大距离且全时段按遮挡计损仍满足双向预算
T010,巡航,2753.3813724283464,2772.6243368773994,直连,,566,PASS,worst_obstruction_endpoint_distance,0.04994523170643106,3933.61178757134,True,,端点最大距离且全时段按遮挡计损仍满足双向预算
T010,巡航,2772.6243368773994,2791.8673013264533,中继,R003,567,PASS,worst_obstruction_endpoint_distance,2.9875252820413323,1405.7642487413252,True,,端点最大距离且全时段按遮挡计损仍满足双向预算
T010,巡航,2791.8673013264533,2811.110265775507,中继,R003,568,PASS,worst_obstruction_endpoint_distance,3.075496452645453,1391.5984477866273,True,,端点最大距离且全时段按遮挡计损仍满足双向预算
T010,巡航,2811.110265775507,2830.3532302245603,中继,R003,569,PASS,worst_obstruction_endpoint_distance,2.7720400370589147,1441.0755720656903,True,,端点最大距离且全时段按遮挡计损仍满足双向预算
T010,巡航,2830.3532302245603,2849.596194673614,中继,R003,570,PASS,worst_obstruction_endpoint_distance,2.284357046148841,1524.301601715459,True,,端点最大距离且全时段按遮挡计损仍满足双向预算
T010,下降,2849.596194673614,2868.5889241658015,中继,R003,571,PASS,worst_obstruction_endpoint_distance,2.246501178587579,1530.9594906028888,True,,端点最大距离且全时段按遮挡计损仍满足双向预算
T010,投送,2868.5889241658015,2887.6798332567105,中继,R003,572,PASS,exact_point,12.246501178587579,1530.9594906028888,,,独立计算 DEM 遮挡、自由空间损耗与双向预算
T010,投送,2887.6798332567105,2906.7707423476195,中继,R003,573,PASS,exact_point,12.246501178587579,1530.9594906028888,,,独立计算 DEM 遮挡、自由空间损耗与双向预算
T010,投送,2906.7707423476195,2925.8616514385285,中继,R003,574,PASS,exact_point,12.246501178587579,1530.9594906028888,,,独立计算 DEM 遮挡、自由空间损耗与双向预算
T010,投送,2925.8616514385285,2944.9525605294375,中继,R003,575,PASS,exact_point,12.246501178587579,1530.9594906028888,,,独立计算 DEM 遮挡、自由空间损耗与双向预算
T010,投送,2944.9525605294375,2964.043469620347,中继,R003,576,PASS,exact_point,12.246501178587579,1530.9594906028888,,,独立计算 DEM 遮挡、自由空间损耗与双向预算
T010,投送,2964.043469620347,2983.134378711256,中继,R003,577,PASS,exact_point,12.246501178587579,1530.9594906028888,,,独立计算 DEM 遮挡、自由空间损耗与双向预算
T010,投送,2983.134378711256,3002.225287802165,中继,R003,578,PASS,exact_point,12.246501178587579,1530.9594906028888,,,独立计算 DEM 遮挡、自由空间损耗与双向预算
T010,投送,3002.225287802165,3021.3161968930744,中继,R003,579,PASS,exact_point,12.246501178587579,1530.9594906028888,,,独立计算 DEM 遮挡、自由空间损耗与双向预算
T010,投送,3021.3161968930744,3040.4071059839835,中继,R003,580,PASS,exact_point,12.246501178587579,1530.9594906028888,,,独立计算 DEM 遮挡、自由空间损耗与双向预算
T010,投送,3040.4071059839835,3059.4980150748925,中继,R003,581,PASS,exact_point,12.246501178587579,1530.9594906028888,,,独立计算 DEM 遮挡、自由空间损耗与双向预算
T010,投送,3059.4980150748925,3078.5889241658015,中继,R003,582,PASS,exact_point,12.246501178587579,1530.9594906028888,,,独立计算 DEM 遮挡、自由空间损耗与双向预算
T010,爬升,3078.5889241658015,3094.416198742624,中继,R003,583,PASS,worst_obstruction_endpoint_distance,2.246501178587579,1530.9594906028888,True,,端点最大距离且全时段按遮挡计损仍满足双向预算
T010,巡航,3094.416198742624,3113.659163191678,中继,R003,584,PASS,worst_obstruction_endpoint_distance,2.284357046148841,1524.301601715459,True,,端点最大距离且全时段按遮挡计损仍满足双向预算
T010,巡航,3113.659163191678,3132.902127640731,中继,R003,585,PASS,worst_obstruction_endpoint_distance,2.7720400370589147,1441.0755720656903,True,,端点最大距离且全时段按遮挡计损仍满足双向预算
T010,巡航,3132.902127640731,3152.145092089785,中继,R003,586,PASS,worst_obstruction_endpoint_distance,3.075496452645453,1391.5984477866273,True,,端点最大距离且全时段按遮挡计损仍满足双向预算
T010,巡航,3152.145092089785,3171.3880565388386,中继,R003,587,PASS,worst_obstruction_endpoint_distance,2.9875252820413323,1405.7642487413252,True,,端点最大距离且全时段按遮挡计损仍满足双向预算
T010,巡航,3171.3880565388386,3190.631020987892,直连,,588,PASS,worst_obstruction_endpoint_distance,0.04994523170643106,3933.61178757134,True,,端点最大距离且全时段按遮挡计损仍满足双向预算
T010,巡航,3190.631020987892,3209.8739854369455,直连,,589,PASS,worst_obstruction_endpoint_distance,0.5742364376337576,3703.1980271406564,True,,端点最大距离且全时段按遮挡计损仍满足双向预算
T010,巡航,3209.8739854369455,3229.116949885999,直连,,590,PASS,worst_obstruction_endpoint_distance,1.1320523341021271,3472.850927578586,True,,端点最大距离且全时段按遮挡计损仍满足双向预算
T010,巡航,3229.116949885999,3248.3599143350525,直连,,591,PASS,worst_obstruction_endpoint_distance,1.7279485949484865,3242.5846953030627,True,,端点最大距离且全时段按遮挡计损仍满足双向预算
T010,巡航,3248.3599143350525,3267.602878784106,直连,,592,PASS,worst_obstruction_endpoint_distance,2.3674708480466222,3012.4178746170883,True,,端点最大距离且全时段按遮挡计损仍满足双向预算
T010,巡航,3267.602878784106,3286.84584323316,直连,,593,PASS,worst_obstruction_endpoint_distance,3.05746148982098,2782.375136547519,True,,端点最大距离且全时段按遮挡计损仍满足双向预算
T010,巡航,3286.84584323316,3306.088807682213,直连,,594,PASS,worst_obstruction_endpoint_distance,3.8064940772127898,2552.4900300899626,True,,端点最大距离且全时段按遮挡计损仍满足双向预算
T010,巡航,3306.088807682213,3325.331772131267,直连,,595,PASS,worst_obstruction_endpoint_distance,4.625503827358557,2322.809357439291,True,,端点最大距离且全时段按遮挡计损仍满足双向预算
T010,巡航,3325.331772131267,3344.5747365803204,直连,,596,PASS,worst_obstruction_endpoint_distance,5.5287290721480105,2093.4004089930254,True,,端点最大距离且全时段按遮挡计损仍满足双向预算
T010,巡航,3344.5747365803204,3363.817701029374,直连,,597,PASS,worst_obstruction_endpoint_distance,6.535163356767683,1864.363494011997,True,,端点最大距离且全时段按遮挡计损仍满足双向预算
T010,巡航,3363.817701029374,3383.0606654784274,直连,,598,PASS,worst_obstruction_endpoint_distance,7.670879657102262,1635.8548857719554,True,,端点最大距离且全时段按遮挡计损仍满足双向预算
T010,巡航,3383.0606654784274,3402.303629927481,直连,,599,PASS,worst_obstruction_endpoint_distance,8.972909007143471,1408.131805218969,True,,端点最大距离且全时段按遮挡计损仍满足双向预算
T010,巡航,3402.303629927481,3421.5465943765344,直连,,600,PASS,worst_obstruction_endpoint_distance,10.49600906489232,1181.6484919391153,True,,端点最大距离且全时段按遮挡计损仍满足双向预算
T010,巡航,3421.5465943765344,3440.789558825588,直连,,601,PASS,worst_obstruction_endpoint_distance,12.324947391904615,957.2852971823368,True,,端点最大距离且全时段按遮挡计损仍满足双向预算
T010,巡航,3440.789558825588,3460.0325232746413,直连,,602,PASS,worst_obstruction_endpoint_distance,14.596648283036245,736.98108928749,True,,端点最大距离且全时段按遮挡计损仍满足双向预算
T010,巡航,3460.0325232746413,3479.275487723695,直连,,603,PASS,worst_obstruction_endpoint_distance,17.528335105557886,525.8622593422102,True,,端点最大距离且全时段按遮挡计损仍满足双向预算
T010,巡航,3479.275487723695,3498.5184521727488,直连,,604,PASS,worst_obstruction_endpoint_distance,21.280089398434257,341.4163289887746,True,,端点最大距离且全时段按遮挡计损仍满足双向预算
T010,下降,3498.5184521727488,3516.6172404214467,直连,,605,PASS,worst_obstruction_endpoint_distance,23.935643142447674,251.481823730469,True,,端点最大距离且全时段按遮挡计损仍满足双向预算
T010,下降,3516.6172404214467,3534.7160286701446,直连,,606,PASS,worst_obstruction_endpoint_distance,25.658533931909105,206.23485310872417,True,,端点最大距离且全时段按遮挡计损仍满足双向预算
T010,下降,3534.7160286701446,3552.8148169188426,直连,,607,PASS,worst_obstruction_endpoint_distance,27.809911405017885,160.98788248697934,True,,端点最大距离且全时段按遮挡计损仍满足双向预算
T010,下降,3552.8148169188426,3570.9136051675405,直连,,608,PASS,worst_obstruction_endpoint_distance,30.67603717313169,115.74091186523452,True,,端点最大距离且全时段按遮挡计损仍满足双向预算
T010,下降,3570.9136051675405,3589.0123934162384,直连,,609,PASS,worst_obstruction_endpoint_distance,34.98273932171074,70.49394124348967,True,,端点最大距离且全时段按遮挡计损仍满足双向预算
T010,下降,3589.0123934162384,3607.1111816649363,直连,,610,PASS,worst_obstruction_endpoint_distance,43.90158967207108,25.246970621744822,True,,端点最大距离且全时段按遮挡计损仍满足双向预算
T011,爬升,2351.0,2368.107585313585,直连,,611,PASS,worst_obstruction_endpoint_distance,42.02857583418874,31.322755940754746,True,,端点最大距离且全时段按遮挡计损仍满足双向预算
T011,爬升,2368.107585313585,2385.21517062717,直连,,612,PASS,worst_obstruction_endpoint_distance,33.6013896877198,82.6455118815108,True,,端点最大距离且全时段按遮挡计损仍满足双向预算
T011,爬升,2385.21517062717,2402.322755940755,直连,,613,PASS,worst_obstruction_endpoint_distance,29.405736324095642,133.96826782226555,True,,端点最大距离且全时段按遮挡计损仍满足双向预算
T011,爬升,2402.322755940755,2419.4303412543404,直连,,614,PASS,worst_obstruction_endpoint_distance,26.58868754837124,185.2910237630216,True,,端点最大距离且全时段按遮挡计损仍满足双向预算
T011,爬升,2419.4303412543404,2436.5379265679253,直连,,615,PASS,worst_obstruction_endpoint_distance,24.464974504050502,236.61377970377634,True,,端点最大距离且全时段按遮挡计损仍满足双向预算
T011,爬升,2436.5379265679253,2453.64551188151,直连,,616,PASS,worst_obstruction_endpoint_distance,22.759839664518097,287.93653564453103,True,,端点最大距离且全时段按遮挡计损仍满足双向预算
T011,巡航,2453.64551188151,2473.5808238659233,直连,,617,PASS,worst_obstruction_endpoint_distance,20.480295098117907,374.3466951408415,True,,端点最大距离且全时段按遮挡计损仍满足双向预算
T011,巡航,2473.5808238659233,2493.5161358503365,直连,,618,PASS,worst_obstruction_endpoint_distance,17.00674319609881,558.4079574778261,True,,端点最大距离且全时段按遮挡计损仍满足双向预算
T011,巡航,2493.5161358503365,2513.45144783475,直连,,619,PASS,worst_obstruction_endpoint_distance,14.17905786455536,773.2783748392534,True,,端点最大距离且全时段按遮挡计损仍满足双向预算
T011,巡航,2513.45144783475,2533.3867598191628,直连,,620,PASS,worst_obstruction_endpoint_distance,11.952053336171133,999.277460078685,True,,端点最大距离且全时段按遮挡计损仍满足双向预算
T011,巡航,2533.3867598191628,2553.3220718035764,直连,,621,PASS,worst_obstruction_endpoint_distance,10.145642631642374,1230.2875430794097,True,,端点最大距离且全时段按遮挡计损仍满足双向预算
T011,巡航,2553.3220718035764,2573.257383787989,直连,,622,PASS,worst_obstruction_endpoint_distance,8.635319525677161,1463.9383300872823,True,,端点最大距离且全时段按遮挡计损仍满足双向预算
T011,巡航,2573.257383787989,2593.1926957724027,直连,,623,PASS,worst_obstruction_endpoint_distance,7.341187842489873,1699.140791444107,True,,端点最大距离且全时段按遮挡计损仍满足双向预算
T011,巡航,2593.1926957724027,2613.128007756816,直连,,624,PASS,worst_obstruction_endpoint_distance,6.210677820494141,1935.3292803054635,True,,端点最大距离且全时段按遮挡计损仍满足双向预算
T011,巡航,2613.128007756816,2633.063319741229,直连,,625,PASS,worst_obstruction_endpoint_distance,5.20785024110161,2172.1821784725635,True,,端点最大距离且全时段按遮挡计损仍满足双向预算
T011,巡航,2633.063319741229,2652.998631725642,直连,,626,PASS,worst_obstruction_endpoint_distance,4.307223717296679,2409.5035606837673,True,,端点最大距离且全时段按遮挡计损仍满足双向预算
T011,巡航,2652.998631725642,2672.9339437100552,直连,,627,PASS,worst_obstruction_endpoint_distance,3.4901469519361115,2647.1674296556093,True,,端点最大距离且全时段按遮挡计损仍满足双向预算
T011,巡航,2672.9339437100552,2692.8692556944684,直连,,628,PASS,worst_obstruction_endpoint_distance,2.74259042177637,2885.089147932696,True,,端点最大距离且全时段按遮挡计损仍满足双向预算
T011,巡航,2692.8692556944684,2712.8045676788815,直连,,629,PASS,worst_obstruction_endpoint_distance,2.053752024020639,3123.2097882813323,True,,端点最大距离且全时段按遮挡计损仍满足双向预算
T011,巡航,2712.8045676788815,2732.7398796632947,直连,,630,PASS,worst_obstruction_endpoint_distance,1.4151462453782386,3361.487077309897,True,,端点最大距离且全时段按遮挡计损仍满足双向预算
T011,巡航,2732.7398796632947,2752.675191647708,直连,,631,PASS,worst_obstruction_endpoint_distance,0.8199907753844542,3599.8899093492196,True,,端点最大距离且全时段按遮挡计损仍满足双向预算
T011,巡航,2752.675191647708,2772.610503632121,直连,,632,PASS,worst_obstruction_endpoint_distance,0.26278211209398705,3838.3948920289236,True,,端点最大距离且全时段按遮挡计损仍满足双向预算
T011,巡航,2772.610503632121,2792.545815616534,中继,R003,633,PASS,worst_obstruction_endpoint_distance,10.118541759621053,618.5312841328039,True,,端点最大距离且全时段按遮挡计损仍满足双向预算
T011,巡航,2792.545815616534,2812.4811276009473,中继,R003,634,PASS,worst_obstruction_endpoint_distance,13.927638211711155,398.9393242537665,True,,端点最大距离且全时段按遮挡计损仍满足双向预算
T011,巡航,2812.4811276009473,2832.4164395853604,中继,R003,635,PASS,worst_obstruction_endpoint_distance,18.490042596505376,235.93188006197872,True,,端点最大距离且全时段按遮挡计损仍满足双向预算
T011,巡航,2832.4164395853604,2852.3517515697736,中继,R003,636,PASS,worst_obstruction_endpoint_distance,13.500443868742849,419.0506945919927,True,,端点最大距离且全时段按遮挡计损仍满足双向预算
T011,下降,2852.3517515697736,2869.15905869868,中继,R003,637,PASS,worst_obstruction_endpoint_distance,13.1511283549915,436.24688662675135,True,,端点最大距离且全时段按遮挡计损仍满足双向预算
T011,下降,2869.15905869868,2885.9663658275863,中继,R003,638,PASS,worst_obstruction_endpoint_distance,12.753667451270502,456.6730528579534,True,,端点最大距离且全时段按遮挡计损仍满足双向预算
T011,投送,2885.9663658275863,2903.9663658275863,中继,R003,639,PASS,exact_point,22.753667451270502,456.6730528579534,,,独立计算 DEM 遮挡、自由空间损耗与双向预算
T011,投送,2903.9663658275863,2921.9663658275863,中继,R003,640,PASS,exact_point,22.753667451270502,456.6730528579534,,,独立计算 DEM 遮挡、自由空间损耗与双向预算
T011,投送,2921.9663658275863,2939.9663658275863,中继,R003,641,PASS,exact_point,22.753667451270502,456.6730528579534,,,独立计算 DEM 遮挡、自由空间损耗与双向预算
T011,投送,2939.9663658275863,2957.9663658275863,中继,R003,642,PASS,exact_point,22.753667451270502,456.6730528579534,,,独立计算 DEM 遮挡、自由空间损耗与双向预算
T011,投送,2957.9663658275863,2975.9663658275863,中继,R003,643,PASS,exact_point,22.753667451270502,456.6730528579534,,,独立计算 DEM 遮挡、自由空间损耗与双向预算
T011,投送,2975.9663658275863,2993.9663658275863,中继,R003,644,PASS,exact_point,22.753667451270502,456.6730528579534,,,独立计算 DEM 遮挡、自由空间损耗与双向预算
T011,投送,2993.9663658275863,3011.9663658275863,中继,R003,645,PASS,exact_point,22.753667451270502,456.6730528579534,,,独立计算 DEM 遮挡、自由空间损耗与双向预算
T011,投送,3011.9663658275863,3029.9663658275863,中继,R003,646,PASS,exact_point,22.753667451270502,456.6730528579534,,,独立计算 DEM 遮挡、自由空间损耗与双向预算
T011,投送,3029.9663658275863,3047.9663658275863,中继,R003,647,PASS,exact_point,22.753667451270502,456.6730528579534,,,独立计算 DEM 遮挡、自由空间损耗与双向预算
T011,投送,3047.9663658275863,3065.9663658275863,中继,R003,648,PASS,exact_point,22.753667451270502,456.6730528579534,,,独立计算 DEM 遮挡、自由空间损耗与双向预算
T011,爬升,3065.9663658275863,3079.9724551016748,中继,R003,649,PASS,worst_obstruction_endpoint_distance,12.753667451270502,456.6730528579534,True,,端点最大距离且全时段按遮挡计损仍满足双向预算
T011,爬升,3079.9724551016748,3093.9785443757632,中继,R003,650,PASS,worst_obstruction_endpoint_distance,13.1511283549915,436.24688662675135,True,,端点最大距离且全时段按遮挡计损仍满足双向预算
T011,巡航,3093.9785443757632,3113.9138563601764,中继,R003,651,PASS,worst_obstruction_endpoint_distance,13.500443868742849,419.0506945919927,True,,端点最大距离且全时段按遮挡计损仍满足双向预算
T011,巡航,3113.9138563601764,3133.8491683445895,中继,R003,652,PASS,worst_obstruction_endpoint_distance,18.490042596505376,235.93188006197872,True,,端点最大距离且全时段按遮挡计损仍满足双向预算
T011,巡航,3133.8491683445895,3153.7844803290027,中继,R003,653,PASS,worst_obstruction_endpoint_distance,13.927638211711155,398.9393242537665,True,,端点最大距离且全时段按遮挡计损仍满足双向预算
T011,巡航,3153.7844803290027,3173.719792313416,中继,R003,654,PASS,worst_obstruction_endpoint_distance,10.118541759621053,618.5312841328039,True,,端点最大距离且全时段按遮挡计损仍满足双向预算
T011,巡航,3173.719792313416,3193.655104297829,直连,,655,PASS,worst_obstruction_endpoint_distance,0.26278211209398705,3838.3948920289236,True,,端点最大距离且全时段按遮挡计损仍满足双向预算
T011,巡航,3193.655104297829,3213.5904162822426,直连,,656,PASS,worst_obstruction_endpoint_distance,0.8199907753844542,3599.8899093492196,True,,端点最大距离且全时段按遮挡计损仍满足双向预算
T011,巡航,3213.5904162822426,3233.5257282666553,直连,,657,PASS,worst_obstruction_endpoint_distance,1.4151462453782386,3361.487077309897,True,,端点最大距离且全时段按遮挡计损仍满足双向预算
T011,巡航,3233.5257282666553,3253.461040251069,直连,,658,PASS,worst_obstruction_endpoint_distance,2.053752024020639,3123.2097882813323,True,,端点最大距离且全时段按遮挡计损仍满足双向预算
T011,巡航,3253.461040251069,3273.3963522354816,直连,,659,PASS,worst_obstruction_endpoint_distance,2.74259042177637,2885.089147932696,True,,端点最大距离且全时段按遮挡计损仍满足双向预算
T011,巡航,3273.3963522354816,3293.331664219895,直连,,660,PASS,worst_obstruction_endpoint_distance,3.4901469519361115,2647.1674296556093,True,,端点最大距离且全时段按遮挡计损仍满足双向预算
T011,巡航,3293.331664219895,3313.266976204308,直连,,661,PASS,worst_obstruction_endpoint_distance,4.307223717296679,2409.5035606837673,True,,端点最大距离且全时段按遮挡计损仍满足双向预算
T011,巡航,3313.266976204308,3333.2022881887215,直连,,662,PASS,worst_obstruction_endpoint_distance,5.20785024110161,2172.1821784725635,True,,端点最大距离且全时段按遮挡计损仍满足双向预算
T011,巡航,3333.2022881887215,3353.137600173134,直连,,663,PASS,worst_obstruction_endpoint_distance,6.210677820494141,1935.3292803054635,True,,端点最大距离且全时段按遮挡计损仍满足双向预算
T011,巡航,3353.137600173134,3373.0729121575478,直连,,664,PASS,worst_obstruction_endpoint_distance,7.341187842489873,1699.140791444107,True,,端点最大距离且全时段按遮挡计损仍满足双向预算
T011,巡航,3373.0729121575478,3393.008224141961,直连,,665,PASS,worst_obstruction_endpoint_distance,8.635319525677161,1463.9383300872823,True,,端点最大距离且全时段按遮挡计损仍满足双向预算
T011,巡航,3393.008224141961,3412.943536126374,直连,,666,PASS,worst_obstruction_endpoint_distance,10.145642631643526,1230.287543079246,True,,端点最大距离且全时段按遮挡计损仍满足双向预算
T011,巡航,3412.943536126374,3432.878848110787,直连,,667,PASS,worst_obstruction_endpoint_distance,11.952053336171133,999.277460078685,True,,端点最大距离且全时段按遮挡计损仍满足双向预算
T011,巡航,3432.878848110787,3452.8141600952004,直连,,668,PASS,worst_obstruction_endpoint_distance,14.17905786455536,773.2783748392534,True,,端点最大距离且全时段按遮挡计损仍满足双向预算
T011,巡航,3452.8141600952004,3472.7494720796135,直连,,669,PASS,worst_obstruction_endpoint_distance,17.00674319609881,558.4079574778261,True,,端点最大距离且全时段按遮挡计损仍满足双向预算
T011,巡航,3472.7494720796135,3492.6847840640266,直连,,670,PASS,worst_obstruction_endpoint_distance,20.480295098117907,374.3466951408415,True,,端点最大距离且全时段按遮挡计损仍满足双向预算
T011,下降,3492.6847840640266,3510.281157529428,直连,,671,PASS,worst_obstruction_endpoint_distance,22.759839664518097,287.93653564453103,True,,端点最大距离且全时段按遮挡计损仍满足双向预算
T011,下降,3510.281157529428,3527.8775309948305,直连,,672,PASS,worst_obstruction_endpoint_distance,24.199915310578675,243.94560198102727,True,,端点最大距离且全时段按遮挡计损仍满足双向预算
T011,下降,3527.8775309948305,3545.473904460232,直连,,673,PASS,worst_obstruction_endpoint_distance,25.92714420559217,199.95466831752123,True,,端点最大距离且全时段按遮挡计损仍满足双向预算
T011,下降,3545.473904460232,3563.0702779256335,直连,,674,PASS,worst_obstruction_endpoint_distance,28.08530264362895,155.9637346540174,True,,端点最大距离且全时段按遮挡计损仍满足双向预算
T011,下降,3563.0702779256335,3580.6666513910354,直连,,675,PASS,worst_obstruction_endpoint_distance,30.963524322055974,111.97280099051358,True,,端点最大距离且全时段按遮挡计损仍满足双向预算
T011,下降,3580.6666513910354,3598.2630248564374,直连,,676,PASS,worst_obstruction_endpoint_distance,35.29791337339611,67.9818673270087,True,,端点最大距离且全时段按遮挡计损仍满足双向预算
T011,下降,3598.2630248564374,3615.859398321839,直连,,677,PASS,worst_obstruction_endpoint_distance,44.344832168047475,23.990933663503824,True,,端点最大距离且全时段按遮挡计损仍满足双向预算
T012,爬升,2390.0,2407.596373465402,直连,,678,PASS,worst_obstruction_endpoint_distance,44.34483216804708,23.990933663504933,True,,端点最大距离且全时段按遮挡计损仍满足双向预算
T012,爬升,2407.596373465402,2425.1927469308034,直连,,679,PASS,worst_obstruction_endpoint_distance,35.29791337339611,67.98186732700873,True,,端点最大距离且全时段按遮挡计损仍满足双向预算
T012,爬升,2425.1927469308034,2442.7891203962054,直连,,680,PASS,worst_obstruction_endpoint_distance,30.96352432205596,111.97280099051363,True,,端点最大距离且全时段按遮挡计损仍满足双向预算
T012,爬升,2442.7891203962054,2460.3854938616073,直连,,681,PASS,worst_obstruction_endpoint_distance,28.08530264362888,155.96373465401854,True,,端点最大距离且全时段按遮挡计损仍满足双向预算
T012,爬升,2460.3854938616073,2477.981867327009,直连,,682,PASS,worst_obstruction_endpoint_distance,25.92714420559213,199.95466831752236,True,,端点最大距离且全时段按遮挡计损仍满足双向预算
T012,爬升,2477.981867327009,2495.5782407924107,直连,,683,PASS,worst_obstruction_endpoint_distance,24.199915310578675,243.9456019810272,True,,端点最大距离且全时段按遮挡计损仍满足双向预算
T012,爬升,2495.5782407924107,2513.174614257812,直连,,684,PASS,worst_obstruction_endpoint_distance,22.759839664518097,287.93653564453103,True,,端点最大距离且全时段按遮挡计损仍满足双向预算
T012,巡航,2513.174614257812,2533.109926242226,直连,,685,PASS,worst_obstruction_endpoint_distance,19.58226210365403,415.12190732371414,True,,端点最大距离且全时段按遮挡计损仍满足双向预算
T012,巡航,2533.109926242226,2553.0452382266385,直连,,686,PASS,worst_obstruction_endpoint_distance,15.505503268057225,663.7638481291795,True,,端点最大距离且全时段按遮挡计损仍满足双向预算
T012,巡航,2553.0452382266385,2572.980550211052,直连,,687,PASS,worst_obstruction_endpoint_distance,12.463229440911974,942.1656929588921,True,,端点最大距离且全时段按遮挡计损仍满足双向预算
T012,巡航,2572.980550211052,2592.915862195465,直连,,688,PASS,worst_obstruction_endpoint_distance,10.145642631643526,1230.287543079246,True,,端点最大距离且全时段按遮挡计损仍满足双向预算
T012,巡航,2592.915862195465,2612.8511741798784,直连,,689,PASS,worst_obstruction_endpoint_distance,8.293936099781448,1522.621483851366,True,,端点最大距离且全时段按遮挡计损仍满足双向预算
T012,巡航,2612.8511741798784,2632.7864861642915,直连,,690,PASS,worst_obstruction_endpoint_distance,6.758027590343033,1817.1357754107732,True,,端点最大距离且全时段按遮挡计损仍满足双向预算
T012,巡航,2632.7864861642915,2652.7217981487047,直连,,691,PASS,worst_obstruction_endpoint_distance,5.448118714902037,2112.9188740298164,True,,端点最大距离且全时段按遮挡计损仍满足双向预算
T012,巡航,2652.7217981487047,2672.657110133118,直连,,692,PASS,worst_obstruction_endpoint_distance,4.307223717296679,2409.5035606837673,True,,端点最大距离且全时段按遮挡计损仍满足双向预算
T012,巡航,2672.657110133118,2692.592422117531,直连,,693,PASS,worst_obstruction_endpoint_distance,3.2972090851020823,2706.626340747146,True,,端点最大距离且全时段按遮挡计损仍满足双向预算
T012,巡航,2692.592422117531,2712.527734101944,直连,,694,PASS,worst_obstruction_endpoint_distance,2.3914077795581505,3004.1275583214433,True,,端点最大距离且全时段按遮挡计损仍满足双向预算
T012,巡航,2712.527734101944,2732.4630460863573,直连,,695,PASS,worst_obstruction_endpoint_distance,1.5704838890166855,3301.9049234751205,True,,端点最大距离且全时段按遮挡计损仍满足双向预算
T012,巡航,2732.4630460863573,2752.3983580707704,直连,,696,PASS,worst_obstruction_endpoint_distance,0.8199907753844542,3599.8899093492196,True,,端点最大距离且全时段按遮挡计损仍满足双向预算
T012,巡航,2752.3983580707704,2772.3336700551836,直连,,697,PASS,worst_obstruction_endpoint_distance,0.1288606994990289,3898.0349015831453,True,,端点最大距离且全时段按遮挡计损仍满足双向预算
T012,巡航,2772.3336700551836,2792.2689820395967,中继,R003,698,PASS,worst_obstruction_endpoint_distance,10.948992185168862,562.133087686103,True,,端点最大距离且全时段按遮挡计损仍满足双向预算
T012,巡航,2792.2689820395967,2812.20429402401,中继,R003,699,PASS,worst_obstruction_endpoint_distance,16.38604170257858,300.598405903194,True,,端点最大距离且全时段按遮挡计损仍满足双向预算
T012,巡航,2812.20429402401,2832.139606008423,中继,R003,700,PASS,worst_obstruction_endpoint_distance,13.500443868742849,419.0506945919927,True,,端点最大距离且全时段按遮挡计损仍满足双向预算
T012,下降,2832.139606008423,2846.1456952825115,中继,R003,701,PASS,worst_obstruction_endpoint_distance,13.27367326566123,430.13530956377593,True,,端点最大距离且全时段按遮挡计损仍满足双向预算
T012,下降,2846.1456952825115,2860.1517845566,中继,R003,702,PASS,worst_obstruction_endpoint_distance,13.023244393741194,442.7173463091875,True,,端点最大距离且全时段按遮挡计损仍满足双向预算
T012,下降,2860.1517845566,2874.157873830689,中继,R003,703,PASS,worst_obstruction_endpoint_distance,12.753667451270502,456.6730528579534,True,,端点最大距离且全时段按遮挡计损仍满足双向预算
T012,投送,2874.157873830689,2893.542489215304,中继,R003,704,PASS,exact_point,22.753667451270502,456.6730528579534,,,独立计算 DEM 遮挡、自由空间损耗与双向预算
T012,投送,2893.542489215304,2912.9271045999194,中继,R003,705,PASS,exact_point,22.753667451270502,456.6730528579534,,,独立计算 DEM 遮挡、自由空间损耗与双向预算
T012,投送,2912.9271045999194,2932.3117199845346,中继,R003,706,PASS,exact_point,22.753667451270502,456.6730528579534,,,独立计算 DEM 遮挡、自由空间损耗与双向预算
T012,投送,2932.3117199845346,2951.6963353691503,中继,R003,707,PASS,exact_point,22.753667451270502,456.6730528579534,,,独立计算 DEM 遮挡、自由空间损耗与双向预算
T012,投送,2951.6963353691503,2971.0809507537656,中继,R003,708,PASS,exact_point,22.753667451270502,456.6730528579534,,,独立计算 DEM 遮挡、自由空间损耗与双向预算
T012,投送,2971.0809507537656,2990.465566138381,中继,R003,709,PASS,exact_point,22.753667451270502,456.6730528579534,,,独立计算 DEM 遮挡、自由空间损耗与双向预算
T012,投送,2990.465566138381,3009.8501815229965,中继,R003,710,PASS,exact_point,22.753667451270502,456.6730528579534,,,独立计算 DEM 遮挡、自由空间损耗与双向预算
T012,投送,3009.8501815229965,3029.234796907612,中继,R003,711,PASS,exact_point,22.753667451270502,456.6730528579534,,,独立计算 DEM 遮挡、自由空间损耗与双向预算
T012,投送,3029.234796907612,3048.619412292227,中继,R003,712,PASS,exact_point,22.753667451270502,456.6730528579534,,,独立计算 DEM 遮挡、自由空间损耗与双向预算
T012,投送,3048.619412292227,3068.0040276768423,中继,R003,713,PASS,exact_point,22.753667451270502,456.6730528579534,,,独立计算 DEM 遮挡、自由空间损耗与双向预算
T012,投送,3068.0040276768423,3087.388643061458,中继,R003,714,PASS,exact_point,22.753667451270502,456.6730528579534,,,独立计算 DEM 遮挡、自由空间损耗与双向预算
T012,投送,3087.388643061458,3106.773258446073,中继,R003,715,PASS,exact_point,22.753667451270502,456.6730528579534,,,独立计算 DEM 遮挡、自由空间损耗与双向预算
T012,投送,3106.773258446073,3126.157873830689,中继,R003,716,PASS,exact_point,22.753667451270502,456.6730528579534,,,独立计算 DEM 遮挡、自由空间损耗与双向预算
T012,爬升,3126.157873830689,3142.965180959595,中继,R003,717,PASS,worst_obstruction_endpoint_distance,12.753667451270502,456.6730528579534,True,,端点最大距离且全时段按遮挡计损仍满足双向预算
T012,爬升,3142.965180959595,3159.772488088501,中继,R003,718,PASS,worst_obstruction_endpoint_distance,13.151128354991485,436.24688662675163,True,,端点最大距离且全时段按遮挡计损仍满足双向预算
T012,巡航,3159.772488088501,3179.7078000729143,中继,R003,719,PASS,worst_obstruction_endpoint_distance,13.500443868742849,419.0506945919927,True,,端点最大距离且全时段按遮挡计损仍满足双向预算
T012,巡航,3179.7078000729143,3199.6431120573275,中继,R003,720,PASS,worst_obstruction_endpoint_distance,16.38604170257858,300.598405903194,True,,端点最大距离且全时段按遮挡计损仍满足双向预算
T012,巡航,3199.6431120573275,3219.5784240417406,中继,R003,721,PASS,worst_obstruction_endpoint_distance,10.948992185168862,562.133087686103,True,,端点最大距离且全时段按遮挡计损仍满足双向预算
T012,巡航,3219.5784240417406,3239.5137360261538,直连,,722,PASS,worst_obstruction_endpoint_distance,0.1288606994990289,3898.0349015831453,True,,端点最大距离且全时段按遮挡计损仍满足双向预算
T012,巡航,3239.5137360261538,3259.449048010567,直连,,723,PASS,worst_obstruction_endpoint_distance,0.8199907753844542,3599.8899093492196,True,,端点最大距离且全时段按遮挡计损仍满足双向预算
T012,巡航,3259.449048010567,3279.38435999498,直连,,724,PASS,worst_obstruction_endpoint_distance,1.5704838890166855,3301.9049234751205,True,,端点最大距离且全时段按遮挡计损仍满足双向预算
T012,巡航,3279.38435999498,3299.319671979393,直连,,725,PASS,worst_obstruction_endpoint_distance,2.3914077795581505,3004.1275583214433,True,,端点最大距离且全时段按遮挡计损仍满足双向预算
T012,巡航,3299.319671979393,3319.2549839638064,直连,,726,PASS,worst_obstruction_endpoint_distance,3.2972090851020823,2706.626340747146,True,,端点最大距离且全时段按遮挡计损仍满足双向预算
T012,巡航,3319.2549839638064,3339.1902959482195,直连,,727,PASS,worst_obstruction_endpoint_distance,4.307223717296679,2409.5035606837673,True,,端点最大距离且全时段按遮挡计损仍满足双向预算
T012,巡航,3339.1902959482195,3359.125607932633,直连,,728,PASS,worst_obstruction_endpoint_distance,5.448118714902037,2112.9188740298164,True,,端点最大距离且全时段按遮挡计损仍满足双向预算
T012,巡航,3359.125607932633,3379.060919917046,直连,,729,PASS,worst_obstruction_endpoint_distance,6.758027590343033,1817.1357754107732,True,,端点最大距离且全时段按遮挡计损仍满足双向预算
T012,巡航,3379.060919917046,3398.9962319014594,直连,,730,PASS,worst_obstruction_endpoint_distance,8.293936099781448,1522.621483851366,True,,端点最大距离且全时段按遮挡计损仍满足双向预算
T012,巡航,3398.9962319014594,3418.931543885872,直连,,731,PASS,worst_obstruction_endpoint_distance,10.145642631643526,1230.287543079246,True,,端点最大距离且全时段按遮挡计损仍满足双向预算
T012,巡航,3418.931543885872,3438.8668558702857,直连,,732,PASS,worst_obstruction_endpoint_distance,12.463229440911974,942.1656929588921,True,,端点最大距离且全时段按遮挡计损仍满足双向预算
T012,巡航,3438.8668558702857,3458.8021678546984,直连,,733,PASS,worst_obstruction_endpoint_distance,15.505503268057225,663.7638481291795,True,,端点最大距离且全时段按遮挡计损仍满足双向预算
T012,巡航,3458.8021678546984,3478.737479839112,直连,,734,PASS,worst_obstruction_endpoint_distance,19.58226210365403,415.12190732371414,True,,端点最大距离且全时段按遮挡计损仍满足双向预算
T012,下降,3478.737479839112,3497.983513316895,直连,,735,PASS,worst_obstruction_endpoint_distance,22.759839664518097,287.93653564453103,True,,端点最大距离且全时段按遮挡计损仍满足双向预算
T012,下降,3497.983513316895,3517.229546794678,直连,,736,PASS,worst_obstruction_endpoint_distance,24.00629760355062,249.44446868896512,True,,端点最大距离且全时段按遮挡计损仍满足双向预算
T012,下降,3517.229546794678,3536.4755802724612,直连,,737,PASS,worst_obstruction_endpoint_distance,25.462085680333843,210.9524017333992,True,,端点最大距离且全时段按遮挡计损仍满足双向预算
T012,下降,3536.4755802724612,3555.7216137502446,直连,,738,PASS,worst_obstruction_endpoint_distance,27.21199066951951,172.46033477783237,True,,端点最大距离且全时段按遮挡计损仍满足双向预算
T012,下降,3555.7216137502446,3574.967647228028,直连,,739,PASS,worst_obstruction_endpoint_distance,29.405736324095642,133.96826782226555,True,,端点最大距离且全时段按遮挡计损仍满足双向预算
T012,下降,3574.967647228028,3594.213680705811,直连,,740,PASS,worst_obstruction_endpoint_distance,32.347872576052,95.47620086669869,True,,端点最大距离且全时段按遮挡计损仍满足双向预算
T012,下降,3594.213680705811,3613.459714183594,直连,,741,PASS,worst_obstruction_endpoint_distance,36.83069612741413,56.984133911132744,True,,端点最大距离且全时段按遮挡计损仍满足双向预算
T012,下降,3613.459714183594,3632.7057476613772,直连,,742,PASS,worst_obstruction_endpoint_distance,45.92517525248826,20.0,True,,端点最大距离且全时段按遮挡计损仍满足双向预算
T013,爬升,2435.0,2453.098788248698,直连,,743,PASS,worst_obstruction_endpoint_distance,41.240813379711284,34.296364746093815,True,,端点最大距离且全时段按遮挡计损仍满足双向预算
T013,爬升,2453.098788248698,2471.197576497396,直连,,744,PASS,worst_obstruction_endpoint_distance,32.99781352057414,88.59272949218763,True,,端点最大距离且全时段按遮挡计损仍满足双向预算
T013,爬升,2471.197576497396,2489.296364746094,直连,,745,PASS,worst_obstruction_endpoint_distance,28.845793500078102,142.88909423828142,True,,端点最大距离且全时段按遮挡计损仍满足双向预算
T013,爬升,2489.296364746094,2507.3951529947917,直连,,746,PASS,worst_obstruction_endpoint_distance,26.04827745221246,197.1854589843752,True,,端点最大距离且全时段按遮挡计损仍满足双向预算
T013,爬升,2507.3951529947917,2525.4939412434896,直连,,747,PASS,worst_obstruction_endpoint_distance,23.935643142447674,251.481823730469,True,,端点最大距离且全时段按遮挡计损仍满足双向预算
T013,巡航,2525.4939412434896,2544.5105178754957,直连,,748,PASS,worst_obstruction_endpoint_distance,20.343794916914376,380.27608351961703,True,,端点最大距离且全时段按遮挡计损仍满足双向预算
T013,巡航,2544.5105178754957,2563.5270945075013,直连,,749,PASS,worst_obstruction_endpoint_distance,16.049514949605253,623.466338937083,True,,端点最大距离且全时段按遮挡计损仍满足双向预算
T013,巡航,2563.5270945075013,2582.5436711395073,直连,,750,PASS,worst_obstruction_endpoint_distance,12.939131831411018,891.9328651522274,True,,端点最大距离且全时段按遮挡计损仍满足双向预算
T013,巡航,2582.5436711395073,2601.560247771513,直连,,751,PASS,worst_obstruction_endpoint_distance,10.594093021855073,1168.3799810635858,True,,端点最大距离且全时段按遮挡计损仍满足双向预算
T013,巡航,2601.560247771513,2620.576824403519,直连,,752,PASS,worst_obstruction_endpoint_distance,8.72893580056764,1448.2447681320716,True,,端点最大距离且全时段按遮挡计损仍满足双向预算
T013,巡航,2620.576824403519,2639.593401035525,直连,,753,PASS,worst_obstruction_endpoint_distance,7.185509592415272,1729.8692496123044,True,,端点最大距离且全时段按遮挡计损仍满足双向预算
T013,巡航,2639.593401035525,2658.6099776675305,直连,,754,PASS,worst_obstruction_endpoint_distance,5.870993404915126,2012.5148240813007,True,,端点最大距离且全时段按遮挡计损仍满足双向预算
T013,巡航,2658.6099776675305,2677.6265542995366,直连,,755,PASS,worst_obstruction_endpoint_distance,4.727077525390385,2295.804390099458,True,,端点最大距离且全时段按遮挡计损仍满足双向预算
T013,巡航,2677.6265542995366,2696.643130931542,直连,,756,PASS,worst_obstruction_endpoint_distance,3.7149777055149116,2579.525782409383,True,,端点最大距离且全时段按遮挡计损仍满足双向预算
T013,巡航,2696.643130931542,2715.659707563548,直连,,757,PASS,worst_obstruction_endpoint_distance,2.807677788514951,2863.5506474809567,True,,端点最大距离且全时段按遮挡计损仍满足双向预算
T013,巡航,2715.659707563548,2734.676284195554,直连,,758,PASS,worst_obstruction_endpoint_distance,1.9856412656795612,3147.7968395884704,True,,端点最大距离且全时段按遮挡计损仍满足双向预算
T013,巡航,2734.676284195554,2753.69286082756,直连,,759,PASS,worst_obstruction_endpoint_distance,1.2342997133882534,3432.2093700731825,True,,端点最大距离且全时段按遮挡计损仍满足双向预算
T013,巡航,2753.69286082756,2772.709437459566,直连,,760,PASS,worst_obstruction_endpoint_distance,0.5425080385621612,3716.750053578153,True,,端点最大距离且全时段按遮挡计损仍满足双向预算
T013,巡航,2772.709437459566,2791.7260140915714,中继,R003,761,PASS,worst_obstruction_endpoint_distance,2.6367184328904614,1463.702574272917,True,,端点最大距离且全时段按遮挡计损仍满足双向预算
T013,巡航,2791.7260140915714,2810.7425907235775,中继,R003,762,PASS,worst_obstruction_endpoint_distance,3.0597232739024207,1394.1278229083944,True,,端点最大距离且全时段按遮挡计损仍满足双向预算
T013,巡航,2810.7425907235775,2829.7591673555835,中继,R003,763,PASS,worst_obstruction_endpoint_distance,2.861993538800405,1426.2284039160454,True,,端点最大距离且全时段按遮挡计损仍满足双向预算
T013,巡航,2829.7591673555835,2848.775743987589,中继,R003,764,PASS,worst_obstruction_endpoint_distance,2.284357046148841,1524.301601715459,True,,端点最大距离且全时段按遮挡计损仍满足双向预算
T013,下降,2848.775743987589,2867.7684734797767,中继,R003,765,PASS,worst_obstruction_endpoint_distance,2.246501178587579,1530.9594906028888,True,,端点最大距离且全时段按遮挡计损仍满足双向预算
T013,投送,2867.7684734797767,2887.7684734797767,中继,R003,766,PASS,exact_point,12.246501178587579,1530.9594906028888,,,独立计算 DEM 遮挡、自由空间损耗与双向预算
T013,投送,2887.7684734797767,2907.7684734797767,中继,R003,767,PASS,exact_point,12.246501178587579,1530.9594906028888,,,独立计算 DEM 遮挡、自由空间损耗与双向预算
T013,投送,2907.7684734797767,2927.7684734797767,中继,R003,768,PASS,exact_point,12.246501178587579,1530.9594906028888,,,独立计算 DEM 遮挡、自由空间损耗与双向预算
T013,投送,2927.7684734797767,2947.7684734797767,中继,R003,769,PASS,exact_point,12.246501178587579,1530.9594906028888,,,独立计算 DEM 遮挡、自由空间损耗与双向预算
T013,投送,2947.7684734797767,2967.7684734797767,中继,R003,770,PASS,exact_point,12.246501178587579,1530.9594906028888,,,独立计算 DEM 遮挡、自由空间损耗与双向预算
T013,投送,2967.7684734797767,2987.7684734797767,中继,R003,771,PASS,exact_point,12.246501178587579,1530.9594906028888,,,独立计算 DEM 遮挡、自由空间损耗与双向预算
T013,投送,2987.7684734797767,3007.7684734797767,中继,R003,772,PASS,exact_point,12.246501178587579,1530.9594906028888,,,独立计算 DEM 遮挡、自由空间损耗与双向预算
T013,投送,3007.7684734797767,3027.7684734797767,中继,R003,773,PASS,exact_point,12.246501178587579,1530.9594906028888,,,独立计算 DEM 遮挡、自由空间损耗与双向预算
T013,投送,3027.7684734797767,3047.7684734797767,中继,R003,774,PASS,exact_point,12.246501178587579,1530.9594906028888,,,独立计算 DEM 遮挡、自由空间损耗与双向预算
T013,爬升,3047.7684734797767,3063.5957480565994,中继,R003,775,PASS,worst_obstruction_endpoint_distance,2.246501178587579,1530.9594906028888,True,,端点最大距离且全时段按遮挡计损仍满足双向预算
T013,巡航,3063.5957480565994,3082.6123246886054,中继,R003,776,PASS,worst_obstruction_endpoint_distance,2.284357046148841,1524.301601715459,True,,端点最大距离且全时段按遮挡计损仍满足双向预算
T013,巡航,3082.6123246886054,3101.628901320611,中继,R003,777,PASS,worst_obstruction_endpoint_distance,2.861993538800405,1426.2284039160454,True,,端点最大距离且全时段按遮挡计损仍满足双向预算
T013,巡航,3101.628901320611,3120.645477952617,中继,R003,778,PASS,worst_obstruction_endpoint_distance,3.0597232739024207,1394.1278229083944,True,,端点最大距离且全时段按遮挡计损仍满足双向预算
T013,巡航,3120.645477952617,3139.6620545846226,中继,R003,779,PASS,worst_obstruction_endpoint_distance,2.6367184328904614,1463.702574272917,True,,端点最大距离且全时段按遮挡计损仍满足双向预算
T013,巡航,3139.6620545846226,3158.6786312166287,直连,,780,PASS,worst_obstruction_endpoint_distance,0.5425080385621612,3716.750053578153,True,,端点最大距离且全时段按遮挡计损仍满足双向预算
T013,巡航,3158.6786312166287,3177.6952078486347,直连,,781,PASS,worst_obstruction_endpoint_distance,1.2342997133882534,3432.2093700731825,True,,端点最大距离且全时段按遮挡计损仍满足双向预算
T013,巡航,3177.6952078486347,3196.7117844806403,直连,,782,PASS,worst_obstruction_endpoint_distance,1.9856412656795612,3147.7968395884704,True,,端点最大距离且全时段按遮挡计损仍满足双向预算
T013,巡航,3196.7117844806403,3215.728361112646,直连,,783,PASS,worst_obstruction_endpoint_distance,2.807677788514951,2863.5506474809567,True,,端点最大距离且全时段按遮挡计损仍满足双向预算
T013,巡航,3215.728361112646,3234.744937744652,直连,,784,PASS,worst_obstruction_endpoint_distance,3.7149777055149116,2579.525782409383,True,,端点最大距离且全时段按遮挡计损仍满足双向预算
T013,巡航,3234.744937744652,3253.761514376658,直连,,785,PASS,worst_obstruction_endpoint_distance,4.727077525390385,2295.804390099458,True,,端点最大距离且全时段按遮挡计损仍满足双向预算
T013,巡航,3253.761514376658,3272.778091008664,直连,,786,PASS,worst_obstruction_endpoint_distance,5.870993404915126,2012.5148240813007,True,,端点最大距离且全时段按遮挡计损仍满足双向预算
T013,巡航,3272.778091008664,3291.7946676406696,直连,,787,PASS,worst_obstruction_endpoint_distance,7.185509592415272,1729.8692496123044,True,,端点最大距离且全时段按遮挡计损仍满足双向预算
T013,巡航,3291.7946676406696,3310.811244272675,直连,,788,PASS,worst_obstruction_endpoint_distance,8.72893580056764,1448.2447681320716,True,,端点最大距离且全时段按遮挡计损仍满足双向预算
T013,巡航,3310.811244272675,3329.827820904681,直连,,789,PASS,worst_obstruction_endpoint_distance,10.594093021855073,1168.3799810635858,True,,端点最大距离且全时段按遮挡计损仍满足双向预算
T013,巡航,3329.827820904681,3348.844397536687,直连,,790,PASS,worst_obstruction_endpoint_distance,12.939131831411018,891.9328651522274,True,,端点最大距离且全时段按遮挡计损仍满足双向预算
T013,巡航,3348.844397536687,3367.8609741686932,直连,,791,PASS,worst_obstruction_endpoint_distance,16.049514949605253,623.466338937083,True,,端点最大距离且全时段按遮挡计损仍满足双向预算
T013,巡航,3367.8609741686932,3386.877550800699,直连,,792,PASS,worst_obstruction_endpoint_distance,20.343794916914376,380.27608351961703,True,,端点最大距离且全时段按遮挡计损仍满足双向预算
T013,下降,3386.877550800699,3404.9763390493968,直连,,793,PASS,worst_obstruction_endpoint_distance,23.935643142447674,251.481823730469,True,,端点最大距离且全时段按遮挡计损仍满足双向预算
T013,下降,3404.9763390493968,3423.0751272980947,直连,,794,PASS,worst_obstruction_endpoint_distance,25.658533931909105,206.23485310872417,True,,端点最大距离且全时段按遮挡计损仍满足双向预算
T013,下降,3423.0751272980947,3441.1739155467926,直连,,795,PASS,worst_obstruction_endpoint_distance,27.809911405017885,160.98788248697934,True,,端点最大距离且全时段按遮挡计损仍满足双向预算
T013,下降,3441.1739155467926,3459.2727037954905,直连,,796,PASS,worst_obstruction_endpoint_distance,30.67603717313169,115.74091186523452,True,,端点最大距离且全时段按遮挡计损仍满足双向预算
T013,下降,3459.2727037954905,3477.3714920441885,直连,,797,PASS,worst_obstruction_endpoint_distance,34.98273932171074,70.49394124348967,True,,端点最大距离且全时段按遮挡计损仍满足双向预算
T013,下降,3477.3714920441885,3495.4702802928864,直连,,798,PASS,worst_obstruction_endpoint_distance,43.90158967207108,25.246970621744822,True,,端点最大距离且全时段按遮挡计损仍满足双向预算
T014,爬升,2521.0,2539.0876724243167,直连,,799,PASS,worst_obstruction_endpoint_distance,41.24926306189187,34.26301727294995,True,,端点最大距离且全时段按遮挡计损仍满足双向预算
T014,爬升,2539.0876724243167,2557.175344848633,直连,,800,PASS,worst_obstruction_endpoint_distance,33.00435495025734,88.52603454589851,True,,端点最大距离且全时段按遮挡计损仍满足双向预算
T014,爬升,2557.175344848633,2575.2630172729496,直连,,801,PASS,worst_obstruction_endpoint_distance,28.851876971718013,142.7890518188484,True,,端点最大距离且全时段按遮挡计损仍满足双向预算
T014,爬升,2575.2630172729496,2593.350689697266,直连,,802,PASS,worst_obstruction_endpoint_distance,26.054155177428697,197.05206909179702,True,,端点最大距离且全时段按遮挡计损仍满足双向预算
T014,爬升,2593.350689697266,2611.438362121582,直连,,803,PASS,worst_obstruction_endpoint_distance,23.941403967071793,251.31508636474558,True,,端点最大距离且全时段按遮挡计损仍满足双向预算
T014,爬升,2611.438362121582,2629.5260345458987,直连,,804,PASS,worst_obstruction_endpoint_distance,22.24333053746038,305.5781036376955,True,,端点最大距离且全时段按遮挡计损仍满足双向预算
T014,爬升,2629.5260345458987,2647.613706970215,直连,,805,PASS,worst_obstruction_endpoint_distance,20.823559347214356,359.84112091064407,True,,端点最大距离且全时段按遮挡计损仍满足双向预算
T014,爬升,2647.613706970215,2665.7013793945316,直连,,806,PASS,worst_obstruction_endpoint_distance,19.603583756332725,414.104138183594,True,,端点最大距离且全时段按遮挡计损仍满足双向预算
T014,巡航,2665.7013793945316,2685.2264539027333,直连,,807,PASS,worst_obstruction_endpoint_distance,18.39741098882675,475.7931759032307,True,,端点最大距离且全时段按遮挡计损仍满足双向预算
T014,巡航,2685.2264539027333,2704.751528410935,直连,,808,PASS,worst_obstruction_endpoint_distance,16.02323156066953,625.3557972562114,True,,端点最大距离且全时段按遮挡计损仍满足双向预算
T014,巡航,2704.751528410935,2724.2766029191366,直连,,809,PASS,worst_obstruction_endpoint_distance,13.713939458904292,815.815186202598,True,,端点最大距离且全时段按遮挡计损仍满足双向预算
T014,巡航,2724.2766029191366,2743.8016774273383,直连,,810,PASS,worst_obstruction_endpoint_distance,11.73457387155004,1024.6134787645549,True,,端点最大距离且全时段按遮挡计损仍满足双向预算
T014,巡航,2743.8016774273383,2763.3267519355404,直连,,811,PASS,worst_obstruction_endpoint_distance,10.059569536755163,1242.5397223605517,True,,端点最大距离且全时段按遮挡计损仍满足双向预算
T014,巡航,2763.3267519355404,2782.851826443742,直连,,812,PASS,worst_obstruction_endpoint_distance,8.625895505130202,1465.527536545165,True,,端点最大距离且全时段按遮挡计损仍满足双向预算
T014,巡航,2782.851826443742,2802.3769009519438,直连,,813,PASS,worst_obstruction_endpoint_distance,7.37994272538333,1691.5764177391372,True,,端点最大距离且全时段按遮挡计损仍满足双向预算
T014,巡航,2802.3769009519438,2821.9019754601454,直连,,814,PASS,worst_obstruction_endpoint_distance,6.281536472192059,1919.6052749671428,True,,端点最大距离且全时段按遮挡计损仍满足双向预算
T014,巡航,2821.9019754601454,2841.427049968347,直连,,815,PASS,worst_obstruction_endpoint_distance,5.301111871503167,2148.983914379498,True,,端点最大距离且全时段按遮挡计损仍满足双向预算
T014,巡航,2841.427049968347,2860.952124476549,直连,,816,PASS,worst_obstruction_endpoint_distance,4.4167107952732465,2379.3219905663836,True,,端点最大距离且全时段按遮挡计损仍满足双向预算
T014,巡航,2860.952124476549,2880.4771989847504,直连,,817,PASS,worst_obstruction_endpoint_distance,3.6117486322979744,2610.3655344174194,True,,端点最大距离且全时段按遮挡计损仍满足双向预算
T014,巡航,2880.4771989847504,2900.0022734929526,直连,,818,PASS,worst_obstruction_endpoint_distance,2.8734694540850256,2841.9424923292363,True,,端点最大距离且全时段按遮挡计损仍满足双向预算
T014,巡航,2900.0022734929526,2919.527348001154,直连,,819,PASS,worst_obstruction_endpoint_distance,2.191889165852203,3073.93231124083,True,,端点最大距离且全时段按遮挡计损仍满足双向预算
T014,巡航,2919.527348001154,2939.052422509356,直连,,820,PASS,worst_obstruction_endpoint_distance,1.559066410352358,3306.248084524794,True,,端点最大距离且全时段按遮挡计损仍满足双向预算
T014,巡航,2939.052422509356,2958.5774970175576,直连,,821,PASS,worst_obstruction_endpoint_distance,0.9685919145869804,3538.825618295985,True,,端点最大距离且全时段按遮挡计损仍满足双向预算
T014,巡航,2958.5774970175576,2978.1025715257592,直连,,822,PASS,worst_obstruction_endpoint_distance,0.41522465241320106,3771.616488316685,True,,端点最大距离且全时段按遮挡计损仍满足双向预算
T014,巡航,2978.1025715257592,2997.6276460339614,中继,R004,823,PASS,worst_obstruction_endpoint_distance,0.8490302798144427,1798.1968986308907,True,,端点最大距离且全时段按遮挡计损仍满足双向预算
T014,巡航,2997.6276460339614,3017.152720542163,中继,R004,824,PASS,worst_obstruction_endpoint_distance,2.0466724140916455,1566.5892338167546,True,,端点最大距离且全时段按遮挡计损仍满足双向预算
T014,巡航,3017.152720542163,3036.6777950503647,中继,R004,825,PASS,worst_obstruction_endpoint_distance,3.4301584898653914,1335.9211753415657,True,,端点最大距离且全时段按遮挡计损仍满足双向预算
T014,巡航,3036.6777950503647,3056.2028695585664,中继,R004,826,PASS,worst_obstruction_endpoint_distance,5.064546292495137,1106.7803593719177,True,,端点最大距离且全时段按遮挡计损仍满足双向预算
T014,巡航,3056.2028695585664,3075.727944066768,中继,R004,827,PASS,worst_obstruction_endpoint_distance,7.052567845391934,880.3601302922355,True,,端点最大距离且全时段按遮挡计损仍满足双向预算
T014,巡航,3075.727944066768,3095.25301857497,中继,R004,828,PASS,worst_obstruction_endpoint_distance,9.561891354059668,659.468704394305,True,,端点最大距离且全时段按遮挡计损仍满足双向预算
T014,巡航,3095.25301857497,3114.778093083172,中继,R004,829,PASS,worst_obstruction_endpoint_distance,12.837614657622282,452.2806684940842,True,,端点最大距离且全时段按遮挡计损仍满足双向预算
T014,巡航,3114.778093083172,3134.3031675913735,中继,R004,830,PASS,worst_obstruction_endpoint_distance,16.70244194914028,289.845565882971,True,,端点最大距离且全时段按遮挡计损仍满足双向预算
T014,巡航,3134.3031675913735,3153.828242099575,中继,R004,831,PASS,worst_obstruction_endpoint_distance,13.582992870799032,415.086983475622,True,,端点最大距离且全时段按遮挡计损仍满足双向预算
T014,巡航,3153.828242099575,3173.353316607777,中继,R004,832,PASS,worst_obstruction_endpoint_distance,10.135028927687586,617.3583292313319,True,,端点最大距离且全时段按遮挡计损仍满足双向预算
T014,巡航,3173.353316607777,3192.878391115979,中继,R004,833,PASS,worst_obstruction_endpoint_distance,7.496288825348643,836.5161250342817,True,,端点最大距离且全时段按遮挡计损仍满足双向预算
T014,巡航,3192.878391115979,3212.40346562418,中继,R004,834,PASS,worst_obstruction_endpoint_distance,5.421987482213211,1062.158635121915,True,,端点最大距离且全时段按遮挡计损仍满足双向预算
T014,巡航,3212.40346562418,3231.9285401323823,中继,R004,835,PASS,worst_obstruction_endpoint_distance,3.7279916585073067,1290.889818240399,True,,端点最大距离且全时段按遮挡计损仍满足双向预算
T014,巡航,3231.9285401323823,3251.453614640584,中继,R004,836,PASS,worst_obstruction_endpoint_distance,2.30137989286807,1521.3171587343563,True,,端点最大距离且全时段按遮挡计损仍满足双向预算
T014,巡航,3251.453614640584,3270.9786891487856,中继,R004,837,PASS,worst_obstruction_endpoint_distance,1.0712674676761509,1752.7718305681353,True,,端点最大距离且全时段按遮挡计损仍满足双向预算
T014,下降,3270.9786891487856,3288.8430202034733,中继,R004,838,PASS,worst_obstruction_endpoint_distance,1.0712674676761509,1752.7718305681353,True,,端点最大距离且全时段按遮挡计损仍满足双向预算
T014,下降,3288.8430202034733,3306.7073512581605,中继,R004,839,PASS,worst_obstruction_endpoint_distance,1.079490722717381,1751.1132014983282,True,,端点最大距离且全时段按遮挡计损仍满足双向预算
T014,下降,3306.7073512581605,3324.571682312848,中继,R004,840,PASS,worst_obstruction_endpoint_distance,1.079003193774426,1751.2114922161775,True,,端点最大距离且全时段按遮挡计损仍满足双向预算
T014,下降,3324.571682312848,3342.4360133675355,中继,R004,841,PASS,worst_obstruction_endpoint_distance,1.070294308703211,1752.9682204905325,True,,端点最大距离且全时段按遮挡计损仍满足双向预算
T014,下降,3342.4360133675355,3360.300344422223,中继,R004,842,PASS,worst_obstruction_endpoint_distance,1.0559798351574585,1755.8595196313033,True,,端点最大距离且全时段按遮挡计损仍满足双向预算
T014,投送,3360.300344422223,3379.391253513132,中继,R004,843,PASS,exact_point,11.055979835157459,1755.8595196313033,,,独立计算 DEM 遮挡、自由空间损耗与双向预算
T014,投送,3379.391253513132,3398.482162604041,中继,R004,844,PASS,exact_point,11.055979835157459,1755.8595196313033,,,独立计算 DEM 遮挡、自由空间损耗与双向预算
T014,投送,3398.482162604041,3417.57307169495,中继,R004,845,PASS,exact_point,11.055979835157459,1755.8595196313033,,,独立计算 DEM 遮挡、自由空间损耗与双向预算
T014,投送,3417.57307169495,3436.663980785859,中继,R004,846,PASS,exact_point,11.055979835157459,1755.8595196313033,,,独立计算 DEM 遮挡、自由空间损耗与双向预算
T014,投送,3436.663980785859,3455.7548898767686,中继,R004,847,PASS,exact_point,11.055979835157459,1755.8595196313033,,,独立计算 DEM 遮挡、自由空间损耗与双向预算
T014,投送,3455.7548898767686,3474.8457989676776,中继,R004,848,PASS,exact_point,11.055979835157459,1755.8595196313033,,,独立计算 DEM 遮挡、自由空间损耗与双向预算
T014,投送,3474.8457989676776,3493.9367080585866,中继,R004,849,PASS,exact_point,11.055979835157459,1755.8595196313033,,,独立计算 DEM 遮挡、自由空间损耗与双向预算
T014,投送,3493.9367080585866,3513.027617149496,中继,R004,850,PASS,exact_point,11.055979835157459,1755.8595196313033,,,独立计算 DEM 遮挡、自由空间损耗与双向预算
T014,投送,3513.027617149496,3532.118526240405,中继,R004,851,PASS,exact_point,11.055979835157459,1755.8595196313033,,,独立计算 DEM 遮挡、自由空间损耗与双向预算
T014,投送,3532.118526240405,3551.209435331314,中继,R004,852,PASS,exact_point,11.055979835157459,1755.8595196313033,,,独立计算 DEM 遮挡、自由空间损耗与双向预算
T014,投送,3551.209435331314,3570.300344422223,中继,R004,853,PASS,exact_point,11.055979835157459,1755.8595196313033,,,独立计算 DEM 遮挡、自由空间损耗与双向预算
T014,爬升,3570.300344422223,3588.9090226041894,中继,R004,854,PASS,worst_obstruction_endpoint_distance,1.0559798351574585,1755.8595196313033,True,,端点最大距离且全时段按遮挡计损仍满足双向预算
T014,爬升,3588.9090226041894,3607.5177007861557,中继,R004,855,PASS,worst_obstruction_endpoint_distance,1.0729987463525248,1752.4225014587198,True,,端点最大距离且全时段按遮挡计损仍满足双向预算
T014,爬升,3607.5177007861557,3626.1263789681216,中继,R004,856,PASS,worst_obstruction_endpoint_distance,1.0806658488908738,1750.876306966168,True,,端点最大距离且全时段按遮挡计损仍满足双向预算
T014,爬升,3626.1263789681216,3644.735057150088,中继,R004,857,PASS,worst_obstruction_endpoint_distance,1.0712674676761509,1752.7718305681353,True,,端点最大距离且全时段按遮挡计损仍满足双向预算
T014,巡航,3644.735057150088,3664.2601316582895,中继,R004,858,PASS,worst_obstruction_endpoint_distance,1.0712674676761509,1752.7718305681353,True,,端点最大距离且全时段按遮挡计损仍满足双向预算
T014,巡航,3664.2601316582895,3683.7852061664917,中继,R004,859,PASS,worst_obstruction_endpoint_distance,2.30137989286807,1521.3171587343563,True,,端点最大距离且全时段按遮挡计损仍满足双向预算
T014,巡航,3683.7852061664917,3703.310280674693,中继,R004,860,PASS,worst_obstruction_endpoint_distance,3.7279916585073067,1290.889818240399,True,,端点最大距离且全时段按遮挡计损仍满足双向预算
T014,巡航,3703.310280674693,3722.835355182895,中继,R004,861,PASS,worst_obstruction_endpoint_distance,5.421987482213211,1062.158635121915,True,,端点最大距离且全时段按遮挡计损仍满足双向预算
T014,巡航,3722.835355182895,3742.3604296910967,中继,R004,862,PASS,worst_obstruction_endpoint_distance,7.496288825348643,836.5161250342817,True,,端点最大距离且全时段按遮挡计损仍满足双向预算
T014,巡航,3742.3604296910967,3761.8855041992983,中继,R004,863,PASS,worst_obstruction_endpoint_distance,10.135028927687586,617.3583292313319,True,,端点最大距离且全时段按遮挡计损仍满足双向预算
T014,巡航,3761.8855041992983,3781.4105787075,中继,R004,864,PASS,worst_obstruction_endpoint_distance,13.582992870799032,415.086983475622,True,,端点最大距离且全时段按遮挡计损仍满足双向预算
T014,巡航,3781.4105787075,3800.9356532157017,中继,R004,865,PASS,worst_obstruction_endpoint_distance,16.70244194914028,289.845565882971,True,,端点最大距离且全时段按遮挡计损仍满足双向预算
T014,巡航,3800.9356532157017,3820.460727723904,中继,R004,866,PASS,worst_obstruction_endpoint_distance,12.837614657622282,452.2806684940842,True,,端点最大距离且全时段按遮挡计损仍满足双向预算
T014,巡航,3820.460727723904,3839.985802232105,中继,R004,867,PASS,worst_obstruction_endpoint_distance,9.561891354059668,659.468704394305,True,,端点最大距离且全时段按遮挡计损仍满足双向预算
T014,巡航,3839.985802232105,3859.510876740307,中继,R004,868,PASS,worst_obstruction_endpoint_distance,7.052567845391934,880.3601302922355,True,,端点最大距离且全时段按遮挡计损仍满足双向预算
T014,巡航,3859.510876740307,3879.035951248509,中继,R004,869,PASS,worst_obstruction_endpoint_distance,5.0645462924954785,1106.7803593718747,True,,端点最大距离且全时段按遮挡计损仍满足双向预算
T014,巡航,3879.035951248509,3898.5610257567105,中继,R004,870,PASS,worst_obstruction_endpoint_distance,3.4301584898653914,1335.9211753415657,True,,端点最大距离且全时段按遮挡计损仍满足双向预算
T014,巡航,3898.5610257567105,3918.086100264912,中继,R004,871,PASS,worst_obstruction_endpoint_distance,2.0466724140916455,1566.5892338167546,True,,端点最大距离且全时段按遮挡计损仍满足双向预算
T014,巡航,3918.086100264912,3937.611174773114,中继,R004,872,PASS,worst_obstruction_endpoint_distance,0.8490302798144427,1798.1968986308907,True,,端点最大距离且全时段按遮挡计损仍满足双向预算
T014,巡航,3937.611174773114,3957.136249281316,直连,,873,PASS,worst_obstruction_endpoint_distance,0.41522465241320106,3771.616488316685,True,,端点最大距离且全时段按遮挡计损仍满足双向预算
T014,巡航,3957.136249281316,3976.6613237895176,直连,,874,PASS,worst_obstruction_endpoint_distance,0.9685919145869804,3538.825618295985,True,,端点最大距离且全时段按遮挡计损仍满足双向预算
T014,巡航,3976.6613237895176,3996.1863982977193,直连,,875,PASS,worst_obstruction_endpoint_distance,1.559066410352358,3306.248084524794,True,,端点最大距离且全时段按遮挡计损仍满足双向预算
T014,巡航,3996.1863982977193,4015.711472805921,直连,,876,PASS,worst_obstruction_endpoint_distance,2.191889165852203,3073.93231124083,True,,端点最大距离且全时段按遮挡计损仍满足双向预算
T014,巡航,4015.711472805921,4035.2365473141226,直连,,877,PASS,worst_obstruction_endpoint_distance,2.8734694540850256,2841.9424923292363,True,,端点最大距离且全时段按遮挡计损仍满足双向预算
T014,巡航,4035.2365473141226,4054.7616218223247,直连,,878,PASS,worst_obstruction_endpoint_distance,3.6117486322979744,2610.3655344174194,True,,端点最大距离且全时段按遮挡计损仍满足双向预算
T014,巡航,4054.7616218223247,4074.286696330526,直连,,879,PASS,worst_obstruction_endpoint_distance,4.4167107952732465,2379.3219905663836,True,,端点最大距离且全时段按遮挡计损仍满足双向预算
T014,巡航,4074.286696330526,4093.811770838728,直连,,880,PASS,worst_obstruction_endpoint_distance,5.301111871503167,2148.983914379498,True,,端点最大距离且全时段按遮挡计损仍满足双向预算
T014,巡航,4093.811770838728,4113.33684534693,直连,,881,PASS,worst_obstruction_endpoint_distance,6.281536472192059,1919.6052749671428,True,,端点最大距离且全时段按遮挡计损仍满足双向预算
T014,巡航,4113.33684534693,4132.861919855131,直连,,882,PASS,worst_obstruction_endpoint_distance,7.37994272538333,1691.5764177391372,True,,端点最大距离且全时段按遮挡计损仍满足双向预算
T014,巡航,4132.861919855131,4152.386994363333,直连,,883,PASS,worst_obstruction_endpoint_distance,8.625895505130202,1465.527536545165,True,,端点最大距离且全时段按遮挡计损仍满足双向预算
T014,巡航,4152.386994363333,4171.912068871535,直连,,884,PASS,worst_obstruction_endpoint_distance,10.059569536755163,1242.5397223605517,True,,端点最大距离且全时段按遮挡计损仍满足双向预算
T014,巡航,4171.912068871535,4191.437143379737,直连,,885,PASS,worst_obstruction_endpoint_distance,11.73457387155004,1024.6134787645549,True,,端点最大距离且全时段按遮挡计损仍满足双向预算
T014,巡航,4191.437143379737,4210.962217887938,直连,,886,PASS,worst_obstruction_endpoint_distance,13.713939458904292,815.815186202598,True,,端点最大距离且全时段按遮挡计损仍满足双向预算
T014,巡航,4210.962217887938,4230.48729239614,直连,,887,PASS,worst_obstruction_endpoint_distance,16.02323156066899,625.3557972562493,True,,端点最大距离且全时段按遮挡计损仍满足双向预算
T014,巡航,4230.48729239614,4250.012366904342,直连,,888,PASS,worst_obstruction_endpoint_distance,18.39741098882675,475.7931759032307,True,,端点最大距离且全时段按遮挡计损仍满足双向预算
T014,下降,4250.012366904342,4269.3058841569455,直连,,889,PASS,worst_obstruction_endpoint_distance,19.603583756332725,414.104138183594,True,,端点最大距离且全时段按遮挡计损仍满足双向预算
T014,下降,4269.3058841569455,4288.59940140955,直连,,890,PASS,worst_obstruction_endpoint_distance,20.67923096631543,365.87034505208607,True,,端点最大距离且全时段按遮挡计损仍满足双向预算
T014,下降,4288.59940140955,4307.892918662154,直连,,891,PASS,worst_obstruction_endpoint_distance,21.907165707290872,317.6365519205736,True,,端点最大距离且全时段按遮挡计损仍满足双向预算
T014,下降,4307.892918662154,4327.1864359147585,直连,,892,PASS,worst_obstruction_endpoint_distance,23.337734390683906,269.4027587890634,True,,端点最大距离且全时段按遮挡计损仍满足双向预算
T014,下降,4327.1864359147585,4346.479953167363,直连,,893,PASS,worst_obstruction_endpoint_distance,25.05129142823644,221.1689656575532,True,,端点最大距离且全时段按遮挡计损仍满足双向预算
T014,下降,4346.479953167363,4365.7734704199665,直连,,894,PASS,worst_obstruction_endpoint_distance,27.18810853562924,172.93517252604073,True,,端点最大距离且全时段按遮挡计损仍满足双向预算
T014,下降,4365.7734704199665,4385.0669876725715,直连,,895,PASS,worst_obstruction_endpoint_distance,30.02835001598521,124.70137939453286,True,,端点最大距离且全时段按遮挡计损仍满足双向预算
T014,下降,4385.0669876725715,4404.3605049251755,直连,,896,PASS,worst_obstruction_endpoint_distance,34.276227532041716,76.4675862630204,True,,端点最大距离且全时段按遮挡计损仍满足双向预算
T014,下降,4404.3605049251755,4423.65402217778,直连,,897,PASS,worst_obstruction_endpoint_distance,42.93039059934276,28.233793131510197,True,,端点最大距离且全时段按遮挡计损仍满足双向预算
T015,爬升,2605.0,2623.2987226213727,直连,,898,PASS,worst_obstruction_endpoint_distance,41.09022041847288,34.8961678641181,True,,端点最大距离且全时段按遮挡计损仍满足双向预算
T015,爬升,2623.2987226213727,2641.5974452427454,直连,,899,PASS,worst_obstruction_endpoint_distance,32.88098978943424,89.7923357282362,True,,端点最大距离且全时段按遮挡计损仍满足双向预算
T015,爬升,2641.5974452427454,2659.896167864118,直连,,900,PASS,worst_obstruction_endpoint_distance,28.737094664292826,144.68850359235432,True,,端点最大距离且全时段按遮挡计损仍满足双向预算
T015,爬升,2659.896167864118,2678.194890485491,直连,,901,PASS,worst_obstruction_endpoint_distance,25.943231496630872,199.58467145647376,True,,端点最大距离且全时段按遮挡计损仍满足双向预算
T015,爬升,2678.194890485491,2696.493613106864,直连,,902,PASS,worst_obstruction_endpoint_distance,23.832673396210197,254.48083932059183,True,,端点最大距离且全时段按遮挡计损仍满足双向预算
T015,爬升,2696.493613106864,2714.7923357282366,直连,,903,PASS,worst_obstruction_endpoint_distance,22.136014487477,309.37700718470995,True,,端点最大距离且全时段按遮挡计损仍满足双向预算
T015,爬升,2714.7923357282366,2733.0910583496093,直连,,904,PASS,worst_obstruction_endpoint_distance,20.717231343301734,364.273175048828,True,,端点最大距离且全时段按遮挡计损仍满足双向预算
T015,巡航,2733.0910583496093,2751.984924997995,直连,,905,PASS,worst_obstruction_endpoint_distance,18.661672477929415,461.5355244926001,True,,端点最大距离且全时段按遮挡计损仍满足双向预算
T015,巡航,2751.984924997995,2770.8787916463816,直连,,906,PASS,worst_obstruction_endpoint_distance,15.375452699934556,673.7769091431577,True,,端点最大距离且全时段按遮挡计损仍满足双向预算
T015,巡航,2770.8787916463816,2789.7726582947676,直连,,907,PASS,worst_obstruction_endpoint_distance,12.623190271631984,924.9734022323017,True,,端点最大距离且全时段按遮挡计损仍满足双向预算
T015,巡航,2789.7726582947676,2808.666524943154,直连,,908,PASS,worst_obstruction_endpoint_distance,10.429575041650054,1190.7209811695823,True,,端点最大距离且全时段按遮挡计损仍满足双向预算
T015,巡航,2808.666524943154,2827.56039159154,直连,,909,PASS,worst_obstruction_endpoint_distance,8.640222545108585,1463.112197944657,True,,端点最大距离且全时段按遮挡计损仍满足双向预算
T015,巡航,2827.56039159154,2846.4542582399263,直连,,910,PASS,worst_obstruction_endpoint_distance,7.139643736160679,1739.027987459995,True,,端点最大距离且全时段按遮挡计损仍满足双向预算
T015,巡航,2846.4542582399263,2865.348124888312,直连,,911,PASS,worst_obstruction_endpoint_distance,5.851560521092864,2017.0224508369258,True,,端点最大距离且全时段按遮挡计损仍满足双向预算
T015,巡航,2865.348124888312,2884.241991536698,直连,,912,PASS,worst_obstruction_endpoint_distance,4.725048394892426,2296.340780852931,True,,端点最大距离且全时段按遮挡计损仍满足双向预算
T015,巡航,2884.241991536698,2903.1358581850845,直连,,913,PASS,worst_obstruction_endpoint_distance,3.7249953747456317,2576.552461149355,True,,端点最大距离且全时段按遮挡计损仍满足双向预算
T015,巡航,2903.1358581850845,2922.0297248334705,直连,,914,PASS,worst_obstruction_endpoint_distance,2.8263705191290995,2857.394683434026,True,,端点最大距离且全时段按遮挡计损仍满足双向预算
T015,巡航,2922.0297248334705,2940.9235914818564,直连,,915,PASS,worst_obstruction_endpoint_distance,2.010784013786548,3138.6981946975716,True,,端点最大距离且全时段按遮挡计损仍满足双向预算
T015,巡航,2940.9235914818564,2959.817458130243,直连,,916,PASS,worst_obstruction_endpoint_distance,1.2643662606990915,3420.3491819541655,True,,端点最大距离且全时段按遮挡计损仍满足双向预算
T015,巡航,2959.817458130243,2978.7113247786288,直连,,917,PASS,worst_obstruction_endpoint_distance,0.5764172950555349,3702.2683430850543,True,,端点最大距离且全时段按遮挡计损仍满足双向预算
T015,巡航,2978.7113247786288,2997.605191427015,中继,R004,918,PASS,worst_obstruction_endpoint_distance,0.5970868152485878,1851.1193369976415,True,,端点最大距离且全时段按遮挡计损仍满足双向预算
T015,巡航,2997.605191427015,3016.499058075401,中继,R004,919,PASS,worst_obstruction_endpoint_distance,2.0387268612306,1568.0229513815293,True,,端点最大距离且全时段按遮挡计损仍满足双向预算
T015,巡航,3016.499058075401,3035.3929247237875,中继,R004,920,PASS,worst_obstruction_endpoint_distance,3.76728039508761,1285.0639442954207,True,,端点最大距离且全时段按遮挡计损仍满足双向预算
T015,下降,3035.3929247237875,3051.74024222867,中继,R004,921,PASS,worst_obstruction_endpoint_distance,5.925312180250401,1002.3586655558703,True,,端点最大距离且全时段按遮挡计损仍满足双向预算
T015,下降,3051.74024222867,3068.087559733553,中继,R004,922,PASS,worst_obstruction_endpoint_distance,5.9229777164137545,1002.6281007700978,True,,端点最大距离且全时段按遮挡计损仍满足双向预算
T015,下降,3068.087559733553,3084.4348772384355,中继,R004,923,PASS,worst_obstruction_endpoint_distance,5.900223455630936,1005.258110028668,True,,端点最大距离且全时段按遮挡计损仍满足双向预算
T015,下降,3084.4348772384355,3100.7821947433185,中继,R004,924,PASS,worst_obstruction_endpoint_distance,5.863329893920252,1009.5370532937532,True,,端点最大距离且全时段按遮挡计损仍满足双向预算
T015,投送,3100.7821947433185,3119.8731038342275,中继,R004,925,PASS,exact_point,15.863329893920252,1009.5370532937532,,,独立计算 DEM 遮挡、自由空间损耗与双向预算
T015,投送,3119.8731038342275,3138.9640129251366,中继,R004,926,PASS,exact_point,15.863329893920252,1009.5370532937532,,,独立计算 DEM 遮挡、自由空间损耗与双向预算
T015,投送,3138.9640129251366,3158.0549220160456,中继,R004,927,PASS,exact_point,15.863329893920252,1009.5370532937532,,,独立计算 DEM 遮挡、自由空间损耗与双向预算
T015,投送,3158.0549220160456,3177.145831106955,中继,R004,928,PASS,exact_point,15.863329893920252,1009.5370532937532,,,独立计算 DEM 遮挡、自由空间损耗与双向预算
T015,投送,3177.145831106955,3196.236740197864,中继,R004,929,PASS,exact_point,15.863329893920252,1009.5370532937532,,,独立计算 DEM 遮挡、自由空间损耗与双向预算
T015,投送,3196.236740197864,3215.327649288773,中继,R004,930,PASS,exact_point,15.863329893920252,1009.5370532937532,,,独立计算 DEM 遮挡、自由空间损耗与双向预算
T015,投送,3215.327649288773,3234.418558379682,中继,R004,931,PASS,exact_point,15.863329893920252,1009.5370532937532,,,独立计算 DEM 遮挡、自由空间损耗与双向预算
T015,投送,3234.418558379682,3253.5094674705915,中继,R004,932,PASS,exact_point,15.863329893920252,1009.5370532937532,,,独立计算 DEM 遮挡、自由空间损耗与双向预算
T015,投送,3253.5094674705915,3272.6003765615005,中继,R004,933,PASS,exact_point,15.863329893920252,1009.5370532937532,,,独立计算 DEM 遮挡、自由空间损耗与双向预算
T015,投送,3272.6003765615005,3291.6912856524095,中继,R004,934,PASS,exact_point,15.863329893920252,1009.5370532937532,,,独立计算 DEM 遮挡、自由空间损耗与双向预算
T015,投送,3291.6912856524095,3310.7821947433185,中继,R004,935,PASS,exact_point,15.863329893920252,1009.5370532937532,,,独立计算 DEM 遮挡、自由空间损耗与双向预算
T015,爬升,3310.7821947433185,3328.9458808598547,中继,R004,936,PASS,worst_obstruction_endpoint_distance,5.863329893920252,1009.5370532937532,True,,端点最大距离且全时段按遮挡计损仍满足双向预算
T015,爬升,3328.9458808598547,3347.1095669763918,中继,R004,937,PASS,worst_obstruction_endpoint_distance,5.909393154225469,1004.1974184592474,True,,端点最大距离且全时段按遮挡计损仍满足双向预算
T015,爬升,3347.1095669763918,3365.273253092928,中继,R004,938,PASS,worst_obstruction_endpoint_distance,5.925312180250401,1002.3586655558703,True,,端点最大距离且全时段按遮挡计损仍满足双向预算
T015,巡航,3365.273253092928,3384.1671197413143,中继,R004,939,PASS,worst_obstruction_endpoint_distance,3.76728039508761,1285.0639442954207,True,,端点最大距离且全时段按遮挡计损仍满足双向预算
T015,巡航,3384.1671197413143,3403.0609863897002,中继,R004,940,PASS,worst_obstruction_endpoint_distance,2.0387268612306,1568.0229513815293,True,,端点最大距离且全时段按遮挡计损仍满足双向预算
T015,巡航,3403.0609863897002,3421.954853038086,中继,R004,941,PASS,worst_obstruction_endpoint_distance,0.5970868152485878,1851.1193369976415,True,,端点最大距离且全时段按遮挡计损仍满足双向预算
T015,巡航,3421.954853038086,3440.8487196864726,直连,,942,PASS,worst_obstruction_endpoint_distance,0.5764172950555349,3702.2683430850543,True,,端点最大距离且全时段按遮挡计损仍满足双向预算
T015,巡航,3440.8487196864726,3459.7425863348585,直连,,943,PASS,worst_obstruction_endpoint_distance,1.2643662606990915,3420.3491819541655,True,,端点最大距离且全时段按遮挡计损仍满足双向预算
T015,巡航,3459.7425863348585,3478.6364529832445,直连,,944,PASS,worst_obstruction_endpoint_distance,2.010784013786548,3138.6981946975716,True,,端点最大距离且全时段按遮挡计损仍满足双向预算
T015,巡航,3478.6364529832445,3497.530319631631,直连,,945,PASS,worst_obstruction_endpoint_distance,2.8263705191290995,2857.394683434026,True,,端点最大距离且全时段按遮挡计损仍满足双向预算
T015,巡航,3497.530319631631,3516.424186280017,直连,,946,PASS,worst_obstruction_endpoint_distance,3.7249953747456317,2576.552461149355,True,,端点最大距离且全时段按遮挡计损仍满足双向预算
T015,巡航,3516.424186280017,3535.3180529284027,直连,,947,PASS,worst_obstruction_endpoint_distance,4.725048394892241,2296.34078085298,True,,端点最大距离且全时段按遮挡计损仍满足双向预算
T015,巡航,3535.3180529284027,3554.211919576789,直连,,948,PASS,worst_obstruction_endpoint_distance,5.851560521092864,2017.0224508369258,True,,端点最大距离且全时段按遮挡计损仍满足双向预算
T015,巡航,3554.211919576789,3573.1057862251755,直连,,949,PASS,worst_obstruction_endpoint_distance,7.139643736160679,1739.027987459995,True,,端点最大距离且全时段按遮挡计损仍满足双向预算
T015,巡航,3573.1057862251755,3591.9996528735614,直连,,950,PASS,worst_obstruction_endpoint_distance,8.64022254510887,1463.1121979446089,True,,端点最大距离且全时段按遮挡计损仍满足双向预算
T015,巡航,3591.9996528735614,3610.8935195219474,直连,,951,PASS,worst_obstruction_endpoint_distance,10.429575041650054,1190.7209811695823,True,,端点最大距离且全时段按遮挡计损仍满足双向预算
T015,巡航,3610.8935195219474,3629.787386170334,直连,,952,PASS,worst_obstruction_endpoint_distance,12.623190271631984,924.9734022323017,True,,端点最大距离且全时段按遮挡计损仍满足双向预算
T015,巡航,3629.787386170334,3648.6812528187197,直连,,953,PASS,worst_obstruction_endpoint_distance,15.375452699934556,673.7769091431577,True,,端点最大距离且全时段按遮挡计损仍满足双向预算
T015,巡航,3648.6812528187197,3667.5751194671057,直连,,954,PASS,worst_obstruction_endpoint_distance,18.661672477929415,461.5355244926001,True,,端点最大距离且全时段按遮挡计损仍满足双向预算
T015,下降,3667.5751194671057,3686.7887782195476,直连,,955,PASS,worst_obstruction_endpoint_distance,20.717231343301734,364.273175048828,True,,端点最大距离且全时段按遮挡计损仍满足双向预算
T015,下降,3686.7887782195476,3706.0024369719886,直连,,956,PASS,worst_obstruction_endpoint_distance,21.94546583158437,316.23902816772323,True,,端点最大距离且全时段按遮挡计损仍满足双向预算
T015,下降,3706.0024369719886,3725.21609572443,直连,,957,PASS,worst_obstruction_endpoint_distance,23.376441612193588,268.2048812866207,True,,端点最大距离且全时段按遮挡计损仍满足双向预算
T015,下降,3725.21609572443,3744.4297544768715,直连,,958,PASS,worst_obstruction_endpoint_distance,25.09058334452186,220.17073440551707,True,,端点最大距离且全时段按遮挡计损仍满足双向预算
T015,下降,3744.4297544768715,3763.6434132293125,直连,,959,PASS,worst_obstruction_endpoint_distance,27.22831138255657,172.13658752441341,True,,端点最大距离且全时段按遮挡计损仍满足双向预算
T015,下降,3763.6434132293125,3782.8570719817544,直连,,960,PASS,worst_obstruction_endpoint_distance,30.07016871427848,124.1024406433109,True,,端点最大距离且全时段按遮挡计损仍满足双向预算
T015,下降,3782.8570719817544,3802.0707307341954,直连,,961,PASS,worst_obstruction_endpoint_distance,34.32170166595188,76.06829376220617,True,,端点最大距离且全时段按遮挡计损仍满足双向预算
T015,下降,3802.0707307341954,3821.284389486637,直连,,962,PASS,worst_obstruction_endpoint_distance,42.992028277010945,28.034146881103652,True,,端点最大距离且全时段按遮挡计损仍满足双向预算
T016,爬升,3460.0,3479.293517252604,直连,,963,PASS,worst_obstruction_endpoint_distance,42.93039059934276,28.233793131510197,True,,端点最大距离且全时段按遮挡计损仍满足双向预算
T016,爬升,3479.293517252604,3498.587034505208,直连,,964,PASS,worst_obstruction_endpoint_distance,34.276227532041716,76.4675862630204,True,,端点最大距离且全时段按遮挡计损仍满足双向预算
T016,爬升,3498.587034505208,3517.8805517578126,直连,,965,PASS,worst_obstruction_endpoint_distance,30.028350015985296,124.70137939453173,True,,端点最大距离且全时段按遮挡计损仍满足双向预算
T016,爬升,3517.8805517578126,3537.1740690104166,直连,,966,PASS,worst_obstruction_endpoint_distance,27.188108535629183,172.93517252604192,True,,端点最大距离且全时段按遮挡计损仍满足双向预算
T016,爬升,3537.1740690104166,3556.4675862630206,直连,,967,PASS,worst_obstruction_endpoint_distance,25.051291428236482,221.16896565755212,True,,端点最大距离且全时段按遮挡计损仍满足双向预算
T016,爬升,3556.4675862630206,3575.761103515625,直连,,968,PASS,worst_obstruction_endpoint_distance,23.337734390683906,269.4027587890634,True,,端点最大距离且全时段按遮挡计损仍满足双向预算
T016,爬升,3575.761103515625,3595.054620768229,直连,,969,PASS,worst_obstruction_endpoint_distance,21.907165707290872,317.6365519205736,True,,端点最大距离且全时段按遮挡计损仍满足双向预算
T016,爬升,3595.054620768229,3614.348138020833,直连,,970,PASS,worst_obstruction_endpoint_distance,20.679230966315487,365.8703450520838,True,,端点最大距离且全时段按遮挡计损仍满足双向预算
T016,爬升,3614.348138020833,3633.641655273437,直连,,971,PASS,worst_obstruction_endpoint_distance,19.603583756332725,414.104138183594,True,,端点最大距离且全时段按遮挡计损仍满足双向预算
T016,巡航,3633.641655273437,3653.0105291855734,直连,,972,PASS,worst_obstruction_endpoint_distance,17.86521275478823,505.85741518854684,True,,端点最大距离且全时段按遮挡计损仍满足双向预算
T016,巡航,3653.0105291855734,3672.3794030977097,直连,,973,PASS,worst_obstruction_endpoint_distance,14.877571997569547,713.5265841036068,True,,端点最大距离且全时段按遮挡计损仍满足双向预算
T016,巡航,3672.3794030977097,3691.748277009846,直连,,974,PASS,worst_obstruction_endpoint_distance,12.255496498365815,964.9702702284851,True,,端点最大距离且全时段按遮挡计损仍满足双向预算
T016,巡航,3691.748277009846,3711.117150921982,直连,,975,PASS,worst_obstruction_endpoint_distance,10.121531530871934,1233.707434162586,True,,端点最大距离且全时段按遮挡计损仍满足双向预算
T016,巡航,3711.117150921982,3730.4860248341183,直连,,976,PASS,worst_obstruction_endpoint_distance,8.363152781545892,1510.5361360364743,True,,端点最大距离且全时段按遮挡计损仍满足双向预算
T016,巡航,3730.4860248341183,3749.854898746254,直连,,977,PASS,worst_obstruction_endpoint_distance,6.88042209365949,1791.7097359553002,True,,端点最大距离且全时段按遮挡计损仍满足双向预算
T016,巡航,3749.854898746254,3769.2237726583903,直连,,978,PASS,worst_obstruction_endpoint_distance,5.6034748051165195,2075.4631078491716,True,,端点最大距离且全时段按遮挡计损仍满足双向预算
T016,巡航,3769.2237726583903,3788.5926465705265,直连,,979,PASS,worst_obstruction_endpoint_distance,4.48434751456054,2360.8662437015696,True,,端点最大距离且全时段按遮挡计损仍满足双向预算
T016,巡航,3788.5926465705265,3807.9615204826628,直连,,980,PASS,worst_obstruction_endpoint_distance,3.489431003683208,2647.3856356294796,True,,端点最大距离且全时段按遮挡计损仍满足双向预算
T016,巡航,3807.9615204826628,3827.3303943947985,直连,,981,PASS,worst_obstruction_endpoint_distance,2.5945176302470827,2934.6943556878236,True,,端点最大距离且全时段按遮挡计损仍满足双向预算
T016,巡航,3827.3303943947985,3846.6992683069348,直连,,982,PASS,worst_obstruction_endpoint_distance,1.7816975303946947,3222.581293521582,True,,端点最大距离且全时段按遮挡计损仍满足双向预算
T016,巡航,3846.6992683069348,3866.068142219071,直连,,983,PASS,worst_obstruction_endpoint_distance,1.0373955454072217,3510.9042140003926,True,,端点最大距离且全时段按遮挡计损仍满足双向预算
T016,巡航,3866.068142219071,3885.437016131207,直连,,984,PASS,worst_obstruction_endpoint_distance,0.3511001857511502,3799.563867195433,True,,端点最大距离且全时段按遮挡计损仍满足双向预算
T016,巡航,3885.437016131207,3904.8058900433434,中继,R004,985,PASS,worst_obstruction_endpoint_distance,0.9845112323786225,1770.3665557193347,True,,端点最大距离且全时段按遮挡计损仍满足双向预算
T016,巡航,3904.8058900433434,3924.1747639554796,中继,R004,986,PASS,worst_obstruction_endpoint_distance,2.5205068448941716,1483.4175612415534,True,,端点最大距离且全时段按遮挡计损仍满足双向预算
T016,巡航,3924.1747639554796,3943.5436378676154,中继,R004,987,PASS,worst_obstruction_endpoint_distance,4.375209083256834,1198.197210341921,True,,端点最大距离且全时段按遮挡计损仍满足双向预算
T016,巡航,3943.5436378676154,3962.9125117797516,中继,R004,988,PASS,worst_obstruction_endpoint_distance,6.704821087598461,916.3211354232054,True,,端点最大距离且全时段按遮挡计损仍满足双向预算
T016,巡航,3962.9125117797516,3982.281385691888,中继,R004,989,PASS,worst_obstruction_endpoint_distance,9.792259352295744,642.2081174014426,True,,端点最大距离且全时段按遮挡计损仍满足双向预算
T016,巡航,3982.281385691888,4001.650259604024,中继,R004,990,PASS,worst_obstruction_endpoint_distance,14.069522297381894,392.475583151711,True,,端点最大距离且全时段按遮挡计损仍满足双向预算
T016,巡航,4001.650259604024,4021.01913351616,中继,R004,991,PASS,worst_obstruction_endpoint_distance,14.37103699044114,379.0852693535973,True,,端点最大距离且全时段按遮挡计损仍满足双向预算
T016,巡航,4021.01913351616,4040.388007428296,中继,R004,992,PASS,worst_obstruction_endpoint_distance,10.015481333898364,625.9140373865304,True,,端点最大距离且全时段按遮挡计损仍满足双向预算
T016,巡航,4040.388007428296,4059.7568813404323,中继,R004,993,PASS,worst_obstruction_endpoint_distance,6.868168733638754,899.24974141508,True,,端点最大距离且全时段按遮挡计损仍满足双向预算
T016,巡航,4059.7568813404323,4079.1257552525685,中继,R004,994,PASS,worst_obstruction_endpoint_distance,4.502054703899418,1180.826315405272,True,,端点最大距离且全时段按遮挡计损仍满足双向预算
T016,巡航,4079.1257552525685,4098.494629164705,中继,R004,995,PASS,worst_obstruction_endpoint_distance,2.623672825457902,1465.9026063667584,True,,端点最大距离且全时段按遮挡计损仍满足双向预算
T016,巡航,4098.494629164705,4117.863503076841,中继,R004,996,PASS,worst_obstruction_endpoint_distance,1.0712674676761509,1752.7718305681353,True,,端点最大距离且全时段按遮挡计损仍满足双向预算
T016,下降,4117.863503076841,4136.472181258807,中继,R004,997,PASS,worst_obstruction_endpoint_distance,1.0712674676761509,1752.7718305681353,True,,端点最大距离且全时段按遮挡计损仍满足双向预算
T016,下降,4136.472181258807,4155.080859440774,中继,R004,998,PASS,worst_obstruction_endpoint_distance,1.0785113452195105,1751.3106594017013,True,,端点最大距离且全时段按遮挡计损仍满足双向预算
T016,下降,4155.080859440774,4173.689537622739,中继,R004,999,PASS,worst_obstruction_endpoint_distance,1.0812441152334031,1750.759745603046,True,,端点最大距离且全时段按遮挡计损仍满足双向预算
T016,下降,4173.689537622739,4192.298215804705,中继,R004,1000,PASS,worst_obstruction_endpoint_distance,1.0767256110411552,1751.670748803328,True,,端点最大距离且全时段按遮挡计损仍满足双向预算
T016,下降,4192.298215804705,4210.906893986672,中继,R004,1001,PASS,worst_obstruction_endpoint_distance,1.0682966095587574,1753.3714383529298,True,,端点最大距离且全时段按遮挡计损仍满足双向预算
T016,下降,4210.906893986672,4229.515572168638,中继,R004,1002,PASS,worst_obstruction_endpoint_distance,1.0559798351574585,1755.8595196313033,True,,端点最大距离且全时段按遮挡计损仍满足双向预算
T016,投送,4229.515572168638,4249.315572168638,中继,R004,1003,PASS,exact_point,11.055979835157459,1755.8595196313033,,,独立计算 DEM 遮挡、自由空间损耗与双向预算
T016,投送,4249.315572168638,4269.115572168637,中继,R004,1004,PASS,exact_point,11.055979835157459,1755.8595196313033,,,独立计算 DEM 遮挡、自由空间损耗与双向预算
T016,投送,4269.115572168637,4288.915572168638,中继,R004,1005,PASS,exact_point,11.055979835157459,1755.8595196313033,,,独立计算 DEM 遮挡、自由空间损耗与双向预算
T016,投送,4288.915572168638,4308.715572168638,中继,R004,1006,PASS,exact_point,11.055979835157459,1755.8595196313033,,,独立计算 DEM 遮挡、自由空间损耗与双向预算
T016,投送,4308.715572168638,4328.515572168638,中继,R004,1007,PASS,exact_point,11.055979835157459,1755.8595196313033,,,独立计算 DEM 遮挡、自由空间损耗与双向预算
T016,投送,4328.515572168638,4348.315572168638,中继,R004,1008,PASS,exact_point,11.055979835157459,1755.8595196313033,,,独立计算 DEM 遮挡、自由空间损耗与双向预算
T016,投送,4348.315572168638,4368.115572168637,中继,R004,1009,PASS,exact_point,11.055979835157459,1755.8595196313033,,,独立计算 DEM 遮挡、自由空间损耗与双向预算
T016,投送,4368.115572168637,4387.915572168638,中继,R004,1010,PASS,exact_point,11.055979835157459,1755.8595196313033,,,独立计算 DEM 遮挡、自由空间损耗与双向预算
T016,投送,4387.915572168638,4407.715572168638,中继,R004,1011,PASS,exact_point,11.055979835157459,1755.8595196313033,,,独立计算 DEM 遮挡、自由空间损耗与双向预算
T016,投送,4407.715572168638,4427.515572168638,中继,R004,1012,PASS,exact_point,11.055979835157459,1755.8595196313033,,,独立计算 DEM 遮挡、自由空间损耗与双向预算
T016,投送,4427.515572168638,4447.315572168638,中继,R004,1013,PASS,exact_point,11.055979835157459,1755.8595196313033,,,独立计算 DEM 遮挡、自由空间损耗与双向预算
T016,投送,4447.315572168638,4467.115572168637,中继,R004,1014,PASS,exact_point,11.055979835157459,1755.8595196313033,,,独立计算 DEM 遮挡、自由空间损耗与双向预算
T016,投送,4467.115572168637,4486.915572168638,中继,R004,1015,PASS,exact_point,11.055979835157459,1755.8595196313033,,,独立计算 DEM 遮挡、自由空间损耗与双向预算
T016,投送,4486.915572168638,4506.715572168638,中继,R004,1016,PASS,exact_point,11.055979835157459,1755.8595196313033,,,独立计算 DEM 遮挡、自由空间损耗与双向预算
T016,投送,4506.715572168638,4526.515572168638,中继,R004,1017,PASS,exact_point,11.055979835157459,1755.8595196313033,,,独立计算 DEM 遮挡、自由空间损耗与双向预算
T016,投送,4526.515572168638,4546.315572168638,中继,R004,1018,PASS,exact_point,11.055979835157459,1755.8595196313033,,,独立计算 DEM 遮挡、自由空间损耗与双向预算
T016,投送,4546.315572168638,4566.115572168637,中继,R004,1019,PASS,exact_point,11.055979835157459,1755.8595196313033,,,独立计算 DEM 遮挡、自由空间损耗与双向预算
T016,投送,4566.115572168637,4585.915572168638,中继,R004,1020,PASS,exact_point,11.055979835157459,1755.8595196313033,,,独立计算 DEM 遮挡、自由空间损耗与双向预算
T016,投送,4585.915572168638,4605.715572168638,中继,R004,1021,PASS,exact_point,11.055979835157459,1755.8595196313033,,,独立计算 DEM 遮挡、自由空间损耗与双向预算
T016,投送,4605.715572168638,4625.515572168638,中继,R004,1022,PASS,exact_point,11.055979835157459,1755.8595196313033,,,独立计算 DEM 遮挡、自由空间损耗与双向预算
T016,爬升,4625.515572168638,4643.3799032233255,中继,R004,1023,PASS,worst_obstruction_endpoint_distance,1.0559798351574585,1755.8595196313033,True,,端点最大距离且全时段按遮挡计损仍满足双向预算
T016,爬升,4643.3799032233255,4661.244234278012,中继,R004,1024,PASS,worst_obstruction_endpoint_distance,1.070294308703211,1752.9682204905325,True,,端点最大距离且全时段按遮挡计损仍满足双向预算
T016,爬升,4661.244234278012,4679.108565332701,中继,R004,1025,PASS,worst_obstruction_endpoint_distance,1.079003193774426,1751.2114922161775,True,,端点最大距离且全时段按遮挡计损仍满足双向预算
T016,爬升,4679.108565332701,4696.972896387388,中继,R004,1026,PASS,worst_obstruction_endpoint_distance,1.079490722717381,1751.1132014983282,True,,端点最大距离且全时段按遮挡计损仍满足双向预算
T016,爬升,4696.972896387388,4714.837227442075,中继,R004,1027,PASS,worst_obstruction_endpoint_distance,1.0712674676761509,1752.7718305681353,True,,端点最大距离且全时段按遮挡计损仍满足双向预算
T016,巡航,4714.837227442075,4734.206101354212,中继,R004,1028,PASS,worst_obstruction_endpoint_distance,1.0712674676761509,1752.7718305681353,True,,端点最大距离且全时段按遮挡计损仍满足双向预算
T016,巡航,4734.206101354212,4753.574975266348,中继,R004,1029,PASS,worst_obstruction_endpoint_distance,2.623672825457902,1465.9026063667584,True,,端点最大距离且全时段按遮挡计损仍满足双向预算
T016,巡航,4753.574975266348,4772.943849178484,中继,R004,1030,PASS,worst_obstruction_endpoint_distance,4.502054703899418,1180.826315405272,True,,端点最大距离且全时段按遮挡计损仍满足双向预算
T016,巡航,4772.943849178484,4792.312723090619,中继,R004,1031,PASS,worst_obstruction_endpoint_distance,6.868168733638754,899.24974141508,True,,端点最大距离且全时段按遮挡计损仍满足双向预算
T016,巡航,4792.312723090619,4811.6815970027565,中继,R004,1032,PASS,worst_obstruction_endpoint_distance,10.015481333898364,625.9140373865304,True,,端点最大距离且全时段按遮挡计损仍满足双向预算
T016,巡航,4811.6815970027565,4831.050470914892,中继,R004,1033,PASS,worst_obstruction_endpoint_distance,14.37103699044114,379.0852693535973,True,,端点最大距离且全时段按遮挡计损仍满足双向预算
T016,巡航,4831.050470914892,4850.419344827028,中继,R004,1034,PASS,worst_obstruction_endpoint_distance,14.069522297381894,392.475583151711,True,,端点最大距离且全时段按遮挡计损仍满足双向预算
T016,巡航,4850.419344827028,4869.788218739164,中继,R004,1035,PASS,worst_obstruction_endpoint_distance,9.792259352295744,642.2081174014426,True,,端点最大距离且全时段按遮挡计损仍满足双向预算
T016,巡航,4869.788218739164,4889.1570926513,中继,R004,1036,PASS,worst_obstruction_endpoint_distance,6.704821087598461,916.3211354232054,True,,端点最大距离且全时段按遮挡计损仍满足双向预算
T016,巡航,4889.1570926513,4908.525966563437,中继,R004,1037,PASS,worst_obstruction_endpoint_distance,4.375209083256834,1198.197210341921,True,,端点最大距离且全时段按遮挡计损仍满足双向预算
T016,巡航,4908.525966563437,4927.894840475573,中继,R004,1038,PASS,worst_obstruction_endpoint_distance,2.5205068448941716,1483.4175612415534,True,,端点最大距离且全时段按遮挡计损仍满足双向预算
T016,巡航,4927.894840475573,4947.263714387709,中继,R004,1039,PASS,worst_obstruction_endpoint_distance,0.9845112323786225,1770.3665557193347,True,,端点最大距离且全时段按遮挡计损仍满足双向预算
T016,巡航,4947.263714387709,4966.632588299845,直连,,1040,PASS,worst_obstruction_endpoint_distance,0.3511001857511502,3799.563867195433,True,,端点最大距离且全时段按遮挡计损仍满足双向预算
T016,巡航,4966.632588299845,4986.001462211982,直连,,1041,PASS,worst_obstruction_endpoint_distance,1.0373955454072217,3510.9042140003926,True,,端点最大距离且全时段按遮挡计损仍满足双向预算
T016,巡航,4986.001462211982,5005.370336124117,直连,,1042,PASS,worst_obstruction_endpoint_distance,1.7816975303946947,3222.581293521582,True,,端点最大距离且全时段按遮挡计损仍满足双向预算
T016,巡航,5005.370336124117,5024.739210036254,直连,,1043,PASS,worst_obstruction_endpoint_distance,2.5945176302470827,2934.6943556878236,True,,端点最大距离且全时段按遮挡计损仍满足双向预算
T016,巡航,5024.739210036254,5044.108083948389,直连,,1044,PASS,worst_obstruction_endpoint_distance,3.489431003683208,2647.3856356294796,True,,端点最大距离且全时段按遮挡计损仍满足双向预算
T016,巡航,5044.108083948389,5063.4769578605255,直连,,1045,PASS,worst_obstruction_endpoint_distance,4.484347514560369,2360.8662437016196,True,,端点最大距离且全时段按遮挡计损仍满足双向预算
T016,巡航,5063.4769578605255,5082.845831772662,直连,,1046,PASS,worst_obstruction_endpoint_distance,5.6034748051165195,2075.4631078491716,True,,端点最大距离且全时段按遮挡计损仍满足双向预算
T016,巡航,5082.845831772662,5102.214705684798,直连,,1047,PASS,worst_obstruction_endpoint_distance,6.88042209365949,1791.7097359553002,True,,端点最大距离且全时段按遮挡计损仍满足双向预算
T016,巡航,5102.214705684798,5121.583579596934,直连,,1048,PASS,worst_obstruction_endpoint_distance,8.363152781545892,1510.5361360364743,True,,端点最大距离且全时段按遮挡计损仍满足双向预算
T016,巡航,5121.583579596934,5140.95245350907,直连,,1049,PASS,worst_obstruction_endpoint_distance,10.121531530871934,1233.707434162586,True,,端点最大距离且全时段按遮挡计损仍满足双向预算
T016,巡航,5140.95245350907,5160.321327421207,直连,,1050,PASS,worst_obstruction_endpoint_distance,12.255496498365815,964.9702702284851,True,,端点最大距离且全时段按遮挡计损仍满足双向预算
T016,巡航,5160.321327421207,5179.690201333342,直连,,1051,PASS,worst_obstruction_endpoint_distance,14.877571997569547,713.5265841036068,True,,端点最大距离且全时段按遮挡计损仍满足双向预算
T016,巡航,5179.690201333342,5199.059075245479,直连,,1052,PASS,worst_obstruction_endpoint_distance,17.86521275478823,505.85741518854684,True,,端点最大距离且全时段按遮挡计损仍满足双向预算
T016,下降,5199.059075245479,5218.791081526551,直连,,1053,PASS,worst_obstruction_endpoint_distance,19.603583756332725,414.104138183594,True,,端点最大距离且全时段按遮挡计损仍满足双向预算
T016,下降,5218.791081526551,5238.523087807624,直连,,1054,PASS,worst_obstruction_endpoint_distance,20.473489357801128,374.6401256214494,True,,端点最大距离且全时段按遮挡计损仍满足双向预算
T016,下降,5238.523087807624,5258.255094088696,直连,,1055,PASS,worst_obstruction_endpoint_distance,21.440313960408872,335.17611305930484,True,,端点最大距离且全时段按遮挡计损仍满足双向预算
T016,下降,5258.255094088696,5277.987100369768,直连,,1056,PASS,worst_obstruction_endpoint_distance,22.52839324260279,295.7121004971603,True,,端点最大距离且全时段按遮挡计损仍满足双向预算
T016,下降,5277.987100369768,5297.71910665084,直连,,1057,PASS,worst_obstruction_endpoint_distance,23.772562496383955,256.2480879350157,True,,端点最大距离且全时段按遮挡计损仍满足双向预算
T016,下降,5297.71910665084,5317.4511129319135,直连,,1058,PASS,worst_obstruction_endpoint_distance,25.225227637195587,216.7840753728711,True,,端点最大距离且全时段按遮挡计损仍满足双向预算
T016,下降,5317.4511129319135,5337.183119212986,直连,,1059,PASS,worst_obstruction_endpoint_distance,26.970617636485386,177.32006281072466,True,,端点最大距离且全时段按遮挡计损仍满足双向预算
T016,下降,5337.183119212986,5356.915125494059,直连,,1060,PASS,worst_obstruction_endpoint_distance,29.157258540840402,137.85605024858012,True,,端点最大距离且全时段按遮挡计损仍满足双向预算
T016,下降,5356.915125494059,5376.647131775131,直连,,1061,PASS,worst_obstruction_endpoint_distance,32.08657606884003,98.39203768643375,True,,端点最大距离且全时段按遮挡计损仍满足双向预算
T016,下降,5376.647131775131,5396.379138056203,直连,,1062,PASS,worst_obstruction_endpoint_distance,36.5393374322733,58.92802512428915,True,,端点最大距离且全时段按遮挡计损仍满足双向预算
T016,下降,5396.379138056203,5416.111144337276,直连,,1063,PASS,worst_obstruction_endpoint_distance,45.92517525248826,20.0,True,,端点最大距离且全时段按遮挡计损仍满足双向预算
T017,爬升,3856.0,3874.2987226213727,直连,,1064,PASS,worst_obstruction_endpoint_distance,41.09022041847288,34.8961678641181,True,,端点最大距离且全时段按遮挡计损仍满足双向预算
T017,爬升,3874.2987226213727,3892.5974452427454,直连,,1065,PASS,worst_obstruction_endpoint_distance,32.88098978943424,89.7923357282362,True,,端点最大距离且全时段按遮挡计损仍满足双向预算
T017,爬升,3892.5974452427454,3910.896167864118,直连,,1066,PASS,worst_obstruction_endpoint_distance,28.737094664292826,144.68850359235432,True,,端点最大距离且全时段按遮挡计损仍满足双向预算
T017,爬升,3910.896167864118,3929.194890485491,直连,,1067,PASS,worst_obstruction_endpoint_distance,25.943231496630872,199.58467145647376,True,,端点最大距离且全时段按遮挡计损仍满足双向预算
T017,爬升,3929.194890485491,3947.493613106864,直连,,1068,PASS,worst_obstruction_endpoint_distance,23.832673396210197,254.48083932059183,True,,端点最大距离且全时段按遮挡计损仍满足双向预算
T017,爬升,3947.493613106864,3965.7923357282366,直连,,1069,PASS,worst_obstruction_endpoint_distance,22.136014487477,309.37700718470995,True,,端点最大距离且全时段按遮挡计损仍满足双向预算
T017,爬升,3965.7923357282366,3984.0910583496093,直连,,1070,PASS,worst_obstruction_endpoint_distance,20.717231343301734,364.273175048828,True,,端点最大距离且全时段按遮挡计损仍满足双向预算
T017,巡航,3984.0910583496093,4002.984924997995,直连,,1071,PASS,worst_obstruction_endpoint_distance,18.661672477929415,461.5355244926001,True,,端点最大距离且全时段按遮挡计损仍满足双向预算
T017,巡航,4002.984924997995,4021.8787916463816,直连,,1072,PASS,worst_obstruction_endpoint_distance,15.375452699934556,673.7769091431577,True,,端点最大距离且全时段按遮挡计损仍满足双向预算
T017,巡航,4021.8787916463816,4040.7726582947676,直连,,1073,PASS,worst_obstruction_endpoint_distance,12.623190271631984,924.9734022323017,True,,端点最大距离且全时段按遮挡计损仍满足双向预算
T017,巡航,4040.7726582947676,4059.666524943154,直连,,1074,PASS,worst_obstruction_endpoint_distance,10.429575041650054,1190.7209811695823,True,,端点最大距离且全时段按遮挡计损仍满足双向预算
T017,巡航,4059.666524943154,4078.56039159154,直连,,1075,PASS,worst_obstruction_endpoint_distance,8.640222545108585,1463.112197944657,True,,端点最大距离且全时段按遮挡计损仍满足双向预算
T017,巡航,4078.56039159154,4097.454258239926,直连,,1076,PASS,worst_obstruction_endpoint_distance,7.139643736160679,1739.027987459995,True,,端点最大距离且全时段按遮挡计损仍满足双向预算
T017,巡航,4097.454258239926,4116.348124888313,直连,,1077,PASS,worst_obstruction_endpoint_distance,5.851560521092864,2017.0224508369258,True,,端点最大距离且全时段按遮挡计损仍满足双向预算
T017,巡航,4116.348124888313,4135.241991536698,直连,,1078,PASS,worst_obstruction_endpoint_distance,4.725048394892426,2296.340780852931,True,,端点最大距离且全时段按遮挡计损仍满足双向预算
T017,巡航,4135.241991536698,4154.1358581850845,直连,,1079,PASS,worst_obstruction_endpoint_distance,3.7249953747456317,2576.552461149355,True,,端点最大距离且全时段按遮挡计损仍满足双向预算
T017,巡航,4154.1358581850845,4173.02972483347,直连,,1080,PASS,worst_obstruction_endpoint_distance,2.8263705191290995,2857.394683434026,True,,端点最大距离且全时段按遮挡计损仍满足双向预算
T017,巡航,4173.02972483347,4191.923591481856,直连,,1081,PASS,worst_obstruction_endpoint_distance,2.010784013786548,3138.6981946975716,True,,端点最大距离且全时段按遮挡计损仍满足双向预算
T017,巡航,4191.923591481856,4210.817458130243,直连,,1082,PASS,worst_obstruction_endpoint_distance,1.2643662606990915,3420.3491819541655,True,,端点最大距离且全时段按遮挡计损仍满足双向预算
T017,巡航,4210.817458130243,4229.711324778629,直连,,1083,PASS,worst_obstruction_endpoint_distance,0.5764172950555349,3702.2683430850543,True,,端点最大距离且全时段按遮挡计损仍满足双向预算
T017,巡航,4229.711324778629,4248.605191427015,中继,R004,1084,PASS,worst_obstruction_endpoint_distance,0.5970868152485878,1851.1193369976415,True,,端点最大距离且全时段按遮挡计损仍满足双向预算
T017,巡航,4248.605191427015,4267.499058075401,中继,R004,1085,PASS,worst_obstruction_endpoint_distance,2.0387268612306,1568.0229513815293,True,,端点最大距离且全时段按遮挡计损仍满足双向预算
T017,巡航,4267.499058075401,4286.3929247237875,中继,R004,1086,PASS,worst_obstruction_endpoint_distance,3.76728039508761,1285.0639442954207,True,,端点最大距离且全时段按遮挡计损仍满足双向预算
T017,下降,4286.3929247237875,4302.7402422286705,中继,R004,1087,PASS,worst_obstruction_endpoint_distance,5.925312180250401,1002.3586655558703,True,,端点最大距离且全时段按遮挡计损仍满足双向预算
T017,下降,4302.7402422286705,4319.087559733553,中继,R004,1088,PASS,worst_obstruction_endpoint_distance,5.9229777164137545,1002.6281007700977,True,,端点最大距离且全时段按遮挡计损仍满足双向预算
T017,下降,4319.087559733553,4335.434877238436,中继,R004,1089,PASS,worst_obstruction_endpoint_distance,5.900223455630936,1005.258110028668,True,,端点最大距离且全时段按遮挡计损仍满足双向预算
T017,下降,4335.434877238436,4351.7821947433185,中继,R004,1090,PASS,worst_obstruction_endpoint_distance,5.863329893920252,1009.5370532937532,True,,端点最大距离且全时段按遮挡计损仍满足双向预算
T017,投送,4351.7821947433185,4370.873103834228,中继,R004,1091,PASS,exact_point,15.863329893920252,1009.5370532937532,,,独立计算 DEM 遮挡、自由空间损耗与双向预算
T017,投送,4370.873103834228,4389.964012925137,中继,R004,1092,PASS,exact_point,15.863329893920252,1009.5370532937532,,,独立计算 DEM 遮挡、自由空间损耗与双向预算
T017,投送,4389.964012925137,4409.054922016046,中继,R004,1093,PASS,exact_point,15.863329893920252,1009.5370532937532,,,独立计算 DEM 遮挡、自由空间损耗与双向预算
T017,投送,4409.054922016046,4428.145831106955,中继,R004,1094,PASS,exact_point,15.863329893920252,1009.5370532937532,,,独立计算 DEM 遮挡、自由空间损耗与双向预算
T017,投送,4428.145831106955,4447.2367401978645,中继,R004,1095,PASS,exact_point,15.863329893920252,1009.5370532937532,,,独立计算 DEM 遮挡、自由空间损耗与双向预算
T017,投送,4447.2367401978645,4466.327649288773,中继,R004,1096,PASS,exact_point,15.863329893920252,1009.5370532937532,,,独立计算 DEM 遮挡、自由空间损耗与双向预算
T017,投送,4466.327649288773,4485.4185583796825,中继,R004,1097,PASS,exact_point,15.863329893920252,1009.5370532937532,,,独立计算 DEM 遮挡、自由空间损耗与双向预算
T017,投送,4485.4185583796825,4504.5094674705915,中继,R004,1098,PASS,exact_point,15.863329893920252,1009.5370532937532,,,独立计算 DEM 遮挡、自由空间损耗与双向预算
T017,投送,4504.5094674705915,4523.6003765615005,中继,R004,1099,PASS,exact_point,15.863329893920252,1009.5370532937532,,,独立计算 DEM 遮挡、自由空间损耗与双向预算
T017,投送,4523.6003765615005,4542.6912856524095,中继,R004,1100,PASS,exact_point,15.863329893920252,1009.5370532937532,,,独立计算 DEM 遮挡、自由空间损耗与双向预算
T017,投送,4542.6912856524095,4561.7821947433185,中继,R004,1101,PASS,exact_point,15.863329893920252,1009.5370532937532,,,独立计算 DEM 遮挡、自由空间损耗与双向预算
T017,爬升,4561.7821947433185,4579.945880859855,中继,R004,1102,PASS,worst_obstruction_endpoint_distance,5.863329893920252,1009.5370532937532,True,,端点最大距离且全时段按遮挡计损仍满足双向预算
T017,爬升,4579.945880859855,4598.109566976392,中继,R004,1103,PASS,worst_obstruction_endpoint_distance,5.909393154225469,1004.1974184592474,True,,端点最大距离且全时段按遮挡计损仍满足双向预算
T017,爬升,4598.109566976392,4616.273253092928,中继,R004,1104,PASS,worst_obstruction_endpoint_distance,5.925312180250401,1002.3586655558703,True,,端点最大距离且全时段按遮挡计损仍满足双向预算
T017,巡航,4616.273253092928,4635.167119741314,中继,R004,1105,PASS,worst_obstruction_endpoint_distance,3.76728039508761,1285.0639442954207,True,,端点最大距离且全时段按遮挡计损仍满足双向预算
T017,巡航,4635.167119741314,4654.060986389701,中继,R004,1106,PASS,worst_obstruction_endpoint_distance,2.0387268612306,1568.0229513815293,True,,端点最大距离且全时段按遮挡计损仍满足双向预算
T017,巡航,4654.060986389701,4672.954853038086,中继,R004,1107,PASS,worst_obstruction_endpoint_distance,0.5970868152485878,1851.1193369976415,True,,端点最大距离且全时段按遮挡计损仍满足双向预算
T017,巡航,4672.954853038086,4691.848719686473,直连,,1108,PASS,worst_obstruction_endpoint_distance,0.5764172950555349,3702.2683430850543,True,,端点最大距离且全时段按遮挡计损仍满足双向预算
T017,巡航,4691.848719686473,4710.742586334858,直连,,1109,PASS,worst_obstruction_endpoint_distance,1.2643662606990915,3420.3491819541655,True,,端点最大距离且全时段按遮挡计损仍满足双向预算
T017,巡航,4710.742586334858,4729.636452983244,直连,,1110,PASS,worst_obstruction_endpoint_distance,2.010784013786406,3138.698194697621,True,,端点最大距离且全时段按遮挡计损仍满足双向预算
T017,巡航,4729.636452983244,4748.530319631631,直连,,1111,PASS,worst_obstruction_endpoint_distance,2.8263705191290995,2857.394683434026,True,,端点最大距离且全时段按遮挡计损仍满足双向预算
T017,巡航,4748.530319631631,4767.424186280017,直连,,1112,PASS,worst_obstruction_endpoint_distance,3.7249953747456317,2576.552461149355,True,,端点最大距离且全时段按遮挡计损仍满足双向预算
T017,巡航,4767.424186280017,4786.318052928403,直连,,1113,PASS,worst_obstruction_endpoint_distance,4.725048394892426,2296.340780852931,True,,端点最大距离且全时段按遮挡计损仍满足双向预算
T017,巡航,4786.318052928403,4805.211919576789,直连,,1114,PASS,worst_obstruction_endpoint_distance,5.851560521092864,2017.0224508369258,True,,端点最大距离且全时段按遮挡计损仍满足双向预算
T017,巡航,4805.211919576789,4824.1057862251755,直连,,1115,PASS,worst_obstruction_endpoint_distance,7.139643736160679,1739.027987459995,True,,端点最大距离且全时段按遮挡计损仍满足双向预算
T017,巡航,4824.1057862251755,4842.999652873561,直连,,1116,PASS,worst_obstruction_endpoint_distance,8.64022254510887,1463.1121979446089,True,,端点最大距离且全时段按遮挡计损仍满足双向预算
T017,巡航,4842.999652873561,4861.893519521947,直连,,1117,PASS,worst_obstruction_endpoint_distance,10.429575041650054,1190.7209811695823,True,,端点最大距离且全时段按遮挡计损仍满足双向预算
T017,巡航,4861.893519521947,4880.787386170334,直连,,1118,PASS,worst_obstruction_endpoint_distance,12.623190271631984,924.9734022323017,True,,端点最大距离且全时段按遮挡计损仍满足双向预算
T017,巡航,4880.787386170334,4899.68125281872,直连,,1119,PASS,worst_obstruction_endpoint_distance,15.375452699934556,673.7769091431577,True,,端点最大距离且全时段按遮挡计损仍满足双向预算
T017,巡航,4899.68125281872,4918.575119467106,直连,,1120,PASS,worst_obstruction_endpoint_distance,18.661672477929415,461.5355244926001,True,,端点最大距离且全时段按遮挡计损仍满足双向预算
T017,下降,4918.575119467106,4937.788778219548,直连,,1121,PASS,worst_obstruction_endpoint_distance,20.717231343301734,364.273175048828,True,,端点最大距离且全时段按遮挡计损仍满足双向预算
T017,下降,4937.788778219548,4957.002436971989,直连,,1122,PASS,worst_obstruction_endpoint_distance,21.945465831584386,316.2390281677231,True,,端点最大距离且全时段按遮挡计损仍满足双向预算
T017,下降,4957.002436971989,4976.2160957244305,直连,,1123,PASS,worst_obstruction_endpoint_distance,23.376441612193588,268.20488128662043,True,,端点最大距离且全时段按遮挡计损仍满足双向预算
T017,下降,4976.2160957244305,4995.4297544768715,直连,,1124,PASS,worst_obstruction_endpoint_distance,25.090583344521917,220.17073440551553,True,,端点最大距离且全时段按遮挡计损仍满足双向预算
T017,下降,4995.4297544768715,5014.6434132293125,直连,,1125,PASS,worst_obstruction_endpoint_distance,27.228311382556598,172.13658752441285,True,,端点最大距离且全时段按遮挡计损仍满足双向预算
T017,下降,5014.6434132293125,5033.857071981754,直连,,1126,PASS,worst_obstruction_endpoint_distance,30.070168714278523,124.10244064331022,True,,端点最大距离且全时段按遮挡计损仍满足双向预算
T017,下降,5033.857071981754,5053.070730734195,直连,,1127,PASS,worst_obstruction_endpoint_distance,34.32170166595199,76.06829376220531,True,,端点最大距离且全时段按遮挡计损仍满足双向预算
T017,下降,5053.070730734195,5072.284389486636,直连,,1128,PASS,worst_obstruction_endpoint_distance,42.99202827701126,28.03414688110263,True,,端点最大距离且全时段按遮挡计损仍满足双向预算
T018,爬升,4061.0,4079.2987226213727,直连,,1129,PASS,worst_obstruction_endpoint_distance,41.090220418472924,34.8961678641179,True,,端点最大距离且全时段按遮挡计损仍满足双向预算
T018,爬升,4079.2987226213727,4097.597445242745,直连,,1130,PASS,worst_obstruction_endpoint_distance,32.88098978943428,89.7923357282358,True,,端点最大距离且全时段按遮挡计损仍满足双向预算
T018,爬升,4097.597445242745,4115.896167864118,直连,,1131,PASS,worst_obstruction_endpoint_distance,28.737094664292854,144.6885035923537,True,,端点最大距离且全时段按遮挡计损仍满足双向预算
T018,爬升,4115.896167864118,4134.194890485491,直连,,1132,PASS,worst_obstruction_endpoint_distance,25.943231496630972,199.5846714564716,True,,端点最大距离且全时段按遮挡计损仍满足双向预算
T018,爬升,4134.194890485491,4152.493613106863,直连,,1133,PASS,worst_obstruction_endpoint_distance,23.832673396210268,254.4808393205895,True,,端点最大距离且全时段按遮挡计损仍满足双向预算
T018,爬升,4152.493613106863,4170.792335728236,直连,,1134,PASS,worst_obstruction_endpoint_distance,22.13601448747707,309.3770071847074,True,,端点最大距离且全时段按遮挡计损仍满足双向预算
T018,爬升,4170.792335728236,4189.09105834961,直连,,1135,PASS,worst_obstruction_endpoint_distance,20.717231343301734,364.273175048828,True,,端点最大距离且全时段按遮挡计损仍满足双向预算
T018,巡航,4189.09105834961,4208.979339032121,直连,,1136,PASS,worst_obstruction_endpoint_distance,19.166172498751166,435.4919518029065,True,,端点最大距离且全时段按遮挡计损仍满足双向预算
T018,巡航,4208.979339032121,4228.867619714632,直连,,1137,PASS,worst_obstruction_endpoint_distance,16.376383700665244,600.4399405101009,True,,端点最大距离且全时段按遮挡计损仍满足双向预算
T018,巡航,4228.867619714632,4248.755900397145,直连,,1138,PASS,worst_obstruction_endpoint_distance,13.84802665832207,803.3178650350284,True,,端点最大距离且全时段按遮挡计损仍满足双向预算
T018,巡航,4248.755900397145,4268.644181079656,直连,,1139,PASS,worst_obstruction_endpoint_distance,11.75865515724007,1021.7767126231641,True,,端点最大距离且全时段按遮挡计损仍满足双向预算
T018,巡航,4268.644181079656,4288.532461762168,直连,,1140,PASS,worst_obstruction_endpoint_distance,10.023858998310331,1247.6587260477145,True,,端点最大距离且全时段按遮挡计损仍满足双向预算
T018,巡航,4288.532461762168,4308.4207424446795,直连,,1141,PASS,worst_obstruction_endpoint_distance,8.554852807753903,1477.5633762912782,True,,端点最大距离且全时段按遮挡计损仍满足双向预算
T018,巡航,4308.4207424446795,4328.309023127191,直连,,1142,PASS,worst_obstruction_endpoint_distance,7.286519350126355,1709.868811716457,True,,端点最大距离且全时段按遮挡计损仍满足双向预算
T018,巡航,4328.309023127191,4348.197303809703,直连,,1143,PASS,worst_obstruction_endpoint_distance,6.173126013776965,1943.714424408792,True,,端点最大距离且全时段按遮挡计损仍满足双向预算
T018,巡航,4348.197303809703,4368.085584492214,直连,,1144,PASS,worst_obstruction_endpoint_distance,5.182207975643664,2178.604315170309,True,,端点最大距离且全时段按遮挡计损仍满足双向预算
T018,巡航,4368.085584492214,4387.973865174727,直连,,1145,PASS,worst_obstruction_endpoint_distance,4.290189015092025,2414.23369799851,True,,端点最大距离且全时段按遮挡计损仍满足双向预算
T018,巡航,4387.973865174727,4407.862145857238,直连,,1146,PASS,worst_obstruction_endpoint_distance,3.479529172961378,2650.405350710559,True,,端点最大距离且全时段按遮挡计损仍满足双向预算
T018,巡航,4407.862145857238,4427.75042653975,直连,,1147,PASS,worst_obstruction_endpoint_distance,2.7368810245997395,2886.9861942255047,True,,端点最大距离且全时段按遮挡计损仍满足双向预算
T018,巡航,4427.75042653975,4447.6387072222615,直连,,1148,PASS,worst_obstruction_endpoint_distance,2.0518792423324186,3123.883262266833,True,,端点最大距离且全时段按遮挡计损仍满足双向预算
T018,巡航,4447.6387072222615,4467.526987904774,直连,,1149,PASS,worst_obstruction_endpoint_distance,1.4163281891577668,3361.0296896850055,True,,端点最大距离且全时段按遮挡计损仍满足双向预算
T018,巡航,4467.526987904774,4487.415268587285,直连,,1150,PASS,worst_obstruction_endpoint_distance,0.8236439117576282,3598.3761756750037,True,,端点最大距离且全时段按遮挡计损仍满足双向预算
T018,巡航,4487.415268587285,4507.303549269796,直连,,1151,PASS,worst_obstruction_endpoint_distance,0.26846227199115447,3835.8855843779734,True,,端点最大距离且全时段按遮挡计损仍满足双向预算
T018,巡航,4507.303549269796,4527.191829952309,中继,R004,1152,PASS,worst_obstruction_endpoint_distance,1.250327613390084,1717.0082330977298,True,,端点最大距离且全时段按遮挡计损仍满足双向预算
T018,巡航,4527.191829952309,4547.08011063482,中继,R004,1153,PASS,worst_obstruction_endpoint_distance,2.5484738969831113,1478.6488962693352,True,,端点最大距离且全时段按遮挡计损仍满足双向预算
T018,巡航,4547.08011063482,4566.968391317332,中继,R004,1154,PASS,worst_obstruction_endpoint_distance,4.074505373604097,1240.4049469435772,True,,端点最大距离且全时段按遮挡计损仍满足双向预算
T018,下降,4566.968391317332,4583.315708822214,中继,R004,1155,PASS,worst_obstruction_endpoint_distance,5.925312180250401,1002.3586655558703,True,,端点最大距离且全时段按遮挡计损仍满足双向预算
T018,下降,4583.315708822214,4599.663026327097,中继,R004,1156,PASS,worst_obstruction_endpoint_distance,5.9229777164137545,1002.6281007700977,True,,端点最大距离且全时段按遮挡计损仍满足双向预算
T018,下降,4599.663026327097,4616.01034383198,中继,R004,1157,PASS,worst_obstruction_endpoint_distance,5.900223455630936,1005.258110028668,True,,端点最大距离且全时段按遮挡计损仍满足双向预算
T018,下降,4616.01034383198,4632.357661336863,中继,R004,1158,PASS,worst_obstruction_endpoint_distance,5.863329893920252,1009.5370532937532,True,,端点最大距离且全时段按遮挡计损仍满足双向预算
T018,投送,4632.357661336863,4652.357661336863,中继,R005,1159,PASS,exact_point,0.2863764406906455,1918.535926702163,,,独立计算 DEM 遮挡、自由空间损耗与双向预算
T018,投送,4652.357661336863,4672.357661336863,中继,R005,1160,PASS,exact_point,0.2863764406906455,1918.535926702163,,,独立计算 DEM 遮挡、自由空间损耗与双向预算
T018,投送,4672.357661336863,4692.357661336863,中继,R005,1161,PASS,exact_point,0.2863764406906455,1918.535926702163,,,独立计算 DEM 遮挡、自由空间损耗与双向预算
T018,投送,4692.357661336863,4712.357661336863,中继,R005,1162,PASS,exact_point,0.2863764406906455,1918.535926702163,,,独立计算 DEM 遮挡、自由空间损耗与双向预算
T018,投送,4712.357661336863,4732.357661336863,中继,R005,1163,PASS,exact_point,0.2863764406906455,1918.535926702163,,,独立计算 DEM 遮挡、自由空间损耗与双向预算
T018,投送,4732.357661336863,4752.357661336863,中继,R005,1164,PASS,exact_point,0.2863764406906455,1918.535926702163,,,独立计算 DEM 遮挡、自由空间损耗与双向预算
T018,投送,4752.357661336863,4772.357661336863,中继,R005,1165,PASS,exact_point,0.2863764406906455,1918.535926702163,,,独立计算 DEM 遮挡、自由空间损耗与双向预算
T018,投送,4772.357661336863,4792.357661336863,中继,R005,1166,PASS,exact_point,0.2863764406906455,1918.535926702163,,,独立计算 DEM 遮挡、自由空间损耗与双向预算
T018,投送,4792.357661336863,4812.357661336863,中继,R005,1167,PASS,exact_point,0.2863764406906455,1918.535926702163,,,独立计算 DEM 遮挡、自由空间损耗与双向预算
T018,爬升,4812.357661336863,4830.521347453399,中继,R005,1168,PASS,worst_obstruction_endpoint_distance,0.2809094814266473,1919.743846635891,True,,端点最大距离且全时段按遮挡计损仍满足双向预算
T018,爬升,4830.521347453399,4848.685033569936,中继,R005,1169,PASS,worst_obstruction_endpoint_distance,0.26846573702371757,1922.4961176101058,True,,端点最大距离且全时段按遮挡计损仍满足双向预算
T018,爬升,4848.685033569936,4866.848719686473,中继,R005,1170,PASS,worst_obstruction_endpoint_distance,0.249104975786949,1926.7861216636404,True,,端点最大距离且全时段按遮挡计损仍满足双向预算
T018,巡航,4866.848719686473,4886.737000368984,中继,R005,1171,PASS,worst_obstruction_endpoint_distance,0.249104975786949,1926.7861216636404,True,,端点最大距离且全时段按遮挡计损仍满足双向预算
T018,巡航,4886.737000368984,4906.625281051496,中继,R005,1172,PASS,worst_obstruction_endpoint_distance,1.3899928430350172,1689.6202899076684,True,,端点最大距离且全时段按遮挡计损仍满足双向预算
T018,巡航,4906.625281051496,4926.513561734007,中继,R005,1173,PASS,worst_obstruction_endpoint_distance,2.700799684518458,1452.943659454871,True,,端点最大距离且全时段按遮挡计损仍满足双向预算
T018,巡航,4926.513561734007,4946.401842416519,直连,,1174,PASS,worst_obstruction_endpoint_distance,0.26846227199115447,3835.8855843779734,True,,端点最大距离且全时段按遮挡计损仍满足双向预算
T018,巡航,4946.401842416519,4966.290123099031,直连,,1175,PASS,worst_obstruction_endpoint_distance,0.8236439117575145,3598.3761756750528,True,,端点最大距离且全时段按遮挡计损仍满足双向预算
T018,巡航,4966.290123099031,4986.178403781542,直连,,1176,PASS,worst_obstruction_endpoint_distance,1.4163281891577668,3361.0296896850055,True,,端点最大距离且全时段按遮挡计损仍满足双向预算
T018,巡航,4986.178403781542,5006.066684464055,直连,,1177,PASS,worst_obstruction_endpoint_distance,2.0518792423324186,3123.883262266833,True,,端点最大距离且全时段按遮挡计损仍满足双向预算
T018,巡航,5006.066684464055,5025.954965146566,直连,,1178,PASS,worst_obstruction_endpoint_distance,2.7368810245997395,2886.9861942255047,True,,端点最大距离且全时段按遮挡计损仍满足双向预算
T018,巡航,5025.954965146566,5045.843245829077,直连,,1179,PASS,worst_obstruction_endpoint_distance,3.479529172961378,2650.405350710559,True,,端点最大距离且全时段按遮挡计损仍满足双向预算
T018,巡航,5045.843245829077,5065.731526511589,直连,,1180,PASS,worst_obstruction_endpoint_distance,4.290189015092025,2414.23369799851,True,,端点最大距离且全时段按遮挡计损仍满足双向预算
T018,巡航,5065.731526511589,5085.619807194102,直连,,1181,PASS,worst_obstruction_endpoint_distance,5.182207975643664,2178.604315170309,True,,端点最大距离且全时段按遮挡计损仍满足双向预算
T018,巡航,5085.619807194102,5105.508087876613,直连,,1182,PASS,worst_obstruction_endpoint_distance,6.173126013776965,1943.714424408792,True,,端点最大距离且全时段按遮挡计损仍满足双向预算
T018,巡航,5105.508087876613,5125.396368559124,直连,,1183,PASS,worst_obstruction_endpoint_distance,7.286519350126113,1709.8688117165054,True,,端点最大距离且全时段按遮挡计损仍满足双向预算
T018,巡航,5125.396368559124,5145.284649241636,直连,,1184,PASS,worst_obstruction_endpoint_distance,8.554852807753903,1477.5633762912782,True,,端点最大距离且全时段按遮挡计损仍满足双向预算
T018,巡航,5145.284649241636,5165.172929924148,直连,,1185,PASS,worst_obstruction_endpoint_distance,10.023858998310331,1247.6587260477145,True,,端点最大距离且全时段按遮挡计损仍满足双向预算
T018,巡航,5165.172929924148,5185.06121060666,直连,,1186,PASS,worst_obstruction_endpoint_distance,11.758655157239673,1021.7767126232106,True,,端点最大距离且全时段按遮挡计损仍满足双向预算
T018,巡航,5185.06121060666,5204.949491289171,直连,,1187,PASS,worst_obstruction_endpoint_distance,13.84802665832207,803.3178650350284,True,,端点最大距离且全时段按遮挡计损仍满足双向预算
T018,巡航,5204.949491289171,5224.837771971683,直连,,1188,PASS,worst_obstruction_endpoint_distance,16.376383700665244,600.4399405101009,True,,端点最大距离且全时段按遮挡计损仍满足双向预算
T018,巡航,5224.837771971683,5244.726052654195,直连,,1189,PASS,worst_obstruction_endpoint_distance,19.166172498751166,435.4919518029065,True,,端点最大距离且全时段按遮挡计损仍满足双向预算
T018,下降,5244.726052654195,5263.939711406636,直连,,1190,PASS,worst_obstruction_endpoint_distance,20.717231343301734,364.273175048828,True,,端点最大距离且全时段按遮挡计损仍满足双向预算
T018,下降,5263.939711406636,5283.153370159078,直连,,1191,PASS,worst_obstruction_endpoint_distance,21.945465831584315,316.2390281677254,True,,端点最大距离且全时段按遮挡计损仍满足双向预算
T018,下降,5283.153370159078,5302.367028911519,直连,,1192,PASS,worst_obstruction_endpoint_distance,23.376441612193588,268.20488128662043,True,,端点最大距离且全时段按遮挡计损仍满足双向预算
T018,下降,5302.367028911519,5321.58068766396,直连,,1193,PASS,worst_obstruction_endpoint_distance,25.090583344521832,220.1707344055178,True,,端点最大距离且全时段按遮挡计损仍满足双向预算
T018,下降,5321.58068766396,5340.794346416402,直连,,1194,PASS,worst_obstruction_endpoint_distance,27.22831138255647,172.13658752441512,True,,端点最大距离且全时段按遮挡计损仍满足双向预算
T018,下降,5340.794346416402,5360.008005168844,直连,,1195,PASS,worst_obstruction_endpoint_distance,30.070168714278523,124.10244064331022,True,,端点最大距离且全时段按遮挡计损仍满足双向预算
T018,下降,5360.008005168844,5379.221663921285,直连,,1196,PASS,worst_obstruction_endpoint_distance,34.32170166595199,76.06829376220531,True,,端点最大距离且全时段按遮挡计损仍满足双向预算
T018,下降,5379.221663921285,5398.435322673726,直连,,1197,PASS,worst_obstruction_endpoint_distance,42.99202827701126,28.03414688110263,True,,端点最大距离且全时段按遮挡计损仍满足双向预算
T019,爬升,4236.0,4254.504135640463,直连,,1198,PASS,worst_obstruction_endpoint_distance,40.93817299698006,35.512406921388134,True,,端点最大距离且全时段按遮挡计损仍满足双向预算
T019,爬升,4254.504135640463,4273.008271280924,直连,,1199,PASS,worst_obstruction_endpoint_distance,32.76257917737007,91.02481384277351,True,,端点最大距离且全时段按遮挡计损仍满足双向预算
T019,爬升,4273.008271280924,4291.512406921387,直连,,1200,PASS,worst_obstruction_endpoint_distance,28.626816157375487,146.5372207641616,True,,端点最大距离且全时段按遮挡计损仍满足双向预算
T019,爬升,4291.512406921387,4310.016542561849,直连,,1201,PASS,worst_obstruction_endpoint_distance,25.836614075565635,202.04962768554702,True,,端点最大距离且全时段按遮挡计损仍满足双向预算
T019,爬升,4310.016542561849,4328.5206782023115,直连,,1202,PASS,worst_obstruction_endpoint_distance,23.728138223056888,257.56203460693513,True,,端点最大距离且全时段按遮挡计损仍满足双向预算
T019,爬升,4328.5206782023115,4347.024813842773,直连,,1203,PASS,worst_obstruction_endpoint_distance,22.032822874833954,313.0744415283205,True,,端点最大距离且全时段按遮挡计损仍满足双向预算
T019,爬升,4347.024813842773,4365.528949483236,直连,,1204,PASS,worst_obstruction_endpoint_distance,20.614978463875502,368.5868484497086,True,,端点最大距离且全时段按遮挡计损仍满足双向预算
T019,爬升,4365.528949483236,4384.033085123698,直连,,1205,PASS,worst_obstruction_endpoint_distance,19.396424967151802,424.099255371094,True,,端点最大距离且全时段按遮挡计损仍满足双向预算
T019,巡航,4384.033085123698,4403.110775825524,直连,,1206,PASS,worst_obstruction_endpoint_distance,17.766895121913237,511.6158636829078,True,,端点最大距离且全时段按遮挡计损仍满足双向预算
T019,巡航,4403.110775825524,4422.18846652735,直连,,1207,PASS,worst_obstruction_endpoint_distance,14.892076823385764,712.3360391482996,True,,端点最大距离且全时段按遮挡计损仍满足双向预算
T019,巡航,4422.18846652735,4441.266157229176,直连,,1208,PASS,worst_obstruction_endpoint_distance,12.322670535858677,957.5362658919046,True,,端点最大距离且全时段按遮挡计损仍满足双向预算
T019,巡航,4441.266157229176,4460.3438479310025,直连,,1209,PASS,worst_obstruction_endpoint_distance,10.213591886626759,1220.7006166374656,True,,端点最大距离且全时段按遮挡计损仍满足双向预算
T019,巡航,4460.3438479310025,4479.421538632829,直连,,1210,PASS,worst_obstruction_endpoint_distance,8.468328226484786,1492.3556940457386,True,,端点最大距离且全时段按遮挡计损仍满足双向预算
T019,巡航,4479.421538632829,4498.499229334655,直连,,1211,PASS,worst_obstruction_endpoint_distance,6.993215648778175,1768.5933016874653,True,,端点最大距离且全时段按遮挡计损仍满足双向预算
T019,巡航,4498.499229334655,4517.576920036481,直连,,1212,PASS,worst_obstruction_endpoint_distance,5.721044201132514,2047.5595823149097,True,,端点最大距离且全时段按遮挡计损仍满足双向预算
T019,巡航,4517.576920036481,4536.654610738307,直连,,1213,PASS,worst_obstruction_endpoint_distance,4.6050936964493445,2328.273920013661,True,,端点最大距离且全时段按遮挡计损仍满足双向预算
T019,巡航,4536.654610738307,4555.732301440134,直连,,1214,PASS,worst_obstruction_endpoint_distance,3.6123913546315833,2610.172384581751,True,,端点最大距离且全时段按遮挡计损仍满足双向预算
T019,巡航,4555.732301440134,4574.80999214196,直连,,1215,PASS,worst_obstruction_endpoint_distance,2.719080205408204,2892.908836272585,True,,端点最大距离且全时段按遮挡计损仍满足双向预算
T019,巡航,4574.80999214196,4593.887682843786,直连,,1216,PASS,worst_obstruction_endpoint_distance,1.907455621920647,3176.25950134185,True,,端点最大距离且全时段按遮挡计损仍满足双向预算
T019,巡航,4593.887682843786,4612.965373545612,直连,,1217,PASS,worst_obstruction_endpoint_distance,1.1640687134028127,3460.0734864853043,True,,端点最大距离且全时段按遮挡计损仍满足双向预算
T019,巡航,4612.965373545612,4632.043064247438,直连,,1218,PASS,worst_obstruction_endpoint_distance,0.4784889884004002,3744.2454341324783,True,,端点最大距离且全时段按遮挡计损仍满足双向预算
T019,巡航,4632.043064247438,4651.120754949265,中继,R005,1219,PASS,worst_obstruction_endpoint_distance,1.4478904620044801,1678.3952245974033,True,,端点最大距离且全时段按遮挡计损仍满足双向预算
T019,巡航,4651.120754949265,4670.198445651091,中继,R005,1220,PASS,worst_obstruction_endpoint_distance,0.20289480643654656,1937.0642143332168,True,,端点最大距离且全时段按遮挡计损仍满足双向预算
T019,巡航,4670.198445651091,4689.276136352917,中继,R004,1221,PASS,worst_obstruction_endpoint_distance,0.19081101792561128,1939.760928747007,True,,端点最大距离且全时段按遮挡计损仍满足双向预算
T019,巡航,4689.276136352917,4708.353827054743,中继,R004,1222,PASS,worst_obstruction_endpoint_distance,0.7852518787784533,1811.4492212518917,True,,端点最大距离且全时段按遮挡计损仍满足双向预算
T019,巡航,4708.353827054743,4727.4315177565695,中继,R004,1223,PASS,worst_obstruction_endpoint_distance,1.227278420368691,1721.5705994196408,True,,端点最大距离且全时段按遮挡计损仍满足双向预算
T019,巡航,4727.4315177565695,4746.509208458396,中继,R004,1224,PASS,worst_obstruction_endpoint_distance,1.4431868980968119,1679.304351630539,True,,端点最大距离且全时段按遮挡计损仍满足双向预算
T019,巡航,4746.509208458396,4765.586899160222,中继,R004,1225,PASS,worst_obstruction_endpoint_distance,1.183454725095828,1730.2785424355745,True,,端点最大距离且全时段按遮挡计损仍满足双向预算
T019,巡航,4765.586899160222,4784.664589862048,中继,R004,1226,PASS,worst_obstruction_endpoint_distance,0.7194476577621458,1825.2248602709064,True,,端点最大距离且全时段按遮挡计损仍满足双向预算
T019,下降,4784.664589862048,4804.124440936266,中继,R004,1227,PASS,worst_obstruction_endpoint_distance,0.7194476577621458,1825.2248602709064,True,,端点最大距离且全时段按遮挡计损仍满足双向预算
T019,下降,4804.124440936266,4823.584292010485,中继,R004,1228,PASS,worst_obstruction_endpoint_distance,0.7287252227213372,1823.2763434744863,True,,端点最大距离且全时段按遮挡计损仍满足双向预算
T019,投送,4823.584292010485,4842.045830472024,中继,R004,1229,PASS,exact_point,0.7318298297417414,1822.6247642738538,,,独立计算 DEM 遮挡、自由空间损耗与双向预算
T019,投送,4842.045830472024,4860.507368933562,中继,R004,1230,PASS,exact_point,0.7318298297417414,1822.6247642738538,,,独立计算 DEM 遮挡、自由空间损耗与双向预算
T019,投送,4860.507368933562,4878.968907395101,中继,R004,1231,PASS,exact_point,0.7318298297417414,1822.6247642738538,,,独立计算 DEM 遮挡、自由空间损耗与双向预算
T019,投送,4878.968907395101,4897.430445856639,中继,R004,1232,PASS,exact_point,0.7318298297417414,1822.6247642738538,,,独立计算 DEM 遮挡、自由空间损耗与双向预算
T019,投送,4897.430445856639,4915.8919843181775,中继,R004,1233,PASS,exact_point,0.7318298297417414,1822.6247642738538,,,独立计算 DEM 遮挡、自由空间损耗与双向预算
T019,投送,4915.8919843181775,4934.3535227797165,中继,R004,1234,PASS,exact_point,0.7318298297417414,1822.6247642738538,,,独立计算 DEM 遮挡、自由空间损耗与双向预算
T019,投送,4934.3535227797165,4952.815061241255,中继,R004,1235,PASS,exact_point,0.7318298297417414,1822.6247642738538,,,独立计算 DEM 遮挡、自由空间损耗与双向预算
T019,投送,4952.815061241255,4971.276599702793,中继,R004,1236,PASS,exact_point,0.7318298297417414,1822.6247642738538,,,独立计算 DEM 遮挡、自由空间损耗与双向预算
T019,投送,4971.276599702793,4989.738138164332,中继,R004,1237,PASS,exact_point,0.7318298297417414,1822.6247642738538,,,独立计算 DEM 遮挡、自由空间损耗与双向预算
T019,投送,4989.738138164332,5008.19967662587,中继,R004,1238,PASS,exact_point,0.7318298297417414,1822.6247642738538,,,独立计算 DEM 遮挡、自由空间损耗与双向预算
T019,投送,5008.19967662587,5026.661215087409,中继,R004,1239,PASS,exact_point,0.7318298297417414,1822.6247642738538,,,独立计算 DEM 遮挡、自由空间损耗与双向预算
T019,投送,5026.661215087409,5045.122753548947,中继,R004,1240,PASS,exact_point,0.7318298297417414,1822.6247642738538,,,独立计算 DEM 遮挡、自由空间损耗与双向预算
T019,投送,5045.122753548947,5063.584292010486,中继,R004,1241,PASS,exact_point,0.7318298297417414,1822.6247642738538,,,独立计算 DEM 遮挡、自由空间损耗与双向预算
T019,爬升,5063.584292010486,5079.800834572335,中继,R004,1242,PASS,worst_obstruction_endpoint_distance,0.7287252227213372,1823.2763434744863,True,,端点最大距离且全时段按遮挡计损仍满足双向预算
T019,爬升,5079.800834572335,5096.017377134183,中继,R004,1243,PASS,worst_obstruction_endpoint_distance,0.7194476577621458,1825.2248602709064,True,,端点最大距离且全时段按遮挡计损仍满足双向预算
T019,巡航,5096.017377134183,5115.09506783601,中继,R004,1244,PASS,worst_obstruction_endpoint_distance,0.7194476577621458,1825.2248602709064,True,,端点最大距离且全时段按遮挡计损仍满足双向预算
T019,巡航,5115.09506783601,5134.172758537836,中继,R004,1245,PASS,worst_obstruction_endpoint_distance,1.183454725095828,1730.2785424355745,True,,端点最大距离且全时段按遮挡计损仍满足双向预算
T019,巡航,5134.172758537836,5153.250449239662,中继,R004,1246,PASS,worst_obstruction_endpoint_distance,1.4431868980968119,1679.304351630539,True,,端点最大距离且全时段按遮挡计损仍满足双向预算
T019,巡航,5153.250449239662,5172.328139941488,中继,R004,1247,PASS,worst_obstruction_endpoint_distance,1.227278420368691,1721.5705994196408,True,,端点最大距离且全时段按遮挡计损仍满足双向预算
T019,巡航,5172.328139941488,5191.405830643314,中继,R004,1248,PASS,worst_obstruction_endpoint_distance,0.7852518787784533,1811.4492212518917,True,,端点最大距离且全时段按遮挡计损仍满足双向预算
T019,巡航,5191.405830643314,5210.483521345141,中继,R004,1249,PASS,worst_obstruction_endpoint_distance,0.19081101792561128,1939.760928747007,True,,端点最大距离且全时段按遮挡计损仍满足双向预算
T019,巡航,5210.483521345141,5229.561212046967,中继,R005,1250,PASS,worst_obstruction_endpoint_distance,0.20289480643654656,1937.0642143332168,True,,端点最大距离且全时段按遮挡计损仍满足双向预算
T019,巡航,5229.561212046967,5248.638902748793,中继,R005,1251,PASS,worst_obstruction_endpoint_distance,1.4478904620044801,1678.3952245974033,True,,端点最大距离且全时段按遮挡计损仍满足双向预算
T019,巡航,5248.638902748793,5267.716593450619,直连,,1252,PASS,worst_obstruction_endpoint_distance,0.4784889884004002,3744.2454341324783,True,,端点最大距离且全时段按遮挡计损仍满足双向预算
T019,巡航,5267.716593450619,5286.7942841524455,直连,,1253,PASS,worst_obstruction_endpoint_distance,1.1640687134028127,3460.0734864853043,True,,端点最大距离且全时段按遮挡计损仍满足双向预算
T019,巡航,5286.7942841524455,5305.871974854272,直连,,1254,PASS,worst_obstruction_endpoint_distance,1.907455621920647,3176.25950134185,True,,端点最大距离且全时段按遮挡计损仍满足双向预算
T019,巡航,5305.871974854272,5324.949665556098,直连,,1255,PASS,worst_obstruction_endpoint_distance,2.719080205408204,2892.908836272585,True,,端点最大距离且全时段按遮挡计损仍满足双向预算
T019,巡航,5324.949665556098,5344.027356257924,直连,,1256,PASS,worst_obstruction_endpoint_distance,3.6123913546315833,2610.172384581751,True,,端点最大距离且全时段按遮挡计损仍满足双向预算
T019,巡航,5344.027356257924,5363.10504695975,直连,,1257,PASS,worst_obstruction_endpoint_distance,4.6050936964493445,2328.273920013661,True,,端点最大距离且全时段按遮挡计损仍满足双向预算
T019,巡航,5363.10504695975,5382.1827376615765,直连,,1258,PASS,worst_obstruction_endpoint_distance,5.721044201132514,2047.5595823149097,True,,端点最大距离且全时段按遮挡计损仍满足双向预算
T019,巡航,5382.1827376615765,5401.260428363403,直连,,1259,PASS,worst_obstruction_endpoint_distance,6.993215648778175,1768.5933016874653,True,,端点最大距离且全时段按遮挡计损仍满足双向预算
T019,巡航,5401.260428363403,5420.338119065229,直连,,1260,PASS,worst_obstruction_endpoint_distance,8.468328226484786,1492.3556940457386,True,,端点最大距离且全时段按遮挡计损仍满足双向预算
T019,巡航,5420.338119065229,5439.415809767055,直连,,1261,PASS,worst_obstruction_endpoint_distance,10.213591886626759,1220.7006166374656,True,,端点最大距离且全时段按遮挡计损仍满足双向预算
T019,巡航,5439.415809767055,5458.493500468881,直连,,1262,PASS,worst_obstruction_endpoint_distance,12.322670535858677,957.5362658919046,True,,端点最大距离且全时段按遮挡计损仍满足双向预算
T019,巡航,5458.493500468881,5477.571191170708,直连,,1263,PASS,worst_obstruction_endpoint_distance,14.892076823385764,712.3360391482996,True,,端点最大距离且全时段按遮挡计损仍满足双向预算
T019,巡航,5477.571191170708,5496.648881872534,直连,,1264,PASS,worst_obstruction_endpoint_distance,17.766895121913237,511.6158636829078,True,,端点最大距离且全时段按遮挡计损仍满足双向预算
T019,下降,5496.648881872534,5516.3866265556935,直连,,1265,PASS,worst_obstruction_endpoint_distance,19.396424967151802,424.099255371094,True,,端点最大距离且全时段按遮挡计损仍满足双向预算
T019,下降,5516.3866265556935,5536.124371238853,直连,,1266,PASS,worst_obstruction_endpoint_distance,20.470828911636644,374.75489366319465,True,,端点最大距离且全时段按遮挡计损仍满足双向预算
T019,下降,5536.124371238853,5555.862115922013,直连,,1267,PASS,worst_obstruction_endpoint_distance,21.69714306922441,325.4105319552953,True,,端点最大距离且全时段按遮挡计损仍满足双向预算
T019,下降,5555.862115922013,5575.599860605173,直连,,1268,PASS,worst_obstruction_endpoint_distance,23.125511355694883,276.066170247396,True,,端点最大距离且全时段按遮挡计损仍满足双向预算
T019,下降,5575.599860605173,5595.337605288332,直连,,1269,PASS,worst_obstruction_endpoint_distance,24.83590922086259,226.72180853949664,True,,端点最大距离且全时段按遮挡计损仍满足双向预算
T019,下降,5595.337605288332,5615.075349971492,直连,,1270,PASS,worst_obstruction_endpoint_distance,26.967807178204254,177.3774468315973,True,,端点最大距离且全时段按遮挡计损仍满足双向预算
T019,下降,5615.075349971492,5634.813094654652,直连,,1271,PASS,worst_obstruction_endpoint_distance,29.79933095562555,128.03308512369802,True,,端点最大距离且全时段按遮挡计损仍满足双向预算
T019,下降,5634.813094654652,5654.550839337811,直连,,1272,PASS,worst_obstruction_endpoint_distance,34.02752517149321,78.68872341579868,True,,端点最大距离且全时段按遮挡计损仍满足双向预算
T019,下降,5654.550839337811,5674.288584020971,直连,,1273,PASS,worst_obstruction_endpoint_distance,42.595281820281926,29.34436170789934,True,,端点最大距离且全时段按遮挡计损仍满足双向预算
T020,爬升,5843.0,5859.766175537109,直连,,1274,PASS,worst_obstruction_endpoint_distance,45.13077173479195,21.915438842772943,True,,端点最大距离且全时段按遮挡计损仍满足双向预算
T020,爬升,5859.766175537109,5876.532351074218,直连,,1275,PASS,worst_obstruction_endpoint_distance,35.84515884387433,63.830877685545886,True,,端点最大距离且全时段按遮挡计损仍满足双向预算
T020,爬升,5876.532351074218,5893.298526611328,直连,,1276,PASS,worst_obstruction_endpoint_distance,31.460470195991405,105.74631652832107,True,,端点最大距离且全时段按遮挡计损仍满足双向预算
T020,爬升,5893.298526611328,5910.064702148437,直连,,1277,PASS,worst_obstruction_endpoint_distance,28.560414627442924,147.661755371094,True,,端点最大距离且全时段按遮挡计损仍满足双向预算
T020,巡航,5910.064702148437,5928.785355926813,直连,,1278,PASS,worst_obstruction_endpoint_distance,21.917286089257843,317.26667257114957,True,,端点最大距离且全时段按遮挡计损仍满足双向预算
T020,巡航,5928.785355926813,5947.50600970519,直连,,1279,PASS,worst_obstruction_endpoint_distance,16.66663440279322,580.7069692195184,True,,端点最大距离且全时段按遮挡计损仍满足双向预算
T020,巡航,5947.50600970519,5966.226663483566,直连,,1280,PASS,worst_obstruction_endpoint_distance,13.303683384721793,855.2726592881538,True,,端点最大距离且全时段按遮挡计损仍满足双向预算
T020,巡航,5966.226663483566,5984.947317261943,直连,,1281,PASS,worst_obstruction_endpoint_distance,10.861916747871135,1132.9035062187145,True,,端点最大距离且全时段按遮挡计损仍满足双向预算
T020,巡航,5984.947317261943,6003.667971040319,直连,,1282,PASS,worst_obstruction_endpoint_distance,8.950358587344866,1411.7923650909095,True,,端点最大距离且全时段按遮挡计损仍满足双向预算
T020,巡航,6003.667971040319,6022.3886248186955,直连,,1283,PASS,worst_obstruction_endpoint_distance,7.381274715503494,1691.317032642597,True,,端点最大距离且全时段按遮挡计损仍满足双向预算
T020,巡航,6022.3886248186955,6041.109278597071,直连,,1284,PASS,worst_obstruction_endpoint_distance,6.051130303594704,1971.2070471504326,True,,端点最大距离且全时段按遮挡计损仍满足双向预算
T020,巡航,6041.109278597071,6059.829932375447,直连,,1285,PASS,worst_obstruction_endpoint_distance,4.897006846639741,2251.326150430654,True,,端点最大距离且全时段按遮挡计损仍满足双向预算
T020,巡航,6059.829932375447,6078.550586153824,直连,,1286,PASS,worst_obstruction_endpoint_distance,3.877879264512032,2531.5982982184496,True,,端点最大距离且全时段按遮挡计损仍满足双向预算
T020,巡航,6078.550586153824,6097.2712399322,直连,,1287,PASS,worst_obstruction_endpoint_distance,2.9655376322348275,2811.977728667235,True,,端点最大距离且全时段按遮挡计损仍满足双向预算
T020,下降,6097.2712399322,6111.148199160716,直连,,1288,PASS,worst_obstruction_endpoint_distance,2.9655376322348275,2811.977728667235,True,,端点最大距离且全时段按遮挡计损仍满足双向预算
T020,下降,6111.148199160716,6125.025158389231,直连,,1289,PASS,worst_obstruction_endpoint_distance,2.9696182473843464,2810.656976913882,True,,端点最大距离且全时段按遮挡计损仍满足双向预算
T020,下降,6125.025158389231,6138.902117617747,直连,,1290,PASS,worst_obstruction_endpoint_distance,2.9728550566591423,2809.6097766786506,True,,端点最大距离且全时段按遮挡计损仍满足双向预算
T020,投送,6138.902117617747,6158.538481254111,直连,,1291,PASS,exact_point,2.9752461696598544,2808.8364339208633,,,独立计算 DEM 遮挡、自由空间损耗与双向预算
T020,投送,6158.538481254111,6178.174844890475,直连,,1292,PASS,exact_point,2.9752461696598544,2808.8364339208633,,,独立计算 DEM 遮挡、自由空间损耗与双向预算
T020,投送,6178.174844890475,6197.811208526838,直连,,1293,PASS,exact_point,2.9752461696598544,2808.8364339208633,,,独立计算 DEM 遮挡、自由空间损耗与双向预算
T020,投送,6197.811208526838,6217.447572163202,直连,,1294,PASS,exact_point,2.9752461696598544,2808.8364339208633,,,独立计算 DEM 遮挡、自由空间损耗与双向预算
T020,投送,6217.447572163202,6237.083935799566,直连,,1295,PASS,exact_point,2.9752461696598544,2808.8364339208633,,,独立计算 DEM 遮挡、自由空间损耗与双向预算
T020,投送,6237.083935799566,6256.720299435929,直连,,1296,PASS,exact_point,2.9752461696598544,2808.8364339208633,,,独立计算 DEM 遮挡、自由空间损耗与双向预算
T020,投送,6256.720299435929,6276.356663072293,直连,,1297,PASS,exact_point,2.9752461696598544,2808.8364339208633,,,独立计算 DEM 遮挡、自由空间损耗与双向预算
T020,投送,6276.356663072293,6295.9930267086565,直连,,1298,PASS,exact_point,2.9752461696598544,2808.8364339208633,,,独立计算 DEM 遮挡、自由空间损耗与双向预算
T020,投送,6295.9930267086565,6315.62939034502,直连,,1299,PASS,exact_point,2.9752461696598544,2808.8364339208633,,,独立计算 DEM 遮挡、自由空间损耗与双向预算
T020,投送,6315.62939034502,6335.265753981384,直连,,1300,PASS,exact_point,2.9752461696598544,2808.8364339208633,,,独立计算 DEM 遮挡、自由空间损耗与双向预算
T020,投送,6335.265753981384,6354.902117617747,直连,,1301,PASS,exact_point,2.9752461696598544,2808.8364339208633,,,独立计算 DEM 遮挡、自由空间损耗与双向预算
T020,爬升,6354.902117617747,6372.961973574778,直连,,1302,PASS,worst_obstruction_endpoint_distance,2.970925081130119,2810.234131904647,True,,端点最大距离且全时段按遮挡计损仍满足双向预算
T020,爬升,6372.961973574778,6391.021829531809,直连,,1303,PASS,worst_obstruction_endpoint_distance,2.96436908070838,2812.3560620389653,True,,端点最大距离且全时段按遮挡计损仍满足双向预算
T020,爬升,6391.021829531809,6409.081685488841,直连,,1304,PASS,worst_obstruction_endpoint_distance,2.9555882791237877,2815.20058667542,True,,端点最大距离且全时段按遮挡计损仍满足双向预算
T020,巡航,6409.081685488841,6427.766604378698,直连,,1305,PASS,worst_obstruction_endpoint_distance,2.299243237410579,3036.1735771286017,True,,端点最大距离且全时段按遮挡计损仍满足双向预算
T020,巡航,6427.766604378698,6446.451523268555,直连,,1306,PASS,worst_obstruction_endpoint_distance,1.6647609172103728,3266.259699557645,True,,端点最大距离且全时段按遮挡计损仍满足双向预算
T020,巡航,6446.451523268555,6465.136442158413,直连,,1307,PASS,worst_obstruction_endpoint_distance,1.0553260708320664,3503.664031655883,True,,端点最大距离且全时段按遮挡计损仍满足双向预算
T020,巡航,6465.136442158413,6483.82136104827,直连,,1308,PASS,worst_obstruction_endpoint_distance,0.4721109995059436,3746.995817418023,True,,端点最大距离且全时段按遮挡计损仍满足双向预算
T020,巡航,6483.82136104827,6502.506279938128,中继,R006,1309,PASS,worst_obstruction_endpoint_distance,5.419557040482076,1062.4558845674355,True,,端点最大距离且全时段按遮挡计损仍满足双向预算
T020,巡航,6502.506279938128,6521.191198827985,中继,R006,1310,PASS,worst_obstruction_endpoint_distance,4.758910294938985,1146.4186525573566,True,,端点最大距离且全时段按遮挡计损仍满足双向预算
T020,巡航,6521.191198827985,6539.876117717842,中继,R006,1311,PASS,worst_obstruction_endpoint_distance,3.752954425479558,1287.185198203866,True,,端点最大距离且全时段按遮挡计损仍满足双向预算
T020,巡航,6539.876117717842,6558.5610366077,中继,R006,1312,PASS,worst_obstruction_endpoint_distance,2.6082351697809543,1468.5103095596824,True,,端点最大距离且全时段按遮挡计损仍满足双向预算
T020,巡航,6558.5610366077,6577.245955497558,中继,R006,1313,PASS,worst_obstruction_endpoint_distance,1.4536052694996329,1677.2913018779025,True,,端点最大距离且全时段按遮挡计损仍满足双向预算
T020,巡航,6577.245955497558,6595.930874387414,中继,R006,1314,PASS,worst_obstruction_endpoint_distance,0.350064351708653,1904.5200132032512,True,,端点最大距离且全时段按遮挡计损仍满足双向预算
T020,下降,6595.930874387414,6614.999489347131,中继,R006,1315,PASS,worst_obstruction_endpoint_distance,0.350064351708653,1904.5200132032512,True,,端点最大距离且全时段按遮挡计损仍满足双向预算
T020,下降,6614.999489347131,6634.068104306848,中继,R006,1316,PASS,worst_obstruction_endpoint_distance,0.3550187684285362,1903.4339879803524,True,,端点最大距离且全时段按遮挡计损仍满足双向预算
T020,下降,6634.068104306848,6653.136719266565,中继,R006,1317,PASS,worst_obstruction_endpoint_distance,0.3544726514011245,1903.553668339432,True,,端点最大距离且全时段按遮挡计损仍满足双向预算
T020,下降,6653.136719266565,6672.205334226282,中继,R006,1318,PASS,worst_obstruction_endpoint_distance,0.34897343139013515,1904.7592299267517,True,,端点最大距离且全时段按遮挡计损仍满足双向预算
T020,投送,6672.205334226282,6692.005334226282,中继,R007,1319,PASS,exact_point,13.693866451436222,1295.9714544759318,,,独立计算 DEM 遮挡、自由空间损耗与双向预算
T020,投送,6692.005334226282,6711.805334226281,中继,R007,1320,PASS,exact_point,13.693866451436222,1295.9714544759318,,,独立计算 DEM 遮挡、自由空间损耗与双向预算
T020,投送,6711.805334226281,6731.605334226282,中继,R007,1321,PASS,exact_point,13.693866451436222,1295.9714544759318,,,独立计算 DEM 遮挡、自由空间损耗与双向预算
T020,投送,6731.605334226282,6751.405334226281,中继,R007,1322,PASS,exact_point,13.693866451436222,1295.9714544759318,,,独立计算 DEM 遮挡、自由空间损耗与双向预算
T020,投送,6751.405334226281,6771.205334226282,中继,R007,1323,PASS,exact_point,13.693866451436222,1295.9714544759318,,,独立计算 DEM 遮挡、自由空间损耗与双向预算
T020,投送,6771.205334226282,6791.005334226282,中继,R007,1324,PASS,exact_point,13.693866451436222,1295.9714544759318,,,独立计算 DEM 遮挡、自由空间损耗与双向预算
T020,投送,6791.005334226282,6810.805334226281,中继,R007,1325,PASS,exact_point,13.693866451436222,1295.9714544759318,,,独立计算 DEM 遮挡、自由空间损耗与双向预算
T020,投送,6810.805334226281,6830.605334226282,中继,R007,1326,PASS,exact_point,13.693866451436222,1295.9714544759318,,,独立计算 DEM 遮挡、自由空间损耗与双向预算
T020,投送,6830.605334226282,6850.405334226281,中继,R007,1327,PASS,exact_point,13.693866451436222,1295.9714544759318,,,独立计算 DEM 遮挡、自由空间损耗与双向预算
T020,投送,6850.405334226281,6870.205334226282,中继,R007,1328,PASS,exact_point,13.693866451436222,1295.9714544759318,,,独立计算 DEM 遮挡、自由空间损耗与双向预算
T020,投送,6870.205334226282,6890.005334226282,中继,R007,1329,PASS,exact_point,13.693866451436222,1295.9714544759318,,,独立计算 DEM 遮挡、自由空间损耗与双向预算
T020,投送,6890.005334226282,6909.805334226281,中继,R007,1330,PASS,exact_point,13.693866451436222,1295.9714544759318,,,独立计算 DEM 遮挡、自由空间损耗与双向预算
T020,投送,6909.805334226281,6929.605334226282,中继,R007,1331,PASS,exact_point,13.693866451436222,1295.9714544759318,,,独立计算 DEM 遮挡、自由空间损耗与双向预算
T020,投送,6929.605334226282,6949.405334226281,中继,R007,1332,PASS,exact_point,13.693866451436222,1295.9714544759318,,,独立计算 DEM 遮挡、自由空间损耗与双向预算
T020,投送,6949.405334226281,6969.205334226282,中继,R007,1333,PASS,exact_point,13.693866451436222,1295.9714544759318,,,独立计算 DEM 遮挡、自由空间损耗与双向预算
T020,投送,6969.205334226282,6989.005334226282,中继,R007,1334,PASS,exact_point,13.693866451436222,1295.9714544759318,,,独立计算 DEM 遮挡、自由空间损耗与双向预算
T020,投送,6989.005334226282,7008.805334226281,中继,R007,1335,PASS,exact_point,13.693866451436222,1295.9714544759318,,,独立计算 DEM 遮挡、自由空间损耗与双向预算
T020,投送,7008.805334226281,7028.605334226282,中继,R007,1336,PASS,exact_point,13.693866451436222,1295.9714544759318,,,独立计算 DEM 遮挡、自由空间损耗与双向预算
T020,投送,7028.605334226282,7048.405334226281,中继,R007,1337,PASS,exact_point,13.693866451436222,1295.9714544759318,,,独立计算 DEM 遮挡、自由空间损耗与双向预算
T020,投送,7048.405334226281,7068.205334226282,中继,R007,1338,PASS,exact_point,13.693866451436222,1295.9714544759318,,,独立计算 DEM 遮挡、自由空间损耗与双向预算
T020,爬升,7068.205334226282,7085.7267860491975,中继,R007,1339,PASS,worst_obstruction_endpoint_distance,3.6938664514362216,1295.9714544759318,True,,端点最大距离且全时段按遮挡计损仍满足双向预算
T020,爬升,7085.7267860491975,7103.248237872114,中继,R007,1340,PASS,worst_obstruction_endpoint_distance,3.753066873679316,1287.1685343124955,True,,端点最大距离且全时段按遮挡计损仍满足双向预算
T020,爬升,7103.248237872114,7120.769689695031,中继,R007,1341,PASS,worst_obstruction_endpoint_distance,3.802898216986918,1279.8051322590784,True,,端点最大距离且全时段按遮挡计损仍满足双向预算
T020,巡航,7120.769689695031,7140.327621877976,中继,R007,1342,PASS,worst_obstruction_endpoint_distance,2.1367358916967873,1550.4292879541606,True,,端点最大距离且全时段按遮挡计损仍满足双向预算
T020,巡航,7140.327621877976,7159.885554060919,中继,R007,1343,PASS,worst_obstruction_endpoint_distance,0.686319141278446,1832.1996727020219,True,,端点最大距离且全时段按遮挡计损仍满足双向预算
T020,巡航,7159.885554060919,7179.443486243863,中继,R006,1344,PASS,worst_obstruction_endpoint_distance,3.400857900205878,1340.4353214105083,True,,端点最大距离且全时段按遮挡计损仍满足双向预算
T020,巡航,7179.443486243863,7199.0014184268075,中继,R006,1345,PASS,worst_obstruction_endpoint_distance,5.372637576096679,1068.210590814378,True,,端点最大距离且全时段按遮挡计损仍满足双向预算
T020,巡航,7199.0014184268075,7218.559350609751,中继,R006,1346,PASS,worst_obstruction_endpoint_distance,7.766740961877289,810.8708909826305,True,,端点最大距离且全时段按遮挡计损仍满足双向预算
T020,巡航,7218.559350609751,7238.117282792695,直连,,1347,PASS,worst_obstruction_endpoint_distance,0.3090985653005305,3817.9815908238766,True,,端点最大距离且全时段按遮挡计损仍满足双向预算
T020,巡航,7238.117282792695,7257.6752149756385,直连,,1348,PASS,worst_obstruction_endpoint_distance,1.0026890572529226,3524.960911409265,True,,端点最大距离且全时段按遮挡计损仍满足双向预算
T020,巡航,7257.6752149756385,7277.233147158582,直连,,1349,PASS,worst_obstruction_endpoint_distance,1.7563389162753964,3232.0034260700977,True,,端点最大距离且全时段按遮挡计损仍满足双向预算
T020,巡航,7277.233147158582,7296.791079341527,直连,,1350,PASS,worst_obstruction_endpoint_distance,2.5814050697037914,2939.128031468544,True,,端点最大距离且全时段按遮挡计损仍满足双向预算
T020,巡航,7296.791079341527,7316.34901152447,直连,,1351,PASS,worst_obstruction_endpoint_distance,3.492790187069943,2646.361982925317,True,,端点最大距离且全时段按遮挡计损仍满足双向预算
T020,巡航,7316.34901152447,7335.906943707414,直连,,1352,PASS,worst_obstruction_endpoint_distance,4.510582959293117,2353.74608317376,True,,端点最大距离且全时段按遮挡计损仍满足双向预算
T020,巡航,7335.906943707414,7355.464875890359,直连,,1353,PASS,worst_obstruction_endpoint_distance,5.662764533403006,2061.3442758335245,True,,端点最大距离且全时段按遮挡计损仍满足双向预算
T020,巡航,7355.464875890359,7375.022808073302,直连,,1354,PASS,worst_obstruction_endpoint_distance,6.989928674066292,1769.2627117074003,True,,端点最大距离且全时段按遮挡计损仍满足双向预算
T020,巡航,7375.022808073302,7394.580740256246,直连,,1355,PASS,worst_obstruction_endpoint_distance,8.554100828861323,1477.691301537348,True,,端点最大距离且全时段按遮挡计损仍满足双向预算
T020,巡航,7394.580740256246,7414.1386724391905,直连,,1356,PASS,worst_obstruction_endpoint_distance,10.456716578783727,1187.0060413963242,True,,端点最大距离且全时段按遮挡计损仍满足双向预算
T020,巡航,7414.1386724391905,7433.696604622134,直连,,1357,PASS,worst_obstruction_endpoint_distance,12.879592400811816,898.0678270917992,True,,端点最大距离且全时段按遮挡计损仍满足双向预算
T020,巡航,7433.696604622134,7453.254536805078,直连,,1358,PASS,worst_obstruction_endpoint_distance,16.19159854535019,613.3506516465615,True,,端点最大距离且全时段按遮挡计损仍满足双向预算
T020,巡航,7453.254536805078,7472.812468988022,直连,,1359,PASS,worst_obstruction_endpoint_distance,21.226846823471305,343.5155626261655,True,,端点最大距离且全时段按遮挡计损仍满足双向预算
T020,下降,7472.812468988022,7492.683557855209,直连,,1360,PASS,worst_obstruction_endpoint_distance,26.902754877149746,178.710888671875,True,,端点最大距离且全时段按遮挡计损仍满足双向预算
T020,下降,7492.683557855209,7512.554646722398,直连,,1361,PASS,worst_obstruction_endpoint_distance,29.087434584690158,138.96871093750144,True,,端点最大距离且全时段按遮挡计损仍满足双向预算
T020,下降,7512.554646722398,7532.425735589584,直连,,1362,PASS,worst_obstruction_endpoint_distance,32.013218802742756,99.22653320312429,True,,端点最大距离且全时段按遮挡计损仍满足双向预算
T020,下降,7532.425735589584,7552.296824456772,直连,,1363,PASS,worst_obstruction_endpoint_distance,36.457719961105596,59.48435546875072,True,,端点最大距离且全时段按遮挡计损仍满足双向预算
T020,下降,7552.296824456772,7572.1679133239595,直连,,1364,PASS,worst_obstruction_endpoint_distance,45.92517525248826,20.0,True,,端点最大距离且全时段按遮挡计损仍满足双向预算
T021,爬升,6118.0,6136.035944417317,直连,,1365,PASS,worst_obstruction_endpoint_distance,43.955810044934495,25.08986104329321,True,,端点最大距离且全时段按遮挡计损仍满足双向预算
T021,爬升,6136.035944417317,6154.0718888346355,直连,,1366,PASS,worst_obstruction_endpoint_distance,35.021542284446866,70.1797220865887,True,,端点最大距离且全时段按遮挡计损仍满足双向预算
T021,爬升,6154.0718888346355,6172.107833251954,直连,,1367,PASS,worst_obstruction_endpoint_distance,30.71148071485733,115.26958312988415,True,,端点最大距离且全时段按遮挡计损仍满足双向预算
T021,爬升,6172.107833251954,6190.143777669271,直连,,1368,PASS,worst_obstruction_endpoint_distance,27.843884320576393,160.35944417317734,True,,端点最大距离且全时段按遮挡计损仍满足双向预算
T021,爬升,6190.143777669271,6208.179722086588,直连,,1369,PASS,worst_obstruction_endpoint_distance,25.691681627493523,205.44930521647058,True,,端点最大距离且全时段按遮挡计损仍满足双向预算
T021,爬升,6208.179722086588,6226.2156665039065,直连,,1370,PASS,worst_obstruction_endpoint_distance,23.968262608738172,250.53916625976603,True,,端点最大距离且全时段按遮挡计损仍满足双向预算
T021,巡航,6226.2156665039065,6245.99702356786,直连,,1371,PASS,worst_obstruction_endpoint_distance,20.16139188232583,388.3462932369524,True,,端点最大距离且全时段按遮挡计损仍满足双向预算
T021,巡航,6245.99702356786,6265.778380631814,直连,,1372,PASS,worst_obstruction_endpoint_distance,15.765903798404153,644.1597258386764,True,,端点最大距离且全时段按遮挡计损仍满足双向预算
T021,巡航,6265.778380631814,6285.559737695768,直连,,1373,PASS,worst_obstruction_endpoint_distance,12.62531864366639,924.7467764723526,True,,端点最大距离且全时段按遮挡计损仍满足双向预算
T021,巡航,6285.559737695768,6305.34109475972,直连,,1374,PASS,worst_obstruction_endpoint_distance,10.268298266887285,1213.0364331213775,True,,端点最大距离且全时段按遮挡计损仍满足双向预算
T021,巡航,6305.34109475972,6325.122451823674,直连,,1375,PASS,worst_obstruction_endpoint_distance,8.39730997944396,1504.6076282027716,True,,端点最大距离且全时段按遮挡计损仍满足双向预算
T021,巡航,6325.122451823674,6344.903808887628,直连,,1376,PASS,worst_obstruction_endpoint_distance,6.850635996686719,1797.864505710022,True,,端点最大距离且全时段按遮挡计损仍满足双向预算
T021,巡航,6344.903808887628,6364.685165951581,直连,,1377,PASS,worst_obstruction_endpoint_distance,5.5341333456205035,2092.098321356043,True,,端点最大距离且全时段按遮挡计损仍满足双向预算
T021,巡航,6364.685165951581,6384.466523015535,直连,,1378,PASS,worst_obstruction_endpoint_distance,4.388916634906977,2386.947827420809,True,,端点最大距离且全时段按遮挡计损仍满足双向预算
T021,巡航,6384.466523015535,6404.247880079489,直连,,1379,PASS,worst_obstruction_endpoint_distance,3.375919660747627,2682.209987066719,True,,端点最大距离且全时段按遮挡计损仍满足双向预算
T021,巡航,6404.247880079489,6424.0292371434425,直连,,1380,PASS,worst_obstruction_endpoint_distance,2.4679753448875914,2977.7620519260295,True,,端点最大距离且全时段按遮挡计损仍满足双向预算
T021,巡航,6424.0292371434425,6443.810594207396,直连,,1381,PASS,worst_obstruction_endpoint_distance,1.645460598805812,3273.5255001824776,True,,端点最大距离且全时段按遮挡计损仍满足双向预算
T021,巡航,6443.810594207396,6463.59195127135,直连,,1382,PASS,worst_obstruction_endpoint_distance,0.8937544946891762,3569.447786713983,True,,端点最大距离且全时段按遮挡计损仍满足双向预算
T021,巡航,6463.59195127135,6483.373308335304,直连,,1383,PASS,worst_obstruction_endpoint_distance,0.20167861880452165,3865.492432161046,True,,端点最大距离且全时段按遮挡计损仍满足双向预算
T021,巡航,6483.373308335304,6503.154665399257,中继,R006,1384,PASS,worst_obstruction_endpoint_distance,8.915498169436432,710.4178251369547,True,,端点最大距离且全时段按遮挡计损仍满足双向预算
T021,巡航,6503.154665399257,6522.936022463211,中继,R006,1385,PASS,worst_obstruction_endpoint_distance,5.919360757851777,1003.0456998430258,True,,端点最大距离且全时段按遮挡计损仍满足双向预算
T021,巡航,6522.936022463211,6542.717379527165,中继,R006,1386,PASS,worst_obstruction_endpoint_distance,3.683401975513803,1297.533739429142,True,,端点最大距离且全时段按遮挡计损仍满足双向预算
T021,巡航,6542.717379527165,6562.498736591117,中继,R006,1387,PASS,worst_obstruction_endpoint_distance,1.9022745718798433,1592.850549555853,True,,端点最大距离且全时段按遮挡计损仍满足双向预算
T021,巡航,6562.498736591117,6582.280093655071,中继,R006,1388,PASS,worst_obstruction_endpoint_distance,0.422941462596242,1888.6073919071866,True,,端点最大距离且全时段按遮挡计损仍满足双向预算
T021,巡航,6582.280093655071,6602.061450719025,中继,R007,1389,PASS,worst_obstruction_endpoint_distance,1.3127262354054778,1704.7176061191228,True,,端点最大距离且全时段按遮挡计损仍满足双向预算
T021,巡航,6602.061450719025,6621.8428077829785,中继,R007,1390,PASS,worst_obstruction_endpoint_distance,2.1310599851746446,1551.4427670527323,True,,端点最大距离且全时段按遮挡计损仍满足双向预算
T021,巡航,6621.8428077829785,6641.624164846932,中继,R007,1391,PASS,worst_obstruction_endpoint_distance,2.7568539914342693,1443.597292027193,True,,端点最大距离且全时段按遮挡计损仍满足双向预算
T021,巡航,6641.624164846932,6661.405521910886,中继,R007,1392,PASS,worst_obstruction_endpoint_distance,3.009436570846745,1402.2224943312915,True,,端点最大距离且全时段按遮挡计损仍满足双向预算
T021,巡航,6661.405521910886,6681.18687897484,中继,R007,1393,PASS,worst_obstruction_endpoint_distance,2.5782083813780474,1473.5956784547577,True,,端点最大距离且全时段按遮挡计损仍满足双向预算
T021,巡航,6681.18687897484,6700.968236038793,中继,R007,1394,PASS,worst_obstruction_endpoint_distance,1.8755622343822864,1597.756696995542,True,,端点最大距离且全时段按遮挡计损仍满足双向预算
T021,巡航,6700.968236038793,6720.749593102746,中继,R007,1395,PASS,worst_obstruction_endpoint_distance,1.017815697403691,1763.5914042963925,True,,端点最大距离且全时段按遮挡计损仍满足双向预算
T021,巡航,6720.749593102746,6740.5309501667,中继,R007,1396,PASS,worst_obstruction_endpoint_distance,0.09820263924140704,1960.5531768111305,True,,端点最大距离且全时段按遮挡计损仍满足双向预算
T021,下降,6740.5309501667,6757.524866792677,中继,R007,1397,PASS,worst_obstruction_endpoint_distance,0.09089597645279923,1962.2031088782874,True,,端点最大距离且全时段按遮挡计损仍满足双向预算
T021,下降,6757.524866792677,6774.518783418654,中继,R007,1398,PASS,worst_obstruction_endpoint_distance,0.08100074457328788,1964.439784645317,True,,端点最大距离且全时段按遮挡计损仍满足双向预算
T021,下降,6774.518783418654,6791.51270004463,中继,R007,1399,PASS,worst_obstruction_endpoint_distance,0.06853462307819314,1967.2612028201515,True,,端点最大距离且全时段按遮挡计损仍满足双向预算
T021,下降,6791.51270004463,6808.5066166706065,中继,R007,1400,PASS,worst_obstruction_endpoint_distance,0.05351975134392717,1970.6648518618697,True,,端点最大距离且全时段按遮挡计损仍满足双向预算
T021,下降,6808.5066166706065,6825.500533296583,中继,R007,1401,PASS,worst_obstruction_endpoint_distance,0.035982598952486455,1974.647721044051,True,,端点最大距离且全时段按遮挡计损仍满足双向预算
T021,投送,6825.500533296583,6845.300533296583,中继,R007,1402,PASS,exact_point,0.035982598952486455,1974.647721044051,,,独立计算 DEM 遮挡、自由空间损耗与双向预算
T021,投送,6845.300533296583,6865.100533296583,中继,R007,1403,PASS,exact_point,0.035982598952486455,1974.647721044051,,,独立计算 DEM 遮挡、自由空间损耗与双向预算
T021,投送,6865.100533296583,6884.9005332965835,中继,R007,1404,PASS,exact_point,0.035982598952486455,1974.647721044051,,,独立计算 DEM 遮挡、自由空间损耗与双向预算
T021,投送,6884.9005332965835,6904.700533296584,中继,R007,1405,PASS,exact_point,0.035982598952486455,1974.647721044051,,,独立计算 DEM 遮挡、自由空间损耗与双向预算
T021,投送,6904.700533296584,6924.500533296583,中继,R007,1406,PASS,exact_point,0.035982598952486455,1974.647721044051,,,独立计算 DEM 遮挡、自由空间损耗与双向预算
T021,投送,6924.500533296583,6944.300533296583,中继,R007,1407,PASS,exact_point,0.035982598952486455,1974.647721044051,,,独立计算 DEM 遮挡、自由空间损耗与双向预算
T021,投送,6944.300533296583,6964.100533296583,中继,R007,1408,PASS,exact_point,0.035982598952486455,1974.647721044051,,,独立计算 DEM 遮挡、自由空间损耗与双向预算
T021,投送,6964.100533296583,6983.9005332965835,中继,R007,1409,PASS,exact_point,0.035982598952486455,1974.647721044051,,,独立计算 DEM 遮挡、自由空间损耗与双向预算
T021,投送,6983.9005332965835,7003.700533296584,中继,R007,1410,PASS,exact_point,0.035982598952486455,1974.647721044051,,,独立计算 DEM 遮挡、自由空间损耗与双向预算
T021,投送,7003.700533296584,7023.500533296583,中继,R007,1411,PASS,exact_point,0.035982598952486455,1974.647721044051,,,独立计算 DEM 遮挡、自由空间损耗与双向预算
T021,投送,7023.500533296583,7043.300533296583,中继,R007,1412,PASS,exact_point,0.035982598952486455,1974.647721044051,,,独立计算 DEM 遮挡、自由空间损耗与双向预算
T021,投送,7043.300533296583,7063.100533296583,中继,R007,1413,PASS,exact_point,0.035982598952486455,1974.647721044051,,,独立计算 DEM 遮挡、自由空间损耗与双向预算
T021,投送,7063.100533296583,7082.9005332965835,中继,R007,1414,PASS,exact_point,0.035982598952486455,1974.647721044051,,,独立计算 DEM 遮挡、自由空间损耗与双向预算
T021,投送,7082.9005332965835,7102.700533296584,中继,R007,1415,PASS,exact_point,0.035982598952486455,1974.647721044051,,,独立计算 DEM 遮挡、自由空间损耗与双向预算
T021,投送,7102.700533296584,7122.500533296583,中继,R007,1416,PASS,exact_point,0.035982598952486455,1974.647721044051,,,独立计算 DEM 遮挡、自由空间损耗与双向预算
T021,投送,7122.500533296583,7142.300533296583,中继,R007,1417,PASS,exact_point,0.035982598952486455,1974.647721044051,,,独立计算 DEM 遮挡、自由空间损耗与双向预算
T021,投送,7142.300533296583,7162.100533296583,中继,R007,1418,PASS,exact_point,0.035982598952486455,1974.647721044051,,,独立计算 DEM 遮挡、自由空间损耗与双向预算
T021,投送,7162.100533296583,7181.9005332965835,中继,R007,1419,PASS,exact_point,0.035982598952486455,1974.647721044051,,,独立计算 DEM 遮挡、自由空间损耗与双向预算
T021,投送,7181.9005332965835,7201.700533296584,中继,R007,1420,PASS,exact_point,0.035982598952486455,1974.647721044051,,,独立计算 DEM 遮挡、自由空间损耗与双向预算
T021,投送,7201.700533296584,7221.500533296583,中继,R007,1421,PASS,exact_point,0.035982598952486455,1974.647721044051,,,独立计算 DEM 遮挡、自由空间损耗与双向预算
T021,爬升,7221.500533296583,7238.49444992256,中继,R007,1422,PASS,worst_obstruction_endpoint_distance,0.035982598952486455,1974.647721044051,True,,端点最大距离且全时段按遮挡计损仍满足双向预算
T021,爬升,7238.49444992256,7255.488366548537,中继,R007,1423,PASS,worst_obstruction_endpoint_distance,0.05751103969893734,1969.7595116920877,True,,端点最大距离且全时段按遮挡计损仍满足双向预算
T021,爬升,7255.488366548537,7272.482283174513,中继,R007,1424,PASS,worst_obstruction_endpoint_distance,0.07508776444491616,1965.777546063408,True,,端点最大距离且全时段按遮挡计损仍满足双向预算
T021,爬升,7272.482283174513,7289.47619980049,中继,R007,1425,PASS,worst_obstruction_endpoint_distance,0.08866423352374397,1962.7073399621577,True,,端点最大距离且全时段按遮挡计损仍满足双向预算
T021,巡航,7289.47619980049,7309.257556864443,中继,R007,1426,PASS,worst_obstruction_endpoint_distance,0.09820263924140704,1960.5531768111305,True,,端点最大距离且全时段按遮挡计损仍满足双向预算
T021,巡航,7309.257556864443,7329.038913928397,中继,R007,1427,PASS,worst_obstruction_endpoint_distance,1.017815697403691,1763.5914042963925,True,,端点最大距离且全时段按遮挡计损仍满足双向预算
T021,巡航,7329.038913928397,7348.820270992351,中继,R007,1428,PASS,worst_obstruction_endpoint_distance,1.8755622343822864,1597.756696995542,True,,端点最大距离且全时段按遮挡计损仍满足双向预算
T021,巡航,7348.820270992351,7368.601628056304,中继,R007,1429,PASS,worst_obstruction_endpoint_distance,2.5782083813780474,1473.5956784547577,True,,端点最大距离且全时段按遮挡计损仍满足双向预算
T021,巡航,7368.601628056304,7388.382985120258,中继,R007,1430,PASS,worst_obstruction_endpoint_distance,3.009436570846745,1402.2224943312915,True,,端点最大距离且全时段按遮挡计损仍满足双向预算
T021,巡航,7388.382985120258,7408.164342184212,中继,R007,1431,PASS,worst_obstruction_endpoint_distance,2.7568539914342693,1443.597292027193,True,,端点最大距离且全时段按遮挡计损仍满足双向预算
T021,巡航,7408.164342184212,7427.945699248165,中继,R007,1432,PASS,worst_obstruction_endpoint_distance,2.1310599851746446,1551.4427670527323,True,,端点最大距离且全时段按遮挡计损仍满足双向预算
T021,巡航,7427.945699248165,7447.727056312118,中继,R007,1433,PASS,worst_obstruction_endpoint_distance,1.3127262354054778,1704.7176061191228,True,,端点最大距离且全时段按遮挡计损仍满足双向预算
T021,巡航,7447.727056312118,7467.508413376072,中继,R006,1434,PASS,worst_obstruction_endpoint_distance,0.422941462596242,1888.6073919071866,True,,端点最大距离且全时段按遮挡计损仍满足双向预算
T021,巡航,7467.508413376072,7487.289770440026,中继,R006,1435,PASS,worst_obstruction_endpoint_distance,1.9022745718798433,1592.850549555853,True,,端点最大距离且全时段按遮挡计损仍满足双向预算
T021,巡航,7487.289770440026,7507.071127503979,中继,R006,1436,PASS,worst_obstruction_endpoint_distance,3.683401975513803,1297.533739429142,True,,端点最大距离且全时段按遮挡计损仍满足双向预算
T021,巡航,7507.071127503979,7526.852484567933,中继,R006,1437,PASS,worst_obstruction_endpoint_distance,5.919360757851777,1003.0456998430258,True,,端点最大距离且全时段按遮挡计损仍满足双向预算
T021,巡航,7526.852484567933,7546.633841631887,中继,R006,1438,PASS,worst_obstruction_endpoint_distance,8.915498169436432,710.4178251369547,True,,端点最大距离且全时段按遮挡计损仍满足双向预算
T021,巡航,7546.633841631887,7566.41519869584,直连,,1439,PASS,worst_obstruction_endpoint_distance,0.20167861880453586,3865.4924321610397,True,,端点最大距离且全时段按遮挡计损仍满足双向预算
T021,巡航,7566.41519869584,7586.196555759794,直连,,1440,PASS,worst_obstruction_endpoint_distance,0.8937544946891762,3569.447786713983,True,,端点最大距离且全时段按遮挡计损仍满足双向预算
T021,巡航,7586.196555759794,7605.977912823748,直连,,1441,PASS,worst_obstruction_endpoint_distance,1.645460598805812,3273.5255001824776,True,,端点最大距离且全时段按遮挡计损仍满足双向预算
T021,巡航,7605.977912823748,7625.7592698877015,直连,,1442,PASS,worst_obstruction_endpoint_distance,2.4679753448875914,2977.7620519260295,True,,端点最大距离且全时段按遮挡计损仍满足双向预算
T021,巡航,7625.7592698877015,7645.540626951655,直连,,1443,PASS,worst_obstruction_endpoint_distance,3.375919660747627,2682.209987066719,True,,端点最大距离且全时段按遮挡计损仍满足双向预算
T021,巡航,7645.540626951655,7665.321984015609,直连,,1444,PASS,worst_obstruction_endpoint_distance,4.388916634906977,2386.947827420809,True,,端点最大距离且全时段按遮挡计损仍满足双向预算
T021,巡航,7665.321984015609,7685.103341079563,直连,,1445,PASS,worst_obstruction_endpoint_distance,5.5341333456205035,2092.098321356043,True,,端点最大距离且全时段按遮挡计损仍满足双向预算
T021,巡航,7685.103341079563,7704.884698143516,直连,,1446,PASS,worst_obstruction_endpoint_distance,6.850635996686719,1797.864505710022,True,,端点最大距离且全时段按遮挡计损仍满足双向预算
T021,巡航,7704.884698143516,7724.66605520747,直连,,1447,PASS,worst_obstruction_endpoint_distance,8.39730997944396,1504.6076282027716,True,,端点最大距离且全时段按遮挡计损仍满足双向预算
T021,巡航,7724.66605520747,7744.447412271423,直连,,1448,PASS,worst_obstruction_endpoint_distance,10.268298266887285,1213.0364331213775,True,,端点最大距离且全时段按遮挡计损仍满足双向预算
T021,巡航,7744.447412271423,7764.2287693353765,直连,,1449,PASS,worst_obstruction_endpoint_distance,12.62531864366639,924.7467764723526,True,,端点最大距离且全时段按遮挡计损仍满足双向预算
T021,巡航,7764.2287693353765,7784.01012639933,直连,,1450,PASS,worst_obstruction_endpoint_distance,15.765903798404153,644.1597258386764,True,,端点最大距离且全时段按遮挡计损仍满足双向预算
T021,巡航,7784.01012639933,7803.791483463284,直连,,1451,PASS,worst_obstruction_endpoint_distance,20.16139188232583,388.3462932369524,True,,端点最大距离且全时段按遮挡计损仍满足双向预算
T021,下降,7803.791483463284,7823.115709624695,直连,,1452,PASS,worst_obstruction_endpoint_distance,23.968262608738172,250.53916625976603,True,,端点最大距离且全时段按遮挡计损仍满足双向预算
T021,下降,7823.115709624695,7842.4399357861075,直连,,1453,PASS,worst_obstruction_endpoint_distance,25.423536680378135,211.89071393694337,True,,端点最大距离且全时段按遮挡计损仍满足双向预算
T021,下降,7842.4399357861075,7861.76416194752,直连,,1454,PASS,worst_obstruction_endpoint_distance,27.17269827277147,173.24226161411883,True,,端点最大距离且全时段按遮挡计损仍满足双向预算
T021,下降,7861.76416194752,7881.088388108931,直连,,1455,PASS,worst_obstruction_endpoint_distance,29.365273470603157,134.59380929129435,True,,端点最大距离且全时段按遮挡计损仍满足双向预算
T021,下降,7881.088388108931,7900.412614270343,直连,,1456,PASS,worst_obstruction_endpoint_distance,32.30529590570579,95.94535696847169,True,,端点最大距离且全时段按遮挡计损仍满足双向预算
T021,下降,7900.412614270343,7919.736840431755,直连,,1457,PASS,worst_obstruction_endpoint_distance,36.78315195211816,57.29690464564899,True,,端点最大距离且全时段按遮挡计损仍满足双向预算
T021,下降,7919.736840431755,7939.061066593167,直连,,1458,PASS,worst_obstruction_endpoint_distance,45.92517525248826,20.0,True,,端点最大距离且全时段按遮挡计损仍满足双向预算
T022,爬升,6173.0,6189.34728881836,直连,,1459,PASS,worst_obstruction_endpoint_distance,42.68528468478428,29.041866455078775,True,,端点最大距离且全时段按遮挡计损仍满足双向预算
T022,爬升,6189.34728881836,6205.694577636719,直连,,1460,PASS,worst_obstruction_endpoint_distance,34.094563820666195,78.08373291015752,True,,端点最大距离且全时段按遮挡计损仍满足双向预算
T022,爬升,6205.694577636719,6222.041866455078,直连,,1461,PASS,worst_obstruction_endpoint_distance,29.861114895269864,127.12559936523354,True,,端点最大距离且全时段按遮挡计损仍满足双向预算
T022,爬升,6222.041866455078,6238.389155273438,直连,,1462,PASS,worst_obstruction_endpoint_distance,27.02726102514677,176.16746582031232,True,,端点最大距离且全时段按遮挡计损仍满足双向预算
T022,爬升,6238.389155273438,6254.736444091797,直连,,1463,PASS,worst_obstruction_endpoint_distance,24.894047506859238,225.20933227539103,True,,端点最大距离且全时段按遮挡计损仍满足双向预算
T022,巡航,6254.736444091797,6274.684875323222,直连,,1464,PASS,worst_obstruction_endpoint_distance,20.476569260061567,374.5073067081198,True,,端点最大距离且全时段按遮挡计损仍满足双向预算
T022,巡航,6274.684875323222,6294.633306554647,直连,,1465,PASS,worst_obstruction_endpoint_distance,15.829974101692486,639.4256493755012,True,,端点最大距离且全时段按遮挡计损仍满足双向预算
T022,巡航,6294.633306554647,6314.581737786071,直连,,1466,PASS,worst_obstruction_endpoint_distance,12.618260351929706,925.4985457841007,True,,端点最大距离且全时段按遮挡计损仍满足双向预算
T022,巡航,6314.581737786071,6334.5301690174965,直连,,1467,PASS,worst_obstruction_endpoint_distance,10.233476665807785,1217.9092389358796,True,,端点最大距离且全时段按遮挡计损仍满足双向预算
T022,巡航,6334.5301690174965,6354.478600248922,直连,,1468,PASS,worst_obstruction_endpoint_distance,8.349068263577223,1512.9875178566108,True,,端点最大距离且全时段按遮挡计损仍满足双向预算
T022,巡航,6354.478600248922,6374.427031480346,直连,,1469,PASS,worst_obstruction_endpoint_distance,6.794945300204006,1809.428778084995,True,,端点最大距离且全时段按遮挡计损仍满足双向预算
T022,巡航,6374.427031480346,6394.375462711771,直连,,1470,PASS,worst_obstruction_endpoint_distance,5.473895595477202,2106.657716764186,True,,端点最大距离且全时段按遮挡计损仍满足双向预算
T022,巡航,6394.375462711771,6414.323893943196,直连,,1471,PASS,worst_obstruction_endpoint_distance,4.325704959757758,2404.3822339864455,True,,端点最大距离且全时段按遮挡计损仍满足双向预算
T022,巡航,6414.323893943196,6434.272325174621,直连,,1472,PASS,worst_obstruction_endpoint_distance,3.3106586402651743,2702.4385427766797,True,,端点最大距离且全时段按遮挡计损仍满足双向预算
T022,巡航,6434.272325174621,6454.220756406046,直连,,1473,PASS,worst_obstruction_endpoint_distance,2.401243199064254,3000.7277761782934,True,,端点最大距离且全时段按遮挡计损仍满足双向预算
T022,巡航,6454.220756406046,6474.169187637471,直连,,1474,PASS,worst_obstruction_endpoint_distance,1.5776371600474448,3299.186756586918,True,,端点最大距离且全时段按遮挡计损仍满足双向预算
T022,巡航,6474.169187637471,6494.117618868896,直连,,1475,PASS,worst_obstruction_endpoint_distance,0.8250994230448754,3597.773239354705,True,,端点最大距离且全时段按遮挡计损仍满足双向预算
T022,巡航,6494.117618868896,6514.06605010032,直连,,1476,PASS,worst_obstruction_endpoint_distance,0.1323753731121542,3896.45791298493,True,,端点最大距离且全时段按遮挡计损仍满足双向预算
T022,巡航,6514.06605010032,6534.014481331746,中继,R006,1477,PASS,worst_obstruction_endpoint_distance,3.0919231118517416,1388.9691590915174,True,,端点最大距离且全时段按遮挡计损仍满足双向预算
T022,巡航,6534.014481331746,6553.96291256317,中继,R006,1478,PASS,worst_obstruction_endpoint_distance,1.871524577405495,1598.4995907465093,True,,端点最大距离且全时段按遮挡计损仍满足双向预算
T022,巡航,6553.96291256317,6573.911343794595,中继,R006,1479,PASS,worst_obstruction_endpoint_distance,0.682072816606933,1833.0956104889353,True,,端点最大距离且全时段按遮挡计损仍满足双向预算
T022,巡航,6573.911343794595,6593.85977502602,中继,R007,1480,PASS,worst_obstruction_endpoint_distance,0.7935438880098502,1809.720741284462,True,,端点最大距离且全时段按遮挡计损仍满足双向预算
T022,巡航,6593.85977502602,6613.808206257445,中继,R007,1481,PASS,worst_obstruction_endpoint_distance,2.18622543639502,1541.6205343153074,True,,端点最大距离且全时段按遮挡计损仍满足双向预算
T022,巡航,6613.808206257445,6633.75663748887,中继,R007,1482,PASS,worst_obstruction_endpoint_distance,3.752100501082751,1287.3117497629592,True,,端点最大距离且全时段按遮挡计损仍满足双向预算
T022,巡航,6633.75663748887,6653.705068720295,中继,R007,1483,PASS,worst_obstruction_endpoint_distance,5.465934903575743,1056.7980739955074,True,,端点最大距离且全时段按遮挡计损仍满足双向预算
T022,巡航,6653.705068720295,6673.65349995172,中继,R007,1484,PASS,worst_obstruction_endpoint_distance,7.163167460360086,869.2213505149701,True,,端点最大距离且全时段按遮挡计损仍满足双向预算
T022,巡航,6673.65349995172,6693.601931183144,中继,R007,1485,PASS,worst_obstruction_endpoint_distance,8.361635307260357,757.1937018024331,True,,端点最大距离且全时段按遮挡计损仍满足双向预算
T022,巡航,6693.601931183144,6713.5503624145695,中继,R007,1486,PASS,worst_obstruction_endpoint_distance,7.2174888770571215,863.8022171589038,True,,端点最大距离且全时段按遮挡计损仍满足双向预算
T022,巡航,6713.5503624145695,6733.498793645995,中继,R007,1487,PASS,worst_obstruction_endpoint_distance,5.527232666505114,1049.3663291862797,True,,端点最大距离且全时段按遮挡计损仍满足双向预算
T022,巡航,6733.498793645995,6753.447224877419,中继,R007,1488,PASS,worst_obstruction_endpoint_distance,3.809912144193447,1278.77209625438,True,,端点最大距离且全时段按遮挡计损仍满足双向预算
T022,巡航,6753.447224877419,6773.395656108844,中继,R007,1489,PASS,worst_obstruction_endpoint_distance,2.238018545490135,1532.4553547674145,True,,端点最大距离且全时段按遮挡计损仍满足双向预算
T022,巡航,6773.395656108844,6793.344087340269,中继,R007,1490,PASS,worst_obstruction_endpoint_distance,0.8394489047696396,1800.181577902523,True,,端点最大距离且全时段按遮挡计损仍满足双向预算
T022,下降,6793.344087340269,6806.945331643655,中继,R007,1491,PASS,worst_obstruction_endpoint_distance,0.8284758755184782,1802.4572144371425,True,,端点最大距离且全时段按遮挡计损仍满足双向预算
T022,下降,6806.945331643655,6820.54657594704,中继,R007,1492,PASS,worst_obstruction_endpoint_distance,0.8144482146368262,1805.3705241351129,True,,端点最大距离且全时段按遮挡计损仍满足双向预算
T022,下降,6820.54657594704,6834.147820250426,中继,R007,1493,PASS,worst_obstruction_endpoint_distance,0.7973955137346138,1808.9184260319166,True,,端点最大距离且全时段按遮挡计损仍满足双向预算
T022,投送,6834.147820250426,6854.147820250426,中继,R007,1494,PASS,exact_point,0.7973955137346138,1808.9184260319166,,,独立计算 DEM 遮挡、自由空间损耗与双向预算
T022,投送,6854.147820250426,6874.147820250426,中继,R007,1495,PASS,exact_point,0.7973955137346138,1808.9184260319166,,,独立计算 DEM 遮挡、自由空间损耗与双向预算
T022,投送,6874.147820250426,6894.147820250426,中继,R007,1496,PASS,exact_point,0.7973955137346138,1808.9184260319166,,,独立计算 DEM 遮挡、自由空间损耗与双向预算
T022,投送,6894.147820250426,6914.147820250426,中继,R007,1497,PASS,exact_point,0.7973955137346138,1808.9184260319166,,,独立计算 DEM 遮挡、自由空间损耗与双向预算
T022,投送,6914.147820250426,6934.147820250426,中继,R007,1498,PASS,exact_point,0.7973955137346138,1808.9184260319166,,,独立计算 DEM 遮挡、自由空间损耗与双向预算
T022,投送,6934.147820250426,6954.147820250426,中继,R007,1499,PASS,exact_point,0.7973955137346138,1808.9184260319166,,,独立计算 DEM 遮挡、自由空间损耗与双向预算
T022,投送,6954.147820250426,6974.147820250426,中继,R007,1500,PASS,exact_point,0.7973955137346138,1808.9184260319166,,,独立计算 DEM 遮挡、自由空间损耗与双向预算
T022,投送,6974.147820250426,6994.147820250426,中继,R007,1501,PASS,exact_point,0.7973955137346138,1808.9184260319166,,,独立计算 DEM 遮挡、自由空间损耗与双向预算
T022,投送,6994.147820250426,7014.147820250426,中继,R007,1502,PASS,exact_point,0.7973955137346138,1808.9184260319166,,,独立计算 DEM 遮挡、自由空间损耗与双向预算
T022,投送,7014.147820250426,7034.147820250426,中继,R007,1503,PASS,exact_point,0.7973955137346138,1808.9184260319166,,,独立计算 DEM 遮挡、自由空间损耗与双向预算
T022,投送,7034.147820250426,7054.147820250426,中继,R007,1504,PASS,exact_point,0.7973955137346138,1808.9184260319166,,,独立计算 DEM 遮挡、自由空间损耗与双向预算
T022,投送,7054.147820250426,7074.147820250426,中继,R007,1505,PASS,exact_point,0.7973955137346138,1808.9184260319166,,,独立计算 DEM 遮挡、自由空间损耗与双向预算
T022,爬升,7074.147820250426,7091.149375629657,中继,R007,1506,PASS,worst_obstruction_endpoint_distance,0.7973955137346138,1808.9184260319166,True,,端点最大距离且全时段按遮挡计损仍满足双向预算
T022,爬升,7091.149375629657,7108.1509310088895,中继,R007,1507,PASS,worst_obstruction_endpoint_distance,0.8218421697135057,1803.8343373937878,True,,端点最大距离且全时段按遮挡计损仍满足双向预算
T022,巡航,7108.1509310088895,7128.099362240314,中继,R007,1508,PASS,worst_obstruction_endpoint_distance,0.8394489047696396,1800.181577902523,True,,端点最大距离且全时段按遮挡计损仍满足双向预算
T022,巡航,7128.099362240314,7148.047793471739,中继,R007,1509,PASS,worst_obstruction_endpoint_distance,2.238018545490135,1532.4553547674145,True,,端点最大距离且全时段按遮挡计损仍满足双向预算
T022,巡航,7148.047793471739,7167.9962247031635,中继,R007,1510,PASS,worst_obstruction_endpoint_distance,3.809912144193447,1278.77209625438,True,,端点最大距离且全时段按遮挡计损仍满足双向预算
T022,巡航,7167.9962247031635,7187.944655934589,中继,R007,1511,PASS,worst_obstruction_endpoint_distance,5.527232666505114,1049.3663291862797,True,,端点最大距离且全时段按遮挡计损仍满足双向预算
T022,巡航,7187.944655934589,7207.893087166014,中继,R007,1512,PASS,worst_obstruction_endpoint_distance,7.2174888770571215,863.8022171589038,True,,端点最大距离且全时段按遮挡计损仍满足双向预算
T022,巡航,7207.893087166014,7227.841518397438,中继,R007,1513,PASS,worst_obstruction_endpoint_distance,8.361635307260357,757.1937018024331,True,,端点最大距离且全时段按遮挡计损仍满足双向预算
T022,巡航,7227.841518397438,7247.789949628863,中继,R007,1514,PASS,worst_obstruction_endpoint_distance,7.163167460360086,869.2213505149701,True,,端点最大距离且全时段按遮挡计损仍满足双向预算
T022,巡航,7247.789949628863,7267.738380860288,中继,R007,1515,PASS,worst_obstruction_endpoint_distance,5.465934903575743,1056.7980739955074,True,,端点最大距离且全时段按遮挡计损仍满足双向预算
T022,巡航,7267.738380860288,7287.686812091713,中继,R007,1516,PASS,worst_obstruction_endpoint_distance,3.752100501082751,1287.3117497629592,True,,端点最大距离且全时段按遮挡计损仍满足双向预算
T022,巡航,7287.686812091713,7307.635243323138,中继,R007,1517,PASS,worst_obstruction_endpoint_distance,2.18622543639502,1541.6205343153074,True,,端点最大距离且全时段按遮挡计损仍满足双向预算
T022,巡航,7307.635243323138,7327.583674554563,中继,R007,1518,PASS,worst_obstruction_endpoint_distance,0.7935438880098502,1809.720741284462,True,,端点最大距离且全时段按遮挡计损仍满足双向预算
T022,巡航,7327.583674554563,7347.532105785987,中继,R006,1519,PASS,worst_obstruction_endpoint_distance,0.682072816606933,1833.0956104889353,True,,端点最大距离且全时段按遮挡计损仍满足双向预算
T022,巡航,7347.532105785987,7367.480537017413,中继,R006,1520,PASS,worst_obstruction_endpoint_distance,1.871524577405495,1598.4995907465093,True,,端点最大距离且全时段按遮挡计损仍满足双向预算
T022,巡航,7367.480537017413,7387.428968248838,中继,R006,1521,PASS,worst_obstruction_endpoint_distance,3.0919231118517416,1388.9691590915174,True,,端点最大距离且全时段按遮挡计损仍满足双向预算
T022,巡航,7387.428968248838,7407.377399480262,直连,,1522,PASS,worst_obstruction_endpoint_distance,0.1323753731121542,3896.45791298493,True,,端点最大距离且全时段按遮挡计损仍满足双向预算
T022,巡航,7407.377399480262,7427.325830711688,直连,,1523,PASS,worst_obstruction_endpoint_distance,0.8250994230448754,3597.773239354705,True,,端点最大距离且全时段按遮挡计损仍满足双向预算
T022,巡航,7427.325830711688,7447.274261943112,直连,,1524,PASS,worst_obstruction_endpoint_distance,1.5776371600474448,3299.186756586918,True,,端点最大距离且全时段按遮挡计损仍满足双向预算
T022,巡航,7447.274261943112,7467.222693174537,直连,,1525,PASS,worst_obstruction_endpoint_distance,2.401243199064254,3000.7277761782934,True,,端点最大距离且全时段按遮挡计损仍满足双向预算
T022,巡航,7467.222693174537,7487.1711244059625,直连,,1526,PASS,worst_obstruction_endpoint_distance,3.3106586402651743,2702.4385427766797,True,,端点最大距离且全时段按遮挡计损仍满足双向预算
T022,巡航,7487.1711244059625,7507.119555637387,直连,,1527,PASS,worst_obstruction_endpoint_distance,4.325704959757758,2404.3822339864455,True,,端点最大距离且全时段按遮挡计损仍满足双向预算
T022,巡航,7507.119555637387,7527.067986868811,直连,,1528,PASS,worst_obstruction_endpoint_distance,5.473895595477202,2106.657716764186,True,,端点最大距离且全时段按遮挡计损仍满足双向预算
T022,巡航,7527.067986868811,7547.0164181002365,直连,,1529,PASS,worst_obstruction_endpoint_distance,6.794945300204006,1809.428778084995,True,,端点最大距离且全时段按遮挡计损仍满足双向预算
T022,巡航,7547.0164181002365,7566.964849331662,直连,,1530,PASS,worst_obstruction_endpoint_distance,8.349068263577223,1512.9875178566108,True,,端点最大距离且全时段按遮挡计损仍满足双向预算
T022,巡航,7566.964849331662,7586.913280563086,直连,,1531,PASS,worst_obstruction_endpoint_distance,10.233476665807785,1217.9092389358796,True,,端点最大距离且全时段按遮挡计损仍满足双向预算
T022,巡航,7586.913280563086,7606.861711794511,直连,,1532,PASS,worst_obstruction_endpoint_distance,12.618260351929706,925.4985457841007,True,,端点最大距离且全时段按遮挡计损仍满足双向预算
T022,巡航,7606.861711794511,7626.810143025936,直连,,1533,PASS,worst_obstruction_endpoint_distance,15.829974101692486,639.4256493755012,True,,端点最大距离且全时段按遮挡计损仍满足双向预算
T022,巡航,7626.810143025936,7646.758574257361,直连,,1534,PASS,worst_obstruction_endpoint_distance,20.476569260061567,374.5073067081198,True,,端点最大距离且全时段按遮挡计损仍满足双向预算
T022,下降,7646.758574257361,7666.375320839392,直连,,1535,PASS,worst_obstruction_endpoint_distance,24.894047506859238,225.20933227539103,True,,端点最大距离且全时段按遮挡计损仍满足双向预算
T022,下降,7666.375320839392,7685.992067421424,直连,,1536,PASS,worst_obstruction_endpoint_distance,27.0272610251467,176.16746582031374,True,,端点最大距离且全时段按遮挡计损仍满足双向预算
T022,下降,7685.992067421424,7705.608814003455,直连,,1537,PASS,worst_obstruction_endpoint_distance,29.86111489526982,127.12559936523417,True,,端点最大距离且全时段按遮挡计损仍满足双向预算
T022,下降,7705.608814003455,7725.225560585486,直连,,1538,PASS,worst_obstruction_endpoint_distance,34.09456382066654,78.0837329101546,True,,端点最大距离且全时段按遮挡计损仍满足双向预算
T022,下降,7725.225560585486,7744.842307167517,直连,,1539,PASS,worst_obstruction_endpoint_distance,42.68528468478472,29.041866455077297,True,,端点最大距离且全时段按遮挡计损仍满足双向预算
T023,爬升,6173.0,6189.34728881836,直连,,1540,PASS,worst_obstruction_endpoint_distance,42.68528468478428,29.041866455078775,True,,端点最大距离且全时段按遮挡计损仍满足双向预算
T023,爬升,6189.34728881836,6205.694577636719,直连,,1541,PASS,worst_obstruction_endpoint_distance,34.094563820666195,78.08373291015752,True,,端点最大距离且全时段按遮挡计损仍满足双向预算
T023,爬升,6205.694577636719,6222.041866455078,直连,,1542,PASS,worst_obstruction_endpoint_distance,29.861114895269864,127.12559936523354,True,,端点最大距离且全时段按遮挡计损仍满足双向预算
T023,爬升,6222.041866455078,6238.389155273438,直连,,1543,PASS,worst_obstruction_endpoint_distance,27.02726102514677,176.16746582031232,True,,端点最大距离且全时段按遮挡计损仍满足双向预算
T023,爬升,6238.389155273438,6254.736444091797,直连,,1544,PASS,worst_obstruction_endpoint_distance,24.894047506859238,225.20933227539103,True,,端点最大距离且全时段按遮挡计损仍满足双向预算
T023,巡航,6254.736444091797,6274.684875323222,直连,,1545,PASS,worst_obstruction_endpoint_distance,20.476569260061567,374.5073067081198,True,,端点最大距离且全时段按遮挡计损仍满足双向预算
T023,巡航,6274.684875323222,6294.633306554647,直连,,1546,PASS,worst_obstruction_endpoint_distance,15.829974101692486,639.4256493755012,True,,端点最大距离且全时段按遮挡计损仍满足双向预算
T023,巡航,6294.633306554647,6314.581737786071,直连,,1547,PASS,worst_obstruction_endpoint_distance,12.618260351929706,925.4985457841007,True,,端点最大距离且全时段按遮挡计损仍满足双向预算
T023,巡航,6314.581737786071,6334.5301690174965,直连,,1548,PASS,worst_obstruction_endpoint_distance,10.233476665807785,1217.9092389358796,True,,端点最大距离且全时段按遮挡计损仍满足双向预算
T023,巡航,6334.5301690174965,6354.478600248922,直连,,1549,PASS,worst_obstruction_endpoint_distance,8.349068263577223,1512.9875178566108,True,,端点最大距离且全时段按遮挡计损仍满足双向预算
T023,巡航,6354.478600248922,6374.427031480346,直连,,1550,PASS,worst_obstruction_endpoint_distance,6.794945300204006,1809.428778084995,True,,端点最大距离且全时段按遮挡计损仍满足双向预算
T023,巡航,6374.427031480346,6394.375462711771,直连,,1551,PASS,worst_obstruction_endpoint_distance,5.473895595477202,2106.657716764186,True,,端点最大距离且全时段按遮挡计损仍满足双向预算
T023,巡航,6394.375462711771,6414.323893943196,直连,,1552,PASS,worst_obstruction_endpoint_distance,4.325704959757758,2404.3822339864455,True,,端点最大距离且全时段按遮挡计损仍满足双向预算
T023,巡航,6414.323893943196,6434.272325174621,直连,,1553,PASS,worst_obstruction_endpoint_distance,3.3106586402651743,2702.4385427766797,True,,端点最大距离且全时段按遮挡计损仍满足双向预算
T023,巡航,6434.272325174621,6454.220756406046,直连,,1554,PASS,worst_obstruction_endpoint_distance,2.401243199064254,3000.7277761782934,True,,端点最大距离且全时段按遮挡计损仍满足双向预算
T023,巡航,6454.220756406046,6474.169187637471,直连,,1555,PASS,worst_obstruction_endpoint_distance,1.5776371600474448,3299.186756586918,True,,端点最大距离且全时段按遮挡计损仍满足双向预算
T023,巡航,6474.169187637471,6494.117618868896,直连,,1556,PASS,worst_obstruction_endpoint_distance,0.8250994230448754,3597.773239354705,True,,端点最大距离且全时段按遮挡计损仍满足双向预算
T023,巡航,6494.117618868896,6514.06605010032,直连,,1557,PASS,worst_obstruction_endpoint_distance,0.1323753731121542,3896.45791298493,True,,端点最大距离且全时段按遮挡计损仍满足双向预算
T023,巡航,6514.06605010032,6534.014481331746,中继,R006,1558,PASS,worst_obstruction_endpoint_distance,3.0919231118517416,1388.9691590915174,True,,端点最大距离且全时段按遮挡计损仍满足双向预算
T023,巡航,6534.014481331746,6553.96291256317,中继,R006,1559,PASS,worst_obstruction_endpoint_distance,1.871524577405495,1598.4995907465093,True,,端点最大距离且全时段按遮挡计损仍满足双向预算
T023,巡航,6553.96291256317,6573.911343794595,中继,R006,1560,PASS,worst_obstruction_endpoint_distance,0.682072816606933,1833.0956104889353,True,,端点最大距离且全时段按遮挡计损仍满足双向预算
T023,巡航,6573.911343794595,6593.85977502602,中继,R007,1561,PASS,worst_obstruction_endpoint_distance,0.7935438880098502,1809.720741284462,True,,端点最大距离且全时段按遮挡计损仍满足双向预算
T023,巡航,6593.85977502602,6613.808206257445,中继,R007,1562,PASS,worst_obstruction_endpoint_distance,2.18622543639502,1541.6205343153074,True,,端点最大距离且全时段按遮挡计损仍满足双向预算
T023,巡航,6613.808206257445,6633.75663748887,中继,R007,1563,PASS,worst_obstruction_endpoint_distance,3.752100501082751,1287.3117497629592,True,,端点最大距离且全时段按遮挡计损仍满足双向预算
T023,巡航,6633.75663748887,6653.705068720295,中继,R007,1564,PASS,worst_obstruction_endpoint_distance,5.465934903575743,1056.7980739955074,True,,端点最大距离且全时段按遮挡计损仍满足双向预算
T023,巡航,6653.705068720295,6673.65349995172,中继,R007,1565,PASS,worst_obstruction_endpoint_distance,7.163167460360086,869.2213505149701,True,,端点最大距离且全时段按遮挡计损仍满足双向预算
T023,巡航,6673.65349995172,6693.601931183144,中继,R007,1566,PASS,worst_obstruction_endpoint_distance,8.361635307260357,757.1937018024331,True,,端点最大距离且全时段按遮挡计损仍满足双向预算
T023,巡航,6693.601931183144,6713.5503624145695,中继,R007,1567,PASS,worst_obstruction_endpoint_distance,7.2174888770571215,863.8022171589038,True,,端点最大距离且全时段按遮挡计损仍满足双向预算
T023,巡航,6713.5503624145695,6733.498793645995,中继,R007,1568,PASS,worst_obstruction_endpoint_distance,5.527232666505114,1049.3663291862797,True,,端点最大距离且全时段按遮挡计损仍满足双向预算
T023,巡航,6733.498793645995,6753.447224877419,中继,R007,1569,PASS,worst_obstruction_endpoint_distance,3.809912144193447,1278.77209625438,True,,端点最大距离且全时段按遮挡计损仍满足双向预算
T023,巡航,6753.447224877419,6773.395656108844,中继,R007,1570,PASS,worst_obstruction_endpoint_distance,2.238018545490135,1532.4553547674145,True,,端点最大距离且全时段按遮挡计损仍满足双向预算
T023,巡航,6773.395656108844,6793.344087340269,中继,R007,1571,PASS,worst_obstruction_endpoint_distance,0.8394489047696396,1800.181577902523,True,,端点最大距离且全时段按遮挡计损仍满足双向预算
T023,下降,6793.344087340269,6806.945331643655,中继,R007,1572,PASS,worst_obstruction_endpoint_distance,0.8284758755184782,1802.4572144371425,True,,端点最大距离且全时段按遮挡计损仍满足双向预算
T023,下降,6806.945331643655,6820.54657594704,中继,R007,1573,PASS,worst_obstruction_endpoint_distance,0.8144482146368262,1805.3705241351129,True,,端点最大距离且全时段按遮挡计损仍满足双向预算
T023,下降,6820.54657594704,6834.147820250426,中继,R007,1574,PASS,worst_obstruction_endpoint_distance,0.7973955137346138,1808.9184260319166,True,,端点最大距离且全时段按遮挡计损仍满足双向预算
T023,投送,6834.147820250426,6853.238729341334,中继,R007,1575,PASS,exact_point,0.7973955137346138,1808.9184260319166,,,独立计算 DEM 遮挡、自由空间损耗与双向预算
T023,投送,6853.238729341334,6872.329638432244,中继,R007,1576,PASS,exact_point,0.7973955137346138,1808.9184260319166,,,独立计算 DEM 遮挡、自由空间损耗与双向预算
T023,投送,6872.329638432244,6891.420547523153,中继,R007,1577,PASS,exact_point,0.7973955137346138,1808.9184260319166,,,独立计算 DEM 遮挡、自由空间损耗与双向预算
T023,投送,6891.420547523153,6910.511456614062,中继,R007,1578,PASS,exact_point,0.7973955137346138,1808.9184260319166,,,独立计算 DEM 遮挡、自由空间损耗与双向预算
T023,投送,6910.511456614062,6929.602365704971,中继,R007,1579,PASS,exact_point,0.7973955137346138,1808.9184260319166,,,独立计算 DEM 遮挡、自由空间损耗与双向预算
T023,投送,6929.602365704971,6948.69327479588,中继,R007,1580,PASS,exact_point,0.7973955137346138,1808.9184260319166,,,独立计算 DEM 遮挡、自由空间损耗与双向预算
T023,投送,6948.69327479588,6967.784183886789,中继,R007,1581,PASS,exact_point,0.7973955137346138,1808.9184260319166,,,独立计算 DEM 遮挡、自由空间损耗与双向预算
T023,投送,6967.784183886789,6986.875092977698,中继,R007,1582,PASS,exact_point,0.7973955137346138,1808.9184260319166,,,独立计算 DEM 遮挡、自由空间损耗与双向预算
T023,投送,6986.875092977698,7005.966002068607,中继,R007,1583,PASS,exact_point,0.7973955137346138,1808.9184260319166,,,独立计算 DEM 遮挡、自由空间损耗与双向预算
T023,投送,7005.966002068607,7025.056911159516,中继,R007,1584,PASS,exact_point,0.7973955137346138,1808.9184260319166,,,独立计算 DEM 遮挡、自由空间损耗与双向预算
T023,投送,7025.056911159516,7044.147820250426,中继,R007,1585,PASS,exact_point,0.7973955137346138,1808.9184260319166,,,独立计算 DEM 遮挡、自由空间损耗与双向预算
T023,爬升,7044.147820250426,7061.149375629657,中继,R007,1586,PASS,worst_obstruction_endpoint_distance,0.7973955137346138,1808.9184260319166,True,,端点最大距离且全时段按遮挡计损仍满足双向预算
T023,爬升,7061.149375629657,7078.1509310088895,中继,R007,1587,PASS,worst_obstruction_endpoint_distance,0.8218421697135057,1803.8343373937878,True,,端点最大距离且全时段按遮挡计损仍满足双向预算
T023,巡航,7078.1509310088895,7098.099362240314,中继,R007,1588,PASS,worst_obstruction_endpoint_distance,0.8394489047696396,1800.181577902523,True,,端点最大距离且全时段按遮挡计损仍满足双向预算
T023,巡航,7098.099362240314,7118.047793471739,中继,R007,1589,PASS,worst_obstruction_endpoint_distance,2.238018545490135,1532.4553547674145,True,,端点最大距离且全时段按遮挡计损仍满足双向预算
T023,巡航,7118.047793471739,7137.9962247031635,中继,R007,1590,PASS,worst_obstruction_endpoint_distance,3.809912144193447,1278.77209625438,True,,端点最大距离且全时段按遮挡计损仍满足双向预算
T023,巡航,7137.9962247031635,7157.944655934589,中继,R007,1591,PASS,worst_obstruction_endpoint_distance,5.527232666505114,1049.3663291862797,True,,端点最大距离且全时段按遮挡计损仍满足双向预算
T023,巡航,7157.944655934589,7177.893087166014,中继,R007,1592,PASS,worst_obstruction_endpoint_distance,7.2174888770571215,863.8022171589038,True,,端点最大距离且全时段按遮挡计损仍满足双向预算
T023,巡航,7177.893087166014,7197.841518397438,中继,R007,1593,PASS,worst_obstruction_endpoint_distance,8.361635307260357,757.1937018024331,True,,端点最大距离且全时段按遮挡计损仍满足双向预算
T023,巡航,7197.841518397438,7217.789949628863,中继,R007,1594,PASS,worst_obstruction_endpoint_distance,7.163167460360086,869.2213505149701,True,,端点最大距离且全时段按遮挡计损仍满足双向预算
T023,巡航,7217.789949628863,7237.738380860288,中继,R007,1595,PASS,worst_obstruction_endpoint_distance,5.465934903575743,1056.7980739955074,True,,端点最大距离且全时段按遮挡计损仍满足双向预算
T023,巡航,7237.738380860288,7257.686812091713,中继,R007,1596,PASS,worst_obstruction_endpoint_distance,3.752100501082751,1287.3117497629592,True,,端点最大距离且全时段按遮挡计损仍满足双向预算
T023,巡航,7257.686812091713,7277.635243323138,中继,R007,1597,PASS,worst_obstruction_endpoint_distance,2.18622543639502,1541.6205343153074,True,,端点最大距离且全时段按遮挡计损仍满足双向预算
T023,巡航,7277.635243323138,7297.583674554563,中继,R007,1598,PASS,worst_obstruction_endpoint_distance,0.7935438880098502,1809.720741284462,True,,端点最大距离且全时段按遮挡计损仍满足双向预算
T023,巡航,7297.583674554563,7317.532105785987,中继,R006,1599,PASS,worst_obstruction_endpoint_distance,0.682072816606933,1833.0956104889353,True,,端点最大距离且全时段按遮挡计损仍满足双向预算
T023,巡航,7317.532105785987,7337.480537017413,中继,R006,1600,PASS,worst_obstruction_endpoint_distance,1.871524577405495,1598.4995907465093,True,,端点最大距离且全时段按遮挡计损仍满足双向预算
T023,巡航,7337.480537017413,7357.428968248838,中继,R006,1601,PASS,worst_obstruction_endpoint_distance,3.0919231118517416,1388.9691590915174,True,,端点最大距离且全时段按遮挡计损仍满足双向预算
T023,巡航,7357.428968248838,7377.377399480262,直连,,1602,PASS,worst_obstruction_endpoint_distance,0.1323753731121542,3896.45791298493,True,,端点最大距离且全时段按遮挡计损仍满足双向预算
T023,巡航,7377.377399480262,7397.325830711688,直连,,1603,PASS,worst_obstruction_endpoint_distance,0.8250994230448754,3597.773239354705,True,,端点最大距离且全时段按遮挡计损仍满足双向预算
T023,巡航,7397.325830711688,7417.274261943112,直连,,1604,PASS,worst_obstruction_endpoint_distance,1.5776371600474448,3299.186756586918,True,,端点最大距离且全时段按遮挡计损仍满足双向预算
T023,巡航,7417.274261943112,7437.222693174537,直连,,1605,PASS,worst_obstruction_endpoint_distance,2.401243199064254,3000.7277761782934,True,,端点最大距离且全时段按遮挡计损仍满足双向预算
T023,巡航,7437.222693174537,7457.1711244059625,直连,,1606,PASS,worst_obstruction_endpoint_distance,3.3106586402651743,2702.4385427766797,True,,端点最大距离且全时段按遮挡计损仍满足双向预算
T023,巡航,7457.1711244059625,7477.119555637387,直连,,1607,PASS,worst_obstruction_endpoint_distance,4.325704959757758,2404.3822339864455,True,,端点最大距离且全时段按遮挡计损仍满足双向预算
T023,巡航,7477.119555637387,7497.067986868811,直连,,1608,PASS,worst_obstruction_endpoint_distance,5.473895595477202,2106.657716764186,True,,端点最大距离且全时段按遮挡计损仍满足双向预算
T023,巡航,7497.067986868811,7517.0164181002365,直连,,1609,PASS,worst_obstruction_endpoint_distance,6.794945300204006,1809.428778084995,True,,端点最大距离且全时段按遮挡计损仍满足双向预算
T023,巡航,7517.0164181002365,7536.964849331662,直连,,1610,PASS,worst_obstruction_endpoint_distance,8.349068263577223,1512.9875178566108,True,,端点最大距离且全时段按遮挡计损仍满足双向预算
T023,巡航,7536.964849331662,7556.913280563086,直连,,1611,PASS,worst_obstruction_endpoint_distance,10.233476665807785,1217.9092389358796,True,,端点最大距离且全时段按遮挡计损仍满足双向预算
T023,巡航,7556.913280563086,7576.861711794511,直连,,1612,PASS,worst_obstruction_endpoint_distance,12.618260351929706,925.4985457841007,True,,端点最大距离且全时段按遮挡计损仍满足双向预算
T023,巡航,7576.861711794511,7596.810143025936,直连,,1613,PASS,worst_obstruction_endpoint_distance,15.829974101692486,639.4256493755012,True,,端点最大距离且全时段按遮挡计损仍满足双向预算
T023,巡航,7596.810143025936,7616.758574257361,直连,,1614,PASS,worst_obstruction_endpoint_distance,20.476569260061567,374.5073067081198,True,,端点最大距离且全时段按遮挡计损仍满足双向预算
T023,下降,7616.758574257361,7636.375320839392,直连,,1615,PASS,worst_obstruction_endpoint_distance,24.894047506859238,225.20933227539103,True,,端点最大距离且全时段按遮挡计损仍满足双向预算
T023,下降,7636.375320839392,7655.992067421424,直连,,1616,PASS,worst_obstruction_endpoint_distance,27.0272610251467,176.16746582031374,True,,端点最大距离且全时段按遮挡计损仍满足双向预算
T023,下降,7655.992067421424,7675.608814003455,直连,,1617,PASS,worst_obstruction_endpoint_distance,29.86111489526982,127.12559936523417,True,,端点最大距离且全时段按遮挡计损仍满足双向预算
T023,下降,7675.608814003455,7695.225560585486,直连,,1618,PASS,worst_obstruction_endpoint_distance,34.09456382066654,78.0837329101546,True,,端点最大距离且全时段按遮挡计损仍满足双向预算
T023,下降,7695.225560585486,7714.842307167517,直连,,1619,PASS,worst_obstruction_endpoint_distance,42.68528468478472,29.041866455077297,True,,端点最大距离且全时段按遮挡计损仍满足双向预算
T024,爬升,8420.0,8438.125425415039,直连,,1620,PASS,worst_obstruction_endpoint_distance,43.878709413313516,25.31356353759776,True,,端点最大距离且全时段按遮挡计损仍满足双向预算
T024,爬升,8438.125425415039,8456.250850830078,直连,,1621,PASS,worst_obstruction_endpoint_distance,34.966344352585295,70.62712707519552,True,,端点最大距离且全时段按遮挡计损仍满足双向预算
T024,爬升,8456.250850830078,8474.376276245117,直连,,1622,PASS,worst_obstruction_endpoint_distance,30.66105750651289,115.94069061279328,True,,端点最大距离且全时段按遮挡计损仍满足双向预算
T024,爬升,8474.376276245117,8492.501701660156,直连,,1623,PASS,worst_obstruction_endpoint_distance,27.79555154865507,161.25425415039103,True,,端点最大距离且全时段按遮挡计损仍满足双向预算
T024,巡航,8492.501701660156,8512.265188883523,直连,,1624,PASS,worst_obstruction_endpoint_distance,21.381037235701385,337.4713404244718,True,,端点最大距离且全时段按遮挡计损仍满足双向预算
T024,巡航,8512.265188883523,8532.02867610689,直连,,1625,PASS,worst_obstruction_endpoint_distance,16.17615903644753,614.4418760035281,True,,端点最大距离且全时段按遮挡计损仍满足双向预算
T024,巡航,8532.02867610689,8551.792163330254,直连,,1626,PASS,worst_obstruction_endpoint_distance,12.823774280234389,903.8576628091926,True,,端点最大距离且全时段按遮挡计损仍满足双向预算
T024,巡航,8551.792163330254,8571.55565055362,直连,,1627,PASS,worst_obstruction_endpoint_distance,10.385900789493661,1196.723223014895,True,,端点最大距离且全时段按遮挡计损仍满足双向预算
T024,巡航,8571.55565055362,8591.319137776987,直连,,1628,PASS,worst_obstruction_endpoint_distance,8.476180856524223,1491.0071135443768,True,,端点最大距离且全时段按遮挡计损仍满足双向预算
T024,巡航,8591.319137776987,8611.082625000352,直连,,1629,PASS,worst_obstruction_endpoint_distance,6.908105372473543,1786.0083692495245,True,,端点最大距离且全时段按遮挡计损仍满足双向预算
T024,巡航,8611.082625000352,8630.846112223719,直连,,1630,PASS,worst_obstruction_endpoint_distance,5.578572376014165,2081.421994615999,True,,端点最大距离且全时段按遮挡计损仍满足双向预算
T024,巡航,8630.846112223719,8650.609599447085,直连,,1631,PASS,worst_obstruction_endpoint_distance,4.424847125248689,2377.0942527732964,True,,端点最大距离且全时段按遮挡计损仍满足双向预算
T024,巡航,8650.609599447085,8670.37308667045,直连,,1632,PASS,worst_obstruction_endpoint_distance,3.4059931797055043,2672.939317626779,True,,端点最大距离且全时段按遮挡计损仍满足双向预算
T024,巡航,8670.37308667045,8690.136573893817,直连,,1633,PASS,worst_obstruction_endpoint_distance,2.4938475922613463,2968.9055301769163,True,,端点最大距离且全时段按遮挡计损仍满足双向预算
T024,巡航,8690.136573893817,8709.900061117183,直连,,1634,PASS,worst_obstruction_endpoint_distance,1.6682180133278024,3264.9599447416617,True,,端点最大距离且全时段按遮挡计损仍满足双向预算
T024,巡航,8709.900061117183,8729.663548340548,直连,,1635,PASS,worst_obstruction_endpoint_distance,0.9141391873638156,3561.0805630696686,True,,端点最大距离且全时段按遮挡计损仍满足双向预算
T024,巡航,8729.663548340548,8749.427035563915,直连,,1636,PASS,worst_obstruction_endpoint_distance,0.2202145974620322,3857.2521378350943,True,,端点最大距离且全时段按遮挡计损仍满足双向预算
T024,巡航,8749.427035563915,8769.190522787281,中继,R008,1637,PASS,worst_obstruction_endpoint_distance,1.7986941689042766,1611.9592170068474,True,,端点最大距离且全时段按遮挡计损仍满足双向预算
T024,巡航,8769.190522787281,8788.954010010648,中继,R008,1638,PASS,worst_obstruction_endpoint_distance,3.548725382916672,1317.8090603809612,True,,端点最大距离且全时段按遮挡计损仍满足双向预算
T024,巡航,8788.954010010648,8808.717497234013,中继,R008,1639,PASS,worst_obstruction_endpoint_distance,5.731414163795407,1024.9862751293902,True,,端点最大距离且全时段按遮挡计损仍满足双向预算
T024,巡航,8808.717497234013,8828.48098445738,中继,R008,1640,PASS,worst_obstruction_endpoint_distance,8.619096337392278,735.0788740248184,True,,端点最大距离且全时段按遮挡计损仍满足双向预算
T024,巡航,8828.48098445738,8848.244471680746,中继,R008,1641,PASS,worst_obstruction_endpoint_distance,12.810203579364014,453.71023806410597,True,,端点最大距离且全时段按遮挡计损仍满足双向预算
T024,巡航,8848.244471680746,8868.00795890411,中继,R008,1642,PASS,worst_obstruction_endpoint_distance,17.87171950183982,253.33942657084106,True,,端点最大距离且全时段按遮挡计损仍满足双向预算
T024,巡航,8868.00795890411,8887.771446127477,中继,R008,1643,PASS,worst_obstruction_endpoint_distance,11.846499345070555,506.94844008022034,True,,端点最大距离且全时段按遮挡计损仍满足双向预算
T024,巡航,8887.771446127477,8907.534933350844,中继,R008,1644,PASS,worst_obstruction_endpoint_distance,7.982943005401779,790.9364822770917,True,,端点最大距离且全时段按遮挡计损仍满足双向预算
T024,巡航,8907.534933350844,8927.298420574209,中继,R008,1645,PASS,worst_obstruction_endpoint_distance,5.264168003380689,1081.6340690577874,True,,端点最大距离且全时段按遮挡计损仍满足双向预算
T024,巡航,8927.298420574209,8947.061907797575,中继,R008,1646,PASS,worst_obstruction_endpoint_distance,3.1810377706371042,1374.7915994615264,True,,端点最大距离且全时段按遮挡计损仍满足双向预算
T024,巡航,8947.061907797575,8966.825395020942,中继,R008,1647,PASS,worst_obstruction_endpoint_distance,1.49605825195151,1669.113407412751,True,,端点最大距离且全时段按遮挡计损仍满足双向预算
T024,巡航,8966.825395020942,8986.588882244308,中继,R008,1648,PASS,worst_obstruction_endpoint_distance,0.08260871375279066,1964.076152778362,True,,端点最大距离且全时段按遮挡计损仍满足双向预算
T024,下降,8986.588882244308,9001.497924602707,中继,R008,1649,PASS,worst_obstruction_endpoint_distance,0.08260871375279066,1964.076152778362,True,,端点最大距离且全时段按遮挡计损仍满足双向预算
T024,下降,9001.497924602707,9016.406966961105,中继,R008,1650,PASS,worst_obstruction_endpoint_distance,0.08318935627910662,1963.944860755383,True,,端点最大距离且全时段按遮挡计损仍满足双向预算
T024,下降,9016.406966961105,9031.316009319504,中继,R008,1651,PASS,worst_obstruction_endpoint_distance,0.0804771903531929,1964.5581975862738,True,,端点最大距离且全时段按遮挡计损仍满足双向预算
T024,投送,9031.316009319504,9051.116009319503,中继,R008,1652,PASS,exact_point,0.0804771903531929,1964.5581975862738,,,独立计算 DEM 遮挡、自由空间损耗与双向预算
T024,投送,9051.116009319503,9070.916009319502,中继,R008,1653,PASS,exact_point,0.0804771903531929,1964.5581975862738,,,独立计算 DEM 遮挡、自由空间损耗与双向预算
T024,投送,9070.916009319502,9090.716009319503,中继,R008,1654,PASS,exact_point,0.0804771903531929,1964.5581975862738,,,独立计算 DEM 遮挡、自由空间损耗与双向预算
T024,投送,9090.716009319503,9110.516009319503,中继,R008,1655,PASS,exact_point,0.0804771903531929,1964.5581975862738,,,独立计算 DEM 遮挡、自由空间损耗与双向预算
T024,投送,9110.516009319503,9130.316009319504,中继,R008,1656,PASS,exact_point,0.0804771903531929,1964.5581975862738,,,独立计算 DEM 遮挡、自由空间损耗与双向预算
T024,投送,9130.316009319504,9150.116009319503,中继,R008,1657,PASS,exact_point,0.0804771903531929,1964.5581975862738,,,独立计算 DEM 遮挡、自由空间损耗与双向预算
T024,投送,9150.116009319503,9169.916009319502,中继,R008,1658,PASS,exact_point,0.0804771903531929,1964.5581975862738,,,独立计算 DEM 遮挡、自由空间损耗与双向预算
T024,投送,9169.916009319502,9189.716009319503,中继,R008,1659,PASS,exact_point,0.0804771903531929,1964.5581975862738,,,独立计算 DEM 遮挡、自由空间损耗与双向预算
T024,投送,9189.716009319503,9209.516009319503,中继,R008,1660,PASS,exact_point,0.0804771903531929,1964.5581975862738,,,独立计算 DEM 遮挡、自由空间损耗与双向预算
T024,投送,9209.516009319503,9229.316009319504,中继,R008,1661,PASS,exact_point,0.0804771903531929,1964.5581975862738,,,独立计算 DEM 遮挡、自由空间损耗与双向预算
T024,投送,9229.316009319504,9249.116009319503,中继,R008,1662,PASS,exact_point,0.0804771903531929,1964.5581975862738,,,独立计算 DEM 遮挡、自由空间损耗与双向预算
T024,投送,9249.116009319503,9268.916009319502,中继,R008,1663,PASS,exact_point,0.0804771903531929,1964.5581975862738,,,独立计算 DEM 遮挡、自由空间损耗与双向预算
T024,投送,9268.916009319502,9288.716009319503,中继,R008,1664,PASS,exact_point,0.0804771903531929,1964.5581975862738,,,独立计算 DEM 遮挡、自由空间损耗与双向预算
T024,投送,9288.716009319503,9308.516009319503,中继,R008,1665,PASS,exact_point,0.0804771903531929,1964.5581975862738,,,独立计算 DEM 遮挡、自由空间损耗与双向预算
T024,投送,9308.516009319503,9328.316009319504,中继,R008,1666,PASS,exact_point,0.0804771903531929,1964.5581975862738,,,独立计算 DEM 遮挡、自由空间损耗与双向预算
T024,投送,9328.316009319504,9348.116009319503,中继,R008,1667,PASS,exact_point,0.0804771903531929,1964.5581975862738,,,独立计算 DEM 遮挡、自由空间损耗与双向预算
T024,投送,9348.116009319503,9367.916009319502,中继,R008,1668,PASS,exact_point,0.0804771903531929,1964.5581975862738,,,独立计算 DEM 遮挡、自由空间损耗与双向预算
T024,投送,9367.916009319502,9387.716009319503,中继,R008,1669,PASS,exact_point,0.0804771903531929,1964.5581975862738,,,独立计算 DEM 遮挡、自由空间损耗与双向预算
T024,投送,9387.716009319503,9407.516009319503,中继,R008,1670,PASS,exact_point,0.0804771903531929,1964.5581975862738,,,独立计算 DEM 遮挡、自由空间损耗与双向预算
T024,投送,9407.516009319503,9427.316009319504,中继,R008,1671,PASS,exact_point,0.0804771903531929,1964.5581975862738,,,独立计算 DEM 遮挡、自由空间损耗与双向预算
T024,爬升,9427.316009319504,9445.206860149581,中继,R008,1672,PASS,worst_obstruction_endpoint_distance,0.0804771903531929,1964.5581975862738,True,,端点最大距离且全时段按遮挡计损仍满足双向预算
T024,爬升,9445.206860149581,9463.097710979659,中继,R008,1673,PASS,worst_obstruction_endpoint_distance,0.08260871375279066,1964.076152778362,True,,端点最大距离且全时段按遮挡计损仍满足双向预算
T024,巡航,9463.097710979659,9482.861198203025,中继,R008,1674,PASS,worst_obstruction_endpoint_distance,0.08260871375279066,1964.076152778362,True,,端点最大距离且全时段按遮挡计损仍满足双向预算
T024,巡航,9482.861198203025,9502.624685426392,中继,R008,1675,PASS,worst_obstruction_endpoint_distance,1.49605825195151,1669.113407412751,True,,端点最大距离且全时段按遮挡计损仍满足双向预算
T024,巡航,9502.624685426392,9522.388172649757,中继,R008,1676,PASS,worst_obstruction_endpoint_distance,3.1810377706371042,1374.7915994615264,True,,端点最大距离且全时段按遮挡计损仍满足双向预算
T024,巡航,9522.388172649757,9542.151659873123,中继,R008,1677,PASS,worst_obstruction_endpoint_distance,5.2641680033805756,1081.634069057801,True,,端点最大距离且全时段按遮挡计损仍满足双向预算
T024,巡航,9542.151659873123,9561.91514709649,中继,R008,1678,PASS,worst_obstruction_endpoint_distance,7.982943005401779,790.9364822770917,True,,端点最大距离且全时段按遮挡计损仍满足双向预算
T024,巡航,9561.91514709649,9581.678634319855,中继,R008,1679,PASS,worst_obstruction_endpoint_distance,11.846499345070555,506.94844008022034,True,,端点最大距离且全时段按遮挡计损仍满足双向预算
T024,巡航,9581.678634319855,9601.442121543221,中继,R008,1680,PASS,worst_obstruction_endpoint_distance,17.87171950183982,253.33942657084106,True,,端点最大距离且全时段按遮挡计损仍满足双向预算
T024,巡航,9601.442121543221,9621.205608766588,中继,R008,1681,PASS,worst_obstruction_endpoint_distance,12.810203579364014,453.71023806410597,True,,端点最大距离且全时段按遮挡计损仍满足双向预算
T024,巡航,9621.205608766588,9640.969095989953,中继,R008,1682,PASS,worst_obstruction_endpoint_distance,8.619096337392278,735.0788740248184,True,,端点最大距离且全时段按遮挡计损仍满足双向预算
T024,巡航,9640.969095989953,9660.73258321332,中继,R008,1683,PASS,worst_obstruction_endpoint_distance,5.731414163795407,1024.9862751293902,True,,端点最大距离且全时段按遮挡计损仍满足双向预算
T024,巡航,9660.73258321332,9680.496070436686,中继,R008,1684,PASS,worst_obstruction_endpoint_distance,3.548725382916672,1317.8090603809612,True,,端点最大距离且全时段按遮挡计损仍满足双向预算
T024,巡航,9680.496070436686,9700.259557660052,中继,R008,1685,PASS,worst_obstruction_endpoint_distance,1.7986941689042766,1611.9592170068474,True,,端点最大距离且全时段按遮挡计损仍满足双向预算
T024,巡航,9700.259557660052,9720.023044883417,直连,,1686,PASS,worst_obstruction_endpoint_distance,0.2202145974620322,3857.2521378350943,True,,端点最大距离且全时段按遮挡计损仍满足双向预算
T024,巡航,9720.023044883417,9739.786532106784,直连,,1687,PASS,worst_obstruction_endpoint_distance,0.9141391873638156,3561.0805630696686,True,,端点最大距离且全时段按遮挡计损仍满足双向预算
T024,巡航,9739.786532106784,9759.55001933015,直连,,1688,PASS,worst_obstruction_endpoint_distance,1.6682180133278024,3264.9599447416617,True,,端点最大距离且全时段按遮挡计损仍满足双向预算
T024,巡航,9759.55001933015,9779.313506553515,直连,,1689,PASS,worst_obstruction_endpoint_distance,2.4938475922613463,2968.9055301769163,True,,端点最大距离且全时段按遮挡计损仍满足双向预算
T024,巡航,9779.313506553515,9799.076993776882,直连,,1690,PASS,worst_obstruction_endpoint_distance,3.4059931797055043,2672.939317626779,True,,端点最大距离且全时段按遮挡计损仍满足双向预算
T024,巡航,9799.076993776882,9818.840481000248,直连,,1691,PASS,worst_obstruction_endpoint_distance,4.424847125248689,2377.0942527732964,True,,端点最大距离且全时段按遮挡计损仍满足双向预算
T024,巡航,9818.840481000248,9838.603968223615,直连,,1692,PASS,worst_obstruction_endpoint_distance,5.578572376014165,2081.421994615999,True,,端点最大距离且全时段按遮挡计损仍满足双向预算
T024,巡航,9838.603968223615,9858.36745544698,直连,,1693,PASS,worst_obstruction_endpoint_distance,6.908105372473543,1786.0083692495245,True,,端点最大距离且全时段按遮挡计损仍满足双向预算
T024,巡航,9858.36745544698,9878.130942670346,直连,,1694,PASS,worst_obstruction_endpoint_distance,8.476180856524223,1491.0071135443768,True,,端点最大距离且全时段按遮挡计损仍满足双向预算
T024,巡航,9878.130942670346,9897.894429893713,直连,,1695,PASS,worst_obstruction_endpoint_distance,10.385900789493661,1196.723223014895,True,,端点最大距离且全时段按遮挡计损仍满足双向预算
T024,巡航,9897.894429893713,9917.657917117078,直连,,1696,PASS,worst_obstruction_endpoint_distance,12.823774280234389,903.8576628091926,True,,端点最大距离且全时段按遮挡计损仍满足双向预算
T024,巡航,9917.657917117078,9937.421404340444,直连,,1697,PASS,worst_obstruction_endpoint_distance,16.17615903644753,614.4418760035281,True,,端点最大距离且全时段按遮挡计损仍满足双向预算
T024,巡航,9937.421404340444,9957.184891563811,直连,,1698,PASS,worst_obstruction_endpoint_distance,21.381037235701385,337.4713404244718,True,,端点最大距离且全时段按遮挡计损仍满足双向预算
T024,下降,9957.184891563811,9975.31031697885,直连,,1699,PASS,worst_obstruction_endpoint_distance,27.79555154865507,161.25425415039103,True,,端点最大距离且全时段按遮挡计损仍满足双向预算
T024,下降,9975.31031697885,9993.435742393889,直连,,1700,PASS,worst_obstruction_endpoint_distance,30.00733842190894,125.00340332031283,True,,端点最大距离且全时段按遮挡计损仍满足双向预算
T024,下降,9993.435742393889,10011.561167808928,直连,,1701,PASS,worst_obstruction_endpoint_distance,32.9821581246938,88.75255249023462,True,,端点最大距离且全时段按遮挡计损仍满足双向预算
T024,下降,10011.561167808928,10029.686593223967,直连,,1702,PASS,worst_obstruction_endpoint_distance,37.54230757016704,52.501701660156414,True,,端点最大距离且全时段按遮挡计损仍满足双向预算
T024,下降,10029.686593223967,10047.812018639006,直连,,1703,PASS,worst_obstruction_endpoint_distance,45.92517525248826,20.0,True,,端点最大距离且全时段按遮挡计损仍满足双向预算
T025,爬升,8447.0,8465.392101372612,直连,,1704,PASS,worst_obstruction_endpoint_distance,41.02077101907989,35.17630411783688,True,,端点最大距离且全时段按遮挡计损仍满足双向预算
T025,爬升,8465.392101372612,8483.784202745226,直连,,1705,PASS,worst_obstruction_endpoint_distance,32.826961286043996,90.35260823567918,True,,端点最大距离且全时段按遮挡计损仍满足双向预算
T025,爬升,8483.784202745226,8502.176304117838,直连,,1706,PASS,worst_obstruction_endpoint_distance,28.68678949476505,145.52891235351603,True,,端点最大距离且全时段按遮挡计损仍满足双向预算
T025,巡航,8502.176304117838,8521.193466849745,直连,,1707,PASS,worst_obstruction_endpoint_distance,21.836398531290612,320.2350261363581,True,,端点最大距离且全时段按遮挡计损仍满足双向预算
T025,巡航,8521.193466849745,8540.210629581652,直连,,1708,PASS,worst_obstruction_endpoint_distance,16.546663988902537,588.7834023351405,True,,端点最大距离且全时段按遮挡计损仍满足双向预算
T025,巡航,8540.210629581652,8559.22779231356,直连,,1709,PASS,worst_obstruction_endpoint_distance,13.174798895214863,868.0581392014765,True,,端点最大距离且全时段按遮挡计损仍满足双向预算
T025,巡航,8559.22779231356,8578.244955045468,直连,,1710,PASS,worst_obstruction_endpoint_distance,10.729757922473041,1150.2728313183097,True,,端点最大距离且全时段按遮挡计损仍满足双向预算
T025,巡航,8578.244955045468,8597.262117777374,直连,,1711,PASS,worst_obstruction_endpoint_distance,8.816655594821057,1433.6923851274319,True,,端点最大距离且全时段按遮挡计损仍满足双向预算
T025,巡航,8597.262117777374,8616.279280509281,直连,,1712,PASS,worst_obstruction_endpoint_distance,7.246725157142279,1717.7205067016116,True,,端点最大距离且全时段按遮挡计损仍满足双向预算
T025,巡航,8616.279280509281,8635.296443241188,直连,,1713,PASS,worst_obstruction_endpoint_distance,5.916067623284519,2002.0982089747577,True,,端点最大距离且全时段按遮挡计损仍满足双向预算
T025,巡航,8635.296443241188,8654.313605973095,直连,,1714,PASS,worst_obstruction_endpoint_distance,4.761610048728812,2286.6950721260782,True,,端点最大距离且全时段按遮挡计损仍满足双向预算
T025,巡航,8654.313605973095,8673.330768705004,直连,,1715,PASS,worst_obstruction_endpoint_distance,3.7422529026328704,2571.4383295456846,True,,端点最大距离且全时段按遮挡计损仍满足双向预算
T025,巡航,8673.330768705004,8692.34793143691,直连,,1716,PASS,worst_obstruction_endpoint_distance,2.829746817360757,2856.284199392131,True,,端点最大距离且全时段按遮挡计损仍满足双向预算
T025,巡航,8692.34793143691,8711.365094168817,直连,,1717,PASS,worst_obstruction_endpoint_distance,2.003850208797573,3141.204766965233,True,,端点最大距离且全时段按遮挡计损仍满足双向预算
T025,巡航,8711.365094168817,8730.382256900724,直连,,1718,PASS,worst_obstruction_endpoint_distance,1.2495681126698628,3426.1813967707103,True,,端点最大距离且全时段按遮挡计损仍满足双向预算
T025,巡航,8730.382256900724,8749.399419632631,直连,,1719,PASS,worst_obstruction_endpoint_distance,0.5554852276978011,3711.20117407028,True,,端点最大距离且全时段按遮挡计损仍满足双向预算
T025,巡航,8749.399419632631,8768.416582364538,中继,R008,1720,PASS,worst_obstruction_endpoint_distance,1.0826492244121937,1750.476549554645,True,,端点最大距离且全时段按遮挡计损仍满足双向预算
T025,巡航,8768.416582364538,8787.433745096445,中继,R008,1721,PASS,worst_obstruction_endpoint_distance,2.627258519793102,1465.2975798126802,True,,端点最大距离且全时段按遮挡计损仍满足双向预算
T025,巡航,8787.433745096445,8806.450907828352,中继,R008,1722,PASS,worst_obstruction_endpoint_distance,4.506982815151915,1180.1565402670476,True,,端点最大距离且全时段按遮挡计损仍满足双向预算
T025,巡航,8806.450907828352,8825.46807056026,中继,R008,1723,PASS,worst_obstruction_endpoint_distance,6.908444158041945,895.0896809442007,True,,端点最大距离且全时段按遮挡计损仍满足双向预算
T025,巡航,8825.46807056026,8844.485233292167,中继,R008,1724,PASS,worst_obstruction_endpoint_distance,10.236317224428007,610.2009747603922,True,,端点最大距离且全时段按遮挡计损仍满足双向预算
T025,巡航,8844.485233292167,8863.502396024074,中继,R008,1725,PASS,worst_obstruction_endpoint_distance,15.682545557046382,325.9578769273874,True,,端点最大距离且全时段按遮挡计损仍满足双向预算
T025,巡航,8863.502396024074,8882.519558755981,中继,R008,1726,PASS,worst_obstruction_endpoint_distance,18.001870807399882,249.57163139740678,True,,端点最大距离且全时段按遮挡计损仍满足双向预算
T025,下降,8882.519558755981,8895.165341226684,中继,R008,1727,PASS,worst_obstruction_endpoint_distance,18.001870807399882,249.57163139740678,True,,端点最大距离且全时段按遮挡计损仍满足双向预算
T025,下降,8895.165341226684,8907.811123697387,中继,R008,1728,PASS,worst_obstruction_endpoint_distance,17.88703216847678,252.8931988527141,True,,端点最大距离且全时段按遮挡计损仍满足双向预算
T025,投送,8907.811123697387,8926.272662158926,中继,R008,1729,PASS,exact_point,27.88703216847678,252.8931988527141,,,独立计算 DEM 遮挡、自由空间损耗与双向预算
T025,投送,8926.272662158926,8944.734200620465,中继,R008,1730,PASS,exact_point,27.88703216847678,252.8931988527141,,,独立计算 DEM 遮挡、自由空间损耗与双向预算
T025,投送,8944.734200620465,8963.195739082003,中继,R008,1731,PASS,exact_point,27.88703216847678,252.8931988527141,,,独立计算 DEM 遮挡、自由空间损耗与双向预算
T025,投送,8963.195739082003,8981.657277543542,中继,R008,1732,PASS,exact_point,27.88703216847678,252.8931988527141,,,独立计算 DEM 遮挡、自由空间损耗与双向预算
T025,投送,8981.657277543542,9000.11881600508,中继,R008,1733,PASS,exact_point,27.88703216847678,252.8931988527141,,,独立计算 DEM 遮挡、自由空间损耗与双向预算
T025,投送,9000.11881600508,9018.580354466618,中继,R008,1734,PASS,exact_point,27.88703216847678,252.8931988527141,,,独立计算 DEM 遮挡、自由空间损耗与双向预算
T025,投送,9018.580354466618,9037.041892928157,中继,R008,1735,PASS,exact_point,27.88703216847678,252.8931988527141,,,独立计算 DEM 遮挡、自由空间损耗与双向预算
T025,投送,9037.041892928157,9055.503431389696,中继,R008,1736,PASS,exact_point,27.88703216847678,252.8931988527141,,,独立计算 DEM 遮挡、自由空间损耗与双向预算
T025,投送,9055.503431389696,9073.964969851233,中继,R008,1737,PASS,exact_point,27.88703216847678,252.8931988527141,,,独立计算 DEM 遮挡、自由空间损耗与双向预算
T025,投送,9073.964969851233,9092.426508312772,中继,R008,1738,PASS,exact_point,27.88703216847678,252.8931988527141,,,独立计算 DEM 遮挡、自由空间损耗与双向预算
T025,投送,9092.426508312772,9110.888046774311,中继,R008,1739,PASS,exact_point,27.88703216847678,252.8931988527141,,,独立计算 DEM 遮挡、自由空间损耗与双向预算
T025,投送,9110.888046774311,9129.34958523585,中继,R008,1740,PASS,exact_point,27.88703216847678,252.8931988527141,,,独立计算 DEM 遮挡、自由空间损耗与双向预算
T025,投送,9129.34958523585,9147.811123697387,中继,R008,1741,PASS,exact_point,27.88703216847678,252.8931988527141,,,独立计算 DEM 遮挡、自由空间损耗与双向预算
T025,爬升,9147.811123697387,9158.349275756307,中继,R008,1742,PASS,worst_obstruction_endpoint_distance,17.88703216847678,252.8931988527141,True,,端点最大距离且全时段按遮挡计损仍满足双向预算
T025,爬升,9158.349275756307,9168.887427815227,中继,R008,1743,PASS,worst_obstruction_endpoint_distance,18.001870807399882,249.57163139740678,True,,端点最大距离且全时段按遮挡计损仍满足双向预算
T025,巡航,9168.887427815227,9187.904590547134,中继,R008,1744,PASS,worst_obstruction_endpoint_distance,18.001870807399882,249.57163139740678,True,,端点最大距离且全时段按遮挡计损仍满足双向预算
T025,巡航,9187.904590547134,9206.92175327904,中继,R008,1745,PASS,worst_obstruction_endpoint_distance,15.682545557046382,325.9578769273874,True,,端点最大距离且全时段按遮挡计损仍满足双向预算
T025,巡航,9206.92175327904,9225.938916010948,中继,R008,1746,PASS,worst_obstruction_endpoint_distance,10.236317224428007,610.2009747603922,True,,端点最大距离且全时段按遮挡计损仍满足双向预算
T025,巡航,9225.938916010948,9244.956078742855,中继,R008,1747,PASS,worst_obstruction_endpoint_distance,6.908444158041945,895.0896809442007,True,,端点最大距离且全时段按遮挡计损仍满足双向预算
T025,巡航,9244.956078742855,9263.973241474761,中继,R008,1748,PASS,worst_obstruction_endpoint_distance,4.506982815151915,1180.1565402670476,True,,端点最大距离且全时段按遮挡计损仍满足双向预算
T025,巡航,9263.973241474761,9282.99040420667,中继,R008,1749,PASS,worst_obstruction_endpoint_distance,2.627258519793102,1465.2975798126802,True,,端点最大距离且全时段按遮挡计损仍满足双向预算
T025,巡航,9282.99040420667,9302.007566938577,中继,R008,1750,PASS,worst_obstruction_endpoint_distance,1.0826492244121937,1750.476549554645,True,,端点最大距离且全时段按遮挡计损仍满足双向预算
T025,巡航,9302.007566938577,9321.024729670484,直连,,1751,PASS,worst_obstruction_endpoint_distance,0.5554852276978011,3711.20117407028,True,,端点最大距离且全时段按遮挡计损仍满足双向预算
T025,巡航,9321.024729670484,9340.04189240239,直连,,1752,PASS,worst_obstruction_endpoint_distance,1.2495681126698628,3426.1813967707103,True,,端点最大距离且全时段按遮挡计损仍满足双向预算
T025,巡航,9340.04189240239,9359.059055134298,直连,,1753,PASS,worst_obstruction_endpoint_distance,2.003850208797573,3141.204766965233,True,,端点最大距离且全时段按遮挡计损仍满足双向预算
T025,巡航,9359.059055134298,9378.076217866204,直连,,1754,PASS,worst_obstruction_endpoint_distance,2.829746817360757,2856.284199392131,True,,端点最大距离且全时段按遮挡计损仍满足双向预算
T025,巡航,9378.076217866204,9397.093380598111,直连,,1755,PASS,worst_obstruction_endpoint_distance,3.7422529026328704,2571.4383295456846,True,,端点最大距离且全时段按遮挡计损仍满足双向预算
T025,巡航,9397.093380598111,9416.11054333002,直连,,1756,PASS,worst_obstruction_endpoint_distance,4.761610048728812,2286.6950721260782,True,,端点最大距离且全时段按遮挡计损仍满足双向预算
T025,巡航,9416.11054333002,9435.127706061927,直连,,1757,PASS,worst_obstruction_endpoint_distance,5.916067623284519,2002.0982089747577,True,,端点最大距离且全时段按遮挡计损仍满足双向预算
T025,巡航,9435.127706061927,9454.144868793834,直连,,1758,PASS,worst_obstruction_endpoint_distance,7.246725157142279,1717.7205067016116,True,,端点最大距离且全时段按遮挡计损仍满足双向预算
T025,巡航,9454.144868793834,9473.16203152574,直连,,1759,PASS,worst_obstruction_endpoint_distance,8.816655594821057,1433.6923851274319,True,,端点最大距离且全时段按遮挡计损仍满足双向预算
T025,巡航,9473.16203152574,9492.179194257647,直连,,1760,PASS,worst_obstruction_endpoint_distance,10.729757922473041,1150.2728313183097,True,,端点最大距离且全时段按遮挡计损仍满足双向预算
T025,巡航,9492.179194257647,9511.196356989554,直连,,1761,PASS,worst_obstruction_endpoint_distance,13.174798895214863,868.0581392014765,True,,端点最大距离且全时段按遮挡计损仍满足双向预算
T025,巡航,9511.196356989554,9530.213519721463,直连,,1762,PASS,worst_obstruction_endpoint_distance,16.546663988902182,588.7834023351647,True,,端点最大距离且全时段按遮挡计损仍满足双向预算
T025,巡航,9530.213519721463,9549.23068245337,直连,,1763,PASS,worst_obstruction_endpoint_distance,21.836398531290612,320.2350261363581,True,,端点最大距离且全时段按遮挡计损仍满足双向预算
T025,下降,9549.23068245337,9565.783573688721,直连,,1764,PASS,worst_obstruction_endpoint_distance,28.68678949476505,145.52891235351603,True,,端点最大距离且全时段按遮挡计损仍满足双向预算
T025,下降,9565.783573688721,9582.336464924072,直连,,1765,PASS,worst_obstruction_endpoint_distance,31.59286620976644,104.14668426513816,True,,端点最大距离且全时段按遮挡计损仍满足双向预算
T025,下降,9582.336464924072,9598.889356159423,直连,,1766,PASS,worst_obstruction_endpoint_distance,35.991499761200174,62.76445617676029,True,,端点最大距离且全时段按遮挡计损仍满足双向预算
T025,下降,9598.889356159423,9615.442247394776,直连,,1767,PASS,worst_obstruction_endpoint_distance,45.34471600699166,21.38222808838242,True,,端点最大距离且全时段按遮挡计损仍满足双向预算
T026,爬升,8440.0,8459.343641153971,直连,,1768,PASS,worst_obstruction_endpoint_distance,40.343037745338336,38.03092346191403,True,,端点最大距离且全时段按遮挡计损仍满足双向预算
T026,爬升,8459.343641153971,8478.687282307943,直连,,1769,PASS,worst_obstruction_endpoint_distance,32.29475651968484,96.06184692382803,True,,端点最大距离且全时段按遮挡计损仍满足双向预算
T026,爬升,8478.687282307943,8498.030923461914,直连,,1770,PASS,worst_obstruction_endpoint_distance,28.1901299001902,154.09277038574203,True,,端点最大距离且全时段按遮挡计损仍满足双向预算
T026,爬升,8498.030923461914,8517.374564615886,直连,,1771,PASS,worst_obstruction_endpoint_distance,25.41399154248265,212.12369384765606,True,,端点最大距离且全时段按遮挡计损仍满足双向预算
T026,爬升,8517.374564615886,8536.718205769857,直连,,1772,PASS,worst_obstruction_endpoint_distance,23.313527273336263,270.15461730957,True,,端点最大距离且全时段按遮挡计损仍满足双向预算
T026,爬升,8536.718205769857,8556.061846923829,直连,,1773,PASS,worst_obstruction_endpoint_distance,21.623386306715105,328.18554077148406,True,,端点最大距离且全时段按遮挡计损仍满足双向预算
T026,爬升,8556.061846923829,8575.4054880778,直连,,1774,PASS,worst_obstruction_endpoint_distance,20.209159493456355,386.2164642333981,True,,端点最大距离且全时段按遮挡计损仍满足双向预算
T026,爬升,8575.4054880778,8594.749129231772,直连,,1775,PASS,worst_obstruction_endpoint_distance,18.993277511644692,444.24738769531206,True,,端点最大距离且全时段按遮挡计损仍满足双向预算
T026,巡航,8594.749129231772,8613.76516500368,直连,,1776,PASS,worst_obstruction_endpoint_distance,17.49412647354434,527.9374064998578,True,,端点最大距离且全时段按遮挡计损仍满足双向预算
T026,巡航,8613.76516500368,8632.781200775591,直连,,1777,PASS,worst_obstruction_endpoint_distance,14.762382856352005,723.0521394096111,True,,端点最大距离且全时段按遮挡计损仍满足双向预算
T026,巡航,8632.781200775591,8651.7972365475,直连,,1778,PASS,worst_obstruction_endpoint_distance,12.262742934535737,964.1655536489214,True,,端点最大距离且全时段按遮挡计损仍满足双向预算
T026,巡航,8651.7972365475,8670.81327231941,直连,,1779,PASS,worst_obstruction_endpoint_distance,10.187323229616496,1224.3979585073178,True,,端点最大距离且全时段按遮挡计损仍满足双向预算
T026,巡航,8670.81327231941,8689.829308091319,直连,,1780,PASS,worst_obstruction_endpoint_distance,8.459981738274593,1493.790425115221,True,,端点最大距离且全时段按遮挡计损仍满足双向预算
T026,巡航,8689.829308091319,8708.84534386323,直连,,1781,PASS,worst_obstruction_endpoint_distance,6.995338587207897,1768.1610885183502,True,,端点最大距离且全时段按遮挡计损仍满足双向预算
T026,巡航,8708.84534386323,8727.861379635138,直连,,1782,PASS,worst_obstruction_endpoint_distance,5.729752779458053,2045.5077030287673,True,,端点最大距离且全时段按遮挡计损仍满足双向预算
T026,巡航,8727.861379635138,8746.877415407049,直连,,1783,PASS,worst_obstruction_endpoint_distance,4.6181924565780434,2324.765411555552,True,,端点最大距离且全时段按遮挡计损仍满足双向预算
T026,巡航,8746.877415407049,8765.893451178958,直连,,1784,PASS,worst_obstruction_endpoint_distance,3.628554530062189,2605.31975039449,True,,端点最大距离且全时段按遮挡计损仍满足双向预算
T026,巡航,8765.893451178958,8784.909486950868,直连,,1785,PASS,worst_obstruction_endpoint_distance,2.7374631875922546,2886.7927033719507,True,,端点最大距离且全时段按遮挡计损仍满足双向预算
T026,巡航,8784.909486950868,8803.925522722777,直连,,1786,PASS,worst_obstruction_endpoint_distance,1.9274962095370682,3168.939499280867,True,,端点最大距离且全时段按遮挡计损仍满足双向预算
T026,巡航,8803.925522722777,8822.941558494687,直连,,1787,PASS,worst_obstruction_endpoint_distance,1.1853788074652982,3451.594894447908,True,,端点最大距离且全时段按遮挡计损仍满足双向预算
T026,巡航,8822.941558494687,8841.957594266596,直连,,1788,PASS,worst_obstruction_endpoint_distance,0.5007923438628978,3734.643411099761,True,,端点最大距离且全时段按遮挡计损仍满足双向预算
T026,巡航,8841.957594266596,8860.973630038507,中继,R009,1789,PASS,worst_obstruction_endpoint_distance,15.432829120306295,335.4650668623382,True,,端点最大距离且全时段按遮挡计损仍满足双向预算
T026,巡航,8860.973630038507,8879.989665810415,中继,R009,1790,PASS,worst_obstruction_endpoint_distance,11.504798412082252,527.2891532959658,True,,端点最大距离且全时段按遮挡计损仍满足双向预算
T026,巡航,8879.989665810415,8899.005701582326,中继,R009,1791,PASS,worst_obstruction_endpoint_distance,8.119220265059056,778.6239263581429,True,,端点最大距离且全时段按遮挡计损仍满足双向预算
T026,巡航,8899.005701582326,8918.021737354236,中继,R009,1792,PASS,worst_obstruction_endpoint_distance,5.54291356012142,1047.4735861235545,True,,端点最大距离且全时段按遮挡计损仍满足双向预算
T026,巡航,8918.021737354236,8937.037773126145,中继,R009,1793,PASS,worst_obstruction_endpoint_distance,3.51323382978417,1323.2047974411298,True,,端点最大距离且全时段按遮挡计损仍满足双向预算
T026,巡航,8937.037773126145,8956.053808898056,中继,R009,1794,PASS,worst_obstruction_endpoint_distance,1.851067682106489,1602.2687932213864,True,,端点最大距离且全时段按遮挡计损仍满足双向预算
T026,下降,8956.053808898056,8975.329599913679,中继,R009,1795,PASS,worst_obstruction_endpoint_distance,1.851067682106489,1602.2687932213864,True,,端点最大距离且全时段按遮挡计损仍满足双向预算
T026,下降,8975.329599913679,8994.605390929304,中继,R009,1796,PASS,worst_obstruction_endpoint_distance,1.874129839729676,1598.0202056242845,True,,端点最大距离且全时段按遮挡计损仍满足双向预算
T026,下降,8994.605390929304,9013.88118194493,中继,R009,1797,PASS,worst_obstruction_endpoint_distance,1.8893814134719378,1595.2167003033844,True,,端点最大距离且全时段按遮挡计损仍满足双向预算
T026,下降,9013.88118194493,9033.156972960554,中继,R009,1798,PASS,worst_obstruction_endpoint_distance,1.8961640927920342,1593.971506045958,True,,端点最大距离且全时段按遮挡计损仍满足双向预算
T026,下降,9033.156972960554,9052.43276397618,中继,R009,1799,PASS,worst_obstruction_endpoint_distance,1.8876581411903288,1595.53322118428,True,,端点最大距离且全时段按遮挡计损仍满足双向预算
T026,投送,9052.43276397618,9072.43276397618,中继,R009,1800,PASS,exact_point,1.8876581411903288,1595.53322118428,,,独立计算 DEM 遮挡、自由空间损耗与双向预算
T026,投送,9072.43276397618,9092.43276397618,中继,R009,1801,PASS,exact_point,1.8876581411903288,1595.53322118428,,,独立计算 DEM 遮挡、自由空间损耗与双向预算
T026,投送,9092.43276397618,9112.43276397618,中继,R009,1802,PASS,exact_point,1.8876581411903288,1595.53322118428,,,独立计算 DEM 遮挡、自由空间损耗与双向预算
T026,投送,9112.43276397618,9132.43276397618,中继,R009,1803,PASS,exact_point,1.8876581411903288,1595.53322118428,,,独立计算 DEM 遮挡、自由空间损耗与双向预算
T026,投送,9132.43276397618,9152.43276397618,中继,R009,1804,PASS,exact_point,1.8876581411903288,1595.53322118428,,,独立计算 DEM 遮挡、自由空间损耗与双向预算
T026,投送,9152.43276397618,9172.43276397618,中继,R009,1805,PASS,exact_point,1.8876581411903288,1595.53322118428,,,独立计算 DEM 遮挡、自由空间损耗与双向预算
T026,投送,9172.43276397618,9192.43276397618,中继,R009,1806,PASS,exact_point,1.8876581411903288,1595.53322118428,,,独立计算 DEM 遮挡、自由空间损耗与双向预算
T026,投送,9192.43276397618,9212.43276397618,中继,R009,1807,PASS,exact_point,1.8876581411903288,1595.53322118428,,,独立计算 DEM 遮挡、自由空间损耗与双向预算
T026,投送,9212.43276397618,9232.43276397618,中继,R009,1808,PASS,exact_point,1.8876581411903288,1595.53322118428,,,独立计算 DEM 遮挡、自由空间损耗与双向预算
T026,爬升,9232.43276397618,9248.495923155868,中继,R009,1809,PASS,worst_obstruction_endpoint_distance,1.8876581411903288,1595.53322118428,True,,端点最大距离且全时段按遮挡计损仍满足双向预算
T026,爬升,9248.495923155868,9264.559082335554,中继,R009,1810,PASS,worst_obstruction_endpoint_distance,1.8961640927920342,1593.971506045958,True,,端点最大距离且全时段按遮挡计损仍满足双向预算
T026,爬升,9264.559082335554,9280.622241515242,中继,R009,1811,PASS,worst_obstruction_endpoint_distance,1.8893814134719378,1595.2167003033844,True,,端点最大距离且全时段按遮挡计损仍满足双向预算
T026,爬升,9280.622241515242,9296.685400694929,中继,R009,1812,PASS,worst_obstruction_endpoint_distance,1.874129839729676,1598.020205624284,True,,端点最大距离且全时段按遮挡计损仍满足双向预算
T026,爬升,9296.685400694929,9312.748559874617,中继,R009,1813,PASS,worst_obstruction_endpoint_distance,1.851067682106489,1602.2687932213864,True,,端点最大距离且全时段按遮挡计损仍满足双向预算
T026,巡航,9312.748559874617,9331.764595646528,中继,R009,1814,PASS,worst_obstruction_endpoint_distance,1.851067682106489,1602.2687932213864,True,,端点最大距离且全时段按遮挡计损仍满足双向预算
T026,巡航,9331.764595646528,9350.780631418436,中继,R009,1815,PASS,worst_obstruction_endpoint_distance,3.51323382978417,1323.2047974411298,True,,端点最大距离且全时段按遮挡计损仍满足双向预算
T026,巡航,9350.780631418436,9369.796667190347,中继,R009,1816,PASS,worst_obstruction_endpoint_distance,5.54291356012142,1047.4735861235545,True,,端点最大距离且全时段按遮挡计损仍满足双向预算
T026,巡航,9369.796667190347,9388.812702962256,中继,R009,1817,PASS,worst_obstruction_endpoint_distance,8.119220265059056,778.6239263581429,True,,端点最大距离且全时段按遮挡计损仍满足双向预算
T026,巡航,9388.812702962256,9407.828738734166,中继,R009,1818,PASS,worst_obstruction_endpoint_distance,11.504798412081428,527.2891532960156,True,,端点最大距离且全时段按遮挡计损仍满足双向预算
T026,巡航,9407.828738734166,9426.844774506075,中继,R009,1819,PASS,worst_obstruction_endpoint_distance,15.432829120306295,335.4650668623382,True,,端点最大距离且全时段按遮挡计损仍满足双向预算
T026,巡航,9426.844774506075,9445.860810277985,直连,,1820,PASS,worst_obstruction_endpoint_distance,0.5007923438628978,3734.643411099761,True,,端点最大距离且全时段按遮挡计损仍满足双向预算
T026,巡航,9445.860810277985,9464.876846049894,直连,,1821,PASS,worst_obstruction_endpoint_distance,1.1853788074652982,3451.594894447908,True,,端点最大距离且全时段按遮挡计损仍满足双向预算
T026,巡航,9464.876846049894,9483.892881821805,直连,,1822,PASS,worst_obstruction_endpoint_distance,1.9274962095368977,3168.939499280925,True,,端点最大距离且全时段按遮挡计损仍满足双向预算
T026,巡航,9483.892881821805,9502.908917593713,直连,,1823,PASS,worst_obstruction_endpoint_distance,2.7374631875922546,2886.7927033719507,True,,端点最大距离且全时段按遮挡计损仍满足双向预算
T026,巡航,9502.908917593713,9521.924953365624,直连,,1824,PASS,worst_obstruction_endpoint_distance,3.628554530062189,2605.31975039449,True,,端点最大距离且全时段按遮挡计损仍满足双向预算
T026,巡航,9521.924953365624,9540.940989137533,直连,,1825,PASS,worst_obstruction_endpoint_distance,4.6181924565780434,2324.765411555552,True,,端点最大距离且全时段按遮挡计损仍满足双向预算
T026,巡航,9540.940989137533,9559.957024909443,直连,,1826,PASS,worst_obstruction_endpoint_distance,5.729752779457812,2045.507703028824,True,,端点最大距离且全时段按遮挡计损仍满足双向预算
T026,巡航,9559.957024909443,9578.973060681354,直连,,1827,PASS,worst_obstruction_endpoint_distance,6.995338587207897,1768.1610885183502,True,,端点最大距离且全时段按遮挡计损仍满足双向预算
T026,巡航,9578.973060681354,9597.989096453262,直连,,1828,PASS,worst_obstruction_endpoint_distance,8.459981738274593,1493.790425115221,True,,端点最大距离且全时段按遮挡计损仍满足双向预算
T026,巡航,9597.989096453262,9617.005132225171,直连,,1829,PASS,worst_obstruction_endpoint_distance,10.187323229616496,1224.3979585073178,True,,端点最大距离且全时段按遮挡计损仍满足双向预算
T026,巡航,9617.005132225171,9636.021167997082,直连,,1830,PASS,worst_obstruction_endpoint_distance,12.262742934535282,964.165553648973,True,,端点最大距离且全时段按遮挡计损仍满足双向预算
T026,巡航,9636.021167997082,9655.037203768992,直连,,1831,PASS,worst_obstruction_endpoint_distance,14.762382856352005,723.0521394096111,True,,端点最大距离且全时段按遮挡计损仍满足双向预算
T026,巡航,9655.037203768992,9674.0532395409,直连,,1832,PASS,worst_obstruction_endpoint_distance,17.49412647354434,527.9374064998578,True,,端点最大距离且全时段按遮挡计损仍满足双向预算
T026,下降,9674.0532395409,9692.623135048714,直连,,1833,PASS,worst_obstruction_endpoint_distance,18.993277511644692,444.24738769531206,True,,端点最大距离且全时段按遮挡计损仍满足双向预算
T026,下降,9692.623135048714,9711.193030556526,直连,,1834,PASS,worst_obstruction_endpoint_distance,19.951985068959814,397.822648925779,True,,端点最大距离且全时段按遮挡计损仍满足双向预算
T026,下降,9711.193030556526,9729.762926064339,直连,,1835,PASS,worst_obstruction_endpoint_distance,21.029791679401214,351.3979101562506,True,,端点最大距离且全时段按遮挡计损仍满足双向预算
T026,下降,9729.762926064339,9748.332821572152,直连,,1836,PASS,worst_obstruction_endpoint_distance,22.260542446450856,304.9731713867175,True,,端点最大距离且全时段按遮挡计损仍满足双向预算
T026,下降,9748.332821572152,9766.902717079964,直连,,1837,PASS,worst_obstruction_endpoint_distance,23.694936979399657,258.5484326171845,True,,端点最大距离且全时段按遮挡计损仍满足双向预算
T026,下降,9766.902717079964,9785.472612587777,直连,,1838,PASS,worst_obstruction_endpoint_distance,25.41399154248265,212.12369384765606,True,,端点最大距离且全时段按遮挡计损仍满足双向预算
T026,下降,9785.472612587777,9804.042508095588,直连,,1839,PASS,worst_obstruction_endpoint_distance,27.559379771700534,165.69895507812305,True,,端点最大距离且全时段按遮挡计损仍满足双向预算
T026,下降,9804.042508095588,9822.612403603402,直连,,1840,PASS,worst_obstruction_endpoint_distance,30.41484373161117,119.27421630859453,True,,端点最大距离且全时段按遮挡计损仍满足双向预算
T026,下降,9822.612403603402,9841.182299111213,直连,,1841,PASS,worst_obstruction_endpoint_distance,34.69724633677501,72.84947753906152,True,,端点最大距离且全时段按遮挡计损仍满足双向预算
T026,下降,9841.182299111213,9859.752194619026,直连,,1842,PASS,worst_obstruction_endpoint_distance,43.50556111297982,26.424738769533008,True,,端点最大距离且全时段按遮挡计损仍满足双向预算
