profile,round,boxes_repaired,columns,master_status,master_gap,master_objective,scheduled_improvement,best_makespan_s,best_energy_kwh,best_sorties
time,1,80,1200,0,0,31109.2684132,False,8324.55397645,68.7497243046,21
time,2,43,310,0,0,17632.1516643,False,8324.55397645,68.7497243046,21
time,3,38,384,0,0,16188.4805398,False,8324.55397645,68.7497243046,21
time,4,40,268,0,0,15794.0958219,False,8324.55397645,68.7497243046,21
time,5,48,335,0,0,19340.9131491,False,8324.55397645,68.7497243046,21
time,6,26,152,0,0,12082.7804665,False,8324.55397645,68.7497243046,21
time,7,26,163,0,0,10599.3475832,False,8324.55397645,68.7497243046,21
time,8,37,255,0,0,14022.5759019,False,8324.55397645,68.7497243046,21
time,9,35,205,0,0,15989.7641549,False,8324.55397645,68.7497243046,21
time,10,24,117,0,0,11235.5920419,False,8324.55397645,68.7497243046,21
time,11,14,68,0,0,7991.06313935,False,8324.55397645,68.7497243046,21
time,12,23,127,0,0,11729.8140728,False,8324.55397645,68.7497243046,21
time,13,31,229,0,0,14340.8025033,False,8324.55397645,68.7497243046,21
time,14,37,328,0,0,16140.3068918,False,8324.55397645,68.7497243046,21
time,15,26,139,0,0,11903.6671399,False,8324.55397645,68.7497243046,21
time,16,23,135,0,0,10994.8445813,False,8324.55397645,68.7497243046,21
time,17,23,208,0,0,11525.7362924,False,8324.55397645,68.7497243046,21
time,18,14,54,0,0,6981.78732123,False,8324.55397645,68.7497243046,21
time,19,33,232,0,0,15983.815702,False,8324.55397645,68.7497243046,21
time,20,12,38,0,0,6990.05697043,False,8324.55397645,68.7497243046,21
time,21,19,102,0,0,8003.41085465,False,8324.55397645,68.7497243046,21
time,22,33,223,0,0,14021.6531417,False,8324.55397645,68.7497243046,21
time,23,36,264,0,0,15506.995173,False,8324.55397645,68.7497243046,21
time,24,50,355,0,0,19706.5845409,False,8324.55397645,68.7497243046,21
time,25,31,256,0,0,14084.3657321,False,8324.55397645,68.7497243046,21
time,26,13,61,0,0,6536.33338265,False,8324.55397645,68.7497243046,21
time,27,26,135,0,0,10931.5940769,False,8324.55397645,68.7497243046,21
time,28,26,200,0,0,11593.0887356,False,8324.55397645,68.7497243046,21
time,29,29,148,0,0,13293.5718532,False,8324.55397645,68.7497243046,21
time,30,19,109,0,0,8897.80250515,False,8324.55397645,68.7497243046,21
time,31,29,220,0,0,12578.7297046,False,8324.55397645,68.7497243046,21
time,32,51,405,0,0,20705.0998653,False,8324.55397645,68.7497243046,21
time,33,25,124,0,0,9642.6138756,False,8324.55397645,68.7497243046,21
time,34,24,186,0,0,13112.6146216,False,8324.55397645,68.7497243046,21
time,35,44,325,0,0,19042.6212379,False,8324.55397645,68.7497243046,21
time,36,13,48,0,0,6945.24426984,False,8324.55397645,68.7497243046,21
time,37,32,184,0,0,13657.5950284,False,8324.55397645,68.7497243046,21
time,38,26,159,0,0,11425.6208997,False,8324.55397645,68.7497243046,21
time,39,39,229,0,0,15828.6345842,False,8324.55397645,68.7497243046,21
time,40,31,174,0,0,14982.8738929,False,8324.55397645,68.7497243046,21
time,41,26,171,0,0,12769.438398,False,8324.55397645,68.7497243046,21
time,42,43,303,0,0,16884.2893936,False,8324.55397645,68.7497243046,21
time,43,41,254,0,0,16974.5269105,False,8324.55397645,68.7497243046,21
time,44,33,184,0,0,11536.6459458,False,8324.55397645,68.7497243046,21
time,45,28,160,0,0,13203.9365556,False,8324.55397645,68.7497243046,21
time,46,42,303,0,0,17811.9950123,False,8324.55397645,68.7497243046,21
time,47,42,282,0,0,16984.1694217,False,8324.55397645,68.7497243046,21
time,48,15,87,0,0,6194.05989527,False,8324.55397645,68.7497243046,21
time,49,27,145,0,0,10043.3247475,False,8324.55397645,68.7497243046,21
time,50,31,216,0,0,12886.615314,False,8324.55397645,68.7497243046,21
time,51,48,384,0,0,18791.6822415,False,8324.55397645,68.7497243046,21
time,52,38,283,0,0,15823.1331152,False,8324.55397645,68.7497243046,21
time,53,40,225,0,0,17940.2698483,False,8324.55397645,68.7497243046,21
time,54,31,317,0,0,13983.6259787,False,8324.55397645,68.7497243046,21
time,55,34,204,0,0,15841.9681055,False,8324.55397645,68.7497243046,21
time,56,39,407,0,0,16416.0174902,False,8324.55397645,68.7497243046,21
time,57,22,117,0,0,9593.91327294,False,8324.55397645,68.7497243046,21
time,58,28,181,0,0,12269.8810371,False,8324.55397645,68.7497243046,21
time,59,34,195,0,0,13299.2631492,False,8324.55397645,68.7497243046,21
time,60,28,166,0,0,10547.3408947,False,8324.55397645,68.7497243046,21
time,61,9,25,0,0,6492.18545728,False,8324.55397645,68.7497243046,21
time,62,41,329,0,0,17484.4375162,False,8324.55397645,68.7497243046,21
time,63,37,281,0,0,15884.389445,False,8324.55397645,68.7497243046,21
time,64,9,24,0,0,5119.73327745,False,8324.55397645,68.7497243046,21
time,65,25,163,0,0,10682.2374378,False,8324.55397645,68.7497243046,21
time,66,14,58,0,0,7113.47715968,False,8324.55397645,68.7497243046,21
time,67,39,293,0,0,16401.6218547,False,8324.55397645,68.7497243046,21
time,68,35,282,0,0,16047.2908042,False,8324.55397645,68.7497243046,21
time,69,20,113,0,0,8556.25760282,False,8324.55397645,68.7497243046,21
time,70,42,287,0,0,16747.0191359,False,8324.55397645,68.7497243046,21
time,71,22,94,0,0,10752.8776411,False,8324.55397645,68.7497243046,21
time,72,28,125,0,0,10664.0493067,False,8324.55397645,68.7497243046,21
time,73,13,59,0,0,6944.39360332,False,8324.55397645,68.7497243046,21
time,74,47,399,0,0,19649.4698795,False,8324.55397645,68.7497243046,21
time,75,15,74,0,0,6560.37156728,False,8324.55397645,68.7497243046,21
time,76,33,185,0,0,13539.6824406,False,8324.55397645,68.7497243046,21
time,77,44,312,0,0,18805.8605254,False,8324.55397645,68.7497243046,21
time,78,16,62,0,0,7145.74857254,False,8324.55397645,68.7497243046,21
time,79,12,63,0,0,5669.73019101,False,8324.55397645,68.7497243046,21
time,80,33,197,0,0,14419.7097266,False,8324.55397645,68.7497243046,21
time,81,19,101,0,0,9523.15329507,False,8324.55397645,68.7497243046,21
time,82,29,183,0,0,12697.5558043,False,8324.55397645,68.7497243046,21
time,83,10,29,0,0,6187.49559857,False,8324.55397645,68.7497243046,21
time,84,33,214,0,0,13512.5292609,False,8324.55397645,68.7497243046,21
time,85,34,185,0,0,14200.8662617,False,8324.55397645,68.7497243046,21
time,86,27,146,0,0,11978.0113947,False,8324.55397645,68.7497243046,21
time,87,18,85,0,0,8968.31120291,False,8324.55397645,68.7497243046,21
time,88,23,99,0,0,10531.9677735,False,8324.55397645,68.7497243046,21
time,89,8,20,0,0,5357.5407641,False,8324.55397645,68.7497243046,21
time,90,47,291,0,0,19524.6511496,False,8324.55397645,68.7497243046,21
time,91,31,218,0,0,14338.1141279,False,8324.55397645,68.7497243046,21
time,92,17,96,0,0,7889.75978404,False,8324.55397645,68.7497243046,21
time,93,50,512,0,0,19720.9494124,False,8324.55397645,68.7497243046,21
time,94,39,318,0,0,15475.0982326,False,8324.55397645,68.7497243046,21
time,95,40,335,0,0,16057.9234826,False,8324.55397645,68.7497243046,21
time,96,39,302,0,0,16655.7170053,False,8324.55397645,68.7497243046,21
time,97,30,236,0,0,13602.3169038,False,8324.55397645,68.7497243046,21
time,98,35,306,0,0,15262.9831874,False,8324.55397645,68.7497243046,21
time,99,42,358,0,0,17389.2245676,False,8324.55397645,68.7497243046,21
time,100,14,68,0,0,6871.64687928,False,8324.55397645,68.7497243046,21
time,101,30,240,0,0,13146.319701,False,8324.55397645,68.7497243046,21
time,102,28,154,0,0,13130.7722252,False,8324.55397645,68.7497243046,21
time,103,38,353,0,0,16740.1676424,False,8324.55397645,68.7497243046,21
time,104,14,55,0,0,6734.68857086,False,8324.55397645,68.7497243046,21
time,105,46,354,0,0,20267.2534883,False,8324.55397645,68.7497243046,21
time,106,36,241,0,0,16170.3430475,False,8324.55397645,68.7497243046,21
time,107,41,370,0,0,17318.4229841,False,8324.55397645,68.7497243046,21
time,108,37,270,0,0,17287.4426041,False,8324.55397645,68.7497243046,21
time,109,23,124,0,0,9811.65065365,False,8324.55397645,68.7497243046,21
time,110,34,264,0,0,15692.2203496,False,8324.55397645,68.7497243046,21
time,111,14,66,0,0,6711.85029238,False,8324.55397645,68.7497243046,21
time,112,34,212,0,0,14434.3402824,False,8324.55397645,68.7497243046,21
time,113,23,109,0,0,10265.78489,False,8324.55397645,68.7497243046,21
time,114,49,385,0,0,19473.7611144,False,8324.55397645,68.7497243046,21
time,115,34,283,0,0,14098.2009341,False,8324.55397645,68.7497243046,21
time,116,48,464,0,0,19802.8664753,False,8324.55397645,68.7497243046,21
time,117,31,241,0,0,12355.317885,False,8324.55397645,68.7497243046,21
time,118,26,173,0,0,12342.4482144,False,8324.55397645,68.7497243046,21
time,119,26,125,0,0,11398.3370718,False,8324.55397645,68.7497243046,21
time,120,20,114,0,0,10850.6187568,False,8324.55397645,68.7497243046,21
time,121,35,243,0,0,16155.7332614,False,8324.55397645,68.7497243046,21
time,122,50,400,0,0,19828.2406573,False,8324.55397645,68.7497243046,21
time,123,36,262,0,0,14768.7042536,False,8324.55397645,68.7497243046,21
time,124,25,139,0,0,10627.1853368,False,8324.55397645,68.7497243046,21
time,125,24,167,0,0,11602.097398,False,8324.55397645,68.7497243046,21
time,126,13,62,0,0,7940.4675531,False,8324.55397645,68.7497243046,21
time,127,24,144,0,0,11427.9105739,False,8324.55397645,68.7497243046,21
time,128,12,53,0,0,6375.67670469,False,8324.55397645,68.7497243046,21
time,129,10,34,0,0,6570.46635002,False,8324.55397645,68.7497243046,21
time,130,17,84,0,0,9010.58094277,False,8324.55397645,68.7497243046,21
time,131,33,266,0,0,15237.7443203,False,8324.55397645,68.7497243046,21
time,132,32,293,0,0,13736.6387475,False,8324.55397645,68.7497243046,21
time,133,21,107,0,0,9375.91377142,False,8324.55397645,68.7497243046,21
time,134,44,414,0,0,18411.473185,False,8324.55397645,68.7497243046,21
time,135,19,94,0,0,9182.27907728,False,8324.55397645,68.7497243046,21
time,136,31,158,0,0,13671.9505633,False,8324.55397645,68.7497243046,21
time,137,35,240,0,0,14342.4668712,False,8324.55397645,68.7497243046,21
time,138,9,28,0,0,5002.89506183,False,8324.55397645,68.7497243046,21
time,139,22,120,0,0,9554.47877653,False,8324.55397645,68.7497243046,21
time,140,18,80,0,0,7057.58860572,False,8324.55397645,68.7497243046,21
time,141,10,37,0,0,6069.5350381,False,8324.55397645,68.7497243046,21
time,142,38,205,0,0,15074.0265347,False,8324.55397645,68.7497243046,21
time,143,33,196,0,0,13064.3872727,False,8324.55397645,68.7497243046,21
time,144,33,301,0,0,14849.7283562,False,8324.55397645,68.7497243046,21
time,145,18,77,0,0,9267.3865169,False,8324.55397645,68.7497243046,21
time,146,39,393,0,0,16822.1254887,False,8324.55397645,68.7497243046,21
time,147,37,266,0,0,14716.7956641,False,8324.55397645,68.7497243046,21
time,148,29,147,0,0,14530.1918258,False,8324.55397645,68.7497243046,21
time,149,13,37,0,0,6946.46307614,False,8324.55397645,68.7497243046,21
time,150,32,230,0,0,13975.632657,False,8324.55397645,68.7497243046,21
time,151,28,150,0,0,11471.2933732,False,8324.55397645,68.7497243046,21
time,152,40,283,0,0,17055.9175561,False,8324.55397645,68.7497243046,21
time,153,24,143,0,0,9632.87774687,False,8324.55397645,68.7497243046,21
time,154,16,82,0,0,7540.54833103,False,8324.55397645,68.7497243046,21
time,155,42,245,0,0,19263.6940046,False,8324.55397645,68.7497243046,21
time,156,14,58,0,0,6407.49849503,False,8324.55397645,68.7497243046,21
time,157,32,188,0,0,14036.4536053,False,8324.55397645,68.7497243046,21
time,158,13,48,0,0,7038.83901477,False,8324.55397645,68.7497243046,21
time,159,40,240,0,0,17566.1763221,False,8324.55397645,68.7497243046,21
time,160,51,438,0,0,20750.5616702,False,8324.55397645,68.7497243046,21
time,161,38,258,0,0,17365.1343905,False,8324.55397645,68.7497243046,21
time,162,22,105,0,0,10634.0183526,False,8324.55397645,68.7497243046,21
time,163,44,379,0,0,17859.0092848,False,8324.55397645,68.7497243046,21
time,164,34,185,0,0,15868.5195547,False,8324.55397645,68.7497243046,21
time,165,47,390,0,0,19819.933883,False,8324.55397645,68.7497243046,21
time,166,28,182,0,0,11722.0771801,False,8324.55397645,68.7497243046,21
time,167,31,168,0,0,13341.7293692,False,8324.55397645,68.7497243046,21
time,168,18,82,0,0,7471.95893615,False,8324.55397645,68.7497243046,21
time,169,21,115,0,0,9152.44887226,False,8324.55397645,68.7497243046,21
time,170,21,105,0,0,8804.18423428,False,8324.55397645,68.7497243046,21
time,171,20,137,0,0,8901.49856718,False,8324.55397645,68.7497243046,21
time,172,44,514,0,0,19536.9617961,False,8324.55397645,68.7497243046,21
time,173,35,245,0,0,14469.9841776,False,8324.55397645,68.7497243046,21
time,174,16,62,0,0,7019.24309887,False,8324.55397645,68.7497243046,21
time,175,22,125,0,0,9404.38827507,False,8324.55397645,68.7497243046,21
time,176,32,281,0,0,14521.6020147,False,8324.55397645,68.7497243046,21
time,177,14,52,0,0,6758.23438269,False,8324.55397645,68.7497243046,21
time,178,18,93,0,0,9040.51110742,False,8324.55397645,68.7497243046,21
time,179,36,306,0,0,15430.3930095,False,8324.55397645,68.7497243046,21
time,180,35,226,0,0,16224.2036699,False,8324.55397645,68.7497243046,21
time,181,46,325,0,0,19508.4420039,False,8324.55397645,68.7497243046,21
time,182,26,157,0,0,12081.9982273,False,8324.55397645,68.7497243046,21
time,183,27,245,0,0,11415.6336068,False,8324.55397645,68.7497243046,21
time,184,32,214,0,0,14445.4726547,False,8324.55397645,68.7497243046,21
time,185,15,58,0,0,6527.66266545,False,8324.55397645,68.7497243046,21
time,186,30,204,0,0,11851.8178102,False,8324.55397645,68.7497243046,21
time,187,16,67,0,0,7584.95805619,False,8324.55397645,68.7497243046,21
time,188,31,211,0,0,15324.1007136,False,8324.55397645,68.7497243046,21
time,189,17,67,0,0,7377.44606355,False,8324.55397645,68.7497243046,21
time,190,27,140,0,0,10572.0164453,False,8324.55397645,68.7497243046,21
time,191,39,339,0,0,15894.3162084,False,8324.55397645,68.7497243046,21
time,192,35,207,0,0,14629.7760521,False,8324.55397645,68.7497243046,21
time,193,48,386,0,0,19480.2045321,False,8324.55397645,68.7497243046,21
time,194,48,382,0,0,20365.3438478,False,8324.55397645,68.7497243046,21
time,195,31,226,0,0,12824.5661973,False,8324.55397645,68.7497243046,21
time,196,26,125,0,0,10862.4319332,False,8324.55397645,68.7497243046,21
time,197,46,326,0,0,18469.9219415,False,8324.55397645,68.7497243046,21
time,198,49,483,0,0,19354.1545736,False,8324.55397645,68.7497243046,21
time,199,30,182,0,0,14361.119782,False,8324.55397645,68.7497243046,21
time,200,17,77,0,0,8811.76694507,False,8324.55397645,68.7497243046,21
time,201,29,161,0,0,12138.0886063,False,8324.55397645,68.7497243046,21
time,202,29,205,0,0,12304.9947743,False,8324.55397645,68.7497243046,21
time,203,13,51,0,0,6523.3415285,False,8324.55397645,68.7497243046,21
time,204,21,103,0,0,8803.67931727,False,8324.55397645,68.7497243046,21
time,205,15,57,0,0,6772.13161964,False,8324.55397645,68.7497243046,21
time,206,26,153,0,0,10378.2525653,False,8324.55397645,68.7497243046,21
time,207,48,383,0,0,19039.6986671,False,8324.55397645,68.7497243046,21
time,208,28,135,0,0,13645.8143236,False,8324.55397645,68.7497243046,21
time,209,23,150,0,0,10636.3779388,False,8324.55397645,68.7497243046,21
time,210,32,189,0,0,12416.7822656,False,8324.55397645,68.7497243046,21
time,211,39,295,0,0,16981.1730385,False,8324.55397645,68.7497243046,21
time,212,33,179,0,0,12680.6694871,False,8324.55397645,68.7497243046,21
time,213,14,64,0,0,7159.1596425,False,8324.55397645,68.7497243046,21
time,214,22,93,0,0,9326.90626832,False,8324.55397645,68.7497243046,21
time,215,32,283,0,0,13363.8607967,False,8324.55397645,68.7497243046,21
time,216,28,218,0,0,12534.2467214,False,8324.55397645,68.7497243046,21
time,217,31,244,0,0,13272.5230451,False,8324.55397645,68.7497243046,21
time,218,14,70,0,0,6621.94775501,False,8324.55397645,68.7497243046,21
time,219,31,148,0,0,14049.5709741,False,8324.55397645,68.7497243046,21
time,220,47,367,0,0,19528.6915585,False,8324.55397645,68.7497243046,21
time,221,39,351,0,0,16614.9398537,False,8324.55397645,68.7497243046,21
time,222,35,283,0,0,14376.2648325,False,8324.55397645,68.7497243046,21
time,223,28,213,0,0,12154.7983267,False,8324.55397645,68.7497243046,21
time,224,28,133,0,0,12602.3488553,False,8324.55397645,68.7497243046,21
time,225,15,56,0,0,7336.4388534,False,8324.55397645,68.7497243046,21
time,226,37,376,0,0,13946.9166591,False,8324.55397645,68.7497243046,21
time,227,19,143,0,0,9482.88977774,False,8324.55397645,68.7497243046,21
time,228,15,63,0,0,6624.18762779,False,8324.55397645,68.7497243046,21
time,229,26,174,0,0,12173.9107206,False,8324.55397645,68.7497243046,21
time,230,47,361,0,0,18567.8230215,False,8324.55397645,68.7497243046,21
time,231,44,314,0,0,18807.5869653,False,8324.55397645,68.7497243046,21
time,232,39,269,0,0,16131.0579452,False,8324.55397645,68.7497243046,21
time,233,17,132,0,0,8639.86904462,False,8324.55397645,68.7497243046,21
time,234,48,491,0,0,19378.0779067,False,8324.55397645,68.7497243046,21
time,235,42,392,0,0,18370.5238077,False,8324.55397645,68.7497243046,21
time,236,28,147,0,0,11494.2858366,False,8324.55397645,68.7497243046,21
time,237,54,486,0,0,21667.7281397,False,8324.55397645,68.7497243046,21
time,238,42,350,0,0,17365.5516463,False,8324.55397645,68.7497243046,21
time,239,33,216,0,0,15752.5785768,False,8324.55397645,68.7497243046,21
time,240,41,220,0,0,17002.4475014,False,8324.55397645,68.7497243046,21
time,241,31,257,0,0,15716.2598614,False,8324.55397645,68.7497243046,21
time,242,25,130,0,0,13264.3539574,False,8324.55397645,68.7497243046,21
time,243,44,334,0,0,17731.1763986,False,8324.55397645,68.7497243046,21
time,244,37,270,0,0,15938.5931406,False,8324.55397645,68.7497243046,21
time,245,43,449,0,0,19214.8841548,False,8324.55397645,68.7497243046,21
time,246,36,192,0,0,15331.6734798,False,8324.55397645,68.7497243046,21
time,247,42,318,0,0,18055.9625447,False,8324.55397645,68.7497243046,21
time,248,38,228,0,0,14043.6576781,False,8324.55397645,68.7497243046,21
time,249,20,86,0,0,10531.1235954,False,8324.55397645,68.7497243046,21
time,250,41,355,0,0,16150.1085982,False,8324.55397645,68.7497243046,21
time,251,21,123,0,0,10336.6913294,False,8324.55397645,68.7497243046,21
time,252,35,228,0,0,14748.9787699,False,8324.55397645,68.7497243046,21
time,253,44,357,0,0,19509.8948393,False,8324.55397645,68.7497243046,21
time,254,47,338,0,0,20160.5650282,False,8324.55397645,68.7497243046,21
time,255,21,135,0,0,8942.65119207,False,8324.55397645,68.7497243046,21
time,256,12,87,0,0,5664.06394386,False,8324.55397645,68.7497243046,21
time,257,18,79,0,0,9454.73585949,False,8324.55397645,68.7497243046,21
time,258,20,122,0,0,9496.1276894,False,8324.55397645,68.7497243046,21
time,259,31,223,0,0,13686.5024688,False,8324.55397645,68.7497243046,21
time,260,35,191,0,0,12484.3822639,False,8324.55397645,68.7497243046,21
time,261,37,299,0,0,15761.8640948,False,8324.55397645,68.7497243046,21
time,262,17,71,0,0,8632.52388053,False,8324.55397645,68.7497243046,21
time,263,18,82,0,0,9224.63545,False,8324.55397645,68.7497243046,21
time,264,46,297,0,0,19225.4315624,False,8324.55397645,68.7497243046,21
time,265,22,172,0,0,10632.0410927,False,8324.55397645,68.7497243046,21
time,266,38,221,0,0,16636.9621893,False,8324.55397645,68.7497243046,21
time,267,26,159,0,0,11760.6944282,False,8324.55397645,68.7497243046,21
time,268,43,311,0,0,19036.3456051,False,8324.55397645,68.7497243046,21
time,269,48,554,0,0,19599.0547244,False,8324.55397645,68.7497243046,21
time,270,11,45,0,0,6629.30430136,False,8324.55397645,68.7497243046,21
time,271,53,514,0,0,20727.499435,False,8324.55397645,68.7497243046,21
time,272,50,331,0,0,20888.8988497,False,8324.55397645,68.7497243046,21
time,273,42,307,0,0,18557.0011964,False,8324.55397645,68.7497243046,21
time,274,44,406,0,0,19343.7402963,False,8324.55397645,68.7497243046,21
time,275,26,196,0,0,12651.6870814,False,8324.55397645,68.7497243046,21
time,276,20,128,0,0,7373.19790434,False,8324.55397645,68.7497243046,21
time,277,18,68,0,0,9070.73434228,False,8324.55397645,68.7497243046,21
time,278,19,84,0,0,9257.29003388,False,8324.55397645,68.7497243046,21
time,279,31,344,0,0,14971.8345974,False,8324.55397645,68.7497243046,21
time,280,46,412,0,0,18335.1451391,False,8324.55397645,68.7497243046,21
time,281,34,216,0,0,13612.8596261,False,8324.55397645,68.7497243046,21
time,282,31,266,0,0,13309.1593203,False,8324.55397645,68.7497243046,21
time,283,22,90,0,0,10776.5644641,False,8324.55397645,68.7497243046,21
time,284,36,292,0,0,16691.8264468,False,8324.55397645,68.7497243046,21
time,285,15,54,0,0,7582.53906186,False,8324.55397645,68.7497243046,21
time,286,46,345,0,0,18134.2207379,False,8324.55397645,68.7497243046,21
time,287,17,65,0,0,8347.16677033,False,8324.55397645,68.7497243046,21
time,288,17,77,0,0,7983.7563816,False,8324.55397645,68.7497243046,21
time,289,21,179,0,0,9231.76024662,False,8324.55397645,68.7497243046,21
time,290,16,61,0,0,7712.7211102,False,8324.55397645,68.7497243046,21
time,291,22,149,0,0,9446.50028639,False,8324.55397645,68.7497243046,21
time,292,47,390,0,0,19555.5548202,False,8324.55397645,68.7497243046,21
time,293,42,299,0,0,18219.7952801,False,8324.55397645,68.7497243046,21
time,294,42,320,0,0,18657.6584504,False,8324.55397645,68.7497243046,21
time,295,46,391,0,0,19040.6530863,False,8324.55397645,68.7497243046,21
time,296,33,191,0,0,15317.7344608,False,8324.55397645,68.7497243046,21
time,297,24,119,0,0,11098.4129842,False,8324.55397645,68.7497243046,21
time,298,13,63,0,0,6685.0310102,False,8324.55397645,68.7497243046,21
time,299,37,303,0,0,15950.7321652,False,8324.55397645,68.7497243046,21
time,300,31,160,0,0,15539.1087773,False,8324.55397645,68.7497243046,21
time,301,28,163,0,0,10538.7312533,False,8324.55397645,68.7497243046,21
time,302,13,80,0,0,6476.22559886,False,8324.55397645,68.7497243046,21
time,303,28,162,0,0,12629.8342943,False,8324.55397645,68.7497243046,21
time,304,48,353,0,0,19210.1218669,False,8324.55397645,68.7497243046,21
time,305,19,102,0,0,7908.25020213,False,8324.55397645,68.7497243046,21
time,306,43,361,0,0,17503.2788821,False,8324.55397645,68.7497243046,21
time,307,28,205,0,0,12852.2640959,False,8324.55397645,68.7497243046,21
time,308,17,93,0,0,7652.35351548,False,8324.55397645,68.7497243046,21
time,309,31,201,0,0,14343.0878957,False,8324.55397645,68.7497243046,21
time,310,36,288,0,0,15067.5345183,False,8324.55397645,68.7497243046,21
time,311,27,189,0,0,12524.5997849,False,8324.55397645,68.7497243046,21
time,312,45,323,0,0,17896.6496212,False,8324.55397645,68.7497243046,21
time,313,48,321,0,0,20867.3333603,False,8324.55397645,68.7497243046,21
time,314,12,71,0,0,5842.05569406,False,8324.55397645,68.7497243046,21
time,315,45,360,0,0,18246.7337821,False,8324.55397645,68.7497243046,21
time,316,35,265,0,0,14291.6816489,False,8324.55397645,68.7497243046,21
time,317,13,49,0,0,6498.57899549,False,8324.55397645,68.7497243046,21
time,318,9,31,0,0,4802.68726532,False,8324.55397645,68.7497243046,21
time,319,42,335,0,0,18678.445427,False,8324.55397645,68.7497243046,21
time,320,18,82,0,0,7577.07996351,False,8324.55397645,68.7497243046,21
time,321,29,220,0,0,12576.8943674,False,8324.55397645,68.7497243046,21
time,322,47,479,0,0,19041.7144291,False,8324.55397645,68.7497243046,21
time,323,39,228,0,0,16790.3791105,False,8324.55397645,68.7497243046,21
time,324,36,289,0,0,15728.5055776,False,8324.55397645,68.7497243046,21
time,325,19,81,0,0,8263.97076526,False,8324.55397645,68.7497243046,21
time,326,28,197,0,0,12710.5243091,False,8324.55397645,68.7497243046,21
time,327,49,320,0,0,19992.1438206,False,8324.55397645,68.7497243046,21
time,328,26,151,0,0,11914.9441975,False,8324.55397645,68.7497243046,21
time,329,40,291,0,0,17335.9089774,False,8324.55397645,68.7497243046,21
time,330,19,75,0,0,10292.8160705,False,8324.55397645,68.7497243046,21
time,331,43,336,0,0,17775.4558779,False,8324.55397645,68.7497243046,21
time,332,26,133,0,0,10212.2639108,False,8324.55397645,68.7497243046,21
time,333,9,31,0,0,4526.51220185,False,8324.55397645,68.7497243046,21
time,334,9,24,0,0,5119.16023106,False,8324.55397645,68.7497243046,21
time,335,27,145,0,0,12714.6816744,False,8324.55397645,68.7497243046,21
time,336,39,323,0,0,15876.8614908,False,8324.55397645,68.7497243046,21
time,337,26,138,0,0,12762.6539325,False,8324.55397645,68.7497243046,21
time,338,30,178,0,0,12053.0769117,False,8324.55397645,68.7497243046,21
time,339,54,431,0,0,21816.6516152,False,8324.55397645,68.7497243046,21
time,340,53,496,0,0,21387.9792697,False,8324.55397645,68.7497243046,21
time,341,30,171,0,0,13702.7635023,False,8324.55397645,68.7497243046,21
time,342,47,393,0,0,19013.1147341,False,8324.55397645,68.7497243046,21
time,343,31,271,0,0,13764.869934,False,8324.55397645,68.7497243046,21
time,344,44,464,0,0,17980.8904418,False,8324.55397645,68.7497243046,21
time,345,37,298,0,0,15873.7129549,False,8324.55397645,68.7497243046,21
time,346,48,514,0,0,19880.8039951,False,8324.55397645,68.7497243046,21
time,347,35,287,0,0,15252.6955516,False,8324.55397645,68.7497243046,21
time,348,42,332,0,0,18232.6179371,False,8324.55397645,68.7497243046,21
time,349,34,238,0,0,14830.5374785,False,8324.55397645,68.7497243046,21
time,350,13,59,0,0,6944.07497621,False,8324.55397645,68.7497243046,21
time,351,17,75,0,0,7711.59527191,False,8324.55397645,68.7497243046,21
time,352,39,323,0,0,16648.4412942,False,8324.55397645,68.7497243046,21
time,353,14,80,0,0,6254.85726717,False,8324.55397645,68.7497243046,21
time,354,23,164,0,0,8549.82833493,False,8324.55397645,68.7497243046,21
time,355,34,282,0,0,14846.0012614,False,8324.55397645,68.7497243046,21
time,356,33,277,0,0,13403.9388244,False,8324.55397645,68.7497243046,21
time,357,17,75,0,0,8436.34043393,False,8324.55397645,68.7497243046,21
time,358,31,201,0,0,13770.1170135,False,8324.55397645,68.7497243046,21
time,359,42,257,0,0,17595.7302474,False,8324.55397645,68.7497243046,21
time,360,28,181,0,0,13528.9864075,False,8324.55397645,68.7497243046,21
time,361,24,132,0,0,11267.3112534,False,8324.55397645,68.7497243046,21
time,362,41,279,0,0,15789.5963307,False,8324.55397645,68.7497243046,21
time,363,52,407,0,0,20751.4496821,False,8324.55397645,68.7497243046,21
time,364,25,125,0,0,10978.3885654,False,8324.55397645,68.7497243046,21
time,365,44,442,0,0,17760.3056439,False,8324.55397645,68.7497243046,21
time,366,51,439,0,0,21385.1360983,False,8324.55397645,68.7497243046,21
time,367,23,105,0,0,11515.4626323,False,8324.55397645,68.7497243046,21
time,368,15,117,0,0,6503.29795346,False,8324.55397645,68.7497243046,21
time,369,37,217,0,0,16722.2030252,False,8324.55397645,68.7497243046,21
time,370,20,105,0,0,10323.5362676,False,8324.55397645,68.7497243046,21
time,371,38,322,0,0,16706.2464665,False,8324.55397645,68.7497243046,21
time,372,20,85,0,0,11005.3852526,False,8324.55397645,68.7497243046,21
time,373,23,117,0,0,11780.6138641,False,8324.55397645,68.7497243046,21
time,374,31,207,0,0,13090.4350807,False,8324.55397645,68.7497243046,21
time,375,28,223,0,0,11741.6156653,False,8324.55397645,68.7497243046,21
time,376,28,158,0,0,12282.9822416,False,8324.55397645,68.7497243046,21
time,377,30,235,0,0,12847.5646078,False,8324.55397645,68.7497243046,21
time,378,37,273,0,0,15731.060343,False,8324.55397645,68.7497243046,21
time,379,20,92,0,0,8656.60629664,False,8324.55397645,68.7497243046,21
time,380,21,118,0,0,10175.1133029,False,8324.55397645,68.7497243046,21
time,381,13,67,0,0,6757.86579471,False,8324.55397645,68.7497243046,21
time,382,18,91,0,0,8903.75375958,False,8324.55397645,68.7497243046,21
time,383,35,212,0,0,14632.5102334,False,8324.55397645,68.7497243046,21
time,384,19,99,0,0,7620.08114351,False,8324.55397645,68.7497243046,21
time,385,28,144,0,0,12154.7830938,False,8324.55397645,68.7497243046,21
time,386,52,522,0,0,20015.2782625,False,8324.55397645,68.7497243046,21
time,387,22,138,0,0,8951.78342378,False,8324.55397645,68.7497243046,21
time,388,27,132,0,0,10980.517204,False,8324.55397645,68.7497243046,21
time,389,16,63,0,0,7768.508511,False,8324.55397645,68.7497243046,21
time,390,19,105,0,0,9692.08847812,False,8324.55397645,68.7497243046,21
time,391,29,284,0,0,12945.138479,False,8324.55397645,68.7497243046,21
time,392,32,183,0,0,14183.3439275,False,8324.55397645,68.7497243046,21
time,393,24,156,0,0,11542.2001147,False,8324.55397645,68.7497243046,21
time,394,31,376,0,0,14362.4656759,False,8324.55397645,68.7497243046,21
time,395,36,250,0,0,16079.6302517,False,8324.55397645,68.7497243046,21
time,396,15,70,0,0,6930.58797898,False,8324.55397645,68.7497243046,21
time,397,35,228,0,0,14485.4209199,False,8324.55397645,68.7497243046,21
time,398,45,314,0,0,18209.8488626,False,8324.55397645,68.7497243046,21
time,399,31,232,0,0,13645.0619865,False,8324.55397645,68.7497243046,21
time,400,23,93,0,0,11540.038888,False,8324.55397645,68.7497243046,21
time,401,22,159,0,0,9913.90630538,False,8324.55397645,68.7497243046,21
time,402,15,79,0,0,8005.58325102,False,8324.55397645,68.7497243046,21
time,403,30,254,0,0,13919.6649708,False,8324.55397645,68.7497243046,21
time,404,40,288,0,0,18178.8892577,False,8324.55397645,68.7497243046,21
time,405,37,197,0,0,16334.0721385,False,8324.55397645,68.7497243046,21
time,406,46,308,0,0,19097.2136567,False,8324.55397645,68.7497243046,21
time,407,36,236,0,0,16720.2996069,False,8324.55397645,68.7497243046,21
time,408,28,159,0,0,12817.6361271,False,8324.55397645,68.7497243046,21
time,409,20,150,0,0,10679.3072999,False,8324.55397645,68.7497243046,21
time,410,35,191,0,0,14606.8876274,False,8324.55397645,68.7497243046,21
time,411,45,407,0,0,18944.3263799,False,8324.55397645,68.7497243046,21
time,412,47,323,0,0,17504.7217484,False,8324.55397645,68.7497243046,21
time,413,29,162,0,0,11788.7823499,False,8324.55397645,68.7497243046,21
time,414,22,116,0,0,11048.2915096,False,8324.55397645,68.7497243046,21
time,415,27,143,0,0,13076.0139116,False,8324.55397645,68.7497243046,21
time,416,8,21,0,0,6105.23045879,False,8324.55397645,68.7497243046,21
time,417,37,284,0,0,13487.1395447,False,8324.55397645,68.7497243046,21
time,418,38,242,0,0,16083.3975671,False,8324.55397645,68.7497243046,21
time,419,50,432,0,0,20962.2606489,False,8324.55397645,68.7497243046,21
time,420,44,359,0,0,18549.8588819,False,8324.55397645,68.7497243046,21
time,421,31,185,0,0,13850.7158214,False,8324.55397645,68.7497243046,21
time,422,8,23,0,0,5512.12646147,False,8324.55397645,68.7497243046,21
time,423,27,207,0,0,13054.263035,False,8324.55397645,68.7497243046,21
time,424,34,169,0,0,14505.2806483,False,8324.55397645,68.7497243046,21
time,425,34,234,0,0,13701.4305706,False,8324.55397645,68.7497243046,21
time,426,25,135,0,0,12751.8063983,False,8324.55397645,68.7497243046,21
time,427,31,172,0,0,13696.6597008,False,8324.55397645,68.7497243046,21
time,428,22,107,0,0,10190.1662606,False,8324.55397645,68.7497243046,21
time,429,19,83,0,0,7720.52652032,False,8324.55397645,68.7497243046,21
time,430,44,271,0,0,18556.6517441,False,8324.55397645,68.7497243046,21
time,431,30,149,0,0,12184.5959546,False,8324.55397645,68.7497243046,21
time,432,42,279,0,0.001266892321,19138.2785468,False,8324.55397645,68.7497243046,21
time,433,33,204,0,0,14629.1168675,False,8324.55397645,68.7497243046,21
time,434,33,250,0,0,15892.5074609,False,8324.55397645,68.7497243046,21
time,435,35,251,0,0,14919.427119,False,8324.55397645,68.7497243046,21
time,436,25,148,0,0,11182.2511763,False,8324.55397645,68.7497243046,21
time,437,29,154,0,0,11035.2948915,False,8324.55397645,68.7497243046,21
time,438,20,130,0,0,9335.08885029,False,8324.55397645,68.7497243046,21
time,439,36,236,0,0,14705.7771788,False,8324.55397645,68.7497243046,21
time,440,37,318,0,0,17666.1374528,False,8324.55397645,68.7497243046,21
time,441,31,211,0,0,13442.7738145,False,8324.55397645,68.7497243046,21
time,442,14,62,0,0,5815.22610144,False,8324.55397645,68.7497243046,21
time,443,39,320,0,0,17843.0155759,False,8324.55397645,68.7497243046,21
time,444,27,203,0,0,13510.7432425,False,8324.55397645,68.7497243046,21
time,445,17,79,0,0,6850.01216271,False,8324.55397645,68.7497243046,21
time,446,17,71,0,0,8530.41610451,False,8324.55397645,68.7497243046,21
time,447,14,58,0,0,8781.87713318,False,8324.55397645,68.7497243046,21
time,448,46,386,0,0,19711.3758801,False,8324.55397645,68.7497243046,21
time,449,17,78,0,0,9755.2807373,False,8324.55397645,68.7497243046,21
time,450,18,113,0,0,8169.12657786,False,8324.55397645,68.7497243046,21
time,451,38,370,0,0,15703.0713624,False,8324.55397645,68.7497243046,21
time,452,51,406,0,0,19145.7127407,False,8324.55397645,68.7497243046,21
time,453,25,115,0,0,10011.3685594,False,8324.55397645,68.7497243046,21
time,454,22,150,0,0,9400.10686358,False,8324.55397645,68.7497243046,21
time,455,40,239,0,0,17301.4855734,False,8324.55397645,68.7497243046,21
time,456,29,208,0,0,13778.7438898,False,8324.55397645,68.7497243046,21
time,457,31,206,0,0,11788.7839758,False,8324.55397645,68.7497243046,21
time,458,29,160,0,0,14173.8363499,False,8324.55397645,68.7497243046,21
time,459,44,399,0,0,19438.3286248,False,8324.55397645,68.7497243046,21
time,460,28,152,0,0,11821.7648811,False,8324.55397645,68.7497243046,21
time,461,36,248,0,0,15115.9338979,False,8324.55397645,68.7497243046,21
time,462,50,448,0,0,19993.0519032,False,8324.55397645,68.7497243046,21
time,463,14,67,0,0,6452.26008926,False,8324.55397645,68.7497243046,21
time,464,34,267,0,0,14143.7744267,False,8324.55397645,68.7497243046,21
time,465,8,23,0,0,4764.52033667,False,8324.55397645,68.7497243046,21
time,466,16,61,0,0,8181.10599151,False,8324.55397645,68.7497243046,21
time,467,21,127,0,0,9971.87639467,False,8324.55397645,68.7497243046,21
time,468,24,129,0,0,11244.9510392,False,8324.55397645,68.7497243046,21
time,469,34,263,0,0,15208.6363518,False,8324.55397645,68.7497243046,21
time,470,36,233,0,0,14967.7291442,False,8324.55397645,68.7497243046,21
time,471,50,467,0,0,20594.6899327,False,8324.55397645,68.7497243046,21
time,472,20,82,0,0,8602.15565043,False,8324.55397645,68.7497243046,21
time,473,44,316,0,0,18711.565262,False,8324.55397645,68.7497243046,21
time,474,45,390,0,0,17353.2850037,False,8324.55397645,68.7497243046,21
time,475,21,108,0,0,10241.8501545,False,8324.55397645,68.7497243046,21
time,476,24,138,0,0,10382.9085341,False,8324.55397645,68.7497243046,21
time,477,28,176,0,0,12604.5993912,False,8324.55397645,68.7497243046,21
time,478,60,467,0,0,24194.5443282,False,8324.55397645,68.7497243046,21
time,479,37,206,0,0,14309.4525788,False,8324.55397645,68.7497243046,21
time,480,19,117,0,0,7791.52631358,False,8324.55397645,68.7497243046,21
time,481,37,303,0,0,15977.2628005,False,8324.55397645,68.7497243046,21
time,482,45,302,0,0,18274.1473953,False,8324.55397645,68.7497243046,21
time,483,20,144,0,0,9491.92580759,False,8324.55397645,68.7497243046,21
time,484,47,320,0,0,19044.1446589,False,8324.55397645,68.7497243046,21
time,485,39,298,0,0,17259.6894585,False,8324.55397645,68.7497243046,21
time,486,33,201,0,0,14074.9922855,False,8324.55397645,68.7497243046,21
time,487,21,141,0,0,9670.45061238,False,8324.55397645,68.7497243046,21
time,488,22,112,0,0,9288.22586112,False,8324.55397645,68.7497243046,21
time,489,39,300,0,0,15714.3979575,False,8324.55397645,68.7497243046,21
time,490,22,139,0,0,9548.85420649,False,8324.55397645,68.7497243046,21
time,491,11,69,0,0,6040.59878217,False,8324.55397645,68.7497243046,21
time,492,21,198,0,0,9921.12368168,False,8324.55397645,68.7497243046,21
time,493,39,344,0,0,17072.2024518,False,8324.55397645,68.7497243046,21
time,494,26,122,0,0,11615.4151355,False,8324.55397645,68.7497243046,21
time,495,20,112,0,0,9376.82127302,False,8324.55397645,68.7497243046,21
time,496,16,68,0,0,8503.6320818,False,8324.55397645,68.7497243046,21
time,497,43,415,0,0,18795.2162554,False,8324.55397645,68.7497243046,21
time,498,38,284,0,0,15804.307836,False,8324.55397645,68.7497243046,21
time,499,37,271,0,0,16634.2668301,False,8324.55397645,68.7497243046,21
time,500,42,284,0,0,16473.8712021,False,8324.55397645,68.7497243046,21
time,501,35,249,0,0,14591.2436672,False,8324.55397645,68.7497243046,21
time,502,21,156,0,0,9403.59226254,False,8324.55397645,68.7497243046,21
time,503,18,97,0,0,10208.0100621,False,8324.55397645,68.7497243046,21
time,504,43,349,0,0,17687.531924,False,8324.55397645,68.7497243046,21
time,505,22,103,0,0,9880.70962401,False,8324.55397645,68.7497243046,21
time,506,26,248,0,0,12531.4191806,False,8324.55397645,68.7497243046,21
time,507,16,79,0,0,7216.16647101,False,8324.55397645,68.7497243046,21
time,508,39,232,0,0,16160.8516711,False,8324.55397645,68.7497243046,21
time,509,19,137,0,0,8633.82030954,False,8324.55397645,68.7497243046,21
time,510,47,400,0,0,19320.7125305,False,8324.55397645,68.7497243046,21
time,511,35,208,0,0,14167.9943614,False,8324.55397645,68.7497243046,21
time,512,18,102,0,0,6932.94791308,False,8324.55397645,68.7497243046,21
time,513,10,40,0,0,4355.79634317,False,8324.55397645,68.7497243046,21
time,514,21,99,0,0,8713.28407969,False,8324.55397645,68.7497243046,21
time,515,22,107,0,0,9152.97221624,False,8324.55397645,68.7497243046,21
time,516,25,163,0,0,12487.4252524,False,8324.55397645,68.7497243046,21
time,517,37,251,0,0,16361.0629441,False,8324.55397645,68.7497243046,21
time,518,24,113,0,0,10832.7759679,False,8324.55397645,68.7497243046,21
time,519,37,305,0,0,15379.4456218,False,8324.55397645,68.7497243046,21
time,520,39,267,0,0,16083.5281783,False,8324.55397645,68.7497243046,21
time,521,14,54,0,0,7393.65705084,False,8324.55397645,68.7497243046,21
time,522,17,85,0,0,9300.1990115,False,8324.55397645,68.7497243046,21
time,523,39,227,0,0,15978.818168,False,8324.55397645,68.7497243046,21
time,524,34,318,0,0,15755.5230476,False,8324.55397645,68.7497243046,21
time,525,38,217,0,0,14629.4822208,False,8324.55397645,68.7497243046,21
time,526,39,289,0,0,16516.422605,False,8324.55397645,68.7497243046,21
time,527,20,99,0,0,9145.43593105,False,8324.55397645,68.7497243046,21
time,528,44,382,0,0,19159.0276776,False,8324.55397645,68.7497243046,21
time,529,47,371,0,0,19999.7880203,False,8324.55397645,68.7497243046,21
time,530,39,228,0,0,16937.9656435,False,8324.55397645,68.7497243046,21
time,531,44,329,0,0,19387.4851109,False,8324.55397645,68.7497243046,21
time,532,46,338,0,0,19142.1379065,False,8324.55397645,68.7497243046,21
time,533,49,456,0,0,20446.706672,False,8324.55397645,68.7497243046,21
time,534,37,242,0,0,14371.7345512,False,8324.55397645,68.7497243046,21
time,535,44,458,0,0,18309.0256836,False,8324.55397645,68.7497243046,21
time,536,29,157,0,0,13672.4956667,False,8324.55397645,68.7497243046,21
time,537,31,235,0,0,14624.7355515,False,8324.55397645,68.7497243046,21
time,538,39,265,0,0,15652.0278498,False,8324.55397645,68.7497243046,21
time,539,15,68,0,0,6711.81709439,False,8324.55397645,68.7497243046,21
time,540,10,62,0,0,4881.4965908,False,8324.55397645,68.7497243046,21
time,541,15,76,0,0,5653.1360666,False,8324.55397645,68.7497243046,21
time,542,23,128,0,0,9672.65074541,False,8324.55397645,68.7497243046,21
time,543,18,93,0,0,9445.996396,False,8324.55397645,68.7497243046,21
time,544,15,88,0,0,6520.07367391,False,8324.55397645,68.7497243046,21
time,545,36,252,0,0,16837.1964196,False,8324.55397645,68.7497243046,21
time,546,25,153,0,0,9792.45661923,False,8324.55397645,68.7497243046,21
time,547,23,103,0,0,9236.13878613,False,8324.55397645,68.7497243046,21
time,548,36,178,0,0,15618.7940145,False,8324.55397645,68.7497243046,21
time,549,21,115,0,0,8617.01214814,False,8324.55397645,68.7497243046,21
time,550,33,267,0,0,14432.9086956,False,8324.55397645,68.7497243046,21
time,551,32,264,0,0,13882.4570206,False,8324.55397645,68.7497243046,21
time,552,21,94,0,0,9003.86716681,False,8324.55397645,68.7497243046,21
time,553,25,158,0,0,10581.9755796,False,8324.55397645,68.7497243046,21
time,554,29,287,0,0,13573.9739994,False,8324.55397645,68.7497243046,21
time,555,27,151,0,0,12190.2978717,False,8324.55397645,68.7497243046,21
time,556,29,159,0,0,13159.3069502,False,8324.55397645,68.7497243046,21
time,557,18,94,0,0,8284.44818614,False,8324.55397645,68.7497243046,21
time,558,21,115,0,0,8434.49923424,False,8324.55397645,68.7497243046,21
time,559,25,136,0,0,12196.8062186,False,8324.55397645,68.7497243046,21
time,560,33,219,0,0,13918.4597153,False,8324.55397645,68.7497243046,21
time,561,42,319,0,0,17546.4005494,False,8324.55397645,68.7497243046,21
time,562,14,66,0,0,7111.55503889,False,8324.55397645,68.7497243046,21
time,563,24,114,0,0,9158.69852542,False,8324.55397645,68.7497243046,21
time,564,33,223,0,0,14418.3371831,False,8324.55397645,68.7497243046,21
time,565,12,53,0,0,7087.87465469,False,8324.55397645,68.7497243046,21
time,566,13,57,0,0,8130.89189935,False,8324.55397645,68.7497243046,21
time,567,40,295,0,0,17330.4080385,False,8324.55397645,68.7497243046,21
time,568,18,80,0,0,7674.34811912,False,8324.55397645,68.7497243046,21
time,569,21,114,0,0,9108.25502216,False,8324.55397645,68.7497243046,21
time,570,30,331,0,0,14594.8308008,False,8324.55397645,68.7497243046,21
time,571,31,199,0,0,13977.448355,False,8324.55397645,68.7497243046,21
time,572,42,399,0,0,17290.9525956,False,8324.55397645,68.7497243046,21
time,573,38,284,0,0,16691.4124506,False,8324.55397645,68.7497243046,21
time,574,33,208,0,0,15501.3821204,False,8324.55397645,68.7497243046,21
time,575,29,201,0,0,11650.0969882,False,8324.55397645,68.7497243046,21
time,576,26,139,0,0,11655.1103266,False,8324.55397645,68.7497243046,21
time,577,11,47,0,0,6836.47962678,False,8324.55397645,68.7497243046,21
time,578,19,120,0,0,8595.32795927,False,8324.55397645,68.7497243046,21
time,579,42,284,0,0,18065.1283219,False,8324.55397645,68.7497243046,21
time,580,48,378,0,0,20822.873928,False,8324.55397645,68.7497243046,21
time,581,17,81,0,0,8482.84291179,False,8324.55397645,68.7497243046,21
time,582,28,178,0,0,13228.145774,False,8324.55397645,68.7497243046,21
time,583,36,231,0,0,14922.6400116,False,8324.55397645,68.7497243046,21
time,584,19,97,0,0,7619.36356191,False,8324.55397645,68.7497243046,21
time,585,30,228,0,0,12286.3145421,False,8324.55397645,68.7497243046,21
time,586,20,98,0,0,9539.75174591,False,8324.55397645,68.7497243046,21
time,587,9,58,0,0,3659.6794263,False,8324.55397645,68.7497243046,21
time,588,50,398,0,0,20534.7111416,False,8324.55397645,68.7497243046,21
time,589,54,458,0,0,22250.3791534,False,8324.55397645,68.7497243046,21
time,590,24,118,0,0,10917.6350009,False,8324.55397645,68.7497243046,21
time,591,26,149,0,0,10082.5601009,False,8324.55397645,68.7497243046,21
time,592,49,447,0,0,19275.6060401,False,8324.55397645,68.7497243046,21
time,593,30,164,0,0,13322.7038587,False,8324.55397645,68.7497243046,21
time,594,22,92,0,0,9584.02690216,False,8324.55397645,68.7497243046,21
time,595,10,30,0,0,5314.27861946,False,8324.55397645,68.7497243046,21
time,596,31,159,0,0,12975.2816789,False,8324.55397645,68.7497243046,21
time,597,42,436,0,0,17363.1063369,False,8324.55397645,68.7497243046,21
time,598,41,280,0,0,18048.4441219,False,8324.55397645,68.7497243046,21
time,599,9,28,0,0,4527.2615518,False,8324.55397645,68.7497243046,21
time,600,9,46,0,0,4135.05872295,False,8324.55397645,68.7497243046,21
time,601,19,102,0,0,7698.17346184,False,8324.55397645,68.7497243046,21
time,602,25,173,0,0,9240.02672412,False,8324.55397645,68.7497243046,21
time,603,29,214,0,0,14767.314167,False,8324.55397645,68.7497243046,21
time,604,21,109,0,0,9443.44343767,False,8324.55397645,68.7497243046,21
time,605,32,351,0,0,14856.0615301,False,8324.55397645,68.7497243046,21
time,606,32,213,0,0,14794.3537879,False,8324.55397645,68.7497243046,21
time,607,42,416,0,0,18371.7952688,False,8324.55397645,68.7497243046,21
time,608,28,133,0,0,11340.9403113,False,8324.55397645,68.7497243046,21
time,609,49,389,0,0,20546.5923123,False,8324.55397645,68.7497243046,21
time,610,49,424,0,0,21326.6972255,False,8324.55397645,68.7497243046,21
time,611,42,245,0,0,17000.6992326,False,8324.55397645,68.7497243046,21
time,612,43,358,0,0,18317.9844871,False,8324.55397645,68.7497243046,21
time,613,38,277,0,0,16986.8065085,False,8324.55397645,68.7497243046,21
time,614,35,247,0,0,15371.9804192,False,8324.55397645,68.7497243046,21
time,615,9,42,0,0,4890.84381253,False,8324.55397645,68.7497243046,21
time,616,14,76,0,0,5923.35074845,False,8324.55397645,68.7497243046,21
time,617,8,28,0,0,4691.35440178,False,8324.55397645,68.7497243046,21
time,618,42,365,0,0,17668.3766992,False,8324.55397645,68.7497243046,21
time,619,46,529,0,0,17103.3034353,False,8324.55397645,68.7497243046,21
time,620,50,408,0,0,19426.2383965,False,8324.55397645,68.7497243046,21
time,621,16,65,0,0,6785.21996811,False,8324.55397645,68.7497243046,21
time,622,48,324,0,0,20565.2204689,False,8324.55397645,68.7497243046,21
time,623,29,206,0,0,11837.5065516,False,8324.55397645,68.7497243046,21
time,624,26,212,0,0,12497.854988,False,8324.55397645,68.7497243046,21
time,625,29,173,0,0,12608.1253599,False,8324.55397645,68.7497243046,21
time,626,23,175,0,0,13153.1327382,False,8324.55397645,68.7497243046,21
time,627,22,124,0,0,8913.62568805,False,8324.55397645,68.7497243046,21
time,628,29,173,0,0,13491.8213999,False,8324.55397645,68.7497243046,21
time,629,25,167,0,0,11077.1334575,False,8324.55397645,68.7497243046,21
time,630,21,108,0,0,10672.6496318,False,8324.55397645,68.7497243046,21
time,631,33,251,0,0,16102.7291384,False,8324.55397645,68.7497243046,21
time,632,47,331,0,0,18722.2075758,False,8324.55397645,68.7497243046,21
time,633,36,264,0,0.00498382808177,15161.0632686,False,8324.55397645,68.7497243046,21
time,634,40,261,0,0,17224.0771986,False,8324.55397645,68.7497243046,21
time,635,34,244,0,0,14831.2459532,False,8324.55397645,68.7497243046,21
time,636,21,124,0,0,10378.4356796,False,8324.55397645,68.7497243046,21
time,637,33,254,0,0,15801.0245981,False,8324.55397645,68.7497243046,21
time,638,40,288,0,0,17562.8197547,False,8324.55397645,68.7497243046,21
time,639,39,295,0,0,15402.8845987,False,8324.55397645,68.7497243046,21
time,640,38,305,0,0,16513.2438356,False,8324.55397645,68.7497243046,21
time,641,38,260,0,0,15752.9971273,False,8324.55397645,68.7497243046,21
time,642,33,283,0,0,15370.8048571,False,8324.55397645,68.7497243046,21
time,643,23,119,0,0,9460.79302831,False,8324.55397645,68.7497243046,21
time,644,49,404,0,0,21443.4778076,False,8324.55397645,68.7497243046,21
time,645,27,137,0,0,13951.7776153,False,8324.55397645,68.7497243046,21
time,646,32,180,0,0,15013.0476886,False,8324.55397645,68.7497243046,21
time,647,10,34,0,0,4809.63842336,False,8324.55397645,68.7497243046,21
time,648,47,341,0,0,19896.3816189,False,8324.55397645,68.7497243046,21
time,649,32,177,0,0,14024.8811657,False,8324.55397645,68.7497243046,21
time,650,25,140,0,0,10738.0170739,False,8324.55397645,68.7497243046,21
time,651,40,247,0,0,16507.6742641,False,8324.55397645,68.7497243046,21
time,652,29,152,0,0,13256.8681733,False,8324.55397645,68.7497243046,21
time,653,29,149,0,0,11698.0930638,False,8324.55397645,68.7497243046,21
time,654,21,126,0,0,9062.06632303,False,8324.55397645,68.7497243046,21
time,655,47,407,0,0,18807.6442628,False,8324.55397645,68.7497243046,21
time,656,19,106,0,0,9486.84072745,False,8324.55397645,68.7497243046,21
time,657,24,117,0,0,9757.20319276,False,8324.55397645,68.7497243046,21
time,658,35,249,0,0,15249.3568186,False,8324.55397645,68.7497243046,21
time,659,37,281,0,0,14962.1047388,False,8324.55397645,68.7497243046,21
time,660,8,36,0,0,4427.28355978,False,8324.55397645,68.7497243046,21
time,661,14,48,0,0,6644.66412682,False,8324.55397645,68.7497243046,21
time,662,8,42,0,0,4494.13015375,False,8324.55397645,68.7497243046,21
time,663,35,202,0,0,13763.5084353,False,8324.55397645,68.7497243046,21
time,664,38,270,0,0,15626.9618717,False,8324.55397645,68.7497243046,21
time,665,35,265,0,0,14007.6473475,False,8324.55397645,68.7497243046,21
time,666,41,288,0,0,17346.083276,False,8324.55397645,68.7497243046,21
time,667,24,174,0,0,11174.1806485,False,8324.55397645,68.7497243046,21
time,668,32,310,0,0,14001.3987781,False,8324.55397645,68.7497243046,21
time,669,35,203,0,0,14851.4322753,False,8324.55397645,68.7497243046,21
time,670,10,30,0,0,6077.30917737,False,8324.55397645,68.7497243046,21
time,671,36,240,0,0,16781.2277403,False,8324.55397645,68.7497243046,21
time,672,9,40,0,0,5335.14881647,False,8324.55397645,68.7497243046,21
time,673,20,111,0,0,9302.91691249,False,8324.55397645,68.7497243046,21
time,674,27,202,0,0,9471.94567866,False,8324.55397645,68.7497243046,21
time,675,27,133,0,0,11701.3044885,False,8324.55397645,68.7497243046,21
time,676,22,169,0,0,9487.76830675,False,8324.55397645,68.7497243046,21
time,677,31,248,0,0,12300.4276403,False,8324.55397645,68.7497243046,21
time,678,16,73,0,0,9172.28977593,False,8324.55397645,68.7497243046,21
time,679,25,127,0,0,10217.5516731,False,8324.55397645,68.7497243046,21
time,680,37,212,0,0,16349.0423343,False,8324.55397645,68.7497243046,21
time,681,25,121,0,0,10344.9020379,False,8324.55397645,68.7497243046,21
time,682,37,202,0,0,16409.8721349,False,8324.55397645,68.7497243046,21
time,683,46,389,0,0,18868.314209,False,8324.55397645,68.7497243046,21
time,684,23,141,0,0,10360.9376858,False,8324.55397645,68.7497243046,21
time,685,45,358,0,0,19601.5391719,False,8324.55397645,68.7497243046,21
time,686,44,414,0,0,17413.2889161,False,8324.55397645,68.7497243046,21
time,687,42,306,0,0,16800.0757707,False,8324.55397645,68.7497243046,21
time,688,42,317,0,0,18455.2174796,False,8324.55397645,68.7497243046,21
time,689,19,92,0,0,7736.59286714,False,8324.55397645,68.7497243046,21
time,690,47,344,0,0,19239.2309829,False,8324.55397645,68.7497243046,21
time,691,39,331,0,0,17336.9751699,False,8324.55397645,68.7497243046,21
time,692,50,539,0,0,20673.5078711,False,8324.55397645,68.7497243046,21
time,693,47,359,0,0,18409.1122259,False,8324.55397645,68.7497243046,21
time,694,36,205,0,0,16309.0913834,False,8324.55397645,68.7497243046,21
time,695,31,373,0,0,13750.1567932,False,8324.55397645,68.7497243046,21
time,696,39,253,0,0,17645.813005,False,8324.55397645,68.7497243046,21
time,697,28,173,0,0,12189.4007788,False,8324.55397645,68.7497243046,21
time,698,41,258,0,0,18864.6677242,False,8324.55397645,68.7497243046,21
time,699,42,304,0,0,18789.679519,False,8324.55397645,68.7497243046,21
time,700,22,113,0,0,9492.27396685,False,8324.55397645,68.7497243046,21
time,701,20,89,0,0,9365.38963595,False,8324.55397645,68.7497243046,21
time,702,38,235,0,0,16068.1441163,False,8324.55397645,68.7497243046,21
time,703,8,19,0,0,5404.35060454,False,8324.55397645,68.7497243046,21
time,704,36,182,0,0,15362.292007,False,8324.55397645,68.7497243046,21
time,705,14,55,0,0,6740.62942392,False,8324.55397645,68.7497243046,21
time,706,33,202,0,0,14525.1923114,False,8324.55397645,68.7497243046,21
time,707,50,443,0,0,19403.7332083,False,8324.55397645,68.7497243046,21
time,708,49,467,0,0,19781.3648202,False,8324.55397645,68.7497243046,21
time,709,15,57,0,0,7299.75434563,False,8324.55397645,68.7497243046,21
time,710,19,95,0,0,8897.68604697,False,8324.55397645,68.7497243046,21
time,711,41,329,0,0,16304.7565933,False,8324.55397645,68.7497243046,21
time,712,33,246,0,0,15205.3911935,False,8324.55397645,68.7497243046,21
time,713,31,294,0,0,13227.9997963,False,8324.55397645,68.7497243046,21
time,714,32,217,0,0,12876.9038343,False,8324.55397645,68.7497243046,21
time,715,31,167,0,0,13203.0893351,False,8324.55397645,68.7497243046,21
time,716,12,58,0,0,6726.48660801,False,8324.55397645,68.7497243046,21
time,717,50,644,0,0,19846.4341093,False,8324.55397645,68.7497243046,21
time,718,39,261,0,0,18314.2817929,False,8324.55397645,68.7497243046,21
time,719,32,223,0,0,12716.444582,False,8324.55397645,68.7497243046,21
time,720,26,142,0,0,11947.025551,False,8324.55397645,68.7497243046,21
time,721,45,367,0,0,17094.1897207,False,8324.55397645,68.7497243046,21
time,722,10,36,0,0,5641.9559004,False,8324.55397645,68.7497243046,21
time,723,22,107,0,0,9906.65531215,False,8324.55397645,68.7497243046,21
time,724,37,270,0,0,15378.9110464,False,8324.55397645,68.7497243046,21
time,725,14,52,0,0,6646.77353758,False,8324.55397645,68.7497243046,21
time,726,26,104,0,0,13226.5248157,False,8324.55397645,68.7497243046,21
time,727,36,211,0,0,14641.9496377,False,8324.55397645,68.7497243046,21
time,728,31,313,0,0,13284.75753,False,8324.55397645,68.7497243046,21
time,729,33,276,0,0,15944.0882065,False,8324.55397645,68.7497243046,21
time,730,39,395,0,0,15877.2985014,False,8324.55397645,68.7497243046,21
time,731,44,288,0,0,18049.159141,False,8324.55397645,68.7497243046,21
time,732,20,78,0,0,9872.63471066,False,8324.55397645,68.7497243046,21
time,733,46,334,0,0,18987.6020839,False,8324.55397645,68.7497243046,21
time,734,13,50,0,0,7920.83986873,False,8324.55397645,68.7497243046,21
time,735,35,206,0,0,16728.4008466,False,8324.55397645,68.7497243046,21
time,736,17,82,0,0,8091.54369685,False,8324.55397645,68.7497243046,21
time,737,31,170,0,0,13615.2423494,False,8324.55397645,68.7497243046,21
time,738,21,113,0,0,9948.75240622,False,8324.55397645,68.7497243046,21
time,739,43,416,0,0,16575.3728997,False,8324.55397645,68.7497243046,21
time,740,33,191,0,0,14981.5800466,False,8324.55397645,68.7497243046,21
time,741,18,126,0,0,7801.02109436,False,8324.55397645,68.7497243046,21
time,742,20,90,0,0,9445.50057982,False,8324.55397645,68.7497243046,21
time,743,13,75,0,0,7651.01425418,False,8324.55397645,68.7497243046,21
time,744,32,200,0,0,14626.2746827,False,8324.55397645,68.7497243046,21
time,745,51,428,0,0,21300.6015818,False,8324.55397645,68.7497243046,21
time,746,40,271,0,0,17344.3475876,False,8324.55397645,68.7497243046,21
time,747,15,55,0,0,7384.45085557,False,8324.55397645,68.7497243046,21
time,748,40,264,0,0,15878.253143,False,8324.55397645,68.7497243046,21
time,749,48,376,0,0,20395.5992116,False,8324.55397645,68.7497243046,21
time,750,25,139,0,0,9684.42111428,False,8324.55397645,68.7497243046,21
time,751,15,77,0,0,8509.49115371,False,8324.55397645,68.7497243046,21
time,752,37,237,0,0,15750.594807,False,8324.55397645,68.7497243046,21
time,753,41,304,0,0,17627.1509312,False,8324.55397645,68.7497243046,21
time,754,24,123,0,0.0047927162016,11023.8580548,False,8324.55397645,68.7497243046,21
time,755,40,304,0,0,17485.1217197,False,8324.55397645,68.7497243046,21
time,756,24,134,0,0,11825.1968204,False,8324.55397645,68.7497243046,21
time,757,34,206,0,0,14690.4555814,False,8324.55397645,68.7497243046,21
time,758,42,420,0,0,17082.6844507,False,8324.55397645,68.7497243046,21
time,759,24,114,0,0,9929.15198044,False,8324.55397645,68.7497243046,21
time,760,22,109,0,0,9776.47659039,False,8324.55397645,68.7497243046,21
time,761,37,259,0,0,17764.0957227,False,8324.55397645,68.7497243046,21
time,762,29,148,0,0,12362.2022613,False,8324.55397645,68.7497243046,21
time,763,10,30,0,0,6631.48835701,False,8324.55397645,68.7497243046,21
time,764,39,323,0,0,15998.45507,False,8324.55397645,68.7497243046,21
time,765,39,294,0,0,16298.9471641,False,8324.55397645,68.7497243046,21
time,766,13,69,0,0,6750.22822908,False,8324.55397645,68.7497243046,21
time,767,38,301,0,0,15566.1949244,False,8324.55397645,68.7497243046,21
time,768,33,277,0,0,14676.4144896,False,8324.55397645,68.7497243046,21
time,769,41,280,0,0,18049.8114817,False,8324.55397645,68.7497243046,21
time,770,18,102,0,0,8550.33245349,False,8324.55397645,68.7497243046,21
time,771,30,208,0,0,13746.3389273,False,8324.55397645,68.7497243046,21
time,772,30,243,0,0,12152.6722645,False,8324.55397645,68.7497243046,21
time,773,10,44,0,0,5630.07009684,False,8324.55397645,68.7497243046,21
time,774,31,205,0,0,13277.8387948,False,8324.55397645,68.7497243046,21
time,775,34,202,0,0,14102.6091975,False,8324.55397645,68.7497243046,21
time,776,11,45,0,0,5390.12433102,False,8324.55397645,68.7497243046,21
time,777,38,222,0,0,14412.8629927,False,8324.55397645,68.7497243046,21
time,778,27,159,0,0,10066.362849,False,8324.55397645,68.7497243046,21
time,779,41,335,0,0,16616.4404127,False,8324.55397645,68.7497243046,21
time,780,46,370,0,0,19966.9407307,False,8324.55397645,68.7497243046,21
time,781,19,100,0,0,8952.47091054,False,8324.55397645,68.7497243046,21
time,782,22,174,0,0,8707.6287322,False,8324.55397645,68.7497243046,21
time,783,42,300,0,0,18044.5899873,False,8324.55397645,68.7497243046,21
time,784,34,235,0,0,16217.7345299,False,8324.55397645,68.7497243046,21
time,785,9,37,0,0,6024.72914464,False,8324.55397645,68.7497243046,21
time,786,18,73,0,0,8993.92427742,False,8324.55397645,68.7497243046,21
time,787,23,160,0,0,9504.22078607,False,8324.55397645,68.7497243046,21
time,788,33,173,0,0,13471.7607478,False,8324.55397645,68.7497243046,21
time,789,33,156,0,0,13950.4441206,False,8324.55397645,68.7497243046,21
time,790,31,209,0,0,12537.1242115,False,8324.55397645,68.7497243046,21
time,791,16,94,0,0,6251.38848083,False,8324.55397645,68.7497243046,21
time,792,19,93,0,0,9157.72142908,False,8324.55397645,68.7497243046,21
time,793,18,108,0,0,7431.32315891,False,8324.55397645,68.7497243046,21
time,794,52,391,0,0,20615.8538144,False,8324.55397645,68.7497243046,21
time,795,32,227,0,0,14280.0252951,False,8324.55397645,68.7497243046,21
time,796,28,205,0,0,13356.0479634,False,8324.55397645,68.7497243046,21
time,797,31,230,0,0,12639.1128594,False,8324.55397645,68.7497243046,21
time,798,34,218,0,0,16284.3017856,False,8324.55397645,68.7497243046,21
time,799,48,402,0,0,20633.0969775,False,8324.55397645,68.7497243046,21
time,800,20,110,0,0,9769.33186578,False,8324.55397645,68.7497243046,21
time,801,28,170,0,0,12845.5698587,False,8324.55397645,68.7497243046,21
time,802,33,299,0,0,13810.1719754,False,8324.55397645,68.7497243046,21
time,803,31,197,0,0,13562.1281749,False,8324.55397645,68.7497243046,21
time,804,17,73,0,0,7495.50332948,False,8324.55397645,68.7497243046,21
time,805,23,108,0,0,9997.31428174,False,8324.55397645,68.7497243046,21
time,806,38,253,0,0,16200.1911567,False,8324.55397645,68.7497243046,21
time,807,29,193,0,0,13769.9531077,False,8324.55397645,68.7497243046,21
time,808,26,163,0,0,10066.5971911,False,8324.55397645,68.7497243046,21
time,809,33,285,0,0,13628.7924439,False,8324.55397645,68.7497243046,21
time,810,29,158,0,0,13886.5613066,False,8324.55397645,68.7497243046,21
time,811,43,355,0,0,17143.5597436,False,8324.55397645,68.7497243046,21
time,812,30,225,0,0,12838.936632,False,8324.55397645,68.7497243046,21
time,813,40,282,0,0,18465.6204489,False,8324.55397645,68.7497243046,21
time,814,36,239,0,0,16414.0915028,False,8324.55397645,68.7497243046,21
time,815,40,254,0,0,15981.3912974,False,8324.55397645,68.7497243046,21
time,816,21,98,0,0,10388.4961377,False,8324.55397645,68.7497243046,21
time,817,34,206,0,0,13876.549474,False,8324.55397645,68.7497243046,21
time,818,38,220,0,0,16264.195189,False,8324.55397645,68.7497243046,21
time,819,26,140,0,0,10417.1557222,False,8324.55397645,68.7497243046,21
time,820,23,104,0,0,10343.7774868,False,8324.55397645,68.7497243046,21
time,821,29,210,0,0,12923.7220523,False,8324.55397645,68.7497243046,21
time,822,43,316,0,0,18046.8569438,False,8324.55397645,68.7497243046,21
time,823,44,303,0,0,18523.3929002,False,8324.55397645,68.7497243046,21
time,824,27,124,0,0,11223.6754945,False,8324.55397645,68.7497243046,21
time,825,36,255,0,0,14847.9835001,False,8324.55397645,68.7497243046,21
time,826,44,305,0,0,17372.4507508,False,8324.55397645,68.7497243046,21
time,827,32,158,0,0,12523.438717,False,8324.55397645,68.7497243046,21
time,828,27,158,0,0,10709.0636077,False,8324.55397645,68.7497243046,21
time,829,17,70,0,0,7373.21477868,False,8324.55397645,68.7497243046,21
time,830,18,79,0,0,8481.68451557,False,8324.55397645,68.7497243046,21
time,831,15,109,0,0,7319.09336497,False,8324.55397645,68.7497243046,21
time,832,24,138,0,0,10531.9438173,False,8324.55397645,68.7497243046,21
time,833,21,128,0,0,9608.68555994,False,8324.55397645,68.7497243046,21
time,834,25,197,0,0,11816.9037736,False,8324.55397645,68.7497243046,21
time,835,47,365,0,0,18969.7688169,False,8324.55397645,68.7497243046,21
time,836,39,363,0,0,17176.8490446,False,8324.55397645,68.7497243046,21
time,837,42,341,0,0,16751.898466,False,8324.55397645,68.7497243046,21
time,838,29,179,0,0,14362.1108296,False,8324.55397645,68.7497243046,21
time,839,41,470,0,0,16357.4764768,False,8324.55397645,68.7497243046,21
time,840,27,204,0,0,13460.3965327,False,8324.55397645,68.7497243046,21
time,841,44,278,0,0,18055.0066229,False,8324.55397645,68.7497243046,21
time,842,39,268,0,0,15492.8826485,False,8324.55397645,68.7497243046,21
time,843,13,49,0,0,6185.82959045,False,8324.55397645,68.7497243046,21
time,844,40,407,0,0,16822.1769652,False,8324.55397645,68.7497243046,21
time,845,18,95,0,0,7545.85293715,False,8324.55397645,68.7497243046,21
time,846,16,72,0,0,6282.12416355,False,8324.55397645,68.7497243046,21
time,847,34,287,0,0,13807.0659516,False,8324.55397645,68.7497243046,21
time,848,10,31,0,0,6299.94028541,False,8324.55397645,68.7497243046,21
time,849,22,117,0,0,10074.4935723,False,8324.55397645,68.7497243046,21
time,850,41,320,0,0,18777.5131171,False,8324.55397645,68.7497243046,21
time,851,17,83,0,0,7707.08680032,False,8324.55397645,68.7497243046,21
time,852,54,472,0,0,22005.0291773,False,8324.55397645,68.7497243046,21
time,853,47,395,0,0,18961.7008081,False,8324.55397645,68.7497243046,21
time,854,37,250,0,0,15731.6753035,False,8324.55397645,68.7497243046,21
time,855,13,46,0,0,6348.31987051,False,8324.55397645,68.7497243046,21
time,856,36,184,0,0,16336.8432772,False,8324.55397645,68.7497243046,21
time,857,11,36,0,0,6377.05501437,False,8324.55397645,68.7497243046,21
time,858,22,132,0,0,10712.321249,False,8324.55397645,68.7497243046,21
time,859,29,291,0,0,13116.1355768,False,8324.55397645,68.7497243046,21
time,860,10,36,0,0,6127.04803498,False,8324.55397645,68.7497243046,21
time,861,33,251,0,0,13213.847959,False,8324.55397645,68.7497243046,21
time,862,27,163,0,0.00381130469827,13737.8308258,False,8324.55397645,68.7497243046,21
time,863,45,292,0,0,18395.8356992,False,8324.55397645,68.7497243046,21
time,864,39,288,0,0,16472.3396475,False,8324.55397645,68.7497243046,21
time,865,26,155,0,0,11116.4850405,False,8324.55397645,68.7497243046,21
time,866,37,233,0,0,16680.7798987,False,8324.55397645,68.7497243046,21
time,867,30,215,0,0,14580.0057561,False,8324.55397645,68.7497243046,21
time,868,22,104,0,0,9674.5736577,False,8324.55397645,68.7497243046,21
time,869,13,50,0,0,8437.47315834,False,8324.55397645,68.7497243046,21
time,870,25,118,0,0,10262.3191269,False,8324.55397645,68.7497243046,21
time,871,26,196,0,0,9869.72911837,False,8324.55397645,68.7497243046,21
time,872,49,576,0,0,20963.7235788,False,8324.55397645,68.7497243046,21
time,873,23,140,0,0,9831.57415437,False,8324.55397645,68.7497243046,21
time,874,32,293,0,0,14837.3881638,False,8324.55397645,68.7497243046,21
time,875,33,186,0,0,13358.3161635,False,8324.55397645,68.7497243046,21
time,876,43,245,0,0,18488.4966574,False,8324.55397645,68.7497243046,21
time,877,29,171,0,0,14134.8623298,False,8324.55397645,68.7497243046,21
time,878,28,240,0,0,12607.6142451,False,8324.55397645,68.7497243046,21
time,879,16,68,0,0,8503.8411115,False,8324.55397645,68.7497243046,21
time,880,19,107,0,0,8254.87078952,False,8324.55397645,68.7497243046,21
time,881,48,468,0,0,19409.6924082,False,8324.55397645,68.7497243046,21
time,882,30,159,0,0,13361.6227793,False,8324.55397645,68.7497243046,21
time,883,46,432,0,0,18041.6684684,False,8324.55397645,68.7497243046,21
time,884,27,121,0,0,12738.9871461,False,8324.55397645,68.7497243046,21
time,885,30,219,0,0,13496.2296519,False,8324.55397645,68.7497243046,21
time,886,39,319,0,0,15593.3688178,False,8324.55397645,68.7497243046,21
time,887,27,243,0,0,12132.5725791,False,8324.55397645,68.7497243046,21
time,888,43,385,0,0,17712.6420728,False,8324.55397645,68.7497243046,21
time,889,27,168,0,0,9880.13983739,False,8324.55397645,68.7497243046,21
time,890,49,441,0,0,20387.6566287,False,8324.55397645,68.7497243046,21
time,891,20,163,0,0,8929.47209803,False,8324.55397645,68.7497243046,21
time,892,34,212,0,0,16503.3452714,False,8324.55397645,68.7497243046,21
time,893,32,192,0,0,13715.9869505,False,8324.55397645,68.7497243046,21
time,894,33,193,0,0,15003.4792709,False,8324.55397645,68.7497243046,21
time,895,34,249,0,0,13994.7040639,False,8324.55397645,68.7497243046,21
time,896,30,220,0,0,14809.5936586,False,8324.55397645,68.7497243046,21
time,897,43,323,0,0,18425.3523783,False,8324.55397645,68.7497243046,21
time,898,27,170,0,0,11647.8414605,False,8324.55397645,68.7497243046,21
time,899,46,329,0,0,18929.2681924,False,8324.55397645,68.7497243046,21
time,900,16,70,0,0,7680.22563534,False,8324.55397645,68.7497243046,21
time,901,41,329,0,0,16947.2404933,False,8324.55397645,68.7497243046,21
time,902,29,206,0,0,12748.9194599,False,8324.55397645,68.7497243046,21
time,903,17,79,0,0,7514.92865264,False,8324.55397645,68.7497243046,21
time,904,22,133,0,0,9801.09079604,False,8324.55397645,68.7497243046,21
time,905,38,198,0,0,16872.8772923,False,8324.55397645,68.7497243046,21
time,906,33,220,0,0,15081.1794673,False,8324.55397645,68.7497243046,21
time,907,16,88,0,0,7648.5393822,False,8324.55397645,68.7497243046,21
time,908,18,132,0,0,8483.06907668,False,8324.55397645,68.7497243046,21
time,909,10,52,0,0,5834.55360504,False,8324.55397645,68.7497243046,21
time,910,43,460,0,0,18576.7949206,False,8324.55397645,68.7497243046,21
time,911,14,60,0,0,7711.00638674,False,8324.55397645,68.7497243046,21
time,912,27,136,0,0,11659.3059572,False,8324.55397645,68.7497243046,21
time,913,35,272,0,0,15223.5739671,False,8324.55397645,68.7497243046,21
time,914,22,105,0,0,11467.3620808,False,8324.55397645,68.7497243046,21
time,915,29,199,0,0,11692.4830036,False,8324.55397645,68.7497243046,21
time,916,40,390,0,0,16636.6260323,False,8324.55397645,68.7497243046,21
time,917,54,364,0,0,21797.723727,False,8324.55397645,68.7497243046,21
time,918,13,48,0,0,6778.47319811,False,8324.55397645,68.7497243046,21
time,919,15,63,0,0,7079.4294431,False,8324.55397645,68.7497243046,21
time,920,42,378,0,0,17748.6415212,False,8324.55397645,68.7497243046,21
time,921,16,81,0,0,6341.52150635,False,8324.55397645,68.7497243046,21
time,922,44,362,0,0,19629.2113336,False,8324.55397645,68.7497243046,21
time,923,54,404,0,0,22265.0312954,False,8324.55397645,68.7497243046,21
time,924,10,32,0,0,5781.72587363,False,8324.55397645,68.7497243046,21
time,925,37,271,0,0,15840.7137994,False,8324.55397645,68.7497243046,21
time,926,29,144,0,0,13056.0188854,False,8324.55397645,68.7497243046,21
time,927,30,215,0,0,13777.822963,False,8324.55397645,68.7497243046,21
time,928,31,238,0,0,13205.5492092,False,8324.55397645,68.7497243046,21
time,929,51,481,0,0,20389.1387009,False,8324.55397645,68.7497243046,21
time,930,35,274,0,0,15133.5723642,False,8324.55397645,68.7497243046,21
time,931,20,89,0,0,7520.63428718,False,8324.55397645,68.7497243046,21
time,932,24,124,0,0,9945.46124099,False,8324.55397645,68.7497243046,21
time,933,17,79,0,0,9734.47240293,False,8324.55397645,68.7497243046,21
time,934,35,239,0,0,15614.0469849,False,8324.55397645,68.7497243046,21
time,935,16,61,0,0,7321.09450058,False,8324.55397645,68.7497243046,21
time,936,22,136,0,0,9393.87671189,False,8324.55397645,68.7497243046,21
time,937,26,118,0,0,11321.0427352,False,8324.55397645,68.7497243046,21
time,938,33,215,0,0,15104.290442,False,8324.55397645,68.7497243046,21
time,939,32,330,0,0,14348.6904558,False,8324.55397645,68.7497243046,21
time,940,40,319,0,0,16462.4649504,False,8324.55397645,68.7497243046,21
time,941,21,146,0,0,11071.0674959,False,8324.55397645,68.7497243046,21
time,942,38,331,0,0,17595.3658226,False,8324.55397645,68.7497243046,21
time,943,19,105,0,0,9074.27780909,False,8324.55397645,68.7497243046,21
time,944,38,209,0,0,16936.9340408,False,8324.55397645,68.7497243046,21
time,945,25,124,0,0,11562.1220767,False,8324.55397645,68.7497243046,21
time,946,41,291,0,0,18153.4166798,False,8324.55397645,68.7497243046,21
time,947,19,156,0,0,9482.70738323,False,8324.55397645,68.7497243046,21
time,948,31,206,0,0,14476.3291107,False,8324.55397645,68.7497243046,21
time,949,33,229,0,0,13867.9409256,False,8324.55397645,68.7497243046,21
time,950,18,94,0,0,9216.6054326,False,8324.55397645,68.7497243046,21
time,951,17,76,0,0,9318.46648226,False,8324.55397645,68.7497243046,21
time,952,26,178,0,0,10073.0100794,False,8324.55397645,68.7497243046,21
time,953,44,344,0,0,19257.6404473,False,8324.55397645,68.7497243046,21
time,954,34,278,0,0,14457.5348325,False,8324.55397645,68.7497243046,21
time,955,36,255,0,0,17545.3278007,False,8324.55397645,68.7497243046,21
time,956,28,188,0,0,13772.664964,False,8324.55397645,68.7497243046,21
time,957,40,296,0,0,18274.2516666,False,8324.55397645,68.7497243046,21
time,958,29,207,0,0,11698.1963889,False,8324.55397645,68.7497243046,21
time,959,34,231,0,0,15128.4387185,False,8324.55397645,68.7497243046,21
time,960,49,426,0,0,19786.0660352,False,8324.55397645,68.7497243046,21
time,961,23,112,0,0,10821.5997658,False,8324.55397645,68.7497243046,21
time,962,38,286,0,0,15295.6267925,False,8324.55397645,68.7497243046,21
time,963,16,93,0,0,8076.08667864,False,8324.55397645,68.7497243046,21
time,964,41,306,0,0,18096.4524851,False,8324.55397645,68.7497243046,21
time,965,48,455,0,0,20117.5524331,False,8324.55397645,68.7497243046,21
time,966,31,183,0,0,12956.4245006,False,8324.55397645,68.7497243046,21
time,967,41,285,0,0,17769.6182161,False,8324.55397645,68.7497243046,21
time,968,15,66,0,0,6255.32109655,False,8324.55397645,68.7497243046,21
time,969,23,127,0,0,9876.23937705,False,8324.55397645,68.7497243046,21
time,970,43,438,0,0,17297.4525037,False,8324.55397645,68.7497243046,21
time,971,26,205,0,0,10615.139882,False,8324.55397645,68.7497243046,21
time,972,22,130,0,0,9229.68949268,False,8324.55397645,68.7497243046,21
time,973,45,348,0,0,18912.3450967,False,8324.55397645,68.7497243046,21
time,974,47,426,0,0,17909.2119221,False,8324.55397645,68.7497243046,21
time,975,16,69,0,0,8075.98514667,False,8324.55397645,68.7497243046,21
time,976,28,255,0,0,13653.9944596,False,8324.55397645,68.7497243046,21
time,977,34,207,0,0,16252.7086109,False,8324.55397645,68.7497243046,21
time,978,32,253,0,0,12230.4276887,False,8324.55397645,68.7497243046,21
time,979,31,219,0,0,12561.3697422,False,8324.55397645,68.7497243046,21
time,980,34,234,0,0,15667.7288747,False,8324.55397645,68.7497243046,21
time,981,14,69,0,0,6968.96265015,False,8324.55397645,68.7497243046,21
time,982,43,381,0,0,17920.2561906,False,8324.55397645,68.7497243046,21
time,983,48,435,0,0,19755.8782248,False,8324.55397645,68.7497243046,21
time,984,44,339,0,0,18717.6865907,False,8324.55397645,68.7497243046,21
time,985,49,359,0,0,19968.3849222,False,8324.55397645,68.7497243046,21
time,986,33,194,0,0,14147.3565567,False,8324.55397645,68.7497243046,21
time,987,38,261,0,0,16863.6538401,False,8324.55397645,68.7497243046,21
time,988,23,99,0,0,10956.8889247,False,8324.55397645,68.7497243046,21
time,989,27,234,0,0,12388.6953229,False,8324.55397645,68.7497243046,21
time,990,41,343,0,0,18568.8647469,False,8324.55397645,68.7497243046,21
time,991,47,407,0,0,20201.4918314,False,8324.55397645,68.7497243046,21
time,992,11,37,0,0,6215.78003429,False,8324.55397645,68.7497243046,21
time,993,35,345,0,0,15823.0546913,False,8324.55397645,68.7497243046,21
time,994,30,250,0,0,12886.0689428,False,8324.55397645,68.7497243046,21
time,995,44,417,0,0,18408.0640034,False,8324.55397645,68.7497243046,21
time,996,16,93,0,0,8227.89799086,False,8324.55397645,68.7497243046,21
time,997,17,61,0,0,8215.37388665,False,8324.55397645,68.7497243046,21
time,998,43,332,0,0,17818.3772117,False,8324.55397645,68.7497243046,21
time,999,46,285,0,0,19380.8696471,False,8324.55397645,68.7497243046,21
time,1000,34,240,0,0,15283.0856019,False,8324.55397645,68.7497243046,21
time,1001,19,119,0,0,9910.45601287,False,8324.55397645,68.7497243046,21
time,1002,34,214,0,0,15577.6488379,False,8324.55397645,68.7497243046,21
time,1003,43,372,0,0,17948.8260525,False,8324.55397645,68.7497243046,21
time,1004,39,404,0,0,17156.2794176,False,8324.55397645,68.7497243046,21
time,1005,36,237,0,0,16341.0800534,False,8324.55397645,68.7497243046,21
time,1006,33,271,0,0,15765.5737644,False,8324.55397645,68.7497243046,21
time,1007,16,143,0,0,8040.2973506,False,8324.55397645,68.7497243046,21
time,1008,19,97,0,0,8822.49089372,False,8324.55397645,68.7497243046,21
time,1009,25,164,0,0,12115.6914584,False,8324.55397645,68.7497243046,21
time,1010,28,192,0,0,11335.9465016,False,8324.55397645,68.7497243046,21
time,1011,43,279,0,0,17732.0210988,False,8324.55397645,68.7497243046,21
time,1012,16,86,0,0,9393.02677164,False,8324.55397645,68.7497243046,21
time,1013,23,129,0,0,10341.6680078,False,8324.55397645,68.7497243046,21
time,1014,14,52,0,0,6238.52252459,False,8324.55397645,68.7497243046,21
time,1015,14,69,0,0,6819.938521,False,8324.55397645,68.7497243046,21
time,1016,35,276,0,0,17089.6399986,False,8324.55397645,68.7497243046,21
time,1017,41,274,0,0,17089.7543596,False,8324.55397645,68.7497243046,21
time,1018,43,276,0,0,17706.0344348,False,8324.55397645,68.7497243046,21
time,1019,15,62,0,0,7187.36325293,False,8324.55397645,68.7497243046,21
time,1020,41,350,0,0,17822.8570155,False,8324.55397645,68.7497243046,21
time,1021,41,318,0,0,17726.0625533,False,8324.55397645,68.7497243046,21
time,1022,26,148,0,0,11744.7299583,False,8324.55397645,68.7497243046,21
time,1023,27,157,0,0,12691.1821185,False,8324.55397645,68.7497243046,21
time,1024,29,196,0,0,13243.3842035,False,8324.55397645,68.7497243046,21
time,1025,14,56,0,0,7945.26576633,False,8324.55397645,68.7497243046,21
time,1026,24,118,0,0,11283.2752642,False,8324.55397645,68.7497243046,21
time,1027,41,273,0,0,17469.200091,False,8324.55397645,68.7497243046,21
time,1028,9,31,0,0,4749.71524857,False,8324.55397645,68.7497243046,21
time,1029,37,255,0,0,13995.1279851,False,8324.55397645,68.7497243046,21
time,1030,13,71,0,0,6378.63163644,False,8324.55397645,68.7497243046,21
time,1031,36,202,0,0,17714.5101054,False,8324.55397645,68.7497243046,21
time,1032,41,323,0,0,17344.4655354,False,8324.55397645,68.7497243046,21
time,1033,15,56,0,0,7233.57640997,False,8324.55397645,68.7497243046,21
time,1034,14,60,0,0,7918.6480342,False,8324.55397645,68.7497243046,21
time,1035,43,383,0,0,18610.0203219,False,8324.55397645,68.7497243046,21
energy,1,80,1200,0,0.000564057926537,59.0940401752,False,8734.76045358,64.2083621907,18
energy,2,30,215,0,0,20.1024817958,False,8734.76045358,64.2083621907,18
energy,3,42,231,0,0,33.9619154831,False,8734.76045358,64.2083621907,18
energy,4,34,176,0,0,30.2846723295,False,8734.76045358,64.2083621907,18
energy,5,61,609,0,0,43.5469275328,False,8734.76045358,64.2083621907,18
energy,6,50,408,0,0.00344344869188,36.1501818388,False,8734.76045358,64.2083621907,18
energy,7,37,171,0,0,29.6751406248,False,8734.76045358,64.2083621907,18
energy,8,19,79,0,0,15.6918172927,False,8734.76045358,64.2083621907,18
energy,9,42,242,0,0,32.977788447,False,8734.76045358,64.2083621907,18
energy,10,44,365,0,0.00443156438376,28.0594270374,False,8734.76045358,64.2083621907,18
energy,11,39,264,0,0.00333273117878,29.8459948062,False,8734.76045358,64.2083621907,18
energy,12,50,484,0,0.00163656617286,33.6932191385,False,8734.76045358,64.2083621907,18
energy,13,34,169,0,0,25.2073925734,False,8734.76045358,64.2083621907,18
energy,14,37,203,0,0,33.0399244708,False,8734.76045358,64.2083621907,18
energy,15,33,185,0,0,25.8280286843,False,8734.76045358,64.2083621907,18
energy,16,38,237,0,0,28.5661644867,False,8734.76045358,64.2083621907,18
energy,17,57,572,0,0,37.1904576729,False,8734.76045358,64.2083621907,18
energy,18,56,510,0,0,40.6815466891,False,8734.76045358,64.2083621907,18
energy,19,21,101,0,0,15.3800567772,False,8734.76045358,64.2083621907,18
energy,20,25,162,0,0,20.0373800252,False,8734.76045358,64.2083621907,18
energy,21,37,189,0,0,28.8886876143,False,8734.76045358,64.2083621907,18
energy,22,32,236,0,0,21.7079500564,False,8734.76045358,64.2083621907,18
energy,23,30,159,0,0,20.4100886072,False,8734.76045358,64.2083621907,18
energy,24,19,73,0,0,16.0856524717,False,8734.76045358,64.2083621907,18
energy,25,56,645,0,0.00290475629598,42.9171272022,False,8734.76045358,64.2083621907,18
energy,26,45,273,0,0,37.4215278194,False,8734.76045358,64.2083621907,18
energy,27,32,259,0,0,19.1103896462,False,8734.76045358,64.2083621907,18
energy,28,39,205,0,0,32.8875397105,False,8734.76045358,64.2083621907,18
energy,29,24,95,0,0,20.4159452008,False,8734.76045358,64.2083621907,18
energy,30,17,60,0,0,16.5472884045,False,8734.76045358,64.2083621907,18
energy,31,52,444,0,0,36.3017225529,False,8734.76045358,64.2083621907,18
energy,32,42,290,0,0,31.6983150509,False,8734.76045358,64.2083621907,18
energy,33,30,139,0,0,27.195341549,False,8734.76045358,64.2083621907,18
energy,34,41,213,0,0,31.222898542,False,8734.76045358,64.2083621907,18
energy,35,24,130,0,0,19.3663027079,False,8734.76045358,64.2083621907,18
energy,36,56,521,0,0.00146449490307,38.103188254,False,8734.76045358,64.2083621907,18
energy,37,43,361,0,0,31.7301299802,False,8734.76045358,64.2083621907,18
energy,38,27,113,0,0,23.0529715559,False,8734.76045358,64.2083621907,18
energy,39,45,259,0,0,34.4177337171,False,8734.76045358,64.2083621907,18
energy,40,30,193,0,0,22.384592189,False,8734.76045358,64.2083621907,18
energy,41,29,136,0,0,28.1263263574,False,8734.76045358,64.2083621907,18
energy,42,47,463,0,0,34.1590677575,False,8734.76045358,64.2083621907,18
energy,43,28,200,0,0,22.5600810185,False,8734.76045358,64.2083621907,18
energy,44,27,188,0,0,23.5525538701,False,8734.76045358,64.2083621907,18
energy,45,52,559,0,0,36.483640482,False,8734.76045358,64.2083621907,18
energy,46,20,89,0,0,14.4699590109,False,8734.76045358,64.2083621907,18
energy,47,49,481,0,0.00342410716038,36.3932441599,False,8734.76045358,64.2083621907,18
energy,48,63,710,0,0,44.4046887298,False,8734.76045358,64.2083621907,18
energy,49,42,269,0,0,31.7104279243,False,8734.76045358,64.2083621907,18
energy,50,14,74,0,0,9.53247038218,False,8734.76045358,64.2083621907,18
energy,51,52,376,0,0,40.3508373945,False,8734.76045358,64.2083621907,18
energy,52,47,329,0,0,35.9837272009,False,8734.76045358,64.2083621907,18
energy,53,55,391,0,0,42.2628486911,False,8734.76045358,64.2083621907,18
energy,54,9,26,0,0,10.2505117272,False,8734.76045358,64.2083621907,18
energy,55,37,218,0,0,29.5564203057,False,8734.76045358,64.2083621907,18
energy,56,47,242,0,0,36.4442680011,False,8734.76045358,64.2083621907,18
energy,57,49,406,0,0.00157984996781,34.6485183149,False,8734.76045358,64.2083621907,18
energy,58,28,168,0,0,20.9621930278,False,8734.76045358,64.2083621907,18
energy,59,44,372,0,0,34.9519537961,False,8734.76045358,64.2083621907,18
energy,60,45,271,0,0,37.2307774335,False,8734.76045358,64.2083621907,18
energy,61,37,188,0,0,29.3325333954,False,8734.76045358,64.2083621907,18
energy,62,43,279,0,0,31.3274784956,False,8734.76045358,64.2083621907,18
energy,63,28,127,0,0,21.6404673159,False,8734.76045358,64.2083621907,18
energy,64,14,61,0,0,14.8611750218,False,8734.76045358,64.2083621907,18
energy,65,29,203,0,0,17.2621606225,False,8734.76045358,64.2083621907,18
energy,66,28,124,0,0,20.9903081738,False,8734.76045358,64.2083621907,18
energy,67,43,400,0,0,36.8213084171,False,8734.76045358,64.2083621907,18
energy,68,38,333,0,0,31.9028828591,False,8734.76045358,64.2083621907,18
energy,69,54,523,0,0,43.0493008012,False,8734.76045358,64.2083621907,18
energy,70,32,232,0,0,21.5010974366,False,8734.76045358,64.2083621907,18
energy,71,29,230,0,0,19.0057813575,False,8734.76045358,64.2083621907,18
energy,72,20,102,0,0,17.9781928889,False,8734.76045358,64.2083621907,18
energy,73,34,191,0,0,25.2997112363,False,8734.76045358,64.2083621907,18
energy,74,21,92,0,0,16.0742747421,False,8734.76045358,64.2083621907,18
energy,75,31,139,0,0,23.6799033939,False,8734.76045358,64.2083621907,18
energy,76,57,514,0,0,37.9128387947,False,8734.76045358,64.2083621907,18
energy,77,11,25,0,0,9.71199982239,False,8734.76045358,64.2083621907,18
energy,78,48,402,0,0,35.1615728802,False,8734.76045358,64.2083621907,18
energy,79,49,388,0,0,38.2647899342,False,8734.76045358,64.2083621907,18
energy,80,43,319,0,0,35.3817947229,False,8734.76045358,64.2083621907,18
energy,81,47,478,0,0,36.9500723872,False,8734.76045358,64.2083621907,18
energy,82,45,330,0,0,36.6133168955,False,8734.76045358,64.2083621907,18
energy,83,25,106,0,0,20.1325933219,False,8734.76045358,64.2083621907,18
energy,84,35,249,0,0,25.3905408277,False,8734.76045358,64.2083621907,18
energy,85,43,332,0,0,32.8783249862,False,8734.76045358,64.2083621907,18
energy,86,33,160,0,0,25.9462916201,False,8734.76045358,64.2083621907,18
energy,87,27,151,0,0,15.8820386456,False,8734.76045358,64.2083621907,18
energy,88,16,74,0,0,13.1070600955,False,8734.76045358,64.2083621907,18
energy,89,51,407,0,0,38.6759290994,False,8734.76045358,64.2083621907,18
energy,90,45,488,0,0,31.2468731601,False,8734.76045358,64.2083621907,18
energy,91,52,604,0,0,38.8053875453,False,8734.76045358,64.2083621907,18
energy,92,26,154,0,0,16.4279918562,False,8734.76045358,64.2083621907,18
energy,93,33,248,0,0,19.9628821013,True,8644.65118181,62.9889839155,19
energy,94,21,97,0,0,15.8301116973,False,8644.65118181,62.9889839155,19
energy,95,46,312,0,0,38.4836316182,False,8644.65118181,62.9889839155,19
energy,96,20,87,0,0,14.338241831,False,8644.65118181,62.9889839155,19
energy,97,44,423,0,0,31.3222300143,False,8644.65118181,62.9889839155,19
energy,98,58,486,0,0,44.6648884154,False,8644.65118181,62.9889839155,19
energy,99,50,304,0,0,37.9610631933,False,8644.65118181,62.9889839155,19
energy,100,24,126,0,0,13.5419038821,False,8644.65118181,62.9889839155,19
energy,101,32,160,0,0,23.7279065262,False,8644.65118181,62.9889839155,19
energy,102,56,667,0,0,41.4120908035,False,8644.65118181,62.9889839155,19
energy,103,26,137,0,0,19.1798316235,False,8644.65118181,62.9889839155,19
energy,104,31,179,0,0,23.3625492089,False,8644.65118181,62.9889839155,19
energy,105,49,305,0,0,39.6778901432,False,8644.65118181,62.9889839155,19
energy,106,35,191,0,0,25.8008469224,False,8644.65118181,62.9889839155,19
energy,107,41,291,0,0,33.7751286616,False,8644.65118181,62.9889839155,19
energy,108,46,244,0,0,35.3748560991,False,8644.65118181,62.9889839155,19
energy,109,38,176,0,0,32.9835281581,False,8644.65118181,62.9889839155,19
energy,110,41,297,0,0,29.4707220264,False,8644.65118181,62.9889839155,19
energy,111,29,153,0,0,23.9160372799,False,8644.65118181,62.9889839155,19
energy,112,37,236,0,0,29.4044593146,False,8644.65118181,62.9889839155,19
energy,113,9,18,0,0,8.82025334808,False,8644.65118181,62.9889839155,19
energy,114,27,141,0,0,22.7677473276,False,8644.65118181,62.9889839155,19
energy,115,30,140,0,0,21.0967537078,False,8644.65118181,62.9889839155,19
energy,116,40,211,0,0,31.8283611055,False,8644.65118181,62.9889839155,19
energy,117,20,104,0,0,18.8778133978,False,8644.65118181,62.9889839155,19
energy,118,44,309,0,0,33.2645666451,False,8644.65118181,62.9889839155,19
energy,119,38,195,0,0,30.6443195419,False,8644.65118181,62.9889839155,19
energy,120,56,497,0,0,42.6734149287,False,8644.65118181,62.9889839155,19
energy,121,55,640,0,0,38.934183745,False,8644.65118181,62.9889839155,19
energy,122,19,88,0,0,12.8774302503,False,8644.65118181,62.9889839155,19
energy,123,25,106,0,0,20.1098980234,False,8644.65118181,62.9889839155,19
energy,124,26,125,0,0,16.9150178297,False,8644.65118181,62.9889839155,19
energy,125,48,440,0,0,32.3795095437,False,8644.65118181,62.9889839155,19
energy,126,37,238,0,0,28.4177367516,False,8644.65118181,62.9889839155,19
energy,127,43,383,0,0,32.7521892858,False,8644.65118181,62.9889839155,19
energy,128,58,487,0,0,45.4805394443,False,8644.65118181,62.9889839155,19
energy,129,29,146,0,0,26.2388230213,False,8644.65118181,62.9889839155,19
energy,130,35,334,0,0,21.8105157111,False,8644.65118181,62.9889839155,19
energy,131,50,517,0,0,34.15094064,False,8644.65118181,62.9889839155,19
energy,132,31,178,0,0,22.1269332254,False,8644.65118181,62.9889839155,19
energy,133,20,92,0,0,15.6041112985,False,8644.65118181,62.9889839155,19
energy,134,35,212,0,0,27.4493417292,False,8644.65118181,62.9889839155,19
energy,135,47,344,0,0,37.0543518435,False,8644.65118181,62.9889839155,19
energy,136,23,130,0,0,15.669274263,False,8644.65118181,62.9889839155,19
energy,137,42,240,0,0,29.490589193,False,8644.65118181,62.9889839155,19
energy,138,46,391,0,0,36.8899797391,False,8644.65118181,62.9889839155,19
energy,139,49,508,0,0,40.705724911,False,8644.65118181,62.9889839155,19
energy,140,26,180,0,0,16.3525452293,False,8644.65118181,62.9889839155,19
energy,141,30,175,0,0,19.470569259,False,8644.65118181,62.9889839155,19
energy,142,25,136,0,0,19.5503250832,False,8644.65118181,62.9889839155,19
energy,143,16,56,0,0,16.3768761979,False,8644.65118181,62.9889839155,19
energy,144,20,97,0,0,13.3610313555,False,8644.65118181,62.9889839155,19
energy,145,35,212,0,0,28.6432189862,False,8644.65118181,62.9889839155,19
energy,146,53,540,0,0,39.0973389184,False,8644.65118181,62.9889839155,19
energy,147,47,334,0,0,36.1866725217,False,8644.65118181,62.9889839155,19
energy,148,23,114,0,0,17.186210558,False,8644.65118181,62.9889839155,19
energy,149,38,251,0,0,24.2513588158,False,8644.65118181,62.9889839155,19
energy,150,46,305,0,0,38.380867905,False,8644.65118181,62.9889839155,19
energy,151,41,244,0,0,29.6117210999,False,8644.65118181,62.9889839155,19
energy,152,21,75,0,0,19.1756105235,False,8644.65118181,62.9889839155,19
energy,153,35,194,0,0,24.5502668141,False,8644.65118181,62.9889839155,19
energy,154,32,133,0,0,25.7263030295,False,8644.65118181,62.9889839155,19
energy,155,59,668,0,0,40.7002295979,False,8644.65118181,62.9889839155,19
energy,156,50,560,0,0,34.4877350414,False,8644.65118181,62.9889839155,19
energy,157,51,448,0,0,39.7643387643,False,8644.65118181,62.9889839155,19
energy,158,39,235,0,0,28.1618815255,False,8644.65118181,62.9889839155,19
energy,159,45,379,0,0,31.5001099199,False,8644.65118181,62.9889839155,19
energy,160,25,174,0,0,13.4151417288,False,8644.65118181,62.9889839155,19
energy,161,29,148,0,0,25.3617744384,False,8644.65118181,62.9889839155,19
energy,162,25,108,0,0,19.387793347,False,8644.65118181,62.9889839155,19
energy,163,17,45,0,0,15.4292713383,False,8644.65118181,62.9889839155,19
energy,164,24,92,0,0,22.6230594011,False,8644.65118181,62.9889839155,19
energy,165,39,274,0,0,27.9384192959,False,8644.65118181,62.9889839155,19
energy,166,24,107,0,0,16.2888787031,False,8644.65118181,62.9889839155,19
energy,167,23,79,0,0,20.7774356407,False,8644.65118181,62.9889839155,19
energy,168,13,37,0,0,10.9552382043,False,8644.65118181,62.9889839155,19
energy,169,19,77,0,0,13.5797166906,False,8644.65118181,62.9889839155,19
energy,170,32,212,0,0,24.429679466,False,8644.65118181,62.9889839155,19
energy,171,51,423,0,0,38.8808343486,False,8644.65118181,62.9889839155,19
energy,172,34,174,0,0,31.8566853345,False,8644.65118181,62.9889839155,19
energy,173,41,275,0,0,31.6945498309,False,8644.65118181,62.9889839155,19
energy,174,14,52,0,0,10.8041019931,False,8644.65118181,62.9889839155,19
energy,175,51,433,0,0,41.3633803768,False,8644.65118181,62.9889839155,19
energy,176,20,100,0,0,18.0430461479,False,8644.65118181,62.9889839155,19
energy,177,22,114,0,0,19.2749668153,False,8644.65118181,62.9889839155,19
energy,178,34,198,0,0,26.286593081,False,8644.65118181,62.9889839155,19
energy,179,29,186,0,0,23.6467694607,False,8644.65118181,62.9889839155,19
energy,180,58,608,0,0,41.8887186221,False,8644.65118181,62.9889839155,19
energy,181,23,136,0,0,13.7355871523,False,8644.65118181,62.9889839155,19
energy,182,39,339,0,0,30.621437294,False,8644.65118181,62.9889839155,19
energy,183,24,128,0,0,22.9518452255,False,8644.65118181,62.9889839155,19
energy,184,28,125,0,0,20.8773192251,False,8644.65118181,62.9889839155,19
energy,185,29,195,0,0,25.5718844934,False,8644.65118181,62.9889839155,19
energy,186,50,451,0,0,38.2479243168,False,8644.65118181,62.9889839155,19
energy,187,25,93,0,0,21.3695887454,False,8644.65118181,62.9889839155,19
energy,188,19,73,0,0,15.2341922229,False,8644.65118181,62.9889839155,19
energy,189,27,101,0,0,25.2459313819,False,8644.65118181,62.9889839155,19
energy,190,29,136,0,0,23.0864612449,False,8644.65118181,62.9889839155,19
energy,191,16,62,0,0,13.7196877044,False,8644.65118181,62.9889839155,19
energy,192,24,118,0,0,15.9847335796,False,8644.65118181,62.9889839155,19
energy,193,30,153,0,0,20.8819084986,False,8644.65118181,62.9889839155,19
energy,194,38,219,0,0,32.1928600698,False,8644.65118181,62.9889839155,19
energy,195,32,146,0,0,29.3333619801,False,8644.65118181,62.9889839155,19
energy,196,16,63,0,0,14.7456802515,False,8644.65118181,62.9889839155,19
energy,197,26,126,0,0,22.9389919993,False,8644.65118181,62.9889839155,19
energy,198,43,326,0,0,33.2111093398,False,8644.65118181,62.9889839155,19
energy,199,18,68,0,0,12.2606549008,False,8644.65118181,62.9889839155,19
energy,200,37,261,0,0,24.3406860778,False,8644.65118181,62.9889839155,19
energy,201,42,252,0,0,34.341858643,False,8644.65118181,62.9889839155,19
energy,202,25,156,0,0,18.5218077283,False,8644.65118181,62.9889839155,19
energy,203,49,405,0,0,41.1317405653,False,8644.65118181,62.9889839155,19
energy,204,25,125,0,0,18.6272831533,False,8644.65118181,62.9889839155,19
energy,205,28,132,0,0,20.733470731,False,8644.65118181,62.9889839155,19
energy,206,42,223,0,0,34.8905209288,False,8644.65118181,62.9889839155,19
energy,207,39,205,0,0,32.6298158552,False,8644.65118181,62.9889839155,19
energy,208,32,193,0,0,27.3596620127,False,8644.65118181,62.9889839155,19
energy,209,35,192,0,0,27.8416306775,False,8644.65118181,62.9889839155,19
energy,210,20,67,0,0,20.7343175173,False,8644.65118181,62.9889839155,19
energy,211,41,230,0,0,33.2419261843,False,8644.65118181,62.9889839155,19
energy,212,27,159,0,0,17.992241406,False,8644.65118181,62.9889839155,19
energy,213,31,196,0,0,20.2165675258,False,8644.65118181,62.9889839155,19
energy,214,46,253,0,0,34.9821369322,False,8644.65118181,62.9889839155,19
energy,215,16,76,0,0,13.1766383441,False,8644.65118181,62.9889839155,19
energy,216,18,84,0,0,10.0389257289,False,8644.65118181,62.9889839155,19
energy,217,47,414,0,0,31.1145396547,False,8644.65118181,62.9889839155,19
energy,218,12,41,0,0,12.219007396,False,8644.65118181,62.9889839155,19
energy,219,38,183,0,0,30.853196778,False,8644.65118181,62.9889839155,19
energy,220,18,49,0,0,17.2994923451,False,8644.65118181,62.9889839155,19
energy,221,24,153,0,0,17.8813375651,False,8644.65118181,62.9889839155,19
energy,222,36,197,0,0,26.1038937372,False,8644.65118181,62.9889839155,19
energy,223,16,85,0,0,9.79047943731,False,8644.65118181,62.9889839155,19
energy,224,26,160,0,0,17.6652531127,False,8644.65118181,62.9889839155,19
energy,225,47,293,0,0,36.9197716147,False,8644.65118181,62.9889839155,19
energy,226,25,100,0,0,17.7653521326,False,8644.65118181,62.9889839155,19
energy,227,19,106,0,0,18.0954665425,False,8644.65118181,62.9889839155,19
energy,228,44,298,0,0,29.895780414,False,8644.65118181,62.9889839155,19
energy,229,20,92,0,0,15.6713677422,False,8644.65118181,62.9889839155,19
energy,230,20,86,0,0,20.6569104471,False,8644.65118181,62.9889839155,19
energy,231,46,420,0,0,38.0519004581,False,8644.65118181,62.9889839155,19
energy,232,40,248,0,0,34.6241931777,False,8644.65118181,62.9889839155,19
energy,233,44,312,0,0,32.4917337344,False,8644.65118181,62.9889839155,19
energy,234,44,244,0,0,37.4712120766,False,8644.65118181,62.9889839155,19
energy,235,46,296,0,0,35.8001079411,False,8644.65118181,62.9889839155,19
energy,236,41,251,0,0,33.0337208448,False,8644.65118181,62.9889839155,19
energy,237,39,273,0,0,26.2087105996,False,8644.65118181,62.9889839155,19
energy,238,33,156,0,0,26.6712113753,False,8644.65118181,62.9889839155,19
energy,239,20,66,0,0,17.9149436745,False,8644.65118181,62.9889839155,19
energy,240,47,507,0,0,34.44561093,False,8644.65118181,62.9889839155,19
energy,241,28,123,0,0,19.7539809334,False,8644.65118181,62.9889839155,19
energy,242,23,129,0,0,14.024938279,False,8644.65118181,62.9889839155,19
energy,243,23,84,0,0,20.4178228653,False,8644.65118181,62.9889839155,19
energy,244,53,601,0,0,34.5008787263,False,8644.65118181,62.9889839155,19
energy,245,17,76,0,0,13.3670660404,False,8644.65118181,62.9889839155,19
energy,246,17,78,0,0,16.6368431208,False,8644.65118181,62.9889839155,19
energy,247,27,227,0,0,15.6080638031,False,8644.65118181,62.9889839155,19
energy,248,21,98,0,0,12.6321328129,False,8644.65118181,62.9889839155,19
energy,249,16,78,0,0,12.691158134,False,8644.65118181,62.9889839155,19
energy,250,15,66,0,0,13.1419298165,False,8644.65118181,62.9889839155,19
energy,251,26,109,0,0,23.9672074183,False,8644.65118181,62.9889839155,19
energy,252,41,288,0,0,28.8637812803,False,8644.65118181,62.9889839155,19
energy,253,36,169,0,0,29.5526981369,False,8644.65118181,62.9889839155,19
energy,254,34,257,0,0,26.6437941762,False,8644.65118181,62.9889839155,19
energy,255,14,39,0,0,12.7558197576,False,8644.65118181,62.9889839155,19
energy,256,34,204,0,0,28.0126351702,False,8644.65118181,62.9889839155,19
energy,257,40,203,0,0,32.3494161612,False,8644.65118181,62.9889839155,19
energy,258,49,383,0,0,38.4811192325,False,8644.65118181,62.9889839155,19
energy,259,42,262,0,0,32.9857112138,False,8644.65118181,62.9889839155,19
energy,260,42,281,0,0,30.8622767828,False,8644.65118181,62.9889839155,19
energy,261,21,82,0,0,18.4161269316,False,8644.65118181,62.9889839155,19
energy,262,39,206,0,0,30.2471146504,False,8644.65118181,62.9889839155,19
energy,263,32,125,0,0,28.4937956518,False,8644.65118181,62.9889839155,19
energy,264,43,310,0,0,29.093807409,False,8644.65118181,62.9889839155,19
energy,265,35,231,0,0,25.8524252769,False,8644.65118181,62.9889839155,19
energy,266,56,684,0,0,41.0128693186,False,8644.65118181,62.9889839155,19
energy,267,38,281,0,0,30.4900380906,False,8644.65118181,62.9889839155,19
energy,268,43,388,0,0,26.7271982433,False,8644.65118181,62.9889839155,19
energy,269,47,341,0,0,34.3527368018,False,8644.65118181,62.9889839155,19
energy,270,48,369,0,0,36.6790894629,False,8644.65118181,62.9889839155,19
energy,271,28,132,0,0,20.7457974202,False,8644.65118181,62.9889839155,19
energy,272,39,317,0,0,27.5018657329,False,8644.65118181,62.9889839155,19
energy,273,19,82,0,0,12.7974420513,False,8644.65118181,62.9889839155,19
energy,274,16,59,0,0,14.9381637724,False,8644.65118181,62.9889839155,19
energy,275,40,267,0,0,28.0817557074,False,8644.65118181,62.9889839155,19
energy,276,50,438,0,0,42.1829060684,False,8644.65118181,62.9889839155,19
energy,277,46,377,0,0,30.5299314289,False,8644.65118181,62.9889839155,19
energy,278,41,447,0,0,28.8494328407,False,8644.65118181,62.9889839155,19
energy,279,36,188,0,0,28.7396174228,False,8644.65118181,62.9889839155,19
energy,280,42,433,0,0,30.8907695983,False,8644.65118181,62.9889839155,19
energy,281,38,310,0,0,25.2937824477,False,8644.65118181,62.9889839155,19
energy,282,25,145,0,0,16.2594154056,False,8644.65118181,62.9889839155,19
energy,283,28,112,0,0,25.0704463504,False,8644.65118181,62.9889839155,19
energy,284,17,81,0,0,14.0185682113,False,8644.65118181,62.9889839155,19
energy,285,27,202,0,0,17.5949865974,False,8644.65118181,62.9889839155,19
energy,286,44,236,0,0,32.1173474177,False,8644.65118181,62.9889839155,19
energy,287,37,249,0,0,29.2676590438,False,8644.65118181,62.9889839155,19
energy,288,25,107,0,0,21.9895326182,False,8644.65118181,62.9889839155,19
energy,289,18,50,0,0,17.2560702744,False,8644.65118181,62.9889839155,19
energy,290,44,363,0,0,31.8835500371,False,8644.65118181,62.9889839155,19
energy,291,28,133,0,0,21.2854076436,False,8644.65118181,62.9889839155,19
energy,292,48,408,0,0,32.069024572,False,8644.65118181,62.9889839155,19
energy,293,37,209,0,0,31.3454033479,False,8644.65118181,62.9889839155,19
energy,294,30,146,0,0,23.8962630964,False,8644.65118181,62.9889839155,19
energy,295,44,310,0,0,33.4525269345,False,8644.65118181,62.9889839155,19
energy,296,11,26,0,0,9.50553265331,False,8644.65118181,62.9889839155,19
energy,297,33,179,0,0,22.4761398642,False,8644.65118181,62.9889839155,19
energy,298,54,567,0,0,38.5204771093,False,8644.65118181,62.9889839155,19
energy,299,31,158,0,0,20.3234309319,False,8644.65118181,62.9889839155,19
energy,300,49,267,0,0,37.7346677132,False,8644.65118181,62.9889839155,19
energy,301,16,66,0,0,13.5279419142,False,8644.65118181,62.9889839155,19
energy,302,13,37,0,0,13.5312160852,False,8644.65118181,62.9889839155,19
energy,303,23,184,0,0,14.3417061417,False,8644.65118181,62.9889839155,19
energy,304,41,296,0,0,32.3892160541,False,8644.65118181,62.9889839155,19
energy,305,36,205,0,0,30.2724562756,False,8644.65118181,62.9889839155,19
energy,306,56,507,0,0,43.7793400504,False,8644.65118181,62.9889839155,19
energy,307,31,190,0,0,19.4007513155,False,8644.65118181,62.9889839155,19
energy,308,41,350,0,0,25.1194577651,False,8644.65118181,62.9889839155,19
energy,309,15,78,0,0,14.5491054001,False,8644.65118181,62.9889839155,19
energy,310,46,382,0,0,36.4404217204,False,8644.65118181,62.9889839155,19
energy,311,60,718,0,0,40.4559160737,False,8644.65118181,62.9889839155,19
energy,312,17,82,0,0,13.9091670427,False,8644.65118181,62.9889839155,19
energy,313,39,294,0,0,35.1809571947,False,8644.65118181,62.9889839155,19
energy,314,54,468,0,0,39.2941851118,False,8644.65118181,62.9889839155,19
energy,315,44,326,0,1.15730957899e-16,30.6980408984,False,8644.65118181,62.9889839155,19
energy,316,20,99,0,0,13.4540426157,False,8644.65118181,62.9889839155,19
energy,317,19,80,0,0,18.0471288343,False,8644.65118181,62.9889839155,19
energy,318,23,103,0,0,20.0140920074,False,8644.65118181,62.9889839155,19
energy,319,43,236,0,0,35.2696105996,False,8644.65118181,62.9889839155,19
energy,320,28,125,0,0,20.3299868832,False,8644.65118181,62.9889839155,19
energy,321,51,414,0,0,38.8499611555,False,8644.65118181,62.9889839155,19
energy,322,32,151,0,0,26.8138671939,False,8644.65118181,62.9889839155,19
energy,323,30,123,0,0,22.7832571066,False,8644.65118181,62.9889839155,19
energy,324,52,407,0,0,37.7213093983,False,8644.65118181,62.9889839155,19
energy,325,31,137,0,0,25.3675810981,False,8644.65118181,62.9889839155,19
energy,326,47,598,0,0,32.7441418209,False,8644.65118181,62.9889839155,19
energy,327,19,92,0,0,12.3853401222,False,8644.65118181,62.9889839155,19
energy,328,49,473,0,0,35.8028367329,False,8644.65118181,62.9889839155,19
energy,329,53,612,0,0,39.2861998874,False,8644.65118181,62.9889839155,19
energy,330,57,542,0,0,40.1913518784,False,8644.65118181,62.9889839155,19
energy,331,26,124,0,0,20.5965737651,False,8644.65118181,62.9889839155,19
energy,332,48,309,0,0,34.7394728086,False,8644.65118181,62.9889839155,19
energy,333,18,107,0,0,16.0491561174,False,8644.65118181,62.9889839155,19
energy,334,34,223,0,0,24.7335318906,False,8644.65118181,62.9889839155,19
energy,335,29,140,0,0,24.3010996745,False,8644.65118181,62.9889839155,19
energy,336,35,181,0,0,29.4375652353,False,8644.65118181,62.9889839155,19
energy,337,37,161,0,0,28.7318808727,False,8644.65118181,62.9889839155,19
energy,338,12,25,0,0,10.5168562043,False,8644.65118181,62.9889839155,19
energy,339,39,324,0,0,23.1278154068,False,8644.65118181,62.9889839155,19
energy,340,32,160,0,0,21.7723446546,False,8644.65118181,62.9889839155,19
energy,341,44,486,0,0,35.3528032771,False,8644.65118181,62.9889839155,19
energy,342,31,148,0,0,24.5851253306,False,8644.65118181,62.9889839155,19
energy,343,17,66,0,0,11.653758686,False,8644.65118181,62.9889839155,19
energy,344,10,27,0,0,9.92940528356,False,8644.65118181,62.9889839155,19
energy,345,27,187,0,0,18.5011183351,False,8644.65118181,62.9889839155,19
energy,346,27,128,0,0,23.8080111853,False,8644.65118181,62.9889839155,19
energy,347,61,619,0,0,41.8289658163,False,8644.65118181,62.9889839155,19
energy,348,34,139,0,0,25.737341891,False,8644.65118181,62.9889839155,19
energy,349,34,206,0,0,31.2995136514,False,8644.65118181,62.9889839155,19
energy,350,53,469,0,0,38.5361972907,False,8644.65118181,62.9889839155,19
energy,351,18,82,0,0,13.7686520254,False,8644.65118181,62.9889839155,19
energy,352,17,59,0,0,16.3090688501,False,8644.65118181,62.9889839155,19
energy,353,27,89,0,0,23.4593176438,False,8644.65118181,62.9889839155,19
energy,354,15,60,0,0,9.09647096456,False,8644.65118181,62.9889839155,19
energy,355,17,61,0,0,15.7708365965,False,8644.65118181,62.9889839155,19
energy,356,38,283,0,0,28.6976535104,False,8644.65118181,62.9889839155,19
energy,357,45,259,0,0,41.170077895,False,8644.65118181,62.9889839155,19
energy,358,22,119,0,0,19.4423737427,False,8644.65118181,62.9889839155,19
energy,359,31,168,0,0,22.9262743163,False,8644.65118181,62.9889839155,19
energy,360,52,512,0,0,38.4337545403,False,8644.65118181,62.9889839155,19
energy,361,43,293,0,0,30.9033847691,False,8644.65118181,62.9889839155,19
energy,362,34,201,0,0,27.5073692727,False,8644.65118181,62.9889839155,19
energy,363,16,57,0,0,16.5173786972,False,8644.65118181,62.9889839155,19
energy,364,35,286,0,0,25.3782040819,False,8644.65118181,62.9889839155,19
energy,365,16,66,0,0,12.1676135813,False,8644.65118181,62.9889839155,19
energy,366,37,215,0,0,25.0490451318,False,8644.65118181,62.9889839155,19
energy,367,32,232,0,0,29.0622311838,False,8644.65118181,62.9889839155,19
energy,368,24,133,0,0,12.7977522809,False,8644.65118181,62.9889839155,19
energy,369,31,290,0,0,20.0514895764,False,8644.65118181,62.9889839155,19
energy,370,19,80,0,0,14.1518397696,False,8644.65118181,62.9889839155,19
energy,371,25,184,0,0,14.9514875808,False,8644.65118181,62.9889839155,19
energy,372,40,293,0,0,30.8998377728,False,8644.65118181,62.9889839155,19
energy,373,27,129,0,0,20.5410717761,False,8644.65118181,62.9889839155,19
energy,374,37,280,0,0,32.1496481483,False,8644.65118181,62.9889839155,19
energy,375,36,236,0,0,26.8629861331,False,8644.65118181,62.9889839155,19
energy,376,32,196,0,0,22.8682696601,False,8644.65118181,62.9889839155,19
energy,377,17,84,0,0,14.0950669412,False,8644.65118181,62.9889839155,19
energy,378,38,182,0,0,32.8748373347,False,8644.65118181,62.9889839155,19
energy,379,21,102,0,0,19.5646048204,False,8644.65118181,62.9889839155,19
energy,380,42,204,0,0,34.1188139516,False,8644.65118181,62.9889839155,19
energy,381,53,631,0,0,36.987398859,False,8644.65118181,62.9889839155,19
energy,382,31,160,0,0,24.2242996525,False,8644.65118181,62.9889839155,19
energy,383,12,35,0,0,10.9052843812,False,8644.65118181,62.9889839155,19
energy,384,27,129,0,0,23.2992173722,False,8644.65118181,62.9889839155,19
energy,385,22,123,0,0,18.2293896084,False,8644.65118181,62.9889839155,19
energy,386,25,179,0,0,12.5283683084,False,8644.65118181,62.9889839155,19
energy,387,30,140,0,0,23.8107622306,False,8644.65118181,62.9889839155,19
energy,388,53,400,0,0,43.3329866969,False,8644.65118181,62.9889839155,19
energy,389,28,150,0,0,24.1109141596,False,8644.65118181,62.9889839155,19
energy,390,42,473,0,0,29.9120812906,False,8644.65118181,62.9889839155,19
energy,391,52,397,0,0,39.1699232408,False,8644.65118181,62.9889839155,19
energy,392,23,141,0,0,20.4442765273,False,8644.65118181,62.9889839155,19
energy,393,12,32,0,0,10.5245135419,False,8644.65118181,62.9889839155,19
energy,394,13,42,0,0,12.2908872445,False,8644.65118181,62.9889839155,19
energy,395,53,483,0,0,42.7830072042,False,8644.65118181,62.9889839155,19
energy,396,30,197,0,0,21.9135077399,False,8644.65118181,62.9889839155,19
energy,397,57,560,0,0,41.2075825159,False,8644.65118181,62.9889839155,19
energy,398,21,73,0,0,15.862818302,False,8644.65118181,62.9889839155,19
energy,399,27,114,0,0,22.8836633935,False,8644.65118181,62.9889839155,19
energy,400,56,823,0,0,39.490477009,False,8644.65118181,62.9889839155,19
energy,401,42,239,0,0,33.9889079313,False,8644.65118181,62.9889839155,19
energy,402,24,128,0,0,16.8344084439,False,8644.65118181,62.9889839155,19
energy,403,26,245,0,0,16.217436912,False,8644.65118181,62.9889839155,19
energy,404,46,308,0,0,40.0724341863,False,8644.65118181,62.9889839155,19
energy,405,22,79,0,0,20.6823511068,False,8644.65118181,62.9889839155,19
energy,406,41,326,0,0,26.9395345596,False,8644.65118181,62.9889839155,19
energy,407,30,182,0,0,21.5362356094,False,8644.65118181,62.9889839155,19
energy,408,16,43,0,0,12.9953760507,False,8644.65118181,62.9889839155,19
energy,409,39,218,0,0,30.5616846532,False,8644.65118181,62.9889839155,19
energy,410,29,140,0,0,26.6473876846,False,8644.65118181,62.9889839155,19
energy,411,57,602,0,0,41.1643968719,False,8644.65118181,62.9889839155,19
energy,412,34,157,0,0,28.0129857637,False,8644.65118181,62.9889839155,19
energy,413,24,120,0,0,19.9383550441,False,8644.65118181,62.9889839155,19
energy,414,48,401,0,0,31.4218981712,False,8644.65118181,62.9889839155,19
energy,415,47,292,0,0,39.1840715584,False,8644.65118181,62.9889839155,19
energy,416,41,304,0,0,32.4104180888,False,8644.65118181,62.9889839155,19
energy,417,25,87,0,0,20.6899096851,False,8644.65118181,62.9889839155,19
energy,418,46,403,0,0,28.8290476073,False,8644.65118181,62.9889839155,19
energy,419,51,370,0,0,36.2593721736,False,8644.65118181,62.9889839155,19
energy,420,32,264,0,0,27.6579458299,False,8644.65118181,62.9889839155,19
energy,421,51,683,0,0,36.6727971084,False,8644.65118181,62.9889839155,19
energy,422,21,91,0,0,17.7268440294,False,8644.65118181,62.9889839155,19
energy,423,37,210,0,0,28.8605966606,False,8644.65118181,62.9889839155,19
energy,424,44,350,0,0,39.1236690099,False,8644.65118181,62.9889839155,19
energy,425,25,116,0,0,20.4514763299,False,8644.65118181,62.9889839155,19
energy,426,51,376,0,0,39.1304939535,False,8644.65118181,62.9889839155,19
energy,427,25,100,0,0,19.156539152,False,8644.65118181,62.9889839155,19
energy,428,50,384,0,0,40.3089673922,False,8644.65118181,62.9889839155,19
energy,429,38,293,0,0,27.2411311745,False,8644.65118181,62.9889839155,19
energy,430,27,114,0,0,21.0891847627,False,8644.65118181,62.9889839155,19
energy,431,49,406,0,0,39.9167171785,False,8644.65118181,62.9889839155,19
energy,432,34,272,0,0,21.636671976,False,8644.65118181,62.9889839155,19
energy,433,30,131,0,0,25.660996617,False,8644.65118181,62.9889839155,19
energy,434,55,399,0,0,39.7970001241,False,8644.65118181,62.9889839155,19
energy,435,41,224,0,0,34.6311972078,False,8644.65118181,62.9889839155,19
energy,436,22,86,0,0,18.5816187278,False,8644.65118181,62.9889839155,19
energy,437,21,88,0,0,13.5563214115,False,8644.65118181,62.9889839155,19
energy,438,44,303,0,0,33.3874489155,False,8644.65118181,62.9889839155,19
energy,439,31,203,0,0,21.056329962,False,8644.65118181,62.9889839155,19
energy,440,33,201,0,0,25.8916829983,False,8644.65118181,62.9889839155,19
energy,441,16,66,0,0,12.9522667926,False,8644.65118181,62.9889839155,19
energy,442,18,74,0,0,18.2114074985,False,8644.65118181,62.9889839155,19
energy,443,49,441,0,0,34.0150563077,False,8644.65118181,62.9889839155,19
energy,444,44,348,0,0,34.5917700368,False,8644.65118181,62.9889839155,19
energy,445,41,269,0,0,38.4216366775,False,8644.65118181,62.9889839155,19
energy,446,27,128,0,0,21.8156356322,False,8644.65118181,62.9889839155,19
energy,447,45,451,0,0,30.434962016,False,8644.65118181,62.9889839155,19
energy,448,26,137,0,0,19.4680810219,False,8644.65118181,62.9889839155,19
energy,449,40,227,0,0,30.3842670383,False,8644.65118181,62.9889839155,19
energy,450,43,301,0,0,40.371548458,False,8644.65118181,62.9889839155,19
energy,451,17,68,0,0,13.1286352389,False,8644.65118181,62.9889839155,19
energy,452,25,184,0,0,13.0802917059,False,8644.65118181,62.9889839155,19
energy,453,19,69,0,0,12.8238602209,False,8644.65118181,62.9889839155,19
energy,454,22,118,0,0,15.2789499966,False,8644.65118181,62.9889839155,19
energy,455,15,57,0,0,9.54619815174,False,8644.65118181,62.9889839155,19
energy,456,38,302,0,0,23.96967698,False,8644.65118181,62.9889839155,19
energy,457,53,522,0,0,35.1416973418,False,8644.65118181,62.9889839155,19
energy,458,16,44,0,0,15.1160753838,False,8644.65118181,62.9889839155,19
energy,459,18,76,0,0,15.3448609104,False,8644.65118181,62.9889839155,19
energy,460,39,194,0,0,31.3667328465,False,8644.65118181,62.9889839155,19
energy,461,45,256,0,0,33.1455044112,False,8644.65118181,62.9889839155,19
energy,462,49,311,0,0,41.5854788279,False,8644.65118181,62.9889839155,19
energy,463,31,151,0,0,22.4989460825,False,8644.65118181,62.9889839155,19
energy,464,44,415,0,0,32.7082694305,False,8644.65118181,62.9889839155,19
energy,465,42,252,0,0,32.8396980381,False,8644.65118181,62.9889839155,19
energy,466,12,47,0,0,12.1349082224,False,8644.65118181,62.9889839155,19
energy,467,20,96,0,0,13.2597449048,False,8644.65118181,62.9889839155,19
energy,468,13,48,0,0,12.310152798,False,8644.65118181,62.9889839155,19
energy,469,18,72,0,0,13.2858240853,False,8644.65118181,62.9889839155,19
energy,470,50,405,0,0,37.6845237104,False,8644.65118181,62.9889839155,19
energy,471,23,102,0,0,20.9748555345,False,8644.65118181,62.9889839155,19
energy,472,19,70,0,0,15.7570399651,False,8644.65118181,62.9889839155,19
energy,473,33,157,0,0,26.5424524191,False,8644.65118181,62.9889839155,19
energy,474,54,468,0,0,36.7519575946,False,8644.65118181,62.9889839155,19
energy,475,26,114,0,0,17.6799682131,False,8644.65118181,62.9889839155,19
energy,476,52,612,0,0,36.7623654495,False,8644.65118181,62.9889839155,19
energy,477,45,391,0,0,30.844135936,False,8644.65118181,62.9889839155,19
energy,478,44,318,0,0,34.9261186541,False,8644.65118181,62.9889839155,19
energy,479,54,488,0,0,41.3029921057,False,8644.65118181,62.9889839155,19
energy,480,21,159,0,0,11.8054402892,False,8644.65118181,62.9889839155,19
energy,481,44,363,0,0,35.4722673085,False,8644.65118181,62.9889839155,19
energy,482,28,146,0,0,17.2486773914,False,8644.65118181,62.9889839155,19
energy,483,37,246,0,0,28.6520606069,False,8644.65118181,62.9889839155,19
energy,484,43,236,0,0,36.9015470643,False,8644.65118181,62.9889839155,19
energy,485,51,321,0,0,36.520107371,False,8644.65118181,62.9889839155,19
energy,486,42,213,0,0,31.4861994036,False,8644.65118181,62.9889839155,19
energy,487,47,379,0,0,33.842310148,False,8644.65118181,62.9889839155,19
energy,488,17,70,0,0,11.6491857804,False,8644.65118181,62.9889839155,19
energy,489,53,528,0,0,37.344531173,False,8644.65118181,62.9889839155,19
energy,490,14,45,0,0,14.1344641478,False,8644.65118181,62.9889839155,19
energy,491,46,447,0,0,31.179183838,False,8644.65118181,62.9889839155,19
energy,492,45,341,0,0,38.6773943909,False,8644.65118181,62.9889839155,19
energy,493,22,109,0,0,13.7760174328,False,8644.65118181,62.9889839155,19
energy,494,22,112,0,0,15.9225551423,False,8644.65118181,62.9889839155,19
energy,495,54,605,0,0,37.1159762774,False,8644.65118181,62.9889839155,19
energy,496,46,281,0,0,37.739071728,False,8644.65118181,62.9889839155,19
energy,497,34,197,0,0,29.696498355,False,8644.65118181,62.9889839155,19
energy,498,29,120,0,0,24.9302716368,False,8644.65118181,62.9889839155,19
energy,499,48,397,0,0,37.8410351153,False,8644.65118181,62.9889839155,19
energy,500,48,264,0,0,37.6893226905,False,8644.65118181,62.9889839155,19
energy,501,26,156,0,0,19.8479878905,False,8644.65118181,62.9889839155,19
energy,502,36,178,0,0,30.9906114124,False,8644.65118181,62.9889839155,19
energy,503,33,184,0,0,23.7446757343,False,8644.65118181,62.9889839155,19
energy,504,49,489,0,0,32.8346774876,False,8644.65118181,62.9889839155,19
energy,505,17,64,0,0,16.4104502286,False,8644.65118181,62.9889839155,19
energy,506,38,248,0,0,30.358546547,False,8644.65118181,62.9889839155,19
energy,507,46,367,0,0,31.4270960059,False,8644.65118181,62.9889839155,19
energy,508,40,226,0,0,29.3374765955,False,8644.65118181,62.9889839155,19
energy,509,31,171,0,0,23.2673103007,False,8644.65118181,62.9889839155,19
energy,510,32,175,0,0,24.7757041207,False,8644.65118181,62.9889839155,19
energy,511,14,48,0,0,8.68719789407,False,8644.65118181,62.9889839155,19
energy,512,53,488,0,0,39.5418385922,False,8644.65118181,62.9889839155,19
energy,513,27,139,0,0,21.978968753,False,8644.65118181,62.9889839155,19
energy,514,38,302,0,0,29.7644938713,False,8644.65118181,62.9889839155,19
energy,515,50,512,0,0,37.3209742789,False,8644.65118181,62.9889839155,19
energy,516,18,75,0,0,14.3446695583,False,8644.65118181,62.9889839155,19
energy,517,13,51,0,0,12.4129544746,False,8644.65118181,62.9889839155,19
energy,518,41,333,0,0,29.2305495847,False,8644.65118181,62.9889839155,19
energy,519,27,193,0,0,23.5273098712,False,8644.65118181,62.9889839155,19
energy,520,41,252,0,0,35.4431696553,False,8644.65118181,62.9889839155,19
energy,521,45,340,0,0,36.704064127,False,8644.65118181,62.9889839155,19
energy,522,35,169,0,0,25.0734343764,False,8644.65118181,62.9889839155,19
energy,523,29,149,0,0,21.7124477745,False,8644.65118181,62.9889839155,19
energy,524,39,195,0,0,31.361057587,False,8644.65118181,62.9889839155,19
energy,525,39,220,0,0,29.2870248352,False,8644.65118181,62.9889839155,19
energy,526,51,476,0,0,37.7809928268,False,8644.65118181,62.9889839155,19
energy,527,45,324,0,0,32.7764503884,False,8644.65118181,62.9889839155,19
energy,528,50,317,0,0,40.9542282202,False,8644.65118181,62.9889839155,19
energy,529,37,270,0,0,28.1753562385,False,8644.65118181,62.9889839155,19
energy,530,27,150,0,0,23.255660496,False,8644.65118181,62.9889839155,19
energy,531,50,471,0,0,37.5727742081,False,8644.65118181,62.9889839155,19
energy,532,51,307,0,0,39.0114665283,False,8644.65118181,62.9889839155,19
energy,533,22,89,0,0,17.8362786025,False,8644.65118181,62.9889839155,19
energy,534,53,560,0,0,38.5274969122,False,8644.65118181,62.9889839155,19
energy,535,47,265,0,0,38.1186729673,False,8644.65118181,62.9889839155,19
energy,536,29,184,0,0,23.8434849316,False,8644.65118181,62.9889839155,19
energy,537,43,224,0,0,32.3639611537,False,8644.65118181,62.9889839155,19
energy,538,51,625,0,0,35.978069299,False,8644.65118181,62.9889839155,19
energy,539,33,228,0,0,29.619477606,False,8644.65118181,62.9889839155,19
energy,540,37,248,0,0,29.3308192256,False,8644.65118181,62.9889839155,19
energy,541,23,112,0,0,15.1015059648,False,8644.65118181,62.9889839155,19
energy,542,20,93,0,0,13.7415312761,False,8644.65118181,62.9889839155,19
energy,543,48,272,0,0,34.2796770139,False,8644.65118181,62.9889839155,19
energy,544,17,76,0,0,11.3925787932,False,8644.65118181,62.9889839155,19
energy,545,35,161,0,0,29.5707858391,False,8644.65118181,62.9889839155,19
energy,546,42,306,0,0,33.8628602125,False,8644.65118181,62.9889839155,19
energy,547,41,217,0,0,32.7268420838,False,8644.65118181,62.9889839155,19
energy,548,38,301,0,0,31.3444537796,False,8644.65118181,62.9889839155,19
energy,549,20,113,0,0,19.2910638776,False,8644.65118181,62.9889839155,19
energy,550,26,79,0,0,24.7956941491,False,8644.65118181,62.9889839155,19
energy,551,25,127,0,0,16.5135940873,False,8644.65118181,62.9889839155,19
energy,552,48,405,0,0,38.1353152685,False,8644.65118181,62.9889839155,19
energy,553,54,443,0,0.000313778173761,41.8559951818,False,8644.65118181,62.9889839155,19
energy,554,29,137,0,0,24.8512434754,False,8644.65118181,62.9889839155,19
energy,555,46,306,0,0,36.6010570282,False,8644.65118181,62.9889839155,19
energy,556,34,200,0,0,24.7962082419,False,8644.65118181,62.9889839155,19
energy,557,21,99,0,0,17.7902897706,False,8644.65118181,62.9889839155,19
energy,558,42,310,0,0,32.8625631107,False,8644.65118181,62.9889839155,19
energy,559,28,127,0,0,25.1783875386,False,8644.65118181,62.9889839155,19
energy,560,30,167,0,0,22.4810697097,False,8644.65118181,62.9889839155,19
energy,561,33,170,0,0,25.7511765414,False,8644.65118181,62.9889839155,19
energy,562,32,142,0,0,25.4707175432,False,8644.65118181,62.9889839155,19
energy,563,19,89,0,0,13.1686912228,False,8644.65118181,62.9889839155,19
energy,564,33,199,0,0,26.1637930028,False,8644.65118181,62.9889839155,19
energy,565,41,251,0,0,30.1989353601,False,8644.65118181,62.9889839155,19
energy,566,33,157,0,0,26.8823484737,False,8644.65118181,62.9889839155,19
energy,567,37,208,0,0,30.8070257283,False,8644.65118181,62.9889839155,19
energy,568,46,342,0,0,35.0284011857,False,8644.65118181,62.9889839155,19
energy,569,57,609,0,0,37.3672571893,False,8644.65118181,62.9889839155,19
energy,570,30,257,0,0,23.9697382434,False,8644.65118181,62.9889839155,19
energy,571,31,153,0,0,21.9427883754,False,8644.65118181,62.9889839155,19
energy,572,38,198,0,0,28.6428820059,False,8644.65118181,62.9889839155,19
energy,573,46,287,0,0,32.699488322,False,8644.65118181,62.9889839155,19
energy,574,54,470,0,0,40.7717776312,False,8644.65118181,62.9889839155,19
energy,575,55,529,0,0,40.8307187073,False,8644.65118181,62.9889839155,19
energy,576,47,267,0,0,36.2021399322,False,8644.65118181,62.9889839155,19
energy,577,35,208,0,0,25.4426526811,False,8644.65118181,62.9889839155,19
energy,578,29,211,0,0,25.6766807681,False,8644.65118181,62.9889839155,19
energy,579,34,159,0,0,26.6179684866,False,8644.65118181,62.9889839155,19
energy,580,53,463,0,0,37.1971175544,False,8644.65118181,62.9889839155,19
energy,581,22,77,0,0,19.3010036823,False,8644.65118181,62.9889839155,19
energy,582,29,133,0,0,19.6322614136,False,8644.65118181,62.9889839155,19
energy,583,36,219,0,0,23.5273584087,False,8644.65118181,62.9889839155,19
energy,584,28,108,0,0,20.3962449979,False,8644.65118181,62.9889839155,19
energy,585,30,125,0,0,23.4902490826,False,8644.65118181,62.9889839155,19
energy,586,9,20,0,0,9.51126294502,False,8644.65118181,62.9889839155,19
energy,587,24,78,0,0,20.5761619346,False,8644.65118181,62.9889839155,19
energy,588,21,144,0,0,16.4969045506,False,8644.65118181,62.9889839155,19
energy,589,52,604,0,0,36.4138485759,False,8644.65118181,62.9889839155,19
energy,590,56,654,0,0,44.3844788036,False,8644.65118181,62.9889839155,19
energy,591,17,65,0,0,10.3447651401,False,8644.65118181,62.9889839155,19
energy,592,43,270,0,0,35.2933240253,False,8644.65118181,62.9889839155,19
energy,593,52,594,0,0,35.0252310074,False,8644.65118181,62.9889839155,19
energy,594,46,270,0,0,35.6794335455,False,8644.65118181,62.9889839155,19
energy,595,50,404,0,0,40.3788031702,False,8644.65118181,62.9889839155,19
energy,596,15,53,0,0,16.3556587071,False,8644.65118181,62.9889839155,19
energy,597,25,105,0,0,21.4948110683,False,8644.65118181,62.9889839155,19
energy,598,41,286,0,0,28.7273661518,False,8644.65118181,62.9889839155,19
energy,599,53,383,0,0,43.7864847762,False,8644.65118181,62.9889839155,19
energy,600,42,303,0,0,31.3290442159,False,8644.65118181,62.9889839155,19
energy,601,44,263,0,0,38.2561520053,False,8644.65118181,62.9889839155,19
energy,602,21,66,0,0,14.4801372485,False,8644.65118181,62.9889839155,19
energy,603,42,355,0,0,26.1358533316,False,8644.65118181,62.9889839155,19
energy,604,16,42,0,0,17.1219019117,False,8644.65118181,62.9889839155,19
energy,605,39,215,0,0,29.979332495,False,8644.65118181,62.9889839155,19
energy,606,45,279,0,0,32.8137847275,False,8644.65118181,62.9889839155,19
energy,607,34,275,0,0,24.9464822105,False,8644.65118181,62.9889839155,19
energy,608,19,97,0,0,17.7714365125,False,8644.65118181,62.9889839155,19
energy,609,47,579,0,0,34.6243293161,False,8644.65118181,62.9889839155,19
energy,610,23,79,0,0,15.805911724,False,8644.65118181,62.9889839155,19
energy,611,48,402,0,0,34.3714715339,False,8644.65118181,62.9889839155,19
energy,612,29,202,0,0,25.1625550804,False,8644.65118181,62.9889839155,19
energy,613,29,256,0,0,26.1451777278,False,8644.65118181,62.9889839155,19
energy,614,43,315,0,0,34.5971414311,False,8644.65118181,62.9889839155,19
energy,615,53,463,0,0,39.7961452167,False,8644.65118181,62.9889839155,19
energy,616,37,196,0,0,30.7822583212,False,8644.65118181,62.9889839155,19
energy,617,29,150,0,0,18.029661544,False,8644.65118181,62.9889839155,19
energy,618,20,85,0,0,15.7457994008,False,8644.65118181,62.9889839155,19
energy,619,10,24,0,0,10.1332187276,False,8644.65118181,62.9889839155,19
energy,620,36,202,0,0,29.1276139093,False,8644.65118181,62.9889839155,19
energy,621,54,411,0,0,44.6252566695,False,8644.65118181,62.9889839155,19
energy,622,35,192,0,0,28.0445935701,False,8644.65118181,62.9889839155,19
energy,623,50,379,0,0,40.7272353875,False,8644.65118181,62.9889839155,19
energy,624,38,199,0,0,32.1897439808,False,8644.65118181,62.9889839155,19
energy,625,34,171,0,0,26.9758679214,False,8644.65118181,62.9889839155,19
energy,626,37,224,0,0,33.1228771807,False,8644.65118181,62.9889839155,19
energy,627,45,382,0,0,32.7052694476,False,8644.65118181,62.9889839155,19
energy,628,45,406,0,0,31.4579336607,False,8644.65118181,62.9889839155,19
energy,629,23,161,0,0,19.7977520647,False,8644.65118181,62.9889839155,19
energy,630,13,42,0,0,11.1146334858,False,8644.65118181,62.9889839155,19
energy,631,44,317,0,0,32.6246303442,False,8644.65118181,62.9889839155,19
energy,632,37,374,0,0,32.9045676457,False,8644.65118181,62.9889839155,19
energy,633,51,516,0,0,39.6879569233,False,8644.65118181,62.9889839155,19
energy,634,38,261,0,0,29.2852635255,False,8644.65118181,62.9889839155,19
energy,635,47,543,0,0,33.7111646722,False,8644.65118181,62.9889839155,19
energy,636,17,59,0,0,12.0184770664,False,8644.65118181,62.9889839155,19
energy,637,49,413,0,0,32.7961661549,False,8644.65118181,62.9889839155,19
energy,638,36,228,0,0,28.1314891596,False,8644.65118181,62.9889839155,19
energy,639,31,153,0,0,23.0466858568,False,8644.65118181,62.9889839155,19
energy,640,47,449,0,0,34.3024018722,False,8644.65118181,62.9889839155,19
energy,641,42,347,0,0,28.3831921419,False,8644.65118181,62.9889839155,19
energy,642,15,57,0,0,14.1796238721,False,8644.65118181,62.9889839155,19
energy,643,32,235,0,0,22.1894037916,False,8644.65118181,62.9889839155,19
energy,644,26,136,0,0,21.2106440622,False,8644.65118181,62.9889839155,19
energy,645,18,55,0,0,16.7127762737,False,8644.65118181,62.9889839155,19
energy,646,41,197,0,0,33.9338617743,False,8644.65118181,62.9889839155,19
energy,647,43,335,0,0,29.0717011311,False,8644.65118181,62.9889839155,19
energy,648,35,141,0,0,31.1451992791,False,8644.65118181,62.9889839155,19
energy,649,20,81,0,0,12.4957769664,False,8644.65118181,62.9889839155,19
energy,650,35,215,0,0,25.4340082554,False,8644.65118181,62.9889839155,19
energy,651,37,209,0,0,26.1227228512,False,8644.65118181,62.9889839155,19
energy,652,40,339,0,0,28.9697385658,False,8644.65118181,62.9889839155,19
energy,653,39,205,0,0,29.8647589695,False,8644.65118181,62.9889839155,19
energy,654,26,165,0,0,19.2052964596,False,8644.65118181,62.9889839155,19
energy,655,50,454,0,0,34.6329237454,False,8644.65118181,62.9889839155,19
energy,656,31,137,0,0,24.4414967224,False,8644.65118181,62.9889839155,19
energy,657,24,124,0,0,15.8278394552,False,8644.65118181,62.9889839155,19
energy,658,33,239,0,0,26.0569943705,False,8644.65118181,62.9889839155,19
energy,659,19,81,0,0,19.2965885108,False,8644.65118181,62.9889839155,19
energy,660,15,40,0,0,13.6606417305,False,8644.65118181,62.9889839155,19
energy,661,25,192,0,0,16.4325373824,False,8644.65118181,62.9889839155,19
energy,662,24,112,0,0,15.5175183227,False,8644.65118181,62.9889839155,19
energy,663,26,135,0,0,22.0369093898,False,8644.65118181,62.9889839155,19
energy,664,16,79,0,0,12.2057372288,False,8644.65118181,62.9889839155,19
energy,665,40,245,0,0,29.1917559844,False,8644.65118181,62.9889839155,19
energy,666,51,451,0,0,40.5112136515,False,8644.65118181,62.9889839155,19
energy,667,42,261,0,0,34.9004362855,False,8644.65118181,62.9889839155,19
energy,668,35,307,0,0,21.8492729156,False,8644.65118181,62.9889839155,19
energy,669,25,153,0,0,17.5775821149,False,8644.65118181,62.9889839155,19
energy,670,19,96,0,0,17.8810183742,False,8644.65118181,62.9889839155,19
energy,671,32,160,0,0,21.3760810206,False,8644.65118181,62.9889839155,19
energy,672,21,98,0,0,17.5612414062,False,8644.65118181,62.9889839155,19
energy,673,50,447,0,0,40.2924436039,False,8644.65118181,62.9889839155,19
energy,674,47,415,0,0,36.8491632789,False,8644.65118181,62.9889839155,19
energy,675,36,254,0,0,26.6546921899,False,8644.65118181,62.9889839155,19
energy,676,59,480,0,0,45.6135800521,False,8644.65118181,62.9889839155,19
energy,677,39,239,0,0,27.1691916928,False,8644.65118181,62.9889839155,19
energy,678,32,224,0,0,28.5046980981,False,8644.65118181,62.9889839155,19
energy,679,45,381,0,0,30.5622477477,False,8644.65118181,62.9889839155,19
energy,680,22,86,0,0,14.8602796413,False,8644.65118181,62.9889839155,19
energy,681,42,211,0,0,34.4607795723,False,8644.65118181,62.9889839155,19
energy,682,46,383,0,0,29.7692978007,False,8644.65118181,62.9889839155,19
energy,683,49,345,0,0,39.2045365964,False,8644.65118181,62.9889839155,19
energy,684,55,370,0,0,38.7855105339,False,8644.65118181,62.9889839155,19
energy,685,38,319,0,0,26.1238861111,False,8644.65118181,62.9889839155,19
energy,686,37,299,0,0,25.2928784371,False,8644.65118181,62.9889839155,19
energy,687,28,142,0,0,20.3139312595,False,8644.65118181,62.9889839155,19
energy,688,22,101,0,0,20.4133487624,False,8644.65118181,62.9889839155,19
energy,689,35,174,0,0,27.2999049608,False,8644.65118181,62.9889839155,19
energy,690,56,437,0,0,43.9180853085,False,8644.65118181,62.9889839155,19
energy,691,46,284,0,0,37.5299772114,False,8644.65118181,62.9889839155,19
energy,692,42,359,0,0,33.4571155311,False,8644.65118181,62.9889839155,19
energy,693,54,545,0,0,41.5360880157,False,8644.65118181,62.9889839155,19
energy,694,41,239,0,0,31.9503051383,False,8644.65118181,62.9889839155,19
energy,695,45,231,0,0,37.956798097,False,8644.65118181,62.9889839155,19
energy,696,21,103,0,0,14.0928572997,False,8644.65118181,62.9889839155,19
energy,697,28,162,0,0,23.3461516406,False,8644.65118181,62.9889839155,19
energy,698,25,92,0,0,20.8820647566,False,8644.65118181,62.9889839155,19
energy,699,45,354,0,0,38.3185278902,False,8644.65118181,62.9889839155,19
energy,700,42,293,0,0,28.4321108728,False,8644.65118181,62.9889839155,19
energy,701,42,318,0,0,31.8180856954,False,8644.65118181,62.9889839155,19
energy,702,33,201,0,0,27.6872156538,False,8644.65118181,62.9889839155,19
energy,703,32,294,0,0,21.30685414,False,8644.65118181,62.9889839155,19
energy,704,34,275,0,0,25.750282543,False,8644.65118181,62.9889839155,19
energy,705,16,62,0,0,12.9165053941,False,8644.65118181,62.9889839155,19
energy,706,42,333,0,0,33.0023046726,False,8644.65118181,62.9889839155,19
energy,707,28,137,0,0,25.3529745457,False,8644.65118181,62.9889839155,19
energy,708,52,514,0,0,39.9572896926,False,8644.65118181,62.9889839155,19
energy,709,15,52,0,0,12.5390091074,False,8644.65118181,62.9889839155,19
energy,710,37,208,0,0,31.8415588618,False,8644.65118181,62.9889839155,19
energy,711,28,136,0,0,20.24317766,False,8644.65118181,62.9889839155,19
energy,712,35,187,0,0,27.39424139,False,8644.65118181,62.9889839155,19
energy,713,31,142,0,0,28.380528516,False,8644.65118181,62.9889839155,19
energy,714,45,319,0,0,31.9642427782,False,8644.65118181,62.9889839155,19
energy,715,36,263,0,0,23.7633722336,False,8644.65118181,62.9889839155,19
energy,716,51,660,0,0,35.3297884365,False,8644.65118181,62.9889839155,19
energy,717,43,242,0,0,37.7714736799,False,8644.65118181,62.9889839155,19
energy,718,43,380,0,0,34.3894455814,False,8644.65118181,62.9889839155,19
energy,719,44,229,0,0,34.2608224934,False,8644.65118181,62.9889839155,19
energy,720,15,46,0,0,12.1033317859,False,8644.65118181,62.9889839155,19
energy,721,24,91,0,0,21.9992370972,False,8644.65118181,62.9889839155,19
energy,722,50,443,0,0,39.1271699504,False,8644.65118181,62.9889839155,19
energy,723,28,160,0,0,23.0024970849,False,8644.65118181,62.9889839155,19
energy,724,43,325,0,0,34.0471525645,False,8644.65118181,62.9889839155,19
energy,725,28,157,0,0,17.8377005481,False,8644.65118181,62.9889839155,19
energy,726,20,118,0,0,10.7366683592,False,8644.65118181,62.9889839155,19
energy,727,42,255,0,0,36.7395072679,False,8644.65118181,62.9889839155,19
energy,728,32,188,0,0,26.9331967417,False,8644.65118181,62.9889839155,19
energy,729,39,196,0,0,36.835058659,False,8644.65118181,62.9889839155,19
energy,730,48,309,0,0,35.4694586422,False,8644.65118181,62.9889839155,19
energy,731,46,335,0,0,31.4237435929,False,8644.65118181,62.9889839155,19
energy,732,38,229,0,0,30.8783878857,False,8644.65118181,62.9889839155,19
energy,733,36,162,0,0,32.4958485316,False,8644.65118181,62.9889839155,19
energy,734,13,36,0,0,9.60340544068,False,8644.65118181,62.9889839155,19
energy,735,39,333,0,0,29.3926051363,False,8644.65118181,62.9889839155,19
energy,736,56,428,0,0,42.5744724846,False,8644.65118181,62.9889839155,19
energy,737,36,157,0,0.00256464487174,30.2097156766,False,8644.65118181,62.9889839155,19
energy,738,47,281,0,0,36.6391711053,False,8644.65118181,62.9889839155,19
energy,739,24,149,0,0,17.8146594696,False,8644.65118181,62.9889839155,19
energy,740,27,132,0,0,23.3846222491,False,8644.65118181,62.9889839155,19
energy,741,31,166,0,0,27.5129610528,False,8644.65118181,62.9889839155,19
energy,742,27,118,0,0,22.0994490145,False,8644.65118181,62.9889839155,19
energy,743,33,155,0,0,23.153292552,False,8644.65118181,62.9889839155,19
energy,744,17,60,0,0,15.023357869,False,8644.65118181,62.9889839155,19
energy,745,23,127,0,0,13.1247872334,False,8644.65118181,62.9889839155,19
energy,746,17,61,0,0,16.5699276884,False,8644.65118181,62.9889839155,19
energy,747,36,204,0,0,26.0031379916,False,8644.65118181,62.9889839155,19
energy,748,49,414,0,0,33.2428488143,False,8644.65118181,62.9889839155,19
energy,749,37,216,0,0,29.9687232532,False,8644.65118181,62.9889839155,19
energy,750,28,135,0,0,21.6305934019,False,8644.65118181,62.9889839155,19
energy,751,58,587,0,0,40.6989509966,False,8644.65118181,62.9889839155,19
energy,752,49,365,0,0,35.2335695826,False,8644.65118181,62.9889839155,19
energy,753,46,292,0,0,36.8367007632,False,8644.65118181,62.9889839155,19
energy,754,41,229,0,0,31.5876132919,False,8644.65118181,62.9889839155,19
energy,755,39,236,0,0,32.6425245504,False,8644.65118181,62.9889839155,19
energy,756,33,134,0,0,30.3068821833,False,8644.65118181,62.9889839155,19
energy,757,37,246,0,0,25.8571288685,False,8644.65118181,62.9889839155,19
energy,758,38,292,0,0,28.4245981473,False,8644.65118181,62.9889839155,19
energy,759,42,255,0,0,31.4351089168,False,8644.65118181,62.9889839155,19
energy,760,52,399,0,0,40.9411741748,False,8644.65118181,62.9889839155,19
energy,761,13,53,0,0,9.0581110775,False,8644.65118181,62.9889839155,19
energy,762,38,241,0,0,32.0581213513,False,8644.65118181,62.9889839155,19
energy,763,27,133,0,0,24.4278317311,False,8644.65118181,62.9889839155,19
energy,764,32,182,0,0,24.266489073,False,8644.65118181,62.9889839155,19
energy,765,40,313,0,0,32.2616026064,False,8644.65118181,62.9889839155,19
energy,766,26,86,0,0,23.5166757889,False,8644.65118181,62.9889839155,19
energy,767,37,230,0,0,30.8232839742,False,8644.65118181,62.9889839155,19
energy,768,41,318,0,0,26.5276371518,False,8644.65118181,62.9889839155,19
energy,769,48,362,0,0,34.5243144923,False,8644.65118181,62.9889839155,19
energy,770,59,694,0,0,46.0705988697,False,8644.65118181,62.9889839155,19
energy,771,53,477,0,0,39.1612361191,False,8644.65118181,62.9889839155,19
energy,772,33,291,0,0,19.4806852271,False,8644.65118181,62.9889839155,19
energy,773,14,38,0,0,13.1695298992,False,8644.65118181,62.9889839155,19
energy,774,57,603,0,0,43.9392584884,False,8644.65118181,62.9889839155,19
energy,775,31,152,0,0,20.6201721998,False,8644.65118181,62.9889839155,19
energy,776,31,153,0,0,24.4592209445,False,8644.65118181,62.9889839155,19
energy,777,23,117,0,0,15.5758514987,False,8644.65118181,62.9889839155,19
energy,778,18,80,0,0,13.9348801159,False,8644.65118181,62.9889839155,19
energy,779,23,97,0,0,17.5296274765,False,8644.65118181,62.9889839155,19
energy,780,24,175,0,0,19.9267645361,False,8644.65118181,62.9889839155,19
energy,781,30,168,0,0,20.1660236842,False,8644.65118181,62.9889839155,19
energy,782,48,456,0,0,39.0600056751,False,8644.65118181,62.9889839155,19
energy,783,28,204,0,0,25.4889346536,False,8644.65118181,62.9889839155,19
energy,784,24,99,0,0,16.1541738541,False,8644.65118181,62.9889839155,19
energy,785,41,240,0,0,35.4637750204,False,8644.65118181,62.9889839155,19
energy,786,55,435,0,0,39.894992101,False,8644.65118181,62.9889839155,19
energy,787,34,182,0,0,27.8992162984,False,8644.65118181,62.9889839155,19
energy,788,43,286,0,0,33.4539603849,False,8644.65118181,62.9889839155,19
energy,789,34,192,0,0,24.5121978423,False,8644.65118181,62.9889839155,19
energy,790,26,128,0,0,20.1746469227,False,8644.65118181,62.9889839155,19
energy,791,19,79,0,0,15.8901232483,False,8644.65118181,62.9889839155,19
energy,792,39,274,0,0,32.7114940063,False,8644.65118181,62.9889839155,19
energy,793,45,399,0,0,30.5126129555,False,8644.65118181,62.9889839155,19
energy,794,45,287,0,0,35.7406678626,False,8644.65118181,62.9889839155,19
energy,795,50,405,0,0,36.2534518724,False,8644.65118181,62.9889839155,19
energy,796,36,248,0,0,29.3304724602,False,8644.65118181,62.9889839155,19
energy,797,41,242,0,0,29.6868954677,False,8644.65118181,62.9889839155,19
energy,798,46,344,0,0,36.1353712889,False,8644.65118181,62.9889839155,19
energy,799,46,427,0,0,33.0869698629,False,8644.65118181,62.9889839155,19
energy,800,21,73,0,0,17.3307967038,False,8644.65118181,62.9889839155,19
energy,801,36,253,0,0,24.4976561786,False,8644.65118181,62.9889839155,19
energy,802,36,237,0,0,28.3026026064,False,8644.65118181,62.9889839155,19
energy,803,21,110,0,0,13.7356680238,False,8644.65118181,62.9889839155,19
energy,804,37,224,0,0,24.9203463633,False,8644.65118181,62.9889839155,19
energy,805,46,340,0,0,38.0827007878,False,8644.65118181,62.9889839155,19
energy,806,13,28,0,0,11.4293898836,False,8644.65118181,62.9889839155,19
energy,807,36,197,0,0,27.7584621236,False,8644.65118181,62.9889839155,19
energy,808,57,565,0,0,40.9121372783,False,8644.65118181,62.9889839155,19
energy,809,35,183,0,0,25.5772520333,False,8644.65118181,62.9889839155,19
energy,810,38,238,0,0,30.201603477,False,8644.65118181,62.9889839155,19
energy,811,28,126,0,0,19.2489138763,False,8644.65118181,62.9889839155,19
energy,812,20,96,0,0,13.7604186254,False,8644.65118181,62.9889839155,19
energy,813,26,114,0,0,19.6928225272,False,8644.65118181,62.9889839155,19
energy,814,55,432,0,0,40.8874820749,False,8644.65118181,62.9889839155,19
energy,815,24,92,0,0,15.8649097942,False,8644.65118181,62.9889839155,19
energy,816,33,293,0,0,20.2550816737,False,8644.65118181,62.9889839155,19
energy,817,52,386,0,0,40.6588177947,False,8644.65118181,62.9889839155,19
energy,818,23,127,0,0,18.0822422896,False,8644.65118181,62.9889839155,19
energy,819,10,30,0,0,7.43993044902,False,8644.65118181,62.9889839155,19
energy,820,42,219,0,0,34.6766362021,False,8644.65118181,62.9889839155,19
energy,821,34,244,0,0,28.5829982987,False,8644.65118181,62.9889839155,19
energy,822,47,344,0,0,34.2638300871,False,8644.65118181,62.9889839155,19
energy,823,22,111,0,0,14.7290191703,False,8644.65118181,62.9889839155,19
energy,824,23,99,0,0,17.9891087217,False,8644.65118181,62.9889839155,19
energy,825,47,367,0,0,36.8550564564,False,8644.65118181,62.9889839155,19
energy,826,22,86,0,0,16.7212907005,False,8644.65118181,62.9889839155,19
energy,827,57,540,0,0,40.4451216518,False,8644.65118181,62.9889839155,19
energy,828,18,72,0,0,13.5677532811,False,8644.65118181,62.9889839155,19
energy,829,28,149,0,0,20.8747991715,False,8644.65118181,62.9889839155,19
energy,830,48,417,0,0,35.3271661974,False,8644.65118181,62.9889839155,19
energy,831,28,173,0,0,22.0294778558,False,8644.65118181,62.9889839155,19
energy,832,27,129,0,0,24.4073930622,False,8644.65118181,62.9889839155,19
energy,833,18,77,0,0,15.3923187537,False,8644.65118181,62.9889839155,19
energy,834,37,297,0,0,20.702456781,False,8644.65118181,62.9889839155,19
energy,835,28,141,0,0,21.7008358343,False,8644.65118181,62.9889839155,19
energy,836,50,470,0,0,32.8495985128,False,8644.65118181,62.9889839155,19
energy,837,16,58,0,0,11.4370205861,False,8644.65118181,62.9889839155,19
energy,838,33,182,0,0,26.8091214324,False,8644.65118181,62.9889839155,19
energy,839,11,33,0,0,8.63501241906,False,8644.65118181,62.9889839155,19
energy,840,49,325,0,0,37.0982696619,False,8644.65118181,62.9889839155,19
energy,841,48,277,0,0,36.8690651499,False,8644.65118181,62.9889839155,19
energy,842,40,242,0,0,32.1304075557,False,8644.65118181,62.9889839155,19
energy,843,41,310,0,0,30.96077899,False,8644.65118181,62.9889839155,19
energy,844,55,401,0,0,40.1861735188,False,8644.65118181,62.9889839155,19
energy,845,37,309,0,0,28.7458264564,False,8644.65118181,62.9889839155,19
energy,846,18,66,0,0,11.0923102209,False,8644.65118181,62.9889839155,19
energy,847,37,278,0,0,25.7214874666,False,8644.65118181,62.9889839155,19
energy,848,28,138,0,0,22.972113452,False,8644.65118181,62.9889839155,19
energy,849,13,51,0,0,12.7538054467,False,8644.65118181,62.9889839155,19
energy,850,27,186,0,0,18.5758683419,False,8644.65118181,62.9889839155,19
energy,851,33,141,0,0,22.5808362005,False,8644.65118181,62.9889839155,19
energy,852,47,284,0,0,37.549168978,False,8644.65118181,62.9889839155,19
energy,853,28,163,0,0,22.9538259115,False,8644.65118181,62.9889839155,19
energy,854,18,80,0,0,10.0790391745,False,8644.65118181,62.9889839155,19
energy,855,21,98,0,0,19.9063422776,False,8644.65118181,62.9889839155,19
energy,856,41,288,0,0,32.9527592081,False,8644.65118181,62.9889839155,19
energy,857,54,467,0,0,36.7897556994,False,8644.65118181,62.9889839155,19
energy,858,17,62,0,0,13.7853175185,False,8644.65118181,62.9889839155,19
energy,859,28,144,0,0,19.9034725856,False,8644.65118181,62.9889839155,19
energy,860,33,146,0,0,29.4866415199,False,8644.65118181,62.9889839155,19
energy,861,47,259,0,0,40.2243453364,False,8644.65118181,62.9889839155,19
energy,862,21,84,0,0,19.9521173538,False,8644.65118181,62.9889839155,19
energy,863,20,61,0,0,17.8398674922,False,8644.65118181,62.9889839155,19
energy,864,24,93,0,0,17.6492776034,False,8644.65118181,62.9889839155,19
energy,865,32,150,0,0,27.9140997431,False,8644.65118181,62.9889839155,19
energy,866,47,346,0,0,37.695183819,False,8644.65118181,62.9889839155,19
energy,867,35,177,0,0,29.7735666623,False,8644.65118181,62.9889839155,19
energy,868,23,111,0,0,14.7247562547,False,8644.65118181,62.9889839155,19
energy,869,29,131,0,0,21.634513056,False,8644.65118181,62.9889839155,19
energy,870,51,434,0,0,39.1530738372,False,8644.65118181,62.9889839155,19
energy,871,14,53,0,0,12.3700916765,False,8644.65118181,62.9889839155,19
energy,872,20,82,0,0,16.3401778075,False,8644.65118181,62.9889839155,19
energy,873,14,64,0,0,10.6552045647,False,8644.65118181,62.9889839155,19
energy,874,56,616,0,0,42.4100723998,False,8644.65118181,62.9889839155,19
energy,875,24,96,0,0,20.2080922375,False,8644.65118181,62.9889839155,19
energy,876,43,285,0,0,32.336960836,False,8644.65118181,62.9889839155,19
energy,877,38,293,0,0,26.521858779,False,8644.65118181,62.9889839155,19
energy,878,23,96,0,0,17.8895291415,False,8644.65118181,62.9889839155,19
energy,879,54,572,0,0,38.1054515607,False,8644.65118181,62.9889839155,19
energy,880,34,179,0,0,23.5847479308,False,8644.65118181,62.9889839155,19
energy,881,14,47,0,0,12.9193534112,False,8644.65118181,62.9889839155,19
energy,882,33,207,0,0,22.2285477868,False,8644.65118181,62.9889839155,19
energy,883,38,243,0,0,26.1771516719,False,8644.65118181,62.9889839155,19
energy,884,22,108,0,0,17.198508701,False,8644.65118181,62.9889839155,19
energy,885,35,145,0,0,31.4172577199,False,8644.65118181,62.9889839155,19
energy,886,34,331,0,0,29.5384970121,False,8644.65118181,62.9889839155,19
energy,887,46,410,0,0,31.9631961753,False,8644.65118181,62.9889839155,19
energy,888,36,234,0,0,24.6598420676,False,8644.65118181,62.9889839155,19
energy,889,24,110,0,0,17.8572275956,False,8644.65118181,62.9889839155,19
energy,890,20,63,0,0,17.769287152,False,8644.65118181,62.9889839155,19
energy,891,22,84,0,0,17.8147807436,False,8644.65118181,62.9889839155,19
energy,892,48,309,0,0,36.096144087,False,8644.65118181,62.9889839155,19
energy,893,21,110,0,0,13.7354775432,False,8644.65118181,62.9889839155,19
energy,894,26,186,0,0,22.4070509237,False,8644.65118181,62.9889839155,19
energy,895,48,341,0,0,38.5946025468,False,8644.65118181,62.9889839155,19
energy,896,37,184,0,0,26.5091559374,False,8644.65118181,62.9889839155,19
energy,897,39,256,0,0,33.6011325809,False,8644.65118181,62.9889839155,19
energy,898,38,195,0,0,32.0697955855,False,8644.65118181,62.9889839155,19
energy,899,31,162,0,0,21.7109322753,False,8644.65118181,62.9889839155,19
energy,900,39,208,0,0,26.8350997921,False,8644.65118181,62.9889839155,19
energy,901,32,278,0,0,25.6497039874,False,8644.65118181,62.9889839155,19
energy,902,39,236,0,0,32.4525721604,False,8644.65118181,62.9889839155,19
energy,903,38,264,0,0,29.1102056284,False,8644.65118181,62.9889839155,19
energy,904,54,491,0,0,38.9714237486,False,8644.65118181,62.9889839155,19
energy,905,50,378,0,0,35.0327100142,False,8644.65118181,62.9889839155,19
energy,906,41,270,0,0,30.2832878941,False,8644.65118181,62.9889839155,19
energy,907,17,58,0,0,12.3765625919,False,8644.65118181,62.9889839155,19
energy,908,35,147,0,0,29.1586413615,False,8644.65118181,62.9889839155,19
energy,909,53,568,0,0,41.7856307974,False,8644.65118181,62.9889839155,19
energy,910,31,131,0,0,24.113231199,False,8644.65118181,62.9889839155,19
energy,911,31,212,0,0,20.8362331383,False,8644.65118181,62.9889839155,19
energy,912,41,293,0,0,30.5503416166,False,8644.65118181,62.9889839155,19
energy,913,33,167,0,0,24.7652278421,False,8644.65118181,62.9889839155,19
energy,914,22,69,0,0,22.4802195465,False,8644.65118181,62.9889839155,19
energy,915,33,220,0,0,24.3403924808,False,8644.65118181,62.9889839155,19
energy,916,34,196,0,0,28.859804628,False,8644.65118181,62.9889839155,19
energy,917,16,56,0,0,15.9541259984,False,8644.65118181,62.9889839155,19
energy,918,34,201,0,0,28.4323217635,False,8644.65118181,62.9889839155,19
energy,919,48,522,0,0,33.0210489534,False,8644.65118181,62.9889839155,19
energy,920,22,79,0,0,18.7814063833,False,8644.65118181,62.9889839155,19
energy,921,30,205,0,0,20.6158212761,False,8644.65118181,62.9889839155,19
energy,922,37,198,0,0,28.8818757037,False,8644.65118181,62.9889839155,19
energy,923,16,82,0,0,10.5342383862,False,8644.65118181,62.9889839155,19
energy,924,51,497,0,0,38.5328831492,False,8644.65118181,62.9889839155,19
energy,925,58,574,0,0,44.4308731204,False,8644.65118181,62.9889839155,19
energy,926,39,224,0,0,29.8683156683,False,8644.65118181,62.9889839155,19
energy,927,36,188,0,0,26.9097206459,False,8644.65118181,62.9889839155,19
energy,928,26,125,0,0,22.2341365379,False,8644.65118181,62.9889839155,19
energy,929,38,306,0,0,28.3110216372,False,8644.65118181,62.9889839155,19
energy,930,50,505,0,0,33.0924355542,False,8644.65118181,62.9889839155,19
energy,931,28,120,0,0,22.3184086448,False,8644.65118181,62.9889839155,19
energy,932,28,126,0,0,21.8295315935,False,8644.65118181,62.9889839155,19
energy,933,31,176,0,0,23.1338190408,False,8644.65118181,62.9889839155,19
energy,934,13,41,0,0,10.1507772052,False,8644.65118181,62.9889839155,19
energy,935,19,87,0,0,17.0447611061,False,8644.65118181,62.9889839155,19
energy,936,21,95,0,0,18.9812384344,False,8644.65118181,62.9889839155,19
energy,937,36,215,0,0,30.7389205791,False,8644.65118181,62.9889839155,19
energy,938,48,343,0,0,40.1369116702,False,8644.65118181,62.9889839155,19
energy,939,43,273,0,0,29.4376208641,False,8644.65118181,62.9889839155,19
energy,940,35,188,0,0,27.0061964625,False,8644.65118181,62.9889839155,19
energy,941,23,133,0,0,16.3613576266,False,8644.65118181,62.9889839155,19
energy,942,35,258,0,0,21.1874746,False,8644.65118181,62.9889839155,19
energy,943,18,80,0,0,13.874496115,False,8644.65118181,62.9889839155,19
energy,944,56,518,0,0,41.3910525609,False,8644.65118181,62.9889839155,19
energy,945,40,264,0,0,27.4600096637,False,8644.65118181,62.9889839155,19
energy,946,34,157,0,0,27.3476934608,False,8644.65118181,62.9889839155,19
energy,947,22,118,0,0,19.8307141916,False,8644.65118181,62.9889839155,19
energy,948,25,187,0,0,17.2784772835,False,8644.65118181,62.9889839155,19
energy,949,37,202,0,0,28.3233761648,False,8644.65118181,62.9889839155,19
energy,950,52,542,0,0,34.2354841688,False,8644.65118181,62.9889839155,19
energy,951,27,126,0,0,20.7913527298,False,8644.65118181,62.9889839155,19
energy,952,36,230,0,0,27.3802676694,False,8644.65118181,62.9889839155,19
energy,953,29,133,0,0,24.931046501,False,8644.65118181,62.9889839155,19
energy,954,24,132,0,0,14.2981463333,False,8644.65118181,62.9889839155,19
energy,955,26,144,0,0,16.8018047768,False,8644.65118181,62.9889839155,19
energy,956,23,93,0,0,18.3323322727,False,8644.65118181,62.9889839155,19
energy,957,40,273,0,0,32.8737373458,False,8644.65118181,62.9889839155,19
energy,958,31,184,0,0,22.0194141641,False,8644.65118181,62.9889839155,19
energy,959,38,292,0,0,28.5910258896,False,8644.65118181,62.9889839155,19
energy,960,39,244,0,0,31.1822109065,False,8644.65118181,62.9889839155,19
energy,961,45,247,0,0,38.0637017814,False,8644.65118181,62.9889839155,19
energy,962,43,377,0,0,32.1960073761,False,8644.65118181,62.9889839155,19
energy,963,16,51,0,0,11.2716171971,False,8644.65118181,62.9889839155,19
energy,964,32,146,0,0,29.9290291928,False,8644.65118181,62.9889839155,19
energy,965,27,129,0,0,20.4884761938,False,8644.65118181,62.9889839155,19
energy,966,16,54,0,0,13.5502181136,False,8644.65118181,62.9889839155,19
energy,967,24,135,0,0,22.6070217508,False,8644.65118181,62.9889839155,19
energy,968,27,115,0,0,20.872057667,False,8644.65118181,62.9889839155,19
energy,969,40,316,0,0,35.2242860935,False,8644.65118181,62.9889839155,19
energy,970,17,71,0,0,11.451152973,False,8644.65118181,62.9889839155,19
energy,971,22,132,0,0,19.1479413667,False,8644.65118181,62.9889839155,19
energy,972,20,88,0,0,16.7733601406,False,8644.65118181,62.9889839155,19
energy,973,30,163,0,0,26.5466536809,False,8644.65118181,62.9889839155,19
energy,974,35,240,0,0,23.6990838972,False,8644.65118181,62.9889839155,19
energy,975,46,354,0,0,35.8056685564,False,8644.65118181,62.9889839155,19
energy,976,53,366,0,0,38.8488572866,False,8644.65118181,62.9889839155,19
energy,977,32,146,0,0,21.2153024376,False,8644.65118181,62.9889839155,19
energy,978,30,132,0,0,22.4872117991,False,8644.65118181,62.9889839155,19
energy,979,51,302,0,0,41.305612368,False,8644.65118181,62.9889839155,19
energy,980,24,98,0,0,17.9649450835,False,8644.65118181,62.9889839155,19
energy,981,15,60,0,0,12.5946089807,False,8644.65118181,62.9889839155,19
energy,982,41,217,0,0,34.0454095456,False,8644.65118181,62.9889839155,19
energy,983,42,295,0,0,33.892432034,False,8644.65118181,62.9889839155,19
energy,984,22,98,0,0,15.8530559621,False,8644.65118181,62.9889839155,19
energy,985,20,104,0,0,13.1685397441,False,8644.65118181,62.9889839155,19
energy,986,11,25,0,0,9.48009074007,False,8644.65118181,62.9889839155,19
energy,987,49,375,0,0,38.5851930262,False,8644.65118181,62.9889839155,19
energy,988,45,339,0,0,32.7192969291,False,8644.65118181,62.9889839155,19
energy,989,45,286,0,0,33.2953094686,False,8644.65118181,62.9889839155,19
energy,990,48,282,0,0,35.4130613767,False,8644.65118181,62.9889839155,19
energy,991,29,118,0,0,21.1261074659,False,8644.65118181,62.9889839155,19
energy,992,35,186,0,0,25.2377211282,False,8644.65118181,62.9889839155,19
energy,993,44,297,0,0,29.767211272,False,8644.65118181,62.9889839155,19
energy,994,17,69,0,0,12.1295792042,False,8644.65118181,62.9889839155,19
energy,995,39,246,0,0,30.2153556284,False,8644.65118181,62.9889839155,19
energy,996,33,174,0,0,29.7149656603,False,8644.65118181,62.9889839155,19
energy,997,54,608,0,0,40.2094927065,False,8644.65118181,62.9889839155,19
energy,998,45,272,0,0,32.9595529945,False,8644.65118181,62.9889839155,19
energy,999,28,156,0,0,20.677028631,False,8644.65118181,62.9889839155,19
energy,1000,24,145,0,0,21.4368693074,False,8644.65118181,62.9889839155,19
energy,1001,21,124,0,0,20.4649103673,False,8644.65118181,62.9889839155,19
energy,1002,52,428,0,0,38.1980198566,False,8644.65118181,62.9889839155,19
energy,1003,26,152,0,0,18.2015465103,False,8644.65118181,62.9889839155,19
energy,1004,38,258,0,0,26.0954580323,False,8644.65118181,62.9889839155,19
energy,1005,23,89,0,0,19.7265442922,False,8644.65118181,62.9889839155,19
energy,1006,29,152,0,0,18.9494738571,False,8644.65118181,62.9889839155,19
energy,1007,46,313,0,0,37.7189452193,False,8644.65118181,62.9889839155,19
energy,1008,39,242,0,0,28.436586273,False,8644.65118181,62.9889839155,19
energy,1009,29,113,0,0,21.3122903798,False,8644.65118181,62.9889839155,19
energy,1010,19,72,0,0,18.0052969809,False,8644.65118181,62.9889839155,19
energy,1011,42,369,0,0,32.0794864538,False,8644.65118181,62.9889839155,19
energy,1012,18,69,0,0,15.4205842798,False,8644.65118181,62.9889839155,19
energy,1013,24,122,0,0,16.7833686436,False,8644.65118181,62.9889839155,19
energy,1014,42,286,0,0,36.8322891204,False,8644.65118181,62.9889839155,19
energy,1015,48,344,0,0,34.4609160581,False,8644.65118181,62.9889839155,19
energy,1016,29,164,0,0,17.0749873525,False,8644.65118181,62.9889839155,19
energy,1017,43,326,0,0,31.4814304737,False,8644.65118181,62.9889839155,19
energy,1018,34,245,0,0,22.3084353316,False,8644.65118181,62.9889839155,19
energy,1019,23,82,0,0,17.0898376499,False,8644.65118181,62.9889839155,19
energy,1020,38,261,0,0,32.2898051351,False,8644.65118181,62.9889839155,19
energy,1021,33,199,0,0,27.9498311927,False,8644.65118181,62.9889839155,19
energy,1022,57,574,0,0,43.7506043492,False,8644.65118181,62.9889839155,19
energy,1023,21,90,0,0,17.6742392808,False,8644.65118181,62.9889839155,19
energy,1024,15,68,0,0,14.1259045347,False,8644.65118181,62.9889839155,19
energy,1025,42,234,0,0,33.2361040912,False,8644.65118181,62.9889839155,19
energy,1026,26,98,0,0,20.4026026259,False,8644.65118181,62.9889839155,19
energy,1027,42,265,0,0,31.8217388093,False,8644.65118181,62.9889839155,19
energy,1028,53,406,0,0,40.4532576067,False,8644.65118181,62.9889839155,19
energy,1029,35,258,0,0,24.9116025264,False,8644.65118181,62.9889839155,19
energy,1030,23,139,0,0,13.406270189,False,8644.65118181,62.9889839155,19
energy,1031,24,125,0,0,22.2117694159,False,8644.65118181,62.9889839155,19
energy,1032,34,189,0,0,24.1459424517,False,8644.65118181,62.9889839155,19
energy,1033,18,54,0,0,16.1591999075,False,8644.65118181,62.9889839155,19
energy,1034,16,55,0,0,12.9677635749,False,8644.65118181,62.9889839155,19
energy,1035,45,350,0,0,32.4473567429,False,8644.65118181,62.9889839155,19
energy,1036,28,133,0,0,24.6828573023,False,8644.65118181,62.9889839155,19
energy,1037,50,415,0,0,38.5985975671,False,8644.65118181,62.9889839155,19
energy,1038,25,114,0,0,21.3483524191,False,8644.65118181,62.9889839155,19
energy,1039,37,192,0,0,30.1527766245,False,8644.65118181,62.9889839155,19
energy,1040,41,227,0,0,36.7198432846,False,8644.65118181,62.9889839155,19
energy,1041,23,115,0,0,14.7309148754,False,8644.65118181,62.9889839155,19
energy,1042,51,473,0,0,38.6314191119,False,8644.65118181,62.9889839155,19
energy,1043,47,449,0,0,34.3014271913,False,8644.65118181,62.9889839155,19
energy,1044,51,398,0,0,37.6561141999,False,8644.65118181,62.9889839155,19
energy,1045,35,288,0,0,26.3896628887,False,8644.65118181,62.9889839155,19
energy,1046,41,288,0,0,37.3369155009,False,8644.65118181,62.9889839155,19
energy,1047,32,189,0,0,20.9800035532,False,8644.65118181,62.9889839155,19
energy,1048,20,87,0,0,11.7805772837,False,8644.65118181,62.9889839155,19
energy,1049,19,81,0,0,9.43240150998,False,8644.65118181,62.9889839155,19
energy,1050,22,113,0,0,18.6693347937,False,8644.65118181,62.9889839155,19
energy,1051,19,95,0,0,14.0966757435,False,8644.65118181,62.9889839155,19
energy,1052,28,190,0,0,22.8686641864,False,8644.65118181,62.9889839155,19
energy,1053,27,202,0,0,18.5792724066,False,8644.65118181,62.9889839155,19
energy,1054,42,302,0,0,30.5769552312,False,8644.65118181,62.9889839155,19
energy,1055,27,195,0,0,21.9627036572,False,8644.65118181,62.9889839155,19
energy,1056,47,444,0,0,31.8182818355,False,8644.65118181,62.9889839155,19
energy,1057,63,604,0,0,45.1363145871,False,8644.65118181,62.9889839155,19
energy,1058,28,135,0,0,21.3143571432,False,8644.65118181,62.9889839155,19
energy,1059,29,137,0,0,23.7868520411,False,8644.65118181,62.9889839155,19
energy,1060,22,104,0,0,13.5696371525,False,8644.65118181,62.9889839155,19
energy,1061,37,172,0,0,34.9450289856,False,8644.65118181,62.9889839155,19
energy,1062,40,259,0,0,31.1769633844,False,8644.65118181,62.9889839155,19
energy,1063,30,156,0,0,25.3252253532,False,8644.65118181,62.9889839155,19
energy,1064,34,230,0,0,28.4355620693,False,8644.65118181,62.9889839155,19
energy,1065,37,200,0,0,31.4571433996,False,8644.65118181,62.9889839155,19
energy,1066,19,139,0,0,10.6514780388,False,8644.65118181,62.9889839155,19
energy,1067,45,265,0,0,33.0110329389,False,8644.65118181,62.9889839155,19
energy,1068,47,392,0,0,38.3779012775,False,8644.65118181,62.9889839155,19
sorties,1,80,1200,0,0,13.9990688271,False,8734.76045358,64.2083621907,18
sorties,2,40,232,0,0,8.00006584309,False,8734.76045358,64.2083621907,18
sorties,3,42,270,0,0,9.00007280287,False,8734.76045358,64.2083621907,18
sorties,4,30,139,0,0,5.99982337051,False,8734.76045358,64.2083621907,18
sorties,5,39,231,0,0,8.99986979081,False,8734.76045358,64.2083621907,18
sorties,6,42,260,0,0,7.99993449445,False,8734.76045358,64.2083621907,18
sorties,7,25,167,0,0,4.0003033219,False,8734.76045358,64.2083621907,18
sorties,8,42,257,0,0,10.0000780264,False,8734.76045358,64.2083621907,18
sorties,9,49,507,0,0,9.9997290578,False,8734.76045358,64.2083621907,18
sorties,10,47,412,0,4.37946610175e-05,9.99965980218,False,8734.76045358,64.2083621907,18
sorties,11,59,558,0,0,11.9994931574,False,8734.76045358,64.2083621907,18
sorties,12,40,349,0,0,6.99985356335,False,8734.76045358,64.2083621907,18
sorties,13,43,283,0,0,10.0002891453,False,8734.76045358,64.2083621907,18
sorties,14,46,317,0,0,8.99961012569,False,8734.76045358,64.2083621907,18
sorties,15,53,477,0,0,11.0000517272,False,8734.76045358,64.2083621907,18
sorties,16,39,239,0,0,8.00012350974,False,8734.76045358,64.2083621907,18
sorties,17,24,101,0,0,6.00018295759,False,8734.76045358,64.2083621907,18
sorties,18,47,270,0,0,10.9997999462,False,8734.76045358,64.2083621907,18
sorties,19,20,91,0,0,4.00042905477,False,8734.76045358,64.2083621907,18
sorties,20,31,145,0,0,6.99995116658,False,8734.76045358,64.2083621907,18
sorties,21,44,304,0,0,7.00006722011,False,8734.76045358,64.2083621907,18
sorties,22,36,240,0,0,6.99990679699,False,8734.76045358,64.2083621907,18
sorties,23,46,391,0,0,9.99956534127,False,8734.76045358,64.2083621907,18
sorties,24,26,109,0,0,7.00030384895,False,8734.76045358,64.2083621907,18
sorties,25,35,176,0,0,8.99950200125,False,8734.76045358,64.2083621907,18
sorties,26,46,528,0,1.12338882127e-05,9.99964527021,False,8734.76045358,64.2083621907,18
sorties,27,50,271,0,2.96064035055e-16,11.9998151013,False,8734.76045358,64.2083621907,18
sorties,28,54,513,0,0,10.9996630637,False,8734.76045358,64.2083621907,18
sorties,29,15,69,0,0,4.00032626328,False,8734.76045358,64.2083621907,18
sorties,30,45,253,0,0,9.00042500813,False,8734.76045358,64.2083621907,18
sorties,31,33,178,0,0,7.0003570722,False,8734.76045358,64.2083621907,18
sorties,32,42,258,0,0,7.99968190628,False,8734.76045358,64.2083621907,18
sorties,33,52,391,0,0,10.9996301929,False,8734.76045358,64.2083621907,18
sorties,34,27,137,0,0,8.99962540513,False,8734.76045358,64.2083621907,18
sorties,35,57,438,0,0,11.0005702907,False,8734.76045358,64.2083621907,18
sorties,36,46,362,0,0,9.00010118016,False,8734.76045358,64.2083621907,18
sorties,37,45,250,0,0,9.99948122821,False,8734.76045358,64.2083621907,18
sorties,38,59,650,0,0,11.9998099299,False,8734.76045358,64.2083621907,18
sorties,39,44,269,0,0,9.99957096883,False,8734.76045358,64.2083621907,18
sorties,40,45,328,0,0,10.0003044194,False,8734.76045358,64.2083621907,18
sorties,41,30,138,0,0,6.99984801279,False,8734.76045358,64.2083621907,18
sorties,42,23,140,0,0,5.00020017864,False,8734.76045358,64.2083621907,18
sorties,43,46,333,0,0,10.9997948991,False,8734.76045358,64.2083621907,18
sorties,44,26,136,0,0,4.00048401036,False,8734.76045358,64.2083621907,18
sorties,45,22,98,0,0,4.00018131769,False,8734.76045358,64.2083621907,18
sorties,46,44,362,0,0,9.00018325194,False,8734.76045358,64.2083621907,18
sorties,47,35,219,0,0,5.99979873258,False,8734.76045358,64.2083621907,18
sorties,48,47,261,0,0,11.0004577122,False,8734.76045358,64.2083621907,18
sorties,49,28,124,0,0,6.00042018706,False,8734.76045358,64.2083621907,18
sorties,50,33,204,0,8.17842073737e-06,9.0004658519,False,8734.76045358,64.2083621907,18
sorties,51,30,175,0,0,6.00016988272,False,8734.76045358,64.2083621907,18
sorties,52,35,173,0,0,7.99993717351,False,8734.76045358,64.2083621907,18
sorties,53,61,518,0,0,12.0003025552,False,8734.76045358,64.2083621907,18
sorties,54,40,307,0,9.40717422048e-06,10.9994630226,False,8734.76045358,64.2083621907,18
sorties,55,25,130,0,0,3.99982324628,False,8734.76045358,64.2083621907,18
sorties,56,29,143,0,0,7.99950188423,False,8734.76045358,64.2083621907,18
sorties,57,24,112,0,0,3.9996739967,False,8734.76045358,64.2083621907,18
sorties,58,19,69,0,0,5.99973816881,False,8734.76045358,64.2083621907,18
sorties,59,37,274,0,0,6.99931420407,False,8734.76045358,64.2083621907,18
sorties,60,37,254,0,0,7.0002858999,False,8734.76045358,64.2083621907,18
sorties,61,33,210,0,0,5.00006871702,False,8734.76045358,64.2083621907,18
sorties,62,17,61,0,0,3.99997997138,False,8734.76045358,64.2083621907,18
sorties,63,13,32,0,0,5.00043695977,False,8734.76045358,64.2083621907,18
sorties,64,34,241,0,0,5.00020001174,False,8734.76045358,64.2083621907,18
sorties,65,46,399,0,0,9.99955423013,False,8734.76045358,64.2083621907,18
sorties,66,31,137,0,0,7.99947709182,False,8734.76045358,64.2083621907,18
sorties,67,54,550,0,0,11.9990631755,False,8734.76045358,64.2083621907,18
sorties,68,31,150,0,0,6.99961196567,False,8734.76045358,64.2083621907,18
sorties,69,45,367,0,0,9.00026849778,False,8734.76045358,64.2083621907,18
sorties,70,51,415,0,0,10.9999727511,False,8734.76045358,64.2083621907,18
sorties,71,33,214,0,0,7.00019101856,False,8734.76045358,64.2083621907,18
sorties,72,60,511,0,0,11.9993519237,False,8734.76045358,64.2083621907,18
sorties,73,21,155,0,0,4.00010091947,False,8734.76045358,64.2083621907,18
sorties,74,26,145,0,0,5.99979655904,False,8734.76045358,64.2083621907,18
sorties,75,24,97,0,0,7.00017249968,False,8734.76045358,64.2083621907,18
sorties,76,39,329,0,0,8.99989394951,False,8734.76045358,64.2083621907,18
sorties,77,50,438,0,0,9.99977348591,False,8734.76045358,64.2083621907,18
sorties,78,55,459,0,0,11.9992770617,False,8734.76045358,64.2083621907,18
sorties,79,32,192,0,0,5.99992887512,False,8734.76045358,64.2083621907,18
sorties,80,29,166,0,0,6.00024358794,False,8734.76045358,64.2083621907,18
sorties,81,49,434,0,0,10.0001008782,False,8734.76045358,64.2083621907,18
sorties,82,30,147,0,0,7.99947813603,False,8734.76045358,64.2083621907,18
sorties,83,43,331,0,0,9.99966127859,False,8734.76045358,64.2083621907,18
sorties,84,22,158,0,0,4.00011578686,False,8734.76045358,64.2083621907,18
sorties,85,27,107,0,0,7.99958004054,False,8734.76045358,64.2083621907,18
sorties,86,10,35,0,0,4.00007176511,False,8734.76045358,64.2083621907,18
sorties,87,20,77,0,0,5.00029815579,False,8734.76045358,64.2083621907,18
sorties,88,24,182,0,0,5.00017310781,False,8734.76045358,64.2083621907,18
sorties,89,38,234,0,0,7.00047025001,False,8734.76045358,64.2083621907,18
sorties,90,46,436,0,0,7.99968413808,False,8734.76045358,64.2083621907,18
sorties,91,33,170,0,0,5.99962917521,False,8734.76045358,64.2083621907,18
sorties,92,44,494,0,0,8.00028887615,False,8734.76045358,64.2083621907,18
sorties,93,40,206,0,0,10.0003091535,False,8734.76045358,64.2083621907,18
sorties,94,51,419,0,0,11.0000199428,False,8734.76045358,64.2083621907,18
sorties,95,38,205,0,0,9.00031202758,False,8734.76045358,64.2083621907,18
sorties,96,51,377,0,0,11.9994839346,False,8734.76045358,64.2083621907,18
sorties,97,28,137,0,0,6.0001951693,False,8734.76045358,64.2083621907,18
sorties,98,26,129,0,0,5.99996997715,False,8734.76045358,64.2083621907,18
sorties,99,49,418,0,0,10.9994192917,False,8734.76045358,64.2083621907,18
sorties,100,40,241,0,0,9.9996937328,False,8734.76045358,64.2083621907,18
sorties,101,53,412,0,0,11.9993769132,False,8734.76045358,64.2083621907,18
sorties,102,40,217,0,0,8.00001926908,False,8734.76045358,64.2083621907,18
sorties,103,27,162,0,0,6.99986293273,False,8734.76045358,64.2083621907,18
sorties,104,26,95,0,0,6.99963077179,False,8734.76045358,64.2083621907,18
sorties,105,23,102,0,2.81438442077e-05,6.00044864039,False,8734.76045358,64.2083621907,18
sorties,106,23,113,0,0,4.99971449921,False,8734.76045358,64.2083621907,18
sorties,107,21,94,0,0,5.99974888905,False,8734.76045358,64.2083621907,18
sorties,108,16,63,0,0,4.99979856915,False,8734.76045358,64.2083621907,18
sorties,109,14,53,0,0,4.00006265587,False,8734.76045358,64.2083621907,18
sorties,110,32,225,0,0,6.00002981899,False,8734.76045358,64.2083621907,18
sorties,111,48,238,0,0,11.9998604457,False,8734.76045358,64.2083621907,18
sorties,112,55,393,0,0,12.0003765049,False,8734.76045358,64.2083621907,18
sorties,113,45,224,0,0,10.0000971777,False,8734.76045358,64.2083621907,18
sorties,114,20,79,0,0,5.00006433267,False,8734.76045358,64.2083621907,18
sorties,115,16,70,0,0,4.99992979709,False,8734.76045358,64.2083621907,18
sorties,116,36,212,0,0,8.00031094634,False,8734.76045358,64.2083621907,18
sorties,117,20,114,0,0,3.99974251774,False,8734.76045358,64.2083621907,18
sorties,118,49,472,0,0,10.9992948972,False,8734.76045358,64.2083621907,18
sorties,119,32,158,0,0,8.99911007476,False,8734.76045358,64.2083621907,18
sorties,120,49,490,0,0,10.9996812537,False,8734.76045358,64.2083621907,18
sorties,121,22,97,0,0,5.99983653236,False,8734.76045358,64.2083621907,18
sorties,122,44,305,0,0,8.9999095988,False,8734.76045358,64.2083621907,18
sorties,123,46,309,0,0,8.99995292072,False,8734.76045358,64.2083621907,18
sorties,124,15,48,0,0,3.99976019547,False,8734.76045358,64.2083621907,18
sorties,125,24,87,0,0,5.99993870164,False,8734.76045358,64.2083621907,18
sorties,126,46,309,0,0,8.99973345031,False,8734.76045358,64.2083621907,18
sorties,127,35,156,0,0,9.00026440219,False,8734.76045358,64.2083621907,18
sorties,128,20,101,0,0,3.99977985478,False,8734.76045358,64.2083621907,18
sorties,129,49,462,0,0,9.99952759467,False,8734.76045358,64.2083621907,18
sorties,130,19,98,0,0,4.00031540598,False,8734.76045358,64.2083621907,18
sorties,131,40,299,0,0,9.00022751559,False,8734.76045358,64.2083621907,18
sorties,132,34,246,0,0,5.99994878488,False,8734.76045358,64.2083621907,18
sorties,133,51,321,0,0,11.0010227784,False,8734.76045358,64.2083621907,18
sorties,134,58,629,0,0,10.9994661002,False,8734.76045358,64.2083621907,18
sorties,135,22,85,0,0,7.00041953286,False,8734.76045358,64.2083621907,18
sorties,136,35,189,0,0,8.00012907681,False,8734.76045358,64.2083621907,18
sorties,137,32,193,0,0,7.9996774438,False,8734.76045358,64.2083621907,18
sorties,138,27,126,0,0,6.00028703987,False,8734.76045358,64.2083621907,18
sorties,139,30,173,0,0,5.00036601125,False,8734.76045358,64.2083621907,18
sorties,140,31,146,0,0,6.99998517927,False,8734.76045358,64.2083621907,18
sorties,141,36,197,0,0,8.00053140064,False,8734.76045358,64.2083621907,18
sorties,142,30,152,0,0,6.00083643108,False,8734.76045358,64.2083621907,18
sorties,143,22,88,0,0,4.00037616074,False,8734.76045358,64.2083621907,18
sorties,144,22,119,0,0,4.99947157707,False,8734.76045358,64.2083621907,18
sorties,145,40,240,0,0,10.0004630334,False,8734.76045358,64.2083621907,18
sorties,146,38,253,0,0,6.99970115243,False,8734.76045358,64.2083621907,18
sorties,147,41,227,0,0,8.99973730335,False,8734.76045358,64.2083621907,18
sorties,148,41,318,0,0,7.9999433554,False,8734.76045358,64.2083621907,18
sorties,149,49,270,0,0,10.9994543182,False,8734.76045358,64.2083621907,18
sorties,150,55,478,0,0,10.9994729065,False,8734.76045358,64.2083621907,18
sorties,151,38,276,0,0,7.99963508467,False,8734.76045358,64.2083621907,18
sorties,152,18,64,0,0,6.00040592387,False,8734.76045358,64.2083621907,18
sorties,153,50,401,0,0,11.999516766,False,8734.76045358,64.2083621907,18
sorties,154,17,48,0,0,4.99986526296,False,8734.76045358,64.2083621907,18
sorties,155,28,131,0,0,6.99952433648,False,8734.76045358,64.2083621907,18
sorties,156,45,376,0,0,9.99978461398,False,8734.76045358,64.2083621907,18
sorties,157,23,107,0,0,5.00010900924,False,8734.76045358,64.2083621907,18
sorties,158,44,347,0,0,9.00014725926,False,8734.76045358,64.2083621907,18
sorties,159,10,25,0,0,3.99961904275,False,8734.76045358,64.2083621907,18
sorties,160,34,172,0,0,6.99996660663,False,8734.76045358,64.2083621907,18
sorties,161,26,133,0,0,6.00008114118,False,8734.76045358,64.2083621907,18
sorties,162,37,266,0,0,6.99979326244,False,8734.76045358,64.2083621907,18
sorties,163,22,119,0,0,5.00006000791,False,8734.76045358,64.2083621907,18
sorties,164,27,136,0,0,5.99983254139,False,8734.76045358,64.2083621907,18
sorties,165,47,550,0,0,9.99917423551,False,8734.76045358,64.2083621907,18
sorties,166,55,395,0,4.077642011e-05,12.000010624,False,8734.76045358,64.2083621907,18
sorties,167,34,199,0,0,8.00030241177,False,8734.76045358,64.2083621907,18
sorties,168,43,406,0,0,10.0003585041,False,8734.76045358,64.2083621907,18
sorties,169,50,356,0,0,8.99980529717,False,8734.76045358,64.2083621907,18
sorties,170,43,269,0,0,7.9999468476,False,8734.76045358,64.2083621907,18
sorties,171,43,259,0,0,8.99987406798,False,8734.76045358,64.2083621907,18
sorties,172,32,158,0,0,6.00015941563,False,8734.76045358,64.2083621907,18
sorties,173,42,286,0,0,8.00069926495,False,8734.76045358,64.2083621907,18
sorties,174,41,214,0,0,9.99983926008,False,8734.76045358,64.2083621907,18
sorties,175,46,376,0,0,11.0002471085,False,8734.76045358,64.2083621907,18
sorties,176,22,120,0,0,3.99979810079,False,8734.76045358,64.2083621907,18
sorties,177,21,154,0,0,6.00030032142,False,8734.76045358,64.2083621907,18
sorties,178,44,322,0,0,8.99961008023,False,8734.76045358,64.2083621907,18
sorties,179,16,77,0,0,4.00001691579,False,8734.76045358,64.2083621907,18
sorties,180,47,371,0,3.87297539397e-05,11.0002775764,False,8734.76045358,64.2083621907,18
sorties,181,41,213,0,0,8.99976860086,False,8734.76045358,64.2083621907,18
sorties,182,46,272,0,0,10.0006951886,False,8734.76045358,64.2083621907,18
sorties,183,32,157,0,0,8.00043604256,False,8734.76045358,64.2083621907,18
sorties,184,56,421,0,0,10.9999112072,False,8734.76045358,64.2083621907,18
sorties,185,40,332,0,0,9.00026206322,False,8734.76045358,64.2083621907,18
sorties,186,29,134,0,0,5.99972278576,False,8734.76045358,64.2083621907,18
sorties,187,42,362,0,0,9.99915423731,False,8734.76045358,64.2083621907,18
sorties,188,27,175,0,0,6.99936238989,False,8734.76045358,64.2083621907,18
sorties,189,22,82,0,0,6.00000288713,False,8734.76045358,64.2083621907,18
sorties,190,24,91,0,0,5.99984683707,False,8734.76045358,64.2083621907,18
sorties,191,31,139,0,0,6.999444861,False,8734.76045358,64.2083621907,18
sorties,192,26,106,0,0,6.99977715991,False,8734.76045358,64.2083621907,18
sorties,193,29,152,0,0,5.99942997381,False,8734.76045358,64.2083621907,18
sorties,194,40,189,0,0,9.99968334597,False,8734.76045358,64.2083621907,18
sorties,195,44,288,0,0,8.99963223147,False,8734.76045358,64.2083621907,18
sorties,196,48,360,0,0,8.99964817223,False,8734.76045358,64.2083621907,18
sorties,197,22,161,0,0,3.99972327786,False,8734.76045358,64.2083621907,18
sorties,198,41,214,0,0,9.00003430899,False,8734.76045358,64.2083621907,18
sorties,199,30,138,0,0,7.99949945307,False,8734.76045358,64.2083621907,18
sorties,200,53,445,0,0,10.9996425253,False,8734.76045358,64.2083621907,18
sorties,201,52,452,0,0,10.9998626755,False,8734.76045358,64.2083621907,18
sorties,202,33,222,0,0,5.00043657931,False,8734.76045358,64.2083621907,18
sorties,203,50,412,0,0,10.9995688367,False,8734.76045358,64.2083621907,18
sorties,204,44,312,0,0,10.999494109,False,8734.76045358,64.2083621907,18
sorties,205,24,91,0,0,6.00038603764,False,8734.76045358,64.2083621907,18
sorties,206,55,462,0,0,9.99998797417,False,8734.76045358,64.2083621907,18
sorties,207,46,345,0,9.43705696107e-05,11.0007283853,False,8734.76045358,64.2083621907,18
sorties,208,45,303,0,0,10.9996622269,False,8734.76045358,64.2083621907,18
sorties,209,31,164,0,0,7.00016417548,False,8734.76045358,64.2083621907,18
sorties,210,38,264,0,0,6.9998961624,False,8734.76045358,64.2083621907,18
sorties,211,16,64,0,0,3.99963730469,False,8734.76045358,64.2083621907,18
sorties,212,28,124,0,0,5.00015819647,False,8734.76045358,64.2083621907,18
sorties,213,37,146,0,0,10.0006915897,False,8734.76045358,64.2083621907,18
sorties,214,50,489,0,0,10.9995595427,False,8734.76045358,64.2083621907,18
sorties,215,57,590,0,0,10.9991777512,False,8734.76045358,64.2083621907,18
sorties,216,50,387,0,0,12.0001227253,False,8734.76045358,64.2083621907,18
sorties,217,31,139,0,0,7.9998060432,False,8734.76045358,64.2083621907,18
sorties,218,16,73,0,0,3.99998841103,False,8734.76045358,64.2083621907,18
sorties,219,44,258,0,0,10.9995704978,False,8734.76045358,64.2083621907,18
sorties,220,61,639,0,0,11.0005147287,False,8734.76045358,64.2083621907,18
sorties,221,35,183,0,0,9.00000281494,False,8734.76045358,64.2083621907,18
sorties,222,35,186,0,0,7.00034379639,False,8734.76045358,64.2083621907,18
sorties,223,57,610,0,0,10.9998804725,False,8734.76045358,64.2083621907,18
sorties,224,51,420,0,0,9.99943884279,False,8734.76045358,64.2083621907,18
sorties,225,37,171,0,0,8.99936056363,False,8734.76045358,64.2083621907,18
sorties,226,46,302,0,0,10.0001077084,False,8734.76045358,64.2083621907,18
sorties,227,36,191,0,0,9.99976400181,False,8734.76045358,64.2083621907,18
sorties,228,50,386,0,0,9.99955868089,False,8734.76045358,64.2083621907,18
sorties,229,39,295,0,0,8.99990628788,False,8734.76045358,64.2083621907,18
sorties,230,26,139,0,0,5.00031221085,False,8734.76045358,64.2083621907,18
sorties,231,52,346,0,0,11.0000930101,False,8734.76045358,64.2083621907,18
sorties,232,46,359,0,0,10.9996202533,False,8734.76045358,64.2083621907,18
sorties,233,24,87,0,0,6.00031559103,False,8734.76045358,64.2083621907,18
sorties,234,41,287,0,0,8.99946791833,False,8734.76045358,64.2083621907,18
sorties,235,49,397,0,5.22788911866e-05,12.0007099464,False,8734.76045358,64.2083621907,18
sorties,236,24,104,0,0,5.99980425243,False,8734.76045358,64.2083621907,18
sorties,237,45,337,0,0,9.99961884216,False,8734.76045358,64.2083621907,18
sorties,238,30,146,0,0,7.00095291508,False,8734.76045358,64.2083621907,18
sorties,239,44,295,0,0,9.00075864356,False,8734.76045358,64.2083621907,18
sorties,240,52,405,0,0,11.0000169838,False,8734.76045358,64.2083621907,18
sorties,241,30,123,0,0,8.99940079935,False,8734.76045358,64.2083621907,18
sorties,242,21,84,0,0,6.00010306339,False,8734.76045358,64.2083621907,18
sorties,243,45,278,0,0,8.9998086711,False,8734.76045358,64.2083621907,18
sorties,244,31,158,0,0,7.00039911116,False,8734.76045358,64.2083621907,18
sorties,245,20,87,0,0,5.00000496458,False,8734.76045358,64.2083621907,18
sorties,246,44,286,0,0,9.99932956003,False,8734.76045358,64.2083621907,18
sorties,247,60,587,0,7.00821912177e-05,11.999978932,False,8734.76045358,64.2083621907,18
sorties,248,33,167,0,0,7.00034045273,False,8734.76045358,64.2083621907,18
sorties,249,21,78,0,0,7.00006430706,False,8734.76045358,64.2083621907,18
sorties,250,26,209,0,0,4.00012186792,False,8734.76045358,64.2083621907,18
sorties,251,21,103,0,0,4.00028675442,False,8734.76045358,64.2083621907,18
sorties,252,36,167,0,0,8.00031678968,False,8734.76045358,64.2083621907,18
sorties,253,20,96,0,0,4.000335148,False,8734.76045358,64.2083621907,18
sorties,254,9,21,0,0,3.99983252,False,8734.76045358,64.2083621907,18
sorties,255,15,46,0,0,3.99998564431,False,8734.76045358,64.2083621907,18
sorties,256,49,333,0,0,10.0006348083,False,8734.76045358,64.2083621907,18
sorties,257,60,628,0,0,10.9996307846,False,8734.76045358,64.2083621907,18
sorties,258,37,165,0,0,7.99989104928,False,8734.76045358,64.2083621907,18
sorties,259,45,260,0,0,10.0010448237,False,8734.76045358,64.2083621907,18
sorties,260,34,266,0,0,5.00012105845,False,8734.76045358,64.2083621907,18
sorties,261,27,222,0,0,4.9999690027,False,8734.76045358,64.2083621907,18
sorties,262,27,106,0,0,7.00017400478,False,8734.76045358,64.2083621907,18
sorties,263,19,71,0,0,4.00021772972,False,8734.76045358,64.2083621907,18
sorties,264,21,98,0,0,5.99969316718,False,8734.76045358,64.2083621907,18
sorties,265,44,337,0,9.13733481414e-06,8.99996730159,False,8734.76045358,64.2083621907,18
sorties,266,45,350,0,0,8.99970332417,False,8734.76045358,64.2083621907,18
sorties,267,48,440,0,0,8.99992782939,False,8734.76045358,64.2083621907,18
sorties,268,37,200,0,0,8.99941374843,False,8734.76045358,64.2083621907,18
sorties,269,31,162,0,0,6.99988891898,False,8734.76045358,64.2083621907,18
sorties,270,21,114,0,0,5.00039592389,False,8734.76045358,64.2083621907,18
sorties,271,50,497,0,0,8.99934818995,False,8734.76045358,64.2083621907,18
sorties,272,15,48,0,0,3.99987601272,False,8734.76045358,64.2083621907,18
sorties,273,31,209,0,0,6.99938815094,False,8734.76045358,64.2083621907,18
sorties,274,24,101,0,0,4.99981834505,False,8734.76045358,64.2083621907,18
sorties,275,19,85,0,0,5.99962771269,False,8734.76045358,64.2083621907,18
sorties,276,40,252,0,0,9.00052691157,False,8734.76045358,64.2083621907,18
sorties,277,23,97,0,0,5.0000429783,False,8734.76045358,64.2083621907,18
sorties,278,26,130,0,0,6.99999371797,False,8734.76045358,64.2083621907,18
sorties,279,43,288,0,0,9.99946606684,False,8734.76045358,64.2083621907,18
sorties,280,38,322,0,0,7.00068970514,False,8734.76045358,64.2083621907,18
sorties,281,20,84,0,0,4.99989725581,False,8734.76045358,64.2083621907,18
sorties,282,31,210,0,0,7.00015693253,False,8734.76045358,64.2083621907,18
sorties,283,39,210,0,0,8.99973575415,False,8734.76045358,64.2083621907,18
sorties,284,54,423,0,0,10.0000237901,False,8734.76045358,64.2083621907,18
sorties,285,35,181,0,0,9.00000723487,False,8734.76045358,64.2083621907,18
sorties,286,56,537,0,0,11.9998907349,False,8734.76045358,64.2083621907,18
sorties,287,52,422,0,0,9.00030133071,False,8734.76045358,64.2083621907,18
sorties,288,21,113,0,0,5.00030232388,False,8734.76045358,64.2083621907,18
sorties,289,24,91,0,0,5.99989709638,False,8734.76045358,64.2083621907,18
sorties,290,24,90,0,0,6.00005409672,False,8734.76045358,64.2083621907,18
sorties,291,31,211,0,0,5.99980207524,False,8734.76045358,64.2083621907,18
sorties,292,37,233,0,0,9.00008065407,False,8734.76045358,64.2083621907,18
sorties,293,35,167,0,0,8.00001010588,False,8734.76045358,64.2083621907,18
sorties,294,26,155,0,0,5.99949098662,False,8734.76045358,64.2083621907,18
sorties,295,35,187,0,0,8.00043814818,False,8734.76045358,64.2083621907,18
sorties,296,19,77,0,0,3.99983484415,False,8734.76045358,64.2083621907,18
sorties,297,21,76,0,0,4.99974066795,False,8734.76045358,64.2083621907,18
sorties,298,34,163,0,1.11028106156e-16,7.99958182167,False,8734.76045358,64.2083621907,18
sorties,299,25,125,0,0,6.00022933151,False,8734.76045358,64.2083621907,18
sorties,300,50,395,0,0,10.0001260077,False,8734.76045358,64.2083621907,18
sorties,301,16,73,0,0,3.99984307817,False,8734.76045358,64.2083621907,18
sorties,302,45,359,0,0,8.99993635833,False,8734.76045358,64.2083621907,18
sorties,303,20,56,0,0,6.00004329304,False,8734.76045358,64.2083621907,18
sorties,304,46,466,0,4.92312241406e-05,11.0001890302,False,8734.76045358,64.2083621907,18
sorties,305,32,291,0,0,5.00039591779,False,8734.76045358,64.2083621907,18
sorties,306,42,215,0,0,11.0007239344,False,8734.76045358,64.2083621907,18
sorties,307,25,134,0,0,5.99991163826,False,8734.76045358,64.2083621907,18
sorties,308,50,504,0,0,9.99974589696,False,8734.76045358,64.2083621907,18
sorties,309,46,318,0,0,9.99997060416,False,8734.76045358,64.2083621907,18
sorties,310,10,24,0,0,4.00008454819,False,8734.76045358,64.2083621907,18
sorties,311,28,141,0,0,5.99983738907,False,8734.76045358,64.2083621907,18
sorties,312,20,80,0,0,3.99965185207,False,8734.76045358,64.2083621907,18
sorties,313,34,233,0,0,8.99964439672,False,8734.76045358,64.2083621907,18
sorties,314,27,169,0,0,4.00028709725,False,8734.76045358,64.2083621907,18
sorties,315,20,61,0,0,5.99971481377,False,8734.76045358,64.2083621907,18
sorties,316,39,179,0,0,10.0005153993,False,8734.76045358,64.2083621907,18
sorties,317,49,430,0,0,10.0000980289,False,8734.76045358,64.2083621907,18
sorties,318,38,270,0,0,8.99961960296,False,8734.76045358,64.2083621907,18
sorties,319,27,220,0,0,3.99970498922,False,8734.76045358,64.2083621907,18
sorties,320,30,121,0,0,7.00002517375,False,8734.76045358,64.2083621907,18
sorties,321,21,68,0,0,6.00057553393,False,8734.76045358,64.2083621907,18
sorties,322,44,378,0,0,8.99998684952,False,8734.76045358,64.2083621907,18
sorties,323,35,203,0,0,6.99984507366,False,8734.76045358,64.2083621907,18
sorties,324,45,345,0,0,10.0003157585,False,8734.76045358,64.2083621907,18
sorties,325,21,142,0,0,5.00009767488,False,8734.76045358,64.2083621907,18
sorties,326,42,224,0,0,9.99932309169,False,8734.76045358,64.2083621907,18
sorties,327,43,347,0,0,7.00007274204,False,8734.76045358,64.2083621907,18
sorties,328,49,385,0,0,10.9998307668,False,8734.76045358,64.2083621907,18
sorties,329,44,318,0,0,10.9994352372,False,8734.76045358,64.2083621907,18
sorties,330,25,127,0,0,4.99976269108,False,8734.76045358,64.2083621907,18
sorties,331,16,74,0,0,4.00009714607,False,8734.76045358,64.2083621907,18
sorties,332,36,214,0,0,9.00055513415,False,8734.76045358,64.2083621907,18
sorties,333,25,113,0,0,5.00064232552,False,8734.76045358,64.2083621907,18
sorties,334,24,84,0,0,6.00016877858,False,8734.76045358,64.2083621907,18
sorties,335,47,365,0,0,11.0001133015,False,8734.76045358,64.2083621907,18
sorties,336,36,169,0,0,7.00019045037,False,8734.76045358,64.2083621907,18
sorties,337,54,445,0,0,11.0001657632,False,8734.76045358,64.2083621907,18
sorties,338,19,85,0,0,5.00013740963,False,8734.76045358,64.2083621907,18
sorties,339,16,61,0,0,4.00001009703,False,8734.76045358,64.2083621907,18
sorties,340,29,143,0,0,8.00049641978,False,8734.76045358,64.2083621907,18
sorties,341,10,28,0,0,3.99968488736,False,8734.76045358,64.2083621907,18
sorties,342,34,168,0,0,9.99950188551,False,8734.76045358,64.2083621907,18
sorties,343,40,320,0,0,9.00027813107,False,8734.76045358,64.2083621907,18
sorties,344,46,296,0,0,9.00024929724,False,8734.76045358,64.2083621907,18
sorties,345,21,84,0,0,5.00051797079,False,8734.76045358,64.2083621907,18
sorties,346,48,405,0,0,10.9995527557,False,8734.76045358,64.2083621907,18
sorties,347,54,380,0,2.24620338735e-06,11.9994318004,False,8734.76045358,64.2083621907,18
sorties,348,43,338,0,0,11.0000433259,False,8734.76045358,64.2083621907,18
sorties,349,42,298,0,0,9.99959619762,False,8734.76045358,64.2083621907,18
sorties,350,21,86,0,0,4.99998804107,False,8734.76045358,64.2083621907,18
sorties,351,35,171,0,0,8.00048522244,False,8734.76045358,64.2083621907,18
sorties,352,18,67,0,0,3.9998671976,False,8734.76045358,64.2083621907,18
sorties,353,39,237,0,0,7.999995265,False,8734.76045358,64.2083621907,18
sorties,354,22,85,0,0,3.99991678756,False,8734.76045358,64.2083621907,18
sorties,355,42,246,0,0,7.00008928033,False,8734.76045358,64.2083621907,18
sorties,356,16,71,0,0,4.9997226237,False,8734.76045358,64.2083621907,18
sorties,357,23,146,0,0,6.999826299,False,8734.76045358,64.2083621907,18
sorties,358,51,488,0,0,9.99928146107,False,8734.76045358,64.2083621907,18
sorties,359,55,476,0,0,11.9997264595,False,8734.76045358,64.2083621907,18
sorties,360,13,47,0,0,3.99966510175,False,8734.76045358,64.2083621907,18
sorties,361,43,354,0,2.67049906588e-05,10.9998839986,False,8734.76045358,64.2083621907,18
sorties,362,40,210,0,0,8.00007412444,False,8734.76045358,64.2083621907,18
sorties,363,22,101,0,0,3.99997077004,False,8734.76045358,64.2083621907,18
sorties,364,20,76,0,0,6.00065706577,False,8734.76045358,64.2083621907,18
sorties,365,53,464,0,0,11.9995112865,False,8734.76045358,64.2083621907,18
sorties,366,38,296,0,0,8.00001702261,False,8734.76045358,64.2083621907,18
sorties,367,16,74,0,0,4.00006879422,False,8734.76045358,64.2083621907,18
sorties,368,31,138,0,0,7.00044614284,False,8734.76045358,64.2083621907,18
sorties,369,23,125,0,0,4.99979591783,False,8734.76045358,64.2083621907,18
sorties,370,43,265,0,0,9.00029682071,False,8734.76045358,64.2083621907,18
sorties,371,21,64,0,0,6.00004829487,False,8734.76045358,64.2083621907,18
sorties,372,20,71,0,0,4.99967509091,False,8734.76045358,64.2083621907,18
sorties,373,29,180,0,0,7.99960589356,False,8734.76045358,64.2083621907,18
sorties,374,12,41,0,0,4.9998132646,False,8734.76045358,64.2083621907,18
sorties,375,28,144,0,0,5.99987160643,False,8734.76045358,64.2083621907,18
sorties,376,20,82,0,0,4.00004499999,False,8734.76045358,64.2083621907,18
sorties,377,22,104,0,0,5.00024192027,False,8734.76045358,64.2083621907,18
sorties,378,52,440,0,0,11.0006023661,False,8734.76045358,64.2083621907,18
sorties,379,24,131,0,0,4.99978876452,False,8734.76045358,64.2083621907,18
sorties,380,31,140,0,0,8.9998777969,False,8734.76045358,64.2083621907,18
sorties,381,44,254,0,0,9.00010740387,False,8734.76045358,64.2083621907,18
sorties,382,20,77,0,0,5.00008201614,False,8734.76045358,64.2083621907,18
sorties,383,22,108,0,0,4.9998923109,False,8734.76045358,64.2083621907,18
sorties,384,28,128,0,0,7.00019763289,False,8734.76045358,64.2083621907,18
sorties,385,55,472,0,5.41024389117e-05,12.0004697236,False,8734.76045358,64.2083621907,18
sorties,386,48,372,0,0,10.9991943837,False,8734.76045358,64.2083621907,18
sorties,387,32,180,0,0,7.00058708713,False,8734.76045358,64.2083621907,18
sorties,388,27,128,0,0,4.99970507143,False,8734.76045358,64.2083621907,18
sorties,389,23,104,0,0,6.00041305204,False,8734.76045358,64.2083621907,18
sorties,390,30,139,0,0,8.0000494566,False,8734.76045358,64.2083621907,18
sorties,391,34,139,0,0,9.00031764094,False,8734.76045358,64.2083621907,18
sorties,392,50,321,0,0,11.9999699918,False,8734.76045358,64.2083621907,18
sorties,393,56,534,0,0,10.000109077,False,8734.76045358,64.2083621907,18
sorties,394,61,532,0,0,11.9993918663,False,8734.76045358,64.2083621907,18
sorties,395,20,83,0,0,5.9998126173,False,8734.76045358,64.2083621907,18
sorties,396,43,257,0,0,7.99996769947,False,8734.76045358,64.2083621907,18
sorties,397,27,151,0,0,7.0004141577,False,8734.76045358,64.2083621907,18
sorties,398,44,342,0,0,9.99951235046,False,8734.76045358,64.2083621907,18
sorties,399,40,333,0,0,9.99933548617,False,8734.76045358,64.2083621907,18
sorties,400,29,177,0,0,6.00061868759,False,8734.76045358,64.2083621907,18
sorties,401,32,149,0,0,6.00029351524,False,8734.76045358,64.2083621907,18
sorties,402,42,247,0,0,9.00008318439,False,8734.76045358,64.2083621907,18
sorties,403,40,383,0,0,8.99973673649,False,8734.76045358,64.2083621907,18
sorties,404,16,61,0,0,3.99993225639,False,8734.76045358,64.2083621907,18
sorties,405,32,144,0,0,6.99984359304,False,8734.76045358,64.2083621907,18
sorties,406,51,470,0,0,11.9994213158,False,8734.76045358,64.2083621907,18
sorties,407,46,548,0,0,9.99962964831,False,8734.76045358,64.2083621907,18
sorties,408,49,313,0,0,11.0004219108,False,8734.76045358,64.2083621907,18
sorties,409,31,132,0,0,8.00024230814,False,8734.76045358,64.2083621907,18
sorties,410,34,164,0,0,7.00036234845,False,8734.76045358,64.2083621907,18
sorties,411,60,624,0,0,11.9991179517,False,8734.76045358,64.2083621907,18
sorties,412,11,40,0,0,3.99999418556,False,8734.76045358,64.2083621907,18
sorties,413,59,503,0,8.41132825373e-07,12.0001983221,False,8734.76045358,64.2083621907,18
sorties,414,48,327,0,0,11.0003205053,False,8734.76045358,64.2083621907,18
sorties,415,28,156,0,0,6.99975061117,False,8734.76045358,64.2083621907,18
sorties,416,25,92,0,0,5.99952954661,False,8734.76045358,64.2083621907,18
sorties,417,37,295,0,0,8.00060879207,False,8734.76045358,64.2083621907,18
sorties,418,24,106,0,0,5.00004428421,False,8734.76045358,64.2083621907,18
sorties,419,42,233,0,0,8.99989277465,False,8734.76045358,64.2083621907,18
sorties,420,52,374,0,0,11.0002104267,False,8734.76045358,64.2083621907,18
sorties,421,60,691,0,0,10.9996701498,False,8734.76045358,64.2083621907,18
sorties,422,28,151,0,0,4.99974043072,False,8734.76045358,64.2083621907,18
sorties,423,38,321,0,0,8.00009704978,False,8734.76045358,64.2083621907,18
sorties,424,34,296,0,0,5.00001720078,False,8734.76045358,64.2083621907,18
sorties,425,38,252,0,0,7.99959218108,False,8734.76045358,64.2083621907,18
sorties,426,31,121,0,0,8.99992119547,False,8734.76045358,64.2083621907,18
sorties,427,18,55,0,0,5.99970981217,False,8734.76045358,64.2083621907,18
sorties,428,27,174,0,0,3.99987852908,False,8734.76045358,64.2083621907,18
sorties,429,54,385,0,0,10.999731665,False,8734.76045358,64.2083621907,18
sorties,430,28,129,0,0,5.00004646911,False,8734.76045358,64.2083621907,18
sorties,431,37,198,0,0,7.99988827598,False,8734.76045358,64.2083621907,18
sorties,432,17,49,0,0,5.00022153067,False,8734.76045358,64.2083621907,18
sorties,433,28,118,0,0,6.00019489384,False,8734.76045358,64.2083621907,18
sorties,434,24,130,0,0,5.00030234378,False,8734.76045358,64.2083621907,18
sorties,435,52,513,0,0,10.9999190133,False,8734.76045358,64.2083621907,18
sorties,436,45,366,0,0,8.9994562158,False,8734.76045358,64.2083621907,18
sorties,437,24,88,0,0,6.00025818827,False,8734.76045358,64.2083621907,18
sorties,438,45,395,0,0,8.99974505553,False,8734.76045358,64.2083621907,18
sorties,439,40,267,0,0,8.99967454603,False,8734.76045358,64.2083621907,18
sorties,440,48,359,0,0,10.9997122686,False,8734.76045358,64.2083621907,18
sorties,441,47,350,0,0,8.999432132,False,8734.76045358,64.2083621907,18
sorties,442,21,100,0,0,4.00003955675,False,8734.76045358,64.2083621907,18
sorties,443,39,286,0,0,7.99965053675,False,8734.76045358,64.2083621907,18
sorties,444,41,256,0,0,9.99973931743,False,8734.76045358,64.2083621907,18
sorties,445,54,404,0,0,12.0000615182,False,8734.76045358,64.2083621907,18
sorties,446,39,275,0,0,7.000659465,False,8734.76045358,64.2083621907,18
sorties,447,35,234,0,0,7.99973380361,False,8734.76045358,64.2083621907,18
sorties,448,33,191,0,0,7.9997413145,False,8734.76045358,64.2083621907,18
sorties,449,38,208,0,0,10.0000426047,False,8734.76045358,64.2083621907,18
sorties,450,23,107,0,0,6.00035240965,False,8734.76045358,64.2083621907,18
sorties,451,23,120,0,0,5.00019429996,False,8734.76045358,64.2083621907,18
sorties,452,21,77,0,0,6.9999462959,False,8734.76045358,64.2083621907,18
sorties,453,25,82,0,0,7.99997706067,False,8734.76045358,64.2083621907,18
sorties,454,19,71,0,0,5.00031061748,False,8734.76045358,64.2083621907,18
sorties,455,14,48,0,0,4.00012265719,False,8734.76045358,64.2083621907,18
sorties,456,55,533,0,0,9.99977499707,False,8734.76045358,64.2083621907,18
sorties,457,22,105,0,0,5.00022909303,False,8734.76045358,64.2083621907,18
sorties,458,34,278,0,0,7.0005054083,False,8734.76045358,64.2083621907,18
sorties,459,29,178,0,0,4.99966373593,False,8734.76045358,64.2083621907,18
sorties,460,12,33,0,0,4.00004592737,False,8734.76045358,64.2083621907,18
sorties,461,57,482,0,0,10.999961809,False,8734.76045358,64.2083621907,18
sorties,462,26,117,0,0,5.99990428509,False,8734.76045358,64.2083621907,18
sorties,463,26,188,0,0,5.99943401713,False,8734.76045358,64.2083621907,18
sorties,464,36,218,0,0,7.99974813218,False,8734.76045358,64.2083621907,18
sorties,465,45,328,0,0,8.00002563241,False,8734.76045358,64.2083621907,18
sorties,466,35,161,0,0,9.00026046792,False,8734.76045358,64.2083621907,18
sorties,467,24,141,0,0,5.99988129179,False,8734.76045358,64.2083621907,18
sorties,468,41,226,0,1.97370412145e-16,9.00011719129,False,8734.76045358,64.2083621907,18
sorties,469,29,206,0,0,7.99973678526,False,8734.76045358,64.2083621907,18
sorties,470,44,302,0,0.00011220619315,11.0008463351,False,8734.76045358,64.2083621907,18
sorties,471,15,54,0,0,4.00001348134,False,8734.76045358,64.2083621907,18
sorties,472,18,76,0,0,5.00040834602,False,8734.76045358,64.2083621907,18
sorties,473,12,27,0,0,4.99967880153,False,8734.76045358,64.2083621907,18
sorties,474,51,395,0,0,11.999935546,False,8734.76045358,64.2083621907,18
sorties,475,28,130,0,0,7.9999358862,False,8734.76045358,64.2083621907,18
sorties,476,41,349,0,0,7.99995628743,False,8734.76045358,64.2083621907,18
sorties,477,21,150,0,0,4.00015341573,False,8734.76045358,64.2083621907,18
sorties,478,49,352,0,0,10.9998779956,False,8734.76045358,64.2083621907,18
sorties,479,34,201,0,0,5.99989486014,False,8734.76045358,64.2083621907,18
sorties,480,50,500,0,0,10.9994626355,False,8734.76045358,64.2083621907,18
sorties,481,10,26,0,0,4.00020323252,False,8734.76045358,64.2083621907,18
sorties,482,48,398,0,0,8.99981884088,False,8734.76045358,64.2083621907,18
sorties,483,52,395,0,0,12.0001555493,False,8734.76045358,64.2083621907,18
sorties,484,20,79,0,0,3.99995704756,False,8734.76045358,64.2083621907,18
sorties,485,39,222,0,0,10.0002013869,False,8734.76045358,64.2083621907,18
sorties,486,35,172,0,0,8.00010845977,False,8734.76045358,64.2083621907,18
sorties,487,46,330,0,0,9.99993007468,False,8734.76045358,64.2083621907,18
sorties,488,27,106,0,0,5.99984537066,False,8734.76045358,64.2083621907,18
sorties,489,36,252,0,0,7.99959572271,False,8734.76045358,64.2083621907,18
sorties,490,22,100,0,0,5.00019231347,False,8734.76045358,64.2083621907,18
sorties,491,28,152,0,0,5.00017227747,False,8734.76045358,64.2083621907,18
sorties,492,39,201,0,0,9.99986801664,False,8734.76045358,64.2083621907,18
sorties,493,52,477,0,0,10.9994845702,False,8734.76045358,64.2083621907,18
sorties,494,47,380,0,0,9.99942420246,False,8734.76045358,64.2083621907,18
sorties,495,49,446,0,0,10.0004045928,False,8734.76045358,64.2083621907,18
sorties,496,38,209,0,0,9.99982217558,False,8734.76045358,64.2083621907,18
sorties,497,14,50,0,0,5.99969600736,False,8734.76045358,64.2083621907,18
sorties,498,16,66,0,0,4.99965641922,False,8734.76045358,64.2083621907,18
sorties,499,26,132,0,0,4.00018195828,False,8734.76045358,64.2083621907,18
sorties,500,25,167,0,0,6.00009330235,False,8734.76045358,64.2083621907,18
sorties,501,31,161,0,0,7.99927979664,False,8734.76045358,64.2083621907,18
sorties,502,45,307,0,0,8.99982799025,False,8734.76045358,64.2083621907,18
sorties,503,28,202,0,0,4.99992128174,False,8734.76045358,64.2083621907,18
sorties,504,35,231,0,0,8.00038170343,False,8734.76045358,64.2083621907,18
sorties,505,25,138,0,0,5.0002454793,False,8734.76045358,64.2083621907,18
sorties,506,46,336,0,0,10.999980952,False,8734.76045358,64.2083621907,18
sorties,507,30,127,0,0,7.00018735835,False,8734.76045358,64.2083621907,18
sorties,508,38,215,0,0,11.0001663073,False,8734.76045358,64.2083621907,18
sorties,509,37,167,0,0,8.99970448893,False,8734.76045358,64.2083621907,18
sorties,510,15,63,0,0,3.99993827667,False,8734.76045358,64.2083621907,18
sorties,511,27,107,0,0,8.99970962968,False,8734.76045358,64.2083621907,18
sorties,512,42,332,0,0,7.99981987807,False,8734.76045358,64.2083621907,18
sorties,513,42,231,0,0,10.0001937631,False,8734.76045358,64.2083621907,18
sorties,514,36,231,0,0,8.00015936019,False,8734.76045358,64.2083621907,18
sorties,515,26,140,0,0,3.99999076905,False,8734.76045358,64.2083621907,18
sorties,516,47,456,0,3.91748610651e-05,10.0004295213,False,8734.76045358,64.2083621907,18
sorties,517,50,378,0,0,8.99998061339,False,8734.76045358,64.2083621907,18
sorties,518,38,209,0,0,8.99975113007,False,8734.76045358,64.2083621907,18
sorties,519,57,611,0,0,11.0000054418,False,8734.76045358,64.2083621907,18
sorties,520,16,48,0,0,5.00004144486,False,8734.76045358,64.2083621907,18
sorties,521,36,199,0,0,7.99953886745,False,8734.76045358,64.2083621907,18
sorties,522,52,504,0,0,10.9997073386,False,8734.76045358,64.2083621907,18
sorties,523,17,76,0,0,4.00022274174,False,8734.76045358,64.2083621907,18
sorties,524,50,371,0,0,9.99968922343,False,8734.76045358,64.2083621907,18
sorties,525,24,92,0,0,6.00013613631,False,8734.76045358,64.2083621907,18
sorties,526,64,668,0,0,10.9997190988,False,8734.76045358,64.2083621907,18
sorties,527,55,568,0,0,10.9992248663,False,8734.76045358,64.2083621907,18
sorties,528,18,82,0,0,4.00036372082,False,8734.76045358,64.2083621907,18
sorties,529,51,360,0,0,11.9999002213,False,8734.76045358,64.2083621907,18
sorties,530,17,72,0,0,3.99980414515,False,8734.76045358,64.2083621907,18
sorties,531,39,182,0,0,10.0002127726,False,8734.76045358,64.2083621907,18
sorties,532,37,258,0,0,9.00023582565,False,8734.76045358,64.2083621907,18
sorties,533,38,188,0,0,9.99951355159,False,8734.76045358,64.2083621907,18
sorties,534,51,358,0,0,11.0005630395,False,8734.76045358,64.2083621907,18
sorties,535,26,118,0,0,7.00015155465,False,8734.76045358,64.2083621907,18
sorties,536,36,168,0,0,8.99958697915,False,8734.76045358,64.2083621907,18
sorties,537,54,550,0,0,10.9997336122,False,8734.76045358,64.2083621907,18
sorties,538,19,90,0,0,5.00023809141,False,8734.76045358,64.2083621907,18
sorties,539,23,205,0,1.10793422509e-05,6.00000611365,False,8734.76045358,64.2083621907,18
sorties,540,20,78,0,0,4.00019320581,False,8734.76045358,64.2083621907,18
sorties,541,46,320,0,0,10.999266902,False,8734.76045358,64.2083621907,18
sorties,542,17,55,0,0,4.99982893446,False,8734.76045358,64.2083621907,18
sorties,543,32,146,0,0,6.00063593994,False,8734.76045358,64.2083621907,18
sorties,544,30,143,0,0,6.00028942533,False,8734.76045358,64.2083621907,18
sorties,545,25,92,0,0,5.99996346894,False,8734.76045358,64.2083621907,18
sorties,546,19,82,0,0,5.00006332427,False,8734.76045358,64.2083621907,18
sorties,547,50,282,0,0,10.9995037681,False,8734.76045358,64.2083621907,18
sorties,548,48,391,0,0,7.99982630601,False,8734.76045358,64.2083621907,18
sorties,549,35,175,0,0,8.00060725602,False,8734.76045358,64.2083621907,18
sorties,550,42,272,0,0,9.00014786401,False,8734.76045358,64.2083621907,18
sorties,551,38,338,0,0,8.00050240496,False,8734.76045358,64.2083621907,18
sorties,552,46,243,0,0,11.0000496022,False,8734.76045358,64.2083621907,18
sorties,553,31,186,0,0,7.00048168337,False,8734.76045358,64.2083621907,18
sorties,554,31,201,0,0,6.00006529994,False,8734.76045358,64.2083621907,18
sorties,555,28,146,0,0,6.99985073512,False,8734.76045358,64.2083621907,18
sorties,556,36,182,0,0,8.99974397255,False,8734.76045358,64.2083621907,18
sorties,557,33,249,0,0,7.00031722019,False,8734.76045358,64.2083621907,18
sorties,558,37,192,0,0,8.00012989149,False,8734.76045358,64.2083621907,18
sorties,559,47,254,0,1.66631568311e-05,11.0002872344,False,8734.76045358,64.2083621907,18
sorties,560,34,187,0,0,6.99969621372,False,8734.76045358,64.2083621907,18
sorties,561,36,217,0,0,7.00008183248,False,8734.76045358,64.2083621907,18
sorties,562,21,77,0,0,4.9999103969,False,8734.76045358,64.2083621907,18
sorties,563,23,102,0,0,5.00000882406,False,8734.76045358,64.2083621907,18
sorties,564,46,371,0,0,10.9995756709,False,8734.76045358,64.2083621907,18
sorties,565,51,571,0,0,10.9998265861,False,8734.76045358,64.2083621907,18
sorties,566,50,438,0,0,10.9996645773,False,8734.76045358,64.2083621907,18
sorties,567,17,70,0,0,3.99995208232,False,8734.76045358,64.2083621907,18
sorties,568,37,192,0,0,7.99992622811,False,8734.76045358,64.2083621907,18
sorties,569,29,204,0,0,6.99983676912,False,8734.76045358,64.2083621907,18
sorties,570,43,309,0,0,8.99973039732,False,8734.76045358,64.2083621907,18
sorties,571,25,105,0,0,7.00023759225,False,8734.76045358,64.2083621907,18
sorties,572,24,167,0,0,5.00030339008,False,8734.76045358,64.2083621907,18
sorties,573,61,589,0,0,10.9997707153,False,8734.76045358,64.2083621907,18
sorties,574,37,248,0,0,7.9999940805,False,8734.76045358,64.2083621907,18
sorties,575,30,164,0,0,5.99992106946,False,8734.76045358,64.2083621907,18
sorties,576,50,512,0,0,10.9993895779,False,8734.76045358,64.2083621907,18
sorties,577,27,145,0,0,6.00018970178,False,8734.76045358,64.2083621907,18
sorties,578,51,439,0,0,11.0000369929,False,8734.76045358,64.2083621907,18
sorties,579,32,146,0,0,6.99989483293,False,8734.76045358,64.2083621907,18
sorties,580,25,135,0,0,5.00033277502,False,8734.76045358,64.2083621907,18
sorties,581,28,135,0,0,6.00014815098,False,8734.76045358,64.2083621907,18
sorties,582,49,419,0,0,10.9995556023,False,8734.76045358,64.2083621907,18
sorties,583,49,366,0,0,11.0001610809,False,8734.76045358,64.2083621907,18
sorties,584,31,201,0,0,6.00001265501,False,8734.76045358,64.2083621907,18
sorties,585,31,160,0,0,6.99981019333,False,8734.76045358,64.2083621907,18
sorties,586,46,283,0,0,9.99979032671,False,8734.76045358,64.2083621907,18
sorties,587,56,751,0,0,11.9996994582,False,8734.76045358,64.2083621907,18
sorties,588,21,84,0,0,6.99964310395,False,8734.76045358,64.2083621907,18
sorties,589,57,480,0,0,10.9997159953,False,8734.76045358,64.2083621907,18
sorties,590,51,364,0,0,9.99986267458,False,8734.76045358,64.2083621907,18
sorties,591,58,487,0,0,11.9997600706,False,8734.76045358,64.2083621907,18
sorties,592,44,280,0,0,9.00093664205,False,8734.76045358,64.2083621907,18
sorties,593,22,93,0,0,5.99999986347,False,8734.76045358,64.2083621907,18
sorties,594,35,186,0,0,7.99984357511,False,8734.76045358,64.2083621907,18
sorties,595,44,275,0,0,9.99987434419,False,8734.76045358,64.2083621907,18
sorties,596,30,294,0,0,5.99974897344,False,8734.76045358,64.2083621907,18
sorties,597,31,140,0,0,7.0003898271,False,8734.76045358,64.2083621907,18
sorties,598,19,74,0,0,4.00017302698,False,8734.76045358,64.2083621907,18
sorties,599,27,99,0,0,7.00023355138,False,8734.76045358,64.2083621907,18
sorties,600,47,364,0,0,10.0002126255,False,8734.76045358,64.2083621907,18
sorties,601,36,209,0,0,8.99971040913,False,8734.76045358,64.2083621907,18
sorties,602,56,579,0,5.19724613344e-06,11.9999354144,False,8734.76045358,64.2083621907,18
sorties,603,20,82,0,0,4.00008671454,False,8734.76045358,64.2083621907,18
sorties,604,40,223,0,0,9.00030964173,False,8734.76045358,64.2083621907,18
sorties,605,43,322,0,0,9.99982884204,False,8734.76045358,64.2083621907,18
sorties,606,33,276,0,0,5.99986801359,False,8734.76045358,64.2083621907,18
sorties,607,50,470,0,0,9.99973978883,False,8734.76045358,64.2083621907,18
sorties,608,30,191,0,0,6.99999862378,False,8734.76045358,64.2083621907,18
sorties,609,27,135,0,0,6.00034454293,False,8734.76045358,64.2083621907,18
sorties,610,35,237,0,0,8.00030412358,False,8734.76045358,64.2083621907,18
sorties,611,41,212,0,0,9.99965397798,False,8734.76045358,64.2083621907,18
sorties,612,28,185,0,2.75902117768e-05,7.00024238178,False,8734.76045358,64.2083621907,18
sorties,613,24,100,0,0,6.00005559293,False,8734.76045358,64.2083621907,18
sorties,614,38,263,0,0,9.00020101067,False,8734.76045358,64.2083621907,18
sorties,615,22,154,0,0,4.00015897188,False,8734.76045358,64.2083621907,18
sorties,616,41,296,0,0,9.00026472157,False,8734.76045358,64.2083621907,18
sorties,617,48,519,0,2.9262170875e-05,10.999925488,False,8734.76045358,64.2083621907,18
sorties,618,41,245,0,0,7.99993316303,False,8734.76045358,64.2083621907,18
sorties,619,48,467,0,0,8.99992664525,False,8734.76045358,64.2083621907,18
sorties,620,44,312,0,0,9.99952926967,False,8734.76045358,64.2083621907,18
sorties,621,40,275,0,0,8.99976951785,False,8734.76045358,64.2083621907,18
sorties,622,29,124,0,0,5.99976016653,False,8734.76045358,64.2083621907,18
sorties,623,17,62,0,0,3.99993508345,False,8734.76045358,64.2083621907,18
sorties,624,24,130,0,0,6.99952400526,False,8734.76045358,64.2083621907,18
sorties,625,25,152,0,0,5.99964986478,False,8734.76045358,64.2083621907,18
sorties,626,62,647,0,0,11.9998412692,False,8734.76045358,64.2083621907,18
sorties,627,33,197,0,0,6.00014994135,False,8734.76045358,64.2083621907,18
sorties,628,41,382,0,0,10.9999437812,False,8734.76045358,64.2083621907,18
sorties,629,33,157,0,0,7.99984793657,False,8734.76045358,64.2083621907,18
sorties,630,47,330,0,0,9.99979034816,False,8734.76045358,64.2083621907,18
sorties,631,38,189,0,0,10.0001884699,False,8734.76045358,64.2083621907,18
sorties,632,30,145,0,0,5.99989363924,False,8734.76045358,64.2083621907,18
sorties,633,23,125,0,0,4.9996257804,False,8734.76045358,64.2083621907,18
sorties,634,42,283,0,0,9.00022885271,False,8734.76045358,64.2083621907,18
sorties,635,27,101,0,0,8.00033171999,False,8734.76045358,64.2083621907,18
sorties,636,43,333,0,0,9.99960223605,False,8734.76045358,64.2083621907,18
sorties,637,52,484,0,0,10.999247935,False,8734.76045358,64.2083621907,18
sorties,638,22,88,0,0,4.99994748521,False,8734.76045358,64.2083621907,18
sorties,639,51,574,0,0,9.99917229659,False,8734.76045358,64.2083621907,18
sorties,640,60,513,0,0,10.9998133065,False,8734.76045358,64.2083621907,18
sorties,641,33,165,0,0,8.00028029124,False,8734.76045358,64.2083621907,18
sorties,642,44,320,0,0,8.0000638243,False,8734.76045358,64.2083621907,18
sorties,643,18,72,0,0,4.00007496753,False,8734.76045358,64.2083621907,18
sorties,644,53,404,0,0,10.9995604828,False,8734.76045358,64.2083621907,18
sorties,645,55,541,0,0,10.9993822408,False,8734.76045358,64.2083621907,18
sorties,646,48,366,0,0,10.999366544,False,8734.76045358,64.2083621907,18
sorties,647,42,350,0,0,8.99970200991,False,8734.76045358,64.2083621907,18
sorties,648,55,506,0,0,10.0000435006,False,8734.76045358,64.2083621907,18
sorties,649,24,107,0,0,6.00005352491,False,8734.76045358,64.2083621907,18
sorties,650,31,139,0,0,8.99970485152,False,8734.76045358,64.2083621907,18
sorties,651,20,103,0,0,3.99996974178,False,8734.76045358,64.2083621907,18
sorties,652,31,214,0,0,6.99995154091,False,8734.76045358,64.2083621907,18
sorties,653,32,188,0,0,7.99962060389,False,8734.76045358,64.2083621907,18
sorties,654,36,180,0,0,8.9999407311,False,8734.76045358,64.2083621907,18
sorties,655,34,202,0,0,7.00003576468,False,8734.76045358,64.2083621907,18
sorties,656,43,226,0,0,9.99934346107,False,8734.76045358,64.2083621907,18
sorties,657,21,109,0,0,4.00028779742,False,8734.76045358,64.2083621907,18
sorties,658,13,48,0,0,3.99969704471,False,8734.76045358,64.2083621907,18
sorties,659,21,67,0,0,5.99998124547,False,8734.76045358,64.2083621907,18
sorties,660,22,128,0,0,5.00019445488,False,8734.76045358,64.2083621907,18
sorties,661,37,208,0,2.0278660411e-05,8.99964656579,False,8734.76045358,64.2083621907,18
sorties,662,36,230,0,0,6.99978407879,False,8734.76045358,64.2083621907,18
sorties,663,42,292,0,0,9.99973265572,False,8734.76045358,64.2083621907,18
sorties,664,44,463,0,0,8.99959541551,False,8734.76045358,64.2083621907,18
sorties,665,38,313,0,0,7.00004115162,False,8734.76045358,64.2083621907,18
sorties,666,43,339,0,0,9.00023020352,False,8734.76045358,64.2083621907,18
sorties,667,59,451,0,0,12.0003941532,False,8734.76045358,64.2083621907,18
sorties,668,20,109,0,0,4.99983793864,False,8734.76045358,64.2083621907,18
sorties,669,10,42,0,0,3.9997365239,False,8734.76045358,64.2083621907,18
sorties,670,31,189,0,0,5.9999545251,False,8734.76045358,64.2083621907,18
sorties,671,45,410,0,0,10.9998232804,False,8734.76045358,64.2083621907,18
sorties,672,44,311,0,0,8.99942105053,False,8734.76045358,64.2083621907,18
sorties,673,44,371,0,0,11.9990300534,False,8734.76045358,64.2083621907,18
sorties,674,51,456,0,0,10.0001687516,False,8734.76045358,64.2083621907,18
sorties,675,33,268,0,0,8.99968677208,False,8734.76045358,64.2083621907,18
sorties,676,45,321,0,0,8.99940724296,False,8734.76045358,64.2083621907,18
sorties,677,54,436,0,0,11.0000679202,False,8734.76045358,64.2083621907,18
sorties,678,42,379,0,0,8.00004401154,False,8734.76045358,64.2083621907,18
sorties,679,26,164,0,0,4.00007275747,False,8734.76045358,64.2083621907,18
sorties,680,23,122,0,0,5.00053487535,False,8734.76045358,64.2083621907,18
sorties,681,43,328,0,2.32775156811e-05,9.99972839097,False,8734.76045358,64.2083621907,18
sorties,682,39,291,0,0,9.00013706392,False,8734.76045358,64.2083621907,18
sorties,683,43,261,0,0,9.00027177474,False,8734.76045358,64.2083621907,18
sorties,684,21,107,0,0,3.99990561697,False,8734.76045358,64.2083621907,18
sorties,685,54,472,0,0,11.9998786052,False,8734.76045358,64.2083621907,18
sorties,686,29,139,0,0,7.99984435863,False,8734.76045358,64.2083621907,18
sorties,687,38,184,0,1.08488626151e-05,9.99968708761,False,8734.76045358,64.2083621907,18
sorties,688,17,65,0,0,4.00036448331,False,8734.76045358,64.2083621907,18
sorties,689,29,161,0,0,6.00040515984,False,8734.76045358,64.2083621907,18
sorties,690,44,319,0,0,8.00004781045,False,8734.76045358,64.2083621907,18
sorties,691,26,156,0,0,3.99985375554,False,8734.76045358,64.2083621907,18
sorties,692,36,242,0,0,9.00004229944,False,8734.76045358,64.2083621907,18
sorties,693,26,97,0,0,7.00051272746,False,8734.76045358,64.2083621907,18
sorties,694,52,389,0,0,10.9996689265,False,8734.76045358,64.2083621907,18
sorties,695,45,341,0,0,9.99928912378,False,8734.76045358,64.2083621907,18
sorties,696,24,88,0,0,6.00005434442,False,8734.76045358,64.2083621907,18
sorties,697,46,408,0,0,7.99979205979,False,8734.76045358,64.2083621907,18
sorties,698,19,77,0,0,3.99979602394,False,8734.76045358,64.2083621907,18
sorties,699,35,269,0,0,7.99995352865,False,8734.76045358,64.2083621907,18
sorties,700,46,363,0,0,10.9991391843,False,8734.76045358,64.2083621907,18
sorties,701,28,158,0,0,4.99994085659,False,8734.76045358,64.2083621907,18
sorties,702,43,262,0,0,10.9998941542,False,8734.76045358,64.2083621907,18
sorties,703,21,80,0,0,5.00059856368,False,8734.76045358,64.2083621907,18
sorties,704,47,458,0,8.61306772589e-07,11.0004390089,False,8734.76045358,64.2083621907,18
sorties,705,27,130,0,0,6.99999812966,False,8734.76045358,64.2083621907,18
sorties,706,28,136,0,0,4.99994152872,False,8734.76045358,64.2083621907,18
sorties,707,18,72,0,0,3.99967959505,False,8734.76045358,64.2083621907,18
sorties,708,56,646,0,0,12.0000954242,False,8734.76045358,64.2083621907,18
sorties,709,34,165,0,0,8.00006600568,False,8734.76045358,64.2083621907,18
sorties,710,37,203,0,0,7.99994760097,False,8734.76045358,64.2083621907,18
sorties,711,52,511,0,0,10.9990987771,False,8734.76045358,64.2083621907,18
sorties,712,29,164,0,0,6.00013383562,False,8734.76045358,64.2083621907,18
sorties,713,31,158,0,0,6.00024437336,False,8734.76045358,64.2083621907,18
sorties,714,43,262,0,0,10.9999731546,False,8734.76045358,64.2083621907,18
sorties,715,37,261,0,0,6.99978970028,False,8734.76045358,64.2083621907,18
sorties,716,20,83,0,0,4.00014639068,False,8734.76045358,64.2083621907,18
sorties,717,45,391,0,0,10.000055053,False,8734.76045358,64.2083621907,18
sorties,718,34,194,0,0,8.00021639361,False,8734.76045358,64.2083621907,18
sorties,719,23,110,0,0,5.00016600292,False,8734.76045358,64.2083621907,18
sorties,720,24,100,0,0,6.99937219824,False,8734.76045358,64.2083621907,18
sorties,721,23,81,0,0,6.00049642257,False,8734.76045358,64.2083621907,18
sorties,722,28,185,0,0,4.9999222586,False,8734.76045358,64.2083621907,18
sorties,723,28,130,0,0,6.000159314,False,8734.76045358,64.2083621907,18
sorties,724,28,230,0,0,5.00015950873,False,8734.76045358,64.2083621907,18
sorties,725,16,58,0,0,4.99992654572,False,8734.76045358,64.2083621907,18
sorties,726,48,361,0,0,9.00002667222,False,8734.76045358,64.2083621907,18
sorties,727,32,150,0,0,6.99974675309,False,8734.76045358,64.2083621907,18
sorties,728,49,353,0,0,11.000272013,False,8734.76045358,64.2083621907,18
sorties,729,35,252,0,0,5.99986592868,False,8734.76045358,64.2083621907,18
sorties,730,22,114,0,0,4.00023424735,False,8734.76045358,64.2083621907,18
sorties,731,21,105,0,0,4.00011223316,False,8734.76045358,64.2083621907,18
sorties,732,18,78,0,0,5.00044932714,False,8734.76045358,64.2083621907,18
sorties,733,43,226,0,0,11.0007310634,False,8734.76045358,64.2083621907,18
sorties,734,14,41,0,0,3.99997756036,False,8734.76045358,64.2083621907,18
sorties,735,26,165,0,0,5.00039241627,False,8734.76045358,64.2083621907,18
sorties,736,28,126,0,0,5.00020971085,False,8734.76045358,64.2083621907,18
sorties,737,43,419,0,0,9.99958391044,False,8734.76045358,64.2083621907,18
sorties,738,60,664,0,0,12.0001433899,False,8734.76045358,64.2083621907,18
sorties,739,39,280,0,0,8.99976138366,False,8734.76045358,64.2083621907,18
sorties,740,47,316,0,0,9.00011199191,False,8734.76045358,64.2083621907,18
sorties,741,23,104,0,0,7.99998055099,False,8734.76045358,64.2083621907,18
sorties,742,58,470,0,0,10.9997070769,False,8734.76045358,64.2083621907,18
sorties,743,31,130,0,0,8.00009594088,False,8734.76045358,64.2083621907,18
sorties,744,43,292,0,0,8.99996974457,False,8734.76045358,64.2083621907,18
sorties,745,27,118,0,0,7.00003232116,False,8734.76045358,64.2083621907,18
sorties,746,49,534,0,0,10.9995119626,False,8734.76045358,64.2083621907,18
sorties,747,45,373,0,0,9.99990986709,False,8734.76045358,64.2083621907,18
sorties,748,16,46,0,0,5.99984490357,False,8734.76045358,64.2083621907,18
sorties,749,27,114,0,0,7.0000110674,False,8734.76045358,64.2083621907,18
sorties,750,54,503,0,4.37106155631e-05,12.0002416797,False,8734.76045358,64.2083621907,18
sorties,751,51,603,0,1.57379677874e-05,10.999136797,False,8734.76045358,64.2083621907,18
sorties,752,19,85,0,0,5.00048986152,False,8734.76045358,64.2083621907,18
sorties,753,49,323,0,0,10.9998223734,False,8734.76045358,64.2083621907,18
sorties,754,54,463,0,0,11.9993352933,False,8734.76045358,64.2083621907,18
sorties,755,46,406,0,0,9.99929426304,False,8734.76045358,64.2083621907,18
sorties,756,24,129,0,0,5.00076215132,False,8734.76045358,64.2083621907,18
sorties,757,32,158,0,0,7.00001355848,False,8734.76045358,64.2083621907,18
sorties,758,37,255,0,0,8.00034037995,False,8734.76045358,64.2083621907,18
sorties,759,38,317,0,0,7.00019598214,False,8734.76045358,64.2083621907,18
sorties,760,39,265,0,0,6.99961620559,False,8734.76045358,64.2083621907,18
sorties,761,17,74,0,0,4.00038446546,False,8734.76045358,64.2083621907,18
sorties,762,37,212,0,0,8.99945166786,False,8734.76045358,64.2083621907,18
sorties,763,60,624,0,0,10.9997511695,False,8734.76045358,64.2083621907,18
sorties,764,42,302,0,0,7.99992047617,False,8734.76045358,64.2083621907,18
sorties,765,32,171,0,0,6.00020720396,False,8734.76045358,64.2083621907,18
sorties,766,27,113,0,0,7.00005619705,False,8734.76045358,64.2083621907,18
sorties,767,57,615,0,0,11.9994333531,False,8734.76045358,64.2083621907,18
sorties,768,34,191,0,0,6.00029388936,False,8734.76045358,64.2083621907,18
sorties,769,31,160,0,0,6.0001035316,False,8734.76045358,64.2083621907,18
sorties,770,47,422,0,0,9.00020761618,False,8734.76045358,64.2083621907,18
sorties,771,39,261,0,0,8.00022588784,False,8734.76045358,64.2083621907,18
sorties,772,22,78,0,0,7.00027501446,False,8734.76045358,64.2083621907,18
sorties,773,47,504,0,0,8.9998509452,False,8734.76045358,64.2083621907,18
sorties,774,56,520,0,0,11.9997689146,False,8734.76045358,64.2083621907,18
sorties,775,24,103,0,0,5.99981072425,False,8734.76045358,64.2083621907,18
sorties,776,31,179,0,0,4.99999515277,False,8734.76045358,64.2083621907,18
sorties,777,38,204,0,0,8.00012863768,False,8734.76045358,64.2083621907,18
sorties,778,49,553,0,0,10.9993969727,False,8734.76045358,64.2083621907,18
sorties,779,23,106,0,0,4.0001883393,False,8734.76045358,64.2083621907,18
sorties,780,43,342,0,0,9.99954048367,False,8734.76045358,64.2083621907,18
sorties,781,21,95,0,0,4.00020828379,False,8734.76045358,64.2083621907,18
sorties,782,31,211,0,0,6.00002696924,False,8734.76045358,64.2083621907,18
sorties,783,30,249,0,0,4.99997347507,False,8734.76045358,64.2083621907,18
sorties,784,58,497,0,0,12.0001286613,False,8734.76045358,64.2083621907,18
sorties,785,27,150,0,0,4.99986751759,False,8734.76045358,64.2083621907,18
sorties,786,50,359,0,0,12.0001778401,False,8734.76045358,64.2083621907,18
sorties,787,33,244,0,0,7.99957104053,False,8734.76045358,64.2083621907,18
sorties,788,55,477,0,0,12.0000413944,False,8734.76045358,64.2083621907,18
sorties,789,32,176,0,0,6.99953267872,False,8734.76045358,64.2083621907,18
sorties,790,24,119,0,0,4.00020155495,False,8734.76045358,64.2083621907,18
sorties,791,20,95,0,0,4.00005212114,False,8734.76045358,64.2083621907,18
sorties,792,37,183,0,0,8.99986742925,False,8734.76045358,64.2083621907,18
sorties,793,51,447,0,0,11.0001461697,False,8734.76045358,64.2083621907,18
sorties,794,45,383,0,0,7.99993666333,False,8734.76045358,64.2083621907,18
sorties,795,33,160,0,0,7.0000016815,False,8734.76045358,64.2083621907,18
sorties,796,19,82,0,0,3.99977888643,False,8734.76045358,64.2083621907,18
sorties,797,28,144,0,0,5.00033050272,False,8734.76045358,64.2083621907,18
sorties,798,34,201,0,0,6.99998593273,False,8734.76045358,64.2083621907,18
sorties,799,26,104,0,0,6.00019331339,False,8734.76045358,64.2083621907,18
sorties,800,53,340,0,0,12.0001811684,False,8734.76045358,64.2083621907,18
sorties,801,16,65,0,0,4.00031973563,False,8734.76045358,64.2083621907,18
sorties,802,47,302,0,0,11.0008760466,False,8734.76045358,64.2083621907,18
sorties,803,16,62,0,0,4.00000793884,False,8734.76045358,64.2083621907,18
sorties,804,37,252,0,0,9.99952793736,False,8734.76045358,64.2083621907,18
sorties,805,14,45,0,0,3.99999263173,False,8734.76045358,64.2083621907,18
sorties,806,42,273,0,0,8.99980106386,False,8734.76045358,64.2083621907,18
sorties,807,17,58,0,0,5.00016849887,False,8734.76045358,64.2083621907,18
sorties,808,50,349,0,0,12.0003253768,False,8734.76045358,64.2083621907,18
sorties,809,36,176,0,0,8.0001060425,False,8734.76045358,64.2083621907,18
sorties,810,23,129,0,0,5.00008719922,False,8734.76045358,64.2083621907,18
sorties,811,20,101,0,0,4.00000036356,False,8734.76045358,64.2083621907,18
sorties,812,41,212,0,0,8.99979222577,False,8734.76045358,64.2083621907,18
sorties,813,20,68,0,0,5.99998910654,False,8734.76045358,64.2083621907,18
sorties,814,60,682,0,0,11.9998616426,False,8734.76045358,64.2083621907,18
sorties,815,52,289,0,3.53028235805e-05,12.0002875803,False,8734.76045358,64.2083621907,18
sorties,816,38,223,0,0,8.00015185738,False,8734.76045358,64.2083621907,18
sorties,817,54,375,0,0,11.9998618948,False,8734.76045358,64.2083621907,18
sorties,818,46,446,0,0,8.99974907896,False,8734.76045358,64.2083621907,18
sorties,819,40,223,0,0,9.00021577013,False,8734.76045358,64.2083621907,18
sorties,820,45,413,0,0,8.00017273685,False,8734.76045358,64.2083621907,18
sorties,821,34,193,0,0,6.0003656893,False,8734.76045358,64.2083621907,18
sorties,822,41,247,0,0,7.99959570599,False,8734.76045358,64.2083621907,18
sorties,823,38,226,0,0,8.00061932304,False,8734.76045358,64.2083621907,18
sorties,824,33,132,0,0,8.99970298986,False,8734.76045358,64.2083621907,18
sorties,825,10,27,0,0,3.99977876758,False,8734.76045358,64.2083621907,18
sorties,826,18,52,0,0,4.99972077851,False,8734.76045358,64.2083621907,18
sorties,827,16,55,0,0,4.99996285679,False,8734.76045358,64.2083621907,18
sorties,828,15,56,0,0,4.99974848471,False,8734.76045358,64.2083621907,18
sorties,829,61,677,0,0,11.0000435215,False,8734.76045358,64.2083621907,18
sorties,830,44,270,0,1.61484916227e-16,11.0001409476,False,8734.76045358,64.2083621907,18
sorties,831,40,200,0,0,9.9999977599,False,8734.76045358,64.2083621907,18
sorties,832,14,48,0,0,4.00031977709,False,8734.76045358,64.2083621907,18
sorties,833,25,160,0,0,3.99993036244,False,8734.76045358,64.2083621907,18
sorties,834,50,479,0,0,10.9998354838,False,8734.76045358,64.2083621907,18
sorties,835,25,113,0,0,7.99956198016,False,8734.76045358,64.2083621907,18
sorties,836,37,293,0,0,5.99998197492,False,8734.76045358,64.2083621907,18
sorties,837,53,447,0,0,10.0002494878,False,8734.76045358,64.2083621907,18
sorties,838,49,366,0,0,8.99997136415,False,8734.76045358,64.2083621907,18
sorties,839,42,228,0,0,9.99970108073,False,8734.76045358,64.2083621907,18
sorties,840,45,523,0,0,9.99971321296,False,8734.76045358,64.2083621907,18
sorties,841,29,103,0,0,7.99994135213,False,8734.76045358,64.2083621907,18
sorties,842,47,269,0,0,10.9996718268,False,8734.76045358,64.2083621907,18
sorties,843,17,56,0,0,4.99980585545,False,8734.76045358,64.2083621907,18
sorties,844,31,145,0,0,7.00017417271,False,8734.76045358,64.2083621907,18
sorties,845,44,349,0,0,9.99967149068,False,8734.76045358,64.2083621907,18
sorties,846,21,83,0,1.7763297915e-16,5.00007613422,False,8734.76045358,64.2083621907,18
sorties,847,24,182,0,0,4.99997083616,False,8734.76045358,64.2083621907,18
sorties,848,30,194,0,0,7.99955972728,False,8734.76045358,64.2083621907,18
sorties,849,48,465,0,0,10.9997793412,False,8734.76045358,64.2083621907,18
sorties,850,50,464,0,0,8.00052091259,False,8734.76045358,64.2083621907,18
sorties,851,43,331,0,0,7.9998950149,False,8734.76045358,64.2083621907,18
sorties,852,46,412,0,0,10.0001079539,False,8734.76045358,64.2083621907,18
sorties,853,29,168,0,0,5.00000051448,False,8734.76045358,64.2083621907,18
sorties,854,45,415,0,0,8.99959346097,False,8734.76045358,64.2083621907,18
sorties,855,45,326,0,0,9.00023152767,False,8734.76045358,64.2083621907,18
sorties,856,32,207,0,0,6.99980759815,False,8734.76045358,64.2083621907,18
sorties,857,37,262,0,0,9.0001419007,False,8734.76045358,64.2083621907,18
sorties,858,37,303,0,0,7.99964161155,False,8734.76045358,64.2083621907,18
sorties,859,45,384,0,0,8.9990438466,False,8734.76045358,64.2083621907,18
sorties,860,35,191,0,0,9.00068169516,False,8734.76045358,64.2083621907,18
sorties,861,23,102,0,0,5.00058901988,False,8734.76045358,64.2083621907,18
sorties,862,40,230,0,0,8.00010603689,False,8734.76045358,64.2083621907,18
sorties,863,26,100,0,0,6.99983319376,False,8734.76045358,64.2083621907,18
sorties,864,12,29,0,0,4.00020948412,False,8734.76045358,64.2083621907,18
sorties,865,43,395,0,0,8.00047414705,False,8734.76045358,64.2083621907,18
sorties,866,26,128,0,0,4.00030221631,False,8734.76045358,64.2083621907,18
sorties,867,13,55,0,0,3.9996974808,False,8734.76045358,64.2083621907,18
sorties,868,18,74,0,0,3.99947327189,False,8734.76045358,64.2083621907,18
sorties,869,21,83,0,0,5.99997154964,False,8734.76045358,64.2083621907,18
sorties,870,49,295,0,0,10.9994461434,False,8734.76045358,64.2083621907,18
sorties,871,48,405,0,0,10.9997362525,False,8734.76045358,64.2083621907,18
sorties,872,50,421,0,0,9.00054633334,False,8734.76045358,64.2083621907,18
sorties,873,22,83,0,0,6.00016822609,False,8734.76045358,64.2083621907,18
sorties,874,33,158,0,0,8.00007344733,False,8734.76045358,64.2083621907,18
sorties,875,41,311,0,0,9.99951813217,False,8734.76045358,64.2083621907,18
sorties,876,16,58,0,0,4.99986267157,False,8734.76045358,64.2083621907,18
sorties,877,33,162,0,0,8.00050065192,False,8734.76045358,64.2083621907,18
sorties,878,47,445,0,0,9.99948398969,False,8734.76045358,64.2083621907,18
sorties,879,45,370,0,0,9.00027844789,False,8734.76045358,64.2083621907,18
sorties,880,26,188,0,0,5.99966532067,False,8734.76045358,64.2083621907,18
sorties,881,39,262,0,0,7.99985911203,False,8734.76045358,64.2083621907,18
sorties,882,57,627,0,0,10.9997289541,False,8734.76045358,64.2083621907,18
sorties,883,47,413,0,0,10.9997484289,False,8734.76045358,64.2083621907,18
sorties,884,56,547,0,0,10.0003928492,False,8734.76045358,64.2083621907,18
sorties,885,21,100,0,0,4.00023509914,False,8734.76045358,64.2083621907,18
sorties,886,29,110,0,0,7.99991998425,False,8734.76045358,64.2083621907,18
sorties,887,22,123,0,3.13600153401e-05,6.99986561651,False,8734.76045358,64.2083621907,18
sorties,888,15,57,0,0,3.99993226424,False,8734.76045358,64.2083621907,18
sorties,889,58,613,0,0,10.9996435677,False,8734.76045358,64.2083621907,18
sorties,890,24,96,0,0,7.00038057638,False,8734.76045358,64.2083621907,18
sorties,891,14,53,0,0,4.00020071829,False,8734.76045358,64.2083621907,18
sorties,892,34,161,0,0,8.0001987203,False,8734.76045358,64.2083621907,18
sorties,893,59,537,0,0,11.0001771513,False,8734.76045358,64.2083621907,18
sorties,894,25,118,0,0,5.99996229626,False,8734.76045358,64.2083621907,18
sorties,895,46,275,0,0,9.00005571416,False,8734.76045358,64.2083621907,18
sorties,896,35,151,0,0,8.99985216863,False,8734.76045358,64.2083621907,18
sorties,897,23,140,0,0,4.00040495634,False,8734.76045358,64.2083621907,18
sorties,898,26,126,0,0,6.00020705826,False,8734.76045358,64.2083621907,18
sorties,899,58,418,0,1.48075520837e-05,11.999999572,False,8734.76045358,64.2083621907,18
sorties,900,44,329,0,0,10.9999158417,False,8734.76045358,64.2083621907,18
sorties,901,24,84,0,0,6.00027300202,False,8734.76045358,64.2083621907,18
sorties,902,41,318,0,0,10.0000697245,False,8734.76045358,64.2083621907,18
sorties,903,24,124,0,0,5.99959059612,False,8734.76045358,64.2083621907,18
sorties,904,30,232,0,0,5.99997975412,False,8734.76045358,64.2083621907,18
sorties,905,14,41,0,0,3.99993015054,False,8734.76045358,64.2083621907,18
sorties,906,43,261,0,0,10.0005570754,False,8734.76045358,64.2083621907,18
sorties,907,57,489,0,0,10.9995969834,False,8734.76045358,64.2083621907,18
sorties,908,47,339,0,0,10.9998259213,False,8734.76045358,64.2083621907,18
sorties,909,28,132,0,0,5.99987325192,False,8734.76045358,64.2083621907,18
sorties,910,55,652,0,0,9.99950166855,False,8734.76045358,64.2083621907,18
sorties,911,44,225,0,0,12.00015163,False,8734.76045358,64.2083621907,18
sorties,912,13,47,0,0,3.99997647789,False,8734.76045358,64.2083621907,18
sorties,913,31,129,0,0,7.00002879121,False,8734.76045358,64.2083621907,18
sorties,914,20,100,0,0,3.99978644067,False,8734.76045358,64.2083621907,18
sorties,915,43,369,0,0,9.00001445943,False,8734.76045358,64.2083621907,18
sorties,916,42,202,0,0,10.0008057662,False,8734.76045358,64.2083621907,18
sorties,917,49,359,0,0,10.9991914709,False,8734.76045358,64.2083621907,18
sorties,918,46,275,0,0,10.0000556924,False,8734.76045358,64.2083621907,18
sorties,919,48,534,0,0,8.99982007405,False,8734.76045358,64.2083621907,18
sorties,920,56,566,0,0,9.99978788209,False,8734.76045358,64.2083621907,18
sorties,921,39,253,0,0,9.00009513712,False,8734.76045358,64.2083621907,18
sorties,922,26,199,0,0,5.99960066681,False,8734.76045358,64.2083621907,18
sorties,923,27,102,0,0,7.99969642737,False,8734.76045358,64.2083621907,18
sorties,924,52,549,0,0,11.9995189331,False,8734.76045358,64.2083621907,18
sorties,925,62,554,0,0,11.9998132835,False,8734.76045358,64.2083621907,18
sorties,926,47,313,0,2.55666563872e-05,10.9998609931,False,8734.76045358,64.2083621907,18
sorties,927,53,374,0,0,11.9991019105,False,8734.76045358,64.2083621907,18
sorties,928,17,77,0,0,4.99999879855,False,8734.76045358,64.2083621907,18
sorties,929,26,106,0,0,6.99960937909,False,8734.76045358,64.2083621907,18
sorties,930,38,214,0,0,9.99997502784,False,8734.76045358,64.2083621907,18
sorties,931,47,395,0,1.44370274176e-05,10.9999158613,False,8734.76045358,64.2083621907,18
sorties,932,16,66,0,0,3.99970309794,False,8734.76045358,64.2083621907,18
sorties,933,23,102,0,0,5.00027485564,False,8734.76045358,64.2083621907,18
sorties,934,42,211,0,0,9.00058675367,False,8734.76045358,64.2083621907,18
sorties,935,28,194,0,0,5.99996310688,False,8734.76045358,64.2083621907,18
sorties,936,40,234,0,0,8.99996784726,False,8734.76045358,64.2083621907,18
sorties,937,51,320,0,1.20702723157e-05,11.9997791172,False,8734.76045358,64.2083621907,18
sorties,938,25,133,0,0,4.99980759094,False,8734.76045358,64.2083621907,18
sorties,939,51,430,0,0,9.99987590462,False,8734.76045358,64.2083621907,18
sorties,940,42,367,0,0,6.99960229365,False,8734.76045358,64.2083621907,18
sorties,941,28,166,0,0,6.0004498884,False,8734.76045358,64.2083621907,18
sorties,942,45,244,0,0,11.0000898126,False,8734.76045358,64.2083621907,18
sorties,943,43,383,0,0,8.99915014868,False,8734.76045358,64.2083621907,18
sorties,944,34,202,0,0,8.00008418588,False,8734.76045358,64.2083621907,18
sorties,945,47,297,0,0,9.00038501937,False,8734.76045358,64.2083621907,18
sorties,946,49,310,0,0,10.0003810373,False,8734.76045358,64.2083621907,18
sorties,947,31,162,0,0,6.99969402759,False,8734.76045358,64.2083621907,18
sorties,948,17,63,0,0,6.0002797101,False,8734.76045358,64.2083621907,18
sorties,949,32,208,0,0,8.99971000512,False,8734.76045358,64.2083621907,18
sorties,950,10,21,0,0,3.99982380206,False,8734.76045358,64.2083621907,18
sorties,951,23,87,0,0,6.00003594769,False,8734.76045358,64.2083621907,18
sorties,952,38,202,0,0,8.00019387205,False,8734.76045358,64.2083621907,18
sorties,953,26,154,0,0,4.9996700301,False,8734.76045358,64.2083621907,18
sorties,954,24,93,0,0,7.00000906429,False,8734.76045358,64.2083621907,18
sorties,955,22,80,0,0,6.00055123115,False,8734.76045358,64.2083621907,18
sorties,956,50,541,0,0,8.99974615152,False,8734.76045358,64.2083621907,18
sorties,957,22,95,0,0,4.99970875107,False,8734.76045358,64.2083621907,18
sorties,958,42,215,0,0,10.9997193242,False,8734.76045358,64.2083621907,18
sorties,959,22,128,0,0,5.00007246951,False,8734.76045358,64.2083621907,18
sorties,960,16,85,0,0,4.99949190841,False,8734.76045358,64.2083621907,18
sorties,961,50,589,0,0,10.9995313821,False,8734.76045358,64.2083621907,18
sorties,962,21,87,0,0,3.99981033875,False,8734.76045358,64.2083621907,18
sorties,963,22,113,0,0,4.00013583455,False,8734.76045358,64.2083621907,18
sorties,964,33,195,0,1.6462983805e-05,8.00041485708,False,8734.76045358,64.2083621907,18
sorties,965,54,431,0,0,11.9996223661,False,8734.76045358,64.2083621907,18
sorties,966,32,156,0,0,9.000038792,False,8734.76045358,64.2083621907,18
sorties,967,51,541,0,0,11.9994986736,False,8734.76045358,64.2083621907,18
sorties,968,44,305,0,0,8.99939809276,False,8734.76045358,64.2083621907,18
sorties,969,35,178,0,0,8.99966520194,False,8734.76045358,64.2083621907,18
sorties,970,44,328,0,0,10.0000814278,False,8734.76045358,64.2083621907,18
sorties,971,50,426,0,0,11.999852798,False,8734.76045358,64.2083621907,18
sorties,972,52,429,0,0,11.9998614108,False,8734.76045358,64.2083621907,18
sorties,973,46,338,0,3.55560677751e-06,10.9994546683,False,8734.76045358,64.2083621907,18
sorties,974,51,621,0,0,10.9991367475,False,8734.76045358,64.2083621907,18
sorties,975,53,453,0,0,10.9994136634,False,8734.76045358,64.2083621907,18
sorties,976,47,362,0,0,9.99953723575,False,8734.76045358,64.2083621907,18
sorties,977,23,98,0,0,6.00050655022,False,8734.76045358,64.2083621907,18
sorties,978,17,89,0,0,4.99942418357,False,8734.76045358,64.2083621907,18
sorties,979,24,105,0,0,5.99975923383,False,8734.76045358,64.2083621907,18
sorties,980,35,234,0,0,6.00060002214,False,8734.76045358,64.2083621907,18
sorties,981,30,166,0,0,5.99991970001,False,8734.76045358,64.2083621907,18
sorties,982,19,139,0,0,3.99999222765,False,8734.76045358,64.2083621907,18
sorties,983,44,349,0,0,8.99925455701,False,8734.76045358,64.2083621907,18
sorties,984,43,267,0,0,7.99999353096,False,8734.76045358,64.2083621907,18
sorties,985,50,401,0,0,8.99976727937,False,8734.76045358,64.2083621907,18
sorties,986,55,635,0,0,11.9995124122,False,8734.76045358,64.2083621907,18
sorties,987,37,256,0,0,10.0002350978,False,8734.76045358,64.2083621907,18
sorties,988,41,209,0,0,10.9992102549,False,8734.76045358,64.2083621907,18
sorties,989,48,455,0,0,8.9998401733,False,8734.76045358,64.2083621907,18
sorties,990,46,302,0,0,9.99991584754,False,8734.76045358,64.2083621907,18
sorties,991,42,202,0,0,10.0003032603,False,8734.76045358,64.2083621907,18
sorties,992,37,178,0,0,9.00007736932,False,8734.76045358,64.2083621907,18
sorties,993,62,743,0,4.43645696117e-05,11.9999217678,False,8734.76045358,64.2083621907,18
sorties,994,35,212,0,0,8.00036384178,False,8734.76045358,64.2083621907,18
sorties,995,40,193,0,1.77644391317e-16,9.99950984231,False,8734.76045358,64.2083621907,18
sorties,996,42,265,0,8.43711604455e-06,9.00021495146,False,8734.76045358,64.2083621907,18
sorties,997,30,152,0,0,5.99989855073,False,8734.76045358,64.2083621907,18
sorties,998,27,132,0,0,5.00027698267,False,8734.76045358,64.2083621907,18
sorties,999,13,50,0,0,4.00018925216,False,8734.76045358,64.2083621907,18
sorties,1000,15,53,0,0,4.00001195962,False,8734.76045358,64.2083621907,18
sorties,1001,39,208,0,0,7.999844192,False,8734.76045358,64.2083621907,18
sorties,1002,45,299,0,0,8.99952364955,False,8734.76045358,64.2083621907,18
sorties,1003,50,341,0,0,10.9999131034,False,8734.76045358,64.2083621907,18
sorties,1004,41,273,0,0,9.00009024711,False,8734.76045358,64.2083621907,18
sorties,1005,36,198,0,0,8.99951940999,False,8734.76045358,64.2083621907,18
sorties,1006,50,385,0,0,9.99980814817,False,8734.76045358,64.2083621907,18
sorties,1007,46,415,0,0,9.00013499204,False,8734.76045358,64.2083621907,18
sorties,1008,66,671,0,0,11.9995010833,False,8734.76045358,64.2083621907,18
sorties,1009,46,355,0,0,9.00008080713,False,8734.76045358,64.2083621907,18
sorties,1010,27,132,0,0,5.00024002007,False,8734.76045358,64.2083621907,18
sorties,1011,31,224,0,0,5.99951817018,False,8734.76045358,64.2083621907,18
sorties,1012,19,96,0,0,4.99987261205,False,8734.76045358,64.2083621907,18
sorties,1013,26,133,0,0,4.00002899666,False,8734.76045358,64.2083621907,18
sorties,1014,50,309,0,0,9.99941823572,False,8734.76045358,64.2083621907,18
sorties,1015,50,296,0,0,11.000191106,False,8734.76045358,64.2083621907,18
sorties,1016,54,500,0,0,10.9998441833,False,8734.76045358,64.2083621907,18
sorties,1017,35,203,0,0,6.99975985654,False,8734.76045358,64.2083621907,18
sorties,1018,30,191,0,0,7.99964166003,False,8734.76045358,64.2083621907,18
sorties,1019,23,128,0,0,4.99978674988,False,8734.76045358,64.2083621907,18
sorties,1020,19,83,0,0,6.00003743748,False,8734.76045358,64.2083621907,18
sorties,1021,50,574,0,0,10.9991549747,False,8734.76045358,64.2083621907,18
sorties,1022,41,263,0,0,8.99966155503,False,8734.76045358,64.2083621907,18
sorties,1023,25,155,0,0,6.00003837759,False,8734.76045358,64.2083621907,18
sorties,1024,45,260,0,0,10.0003348919,False,8734.76045358,64.2083621907,18
sorties,1025,34,202,0,0,7.00030248349,False,8734.76045358,64.2083621907,18
sorties,1026,50,444,0,0,9.9997730875,False,8734.76045358,64.2083621907,18
sorties,1027,28,115,0,0,6.99966023248,False,8734.76045358,64.2083621907,18
sorties,1028,40,311,0,0,7.99926499796,False,8734.76045358,64.2083621907,18
sorties,1029,25,125,0,0,5.99993948734,False,8734.76045358,64.2083621907,18
sorties,1030,52,397,0,0,10.9995387717,False,8734.76045358,64.2083621907,18
sorties,1031,40,220,0,0,8.99998618263,False,8734.76045358,64.2083621907,18
sorties,1032,53,462,0,0,9.99964157753,False,8734.76045358,64.2083621907,18
sorties,1033,35,207,0,0,6.99982211027,False,8734.76045358,64.2083621907,18
sorties,1034,38,202,0,0,8.00031640668,False,8734.76045358,64.2083621907,18
sorties,1035,44,331,0,0,9.00029184355,False,8734.76045358,64.2083621907,18
sorties,1036,49,415,0,0,10.999902799,False,8734.76045358,64.2083621907,18
sorties,1037,42,285,0,0,9.99929502843,False,8734.76045358,64.2083621907,18
sorties,1038,41,311,0,0,7.99969620217,False,8734.76045358,64.2083621907,18
sorties,1039,25,92,0,0,6.00012726491,False,8734.76045358,64.2083621907,18
sorties,1040,43,333,0,0,9.00014235943,False,8734.76045358,64.2083621907,18
sorties,1041,24,129,0,0,5.00027972468,False,8734.76045358,64.2083621907,18
sorties,1042,52,553,0,0,9.99980920787,False,8734.76045358,64.2083621907,18
sorties,1043,55,435,0,0,11.9999511873,False,8734.76045358,64.2083621907,18
sorties,1044,18,71,0,0,4.00010054981,False,8734.76045358,64.2083621907,18
sorties,1045,22,84,0,0,3.99976531991,False,8734.76045358,64.2083621907,18
sorties,1046,35,223,0,0,5.99968878674,False,8734.76045358,64.2083621907,18
sorties,1047,54,442,0,0,10.9996423927,False,8734.76045358,64.2083621907,18
sorties,1048,29,154,0,0,4.99981226356,False,8734.76045358,64.2083621907,18
sorties,1049,22,71,0,0,6.00010107217,False,8734.76045358,64.2083621907,18
sorties,1050,55,424,0,0,10.9996283348,False,8734.76045358,64.2083621907,18
sorties,1051,21,99,0,0,4.00010140387,False,8734.76045358,64.2083621907,18
sorties,1052,47,356,0,0,8.99952917312,False,8734.76045358,64.2083621907,18
sorties,1053,44,301,0,0,9.99982445965,False,8734.76045358,64.2083621907,18
sorties,1054,59,482,0,1.48035749302e-16,11.9995126027,False,8734.76045358,64.2083621907,18
sorties,1055,45,295,0,0,10.9991155404,False,8734.76045358,64.2083621907,18
sorties,1056,26,112,0,0,7.99973270547,False,8734.76045358,64.2083621907,18
sorties,1057,37,346,0,0,8.00028303171,False,8734.76045358,64.2083621907,18
sorties,1058,21,80,0,0,4.00017968495,False,8734.76045358,64.2083621907,18
sorties,1059,45,260,0,0,10.0008474994,False,8734.76045358,64.2083621907,18
sorties,1060,43,253,0,0,8.99990255221,False,8734.76045358,64.2083621907,18
sorties,1061,52,389,0,0,10.9993469158,False,8734.76045358,64.2083621907,18
sorties,1062,30,145,0,0,7.00046223932,False,8734.76045358,64.2083621907,18
sorties,1063,56,484,0,0,12.0002320574,False,8734.76045358,64.2083621907,18
sorties,1064,30,193,0,0,5.99965903686,False,8734.76045358,64.2083621907,18
sorties,1065,32,173,0,0,6.99989352903,False,8734.76045358,64.2083621907,18
sorties,1066,26,147,0,0,5.99999767104,False,8734.76045358,64.2083621907,18
sorties,1067,44,279,0,0,10.0000745273,False,8734.76045358,64.2083621907,18
sorties,1068,35,179,0,0,7.99983129711,False,8734.76045358,64.2083621907,18
sorties,1069,42,219,0,0,11.0004995457,False,8734.76045358,64.2083621907,18
sorties,1070,30,198,0,0,5.99987754004,False,8734.76045358,64.2083621907,18
sorties,1071,29,123,0,0,6.99951871418,False,8734.76045358,64.2083621907,18
sorties,1072,39,228,0,0,8.00105553927,False,8734.76045358,64.2083621907,18
sorties,1073,38,270,0,0,7.00032955652,False,8734.76045358,64.2083621907,18
sorties,1074,15,61,0,0,4.00007732238,False,8734.76045358,64.2083621907,18
sorties,1075,53,436,0,0,10.9994488943,False,8734.76045358,64.2083621907,18
sorties,1076,27,154,0,0,5.9999820018,False,8734.76045358,64.2083621907,18
sorties,1077,24,116,0,0,6.00014916408,False,8734.76045358,64.2083621907,18
sorties,1078,28,113,0,0,7.00059919019,False,8734.76045358,64.2083621907,18
sorties,1079,24,135,0,0,5.99972452176,False,8734.76045358,64.2083621907,18
sorties,1080,26,139,0,0,4.99996637652,False,8734.76045358,64.2083621907,18
sorties,1081,33,192,0,0,7.00031386944,False,8734.76045358,64.2083621907,18
sorties,1082,43,303,0,0,8.99969935752,False,8734.76045358,64.2083621907,18
sorties,1083,15,49,0,0,4.00010675097,False,8734.76045358,64.2083621907,18
sorties,1084,25,168,0,0,5.99969376135,False,8734.76045358,64.2083621907,18
sorties,1085,12,33,0,0,4.99969314859,False,8734.76045358,64.2083621907,18
sorties,1086,55,524,0,0,9.99956910098,False,8734.76045358,64.2083621907,18
sorties,1087,41,311,0,0,8.99974981759,False,8734.76045358,64.2083621907,18
sorties,1088,40,231,0,0,10.000874681,False,8734.76045358,64.2083621907,18
sorties,1089,23,94,0,0,5.00064838236,False,8734.76045358,64.2083621907,18
sorties,1090,51,402,0,0,9.9997554156,False,8734.76045358,64.2083621907,18
sorties,1091,17,60,0,0,4.00060907655,False,8734.76045358,64.2083621907,18
sorties,1092,42,289,0,0,9.99973707082,False,8734.76045358,64.2083621907,18
sorties,1093,23,88,0,0,5.00015282034,False,8734.76045358,64.2083621907,18
sorties,1094,53,372,0,0,11.9999655071,False,8734.76045358,64.2083621907,18
sorties,1095,27,194,0,0,5.00011489261,False,8734.76045358,64.2083621907,18
sorties,1096,11,26,0,0,4.00008588167,False,8734.76045358,64.2083621907,18
sorties,1097,48,372,0,0,10.9993292706,False,8734.76045358,64.2083621907,18
sorties,1098,20,109,0,0,4.00025797942,False,8734.76045358,64.2083621907,18
sorties,1099,44,249,0,0,10.0001267514,False,8734.76045358,64.2083621907,18
sorties,1100,40,256,0,0,9.99947343936,False,8734.76045358,64.2083621907,18
sorties,1101,19,61,0,0,5.99988173505,False,8734.76045358,64.2083621907,18
sorties,1102,51,307,0,0,11.000071658,False,8734.76045358,64.2083621907,18
sorties,1103,34,193,0,0,5.99992398716,False,8734.76045358,64.2083621907,18
sorties,1104,54,359,0,1.72438157167e-05,12.0000700598,False,8734.76045358,64.2083621907,18
sorties,1105,46,369,0,1.7763043344e-16,10.0002955856,False,8734.76045358,64.2083621907,18
sorties,1106,9,19,0,0,4.00045545791,False,8734.76045358,64.2083621907,18
sorties,1107,39,314,0,0,7.99991634355,False,8734.76045358,64.2083621907,18
sorties,1108,38,212,0,0,9.00009938427,False,8734.76045358,64.2083621907,18
sorties,1109,18,61,0,0,5.0000201133,False,8734.76045358,64.2083621907,18
sorties,1110,47,350,0,0,9.99997497157,False,8734.76045358,64.2083621907,18
sorties,1111,22,132,0,0,4.00039201825,False,8734.76045358,64.2083621907,18
sorties,1112,33,167,0,0,7.00066635076,False,8734.76045358,64.2083621907,18
sorties,1113,13,37,0,0,4.00002957531,False,8734.76045358,64.2083621907,18
sorties,1114,61,493,0,0,10.9999242171,False,8734.76045358,64.2083621907,18
sorties,1115,51,318,0,0,10.9993113968,False,8734.76045358,64.2083621907,18
sorties,1116,47,399,0,0,10.0004320445,False,8734.76045358,64.2083621907,18
sorties,1117,28,129,0,0,6.99996947087,False,8734.76045358,64.2083621907,18
sorties,1118,53,498,0,5.32654165252e-06,10.9997333284,False,8734.76045358,64.2083621907,18
sorties,1119,38,210,0,0,8.00073393215,False,8734.76045358,64.2083621907,18
sorties,1120,29,143,0,0,7.99944912032,False,8734.76045358,64.2083621907,18
sorties,1121,38,353,0,0,9.99999287449,False,8734.76045358,64.2083621907,18
sorties,1122,42,386,0,0,8.00020959423,False,8734.76045358,64.2083621907,18
sorties,1123,33,175,0,0,7.00053239949,False,8734.76045358,64.2083621907,18
sorties,1124,12,53,0,0,3.99997553029,False,8734.76045358,64.2083621907,18
sorties,1125,59,534,0,0,11.9993746389,False,8734.76045358,64.2083621907,18
sorties,1126,44,377,0,0,7.00011176566,False,8734.76045358,64.2083621907,18
sorties,1127,21,115,0,0,3.99978050865,False,8734.76045358,64.2083621907,18
sorties,1128,36,250,0,0,9.00020894372,False,8734.76045358,64.2083621907,18
sorties,1129,22,125,0,0,4.99994117405,False,8734.76045358,64.2083621907,18
sorties,1130,23,175,0,0,5.99970193572,False,8734.76045358,64.2083621907,18
sorties,1131,53,367,0,0,11.0001459487,False,8734.76045358,64.2083621907,18
sorties,1132,49,432,0,0,11.0003906331,False,8734.76045358,64.2083621907,18
sorties,1133,39,279,0,0,9.00066206405,False,8734.76045358,64.2083621907,18
sorties,1134,30,187,0,0,3.99992879295,False,8734.76045358,64.2083621907,18
sorties,1135,24,115,0,0,6.00028056488,False,8734.76045358,64.2083621907,18
sorties,1136,36,306,0,0,8.99981245938,False,8734.76045358,64.2083621907,18
sorties,1137,21,95,0,0,4.00047590151,False,8734.76045358,64.2083621907,18
sorties,1138,32,233,0,0,7.99963459929,False,8734.76045358,64.2083621907,18
