运输架次编号,通信阶段,开始时刻（s）,结束时刻（s）,保障方式,中继架次编号
T001,爬升,390.99999999999994,407.1507344563802,直连,
T001,爬升,407.1507344563802,423.30146891276036,直连,
T001,爬升,423.30146891276036,439.4522033691406,直连,
T001,巡航,439.4522033691406,459.0290540270924,直连,
T001,巡航,459.0290540270924,478.60590468504415,直连,
T001,巡航,478.60590468504415,498.18275534299596,直连,
T001,巡航,498.18275534299596,517.7596060009478,直连,
T001,巡航,517.7596060009478,537.3364566588996,直连,
T001,巡航,537.3364566588996,556.9133073168514,直连,
T001,巡航,556.9133073168514,576.4901579748032,直连,
T001,巡航,576.4901579748032,596.067008632755,直连,
T001,巡航,596.067008632755,615.6438592907068,直连,
T001,巡航,615.6438592907068,635.2207099486585,直连,
T001,巡航,635.2207099486585,654.7975606066103,直连,
T001,巡航,654.7975606066103,674.3744112645621,直连,
T001,巡航,674.3744112645621,693.9512619225139,直连,
T001,下降,693.9512619225139,711.7625839439984,直连,
T001,下降,711.7625839439984,729.5739059654827,直连,
T001,投送,729.5739059654827,749.5739059654827,直连,
T001,投送,749.5739059654827,769.5739059654827,直连,
T001,投送,769.5739059654827,789.5739059654827,直连,
T001,投送,789.5739059654827,809.5739059654827,直连,
T001,投送,809.5739059654827,829.5739059654827,直连,
T001,投送,829.5739059654827,849.5739059654827,直连,
T001,投送,849.5739059654827,869.5739059654827,直连,
T001,投送,869.5739059654827,889.5739059654827,直连,
T001,投送,889.5739059654827,909.5739059654827,直连,
T001,投送,909.5739059654827,929.5739059654827,直连,
T001,投送,929.5739059654827,949.5739059654827,直连,
T001,投送,949.5739059654827,969.5739059654827,直连,
T001,爬升,969.5739059654827,984.4166743167198,直连,
T001,爬升,984.4166743167198,999.2594426679567,直连,
T001,巡航,999.2594426679567,1018.8362933259085,直连,
T001,巡航,1018.8362933259085,1038.4131439838602,直连,
T001,巡航,1038.4131439838602,1057.989994641812,直连,
T001,巡航,1057.989994641812,1077.5668452997638,直连,
T001,巡航,1077.5668452997638,1097.1436959577156,直连,
T001,巡航,1097.1436959577156,1116.7205466156674,直连,
T001,巡航,1116.7205466156674,1136.2973972736193,直连,
T001,巡航,1136.2973972736193,1155.874247931571,直连,
T001,巡航,1155.874247931571,1175.4510985895229,直连,
T001,巡航,1175.4510985895229,1195.0279492474747,直连,
T001,巡航,1195.0279492474747,1214.6047999054265,直连,
T001,巡航,1214.6047999054265,1234.1816505633783,直连,
T001,巡航,1234.1816505633783,1253.75850122133,直连,
T001,下降,1253.75850122133,1273.1393825689863,直连,
T001,下降,1273.1393825689863,1292.5202639166425,直连,
T001,下降,1292.5202639166425,1311.9011452642987,直连,
T002,爬升,361.0,380.8664866129558,直连,
T002,爬升,380.8664866129558,400.7329732259115,直连,
T002,爬升,400.7329732259115,420.59945983886723,直连,
T002,爬升,420.59945983886723,440.465946451823,直连,
T002,巡航,440.465946451823,459.7765562291195,直连,
T002,巡航,459.7765562291195,479.087166006416,直连,
T002,巡航,479.087166006416,498.39777578371246,直连,
T002,巡航,498.39777578371246,517.708385561009,直连,
T002,巡航,517.708385561009,537.0189953383054,直连,
T002,巡航,537.0189953383054,556.3296051156019,直连,
T002,巡航,556.3296051156019,575.6402148928984,直连,
T002,巡航,575.6402148928984,594.9508246701948,直连,
T002,巡航,594.9508246701948,614.2614344474914,直连,
T002,巡航,614.2614344474914,633.5720442247879,直连,
T002,巡航,633.5720442247879,652.8826540020843,直连,
T002,下降,652.8826540020843,663.1422218731781,直连,
T002,下降,663.1422218731781,673.4017897442718,直连,
T002,投送,673.4017897442718,692.4926988351809,直连,
T002,投送,692.4926988351809,711.5836079260899,直连,
T002,投送,711.5836079260899,730.6745170169991,直连,
T002,投送,730.6745170169991,749.7654261079082,直连,
T002,投送,749.7654261079082,768.8563351988173,直连,
T002,投送,768.8563351988173,787.9472442897263,直连,
T002,投送,787.9472442897263,807.0381533806354,直连,
T002,投送,807.0381533806354,826.1290624715446,直连,
T002,投送,826.1290624715446,845.2199715624536,直连,
T002,投送,845.2199715624536,864.3108806533627,直连,
T002,投送,864.3108806533627,883.4017897442718,直连,
T002,爬升,883.4017897442718,900.501069529428,直连,
T002,巡航,900.501069529428,919.8116793067245,直连,
T002,巡航,919.8116793067245,939.122289084021,直连,
T002,巡航,939.122289084021,958.4328988613175,直连,
T002,巡航,958.4328988613175,977.743508638614,直连,
T002,巡航,977.743508638614,997.0541184159105,直连,
T002,巡航,997.0541184159105,1016.3647281932069,直连,
T002,巡航,1016.3647281932069,1035.6753379705035,直连,
T002,巡航,1035.6753379705035,1054.9859477477999,直连,
T002,巡航,1054.9859477477999,1074.2965575250964,直连,
T002,巡航,1074.2965575250964,1093.607167302393,直连,
T002,巡航,1093.607167302393,1112.9177770796894,直连,
T002,下降,1112.9177770796894,1131.9896042281268,直连,
T002,下降,1131.9896042281268,1151.0614313765643,直连,
T002,下降,1151.0614313765643,1170.133258525002,直连,
T002,下降,1170.133258525002,1189.2050856734395,直连,
T002,下降,1189.2050856734395,1208.276912821877,直连,
T003,爬升,386.0,405.0400663248698,直连,
T003,爬升,405.0400663248698,424.0801326497396,直连,
T003,爬升,424.0801326497396,443.1201989746094,直连,
T003,爬升,443.1201989746094,462.1602652994792,直连,
T003,爬升,462.1602652994792,481.200331624349,直连,
T003,巡航,481.200331624349,500.90819356080084,直连,
T003,巡航,500.90819356080084,520.6160554972528,直连,
T003,巡航,520.6160554972528,540.3239174337045,直连,
T003,巡航,540.3239174337045,560.0317793701564,直连,
T003,巡航,560.0317793701564,579.7396413066083,直连,
T003,巡航,579.7396413066083,599.44750324306,直连,
T003,巡航,599.44750324306,619.1553651795119,直连,
T003,巡航,619.1553651795119,638.8632271159638,直连,
T003,巡航,638.8632271159638,658.5710890524156,直连,
T003,巡航,658.5710890524156,678.2789509888675,直连,
T003,巡航,678.2789509888675,697.9868129253193,直连,
T003,巡航,697.9868129253193,717.6946748617711,直连,
T003,巡航,717.6946748617711,737.4025367982229,直连,
T003,巡航,737.4025367982229,757.1103987346748,中继,R002
T003,巡航,757.1103987346748,776.8182606711266,中继,R002
T003,巡航,776.8182606711266,796.5261226075785,中继,R002
T003,巡航,796.5261226075785,816.2339845440304,中继,R002
T003,巡航,816.2339845440304,835.9418464804821,中继,R002
T003,巡航,835.9418464804821,855.6497084169339,中继,R002
T003,巡航,855.6497084169339,875.3575703533859,中继,R002
T003,巡航,875.3575703533859,895.0654322898376,中继,R002
T003,巡航,895.0654322898376,914.7732942262895,中继,R002
T003,巡航,914.7732942262895,934.4811561627414,中继,R002
T003,巡航,934.4811561627414,954.1890180991932,中继,R002
T003,巡航,954.1890180991932,973.896880035645,中继,R002
T003,下降,973.896880035645,991.6970126853846,中继,R002
T003,下降,991.6970126853846,1009.4971453351243,中继,R002
T003,下降,1009.4971453351243,1027.2972779848637,中继,R002
T003,投送,1027.2972779848637,1046.388187075773,中继,R002
T003,投送,1046.388187075773,1065.479096166682,中继,R002
T003,投送,1065.479096166682,1084.570005257591,中继,R002
T003,投送,1084.570005257591,1103.6609143485002,中继,R002
T003,投送,1103.6609143485002,1122.7518234394092,中继,R002
T003,投送,1122.7518234394092,1141.8427325303182,中继,R002
T003,投送,1141.8427325303182,1160.9336416212275,中继,R002
T003,投送,1160.9336416212275,1180.0245507121365,中继,R002
T003,投送,1180.0245507121365,1199.1154598030455,中继,R002
T003,投送,1199.1154598030455,1218.2063688939547,中继,R002
T003,投送,1218.2063688939547,1237.2972779848637,中继,R002
T003,爬升,1237.2972779848637,1252.1307218596467,中继,R002
T003,爬升,1252.1307218596467,1266.9641657344298,中继,R002
T003,爬升,1266.9641657344298,1281.7976096092127,中继,R002
T003,巡航,1281.7976096092127,1301.5054715456645,中继,R002
T003,巡航,1301.5054715456645,1321.2133334821165,中继,R002
T003,巡航,1321.2133334821165,1340.9211954185682,中继,R002
T003,巡航,1340.9211954185682,1360.62905735502,中继,R002
T003,巡航,1360.62905735502,1380.336919291472,中继,R002
T003,巡航,1380.336919291472,1400.0447812279237,中继,R002
T003,巡航,1400.0447812279237,1419.7526431643755,中继,R002
T003,巡航,1419.7526431643755,1439.4605051008275,中继,R002
T003,巡航,1439.4605051008275,1459.1683670372793,中继,R002
T003,巡航,1459.1683670372793,1478.876228973731,中继,R002
T003,巡航,1478.876228973731,1498.584090910183,中继,R002
T003,巡航,1498.584090910183,1518.2919528466348,中继,R002
T003,巡航,1518.2919528466348,1537.9998147830865,直连,
T003,巡航,1537.9998147830865,1557.7076767195385,直连,
T003,巡航,1557.7076767195385,1577.4155386559903,直连,
T003,巡航,1577.4155386559903,1597.123400592442,直连,
T003,巡航,1597.123400592442,1616.8312625288938,直连,
T003,巡航,1616.8312625288938,1636.5391244653458,直连,
T003,巡航,1636.5391244653458,1656.2469864017976,直连,
T003,巡航,1656.2469864017976,1675.9548483382496,直连,
T003,巡航,1675.9548483382496,1695.6627102747013,直连,
T003,巡航,1695.6627102747013,1715.370572211153,直连,
T003,巡航,1715.370572211153,1735.078434147605,直连,
T003,巡航,1735.078434147605,1754.7862960840569,直连,
T003,巡航,1754.7862960840569,1774.4941580205086,直连,
T003,下降,1774.4941580205086,1793.5342243453783,直连,
T003,下降,1793.5342243453783,1812.5742906702483,直连,
T003,下降,1812.5742906702483,1831.6143569951182,直连,
T003,下降,1831.6143569951182,1850.654423319988,直连,
T003,下降,1850.654423319988,1869.6944896448576,直连,
T003,下降,1869.6944896448576,1888.7345559697276,直连,
T004,爬升,390.0,408.1254254150391,直连,
T004,爬升,408.1254254150391,426.2508508300782,直连,
T004,爬升,426.2508508300782,444.3762762451173,直连,
T004,爬升,444.3762762451173,462.5017016601564,直连,
T004,巡航,462.5017016601564,482.26518888352246,直连,
T004,巡航,482.26518888352246,502.0286761068885,直连,
T004,巡航,502.0286761068885,521.7921633302547,直连,
T004,巡航,521.7921633302547,541.5556505536206,直连,
T004,巡航,541.5556505536206,561.3191377769867,直连,
T004,巡航,561.3191377769867,581.0826250003528,直连,
T004,巡航,581.0826250003528,600.8461122237188,直连,
T004,巡航,600.8461122237188,620.6095994470849,直连,
T004,巡航,620.6095994470849,640.3730866704509,直连,
T004,巡航,640.3730866704509,660.136573893817,直连,
T004,巡航,660.136573893817,679.900061117183,直连,
T004,巡航,679.900061117183,699.6635483405491,直连,
T004,巡航,699.6635483405491,719.4270355639151,直连,
T004,巡航,719.4270355639151,739.1905227872812,中继,R001
T004,巡航,739.1905227872812,758.9540100106472,中继,R001
T004,巡航,758.9540100106472,778.7174972340133,中继,R001
T004,巡航,778.7174972340133,798.4809844573793,中继,R001
T004,巡航,798.4809844573793,818.2444716807454,中继,R002
T004,巡航,818.2444716807454,838.0079589041114,中继,R001
T004,巡航,838.0079589041114,857.7714461274775,中继,R001
T004,巡航,857.7714461274775,877.5349333508436,中继,R001
T004,巡航,877.5349333508436,897.2984205742096,中继,R001
T004,巡航,897.2984205742096,917.0619077975757,中继,R001
T004,巡航,917.0619077975757,936.8253950209418,中继,R001
T004,巡航,936.8253950209418,956.5888822443078,中继,R001
T004,下降,956.5888822443078,971.4979246027062,中继,R001
T004,下降,971.4979246027062,986.4069669611046,中继,R001
T004,下降,986.4069669611046,1001.316009319503,中继,R001
T004,投送,1001.316009319503,1020.7006247041184,中继,R001
T004,投送,1020.7006247041184,1040.0852400887338,中继,R001
T004,投送,1040.0852400887338,1059.469855473349,中继,R001
T004,投送,1059.469855473349,1078.8544708579645,中继,R001
T004,投送,1078.8544708579645,1098.2390862425798,中继,R001
T004,投送,1098.2390862425798,1117.6237016271953,中继,R001
T004,投送,1117.6237016271953,1137.0083170118105,中继,R001
T004,投送,1137.0083170118105,1156.392932396426,中继,R001
T004,投送,1156.392932396426,1175.7775477810414,中继,R001
T004,投送,1175.7775477810414,1195.1621631656567,中继,R001
T004,投送,1195.1621631656567,1214.5467785502722,中继,R001
T004,投送,1214.5467785502722,1233.9313939348874,中继,R001
T004,投送,1233.9313939348874,1253.3160093195029,中继,R001
T004,爬升,1253.3160093195029,1271.206860149581,中继,R001
T004,爬升,1271.206860149581,1289.097710979659,中继,R001
T004,巡航,1289.097710979659,1308.8611982030252,中继,R001
T004,巡航,1308.8611982030252,1328.6246854263911,中继,R001
T004,巡航,1328.6246854263911,1348.3881726497573,中继,R001
T004,巡航,1348.3881726497573,1368.1516598731232,中继,R001
T004,巡航,1368.1516598731232,1387.9151470964894,中继,R001
T004,巡航,1387.9151470964894,1407.6786343198553,中继,R001
T004,巡航,1407.6786343198553,1427.4421215432214,中继,R001
T004,巡航,1427.4421215432214,1447.2056087665874,中继,R002
T004,巡航,1447.2056087665874,1466.9690959899535,中继,R001
T004,巡航,1466.9690959899535,1486.7325832133197,中继,R001
T004,巡航,1486.7325832133197,1506.4960704366856,中继,R001
T004,巡航,1506.4960704366856,1526.2595576600518,中继,R001
T004,巡航,1526.2595576600518,1546.0230448834177,直连,
T004,巡航,1546.0230448834177,1565.7865321067839,直连,
T004,巡航,1565.7865321067839,1585.5500193301498,直连,
T004,巡航,1585.5500193301498,1605.313506553516,直连,
T004,巡航,1605.313506553516,1625.0769937768819,直连,
T004,巡航,1625.0769937768819,1644.840481000248,直连,
T004,巡航,1644.840481000248,1664.6039682236142,直连,
T004,巡航,1664.6039682236142,1684.36745544698,直连,
T004,巡航,1684.36745544698,1704.1309426703463,直连,
T004,巡航,1704.1309426703463,1723.8944298937122,直连,
T004,巡航,1723.8944298937122,1743.6579171170783,直连,
T004,巡航,1743.6579171170783,1763.4214043404445,直连,
T004,巡航,1763.4214043404445,1783.1848915638104,直连,
T004,下降,1783.1848915638104,1801.3103169788496,直连,
T004,下降,1801.3103169788496,1819.4357423938886,直连,
T004,下降,1819.4357423938886,1837.5611678089278,直连,
T004,下降,1837.5611678089278,1855.6865932239668,直连,
T004,下降,1855.6865932239668,1873.812018639006,直连,
T005,爬升,406.0,422.5528912353516,直连,
T005,爬升,422.5528912353516,439.1057824707032,直连,
T005,爬升,439.1057824707032,455.65867370605486,直连,
T005,爬升,455.65867370605486,472.21156494140644,直连,
T005,巡航,472.21156494140644,491.2287276733136,直连,
T005,巡航,491.2287276733136,510.2458904052207,直连,
T005,巡航,510.2458904052207,529.2630531371278,直连,
T005,巡航,529.2630531371278,548.2802158690349,直连,
T005,巡航,548.2802158690349,567.2973786009421,直连,
T005,巡航,567.2973786009421,586.3145413328492,直连,
T005,巡航,586.3145413328492,605.3317040647564,直连,
T005,巡航,605.3317040647564,624.3488667966635,直连,
T005,巡航,624.3488667966635,643.3660295285706,直连,
T005,巡航,643.3660295285706,662.3831922604777,直连,
T005,巡航,662.3831922604777,681.4003549923849,直连,
T005,巡航,681.4003549923849,700.417517724292,直连,
T005,巡航,700.417517724292,719.4346804561992,直连,
T005,巡航,719.4346804561992,738.4518431881063,中继,R001
T005,巡航,738.4518431881063,757.4690059200134,中继,R001
T005,巡航,757.4690059200134,776.4861686519205,中继,R002
T005,巡航,776.4861686519205,795.5033313838277,中继,R002
T005,巡航,795.5033313838277,814.5204941157349,中继,R002
T005,巡航,814.5204941157349,833.537656847642,中继,R002
T005,巡航,833.537656847642,852.5548195795491,中继,R002
T005,下降,852.5548195795491,868.362047667928,中继,R002
T005,下降,868.362047667928,884.1692757563069,中继,R002
T005,投送,884.1692757563069,903.5538911409222,中继,R002
T005,投送,903.5538911409222,922.9385065255376,中继,R002
T005,投送,922.9385065255376,942.3231219101531,中继,R002
T005,投送,942.3231219101531,961.7077372947684,中继,R002
T005,投送,961.7077372947684,981.0923526793838,中继,R002
T005,投送,981.0923526793838,1000.4769680639992,中继,R002
T005,投送,1000.4769680639992,1019.8615834486145,中继,R002
T005,投送,1019.8615834486145,1039.24619883323,中继,R002
T005,投送,1039.24619883323,1058.6308142178455,中继,R002
T005,投送,1058.6308142178455,1078.0154296024607,中继,R002
T005,投送,1078.0154296024607,1097.4000449870762,中继,R002
T005,投送,1097.4000449870762,1116.7846603716914,中继,R002
T005,投送,1116.7846603716914,1136.169275756307,中继,R002
T005,爬升,1136.169275756307,1148.81505822701,中继,R002
T005,爬升,1148.81505822701,1161.4608406977131,中继,R002
T005,巡航,1161.4608406977131,1180.4780034296202,中继,R002
T005,巡航,1180.4780034296202,1199.4951661615273,中继,R002
T005,巡航,1199.4951661615273,1218.5123288934346,中继,R002
T005,巡航,1218.5123288934346,1237.5294916253417,中继,R002
T005,巡航,1237.5294916253417,1256.5466543572488,中继,R002
T005,巡航,1256.5466543572488,1275.563817089156,中继,R001
T005,巡航,1275.563817089156,1294.580979821063,中继,R001
T005,巡航,1294.580979821063,1313.5981425529703,直连,
T005,巡航,1313.5981425529703,1332.6153052848774,直连,
T005,巡航,1332.6153052848774,1351.6324680167845,直连,
T005,巡航,1351.6324680167845,1370.6496307486916,直连,
T005,巡航,1370.6496307486916,1389.6667934805987,直连,
T005,巡航,1389.6667934805987,1408.683956212506,直连,
T005,巡航,1408.683956212506,1427.701118944413,直连,
T005,巡航,1427.701118944413,1446.7182816763202,直连,
T005,巡航,1446.7182816763202,1465.7354444082273,直连,
T005,巡航,1465.7354444082273,1484.7526071401344,直连,
T005,巡航,1484.7526071401344,1503.7697698720417,直连,
T005,巡航,1503.7697698720417,1522.7869326039488,直连,
T005,巡航,1522.7869326039488,1541.804095335856,直连,
T005,下降,1541.804095335856,1558.3569865712075,直连,
T005,下降,1558.3569865712075,1574.909877806559,直连,
T005,下降,1574.909877806559,1591.4627690419106,直连,
T005,下降,1591.4627690419106,1608.0156602772622,直连,
T005,下降,1608.0156602772622,1624.5685515126138,直连,
T006,爬升,2421.0,2440.3436411539715,直连,
T006,爬升,2440.3436411539715,2459.687282307943,直连,
T006,爬升,2459.687282307943,2479.0309234619144,直连,
T006,爬升,2479.0309234619144,2498.3745646158854,直连,
T006,爬升,2498.3745646158854,2517.718205769857,直连,
T006,爬升,2517.718205769857,2537.0618469238284,直连,
T006,爬升,2537.0618469238284,2556.4054880778,直连,
T006,爬升,2556.4054880778,2575.749129231771,直连,
T006,巡航,2575.749129231771,2595.385253126678,直连,
T006,巡航,2595.385253126678,2615.0213770215846,直连,
T006,巡航,2615.0213770215846,2634.6575009164912,直连,
T006,巡航,2634.6575009164912,2654.2936248113983,直连,
T006,巡航,2654.2936248113983,2673.929748706305,直连,
T006,巡航,2673.929748706305,2693.5658726012116,直连,
T006,巡航,2693.5658726012116,2713.201996496118,直连,
T006,巡航,2713.201996496118,2732.838120391025,直连,
T006,巡航,2732.838120391025,2752.474244285932,直连,
T006,巡航,2752.474244285932,2772.1103681808386,直连,
T006,巡航,2772.1103681808386,2791.746492075745,直连,
T006,巡航,2791.746492075745,2811.3826159706523,直连,
T006,巡航,2811.3826159706523,2831.018739865559,直连,
T006,巡航,2831.018739865559,2850.6548637604656,直连,
T006,巡航,2850.6548637604656,2870.290987655372,直连,
T006,巡航,2870.290987655372,2889.927111550279,直连,
T006,巡航,2889.927111550279,2909.5632354451855,中继,R003
T006,巡航,2909.5632354451855,2929.1993593400925,中继,R003
T006,巡航,2929.1993593400925,2948.835483234999,中继,R003
T006,巡航,2948.835483234999,2968.4716071299063,中继,R003
T006,巡航,2968.4716071299063,2988.107731024813,中继,R003
T006,巡航,2988.107731024813,3007.7438549197195,中继,R003
T006,巡航,3007.7438549197195,3027.379978814626,中继,R003
T006,下降,3027.379978814626,3046.6557698302513,中继,R003
T006,下降,3046.6557698302513,3065.931560845876,中继,R003
T006,下降,3065.931560845876,3085.207351861501,中继,R003
T006,下降,3085.207351861501,3104.483142877126,中继,R003
T006,下降,3104.483142877126,3123.758933892751,中继,R003
T006,投送,3123.758933892751,3143.758933892751,中继,R003
T006,投送,3143.758933892751,3163.758933892751,中继,R003
T006,投送,3163.758933892751,3183.758933892751,中继,R003
T006,投送,3183.758933892751,3203.758933892751,中继,R003
T006,投送,3203.758933892751,3223.758933892751,中继,R003
T006,投送,3223.758933892751,3243.758933892751,中继,R003
T006,投送,3243.758933892751,3263.758933892751,中继,R003
T006,投送,3263.758933892751,3283.758933892751,中继,R003
T006,投送,3283.758933892751,3303.758933892751,中继,R003
T006,爬升,3303.758933892751,3319.8220930724383,中继,R003
T006,爬升,3319.8220930724383,3335.8852522521256,中继,R003
T006,爬升,3335.8852522521256,3351.9484114318134,中继,R003
T006,爬升,3351.9484114318134,3368.0115706115007,中继,R003
T006,爬升,3368.0115706115007,3384.0747297911885,中继,R003
T006,巡航,3384.0747297911885,3403.710853686095,中继,R003
T006,巡航,3403.710853686095,3423.3469775810017,中继,R003
T006,巡航,3423.3469775810017,3442.9831014759084,中继,R003
T006,巡航,3442.9831014759084,3462.619225370815,中继,R003
T006,巡航,3462.619225370815,3482.2553492657216,中继,R003
T006,巡航,3482.2553492657216,3501.8914731606287,中继,R003
T006,巡航,3501.8914731606287,3521.5275970555354,中继,R003
T006,巡航,3521.5275970555354,3541.1637209504424,直连,
T006,巡航,3541.1637209504424,3560.799844845349,直连,
T006,巡航,3560.799844845349,3580.4359687402557,直连,
T006,巡航,3580.4359687402557,3600.0720926351623,直连,
T006,巡航,3600.0720926351623,3619.708216530069,直连,
T006,巡航,3619.708216530069,3639.3443404249756,直连,
T006,巡航,3639.3443404249756,3658.9804643198827,直连,
T006,巡航,3658.9804643198827,3678.6165882147893,直连,
T006,巡航,3678.6165882147893,3698.2527121096964,直连,
T006,巡航,3698.2527121096964,3717.888836004603,直连,
T006,巡航,3717.888836004603,3737.5249598995097,直连,
T006,巡航,3737.5249598995097,3757.1610837944163,直连,
T006,巡航,3757.1610837944163,3776.797207689323,直连,
T006,巡航,3776.797207689323,3796.4333315842296,直连,
T006,巡航,3796.4333315842296,3816.0694554791366,直连,
T006,巡航,3816.0694554791366,3835.7055793740433,直连,
T006,下降,3835.7055793740433,3854.275474881856,直连,
T006,下降,3854.275474881856,3872.8453703896685,直连,
T006,下降,3872.8453703896685,3891.415265897481,直连,
T006,下降,3891.415265897481,3909.985161405293,直连,
T006,下降,3909.985161405293,3928.555056913106,直连,
T006,下降,3928.555056913106,3947.1249524209184,直连,
T006,下降,3947.1249524209184,3965.694847928731,直连,
T006,下降,3965.694847928731,3984.2647434365435,直连,
T006,下降,3984.2647434365435,4002.834638944356,直连,
T006,下降,4002.834638944356,4021.4045344521683,直连,
T007,爬升,2457.0,2475.5698955078124,直连,
T007,爬升,2475.5698955078124,2494.139791015625,直连,
T007,爬升,2494.139791015625,2512.7096865234375,直连,
T007,爬升,2512.7096865234375,2531.27958203125,直连,
T007,爬升,2531.27958203125,2549.8494775390627,直连,
T007,爬升,2549.8494775390627,2568.419373046875,直连,
T007,爬升,2568.419373046875,2586.9892685546874,直连,
T007,爬升,2586.9892685546874,2605.5591640625003,直连,
T007,爬升,2605.5591640625003,2624.1290595703126,直连,
T007,爬升,2624.1290595703126,2642.6989550781254,直连,
T007,巡航,2642.6989550781254,2661.714990850035,直连,
T007,巡航,2661.714990850035,2680.7310266219447,直连,
T007,巡航,2680.7310266219447,2699.7470623938543,直连,
T007,巡航,2699.7470623938543,2718.763098165764,直连,
T007,巡航,2718.763098165764,2737.7791339376736,直连,
T007,巡航,2737.7791339376736,2756.795169709583,直连,
T007,巡航,2756.795169709583,2775.811205481493,直连,
T007,巡航,2775.811205481493,2794.8272412534025,直连,
T007,巡航,2794.8272412534025,2813.8432770253125,直连,
T007,巡航,2813.8432770253125,2832.859312797222,直连,
T007,巡航,2832.859312797222,2851.875348569132,直连,
T007,巡航,2851.875348569132,2870.8913843410414,直连,
T007,巡航,2870.8913843410414,2889.907420112951,直连,
T007,巡航,2889.907420112951,2908.923455884861,中继,R003
T007,巡航,2908.923455884861,2927.9394916567708,中继,R003
T007,巡航,2927.9394916567708,2946.9555274286804,中继,R003
T007,巡航,2946.9555274286804,2965.97156320059,中继,R003
T007,巡航,2965.97156320059,2984.9875989724997,中继,R003
T007,巡航,2984.9875989724997,3004.0036347444093,中继,R003
T007,下降,3004.0036347444093,3021.2141624369315,中继,R003
T007,下降,3021.2141624369315,3038.4246901294537,中继,R003
T007,下降,3038.4246901294537,3055.6352178219763,中继,R003
T007,下降,3055.6352178219763,3072.8457455144985,中继,R003
T007,下降,3072.8457455144985,3090.0562732070207,中继,R003
T007,下降,3090.0562732070207,3107.266800899543,中继,R003
T007,下降,3107.266800899543,3124.4773285920655,中继,R003
T007,投送,3124.4773285920655,3143.861943976681,中继,R003
T007,投送,3143.861943976681,3163.246559361296,中继,R003
T007,投送,3163.246559361296,3182.6311747459113,中继,R003
T007,投送,3182.6311747459113,3202.0157901305265,中继,R003
T007,投送,3202.0157901305265,3221.400405515142,中继,R003
T007,投送,3221.400405515142,3240.785020899758,中继,R003
T007,投送,3240.785020899758,3260.169636284373,中继,R003
T007,投送,3260.169636284373,3279.5542516689884,中继,R003
T007,投送,3279.5542516689884,3298.9388670536036,中继,R003
T007,投送,3298.9388670536036,3318.323482438219,中继,R003
T007,投送,3318.323482438219,3337.7080978228346,中继,R003
T007,投送,3337.7080978228346,3357.09271320745,中继,R003
T007,投送,3357.09271320745,3376.4773285920655,中继,R003
T007,爬升,3376.4773285920655,3395.75311960769,中继,R003
T007,爬升,3395.75311960769,3415.028910623315,中继,R003
T007,爬升,3415.028910623315,3434.30470163894,中继,R003
T007,爬升,3434.30470163894,3453.580492654565,中继,R003
T007,爬升,3453.580492654565,3472.8562836701904,中继,R003
T007,巡航,3472.8562836701904,3491.8723194421,中继,R003
T007,巡航,3491.8723194421,3510.8883552140096,中继,R003
T007,巡航,3510.8883552140096,3529.9043909859192,中继,R003
T007,巡航,3529.9043909859192,3548.920426757829,中继,R003
T007,巡航,3548.920426757829,3567.9364625297385,中继,R003
T007,巡航,3567.9364625297385,3586.952498301648,中继,R003
T007,巡航,3586.952498301648,3605.9685340735577,直连,
T007,巡航,3605.9685340735577,3624.9845698454674,直连,
T007,巡航,3624.9845698454674,3644.000605617377,直连,
T007,巡航,3644.000605617377,3663.016641389287,直连,
T007,巡航,3663.016641389287,3682.0326771611967,直连,
T007,巡航,3682.0326771611967,3701.0487129331063,直连,
T007,巡航,3701.0487129331063,3720.064748705016,直连,
T007,巡航,3720.064748705016,3739.080784476926,直连,
T007,巡航,3739.080784476926,3758.0968202488357,直连,
T007,巡航,3758.0968202488357,3777.1128560207453,直连,
T007,巡航,3777.1128560207453,3796.128891792655,直连,
T007,巡航,3796.128891792655,3815.1449275645646,直连,
T007,巡航,3815.1449275645646,3834.160963336474,直连,
T007,下降,3834.160963336474,3853.5046044904457,直连,
T007,下降,3853.5046044904457,3872.848245644417,直连,
T007,下降,3872.848245644417,3892.191886798388,直连,
T007,下降,3892.191886798388,3911.5355279523596,直连,
T007,下降,3911.5355279523596,3930.879169106331,直连,
T007,下降,3930.879169106331,3950.222810260302,直连,
T007,下降,3950.222810260302,3969.5664514142736,直连,
T007,下降,3969.5664514142736,3988.910092568245,直连,
T007,下降,3988.910092568245,4008.2537337222166,直连,
T007,下降,4008.2537337222166,4027.597374876188,直连,
T007,下降,4027.597374876188,4046.941016030159,直连,
T007,下降,4046.941016030159,4066.2846571841305,直连,
T008,爬升,2468.0,2485.107585313585,直连,
T008,爬升,2485.107585313585,2502.21517062717,直连,
T008,爬升,2502.21517062717,2519.322755940755,直连,
T008,爬升,2519.322755940755,2536.4303412543404,直连,
T008,爬升,2536.4303412543404,2553.5379265679253,直连,
T008,爬升,2553.5379265679253,2570.64551188151,直连,
T008,巡航,2570.64551188151,2590.5808238659233,直连,
T008,巡航,2590.5808238659233,2610.5161358503365,直连,
T008,巡航,2610.5161358503365,2630.45144783475,直连,
T008,巡航,2630.45144783475,2650.3867598191628,直连,
T008,巡航,2650.3867598191628,2670.3220718035764,直连,
T008,巡航,2670.3220718035764,2690.257383787989,直连,
T008,巡航,2690.257383787989,2710.1926957724027,直连,
T008,巡航,2710.1926957724027,2730.128007756816,直连,
T008,巡航,2730.128007756816,2750.063319741229,直连,
T008,巡航,2750.063319741229,2769.998631725642,直连,
T008,巡航,2769.998631725642,2789.9339437100552,直连,
T008,巡航,2789.9339437100552,2809.8692556944684,直连,
T008,巡航,2809.8692556944684,2829.8045676788815,直连,
T008,巡航,2829.8045676788815,2849.7398796632947,直连,
T008,巡航,2849.7398796632947,2869.675191647708,直连,
T008,巡航,2869.675191647708,2889.610503632121,直连,
T008,巡航,2889.610503632121,2909.545815616534,中继,R003
T008,巡航,2909.545815616534,2929.4811276009473,中继,R003
T008,巡航,2929.4811276009473,2949.4164395853604,中继,R003
T008,巡航,2949.4164395853604,2969.3517515697736,中继,R003
T008,下降,2969.3517515697736,2986.15905869868,中继,R003
T008,下降,2986.15905869868,3002.9663658275863,中继,R003
T008,投送,3002.9663658275863,3022.0572749184953,中继,R003
T008,投送,3022.0572749184953,3041.1481840094043,中继,R003
T008,投送,3041.1481840094043,3060.2390931003133,中继,R003
T008,投送,3060.2390931003133,3079.330002191223,中继,R003
T008,投送,3079.330002191223,3098.420911282132,中继,R003
T008,投送,3098.420911282132,3117.511820373041,中继,R003
T008,投送,3117.511820373041,3136.60272946395,中继,R003
T008,投送,3136.60272946395,3155.693638554859,中继,R003
T008,投送,3155.693638554859,3174.784547645768,中继,R003
T008,投送,3174.784547645768,3193.8754567366773,中继,R003
T008,投送,3193.8754567366773,3212.9663658275863,中继,R003
T008,爬升,3212.9663658275863,3226.9724551016748,中继,R003
T008,爬升,3226.9724551016748,3240.9785443757632,中继,R003
T008,巡航,3240.9785443757632,3260.9138563601764,中继,R003
T008,巡航,3260.9138563601764,3280.8491683445895,中继,R003
T008,巡航,3280.8491683445895,3300.7844803290027,中继,R003
T008,巡航,3300.7844803290027,3320.719792313416,中继,R003
T008,巡航,3320.719792313416,3340.655104297829,直连,
T008,巡航,3340.655104297829,3360.5904162822426,直连,
T008,巡航,3360.5904162822426,3380.5257282666553,直连,
T008,巡航,3380.5257282666553,3400.461040251069,直连,
T008,巡航,3400.461040251069,3420.3963522354816,直连,
T008,巡航,3420.3963522354816,3440.331664219895,直连,
T008,巡航,3440.331664219895,3460.266976204308,直连,
T008,巡航,3460.266976204308,3480.2022881887215,直连,
T008,巡航,3480.2022881887215,3500.137600173134,直连,
T008,巡航,3500.137600173134,3520.0729121575478,直连,
T008,巡航,3520.0729121575478,3540.008224141961,直连,
T008,巡航,3540.008224141961,3559.943536126374,直连,
T008,巡航,3559.943536126374,3579.878848110787,直连,
T008,巡航,3579.878848110787,3599.8141600952004,直连,
T008,巡航,3599.8141600952004,3619.7494720796135,直连,
T008,巡航,3619.7494720796135,3639.6847840640266,直连,
T008,下降,3639.6847840640266,3657.281157529428,直连,
T008,下降,3657.281157529428,3674.8775309948305,直连,
T008,下降,3674.8775309948305,3692.473904460232,直连,
T008,下降,3692.473904460232,3710.0702779256335,直连,
T008,下降,3710.0702779256335,3727.6666513910354,直连,
T008,下降,3727.6666513910354,3745.2630248564374,直连,
T008,下降,3745.2630248564374,3762.859398321839,直连,
T009,爬升,2487.0,2505.0876724243167,直连,
T009,爬升,2505.0876724243167,2523.175344848633,直连,
T009,爬升,2523.175344848633,2541.2630172729496,直连,
T009,爬升,2541.2630172729496,2559.350689697266,直连,
T009,爬升,2559.350689697266,2577.438362121582,直连,
T009,爬升,2577.438362121582,2595.5260345458987,直连,
T009,爬升,2595.5260345458987,2613.613706970215,直连,
T009,爬升,2613.613706970215,2631.7013793945316,直连,
T009,巡航,2631.7013793945316,2651.2264539027333,直连,
T009,巡航,2651.2264539027333,2670.751528410935,直连,
T009,巡航,2670.751528410935,2690.2766029191366,直连,
T009,巡航,2690.2766029191366,2709.8016774273383,直连,
T009,巡航,2709.8016774273383,2729.3267519355404,直连,
T009,巡航,2729.3267519355404,2748.851826443742,直连,
T009,巡航,2748.851826443742,2768.3769009519438,直连,
T009,巡航,2768.3769009519438,2787.9019754601454,直连,
T009,巡航,2787.9019754601454,2807.427049968347,直连,
T009,巡航,2807.427049968347,2826.952124476549,直连,
T009,巡航,2826.952124476549,2846.4771989847504,直连,
T009,巡航,2846.4771989847504,2866.0022734929526,直连,
T009,巡航,2866.0022734929526,2885.527348001154,直连,
T009,巡航,2885.527348001154,2905.052422509356,直连,
T009,巡航,2905.052422509356,2924.5774970175576,直连,
T009,巡航,2924.5774970175576,2944.1025715257592,直连,
T009,巡航,2944.1025715257592,2963.6276460339614,中继,R004
T009,巡航,2963.6276460339614,2983.152720542163,中继,R004
T009,巡航,2983.152720542163,3002.6777950503647,中继,R004
T009,巡航,3002.6777950503647,3022.2028695585664,中继,R004
T009,巡航,3022.2028695585664,3041.727944066768,中继,R004
T009,巡航,3041.727944066768,3061.25301857497,中继,R004
T009,巡航,3061.25301857497,3080.778093083172,中继,R004
T009,巡航,3080.778093083172,3100.3031675913735,中继,R004
T009,巡航,3100.3031675913735,3119.828242099575,中继,R004
T009,巡航,3119.828242099575,3139.353316607777,中继,R004
T009,巡航,3139.353316607777,3158.878391115979,中继,R004
T009,巡航,3158.878391115979,3178.40346562418,中继,R004
T009,巡航,3178.40346562418,3197.9285401323823,中继,R004
T009,巡航,3197.9285401323823,3217.453614640584,中继,R004
T009,巡航,3217.453614640584,3236.9786891487856,中继,R004
T009,下降,3236.9786891487856,3254.8430202034733,中继,R004
T009,下降,3254.8430202034733,3272.7073512581605,中继,R004
T009,下降,3272.7073512581605,3290.571682312848,中继,R004
T009,下降,3290.571682312848,3308.4360133675355,中继,R004
T009,下降,3308.4360133675355,3326.300344422223,中继,R004
T009,投送,3326.300344422223,3345.391253513132,中继,R004
T009,投送,3345.391253513132,3364.482162604041,中继,R004
T009,投送,3364.482162604041,3383.57307169495,中继,R004
T009,投送,3383.57307169495,3402.663980785859,中继,R004
T009,投送,3402.663980785859,3421.7548898767686,中继,R004
T009,投送,3421.7548898767686,3440.8457989676776,中继,R004
T009,投送,3440.8457989676776,3459.9367080585866,中继,R004
T009,投送,3459.9367080585866,3479.027617149496,中继,R004
T009,投送,3479.027617149496,3498.118526240405,中继,R004
T009,投送,3498.118526240405,3517.209435331314,中继,R004
T009,投送,3517.209435331314,3536.300344422223,中继,R004
T009,爬升,3536.300344422223,3554.9090226041894,中继,R004
T009,爬升,3554.9090226041894,3573.5177007861557,中继,R004
T009,爬升,3573.5177007861557,3592.1263789681216,中继,R004
T009,爬升,3592.1263789681216,3610.735057150088,中继,R004
T009,巡航,3610.735057150088,3630.2601316582895,中继,R004
T009,巡航,3630.2601316582895,3649.7852061664917,中继,R004
T009,巡航,3649.7852061664917,3669.310280674693,中继,R004
T009,巡航,3669.310280674693,3688.835355182895,中继,R004
T009,巡航,3688.835355182895,3708.3604296910967,中继,R004
T009,巡航,3708.3604296910967,3727.8855041992983,中继,R004
T009,巡航,3727.8855041992983,3747.4105787075,中继,R004
T009,巡航,3747.4105787075,3766.9356532157017,中继,R004
T009,巡航,3766.9356532157017,3786.460727723904,中继,R004
T009,巡航,3786.460727723904,3805.985802232105,中继,R004
T009,巡航,3805.985802232105,3825.510876740307,中继,R004
T009,巡航,3825.510876740307,3845.035951248509,中继,R004
T009,巡航,3845.035951248509,3864.5610257567105,中继,R004
T009,巡航,3864.5610257567105,3884.086100264912,中继,R004
T009,巡航,3884.086100264912,3903.611174773114,中继,R004
T009,巡航,3903.611174773114,3923.136249281316,直连,
T009,巡航,3923.136249281316,3942.6613237895176,直连,
T009,巡航,3942.6613237895176,3962.1863982977193,直连,
T009,巡航,3962.1863982977193,3981.711472805921,直连,
T009,巡航,3981.711472805921,4001.2365473141226,直连,
T009,巡航,4001.2365473141226,4020.7616218223247,直连,
T009,巡航,4020.7616218223247,4040.286696330526,直连,
T009,巡航,4040.286696330526,4059.811770838728,直连,
T009,巡航,4059.811770838728,4079.3368453469297,直连,
T009,巡航,4079.3368453469297,4098.861919855131,直连,
T009,巡航,4098.861919855131,4118.386994363333,直连,
T009,巡航,4118.386994363333,4137.912068871535,直连,
T009,巡航,4137.912068871535,4157.437143379737,直连,
T009,巡航,4157.437143379737,4176.962217887938,直连,
T009,巡航,4176.962217887938,4196.48729239614,直连,
T009,巡航,4196.48729239614,4216.012366904342,直连,
T009,下降,4216.012366904342,4235.3058841569455,直连,
T009,下降,4235.3058841569455,4254.59940140955,直连,
T009,下降,4254.59940140955,4273.892918662154,直连,
T009,下降,4273.892918662154,4293.1864359147585,直连,
T009,下降,4293.1864359147585,4312.479953167363,直连,
T009,下降,4312.479953167363,4331.7734704199665,直连,
T009,下降,4331.7734704199665,4351.0669876725715,直连,
T009,下降,4351.0669876725715,4370.3605049251755,直连,
T009,下降,4370.3605049251755,4389.65402217778,直连,
T010,爬升,2468.0,2485.107585313585,直连,
T010,爬升,2485.107585313585,2502.21517062717,直连,
T010,爬升,2502.21517062717,2519.322755940755,直连,
T010,爬升,2519.322755940755,2536.4303412543404,直连,
T010,爬升,2536.4303412543404,2553.5379265679253,直连,
T010,爬升,2553.5379265679253,2570.64551188151,直连,
T010,巡航,2570.64551188151,2590.5808238659233,直连,
T010,巡航,2590.5808238659233,2610.5161358503365,直连,
T010,巡航,2610.5161358503365,2630.45144783475,直连,
T010,巡航,2630.45144783475,2650.3867598191628,直连,
T010,巡航,2650.3867598191628,2670.3220718035764,直连,
T010,巡航,2670.3220718035764,2690.257383787989,直连,
T010,巡航,2690.257383787989,2710.1926957724027,直连,
T010,巡航,2710.1926957724027,2730.128007756816,直连,
T010,巡航,2730.128007756816,2750.063319741229,直连,
T010,巡航,2750.063319741229,2769.998631725642,直连,
T010,巡航,2769.998631725642,2789.9339437100552,直连,
T010,巡航,2789.9339437100552,2809.8692556944684,直连,
T010,巡航,2809.8692556944684,2829.8045676788815,直连,
T010,巡航,2829.8045676788815,2849.7398796632947,直连,
T010,巡航,2849.7398796632947,2869.675191647708,直连,
T010,巡航,2869.675191647708,2889.610503632121,直连,
T010,巡航,2889.610503632121,2909.545815616534,中继,R003
T010,巡航,2909.545815616534,2929.4811276009473,中继,R003
T010,巡航,2929.4811276009473,2949.4164395853604,中继,R003
T010,巡航,2949.4164395853604,2969.3517515697736,中继,R003
T010,下降,2969.3517515697736,2986.15905869868,中继,R003
T010,下降,2986.15905869868,3002.9663658275863,中继,R003
T010,投送,3002.9663658275863,3020.9663658275863,中继,R003
T010,投送,3020.9663658275863,3038.9663658275863,中继,R003
T010,投送,3038.9663658275863,3056.9663658275863,中继,R003
T010,投送,3056.9663658275863,3074.9663658275863,中继,R003
T010,投送,3074.9663658275863,3092.9663658275863,中继,R003
T010,投送,3092.9663658275863,3110.9663658275863,中继,R003
T010,投送,3110.9663658275863,3128.9663658275863,中继,R003
T010,投送,3128.9663658275863,3146.9663658275863,中继,R003
T010,投送,3146.9663658275863,3164.9663658275863,中继,R003
T010,投送,3164.9663658275863,3182.9663658275863,中继,R003
T010,爬升,3182.9663658275863,3196.9724551016748,中继,R003
T010,爬升,3196.9724551016748,3210.9785443757632,中继,R003
T010,巡航,3210.9785443757632,3230.9138563601764,中继,R003
T010,巡航,3230.9138563601764,3250.8491683445895,中继,R003
T010,巡航,3250.8491683445895,3270.7844803290027,中继,R003
T010,巡航,3270.7844803290027,3290.719792313416,中继,R003
T010,巡航,3290.719792313416,3310.655104297829,直连,
T010,巡航,3310.655104297829,3330.5904162822426,直连,
T010,巡航,3330.5904162822426,3350.5257282666553,直连,
T010,巡航,3350.5257282666553,3370.461040251069,直连,
T010,巡航,3370.461040251069,3390.3963522354816,直连,
T010,巡航,3390.3963522354816,3410.331664219895,直连,
T010,巡航,3410.331664219895,3430.266976204308,直连,
T010,巡航,3430.266976204308,3450.2022881887215,直连,
T010,巡航,3450.2022881887215,3470.137600173134,直连,
T010,巡航,3470.137600173134,3490.0729121575478,直连,
T010,巡航,3490.0729121575478,3510.008224141961,直连,
T010,巡航,3510.008224141961,3529.943536126374,直连,
T010,巡航,3529.943536126374,3549.878848110787,直连,
T010,巡航,3549.878848110787,3569.8141600952004,直连,
T010,巡航,3569.8141600952004,3589.7494720796135,直连,
T010,巡航,3589.7494720796135,3609.6847840640266,直连,
T010,下降,3609.6847840640266,3627.281157529428,直连,
T010,下降,3627.281157529428,3644.8775309948305,直连,
T010,下降,3644.8775309948305,3662.473904460232,直连,
T010,下降,3662.473904460232,3680.0702779256335,直连,
T010,下降,3680.0702779256335,3697.6666513910354,直连,
T010,下降,3697.6666513910354,3715.2630248564374,直连,
T010,下降,3715.2630248564374,3732.859398321839,直连,
T011,爬升,2534.0,2552.098788248698,直连,
T011,爬升,2552.098788248698,2570.197576497396,直连,
T011,爬升,2570.197576497396,2588.296364746094,直连,
T011,爬升,2588.296364746094,2606.3951529947917,直连,
T011,爬升,2606.3951529947917,2624.4939412434896,直连,
T011,爬升,2624.4939412434896,2642.5927294921876,直连,
T011,巡航,2642.5927294921876,2661.6093061241936,直连,
T011,巡航,2661.6093061241936,2680.625882756199,直连,
T011,巡航,2680.625882756199,2699.642459388205,直连,
T011,巡航,2699.642459388205,2718.659036020211,直连,
T011,巡航,2718.659036020211,2737.675612652217,直连,
T011,巡航,2737.675612652217,2756.692189284223,直连,
T011,巡航,2756.692189284223,2775.7087659162285,直连,
T011,巡航,2775.7087659162285,2794.725342548234,直连,
T011,巡航,2794.725342548234,2813.74191918024,直连,
T011,巡航,2813.74191918024,2832.758495812246,直连,
T011,巡航,2832.758495812246,2851.7750724442517,直连,
T011,巡航,2851.7750724442517,2870.7916490762577,直连,
T011,巡航,2870.7916490762577,2889.8082257082633,直连,
T011,巡航,2889.8082257082633,2908.8248023402693,中继,R003
T011,巡航,2908.8248023402693,2927.8413789722754,中继,R003
T011,巡航,2927.8413789722754,2946.857955604281,中继,R003
T011,巡航,2946.857955604281,2965.874532236287,中继,R003
T011,下降,2965.874532236287,2977.744988168904,中继,R003
T011,下降,2977.744988168904,2989.6154441015215,中继,R003
T011,投送,2989.6154441015215,3009.0000594861367,中继,R003
T011,投送,3009.0000594861367,3028.384674870752,中继,R003
T011,投送,3028.384674870752,3047.769290255367,中继,R003
T011,投送,3047.769290255367,3067.153905639983,中继,R003
T011,投送,3067.153905639983,3086.538521024598,中继,R003
T011,投送,3086.538521024598,3105.9231364092134,中继,R003
T011,投送,3105.9231364092134,3125.307751793829,中继,R003
T011,投送,3125.307751793829,3144.6923671784443,中继,R003
T011,投送,3144.6923671784443,3164.0769825630596,中继,R003
T011,投送,3164.0769825630596,3183.461597947675,中继,R003
T011,投送,3183.461597947675,3202.8462133322905,中继,R003
T011,投送,3202.8462133322905,3222.2308287169058,中继,R003
T011,投送,3222.2308287169058,3241.6154441015215,中继,R003
T011,爬升,3241.6154441015215,3260.6081735937087,中继,R003
T011,巡航,3260.6081735937087,3279.6247502257147,中继,R003
T011,巡航,3279.6247502257147,3298.6413268577203,中继,R003
T011,巡航,3298.6413268577203,3317.6579034897263,中继,R003
T011,巡航,3317.6579034897263,3336.674480121732,中继,R003
T011,巡航,3336.674480121732,3355.691056753738,直连,
T011,巡航,3355.691056753738,3374.707633385744,直连,
T011,巡航,3374.707633385744,3393.7242100177496,直连,
T011,巡航,3393.7242100177496,3412.740786649755,直连,
T011,巡航,3412.740786649755,3431.757363281761,直连,
T011,巡航,3431.757363281761,3450.773939913767,直连,
T011,巡航,3450.773939913767,3469.7905165457732,直连,
T011,巡航,3469.7905165457732,3488.807093177779,直连,
T011,巡航,3488.807093177779,3507.8236698097844,直连,
T011,巡航,3507.8236698097844,3526.8402464417904,直连,
T011,巡航,3526.8402464417904,3545.8568230737965,直连,
T011,巡航,3545.8568230737965,3564.8733997058025,直连,
T011,巡航,3564.8733997058025,3583.889976337808,直连,
T011,下降,3583.889976337808,3603.281535175699,直连,
T011,下降,3603.281535175699,3622.6730940135894,直连,
T011,下降,3622.6730940135894,3642.06465285148,直连,
T011,下降,3642.06465285148,3661.4562116893703,直连,
T011,下降,3661.4562116893703,3680.847770527261,直连,
T011,下降,3680.847770527261,3700.239329365152,直连,
T011,下降,3700.239329365152,3719.6308882030426,直连,
T012,爬升,2571.0,2589.2987226213727,直连,
T012,爬升,2589.2987226213727,2607.5974452427454,直连,
T012,爬升,2607.5974452427454,2625.896167864118,直连,
T012,爬升,2625.896167864118,2644.194890485491,直连,
T012,爬升,2644.194890485491,2662.493613106864,直连,
T012,爬升,2662.493613106864,2680.7923357282366,直连,
T012,爬升,2680.7923357282366,2699.0910583496093,直连,
T012,巡航,2699.0910583496093,2717.984924997995,直连,
T012,巡航,2717.984924997995,2736.8787916463816,直连,
T012,巡航,2736.8787916463816,2755.7726582947676,直连,
T012,巡航,2755.7726582947676,2774.666524943154,直连,
T012,巡航,2774.666524943154,2793.56039159154,直连,
T012,巡航,2793.56039159154,2812.4542582399263,直连,
T012,巡航,2812.4542582399263,2831.348124888312,直连,
T012,巡航,2831.348124888312,2850.241991536698,直连,
T012,巡航,2850.241991536698,2869.1358581850845,直连,
T012,巡航,2869.1358581850845,2888.0297248334705,直连,
T012,巡航,2888.0297248334705,2906.9235914818564,直连,
T012,巡航,2906.9235914818564,2925.817458130243,直连,
T012,巡航,2925.817458130243,2944.7113247786288,直连,
T012,巡航,2944.7113247786288,2963.605191427015,中继,R004
T012,巡航,2963.605191427015,2982.499058075401,中继,R004
T012,巡航,2982.499058075401,3001.3929247237875,中继,R004
T012,下降,3001.3929247237875,3017.74024222867,中继,R004
T012,下降,3017.74024222867,3034.087559733553,中继,R004
T012,下降,3034.087559733553,3050.4348772384355,中继,R004
T012,下降,3050.4348772384355,3066.7821947433185,中继,R004
T012,投送,3066.7821947433185,3085.8731038342275,中继,R004
T012,投送,3085.8731038342275,3104.9640129251366,中继,R004
T012,投送,3104.9640129251366,3124.0549220160456,中继,R004
T012,投送,3124.0549220160456,3143.145831106955,中继,R004
T012,投送,3143.145831106955,3162.236740197864,中继,R004
T012,投送,3162.236740197864,3181.327649288773,中继,R004
T012,投送,3181.327649288773,3200.418558379682,中继,R004
T012,投送,3200.418558379682,3219.5094674705915,中继,R004
T012,投送,3219.5094674705915,3238.6003765615005,中继,R004
T012,投送,3238.6003765615005,3257.6912856524095,中继,R004
T012,投送,3257.6912856524095,3276.7821947433185,中继,R004
T012,爬升,3276.7821947433185,3294.9458808598547,中继,R004
T012,爬升,3294.9458808598547,3313.1095669763918,中继,R004
T012,爬升,3313.1095669763918,3331.273253092928,中继,R004
T012,巡航,3331.273253092928,3350.1671197413143,中继,R004
T012,巡航,3350.1671197413143,3369.0609863897002,中继,R004
T012,巡航,3369.0609863897002,3387.954853038086,中继,R004
T012,巡航,3387.954853038086,3406.8487196864726,直连,
T012,巡航,3406.8487196864726,3425.7425863348585,直连,
T012,巡航,3425.7425863348585,3444.6364529832445,直连,
T012,巡航,3444.6364529832445,3463.530319631631,直连,
T012,巡航,3463.530319631631,3482.424186280017,直连,
T012,巡航,3482.424186280017,3501.3180529284027,直连,
T012,巡航,3501.3180529284027,3520.211919576789,直连,
T012,巡航,3520.211919576789,3539.1057862251755,直连,
T012,巡航,3539.1057862251755,3557.9996528735614,直连,
T012,巡航,3557.9996528735614,3576.8935195219474,直连,
T012,巡航,3576.8935195219474,3595.787386170334,直连,
T012,巡航,3595.787386170334,3614.6812528187197,直连,
T012,巡航,3614.6812528187197,3633.5751194671057,直连,
T012,下降,3633.5751194671057,3652.7887782195476,直连,
T012,下降,3652.7887782195476,3672.0024369719886,直连,
T012,下降,3672.0024369719886,3691.21609572443,直连,
T012,下降,3691.21609572443,3710.4297544768715,直连,
T012,下降,3710.4297544768715,3729.6434132293125,直连,
T012,下降,3729.6434132293125,3748.8570719817544,直连,
T012,下降,3748.8570719817544,3768.0707307341954,直连,
T012,下降,3768.0707307341954,3787.284389486637,直连,
T013,爬升,4080.0,4096.766175537109,直连,
T013,爬升,4096.766175537109,4113.532351074218,直连,
T013,爬升,4113.532351074218,4130.298526611328,直连,
T013,爬升,4130.298526611328,4147.064702148437,直连,
T013,巡航,4147.064702148437,4165.785355926814,直连,
T013,巡航,4165.785355926814,4184.50600970519,直连,
T013,巡航,4184.50600970519,4203.226663483566,直连,
T013,巡航,4203.226663483566,4221.947317261943,直连,
T013,巡航,4221.947317261943,4240.667971040319,直连,
T013,巡航,4240.667971040319,4259.3886248186955,直连,
T013,巡航,4259.3886248186955,4278.109278597071,直连,
T013,巡航,4278.109278597071,4296.829932375447,直连,
T013,巡航,4296.829932375447,4315.550586153824,直连,
T013,巡航,4315.550586153824,4334.2712399322,直连,
T013,下降,4334.2712399322,4348.148199160716,直连,
T013,下降,4348.148199160716,4362.025158389231,直连,
T013,下降,4362.025158389231,4375.902117617747,直连,
T013,投送,4375.902117617747,4395.286733002363,直连,
T013,投送,4395.286733002363,4414.671348386978,直连,
T013,投送,4414.671348386978,4434.055963771593,直连,
T013,投送,4434.055963771593,4453.4405791562085,直连,
T013,投送,4453.4405791562085,4472.825194540824,直连,
T013,投送,4472.825194540824,4492.209809925439,直连,
T013,投送,4492.209809925439,4511.594425310055,直连,
T013,投送,4511.594425310055,4530.97904069467,直连,
T013,投送,4530.97904069467,4550.363656079286,直连,
T013,投送,4550.363656079286,4569.748271463901,直连,
T013,投送,4569.748271463901,4589.132886848516,直连,
T013,投送,4589.132886848516,4608.517502233131,直连,
T013,投送,4608.517502233131,4627.902117617747,直连,
T013,爬升,4627.902117617747,4644.554468691966,直连,
T013,爬升,4644.554468691966,4661.206819766185,直连,
T013,巡航,4661.206819766185,4679.927473544561,直连,
T013,巡航,4679.927473544561,4698.648127322937,直连,
T013,巡航,4698.648127322937,4717.368781101313,直连,
T013,巡航,4717.368781101313,4736.08943487969,直连,
T013,巡航,4736.08943487969,4754.810088658066,直连,
T013,巡航,4754.810088658066,4773.530742436442,直连,
T013,巡航,4773.530742436442,4792.251396214819,直连,
T013,巡航,4792.251396214819,4810.972049993195,直连,
T013,巡航,4810.972049993195,4829.69270377157,直连,
T013,巡航,4829.69270377157,4848.413357549947,直连,
T013,下降,4848.413357549947,4865.179533087056,直连,
T013,下降,4865.179533087056,4881.9457086241655,直连,
T013,下降,4881.9457086241655,4898.7118841612755,直连,
T013,下降,4898.7118841612755,4915.478059698385,直连,
T013,下降,4915.478059698385,4932.244235235494,直连,
T014,爬升,4388.0,4406.504135640463,直连,
T014,爬升,4406.504135640463,4425.008271280924,直连,
T014,爬升,4425.008271280924,4443.512406921387,直连,
T014,爬升,4443.512406921387,4462.016542561849,直连,
T014,爬升,4462.016542561849,4480.5206782023115,直连,
T014,爬升,4480.5206782023115,4499.024813842773,直连,
T014,爬升,4499.024813842773,4517.528949483236,直连,
T014,爬升,4517.528949483236,4536.033085123698,直连,
T014,巡航,4536.033085123698,4555.110775825524,直连,
T014,巡航,4555.110775825524,4574.18846652735,直连,
T014,巡航,4574.18846652735,4593.266157229176,直连,
T014,巡航,4593.266157229176,4612.3438479310025,直连,
T014,巡航,4612.3438479310025,4631.421538632829,直连,
T014,巡航,4631.421538632829,4650.499229334655,直连,
T014,巡航,4650.499229334655,4669.576920036481,直连,
T014,巡航,4669.576920036481,4688.654610738307,直连,
T014,巡航,4688.654610738307,4707.732301440134,直连,
T014,巡航,4707.732301440134,4726.80999214196,直连,
T014,巡航,4726.80999214196,4745.887682843786,直连,
T014,巡航,4745.887682843786,4764.965373545612,直连,
T014,巡航,4764.965373545612,4784.043064247438,直连,
T014,巡航,4784.043064247438,4803.120754949265,中继,R005
T014,巡航,4803.120754949265,4822.198445651091,中继,R005
T014,巡航,4822.198445651091,4841.276136352917,中继,R004
T014,巡航,4841.276136352917,4860.353827054743,中继,R004
T014,巡航,4860.353827054743,4879.4315177565695,中继,R004
T014,巡航,4879.4315177565695,4898.509208458396,中继,R004
T014,巡航,4898.509208458396,4917.586899160222,中继,R004
T014,巡航,4917.586899160222,4936.664589862048,中继,R004
T014,下降,4936.664589862048,4956.124440936266,中继,R004
T014,下降,4956.124440936266,4975.584292010485,中继,R004
T014,投送,4975.584292010485,4994.675201101394,中继,R004
T014,投送,4994.675201101394,5013.766110192304,中继,R004
T014,投送,5013.766110192304,5032.857019283213,中继,R004
T014,投送,5032.857019283213,5051.947928374122,中继,R004
T014,投送,5051.947928374122,5071.038837465031,中继,R004
T014,投送,5071.038837465031,5090.12974655594,中继,R004
T014,投送,5090.12974655594,5109.220655646849,中继,R004
T014,投送,5109.220655646849,5128.311564737758,中继,R004
T014,投送,5128.311564737758,5147.402473828667,中继,R004
T014,投送,5147.402473828667,5166.493382919576,中继,R004
T014,投送,5166.493382919576,5185.584292010486,中继,R004
T014,爬升,5185.584292010486,5201.800834572335,中继,R004
T014,爬升,5201.800834572335,5218.017377134183,中继,R004
T014,巡航,5218.017377134183,5237.09506783601,中继,R004
T014,巡航,5237.09506783601,5256.172758537836,中继,R004
T014,巡航,5256.172758537836,5275.250449239662,中继,R004
T014,巡航,5275.250449239662,5294.328139941488,中继,R004
T014,巡航,5294.328139941488,5313.405830643314,中继,R004
T014,巡航,5313.405830643314,5332.483521345141,中继,R004
T014,巡航,5332.483521345141,5351.561212046967,中继,R005
T014,巡航,5351.561212046967,5370.638902748793,中继,R005
T014,巡航,5370.638902748793,5389.716593450619,直连,
T014,巡航,5389.716593450619,5408.7942841524455,直连,
T014,巡航,5408.7942841524455,5427.871974854272,直连,
T014,巡航,5427.871974854272,5446.949665556098,直连,
T014,巡航,5446.949665556098,5466.027356257924,直连,
T014,巡航,5466.027356257924,5485.10504695975,直连,
T014,巡航,5485.10504695975,5504.1827376615765,直连,
T014,巡航,5504.1827376615765,5523.260428363403,直连,
T014,巡航,5523.260428363403,5542.338119065229,直连,
T014,巡航,5542.338119065229,5561.415809767055,直连,
T014,巡航,5561.415809767055,5580.493500468881,直连,
T014,巡航,5580.493500468881,5599.571191170708,直连,
T014,巡航,5599.571191170708,5618.648881872534,直连,
T014,下降,5618.648881872534,5638.3866265556935,直连,
T014,下降,5638.3866265556935,5658.124371238853,直连,
T014,下降,5658.124371238853,5677.862115922013,直连,
T014,下降,5677.862115922013,5697.599860605173,直连,
T014,下降,5697.599860605173,5717.337605288332,直连,
T014,下降,5717.337605288332,5737.075349971492,直连,
T014,下降,5737.075349971492,5756.813094654652,直连,
T014,下降,5756.813094654652,5776.550839337811,直连,
T014,下降,5776.550839337811,5796.288584020971,直连,
T015,爬升,4389.0,4407.504135640463,直连,
T015,爬升,4407.504135640463,4426.008271280924,直连,
T015,爬升,4426.008271280924,4444.512406921387,直连,
T015,爬升,4444.512406921387,4463.016542561849,直连,
T015,爬升,4463.016542561849,4481.5206782023115,直连,
T015,爬升,4481.5206782023115,4500.024813842773,直连,
T015,爬升,4500.024813842773,4518.528949483236,直连,
T015,爬升,4518.528949483236,4537.033085123698,直连,
T015,巡航,4537.033085123698,4556.110775825524,直连,
T015,巡航,4556.110775825524,4575.18846652735,直连,
T015,巡航,4575.18846652735,4594.266157229176,直连,
T015,巡航,4594.266157229176,4613.3438479310025,直连,
T015,巡航,4613.3438479310025,4632.421538632829,直连,
T015,巡航,4632.421538632829,4651.499229334655,直连,
T015,巡航,4651.499229334655,4670.576920036481,直连,
T015,巡航,4670.576920036481,4689.654610738307,直连,
T015,巡航,4689.654610738307,4708.732301440134,直连,
T015,巡航,4708.732301440134,4727.80999214196,直连,
T015,巡航,4727.80999214196,4746.887682843786,直连,
T015,巡航,4746.887682843786,4765.965373545612,直连,
T015,巡航,4765.965373545612,4785.043064247438,直连,
T015,巡航,4785.043064247438,4804.120754949265,中继,R005
T015,巡航,4804.120754949265,4823.198445651091,中继,R005
T015,巡航,4823.198445651091,4842.276136352917,中继,R004
T015,巡航,4842.276136352917,4861.353827054743,中继,R004
T015,巡航,4861.353827054743,4880.4315177565695,中继,R004
T015,巡航,4880.4315177565695,4899.509208458396,中继,R004
T015,巡航,4899.509208458396,4918.586899160222,中继,R004
T015,巡航,4918.586899160222,4937.664589862048,中继,R004
T015,下降,4937.664589862048,4957.124440936266,中继,R004
T015,下降,4957.124440936266,4976.584292010485,中继,R004
T015,投送,4976.584292010485,4994.584292010485,中继,R004
T015,投送,4994.584292010485,5012.584292010485,中继,R004
T015,投送,5012.584292010485,5030.584292010485,中继,R004
T015,投送,5030.584292010485,5048.584292010485,中继,R004
T015,投送,5048.584292010485,5066.584292010486,中继,R004
T015,投送,5066.584292010486,5084.584292010486,中继,R004
T015,投送,5084.584292010486,5102.584292010486,中继,R004
T015,投送,5102.584292010486,5120.584292010486,中继,R004
T015,投送,5120.584292010486,5138.584292010486,中继,R004
T015,投送,5138.584292010486,5156.584292010486,中继,R004
T015,爬升,5156.584292010486,5172.800834572335,中继,R004
T015,爬升,5172.800834572335,5189.017377134183,中继,R004
T015,巡航,5189.017377134183,5208.09506783601,中继,R004
T015,巡航,5208.09506783601,5227.172758537836,中继,R004
T015,巡航,5227.172758537836,5246.250449239662,中继,R004
T015,巡航,5246.250449239662,5265.328139941488,中继,R004
T015,巡航,5265.328139941488,5284.405830643314,中继,R004
T015,巡航,5284.405830643314,5303.483521345141,中继,R004
T015,巡航,5303.483521345141,5322.561212046967,中继,R005
T015,巡航,5322.561212046967,5341.638902748793,中继,R005
T015,巡航,5341.638902748793,5360.716593450619,直连,
T015,巡航,5360.716593450619,5379.7942841524455,直连,
T015,巡航,5379.7942841524455,5398.871974854272,直连,
T015,巡航,5398.871974854272,5417.949665556098,直连,
T015,巡航,5417.949665556098,5437.027356257924,直连,
T015,巡航,5437.027356257924,5456.10504695975,直连,
T015,巡航,5456.10504695975,5475.1827376615765,直连,
T015,巡航,5475.1827376615765,5494.260428363403,直连,
T015,巡航,5494.260428363403,5513.338119065229,直连,
T015,巡航,5513.338119065229,5532.415809767055,直连,
T015,巡航,5532.415809767055,5551.493500468881,直连,
T015,巡航,5551.493500468881,5570.571191170708,直连,
T015,巡航,5570.571191170708,5589.648881872534,直连,
T015,下降,5589.648881872534,5609.3866265556935,直连,
T015,下降,5609.3866265556935,5629.124371238853,直连,
T015,下降,5629.124371238853,5648.862115922013,直连,
T015,下降,5648.862115922013,5668.599860605173,直连,
T015,下降,5668.599860605173,5688.337605288332,直连,
T015,下降,5688.337605288332,5708.075349971492,直连,
T015,下降,5708.075349971492,5727.813094654652,直连,
T015,下降,5727.813094654652,5747.550839337811,直连,
T015,下降,5747.550839337811,5767.288584020971,直连,
T016,爬升,6240.0,6258.035944417317,直连,
T016,爬升,6258.035944417317,6276.0718888346355,直连,
T016,爬升,6276.0718888346355,6294.107833251953,直连,
T016,爬升,6294.107833251953,6312.143777669271,直连,
T016,爬升,6312.143777669271,6330.179722086588,直连,
T016,爬升,6330.179722086588,6348.2156665039065,直连,
T016,巡航,6348.2156665039065,6367.99702356786,直连,
T016,巡航,6367.99702356786,6387.778380631814,直连,
T016,巡航,6387.778380631814,6407.559737695768,直连,
T016,巡航,6407.559737695768,6427.34109475972,直连,
T016,巡航,6427.34109475972,6447.122451823674,直连,
T016,巡航,6447.122451823674,6466.903808887628,直连,
T016,巡航,6466.903808887628,6486.685165951581,直连,
T016,巡航,6486.685165951581,6506.466523015535,直连,
T016,巡航,6506.466523015535,6526.247880079489,直连,
T016,巡航,6526.247880079489,6546.0292371434425,直连,
T016,巡航,6546.0292371434425,6565.810594207396,直连,
T016,巡航,6565.810594207396,6585.59195127135,直连,
T016,巡航,6585.59195127135,6605.373308335304,直连,
T016,巡航,6605.373308335304,6625.154665399257,中继,R006
T016,巡航,6625.154665399257,6644.936022463211,中继,R006
T016,巡航,6644.936022463211,6664.717379527165,中继,R006
T016,巡航,6664.717379527165,6684.498736591118,中继,R006
T016,巡航,6684.498736591118,6704.280093655071,中继,R007
T016,巡航,6704.280093655071,6724.061450719025,中继,R007
T016,巡航,6724.061450719025,6743.8428077829785,中继,R007
T016,巡航,6743.8428077829785,6763.624164846932,中继,R007
T016,巡航,6763.624164846932,6783.405521910886,中继,R007
T016,巡航,6783.405521910886,6803.18687897484,中继,R007
T016,巡航,6803.18687897484,6822.968236038793,中继,R007
T016,巡航,6822.968236038793,6842.749593102747,中继,R007
T016,巡航,6842.749593102747,6862.530950166701,中继,R007
T016,下降,6862.530950166701,6879.524866792677,中继,R007
T016,下降,6879.524866792677,6896.518783418654,中继,R007
T016,下降,6896.518783418654,6913.51270004463,中继,R007
T016,下降,6913.51270004463,6930.5066166706065,中继,R007
T016,下降,6930.5066166706065,6947.500533296583,中继,R007
T016,投送,6947.500533296583,6966.885148681199,中继,R007
T016,投送,6966.885148681199,6986.269764065814,中继,R007
T016,投送,6986.269764065814,7005.65437945043,中继,R007
T016,投送,7005.65437945043,7025.038994835045,中继,R007
T016,投送,7025.038994835045,7044.42361021966,中继,R007
T016,投送,7044.42361021966,7063.808225604276,中继,R007
T016,投送,7063.808225604276,7083.1928409888915,中继,R007
T016,投送,7083.1928409888915,7102.577456373507,中继,R007
T016,投送,7102.577456373507,7121.962071758122,中继,R007
T016,投送,7121.962071758122,7141.346687142737,中继,R007
T016,投送,7141.346687142737,7160.731302527352,中继,R007
T016,投送,7160.731302527352,7180.115917911968,中继,R007
T016,投送,7180.115917911968,7199.500533296583,中继,R007
T016,爬升,7199.500533296583,7216.49444992256,中继,R007
T016,爬升,7216.49444992256,7233.488366548537,中继,R007
T016,爬升,7233.488366548537,7250.482283174513,中继,R007
T016,爬升,7250.482283174513,7267.47619980049,中继,R007
T016,巡航,7267.47619980049,7287.257556864443,中继,R007
T016,巡航,7287.257556864443,7307.038913928397,中继,R007
T016,巡航,7307.038913928397,7326.820270992351,中继,R007
T016,巡航,7326.820270992351,7346.601628056304,中继,R007
T016,巡航,7346.601628056304,7366.382985120258,中继,R007
T016,巡航,7366.382985120258,7386.164342184212,中继,R007
T016,巡航,7386.164342184212,7405.945699248165,中继,R007
T016,巡航,7405.945699248165,7425.727056312118,中继,R007
T016,巡航,7425.727056312118,7445.508413376072,中继,R007
T016,巡航,7445.508413376072,7465.289770440026,中继,R006
T016,巡航,7465.289770440026,7485.071127503979,中继,R006
T016,巡航,7485.071127503979,7504.852484567933,中继,R006
T016,巡航,7504.852484567933,7524.633841631887,中继,R006
T016,巡航,7524.633841631887,7544.41519869584,直连,
T016,巡航,7544.41519869584,7564.196555759794,直连,
T016,巡航,7564.196555759794,7583.977912823748,直连,
T016,巡航,7583.977912823748,7603.7592698877015,直连,
T016,巡航,7603.7592698877015,7623.540626951655,直连,
T016,巡航,7623.540626951655,7643.321984015609,直连,
T016,巡航,7643.321984015609,7663.103341079563,直连,
T016,巡航,7663.103341079563,7682.884698143516,直连,
T016,巡航,7682.884698143516,7702.666055207469,直连,
T016,巡航,7702.666055207469,7722.447412271423,直连,
T016,巡航,7722.447412271423,7742.2287693353765,直连,
T016,巡航,7742.2287693353765,7762.01012639933,直连,
T016,巡航,7762.01012639933,7781.791483463284,直连,
T016,下降,7781.791483463284,7801.115709624695,直连,
T016,下降,7801.115709624695,7820.4399357861075,直连,
T016,下降,7820.4399357861075,7839.76416194752,直连,
T016,下降,7839.76416194752,7859.088388108931,直连,
T016,下降,7859.088388108931,7878.412614270343,直连,
T016,下降,7878.412614270343,7897.736840431755,直连,
T016,下降,7897.736840431755,7917.061066593167,直连,
T017,爬升,6248.0,6267.616746582031,直连,
T017,爬升,6267.616746582031,6287.233493164063,直连,
T017,爬升,6287.233493164063,6306.850239746094,直连,
T017,爬升,6306.850239746094,6326.466986328125,直连,
T017,爬升,6326.466986328125,6346.083732910156,直连,
T017,巡航,6346.083732910156,6366.032164141581,直连,
T017,巡航,6366.032164141581,6385.9805953730065,直连,
T017,巡航,6385.9805953730065,6405.929026604431,直连,
T017,巡航,6405.929026604431,6425.877457835856,直连,
T017,巡航,6425.877457835856,6445.8258890672805,直连,
T017,巡航,6445.8258890672805,6465.774320298706,直连,
T017,巡航,6465.774320298706,6485.722751530131,直连,
T017,巡航,6485.722751530131,6505.671182761555,直连,
T017,巡航,6505.671182761555,6525.619613992981,直连,
T017,巡航,6525.619613992981,6545.568045224405,直连,
T017,巡航,6545.568045224405,6565.51647645583,直连,
T017,巡航,6565.51647645583,6585.464907687255,直连,
T017,巡航,6585.464907687255,6605.41333891868,直连,
T017,巡航,6605.41333891868,6625.361770150104,中继,R006
T017,巡航,6625.361770150104,6645.31020138153,中继,R006
T017,巡航,6645.31020138153,6665.258632612955,中继,R006
T017,巡航,6665.258632612955,6685.207063844379,中继,R007
T017,巡航,6685.207063844379,6705.1554950758045,中继,R007
T017,巡航,6705.1554950758045,6725.103926307229,中继,R007
T017,巡航,6725.103926307229,6745.052357538654,中继,R007
T017,巡航,6745.052357538654,6765.000788770079,中继,R007
T017,巡航,6765.000788770079,6784.949220001504,中继,R007
T017,巡航,6784.949220001504,6804.897651232929,中继,R007
T017,巡航,6804.897651232929,6824.8460824643535,中继,R007
T017,巡航,6824.8460824643535,6844.794513695779,中继,R007
T017,巡航,6844.794513695779,6864.742944927203,中继,R007
T017,巡航,6864.742944927203,6884.691376158628,中继,R007
T017,下降,6884.691376158628,6901.69293153786,中继,R007
T017,下降,6901.69293153786,6918.694486917092,中继,R007
T017,下降,6918.694486917092,6935.696042296324,中继,R007
T017,投送,6935.696042296324,6955.080657680939,中继,R007
T017,投送,6955.080657680939,6974.465273065554,中继,R007
T017,投送,6974.465273065554,6993.84988845017,中继,R007
T017,投送,6993.84988845017,7013.234503834785,中继,R007
T017,投送,7013.234503834785,7032.619119219401,中继,R007
T017,投送,7032.619119219401,7052.003734604016,中继,R007
T017,投送,7052.003734604016,7071.3883499886315,中继,R007
T017,投送,7071.3883499886315,7090.772965373247,中继,R007
T017,投送,7090.772965373247,7110.157580757863,中继,R007
T017,投送,7110.157580757863,7129.542196142478,中继,R007
T017,投送,7129.542196142478,7148.926811527093,中继,R007
T017,投送,7148.926811527093,7168.311426911709,中继,R007
T017,投送,7168.311426911709,7187.696042296324,中继,R007
T017,爬升,7187.696042296324,7201.297286599709,中继,R007
T017,爬升,7201.297286599709,7214.898530903095,中继,R007
T017,爬升,7214.898530903095,7228.49977520648,中继,R007
T017,巡航,7228.49977520648,7248.448206437905,中继,R007
T017,巡航,7248.448206437905,7268.39663766933,中继,R007
T017,巡航,7268.39663766933,7288.345068900755,中继,R007
T017,巡航,7288.345068900755,7308.29350013218,中继,R007
T017,巡航,7308.29350013218,7328.241931363605,中继,R007
T017,巡航,7328.241931363605,7348.19036259503,中继,R007
T017,巡航,7348.19036259503,7368.138793826454,中继,R007
T017,巡航,7368.138793826454,7388.08722505788,中继,R007
T017,巡航,7388.08722505788,7408.035656289305,中继,R007
T017,巡航,7408.035656289305,7427.984087520729,中继,R007
T017,巡航,7427.984087520729,7447.932518752154,中继,R007
T017,巡航,7447.932518752154,7467.880949983579,中继,R006
T017,巡航,7467.880949983579,7487.829381215004,中继,R006
T017,巡航,7487.829381215004,7507.7778124464285,中继,R006
T017,巡航,7507.7778124464285,7527.726243677854,直连,
T017,巡航,7527.726243677854,7547.674674909278,直连,
T017,巡航,7547.674674909278,7567.623106140703,直连,
T017,巡航,7567.623106140703,7587.571537372129,直连,
T017,巡航,7587.571537372129,7607.519968603553,直连,
T017,巡航,7607.519968603553,7627.468399834978,直连,
T017,巡航,7627.468399834978,7647.416831066403,直连,
T017,巡航,7647.416831066403,7667.365262297828,直连,
T017,巡航,7667.365262297828,7687.313693529253,直连,
T017,巡航,7687.313693529253,7707.262124760678,直连,
T017,巡航,7707.262124760678,7727.210555992102,直连,
T017,巡航,7727.210555992102,7747.158987223527,直连,
T017,巡航,7747.158987223527,7767.1074184549525,直连,
T017,下降,7767.1074184549525,7784.622370760338,直连,
T017,下降,7784.622370760338,7802.137323065723,直连,
T017,下降,7802.137323065723,7819.652275371108,直连,
T017,下降,7819.652275371108,7837.167227676493,直连,
T017,下降,7837.167227676493,7854.682179981877,直连,
T017,下降,7854.682179981877,7872.197132287263,直连,
T017,下降,7872.197132287263,7889.712084592647,直连,
T018,爬升,6285.0,6301.559240722656,直连,
T018,爬升,6301.559240722656,6318.118481445313,直连,
T018,爬升,6318.118481445313,6334.677722167969,直连,
T018,爬升,6334.677722167969,6351.236962890625,直连,
T018,巡航,6351.236962890625,6370.794895073569,直连,
T018,巡航,6370.794895073569,6390.352827256513,直连,
T018,巡航,6390.352827256513,6409.910759439457,直连,
T018,巡航,6409.910759439457,6429.468691622401,直连,
T018,巡航,6429.468691622401,6449.026623805345,直连,
T018,巡航,6449.026623805345,6468.584555988288,直连,
T018,巡航,6468.584555988288,6488.142488171233,直连,
T018,巡航,6488.142488171233,6507.7004203541765,直连,
T018,巡航,6507.7004203541765,6527.25835253712,直连,
T018,巡航,6527.25835253712,6546.816284720064,直连,
T018,巡航,6546.816284720064,6566.374216903008,直连,
T018,巡航,6566.374216903008,6585.932149085952,直连,
T018,巡航,6585.932149085952,6605.490081268896,直连,
T018,巡航,6605.490081268896,6625.04801345184,中继,R006
T018,巡航,6625.04801345184,6644.605945634784,中继,R006
T018,巡航,6644.605945634784,6664.163877817728,中继,R006
T018,巡航,6664.163877817728,6683.721810000672,中继,R007
T018,巡航,6683.721810000672,6703.279742183616,中继,R007
T018,下降,6703.279742183616,6720.801194006533,中继,R007
T018,下降,6720.801194006533,6738.322645829449,中继,R007
T018,下降,6738.322645829449,6755.844097652365,中继,R007
T018,投送,6755.844097652365,6774.935006743275,中继,R007
T018,投送,6774.935006743275,6794.025915834184,中继,R007
T018,投送,6794.025915834184,6813.116824925093,中继,R007
T018,投送,6813.116824925093,6832.207734016002,中继,R007
T018,投送,6832.207734016002,6851.298643106911,中继,R007
T018,投送,6851.298643106911,6870.38955219782,中继,R007
T018,投送,6870.38955219782,6889.480461288729,中继,R007
T018,投送,6889.480461288729,6908.571370379638,中继,R007
T018,投送,6908.571370379638,6927.662279470547,中继,R007
T018,投送,6927.662279470547,6946.753188561456,中继,R007
T018,投送,6946.753188561456,6965.844097652365,中继,R007
T018,爬升,6965.844097652365,6980.445307504797,中继,R007
T018,爬升,6980.445307504797,6995.046517357227,中继,R007
T018,爬升,6995.046517357227,7009.647727209657,中继,R007
T018,巡航,7009.647727209657,7029.205659392601,中继,R007
T018,巡航,7029.205659392601,7048.763591575545,中继,R007
T018,巡航,7048.763591575545,7068.321523758489,中继,R006
T018,巡航,7068.321523758489,7087.879455941433,中继,R006
T018,巡航,7087.879455941433,7107.437388124377,中继,R006
T018,巡航,7107.437388124377,7126.995320307321,直连,
T018,巡航,7126.995320307321,7146.553252490265,直连,
T018,巡航,7146.553252490265,7166.111184673209,直连,
T018,巡航,7166.111184673209,7185.669116856153,直连,
T018,巡航,7185.669116856153,7205.2270490390965,直连,
T018,巡航,7205.2270490390965,7224.784981222041,直连,
T018,巡航,7224.784981222041,7244.342913404985,直连,
T018,巡航,7244.342913404985,7263.900845587928,直连,
T018,巡航,7263.900845587928,7283.458777770873,直连,
T018,巡航,7283.458777770873,7303.016709953816,直连,
T018,巡航,7303.016709953816,7322.57464213676,直连,
T018,巡航,7322.57464213676,7342.132574319704,直连,
T018,巡航,7342.132574319704,7361.690506502648,直连,
T018,下降,7361.690506502648,7381.561595369836,直连,
T018,下降,7381.561595369836,7401.432684237023,直连,
T018,下降,7401.432684237023,7421.30377310421,直连,
T018,下降,7421.30377310421,7441.174861971398,直连,
T019,爬升,8690.0,8709.61674658203,直连,
T019,爬升,8709.61674658203,8729.233493164062,直连,
T019,爬升,8729.233493164062,8748.850239746094,直连,
T019,爬升,8748.850239746094,8768.466986328125,直连,
T019,爬升,8768.466986328125,8788.083732910156,直连,
T019,巡航,8788.083732910156,8808.032164141581,直连,
T019,巡航,8808.032164141581,8827.980595373007,直连,
T019,巡航,8827.980595373007,8847.929026604432,直连,
T019,巡航,8847.929026604432,8867.877457835855,直连,
T019,巡航,8867.877457835855,8887.82588906728,直连,
T019,巡航,8887.82588906728,8907.774320298706,直连,
T019,巡航,8907.774320298706,8927.722751530131,直连,
T019,巡航,8927.722751530131,8947.671182761556,直连,
T019,巡航,8947.671182761556,8967.61961399298,直连,
T019,巡航,8967.61961399298,8987.568045224405,直连,
T019,巡航,8987.568045224405,9007.51647645583,直连,
T019,巡航,9007.51647645583,9027.464907687256,直连,
T019,巡航,9027.464907687256,9047.413338918679,直连,
T019,巡航,9047.413338918679,9067.361770150104,中继,R009
T019,巡航,9067.361770150104,9087.31020138153,中继,R009
T019,巡航,9087.31020138153,9107.258632612955,中继,R009
T019,巡航,9107.258632612955,9127.20706384438,中继,R008
T019,巡航,9127.20706384438,9147.155495075804,中继,R008
T019,巡航,9147.155495075804,9167.103926307229,中继,R008
T019,巡航,9167.103926307229,9187.052357538654,中继,R008
T019,巡航,9187.052357538654,9207.00078877008,中继,R008
T019,巡航,9207.00078877008,9226.949220001505,中继,R008
T019,巡航,9226.949220001505,9246.897651232928,中继,R008
T019,巡航,9246.897651232928,9266.846082464353,中继,R008
T019,巡航,9266.846082464353,9286.794513695779,中继,R008
T019,巡航,9286.794513695779,9306.742944927204,中继,R008
T019,巡航,9306.742944927204,9326.69137615863,中继,R008
T019,下降,9326.69137615863,9343.69293153786,中继,R008
T019,下降,9343.69293153786,9360.694486917091,中继,R008
T019,下降,9360.694486917091,9377.696042296324,中继,R008
T019,投送,9377.696042296324,9396.896042296325,中继,R008
T019,投送,9396.896042296325,9416.096042296324,中继,R008
T019,投送,9416.096042296324,9435.296042296324,中继,R008
T019,投送,9435.296042296324,9454.496042296323,中继,R008
T019,投送,9454.496042296323,9473.696042296324,中继,R008
T019,投送,9473.696042296324,9492.896042296325,中继,R008
T019,投送,9492.896042296325,9512.096042296324,中继,R008
T019,投送,9512.096042296324,9531.296042296324,中继,R008
T019,投送,9531.296042296324,9550.496042296323,中继,R008
T019,投送,9550.496042296323,9569.696042296324,中继,R008
T019,投送,9569.696042296324,9588.896042296325,中继,R008
T019,投送,9588.896042296325,9608.096042296324,中继,R008
T019,投送,9608.096042296324,9627.296042296324,中继,R008
T019,投送,9627.296042296324,9646.496042296323,中继,R008
T019,投送,9646.496042296323,9665.696042296324,中继,R008
T019,爬升,9665.696042296324,9679.297286599709,中继,R008
T019,爬升,9679.297286599709,9692.898530903094,中继,R008
T019,爬升,9692.898530903094,9706.499775206481,中继,R008
T019,巡航,9706.499775206481,9726.448206437904,中继,R008
T019,巡航,9726.448206437904,9746.39663766933,中继,R008
T019,巡航,9746.39663766933,9766.345068900755,中继,R008
T019,巡航,9766.345068900755,9786.29350013218,中继,R008
T019,巡航,9786.29350013218,9806.241931363606,中继,R008
T019,巡航,9806.241931363606,9826.190362595029,中继,R008
T019,巡航,9826.190362595029,9846.138793826454,中继,R008
T019,巡航,9846.138793826454,9866.08722505788,中继,R008
T019,巡航,9866.08722505788,9886.035656289305,中继,R008
T019,巡航,9886.035656289305,9905.98408752073,中继,R008
T019,巡航,9905.98408752073,9925.932518752154,中继,R008
T019,巡航,9925.932518752154,9945.880949983579,中继,R009
T019,巡航,9945.880949983579,9965.829381215004,中继,R009
T019,巡航,9965.829381215004,9985.77781244643,中继,R009
T019,巡航,9985.77781244643,10005.726243677855,直连,
T019,巡航,10005.726243677855,10025.674674909278,直连,
T019,巡航,10025.674674909278,10045.623106140703,直连,
T019,巡航,10045.623106140703,10065.571537372129,直连,
T019,巡航,10065.571537372129,10085.519968603554,直连,
T019,巡航,10085.519968603554,10105.468399834977,直连,
T019,巡航,10105.468399834977,10125.416831066403,直连,
T019,巡航,10125.416831066403,10145.365262297828,直连,
T019,巡航,10145.365262297828,10165.313693529253,直连,
T019,巡航,10165.313693529253,10185.262124760677,直连,
T019,巡航,10185.262124760677,10205.210555992102,直连,
T019,巡航,10205.210555992102,10225.158987223527,直连,
T019,巡航,10225.158987223527,10245.107418454952,直连,
T019,下降,10245.107418454952,10262.622370760337,直连,
T019,下降,10262.622370760337,10280.137323065723,直连,
T019,下降,10280.137323065723,10297.652275371107,直连,
T019,下降,10297.652275371107,10315.167227676493,直连,
T019,下降,10315.167227676493,10332.682179981877,直连,
T019,下降,10332.682179981877,10350.197132287263,直连,
T019,下降,10350.197132287263,10367.712084592647,直连,
T020,爬升,11061.0,11079.035944417317,直连,
T020,爬升,11079.035944417317,11097.071888834635,直连,
T020,爬升,11097.071888834635,11115.107833251954,直连,
T020,爬升,11115.107833251954,11133.143777669271,直连,
T020,爬升,11133.143777669271,11151.179722086588,直连,
T020,爬升,11151.179722086588,11169.215666503906,直连,
T020,巡航,11169.215666503906,11188.99702356786,直连,
T020,巡航,11188.99702356786,11208.778380631813,直连,
T020,巡航,11208.778380631813,11228.559737695767,直连,
T020,巡航,11228.559737695767,11248.34109475972,直连,
T020,巡航,11248.34109475972,11268.122451823674,直连,
T020,巡航,11268.122451823674,11287.903808887628,直连,
T020,巡航,11287.903808887628,11307.685165951581,直连,
T020,巡航,11307.685165951581,11327.466523015535,直连,
T020,巡航,11327.466523015535,11347.247880079489,直连,
T020,巡航,11347.247880079489,11367.029237143443,直连,
T020,巡航,11367.029237143443,11386.810594207396,直连,
T020,巡航,11386.810594207396,11406.59195127135,直连,
T020,巡航,11406.59195127135,11426.373308335304,直连,
T020,巡航,11426.373308335304,11446.154665399257,中继,R009
T020,巡航,11446.154665399257,11465.936022463211,中继,R009
T020,巡航,11465.936022463211,11485.717379527165,中继,R010
T020,巡航,11485.717379527165,11505.498736591118,中继,R010
T020,巡航,11505.498736591118,11525.280093655072,中继,R010
T020,巡航,11525.280093655072,11545.061450719026,中继,R010
T020,巡航,11545.061450719026,11564.842807782978,中继,R010
T020,巡航,11564.842807782978,11584.624164846933,中继,R010
T020,巡航,11584.624164846933,11604.405521910885,中继,R010
T020,巡航,11604.405521910885,11624.186878974839,中继,R010
T020,巡航,11624.186878974839,11643.968236038792,中继,R010
T020,巡航,11643.968236038792,11663.749593102746,中继,R010
T020,巡航,11663.749593102746,11683.5309501667,中继,R010
T020,下降,11683.5309501667,11700.524866792677,中继,R010
T020,下降,11700.524866792677,11717.518783418654,中继,R010
T020,下降,11717.518783418654,11734.51270004463,中继,R010
T020,下降,11734.51270004463,11751.506616670607,中继,R010
T020,下降,11751.506616670607,11768.500533296583,中继,R010
T020,投送,11768.500533296583,11787.559356825996,中继,R010
T020,投送,11787.559356825996,11806.618180355406,中继,R010
T020,投送,11806.618180355406,11825.677003884819,中继,R010
T020,投送,11825.677003884819,11844.73582741423,中继,R010
T020,投送,11844.73582741423,11863.794650943642,中继,R010
T020,投送,11863.794650943642,11882.853474473053,中继,R010
T020,投送,11882.853474473053,11901.912298002466,中继,R010
T020,投送,11901.912298002466,11920.971121531878,中继,R010
T020,投送,11920.971121531878,11940.02994506129,中继,R010
T020,投送,11940.02994506129,11959.0887685907,中继,R010
T020,投送,11959.0887685907,11978.147592120113,中继,R010
T020,投送,11978.147592120113,11997.206415649525,中继,R010
T020,投送,11997.206415649525,12016.265239178936,中继,R010
T020,投送,12016.265239178936,12035.324062708349,中继,R010
T020,投送,12035.324062708349,12054.38288623776,中继,R010
T020,投送,12054.38288623776,12073.441709767172,中继,R010
T020,投送,12073.441709767172,12092.500533296583,中继,R010
T020,爬升,12092.500533296583,12109.49444992256,中继,R010
T020,爬升,12109.49444992256,12126.488366548536,中继,R010
T020,爬升,12126.488366548536,12143.482283174513,中继,R010
T020,爬升,12143.482283174513,12160.47619980049,中继,R010
T020,巡航,12160.47619980049,12180.257556864444,中继,R010
T020,巡航,12180.257556864444,12200.038913928398,中继,R010
T020,巡航,12200.038913928398,12219.82027099235,中继,R010
T020,巡航,12219.82027099235,12239.601628056305,中继,R010
T020,巡航,12239.601628056305,12259.382985120257,中继,R010
T020,巡航,12259.382985120257,12279.16434218421,中继,R010
T020,巡航,12279.16434218421,12298.945699248165,中继,R010
T020,巡航,12298.945699248165,12318.727056312118,中继,R010
T020,巡航,12318.727056312118,12338.508413376072,中继,R010
T020,巡航,12338.508413376072,12358.289770440026,中继,R009
T020,巡航,12358.289770440026,12378.07112750398,中继,R009
T020,巡航,12378.07112750398,12397.852484567933,中继,R009
T020,巡航,12397.852484567933,12417.633841631887,中继,R009
T020,巡航,12417.633841631887,12437.41519869584,直连,
T020,巡航,12437.41519869584,12457.196555759794,直连,
T020,巡航,12457.196555759794,12476.977912823748,直连,
T020,巡航,12476.977912823748,12496.759269887702,直连,
T020,巡航,12496.759269887702,12516.540626951655,直连,
T020,巡航,12516.540626951655,12536.321984015609,直连,
T020,巡航,12536.321984015609,12556.103341079563,直连,
T020,巡航,12556.103341079563,12575.884698143516,直连,
T020,巡航,12575.884698143516,12595.66605520747,直连,
T020,巡航,12595.66605520747,12615.447412271424,直连,
T020,巡航,12615.447412271424,12635.228769335377,直连,
T020,巡航,12635.228769335377,12655.010126399331,直连,
T020,巡航,12655.010126399331,12674.791483463283,直连,
T020,下降,12674.791483463283,12694.115709624695,直连,
T020,下降,12694.115709624695,12713.439935786108,直连,
T020,下降,12713.439935786108,12732.76416194752,直连,
T020,下降,12732.76416194752,12752.088388108932,直连,
T020,下降,12752.088388108932,12771.412614270343,直连,
T020,下降,12771.412614270343,12790.736840431755,直连,
T020,下降,12790.736840431755,12810.061066593167,直连,
T021,爬升,13145.0,13163.125425415039,直连,
T021,爬升,13163.125425415039,13181.250850830078,直连,
T021,爬升,13181.250850830078,13199.376276245117,直连,
T021,爬升,13199.376276245117,13217.501701660156,直连,
T021,巡航,13217.501701660156,13237.265188883523,直连,
T021,巡航,13237.265188883523,13257.02867610689,直连,
T021,巡航,13257.02867610689,13276.792163330254,直连,
T021,巡航,13276.792163330254,13296.55565055362,直连,
T021,巡航,13296.55565055362,13316.319137776987,直连,
T021,巡航,13316.319137776987,13336.082625000352,直连,
T021,巡航,13336.082625000352,13355.846112223719,直连,
T021,巡航,13355.846112223719,13375.609599447085,直连,
T021,巡航,13375.609599447085,13395.37308667045,直连,
T021,巡航,13395.37308667045,13415.136573893817,直连,
T021,巡航,13415.136573893817,13434.900061117183,直连,
T021,巡航,13434.900061117183,13454.663548340548,直连,
T021,巡航,13454.663548340548,13474.427035563915,直连,
T021,巡航,13474.427035563915,13494.190522787281,中继,R009
T021,巡航,13494.190522787281,13513.954010010648,中继,R009
T021,巡航,13513.954010010648,13533.717497234013,中继,R010
T021,巡航,13533.717497234013,13553.48098445738,中继,R010
T021,巡航,13553.48098445738,13573.244471680746,中继,R010
T021,巡航,13573.244471680746,13593.00795890411,中继,R010
T021,巡航,13593.00795890411,13612.771446127477,中继,R010
T021,巡航,13612.771446127477,13632.534933350844,中继,R010
T021,巡航,13632.534933350844,13652.298420574209,中继,R010
T021,巡航,13652.298420574209,13672.061907797575,中继,R010
T021,巡航,13672.061907797575,13691.825395020942,中继,R010
T021,巡航,13691.825395020942,13711.588882244308,中继,R010
T021,下降,13711.588882244308,13726.497924602707,中继,R010
T021,下降,13726.497924602707,13741.406966961105,中继,R010
T021,下降,13741.406966961105,13756.316009319504,中继,R010
T021,投送,13756.316009319504,13776.116009319503,中继,R010
T021,投送,13776.116009319503,13795.916009319502,中继,R010
T021,投送,13795.916009319502,13815.716009319503,中继,R010
T021,投送,13815.716009319503,13835.516009319503,中继,R010
T021,投送,13835.516009319503,13855.316009319504,中继,R010
T021,投送,13855.316009319504,13875.116009319503,中继,R010
T021,投送,13875.116009319503,13894.916009319502,中继,R010
T021,投送,13894.916009319502,13914.716009319503,中继,R010
T021,投送,13914.716009319503,13934.516009319503,中继,R010
T021,投送,13934.516009319503,13954.316009319504,中继,R010
T021,投送,13954.316009319504,13974.116009319503,中继,R010
T021,投送,13974.116009319503,13993.916009319502,中继,R010
T021,投送,13993.916009319502,14013.716009319503,中继,R010
T021,投送,14013.716009319503,14033.516009319503,中继,R010
T021,投送,14033.516009319503,14053.316009319504,中继,R010
T021,投送,14053.316009319504,14073.116009319503,中继,R010
T021,投送,14073.116009319503,14092.916009319502,中继,R010
T021,投送,14092.916009319502,14112.716009319503,中继,R010
T021,投送,14112.716009319503,14132.516009319503,中继,R010
T021,投送,14132.516009319503,14152.316009319504,中继,R010
T021,爬升,14152.316009319504,14170.206860149581,中继,R010
T021,爬升,14170.206860149581,14188.097710979659,中继,R010
T021,巡航,14188.097710979659,14207.861198203025,中继,R010
T021,巡航,14207.861198203025,14227.624685426392,中继,R010
T021,巡航,14227.624685426392,14247.388172649757,中继,R010
T021,巡航,14247.388172649757,14267.151659873123,中继,R010
T021,巡航,14267.151659873123,14286.91514709649,中继,R010
T021,巡航,14286.91514709649,14306.678634319855,中继,R010
T021,巡航,14306.678634319855,14326.442121543221,中继,R010
T021,巡航,14326.442121543221,14346.205608766588,中继,R010
T021,巡航,14346.205608766588,14365.969095989953,中继,R010
T021,巡航,14365.969095989953,14385.73258321332,中继,R010
T021,巡航,14385.73258321332,14405.496070436686,中继,R009
T021,巡航,14405.496070436686,14425.259557660052,中继,R009
T021,巡航,14425.259557660052,14445.023044883417,直连,
T021,巡航,14445.023044883417,14464.786532106784,直连,
T021,巡航,14464.786532106784,14484.55001933015,直连,
T021,巡航,14484.55001933015,14504.313506553515,直连,
T021,巡航,14504.313506553515,14524.076993776882,直连,
T021,巡航,14524.076993776882,14543.840481000248,直连,
T021,巡航,14543.840481000248,14563.603968223615,直连,
T021,巡航,14563.603968223615,14583.36745544698,直连,
T021,巡航,14583.36745544698,14603.130942670346,直连,
T021,巡航,14603.130942670346,14622.894429893713,直连,
T021,巡航,14622.894429893713,14642.657917117078,直连,
T021,巡航,14642.657917117078,14662.421404340444,直连,
T021,巡航,14662.421404340444,14682.184891563811,直连,
T021,下降,14682.184891563811,14700.31031697885,直连,
T021,下降,14700.31031697885,14718.435742393889,直连,
T021,下降,14718.435742393889,14736.561167808928,直连,
T021,下降,14736.561167808928,14754.686593223967,直连,
T021,下降,14754.686593223967,14772.812018639006,直连,
T022,爬升,13141.0,13157.76617553711,直连,
T022,爬升,13157.76617553711,13174.532351074218,直连,
T022,爬升,13174.532351074218,13191.298526611328,直连,
T022,爬升,13191.298526611328,13208.064702148438,直连,
T022,巡航,13208.064702148438,13226.785355926813,直连,
T022,巡航,13226.785355926813,13245.50600970519,直连,
T022,巡航,13245.50600970519,13264.226663483567,直连,
T022,巡航,13264.226663483567,13282.947317261942,直连,
T022,巡航,13282.947317261942,13301.667971040319,直连,
T022,巡航,13301.667971040319,13320.388624818695,直连,
T022,巡航,13320.388624818695,13339.109278597072,直连,
T022,巡航,13339.109278597072,13357.829932375447,直连,
T022,巡航,13357.829932375447,13376.550586153824,直连,
T022,巡航,13376.550586153824,13395.2712399322,直连,
T022,下降,13395.2712399322,13409.148199160716,直连,
T022,下降,13409.148199160716,13423.025158389231,直连,
T022,下降,13423.025158389231,13436.902117617747,直连,
T022,投送,13436.902117617747,13456.53848125411,直连,
T022,投送,13456.53848125411,13476.174844890475,直连,
T022,投送,13476.174844890475,13495.811208526839,直连,
T022,投送,13495.811208526839,13515.4475721632,直连,
T022,投送,13515.4475721632,13535.083935799565,直连,
T022,投送,13535.083935799565,13554.720299435929,直连,
T022,投送,13554.720299435929,13574.356663072293,直连,
T022,投送,13574.356663072293,13593.993026708657,直连,
T022,投送,13593.993026708657,13613.62939034502,直连,
T022,投送,13613.62939034502,13633.265753981383,直连,
T022,投送,13633.265753981383,13652.902117617747,直连,
T022,爬升,13652.902117617747,13669.554468691966,直连,
T022,爬升,13669.554468691966,13686.206819766185,直连,
T022,巡航,13686.206819766185,13704.927473544562,直连,
T022,巡航,13704.927473544562,13723.648127322936,直连,
T022,巡航,13723.648127322936,13742.368781101313,直连,
T022,巡航,13742.368781101313,13761.08943487969,直连,
T022,巡航,13761.08943487969,13779.810088658065,直连,
T022,巡航,13779.810088658065,13798.530742436442,直连,
T022,巡航,13798.530742436442,13817.251396214819,直连,
T022,巡航,13817.251396214819,13835.972049993195,直连,
T022,巡航,13835.972049993195,13854.69270377157,直连,
T022,巡航,13854.69270377157,13873.413357549947,直连,
T022,下降,13873.413357549947,13890.179533087057,直连,
T022,下降,13890.179533087057,13906.945708624165,直连,
T022,下降,13906.945708624165,13923.711884161276,直连,
T022,下降,13923.711884161276,13940.478059698386,直连,
T022,下降,13940.478059698386,13957.244235235494,直连,
T023,爬升,15703.0,15722.071827148438,直连,
T023,爬升,15722.071827148438,15741.143654296875,直连,
T023,爬升,15741.143654296875,15760.215481445313,直连,
T023,爬升,15760.215481445313,15779.28730859375,直连,
T023,爬升,15779.28730859375,15798.359135742188,直连,
T023,巡航,15798.359135742188,15817.669745519484,直连,
T023,巡航,15817.669745519484,15836.98035529678,直连,
T023,巡航,15836.98035529678,15856.290965074077,直连,
T023,巡航,15856.290965074077,15875.601574851373,直连,
T023,巡航,15875.601574851373,15894.91218462867,直连,
T023,巡航,15894.91218462867,15914.222794405967,直连,
T023,巡航,15914.222794405967,15933.533404183263,直连,
T023,巡航,15933.533404183263,15952.84401396056,直连,
T023,巡航,15952.84401396056,15972.154623737855,直连,
T023,巡航,15972.154623737855,15991.465233515153,直连,
T023,巡航,15991.465233515153,16010.77584329245,直连,
T023,下降,16010.77584329245,16023.600303131316,直连,
T023,下降,16023.600303131316,16036.424762970184,直连,
T023,投送,16036.424762970184,16055.483586499595,直连,
T023,投送,16055.483586499595,16074.542410029007,直连,
T023,投送,16074.542410029007,16093.601233558418,直连,
T023,投送,16093.601233558418,16112.66005708783,直连,
T023,投送,16112.66005708783,16131.718880617242,直连,
T023,投送,16131.718880617242,16150.777704146654,直连,
T023,投送,16150.777704146654,16169.836527676065,直连,
T023,投送,16169.836527676065,16188.895351205478,直连,
T023,投送,16188.895351205478,16207.954174734889,直连,
T023,投送,16207.954174734889,16227.012998264301,直连,
T023,投送,16227.012998264301,16246.071821793712,直连,
T023,投送,16246.071821793712,16265.130645323125,直连,
T023,投送,16265.130645323125,16284.189468852535,直连,
T023,投送,16284.189468852535,16303.248292381948,直连,
T023,投送,16303.248292381948,16322.30711591136,直连,
T023,投送,16322.30711591136,16341.365939440771,直连,
T023,投送,16341.365939440771,16360.424762970184,直连,
T023,爬升,16360.424762970184,16370.684330841277,直连,
T023,爬升,16370.684330841277,16380.94389871237,直连,
T023,巡航,16380.94389871237,16400.254508489666,直连,
T023,巡航,16400.254508489666,16419.565118266964,直连,
T023,巡航,16419.565118266964,16438.87572804426,直连,
T023,巡航,16438.87572804426,16458.186337821557,直连,
T023,巡航,16458.186337821557,16477.496947598855,直连,
T023,巡航,16477.496947598855,16496.80755737615,直连,
T023,巡航,16496.80755737615,16516.118167153447,直连,
T023,巡航,16516.118167153447,16535.42877693074,直连,
T023,巡航,16535.42877693074,16554.73938670804,直连,
T023,巡航,16554.73938670804,16574.049996485337,直连,
T023,巡航,16574.049996485337,16593.36060626263,直连,
T023,下降,16593.36060626263,16613.22709287559,直连,
T023,下降,16613.22709287559,16633.093579488544,直连,
T023,下降,16633.093579488544,16652.9600661015,直连,
T023,下降,16652.9600661015,16672.826552714454,直连,
T023,下降,16672.826552714454,16692.693039327412,直连,
T023,下降,16692.693039327412,16712.559525940367,直连,
T024,爬升,15796.0,15814.098788248697,直连,
T024,爬升,15814.098788248697,15832.197576497396,直连,
T024,爬升,15832.197576497396,15850.296364746093,直连,
T024,爬升,15850.296364746093,15868.395152994792,直连,
T024,爬升,15868.395152994792,15886.49394124349,直连,
T024,爬升,15886.49394124349,15904.592729492188,直连,
T024,巡航,15904.592729492188,15923.609306124194,直连,
T024,巡航,15923.609306124194,15942.6258827562,直连,
T024,巡航,15942.6258827562,15961.642459388206,直连,
T024,巡航,15961.642459388206,15980.659036020212,直连,
T024,巡航,15980.659036020212,15999.675612652216,直连,
T024,巡航,15999.675612652216,16018.692189284222,直连,
T024,巡航,16018.692189284222,16037.708765916228,直连,
T024,巡航,16037.708765916228,16056.725342548234,直连,
T024,巡航,16056.725342548234,16075.74191918024,直连,
T024,巡航,16075.74191918024,16094.758495812246,直连,
T024,巡航,16094.758495812246,16113.775072444252,直连,
T024,巡航,16113.775072444252,16132.791649076258,直连,
T024,巡航,16132.791649076258,16151.808225708264,直连,
T024,巡航,16151.808225708264,16170.82480234027,中继,R011
T024,巡航,16170.82480234027,16189.841378972274,中继,R011
T024,巡航,16189.841378972274,16208.85795560428,中继,R011
T024,巡航,16208.85795560428,16227.874532236287,中继,R011
T024,下降,16227.874532236287,16239.744988168904,中继,R011
T024,下降,16239.744988168904,16251.61544410152,中继,R011
T024,投送,16251.61544410152,16271.251807737885,中继,R011
T024,投送,16271.251807737885,16290.888171374248,中继,R011
T024,投送,16290.888171374248,16310.524535010612,中继,R011
T024,投送,16310.524535010612,16330.160898646976,中继,R011
T024,投送,16330.160898646976,16349.79726228334,中继,R011
T024,投送,16349.79726228334,16369.433625919703,中继,R011
T024,投送,16369.433625919703,16389.06998955607,中继,R011
T024,投送,16389.06998955607,16408.70635319243,中继,R011
T024,投送,16408.70635319243,16428.342716828793,中继,R011
T024,投送,16428.342716828793,16447.979080465157,中继,R011
T024,投送,16447.979080465157,16467.61544410152,中继,R011
T024,爬升,16467.61544410152,16486.608173593708,中继,R011
T024,巡航,16486.608173593708,16505.624750225714,中继,R011
T024,巡航,16505.624750225714,16524.64132685772,中继,R011
T024,巡航,16524.64132685772,16543.657903489726,中继,R011
T024,巡航,16543.657903489726,16562.674480121732,中继,R011
T024,巡航,16562.674480121732,16581.691056753738,直连,
T024,巡航,16581.691056753738,16600.707633385744,直连,
T024,巡航,16600.707633385744,16619.72421001775,直连,
T024,巡航,16619.72421001775,16638.740786649756,直连,
T024,巡航,16638.740786649756,16657.757363281762,直连,
T024,巡航,16657.757363281762,16676.773939913768,直连,
T024,巡航,16676.773939913768,16695.790516545774,直连,
T024,巡航,16695.790516545774,16714.80709317778,直连,
T024,巡航,16714.80709317778,16733.823669809786,直连,
T024,巡航,16733.823669809786,16752.84024644179,直连,
T024,巡航,16752.84024644179,16771.856823073795,直连,
T024,巡航,16771.856823073795,16790.8733997058,直连,
T024,巡航,16790.8733997058,16809.889976337807,直连,
T024,下降,16809.889976337807,16829.281535175698,直连,
T024,下降,16829.281535175698,16848.67309401359,直连,
T024,下降,16848.67309401359,16868.06465285148,直连,
T024,下降,16868.06465285148,16887.456211689372,直连,
T024,下降,16887.456211689372,16906.84777052726,直连,
T024,下降,16906.84777052726,16926.23932936515,直连,
T024,下降,16926.23932936515,16945.630888203043,直连,
T025,爬升,17133.0,17152.87108886719,直连,
T025,爬升,17152.87108886719,17172.742177734373,直连,
T025,爬升,17172.742177734373,17192.613266601562,直连,
T025,爬升,17192.613266601562,17212.48435546875,直连,
T025,巡航,17212.48435546875,17232.042287651693,直连,
T025,巡航,17232.042287651693,17251.60021983464,直连,
T025,巡航,17251.60021983464,17271.158152017582,直连,
T025,巡航,17271.158152017582,17290.716084200525,直连,
T025,巡航,17290.716084200525,17310.274016383468,直连,
T025,巡航,17310.274016383468,17329.831948566414,直连,
T025,巡航,17329.831948566414,17349.389880749357,直连,
T025,巡航,17349.389880749357,17368.9478129323,直连,
T025,巡航,17368.9478129323,17388.505745115246,直连,
T025,巡航,17388.505745115246,17408.06367729819,直连,
T025,巡航,17408.06367729819,17427.62160948113,直连,
T025,巡航,17427.62160948113,17447.179541664078,直连,
T025,巡航,17447.179541664078,17466.73747384702,直连,
T025,巡航,17466.73747384702,17486.295406029963,中继,R012
T025,巡航,17486.295406029963,17505.85333821291,中继,R012
T025,巡航,17505.85333821291,17525.411270395853,中继,R012
T025,巡航,17525.411270395853,17544.969202578795,中继,R012
T025,巡航,17544.969202578795,17564.52713476174,中继,R012
T025,下降,17564.52713476174,17580.953495845726,中继,R012
T025,下降,17580.953495845726,17597.37985692971,中继,R012
T025,下降,17597.37985692971,17613.806218013695,中继,R012
T025,下降,17613.806218013695,17630.23257909768,中继,R012
T025,投送,17630.23257909768,17649.29140262709,中继,R012
T025,投送,17649.29140262709,17668.3502261565,中继,R012
T025,投送,17668.3502261565,17687.409049685913,中继,R012
T025,投送,17687.409049685913,17706.467873215326,中继,R012
T025,投送,17706.467873215326,17725.52669674474,中继,R012
T025,投送,17725.52669674474,17744.585520274148,中继,R012
T025,投送,17744.585520274148,17763.64434380356,中继,R012
T025,投送,17763.64434380356,17782.703167332973,中继,R012
T025,投送,17782.703167332973,17801.761990862386,中继,R012
T025,投送,17801.761990862386,17820.820814391795,中继,R012
T025,投送,17820.820814391795,17839.879637921207,中继,R012
T025,投送,17839.879637921207,17858.93846145062,中继,R012
T025,投送,17858.93846145062,17877.997284980032,中继,R012
T025,投送,17877.997284980032,17897.05610850944,中继,R012
T025,投送,17897.05610850944,17916.114932038854,中继,R012
T025,投送,17916.114932038854,17935.173755568267,中继,R012
T025,投送,17935.173755568267,17954.23257909768,中继,R012
T025,爬升,17954.23257909768,17971.754030920594,中继,R012
T025,爬升,17971.754030920594,17989.275482743513,中继,R012
T025,爬升,17989.275482743513,18006.796934566428,中继,R012
T025,巡航,18006.796934566428,18026.35486674937,中继,R012
T025,巡航,18026.35486674937,18045.912798932317,中继,R012
T025,巡航,18045.912798932317,18065.47073111526,中继,R012
T025,巡航,18065.47073111526,18085.028663298202,中继,R012
T025,巡航,18085.028663298202,18104.58659548115,中继,R012
T025,巡航,18104.58659548115,18124.14452766409,直连,
T025,巡航,18124.14452766409,18143.702459847034,直连,
T025,巡航,18143.702459847034,18163.26039202998,直连,
T025,巡航,18163.26039202998,18182.818324212923,直连,
T025,巡航,18182.818324212923,18202.376256395866,直连,
T025,巡航,18202.376256395866,18221.934188578813,直连,
T025,巡航,18221.934188578813,18241.492120761755,直连,
T025,巡航,18241.492120761755,18261.050052944698,直连,
T025,巡航,18261.050052944698,18280.607985127644,直连,
T025,巡航,18280.607985127644,18300.165917310587,直连,
T025,巡航,18300.165917310587,18319.72384949353,直连,
T025,巡航,18319.72384949353,18339.281781676476,直连,
T025,巡航,18339.281781676476,18358.83971385942,直连,
T025,下降,18358.83971385942,18378.710802726608,直连,
T025,下降,18378.710802726608,18398.581891593793,直连,
T025,下降,18398.581891593793,18418.45298046098,直连,
T025,下降,18418.45298046098,18438.32406932817,直连,
T025,下降,18438.32406932817,18458.195158195354,直连,
T026,爬升,17539.0,17558.04006632487,直连,
T026,爬升,17558.04006632487,17577.08013264974,直连,
T026,爬升,17577.08013264974,17596.120198974608,直连,
T026,爬升,17596.120198974608,17615.16026529948,直连,
T026,爬升,17615.16026529948,17634.20033162435,直连,
T026,巡航,17634.20033162435,17654.067127931256,直连,
T026,巡航,17654.067127931256,17673.933924238165,直连,
T026,巡航,17673.933924238165,17693.80072054507,直连,
T026,巡航,17693.80072054507,17713.667516851976,直连,
T026,巡航,17713.667516851976,17733.534313158885,直连,
T026,巡航,17733.534313158885,17753.40110946579,直连,
T026,巡航,17753.40110946579,17773.2679057727,直连,
T026,巡航,17773.2679057727,17793.134702079606,直连,
T026,巡航,17793.134702079606,17813.00149838651,直连,
T026,巡航,17813.00149838651,17832.86829469342,直连,
T026,巡航,17832.86829469342,17852.735091000326,直连,
T026,巡航,17852.735091000326,17872.601887307235,直连,
T026,巡航,17872.601887307235,17892.46868361414,直连,
T026,巡航,17892.46868361414,17912.33547992105,直连,
T026,巡航,17912.33547992105,17932.202276227956,直连,
T026,巡航,17932.202276227956,17952.06907253486,直连,
T026,巡航,17952.06907253486,17971.93586884177,中继,R013
T026,巡航,17971.93586884177,17991.802665148676,中继,R013
T026,巡航,17991.802665148676,18011.669461455585,中继,R013
T026,巡航,18011.669461455585,18031.53625776249,中继,R013
T026,巡航,18031.53625776249,18051.403054069397,中继,R013
T026,巡航,18051.403054069397,18071.269850376306,中继,R013
T026,巡航,18071.269850376306,18091.13664668321,中继,R013
T026,巡航,18091.13664668321,18111.00344299012,中继,R013
T026,巡航,18111.00344299012,18130.870239297026,中继,R013
T026,巡航,18130.870239297026,18150.737035603932,中继,R013
T026,巡航,18150.737035603932,18170.60383191084,中继,R013
T026,巡航,18170.60383191084,18190.470628217747,中继,R013
T026,巡航,18190.470628217747,18210.337424524656,中继,R013
T026,巡航,18210.337424524656,18230.20422083156,中继,R013
T026,巡航,18230.20422083156,18250.07101713847,中继,R013
T026,下降,18250.07101713847,18267.87114978821,中继,R013
T026,下降,18267.87114978821,18285.67128243795,中继,R013
T026,下降,18285.67128243795,18303.47141508769,中继,R013
T026,投送,18303.47141508769,18323.47141508769,中继,R013
T026,投送,18323.47141508769,18343.47141508769,中继,R013
T026,投送,18343.47141508769,18363.47141508769,中继,R013
T026,投送,18363.47141508769,18383.47141508769,中继,R013
T026,投送,18383.47141508769,18403.47141508769,中继,R013
T026,投送,18403.47141508769,18423.47141508769,中继,R013
T026,投送,18423.47141508769,18443.47141508769,中继,R013
T026,投送,18443.47141508769,18463.47141508769,中继,R013
T026,投送,18463.47141508769,18483.47141508769,中继,R013
T026,爬升,18483.47141508769,18498.30485896247,中继,R013
T026,爬升,18498.30485896247,18513.138302837255,中继,R013
T026,爬升,18513.138302837255,18527.971746712035,中继,R013
T026,巡航,18527.971746712035,18547.838543018945,中继,R013
T026,巡航,18547.838543018945,18567.70533932585,中继,R013
T026,巡航,18567.70533932585,18587.57213563276,中继,R013
T026,巡航,18587.57213563276,18607.438931939665,中继,R013
T026,巡航,18607.438931939665,18627.305728246574,中继,R013
T026,巡航,18627.305728246574,18647.17252455348,中继,R013
T026,巡航,18647.17252455348,18667.039320860385,中继,R013
T026,巡航,18667.039320860385,18686.906117167295,中继,R013
T026,巡航,18686.906117167295,18706.7729134742,中继,R013
T026,巡航,18706.7729134742,18726.63970978111,中继,R013
T026,巡航,18726.63970978111,18746.506506088015,中继,R013
T026,巡航,18746.506506088015,18766.37330239492,中继,R013
T026,巡航,18766.37330239492,18786.24009870183,中继,R013
T026,巡航,18786.24009870183,18806.106895008736,中继,R013
T026,巡航,18806.106895008736,18825.973691315645,中继,R013
T026,巡航,18825.973691315645,18845.84048762255,直连,
T026,巡航,18845.84048762255,18865.707283929456,直连,
T026,巡航,18865.707283929456,18885.574080236365,直连,
T026,巡航,18885.574080236365,18905.44087654327,直连,
T026,巡航,18905.44087654327,18925.30767285018,直连,
T026,巡航,18925.30767285018,18945.174469157086,直连,
T026,巡航,18945.174469157086,18965.041265463995,直连,
T026,巡航,18965.041265463995,18984.9080617709,直连,
T026,巡航,18984.9080617709,19004.774858077806,直连,
T026,巡航,19004.774858077806,19024.641654384715,直连,
T026,巡航,19024.641654384715,19044.50845069162,直连,
T026,巡航,19044.50845069162,19064.37524699853,直连,
T026,巡航,19064.37524699853,19084.242043305436,直连,
T026,巡航,19084.242043305436,19104.10883961234,直连,
T026,巡航,19104.10883961234,19123.97563591925,直连,
T026,巡航,19123.97563591925,19143.842432226156,直连,
T026,下降,19143.842432226156,19162.882498551025,直连,
T026,下降,19162.882498551025,19181.9225648759,直连,
T026,下降,19181.9225648759,19200.962631200768,直连,
T026,下降,19200.962631200768,19220.002697525637,直连,
T026,下降,19220.002697525637,19239.042763850506,直连,
T026,下降,19239.042763850506,19258.082830175375,直连,
T027,爬升,17612.0,17630.392101372614,直连,
T027,爬升,17630.392101372614,17648.784202745224,直连,
T027,爬升,17648.784202745224,17667.17630411784,直连,
T027,巡航,17667.17630411784,17686.193466849745,直连,
T027,巡航,17686.193466849745,17705.210629581652,直连,
T027,巡航,17705.210629581652,17724.22779231356,直连,
T027,巡航,17724.22779231356,17743.244955045466,直连,
T027,巡航,17743.244955045466,17762.262117777373,直连,
T027,巡航,17762.262117777373,17781.279280509283,直连,
T027,巡航,17781.279280509283,17800.29644324119,直连,
T027,巡航,17800.29644324119,17819.313605973097,直连,
T027,巡航,17819.313605973097,17838.330768705004,直连,
T027,巡航,17838.330768705004,17857.34793143691,直连,
T027,巡航,17857.34793143691,17876.365094168817,直连,
T027,巡航,17876.365094168817,17895.382256900724,直连,
T027,巡航,17895.382256900724,17914.39941963263,直连,
T027,巡航,17914.39941963263,17933.416582364538,中继,R012
T027,巡航,17933.416582364538,17952.433745096445,中继,R012
T027,巡航,17952.433745096445,17971.45090782835,中继,R013
T027,巡航,17971.45090782835,17990.46807056026,中继,R013
T027,巡航,17990.46807056026,18009.485233292166,中继,R013
T027,巡航,18009.485233292166,18028.502396024072,中继,R013
T027,巡航,18028.502396024072,18047.519558755983,中继,R013
T027,下降,18047.519558755983,18060.165341226686,中继,R013
T027,下降,18060.165341226686,18072.81112369739,中继,R013
T027,投送,18072.81112369739,18092.81112369739,中继,R013
T027,投送,18092.81112369739,18112.81112369739,中继,R013
T027,投送,18112.81112369739,18132.81112369739,中继,R013
T027,投送,18132.81112369739,18152.81112369739,中继,R013
T027,投送,18152.81112369739,18172.81112369739,中继,R013
T027,投送,18172.81112369739,18192.81112369739,中继,R013
T027,投送,18192.81112369739,18212.81112369739,中继,R013
T027,投送,18212.81112369739,18232.81112369739,中继,R013
T027,投送,18232.81112369739,18252.81112369739,中继,R013
T027,爬升,18252.81112369739,18263.349275756307,中继,R013
T027,爬升,18263.349275756307,18273.887427815225,中继,R013
T027,巡航,18273.887427815225,18292.904590547132,中继,R013
T027,巡航,18292.904590547132,18311.92175327904,中继,R013
T027,巡航,18311.92175327904,18330.938916010946,中继,R012
T027,巡航,18330.938916010946,18349.956078742856,中继,R012
T027,巡航,18349.956078742856,18368.973241474763,中继,R013
T027,巡航,18368.973241474763,18387.99040420667,中继,R012
T027,巡航,18387.99040420667,18407.007566938577,中继,R012
T027,巡航,18407.007566938577,18426.024729670484,直连,
T027,巡航,18426.024729670484,18445.04189240239,直连,
T027,巡航,18445.04189240239,18464.059055134298,直连,
T027,巡航,18464.059055134298,18483.076217866204,直连,
T027,巡航,18483.076217866204,18502.09338059811,直连,
T027,巡航,18502.09338059811,18521.110543330018,直连,
T027,巡航,18521.110543330018,18540.127706061925,直连,
T027,巡航,18540.127706061925,18559.144868793832,直连,
T027,巡航,18559.144868793832,18578.16203152574,直连,
T027,巡航,18578.16203152574,18597.179194257646,直连,
T027,巡航,18597.179194257646,18616.196356989556,直连,
T027,巡航,18616.196356989556,18635.213519721463,直连,
T027,巡航,18635.213519721463,18654.23068245337,直连,
T027,下降,18654.23068245337,18670.78357368872,直连,
T027,下降,18670.78357368872,18687.336464924072,直连,
T027,下降,18687.336464924072,18703.889356159423,直连,
T027,下降,18703.889356159423,18720.442247394774,直连,
T028,爬升,19100.0,19119.380881347657,直连,
T028,爬升,19119.380881347657,19138.761762695314,直连,
T028,爬升,19138.761762695314,19158.142644042968,直连,
T028,巡航,19158.142644042968,19176.651666483212,直连,
T028,巡航,19176.651666483212,19195.16068892346,直连,
T028,巡航,19195.16068892346,19213.669711363706,直连,
T028,巡航,19213.669711363706,19232.17873380395,直连,
T028,巡航,19232.17873380395,19250.687756244195,直连,
T028,巡航,19250.687756244195,19269.19677868444,直连,
T028,巡航,19269.19677868444,19287.705801124685,直连,
T028,巡航,19287.705801124685,19306.214823564933,直连,
T028,巡航,19306.214823564933,19324.723846005178,直连,
T028,巡航,19324.723846005178,19343.232868445422,直连,
T028,巡航,19343.232868445422,19361.741890885667,直连,
T028,下降,19361.741890885667,19376.584659236905,直连,
T028,下降,19376.584659236905,19391.42742758814,直连,
T028,下降,19391.42742758814,19406.270195939378,直连,
T028,投送,19406.270195939378,19426.070195939377,直连,
T028,投送,19426.070195939377,19445.87019593938,直连,
T028,投送,19445.87019593938,19465.67019593938,直连,
T028,投送,19465.67019593938,19485.47019593938,直连,
T028,投送,19485.47019593938,19505.270195939378,直连,
T028,投送,19505.270195939378,19525.070195939377,直连,
T028,投送,19525.070195939377,19544.87019593938,直连,
T028,投送,19544.87019593938,19564.67019593938,直连,
T028,投送,19564.67019593938,19584.47019593938,直连,
T028,投送,19584.47019593938,19604.270195939378,直连,
T028,投送,19604.270195939378,19624.070195939377,直连,
T028,投送,19624.070195939377,19643.87019593938,直连,
T028,投送,19643.87019593938,19663.67019593938,直连,
T028,投送,19663.67019593938,19683.47019593938,直连,
T028,投送,19683.47019593938,19703.270195939378,直连,
T028,投送,19703.270195939378,19723.070195939377,直连,
T028,投送,19723.070195939377,19742.87019593938,直连,
T028,投送,19742.87019593938,19762.67019593938,直连,
T028,投送,19762.67019593938,19782.47019593938,直连,
T028,投送,19782.47019593938,19802.270195939378,直连,
T028,爬升,19802.270195939378,19820.08151796086,直连,
T028,爬升,19820.08151796086,19837.89283998235,直连,
T028,巡航,19837.89283998235,19856.401862422594,直连,
T028,巡航,19856.401862422594,19874.91088486284,直连,
T028,巡航,19874.91088486284,19893.419907303083,直连,
T028,巡航,19893.419907303083,19911.928929743328,直连,
T028,巡航,19911.928929743328,19930.437952183573,直连,
T028,巡航,19930.437952183573,19948.946974623817,直连,
T028,巡航,19948.946974623817,19967.455997064066,直连,
T028,巡航,19967.455997064066,19985.96501950431,直连,
T028,巡航,19985.96501950431,20004.474041944555,直连,
T028,巡航,20004.474041944555,20022.9830643848,直连,
T028,巡航,20022.9830643848,20041.492086825045,直连,
T028,下降,20041.492086825045,20059.661663088475,直连,
T028,下降,20059.661663088475,20077.8312393519,直连,
T028,下降,20077.8312393519,20096.000815615327,直连,
T028,下降,20096.000815615327,20114.170391878757,直连,
T029,爬升,19634.0,19653.293517252605,直连,
T029,爬升,19653.293517252605,19672.58703450521,直连,
T029,爬升,19672.58703450521,19691.88055175781,直连,
T029,爬升,19691.88055175781,19711.174069010416,直连,
T029,爬升,19711.174069010416,19730.46758626302,直连,
T029,爬升,19730.46758626302,19749.761103515626,直连,
T029,爬升,19749.761103515626,19769.054620768227,直连,
T029,爬升,19769.054620768227,19788.348138020832,直连,
T029,爬升,19788.348138020832,19807.641655273437,直连,
T029,巡航,19807.641655273437,19827.010529185573,直连,
T029,巡航,19827.010529185573,19846.379403097708,直连,
T029,巡航,19846.379403097708,19865.748277009847,直连,
T029,巡航,19865.748277009847,19885.117150921982,直连,
T029,巡航,19885.117150921982,19904.486024834117,直连,
T029,巡航,19904.486024834117,19923.854898746253,直连,
T029,巡航,19923.854898746253,19943.22377265839,直连,
T029,巡航,19943.22377265839,19962.592646570527,直连,
T029,巡航,19962.592646570527,19981.961520482662,直连,
T029,巡航,19981.961520482662,20001.330394394798,直连,
T029,巡航,20001.330394394798,20020.699268306937,直连,
T029,巡航,20020.699268306937,20040.068142219072,直连,
T029,巡航,20040.068142219072,20059.437016131207,直连,
T029,巡航,20059.437016131207,20078.805890043343,中继,R014
T029,巡航,20078.805890043343,20098.174763955478,中继,R014
T029,巡航,20098.174763955478,20117.543637867617,中继,R015
T029,巡航,20117.543637867617,20136.912511779752,中继,R014
T029,巡航,20136.912511779752,20156.281385691887,中继,R014
T029,巡航,20156.281385691887,20175.650259604023,中继,R014
T029,巡航,20175.650259604023,20195.01913351616,中继,R014
T029,巡航,20195.01913351616,20214.388007428297,中继,R014
T029,巡航,20214.388007428297,20233.756881340432,中继,R014
T029,巡航,20233.756881340432,20253.125755252568,中继,R014
T029,巡航,20253.125755252568,20272.494629164707,中继,R014
T029,巡航,20272.494629164707,20291.863503076842,中继,R014
T029,下降,20291.863503076842,20310.472181258807,中继,R014
T029,下降,20310.472181258807,20329.08085944077,中继,R014
T029,下降,20329.08085944077,20347.68953762274,中继,R014
T029,下降,20347.68953762274,20366.298215804705,中继,R014
T029,下降,20366.298215804705,20384.90689398667,中继,R014
T029,下降,20384.90689398667,20403.51557216864,中继,R014
T029,投送,20403.51557216864,20423.315572168638,中继,R014
T029,投送,20423.315572168638,20443.115572168637,中继,R014
T029,投送,20443.115572168637,20462.915572168637,中继,R014
T029,投送,20462.915572168637,20482.71557216864,中继,R014
T029,投送,20482.71557216864,20502.51557216864,中继,R014
T029,投送,20502.51557216864,20522.315572168638,中继,R014
T029,投送,20522.315572168638,20542.115572168637,中继,R014
T029,投送,20542.115572168637,20561.915572168637,中继,R014
T029,投送,20561.915572168637,20581.71557216864,中继,R014
T029,投送,20581.71557216864,20601.51557216864,中继,R014
T029,投送,20601.51557216864,20621.315572168638,中继,R014
T029,投送,20621.315572168638,20641.115572168637,中继,R014
T029,投送,20641.115572168637,20660.915572168637,中继,R014
T029,投送,20660.915572168637,20680.71557216864,中继,R014
T029,投送,20680.71557216864,20700.51557216864,中继,R014
T029,投送,20700.51557216864,20720.315572168638,中继,R014
T029,投送,20720.315572168638,20740.115572168637,中继,R014
T029,投送,20740.115572168637,20759.915572168637,中继,R014
T029,投送,20759.915572168637,20779.71557216864,中继,R014
T029,投送,20779.71557216864,20799.51557216864,中继,R014
T029,爬升,20799.51557216864,20817.379903223326,中继,R014
T029,爬升,20817.379903223326,20835.244234278012,中继,R014
T029,爬升,20835.244234278012,20853.1085653327,中继,R014
T029,爬升,20853.1085653327,20870.97289638739,中继,R014
T029,爬升,20870.97289638739,20888.837227442076,中继,R014
T029,巡航,20888.837227442076,20908.20610135421,中继,R014
T029,巡航,20908.20610135421,20927.574975266347,中继,R014
T029,巡航,20927.574975266347,20946.943849178482,中继,R014
T029,巡航,20946.943849178482,20966.31272309062,中继,R014
T029,巡航,20966.31272309062,20985.681597002756,中继,R014
T029,巡航,20985.681597002756,21005.05047091489,中继,R014
T029,巡航,21005.05047091489,21024.419344827027,中继,R014
T029,巡航,21024.419344827027,21043.788218739166,中继,R014
T029,巡航,21043.788218739166,21063.1570926513,中继,R014
T029,巡航,21063.1570926513,21082.525966563437,中继,R015
T029,巡航,21082.525966563437,21101.894840475572,中继,R015
T029,巡航,21101.894840475572,21121.263714387707,中继,R015
T029,巡航,21121.263714387707,21140.632588299846,直连,
T029,巡航,21140.632588299846,21160.00146221198,直连,
T029,巡航,21160.00146221198,21179.370336124117,直连,
T029,巡航,21179.370336124117,21198.739210036252,直连,
T029,巡航,21198.739210036252,21218.10808394839,直连,
T029,巡航,21218.10808394839,21237.476957860526,直连,
T029,巡航,21237.476957860526,21256.84583177266,直连,
T029,巡航,21256.84583177266,21276.214705684797,直连,
T029,巡航,21276.214705684797,21295.583579596932,直连,
T029,巡航,21295.583579596932,21314.95245350907,直连,
T029,巡航,21314.95245350907,21334.321327421207,直连,
T029,巡航,21334.321327421207,21353.690201333342,直连,
T029,巡航,21353.690201333342,21373.059075245477,直连,
T029,下降,21373.059075245477,21392.79108152655,直连,
T029,下降,21392.79108152655,21412.523087807625,直连,
T029,下降,21412.523087807625,21432.255094088694,直连,
T029,下降,21432.255094088694,21451.98710036977,直连,
T029,下降,21451.98710036977,21471.719106650842,直连,
T029,下降,21471.719106650842,21491.451112931914,直连,
T029,下降,21491.451112931914,21511.183119212987,直连,
T029,下降,21511.183119212987,21530.91512549406,直连,
T029,下降,21530.91512549406,21550.64713177513,直连,
T029,下降,21550.64713177513,21570.379138056203,直连,
T029,下降,21570.379138056203,21590.111144337276,直连,
T030,爬升,20505.0,20524.21365875244,直连,
T030,爬升,20524.21365875244,20543.427317504884,直连,
T030,爬升,20543.427317504884,20562.640976257324,直连,
T030,爬升,20562.640976257324,20581.854635009764,直连,
T030,爬升,20581.854635009764,20601.068293762208,直连,
T030,爬升,20601.068293762208,20620.281952514648,直连,
T030,爬升,20620.281952514648,20639.49561126709,直连,
T030,爬升,20639.49561126709,20658.70927001953,直连,
T030,巡航,20658.70927001953,20677.603136667916,直连,
T030,巡航,20677.603136667916,20696.497003316304,直连,
T030,巡航,20696.497003316304,20715.39086996469,直连,
T030,巡航,20715.39086996469,20734.284736613077,直连,
T030,巡航,20734.284736613077,20753.178603261462,直连,
T030,巡航,20753.178603261462,20772.072469909846,直连,
T030,巡航,20772.072469909846,20790.966336558235,直连,
T030,巡航,20790.966336558235,20809.86020320662,直连,
T030,巡航,20809.86020320662,20828.754069855007,直连,
T030,巡航,20828.754069855007,20847.647936503392,直连,
T030,巡航,20847.647936503392,20866.54180315178,直连,
T030,巡航,20866.54180315178,20885.435669800165,直连,
T030,巡航,20885.435669800165,20904.32953644855,直连,
T030,巡航,20904.32953644855,20923.223403096938,中继,R014
T030,巡航,20923.223403096938,20942.117269745322,中继,R014
T030,巡航,20942.117269745322,20961.01113639371,中继,R014
T030,下降,20961.01113639371,20977.358453898592,中继,R014
T030,下降,20977.358453898592,20993.705771403475,中继,R014
T030,下降,20993.705771403475,21010.053088908357,中继,R014
T030,下降,21010.053088908357,21026.40040641324,中继,R014
T030,下降,21026.40040641324,21042.747723918124,中继,R014
T030,投送,21042.747723918124,21061.94772391812,中继,R014
T030,投送,21061.94772391812,21081.147723918122,中继,R014
T030,投送,21081.147723918122,21100.347723918123,中继,R014
T030,投送,21100.347723918123,21119.547723918124,中继,R014
T030,投送,21119.547723918124,21138.747723918124,中继,R014
T030,投送,21138.747723918124,21157.94772391812,中继,R014
T030,投送,21157.94772391812,21177.147723918122,中继,R014
T030,投送,21177.147723918122,21196.347723918123,中继,R014
T030,投送,21196.347723918123,21215.547723918124,中继,R014
T030,投送,21215.547723918124,21234.747723918124,中继,R014
T030,投送,21234.747723918124,21253.94772391812,中继,R014
T030,投送,21253.94772391812,21273.147723918122,中继,R014
T030,投送,21273.147723918122,21292.347723918123,中继,R014
T030,投送,21292.347723918123,21311.547723918124,中继,R014
T030,投送,21311.547723918124,21330.747723918124,中继,R014
T030,爬升,21330.747723918124,21347.095041423006,中继,R014
T030,爬升,21347.095041423006,21363.44235892789,中继,R014
T030,爬升,21363.44235892789,21379.78967643277,中继,R014
T030,爬升,21379.78967643277,21396.136993937653,中继,R014
T030,巡航,21396.136993937653,21415.03086058604,中继,R014
T030,巡航,21415.03086058604,21433.924727234426,中继,R014
T030,巡航,21433.924727234426,21452.818593882814,中继,R014
T030,巡航,21452.818593882814,21471.7124605312,直连,
T030,巡航,21471.7124605312,21490.606327179587,直连,
T030,巡航,21490.606327179587,21509.50019382797,直连,
T030,巡航,21509.50019382797,21528.394060476356,直连,
T030,巡航,21528.394060476356,21547.287927124744,直连,
T030,巡航,21547.287927124744,21566.18179377313,直连,
T030,巡航,21566.18179377313,21585.075660421517,直连,
T030,巡航,21585.075660421517,21603.9695270699,直连,
T030,巡航,21603.9695270699,21622.86339371829,直连,
T030,巡航,21622.86339371829,21641.757260366674,直连,
T030,巡航,21641.757260366674,21660.65112701506,直连,
T030,巡航,21660.65112701506,21679.544993663447,直连,
T030,巡航,21679.544993663447,21698.43886031183,直连,
T030,下降,21698.43886031183,21717.652519064275,直连,
T030,下降,21717.652519064275,21736.866177816715,直连,
T030,下降,21736.866177816715,21756.079836569155,直连,
T030,下降,21756.079836569155,21775.2934953216,直连,
T030,下降,21775.2934953216,21794.50715407404,直连,
T030,下降,21794.50715407404,21813.72081282648,直连,
T030,下降,21813.72081282648,21832.934471578923,直连,
T030,下降,21832.934471578923,21852.148130331363,直连,
T030,下降,21852.148130331363,21871.361789083807,直连,
T030,下降,21871.361789083807,21890.575447836247,直连,
T031,爬升,22080.0,22099.380881347657,直连,
T031,爬升,22099.380881347657,22118.761762695314,直连,
T031,爬升,22118.761762695314,22138.142644042968,直连,
T031,巡航,22138.142644042968,22156.651666483212,直连,
T031,巡航,22156.651666483212,22175.16068892346,直连,
T031,巡航,22175.16068892346,22193.669711363706,直连,
T031,巡航,22193.669711363706,22212.17873380395,直连,
T031,巡航,22212.17873380395,22230.687756244195,直连,
T031,巡航,22230.687756244195,22249.19677868444,直连,
T031,巡航,22249.19677868444,22267.705801124685,直连,
T031,巡航,22267.705801124685,22286.214823564933,直连,
T031,巡航,22286.214823564933,22304.723846005178,直连,
T031,巡航,22304.723846005178,22323.232868445422,直连,
T031,巡航,22323.232868445422,22341.741890885667,直连,
T031,下降,22341.741890885667,22356.584659236905,直连,
T031,下降,22356.584659236905,22371.42742758814,直连,
T031,下降,22371.42742758814,22386.270195939378,直连,
T031,投送,22386.270195939378,22406.070195939377,直连,
T031,投送,22406.070195939377,22425.87019593938,直连,
T031,投送,22425.87019593938,22445.67019593938,直连,
T031,投送,22445.67019593938,22465.47019593938,直连,
T031,投送,22465.47019593938,22485.270195939378,直连,
T031,投送,22485.270195939378,22505.070195939377,直连,
T031,投送,22505.070195939377,22524.87019593938,直连,
T031,投送,22524.87019593938,22544.67019593938,直连,
T031,投送,22544.67019593938,22564.47019593938,直连,
T031,投送,22564.47019593938,22584.270195939378,直连,
T031,投送,22584.270195939378,22604.070195939377,直连,
T031,投送,22604.070195939377,22623.87019593938,直连,
T031,投送,22623.87019593938,22643.67019593938,直连,
T031,投送,22643.67019593938,22663.47019593938,直连,
T031,投送,22663.47019593938,22683.270195939378,直连,
T031,投送,22683.270195939378,22703.070195939377,直连,
T031,投送,22703.070195939377,22722.87019593938,直连,
T031,投送,22722.87019593938,22742.67019593938,直连,
T031,投送,22742.67019593938,22762.47019593938,直连,
T031,投送,22762.47019593938,22782.270195939378,直连,
T031,爬升,22782.270195939378,22800.08151796086,直连,
T031,爬升,22800.08151796086,22817.89283998235,直连,
T031,巡航,22817.89283998235,22836.401862422594,直连,
T031,巡航,22836.401862422594,22854.91088486284,直连,
T031,巡航,22854.91088486284,22873.419907303083,直连,
T031,巡航,22873.419907303083,22891.928929743328,直连,
T031,巡航,22891.928929743328,22910.437952183573,直连,
T031,巡航,22910.437952183573,22928.946974623817,直连,
T031,巡航,22928.946974623817,22947.455997064066,直连,
T031,巡航,22947.455997064066,22965.96501950431,直连,
T031,巡航,22965.96501950431,22984.474041944555,直连,
T031,巡航,22984.474041944555,23002.9830643848,直连,
T031,巡航,23002.9830643848,23021.492086825045,直连,
T031,下降,23021.492086825045,23039.661663088475,直连,
T031,下降,23039.661663088475,23057.8312393519,直连,
T031,下降,23057.8312393519,23076.000815615327,直连,
T031,下降,23076.000815615327,23094.170391878757,直连,
