sortie_id,stage,start_s,end_s,mode,relay_id,comm_row_index,status,method,margin_db,worst_distance_m,pessimistic_obstructed,witness_s,reason
T001,爬升,390.99999999999994,407.1507344563802,直连,,1,PASS,worst_obstruction_endpoint_distance,42.86345708049136,28.452203369140733,True,,端点最大距离且全时段按遮挡计损仍满足双向预算
T001,爬升,407.1507344563802,423.30146891276036,直连,,2,PASS,worst_obstruction_endpoint_distance,34.226750640926454,76.9044067382813,True,,端点最大距离且全时段按遮挡计损仍满足双向预算
T001,爬升,423.30146891276036,439.4522033691406,直连,,3,PASS,worst_obstruction_endpoint_distance,29.982830377148545,125.356610107422,True,,端点最大距离且全时段按遮挡计损仍满足双向预算
T001,巡航,439.4522033691406,459.0290540270924,直连,,4,PASS,worst_obstruction_endpoint_distance,23.439145992925262,266.2756531493173,True,,端点最大距离且全时段按遮挡计损仍满足双向预算
T001,巡航,459.0290540270924,478.60590468504415,直连,,5,PASS,worst_obstruction_endpoint_distance,18.208050378198536,486.2798111658891,True,,端点最大距离且全时段按遮挡计损仍满足双向预算
T001,巡航,478.60590468504415,498.18275534299596,直连,,6,PASS,worst_obstruction_endpoint_distance,14.849596880380076,715.82838275658,True,,端点最大距离且全时段按遮挡计损仍满足双向预算
T001,巡航,498.18275534299596,517.7596060009478,直连,,7,PASS,worst_obstruction_endpoint_distance,12.409485773578538,948.0133859272303,True,,端点最大距离且全时段按遮挡计损仍满足双向预算
T001,巡航,517.7596060009478,537.3364566588996,直连,,8,PASS,worst_obstruction_endpoint_distance,10.498709008550065,1181.281242448014,True,,端点最大距离且全时段按遮挡计损仍满足双向预算
T001,巡航,537.3364566588996,556.9133073168514,直连,,9,PASS,worst_obstruction_endpoint_distance,8.930053702377293,1415.0965532947675,True,,端点最大距离且全时段按遮挡计损仍满足双向预算
T001,巡航,556.9133073168514,576.4901579748032,直连,,10,PASS,worst_obstruction_endpoint_distance,7.600169114693159,1649.2264926496591,True,,端点最大距离且全时段按遮挡计损仍满足双向预算
T001,巡航,576.4901579748032,596.067008632755,直连,,11,PASS,worst_obstruction_endpoint_distance,6.446214866248994,1883.5537370869965,True,,端点最大距离且全时段按遮挡计损仍满足双向预算
T001,巡航,596.067008632755,615.6438592907068,直连,,12,PASS,worst_obstruction_endpoint_distance,5.427203554487448,2118.012800824474,True,,端点最大距离且全时段按遮挡计损仍满足双向预算
T001,巡航,615.6438592907068,635.2207099486585,直连,,13,PASS,worst_obstruction_endpoint_distance,4.514945220631574,2352.5642724361696,True,,端点最大距离且全时段按遮挡计损仍满足双向预算
T001,巡航,635.2207099486585,654.7975606066103,直连,,14,PASS,worst_obstruction_endpoint_distance,3.6892321235043113,2587.183019222811,True,,端点最大距离且全时段按遮挡计损仍满足双向预算
T001,巡航,654.7975606066103,674.3744112645621,直连,,15,PASS,worst_obstruction_endpoint_distance,2.935089718870202,2821.852260748545,True,,端点最大距离且全时段按遮挡计损仍满足双向预算
T001,巡航,674.3744112645621,693.9512619225139,直连,,16,PASS,worst_obstruction_endpoint_distance,2.2411156161546586,3056.5603667445057,True,,端点最大距离且全时段按遮挡计损仍满足双向预算
T001,下降,693.9512619225139,711.7625839439984,直连,,17,PASS,worst_obstruction_endpoint_distance,2.2411156161546586,3056.5603667445057,True,,端点最大距离且全时段按遮挡计损仍满足双向预算
T001,下降,711.7625839439984,729.5739059654827,直连,,18,PASS,worst_obstruction_endpoint_distance,2.2453855868061083,3055.0581354130627,True,,端点最大距离且全时段按遮挡计损仍满足双向预算
T001,投送,729.5739059654827,749.5739059654827,直连,,19,PASS,exact_point,2.2478131175972464,3054.2044276465326,,,独立计算 DEM 遮挡、自由空间损耗与双向预算
T001,投送,749.5739059654827,769.5739059654827,直连,,20,PASS,exact_point,2.2478131175972464,3054.2044276465326,,,独立计算 DEM 遮挡、自由空间损耗与双向预算
T001,投送,769.5739059654827,789.5739059654827,直连,,21,PASS,exact_point,2.2478131175972464,3054.2044276465326,,,独立计算 DEM 遮挡、自由空间损耗与双向预算
T001,投送,789.5739059654827,809.5739059654827,直连,,22,PASS,exact_point,2.2478131175972464,3054.2044276465326,,,独立计算 DEM 遮挡、自由空间损耗与双向预算
T001,投送,809.5739059654827,829.5739059654827,直连,,23,PASS,exact_point,2.2478131175972464,3054.2044276465326,,,独立计算 DEM 遮挡、自由空间损耗与双向预算
T001,投送,829.5739059654827,849.5739059654827,直连,,24,PASS,exact_point,2.2478131175972464,3054.2044276465326,,,独立计算 DEM 遮挡、自由空间损耗与双向预算
T001,投送,849.5739059654827,869.5739059654827,直连,,25,PASS,exact_point,2.2478131175972464,3054.2044276465326,,,独立计算 DEM 遮挡、自由空间损耗与双向预算
T001,投送,869.5739059654827,889.5739059654827,直连,,26,PASS,exact_point,2.2478131175972464,3054.2044276465326,,,独立计算 DEM 遮挡、自由空间损耗与双向预算
T001,投送,889.5739059654827,909.5739059654827,直连,,27,PASS,exact_point,2.2478131175972464,3054.2044276465326,,,独立计算 DEM 遮挡、自由空间损耗与双向预算
T001,投送,909.5739059654827,929.5739059654827,直连,,28,PASS,exact_point,2.2478131175972464,3054.2044276465326,,,独立计算 DEM 遮挡、自由空间损耗与双向预算
T001,投送,929.5739059654827,949.5739059654827,直连,,29,PASS,exact_point,2.2478131175972464,3054.2044276465326,,,独立计算 DEM 遮挡、自由空间损耗与双向预算
T001,投送,949.5739059654827,969.5739059654827,直连,,30,PASS,exact_point,2.2478131175972464,3054.2044276465326,,,独立计算 DEM 遮挡、自由空间损耗与双向预算
T001,爬升,969.5739059654827,984.4166743167198,直连,,31,PASS,worst_obstruction_endpoint_distance,2.2453855868061083,3055.0581354130627,True,,端点最大距离且全时段按遮挡计损仍满足双向预算
T001,爬升,984.4166743167198,999.2594426679567,直连,,32,PASS,worst_obstruction_endpoint_distance,2.2411156161546586,3056.5603667445057,True,,端点最大距离且全时段按遮挡计损仍满足双向预算
T001,巡航,999.2594426679567,1018.8362933259085,直连,,33,PASS,worst_obstruction_endpoint_distance,2.2411156161546586,3056.5603667445057,True,,端点最大距离且全时段按遮挡计损仍满足双向预算
T001,巡航,1018.8362933259085,1038.4131439838602,直连,,34,PASS,worst_obstruction_endpoint_distance,2.935089718870202,2821.852260748545,True,,端点最大距离且全时段按遮挡计损仍满足双向预算
T001,巡航,1038.4131439838602,1057.989994641812,直连,,35,PASS,worst_obstruction_endpoint_distance,3.6892321235043113,2587.183019222811,True,,端点最大距离且全时段按遮挡计损仍满足双向预算
T001,巡航,1057.989994641812,1077.5668452997638,直连,,36,PASS,worst_obstruction_endpoint_distance,4.514945220631574,2352.5642724361696,True,,端点最大距离且全时段按遮挡计损仍满足双向预算
T001,巡航,1077.5668452997638,1097.1436959577156,直连,,37,PASS,worst_obstruction_endpoint_distance,5.427203554487448,2118.012800824474,True,,端点最大距离且全时段按遮挡计损仍满足双向预算
T001,巡航,1097.1436959577156,1116.7205466156674,直连,,38,PASS,worst_obstruction_endpoint_distance,6.446214866248994,1883.5537370869965,True,,端点最大距离且全时段按遮挡计损仍满足双向预算
T001,巡航,1116.7205466156674,1136.2973972736193,直连,,39,PASS,worst_obstruction_endpoint_distance,7.600169114693159,1649.2264926496591,True,,端点最大距离且全时段按遮挡计损仍满足双向预算
T001,巡航,1136.2973972736193,1155.874247931571,直连,,40,PASS,worst_obstruction_endpoint_distance,8.930053702377293,1415.0965532947675,True,,端点最大距离且全时段按遮挡计损仍满足双向预算
T001,巡航,1155.874247931571,1175.4510985895229,直连,,41,PASS,worst_obstruction_endpoint_distance,10.498709008550065,1181.281242448014,True,,端点最大距离且全时段按遮挡计损仍满足双向预算
T001,巡航,1175.4510985895229,1195.0279492474747,直连,,42,PASS,worst_obstruction_endpoint_distance,12.409485773578538,948.0133859272303,True,,端点最大距离且全时段按遮挡计损仍满足双向预算
T001,巡航,1195.0279492474747,1214.6047999054265,直连,,43,PASS,worst_obstruction_endpoint_distance,14.849596880380076,715.82838275658,True,,端点最大距离且全时段按遮挡计损仍满足双向预算
T001,巡航,1214.6047999054265,1234.1816505633783,直连,,44,PASS,worst_obstruction_endpoint_distance,18.208050378198536,486.2798111658891,True,,端点最大距离且全时段按遮挡计损仍满足双向预算
T001,巡航,1234.1816505633783,1253.75850122133,直连,,45,PASS,worst_obstruction_endpoint_distance,23.439145992925262,266.2756531493173,True,,端点最大距离且全时段按遮挡计损仍满足双向预算
T001,下降,1253.75850122133,1273.1393825689863,直连,,46,PASS,worst_obstruction_endpoint_distance,29.982830377148545,125.356610107422,True,,端点最大距离且全时段按遮挡计损仍满足双向预算
T001,下降,1273.1393825689863,1292.5202639166425,直连,,47,PASS,worst_obstruction_endpoint_distance,34.22675064092644,76.90440673828135,True,,端点最大距离且全时段按遮挡计损仍满足双向预算
T001,下降,1292.5202639166425,1311.9011452642987,直连,,48,PASS,worst_obstruction_endpoint_distance,42.86345708049137,28.452203369140676,True,,端点最大距离且全时段按遮挡计损仍满足双向预算
T002,爬升,361.0,380.8664866129558,直连,,49,PASS,worst_obstruction_endpoint_distance,39.99198992735825,39.59945983886735,True,,端点最大距离且全时段按遮挡计损仍满足双向预算
T002,爬升,380.8664866129558,400.7329732259115,直连,,50,PASS,worst_obstruction_endpoint_distance,32.015636315537805,99.19891967773452,True,,端点最大距离且全时段按遮挡计损仍满足双向预算
T002,爬升,400.7329732259115,420.59945983886723,直连,,51,PASS,worst_obstruction_endpoint_distance,27.92885384004063,158.7983795166017,True,,端点最大距离且全时段按遮挡计损仍满足双向预算
T002,爬升,420.59945983886723,440.465946451823,直连,,52,PASS,worst_obstruction_endpoint_distance,25.160808415575318,218.397839355469,True,,端点最大距离且全时段按遮挡计损仍满足双向预算
T002,巡航,440.465946451823,459.7765562291195,直连,,53,PASS,worst_obstruction_endpoint_distance,20.75321503615335,362.7671946009024,True,,端点最大距离且全时段按遮挡计损仍满足双向预算
T002,巡航,459.7765562291195,479.087166006416,直连,,54,PASS,worst_obstruction_endpoint_distance,16.110304248345813,619.1181641730701,True,,端点最大距离且全时段按遮挡计损仍满足双向预算
T002,巡航,479.087166006416,498.39777578371246,直连,,55,PASS,worst_obstruction_endpoint_distance,12.899596539616908,896.0019014636614,True,,端点最大距离且全时段按遮挡计损仍满足双向预算
T002,巡航,498.39777578371246,517.708385561009,直连,,56,PASS,worst_obstruction_endpoint_distance,10.515201150199815,1179.0404387173653,True,,端点最大距离且全时段按遮挡计损仍满足双向预算
T002,巡航,517.708385561009,537.0189953383054,直连,,57,PASS,worst_obstruction_endpoint_distance,8.63097956554033,1464.6699789789309,True,,端点最大距离且全时段按遮挡计损仍满足双向预算
T002,巡航,537.0189953383054,556.3296051156019,直连,,58,PASS,worst_obstruction_endpoint_distance,7.076960051876313,1751.623470098632,True,,端点最大距离且全时段按遮挡计损仍满足双向预算
T002,巡航,556.3296051156019,575.6402148928984,直连,,59,PASS,worst_obstruction_endpoint_distance,5.755973409622868,2039.3421138116032,True,,端点最大距离且全时段按遮挡计损仍满足双向预算
T002,巡航,575.6402148928984,594.9508246701948,直连,,60,PASS,worst_obstruction_endpoint_distance,4.607823983663508,2327.5421748741096,True,,端点最大距离且全时段按遮挡计损仍满足双向预算
T002,巡航,594.9508246701948,614.2614344474914,直连,,61,PASS,worst_obstruction_endpoint_distance,3.592806045813731,2616.064551374272,True,,端点最大距离且全时段按遮挡计损仍满足双向预算
T002,巡航,614.2614344474914,633.5720442247879,直连,,62,PASS,worst_obstruction_endpoint_distance,2.6834109702721207,2904.813202356247,True,,端点最大距离且全时段按遮挡计损仍满足双向预算
T002,巡航,633.5720442247879,652.8826540020843,直连,,63,PASS,worst_obstruction_endpoint_distance,1.8598200342751454,3193.726755171166,True,,端点最大距离且全时段按遮挡计损仍满足双向预算
T002,下降,652.8826540020843,663.1422218731781,直连,,64,PASS,worst_obstruction_endpoint_distance,1.8598200342751454,3193.726755171166,True,,端点最大距离且全时段按遮挡计损仍满足双向预算
T002,下降,663.1422218731781,673.4017897442718,直连,,65,PASS,worst_obstruction_endpoint_distance,1.8643124438889203,3192.075361970319,True,,端点最大距离且全时段按遮挡计损仍满足双向预算
T002,投送,673.4017897442718,692.4926988351809,直连,,66,PASS,exact_point,1.8682481629573715,3190.6293079047914,,,独立计算 DEM 遮挡、自由空间损耗与双向预算
T002,投送,692.4926988351809,711.5836079260899,直连,,67,PASS,exact_point,1.8682481629573715,3190.6293079047914,,,独立计算 DEM 遮挡、自由空间损耗与双向预算
T002,投送,711.5836079260899,730.6745170169991,直连,,68,PASS,exact_point,1.8682481629573715,3190.6293079047914,,,独立计算 DEM 遮挡、自由空间损耗与双向预算
T002,投送,730.6745170169991,749.7654261079082,直连,,69,PASS,exact_point,1.8682481629573715,3190.6293079047914,,,独立计算 DEM 遮挡、自由空间损耗与双向预算
T002,投送,749.7654261079082,768.8563351988173,直连,,70,PASS,exact_point,1.8682481629573715,3190.6293079047914,,,独立计算 DEM 遮挡、自由空间损耗与双向预算
T002,投送,768.8563351988173,787.9472442897263,直连,,71,PASS,exact_point,1.8682481629573715,3190.6293079047914,,,独立计算 DEM 遮挡、自由空间损耗与双向预算
T002,投送,787.9472442897263,807.0381533806354,直连,,72,PASS,exact_point,1.8682481629573715,3190.6293079047914,,,独立计算 DEM 遮挡、自由空间损耗与双向预算
T002,投送,807.0381533806354,826.1290624715446,直连,,73,PASS,exact_point,1.8682481629573715,3190.6293079047914,,,独立计算 DEM 遮挡、自由空间损耗与双向预算
T002,投送,826.1290624715446,845.2199715624536,直连,,74,PASS,exact_point,1.8682481629573715,3190.6293079047914,,,独立计算 DEM 遮挡、自由空间损耗与双向预算
T002,投送,845.2199715624536,864.3108806533627,直连,,75,PASS,exact_point,1.8682481629573715,3190.6293079047914,,,独立计算 DEM 遮挡、自由空间损耗与双向预算
T002,投送,864.3108806533627,883.4017897442718,直连,,76,PASS,exact_point,1.8682481629573715,3190.6293079047914,,,独立计算 DEM 遮挡、自由空间损耗与双向预算
T002,爬升,883.4017897442718,900.501069529428,直连,,77,PASS,worst_obstruction_endpoint_distance,1.8598200342751454,3193.726755171166,True,,端点最大距离且全时段按遮挡计损仍满足双向预算
T002,巡航,900.501069529428,919.8116793067245,直连,,78,PASS,worst_obstruction_endpoint_distance,1.8598200342751454,3193.726755171166,True,,端点最大距离且全时段按遮挡计损仍满足双向预算
T002,巡航,919.8116793067245,939.122289084021,直连,,79,PASS,worst_obstruction_endpoint_distance,2.6834109702721207,2904.813202356247,True,,端点最大距离且全时段按遮挡计损仍满足双向预算
T002,巡航,939.122289084021,958.4328988613175,直连,,80,PASS,worst_obstruction_endpoint_distance,3.592806045813731,2616.064551374272,True,,端点最大距离且全时段按遮挡计损仍满足双向预算
T002,巡航,958.4328988613175,977.743508638614,直连,,81,PASS,worst_obstruction_endpoint_distance,4.607823983663508,2327.5421748741096,True,,端点最大距离且全时段按遮挡计损仍满足双向预算
T002,巡航,977.743508638614,997.0541184159105,直连,,82,PASS,worst_obstruction_endpoint_distance,5.755973409622868,2039.3421138116032,True,,端点最大距离且全时段按遮挡计损仍满足双向预算
T002,巡航,997.0541184159105,1016.3647281932069,直连,,83,PASS,worst_obstruction_endpoint_distance,7.076960051876313,1751.623470098632,True,,端点最大距离且全时段按遮挡计损仍满足双向预算
T002,巡航,1016.3647281932069,1035.6753379705035,直连,,84,PASS,worst_obstruction_endpoint_distance,8.63097956554033,1464.6699789789309,True,,端点最大距离且全时段按遮挡计损仍满足双向预算
T002,巡航,1035.6753379705035,1054.9859477477999,直连,,85,PASS,worst_obstruction_endpoint_distance,10.515201150199815,1179.0404387173653,True,,端点最大距离且全时段按遮挡计损仍满足双向预算
T002,巡航,1054.9859477477999,1074.2965575250964,直连,,86,PASS,worst_obstruction_endpoint_distance,12.899596539616908,896.0019014636614,True,,端点最大距离且全时段按遮挡计损仍满足双向预算
T002,巡航,1074.2965575250964,1093.607167302393,直连,,87,PASS,worst_obstruction_endpoint_distance,16.110304248345813,619.1181641730701,True,,端点最大距离且全时段按遮挡计损仍满足双向预算
T002,巡航,1093.607167302393,1112.9177770796894,直连,,88,PASS,worst_obstruction_endpoint_distance,20.75321503615335,362.7671946009024,True,,端点最大距离且全时段按遮挡计损仍满足双向预算
T002,下降,1112.9177770796894,1131.9896042281268,直连,,89,PASS,worst_obstruction_endpoint_distance,25.160808415575318,218.397839355469,True,,端点最大距离且全时段按遮挡计损仍满足双向预算
T002,下降,1131.9896042281268,1151.0614313765643,直连,,90,PASS,worst_obstruction_endpoint_distance,27.30017506799763,170.7182714843753,True,,端点最大距离且全时段按遮挡计损仍满足双向预算
T002,下降,1151.0614313765643,1170.133258525002,直连,,91,PASS,worst_obstruction_endpoint_distance,30.14494023426775,123.0387036132816,True,,端点最大距离且全时段按遮挡计损仍满足双向预算
T002,下降,1170.133258525002,1189.2050856734395,直连,,92,PASS,worst_obstruction_endpoint_distance,34.40305698380588,75.35913574218736,True,,端点最大距离且全时段按遮挡计损仍满足双向预算
T002,下降,1189.2050856734395,1208.276912821877,直连,,93,PASS,worst_obstruction_endpoint_distance,43.10258905170963,27.679567871093695,True,,端点最大距离且全时段按遮挡计损仍满足双向预算
T003,爬升,386.0,405.0400663248698,直连,,94,PASS,worst_obstruction_endpoint_distance,40.553569255917964,37.12019897460948,True,,端点最大距离且全时段按遮挡计损仍满足双向预算
T003,爬升,405.0400663248698,424.0801326497396,直连,,95,PASS,worst_obstruction_endpoint_distance,32.46103293889698,94.24039794921879,True,,端点最大距离且全时段按遮挡计损仍满足双向预算
T003,爬升,424.0801326497396,443.1201989746094,直连,,96,PASS,worst_obstruction_endpoint_distance,28.34551852982844,151.3605969238282,True,,端点最大距离且全时段按遮挡计损仍满足双向预算
T003,爬升,443.1201989746094,462.1602652994792,直连,,97,PASS,worst_obstruction_endpoint_distance,25.564454038992494,208.48079589843752,True,,端点最大距离且全时段按遮挡计损仍满足双向预算
T003,爬升,462.1602652994792,481.200331624349,直连,,98,PASS,worst_obstruction_endpoint_distance,23.4611812166777,265.600994873047,True,,端点最大距离且全时段按遮挡计损仍满足双向预算
T003,巡航,481.200331624349,500.90819356080084,直连,,99,PASS,worst_obstruction_endpoint_distance,19.961022984094825,397.40891843474714,True,,端点最大距离且全时段按遮挡计损仍满足双向预算
T003,巡航,500.90819356080084,520.6160554972528,直连,,100,PASS,worst_obstruction_endpoint_distance,15.71220980707109,648.1540930775991,True,,端点最大距离且全时段按遮挡计损仍满足双向预算
T003,巡航,520.6160554972528,540.3239174337045,直连,,101,PASS,worst_obstruction_endpoint_distance,12.615695694557388,925.7718553957753,True,,端点最大距离且全时段按遮挡计损仍满足双向预算
T003,巡航,540.3239174337045,560.0317793701564,直连,,102,PASS,worst_obstruction_endpoint_distance,10.276198059579158,1211.9336813788218,True,,端点最大距离且全时段按遮挡计损仍满足双向预算
T003,巡航,560.0317793701564,579.7396413066083,直连,,103,PASS,worst_obstruction_endpoint_distance,8.41374566235858,1501.763259580158,True,,端点最大距离且全时段按遮挡计损仍满足双向预算
T003,巡航,579.7396413066083,599.44750324306,直连,,104,PASS,worst_obstruction_endpoint_distance,6.871828288485418,1793.4833279230154,True,,端点最大距离且全时段按遮挡计损仍满足双向预算
T003,巡航,599.44750324306,619.1553651795119,直连,,105,PASS,worst_obstruction_endpoint_distance,5.5582357768518165,2086.3010154813837,True,,端点最大距离且全时段按遮挡计损仍满足双向预算
T003,巡航,619.1553651795119,638.8632271159638,直连,,106,PASS,worst_obstruction_endpoint_distance,4.4149250998654,2379.8111956219427,True,,端点最大距离且全时段按遮挡计损仍满足双向预算
T003,巡航,638.8632271159638,658.5710890524156,直连,,107,PASS,worst_obstruction_endpoint_distance,3.4032428294939336,2673.7858265695286,True,,端点最大距离且全时段按遮挡计损仍满足双向预算
T003,巡航,658.5710890524156,678.2789509888675,直连,,108,PASS,worst_obstruction_endpoint_distance,2.4962429037207414,2968.0869067243466,True,,端点最大距离且全时段按遮挡计损仍满足双向预算
T003,巡航,678.2789509888675,697.9868129253193,直连,,109,PASS,worst_obstruction_endpoint_distance,1.6744290534633564,3262.6260964629014,True,,端点最大距离且全时段按遮挡计损仍满足双向预算
T003,巡航,697.9868129253193,717.6946748617711,直连,,110,PASS,worst_obstruction_endpoint_distance,0.9232572696648731,3557.344251646282,True,,端点最大距离且全时段按遮挡计损仍满足双向预算
T003,巡航,717.6946748617711,737.4025367982229,直连,,111,PASS,worst_obstruction_endpoint_distance,0.2315979591948718,3852.200296462618,True,,端点最大距离且全时段按遮挡计损仍满足双向预算
T003,巡航,737.4025367982229,757.1103987346748,中继,R002,112,PASS,worst_obstruction_endpoint_distance,1.5293471153497364,1662.7287360181615,True,,端点最大距离且全时段按遮挡计损仍满足双向预算
T003,巡航,757.1103987346748,776.8182606711266,中继,R002,113,PASS,worst_obstruction_endpoint_distance,3.1918929171144725,1373.0745338103702,True,,端点最大距离且全时段按遮挡计损仍满足双向预算
T003,巡航,776.8182606711266,796.5261226075785,中继,R002,114,PASS,worst_obstruction_endpoint_distance,5.224083731909346,1086.6372077029318,True,,端点最大距离且全时段按遮挡计损仍满足双向预算
T003,巡航,796.5261226075785,816.2339845440304,中继,R002,115,PASS,worst_obstruction_endpoint_distance,7.809918002431388,806.8501018641134,True,,端点最大距离且全时段按遮挡计损仍满足双向预算
T003,巡航,816.2339845440304,835.9418464804821,中继,R002,116,PASS,worst_obstruction_endpoint_distance,11.23265745479327,544.0713855181892,True,,端点最大距离且全时段按遮挡计损仍满足双向预算
T003,巡航,835.9418464804821,855.6497084169339,中继,R002,117,PASS,worst_obstruction_endpoint_distance,15.30868289058364,340.2942523009908,True,,端点最大距离且全时段按遮挡计损仍满足双向预算
T003,巡航,855.6497084169339,875.3575703533859,中继,R002,118,PASS,worst_obstruction_endpoint_distance,11.478649442313184,528.878955160324,True,,端点最大距离且全时段按遮挡计损仍满足双向预算
T003,巡航,875.3575703533859,895.0654322898376,中继,R002,119,PASS,worst_obstruction_endpoint_distance,7.995048454551593,789.834928744089,True,,端点最大距离且全时段按遮挡计损仍满足双向预算
T003,巡航,895.0654322898376,914.7732942262895,中继,R002,120,PASS,worst_obstruction_endpoint_distance,5.366280347934946,1068.9927034665866,True,,端点最大距离且全时段按遮挡计损仍满足双向预算
T003,巡航,914.7732942262895,934.4811561627414,中继,R002,121,PASS,worst_obstruction_endpoint_distance,3.306027817586582,1355.1499936956816,True,,端点最大距离且全时段按遮挡计损仍满足双向预算
T003,巡航,934.4811561627414,954.1890180991932,中继,R002,122,PASS,worst_obstruction_endpoint_distance,1.6242669914537942,1644.6572684634768,True,,端点最大距离且全时段按遮挡计损仍满足双向预算
T003,巡航,954.1890180991932,973.896880035645,中继,R002,123,PASS,worst_obstruction_endpoint_distance,0.2076130959518423,1936.0122613129108,True,,端点最大距离且全时段按遮挡计损仍满足双向预算
T003,下降,973.896880035645,991.6970126853846,中继,R002,124,PASS,worst_obstruction_endpoint_distance,0.2076130959518423,1936.0122613129108,True,,端点最大距离且全时段按遮挡计损仍满足双向预算
T003,下降,991.6970126853846,1009.4971453351243,中继,R002,125,PASS,worst_obstruction_endpoint_distance,0.20735980617972416,1936.0687183109696,True,,端点最大距离且全时段按遮挡计损仍满足双向预算
T003,下降,1009.4971453351243,1027.2972779848637,中继,R002,126,PASS,worst_obstruction_endpoint_distance,0.20035561395789614,1937.6305694328028,True,,端点最大距离且全时段按遮挡计损仍满足双向预算
T003,投送,1027.2972779848637,1046.388187075773,中继,R002,127,PASS,exact_point,0.20035561395789614,1937.6305694328028,,,独立计算 DEM 遮挡、自由空间损耗与双向预算
T003,投送,1046.388187075773,1065.479096166682,中继,R002,128,PASS,exact_point,0.20035561395789614,1937.6305694328028,,,独立计算 DEM 遮挡、自由空间损耗与双向预算
T003,投送,1065.479096166682,1084.570005257591,中继,R002,129,PASS,exact_point,0.20035561395789614,1937.6305694328028,,,独立计算 DEM 遮挡、自由空间损耗与双向预算
T003,投送,1084.570005257591,1103.6609143485002,中继,R002,130,PASS,exact_point,0.20035561395789614,1937.6305694328028,,,独立计算 DEM 遮挡、自由空间损耗与双向预算
T003,投送,1103.6609143485002,1122.7518234394092,中继,R002,131,PASS,exact_point,0.20035561395789614,1937.6305694328028,,,独立计算 DEM 遮挡、自由空间损耗与双向预算
T003,投送,1122.7518234394092,1141.8427325303182,中继,R002,132,PASS,exact_point,0.20035561395789614,1937.6305694328028,,,独立计算 DEM 遮挡、自由空间损耗与双向预算
T003,投送,1141.8427325303182,1160.9336416212275,中继,R002,133,PASS,exact_point,0.20035561395789614,1937.6305694328028,,,独立计算 DEM 遮挡、自由空间损耗与双向预算
T003,投送,1160.9336416212275,1180.0245507121365,中继,R002,134,PASS,exact_point,0.20035561395789614,1937.6305694328028,,,独立计算 DEM 遮挡、自由空间损耗与双向预算
T003,投送,1180.0245507121365,1199.1154598030455,中继,R002,135,PASS,exact_point,0.20035561395789614,1937.6305694328028,,,独立计算 DEM 遮挡、自由空间损耗与双向预算
T003,投送,1199.1154598030455,1218.2063688939547,中继,R002,136,PASS,exact_point,0.20035561395789614,1937.6305694328028,,,独立计算 DEM 遮挡、自由空间损耗与双向预算
T003,投送,1218.2063688939547,1237.2972779848637,中继,R002,137,PASS,exact_point,0.20035561395789614,1937.6305694328028,,,独立计算 DEM 遮挡、自由空间损耗与双向预算
T003,爬升,1237.2972779848637,1252.1307218596467,中继,R002,138,PASS,worst_obstruction_endpoint_distance,0.20035561395789614,1937.6305694328028,True,,端点最大距离且全时段按遮挡计损仍满足双向预算
T003,爬升,1252.1307218596467,1266.9641657344298,中继,R002,139,PASS,worst_obstruction_endpoint_distance,0.20735980617972416,1936.0687183109696,True,,端点最大距离且全时段按遮挡计损仍满足双向预算
T003,爬升,1266.9641657344298,1281.7976096092127,中继,R002,140,PASS,worst_obstruction_endpoint_distance,0.2076130959518423,1936.0122613129108,True,,端点最大距离且全时段按遮挡计损仍满足双向预算
T003,巡航,1281.7976096092127,1301.5054715456645,中继,R002,141,PASS,worst_obstruction_endpoint_distance,0.2076130959518423,1936.0122613129108,True,,端点最大距离且全时段按遮挡计损仍满足双向预算
T003,巡航,1301.5054715456645,1321.2133334821165,中继,R002,142,PASS,worst_obstruction_endpoint_distance,1.6242669914537942,1644.6572684634768,True,,端点最大距离且全时段按遮挡计损仍满足双向预算
T003,巡航,1321.2133334821165,1340.9211954185682,中继,R002,143,PASS,worst_obstruction_endpoint_distance,3.306027817586582,1355.1499936956816,True,,端点最大距离且全时段按遮挡计损仍满足双向预算
T003,巡航,1340.9211954185682,1360.62905735502,中继,R002,144,PASS,worst_obstruction_endpoint_distance,5.366280347934946,1068.9927034665866,True,,端点最大距离且全时段按遮挡计损仍满足双向预算
T003,巡航,1360.62905735502,1380.336919291472,中继,R002,145,PASS,worst_obstruction_endpoint_distance,7.995048454551593,789.834928744089,True,,端点最大距离且全时段按遮挡计损仍满足双向预算
T003,巡航,1380.336919291472,1400.0447812279237,中继,R002,146,PASS,worst_obstruction_endpoint_distance,11.478649442313184,528.878955160324,True,,端点最大距离且全时段按遮挡计损仍满足双向预算
T003,巡航,1400.0447812279237,1419.7526431643755,中继,R002,147,PASS,worst_obstruction_endpoint_distance,15.30868289058364,340.2942523009908,True,,端点最大距离且全时段按遮挡计损仍满足双向预算
T003,巡航,1419.7526431643755,1439.4605051008275,中继,R002,148,PASS,worst_obstruction_endpoint_distance,11.23265745479327,544.0713855181892,True,,端点最大距离且全时段按遮挡计损仍满足双向预算
T003,巡航,1439.4605051008275,1459.1683670372793,中继,R002,149,PASS,worst_obstruction_endpoint_distance,7.809918002431388,806.8501018641134,True,,端点最大距离且全时段按遮挡计损仍满足双向预算
T003,巡航,1459.1683670372793,1478.876228973731,中继,R002,150,PASS,worst_obstruction_endpoint_distance,5.224083731909346,1086.6372077029318,True,,端点最大距离且全时段按遮挡计损仍满足双向预算
T003,巡航,1478.876228973731,1498.584090910183,中继,R002,151,PASS,worst_obstruction_endpoint_distance,3.1918929171144725,1373.0745338103702,True,,端点最大距离且全时段按遮挡计损仍满足双向预算
T003,巡航,1498.584090910183,1518.2919528466348,中继,R002,152,PASS,worst_obstruction_endpoint_distance,1.5293471153497364,1662.7287360181615,True,,端点最大距离且全时段按遮挡计损仍满足双向预算
T003,巡航,1518.2919528466348,1537.9998147830865,直连,,153,PASS,worst_obstruction_endpoint_distance,0.2315979591948718,3852.200296462618,True,,端点最大距离且全时段按遮挡计损仍满足双向预算
T003,巡航,1537.9998147830865,1557.7076767195385,直连,,154,PASS,worst_obstruction_endpoint_distance,0.9232572696648731,3557.344251646282,True,,端点最大距离且全时段按遮挡计损仍满足双向预算
T003,巡航,1557.7076767195385,1577.4155386559903,直连,,155,PASS,worst_obstruction_endpoint_distance,1.6744290534633564,3262.6260964629014,True,,端点最大距离且全时段按遮挡计损仍满足双向预算
T003,巡航,1577.4155386559903,1597.123400592442,直连,,156,PASS,worst_obstruction_endpoint_distance,2.4962429037207414,2968.0869067243466,True,,端点最大距离且全时段按遮挡计损仍满足双向预算
T003,巡航,1597.123400592442,1616.8312625288938,直连,,157,PASS,worst_obstruction_endpoint_distance,3.4032428294939336,2673.7858265695286,True,,端点最大距离且全时段按遮挡计损仍满足双向预算
T003,巡航,1616.8312625288938,1636.5391244653458,直连,,158,PASS,worst_obstruction_endpoint_distance,4.4149250998654,2379.8111956219427,True,,端点最大距离且全时段按遮挡计损仍满足双向预算
T003,巡航,1636.5391244653458,1656.2469864017976,直连,,159,PASS,worst_obstruction_endpoint_distance,5.5582357768518165,2086.3010154813837,True,,端点最大距离且全时段按遮挡计损仍满足双向预算
T003,巡航,1656.2469864017976,1675.9548483382496,直连,,160,PASS,worst_obstruction_endpoint_distance,6.871828288485418,1793.4833279230154,True,,端点最大距离且全时段按遮挡计损仍满足双向预算
T003,巡航,1675.9548483382496,1695.6627102747013,直连,,161,PASS,worst_obstruction_endpoint_distance,8.41374566235858,1501.763259580158,True,,端点最大距离且全时段按遮挡计损仍满足双向预算
T003,巡航,1695.6627102747013,1715.370572211153,直连,,162,PASS,worst_obstruction_endpoint_distance,10.276198059579158,1211.9336813788218,True,,端点最大距离且全时段按遮挡计损仍满足双向预算
T003,巡航,1715.370572211153,1735.078434147605,直连,,163,PASS,worst_obstruction_endpoint_distance,12.615695694557388,925.7718553957753,True,,端点最大距离且全时段按遮挡计损仍满足双向预算
T003,巡航,1735.078434147605,1754.7862960840569,直连,,164,PASS,worst_obstruction_endpoint_distance,15.71220980707109,648.1540930775991,True,,端点最大距离且全时段按遮挡计损仍满足双向预算
T003,巡航,1754.7862960840569,1774.4941580205086,直连,,165,PASS,worst_obstruction_endpoint_distance,19.961022984094825,397.40891843474714,True,,端点最大距离且全时段按遮挡计损仍满足双向预算
T003,下降,1774.4941580205086,1793.5342243453783,直连,,166,PASS,worst_obstruction_endpoint_distance,23.4611812166777,265.600994873047,True,,端点最大距离且全时段按遮挡计损仍满足双向预算
T003,下降,1793.5342243453783,1812.5742906702483,直连,,167,PASS,worst_obstruction_endpoint_distance,25.176612261026463,218.00082906087277,True,,端点最大距离且全时段按遮挡计损仍满足双向预算
T003,下降,1812.5742906702483,1831.6143569951182,直连,,168,PASS,worst_obstruction_endpoint_distance,27.316349549092152,170.40066324869798,True,,端点最大距离且全时段按遮挡计损仍满足双向预算
T003,下降,1831.6143569951182,1850.654423319988,直连,,169,PASS,worst_obstruction_endpoint_distance,30.161772645055848,122.80049743652324,True,,端点最大距离且全时段按遮挡计损仍满足双向预算
T003,下降,1850.654423319988,1869.6944896448576,直连,,170,PASS,worst_obstruction_endpoint_distance,34.42138005012991,75.20033162434902,True,,端点最大距离且全时段按遮挡计损仍满足双向预算
T003,下降,1869.6944896448576,1888.7345559697276,直连,,171,PASS,worst_obstruction_endpoint_distance,43.127541342509744,27.600165812174765,True,,端点最大距离且全时段按遮挡计损仍满足双向预算
T004,爬升,390.0,408.1254254150391,直连,,172,PASS,worst_obstruction_endpoint_distance,43.878709413313516,25.31356353759776,True,,端点最大距离且全时段按遮挡计损仍满足双向预算
T004,爬升,408.1254254150391,426.2508508300782,直连,,173,PASS,worst_obstruction_endpoint_distance,34.966344352585295,70.62712707519552,True,,端点最大距离且全时段按遮挡计损仍满足双向预算
T004,爬升,426.2508508300782,444.3762762451173,直连,,174,PASS,worst_obstruction_endpoint_distance,30.66105750651289,115.94069061279328,True,,端点最大距离且全时段按遮挡计损仍满足双向预算
T004,爬升,444.3762762451173,462.5017016601564,直连,,175,PASS,worst_obstruction_endpoint_distance,27.79555154865507,161.25425415039103,True,,端点最大距离且全时段按遮挡计损仍满足双向预算
T004,巡航,462.5017016601564,482.26518888352246,直连,,176,PASS,worst_obstruction_endpoint_distance,21.38103723570191,337.4713404244516,True,,端点最大距离且全时段按遮挡计损仍满足双向预算
T004,巡航,482.26518888352246,502.0286761068885,直连,,177,PASS,worst_obstruction_endpoint_distance,16.17615903644753,614.4418760035281,True,,端点最大距离且全时段按遮挡计损仍满足双向预算
T004,巡航,502.0286761068885,521.7921633302547,直连,,178,PASS,worst_obstruction_endpoint_distance,12.823774280234389,903.8576628091926,True,,端点最大距离且全时段按遮挡计损仍满足双向预算
T004,巡航,521.7921633302547,541.5556505536206,直连,,179,PASS,worst_obstruction_endpoint_distance,10.385900789493661,1196.723223014895,True,,端点最大距离且全时段按遮挡计损仍满足双向预算
T004,巡航,541.5556505536206,561.3191377769867,直连,,180,PASS,worst_obstruction_endpoint_distance,8.476180856524223,1491.0071135443768,True,,端点最大距离且全时段按遮挡计损仍满足双向预算
T004,巡航,561.3191377769867,581.0826250003528,直连,,181,PASS,worst_obstruction_endpoint_distance,6.908105372473543,1786.0083692495245,True,,端点最大距离且全时段按遮挡计损仍满足双向预算
T004,巡航,581.0826250003528,600.8461122237188,直连,,182,PASS,worst_obstruction_endpoint_distance,5.578572376014165,2081.421994615999,True,,端点最大距离且全时段按遮挡计损仍满足双向预算
T004,巡航,600.8461122237188,620.6095994470849,直连,,183,PASS,worst_obstruction_endpoint_distance,4.424847125248689,2377.0942527732964,True,,端点最大距离且全时段按遮挡计损仍满足双向预算
T004,巡航,620.6095994470849,640.3730866704509,直连,,184,PASS,worst_obstruction_endpoint_distance,3.4059931797055043,2672.939317626779,True,,端点最大距离且全时段按遮挡计损仍满足双向预算
T004,巡航,640.3730866704509,660.136573893817,直连,,185,PASS,worst_obstruction_endpoint_distance,2.4938475922613463,2968.9055301769163,True,,端点最大距离且全时段按遮挡计损仍满足双向预算
T004,巡航,660.136573893817,679.900061117183,直连,,186,PASS,worst_obstruction_endpoint_distance,1.6682180133278024,3264.9599447416617,True,,端点最大距离且全时段按遮挡计损仍满足双向预算
T004,巡航,679.900061117183,699.6635483405491,直连,,187,PASS,worst_obstruction_endpoint_distance,0.9141391873638156,3561.0805630696686,True,,端点最大距离且全时段按遮挡计损仍满足双向预算
T004,巡航,699.6635483405491,719.4270355639151,直连,,188,PASS,worst_obstruction_endpoint_distance,0.2202145974620322,3857.2521378350943,True,,端点最大距离且全时段按遮挡计损仍满足双向预算
T004,巡航,719.4270355639151,739.1905227872812,中继,R001,189,PASS,worst_obstruction_endpoint_distance,1.7986941689042766,1611.9592170068474,True,,端点最大距离且全时段按遮挡计损仍满足双向预算
T004,巡航,739.1905227872812,758.9540100106472,中继,R001,190,PASS,worst_obstruction_endpoint_distance,3.548725382916672,1317.8090603809612,True,,端点最大距离且全时段按遮挡计损仍满足双向预算
T004,巡航,758.9540100106472,778.7174972340133,中继,R001,191,PASS,worst_obstruction_endpoint_distance,5.731414163795407,1024.9862751293902,True,,端点最大距离且全时段按遮挡计损仍满足双向预算
T004,巡航,778.7174972340133,798.4809844573793,中继,R001,192,PASS,worst_obstruction_endpoint_distance,8.619096337392278,735.0788740248184,True,,端点最大距离且全时段按遮挡计损仍满足双向预算
T004,巡航,798.4809844573793,818.2444716807454,中继,R002,193,PASS,worst_obstruction_endpoint_distance,0.0883123486256494,1962.7868552554803,True,,端点最大距离且全时段按遮挡计损仍满足双向预算
T004,巡航,818.2444716807454,838.0079589041114,中继,R001,194,PASS,worst_obstruction_endpoint_distance,17.87171950183982,253.33942657084106,True,,端点最大距离且全时段按遮挡计损仍满足双向预算
T004,巡航,838.0079589041114,857.7714461274775,中继,R001,195,PASS,worst_obstruction_endpoint_distance,11.846499345070555,506.94844008022034,True,,端点最大距离且全时段按遮挡计损仍满足双向预算
T004,巡航,857.7714461274775,877.5349333508436,中继,R001,196,PASS,worst_obstruction_endpoint_distance,7.982943005401779,790.9364822770917,True,,端点最大距离且全时段按遮挡计损仍满足双向预算
T004,巡航,877.5349333508436,897.2984205742096,中继,R001,197,PASS,worst_obstruction_endpoint_distance,5.2641680033805756,1081.634069057801,True,,端点最大距离且全时段按遮挡计损仍满足双向预算
T004,巡航,897.2984205742096,917.0619077975757,中继,R001,198,PASS,worst_obstruction_endpoint_distance,3.1810377706371042,1374.7915994615264,True,,端点最大距离且全时段按遮挡计损仍满足双向预算
T004,巡航,917.0619077975757,936.8253950209418,中继,R001,199,PASS,worst_obstruction_endpoint_distance,1.4960582519514247,1669.113407412768,True,,端点最大距离且全时段按遮挡计损仍满足双向预算
T004,巡航,936.8253950209418,956.5888822443078,中继,R001,200,PASS,worst_obstruction_endpoint_distance,0.08260871375279066,1964.076152778362,True,,端点最大距离且全时段按遮挡计损仍满足双向预算
T004,下降,956.5888822443078,971.4979246027062,中继,R001,201,PASS,worst_obstruction_endpoint_distance,0.08260871375279066,1964.076152778362,True,,端点最大距离且全时段按遮挡计损仍满足双向预算
T004,下降,971.4979246027062,986.4069669611046,中继,R001,202,PASS,worst_obstruction_endpoint_distance,0.08318935627910662,1963.944860755383,True,,端点最大距离且全时段按遮挡计损仍满足双向预算
T004,下降,986.4069669611046,1001.316009319503,中继,R001,203,PASS,worst_obstruction_endpoint_distance,0.0804771903531929,1964.5581975862738,True,,端点最大距离且全时段按遮挡计损仍满足双向预算
T004,投送,1001.316009319503,1020.7006247041184,中继,R001,204,PASS,exact_point,0.0804771903531929,1964.5581975862738,,,独立计算 DEM 遮挡、自由空间损耗与双向预算
T004,投送,1020.7006247041184,1040.0852400887338,中继,R001,205,PASS,exact_point,0.0804771903531929,1964.5581975862738,,,独立计算 DEM 遮挡、自由空间损耗与双向预算
T004,投送,1040.0852400887338,1059.469855473349,中继,R001,206,PASS,exact_point,0.0804771903531929,1964.5581975862738,,,独立计算 DEM 遮挡、自由空间损耗与双向预算
T004,投送,1059.469855473349,1078.8544708579645,中继,R001,207,PASS,exact_point,0.0804771903531929,1964.5581975862738,,,独立计算 DEM 遮挡、自由空间损耗与双向预算
T004,投送,1078.8544708579645,1098.2390862425798,中继,R001,208,PASS,exact_point,0.0804771903531929,1964.5581975862738,,,独立计算 DEM 遮挡、自由空间损耗与双向预算
T004,投送,1098.2390862425798,1117.6237016271953,中继,R001,209,PASS,exact_point,0.0804771903531929,1964.5581975862738,,,独立计算 DEM 遮挡、自由空间损耗与双向预算
T004,投送,1117.6237016271953,1137.0083170118105,中继,R001,210,PASS,exact_point,0.0804771903531929,1964.5581975862738,,,独立计算 DEM 遮挡、自由空间损耗与双向预算
T004,投送,1137.0083170118105,1156.392932396426,中继,R001,211,PASS,exact_point,0.0804771903531929,1964.5581975862738,,,独立计算 DEM 遮挡、自由空间损耗与双向预算
T004,投送,1156.392932396426,1175.7775477810414,中继,R001,212,PASS,exact_point,0.0804771903531929,1964.5581975862738,,,独立计算 DEM 遮挡、自由空间损耗与双向预算
T004,投送,1175.7775477810414,1195.1621631656567,中继,R001,213,PASS,exact_point,0.0804771903531929,1964.5581975862738,,,独立计算 DEM 遮挡、自由空间损耗与双向预算
T004,投送,1195.1621631656567,1214.5467785502722,中继,R001,214,PASS,exact_point,0.0804771903531929,1964.5581975862738,,,独立计算 DEM 遮挡、自由空间损耗与双向预算
T004,投送,1214.5467785502722,1233.9313939348874,中继,R001,215,PASS,exact_point,0.0804771903531929,1964.5581975862738,,,独立计算 DEM 遮挡、自由空间损耗与双向预算
T004,投送,1233.9313939348874,1253.3160093195029,中继,R001,216,PASS,exact_point,0.0804771903531929,1964.5581975862738,,,独立计算 DEM 遮挡、自由空间损耗与双向预算
T004,爬升,1253.3160093195029,1271.206860149581,中继,R001,217,PASS,worst_obstruction_endpoint_distance,0.0804771903531929,1964.5581975862738,True,,端点最大距离且全时段按遮挡计损仍满足双向预算
T004,爬升,1271.206860149581,1289.097710979659,中继,R001,218,PASS,worst_obstruction_endpoint_distance,0.08260871375279066,1964.076152778362,True,,端点最大距离且全时段按遮挡计损仍满足双向预算
T004,巡航,1289.097710979659,1308.8611982030252,中继,R001,219,PASS,worst_obstruction_endpoint_distance,0.08260871375279066,1964.076152778362,True,,端点最大距离且全时段按遮挡计损仍满足双向预算
T004,巡航,1308.8611982030252,1328.6246854263911,中继,R001,220,PASS,worst_obstruction_endpoint_distance,1.4960582519514247,1669.113407412768,True,,端点最大距离且全时段按遮挡计损仍满足双向预算
T004,巡航,1328.6246854263911,1348.3881726497573,中继,R001,221,PASS,worst_obstruction_endpoint_distance,3.1810377706371042,1374.7915994615264,True,,端点最大距离且全时段按遮挡计损仍满足双向预算
T004,巡航,1348.3881726497573,1368.1516598731232,中继,R001,222,PASS,worst_obstruction_endpoint_distance,5.2641680033805756,1081.634069057801,True,,端点最大距离且全时段按遮挡计损仍满足双向预算
T004,巡航,1368.1516598731232,1387.9151470964894,中继,R001,223,PASS,worst_obstruction_endpoint_distance,7.982943005401779,790.9364822770917,True,,端点最大距离且全时段按遮挡计损仍满足双向预算
T004,巡航,1387.9151470964894,1407.6786343198553,中继,R001,224,PASS,worst_obstruction_endpoint_distance,11.846499345070555,506.94844008022034,True,,端点最大距离且全时段按遮挡计损仍满足双向预算
T004,巡航,1407.6786343198553,1427.4421215432214,中继,R001,225,PASS,worst_obstruction_endpoint_distance,17.87171950183982,253.33942657084106,True,,端点最大距离且全时段按遮挡计损仍满足双向预算
T004,巡航,1427.4421215432214,1447.2056087665874,中继,R002,226,PASS,worst_obstruction_endpoint_distance,0.0883123486256494,1962.7868552554803,True,,端点最大距离且全时段按遮挡计损仍满足双向预算
T004,巡航,1447.2056087665874,1466.9690959899535,中继,R001,227,PASS,worst_obstruction_endpoint_distance,8.619096337392278,735.0788740248184,True,,端点最大距离且全时段按遮挡计损仍满足双向预算
T004,巡航,1466.9690959899535,1486.7325832133197,中继,R001,228,PASS,worst_obstruction_endpoint_distance,5.731414163795407,1024.9862751293902,True,,端点最大距离且全时段按遮挡计损仍满足双向预算
T004,巡航,1486.7325832133197,1506.4960704366856,中继,R001,229,PASS,worst_obstruction_endpoint_distance,3.548725382916672,1317.8090603809612,True,,端点最大距离且全时段按遮挡计损仍满足双向预算
T004,巡航,1506.4960704366856,1526.2595576600518,中继,R001,230,PASS,worst_obstruction_endpoint_distance,1.7986941689042766,1611.9592170068474,True,,端点最大距离且全时段按遮挡计损仍满足双向预算
T004,巡航,1526.2595576600518,1546.0230448834177,直连,,231,PASS,worst_obstruction_endpoint_distance,0.2202145974620322,3857.2521378350943,True,,端点最大距离且全时段按遮挡计损仍满足双向预算
T004,巡航,1546.0230448834177,1565.7865321067839,直连,,232,PASS,worst_obstruction_endpoint_distance,0.9141391873638156,3561.0805630696686,True,,端点最大距离且全时段按遮挡计损仍满足双向预算
T004,巡航,1565.7865321067839,1585.5500193301498,直连,,233,PASS,worst_obstruction_endpoint_distance,1.6682180133278024,3264.9599447416617,True,,端点最大距离且全时段按遮挡计损仍满足双向预算
T004,巡航,1585.5500193301498,1605.313506553516,直连,,234,PASS,worst_obstruction_endpoint_distance,2.4938475922613463,2968.9055301769163,True,,端点最大距离且全时段按遮挡计损仍满足双向预算
T004,巡航,1605.313506553516,1625.0769937768819,直连,,235,PASS,worst_obstruction_endpoint_distance,3.4059931797055043,2672.939317626779,True,,端点最大距离且全时段按遮挡计损仍满足双向预算
T004,巡航,1625.0769937768819,1644.840481000248,直连,,236,PASS,worst_obstruction_endpoint_distance,4.424847125248689,2377.0942527732964,True,,端点最大距离且全时段按遮挡计损仍满足双向预算
T004,巡航,1644.840481000248,1664.6039682236142,直连,,237,PASS,worst_obstruction_endpoint_distance,5.578572376014165,2081.421994615999,True,,端点最大距离且全时段按遮挡计损仍满足双向预算
T004,巡航,1664.6039682236142,1684.36745544698,直连,,238,PASS,worst_obstruction_endpoint_distance,6.908105372473543,1786.0083692495245,True,,端点最大距离且全时段按遮挡计损仍满足双向预算
T004,巡航,1684.36745544698,1704.1309426703463,直连,,239,PASS,worst_obstruction_endpoint_distance,8.476180856524223,1491.0071135443768,True,,端点最大距离且全时段按遮挡计损仍满足双向预算
T004,巡航,1704.1309426703463,1723.8944298937122,直连,,240,PASS,worst_obstruction_endpoint_distance,10.385900789493661,1196.723223014895,True,,端点最大距离且全时段按遮挡计损仍满足双向预算
T004,巡航,1723.8944298937122,1743.6579171170783,直连,,241,PASS,worst_obstruction_endpoint_distance,12.823774280234389,903.8576628091926,True,,端点最大距离且全时段按遮挡计损仍满足双向预算
T004,巡航,1743.6579171170783,1763.4214043404445,直连,,242,PASS,worst_obstruction_endpoint_distance,16.17615903644753,614.4418760035281,True,,端点最大距离且全时段按遮挡计损仍满足双向预算
T004,巡航,1763.4214043404445,1783.1848915638104,直连,,243,PASS,worst_obstruction_endpoint_distance,21.38103723570191,337.4713404244516,True,,端点最大距离且全时段按遮挡计损仍满足双向预算
T004,下降,1783.1848915638104,1801.3103169788496,直连,,244,PASS,worst_obstruction_endpoint_distance,27.79555154865507,161.25425415039103,True,,端点最大距离且全时段按遮挡计损仍满足双向预算
T004,下降,1801.3103169788496,1819.4357423938886,直连,,245,PASS,worst_obstruction_endpoint_distance,30.007338421908955,125.00340332031266,True,,端点最大距离且全时段按遮挡计损仍满足双向预算
T004,下降,1819.4357423938886,1837.5611678089278,直连,,246,PASS,worst_obstruction_endpoint_distance,32.98215812469377,88.7525524902347,True,,端点最大距离且全时段按遮挡计损仍满足双向预算
T004,下降,1837.5611678089278,1855.6865932239668,直连,,247,PASS,worst_obstruction_endpoint_distance,37.542307570167054,52.5017016601563,True,,端点最大距离且全时段按遮挡计损仍满足双向预算
T004,下降,1855.6865932239668,1873.812018639006,直连,,248,PASS,worst_obstruction_endpoint_distance,45.92517525248826,20.0,True,,端点最大距离且全时段按遮挡计损仍满足双向预算
T005,爬升,406.0,422.5528912353516,直连,,249,PASS,worst_obstruction_endpoint_distance,45.34471600699308,21.38222808837895,True,,端点最大距离且全时段按遮挡计损仍满足双向预算
T005,爬升,422.5528912353516,439.1057824707032,直连,,250,PASS,worst_obstruction_endpoint_distance,35.99149976120049,62.76445617675802,True,,端点最大距离且全时段按遮挡计损仍满足双向预算
T005,爬升,439.1057824707032,455.65867370605486,直连,,251,PASS,worst_obstruction_endpoint_distance,31.592866209766527,104.14668426513711,True,,端点最大距离且全时段按遮挡计损仍满足双向预算
T005,爬升,455.65867370605486,472.21156494140644,直连,,252,PASS,worst_obstruction_endpoint_distance,28.68678949476505,145.52891235351603,True,,端点最大距离且全时段按遮挡计损仍满足双向预算
T005,巡航,472.21156494140644,491.2287276733136,直连,,253,PASS,worst_obstruction_endpoint_distance,21.836398531290612,320.2350261363581,True,,端点最大距离且全时段按遮挡计损仍满足双向预算
T005,巡航,491.2287276733136,510.2458904052207,直连,,254,PASS,worst_obstruction_endpoint_distance,16.546663988902537,588.7834023351405,True,,端点最大距离且全时段按遮挡计损仍满足双向预算
T005,巡航,510.2458904052207,529.2630531371278,直连,,255,PASS,worst_obstruction_endpoint_distance,13.174798895214863,868.0581392014765,True,,端点最大距离且全时段按遮挡计损仍满足双向预算
T005,巡航,529.2630531371278,548.2802158690349,直连,,256,PASS,worst_obstruction_endpoint_distance,10.729757922473041,1150.2728313183097,True,,端点最大距离且全时段按遮挡计损仍满足双向预算
T005,巡航,548.2802158690349,567.2973786009421,直连,,257,PASS,worst_obstruction_endpoint_distance,8.816655594821057,1433.6923851274319,True,,端点最大距离且全时段按遮挡计损仍满足双向预算
T005,巡航,567.2973786009421,586.3145413328492,直连,,258,PASS,worst_obstruction_endpoint_distance,7.246725157142279,1717.7205067016116,True,,端点最大距离且全时段按遮挡计损仍满足双向预算
T005,巡航,586.3145413328492,605.3317040647564,直连,,259,PASS,worst_obstruction_endpoint_distance,5.916067623284519,2002.0982089747577,True,,端点最大距离且全时段按遮挡计损仍满足双向预算
T005,巡航,605.3317040647564,624.3488667966635,直连,,260,PASS,worst_obstruction_endpoint_distance,4.761610048728812,2286.6950721260782,True,,端点最大距离且全时段按遮挡计损仍满足双向预算
T005,巡航,624.3488667966635,643.3660295285706,直连,,261,PASS,worst_obstruction_endpoint_distance,3.7422529026328704,2571.4383295456846,True,,端点最大距离且全时段按遮挡计损仍满足双向预算
T005,巡航,643.3660295285706,662.3831922604777,直连,,262,PASS,worst_obstruction_endpoint_distance,2.829746817360757,2856.284199392131,True,,端点最大距离且全时段按遮挡计损仍满足双向预算
T005,巡航,662.3831922604777,681.4003549923849,直连,,263,PASS,worst_obstruction_endpoint_distance,2.003850208797573,3141.204766965233,True,,端点最大距离且全时段按遮挡计损仍满足双向预算
T005,巡航,681.4003549923849,700.417517724292,直连,,264,PASS,worst_obstruction_endpoint_distance,1.2495681126698628,3426.1813967707103,True,,端点最大距离且全时段按遮挡计损仍满足双向预算
T005,巡航,700.417517724292,719.4346804561992,直连,,265,PASS,worst_obstruction_endpoint_distance,0.5554852276978011,3711.20117407028,True,,端点最大距离且全时段按遮挡计损仍满足双向预算
T005,巡航,719.4346804561992,738.4518431881063,中继,R001,266,PASS,worst_obstruction_endpoint_distance,1.0826492244121937,1750.476549554645,True,,端点最大距离且全时段按遮挡计损仍满足双向预算
T005,巡航,738.4518431881063,757.4690059200134,中继,R001,267,PASS,worst_obstruction_endpoint_distance,2.627258519793102,1465.2975798126802,True,,端点最大距离且全时段按遮挡计损仍满足双向预算
T005,巡航,757.4690059200134,776.4861686519205,中继,R002,268,PASS,worst_obstruction_endpoint_distance,0.012848229143784806,1979.914092432215,True,,端点最大距离且全时段按遮挡计损仍满足双向预算
T005,巡航,776.4861686519205,795.5033313838277,中继,R002,269,PASS,worst_obstruction_endpoint_distance,0.5345448573881413,1864.4962551646481,True,,端点最大距离且全时段按遮挡计损仍满足双向预算
T005,巡航,795.5033313838277,814.5204941157349,中继,R002,270,PASS,worst_obstruction_endpoint_distance,0.9005549694705337,1787.5615717791145,True,,端点最大距离且全时段按遮挡计损仍满足双向预算
T005,巡航,814.5204941157349,833.537656847642,中继,R002,271,PASS,worst_obstruction_endpoint_distance,1.001908884717949,1766.8240980527955,True,,端点最大距离且全时段按遮挡计损仍满足双向预算
T005,巡航,833.537656847642,852.5548195795491,中继,R002,272,PASS,worst_obstruction_endpoint_distance,0.7227307187954182,1824.5350987692664,True,,端点最大距离且全时段按遮挡计损仍满足双向预算
T005,下降,852.5548195795491,868.362047667928,中继,R002,273,PASS,worst_obstruction_endpoint_distance,0.7150983708654053,1826.1390342629602,True,,端点最大距离且全时段按遮挡计损仍满足双向预算
T005,下降,868.362047667928,884.1692757563069,中继,R002,274,PASS,worst_obstruction_endpoint_distance,0.7048814896830464,1828.2883158723741,True,,端点最大距离且全时段按遮挡计损仍满足双向预算
T005,投送,884.1692757563069,903.5538911409222,中继,R002,275,PASS,exact_point,0.7048814896830464,1828.2883158723741,,,独立计算 DEM 遮挡、自由空间损耗与双向预算
T005,投送,903.5538911409222,922.9385065255376,中继,R002,276,PASS,exact_point,0.7048814896830464,1828.2883158723741,,,独立计算 DEM 遮挡、自由空间损耗与双向预算
T005,投送,922.9385065255376,942.3231219101531,中继,R002,277,PASS,exact_point,0.7048814896830464,1828.2883158723741,,,独立计算 DEM 遮挡、自由空间损耗与双向预算
T005,投送,942.3231219101531,961.7077372947684,中继,R002,278,PASS,exact_point,0.7048814896830464,1828.2883158723741,,,独立计算 DEM 遮挡、自由空间损耗与双向预算
T005,投送,961.7077372947684,981.0923526793838,中继,R002,279,PASS,exact_point,0.7048814896830464,1828.2883158723741,,,独立计算 DEM 遮挡、自由空间损耗与双向预算
T005,投送,981.0923526793838,1000.4769680639992,中继,R002,280,PASS,exact_point,0.7048814896830464,1828.2883158723741,,,独立计算 DEM 遮挡、自由空间损耗与双向预算
T005,投送,1000.4769680639992,1019.8615834486145,中继,R002,281,PASS,exact_point,0.7048814896830464,1828.2883158723741,,,独立计算 DEM 遮挡、自由空间损耗与双向预算
T005,投送,1019.8615834486145,1039.24619883323,中继,R002,282,PASS,exact_point,0.7048814896830464,1828.2883158723741,,,独立计算 DEM 遮挡、自由空间损耗与双向预算
T005,投送,1039.24619883323,1058.6308142178455,中继,R002,283,PASS,exact_point,0.7048814896830464,1828.2883158723741,,,独立计算 DEM 遮挡、自由空间损耗与双向预算
T005,投送,1058.6308142178455,1078.0154296024607,中继,R002,284,PASS,exact_point,0.7048814896830464,1828.2883158723741,,,独立计算 DEM 遮挡、自由空间损耗与双向预算
T005,投送,1078.0154296024607,1097.4000449870762,中继,R002,285,PASS,exact_point,0.7048814896830464,1828.2883158723741,,,独立计算 DEM 遮挡、自由空间损耗与双向预算
T005,投送,1097.4000449870762,1116.7846603716914,中继,R002,286,PASS,exact_point,0.7048814896830464,1828.2883158723741,,,独立计算 DEM 遮挡、自由空间损耗与双向预算
T005,投送,1116.7846603716914,1136.169275756307,中继,R002,287,PASS,exact_point,0.7048814896830464,1828.2883158723741,,,独立计算 DEM 遮挡、自由空间损耗与双向预算
T005,爬升,1136.169275756307,1148.81505822701,中继,R002,288,PASS,worst_obstruction_endpoint_distance,0.7048814896830464,1828.2883158723741,True,,端点最大距离且全时段按遮挡计损仍满足双向预算
T005,爬升,1148.81505822701,1161.4608406977131,中继,R002,289,PASS,worst_obstruction_endpoint_distance,0.7150983708654053,1826.1390342629602,True,,端点最大距离且全时段按遮挡计损仍满足双向预算
T005,巡航,1161.4608406977131,1180.4780034296202,中继,R002,290,PASS,worst_obstruction_endpoint_distance,0.7227307187954182,1824.5350987692664,True,,端点最大距离且全时段按遮挡计损仍满足双向预算
T005,巡航,1180.4780034296202,1199.4951661615273,中继,R002,291,PASS,worst_obstruction_endpoint_distance,1.001908884717949,1766.8240980527955,True,,端点最大距离且全时段按遮挡计损仍满足双向预算
T005,巡航,1199.4951661615273,1218.5123288934346,中继,R002,292,PASS,worst_obstruction_endpoint_distance,0.9005549694705337,1787.5615717791145,True,,端点最大距离且全时段按遮挡计损仍满足双向预算
T005,巡航,1218.5123288934346,1237.5294916253417,中继,R002,293,PASS,worst_obstruction_endpoint_distance,0.5345448573881413,1864.4962551646481,True,,端点最大距离且全时段按遮挡计损仍满足双向预算
T005,巡航,1237.5294916253417,1256.5466543572488,中继,R002,294,PASS,worst_obstruction_endpoint_distance,0.012848229143784806,1979.914092432215,True,,端点最大距离且全时段按遮挡计损仍满足双向预算
T005,巡航,1256.5466543572488,1275.563817089156,中继,R001,295,PASS,worst_obstruction_endpoint_distance,2.627258519793102,1465.2975798126802,True,,端点最大距离且全时段按遮挡计损仍满足双向预算
T005,巡航,1275.563817089156,1294.580979821063,中继,R001,296,PASS,worst_obstruction_endpoint_distance,1.0826492244121937,1750.476549554645,True,,端点最大距离且全时段按遮挡计损仍满足双向预算
T005,巡航,1294.580979821063,1313.5981425529703,直连,,297,PASS,worst_obstruction_endpoint_distance,0.5554852276978011,3711.20117407028,True,,端点最大距离且全时段按遮挡计损仍满足双向预算
T005,巡航,1313.5981425529703,1332.6153052848774,直连,,298,PASS,worst_obstruction_endpoint_distance,1.2495681126698628,3426.1813967707103,True,,端点最大距离且全时段按遮挡计损仍满足双向预算
T005,巡航,1332.6153052848774,1351.6324680167845,直连,,299,PASS,worst_obstruction_endpoint_distance,2.003850208797573,3141.204766965233,True,,端点最大距离且全时段按遮挡计损仍满足双向预算
T005,巡航,1351.6324680167845,1370.6496307486916,直连,,300,PASS,worst_obstruction_endpoint_distance,2.829746817360757,2856.284199392131,True,,端点最大距离且全时段按遮挡计损仍满足双向预算
T005,巡航,1370.6496307486916,1389.6667934805987,直连,,301,PASS,worst_obstruction_endpoint_distance,3.7422529026328704,2571.4383295456846,True,,端点最大距离且全时段按遮挡计损仍满足双向预算
T005,巡航,1389.6667934805987,1408.683956212506,直连,,302,PASS,worst_obstruction_endpoint_distance,4.761610048728812,2286.6950721260782,True,,端点最大距离且全时段按遮挡计损仍满足双向预算
T005,巡航,1408.683956212506,1427.701118944413,直连,,303,PASS,worst_obstruction_endpoint_distance,5.916067623284519,2002.0982089747577,True,,端点最大距离且全时段按遮挡计损仍满足双向预算
T005,巡航,1427.701118944413,1446.7182816763202,直连,,304,PASS,worst_obstruction_endpoint_distance,7.246725157142279,1717.7205067016116,True,,端点最大距离且全时段按遮挡计损仍满足双向预算
T005,巡航,1446.7182816763202,1465.7354444082273,直连,,305,PASS,worst_obstruction_endpoint_distance,8.816655594821057,1433.6923851274319,True,,端点最大距离且全时段按遮挡计损仍满足双向预算
T005,巡航,1465.7354444082273,1484.7526071401344,直连,,306,PASS,worst_obstruction_endpoint_distance,10.729757922473041,1150.2728313183097,True,,端点最大距离且全时段按遮挡计损仍满足双向预算
T005,巡航,1484.7526071401344,1503.7697698720417,直连,,307,PASS,worst_obstruction_endpoint_distance,13.174798895214863,868.0581392014765,True,,端点最大距离且全时段按遮挡计损仍满足双向预算
T005,巡航,1503.7697698720417,1522.7869326039488,直连,,308,PASS,worst_obstruction_endpoint_distance,16.546663988902537,588.7834023351405,True,,端点最大距离且全时段按遮挡计损仍满足双向预算
T005,巡航,1522.7869326039488,1541.804095335856,直连,,309,PASS,worst_obstruction_endpoint_distance,21.836398531290612,320.2350261363581,True,,端点最大距离且全时段按遮挡计损仍满足双向预算
T005,下降,1541.804095335856,1558.3569865712075,直连,,310,PASS,worst_obstruction_endpoint_distance,28.68678949476505,145.52891235351603,True,,端点最大距离且全时段按遮挡计损仍满足双向预算
T005,下降,1558.3569865712075,1574.909877806559,直连,,311,PASS,worst_obstruction_endpoint_distance,30.928661726328315,112.42312988281282,True,,端点最大距离且全时段按遮挡计损仍满足双向预算
T005,下降,1574.909877806559,1591.4627690419106,直连,,312,PASS,worst_obstruction_endpoint_distance,33.95841153002604,79.3173474121096,True,,端点最大距离且全时段按遮挡计损仍满足双向预算
T005,下降,1591.4627690419106,1608.0156602772622,直连,,313,PASS,worst_obstruction_endpoint_distance,38.65076164524915,46.211564941406436,True,,端点最大距离且全时段按遮挡计损仍满足双向预算
T005,下降,1608.0156602772622,1624.5685515126138,直连,,314,PASS,worst_obstruction_endpoint_distance,45.92517525248826,20.0,True,,端点最大距离且全时段按遮挡计损仍满足双向预算
T006,爬升,2421.0,2440.3436411539715,直连,,315,PASS,worst_obstruction_endpoint_distance,40.343037745338265,38.03092346191437,True,,端点最大距离且全时段按遮挡计损仍满足双向预算
T006,爬升,2440.3436411539715,2459.687282307943,直连,,316,PASS,worst_obstruction_endpoint_distance,32.29475651968478,96.06184692382868,True,,端点最大距离且全时段按遮挡计损仍满足双向预算
T006,爬升,2459.687282307943,2479.0309234619144,直连,,317,PASS,worst_obstruction_endpoint_distance,28.190129900190144,154.09277038574305,True,,端点最大距离且全时段按遮挡计损仍满足双向预算
T006,爬升,2479.0309234619144,2498.3745646158854,直连,,318,PASS,worst_obstruction_endpoint_distance,25.41399154248265,212.12369384765606,True,,端点最大距离且全时段按遮挡计损仍满足双向预算
T006,爬升,2498.3745646158854,2517.718205769857,直连,,319,PASS,worst_obstruction_endpoint_distance,23.31352727333625,270.15461730957037,True,,端点最大距离且全时段按遮挡计损仍满足双向预算
T006,爬升,2517.718205769857,2537.0618469238284,直连,,320,PASS,worst_obstruction_endpoint_distance,21.62338630671509,328.18554077148474,True,,端点最大距离且全时段按遮挡计损仍满足双向预算
T006,爬升,2537.0618469238284,2556.4054880778,直连,,321,PASS,worst_obstruction_endpoint_distance,20.209159493456326,386.2164642333991,True,,端点最大距离且全时段按遮挡计损仍满足双向预算
T006,爬升,2556.4054880778,2575.749129231771,直连,,322,PASS,worst_obstruction_endpoint_distance,18.993277511644692,444.24738769531206,True,,端点最大距离且全时段按遮挡计损仍满足双向预算
T006,巡航,2575.749129231771,2595.385253126678,直连,,323,PASS,worst_obstruction_endpoint_distance,17.916649545737883,502.87064096726107,True,,端点最大距离且全时段按遮挡计损仍满足双向预算
T006,巡航,2595.385253126678,2615.0213770215846,直连,,324,PASS,worst_obstruction_endpoint_distance,15.71899076183928,647.6482855415965,True,,端点最大距离且全时段按遮挡计损仍满足双向预算
T006,巡航,2615.0213770215846,2634.6575009164912,直连,,325,PASS,worst_obstruction_endpoint_distance,13.5130486115427,834.9035885230084,True,,端点最大距离且全时段按遮挡计损仍满足双向预算
T006,巡航,2634.6575009164912,2654.2936248113983,直连,,326,PASS,worst_obstruction_endpoint_distance,11.588572854716219,1041.9817573440184,True,,端点最大距离且全时段按遮挡计损仍满足双向预算
T006,巡航,2654.2936248113983,2673.929748706305,直连,,327,PASS,worst_obstruction_endpoint_distance,9.944292824291068,1259.1402794336339,True,,端点最大距离且全时段按遮挡计损仍满足双向预算
T006,巡航,2673.929748706305,2693.5658726012116,直连,,328,PASS,worst_obstruction_endpoint_distance,8.529078472989426,1481.954379895724,True,,端点最大距离且全时段按遮挡计损仍满足双向预算
T006,巡航,2693.5658726012116,2713.201996496118,直连,,329,PASS,worst_obstruction_endpoint_distance,7.294937761347967,1708.2124004460284,True,,端点最大距离且全时段按遮挡计损仍满足双向预算
T006,巡航,2713.201996496118,2732.838120391025,直连,,330,PASS,worst_obstruction_endpoint_distance,6.2044935916322,1936.7076976478331,True,,端点最大距离且全时段按遮挡计损仍满足双向预算
T006,巡航,2732.838120391025,2752.474244285932,直连,,331,PASS,worst_obstruction_endpoint_distance,5.229668880125246,2166.7325832609313,True,,端点最大距离且全时段按遮挡计损仍满足双向预算
T006,巡航,2752.474244285932,2772.1103681808386,直连,,332,PASS,worst_obstruction_endpoint_distance,4.349346163073591,2397.8468985208874,True,,端点最大距离且全时段按遮挡计损仍满足双向预算
T006,巡航,2772.1103681808386,2791.746492075745,直连,,333,PASS,worst_obstruction_endpoint_distance,3.547441536545847,2629.763428575528,True,,端点最大距离且全时段按遮挡计损仍满足双向预算
T006,巡航,2791.746492075745,2811.3826159706523,直连,,334,PASS,worst_obstruction_endpoint_distance,2.811511051936634,2862.2871819484435,True,,端点最大距离且全时段按遮挡计损仍满足双向预算
T006,巡航,2811.3826159706523,2831.018739865559,直连,,335,PASS,worst_obstruction_endpoint_distance,2.131772647054248,3095.28131415617,True,,端点最大距离且全时段按遮挡计损仍满足双向预算
T006,巡航,2831.018739865559,2850.6548637604656,直连,,336,PASS,worst_obstruction_endpoint_distance,1.500420209250862,3328.6470518406963,True,,端点最大距离且全时段按遮挡计损仍满足双向预算
T006,巡航,2850.6548637604656,2870.290987655372,直连,,337,PASS,worst_obstruction_endpoint_distance,0.911137638147423,3562.3113645267736,True,,端点最大距离且全时段按遮挡计损仍满足双向预算
T006,巡航,2870.290987655372,2889.927111550279,直连,,338,PASS,worst_obstruction_endpoint_distance,0.35874972363353663,3796.2191190829435,True,,端点最大距离且全时段按遮挡计损仍满足双向预算
T006,巡航,2889.927111550279,2909.5632354451855,中继,R003,339,PASS,worst_obstruction_endpoint_distance,3.266702482514688,1361.299340639569,True,,端点最大距离且全时段按遮挡计损仍满足双向预算
T006,巡航,2909.5632354451855,2929.1993593400925,中继,R003,340,PASS,worst_obstruction_endpoint_distance,3.65634197875049,1301.5823757640605,True,,端点最大距离且全时段按遮挡计损仍满足双向预算
T006,巡航,2929.1993593400925,2948.835483234999,中继,R003,341,PASS,worst_obstruction_endpoint_distance,3.617802891321233,1307.3702970013408,True,,端点最大距离且全时段按遮挡计损仍满足双向预算
T006,巡航,2948.835483234999,2968.4716071299063,中继,R003,342,PASS,worst_obstruction_endpoint_distance,3.196495425185134,1372.3471572420888,True,,端点最大距离且全时段按遮挡计损仍满足双向预算
T006,巡航,2968.4716071299063,2988.107731024813,中继,R003,343,PASS,worst_obstruction_endpoint_distance,2.584175640430118,1472.5836569262096,True,,端点最大距离且全时段按遮挡计损仍满足双向预算
T006,巡航,2988.107731024813,3007.7438549197195,中继,R003,344,PASS,worst_obstruction_endpoint_distance,1.8553843634241076,1601.4727014364303,True,,端点最大距离且全时段按遮挡计损仍满足双向预算
T006,巡航,3007.7438549197195,3027.379978814626,中继,R003,345,PASS,worst_obstruction_endpoint_distance,1.071600826356132,1752.7045616393702,True,,端点最大距离且全时段按遮挡计损仍满足双向预算
T006,下降,3027.379978814626,3046.6557698302513,中继,R003,346,PASS,worst_obstruction_endpoint_distance,1.0686325652298336,1753.3036221923433,True,,端点最大距离且全时段按遮挡计损仍满足双向预算
T006,下降,3046.6557698302513,3065.931560845876,中继,R003,347,PASS,worst_obstruction_endpoint_distance,1.0591142360136558,1755.2260123087,True,,端点最大距离且全时段按遮挡计损仍满足双向预算
T006,下降,3065.931560845876,3085.207351861501,中继,R003,348,PASS,worst_obstruction_endpoint_distance,1.0430887776814899,1758.467391926386,True,,端点最大距离且全时段按遮挡计损仍满足双向预算
T006,下降,3085.207351861501,3104.483142877126,中继,R003,349,PASS,worst_obstruction_endpoint_distance,1.0206279905043374,1763.0204860246654,True,,端点最大距离且全时段按遮挡计损仍满足双向预算
T006,下降,3104.483142877126,3123.758933892751,中继,R003,350,PASS,worst_obstruction_endpoint_distance,0.9918314733706666,1768.8751655523586,True,,端点最大距离且全时段按遮挡计损仍满足双向预算
T006,投送,3123.758933892751,3143.758933892751,中继,R003,351,PASS,exact_point,0.9918314733706666,1768.8751655523586,,,独立计算 DEM 遮挡、自由空间损耗与双向预算
T006,投送,3143.758933892751,3163.758933892751,中继,R003,352,PASS,exact_point,0.9918314733706666,1768.8751655523586,,,独立计算 DEM 遮挡、自由空间损耗与双向预算
T006,投送,3163.758933892751,3183.758933892751,中继,R003,353,PASS,exact_point,0.9918314733706666,1768.8751655523586,,,独立计算 DEM 遮挡、自由空间损耗与双向预算
T006,投送,3183.758933892751,3203.758933892751,中继,R003,354,PASS,exact_point,0.9918314733706666,1768.8751655523586,,,独立计算 DEM 遮挡、自由空间损耗与双向预算
T006,投送,3203.758933892751,3223.758933892751,中继,R003,355,PASS,exact_point,0.9918314733706666,1768.8751655523586,,,独立计算 DEM 遮挡、自由空间损耗与双向预算
T006,投送,3223.758933892751,3243.758933892751,中继,R003,356,PASS,exact_point,0.9918314733706666,1768.8751655523586,,,独立计算 DEM 遮挡、自由空间损耗与双向预算
T006,投送,3243.758933892751,3263.758933892751,中继,R003,357,PASS,exact_point,0.9918314733706666,1768.8751655523586,,,独立计算 DEM 遮挡、自由空间损耗与双向预算
T006,投送,3263.758933892751,3283.758933892751,中继,R003,358,PASS,exact_point,0.9918314733706666,1768.8751655523586,,,独立计算 DEM 遮挡、自由空间损耗与双向预算
T006,投送,3283.758933892751,3303.758933892751,中继,R003,359,PASS,exact_point,0.9918314733706666,1768.8751655523586,,,独立计算 DEM 遮挡、自由空间损耗与双向预算
T006,爬升,3303.758933892751,3319.8220930724383,中继,R003,360,PASS,worst_obstruction_endpoint_distance,0.9918314733706666,1768.8751655523586,True,,端点最大距离且全时段按遮挡计损仍满足双向预算
T006,爬升,3319.8220930724383,3335.8852522521256,中继,R003,361,PASS,worst_obstruction_endpoint_distance,1.0206279905043374,1763.0204860246654,True,,端点最大距离且全时段按遮挡计损仍满足双向预算
T006,爬升,3335.8852522521256,3351.9484114318134,中继,R003,362,PASS,worst_obstruction_endpoint_distance,1.0430887776814899,1758.4673919263862,True,,端点最大距离且全时段按遮挡计损仍满足双向预算
T006,爬升,3351.9484114318134,3368.0115706115007,中继,R003,363,PASS,worst_obstruction_endpoint_distance,1.0591142360136558,1755.2260123087,True,,端点最大距离且全时段按遮挡计损仍满足双向预算
T006,爬升,3368.0115706115007,3384.0747297911885,中继,R003,364,PASS,worst_obstruction_endpoint_distance,1.0686325652298336,1753.3036221923433,True,,端点最大距离且全时段按遮挡计损仍满足双向预算
T006,巡航,3384.0747297911885,3403.710853686095,中继,R003,365,PASS,worst_obstruction_endpoint_distance,1.071600826356132,1752.7045616393702,True,,端点最大距离且全时段按遮挡计损仍满足双向预算
T006,巡航,3403.710853686095,3423.3469775810017,中继,R003,366,PASS,worst_obstruction_endpoint_distance,1.8553843634241076,1601.4727014364303,True,,端点最大距离且全时段按遮挡计损仍满足双向预算
T006,巡航,3423.3469775810017,3442.9831014759084,中继,R003,367,PASS,worst_obstruction_endpoint_distance,2.584175640430118,1472.5836569262096,True,,端点最大距离且全时段按遮挡计损仍满足双向预算
T006,巡航,3442.9831014759084,3462.619225370815,中继,R003,368,PASS,worst_obstruction_endpoint_distance,3.196495425185134,1372.3471572420888,True,,端点最大距离且全时段按遮挡计损仍满足双向预算
T006,巡航,3462.619225370815,3482.2553492657216,中继,R003,369,PASS,worst_obstruction_endpoint_distance,3.6178028913211904,1307.3702970013474,True,,端点最大距离且全时段按遮挡计损仍满足双向预算
T006,巡航,3482.2553492657216,3501.8914731606287,中继,R003,370,PASS,worst_obstruction_endpoint_distance,3.65634197875049,1301.5823757640605,True,,端点最大距离且全时段按遮挡计损仍满足双向预算
T006,巡航,3501.8914731606287,3521.5275970555354,中继,R003,371,PASS,worst_obstruction_endpoint_distance,3.266702482514688,1361.299340639569,True,,端点最大距离且全时段按遮挡计损仍满足双向预算
T006,巡航,3521.5275970555354,3541.1637209504424,直连,,372,PASS,worst_obstruction_endpoint_distance,0.35874972363353663,3796.2191190829435,True,,端点最大距离且全时段按遮挡计损仍满足双向预算
T006,巡航,3541.1637209504424,3560.799844845349,直连,,373,PASS,worst_obstruction_endpoint_distance,0.911137638147423,3562.3113645267736,True,,端点最大距离且全时段按遮挡计损仍满足双向预算
T006,巡航,3560.799844845349,3580.4359687402557,直连,,374,PASS,worst_obstruction_endpoint_distance,1.500420209250862,3328.6470518406963,True,,端点最大距离且全时段按遮挡计损仍满足双向预算
T006,巡航,3580.4359687402557,3600.0720926351623,直连,,375,PASS,worst_obstruction_endpoint_distance,2.131772647054248,3095.28131415617,True,,端点最大距离且全时段按遮挡计损仍满足双向预算
T006,巡航,3600.0720926351623,3619.708216530069,直连,,376,PASS,worst_obstruction_endpoint_distance,2.811511051936634,2862.2871819484435,True,,端点最大距离且全时段按遮挡计损仍满足双向预算
T006,巡航,3619.708216530069,3639.3443404249756,直连,,377,PASS,worst_obstruction_endpoint_distance,3.547441536545847,2629.763428575528,True,,端点最大距离且全时段按遮挡计损仍满足双向预算
T006,巡航,3639.3443404249756,3658.9804643198827,直连,,378,PASS,worst_obstruction_endpoint_distance,4.349346163073591,2397.8468985208874,True,,端点最大距离且全时段按遮挡计损仍满足双向预算
T006,巡航,3658.9804643198827,3678.6165882147893,直连,,379,PASS,worst_obstruction_endpoint_distance,5.229668880125246,2166.7325832609313,True,,端点最大距离且全时段按遮挡计损仍满足双向预算
T006,巡航,3678.6165882147893,3698.2527121096964,直连,,380,PASS,worst_obstruction_endpoint_distance,6.2044935916322,1936.7076976478331,True,,端点最大距离且全时段按遮挡计损仍满足双向预算
T006,巡航,3698.2527121096964,3717.888836004603,直连,,381,PASS,worst_obstruction_endpoint_distance,7.294937761347967,1708.2124004460284,True,,端点最大距离且全时段按遮挡计损仍满足双向预算
T006,巡航,3717.888836004603,3737.5249598995097,直连,,382,PASS,worst_obstruction_endpoint_distance,8.529078472989426,1481.954379895724,True,,端点最大距离且全时段按遮挡计损仍满足双向预算
T006,巡航,3737.5249598995097,3757.1610837944163,直连,,383,PASS,worst_obstruction_endpoint_distance,9.944292824291068,1259.1402794336339,True,,端点最大距离且全时段按遮挡计损仍满足双向预算
T006,巡航,3757.1610837944163,3776.797207689323,直连,,384,PASS,worst_obstruction_endpoint_distance,11.588572854716219,1041.9817573440184,True,,端点最大距离且全时段按遮挡计损仍满足双向预算
T006,巡航,3776.797207689323,3796.4333315842296,直连,,385,PASS,worst_obstruction_endpoint_distance,13.5130486115427,834.9035885230084,True,,端点最大距离且全时段按遮挡计损仍满足双向预算
T006,巡航,3796.4333315842296,3816.0694554791366,直连,,386,PASS,worst_obstruction_endpoint_distance,15.71899076183928,647.6482855415965,True,,端点最大距离且全时段按遮挡计损仍满足双向预算
T006,巡航,3816.0694554791366,3835.7055793740433,直连,,387,PASS,worst_obstruction_endpoint_distance,17.916649545737883,502.87064096726107,True,,端点最大距离且全时段按遮挡计损仍满足双向预算
T006,下降,3835.7055793740433,3854.275474881856,直连,,388,PASS,worst_obstruction_endpoint_distance,18.993277511644692,444.24738769531206,True,,端点最大距离且全时段按遮挡计损仍满足双向预算
T006,下降,3854.275474881856,3872.8453703896685,直连,,389,PASS,worst_obstruction_endpoint_distance,19.9519850689598,397.82264892578,True,,端点最大距离且全时段按遮挡计损仍满足双向预算
T006,下降,3872.8453703896685,3891.415265897481,直连,,390,PASS,worst_obstruction_endpoint_distance,21.029791679401256,351.3979101562492,True,,端点最大距离且全时段按遮挡计损仍满足双向预算
T006,下降,3891.415265897481,3909.985161405293,直连,,391,PASS,worst_obstruction_endpoint_distance,22.26054244645084,304.9731713867183,True,,端点最大距离且全时段按遮挡计损仍满足双向预算
T006,下降,3909.985161405293,3928.555056913106,直连,,392,PASS,worst_obstruction_endpoint_distance,23.694936979399557,258.5484326171874,True,,端点最大距离且全时段按遮挡计损仍满足双向预算
T006,下降,3928.555056913106,3947.1249524209184,直连,,393,PASS,worst_obstruction_endpoint_distance,25.413991542482677,212.1236938476555,True,,端点最大距离且全时段按遮挡计损仍满足双向预算
T006,下降,3947.1249524209184,3965.694847928731,直连,,394,PASS,worst_obstruction_endpoint_distance,27.55937977170045,165.69895507812458,True,,端点最大距离且全时段按遮挡计损仍满足双向预算
T006,下降,3965.694847928731,3984.2647434365435,直连,,395,PASS,worst_obstruction_endpoint_distance,30.414843731611313,119.2742163085926,True,,端点最大距离且全时段按遮挡计损仍满足双向预算
T006,下降,3984.2647434365435,4002.834638944356,直连,,396,PASS,worst_obstruction_endpoint_distance,34.697246336774995,72.8494775390617,True,,端点最大距离且全时段按遮挡计损仍满足双向预算
T006,下降,4002.834638944356,4021.4045344521683,直连,,397,PASS,worst_obstruction_endpoint_distance,43.5055611129805,26.424738769530904,True,,端点最大距离且全时段按遮挡计损仍满足双向预算
T007,爬升,2457.0,2475.5698955078124,直连,,398,PASS,worst_obstruction_endpoint_distance,43.50556111298056,26.424738769530762,True,,端点最大距离且全时段按遮挡计损仍满足双向预算
T007,爬升,2475.5698955078124,2494.139791015625,直连,,399,PASS,worst_obstruction_endpoint_distance,34.69724633677488,72.84947753906266,True,,端点最大距离且全时段按遮挡计损仍满足双向预算
T007,爬升,2494.139791015625,2512.7096865234375,直连,,400,PASS,worst_obstruction_endpoint_distance,30.414843731611242,119.2742163085934,True,,端点最大距离且全时段按遮挡计损仍满足双向预算
T007,爬升,2512.7096865234375,2531.27958203125,直连,,401,PASS,worst_obstruction_endpoint_distance,27.559379771700463,165.69895507812413,True,,端点最大距离且全时段按遮挡计损仍满足双向预算
T007,爬升,2531.27958203125,2549.8494775390627,直连,,402,PASS,worst_obstruction_endpoint_distance,25.41399154248265,212.12369384765606,True,,端点最大距离且全时段按遮挡计损仍满足双向预算
T007,爬升,2549.8494775390627,2568.419373046875,直连,,403,PASS,worst_obstruction_endpoint_distance,23.694936979399586,258.54843261718673,True,,端点最大距离且全时段按遮挡计损仍满足双向预算
T007,爬升,2568.419373046875,2586.9892685546874,直连,,404,PASS,worst_obstruction_endpoint_distance,22.260542446450856,304.9731713867175,True,,端点最大距离且全时段按遮挡计损仍满足双向预算
T007,爬升,2586.9892685546874,2605.5591640625003,直连,,405,PASS,worst_obstruction_endpoint_distance,21.029791679401242,351.3979101562494,True,,端点最大距离且全时段按遮挡计损仍满足双向预算
T007,爬升,2605.5591640625003,2624.1290595703126,直连,,406,PASS,worst_obstruction_endpoint_distance,19.951985068959786,397.82264892578024,True,,端点最大距离且全时段按遮挡计损仍满足双向预算
T007,爬升,2624.1290595703126,2642.6989550781254,直连,,407,PASS,worst_obstruction_endpoint_distance,18.993277511644692,444.24738769531206,True,,端点最大距离且全时段按遮挡计损仍满足双向预算
T007,巡航,2642.6989550781254,2661.714990850035,直连,,408,PASS,worst_obstruction_endpoint_distance,17.49412647354434,527.9374064998578,True,,端点最大距离且全时段按遮挡计损仍满足双向预算
T007,巡航,2661.714990850035,2680.7310266219447,直连,,409,PASS,worst_obstruction_endpoint_distance,14.762382856352005,723.0521394096111,True,,端点最大距离且全时段按遮挡计损仍满足双向预算
T007,巡航,2680.7310266219447,2699.7470623938543,直连,,410,PASS,worst_obstruction_endpoint_distance,12.262742934535737,964.1655536489214,True,,端点最大距离且全时段按遮挡计损仍满足双向预算
T007,巡航,2699.7470623938543,2718.763098165764,直连,,411,PASS,worst_obstruction_endpoint_distance,10.187323229616496,1224.3979585073178,True,,端点最大距离且全时段按遮挡计损仍满足双向预算
T007,巡航,2718.763098165764,2737.7791339376736,直连,,412,PASS,worst_obstruction_endpoint_distance,8.459981738274593,1493.790425115221,True,,端点最大距离且全时段按遮挡计损仍满足双向预算
T007,巡航,2737.7791339376736,2756.795169709583,直连,,413,PASS,worst_obstruction_endpoint_distance,6.995338587207897,1768.1610885183502,True,,端点最大距离且全时段按遮挡计损仍满足双向预算
T007,巡航,2756.795169709583,2775.811205481493,直连,,414,PASS,worst_obstruction_endpoint_distance,5.729752779458053,2045.5077030287673,True,,端点最大距离且全时段按遮挡计损仍满足双向预算
T007,巡航,2775.811205481493,2794.8272412534025,直连,,415,PASS,worst_obstruction_endpoint_distance,4.6181924565780434,2324.765411555552,True,,端点最大距离且全时段按遮挡计损仍满足双向预算
T007,巡航,2794.8272412534025,2813.8432770253125,直连,,416,PASS,worst_obstruction_endpoint_distance,3.628554530062189,2605.31975039449,True,,端点最大距离且全时段按遮挡计损仍满足双向预算
T007,巡航,2813.8432770253125,2832.859312797222,直连,,417,PASS,worst_obstruction_endpoint_distance,2.7374631875922546,2886.7927033719507,True,,端点最大距离且全时段按遮挡计损仍满足双向预算
T007,巡航,2832.859312797222,2851.875348569132,直连,,418,PASS,worst_obstruction_endpoint_distance,1.9274962095368977,3168.939499280925,True,,端点最大距离且全时段按遮挡计损仍满足双向预算
T007,巡航,2851.875348569132,2870.8913843410414,直连,,419,PASS,worst_obstruction_endpoint_distance,1.1853788074652982,3451.594894447908,True,,端点最大距离且全时段按遮挡计损仍满足双向预算
T007,巡航,2870.8913843410414,2889.907420112951,直连,,420,PASS,worst_obstruction_endpoint_distance,0.5007923438628978,3734.643411099761,True,,端点最大距离且全时段按遮挡计损仍满足双向预算
T007,巡航,2889.907420112951,2908.923455884861,中继,R003,421,PASS,worst_obstruction_endpoint_distance,3.127627811019991,1383.2713044951424,True,,端点最大距离且全时段按遮挡计损仍满足双向预算
T007,巡航,2908.923455884861,2927.9394916567708,中继,R003,422,PASS,worst_obstruction_endpoint_distance,3.6420073331480154,1303.7321988789206,True,,端点最大距离且全时段按遮挡计损仍满足双向预算
T007,巡航,2927.9394916567708,2946.9555274286804,中继,R003,423,PASS,worst_obstruction_endpoint_distance,3.4895458213072885,1326.8183439139348,True,,端点最大距离且全时段按遮挡计损仍满足双向预算
T007,巡航,2946.9555274286804,2965.97156320059,中继,R003,424,PASS,worst_obstruction_endpoint_distance,2.860348621310692,1426.4985259531572,True,,端点最大距离且全时段按遮挡计损仍满足双向预算
T007,巡航,2965.97156320059,2984.9875989724997,中继,R003,425,PASS,worst_obstruction_endpoint_distance,2.01516137687652,1572.2828939986239,True,,端点最大距离且全时段按遮挡计损仍满足双向预算
T007,巡航,2984.9875989724997,3004.0036347444093,中继,R003,426,PASS,worst_obstruction_endpoint_distance,1.071600826356132,1752.7045616393702,True,,端点最大距离且全时段按遮挡计损仍满足双向预算
T007,下降,3004.0036347444093,3021.2141624369315,中继,R003,427,PASS,worst_obstruction_endpoint_distance,1.0701501581061876,1752.997312906268,True,,端点最大距离且全时段按遮挡计损仍满足双向预算
T007,下降,3021.2141624369315,3038.4246901294537,中继,R003,428,PASS,worst_obstruction_endpoint_distance,1.0653534974675836,1753.965648417715,True,,端点最大距离且全时段按遮挡计损仍满足双向预算
T007,下降,3038.4246901294537,3055.6352178219763,中继,R003,429,PASS,worst_obstruction_endpoint_distance,1.057221914345746,1755.6084502843441,True,,端点最大距离且全时段按遮挡计损仍满足双向预算
T007,下降,3055.6352178219763,3072.8457455144985,中继,R003,430,PASS,worst_obstruction_endpoint_distance,1.0457741100916564,1757.9238276153656,True,,端点最大距离且全时段按遮挡计损仍满足双向预算
T007,下降,3072.8457455144985,3090.0562732070207,中继,R003,431,PASS,worst_obstruction_endpoint_distance,1.0310362747885051,1760.9091273525612,True,,端点最大距离且全时段按遮挡计损仍满足双向预算
T007,下降,3090.0562732070207,3107.266800899543,中继,R003,432,PASS,worst_obstruction_endpoint_distance,1.0130418890380497,1764.5609493573468,True,,端点最大距离且全时段按遮挡计损仍满足双向预算
T007,下降,3107.266800899543,3124.4773285920655,中继,R003,433,PASS,worst_obstruction_endpoint_distance,0.9918314733706666,1768.8751655523586,True,,端点最大距离且全时段按遮挡计损仍满足双向预算
T007,投送,3124.4773285920655,3143.861943976681,中继,R003,434,PASS,exact_point,0.9918314733706666,1768.8751655523586,,,独立计算 DEM 遮挡、自由空间损耗与双向预算
T007,投送,3143.861943976681,3163.246559361296,中继,R003,435,PASS,exact_point,0.9918314733706666,1768.8751655523586,,,独立计算 DEM 遮挡、自由空间损耗与双向预算
T007,投送,3163.246559361296,3182.6311747459113,中继,R003,436,PASS,exact_point,0.9918314733706666,1768.8751655523586,,,独立计算 DEM 遮挡、自由空间损耗与双向预算
T007,投送,3182.6311747459113,3202.0157901305265,中继,R003,437,PASS,exact_point,0.9918314733706666,1768.8751655523586,,,独立计算 DEM 遮挡、自由空间损耗与双向预算
T007,投送,3202.0157901305265,3221.400405515142,中继,R003,438,PASS,exact_point,0.9918314733706666,1768.8751655523586,,,独立计算 DEM 遮挡、自由空间损耗与双向预算
T007,投送,3221.400405515142,3240.785020899758,中继,R003,439,PASS,exact_point,0.9918314733706666,1768.8751655523586,,,独立计算 DEM 遮挡、自由空间损耗与双向预算
T007,投送,3240.785020899758,3260.169636284373,中继,R003,440,PASS,exact_point,0.9918314733706666,1768.8751655523586,,,独立计算 DEM 遮挡、自由空间损耗与双向预算
T007,投送,3260.169636284373,3279.5542516689884,中继,R003,441,PASS,exact_point,0.9918314733706666,1768.8751655523586,,,独立计算 DEM 遮挡、自由空间损耗与双向预算
T007,投送,3279.5542516689884,3298.9388670536036,中继,R003,442,PASS,exact_point,0.9918314733706666,1768.8751655523586,,,独立计算 DEM 遮挡、自由空间损耗与双向预算
T007,投送,3298.9388670536036,3318.323482438219,中继,R003,443,PASS,exact_point,0.9918314733706666,1768.8751655523586,,,独立计算 DEM 遮挡、自由空间损耗与双向预算
T007,投送,3318.323482438219,3337.7080978228346,中继,R003,444,PASS,exact_point,0.9918314733706666,1768.8751655523586,,,独立计算 DEM 遮挡、自由空间损耗与双向预算
T007,投送,3337.7080978228346,3357.09271320745,中继,R003,445,PASS,exact_point,0.9918314733706666,1768.8751655523586,,,独立计算 DEM 遮挡、自由空间损耗与双向预算
T007,投送,3357.09271320745,3376.4773285920655,中继,R003,446,PASS,exact_point,0.9918314733706666,1768.8751655523586,,,独立计算 DEM 遮挡、自由空间损耗与双向预算
T007,爬升,3376.4773285920655,3395.75311960769,中继,R003,447,PASS,worst_obstruction_endpoint_distance,0.9918314733706666,1768.8751655523586,True,,端点最大距离且全时段按遮挡计损仍满足双向预算
T007,爬升,3395.75311960769,3415.028910623315,中继,R003,448,PASS,worst_obstruction_endpoint_distance,1.0206279905043374,1763.0204860246654,True,,端点最大距离且全时段按遮挡计损仍满足双向预算
T007,爬升,3415.028910623315,3434.30470163894,中继,R003,449,PASS,worst_obstruction_endpoint_distance,1.0430887776814899,1758.4673919263862,True,,端点最大距离且全时段按遮挡计损仍满足双向预算
T007,爬升,3434.30470163894,3453.580492654565,中继,R003,450,PASS,worst_obstruction_endpoint_distance,1.0591142360136558,1755.2260123087,True,,端点最大距离且全时段按遮挡计损仍满足双向预算
T007,爬升,3453.580492654565,3472.8562836701904,中继,R003,451,PASS,worst_obstruction_endpoint_distance,1.0686325652298336,1753.3036221923433,True,,端点最大距离且全时段按遮挡计损仍满足双向预算
T007,巡航,3472.8562836701904,3491.8723194421,中继,R003,452,PASS,worst_obstruction_endpoint_distance,1.071600826356132,1752.7045616393702,True,,端点最大距离且全时段按遮挡计损仍满足双向预算
T007,巡航,3491.8723194421,3510.8883552140096,中继,R003,453,PASS,worst_obstruction_endpoint_distance,2.01516137687652,1572.2828939986239,True,,端点最大距离且全时段按遮挡计损仍满足双向预算
T007,巡航,3510.8883552140096,3529.9043909859192,中继,R003,454,PASS,worst_obstruction_endpoint_distance,2.860348621310692,1426.4985259531572,True,,端点最大距离且全时段按遮挡计损仍满足双向预算
T007,巡航,3529.9043909859192,3548.920426757829,中继,R003,455,PASS,worst_obstruction_endpoint_distance,3.4895458213072885,1326.8183439139348,True,,端点最大距离且全时段按遮挡计损仍满足双向预算
T007,巡航,3548.920426757829,3567.9364625297385,中继,R003,456,PASS,worst_obstruction_endpoint_distance,3.6420073331480154,1303.7321988789206,True,,端点最大距离且全时段按遮挡计损仍满足双向预算
T007,巡航,3567.9364625297385,3586.952498301648,中继,R003,457,PASS,worst_obstruction_endpoint_distance,3.127627811019991,1383.2713044951424,True,,端点最大距离且全时段按遮挡计损仍满足双向预算
T007,巡航,3586.952498301648,3605.9685340735577,直连,,458,PASS,worst_obstruction_endpoint_distance,0.5007923438628978,3734.643411099761,True,,端点最大距离且全时段按遮挡计损仍满足双向预算
T007,巡航,3605.9685340735577,3624.9845698454674,直连,,459,PASS,worst_obstruction_endpoint_distance,1.1853788074651561,3451.594894447965,True,,端点最大距离且全时段按遮挡计损仍满足双向预算
T007,巡航,3624.9845698454674,3644.000605617377,直连,,460,PASS,worst_obstruction_endpoint_distance,1.9274962095368977,3168.939499280925,True,,端点最大距离且全时段按遮挡计损仍满足双向预算
T007,巡航,3644.000605617377,3663.016641389287,直连,,461,PASS,worst_obstruction_endpoint_distance,2.7374631875922546,2886.7927033719507,True,,端点最大距离且全时段按遮挡计损仍满足双向预算
T007,巡航,3663.016641389287,3682.0326771611967,直连,,462,PASS,worst_obstruction_endpoint_distance,3.628554530062189,2605.31975039449,True,,端点最大距离且全时段按遮挡计损仍满足双向预算
T007,巡航,3682.0326771611967,3701.0487129331063,直连,,463,PASS,worst_obstruction_endpoint_distance,4.6181924565780434,2324.765411555552,True,,端点最大距离且全时段按遮挡计损仍满足双向预算
T007,巡航,3701.0487129331063,3720.064748705016,直连,,464,PASS,worst_obstruction_endpoint_distance,5.729752779457812,2045.507703028824,True,,端点最大距离且全时段按遮挡计损仍满足双向预算
T007,巡航,3720.064748705016,3739.080784476926,直连,,465,PASS,worst_obstruction_endpoint_distance,6.995338587207897,1768.1610885183502,True,,端点最大距离且全时段按遮挡计损仍满足双向预算
T007,巡航,3739.080784476926,3758.0968202488357,直连,,466,PASS,worst_obstruction_endpoint_distance,8.459981738274593,1493.790425115221,True,,端点最大距离且全时段按遮挡计损仍满足双向预算
T007,巡航,3758.0968202488357,3777.1128560207453,直连,,467,PASS,worst_obstruction_endpoint_distance,10.187323229616496,1224.3979585073178,True,,端点最大距离且全时段按遮挡计损仍满足双向预算
T007,巡航,3777.1128560207453,3796.128891792655,直连,,468,PASS,worst_obstruction_endpoint_distance,12.262742934535737,964.1655536489214,True,,端点最大距离且全时段按遮挡计损仍满足双向预算
T007,巡航,3796.128891792655,3815.1449275645646,直连,,469,PASS,worst_obstruction_endpoint_distance,14.762382856352005,723.0521394096111,True,,端点最大距离且全时段按遮挡计损仍满足双向预算
T007,巡航,3815.1449275645646,3834.160963336474,直连,,470,PASS,worst_obstruction_endpoint_distance,17.49412647354434,527.9374064998578,True,,端点最大距离且全时段按遮挡计损仍满足双向预算
T007,下降,3834.160963336474,3853.5046044904457,直连,,471,PASS,worst_obstruction_endpoint_distance,18.993277511644692,444.24738769531206,True,,端点最大距离且全时段按遮挡计损仍满足双向预算
T007,下降,3853.5046044904457,3872.848245644417,直连,,472,PASS,worst_obstruction_endpoint_distance,19.784670621030926,405.5601053873691,True,,端点最大距离且全时段按遮挡计损仍满足双向预算
T007,下降,3872.848245644417,3892.191886798388,直连,,473,PASS,worst_obstruction_endpoint_distance,20.65546433341744,366.87282307942627,True,,端点最大距离且全时段按遮挡计损仍满足双向预算
T007,下降,3892.191886798388,3911.5355279523596,直连,,474,PASS,worst_obstruction_endpoint_distance,21.623386306715105,328.1855407714843,True,,端点最大距离且全时段按遮挡计损仍满足双向预算
T007,下降,3911.5355279523596,3930.879169106331,直连,,475,PASS,worst_obstruction_endpoint_distance,22.712856056101472,289.4982584635414,True,,端点最大距离且全时段按遮挡计损仍满足双向预算
T007,下降,3930.879169106331,3950.222810260302,直连,,476,PASS,worst_obstruction_endpoint_distance,23.958844396637232,250.8109761555985,True,,端点最大距离且全时段按遮挡计损仍满足双向预算
T007,下降,3950.222810260302,3969.5664514142736,直连,,477,PASS,worst_obstruction_endpoint_distance,25.413991542482634,212.1236938476565,True,,端点最大距离且全时段按遮挡计损仍满足双向预算
T007,下降,3969.5664514142736,3988.910092568245,直连,,478,PASS,worst_obstruction_endpoint_distance,27.162969580851012,173.43641153971362,True,,端点最大距离且全时段按遮挡计损仍满足双向预算
T007,下降,3988.910092568245,4008.2537337222166,直连,,479,PASS,worst_obstruction_endpoint_distance,29.355255817877534,134.74912923177072,True,,端点最大距离且全时段按遮挡计损仍满足双向预算
T007,下降,4008.2537337222166,4027.597374876188,直连,,480,PASS,worst_obstruction_endpoint_distance,32.29475651968485,96.06184692382783,True,,端点最大距离且全时段按遮挡计损仍满足双向预算
T007,下降,4027.597374876188,4046.941016030159,直连,,481,PASS,worst_obstruction_endpoint_distance,36.771387107065834,57.374564615884935,True,,端点最大距离且全时段按遮挡计损仍满足双向预算
T007,下降,4046.941016030159,4066.2846571841305,直连,,482,PASS,worst_obstruction_endpoint_distance,45.92517525248826,20.0,True,,端点最大距离且全时段按遮挡计损仍满足双向预算
T008,爬升,2468.0,2485.107585313585,直连,,483,PASS,worst_obstruction_endpoint_distance,42.02857583418874,31.322755940754746,True,,端点最大距离且全时段按遮挡计损仍满足双向预算
T008,爬升,2485.107585313585,2502.21517062717,直连,,484,PASS,worst_obstruction_endpoint_distance,33.6013896877198,82.6455118815108,True,,端点最大距离且全时段按遮挡计损仍满足双向预算
T008,爬升,2502.21517062717,2519.322755940755,直连,,485,PASS,worst_obstruction_endpoint_distance,29.405736324095642,133.96826782226555,True,,端点最大距离且全时段按遮挡计损仍满足双向预算
T008,爬升,2519.322755940755,2536.4303412543404,直连,,486,PASS,worst_obstruction_endpoint_distance,26.58868754837124,185.2910237630216,True,,端点最大距离且全时段按遮挡计损仍满足双向预算
T008,爬升,2536.4303412543404,2553.5379265679253,直连,,487,PASS,worst_obstruction_endpoint_distance,24.464974504050502,236.61377970377634,True,,端点最大距离且全时段按遮挡计损仍满足双向预算
T008,爬升,2553.5379265679253,2570.64551188151,直连,,488,PASS,worst_obstruction_endpoint_distance,22.759839664518097,287.93653564453103,True,,端点最大距离且全时段按遮挡计损仍满足双向预算
T008,巡航,2570.64551188151,2590.5808238659233,直连,,489,PASS,worst_obstruction_endpoint_distance,20.480295098117907,374.3466951408415,True,,端点最大距离且全时段按遮挡计损仍满足双向预算
T008,巡航,2590.5808238659233,2610.5161358503365,直连,,490,PASS,worst_obstruction_endpoint_distance,17.00674319609881,558.4079574778261,True,,端点最大距离且全时段按遮挡计损仍满足双向预算
T008,巡航,2610.5161358503365,2630.45144783475,直连,,491,PASS,worst_obstruction_endpoint_distance,14.17905786455536,773.2783748392534,True,,端点最大距离且全时段按遮挡计损仍满足双向预算
T008,巡航,2630.45144783475,2650.3867598191628,直连,,492,PASS,worst_obstruction_endpoint_distance,11.952053336171133,999.277460078685,True,,端点最大距离且全时段按遮挡计损仍满足双向预算
T008,巡航,2650.3867598191628,2670.3220718035764,直连,,493,PASS,worst_obstruction_endpoint_distance,10.145642631642374,1230.2875430794097,True,,端点最大距离且全时段按遮挡计损仍满足双向预算
T008,巡航,2670.3220718035764,2690.257383787989,直连,,494,PASS,worst_obstruction_endpoint_distance,8.635319525677161,1463.9383300872823,True,,端点最大距离且全时段按遮挡计损仍满足双向预算
T008,巡航,2690.257383787989,2710.1926957724027,直连,,495,PASS,worst_obstruction_endpoint_distance,7.341187842489873,1699.140791444107,True,,端点最大距离且全时段按遮挡计损仍满足双向预算
T008,巡航,2710.1926957724027,2730.128007756816,直连,,496,PASS,worst_obstruction_endpoint_distance,6.210677820494141,1935.3292803054635,True,,端点最大距离且全时段按遮挡计损仍满足双向预算
T008,巡航,2730.128007756816,2750.063319741229,直连,,497,PASS,worst_obstruction_endpoint_distance,5.20785024110161,2172.1821784725635,True,,端点最大距离且全时段按遮挡计损仍满足双向预算
T008,巡航,2750.063319741229,2769.998631725642,直连,,498,PASS,worst_obstruction_endpoint_distance,4.307223717296679,2409.5035606837673,True,,端点最大距离且全时段按遮挡计损仍满足双向预算
T008,巡航,2769.998631725642,2789.9339437100552,直连,,499,PASS,worst_obstruction_endpoint_distance,3.4901469519361115,2647.1674296556093,True,,端点最大距离且全时段按遮挡计损仍满足双向预算
T008,巡航,2789.9339437100552,2809.8692556944684,直连,,500,PASS,worst_obstruction_endpoint_distance,2.74259042177637,2885.089147932696,True,,端点最大距离且全时段按遮挡计损仍满足双向预算
T008,巡航,2809.8692556944684,2829.8045676788815,直连,,501,PASS,worst_obstruction_endpoint_distance,2.053752024020639,3123.2097882813323,True,,端点最大距离且全时段按遮挡计损仍满足双向预算
T008,巡航,2829.8045676788815,2849.7398796632947,直连,,502,PASS,worst_obstruction_endpoint_distance,1.4151462453782386,3361.487077309897,True,,端点最大距离且全时段按遮挡计损仍满足双向预算
T008,巡航,2849.7398796632947,2869.675191647708,直连,,503,PASS,worst_obstruction_endpoint_distance,0.8199907753844542,3599.8899093492196,True,,端点最大距离且全时段按遮挡计损仍满足双向预算
T008,巡航,2869.675191647708,2889.610503632121,直连,,504,PASS,worst_obstruction_endpoint_distance,0.26278211209398705,3838.3948920289236,True,,端点最大距离且全时段按遮挡计损仍满足双向预算
T008,巡航,2889.610503632121,2909.545815616534,中继,R003,505,PASS,worst_obstruction_endpoint_distance,10.118541759621053,618.5312841328039,True,,端点最大距离且全时段按遮挡计损仍满足双向预算
T008,巡航,2909.545815616534,2929.4811276009473,中继,R003,506,PASS,worst_obstruction_endpoint_distance,13.927638211711155,398.9393242537665,True,,端点最大距离且全时段按遮挡计损仍满足双向预算
T008,巡航,2929.4811276009473,2949.4164395853604,中继,R003,507,PASS,worst_obstruction_endpoint_distance,18.490042596505376,235.93188006197872,True,,端点最大距离且全时段按遮挡计损仍满足双向预算
T008,巡航,2949.4164395853604,2969.3517515697736,中继,R003,508,PASS,worst_obstruction_endpoint_distance,13.500443868742849,419.0506945919927,True,,端点最大距离且全时段按遮挡计损仍满足双向预算
T008,下降,2969.3517515697736,2986.15905869868,中继,R003,509,PASS,worst_obstruction_endpoint_distance,13.1511283549915,436.24688662675135,True,,端点最大距离且全时段按遮挡计损仍满足双向预算
T008,下降,2986.15905869868,3002.9663658275863,中继,R003,510,PASS,worst_obstruction_endpoint_distance,12.753667451270502,456.6730528579534,True,,端点最大距离且全时段按遮挡计损仍满足双向预算
T008,投送,3002.9663658275863,3022.0572749184953,中继,R003,511,PASS,exact_point,22.753667451270502,456.6730528579534,,,独立计算 DEM 遮挡、自由空间损耗与双向预算
T008,投送,3022.0572749184953,3041.1481840094043,中继,R003,512,PASS,exact_point,22.753667451270502,456.6730528579534,,,独立计算 DEM 遮挡、自由空间损耗与双向预算
T008,投送,3041.1481840094043,3060.2390931003133,中继,R003,513,PASS,exact_point,22.753667451270502,456.6730528579534,,,独立计算 DEM 遮挡、自由空间损耗与双向预算
T008,投送,3060.2390931003133,3079.330002191223,中继,R003,514,PASS,exact_point,22.753667451270502,456.6730528579534,,,独立计算 DEM 遮挡、自由空间损耗与双向预算
T008,投送,3079.330002191223,3098.420911282132,中继,R003,515,PASS,exact_point,22.753667451270502,456.6730528579534,,,独立计算 DEM 遮挡、自由空间损耗与双向预算
T008,投送,3098.420911282132,3117.511820373041,中继,R003,516,PASS,exact_point,22.753667451270502,456.6730528579534,,,独立计算 DEM 遮挡、自由空间损耗与双向预算
T008,投送,3117.511820373041,3136.60272946395,中继,R003,517,PASS,exact_point,22.753667451270502,456.6730528579534,,,独立计算 DEM 遮挡、自由空间损耗与双向预算
T008,投送,3136.60272946395,3155.693638554859,中继,R003,518,PASS,exact_point,22.753667451270502,456.6730528579534,,,独立计算 DEM 遮挡、自由空间损耗与双向预算
T008,投送,3155.693638554859,3174.784547645768,中继,R003,519,PASS,exact_point,22.753667451270502,456.6730528579534,,,独立计算 DEM 遮挡、自由空间损耗与双向预算
T008,投送,3174.784547645768,3193.8754567366773,中继,R003,520,PASS,exact_point,22.753667451270502,456.6730528579534,,,独立计算 DEM 遮挡、自由空间损耗与双向预算
T008,投送,3193.8754567366773,3212.9663658275863,中继,R003,521,PASS,exact_point,22.753667451270502,456.6730528579534,,,独立计算 DEM 遮挡、自由空间损耗与双向预算
T008,爬升,3212.9663658275863,3226.9724551016748,中继,R003,522,PASS,worst_obstruction_endpoint_distance,12.753667451270502,456.6730528579534,True,,端点最大距离且全时段按遮挡计损仍满足双向预算
T008,爬升,3226.9724551016748,3240.9785443757632,中继,R003,523,PASS,worst_obstruction_endpoint_distance,13.1511283549915,436.24688662675135,True,,端点最大距离且全时段按遮挡计损仍满足双向预算
T008,巡航,3240.9785443757632,3260.9138563601764,中继,R003,524,PASS,worst_obstruction_endpoint_distance,13.500443868742849,419.0506945919927,True,,端点最大距离且全时段按遮挡计损仍满足双向预算
T008,巡航,3260.9138563601764,3280.8491683445895,中继,R003,525,PASS,worst_obstruction_endpoint_distance,18.490042596505376,235.93188006197872,True,,端点最大距离且全时段按遮挡计损仍满足双向预算
T008,巡航,3280.8491683445895,3300.7844803290027,中继,R003,526,PASS,worst_obstruction_endpoint_distance,13.927638211711155,398.9393242537665,True,,端点最大距离且全时段按遮挡计损仍满足双向预算
T008,巡航,3300.7844803290027,3320.719792313416,中继,R003,527,PASS,worst_obstruction_endpoint_distance,10.118541759621053,618.5312841328039,True,,端点最大距离且全时段按遮挡计损仍满足双向预算
T008,巡航,3320.719792313416,3340.655104297829,直连,,528,PASS,worst_obstruction_endpoint_distance,0.26278211209398705,3838.3948920289236,True,,端点最大距离且全时段按遮挡计损仍满足双向预算
T008,巡航,3340.655104297829,3360.5904162822426,直连,,529,PASS,worst_obstruction_endpoint_distance,0.8199907753844542,3599.8899093492196,True,,端点最大距离且全时段按遮挡计损仍满足双向预算
T008,巡航,3360.5904162822426,3380.5257282666553,直连,,530,PASS,worst_obstruction_endpoint_distance,1.4151462453782386,3361.487077309897,True,,端点最大距离且全时段按遮挡计损仍满足双向预算
T008,巡航,3380.5257282666553,3400.461040251069,直连,,531,PASS,worst_obstruction_endpoint_distance,2.053752024020639,3123.2097882813323,True,,端点最大距离且全时段按遮挡计损仍满足双向预算
T008,巡航,3400.461040251069,3420.3963522354816,直连,,532,PASS,worst_obstruction_endpoint_distance,2.74259042177637,2885.089147932696,True,,端点最大距离且全时段按遮挡计损仍满足双向预算
T008,巡航,3420.3963522354816,3440.331664219895,直连,,533,PASS,worst_obstruction_endpoint_distance,3.4901469519361115,2647.1674296556093,True,,端点最大距离且全时段按遮挡计损仍满足双向预算
T008,巡航,3440.331664219895,3460.266976204308,直连,,534,PASS,worst_obstruction_endpoint_distance,4.307223717296679,2409.5035606837673,True,,端点最大距离且全时段按遮挡计损仍满足双向预算
T008,巡航,3460.266976204308,3480.2022881887215,直连,,535,PASS,worst_obstruction_endpoint_distance,5.20785024110161,2172.1821784725635,True,,端点最大距离且全时段按遮挡计损仍满足双向预算
T008,巡航,3480.2022881887215,3500.137600173134,直连,,536,PASS,worst_obstruction_endpoint_distance,6.210677820494141,1935.3292803054635,True,,端点最大距离且全时段按遮挡计损仍满足双向预算
T008,巡航,3500.137600173134,3520.0729121575478,直连,,537,PASS,worst_obstruction_endpoint_distance,7.341187842489873,1699.140791444107,True,,端点最大距离且全时段按遮挡计损仍满足双向预算
T008,巡航,3520.0729121575478,3540.008224141961,直连,,538,PASS,worst_obstruction_endpoint_distance,8.635319525677161,1463.9383300872823,True,,端点最大距离且全时段按遮挡计损仍满足双向预算
T008,巡航,3540.008224141961,3559.943536126374,直连,,539,PASS,worst_obstruction_endpoint_distance,10.145642631643526,1230.287543079246,True,,端点最大距离且全时段按遮挡计损仍满足双向预算
T008,巡航,3559.943536126374,3579.878848110787,直连,,540,PASS,worst_obstruction_endpoint_distance,11.952053336171133,999.277460078685,True,,端点最大距离且全时段按遮挡计损仍满足双向预算
T008,巡航,3579.878848110787,3599.8141600952004,直连,,541,PASS,worst_obstruction_endpoint_distance,14.17905786455536,773.2783748392534,True,,端点最大距离且全时段按遮挡计损仍满足双向预算
T008,巡航,3599.8141600952004,3619.7494720796135,直连,,542,PASS,worst_obstruction_endpoint_distance,17.00674319609881,558.4079574778261,True,,端点最大距离且全时段按遮挡计损仍满足双向预算
T008,巡航,3619.7494720796135,3639.6847840640266,直连,,543,PASS,worst_obstruction_endpoint_distance,20.480295098117907,374.3466951408415,True,,端点最大距离且全时段按遮挡计损仍满足双向预算
T008,下降,3639.6847840640266,3657.281157529428,直连,,544,PASS,worst_obstruction_endpoint_distance,22.759839664518097,287.93653564453103,True,,端点最大距离且全时段按遮挡计损仍满足双向预算
T008,下降,3657.281157529428,3674.8775309948305,直连,,545,PASS,worst_obstruction_endpoint_distance,24.199915310578675,243.94560198102727,True,,端点最大距离且全时段按遮挡计损仍满足双向预算
T008,下降,3674.8775309948305,3692.473904460232,直连,,546,PASS,worst_obstruction_endpoint_distance,25.92714420559217,199.95466831752123,True,,端点最大距离且全时段按遮挡计损仍满足双向预算
T008,下降,3692.473904460232,3710.0702779256335,直连,,547,PASS,worst_obstruction_endpoint_distance,28.08530264362895,155.9637346540174,True,,端点最大距离且全时段按遮挡计损仍满足双向预算
T008,下降,3710.0702779256335,3727.6666513910354,直连,,548,PASS,worst_obstruction_endpoint_distance,30.963524322055974,111.97280099051358,True,,端点最大距离且全时段按遮挡计损仍满足双向预算
T008,下降,3727.6666513910354,3745.2630248564374,直连,,549,PASS,worst_obstruction_endpoint_distance,35.29791337339611,67.9818673270087,True,,端点最大距离且全时段按遮挡计损仍满足双向预算
T008,下降,3745.2630248564374,3762.859398321839,直连,,550,PASS,worst_obstruction_endpoint_distance,44.344832168047475,23.990933663503824,True,,端点最大距离且全时段按遮挡计损仍满足双向预算
T009,爬升,2487.0,2505.0876724243167,直连,,551,PASS,worst_obstruction_endpoint_distance,41.24926306189187,34.26301727294995,True,,端点最大距离且全时段按遮挡计损仍满足双向预算
T009,爬升,2505.0876724243167,2523.175344848633,直连,,552,PASS,worst_obstruction_endpoint_distance,33.00435495025734,88.52603454589851,True,,端点最大距离且全时段按遮挡计损仍满足双向预算
T009,爬升,2523.175344848633,2541.2630172729496,直连,,553,PASS,worst_obstruction_endpoint_distance,28.851876971718013,142.7890518188484,True,,端点最大距离且全时段按遮挡计损仍满足双向预算
T009,爬升,2541.2630172729496,2559.350689697266,直连,,554,PASS,worst_obstruction_endpoint_distance,26.054155177428697,197.05206909179702,True,,端点最大距离且全时段按遮挡计损仍满足双向预算
T009,爬升,2559.350689697266,2577.438362121582,直连,,555,PASS,worst_obstruction_endpoint_distance,23.941403967071793,251.31508636474558,True,,端点最大距离且全时段按遮挡计损仍满足双向预算
T009,爬升,2577.438362121582,2595.5260345458987,直连,,556,PASS,worst_obstruction_endpoint_distance,22.24333053746038,305.5781036376955,True,,端点最大距离且全时段按遮挡计损仍满足双向预算
T009,爬升,2595.5260345458987,2613.613706970215,直连,,557,PASS,worst_obstruction_endpoint_distance,20.823559347214356,359.84112091064407,True,,端点最大距离且全时段按遮挡计损仍满足双向预算
T009,爬升,2613.613706970215,2631.7013793945316,直连,,558,PASS,worst_obstruction_endpoint_distance,19.603583756332725,414.104138183594,True,,端点最大距离且全时段按遮挡计损仍满足双向预算
T009,巡航,2631.7013793945316,2651.2264539027333,直连,,559,PASS,worst_obstruction_endpoint_distance,18.39741098882675,475.7931759032307,True,,端点最大距离且全时段按遮挡计损仍满足双向预算
T009,巡航,2651.2264539027333,2670.751528410935,直连,,560,PASS,worst_obstruction_endpoint_distance,16.02323156066953,625.3557972562114,True,,端点最大距离且全时段按遮挡计损仍满足双向预算
T009,巡航,2670.751528410935,2690.2766029191366,直连,,561,PASS,worst_obstruction_endpoint_distance,13.713939458904292,815.815186202598,True,,端点最大距离且全时段按遮挡计损仍满足双向预算
T009,巡航,2690.2766029191366,2709.8016774273383,直连,,562,PASS,worst_obstruction_endpoint_distance,11.73457387155004,1024.6134787645549,True,,端点最大距离且全时段按遮挡计损仍满足双向预算
T009,巡航,2709.8016774273383,2729.3267519355404,直连,,563,PASS,worst_obstruction_endpoint_distance,10.059569536755163,1242.5397223605517,True,,端点最大距离且全时段按遮挡计损仍满足双向预算
T009,巡航,2729.3267519355404,2748.851826443742,直连,,564,PASS,worst_obstruction_endpoint_distance,8.625895505130202,1465.527536545165,True,,端点最大距离且全时段按遮挡计损仍满足双向预算
T009,巡航,2748.851826443742,2768.3769009519438,直连,,565,PASS,worst_obstruction_endpoint_distance,7.37994272538333,1691.5764177391372,True,,端点最大距离且全时段按遮挡计损仍满足双向预算
T009,巡航,2768.3769009519438,2787.9019754601454,直连,,566,PASS,worst_obstruction_endpoint_distance,6.281536472192059,1919.6052749671428,True,,端点最大距离且全时段按遮挡计损仍满足双向预算
T009,巡航,2787.9019754601454,2807.427049968347,直连,,567,PASS,worst_obstruction_endpoint_distance,5.301111871503167,2148.983914379498,True,,端点最大距离且全时段按遮挡计损仍满足双向预算
T009,巡航,2807.427049968347,2826.952124476549,直连,,568,PASS,worst_obstruction_endpoint_distance,4.4167107952732465,2379.3219905663836,True,,端点最大距离且全时段按遮挡计损仍满足双向预算
T009,巡航,2826.952124476549,2846.4771989847504,直连,,569,PASS,worst_obstruction_endpoint_distance,3.6117486322979744,2610.3655344174194,True,,端点最大距离且全时段按遮挡计损仍满足双向预算
T009,巡航,2846.4771989847504,2866.0022734929526,直连,,570,PASS,worst_obstruction_endpoint_distance,2.8734694540850256,2841.9424923292363,True,,端点最大距离且全时段按遮挡计损仍满足双向预算
T009,巡航,2866.0022734929526,2885.527348001154,直连,,571,PASS,worst_obstruction_endpoint_distance,2.191889165852203,3073.93231124083,True,,端点最大距离且全时段按遮挡计损仍满足双向预算
T009,巡航,2885.527348001154,2905.052422509356,直连,,572,PASS,worst_obstruction_endpoint_distance,1.559066410352358,3306.248084524794,True,,端点最大距离且全时段按遮挡计损仍满足双向预算
T009,巡航,2905.052422509356,2924.5774970175576,直连,,573,PASS,worst_obstruction_endpoint_distance,0.9685919145869804,3538.825618295985,True,,端点最大距离且全时段按遮挡计损仍满足双向预算
T009,巡航,2924.5774970175576,2944.1025715257592,直连,,574,PASS,worst_obstruction_endpoint_distance,0.41522465241320106,3771.616488316685,True,,端点最大距离且全时段按遮挡计损仍满足双向预算
T009,巡航,2944.1025715257592,2963.6276460339614,中继,R004,575,PASS,worst_obstruction_endpoint_distance,0.8490302798144427,1798.1968986308907,True,,端点最大距离且全时段按遮挡计损仍满足双向预算
T009,巡航,2963.6276460339614,2983.152720542163,中继,R004,576,PASS,worst_obstruction_endpoint_distance,2.0466724140916455,1566.5892338167546,True,,端点最大距离且全时段按遮挡计损仍满足双向预算
T009,巡航,2983.152720542163,3002.6777950503647,中继,R004,577,PASS,worst_obstruction_endpoint_distance,3.4301584898653914,1335.9211753415657,True,,端点最大距离且全时段按遮挡计损仍满足双向预算
T009,巡航,3002.6777950503647,3022.2028695585664,中继,R004,578,PASS,worst_obstruction_endpoint_distance,5.064546292495137,1106.7803593719177,True,,端点最大距离且全时段按遮挡计损仍满足双向预算
T009,巡航,3022.2028695585664,3041.727944066768,中继,R004,579,PASS,worst_obstruction_endpoint_distance,7.052567845391934,880.3601302922355,True,,端点最大距离且全时段按遮挡计损仍满足双向预算
T009,巡航,3041.727944066768,3061.25301857497,中继,R004,580,PASS,worst_obstruction_endpoint_distance,9.561891354059668,659.468704394305,True,,端点最大距离且全时段按遮挡计损仍满足双向预算
T009,巡航,3061.25301857497,3080.778093083172,中继,R004,581,PASS,worst_obstruction_endpoint_distance,12.837614657622282,452.2806684940842,True,,端点最大距离且全时段按遮挡计损仍满足双向预算
T009,巡航,3080.778093083172,3100.3031675913735,中继,R004,582,PASS,worst_obstruction_endpoint_distance,16.70244194914028,289.845565882971,True,,端点最大距离且全时段按遮挡计损仍满足双向预算
T009,巡航,3100.3031675913735,3119.828242099575,中继,R004,583,PASS,worst_obstruction_endpoint_distance,13.582992870799032,415.086983475622,True,,端点最大距离且全时段按遮挡计损仍满足双向预算
T009,巡航,3119.828242099575,3139.353316607777,中继,R004,584,PASS,worst_obstruction_endpoint_distance,10.135028927687586,617.3583292313319,True,,端点最大距离且全时段按遮挡计损仍满足双向预算
T009,巡航,3139.353316607777,3158.878391115979,中继,R004,585,PASS,worst_obstruction_endpoint_distance,7.496288825348643,836.5161250342817,True,,端点最大距离且全时段按遮挡计损仍满足双向预算
T009,巡航,3158.878391115979,3178.40346562418,中继,R004,586,PASS,worst_obstruction_endpoint_distance,5.421987482213211,1062.158635121915,True,,端点最大距离且全时段按遮挡计损仍满足双向预算
T009,巡航,3178.40346562418,3197.9285401323823,中继,R004,587,PASS,worst_obstruction_endpoint_distance,3.7279916585073067,1290.889818240399,True,,端点最大距离且全时段按遮挡计损仍满足双向预算
T009,巡航,3197.9285401323823,3217.453614640584,中继,R004,588,PASS,worst_obstruction_endpoint_distance,2.30137989286807,1521.3171587343563,True,,端点最大距离且全时段按遮挡计损仍满足双向预算
T009,巡航,3217.453614640584,3236.9786891487856,中继,R004,589,PASS,worst_obstruction_endpoint_distance,1.0712674676761509,1752.7718305681353,True,,端点最大距离且全时段按遮挡计损仍满足双向预算
T009,下降,3236.9786891487856,3254.8430202034733,中继,R004,590,PASS,worst_obstruction_endpoint_distance,1.0712674676761509,1752.7718305681353,True,,端点最大距离且全时段按遮挡计损仍满足双向预算
T009,下降,3254.8430202034733,3272.7073512581605,中继,R004,591,PASS,worst_obstruction_endpoint_distance,1.079490722717381,1751.1132014983282,True,,端点最大距离且全时段按遮挡计损仍满足双向预算
T009,下降,3272.7073512581605,3290.571682312848,中继,R004,592,PASS,worst_obstruction_endpoint_distance,1.079003193774426,1751.2114922161775,True,,端点最大距离且全时段按遮挡计损仍满足双向预算
T009,下降,3290.571682312848,3308.4360133675355,中继,R004,593,PASS,worst_obstruction_endpoint_distance,1.070294308703211,1752.9682204905325,True,,端点最大距离且全时段按遮挡计损仍满足双向预算
T009,下降,3308.4360133675355,3326.300344422223,中继,R004,594,PASS,worst_obstruction_endpoint_distance,1.0559798351574585,1755.8595196313033,True,,端点最大距离且全时段按遮挡计损仍满足双向预算
T009,投送,3326.300344422223,3345.391253513132,中继,R004,595,PASS,exact_point,11.055979835157459,1755.8595196313033,,,独立计算 DEM 遮挡、自由空间损耗与双向预算
T009,投送,3345.391253513132,3364.482162604041,中继,R004,596,PASS,exact_point,11.055979835157459,1755.8595196313033,,,独立计算 DEM 遮挡、自由空间损耗与双向预算
T009,投送,3364.482162604041,3383.57307169495,中继,R004,597,PASS,exact_point,11.055979835157459,1755.8595196313033,,,独立计算 DEM 遮挡、自由空间损耗与双向预算
T009,投送,3383.57307169495,3402.663980785859,中继,R004,598,PASS,exact_point,11.055979835157459,1755.8595196313033,,,独立计算 DEM 遮挡、自由空间损耗与双向预算
T009,投送,3402.663980785859,3421.7548898767686,中继,R004,599,PASS,exact_point,11.055979835157459,1755.8595196313033,,,独立计算 DEM 遮挡、自由空间损耗与双向预算
T009,投送,3421.7548898767686,3440.8457989676776,中继,R004,600,PASS,exact_point,11.055979835157459,1755.8595196313033,,,独立计算 DEM 遮挡、自由空间损耗与双向预算
T009,投送,3440.8457989676776,3459.9367080585866,中继,R004,601,PASS,exact_point,11.055979835157459,1755.8595196313033,,,独立计算 DEM 遮挡、自由空间损耗与双向预算
T009,投送,3459.9367080585866,3479.027617149496,中继,R004,602,PASS,exact_point,11.055979835157459,1755.8595196313033,,,独立计算 DEM 遮挡、自由空间损耗与双向预算
T009,投送,3479.027617149496,3498.118526240405,中继,R004,603,PASS,exact_point,11.055979835157459,1755.8595196313033,,,独立计算 DEM 遮挡、自由空间损耗与双向预算
T009,投送,3498.118526240405,3517.209435331314,中继,R004,604,PASS,exact_point,11.055979835157459,1755.8595196313033,,,独立计算 DEM 遮挡、自由空间损耗与双向预算
T009,投送,3517.209435331314,3536.300344422223,中继,R004,605,PASS,exact_point,11.055979835157459,1755.8595196313033,,,独立计算 DEM 遮挡、自由空间损耗与双向预算
T009,爬升,3536.300344422223,3554.9090226041894,中继,R004,606,PASS,worst_obstruction_endpoint_distance,1.0559798351574585,1755.8595196313033,True,,端点最大距离且全时段按遮挡计损仍满足双向预算
T009,爬升,3554.9090226041894,3573.5177007861557,中继,R004,607,PASS,worst_obstruction_endpoint_distance,1.0729987463525248,1752.4225014587198,True,,端点最大距离且全时段按遮挡计损仍满足双向预算
T009,爬升,3573.5177007861557,3592.1263789681216,中继,R004,608,PASS,worst_obstruction_endpoint_distance,1.0806658488908738,1750.876306966168,True,,端点最大距离且全时段按遮挡计损仍满足双向预算
T009,爬升,3592.1263789681216,3610.735057150088,中继,R004,609,PASS,worst_obstruction_endpoint_distance,1.0712674676761509,1752.7718305681353,True,,端点最大距离且全时段按遮挡计损仍满足双向预算
T009,巡航,3610.735057150088,3630.2601316582895,中继,R004,610,PASS,worst_obstruction_endpoint_distance,1.0712674676761509,1752.7718305681353,True,,端点最大距离且全时段按遮挡计损仍满足双向预算
T009,巡航,3630.2601316582895,3649.7852061664917,中继,R004,611,PASS,worst_obstruction_endpoint_distance,2.30137989286807,1521.3171587343563,True,,端点最大距离且全时段按遮挡计损仍满足双向预算
T009,巡航,3649.7852061664917,3669.310280674693,中继,R004,612,PASS,worst_obstruction_endpoint_distance,3.7279916585073067,1290.889818240399,True,,端点最大距离且全时段按遮挡计损仍满足双向预算
T009,巡航,3669.310280674693,3688.835355182895,中继,R004,613,PASS,worst_obstruction_endpoint_distance,5.421987482213211,1062.158635121915,True,,端点最大距离且全时段按遮挡计损仍满足双向预算
T009,巡航,3688.835355182895,3708.3604296910967,中继,R004,614,PASS,worst_obstruction_endpoint_distance,7.496288825348643,836.5161250342817,True,,端点最大距离且全时段按遮挡计损仍满足双向预算
T009,巡航,3708.3604296910967,3727.8855041992983,中继,R004,615,PASS,worst_obstruction_endpoint_distance,10.135028927687586,617.3583292313319,True,,端点最大距离且全时段按遮挡计损仍满足双向预算
T009,巡航,3727.8855041992983,3747.4105787075,中继,R004,616,PASS,worst_obstruction_endpoint_distance,13.582992870799032,415.086983475622,True,,端点最大距离且全时段按遮挡计损仍满足双向预算
T009,巡航,3747.4105787075,3766.9356532157017,中继,R004,617,PASS,worst_obstruction_endpoint_distance,16.70244194914028,289.845565882971,True,,端点最大距离且全时段按遮挡计损仍满足双向预算
T009,巡航,3766.9356532157017,3786.460727723904,中继,R004,618,PASS,worst_obstruction_endpoint_distance,12.837614657622282,452.2806684940842,True,,端点最大距离且全时段按遮挡计损仍满足双向预算
T009,巡航,3786.460727723904,3805.985802232105,中继,R004,619,PASS,worst_obstruction_endpoint_distance,9.561891354059668,659.468704394305,True,,端点最大距离且全时段按遮挡计损仍满足双向预算
T009,巡航,3805.985802232105,3825.510876740307,中继,R004,620,PASS,worst_obstruction_endpoint_distance,7.052567845391934,880.3601302922355,True,,端点最大距离且全时段按遮挡计损仍满足双向预算
T009,巡航,3825.510876740307,3845.035951248509,中继,R004,621,PASS,worst_obstruction_endpoint_distance,5.0645462924954785,1106.7803593718747,True,,端点最大距离且全时段按遮挡计损仍满足双向预算
T009,巡航,3845.035951248509,3864.5610257567105,中继,R004,622,PASS,worst_obstruction_endpoint_distance,3.4301584898653914,1335.9211753415657,True,,端点最大距离且全时段按遮挡计损仍满足双向预算
T009,巡航,3864.5610257567105,3884.086100264912,中继,R004,623,PASS,worst_obstruction_endpoint_distance,2.0466724140916455,1566.5892338167546,True,,端点最大距离且全时段按遮挡计损仍满足双向预算
T009,巡航,3884.086100264912,3903.611174773114,中继,R004,624,PASS,worst_obstruction_endpoint_distance,0.8490302798144427,1798.1968986308907,True,,端点最大距离且全时段按遮挡计损仍满足双向预算
T009,巡航,3903.611174773114,3923.136249281316,直连,,625,PASS,worst_obstruction_endpoint_distance,0.41522465241320106,3771.616488316685,True,,端点最大距离且全时段按遮挡计损仍满足双向预算
T009,巡航,3923.136249281316,3942.6613237895176,直连,,626,PASS,worst_obstruction_endpoint_distance,0.9685919145869804,3538.825618295985,True,,端点最大距离且全时段按遮挡计损仍满足双向预算
T009,巡航,3942.6613237895176,3962.1863982977193,直连,,627,PASS,worst_obstruction_endpoint_distance,1.559066410352358,3306.248084524794,True,,端点最大距离且全时段按遮挡计损仍满足双向预算
T009,巡航,3962.1863982977193,3981.711472805921,直连,,628,PASS,worst_obstruction_endpoint_distance,2.191889165852203,3073.93231124083,True,,端点最大距离且全时段按遮挡计损仍满足双向预算
T009,巡航,3981.711472805921,4001.2365473141226,直连,,629,PASS,worst_obstruction_endpoint_distance,2.8734694540850256,2841.9424923292363,True,,端点最大距离且全时段按遮挡计损仍满足双向预算
T009,巡航,4001.2365473141226,4020.7616218223247,直连,,630,PASS,worst_obstruction_endpoint_distance,3.6117486322979744,2610.3655344174194,True,,端点最大距离且全时段按遮挡计损仍满足双向预算
T009,巡航,4020.7616218223247,4040.286696330526,直连,,631,PASS,worst_obstruction_endpoint_distance,4.4167107952732465,2379.3219905663836,True,,端点最大距离且全时段按遮挡计损仍满足双向预算
T009,巡航,4040.286696330526,4059.811770838728,直连,,632,PASS,worst_obstruction_endpoint_distance,5.301111871503167,2148.983914379498,True,,端点最大距离且全时段按遮挡计损仍满足双向预算
T009,巡航,4059.811770838728,4079.3368453469297,直连,,633,PASS,worst_obstruction_endpoint_distance,6.281536472192059,1919.6052749671428,True,,端点最大距离且全时段按遮挡计损仍满足双向预算
T009,巡航,4079.3368453469297,4098.861919855131,直连,,634,PASS,worst_obstruction_endpoint_distance,7.37994272538333,1691.5764177391372,True,,端点最大距离且全时段按遮挡计损仍满足双向预算
T009,巡航,4098.861919855131,4118.386994363333,直连,,635,PASS,worst_obstruction_endpoint_distance,8.625895505130202,1465.527536545165,True,,端点最大距离且全时段按遮挡计损仍满足双向预算
T009,巡航,4118.386994363333,4137.912068871535,直连,,636,PASS,worst_obstruction_endpoint_distance,10.059569536755163,1242.5397223605517,True,,端点最大距离且全时段按遮挡计损仍满足双向预算
T009,巡航,4137.912068871535,4157.437143379737,直连,,637,PASS,worst_obstruction_endpoint_distance,11.73457387155004,1024.6134787645549,True,,端点最大距离且全时段按遮挡计损仍满足双向预算
T009,巡航,4157.437143379737,4176.962217887938,直连,,638,PASS,worst_obstruction_endpoint_distance,13.713939458904292,815.815186202598,True,,端点最大距离且全时段按遮挡计损仍满足双向预算
T009,巡航,4176.962217887938,4196.48729239614,直连,,639,PASS,worst_obstruction_endpoint_distance,16.02323156066899,625.3557972562493,True,,端点最大距离且全时段按遮挡计损仍满足双向预算
T009,巡航,4196.48729239614,4216.012366904342,直连,,640,PASS,worst_obstruction_endpoint_distance,18.39741098882675,475.7931759032307,True,,端点最大距离且全时段按遮挡计损仍满足双向预算
T009,下降,4216.012366904342,4235.3058841569455,直连,,641,PASS,worst_obstruction_endpoint_distance,19.603583756332725,414.104138183594,True,,端点最大距离且全时段按遮挡计损仍满足双向预算
T009,下降,4235.3058841569455,4254.59940140955,直连,,642,PASS,worst_obstruction_endpoint_distance,20.67923096631543,365.87034505208607,True,,端点最大距离且全时段按遮挡计损仍满足双向预算
T009,下降,4254.59940140955,4273.892918662154,直连,,643,PASS,worst_obstruction_endpoint_distance,21.907165707290872,317.6365519205736,True,,端点最大距离且全时段按遮挡计损仍满足双向预算
T009,下降,4273.892918662154,4293.1864359147585,直连,,644,PASS,worst_obstruction_endpoint_distance,23.337734390683906,269.4027587890634,True,,端点最大距离且全时段按遮挡计损仍满足双向预算
T009,下降,4293.1864359147585,4312.479953167363,直连,,645,PASS,worst_obstruction_endpoint_distance,25.05129142823644,221.1689656575532,True,,端点最大距离且全时段按遮挡计损仍满足双向预算
T009,下降,4312.479953167363,4331.7734704199665,直连,,646,PASS,worst_obstruction_endpoint_distance,27.18810853562924,172.93517252604073,True,,端点最大距离且全时段按遮挡计损仍满足双向预算
T009,下降,4331.7734704199665,4351.0669876725715,直连,,647,PASS,worst_obstruction_endpoint_distance,30.02835001598521,124.70137939453286,True,,端点最大距离且全时段按遮挡计损仍满足双向预算
T009,下降,4351.0669876725715,4370.3605049251755,直连,,648,PASS,worst_obstruction_endpoint_distance,34.276227532041716,76.4675862630204,True,,端点最大距离且全时段按遮挡计损仍满足双向预算
T009,下降,4370.3605049251755,4389.65402217778,直连,,649,PASS,worst_obstruction_endpoint_distance,42.93039059934276,28.233793131510197,True,,端点最大距离且全时段按遮挡计损仍满足双向预算
T010,爬升,2468.0,2485.107585313585,直连,,650,PASS,worst_obstruction_endpoint_distance,42.02857583418874,31.322755940754746,True,,端点最大距离且全时段按遮挡计损仍满足双向预算
T010,爬升,2485.107585313585,2502.21517062717,直连,,651,PASS,worst_obstruction_endpoint_distance,33.6013896877198,82.6455118815108,True,,端点最大距离且全时段按遮挡计损仍满足双向预算
T010,爬升,2502.21517062717,2519.322755940755,直连,,652,PASS,worst_obstruction_endpoint_distance,29.405736324095642,133.96826782226555,True,,端点最大距离且全时段按遮挡计损仍满足双向预算
T010,爬升,2519.322755940755,2536.4303412543404,直连,,653,PASS,worst_obstruction_endpoint_distance,26.58868754837124,185.2910237630216,True,,端点最大距离且全时段按遮挡计损仍满足双向预算
T010,爬升,2536.4303412543404,2553.5379265679253,直连,,654,PASS,worst_obstruction_endpoint_distance,24.464974504050502,236.61377970377634,True,,端点最大距离且全时段按遮挡计损仍满足双向预算
T010,爬升,2553.5379265679253,2570.64551188151,直连,,655,PASS,worst_obstruction_endpoint_distance,22.759839664518097,287.93653564453103,True,,端点最大距离且全时段按遮挡计损仍满足双向预算
T010,巡航,2570.64551188151,2590.5808238659233,直连,,656,PASS,worst_obstruction_endpoint_distance,20.480295098117907,374.3466951408415,True,,端点最大距离且全时段按遮挡计损仍满足双向预算
T010,巡航,2590.5808238659233,2610.5161358503365,直连,,657,PASS,worst_obstruction_endpoint_distance,17.00674319609881,558.4079574778261,True,,端点最大距离且全时段按遮挡计损仍满足双向预算
T010,巡航,2610.5161358503365,2630.45144783475,直连,,658,PASS,worst_obstruction_endpoint_distance,14.17905786455536,773.2783748392534,True,,端点最大距离且全时段按遮挡计损仍满足双向预算
T010,巡航,2630.45144783475,2650.3867598191628,直连,,659,PASS,worst_obstruction_endpoint_distance,11.952053336171133,999.277460078685,True,,端点最大距离且全时段按遮挡计损仍满足双向预算
T010,巡航,2650.3867598191628,2670.3220718035764,直连,,660,PASS,worst_obstruction_endpoint_distance,10.145642631642374,1230.2875430794097,True,,端点最大距离且全时段按遮挡计损仍满足双向预算
T010,巡航,2670.3220718035764,2690.257383787989,直连,,661,PASS,worst_obstruction_endpoint_distance,8.635319525677161,1463.9383300872823,True,,端点最大距离且全时段按遮挡计损仍满足双向预算
T010,巡航,2690.257383787989,2710.1926957724027,直连,,662,PASS,worst_obstruction_endpoint_distance,7.341187842489873,1699.140791444107,True,,端点最大距离且全时段按遮挡计损仍满足双向预算
T010,巡航,2710.1926957724027,2730.128007756816,直连,,663,PASS,worst_obstruction_endpoint_distance,6.210677820494141,1935.3292803054635,True,,端点最大距离且全时段按遮挡计损仍满足双向预算
T010,巡航,2730.128007756816,2750.063319741229,直连,,664,PASS,worst_obstruction_endpoint_distance,5.20785024110161,2172.1821784725635,True,,端点最大距离且全时段按遮挡计损仍满足双向预算
T010,巡航,2750.063319741229,2769.998631725642,直连,,665,PASS,worst_obstruction_endpoint_distance,4.307223717296679,2409.5035606837673,True,,端点最大距离且全时段按遮挡计损仍满足双向预算
T010,巡航,2769.998631725642,2789.9339437100552,直连,,666,PASS,worst_obstruction_endpoint_distance,3.4901469519361115,2647.1674296556093,True,,端点最大距离且全时段按遮挡计损仍满足双向预算
T010,巡航,2789.9339437100552,2809.8692556944684,直连,,667,PASS,worst_obstruction_endpoint_distance,2.74259042177637,2885.089147932696,True,,端点最大距离且全时段按遮挡计损仍满足双向预算
T010,巡航,2809.8692556944684,2829.8045676788815,直连,,668,PASS,worst_obstruction_endpoint_distance,2.053752024020639,3123.2097882813323,True,,端点最大距离且全时段按遮挡计损仍满足双向预算
T010,巡航,2829.8045676788815,2849.7398796632947,直连,,669,PASS,worst_obstruction_endpoint_distance,1.4151462453782386,3361.487077309897,True,,端点最大距离且全时段按遮挡计损仍满足双向预算
T010,巡航,2849.7398796632947,2869.675191647708,直连,,670,PASS,worst_obstruction_endpoint_distance,0.8199907753844542,3599.8899093492196,True,,端点最大距离且全时段按遮挡计损仍满足双向预算
T010,巡航,2869.675191647708,2889.610503632121,直连,,671,PASS,worst_obstruction_endpoint_distance,0.26278211209398705,3838.3948920289236,True,,端点最大距离且全时段按遮挡计损仍满足双向预算
T010,巡航,2889.610503632121,2909.545815616534,中继,R003,672,PASS,worst_obstruction_endpoint_distance,10.118541759621053,618.5312841328039,True,,端点最大距离且全时段按遮挡计损仍满足双向预算
T010,巡航,2909.545815616534,2929.4811276009473,中继,R003,673,PASS,worst_obstruction_endpoint_distance,13.927638211711155,398.9393242537665,True,,端点最大距离且全时段按遮挡计损仍满足双向预算
T010,巡航,2929.4811276009473,2949.4164395853604,中继,R003,674,PASS,worst_obstruction_endpoint_distance,18.490042596505376,235.93188006197872,True,,端点最大距离且全时段按遮挡计损仍满足双向预算
T010,巡航,2949.4164395853604,2969.3517515697736,中继,R003,675,PASS,worst_obstruction_endpoint_distance,13.500443868742849,419.0506945919927,True,,端点最大距离且全时段按遮挡计损仍满足双向预算
T010,下降,2969.3517515697736,2986.15905869868,中继,R003,676,PASS,worst_obstruction_endpoint_distance,13.1511283549915,436.24688662675135,True,,端点最大距离且全时段按遮挡计损仍满足双向预算
T010,下降,2986.15905869868,3002.9663658275863,中继,R003,677,PASS,worst_obstruction_endpoint_distance,12.753667451270502,456.6730528579534,True,,端点最大距离且全时段按遮挡计损仍满足双向预算
T010,投送,3002.9663658275863,3020.9663658275863,中继,R003,678,PASS,exact_point,22.753667451270502,456.6730528579534,,,独立计算 DEM 遮挡、自由空间损耗与双向预算
T010,投送,3020.9663658275863,3038.9663658275863,中继,R003,679,PASS,exact_point,22.753667451270502,456.6730528579534,,,独立计算 DEM 遮挡、自由空间损耗与双向预算
T010,投送,3038.9663658275863,3056.9663658275863,中继,R003,680,PASS,exact_point,22.753667451270502,456.6730528579534,,,独立计算 DEM 遮挡、自由空间损耗与双向预算
T010,投送,3056.9663658275863,3074.9663658275863,中继,R003,681,PASS,exact_point,22.753667451270502,456.6730528579534,,,独立计算 DEM 遮挡、自由空间损耗与双向预算
T010,投送,3074.9663658275863,3092.9663658275863,中继,R003,682,PASS,exact_point,22.753667451270502,456.6730528579534,,,独立计算 DEM 遮挡、自由空间损耗与双向预算
T010,投送,3092.9663658275863,3110.9663658275863,中继,R003,683,PASS,exact_point,22.753667451270502,456.6730528579534,,,独立计算 DEM 遮挡、自由空间损耗与双向预算
T010,投送,3110.9663658275863,3128.9663658275863,中继,R003,684,PASS,exact_point,22.753667451270502,456.6730528579534,,,独立计算 DEM 遮挡、自由空间损耗与双向预算
T010,投送,3128.9663658275863,3146.9663658275863,中继,R003,685,PASS,exact_point,22.753667451270502,456.6730528579534,,,独立计算 DEM 遮挡、自由空间损耗与双向预算
T010,投送,3146.9663658275863,3164.9663658275863,中继,R003,686,PASS,exact_point,22.753667451270502,456.6730528579534,,,独立计算 DEM 遮挡、自由空间损耗与双向预算
T010,投送,3164.9663658275863,3182.9663658275863,中继,R003,687,PASS,exact_point,22.753667451270502,456.6730528579534,,,独立计算 DEM 遮挡、自由空间损耗与双向预算
T010,爬升,3182.9663658275863,3196.9724551016748,中继,R003,688,PASS,worst_obstruction_endpoint_distance,12.753667451270502,456.6730528579534,True,,端点最大距离且全时段按遮挡计损仍满足双向预算
T010,爬升,3196.9724551016748,3210.9785443757632,中继,R003,689,PASS,worst_obstruction_endpoint_distance,13.1511283549915,436.24688662675135,True,,端点最大距离且全时段按遮挡计损仍满足双向预算
T010,巡航,3210.9785443757632,3230.9138563601764,中继,R003,690,PASS,worst_obstruction_endpoint_distance,13.500443868742849,419.0506945919927,True,,端点最大距离且全时段按遮挡计损仍满足双向预算
T010,巡航,3230.9138563601764,3250.8491683445895,中继,R003,691,PASS,worst_obstruction_endpoint_distance,18.490042596505376,235.93188006197872,True,,端点最大距离且全时段按遮挡计损仍满足双向预算
T010,巡航,3250.8491683445895,3270.7844803290027,中继,R003,692,PASS,worst_obstruction_endpoint_distance,13.927638211711155,398.9393242537665,True,,端点最大距离且全时段按遮挡计损仍满足双向预算
T010,巡航,3270.7844803290027,3290.719792313416,中继,R003,693,PASS,worst_obstruction_endpoint_distance,10.118541759621053,618.5312841328039,True,,端点最大距离且全时段按遮挡计损仍满足双向预算
T010,巡航,3290.719792313416,3310.655104297829,直连,,694,PASS,worst_obstruction_endpoint_distance,0.26278211209398705,3838.3948920289236,True,,端点最大距离且全时段按遮挡计损仍满足双向预算
T010,巡航,3310.655104297829,3330.5904162822426,直连,,695,PASS,worst_obstruction_endpoint_distance,0.8199907753844542,3599.8899093492196,True,,端点最大距离且全时段按遮挡计损仍满足双向预算
T010,巡航,3330.5904162822426,3350.5257282666553,直连,,696,PASS,worst_obstruction_endpoint_distance,1.4151462453782386,3361.487077309897,True,,端点最大距离且全时段按遮挡计损仍满足双向预算
T010,巡航,3350.5257282666553,3370.461040251069,直连,,697,PASS,worst_obstruction_endpoint_distance,2.053752024020639,3123.2097882813323,True,,端点最大距离且全时段按遮挡计损仍满足双向预算
T010,巡航,3370.461040251069,3390.3963522354816,直连,,698,PASS,worst_obstruction_endpoint_distance,2.74259042177637,2885.089147932696,True,,端点最大距离且全时段按遮挡计损仍满足双向预算
T010,巡航,3390.3963522354816,3410.331664219895,直连,,699,PASS,worst_obstruction_endpoint_distance,3.4901469519361115,2647.1674296556093,True,,端点最大距离且全时段按遮挡计损仍满足双向预算
T010,巡航,3410.331664219895,3430.266976204308,直连,,700,PASS,worst_obstruction_endpoint_distance,4.307223717296679,2409.5035606837673,True,,端点最大距离且全时段按遮挡计损仍满足双向预算
T010,巡航,3430.266976204308,3450.2022881887215,直连,,701,PASS,worst_obstruction_endpoint_distance,5.20785024110161,2172.1821784725635,True,,端点最大距离且全时段按遮挡计损仍满足双向预算
T010,巡航,3450.2022881887215,3470.137600173134,直连,,702,PASS,worst_obstruction_endpoint_distance,6.210677820494141,1935.3292803054635,True,,端点最大距离且全时段按遮挡计损仍满足双向预算
T010,巡航,3470.137600173134,3490.0729121575478,直连,,703,PASS,worst_obstruction_endpoint_distance,7.341187842489873,1699.140791444107,True,,端点最大距离且全时段按遮挡计损仍满足双向预算
T010,巡航,3490.0729121575478,3510.008224141961,直连,,704,PASS,worst_obstruction_endpoint_distance,8.635319525677161,1463.9383300872823,True,,端点最大距离且全时段按遮挡计损仍满足双向预算
T010,巡航,3510.008224141961,3529.943536126374,直连,,705,PASS,worst_obstruction_endpoint_distance,10.145642631643526,1230.287543079246,True,,端点最大距离且全时段按遮挡计损仍满足双向预算
T010,巡航,3529.943536126374,3549.878848110787,直连,,706,PASS,worst_obstruction_endpoint_distance,11.952053336171133,999.277460078685,True,,端点最大距离且全时段按遮挡计损仍满足双向预算
T010,巡航,3549.878848110787,3569.8141600952004,直连,,707,PASS,worst_obstruction_endpoint_distance,14.17905786455536,773.2783748392534,True,,端点最大距离且全时段按遮挡计损仍满足双向预算
T010,巡航,3569.8141600952004,3589.7494720796135,直连,,708,PASS,worst_obstruction_endpoint_distance,17.00674319609881,558.4079574778261,True,,端点最大距离且全时段按遮挡计损仍满足双向预算
T010,巡航,3589.7494720796135,3609.6847840640266,直连,,709,PASS,worst_obstruction_endpoint_distance,20.480295098117907,374.3466951408415,True,,端点最大距离且全时段按遮挡计损仍满足双向预算
T010,下降,3609.6847840640266,3627.281157529428,直连,,710,PASS,worst_obstruction_endpoint_distance,22.759839664518097,287.93653564453103,True,,端点最大距离且全时段按遮挡计损仍满足双向预算
T010,下降,3627.281157529428,3644.8775309948305,直连,,711,PASS,worst_obstruction_endpoint_distance,24.199915310578675,243.94560198102727,True,,端点最大距离且全时段按遮挡计损仍满足双向预算
T010,下降,3644.8775309948305,3662.473904460232,直连,,712,PASS,worst_obstruction_endpoint_distance,25.92714420559217,199.95466831752123,True,,端点最大距离且全时段按遮挡计损仍满足双向预算
T010,下降,3662.473904460232,3680.0702779256335,直连,,713,PASS,worst_obstruction_endpoint_distance,28.08530264362895,155.9637346540174,True,,端点最大距离且全时段按遮挡计损仍满足双向预算
T010,下降,3680.0702779256335,3697.6666513910354,直连,,714,PASS,worst_obstruction_endpoint_distance,30.963524322055974,111.97280099051358,True,,端点最大距离且全时段按遮挡计损仍满足双向预算
T010,下降,3697.6666513910354,3715.2630248564374,直连,,715,PASS,worst_obstruction_endpoint_distance,35.29791337339611,67.9818673270087,True,,端点最大距离且全时段按遮挡计损仍满足双向预算
T010,下降,3715.2630248564374,3732.859398321839,直连,,716,PASS,worst_obstruction_endpoint_distance,44.344832168047475,23.990933663503824,True,,端点最大距离且全时段按遮挡计损仍满足双向预算
T011,爬升,2534.0,2552.098788248698,直连,,717,PASS,worst_obstruction_endpoint_distance,43.90158967207108,25.24697062174485,True,,端点最大距离且全时段按遮挡计损仍满足双向预算
T011,爬升,2552.098788248698,2570.197576497396,直连,,718,PASS,worst_obstruction_endpoint_distance,34.98273932171074,70.49394124348967,True,,端点最大距离且全时段按遮挡计损仍满足双向预算
T011,爬升,2570.197576497396,2588.296364746094,直连,,719,PASS,worst_obstruction_endpoint_distance,30.67603717313169,115.74091186523452,True,,端点最大距离且全时段按遮挡计损仍满足双向预算
T011,爬升,2588.296364746094,2606.3951529947917,直连,,720,PASS,worst_obstruction_endpoint_distance,27.809911405017885,160.98788248697934,True,,端点最大距离且全时段按遮挡计损仍满足双向预算
T011,爬升,2606.3951529947917,2624.4939412434896,直连,,721,PASS,worst_obstruction_endpoint_distance,25.658533931909105,206.23485310872417,True,,端点最大距离且全时段按遮挡计损仍满足双向预算
T011,爬升,2624.4939412434896,2642.5927294921876,直连,,722,PASS,worst_obstruction_endpoint_distance,23.935643142447674,251.481823730469,True,,端点最大距离且全时段按遮挡计损仍满足双向预算
T011,巡航,2642.5927294921876,2661.6093061241936,直连,,723,PASS,worst_obstruction_endpoint_distance,20.343794916914376,380.27608351961703,True,,端点最大距离且全时段按遮挡计损仍满足双向预算
T011,巡航,2661.6093061241936,2680.625882756199,直连,,724,PASS,worst_obstruction_endpoint_distance,16.049514949605253,623.466338937083,True,,端点最大距离且全时段按遮挡计损仍满足双向预算
T011,巡航,2680.625882756199,2699.642459388205,直连,,725,PASS,worst_obstruction_endpoint_distance,12.939131831411018,891.9328651522274,True,,端点最大距离且全时段按遮挡计损仍满足双向预算
T011,巡航,2699.642459388205,2718.659036020211,直连,,726,PASS,worst_obstruction_endpoint_distance,10.594093021855073,1168.3799810635858,True,,端点最大距离且全时段按遮挡计损仍满足双向预算
T011,巡航,2718.659036020211,2737.675612652217,直连,,727,PASS,worst_obstruction_endpoint_distance,8.72893580056764,1448.2447681320716,True,,端点最大距离且全时段按遮挡计损仍满足双向预算
T011,巡航,2737.675612652217,2756.692189284223,直连,,728,PASS,worst_obstruction_endpoint_distance,7.185509592415272,1729.8692496123044,True,,端点最大距离且全时段按遮挡计损仍满足双向预算
T011,巡航,2756.692189284223,2775.7087659162285,直连,,729,PASS,worst_obstruction_endpoint_distance,5.870993404915126,2012.5148240813007,True,,端点最大距离且全时段按遮挡计损仍满足双向预算
T011,巡航,2775.7087659162285,2794.725342548234,直连,,730,PASS,worst_obstruction_endpoint_distance,4.727077525390385,2295.804390099458,True,,端点最大距离且全时段按遮挡计损仍满足双向预算
T011,巡航,2794.725342548234,2813.74191918024,直连,,731,PASS,worst_obstruction_endpoint_distance,3.7149777055149116,2579.525782409383,True,,端点最大距离且全时段按遮挡计损仍满足双向预算
T011,巡航,2813.74191918024,2832.758495812246,直连,,732,PASS,worst_obstruction_endpoint_distance,2.807677788514951,2863.5506474809567,True,,端点最大距离且全时段按遮挡计损仍满足双向预算
T011,巡航,2832.758495812246,2851.7750724442517,直连,,733,PASS,worst_obstruction_endpoint_distance,1.9856412656795612,3147.7968395884704,True,,端点最大距离且全时段按遮挡计损仍满足双向预算
T011,巡航,2851.7750724442517,2870.7916490762577,直连,,734,PASS,worst_obstruction_endpoint_distance,1.2342997133882534,3432.2093700731825,True,,端点最大距离且全时段按遮挡计损仍满足双向预算
T011,巡航,2870.7916490762577,2889.8082257082633,直连,,735,PASS,worst_obstruction_endpoint_distance,0.5425080385621612,3716.750053578153,True,,端点最大距离且全时段按遮挡计损仍满足双向预算
T011,巡航,2889.8082257082633,2908.8248023402693,中继,R003,736,PASS,worst_obstruction_endpoint_distance,2.6367184328904614,1463.702574272917,True,,端点最大距离且全时段按遮挡计损仍满足双向预算
T011,巡航,2908.8248023402693,2927.8413789722754,中继,R003,737,PASS,worst_obstruction_endpoint_distance,3.0597232739024207,1394.1278229083944,True,,端点最大距离且全时段按遮挡计损仍满足双向预算
T011,巡航,2927.8413789722754,2946.857955604281,中继,R003,738,PASS,worst_obstruction_endpoint_distance,2.861993538800405,1426.2284039160454,True,,端点最大距离且全时段按遮挡计损仍满足双向预算
T011,巡航,2946.857955604281,2965.874532236287,中继,R003,739,PASS,worst_obstruction_endpoint_distance,2.284357046148841,1524.301601715459,True,,端点最大距离且全时段按遮挡计损仍满足双向预算
T011,下降,2965.874532236287,2977.744988168904,中继,R003,740,PASS,worst_obstruction_endpoint_distance,2.2664369073968516,1527.449683797634,True,,端点最大距离且全时段按遮挡计损仍满足双向预算
T011,下降,2977.744988168904,2989.6154441015215,中继,R003,741,PASS,worst_obstruction_endpoint_distance,2.246501178587579,1530.9594906028888,True,,端点最大距离且全时段按遮挡计损仍满足双向预算
T011,投送,2989.6154441015215,3009.0000594861367,中继,R003,742,PASS,exact_point,12.246501178587579,1530.9594906028888,,,独立计算 DEM 遮挡、自由空间损耗与双向预算
T011,投送,3009.0000594861367,3028.384674870752,中继,R003,743,PASS,exact_point,12.246501178587579,1530.9594906028888,,,独立计算 DEM 遮挡、自由空间损耗与双向预算
T011,投送,3028.384674870752,3047.769290255367,中继,R003,744,PASS,exact_point,12.246501178587579,1530.9594906028888,,,独立计算 DEM 遮挡、自由空间损耗与双向预算
T011,投送,3047.769290255367,3067.153905639983,中继,R003,745,PASS,exact_point,12.246501178587579,1530.9594906028888,,,独立计算 DEM 遮挡、自由空间损耗与双向预算
T011,投送,3067.153905639983,3086.538521024598,中继,R003,746,PASS,exact_point,12.246501178587579,1530.9594906028888,,,独立计算 DEM 遮挡、自由空间损耗与双向预算
T011,投送,3086.538521024598,3105.9231364092134,中继,R003,747,PASS,exact_point,12.246501178587579,1530.9594906028888,,,独立计算 DEM 遮挡、自由空间损耗与双向预算
T011,投送,3105.9231364092134,3125.307751793829,中继,R003,748,PASS,exact_point,12.246501178587579,1530.9594906028888,,,独立计算 DEM 遮挡、自由空间损耗与双向预算
T011,投送,3125.307751793829,3144.6923671784443,中继,R003,749,PASS,exact_point,12.246501178587579,1530.9594906028888,,,独立计算 DEM 遮挡、自由空间损耗与双向预算
T011,投送,3144.6923671784443,3164.0769825630596,中继,R003,750,PASS,exact_point,12.246501178587579,1530.9594906028888,,,独立计算 DEM 遮挡、自由空间损耗与双向预算
T011,投送,3164.0769825630596,3183.461597947675,中继,R003,751,PASS,exact_point,12.246501178587579,1530.9594906028888,,,独立计算 DEM 遮挡、自由空间损耗与双向预算
T011,投送,3183.461597947675,3202.8462133322905,中继,R003,752,PASS,exact_point,12.246501178587579,1530.9594906028888,,,独立计算 DEM 遮挡、自由空间损耗与双向预算
T011,投送,3202.8462133322905,3222.2308287169058,中继,R003,753,PASS,exact_point,12.246501178587579,1530.9594906028888,,,独立计算 DEM 遮挡、自由空间损耗与双向预算
T011,投送,3222.2308287169058,3241.6154441015215,中继,R003,754,PASS,exact_point,12.246501178587579,1530.9594906028888,,,独立计算 DEM 遮挡、自由空间损耗与双向预算
T011,爬升,3241.6154441015215,3260.6081735937087,中继,R003,755,PASS,worst_obstruction_endpoint_distance,2.246501178587579,1530.9594906028888,True,,端点最大距离且全时段按遮挡计损仍满足双向预算
T011,巡航,3260.6081735937087,3279.6247502257147,中继,R003,756,PASS,worst_obstruction_endpoint_distance,2.284357046148841,1524.301601715459,True,,端点最大距离且全时段按遮挡计损仍满足双向预算
T011,巡航,3279.6247502257147,3298.6413268577203,中继,R003,757,PASS,worst_obstruction_endpoint_distance,2.861993538800405,1426.2284039160454,True,,端点最大距离且全时段按遮挡计损仍满足双向预算
T011,巡航,3298.6413268577203,3317.6579034897263,中继,R003,758,PASS,worst_obstruction_endpoint_distance,3.0597232739024207,1394.1278229083944,True,,端点最大距离且全时段按遮挡计损仍满足双向预算
T011,巡航,3317.6579034897263,3336.674480121732,中继,R003,759,PASS,worst_obstruction_endpoint_distance,2.6367184328904614,1463.702574272917,True,,端点最大距离且全时段按遮挡计损仍满足双向预算
T011,巡航,3336.674480121732,3355.691056753738,直连,,760,PASS,worst_obstruction_endpoint_distance,0.5425080385621612,3716.750053578153,True,,端点最大距离且全时段按遮挡计损仍满足双向预算
T011,巡航,3355.691056753738,3374.707633385744,直连,,761,PASS,worst_obstruction_endpoint_distance,1.2342997133882534,3432.2093700731825,True,,端点最大距离且全时段按遮挡计损仍满足双向预算
T011,巡航,3374.707633385744,3393.7242100177496,直连,,762,PASS,worst_obstruction_endpoint_distance,1.9856412656795612,3147.7968395884704,True,,端点最大距离且全时段按遮挡计损仍满足双向预算
T011,巡航,3393.7242100177496,3412.740786649755,直连,,763,PASS,worst_obstruction_endpoint_distance,2.807677788514951,2863.5506474809567,True,,端点最大距离且全时段按遮挡计损仍满足双向预算
T011,巡航,3412.740786649755,3431.757363281761,直连,,764,PASS,worst_obstruction_endpoint_distance,3.7149777055149116,2579.525782409383,True,,端点最大距离且全时段按遮挡计损仍满足双向预算
T011,巡航,3431.757363281761,3450.773939913767,直连,,765,PASS,worst_obstruction_endpoint_distance,4.727077525390385,2295.804390099458,True,,端点最大距离且全时段按遮挡计损仍满足双向预算
T011,巡航,3450.773939913767,3469.7905165457732,直连,,766,PASS,worst_obstruction_endpoint_distance,5.870993404915126,2012.5148240813007,True,,端点最大距离且全时段按遮挡计损仍满足双向预算
T011,巡航,3469.7905165457732,3488.807093177779,直连,,767,PASS,worst_obstruction_endpoint_distance,7.185509592415272,1729.8692496123044,True,,端点最大距离且全时段按遮挡计损仍满足双向预算
T011,巡航,3488.807093177779,3507.8236698097844,直连,,768,PASS,worst_obstruction_endpoint_distance,8.72893580056764,1448.2447681320716,True,,端点最大距离且全时段按遮挡计损仍满足双向预算
T011,巡航,3507.8236698097844,3526.8402464417904,直连,,769,PASS,worst_obstruction_endpoint_distance,10.594093021855073,1168.3799810635858,True,,端点最大距离且全时段按遮挡计损仍满足双向预算
T011,巡航,3526.8402464417904,3545.8568230737965,直连,,770,PASS,worst_obstruction_endpoint_distance,12.939131831411018,891.9328651522274,True,,端点最大距离且全时段按遮挡计损仍满足双向预算
T011,巡航,3545.8568230737965,3564.8733997058025,直连,,771,PASS,worst_obstruction_endpoint_distance,16.049514949605253,623.466338937083,True,,端点最大距离且全时段按遮挡计损仍满足双向预算
T011,巡航,3564.8733997058025,3583.889976337808,直连,,772,PASS,worst_obstruction_endpoint_distance,20.343794916914376,380.27608351961703,True,,端点最大距离且全时段按遮挡计损仍满足双向预算
T011,下降,3583.889976337808,3603.281535175699,直连,,773,PASS,worst_obstruction_endpoint_distance,23.935643142447674,251.481823730469,True,,端点最大距离且全时段按遮挡计损仍满足双向预算
T011,下降,3603.281535175699,3622.6730940135894,直连,,774,PASS,worst_obstruction_endpoint_distance,25.3904782078655,212.6987060546872,True,,端点最大距离且全时段按遮挡计损仍满足双向预算
T011,下降,3622.6730940135894,3642.06465285148,直连,,775,PASS,worst_obstruction_endpoint_distance,27.1390049583151,173.9155883789063,True,,端点最大距离且全时段按遮挡计损仍满足双向预算
T011,下降,3642.06465285148,3661.4562116893703,直连,,776,PASS,worst_obstruction_endpoint_distance,29.330580819997408,135.13247070312542,True,,端点最大距离且全时段按遮挡计损仍满足双向预算
T011,下降,3661.4562116893703,3680.847770527261,直连,,777,PASS,worst_obstruction_endpoint_distance,32.26879911029705,96.3493530273445,True,,端点最大距离且全时段按遮挡计损仍满足双向预算
T011,下降,3680.847770527261,3700.239329365152,直连,,778,PASS,worst_obstruction_endpoint_distance,36.742418587609194,57.56623535156268,True,,端点最大距离且全时段按遮挡计损仍满足双向预算
T011,下降,3700.239329365152,3719.6308882030426,直连,,779,PASS,worst_obstruction_endpoint_distance,45.92517525248826,20.0,True,,端点最大距离且全时段按遮挡计损仍满足双向预算
T012,爬升,2571.0,2589.2987226213727,直连,,780,PASS,worst_obstruction_endpoint_distance,41.09022041847288,34.8961678641181,True,,端点最大距离且全时段按遮挡计损仍满足双向预算
T012,爬升,2589.2987226213727,2607.5974452427454,直连,,781,PASS,worst_obstruction_endpoint_distance,32.88098978943424,89.7923357282362,True,,端点最大距离且全时段按遮挡计损仍满足双向预算
T012,爬升,2607.5974452427454,2625.896167864118,直连,,782,PASS,worst_obstruction_endpoint_distance,28.737094664292826,144.68850359235432,True,,端点最大距离且全时段按遮挡计损仍满足双向预算
T012,爬升,2625.896167864118,2644.194890485491,直连,,783,PASS,worst_obstruction_endpoint_distance,25.943231496630872,199.58467145647376,True,,端点最大距离且全时段按遮挡计损仍满足双向预算
T012,爬升,2644.194890485491,2662.493613106864,直连,,784,PASS,worst_obstruction_endpoint_distance,23.832673396210197,254.48083932059183,True,,端点最大距离且全时段按遮挡计损仍满足双向预算
T012,爬升,2662.493613106864,2680.7923357282366,直连,,785,PASS,worst_obstruction_endpoint_distance,22.136014487477,309.37700718470995,True,,端点最大距离且全时段按遮挡计损仍满足双向预算
T012,爬升,2680.7923357282366,2699.0910583496093,直连,,786,PASS,worst_obstruction_endpoint_distance,20.717231343301734,364.273175048828,True,,端点最大距离且全时段按遮挡计损仍满足双向预算
T012,巡航,2699.0910583496093,2717.984924997995,直连,,787,PASS,worst_obstruction_endpoint_distance,18.661672477929415,461.5355244926001,True,,端点最大距离且全时段按遮挡计损仍满足双向预算
T012,巡航,2717.984924997995,2736.8787916463816,直连,,788,PASS,worst_obstruction_endpoint_distance,15.375452699934556,673.7769091431577,True,,端点最大距离且全时段按遮挡计损仍满足双向预算
T012,巡航,2736.8787916463816,2755.7726582947676,直连,,789,PASS,worst_obstruction_endpoint_distance,12.623190271631984,924.9734022323017,True,,端点最大距离且全时段按遮挡计损仍满足双向预算
T012,巡航,2755.7726582947676,2774.666524943154,直连,,790,PASS,worst_obstruction_endpoint_distance,10.429575041650054,1190.7209811695823,True,,端点最大距离且全时段按遮挡计损仍满足双向预算
T012,巡航,2774.666524943154,2793.56039159154,直连,,791,PASS,worst_obstruction_endpoint_distance,8.640222545108585,1463.112197944657,True,,端点最大距离且全时段按遮挡计损仍满足双向预算
T012,巡航,2793.56039159154,2812.4542582399263,直连,,792,PASS,worst_obstruction_endpoint_distance,7.139643736160679,1739.027987459995,True,,端点最大距离且全时段按遮挡计损仍满足双向预算
T012,巡航,2812.4542582399263,2831.348124888312,直连,,793,PASS,worst_obstruction_endpoint_distance,5.851560521092864,2017.0224508369258,True,,端点最大距离且全时段按遮挡计损仍满足双向预算
T012,巡航,2831.348124888312,2850.241991536698,直连,,794,PASS,worst_obstruction_endpoint_distance,4.725048394892426,2296.340780852931,True,,端点最大距离且全时段按遮挡计损仍满足双向预算
T012,巡航,2850.241991536698,2869.1358581850845,直连,,795,PASS,worst_obstruction_endpoint_distance,3.7249953747456317,2576.552461149355,True,,端点最大距离且全时段按遮挡计损仍满足双向预算
T012,巡航,2869.1358581850845,2888.0297248334705,直连,,796,PASS,worst_obstruction_endpoint_distance,2.8263705191290995,2857.394683434026,True,,端点最大距离且全时段按遮挡计损仍满足双向预算
T012,巡航,2888.0297248334705,2906.9235914818564,直连,,797,PASS,worst_obstruction_endpoint_distance,2.010784013786548,3138.6981946975716,True,,端点最大距离且全时段按遮挡计损仍满足双向预算
T012,巡航,2906.9235914818564,2925.817458130243,直连,,798,PASS,worst_obstruction_endpoint_distance,1.2643662606990915,3420.3491819541655,True,,端点最大距离且全时段按遮挡计损仍满足双向预算
T012,巡航,2925.817458130243,2944.7113247786288,直连,,799,PASS,worst_obstruction_endpoint_distance,0.5764172950555349,3702.2683430850543,True,,端点最大距离且全时段按遮挡计损仍满足双向预算
T012,巡航,2944.7113247786288,2963.605191427015,中继,R004,800,PASS,worst_obstruction_endpoint_distance,0.5970868152485878,1851.1193369976415,True,,端点最大距离且全时段按遮挡计损仍满足双向预算
T012,巡航,2963.605191427015,2982.499058075401,中继,R004,801,PASS,worst_obstruction_endpoint_distance,2.0387268612306,1568.0229513815293,True,,端点最大距离且全时段按遮挡计损仍满足双向预算
T012,巡航,2982.499058075401,3001.3929247237875,中继,R004,802,PASS,worst_obstruction_endpoint_distance,3.76728039508761,1285.0639442954207,True,,端点最大距离且全时段按遮挡计损仍满足双向预算
T012,下降,3001.3929247237875,3017.74024222867,中继,R004,803,PASS,worst_obstruction_endpoint_distance,5.925312180250401,1002.3586655558703,True,,端点最大距离且全时段按遮挡计损仍满足双向预算
T012,下降,3017.74024222867,3034.087559733553,中继,R004,804,PASS,worst_obstruction_endpoint_distance,5.9229777164137545,1002.6281007700978,True,,端点最大距离且全时段按遮挡计损仍满足双向预算
T012,下降,3034.087559733553,3050.4348772384355,中继,R004,805,PASS,worst_obstruction_endpoint_distance,5.900223455630936,1005.258110028668,True,,端点最大距离且全时段按遮挡计损仍满足双向预算
T012,下降,3050.4348772384355,3066.7821947433185,中继,R004,806,PASS,worst_obstruction_endpoint_distance,5.863329893920252,1009.5370532937532,True,,端点最大距离且全时段按遮挡计损仍满足双向预算
T012,投送,3066.7821947433185,3085.8731038342275,中继,R004,807,PASS,exact_point,15.863329893920252,1009.5370532937532,,,独立计算 DEM 遮挡、自由空间损耗与双向预算
T012,投送,3085.8731038342275,3104.9640129251366,中继,R004,808,PASS,exact_point,15.863329893920252,1009.5370532937532,,,独立计算 DEM 遮挡、自由空间损耗与双向预算
T012,投送,3104.9640129251366,3124.0549220160456,中继,R004,809,PASS,exact_point,15.863329893920252,1009.5370532937532,,,独立计算 DEM 遮挡、自由空间损耗与双向预算
T012,投送,3124.0549220160456,3143.145831106955,中继,R004,810,PASS,exact_point,15.863329893920252,1009.5370532937532,,,独立计算 DEM 遮挡、自由空间损耗与双向预算
T012,投送,3143.145831106955,3162.236740197864,中继,R004,811,PASS,exact_point,15.863329893920252,1009.5370532937532,,,独立计算 DEM 遮挡、自由空间损耗与双向预算
T012,投送,3162.236740197864,3181.327649288773,中继,R004,812,PASS,exact_point,15.863329893920252,1009.5370532937532,,,独立计算 DEM 遮挡、自由空间损耗与双向预算
T012,投送,3181.327649288773,3200.418558379682,中继,R004,813,PASS,exact_point,15.863329893920252,1009.5370532937532,,,独立计算 DEM 遮挡、自由空间损耗与双向预算
T012,投送,3200.418558379682,3219.5094674705915,中继,R004,814,PASS,exact_point,15.863329893920252,1009.5370532937532,,,独立计算 DEM 遮挡、自由空间损耗与双向预算
T012,投送,3219.5094674705915,3238.6003765615005,中继,R004,815,PASS,exact_point,15.863329893920252,1009.5370532937532,,,独立计算 DEM 遮挡、自由空间损耗与双向预算
T012,投送,3238.6003765615005,3257.6912856524095,中继,R004,816,PASS,exact_point,15.863329893920252,1009.5370532937532,,,独立计算 DEM 遮挡、自由空间损耗与双向预算
T012,投送,3257.6912856524095,3276.7821947433185,中继,R004,817,PASS,exact_point,15.863329893920252,1009.5370532937532,,,独立计算 DEM 遮挡、自由空间损耗与双向预算
T012,爬升,3276.7821947433185,3294.9458808598547,中继,R004,818,PASS,worst_obstruction_endpoint_distance,5.863329893920252,1009.5370532937532,True,,端点最大距离且全时段按遮挡计损仍满足双向预算
T012,爬升,3294.9458808598547,3313.1095669763918,中继,R004,819,PASS,worst_obstruction_endpoint_distance,5.909393154225469,1004.1974184592474,True,,端点最大距离且全时段按遮挡计损仍满足双向预算
T012,爬升,3313.1095669763918,3331.273253092928,中继,R004,820,PASS,worst_obstruction_endpoint_distance,5.925312180250401,1002.3586655558703,True,,端点最大距离且全时段按遮挡计损仍满足双向预算
T012,巡航,3331.273253092928,3350.1671197413143,中继,R004,821,PASS,worst_obstruction_endpoint_distance,3.76728039508761,1285.0639442954207,True,,端点最大距离且全时段按遮挡计损仍满足双向预算
T012,巡航,3350.1671197413143,3369.0609863897002,中继,R004,822,PASS,worst_obstruction_endpoint_distance,2.0387268612306,1568.0229513815293,True,,端点最大距离且全时段按遮挡计损仍满足双向预算
T012,巡航,3369.0609863897002,3387.954853038086,中继,R004,823,PASS,worst_obstruction_endpoint_distance,0.5970868152485878,1851.1193369976415,True,,端点最大距离且全时段按遮挡计损仍满足双向预算
T012,巡航,3387.954853038086,3406.8487196864726,直连,,824,PASS,worst_obstruction_endpoint_distance,0.5764172950555349,3702.2683430850543,True,,端点最大距离且全时段按遮挡计损仍满足双向预算
T012,巡航,3406.8487196864726,3425.7425863348585,直连,,825,PASS,worst_obstruction_endpoint_distance,1.2643662606990915,3420.3491819541655,True,,端点最大距离且全时段按遮挡计损仍满足双向预算
T012,巡航,3425.7425863348585,3444.6364529832445,直连,,826,PASS,worst_obstruction_endpoint_distance,2.010784013786548,3138.6981946975716,True,,端点最大距离且全时段按遮挡计损仍满足双向预算
T012,巡航,3444.6364529832445,3463.530319631631,直连,,827,PASS,worst_obstruction_endpoint_distance,2.8263705191290995,2857.394683434026,True,,端点最大距离且全时段按遮挡计损仍满足双向预算
T012,巡航,3463.530319631631,3482.424186280017,直连,,828,PASS,worst_obstruction_endpoint_distance,3.7249953747456317,2576.552461149355,True,,端点最大距离且全时段按遮挡计损仍满足双向预算
T012,巡航,3482.424186280017,3501.3180529284027,直连,,829,PASS,worst_obstruction_endpoint_distance,4.725048394892241,2296.34078085298,True,,端点最大距离且全时段按遮挡计损仍满足双向预算
T012,巡航,3501.3180529284027,3520.211919576789,直连,,830,PASS,worst_obstruction_endpoint_distance,5.851560521092864,2017.0224508369258,True,,端点最大距离且全时段按遮挡计损仍满足双向预算
T012,巡航,3520.211919576789,3539.1057862251755,直连,,831,PASS,worst_obstruction_endpoint_distance,7.139643736160679,1739.027987459995,True,,端点最大距离且全时段按遮挡计损仍满足双向预算
T012,巡航,3539.1057862251755,3557.9996528735614,直连,,832,PASS,worst_obstruction_endpoint_distance,8.64022254510887,1463.1121979446089,True,,端点最大距离且全时段按遮挡计损仍满足双向预算
T012,巡航,3557.9996528735614,3576.8935195219474,直连,,833,PASS,worst_obstruction_endpoint_distance,10.429575041650054,1190.7209811695823,True,,端点最大距离且全时段按遮挡计损仍满足双向预算
T012,巡航,3576.8935195219474,3595.787386170334,直连,,834,PASS,worst_obstruction_endpoint_distance,12.623190271631984,924.9734022323017,True,,端点最大距离且全时段按遮挡计损仍满足双向预算
T012,巡航,3595.787386170334,3614.6812528187197,直连,,835,PASS,worst_obstruction_endpoint_distance,15.375452699934556,673.7769091431577,True,,端点最大距离且全时段按遮挡计损仍满足双向预算
T012,巡航,3614.6812528187197,3633.5751194671057,直连,,836,PASS,worst_obstruction_endpoint_distance,18.661672477929415,461.5355244926001,True,,端点最大距离且全时段按遮挡计损仍满足双向预算
T012,下降,3633.5751194671057,3652.7887782195476,直连,,837,PASS,worst_obstruction_endpoint_distance,20.717231343301734,364.273175048828,True,,端点最大距离且全时段按遮挡计损仍满足双向预算
T012,下降,3652.7887782195476,3672.0024369719886,直连,,838,PASS,worst_obstruction_endpoint_distance,21.94546583158437,316.23902816772323,True,,端点最大距离且全时段按遮挡计损仍满足双向预算
T012,下降,3672.0024369719886,3691.21609572443,直连,,839,PASS,worst_obstruction_endpoint_distance,23.376441612193588,268.2048812866207,True,,端点最大距离且全时段按遮挡计损仍满足双向预算
T012,下降,3691.21609572443,3710.4297544768715,直连,,840,PASS,worst_obstruction_endpoint_distance,25.09058334452186,220.17073440551707,True,,端点最大距离且全时段按遮挡计损仍满足双向预算
T012,下降,3710.4297544768715,3729.6434132293125,直连,,841,PASS,worst_obstruction_endpoint_distance,27.22831138255657,172.13658752441341,True,,端点最大距离且全时段按遮挡计损仍满足双向预算
T012,下降,3729.6434132293125,3748.8570719817544,直连,,842,PASS,worst_obstruction_endpoint_distance,30.07016871427848,124.1024406433109,True,,端点最大距离且全时段按遮挡计损仍满足双向预算
T012,下降,3748.8570719817544,3768.0707307341954,直连,,843,PASS,worst_obstruction_endpoint_distance,34.32170166595188,76.06829376220617,True,,端点最大距离且全时段按遮挡计损仍满足双向预算
T012,下降,3768.0707307341954,3787.284389486637,直连,,844,PASS,worst_obstruction_endpoint_distance,42.992028277010945,28.034146881103652,True,,端点最大距离且全时段按遮挡计损仍满足双向预算
T013,爬升,4080.0,4096.766175537109,直连,,845,PASS,worst_obstruction_endpoint_distance,45.13077173479195,21.915438842772943,True,,端点最大距离且全时段按遮挡计损仍满足双向预算
T013,爬升,4096.766175537109,4113.532351074218,直连,,846,PASS,worst_obstruction_endpoint_distance,35.84515884387433,63.830877685545886,True,,端点最大距离且全时段按遮挡计损仍满足双向预算
T013,爬升,4113.532351074218,4130.298526611328,直连,,847,PASS,worst_obstruction_endpoint_distance,31.460470195991405,105.74631652832107,True,,端点最大距离且全时段按遮挡计损仍满足双向预算
T013,爬升,4130.298526611328,4147.064702148437,直连,,848,PASS,worst_obstruction_endpoint_distance,28.560414627442924,147.661755371094,True,,端点最大距离且全时段按遮挡计损仍满足双向预算
T013,巡航,4147.064702148437,4165.785355926814,直连,,849,PASS,worst_obstruction_endpoint_distance,21.91728608924737,317.26667257153207,True,,端点最大距离且全时段按遮挡计损仍满足双向预算
T013,巡航,4165.785355926814,4184.50600970519,直连,,850,PASS,worst_obstruction_endpoint_distance,16.66663440279322,580.7069692195184,True,,端点最大距离且全时段按遮挡计损仍满足双向预算
T013,巡航,4184.50600970519,4203.226663483566,直连,,851,PASS,worst_obstruction_endpoint_distance,13.303683384721793,855.2726592881538,True,,端点最大距离且全时段按遮挡计损仍满足双向预算
T013,巡航,4203.226663483566,4221.947317261943,直连,,852,PASS,worst_obstruction_endpoint_distance,10.861916747871135,1132.9035062187145,True,,端点最大距离且全时段按遮挡计损仍满足双向预算
T013,巡航,4221.947317261943,4240.667971040319,直连,,853,PASS,worst_obstruction_endpoint_distance,8.950358587344866,1411.7923650909095,True,,端点最大距离且全时段按遮挡计损仍满足双向预算
T013,巡航,4240.667971040319,4259.3886248186955,直连,,854,PASS,worst_obstruction_endpoint_distance,7.381274715503494,1691.317032642597,True,,端点最大距离且全时段按遮挡计损仍满足双向预算
T013,巡航,4259.3886248186955,4278.109278597071,直连,,855,PASS,worst_obstruction_endpoint_distance,6.051130303594704,1971.2070471504326,True,,端点最大距离且全时段按遮挡计损仍满足双向预算
T013,巡航,4278.109278597071,4296.829932375447,直连,,856,PASS,worst_obstruction_endpoint_distance,4.897006846639741,2251.326150430654,True,,端点最大距离且全时段按遮挡计损仍满足双向预算
T013,巡航,4296.829932375447,4315.550586153824,直连,,857,PASS,worst_obstruction_endpoint_distance,3.877879264512032,2531.5982982184496,True,,端点最大距离且全时段按遮挡计损仍满足双向预算
T013,巡航,4315.550586153824,4334.2712399322,直连,,858,PASS,worst_obstruction_endpoint_distance,2.9655376322348275,2811.977728667235,True,,端点最大距离且全时段按遮挡计损仍满足双向预算
T013,下降,4334.2712399322,4348.148199160716,直连,,859,PASS,worst_obstruction_endpoint_distance,2.9655376322348275,2811.977728667235,True,,端点最大距离且全时段按遮挡计损仍满足双向预算
T013,下降,4348.148199160716,4362.025158389231,直连,,860,PASS,worst_obstruction_endpoint_distance,2.9696182473843464,2810.656976913882,True,,端点最大距离且全时段按遮挡计损仍满足双向预算
T013,下降,4362.025158389231,4375.902117617747,直连,,861,PASS,worst_obstruction_endpoint_distance,2.9728550566591423,2809.6097766786506,True,,端点最大距离且全时段按遮挡计损仍满足双向预算
T013,投送,4375.902117617747,4395.286733002363,直连,,862,PASS,exact_point,2.9752461696598544,2808.8364339208633,,,独立计算 DEM 遮挡、自由空间损耗与双向预算
T013,投送,4395.286733002363,4414.671348386978,直连,,863,PASS,exact_point,2.9752461696598544,2808.8364339208633,,,独立计算 DEM 遮挡、自由空间损耗与双向预算
T013,投送,4414.671348386978,4434.055963771593,直连,,864,PASS,exact_point,2.9752461696598544,2808.8364339208633,,,独立计算 DEM 遮挡、自由空间损耗与双向预算
T013,投送,4434.055963771593,4453.4405791562085,直连,,865,PASS,exact_point,2.9752461696598544,2808.8364339208633,,,独立计算 DEM 遮挡、自由空间损耗与双向预算
T013,投送,4453.4405791562085,4472.825194540824,直连,,866,PASS,exact_point,2.9752461696598544,2808.8364339208633,,,独立计算 DEM 遮挡、自由空间损耗与双向预算
T013,投送,4472.825194540824,4492.209809925439,直连,,867,PASS,exact_point,2.9752461696598544,2808.8364339208633,,,独立计算 DEM 遮挡、自由空间损耗与双向预算
T013,投送,4492.209809925439,4511.594425310055,直连,,868,PASS,exact_point,2.9752461696598544,2808.8364339208633,,,独立计算 DEM 遮挡、自由空间损耗与双向预算
T013,投送,4511.594425310055,4530.97904069467,直连,,869,PASS,exact_point,2.9752461696598544,2808.8364339208633,,,独立计算 DEM 遮挡、自由空间损耗与双向预算
T013,投送,4530.97904069467,4550.363656079286,直连,,870,PASS,exact_point,2.9752461696598544,2808.8364339208633,,,独立计算 DEM 遮挡、自由空间损耗与双向预算
T013,投送,4550.363656079286,4569.748271463901,直连,,871,PASS,exact_point,2.9752461696598544,2808.8364339208633,,,独立计算 DEM 遮挡、自由空间损耗与双向预算
T013,投送,4569.748271463901,4589.132886848516,直连,,872,PASS,exact_point,2.9752461696598544,2808.8364339208633,,,独立计算 DEM 遮挡、自由空间损耗与双向预算
T013,投送,4589.132886848516,4608.517502233131,直连,,873,PASS,exact_point,2.9752461696598544,2808.8364339208633,,,独立计算 DEM 遮挡、自由空间损耗与双向预算
T013,投送,4608.517502233131,4627.902117617747,直连,,874,PASS,exact_point,2.9752461696598544,2808.8364339208633,,,独立计算 DEM 遮挡、自由空间损耗与双向预算
T013,爬升,4627.902117617747,4644.554468691966,直连,,875,PASS,worst_obstruction_endpoint_distance,2.9713422573941983,2810.099161870278,True,,端点最大距离且全时段按遮挡计损仍满足双向预算
T013,爬升,4644.554468691966,4661.206819766185,直连,,876,PASS,worst_obstruction_endpoint_distance,2.9655376322348275,2811.977728667235,True,,端点最大距离且全时段按遮挡计损仍满足双向预算
T013,巡航,4661.206819766185,4679.927473544561,直连,,877,PASS,worst_obstruction_endpoint_distance,2.9655376322348275,2811.977728667235,True,,端点最大距离且全时段按遮挡计损仍满足双向预算
T013,巡航,4679.927473544561,4698.648127322937,直连,,878,PASS,worst_obstruction_endpoint_distance,3.877879264512032,2531.5982982184496,True,,端点最大距离且全时段按遮挡计损仍满足双向预算
T013,巡航,4698.648127322937,4717.368781101313,直连,,879,PASS,worst_obstruction_endpoint_distance,4.897006846639741,2251.326150430654,True,,端点最大距离且全时段按遮挡计损仍满足双向预算
T013,巡航,4717.368781101313,4736.08943487969,直连,,880,PASS,worst_obstruction_endpoint_distance,6.051130303594704,1971.2070471504326,True,,端点最大距离且全时段按遮挡计损仍满足双向预算
T013,巡航,4736.08943487969,4754.810088658066,直连,,881,PASS,worst_obstruction_endpoint_distance,7.381274715503494,1691.317032642597,True,,端点最大距离且全时段按遮挡计损仍满足双向预算
T013,巡航,4754.810088658066,4773.530742436442,直连,,882,PASS,worst_obstruction_endpoint_distance,8.950358587344866,1411.7923650909095,True,,端点最大距离且全时段按遮挡计损仍满足双向预算
T013,巡航,4773.530742436442,4792.251396214819,直连,,883,PASS,worst_obstruction_endpoint_distance,10.861916747871135,1132.9035062187145,True,,端点最大距离且全时段按遮挡计损仍满足双向预算
T013,巡航,4792.251396214819,4810.972049993195,直连,,884,PASS,worst_obstruction_endpoint_distance,13.303683384721793,855.2726592881538,True,,端点最大距离且全时段按遮挡计损仍满足双向预算
T013,巡航,4810.972049993195,4829.69270377157,直连,,885,PASS,worst_obstruction_endpoint_distance,16.66663440279322,580.7069692195184,True,,端点最大距离且全时段按遮挡计损仍满足双向预算
T013,巡航,4829.69270377157,4848.413357549947,直连,,886,PASS,worst_obstruction_endpoint_distance,21.91728608924737,317.26667257153207,True,,端点最大距离且全时段按遮挡计损仍满足双向预算
T013,下降,4848.413357549947,4865.179533087056,直连,,887,PASS,worst_obstruction_endpoint_distance,28.560414627442924,147.661755371094,True,,端点最大距离且全时段按遮挡计损仍满足双向预算
T013,下降,4865.179533087056,4881.9457086241655,直连,,888,PASS,worst_obstruction_endpoint_distance,30.797824156686886,114.12940429687558,True,,端点最大距离且全时段按遮挡计损仍满足双向预算
T013,下降,4881.9457086241655,4898.7118841612755,直连,,889,PASS,worst_obstruction_endpoint_distance,33.8193918960518,80.59705322265711,True,,端点最大距离且全时段按遮挡计损仍满足双向预算
T013,下降,4898.7118841612755,4915.478059698385,直连,,890,PASS,worst_obstruction_endpoint_distance,38.49186887424462,47.06470214843688,True,,端点最大距离且全时段按遮挡计损仍满足双向预算
T013,下降,4915.478059698385,4932.244235235494,直连,,891,PASS,worst_obstruction_endpoint_distance,45.92517525248826,20.0,True,,端点最大距离且全时段按遮挡计损仍满足双向预算
T014,爬升,4388.0,4406.504135640463,直连,,892,PASS,worst_obstruction_endpoint_distance,40.93817299698006,35.512406921388134,True,,端点最大距离且全时段按遮挡计损仍满足双向预算
T014,爬升,4406.504135640463,4425.008271280924,直连,,893,PASS,worst_obstruction_endpoint_distance,32.76257917737007,91.02481384277351,True,,端点最大距离且全时段按遮挡计损仍满足双向预算
T014,爬升,4425.008271280924,4443.512406921387,直连,,894,PASS,worst_obstruction_endpoint_distance,28.626816157375487,146.5372207641616,True,,端点最大距离且全时段按遮挡计损仍满足双向预算
T014,爬升,4443.512406921387,4462.016542561849,直连,,895,PASS,worst_obstruction_endpoint_distance,25.836614075565635,202.04962768554702,True,,端点最大距离且全时段按遮挡计损仍满足双向预算
T014,爬升,4462.016542561849,4480.5206782023115,直连,,896,PASS,worst_obstruction_endpoint_distance,23.728138223056888,257.56203460693513,True,,端点最大距离且全时段按遮挡计损仍满足双向预算
T014,爬升,4480.5206782023115,4499.024813842773,直连,,897,PASS,worst_obstruction_endpoint_distance,22.032822874833954,313.0744415283205,True,,端点最大距离且全时段按遮挡计损仍满足双向预算
T014,爬升,4499.024813842773,4517.528949483236,直连,,898,PASS,worst_obstruction_endpoint_distance,20.614978463875502,368.5868484497086,True,,端点最大距离且全时段按遮挡计损仍满足双向预算
T014,爬升,4517.528949483236,4536.033085123698,直连,,899,PASS,worst_obstruction_endpoint_distance,19.396424967151802,424.099255371094,True,,端点最大距离且全时段按遮挡计损仍满足双向预算
T014,巡航,4536.033085123698,4555.110775825524,直连,,900,PASS,worst_obstruction_endpoint_distance,17.766895121913237,511.6158636829078,True,,端点最大距离且全时段按遮挡计损仍满足双向预算
T014,巡航,4555.110775825524,4574.18846652735,直连,,901,PASS,worst_obstruction_endpoint_distance,14.892076823385764,712.3360391482996,True,,端点最大距离且全时段按遮挡计损仍满足双向预算
T014,巡航,4574.18846652735,4593.266157229176,直连,,902,PASS,worst_obstruction_endpoint_distance,12.322670535858677,957.5362658919046,True,,端点最大距离且全时段按遮挡计损仍满足双向预算
T014,巡航,4593.266157229176,4612.3438479310025,直连,,903,PASS,worst_obstruction_endpoint_distance,10.213591886626759,1220.7006166374656,True,,端点最大距离且全时段按遮挡计损仍满足双向预算
T014,巡航,4612.3438479310025,4631.421538632829,直连,,904,PASS,worst_obstruction_endpoint_distance,8.468328226484786,1492.3556940457386,True,,端点最大距离且全时段按遮挡计损仍满足双向预算
T014,巡航,4631.421538632829,4650.499229334655,直连,,905,PASS,worst_obstruction_endpoint_distance,6.993215648778175,1768.5933016874653,True,,端点最大距离且全时段按遮挡计损仍满足双向预算
T014,巡航,4650.499229334655,4669.576920036481,直连,,906,PASS,worst_obstruction_endpoint_distance,5.721044201132514,2047.5595823149097,True,,端点最大距离且全时段按遮挡计损仍满足双向预算
T014,巡航,4669.576920036481,4688.654610738307,直连,,907,PASS,worst_obstruction_endpoint_distance,4.6050936964493445,2328.273920013661,True,,端点最大距离且全时段按遮挡计损仍满足双向预算
T014,巡航,4688.654610738307,4707.732301440134,直连,,908,PASS,worst_obstruction_endpoint_distance,3.6123913546315833,2610.172384581751,True,,端点最大距离且全时段按遮挡计损仍满足双向预算
T014,巡航,4707.732301440134,4726.80999214196,直连,,909,PASS,worst_obstruction_endpoint_distance,2.719080205408204,2892.908836272585,True,,端点最大距离且全时段按遮挡计损仍满足双向预算
T014,巡航,4726.80999214196,4745.887682843786,直连,,910,PASS,worst_obstruction_endpoint_distance,1.907455621920647,3176.25950134185,True,,端点最大距离且全时段按遮挡计损仍满足双向预算
T014,巡航,4745.887682843786,4764.965373545612,直连,,911,PASS,worst_obstruction_endpoint_distance,1.1640687134028127,3460.0734864853043,True,,端点最大距离且全时段按遮挡计损仍满足双向预算
T014,巡航,4764.965373545612,4784.043064247438,直连,,912,PASS,worst_obstruction_endpoint_distance,0.4784889884004002,3744.2454341324783,True,,端点最大距离且全时段按遮挡计损仍满足双向预算
T014,巡航,4784.043064247438,4803.120754949265,中继,R005,913,PASS,worst_obstruction_endpoint_distance,1.4478904620044801,1678.3952245974033,True,,端点最大距离且全时段按遮挡计损仍满足双向预算
T014,巡航,4803.120754949265,4822.198445651091,中继,R005,914,PASS,worst_obstruction_endpoint_distance,0.20289480643654656,1937.0642143332168,True,,端点最大距离且全时段按遮挡计损仍满足双向预算
T014,巡航,4822.198445651091,4841.276136352917,中继,R004,915,PASS,worst_obstruction_endpoint_distance,0.19081101792561128,1939.760928747007,True,,端点最大距离且全时段按遮挡计损仍满足双向预算
T014,巡航,4841.276136352917,4860.353827054743,中继,R004,916,PASS,worst_obstruction_endpoint_distance,0.7852518787784533,1811.4492212518917,True,,端点最大距离且全时段按遮挡计损仍满足双向预算
T014,巡航,4860.353827054743,4879.4315177565695,中继,R004,917,PASS,worst_obstruction_endpoint_distance,1.227278420368691,1721.5705994196408,True,,端点最大距离且全时段按遮挡计损仍满足双向预算
T014,巡航,4879.4315177565695,4898.509208458396,中继,R004,918,PASS,worst_obstruction_endpoint_distance,1.4431868980968119,1679.304351630539,True,,端点最大距离且全时段按遮挡计损仍满足双向预算
T014,巡航,4898.509208458396,4917.586899160222,中继,R004,919,PASS,worst_obstruction_endpoint_distance,1.183454725095828,1730.2785424355745,True,,端点最大距离且全时段按遮挡计损仍满足双向预算
T014,巡航,4917.586899160222,4936.664589862048,中继,R004,920,PASS,worst_obstruction_endpoint_distance,0.7194476577621458,1825.2248602709064,True,,端点最大距离且全时段按遮挡计损仍满足双向预算
T014,下降,4936.664589862048,4956.124440936266,中继,R004,921,PASS,worst_obstruction_endpoint_distance,0.7194476577621458,1825.2248602709064,True,,端点最大距离且全时段按遮挡计损仍满足双向预算
T014,下降,4956.124440936266,4975.584292010485,中继,R004,922,PASS,worst_obstruction_endpoint_distance,0.7287252227213372,1823.2763434744863,True,,端点最大距离且全时段按遮挡计损仍满足双向预算
T014,投送,4975.584292010485,4994.675201101394,中继,R004,923,PASS,exact_point,0.7318298297417414,1822.6247642738538,,,独立计算 DEM 遮挡、自由空间损耗与双向预算
T014,投送,4994.675201101394,5013.766110192304,中继,R004,924,PASS,exact_point,0.7318298297417414,1822.6247642738538,,,独立计算 DEM 遮挡、自由空间损耗与双向预算
T014,投送,5013.766110192304,5032.857019283213,中继,R004,925,PASS,exact_point,0.7318298297417414,1822.6247642738538,,,独立计算 DEM 遮挡、自由空间损耗与双向预算
T014,投送,5032.857019283213,5051.947928374122,中继,R004,926,PASS,exact_point,0.7318298297417414,1822.6247642738538,,,独立计算 DEM 遮挡、自由空间损耗与双向预算
T014,投送,5051.947928374122,5071.038837465031,中继,R004,927,PASS,exact_point,0.7318298297417414,1822.6247642738538,,,独立计算 DEM 遮挡、自由空间损耗与双向预算
T014,投送,5071.038837465031,5090.12974655594,中继,R004,928,PASS,exact_point,0.7318298297417414,1822.6247642738538,,,独立计算 DEM 遮挡、自由空间损耗与双向预算
T014,投送,5090.12974655594,5109.220655646849,中继,R004,929,PASS,exact_point,0.7318298297417414,1822.6247642738538,,,独立计算 DEM 遮挡、自由空间损耗与双向预算
T014,投送,5109.220655646849,5128.311564737758,中继,R004,930,PASS,exact_point,0.7318298297417414,1822.6247642738538,,,独立计算 DEM 遮挡、自由空间损耗与双向预算
T014,投送,5128.311564737758,5147.402473828667,中继,R004,931,PASS,exact_point,0.7318298297417414,1822.6247642738538,,,独立计算 DEM 遮挡、自由空间损耗与双向预算
T014,投送,5147.402473828667,5166.493382919576,中继,R004,932,PASS,exact_point,0.7318298297417414,1822.6247642738538,,,独立计算 DEM 遮挡、自由空间损耗与双向预算
T014,投送,5166.493382919576,5185.584292010486,中继,R004,933,PASS,exact_point,0.7318298297417414,1822.6247642738538,,,独立计算 DEM 遮挡、自由空间损耗与双向预算
T014,爬升,5185.584292010486,5201.800834572335,中继,R004,934,PASS,worst_obstruction_endpoint_distance,0.7287252227213372,1823.2763434744863,True,,端点最大距离且全时段按遮挡计损仍满足双向预算
T014,爬升,5201.800834572335,5218.017377134183,中继,R004,935,PASS,worst_obstruction_endpoint_distance,0.7194476577621458,1825.2248602709064,True,,端点最大距离且全时段按遮挡计损仍满足双向预算
T014,巡航,5218.017377134183,5237.09506783601,中继,R004,936,PASS,worst_obstruction_endpoint_distance,0.7194476577621458,1825.2248602709064,True,,端点最大距离且全时段按遮挡计损仍满足双向预算
T014,巡航,5237.09506783601,5256.172758537836,中继,R004,937,PASS,worst_obstruction_endpoint_distance,1.183454725095828,1730.2785424355745,True,,端点最大距离且全时段按遮挡计损仍满足双向预算
T014,巡航,5256.172758537836,5275.250449239662,中继,R004,938,PASS,worst_obstruction_endpoint_distance,1.4431868980968119,1679.304351630539,True,,端点最大距离且全时段按遮挡计损仍满足双向预算
T014,巡航,5275.250449239662,5294.328139941488,中继,R004,939,PASS,worst_obstruction_endpoint_distance,1.227278420368691,1721.5705994196408,True,,端点最大距离且全时段按遮挡计损仍满足双向预算
T014,巡航,5294.328139941488,5313.405830643314,中继,R004,940,PASS,worst_obstruction_endpoint_distance,0.7852518787784533,1811.4492212518917,True,,端点最大距离且全时段按遮挡计损仍满足双向预算
T014,巡航,5313.405830643314,5332.483521345141,中继,R004,941,PASS,worst_obstruction_endpoint_distance,0.19081101792561128,1939.760928747007,True,,端点最大距离且全时段按遮挡计损仍满足双向预算
T014,巡航,5332.483521345141,5351.561212046967,中继,R005,942,PASS,worst_obstruction_endpoint_distance,0.20289480643654656,1937.0642143332168,True,,端点最大距离且全时段按遮挡计损仍满足双向预算
T014,巡航,5351.561212046967,5370.638902748793,中继,R005,943,PASS,worst_obstruction_endpoint_distance,1.4478904620044801,1678.3952245974033,True,,端点最大距离且全时段按遮挡计损仍满足双向预算
T014,巡航,5370.638902748793,5389.716593450619,直连,,944,PASS,worst_obstruction_endpoint_distance,0.4784889884004002,3744.2454341324783,True,,端点最大距离且全时段按遮挡计损仍满足双向预算
T014,巡航,5389.716593450619,5408.7942841524455,直连,,945,PASS,worst_obstruction_endpoint_distance,1.1640687134028127,3460.0734864853043,True,,端点最大距离且全时段按遮挡计损仍满足双向预算
T014,巡航,5408.7942841524455,5427.871974854272,直连,,946,PASS,worst_obstruction_endpoint_distance,1.907455621920647,3176.25950134185,True,,端点最大距离且全时段按遮挡计损仍满足双向预算
T014,巡航,5427.871974854272,5446.949665556098,直连,,947,PASS,worst_obstruction_endpoint_distance,2.719080205408204,2892.908836272585,True,,端点最大距离且全时段按遮挡计损仍满足双向预算
T014,巡航,5446.949665556098,5466.027356257924,直连,,948,PASS,worst_obstruction_endpoint_distance,3.6123913546315833,2610.172384581751,True,,端点最大距离且全时段按遮挡计损仍满足双向预算
T014,巡航,5466.027356257924,5485.10504695975,直连,,949,PASS,worst_obstruction_endpoint_distance,4.6050936964493445,2328.273920013661,True,,端点最大距离且全时段按遮挡计损仍满足双向预算
T014,巡航,5485.10504695975,5504.1827376615765,直连,,950,PASS,worst_obstruction_endpoint_distance,5.721044201132514,2047.5595823149097,True,,端点最大距离且全时段按遮挡计损仍满足双向预算
T014,巡航,5504.1827376615765,5523.260428363403,直连,,951,PASS,worst_obstruction_endpoint_distance,6.993215648778175,1768.5933016874653,True,,端点最大距离且全时段按遮挡计损仍满足双向预算
T014,巡航,5523.260428363403,5542.338119065229,直连,,952,PASS,worst_obstruction_endpoint_distance,8.468328226484786,1492.3556940457386,True,,端点最大距离且全时段按遮挡计损仍满足双向预算
T014,巡航,5542.338119065229,5561.415809767055,直连,,953,PASS,worst_obstruction_endpoint_distance,10.213591886626759,1220.7006166374656,True,,端点最大距离且全时段按遮挡计损仍满足双向预算
T014,巡航,5561.415809767055,5580.493500468881,直连,,954,PASS,worst_obstruction_endpoint_distance,12.322670535858677,957.5362658919046,True,,端点最大距离且全时段按遮挡计损仍满足双向预算
T014,巡航,5580.493500468881,5599.571191170708,直连,,955,PASS,worst_obstruction_endpoint_distance,14.892076823385764,712.3360391482996,True,,端点最大距离且全时段按遮挡计损仍满足双向预算
T014,巡航,5599.571191170708,5618.648881872534,直连,,956,PASS,worst_obstruction_endpoint_distance,17.766895121913237,511.6158636829078,True,,端点最大距离且全时段按遮挡计损仍满足双向预算
T014,下降,5618.648881872534,5638.3866265556935,直连,,957,PASS,worst_obstruction_endpoint_distance,19.396424967151802,424.099255371094,True,,端点最大距离且全时段按遮挡计损仍满足双向预算
T014,下降,5638.3866265556935,5658.124371238853,直连,,958,PASS,worst_obstruction_endpoint_distance,20.470828911636644,374.75489366319465,True,,端点最大距离且全时段按遮挡计损仍满足双向预算
T014,下降,5658.124371238853,5677.862115922013,直连,,959,PASS,worst_obstruction_endpoint_distance,21.69714306922441,325.4105319552953,True,,端点最大距离且全时段按遮挡计损仍满足双向预算
T014,下降,5677.862115922013,5697.599860605173,直连,,960,PASS,worst_obstruction_endpoint_distance,23.125511355694883,276.066170247396,True,,端点最大距离且全时段按遮挡计损仍满足双向预算
T014,下降,5697.599860605173,5717.337605288332,直连,,961,PASS,worst_obstruction_endpoint_distance,24.83590922086259,226.72180853949664,True,,端点最大距离且全时段按遮挡计损仍满足双向预算
T014,下降,5717.337605288332,5737.075349971492,直连,,962,PASS,worst_obstruction_endpoint_distance,26.967807178204254,177.3774468315973,True,,端点最大距离且全时段按遮挡计损仍满足双向预算
T014,下降,5737.075349971492,5756.813094654652,直连,,963,PASS,worst_obstruction_endpoint_distance,29.79933095562555,128.03308512369802,True,,端点最大距离且全时段按遮挡计损仍满足双向预算
T014,下降,5756.813094654652,5776.550839337811,直连,,964,PASS,worst_obstruction_endpoint_distance,34.02752517149321,78.68872341579868,True,,端点最大距离且全时段按遮挡计损仍满足双向预算
T014,下降,5776.550839337811,5796.288584020971,直连,,965,PASS,worst_obstruction_endpoint_distance,42.595281820281926,29.34436170789934,True,,端点最大距离且全时段按遮挡计损仍满足双向预算
T015,爬升,4389.0,4407.504135640463,直连,,966,PASS,worst_obstruction_endpoint_distance,40.93817299698006,35.512406921388134,True,,端点最大距离且全时段按遮挡计损仍满足双向预算
T015,爬升,4407.504135640463,4426.008271280924,直连,,967,PASS,worst_obstruction_endpoint_distance,32.76257917737007,91.02481384277351,True,,端点最大距离且全时段按遮挡计损仍满足双向预算
T015,爬升,4426.008271280924,4444.512406921387,直连,,968,PASS,worst_obstruction_endpoint_distance,28.626816157375487,146.5372207641616,True,,端点最大距离且全时段按遮挡计损仍满足双向预算
T015,爬升,4444.512406921387,4463.016542561849,直连,,969,PASS,worst_obstruction_endpoint_distance,25.836614075565635,202.04962768554702,True,,端点最大距离且全时段按遮挡计损仍满足双向预算
T015,爬升,4463.016542561849,4481.5206782023115,直连,,970,PASS,worst_obstruction_endpoint_distance,23.728138223056888,257.56203460693513,True,,端点最大距离且全时段按遮挡计损仍满足双向预算
T015,爬升,4481.5206782023115,4500.024813842773,直连,,971,PASS,worst_obstruction_endpoint_distance,22.032822874833954,313.0744415283205,True,,端点最大距离且全时段按遮挡计损仍满足双向预算
T015,爬升,4500.024813842773,4518.528949483236,直连,,972,PASS,worst_obstruction_endpoint_distance,20.614978463875502,368.5868484497086,True,,端点最大距离且全时段按遮挡计损仍满足双向预算
T015,爬升,4518.528949483236,4537.033085123698,直连,,973,PASS,worst_obstruction_endpoint_distance,19.396424967151802,424.099255371094,True,,端点最大距离且全时段按遮挡计损仍满足双向预算
T015,巡航,4537.033085123698,4556.110775825524,直连,,974,PASS,worst_obstruction_endpoint_distance,17.766895121913237,511.6158636829078,True,,端点最大距离且全时段按遮挡计损仍满足双向预算
T015,巡航,4556.110775825524,4575.18846652735,直连,,975,PASS,worst_obstruction_endpoint_distance,14.892076823385764,712.3360391482996,True,,端点最大距离且全时段按遮挡计损仍满足双向预算
T015,巡航,4575.18846652735,4594.266157229176,直连,,976,PASS,worst_obstruction_endpoint_distance,12.322670535858677,957.5362658919046,True,,端点最大距离且全时段按遮挡计损仍满足双向预算
T015,巡航,4594.266157229176,4613.3438479310025,直连,,977,PASS,worst_obstruction_endpoint_distance,10.213591886626759,1220.7006166374656,True,,端点最大距离且全时段按遮挡计损仍满足双向预算
T015,巡航,4613.3438479310025,4632.421538632829,直连,,978,PASS,worst_obstruction_endpoint_distance,8.468328226484786,1492.3556940457386,True,,端点最大距离且全时段按遮挡计损仍满足双向预算
T015,巡航,4632.421538632829,4651.499229334655,直连,,979,PASS,worst_obstruction_endpoint_distance,6.993215648778175,1768.5933016874653,True,,端点最大距离且全时段按遮挡计损仍满足双向预算
T015,巡航,4651.499229334655,4670.576920036481,直连,,980,PASS,worst_obstruction_endpoint_distance,5.721044201132514,2047.5595823149097,True,,端点最大距离且全时段按遮挡计损仍满足双向预算
T015,巡航,4670.576920036481,4689.654610738307,直连,,981,PASS,worst_obstruction_endpoint_distance,4.6050936964493445,2328.273920013661,True,,端点最大距离且全时段按遮挡计损仍满足双向预算
T015,巡航,4689.654610738307,4708.732301440134,直连,,982,PASS,worst_obstruction_endpoint_distance,3.6123913546315833,2610.172384581751,True,,端点最大距离且全时段按遮挡计损仍满足双向预算
T015,巡航,4708.732301440134,4727.80999214196,直连,,983,PASS,worst_obstruction_endpoint_distance,2.719080205408204,2892.908836272585,True,,端点最大距离且全时段按遮挡计损仍满足双向预算
T015,巡航,4727.80999214196,4746.887682843786,直连,,984,PASS,worst_obstruction_endpoint_distance,1.907455621920647,3176.25950134185,True,,端点最大距离且全时段按遮挡计损仍满足双向预算
T015,巡航,4746.887682843786,4765.965373545612,直连,,985,PASS,worst_obstruction_endpoint_distance,1.1640687134028127,3460.0734864853043,True,,端点最大距离且全时段按遮挡计损仍满足双向预算
T015,巡航,4765.965373545612,4785.043064247438,直连,,986,PASS,worst_obstruction_endpoint_distance,0.4784889884004002,3744.2454341324783,True,,端点最大距离且全时段按遮挡计损仍满足双向预算
T015,巡航,4785.043064247438,4804.120754949265,中继,R005,987,PASS,worst_obstruction_endpoint_distance,1.4478904620044801,1678.3952245974033,True,,端点最大距离且全时段按遮挡计损仍满足双向预算
T015,巡航,4804.120754949265,4823.198445651091,中继,R005,988,PASS,worst_obstruction_endpoint_distance,0.20289480643654656,1937.0642143332168,True,,端点最大距离且全时段按遮挡计损仍满足双向预算
T015,巡航,4823.198445651091,4842.276136352917,中继,R004,989,PASS,worst_obstruction_endpoint_distance,0.19081101792561128,1939.760928747007,True,,端点最大距离且全时段按遮挡计损仍满足双向预算
T015,巡航,4842.276136352917,4861.353827054743,中继,R004,990,PASS,worst_obstruction_endpoint_distance,0.7852518787784533,1811.4492212518917,True,,端点最大距离且全时段按遮挡计损仍满足双向预算
T015,巡航,4861.353827054743,4880.4315177565695,中继,R004,991,PASS,worst_obstruction_endpoint_distance,1.227278420368691,1721.5705994196408,True,,端点最大距离且全时段按遮挡计损仍满足双向预算
T015,巡航,4880.4315177565695,4899.509208458396,中继,R004,992,PASS,worst_obstruction_endpoint_distance,1.4431868980968119,1679.304351630539,True,,端点最大距离且全时段按遮挡计损仍满足双向预算
T015,巡航,4899.509208458396,4918.586899160222,中继,R004,993,PASS,worst_obstruction_endpoint_distance,1.183454725095828,1730.2785424355745,True,,端点最大距离且全时段按遮挡计损仍满足双向预算
T015,巡航,4918.586899160222,4937.664589862048,中继,R004,994,PASS,worst_obstruction_endpoint_distance,0.7194476577621458,1825.2248602709064,True,,端点最大距离且全时段按遮挡计损仍满足双向预算
T015,下降,4937.664589862048,4957.124440936266,中继,R004,995,PASS,worst_obstruction_endpoint_distance,0.7194476577621458,1825.2248602709064,True,,端点最大距离且全时段按遮挡计损仍满足双向预算
T015,下降,4957.124440936266,4976.584292010485,中继,R004,996,PASS,worst_obstruction_endpoint_distance,0.7287252227213372,1823.2763434744863,True,,端点最大距离且全时段按遮挡计损仍满足双向预算
T015,投送,4976.584292010485,4994.584292010485,中继,R004,997,PASS,exact_point,0.7318298297417414,1822.6247642738538,,,独立计算 DEM 遮挡、自由空间损耗与双向预算
T015,投送,4994.584292010485,5012.584292010485,中继,R004,998,PASS,exact_point,0.7318298297417414,1822.6247642738538,,,独立计算 DEM 遮挡、自由空间损耗与双向预算
T015,投送,5012.584292010485,5030.584292010485,中继,R004,999,PASS,exact_point,0.7318298297417414,1822.6247642738538,,,独立计算 DEM 遮挡、自由空间损耗与双向预算
T015,投送,5030.584292010485,5048.584292010485,中继,R004,1000,PASS,exact_point,0.7318298297417414,1822.6247642738538,,,独立计算 DEM 遮挡、自由空间损耗与双向预算
T015,投送,5048.584292010485,5066.584292010486,中继,R004,1001,PASS,exact_point,0.7318298297417414,1822.6247642738538,,,独立计算 DEM 遮挡、自由空间损耗与双向预算
T015,投送,5066.584292010486,5084.584292010486,中继,R004,1002,PASS,exact_point,0.7318298297417414,1822.6247642738538,,,独立计算 DEM 遮挡、自由空间损耗与双向预算
T015,投送,5084.584292010486,5102.584292010486,中继,R004,1003,PASS,exact_point,0.7318298297417414,1822.6247642738538,,,独立计算 DEM 遮挡、自由空间损耗与双向预算
T015,投送,5102.584292010486,5120.584292010486,中继,R004,1004,PASS,exact_point,0.7318298297417414,1822.6247642738538,,,独立计算 DEM 遮挡、自由空间损耗与双向预算
T015,投送,5120.584292010486,5138.584292010486,中继,R004,1005,PASS,exact_point,0.7318298297417414,1822.6247642738538,,,独立计算 DEM 遮挡、自由空间损耗与双向预算
T015,投送,5138.584292010486,5156.584292010486,中继,R004,1006,PASS,exact_point,0.7318298297417414,1822.6247642738538,,,独立计算 DEM 遮挡、自由空间损耗与双向预算
T015,爬升,5156.584292010486,5172.800834572335,中继,R004,1007,PASS,worst_obstruction_endpoint_distance,0.7287252227213372,1823.2763434744863,True,,端点最大距离且全时段按遮挡计损仍满足双向预算
T015,爬升,5172.800834572335,5189.017377134183,中继,R004,1008,PASS,worst_obstruction_endpoint_distance,0.7194476577621458,1825.2248602709064,True,,端点最大距离且全时段按遮挡计损仍满足双向预算
T015,巡航,5189.017377134183,5208.09506783601,中继,R004,1009,PASS,worst_obstruction_endpoint_distance,0.7194476577621458,1825.2248602709064,True,,端点最大距离且全时段按遮挡计损仍满足双向预算
T015,巡航,5208.09506783601,5227.172758537836,中继,R004,1010,PASS,worst_obstruction_endpoint_distance,1.183454725095828,1730.2785424355745,True,,端点最大距离且全时段按遮挡计损仍满足双向预算
T015,巡航,5227.172758537836,5246.250449239662,中继,R004,1011,PASS,worst_obstruction_endpoint_distance,1.4431868980968119,1679.304351630539,True,,端点最大距离且全时段按遮挡计损仍满足双向预算
T015,巡航,5246.250449239662,5265.328139941488,中继,R004,1012,PASS,worst_obstruction_endpoint_distance,1.227278420368691,1721.5705994196408,True,,端点最大距离且全时段按遮挡计损仍满足双向预算
T015,巡航,5265.328139941488,5284.405830643314,中继,R004,1013,PASS,worst_obstruction_endpoint_distance,0.7852518787784533,1811.4492212518917,True,,端点最大距离且全时段按遮挡计损仍满足双向预算
T015,巡航,5284.405830643314,5303.483521345141,中继,R004,1014,PASS,worst_obstruction_endpoint_distance,0.19081101792561128,1939.760928747007,True,,端点最大距离且全时段按遮挡计损仍满足双向预算
T015,巡航,5303.483521345141,5322.561212046967,中继,R005,1015,PASS,worst_obstruction_endpoint_distance,0.20289480643654656,1937.0642143332168,True,,端点最大距离且全时段按遮挡计损仍满足双向预算
T015,巡航,5322.561212046967,5341.638902748793,中继,R005,1016,PASS,worst_obstruction_endpoint_distance,1.4478904620044801,1678.3952245974033,True,,端点最大距离且全时段按遮挡计损仍满足双向预算
T015,巡航,5341.638902748793,5360.716593450619,直连,,1017,PASS,worst_obstruction_endpoint_distance,0.4784889884004002,3744.2454341324783,True,,端点最大距离且全时段按遮挡计损仍满足双向预算
T015,巡航,5360.716593450619,5379.7942841524455,直连,,1018,PASS,worst_obstruction_endpoint_distance,1.1640687134028127,3460.0734864853043,True,,端点最大距离且全时段按遮挡计损仍满足双向预算
T015,巡航,5379.7942841524455,5398.871974854272,直连,,1019,PASS,worst_obstruction_endpoint_distance,1.907455621920647,3176.25950134185,True,,端点最大距离且全时段按遮挡计损仍满足双向预算
T015,巡航,5398.871974854272,5417.949665556098,直连,,1020,PASS,worst_obstruction_endpoint_distance,2.719080205408204,2892.908836272585,True,,端点最大距离且全时段按遮挡计损仍满足双向预算
T015,巡航,5417.949665556098,5437.027356257924,直连,,1021,PASS,worst_obstruction_endpoint_distance,3.6123913546315833,2610.172384581751,True,,端点最大距离且全时段按遮挡计损仍满足双向预算
T015,巡航,5437.027356257924,5456.10504695975,直连,,1022,PASS,worst_obstruction_endpoint_distance,4.6050936964493445,2328.273920013661,True,,端点最大距离且全时段按遮挡计损仍满足双向预算
T015,巡航,5456.10504695975,5475.1827376615765,直连,,1023,PASS,worst_obstruction_endpoint_distance,5.721044201132514,2047.5595823149097,True,,端点最大距离且全时段按遮挡计损仍满足双向预算
T015,巡航,5475.1827376615765,5494.260428363403,直连,,1024,PASS,worst_obstruction_endpoint_distance,6.993215648778175,1768.5933016874653,True,,端点最大距离且全时段按遮挡计损仍满足双向预算
T015,巡航,5494.260428363403,5513.338119065229,直连,,1025,PASS,worst_obstruction_endpoint_distance,8.468328226484786,1492.3556940457386,True,,端点最大距离且全时段按遮挡计损仍满足双向预算
T015,巡航,5513.338119065229,5532.415809767055,直连,,1026,PASS,worst_obstruction_endpoint_distance,10.213591886626759,1220.7006166374656,True,,端点最大距离且全时段按遮挡计损仍满足双向预算
T015,巡航,5532.415809767055,5551.493500468881,直连,,1027,PASS,worst_obstruction_endpoint_distance,12.322670535858677,957.5362658919046,True,,端点最大距离且全时段按遮挡计损仍满足双向预算
T015,巡航,5551.493500468881,5570.571191170708,直连,,1028,PASS,worst_obstruction_endpoint_distance,14.892076823385764,712.3360391482996,True,,端点最大距离且全时段按遮挡计损仍满足双向预算
T015,巡航,5570.571191170708,5589.648881872534,直连,,1029,PASS,worst_obstruction_endpoint_distance,17.766895121913237,511.6158636829078,True,,端点最大距离且全时段按遮挡计损仍满足双向预算
T015,下降,5589.648881872534,5609.3866265556935,直连,,1030,PASS,worst_obstruction_endpoint_distance,19.396424967151802,424.099255371094,True,,端点最大距离且全时段按遮挡计损仍满足双向预算
T015,下降,5609.3866265556935,5629.124371238853,直连,,1031,PASS,worst_obstruction_endpoint_distance,20.470828911636644,374.75489366319465,True,,端点最大距离且全时段按遮挡计损仍满足双向预算
T015,下降,5629.124371238853,5648.862115922013,直连,,1032,PASS,worst_obstruction_endpoint_distance,21.69714306922441,325.4105319552953,True,,端点最大距离且全时段按遮挡计损仍满足双向预算
T015,下降,5648.862115922013,5668.599860605173,直连,,1033,PASS,worst_obstruction_endpoint_distance,23.125511355694883,276.066170247396,True,,端点最大距离且全时段按遮挡计损仍满足双向预算
T015,下降,5668.599860605173,5688.337605288332,直连,,1034,PASS,worst_obstruction_endpoint_distance,24.83590922086259,226.72180853949664,True,,端点最大距离且全时段按遮挡计损仍满足双向预算
T015,下降,5688.337605288332,5708.075349971492,直连,,1035,PASS,worst_obstruction_endpoint_distance,26.967807178204254,177.3774468315973,True,,端点最大距离且全时段按遮挡计损仍满足双向预算
T015,下降,5708.075349971492,5727.813094654652,直连,,1036,PASS,worst_obstruction_endpoint_distance,29.79933095562555,128.03308512369802,True,,端点最大距离且全时段按遮挡计损仍满足双向预算
T015,下降,5727.813094654652,5747.550839337811,直连,,1037,PASS,worst_obstruction_endpoint_distance,34.02752517149321,78.68872341579868,True,,端点最大距离且全时段按遮挡计损仍满足双向预算
T015,下降,5747.550839337811,5767.288584020971,直连,,1038,PASS,worst_obstruction_endpoint_distance,42.595281820281926,29.34436170789934,True,,端点最大距离且全时段按遮挡计损仍满足双向预算
T016,爬升,6240.0,6258.035944417317,直连,,1039,PASS,worst_obstruction_endpoint_distance,43.955810044934495,25.08986104329321,True,,端点最大距离且全时段按遮挡计损仍满足双向预算
T016,爬升,6258.035944417317,6276.0718888346355,直连,,1040,PASS,worst_obstruction_endpoint_distance,35.021542284446866,70.1797220865887,True,,端点最大距离且全时段按遮挡计损仍满足双向预算
T016,爬升,6276.0718888346355,6294.107833251953,直连,,1041,PASS,worst_obstruction_endpoint_distance,30.7114807148575,115.26958312988188,True,,端点最大距离且全时段按遮挡计损仍满足双向预算
T016,爬升,6294.107833251953,6312.143777669271,直连,,1042,PASS,worst_obstruction_endpoint_distance,27.843884320576393,160.35944417317734,True,,端点最大距离且全时段按遮挡计损仍满足双向预算
T016,爬升,6312.143777669271,6330.179722086588,直连,,1043,PASS,worst_obstruction_endpoint_distance,25.691681627493523,205.44930521647058,True,,端点最大距离且全时段按遮挡计损仍满足双向预算
T016,爬升,6330.179722086588,6348.2156665039065,直连,,1044,PASS,worst_obstruction_endpoint_distance,23.968262608738172,250.53916625976603,True,,端点最大距离且全时段按遮挡计损仍满足双向预算
T016,巡航,6348.2156665039065,6367.99702356786,直连,,1045,PASS,worst_obstruction_endpoint_distance,20.16139188232583,388.3462932369524,True,,端点最大距离且全时段按遮挡计损仍满足双向预算
T016,巡航,6367.99702356786,6387.778380631814,直连,,1046,PASS,worst_obstruction_endpoint_distance,15.765903798404153,644.1597258386764,True,,端点最大距离且全时段按遮挡计损仍满足双向预算
T016,巡航,6387.778380631814,6407.559737695768,直连,,1047,PASS,worst_obstruction_endpoint_distance,12.62531864366639,924.7467764723526,True,,端点最大距离且全时段按遮挡计损仍满足双向预算
T016,巡航,6407.559737695768,6427.34109475972,直连,,1048,PASS,worst_obstruction_endpoint_distance,10.268298266887285,1213.0364331213775,True,,端点最大距离且全时段按遮挡计损仍满足双向预算
T016,巡航,6427.34109475972,6447.122451823674,直连,,1049,PASS,worst_obstruction_endpoint_distance,8.39730997944396,1504.6076282027716,True,,端点最大距离且全时段按遮挡计损仍满足双向预算
T016,巡航,6447.122451823674,6466.903808887628,直连,,1050,PASS,worst_obstruction_endpoint_distance,6.850635996686719,1797.864505710022,True,,端点最大距离且全时段按遮挡计损仍满足双向预算
T016,巡航,6466.903808887628,6486.685165951581,直连,,1051,PASS,worst_obstruction_endpoint_distance,5.5341333456205035,2092.098321356043,True,,端点最大距离且全时段按遮挡计损仍满足双向预算
T016,巡航,6486.685165951581,6506.466523015535,直连,,1052,PASS,worst_obstruction_endpoint_distance,4.388916634906977,2386.947827420809,True,,端点最大距离且全时段按遮挡计损仍满足双向预算
T016,巡航,6506.466523015535,6526.247880079489,直连,,1053,PASS,worst_obstruction_endpoint_distance,3.375919660747627,2682.209987066719,True,,端点最大距离且全时段按遮挡计损仍满足双向预算
T016,巡航,6526.247880079489,6546.0292371434425,直连,,1054,PASS,worst_obstruction_endpoint_distance,2.4679753448875914,2977.7620519260295,True,,端点最大距离且全时段按遮挡计损仍满足双向预算
T016,巡航,6546.0292371434425,6565.810594207396,直连,,1055,PASS,worst_obstruction_endpoint_distance,1.645460598805812,3273.5255001824776,True,,端点最大距离且全时段按遮挡计损仍满足双向预算
T016,巡航,6565.810594207396,6585.59195127135,直连,,1056,PASS,worst_obstruction_endpoint_distance,0.8937544946891762,3569.447786713983,True,,端点最大距离且全时段按遮挡计损仍满足双向预算
T016,巡航,6585.59195127135,6605.373308335304,直连,,1057,PASS,worst_obstruction_endpoint_distance,0.20167861880453586,3865.4924321610397,True,,端点最大距离且全时段按遮挡计损仍满足双向预算
T016,巡航,6605.373308335304,6625.154665399257,中继,R006,1058,PASS,worst_obstruction_endpoint_distance,8.915498169436432,710.4178251369547,True,,端点最大距离且全时段按遮挡计损仍满足双向预算
T016,巡航,6625.154665399257,6644.936022463211,中继,R006,1059,PASS,worst_obstruction_endpoint_distance,5.919360757851777,1003.0456998430258,True,,端点最大距离且全时段按遮挡计损仍满足双向预算
T016,巡航,6644.936022463211,6664.717379527165,中继,R006,1060,PASS,worst_obstruction_endpoint_distance,3.683401975513803,1297.533739429142,True,,端点最大距离且全时段按遮挡计损仍满足双向预算
T016,巡航,6664.717379527165,6684.498736591118,中继,R006,1061,PASS,worst_obstruction_endpoint_distance,1.9022745718798433,1592.850549555853,True,,端点最大距离且全时段按遮挡计损仍满足双向预算
T016,巡航,6684.498736591118,6704.280093655071,中继,R007,1062,PASS,worst_obstruction_endpoint_distance,0.4054463408422606,1892.4152591509098,True,,端点最大距离且全时段按遮挡计损仍满足双向预算
T016,巡航,6704.280093655071,6724.061450719025,中继,R007,1063,PASS,worst_obstruction_endpoint_distance,1.3127262354054778,1704.7176061191228,True,,端点最大距离且全时段按遮挡计损仍满足双向预算
T016,巡航,6724.061450719025,6743.8428077829785,中继,R007,1064,PASS,worst_obstruction_endpoint_distance,2.1310599851746446,1551.4427670527323,True,,端点最大距离且全时段按遮挡计损仍满足双向预算
T016,巡航,6743.8428077829785,6763.624164846932,中继,R007,1065,PASS,worst_obstruction_endpoint_distance,2.7568539914342693,1443.597292027193,True,,端点最大距离且全时段按遮挡计损仍满足双向预算
T016,巡航,6763.624164846932,6783.405521910886,中继,R007,1066,PASS,worst_obstruction_endpoint_distance,3.009436570846745,1402.2224943312915,True,,端点最大距离且全时段按遮挡计损仍满足双向预算
T016,巡航,6783.405521910886,6803.18687897484,中继,R007,1067,PASS,worst_obstruction_endpoint_distance,2.5782083813780474,1473.5956784547577,True,,端点最大距离且全时段按遮挡计损仍满足双向预算
T016,巡航,6803.18687897484,6822.968236038793,中继,R007,1068,PASS,worst_obstruction_endpoint_distance,1.8755622343822864,1597.756696995542,True,,端点最大距离且全时段按遮挡计损仍满足双向预算
T016,巡航,6822.968236038793,6842.749593102747,中继,R007,1069,PASS,worst_obstruction_endpoint_distance,1.017815697403691,1763.5914042963925,True,,端点最大距离且全时段按遮挡计损仍满足双向预算
T016,巡航,6842.749593102747,6862.530950166701,中继,R007,1070,PASS,worst_obstruction_endpoint_distance,0.09820263924140704,1960.5531768111305,True,,端点最大距离且全时段按遮挡计损仍满足双向预算
T016,下降,6862.530950166701,6879.524866792677,中继,R007,1071,PASS,worst_obstruction_endpoint_distance,0.09089597645279923,1962.2031088782871,True,,端点最大距离且全时段按遮挡计损仍满足双向预算
T016,下降,6879.524866792677,6896.518783418654,中继,R007,1072,PASS,worst_obstruction_endpoint_distance,0.08100074457328788,1964.439784645317,True,,端点最大距离且全时段按遮挡计损仍满足双向预算
T016,下降,6896.518783418654,6913.51270004463,中继,R007,1073,PASS,worst_obstruction_endpoint_distance,0.06853462307819314,1967.2612028201515,True,,端点最大距离且全时段按遮挡计损仍满足双向预算
T016,下降,6913.51270004463,6930.5066166706065,中继,R007,1074,PASS,worst_obstruction_endpoint_distance,0.05351975134394138,1970.6648518618695,True,,端点最大距离且全时段按遮挡计损仍满足双向预算
T016,下降,6930.5066166706065,6947.500533296583,中继,R007,1075,PASS,worst_obstruction_endpoint_distance,0.035982598952486455,1974.647721044051,True,,端点最大距离且全时段按遮挡计损仍满足双向预算
T016,投送,6947.500533296583,6966.885148681199,中继,R007,1076,PASS,exact_point,0.035982598952486455,1974.647721044051,,,独立计算 DEM 遮挡、自由空间损耗与双向预算
T016,投送,6966.885148681199,6986.269764065814,中继,R007,1077,PASS,exact_point,0.035982598952486455,1974.647721044051,,,独立计算 DEM 遮挡、自由空间损耗与双向预算
T016,投送,6986.269764065814,7005.65437945043,中继,R007,1078,PASS,exact_point,0.035982598952486455,1974.647721044051,,,独立计算 DEM 遮挡、自由空间损耗与双向预算
T016,投送,7005.65437945043,7025.038994835045,中继,R007,1079,PASS,exact_point,0.035982598952486455,1974.647721044051,,,独立计算 DEM 遮挡、自由空间损耗与双向预算
T016,投送,7025.038994835045,7044.42361021966,中继,R007,1080,PASS,exact_point,0.035982598952486455,1974.647721044051,,,独立计算 DEM 遮挡、自由空间损耗与双向预算
T016,投送,7044.42361021966,7063.808225604276,中继,R007,1081,PASS,exact_point,0.035982598952486455,1974.647721044051,,,独立计算 DEM 遮挡、自由空间损耗与双向预算
T016,投送,7063.808225604276,7083.1928409888915,中继,R007,1082,PASS,exact_point,0.035982598952486455,1974.647721044051,,,独立计算 DEM 遮挡、自由空间损耗与双向预算
T016,投送,7083.1928409888915,7102.577456373507,中继,R007,1083,PASS,exact_point,0.035982598952486455,1974.647721044051,,,独立计算 DEM 遮挡、自由空间损耗与双向预算
T016,投送,7102.577456373507,7121.962071758122,中继,R007,1084,PASS,exact_point,0.035982598952486455,1974.647721044051,,,独立计算 DEM 遮挡、自由空间损耗与双向预算
T016,投送,7121.962071758122,7141.346687142737,中继,R007,1085,PASS,exact_point,0.035982598952486455,1974.647721044051,,,独立计算 DEM 遮挡、自由空间损耗与双向预算
T016,投送,7141.346687142737,7160.731302527352,中继,R007,1086,PASS,exact_point,0.035982598952486455,1974.647721044051,,,独立计算 DEM 遮挡、自由空间损耗与双向预算
T016,投送,7160.731302527352,7180.115917911968,中继,R007,1087,PASS,exact_point,0.035982598952486455,1974.647721044051,,,独立计算 DEM 遮挡、自由空间损耗与双向预算
T016,投送,7180.115917911968,7199.500533296583,中继,R007,1088,PASS,exact_point,0.035982598952486455,1974.647721044051,,,独立计算 DEM 遮挡、自由空间损耗与双向预算
T016,爬升,7199.500533296583,7216.49444992256,中继,R007,1089,PASS,worst_obstruction_endpoint_distance,0.035982598952486455,1974.647721044051,True,,端点最大距离且全时段按遮挡计损仍满足双向预算
T016,爬升,7216.49444992256,7233.488366548537,中继,R007,1090,PASS,worst_obstruction_endpoint_distance,0.05751103969893734,1969.7595116920877,True,,端点最大距离且全时段按遮挡计损仍满足双向预算
T016,爬升,7233.488366548537,7250.482283174513,中继,R007,1091,PASS,worst_obstruction_endpoint_distance,0.07508776444491616,1965.777546063408,True,,端点最大距离且全时段按遮挡计损仍满足双向预算
T016,爬升,7250.482283174513,7267.47619980049,中继,R007,1092,PASS,worst_obstruction_endpoint_distance,0.08866423352374397,1962.7073399621577,True,,端点最大距离且全时段按遮挡计损仍满足双向预算
T016,巡航,7267.47619980049,7287.257556864443,中继,R007,1093,PASS,worst_obstruction_endpoint_distance,0.09820263924140704,1960.5531768111305,True,,端点最大距离且全时段按遮挡计损仍满足双向预算
T016,巡航,7287.257556864443,7307.038913928397,中继,R007,1094,PASS,worst_obstruction_endpoint_distance,1.017815697403691,1763.5914042963925,True,,端点最大距离且全时段按遮挡计损仍满足双向预算
T016,巡航,7307.038913928397,7326.820270992351,中继,R007,1095,PASS,worst_obstruction_endpoint_distance,1.8755622343822864,1597.756696995542,True,,端点最大距离且全时段按遮挡计损仍满足双向预算
T016,巡航,7326.820270992351,7346.601628056304,中继,R007,1096,PASS,worst_obstruction_endpoint_distance,2.5782083813780474,1473.5956784547577,True,,端点最大距离且全时段按遮挡计损仍满足双向预算
T016,巡航,7346.601628056304,7366.382985120258,中继,R007,1097,PASS,worst_obstruction_endpoint_distance,3.009436570846745,1402.2224943312915,True,,端点最大距离且全时段按遮挡计损仍满足双向预算
T016,巡航,7366.382985120258,7386.164342184212,中继,R007,1098,PASS,worst_obstruction_endpoint_distance,2.7568539914342693,1443.597292027193,True,,端点最大距离且全时段按遮挡计损仍满足双向预算
T016,巡航,7386.164342184212,7405.945699248165,中继,R007,1099,PASS,worst_obstruction_endpoint_distance,2.1310599851746446,1551.4427670527323,True,,端点最大距离且全时段按遮挡计损仍满足双向预算
T016,巡航,7405.945699248165,7425.727056312118,中继,R007,1100,PASS,worst_obstruction_endpoint_distance,1.3127262354054778,1704.7176061191228,True,,端点最大距离且全时段按遮挡计损仍满足双向预算
T016,巡航,7425.727056312118,7445.508413376072,中继,R007,1101,PASS,worst_obstruction_endpoint_distance,0.4054463408422606,1892.4152591509098,True,,端点最大距离且全时段按遮挡计损仍满足双向预算
T016,巡航,7445.508413376072,7465.289770440026,中继,R006,1102,PASS,worst_obstruction_endpoint_distance,1.9022745718798433,1592.850549555853,True,,端点最大距离且全时段按遮挡计损仍满足双向预算
T016,巡航,7465.289770440026,7485.071127503979,中继,R006,1103,PASS,worst_obstruction_endpoint_distance,3.683401975513803,1297.533739429142,True,,端点最大距离且全时段按遮挡计损仍满足双向预算
T016,巡航,7485.071127503979,7504.852484567933,中继,R006,1104,PASS,worst_obstruction_endpoint_distance,5.919360757851777,1003.0456998430258,True,,端点最大距离且全时段按遮挡计损仍满足双向预算
T016,巡航,7504.852484567933,7524.633841631887,中继,R006,1105,PASS,worst_obstruction_endpoint_distance,8.915498169436432,710.4178251369547,True,,端点最大距离且全时段按遮挡计损仍满足双向预算
T016,巡航,7524.633841631887,7544.41519869584,直连,,1106,PASS,worst_obstruction_endpoint_distance,0.20167861880453586,3865.4924321610397,True,,端点最大距离且全时段按遮挡计损仍满足双向预算
T016,巡航,7544.41519869584,7564.196555759794,直连,,1107,PASS,worst_obstruction_endpoint_distance,0.8937544946891762,3569.447786713983,True,,端点最大距离且全时段按遮挡计损仍满足双向预算
T016,巡航,7564.196555759794,7583.977912823748,直连,,1108,PASS,worst_obstruction_endpoint_distance,1.645460598805812,3273.5255001824776,True,,端点最大距离且全时段按遮挡计损仍满足双向预算
T016,巡航,7583.977912823748,7603.7592698877015,直连,,1109,PASS,worst_obstruction_endpoint_distance,2.4679753448875914,2977.7620519260295,True,,端点最大距离且全时段按遮挡计损仍满足双向预算
T016,巡航,7603.7592698877015,7623.540626951655,直连,,1110,PASS,worst_obstruction_endpoint_distance,3.375919660747627,2682.209987066719,True,,端点最大距离且全时段按遮挡计损仍满足双向预算
T016,巡航,7623.540626951655,7643.321984015609,直连,,1111,PASS,worst_obstruction_endpoint_distance,4.388916634906977,2386.947827420809,True,,端点最大距离且全时段按遮挡计损仍满足双向预算
T016,巡航,7643.321984015609,7663.103341079563,直连,,1112,PASS,worst_obstruction_endpoint_distance,5.5341333456205035,2092.098321356043,True,,端点最大距离且全时段按遮挡计损仍满足双向预算
T016,巡航,7663.103341079563,7682.884698143516,直连,,1113,PASS,worst_obstruction_endpoint_distance,6.850635996686719,1797.864505710022,True,,端点最大距离且全时段按遮挡计损仍满足双向预算
T016,巡航,7682.884698143516,7702.666055207469,直连,,1114,PASS,worst_obstruction_endpoint_distance,8.39730997944396,1504.6076282027716,True,,端点最大距离且全时段按遮挡计损仍满足双向预算
T016,巡航,7702.666055207469,7722.447412271423,直连,,1115,PASS,worst_obstruction_endpoint_distance,10.268298266887285,1213.0364331213775,True,,端点最大距离且全时段按遮挡计损仍满足双向预算
T016,巡航,7722.447412271423,7742.2287693353765,直连,,1116,PASS,worst_obstruction_endpoint_distance,12.62531864366639,924.7467764723526,True,,端点最大距离且全时段按遮挡计损仍满足双向预算
T016,巡航,7742.2287693353765,7762.01012639933,直连,,1117,PASS,worst_obstruction_endpoint_distance,15.765903798404153,644.1597258386764,True,,端点最大距离且全时段按遮挡计损仍满足双向预算
T016,巡航,7762.01012639933,7781.791483463284,直连,,1118,PASS,worst_obstruction_endpoint_distance,20.16139188232583,388.3462932369524,True,,端点最大距离且全时段按遮挡计损仍满足双向预算
T016,下降,7781.791483463284,7801.115709624695,直连,,1119,PASS,worst_obstruction_endpoint_distance,23.968262608738172,250.53916625976603,True,,端点最大距离且全时段按遮挡计损仍满足双向预算
T016,下降,7801.115709624695,7820.4399357861075,直连,,1120,PASS,worst_obstruction_endpoint_distance,25.423536680378135,211.89071393694337,True,,端点最大距离且全时段按遮挡计损仍满足双向预算
T016,下降,7820.4399357861075,7839.76416194752,直连,,1121,PASS,worst_obstruction_endpoint_distance,27.17269827277147,173.24226161411883,True,,端点最大距离且全时段按遮挡计损仍满足双向预算
T016,下降,7839.76416194752,7859.088388108931,直连,,1122,PASS,worst_obstruction_endpoint_distance,29.365273470603157,134.59380929129435,True,,端点最大距离且全时段按遮挡计损仍满足双向预算
T016,下降,7859.088388108931,7878.412614270343,直连,,1123,PASS,worst_obstruction_endpoint_distance,32.30529590570579,95.94535696847169,True,,端点最大距离且全时段按遮挡计损仍满足双向预算
T016,下降,7878.412614270343,7897.736840431755,直连,,1124,PASS,worst_obstruction_endpoint_distance,36.78315195211816,57.29690464564899,True,,端点最大距离且全时段按遮挡计损仍满足双向预算
T016,下降,7897.736840431755,7917.061066593167,直连,,1125,PASS,worst_obstruction_endpoint_distance,45.92517525248826,20.0,True,,端点最大距离且全时段按遮挡计损仍满足双向预算
T017,爬升,6248.0,6267.616746582031,直连,,1126,PASS,worst_obstruction_endpoint_distance,42.68528468478472,29.041866455077297,True,,端点最大距离且全时段按遮挡计损仍满足双向预算
T017,爬升,6267.616746582031,6287.233493164063,直连,,1127,PASS,worst_obstruction_endpoint_distance,34.09456382066628,78.08373291015687,True,,端点最大距离且全时段按遮挡计损仍满足双向预算
T017,爬升,6287.233493164063,6306.850239746094,直连,,1128,PASS,worst_obstruction_endpoint_distance,29.861114895269665,127.12559936523644,True,,端点最大距离且全时段按遮挡计损仍满足双向预算
T017,爬升,6306.850239746094,6326.466986328125,直连,,1129,PASS,worst_obstruction_endpoint_distance,27.0272610251467,176.16746582031374,True,,端点最大距离且全时段按遮挡计损仍满足双向预算
T017,爬升,6326.466986328125,6346.083732910156,直连,,1130,PASS,worst_obstruction_endpoint_distance,24.894047506859238,225.20933227539103,True,,端点最大距离且全时段按遮挡计损仍满足双向预算
T017,巡航,6346.083732910156,6366.032164141581,直连,,1131,PASS,worst_obstruction_endpoint_distance,20.476569260061567,374.5073067081198,True,,端点最大距离且全时段按遮挡计损仍满足双向预算
T017,巡航,6366.032164141581,6385.9805953730065,直连,,1132,PASS,worst_obstruction_endpoint_distance,15.829974101692486,639.4256493755012,True,,端点最大距离且全时段按遮挡计损仍满足双向预算
T017,巡航,6385.9805953730065,6405.929026604431,直连,,1133,PASS,worst_obstruction_endpoint_distance,12.618260351929706,925.4985457841007,True,,端点最大距离且全时段按遮挡计损仍满足双向预算
T017,巡航,6405.929026604431,6425.877457835856,直连,,1134,PASS,worst_obstruction_endpoint_distance,10.233476665807785,1217.9092389358796,True,,端点最大距离且全时段按遮挡计损仍满足双向预算
T017,巡航,6425.877457835856,6445.8258890672805,直连,,1135,PASS,worst_obstruction_endpoint_distance,8.349068263577223,1512.9875178566108,True,,端点最大距离且全时段按遮挡计损仍满足双向预算
T017,巡航,6445.8258890672805,6465.774320298706,直连,,1136,PASS,worst_obstruction_endpoint_distance,6.794945300204006,1809.428778084995,True,,端点最大距离且全时段按遮挡计损仍满足双向预算
T017,巡航,6465.774320298706,6485.722751530131,直连,,1137,PASS,worst_obstruction_endpoint_distance,5.473895595477202,2106.657716764186,True,,端点最大距离且全时段按遮挡计损仍满足双向预算
T017,巡航,6485.722751530131,6505.671182761555,直连,,1138,PASS,worst_obstruction_endpoint_distance,4.325704959757758,2404.3822339864455,True,,端点最大距离且全时段按遮挡计损仍满足双向预算
T017,巡航,6505.671182761555,6525.619613992981,直连,,1139,PASS,worst_obstruction_endpoint_distance,3.3106586402651743,2702.4385427766797,True,,端点最大距离且全时段按遮挡计损仍满足双向预算
T017,巡航,6525.619613992981,6545.568045224405,直连,,1140,PASS,worst_obstruction_endpoint_distance,2.401243199064254,3000.7277761782934,True,,端点最大距离且全时段按遮挡计损仍满足双向预算
T017,巡航,6545.568045224405,6565.51647645583,直连,,1141,PASS,worst_obstruction_endpoint_distance,1.5776371600474448,3299.186756586918,True,,端点最大距离且全时段按遮挡计损仍满足双向预算
T017,巡航,6565.51647645583,6585.464907687255,直连,,1142,PASS,worst_obstruction_endpoint_distance,0.8250994230448754,3597.773239354705,True,,端点最大距离且全时段按遮挡计损仍满足双向预算
T017,巡航,6585.464907687255,6605.41333891868,直连,,1143,PASS,worst_obstruction_endpoint_distance,0.1323753731121542,3896.45791298493,True,,端点最大距离且全时段按遮挡计损仍满足双向预算
T017,巡航,6605.41333891868,6625.361770150104,中继,R006,1144,PASS,worst_obstruction_endpoint_distance,3.0919231118517416,1388.9691590915174,True,,端点最大距离且全时段按遮挡计损仍满足双向预算
T017,巡航,6625.361770150104,6645.31020138153,中继,R006,1145,PASS,worst_obstruction_endpoint_distance,1.871524577405495,1598.4995907465093,True,,端点最大距离且全时段按遮挡计损仍满足双向预算
T017,巡航,6645.31020138153,6665.258632612955,中继,R006,1146,PASS,worst_obstruction_endpoint_distance,0.682072816606933,1833.0956104889353,True,,端点最大距离且全时段按遮挡计损仍满足双向预算
T017,巡航,6665.258632612955,6685.207063844379,中继,R007,1147,PASS,worst_obstruction_endpoint_distance,0.7935438880098502,1809.720741284462,True,,端点最大距离且全时段按遮挡计损仍满足双向预算
T017,巡航,6685.207063844379,6705.1554950758045,中继,R007,1148,PASS,worst_obstruction_endpoint_distance,2.18622543639502,1541.6205343153074,True,,端点最大距离且全时段按遮挡计损仍满足双向预算
T017,巡航,6705.1554950758045,6725.103926307229,中继,R007,1149,PASS,worst_obstruction_endpoint_distance,3.752100501082751,1287.3117497629592,True,,端点最大距离且全时段按遮挡计损仍满足双向预算
T017,巡航,6725.103926307229,6745.052357538654,中继,R007,1150,PASS,worst_obstruction_endpoint_distance,5.465934903575743,1056.7980739955074,True,,端点最大距离且全时段按遮挡计损仍满足双向预算
T017,巡航,6745.052357538654,6765.000788770079,中继,R007,1151,PASS,worst_obstruction_endpoint_distance,7.163167460360086,869.2213505149701,True,,端点最大距离且全时段按遮挡计损仍满足双向预算
T017,巡航,6765.000788770079,6784.949220001504,中继,R007,1152,PASS,worst_obstruction_endpoint_distance,8.361635307260357,757.1937018024331,True,,端点最大距离且全时段按遮挡计损仍满足双向预算
T017,巡航,6784.949220001504,6804.897651232929,中继,R007,1153,PASS,worst_obstruction_endpoint_distance,7.2174888770571215,863.8022171589038,True,,端点最大距离且全时段按遮挡计损仍满足双向预算
T017,巡航,6804.897651232929,6824.8460824643535,中继,R007,1154,PASS,worst_obstruction_endpoint_distance,5.527232666505114,1049.3663291862797,True,,端点最大距离且全时段按遮挡计损仍满足双向预算
T017,巡航,6824.8460824643535,6844.794513695779,中继,R007,1155,PASS,worst_obstruction_endpoint_distance,3.809912144193447,1278.77209625438,True,,端点最大距离且全时段按遮挡计损仍满足双向预算
T017,巡航,6844.794513695779,6864.742944927203,中继,R007,1156,PASS,worst_obstruction_endpoint_distance,2.238018545490135,1532.4553547674145,True,,端点最大距离且全时段按遮挡计损仍满足双向预算
T017,巡航,6864.742944927203,6884.691376158628,中继,R007,1157,PASS,worst_obstruction_endpoint_distance,0.8394489047696396,1800.181577902523,True,,端点最大距离且全时段按遮挡计损仍满足双向预算
T017,下降,6884.691376158628,6901.69293153786,中继,R007,1158,PASS,worst_obstruction_endpoint_distance,0.8284758755184782,1802.4572144371423,True,,端点最大距离且全时段按遮挡计损仍满足双向预算
T017,下降,6901.69293153786,6918.694486917092,中继,R007,1159,PASS,worst_obstruction_endpoint_distance,0.8144482146368262,1805.3705241351129,True,,端点最大距离且全时段按遮挡计损仍满足双向预算
T017,下降,6918.694486917092,6935.696042296324,中继,R007,1160,PASS,worst_obstruction_endpoint_distance,0.7973955137346138,1808.9184260319166,True,,端点最大距离且全时段按遮挡计损仍满足双向预算
T017,投送,6935.696042296324,6955.080657680939,中继,R007,1161,PASS,exact_point,0.7973955137346138,1808.9184260319166,,,独立计算 DEM 遮挡、自由空间损耗与双向预算
T017,投送,6955.080657680939,6974.465273065554,中继,R007,1162,PASS,exact_point,0.7973955137346138,1808.9184260319166,,,独立计算 DEM 遮挡、自由空间损耗与双向预算
T017,投送,6974.465273065554,6993.84988845017,中继,R007,1163,PASS,exact_point,0.7973955137346138,1808.9184260319166,,,独立计算 DEM 遮挡、自由空间损耗与双向预算
T017,投送,6993.84988845017,7013.234503834785,中继,R007,1164,PASS,exact_point,0.7973955137346138,1808.9184260319166,,,独立计算 DEM 遮挡、自由空间损耗与双向预算
T017,投送,7013.234503834785,7032.619119219401,中继,R007,1165,PASS,exact_point,0.7973955137346138,1808.9184260319166,,,独立计算 DEM 遮挡、自由空间损耗与双向预算
T017,投送,7032.619119219401,7052.003734604016,中继,R007,1166,PASS,exact_point,0.7973955137346138,1808.9184260319166,,,独立计算 DEM 遮挡、自由空间损耗与双向预算
T017,投送,7052.003734604016,7071.3883499886315,中继,R007,1167,PASS,exact_point,0.7973955137346138,1808.9184260319166,,,独立计算 DEM 遮挡、自由空间损耗与双向预算
T017,投送,7071.3883499886315,7090.772965373247,中继,R007,1168,PASS,exact_point,0.7973955137346138,1808.9184260319166,,,独立计算 DEM 遮挡、自由空间损耗与双向预算
T017,投送,7090.772965373247,7110.157580757863,中继,R007,1169,PASS,exact_point,0.7973955137346138,1808.9184260319166,,,独立计算 DEM 遮挡、自由空间损耗与双向预算
T017,投送,7110.157580757863,7129.542196142478,中继,R007,1170,PASS,exact_point,0.7973955137346138,1808.9184260319166,,,独立计算 DEM 遮挡、自由空间损耗与双向预算
T017,投送,7129.542196142478,7148.926811527093,中继,R007,1171,PASS,exact_point,0.7973955137346138,1808.9184260319166,,,独立计算 DEM 遮挡、自由空间损耗与双向预算
T017,投送,7148.926811527093,7168.311426911709,中继,R007,1172,PASS,exact_point,0.7973955137346138,1808.9184260319166,,,独立计算 DEM 遮挡、自由空间损耗与双向预算
T017,投送,7168.311426911709,7187.696042296324,中继,R007,1173,PASS,exact_point,0.7973955137346138,1808.9184260319166,,,独立计算 DEM 遮挡、自由空间损耗与双向预算
T017,爬升,7187.696042296324,7201.297286599709,中继,R007,1174,PASS,worst_obstruction_endpoint_distance,0.7973955137346138,1808.9184260319166,True,,端点最大距离且全时段按遮挡计损仍满足双向预算
T017,爬升,7201.297286599709,7214.898530903095,中继,R007,1175,PASS,worst_obstruction_endpoint_distance,0.8144482146368262,1805.3705241351129,True,,端点最大距离且全时段按遮挡计损仍满足双向预算
T017,爬升,7214.898530903095,7228.49977520648,中继,R007,1176,PASS,worst_obstruction_endpoint_distance,0.8284758755184782,1802.4572144371423,True,,端点最大距离且全时段按遮挡计损仍满足双向预算
T017,巡航,7228.49977520648,7248.448206437905,中继,R007,1177,PASS,worst_obstruction_endpoint_distance,0.8394489047696396,1800.181577902523,True,,端点最大距离且全时段按遮挡计损仍满足双向预算
T017,巡航,7248.448206437905,7268.39663766933,中继,R007,1178,PASS,worst_obstruction_endpoint_distance,2.238018545490135,1532.4553547674145,True,,端点最大距离且全时段按遮挡计损仍满足双向预算
T017,巡航,7268.39663766933,7288.345068900755,中继,R007,1179,PASS,worst_obstruction_endpoint_distance,3.809912144193447,1278.77209625438,True,,端点最大距离且全时段按遮挡计损仍满足双向预算
T017,巡航,7288.345068900755,7308.29350013218,中继,R007,1180,PASS,worst_obstruction_endpoint_distance,5.527232666505114,1049.3663291862797,True,,端点最大距离且全时段按遮挡计损仍满足双向预算
T017,巡航,7308.29350013218,7328.241931363605,中继,R007,1181,PASS,worst_obstruction_endpoint_distance,7.2174888770571215,863.8022171589038,True,,端点最大距离且全时段按遮挡计损仍满足双向预算
T017,巡航,7328.241931363605,7348.19036259503,中继,R007,1182,PASS,worst_obstruction_endpoint_distance,8.361635307260357,757.1937018024331,True,,端点最大距离且全时段按遮挡计损仍满足双向预算
T017,巡航,7348.19036259503,7368.138793826454,中继,R007,1183,PASS,worst_obstruction_endpoint_distance,7.163167460360086,869.2213505149701,True,,端点最大距离且全时段按遮挡计损仍满足双向预算
T017,巡航,7368.138793826454,7388.08722505788,中继,R007,1184,PASS,worst_obstruction_endpoint_distance,5.465934903575743,1056.7980739955074,True,,端点最大距离且全时段按遮挡计损仍满足双向预算
T017,巡航,7388.08722505788,7408.035656289305,中继,R007,1185,PASS,worst_obstruction_endpoint_distance,3.752100501082751,1287.3117497629592,True,,端点最大距离且全时段按遮挡计损仍满足双向预算
T017,巡航,7408.035656289305,7427.984087520729,中继,R007,1186,PASS,worst_obstruction_endpoint_distance,2.18622543639502,1541.6205343153074,True,,端点最大距离且全时段按遮挡计损仍满足双向预算
T017,巡航,7427.984087520729,7447.932518752154,中继,R007,1187,PASS,worst_obstruction_endpoint_distance,0.7935438880098502,1809.720741284462,True,,端点最大距离且全时段按遮挡计损仍满足双向预算
T017,巡航,7447.932518752154,7467.880949983579,中继,R006,1188,PASS,worst_obstruction_endpoint_distance,0.682072816606933,1833.0956104889353,True,,端点最大距离且全时段按遮挡计损仍满足双向预算
T017,巡航,7467.880949983579,7487.829381215004,中继,R006,1189,PASS,worst_obstruction_endpoint_distance,1.871524577405495,1598.4995907465093,True,,端点最大距离且全时段按遮挡计损仍满足双向预算
T017,巡航,7487.829381215004,7507.7778124464285,中继,R006,1190,PASS,worst_obstruction_endpoint_distance,3.0919231118517416,1388.9691590915174,True,,端点最大距离且全时段按遮挡计损仍满足双向预算
T017,巡航,7507.7778124464285,7527.726243677854,直连,,1191,PASS,worst_obstruction_endpoint_distance,0.1323753731121542,3896.45791298493,True,,端点最大距离且全时段按遮挡计损仍满足双向预算
T017,巡航,7527.726243677854,7547.674674909278,直连,,1192,PASS,worst_obstruction_endpoint_distance,0.8250994230448754,3597.773239354705,True,,端点最大距离且全时段按遮挡计损仍满足双向预算
T017,巡航,7547.674674909278,7567.623106140703,直连,,1193,PASS,worst_obstruction_endpoint_distance,1.5776371600474448,3299.186756586918,True,,端点最大距离且全时段按遮挡计损仍满足双向预算
T017,巡航,7567.623106140703,7587.571537372129,直连,,1194,PASS,worst_obstruction_endpoint_distance,2.401243199064254,3000.7277761782934,True,,端点最大距离且全时段按遮挡计损仍满足双向预算
T017,巡航,7587.571537372129,7607.519968603553,直连,,1195,PASS,worst_obstruction_endpoint_distance,3.3106586402651743,2702.4385427766797,True,,端点最大距离且全时段按遮挡计损仍满足双向预算
T017,巡航,7607.519968603553,7627.468399834978,直连,,1196,PASS,worst_obstruction_endpoint_distance,4.325704959757758,2404.3822339864455,True,,端点最大距离且全时段按遮挡计损仍满足双向预算
T017,巡航,7627.468399834978,7647.416831066403,直连,,1197,PASS,worst_obstruction_endpoint_distance,5.473895595477202,2106.657716764186,True,,端点最大距离且全时段按遮挡计损仍满足双向预算
T017,巡航,7647.416831066403,7667.365262297828,直连,,1198,PASS,worst_obstruction_endpoint_distance,6.794945300204006,1809.428778084995,True,,端点最大距离且全时段按遮挡计损仍满足双向预算
T017,巡航,7667.365262297828,7687.313693529253,直连,,1199,PASS,worst_obstruction_endpoint_distance,8.349068263577223,1512.9875178566108,True,,端点最大距离且全时段按遮挡计损仍满足双向预算
T017,巡航,7687.313693529253,7707.262124760678,直连,,1200,PASS,worst_obstruction_endpoint_distance,10.233476665807785,1217.9092389358796,True,,端点最大距离且全时段按遮挡计损仍满足双向预算
T017,巡航,7707.262124760678,7727.210555992102,直连,,1201,PASS,worst_obstruction_endpoint_distance,12.618260351929706,925.4985457841007,True,,端点最大距离且全时段按遮挡计损仍满足双向预算
T017,巡航,7727.210555992102,7747.158987223527,直连,,1202,PASS,worst_obstruction_endpoint_distance,15.829974101692486,639.4256493755012,True,,端点最大距离且全时段按遮挡计损仍满足双向预算
T017,巡航,7747.158987223527,7767.1074184549525,直连,,1203,PASS,worst_obstruction_endpoint_distance,20.476569260061567,374.5073067081198,True,,端点最大距离且全时段按遮挡计损仍满足双向预算
T017,下降,7767.1074184549525,7784.622370760338,直连,,1204,PASS,worst_obstruction_endpoint_distance,24.894047506859238,225.20933227539103,True,,端点最大距离且全时段按遮挡计损仍满足双向预算
T017,下降,7784.622370760338,7802.137323065723,直连,,1205,PASS,worst_obstruction_endpoint_distance,26.362504444229174,190.17942766462062,True,,端点最大距离且全时段按遮挡计损仍满足双向预算
T017,下降,7802.137323065723,7819.652275371108,直连,,1206,PASS,worst_obstruction_endpoint_distance,28.130766268672517,155.14952305385026,True,,端点最大距离且全时段按遮挡计损仍满足双向预算
T017,下降,7819.652275371108,7837.167227676493,直连,,1207,PASS,worst_obstruction_endpoint_distance,30.35349628569324,120.11961844307979,True,,端点最大距离且全时段按遮挡计损仍满足双向预算
T017,下降,7837.167227676493,7854.682179981877,直连,,1208,PASS,worst_obstruction_endpoint_distance,33.348233904351076,85.08971383230943,True,,端点最大距离且全时段按遮挡计损仍满足双向预算
T017,下降,7854.682179981877,7872.197132287263,直连,,1209,PASS,worst_obstruction_endpoint_distance,37.955991362277445,50.0598092215408,True,,端点最大距离且全时段按遮挡计损仍满足双向预算
T017,下降,7872.197132287263,7889.712084592647,直连,,1210,PASS,worst_obstruction_endpoint_distance,45.92517525248826,20.0,True,,端点最大距离且全时段按遮挡计损仍满足双向预算
T018,爬升,6285.0,6301.559240722656,直连,,1211,PASS,worst_obstruction_endpoint_distance,42.49716386964229,29.677722167967403,True,,端点最大距离且全时段按遮挡计损仍满足双向预算
T018,爬升,6301.559240722656,6318.118481445313,直连,,1212,PASS,worst_obstruction_endpoint_distance,33.95424061100921,79.35544433593753,True,,端点最大距离且全时段按遮挡计损仍满足双向预算
T018,爬升,6318.118481445313,6334.677722167969,直连,,1213,PASS,worst_obstruction_endpoint_distance,29.731748063926233,129.0331665039049,True,,端点最大距离且全时段按遮挡计损仍满足双向预算
T018,爬升,6334.677722167969,6351.236962890625,直连,,1214,PASS,worst_obstruction_endpoint_distance,26.902754877149746,178.710888671875,True,,端点最大距离且全时段按遮挡计损仍满足双向预算
T018,巡航,6351.236962890625,6370.794895073569,直连,,1215,PASS,worst_obstruction_endpoint_distance,21.226846823481353,343.5155626257681,True,,端点最大距离且全时段按遮挡计损仍满足双向预算
T018,巡航,6370.794895073569,6390.352827256513,直连,,1216,PASS,worst_obstruction_endpoint_distance,16.19159854535019,613.3506516465615,True,,端点最大距离且全时段按遮挡计损仍满足双向预算
T018,巡航,6390.352827256513,6409.910759439457,直连,,1217,PASS,worst_obstruction_endpoint_distance,12.879592400811816,898.0678270917992,True,,端点最大距离且全时段按遮挡计损仍满足双向预算
T018,巡航,6409.910759439457,6429.468691622401,直连,,1218,PASS,worst_obstruction_endpoint_distance,10.456716578783727,1187.0060413963242,True,,端点最大距离且全时段按遮挡计损仍满足双向预算
T018,巡航,6429.468691622401,6449.026623805345,直连,,1219,PASS,worst_obstruction_endpoint_distance,8.554100828864037,1477.691301536886,True,,端点最大距离且全时段按遮挡计损仍满足双向预算
T018,巡航,6449.026623805345,6468.584555988288,直连,,1220,PASS,worst_obstruction_endpoint_distance,6.989928674066292,1769.2627117074003,True,,端点最大距离且全时段按遮挡计损仍满足双向预算
T018,巡航,6468.584555988288,6488.142488171233,直连,,1221,PASS,worst_obstruction_endpoint_distance,5.662764533403006,2061.3442758335245,True,,端点最大距离且全时段按遮挡计损仍满足双向预算
T018,巡航,6488.142488171233,6507.7004203541765,直连,,1222,PASS,worst_obstruction_endpoint_distance,4.510582959293117,2353.74608317376,True,,端点最大距离且全时段按遮挡计损仍满足双向预算
T018,巡航,6507.7004203541765,6527.25835253712,直连,,1223,PASS,worst_obstruction_endpoint_distance,3.492790187069943,2646.361982925317,True,,端点最大距离且全时段按遮挡计损仍满足双向预算
T018,巡航,6527.25835253712,6546.816284720064,直连,,1224,PASS,worst_obstruction_endpoint_distance,2.5814050697037914,2939.128031468544,True,,端点最大距离且全时段按遮挡计损仍满足双向预算
T018,巡航,6546.816284720064,6566.374216903008,直连,,1225,PASS,worst_obstruction_endpoint_distance,1.756338916276647,3232.003426069633,True,,端点最大距离且全时段按遮挡计损仍满足双向预算
T018,巡航,6566.374216903008,6585.932149085952,直连,,1226,PASS,worst_obstruction_endpoint_distance,1.0026890572529226,3524.960911409265,True,,端点最大距离且全时段按遮挡计损仍满足双向预算
T018,巡航,6585.932149085952,6605.490081268896,直连,,1227,PASS,worst_obstruction_endpoint_distance,0.3090985653005305,3817.9815908238766,True,,端点最大距离且全时段按遮挡计损仍满足双向预算
T018,巡航,6605.490081268896,6625.04801345184,中继,R006,1228,PASS,worst_obstruction_endpoint_distance,7.766740961877289,810.8708909826305,True,,端点最大距离且全时段按遮挡计损仍满足双向预算
T018,巡航,6625.04801345184,6644.605945634784,中继,R006,1229,PASS,worst_obstruction_endpoint_distance,5.372637576100061,1068.2105908139624,True,,端点最大距离且全时段按遮挡计损仍满足双向预算
T018,巡航,6644.605945634784,6664.163877817728,中继,R006,1230,PASS,worst_obstruction_endpoint_distance,3.400857900205878,1340.4353214105083,True,,端点最大距离且全时段按遮挡计损仍满足双向预算
T018,巡航,6664.163877817728,6683.721810000672,中继,R007,1231,PASS,worst_obstruction_endpoint_distance,0.686319141278446,1832.1996727020219,True,,端点最大距离且全时段按遮挡计损仍满足双向预算
T018,巡航,6683.721810000672,6703.279742183616,中继,R007,1232,PASS,worst_obstruction_endpoint_distance,2.136735891699246,1550.429287953722,True,,端点最大距离且全时段按遮挡计损仍满足双向预算
T018,下降,6703.279742183616,6720.801194006533,中继,R007,1233,PASS,worst_obstruction_endpoint_distance,3.802898216986918,1279.8051322590784,True,,端点最大距离且全时段按遮挡计损仍满足双向预算
T018,下降,6720.801194006533,6738.322645829449,中继,R007,1234,PASS,worst_obstruction_endpoint_distance,3.753066873679316,1287.1685343124955,True,,端点最大距离且全时段按遮挡计损仍满足双向预算
T018,下降,6738.322645829449,6755.844097652365,中继,R007,1235,PASS,worst_obstruction_endpoint_distance,3.6938664514362216,1295.9714544759318,True,,端点最大距离且全时段按遮挡计损仍满足双向预算
T018,投送,6755.844097652365,6774.935006743275,中继,R007,1236,PASS,exact_point,13.693866451436222,1295.9714544759318,,,独立计算 DEM 遮挡、自由空间损耗与双向预算
T018,投送,6774.935006743275,6794.025915834184,中继,R007,1237,PASS,exact_point,13.693866451436222,1295.9714544759318,,,独立计算 DEM 遮挡、自由空间损耗与双向预算
T018,投送,6794.025915834184,6813.116824925093,中继,R007,1238,PASS,exact_point,13.693866451436222,1295.9714544759318,,,独立计算 DEM 遮挡、自由空间损耗与双向预算
T018,投送,6813.116824925093,6832.207734016002,中继,R007,1239,PASS,exact_point,13.693866451436222,1295.9714544759318,,,独立计算 DEM 遮挡、自由空间损耗与双向预算
T018,投送,6832.207734016002,6851.298643106911,中继,R007,1240,PASS,exact_point,13.693866451436222,1295.9714544759318,,,独立计算 DEM 遮挡、自由空间损耗与双向预算
T018,投送,6851.298643106911,6870.38955219782,中继,R007,1241,PASS,exact_point,13.693866451436222,1295.9714544759318,,,独立计算 DEM 遮挡、自由空间损耗与双向预算
T018,投送,6870.38955219782,6889.480461288729,中继,R007,1242,PASS,exact_point,13.693866451436222,1295.9714544759318,,,独立计算 DEM 遮挡、自由空间损耗与双向预算
T018,投送,6889.480461288729,6908.571370379638,中继,R007,1243,PASS,exact_point,13.693866451436222,1295.9714544759318,,,独立计算 DEM 遮挡、自由空间损耗与双向预算
T018,投送,6908.571370379638,6927.662279470547,中继,R007,1244,PASS,exact_point,13.693866451436222,1295.9714544759318,,,独立计算 DEM 遮挡、自由空间损耗与双向预算
T018,投送,6927.662279470547,6946.753188561456,中继,R007,1245,PASS,exact_point,13.693866451436222,1295.9714544759318,,,独立计算 DEM 遮挡、自由空间损耗与双向预算
T018,投送,6946.753188561456,6965.844097652365,中继,R007,1246,PASS,exact_point,13.693866451436222,1295.9714544759318,,,独立计算 DEM 遮挡、自由空间损耗与双向预算
T018,爬升,6965.844097652365,6980.445307504797,中继,R007,1247,PASS,worst_obstruction_endpoint_distance,3.6938664514362216,1295.9714544759318,True,,端点最大距离且全时段按遮挡计损仍满足双向预算
T018,爬升,6980.445307504797,6995.046517357227,中继,R007,1248,PASS,worst_obstruction_endpoint_distance,3.7530668736793302,1287.1685343124948,True,,端点最大距离且全时段按遮挡计损仍满足双向预算
T018,爬升,6995.046517357227,7009.647727209657,中继,R007,1249,PASS,worst_obstruction_endpoint_distance,3.802898216986918,1279.8051322590784,True,,端点最大距离且全时段按遮挡计损仍满足双向预算
T018,巡航,7009.647727209657,7029.205659392601,中继,R007,1250,PASS,worst_obstruction_endpoint_distance,2.136735891699246,1550.429287953722,True,,端点最大距离且全时段按遮挡计损仍满足双向预算
T018,巡航,7029.205659392601,7048.763591575545,中继,R007,1251,PASS,worst_obstruction_endpoint_distance,0.686319141278446,1832.1996727020219,True,,端点最大距离且全时段按遮挡计损仍满足双向预算
T018,巡航,7048.763591575545,7068.321523758489,中继,R006,1252,PASS,worst_obstruction_endpoint_distance,3.400857900205878,1340.4353214105083,True,,端点最大距离且全时段按遮挡计损仍满足双向预算
T018,巡航,7068.321523758489,7087.879455941433,中继,R006,1253,PASS,worst_obstruction_endpoint_distance,5.372637576100061,1068.2105908139624,True,,端点最大距离且全时段按遮挡计损仍满足双向预算
T018,巡航,7087.879455941433,7107.437388124377,中继,R006,1254,PASS,worst_obstruction_endpoint_distance,7.766740961877289,810.8708909826305,True,,端点最大距离且全时段按遮挡计损仍满足双向预算
T018,巡航,7107.437388124377,7126.995320307321,直连,,1255,PASS,worst_obstruction_endpoint_distance,0.3090985653005305,3817.9815908238766,True,,端点最大距离且全时段按遮挡计损仍满足双向预算
T018,巡航,7126.995320307321,7146.553252490265,直连,,1256,PASS,worst_obstruction_endpoint_distance,1.0026890572529226,3524.960911409265,True,,端点最大距离且全时段按遮挡计损仍满足双向预算
T018,巡航,7146.553252490265,7166.111184673209,直连,,1257,PASS,worst_obstruction_endpoint_distance,1.756338916276647,3232.003426069633,True,,端点最大距离且全时段按遮挡计损仍满足双向预算
T018,巡航,7166.111184673209,7185.669116856153,直连,,1258,PASS,worst_obstruction_endpoint_distance,2.5814050697037914,2939.128031468544,True,,端点最大距离且全时段按遮挡计损仍满足双向预算
T018,巡航,7185.669116856153,7205.2270490390965,直连,,1259,PASS,worst_obstruction_endpoint_distance,3.492790187069943,2646.361982925317,True,,端点最大距离且全时段按遮挡计损仍满足双向预算
T018,巡航,7205.2270490390965,7224.784981222041,直连,,1260,PASS,worst_obstruction_endpoint_distance,4.510582959293117,2353.74608317376,True,,端点最大距离且全时段按遮挡计损仍满足双向预算
T018,巡航,7224.784981222041,7244.342913404985,直连,,1261,PASS,worst_obstruction_endpoint_distance,5.662764533404953,2061.3442758330607,True,,端点最大距离且全时段按遮挡计损仍满足双向预算
T018,巡航,7244.342913404985,7263.900845587928,直连,,1262,PASS,worst_obstruction_endpoint_distance,6.989928674066292,1769.2627117074003,True,,端点最大距离且全时段按遮挡计损仍满足双向预算
T018,巡航,7263.900845587928,7283.458777770873,直连,,1263,PASS,worst_obstruction_endpoint_distance,8.554100828864037,1477.691301536886,True,,端点最大距离且全时段按遮挡计损仍满足双向预算
T018,巡航,7283.458777770873,7303.016709953816,直连,,1264,PASS,worst_obstruction_endpoint_distance,10.456716578783727,1187.0060413963242,True,,端点最大距离且全时段按遮挡计损仍满足双向预算
T018,巡航,7303.016709953816,7322.57464213676,直连,,1265,PASS,worst_obstruction_endpoint_distance,12.879592400811816,898.0678270917992,True,,端点最大距离且全时段按遮挡计损仍满足双向预算
T018,巡航,7322.57464213676,7342.132574319704,直连,,1266,PASS,worst_obstruction_endpoint_distance,16.19159854535019,613.3506516465615,True,,端点最大距离且全时段按遮挡计损仍满足双向预算
T018,巡航,7342.132574319704,7361.690506502648,直连,,1267,PASS,worst_obstruction_endpoint_distance,21.226846823481353,343.5155626257681,True,,端点最大距离且全时段按遮挡计损仍满足双向预算
T018,下降,7361.690506502648,7381.561595369836,直连,,1268,PASS,worst_obstruction_endpoint_distance,26.902754877149746,178.710888671875,True,,端点最大距离且全时段按遮挡计损仍满足双向预算
T018,下降,7381.561595369836,7401.432684237023,直连,,1269,PASS,worst_obstruction_endpoint_distance,29.73174806392629,129.033166503904,True,,端点最大距离且全时段按遮挡计损仍满足双向预算
T018,下降,7401.432684237023,7421.30377310421,直连,,1270,PASS,worst_obstruction_endpoint_distance,33.95424061100921,79.3554443359375,True,,端点最大距离且全时段按遮挡计损仍满足双向预算
T018,下降,7421.30377310421,7441.174861971398,直连,,1271,PASS,worst_obstruction_endpoint_distance,42.497163869641895,29.67772216796874,True,,端点最大距离且全时段按遮挡计损仍满足双向预算
T019,爬升,8690.0,8709.61674658203,直连,,1272,PASS,worst_obstruction_endpoint_distance,42.68528468478472,29.041866455077297,True,,端点最大距离且全时段按遮挡计损仍满足双向预算
T019,爬升,8709.61674658203,8729.233493164062,直连,,1273,PASS,worst_obstruction_endpoint_distance,34.09456382066654,78.0837329101546,True,,端点最大距离且全时段按遮挡计损仍满足双向预算
T019,爬升,8729.233493164062,8748.850239746094,直连,,1274,PASS,worst_obstruction_endpoint_distance,29.861114895269665,127.12559936523644,True,,端点最大距离且全时段按遮挡计损仍满足双向预算
T019,爬升,8748.850239746094,8768.466986328125,直连,,1275,PASS,worst_obstruction_endpoint_distance,27.0272610251467,176.16746582031374,True,,端点最大距离且全时段按遮挡计损仍满足双向预算
T019,爬升,8768.466986328125,8788.083732910156,直连,,1276,PASS,worst_obstruction_endpoint_distance,24.894047506859238,225.20933227539103,True,,端点最大距离且全时段按遮挡计损仍满足双向预算
T019,巡航,8788.083732910156,8808.032164141581,直连,,1277,PASS,worst_obstruction_endpoint_distance,20.476569260061567,374.5073067081198,True,,端点最大距离且全时段按遮挡计损仍满足双向预算
T019,巡航,8808.032164141581,8827.980595373007,直连,,1278,PASS,worst_obstruction_endpoint_distance,15.829974101692486,639.4256493755012,True,,端点最大距离且全时段按遮挡计损仍满足双向预算
T019,巡航,8827.980595373007,8847.929026604432,直连,,1279,PASS,worst_obstruction_endpoint_distance,12.618260351929706,925.4985457841007,True,,端点最大距离且全时段按遮挡计损仍满足双向预算
T019,巡航,8847.929026604432,8867.877457835855,直连,,1280,PASS,worst_obstruction_endpoint_distance,10.233476665807785,1217.9092389358796,True,,端点最大距离且全时段按遮挡计损仍满足双向预算
T019,巡航,8867.877457835855,8887.82588906728,直连,,1281,PASS,worst_obstruction_endpoint_distance,8.349068263577223,1512.9875178566108,True,,端点最大距离且全时段按遮挡计损仍满足双向预算
T019,巡航,8887.82588906728,8907.774320298706,直连,,1282,PASS,worst_obstruction_endpoint_distance,6.794945300204006,1809.428778084995,True,,端点最大距离且全时段按遮挡计损仍满足双向预算
T019,巡航,8907.774320298706,8927.722751530131,直连,,1283,PASS,worst_obstruction_endpoint_distance,5.473895595477202,2106.657716764186,True,,端点最大距离且全时段按遮挡计损仍满足双向预算
T019,巡航,8927.722751530131,8947.671182761556,直连,,1284,PASS,worst_obstruction_endpoint_distance,4.325704959757758,2404.3822339864455,True,,端点最大距离且全时段按遮挡计损仍满足双向预算
T019,巡航,8947.671182761556,8967.61961399298,直连,,1285,PASS,worst_obstruction_endpoint_distance,3.3106586402651743,2702.4385427766797,True,,端点最大距离且全时段按遮挡计损仍满足双向预算
T019,巡航,8967.61961399298,8987.568045224405,直连,,1286,PASS,worst_obstruction_endpoint_distance,2.401243199064254,3000.7277761782934,True,,端点最大距离且全时段按遮挡计损仍满足双向预算
T019,巡航,8987.568045224405,9007.51647645583,直连,,1287,PASS,worst_obstruction_endpoint_distance,1.5776371600474448,3299.186756586918,True,,端点最大距离且全时段按遮挡计损仍满足双向预算
T019,巡航,9007.51647645583,9027.464907687256,直连,,1288,PASS,worst_obstruction_endpoint_distance,0.8250994230448754,3597.773239354705,True,,端点最大距离且全时段按遮挡计损仍满足双向预算
T019,巡航,9027.464907687256,9047.413338918679,直连,,1289,PASS,worst_obstruction_endpoint_distance,0.1323753731121542,3896.45791298493,True,,端点最大距离且全时段按遮挡计损仍满足双向预算
T019,巡航,9047.413338918679,9067.361770150104,中继,R009,1290,PASS,worst_obstruction_endpoint_distance,3.0919231118530917,1388.9691590913012,True,,端点最大距离且全时段按遮挡计损仍满足双向预算
T019,巡航,9067.361770150104,9087.31020138153,中继,R009,1291,PASS,worst_obstruction_endpoint_distance,1.871524577405495,1598.4995907465093,True,,端点最大距离且全时段按遮挡计损仍满足双向预算
T019,巡航,9087.31020138153,9107.258632612955,中继,R009,1292,PASS,worst_obstruction_endpoint_distance,0.682072816606933,1833.0956104889353,True,,端点最大距离且全时段按遮挡计损仍满足双向预算
T019,巡航,9107.258632612955,9127.20706384438,中继,R008,1293,PASS,worst_obstruction_endpoint_distance,0.7935438880098502,1809.720741284462,True,,端点最大距离且全时段按遮挡计损仍满足双向预算
T019,巡航,9127.20706384438,9147.155495075804,中继,R008,1294,PASS,worst_obstruction_endpoint_distance,2.18622543639502,1541.6205343153074,True,,端点最大距离且全时段按遮挡计损仍满足双向预算
T019,巡航,9147.155495075804,9167.103926307229,中继,R008,1295,PASS,worst_obstruction_endpoint_distance,3.752100501082751,1287.3117497629592,True,,端点最大距离且全时段按遮挡计损仍满足双向预算
T019,巡航,9167.103926307229,9187.052357538654,中继,R008,1296,PASS,worst_obstruction_endpoint_distance,5.465934903575743,1056.7980739955074,True,,端点最大距离且全时段按遮挡计损仍满足双向预算
T019,巡航,9187.052357538654,9207.00078877008,中继,R008,1297,PASS,worst_obstruction_endpoint_distance,7.163167460360086,869.2213505149701,True,,端点最大距离且全时段按遮挡计损仍满足双向预算
T019,巡航,9207.00078877008,9226.949220001505,中继,R008,1298,PASS,worst_obstruction_endpoint_distance,8.361635307260357,757.1937018024331,True,,端点最大距离且全时段按遮挡计损仍满足双向预算
T019,巡航,9226.949220001505,9246.897651232928,中继,R008,1299,PASS,worst_obstruction_endpoint_distance,7.2174888770571215,863.8022171589038,True,,端点最大距离且全时段按遮挡计损仍满足双向预算
T019,巡航,9246.897651232928,9266.846082464353,中继,R008,1300,PASS,worst_obstruction_endpoint_distance,5.527232666505114,1049.3663291862797,True,,端点最大距离且全时段按遮挡计损仍满足双向预算
T019,巡航,9266.846082464353,9286.794513695779,中继,R008,1301,PASS,worst_obstruction_endpoint_distance,3.809912144193447,1278.77209625438,True,,端点最大距离且全时段按遮挡计损仍满足双向预算
T019,巡航,9286.794513695779,9306.742944927204,中继,R008,1302,PASS,worst_obstruction_endpoint_distance,2.238018545490135,1532.4553547674145,True,,端点最大距离且全时段按遮挡计损仍满足双向预算
T019,巡航,9306.742944927204,9326.69137615863,中继,R008,1303,PASS,worst_obstruction_endpoint_distance,0.8394489047696396,1800.181577902523,True,,端点最大距离且全时段按遮挡计损仍满足双向预算
T019,下降,9326.69137615863,9343.69293153786,中继,R008,1304,PASS,worst_obstruction_endpoint_distance,0.8284758755184782,1802.4572144371423,True,,端点最大距离且全时段按遮挡计损仍满足双向预算
T019,下降,9343.69293153786,9360.694486917091,中继,R008,1305,PASS,worst_obstruction_endpoint_distance,0.8144482146368262,1805.3705241351126,True,,端点最大距离且全时段按遮挡计损仍满足双向预算
T019,下降,9360.694486917091,9377.696042296324,中继,R008,1306,PASS,worst_obstruction_endpoint_distance,0.7973955137346138,1808.9184260319166,True,,端点最大距离且全时段按遮挡计损仍满足双向预算
T019,投送,9377.696042296324,9396.896042296325,中继,R008,1307,PASS,exact_point,0.7973955137346138,1808.9184260319166,,,独立计算 DEM 遮挡、自由空间损耗与双向预算
T019,投送,9396.896042296325,9416.096042296324,中继,R008,1308,PASS,exact_point,0.7973955137346138,1808.9184260319166,,,独立计算 DEM 遮挡、自由空间损耗与双向预算
T019,投送,9416.096042296324,9435.296042296324,中继,R008,1309,PASS,exact_point,0.7973955137346138,1808.9184260319166,,,独立计算 DEM 遮挡、自由空间损耗与双向预算
T019,投送,9435.296042296324,9454.496042296323,中继,R008,1310,PASS,exact_point,0.7973955137346138,1808.9184260319166,,,独立计算 DEM 遮挡、自由空间损耗与双向预算
T019,投送,9454.496042296323,9473.696042296324,中继,R008,1311,PASS,exact_point,0.7973955137346138,1808.9184260319166,,,独立计算 DEM 遮挡、自由空间损耗与双向预算
T019,投送,9473.696042296324,9492.896042296325,中继,R008,1312,PASS,exact_point,0.7973955137346138,1808.9184260319166,,,独立计算 DEM 遮挡、自由空间损耗与双向预算
T019,投送,9492.896042296325,9512.096042296324,中继,R008,1313,PASS,exact_point,0.7973955137346138,1808.9184260319166,,,独立计算 DEM 遮挡、自由空间损耗与双向预算
T019,投送,9512.096042296324,9531.296042296324,中继,R008,1314,PASS,exact_point,0.7973955137346138,1808.9184260319166,,,独立计算 DEM 遮挡、自由空间损耗与双向预算
T019,投送,9531.296042296324,9550.496042296323,中继,R008,1315,PASS,exact_point,0.7973955137346138,1808.9184260319166,,,独立计算 DEM 遮挡、自由空间损耗与双向预算
T019,投送,9550.496042296323,9569.696042296324,中继,R008,1316,PASS,exact_point,0.7973955137346138,1808.9184260319166,,,独立计算 DEM 遮挡、自由空间损耗与双向预算
T019,投送,9569.696042296324,9588.896042296325,中继,R008,1317,PASS,exact_point,0.7973955137346138,1808.9184260319166,,,独立计算 DEM 遮挡、自由空间损耗与双向预算
T019,投送,9588.896042296325,9608.096042296324,中继,R008,1318,PASS,exact_point,0.7973955137346138,1808.9184260319166,,,独立计算 DEM 遮挡、自由空间损耗与双向预算
T019,投送,9608.096042296324,9627.296042296324,中继,R008,1319,PASS,exact_point,0.7973955137346138,1808.9184260319166,,,独立计算 DEM 遮挡、自由空间损耗与双向预算
T019,投送,9627.296042296324,9646.496042296323,中继,R008,1320,PASS,exact_point,0.7973955137346138,1808.9184260319166,,,独立计算 DEM 遮挡、自由空间损耗与双向预算
T019,投送,9646.496042296323,9665.696042296324,中继,R008,1321,PASS,exact_point,0.7973955137346138,1808.9184260319166,,,独立计算 DEM 遮挡、自由空间损耗与双向预算
T019,爬升,9665.696042296324,9679.297286599709,中继,R008,1322,PASS,worst_obstruction_endpoint_distance,0.7973955137346138,1808.9184260319166,True,,端点最大距离且全时段按遮挡计损仍满足双向预算
T019,爬升,9679.297286599709,9692.898530903094,中继,R008,1323,PASS,worst_obstruction_endpoint_distance,0.8144482146368262,1805.370524135113,True,,端点最大距离且全时段按遮挡计损仍满足双向预算
T019,爬升,9692.898530903094,9706.499775206481,中继,R008,1324,PASS,worst_obstruction_endpoint_distance,0.8284758755184782,1802.4572144371425,True,,端点最大距离且全时段按遮挡计损仍满足双向预算
T019,巡航,9706.499775206481,9726.448206437904,中继,R008,1325,PASS,worst_obstruction_endpoint_distance,0.8394489047696396,1800.181577902523,True,,端点最大距离且全时段按遮挡计损仍满足双向预算
T019,巡航,9726.448206437904,9746.39663766933,中继,R008,1326,PASS,worst_obstruction_endpoint_distance,2.238018545490135,1532.4553547674145,True,,端点最大距离且全时段按遮挡计损仍满足双向预算
T019,巡航,9746.39663766933,9766.345068900755,中继,R008,1327,PASS,worst_obstruction_endpoint_distance,3.809912144193447,1278.77209625438,True,,端点最大距离且全时段按遮挡计损仍满足双向预算
T019,巡航,9766.345068900755,9786.29350013218,中继,R008,1328,PASS,worst_obstruction_endpoint_distance,5.527232666505114,1049.3663291862797,True,,端点最大距离且全时段按遮挡计损仍满足双向预算
T019,巡航,9786.29350013218,9806.241931363606,中继,R008,1329,PASS,worst_obstruction_endpoint_distance,7.2174888770571215,863.8022171589038,True,,端点最大距离且全时段按遮挡计损仍满足双向预算
T019,巡航,9806.241931363606,9826.190362595029,中继,R008,1330,PASS,worst_obstruction_endpoint_distance,8.361635307260357,757.1937018024331,True,,端点最大距离且全时段按遮挡计损仍满足双向预算
T019,巡航,9826.190362595029,9846.138793826454,中继,R008,1331,PASS,worst_obstruction_endpoint_distance,7.163167460360086,869.2213505149701,True,,端点最大距离且全时段按遮挡计损仍满足双向预算
T019,巡航,9846.138793826454,9866.08722505788,中继,R008,1332,PASS,worst_obstruction_endpoint_distance,5.465934903575743,1056.7980739955074,True,,端点最大距离且全时段按遮挡计损仍满足双向预算
T019,巡航,9866.08722505788,9886.035656289305,中继,R008,1333,PASS,worst_obstruction_endpoint_distance,3.752100501082751,1287.3117497629592,True,,端点最大距离且全时段按遮挡计损仍满足双向预算
T019,巡航,9886.035656289305,9905.98408752073,中继,R008,1334,PASS,worst_obstruction_endpoint_distance,2.18622543639502,1541.6205343153074,True,,端点最大距离且全时段按遮挡计损仍满足双向预算
T019,巡航,9905.98408752073,9925.932518752154,中继,R008,1335,PASS,worst_obstruction_endpoint_distance,0.7935438880098502,1809.720741284462,True,,端点最大距离且全时段按遮挡计损仍满足双向预算
T019,巡航,9925.932518752154,9945.880949983579,中继,R009,1336,PASS,worst_obstruction_endpoint_distance,0.682072816606933,1833.0956104889353,True,,端点最大距离且全时段按遮挡计损仍满足双向预算
T019,巡航,9945.880949983579,9965.829381215004,中继,R009,1337,PASS,worst_obstruction_endpoint_distance,1.871524577405495,1598.4995907465093,True,,端点最大距离且全时段按遮挡计损仍满足双向预算
T019,巡航,9965.829381215004,9985.77781244643,中继,R009,1338,PASS,worst_obstruction_endpoint_distance,3.0919231118517416,1388.9691590915174,True,,端点最大距离且全时段按遮挡计损仍满足双向预算
T019,巡航,9985.77781244643,10005.726243677855,直连,,1339,PASS,worst_obstruction_endpoint_distance,0.1323753731121542,3896.45791298493,True,,端点最大距离且全时段按遮挡计损仍满足双向预算
T019,巡航,10005.726243677855,10025.674674909278,直连,,1340,PASS,worst_obstruction_endpoint_distance,0.8250994230448754,3597.773239354705,True,,端点最大距离且全时段按遮挡计损仍满足双向预算
T019,巡航,10025.674674909278,10045.623106140703,直连,,1341,PASS,worst_obstruction_endpoint_distance,1.5776371600474448,3299.186756586918,True,,端点最大距离且全时段按遮挡计损仍满足双向预算
T019,巡航,10045.623106140703,10065.571537372129,直连,,1342,PASS,worst_obstruction_endpoint_distance,2.401243199064254,3000.7277761782934,True,,端点最大距离且全时段按遮挡计损仍满足双向预算
T019,巡航,10065.571537372129,10085.519968603554,直连,,1343,PASS,worst_obstruction_endpoint_distance,3.3106586402651743,2702.4385427766797,True,,端点最大距离且全时段按遮挡计损仍满足双向预算
T019,巡航,10085.519968603554,10105.468399834977,直连,,1344,PASS,worst_obstruction_endpoint_distance,4.325704959757758,2404.3822339864455,True,,端点最大距离且全时段按遮挡计损仍满足双向预算
T019,巡航,10105.468399834977,10125.416831066403,直连,,1345,PASS,worst_obstruction_endpoint_distance,5.473895595477202,2106.657716764186,True,,端点最大距离且全时段按遮挡计损仍满足双向预算
T019,巡航,10125.416831066403,10145.365262297828,直连,,1346,PASS,worst_obstruction_endpoint_distance,6.794945300204006,1809.428778084995,True,,端点最大距离且全时段按遮挡计损仍满足双向预算
T019,巡航,10145.365262297828,10165.313693529253,直连,,1347,PASS,worst_obstruction_endpoint_distance,8.349068263577223,1512.9875178566108,True,,端点最大距离且全时段按遮挡计损仍满足双向预算
T019,巡航,10165.313693529253,10185.262124760677,直连,,1348,PASS,worst_obstruction_endpoint_distance,10.233476665807785,1217.9092389358796,True,,端点最大距离且全时段按遮挡计损仍满足双向预算
T019,巡航,10185.262124760677,10205.210555992102,直连,,1349,PASS,worst_obstruction_endpoint_distance,12.618260351929706,925.4985457841007,True,,端点最大距离且全时段按遮挡计损仍满足双向预算
T019,巡航,10205.210555992102,10225.158987223527,直连,,1350,PASS,worst_obstruction_endpoint_distance,15.829974101692486,639.4256493755012,True,,端点最大距离且全时段按遮挡计损仍满足双向预算
T019,巡航,10225.158987223527,10245.107418454952,直连,,1351,PASS,worst_obstruction_endpoint_distance,20.476569260061567,374.5073067081198,True,,端点最大距离且全时段按遮挡计损仍满足双向预算
T019,下降,10245.107418454952,10262.622370760337,直连,,1352,PASS,worst_obstruction_endpoint_distance,24.894047506859238,225.20933227539103,True,,端点最大距离且全时段按遮挡计损仍满足双向预算
T019,下降,10262.622370760337,10280.137323065723,直连,,1353,PASS,worst_obstruction_endpoint_distance,26.362504444229103,190.17942766462244,True,,端点最大距离且全时段按遮挡计损仍满足双向预算
T019,下降,10280.137323065723,10297.652275371107,直连,,1354,PASS,worst_obstruction_endpoint_distance,28.130766268672517,155.14952305385026,True,,端点最大距离且全时段按遮挡计损仍满足双向预算
T019,下降,10297.652275371107,10315.167227676493,直连,,1355,PASS,worst_obstruction_endpoint_distance,30.35349628569311,120.1196184430816,True,,端点最大距离且全时段按遮挡计损仍满足双向预算
T019,下降,10315.167227676493,10332.682179981877,直连,,1356,PASS,worst_obstruction_endpoint_distance,33.348233904351076,85.08971383230943,True,,端点最大距离且全时段按遮挡计损仍满足双向预算
T019,下降,10332.682179981877,10350.197132287263,直连,,1357,PASS,worst_obstruction_endpoint_distance,37.955991362277445,50.0598092215408,True,,端点最大距离且全时段按遮挡计损仍满足双向预算
T019,下降,10350.197132287263,10367.712084592647,直连,,1358,PASS,worst_obstruction_endpoint_distance,45.92517525248826,20.0,True,,端点最大距离且全时段按遮挡计损仍满足双向预算
T020,爬升,11061.0,11079.035944417317,直连,,1359,PASS,worst_obstruction_endpoint_distance,43.95581004493437,25.08986104329358,True,,端点最大距离且全时段按遮挡计损仍满足双向预算
T020,爬升,11079.035944417317,11097.071888834635,直连,,1360,PASS,worst_obstruction_endpoint_distance,35.02154228444705,70.17972208658716,True,,端点最大距离且全时段按遮挡计损仍满足双向预算
T020,爬升,11097.071888834635,11115.107833251954,直连,,1361,PASS,worst_obstruction_endpoint_distance,30.71148071485723,115.26958312988529,True,,端点最大距离且全时段按遮挡计损仍满足双向预算
T020,爬升,11115.107833251954,11133.143777669271,直连,,1362,PASS,worst_obstruction_endpoint_distance,27.843884320576308,160.35944417317887,True,,端点最大距离且全时段按遮挡计损仍满足双向预算
T020,爬升,11133.143777669271,11151.179722086588,直连,,1363,PASS,worst_obstruction_endpoint_distance,25.691681627493438,205.44930521647245,True,,端点最大距离且全时段按遮挡计损仍满足双向预算
T020,爬升,11151.179722086588,11169.215666503906,直连,,1364,PASS,worst_obstruction_endpoint_distance,23.968262608738172,250.53916625976603,True,,端点最大距离且全时段按遮挡计损仍满足双向预算
T020,巡航,11169.215666503906,11188.99702356786,直连,,1365,PASS,worst_obstruction_endpoint_distance,20.16139188232583,388.3462932369524,True,,端点最大距离且全时段按遮挡计损仍满足双向预算
T020,巡航,11188.99702356786,11208.778380631813,直连,,1366,PASS,worst_obstruction_endpoint_distance,15.765903798404153,644.1597258386764,True,,端点最大距离且全时段按遮挡计损仍满足双向预算
T020,巡航,11208.778380631813,11228.559737695767,直连,,1367,PASS,worst_obstruction_endpoint_distance,12.62531864366639,924.7467764723526,True,,端点最大距离且全时段按遮挡计损仍满足双向预算
T020,巡航,11228.559737695767,11248.34109475972,直连,,1368,PASS,worst_obstruction_endpoint_distance,10.268298266887285,1213.0364331213775,True,,端点最大距离且全时段按遮挡计损仍满足双向预算
T020,巡航,11248.34109475972,11268.122451823674,直连,,1369,PASS,worst_obstruction_endpoint_distance,8.39730997944396,1504.6076282027716,True,,端点最大距离且全时段按遮挡计损仍满足双向预算
T020,巡航,11268.122451823674,11287.903808887628,直连,,1370,PASS,worst_obstruction_endpoint_distance,6.850635996686719,1797.864505710022,True,,端点最大距离且全时段按遮挡计损仍满足双向预算
T020,巡航,11287.903808887628,11307.685165951581,直连,,1371,PASS,worst_obstruction_endpoint_distance,5.5341333456205035,2092.098321356043,True,,端点最大距离且全时段按遮挡计损仍满足双向预算
T020,巡航,11307.685165951581,11327.466523015535,直连,,1372,PASS,worst_obstruction_endpoint_distance,4.388916634906977,2386.947827420809,True,,端点最大距离且全时段按遮挡计损仍满足双向预算
T020,巡航,11327.466523015535,11347.247880079489,直连,,1373,PASS,worst_obstruction_endpoint_distance,3.375919660747627,2682.209987066719,True,,端点最大距离且全时段按遮挡计损仍满足双向预算
T020,巡航,11347.247880079489,11367.029237143443,直连,,1374,PASS,worst_obstruction_endpoint_distance,2.4679753448875914,2977.7620519260295,True,,端点最大距离且全时段按遮挡计损仍满足双向预算
T020,巡航,11367.029237143443,11386.810594207396,直连,,1375,PASS,worst_obstruction_endpoint_distance,1.645460598805812,3273.5255001824776,True,,端点最大距离且全时段按遮挡计损仍满足双向预算
T020,巡航,11386.810594207396,11406.59195127135,直连,,1376,PASS,worst_obstruction_endpoint_distance,0.8937544946891762,3569.447786713983,True,,端点最大距离且全时段按遮挡计损仍满足双向预算
T020,巡航,11406.59195127135,11426.373308335304,直连,,1377,PASS,worst_obstruction_endpoint_distance,0.20167861880452165,3865.492432161046,True,,端点最大距离且全时段按遮挡计损仍满足双向预算
T020,巡航,11426.373308335304,11446.154665399257,中继,R009,1378,PASS,worst_obstruction_endpoint_distance,8.915498169436432,710.4178251369547,True,,端点最大距离且全时段按遮挡计损仍满足双向预算
T020,巡航,11446.154665399257,11465.936022463211,中继,R009,1379,PASS,worst_obstruction_endpoint_distance,5.919360757851777,1003.0456998430258,True,,端点最大距离且全时段按遮挡计损仍满足双向预算
T020,巡航,11465.936022463211,11485.717379527165,中继,R010,1380,PASS,worst_obstruction_endpoint_distance,1.1822934545150332,1730.5098895948163,True,,端点最大距离且全时段按遮挡计损仍满足双向预算
T020,巡航,11485.717379527165,11505.498736591118,中继,R010,1381,PASS,worst_obstruction_endpoint_distance,2.6566685908716607,1460.3445316030322,True,,端点最大距离且全时段按遮挡计损仍满足双向预算
T020,巡航,11505.498736591118,11525.280093655072,中继,R010,1382,PASS,worst_obstruction_endpoint_distance,4.342189196152603,1202.7608919742308,True,,端点最大距离且全时段按遮挡计损仍满足双向预算
T020,巡航,11525.280093655072,11545.061450719026,中继,R010,1383,PASS,worst_obstruction_endpoint_distance,6.2295505971015785,967.8570735510274,True,,端点最大距离且全时段按遮挡计损仍满足双向预算
T020,巡航,11545.061450719026,11564.842807782978,中继,R010,1384,PASS,worst_obstruction_endpoint_distance,8.142985179115655,776.4964943028336,True,,端点最大距离且全时段按遮挡计损仍满足双向预算
T020,巡航,11564.842807782978,11584.624164846933,中继,R010,1385,PASS,worst_obstruction_endpoint_distance,9.284307120016436,680.884428659859,True,,端点最大距离且全时段按遮挡计损仍满足双向预算
T020,巡航,11584.624164846933,11604.405521910885,中继,R010,1386,PASS,worst_obstruction_endpoint_distance,7.763114203242196,811.2095375899913,True,,端点最大距离且全时段按遮挡计损仍满足双向预算
T020,巡航,11604.405521910885,11624.186878974839,中继,R010,1387,PASS,worst_obstruction_endpoint_distance,5.823292393859333,1014.2012432664313,True,,端点最大距离且全时段按遮挡计损仍满足双向预算
T020,巡航,11624.186878974839,11643.968236038792,中继,R010,1388,PASS,worst_obstruction_endpoint_distance,3.972326189488726,1255.0830048611574,True,,端点最大距离且全时段按遮挡计损仍满足双向预算
T020,巡航,11643.968236038792,11663.749593102746,中继,R010,1389,PASS,worst_obstruction_endpoint_distance,2.332372298245758,1515.8985703600583,True,,端点最大距离且全时段按遮挡计损仍满足双向预算
T020,巡航,11663.749593102746,11683.5309501667,中继,R010,1390,PASS,worst_obstruction_endpoint_distance,0.898689050269013,1787.9456203784741,True,,端点最大距离且全时段按遮挡计损仍满足双向预算
T020,下降,11683.5309501667,11700.524866792677,中继,R010,1391,PASS,worst_obstruction_endpoint_distance,0.898689050269013,1787.9456203784741,True,,端点最大距离且全时段按遮挡计损仍满足双向预算
T020,下降,11700.524866792677,11717.518783418654,中继,R010,1392,PASS,worst_obstruction_endpoint_distance,0.8956419286066932,1788.572964703502,True,,端点最大距离且全时段按遮挡计损仍满足双向预算
T020,下降,11717.518783418654,11734.51270004463,中继,R010,1393,PASS,worst_obstruction_endpoint_distance,0.8894185845246483,1789.85491669426,True,,端点最大距离且全时段按遮挡计损仍满足双向预算
T020,下降,11734.51270004463,11751.506616670607,中继,R010,1394,PASS,worst_obstruction_endpoint_distance,0.8800777219128975,1791.7807737497585,True,,端点最大距离且全时段按遮挡计损仍满足双向预算
T020,下降,11751.506616670607,11768.500533296583,中继,R010,1395,PASS,worst_obstruction_endpoint_distance,0.8676394275048551,1794.3484625797396,True,,端点最大距离且全时段按遮挡计损仍满足双向预算
T020,投送,11768.500533296583,11787.559356825996,中继,R010,1396,PASS,exact_point,0.8676394275048551,1794.3484625797396,,,独立计算 DEM 遮挡、自由空间损耗与双向预算
T020,投送,11787.559356825996,11806.618180355406,中继,R010,1397,PASS,exact_point,0.8676394275048551,1794.3484625797396,,,独立计算 DEM 遮挡、自由空间损耗与双向预算
T020,投送,11806.618180355406,11825.677003884819,中继,R010,1398,PASS,exact_point,0.8676394275048551,1794.3484625797396,,,独立计算 DEM 遮挡、自由空间损耗与双向预算
T020,投送,11825.677003884819,11844.73582741423,中继,R010,1399,PASS,exact_point,0.8676394275048551,1794.3484625797396,,,独立计算 DEM 遮挡、自由空间损耗与双向预算
T020,投送,11844.73582741423,11863.794650943642,中继,R010,1400,PASS,exact_point,0.8676394275048551,1794.3484625797396,,,独立计算 DEM 遮挡、自由空间损耗与双向预算
T020,投送,11863.794650943642,11882.853474473053,中继,R010,1401,PASS,exact_point,0.8676394275048551,1794.3484625797396,,,独立计算 DEM 遮挡、自由空间损耗与双向预算
T020,投送,11882.853474473053,11901.912298002466,中继,R010,1402,PASS,exact_point,0.8676394275048551,1794.3484625797396,,,独立计算 DEM 遮挡、自由空间损耗与双向预算
T020,投送,11901.912298002466,11920.971121531878,中继,R010,1403,PASS,exact_point,0.8676394275048551,1794.3484625797396,,,独立计算 DEM 遮挡、自由空间损耗与双向预算
T020,投送,11920.971121531878,11940.02994506129,中继,R010,1404,PASS,exact_point,0.8676394275048551,1794.3484625797396,,,独立计算 DEM 遮挡、自由空间损耗与双向预算
T020,投送,11940.02994506129,11959.0887685907,中继,R010,1405,PASS,exact_point,0.8676394275048551,1794.3484625797396,,,独立计算 DEM 遮挡、自由空间损耗与双向预算
T020,投送,11959.0887685907,11978.147592120113,中继,R010,1406,PASS,exact_point,0.8676394275048551,1794.3484625797396,,,独立计算 DEM 遮挡、自由空间损耗与双向预算
T020,投送,11978.147592120113,11997.206415649525,中继,R010,1407,PASS,exact_point,0.8676394275048551,1794.3484625797396,,,独立计算 DEM 遮挡、自由空间损耗与双向预算
T020,投送,11997.206415649525,12016.265239178936,中继,R010,1408,PASS,exact_point,0.8676394275048551,1794.3484625797396,,,独立计算 DEM 遮挡、自由空间损耗与双向预算
T020,投送,12016.265239178936,12035.324062708349,中继,R010,1409,PASS,exact_point,0.8676394275048551,1794.3484625797396,,,独立计算 DEM 遮挡、自由空间损耗与双向预算
T020,投送,12035.324062708349,12054.38288623776,中继,R010,1410,PASS,exact_point,0.8676394275048551,1794.3484625797396,,,独立计算 DEM 遮挡、自由空间损耗与双向预算
T020,投送,12054.38288623776,12073.441709767172,中继,R010,1411,PASS,exact_point,0.8676394275048551,1794.3484625797396,,,独立计算 DEM 遮挡、自由空间损耗与双向预算
T020,投送,12073.441709767172,12092.500533296583,中继,R010,1412,PASS,exact_point,0.8676394275048551,1794.3484625797396,,,独立计算 DEM 遮挡、自由空间损耗与双向预算
T020,爬升,12092.500533296583,12109.49444992256,中继,R010,1413,PASS,worst_obstruction_endpoint_distance,0.8676394275048551,1794.3484625797396,True,,端点最大距离且全时段按遮挡计损仍满足双向预算
T020,爬升,12109.49444992256,12126.488366548536,中继,R010,1414,PASS,worst_obstruction_endpoint_distance,0.8827042188623437,1791.2390450987825,True,,端点最大距离且全时段按遮挡计损仍满足双向预算
T020,爬升,12126.488366548536,12143.482283174513,中继,R010,1415,PASS,worst_obstruction_endpoint_distance,0.8929209434806467,1789.1333497643923,True,,端点最大距离且全时段按遮挡计损仍满足双向预算
T020,爬升,12143.482283174513,12160.47619980049,中继,R010,1416,PASS,worst_obstruction_endpoint_distance,0.8982552279019416,1788.0349227072004,True,,端点最大距离且全时段按遮挡计损仍满足双向预算
T020,巡航,12160.47619980049,12180.257556864444,中继,R010,1417,PASS,worst_obstruction_endpoint_distance,0.898689050269013,1787.9456203784741,True,,端点最大距离且全时段按遮挡计损仍满足双向预算
T020,巡航,12180.257556864444,12200.038913928398,中继,R010,1418,PASS,worst_obstruction_endpoint_distance,2.332372298245758,1515.8985703600583,True,,端点最大距离且全时段按遮挡计损仍满足双向预算
T020,巡航,12200.038913928398,12219.82027099235,中继,R010,1419,PASS,worst_obstruction_endpoint_distance,3.972326189488726,1255.0830048611574,True,,端点最大距离且全时段按遮挡计损仍满足双向预算
T020,巡航,12219.82027099235,12239.601628056305,中继,R010,1420,PASS,worst_obstruction_endpoint_distance,5.823292393859333,1014.2012432664313,True,,端点最大距离且全时段按遮挡计损仍满足双向预算
T020,巡航,12239.601628056305,12259.382985120257,中继,R010,1421,PASS,worst_obstruction_endpoint_distance,7.763114203242196,811.2095375899913,True,,端点最大距离且全时段按遮挡计损仍满足双向预算
T020,巡航,12259.382985120257,12279.16434218421,中继,R010,1422,PASS,worst_obstruction_endpoint_distance,9.284307120016436,680.884428659859,True,,端点最大距离且全时段按遮挡计损仍满足双向预算
T020,巡航,12279.16434218421,12298.945699248165,中继,R010,1423,PASS,worst_obstruction_endpoint_distance,8.142985179115655,776.4964943028336,True,,端点最大距离且全时段按遮挡计损仍满足双向预算
T020,巡航,12298.945699248165,12318.727056312118,中继,R010,1424,PASS,worst_obstruction_endpoint_distance,6.2295505971015785,967.8570735510274,True,,端点最大距离且全时段按遮挡计损仍满足双向预算
T020,巡航,12318.727056312118,12338.508413376072,中继,R010,1425,PASS,worst_obstruction_endpoint_distance,4.342189196152603,1202.7608919742308,True,,端点最大距离且全时段按遮挡计损仍满足双向预算
T020,巡航,12338.508413376072,12358.289770440026,中继,R009,1426,PASS,worst_obstruction_endpoint_distance,1.9022745718798433,1592.850549555853,True,,端点最大距离且全时段按遮挡计损仍满足双向预算
T020,巡航,12358.289770440026,12378.07112750398,中继,R009,1427,PASS,worst_obstruction_endpoint_distance,3.683401975513803,1297.533739429142,True,,端点最大距离且全时段按遮挡计损仍满足双向预算
T020,巡航,12378.07112750398,12397.852484567933,中继,R009,1428,PASS,worst_obstruction_endpoint_distance,5.919360757851777,1003.0456998430258,True,,端点最大距离且全时段按遮挡计损仍满足双向预算
T020,巡航,12397.852484567933,12417.633841631887,中继,R009,1429,PASS,worst_obstruction_endpoint_distance,8.915498169436432,710.4178251369547,True,,端点最大距离且全时段按遮挡计损仍满足双向预算
T020,巡航,12417.633841631887,12437.41519869584,直连,,1430,PASS,worst_obstruction_endpoint_distance,0.20167861880453586,3865.4924321610397,True,,端点最大距离且全时段按遮挡计损仍满足双向预算
T020,巡航,12437.41519869584,12457.196555759794,直连,,1431,PASS,worst_obstruction_endpoint_distance,0.8937544946891762,3569.447786713983,True,,端点最大距离且全时段按遮挡计损仍满足双向预算
T020,巡航,12457.196555759794,12476.977912823748,直连,,1432,PASS,worst_obstruction_endpoint_distance,1.645460598805812,3273.5255001824776,True,,端点最大距离且全时段按遮挡计损仍满足双向预算
T020,巡航,12476.977912823748,12496.759269887702,直连,,1433,PASS,worst_obstruction_endpoint_distance,2.4679753448875914,2977.7620519260295,True,,端点最大距离且全时段按遮挡计损仍满足双向预算
T020,巡航,12496.759269887702,12516.540626951655,直连,,1434,PASS,worst_obstruction_endpoint_distance,3.375919660747627,2682.209987066719,True,,端点最大距离且全时段按遮挡计损仍满足双向预算
T020,巡航,12516.540626951655,12536.321984015609,直连,,1435,PASS,worst_obstruction_endpoint_distance,4.388916634906977,2386.947827420809,True,,端点最大距离且全时段按遮挡计损仍满足双向预算
T020,巡航,12536.321984015609,12556.103341079563,直连,,1436,PASS,worst_obstruction_endpoint_distance,5.5341333456205035,2092.098321356043,True,,端点最大距离且全时段按遮挡计损仍满足双向预算
T020,巡航,12556.103341079563,12575.884698143516,直连,,1437,PASS,worst_obstruction_endpoint_distance,6.850635996686719,1797.864505710022,True,,端点最大距离且全时段按遮挡计损仍满足双向预算
T020,巡航,12575.884698143516,12595.66605520747,直连,,1438,PASS,worst_obstruction_endpoint_distance,8.39730997944396,1504.6076282027716,True,,端点最大距离且全时段按遮挡计损仍满足双向预算
T020,巡航,12595.66605520747,12615.447412271424,直连,,1439,PASS,worst_obstruction_endpoint_distance,10.268298266887285,1213.0364331213775,True,,端点最大距离且全时段按遮挡计损仍满足双向预算
T020,巡航,12615.447412271424,12635.228769335377,直连,,1440,PASS,worst_obstruction_endpoint_distance,12.62531864366639,924.7467764723526,True,,端点最大距离且全时段按遮挡计损仍满足双向预算
T020,巡航,12635.228769335377,12655.010126399331,直连,,1441,PASS,worst_obstruction_endpoint_distance,15.765903798404153,644.1597258386764,True,,端点最大距离且全时段按遮挡计损仍满足双向预算
T020,巡航,12655.010126399331,12674.791483463283,直连,,1442,PASS,worst_obstruction_endpoint_distance,20.16139188233373,388.3462932365988,True,,端点最大距离且全时段按遮挡计损仍满足双向预算
T020,下降,12674.791483463283,12694.115709624695,直连,,1443,PASS,worst_obstruction_endpoint_distance,23.968262608738172,250.53916625976603,True,,端点最大距离且全时段按遮挡计损仍满足双向预算
T020,下降,12694.115709624695,12713.439935786108,直连,,1444,PASS,worst_obstruction_endpoint_distance,25.423536680378206,211.89071393694178,True,,端点最大距离且全时段按遮挡计损仍满足双向预算
T020,下降,12713.439935786108,12732.76416194752,直连,,1445,PASS,worst_obstruction_endpoint_distance,27.17269827277154,173.24226161411758,True,,端点最大距离且全时段按遮挡计损仍满足双向预算
T020,下降,12732.76416194752,12752.088388108932,直连,,1446,PASS,worst_obstruction_endpoint_distance,29.365273470603228,134.59380929129333,True,,端点最大距离且全时段按遮挡计损仍满足双向预算
T020,下降,12752.088388108932,12771.412614270343,直连,,1447,PASS,worst_obstruction_endpoint_distance,32.30529590570602,95.9453569684691,True,,端点最大距离且全时段按遮挡计损仍满足双向预算
T020,下降,12771.412614270343,12790.736840431755,直连,,1448,PASS,worst_obstruction_endpoint_distance,36.783151952118246,57.29690464564848,True,,端点最大距离且全时段按遮挡计损仍满足双向预算
T020,下降,12790.736840431755,12810.061066593167,直连,,1449,PASS,worst_obstruction_endpoint_distance,45.92517525248826,20.0,True,,端点最大距离且全时段按遮挡计损仍满足双向预算
T021,爬升,13145.0,13163.125425415039,直连,,1450,PASS,worst_obstruction_endpoint_distance,43.878709413313516,25.31356353759776,True,,端点最大距离且全时段按遮挡计损仍满足双向预算
T021,爬升,13163.125425415039,13181.250850830078,直连,,1451,PASS,worst_obstruction_endpoint_distance,34.966344352585295,70.62712707519552,True,,端点最大距离且全时段按遮挡计损仍满足双向预算
T021,爬升,13181.250850830078,13199.376276245117,直连,,1452,PASS,worst_obstruction_endpoint_distance,30.66105750651289,115.94069061279328,True,,端点最大距离且全时段按遮挡计损仍满足双向预算
T021,爬升,13199.376276245117,13217.501701660156,直连,,1453,PASS,worst_obstruction_endpoint_distance,27.79555154865507,161.25425415039103,True,,端点最大距离且全时段按遮挡计损仍满足双向预算
T021,巡航,13217.501701660156,13237.265188883523,直连,,1454,PASS,worst_obstruction_endpoint_distance,21.381037235701385,337.4713404244718,True,,端点最大距离且全时段按遮挡计损仍满足双向预算
T021,巡航,13237.265188883523,13257.02867610689,直连,,1455,PASS,worst_obstruction_endpoint_distance,16.17615903644753,614.4418760035281,True,,端点最大距离且全时段按遮挡计损仍满足双向预算
T021,巡航,13257.02867610689,13276.792163330254,直连,,1456,PASS,worst_obstruction_endpoint_distance,12.823774280234389,903.8576628091926,True,,端点最大距离且全时段按遮挡计损仍满足双向预算
T021,巡航,13276.792163330254,13296.55565055362,直连,,1457,PASS,worst_obstruction_endpoint_distance,10.385900789493661,1196.723223014895,True,,端点最大距离且全时段按遮挡计损仍满足双向预算
T021,巡航,13296.55565055362,13316.319137776987,直连,,1458,PASS,worst_obstruction_endpoint_distance,8.476180856524223,1491.0071135443768,True,,端点最大距离且全时段按遮挡计损仍满足双向预算
T021,巡航,13316.319137776987,13336.082625000352,直连,,1459,PASS,worst_obstruction_endpoint_distance,6.908105372473543,1786.0083692495245,True,,端点最大距离且全时段按遮挡计损仍满足双向预算
T021,巡航,13336.082625000352,13355.846112223719,直连,,1460,PASS,worst_obstruction_endpoint_distance,5.578572376014165,2081.421994615999,True,,端点最大距离且全时段按遮挡计损仍满足双向预算
T021,巡航,13355.846112223719,13375.609599447085,直连,,1461,PASS,worst_obstruction_endpoint_distance,4.424847125248689,2377.0942527732964,True,,端点最大距离且全时段按遮挡计损仍满足双向预算
T021,巡航,13375.609599447085,13395.37308667045,直连,,1462,PASS,worst_obstruction_endpoint_distance,3.4059931797055043,2672.939317626779,True,,端点最大距离且全时段按遮挡计损仍满足双向预算
T021,巡航,13395.37308667045,13415.136573893817,直连,,1463,PASS,worst_obstruction_endpoint_distance,2.4938475922613463,2968.9055301769163,True,,端点最大距离且全时段按遮挡计损仍满足双向预算
T021,巡航,13415.136573893817,13434.900061117183,直连,,1464,PASS,worst_obstruction_endpoint_distance,1.6682180133278024,3264.9599447416617,True,,端点最大距离且全时段按遮挡计损仍满足双向预算
T021,巡航,13434.900061117183,13454.663548340548,直连,,1465,PASS,worst_obstruction_endpoint_distance,0.9141391873638156,3561.0805630696686,True,,端点最大距离且全时段按遮挡计损仍满足双向预算
T021,巡航,13454.663548340548,13474.427035563915,直连,,1466,PASS,worst_obstruction_endpoint_distance,0.2202145974620322,3857.2521378350943,True,,端点最大距离且全时段按遮挡计损仍满足双向预算
T021,巡航,13474.427035563915,13494.190522787281,中继,R009,1467,PASS,worst_obstruction_endpoint_distance,3.1902901747111656,1373.327920385654,True,,端点最大距离且全时段按遮挡计损仍满足双向预算
T021,巡航,13494.190522787281,13513.954010010648,中继,R009,1468,PASS,worst_obstruction_endpoint_distance,1.9929821229465432,1576.302818669969,True,,端点最大距离且全时段按遮挡计损仍满足双向预算
T021,巡航,13513.954010010648,13533.717497234013,中继,R010,1469,PASS,worst_obstruction_endpoint_distance,0.3274126863918241,1909.493234498787,True,,端点最大距离且全时段按遮挡计损仍满足双向预算
T021,巡航,13533.717497234013,13553.48098445738,中继,R010,1470,PASS,worst_obstruction_endpoint_distance,1.4360947208322727,1680.676092268664,True,,端点最大距离且全时段按遮挡计损仍满足双向预算
T021,巡航,13553.48098445738,13573.244471680746,中继,R010,1471,PASS,worst_obstruction_endpoint_distance,2.563306935974424,1476.125937683773,True,,端点最大距离且全时段按遮挡计损仍满足双向预算
T021,巡航,13573.244471680746,13593.00795890411,中继,R010,1472,PASS,worst_obstruction_endpoint_distance,3.618376436475856,1307.2839718032983,True,,端点最大距离且全时段按遮挡计损仍满足双向预算
T021,巡航,13593.00795890411,13612.771446127477,中继,R010,1473,PASS,worst_obstruction_endpoint_distance,4.438815678014393,1189.4548853229003,True,,端点最大距离且全时段按遮挡计损仍满足双向预算
T021,巡航,13612.771446127477,13632.534933350844,中继,R010,1474,PASS,worst_obstruction_endpoint_distance,4.63045516561175,1163.4989615576476,True,,端点最大距离且全时段按遮挡计损仍满足双向预算
T021,巡航,13632.534933350844,13652.298420574209,中继,R010,1475,PASS,worst_obstruction_endpoint_distance,3.9404295363735997,1259.7004412113652,True,,端点最大距离且全时段按遮挡计损仍满足双向预算
T021,巡航,13652.298420574209,13672.061907797575,中继,R010,1476,PASS,worst_obstruction_endpoint_distance,2.944760546806293,1412.7025560547086,True,,端点最大距离且全时段按遮挡计损仍满足双向预算
T021,巡航,13672.061907797575,13691.825395020942,中继,R010,1477,PASS,worst_obstruction_endpoint_distance,1.828938891175639,1606.356051574889,True,,端点最大距离且全时段按遮挡计损仍满足双向预算
T021,巡航,13691.825395020942,13711.588882244308,中继,R010,1478,PASS,worst_obstruction_endpoint_distance,0.7072717488756552,1827.7852606998913,True,,端点最大距离且全时段按遮挡计损仍满足双向预算
T021,下降,13711.588882244308,13726.497924602707,中继,R010,1479,PASS,worst_obstruction_endpoint_distance,0.7005547322398371,1829.199279631382,True,,端点最大距离且全时段按遮挡计损仍满足双向预算
T021,下降,13726.497924602707,13741.406966961105,中继,R010,1480,PASS,worst_obstruction_endpoint_distance,0.6915441764365937,1831.0978363617057,True,,端点最大距离且全时段按遮挡计损仍满足双向预算
T021,下降,13741.406966961105,13756.316009319504,中继,R010,1481,PASS,worst_obstruction_endpoint_distance,0.6802543476529763,1833.4794256837,True,,端点最大距离且全时段按遮挡计损仍满足双向预算
T021,投送,13756.316009319504,13776.116009319503,中继,R010,1482,PASS,exact_point,10.680254347652976,1833.4794256837,,,独立计算 DEM 遮挡、自由空间损耗与双向预算
T021,投送,13776.116009319503,13795.916009319502,中继,R010,1483,PASS,exact_point,10.680254347652976,1833.4794256837,,,独立计算 DEM 遮挡、自由空间损耗与双向预算
T021,投送,13795.916009319502,13815.716009319503,中继,R010,1484,PASS,exact_point,10.680254347652976,1833.4794256837,,,独立计算 DEM 遮挡、自由空间损耗与双向预算
T021,投送,13815.716009319503,13835.516009319503,中继,R010,1485,PASS,exact_point,10.680254347652976,1833.4794256837,,,独立计算 DEM 遮挡、自由空间损耗与双向预算
T021,投送,13835.516009319503,13855.316009319504,中继,R010,1486,PASS,exact_point,10.680254347652976,1833.4794256837,,,独立计算 DEM 遮挡、自由空间损耗与双向预算
T021,投送,13855.316009319504,13875.116009319503,中继,R010,1487,PASS,exact_point,10.680254347652976,1833.4794256837,,,独立计算 DEM 遮挡、自由空间损耗与双向预算
T021,投送,13875.116009319503,13894.916009319502,中继,R010,1488,PASS,exact_point,10.680254347652976,1833.4794256837,,,独立计算 DEM 遮挡、自由空间损耗与双向预算
T021,投送,13894.916009319502,13914.716009319503,中继,R010,1489,PASS,exact_point,10.680254347652976,1833.4794256837,,,独立计算 DEM 遮挡、自由空间损耗与双向预算
T021,投送,13914.716009319503,13934.516009319503,中继,R010,1490,PASS,exact_point,10.680254347652976,1833.4794256837,,,独立计算 DEM 遮挡、自由空间损耗与双向预算
T021,投送,13934.516009319503,13954.316009319504,中继,R010,1491,PASS,exact_point,10.680254347652976,1833.4794256837,,,独立计算 DEM 遮挡、自由空间损耗与双向预算
T021,投送,13954.316009319504,13974.116009319503,中继,R010,1492,PASS,exact_point,10.680254347652976,1833.4794256837,,,独立计算 DEM 遮挡、自由空间损耗与双向预算
T021,投送,13974.116009319503,13993.916009319502,中继,R010,1493,PASS,exact_point,10.680254347652976,1833.4794256837,,,独立计算 DEM 遮挡、自由空间损耗与双向预算
T021,投送,13993.916009319502,14013.716009319503,中继,R010,1494,PASS,exact_point,10.680254347652976,1833.4794256837,,,独立计算 DEM 遮挡、自由空间损耗与双向预算
T021,投送,14013.716009319503,14033.516009319503,中继,R010,1495,PASS,exact_point,10.680254347652976,1833.4794256837,,,独立计算 DEM 遮挡、自由空间损耗与双向预算
T021,投送,14033.516009319503,14053.316009319504,中继,R010,1496,PASS,exact_point,10.680254347652976,1833.4794256837,,,独立计算 DEM 遮挡、自由空间损耗与双向预算
T021,投送,14053.316009319504,14073.116009319503,中继,R010,1497,PASS,exact_point,10.680254347652976,1833.4794256837,,,独立计算 DEM 遮挡、自由空间损耗与双向预算
T021,投送,14073.116009319503,14092.916009319502,中继,R010,1498,PASS,exact_point,10.680254347652976,1833.4794256837,,,独立计算 DEM 遮挡、自由空间损耗与双向预算
T021,投送,14092.916009319502,14112.716009319503,中继,R010,1499,PASS,exact_point,10.680254347652976,1833.4794256837,,,独立计算 DEM 遮挡、自由空间损耗与双向预算
T021,投送,14112.716009319503,14132.516009319503,中继,R010,1500,PASS,exact_point,10.680254347652976,1833.4794256837,,,独立计算 DEM 遮挡、自由空间损耗与双向预算
T021,投送,14132.516009319503,14152.316009319504,中继,R010,1501,PASS,exact_point,10.680254347652976,1833.4794256837,,,独立计算 DEM 遮挡、自由空间损耗与双向预算
T021,爬升,14152.316009319504,14170.206860149581,中继,R010,1502,PASS,worst_obstruction_endpoint_distance,0.6802543476529763,1833.4794256837,True,,端点最大距离且全时段按遮挡计损仍满足双向预算
T021,爬升,14170.206860149581,14188.097710979659,中继,R010,1503,PASS,worst_obstruction_endpoint_distance,0.6963353383625588,1830.088076001316,True,,端点最大距离且全时段按遮挡计损仍满足双向预算
T021,巡航,14188.097710979659,14207.861198203025,中继,R010,1504,PASS,worst_obstruction_endpoint_distance,0.7072717488756552,1827.7852606998913,True,,端点最大距离且全时段按遮挡计损仍满足双向预算
T021,巡航,14207.861198203025,14227.624685426392,中继,R010,1505,PASS,worst_obstruction_endpoint_distance,1.828938891175639,1606.356051574889,True,,端点最大距离且全时段按遮挡计损仍满足双向预算
T021,巡航,14227.624685426392,14247.388172649757,中继,R010,1506,PASS,worst_obstruction_endpoint_distance,2.944760546806293,1412.7025560547086,True,,端点最大距离且全时段按遮挡计损仍满足双向预算
T021,巡航,14247.388172649757,14267.151659873123,中继,R010,1507,PASS,worst_obstruction_endpoint_distance,3.940429536373202,1259.7004412114234,True,,端点最大距离且全时段按遮挡计损仍满足双向预算
T021,巡航,14267.151659873123,14286.91514709649,中继,R010,1508,PASS,worst_obstruction_endpoint_distance,4.63045516561175,1163.4989615576476,True,,端点最大距离且全时段按遮挡计损仍满足双向预算
T021,巡航,14286.91514709649,14306.678634319855,中继,R010,1509,PASS,worst_obstruction_endpoint_distance,4.438815678014393,1189.4548853229003,True,,端点最大距离且全时段按遮挡计损仍满足双向预算
T021,巡航,14306.678634319855,14326.442121543221,中继,R010,1510,PASS,worst_obstruction_endpoint_distance,3.618376436475856,1307.2839718032983,True,,端点最大距离且全时段按遮挡计损仍满足双向预算
T021,巡航,14326.442121543221,14346.205608766588,中继,R010,1511,PASS,worst_obstruction_endpoint_distance,2.563306935974424,1476.125937683773,True,,端点最大距离且全时段按遮挡计损仍满足双向预算
T021,巡航,14346.205608766588,14365.969095989953,中继,R010,1512,PASS,worst_obstruction_endpoint_distance,1.4360947208322727,1680.676092268664,True,,端点最大距离且全时段按遮挡计损仍满足双向预算
T021,巡航,14365.969095989953,14385.73258321332,中继,R010,1513,PASS,worst_obstruction_endpoint_distance,0.3274126863918241,1909.493234498787,True,,端点最大距离且全时段按遮挡计损仍满足双向预算
T021,巡航,14385.73258321332,14405.496070436686,中继,R009,1514,PASS,worst_obstruction_endpoint_distance,1.9929821229465432,1576.302818669969,True,,端点最大距离且全时段按遮挡计损仍满足双向预算
T021,巡航,14405.496070436686,14425.259557660052,中继,R009,1515,PASS,worst_obstruction_endpoint_distance,3.1902901747111656,1373.327920385654,True,,端点最大距离且全时段按遮挡计损仍满足双向预算
T021,巡航,14425.259557660052,14445.023044883417,直连,,1516,PASS,worst_obstruction_endpoint_distance,0.2202145974620322,3857.2521378350943,True,,端点最大距离且全时段按遮挡计损仍满足双向预算
T021,巡航,14445.023044883417,14464.786532106784,直连,,1517,PASS,worst_obstruction_endpoint_distance,0.9141391873638156,3561.0805630696686,True,,端点最大距离且全时段按遮挡计损仍满足双向预算
T021,巡航,14464.786532106784,14484.55001933015,直连,,1518,PASS,worst_obstruction_endpoint_distance,1.6682180133278024,3264.9599447416617,True,,端点最大距离且全时段按遮挡计损仍满足双向预算
T021,巡航,14484.55001933015,14504.313506553515,直连,,1519,PASS,worst_obstruction_endpoint_distance,2.4938475922613463,2968.9055301769163,True,,端点最大距离且全时段按遮挡计损仍满足双向预算
T021,巡航,14504.313506553515,14524.076993776882,直连,,1520,PASS,worst_obstruction_endpoint_distance,3.4059931797055043,2672.939317626779,True,,端点最大距离且全时段按遮挡计损仍满足双向预算
T021,巡航,14524.076993776882,14543.840481000248,直连,,1521,PASS,worst_obstruction_endpoint_distance,4.424847125248689,2377.0942527732964,True,,端点最大距离且全时段按遮挡计损仍满足双向预算
T021,巡航,14543.840481000248,14563.603968223615,直连,,1522,PASS,worst_obstruction_endpoint_distance,5.578572376014165,2081.421994615999,True,,端点最大距离且全时段按遮挡计损仍满足双向预算
T021,巡航,14563.603968223615,14583.36745544698,直连,,1523,PASS,worst_obstruction_endpoint_distance,6.908105372473543,1786.0083692495245,True,,端点最大距离且全时段按遮挡计损仍满足双向预算
T021,巡航,14583.36745544698,14603.130942670346,直连,,1524,PASS,worst_obstruction_endpoint_distance,8.476180856524223,1491.0071135443768,True,,端点最大距离且全时段按遮挡计损仍满足双向预算
T021,巡航,14603.130942670346,14622.894429893713,直连,,1525,PASS,worst_obstruction_endpoint_distance,10.385900789493661,1196.723223014895,True,,端点最大距离且全时段按遮挡计损仍满足双向预算
T021,巡航,14622.894429893713,14642.657917117078,直连,,1526,PASS,worst_obstruction_endpoint_distance,12.823774280234389,903.8576628091926,True,,端点最大距离且全时段按遮挡计损仍满足双向预算
T021,巡航,14642.657917117078,14662.421404340444,直连,,1527,PASS,worst_obstruction_endpoint_distance,16.17615903644753,614.4418760035281,True,,端点最大距离且全时段按遮挡计损仍满足双向预算
T021,巡航,14662.421404340444,14682.184891563811,直连,,1528,PASS,worst_obstruction_endpoint_distance,21.381037235701385,337.4713404244718,True,,端点最大距离且全时段按遮挡计损仍满足双向预算
T021,下降,14682.184891563811,14700.31031697885,直连,,1529,PASS,worst_obstruction_endpoint_distance,27.79555154865507,161.25425415039103,True,,端点最大距离且全时段按遮挡计损仍满足双向预算
T021,下降,14700.31031697885,14718.435742393889,直连,,1530,PASS,worst_obstruction_endpoint_distance,30.00733842190894,125.00340332031283,True,,端点最大距离且全时段按遮挡计损仍满足双向预算
T021,下降,14718.435742393889,14736.561167808928,直连,,1531,PASS,worst_obstruction_endpoint_distance,32.9821581246938,88.75255249023462,True,,端点最大距离且全时段按遮挡计损仍满足双向预算
T021,下降,14736.561167808928,14754.686593223967,直连,,1532,PASS,worst_obstruction_endpoint_distance,37.54230757016704,52.501701660156414,True,,端点最大距离且全时段按遮挡计损仍满足双向预算
T021,下降,14754.686593223967,14772.812018639006,直连,,1533,PASS,worst_obstruction_endpoint_distance,45.92517525248826,20.0,True,,端点最大距离且全时段按遮挡计损仍满足双向预算
T022,爬升,13141.0,13157.76617553711,直连,,1534,PASS,worst_obstruction_endpoint_distance,45.13077173479127,21.91543884277465,True,,端点最大距离且全时段按遮挡计损仍满足双向预算
T022,爬升,13157.76617553711,13174.532351074218,直连,,1535,PASS,worst_obstruction_endpoint_distance,35.845158843874486,63.83087768554475,True,,端点最大距离且全时段按遮挡计损仍满足双向预算
T022,爬升,13174.532351074218,13191.298526611328,直连,,1536,PASS,worst_obstruction_endpoint_distance,31.460470195991547,105.74631652831937,True,,端点最大距离且全时段按遮挡计损仍满足双向预算
T022,爬升,13191.298526611328,13208.064702148438,直连,,1537,PASS,worst_obstruction_endpoint_distance,28.560414627442924,147.661755371094,True,,端点最大距离且全时段按遮挡计损仍满足双向预算
T022,巡航,13208.064702148438,13226.785355926813,直连,,1538,PASS,worst_obstruction_endpoint_distance,21.91728608925837,317.2666725711304,True,,端点最大距离且全时段按遮挡计损仍满足双向预算
T022,巡航,13226.785355926813,13245.50600970519,直连,,1539,PASS,worst_obstruction_endpoint_distance,16.66663440279322,580.7069692195184,True,,端点最大距离且全时段按遮挡计损仍满足双向预算
T022,巡航,13245.50600970519,13264.226663483567,直连,,1540,PASS,worst_obstruction_endpoint_distance,13.303683384721793,855.2726592881538,True,,端点最大距离且全时段按遮挡计损仍满足双向预算
T022,巡航,13264.226663483567,13282.947317261942,直连,,1541,PASS,worst_obstruction_endpoint_distance,10.861916747871135,1132.9035062187145,True,,端点最大距离且全时段按遮挡计损仍满足双向预算
T022,巡航,13282.947317261942,13301.667971040319,直连,,1542,PASS,worst_obstruction_endpoint_distance,8.950358587344866,1411.7923650909095,True,,端点最大距离且全时段按遮挡计损仍满足双向预算
T022,巡航,13301.667971040319,13320.388624818695,直连,,1543,PASS,worst_obstruction_endpoint_distance,7.381274715503494,1691.317032642597,True,,端点最大距离且全时段按遮挡计损仍满足双向预算
T022,巡航,13320.388624818695,13339.109278597072,直连,,1544,PASS,worst_obstruction_endpoint_distance,6.051130303594704,1971.2070471504326,True,,端点最大距离且全时段按遮挡计损仍满足双向预算
T022,巡航,13339.109278597072,13357.829932375447,直连,,1545,PASS,worst_obstruction_endpoint_distance,4.897006846639741,2251.326150430654,True,,端点最大距离且全时段按遮挡计损仍满足双向预算
T022,巡航,13357.829932375447,13376.550586153824,直连,,1546,PASS,worst_obstruction_endpoint_distance,3.87787926451351,2531.5982982180185,True,,端点最大距离且全时段按遮挡计损仍满足双向预算
T022,巡航,13376.550586153824,13395.2712399322,直连,,1547,PASS,worst_obstruction_endpoint_distance,2.9655376322348275,2811.977728667235,True,,端点最大距离且全时段按遮挡计损仍满足双向预算
T022,下降,13395.2712399322,13409.148199160716,直连,,1548,PASS,worst_obstruction_endpoint_distance,2.9655376322348275,2811.977728667235,True,,端点最大距离且全时段按遮挡计损仍满足双向预算
T022,下降,13409.148199160716,13423.025158389231,直连,,1549,PASS,worst_obstruction_endpoint_distance,2.9696182473843464,2810.656976913882,True,,端点最大距离且全时段按遮挡计损仍满足双向预算
T022,下降,13423.025158389231,13436.902117617747,直连,,1550,PASS,worst_obstruction_endpoint_distance,2.9728550566591423,2809.6097766786506,True,,端点最大距离且全时段按遮挡计损仍满足双向预算
T022,投送,13436.902117617747,13456.53848125411,直连,,1551,PASS,exact_point,2.9752461696598544,2808.8364339208633,,,独立计算 DEM 遮挡、自由空间损耗与双向预算
T022,投送,13456.53848125411,13476.174844890475,直连,,1552,PASS,exact_point,2.9752461696598544,2808.8364339208633,,,独立计算 DEM 遮挡、自由空间损耗与双向预算
T022,投送,13476.174844890475,13495.811208526839,直连,,1553,PASS,exact_point,2.9752461696598544,2808.8364339208633,,,独立计算 DEM 遮挡、自由空间损耗与双向预算
T022,投送,13495.811208526839,13515.4475721632,直连,,1554,PASS,exact_point,2.9752461696598544,2808.8364339208633,,,独立计算 DEM 遮挡、自由空间损耗与双向预算
T022,投送,13515.4475721632,13535.083935799565,直连,,1555,PASS,exact_point,2.9752461696598544,2808.8364339208633,,,独立计算 DEM 遮挡、自由空间损耗与双向预算
T022,投送,13535.083935799565,13554.720299435929,直连,,1556,PASS,exact_point,2.9752461696598544,2808.8364339208633,,,独立计算 DEM 遮挡、自由空间损耗与双向预算
T022,投送,13554.720299435929,13574.356663072293,直连,,1557,PASS,exact_point,2.9752461696598544,2808.8364339208633,,,独立计算 DEM 遮挡、自由空间损耗与双向预算
T022,投送,13574.356663072293,13593.993026708657,直连,,1558,PASS,exact_point,2.9752461696598544,2808.8364339208633,,,独立计算 DEM 遮挡、自由空间损耗与双向预算
T022,投送,13593.993026708657,13613.62939034502,直连,,1559,PASS,exact_point,2.9752461696598544,2808.8364339208633,,,独立计算 DEM 遮挡、自由空间损耗与双向预算
T022,投送,13613.62939034502,13633.265753981383,直连,,1560,PASS,exact_point,2.9752461696598544,2808.8364339208633,,,独立计算 DEM 遮挡、自由空间损耗与双向预算
T022,投送,13633.265753981383,13652.902117617747,直连,,1561,PASS,exact_point,2.9752461696598544,2808.8364339208633,,,独立计算 DEM 遮挡、自由空间损耗与双向预算
T022,爬升,13652.902117617747,13669.554468691966,直连,,1562,PASS,worst_obstruction_endpoint_distance,2.9713422573941983,2810.099161870278,True,,端点最大距离且全时段按遮挡计损仍满足双向预算
T022,爬升,13669.554468691966,13686.206819766185,直连,,1563,PASS,worst_obstruction_endpoint_distance,2.9655376322348275,2811.977728667235,True,,端点最大距离且全时段按遮挡计损仍满足双向预算
T022,巡航,13686.206819766185,13704.927473544562,直连,,1564,PASS,worst_obstruction_endpoint_distance,2.9655376322348275,2811.977728667235,True,,端点最大距离且全时段按遮挡计损仍满足双向预算
T022,巡航,13704.927473544562,13723.648127322936,直连,,1565,PASS,worst_obstruction_endpoint_distance,3.87787926451351,2531.5982982180185,True,,端点最大距离且全时段按遮挡计损仍满足双向预算
T022,巡航,13723.648127322936,13742.368781101313,直连,,1566,PASS,worst_obstruction_endpoint_distance,4.897006846639741,2251.326150430654,True,,端点最大距离且全时段按遮挡计损仍满足双向预算
T022,巡航,13742.368781101313,13761.08943487969,直连,,1567,PASS,worst_obstruction_endpoint_distance,6.051130303594704,1971.2070471504326,True,,端点最大距离且全时段按遮挡计损仍满足双向预算
T022,巡航,13761.08943487969,13779.810088658065,直连,,1568,PASS,worst_obstruction_endpoint_distance,7.381274715503494,1691.317032642597,True,,端点最大距离且全时段按遮挡计损仍满足双向预算
T022,巡航,13779.810088658065,13798.530742436442,直连,,1569,PASS,worst_obstruction_endpoint_distance,8.950358587342222,1411.7923650913392,True,,端点最大距离且全时段按遮挡计损仍满足双向预算
T022,巡航,13798.530742436442,13817.251396214819,直连,,1570,PASS,worst_obstruction_endpoint_distance,10.861916747871135,1132.9035062187145,True,,端点最大距离且全时段按遮挡计损仍满足双向预算
T022,巡航,13817.251396214819,13835.972049993195,直连,,1571,PASS,worst_obstruction_endpoint_distance,13.303683384721793,855.2726592881538,True,,端点最大距离且全时段按遮挡计损仍满足双向预算
T022,巡航,13835.972049993195,13854.69270377157,直连,,1572,PASS,worst_obstruction_endpoint_distance,16.66663440279322,580.7069692195184,True,,端点最大距离且全时段按遮挡计损仍满足双向预算
T022,巡航,13854.69270377157,13873.413357549947,直连,,1573,PASS,worst_obstruction_endpoint_distance,21.91728608924737,317.26667257153207,True,,端点最大距离且全时段按遮挡计损仍满足双向预算
T022,下降,13873.413357549947,13890.179533087057,直连,,1574,PASS,worst_obstruction_endpoint_distance,28.560414627442924,147.661755371094,True,,端点最大距离且全时段按遮挡计损仍满足双向预算
T022,下降,13890.179533087057,13906.945708624165,直连,,1575,PASS,worst_obstruction_endpoint_distance,30.797824156687028,114.12940429687376,True,,端点最大距离且全时段按遮挡计损仍满足双向预算
T022,下降,13906.945708624165,13923.711884161276,直连,,1576,PASS,worst_obstruction_endpoint_distance,33.8193918960518,80.59705322265711,True,,端点最大距离且全时段按遮挡计损仍满足双向预算
T022,下降,13923.711884161276,13940.478059698386,直连,,1577,PASS,worst_obstruction_endpoint_distance,38.49186887424462,47.06470214843688,True,,端点最大距离且全时段按遮挡计损仍满足双向预算
T022,下降,13940.478059698386,13957.244235235494,直连,,1578,PASS,worst_obstruction_endpoint_distance,45.92517525248826,20.0,True,,端点最大距离且全时段按遮挡计损仍满足双向预算
T023,爬升,15703.0,15722.071827148438,直连,,1579,PASS,worst_obstruction_endpoint_distance,43.102589051709,27.679567871095628,True,,端点最大距离且全时段按遮挡计损仍满足双向预算
T023,爬升,15722.071827148438,15741.143654296875,直连,,1580,PASS,worst_obstruction_endpoint_distance,34.40305698380595,75.35913574218671,True,,端点最大距离且全时段按遮挡计损仍满足双向预算
T023,爬升,15741.143654296875,15760.215481445313,直连,,1581,PASS,worst_obstruction_endpoint_distance,30.144940234267708,123.03870361328234,True,,端点最大距离且全时段按遮挡计损仍满足双向预算
T023,爬升,15760.215481445313,15779.28730859375,直连,,1582,PASS,worst_obstruction_endpoint_distance,27.300175067997714,170.71827148437342,True,,端点最大距离且全时段按遮挡计损仍满足双向预算
T023,爬升,15779.28730859375,15798.359135742188,直连,,1583,PASS,worst_obstruction_endpoint_distance,25.160808415575318,218.397839355469,True,,端点最大距离且全时段按遮挡计损仍满足双向预算
T023,巡航,15798.359135742188,15817.669745519484,直连,,1584,PASS,worst_obstruction_endpoint_distance,20.75321503615335,362.7671946009024,True,,端点最大距离且全时段按遮挡计损仍满足双向预算
T023,巡航,15817.669745519484,15836.98035529678,直连,,1585,PASS,worst_obstruction_endpoint_distance,16.110304248345813,619.1181641730701,True,,端点最大距离且全时段按遮挡计损仍满足双向预算
T023,巡航,15836.98035529678,15856.290965074077,直连,,1586,PASS,worst_obstruction_endpoint_distance,12.899596539617463,896.001901463605,True,,端点最大距离且全时段按遮挡计损仍满足双向预算
T023,巡航,15856.290965074077,15875.601574851373,直连,,1587,PASS,worst_obstruction_endpoint_distance,10.515201150200241,1179.040438717308,True,,端点最大距离且全时段按遮挡计损仍满足双向预算
T023,巡航,15875.601574851373,15894.91218462867,直连,,1588,PASS,worst_obstruction_endpoint_distance,8.63097956554033,1464.6699789789309,True,,端点最大距离且全时段按遮挡计损仍满足双向预算
T023,巡航,15894.91218462867,15914.222794405967,直连,,1589,PASS,worst_obstruction_endpoint_distance,7.076960051876313,1751.623470098632,True,,端点最大距离且全时段按遮挡计损仍满足双向预算
T023,巡航,15914.222794405967,15933.533404183263,直连,,1590,PASS,worst_obstruction_endpoint_distance,5.755973409622868,2039.3421138116032,True,,端点最大距离且全时段按遮挡计损仍满足双向预算
T023,巡航,15933.533404183263,15952.84401396056,直连,,1591,PASS,worst_obstruction_endpoint_distance,4.607823983663508,2327.5421748741096,True,,端点最大距离且全时段按遮挡计损仍满足双向预算
T023,巡航,15952.84401396056,15972.154623737855,直连,,1592,PASS,worst_obstruction_endpoint_distance,3.59280604581393,2616.064551374214,True,,端点最大距离且全时段按遮挡计损仍满足双向预算
T023,巡航,15972.154623737855,15991.465233515153,直连,,1593,PASS,worst_obstruction_endpoint_distance,2.6834109702721207,2904.813202356247,True,,端点最大距离且全时段按遮挡计损仍满足双向预算
T023,巡航,15991.465233515153,16010.77584329245,直连,,1594,PASS,worst_obstruction_endpoint_distance,1.8598200342751454,3193.726755171166,True,,端点最大距离且全时段按遮挡计损仍满足双向预算
T023,下降,16010.77584329245,16023.600303131316,直连,,1595,PASS,worst_obstruction_endpoint_distance,1.8598200342751454,3193.726755171166,True,,端点最大距离且全时段按遮挡计损仍满足双向预算
T023,下降,16023.600303131316,16036.424762970184,直连,,1596,PASS,worst_obstruction_endpoint_distance,1.8643124438889203,3192.075361970319,True,,端点最大距离且全时段按遮挡计损仍满足双向预算
T023,投送,16036.424762970184,16055.483586499595,直连,,1597,PASS,exact_point,1.8682481629573715,3190.6293079047914,,,独立计算 DEM 遮挡、自由空间损耗与双向预算
T023,投送,16055.483586499595,16074.542410029007,直连,,1598,PASS,exact_point,1.8682481629573715,3190.6293079047914,,,独立计算 DEM 遮挡、自由空间损耗与双向预算
T023,投送,16074.542410029007,16093.601233558418,直连,,1599,PASS,exact_point,1.8682481629573715,3190.6293079047914,,,独立计算 DEM 遮挡、自由空间损耗与双向预算
T023,投送,16093.601233558418,16112.66005708783,直连,,1600,PASS,exact_point,1.8682481629573715,3190.6293079047914,,,独立计算 DEM 遮挡、自由空间损耗与双向预算
T023,投送,16112.66005708783,16131.718880617242,直连,,1601,PASS,exact_point,1.8682481629573715,3190.6293079047914,,,独立计算 DEM 遮挡、自由空间损耗与双向预算
T023,投送,16131.718880617242,16150.777704146654,直连,,1602,PASS,exact_point,1.8682481629573715,3190.6293079047914,,,独立计算 DEM 遮挡、自由空间损耗与双向预算
T023,投送,16150.777704146654,16169.836527676065,直连,,1603,PASS,exact_point,1.8682481629573715,3190.6293079047914,,,独立计算 DEM 遮挡、自由空间损耗与双向预算
T023,投送,16169.836527676065,16188.895351205478,直连,,1604,PASS,exact_point,1.8682481629573715,3190.6293079047914,,,独立计算 DEM 遮挡、自由空间损耗与双向预算
T023,投送,16188.895351205478,16207.954174734889,直连,,1605,PASS,exact_point,1.8682481629573715,3190.6293079047914,,,独立计算 DEM 遮挡、自由空间损耗与双向预算
T023,投送,16207.954174734889,16227.012998264301,直连,,1606,PASS,exact_point,1.8682481629573715,3190.6293079047914,,,独立计算 DEM 遮挡、自由空间损耗与双向预算
T023,投送,16227.012998264301,16246.071821793712,直连,,1607,PASS,exact_point,1.8682481629573715,3190.6293079047914,,,独立计算 DEM 遮挡、自由空间损耗与双向预算
T023,投送,16246.071821793712,16265.130645323125,直连,,1608,PASS,exact_point,1.8682481629573715,3190.6293079047914,,,独立计算 DEM 遮挡、自由空间损耗与双向预算
T023,投送,16265.130645323125,16284.189468852535,直连,,1609,PASS,exact_point,1.8682481629573715,3190.6293079047914,,,独立计算 DEM 遮挡、自由空间损耗与双向预算
T023,投送,16284.189468852535,16303.248292381948,直连,,1610,PASS,exact_point,1.8682481629573715,3190.6293079047914,,,独立计算 DEM 遮挡、自由空间损耗与双向预算
T023,投送,16303.248292381948,16322.30711591136,直连,,1611,PASS,exact_point,1.8682481629573715,3190.6293079047914,,,独立计算 DEM 遮挡、自由空间损耗与双向预算
T023,投送,16322.30711591136,16341.365939440771,直连,,1612,PASS,exact_point,1.8682481629573715,3190.6293079047914,,,独立计算 DEM 遮挡、自由空间损耗与双向预算
T023,投送,16341.365939440771,16360.424762970184,直连,,1613,PASS,exact_point,1.8682481629573715,3190.6293079047914,,,独立计算 DEM 遮挡、自由空间损耗与双向预算
T023,爬升,16360.424762970184,16370.684330841277,直连,,1614,PASS,worst_obstruction_endpoint_distance,1.8643124438889203,3192.075361970319,True,,端点最大距离且全时段按遮挡计损仍满足双向预算
T023,爬升,16370.684330841277,16380.94389871237,直连,,1615,PASS,worst_obstruction_endpoint_distance,1.8598200342751454,3193.726755171166,True,,端点最大距离且全时段按遮挡计损仍满足双向预算
T023,巡航,16380.94389871237,16400.254508489666,直连,,1616,PASS,worst_obstruction_endpoint_distance,1.8598200342751454,3193.726755171166,True,,端点最大距离且全时段按遮挡计损仍满足双向预算
T023,巡航,16400.254508489666,16419.565118266964,直连,,1617,PASS,worst_obstruction_endpoint_distance,2.6834109702721207,2904.813202356247,True,,端点最大距离且全时段按遮挡计损仍满足双向预算
T023,巡航,16419.565118266964,16438.87572804426,直连,,1618,PASS,worst_obstruction_endpoint_distance,3.59280604581393,2616.064551374214,True,,端点最大距离且全时段按遮挡计损仍满足双向预算
T023,巡航,16438.87572804426,16458.186337821557,直连,,1619,PASS,worst_obstruction_endpoint_distance,4.60782398366328,2327.542174874168,True,,端点最大距离且全时段按遮挡计损仍满足双向预算
T023,巡航,16458.186337821557,16477.496947598855,直连,,1620,PASS,worst_obstruction_endpoint_distance,5.755973409622868,2039.3421138116032,True,,端点最大距离且全时段按遮挡计损仍满足双向预算
T023,巡航,16477.496947598855,16496.80755737615,直连,,1621,PASS,worst_obstruction_endpoint_distance,7.076960051876313,1751.623470098632,True,,端点最大距离且全时段按遮挡计损仍满足双向预算
T023,巡航,16496.80755737615,16516.118167153447,直连,,1622,PASS,worst_obstruction_endpoint_distance,8.63097956554033,1464.6699789789309,True,,端点最大距离且全时段按遮挡计损仍满足双向预算
T023,巡航,16516.118167153447,16535.42877693074,直连,,1623,PASS,worst_obstruction_endpoint_distance,10.515201150200241,1179.040438717308,True,,端点最大距离且全时段按遮挡计损仍满足双向预算
T023,巡航,16535.42877693074,16554.73938670804,直连,,1624,PASS,worst_obstruction_endpoint_distance,12.899596539616908,896.0019014636614,True,,端点最大距离且全时段按遮挡计损仍满足双向预算
T023,巡航,16554.73938670804,16574.049996485337,直连,,1625,PASS,worst_obstruction_endpoint_distance,16.110304248345813,619.1181641730701,True,,端点最大距离且全时段按遮挡计损仍满足双向预算
T023,巡航,16574.049996485337,16593.36060626263,直连,,1626,PASS,worst_obstruction_endpoint_distance,20.75321503615335,362.7671946009024,True,,端点最大距离且全时段按遮挡计损仍满足双向预算
T023,下降,16593.36060626263,16613.22709287559,直连,,1627,PASS,worst_obstruction_endpoint_distance,25.160808415575318,218.397839355469,True,,端点最大距离且全时段按遮挡计损仍满足双向预算
T023,下降,16613.22709287559,16633.093579488544,直连,,1628,PASS,worst_obstruction_endpoint_distance,26.904991999955726,178.66486612955265,True,,端点最大距离且全时段按遮挡计损仍满足双向预算
T023,下降,16633.093579488544,16652.9600661015,直连,,1629,PASS,worst_obstruction_endpoint_distance,29.08973610815741,138.9318929036436,True,,端点最大距离且全时段按遮挡计损仍满足双向预算
T023,下降,16652.9600661015,16672.826552714454,直连,,1630,PASS,worst_obstruction_endpoint_distance,32.01563631553782,99.1989196777345,True,,端点最大距离且全时段按遮挡计损仍满足双向预算
T023,下降,16672.826552714454,16692.693039327412,直连,,1631,PASS,worst_obstruction_endpoint_distance,36.4604084568564,59.4659464518254,True,,端点最大距离且全时段按遮挡计损仍满足双向预算
T023,下降,16692.693039327412,16712.559525940367,直连,,1632,PASS,worst_obstruction_endpoint_distance,45.92517525248826,20.0,True,,端点最大距离且全时段按遮挡计损仍满足双向预算
T024,爬升,15796.0,15814.098788248697,直连,,1633,PASS,worst_obstruction_endpoint_distance,43.901589672071864,25.246970621742577,True,,端点最大距离且全时段按遮挡计损仍满足双向预算
T024,爬升,15814.098788248697,15832.197576497396,直连,,1634,PASS,worst_obstruction_endpoint_distance,34.98273932171074,70.49394124348967,True,,端点最大距离且全时段按遮挡计损仍满足双向预算
T024,爬升,15832.197576497396,15850.296364746093,直连,,1635,PASS,worst_obstruction_endpoint_distance,30.67603717313186,115.74091186523225,True,,端点最大距离且全时段按遮挡计损仍满足双向预算
T024,爬升,15850.296364746093,15868.395152994792,直连,,1636,PASS,worst_obstruction_endpoint_distance,27.809911405017885,160.98788248697934,True,,端点最大距离且全时段按遮挡计损仍满足双向预算
T024,爬升,15868.395152994792,15886.49394124349,直连,,1637,PASS,worst_obstruction_endpoint_distance,25.658533931909005,206.23485310872644,True,,端点最大距离且全时段按遮挡计损仍满足双向预算
T024,爬升,15886.49394124349,15904.592729492188,直连,,1638,PASS,worst_obstruction_endpoint_distance,23.935643142447674,251.481823730469,True,,端点最大距离且全时段按遮挡计损仍满足双向预算
T024,巡航,15904.592729492188,15923.609306124194,直连,,1639,PASS,worst_obstruction_endpoint_distance,20.343794916914376,380.27608351961703,True,,端点最大距离且全时段按遮挡计损仍满足双向预算
T024,巡航,15923.609306124194,15942.6258827562,直连,,1640,PASS,worst_obstruction_endpoint_distance,16.049514949605253,623.466338937083,True,,端点最大距离且全时段按遮挡计损仍满足双向预算
T024,巡航,15942.6258827562,15961.642459388206,直连,,1641,PASS,worst_obstruction_endpoint_distance,12.939131831411018,891.9328651522274,True,,端点最大距离且全时段按遮挡计损仍满足双向预算
T024,巡航,15961.642459388206,15980.659036020212,直连,,1642,PASS,worst_obstruction_endpoint_distance,10.594093021855073,1168.3799810635858,True,,端点最大距离且全时段按遮挡计损仍满足双向预算
T024,巡航,15980.659036020212,15999.675612652216,直连,,1643,PASS,worst_obstruction_endpoint_distance,8.72893580056764,1448.2447681320716,True,,端点最大距离且全时段按遮挡计损仍满足双向预算
T024,巡航,15999.675612652216,16018.692189284222,直连,,1644,PASS,worst_obstruction_endpoint_distance,7.185509592415272,1729.8692496123044,True,,端点最大距离且全时段按遮挡计损仍满足双向预算
T024,巡航,16018.692189284222,16037.708765916228,直连,,1645,PASS,worst_obstruction_endpoint_distance,5.870993404915339,2012.514824081251,True,,端点最大距离且全时段按遮挡计损仍满足双向预算
T024,巡航,16037.708765916228,16056.725342548234,直连,,1646,PASS,worst_obstruction_endpoint_distance,4.727077525390385,2295.804390099458,True,,端点最大距离且全时段按遮挡计损仍满足双向预算
T024,巡航,16056.725342548234,16075.74191918024,直连,,1647,PASS,worst_obstruction_endpoint_distance,3.7149777055149116,2579.525782409383,True,,端点最大距离且全时段按遮挡计损仍满足双向预算
T024,巡航,16075.74191918024,16094.758495812246,直连,,1648,PASS,worst_obstruction_endpoint_distance,2.807677788514809,2863.5506474810068,True,,端点最大距离且全时段按遮挡计损仍满足双向预算
T024,巡航,16094.758495812246,16113.775072444252,直连,,1649,PASS,worst_obstruction_endpoint_distance,1.9856412656795612,3147.7968395884704,True,,端点最大距离且全时段按遮挡计损仍满足双向预算
T024,巡航,16113.775072444252,16132.791649076258,直连,,1650,PASS,worst_obstruction_endpoint_distance,1.2342997133882534,3432.2093700731825,True,,端点最大距离且全时段按遮挡计损仍满足双向预算
T024,巡航,16132.791649076258,16151.808225708264,直连,,1651,PASS,worst_obstruction_endpoint_distance,0.5425080385620475,3716.750053578203,True,,端点最大距离且全时段按遮挡计损仍满足双向预算
T024,巡航,16151.808225708264,16170.82480234027,中继,R011,1652,PASS,worst_obstruction_endpoint_distance,2.6367184328907314,1463.7025742728729,True,,端点最大距离且全时段按遮挡计损仍满足双向预算
T024,巡航,16170.82480234027,16189.841378972274,中继,R011,1653,PASS,worst_obstruction_endpoint_distance,3.0597232739024207,1394.1278229083944,True,,端点最大距离且全时段按遮挡计损仍满足双向预算
T024,巡航,16189.841378972274,16208.85795560428,中继,R011,1654,PASS,worst_obstruction_endpoint_distance,2.861993538800405,1426.2284039160454,True,,端点最大距离且全时段按遮挡计损仍满足双向预算
T024,巡航,16208.85795560428,16227.874532236287,中继,R011,1655,PASS,worst_obstruction_endpoint_distance,2.284357046148841,1524.301601715459,True,,端点最大距离且全时段按遮挡计损仍满足双向预算
T024,下降,16227.874532236287,16239.744988168904,中继,R011,1656,PASS,worst_obstruction_endpoint_distance,2.2664369073968516,1527.4496837976344,True,,端点最大距离且全时段按遮挡计损仍满足双向预算
T024,下降,16239.744988168904,16251.61544410152,中继,R011,1657,PASS,worst_obstruction_endpoint_distance,2.246501178587579,1530.9594906028888,True,,端点最大距离且全时段按遮挡计损仍满足双向预算
T024,投送,16251.61544410152,16271.251807737885,中继,R011,1658,PASS,exact_point,12.246501178587579,1530.9594906028888,,,独立计算 DEM 遮挡、自由空间损耗与双向预算
T024,投送,16271.251807737885,16290.888171374248,中继,R011,1659,PASS,exact_point,12.246501178587579,1530.9594906028888,,,独立计算 DEM 遮挡、自由空间损耗与双向预算
T024,投送,16290.888171374248,16310.524535010612,中继,R011,1660,PASS,exact_point,12.246501178587579,1530.9594906028888,,,独立计算 DEM 遮挡、自由空间损耗与双向预算
T024,投送,16310.524535010612,16330.160898646976,中继,R011,1661,PASS,exact_point,12.246501178587579,1530.9594906028888,,,独立计算 DEM 遮挡、自由空间损耗与双向预算
T024,投送,16330.160898646976,16349.79726228334,中继,R011,1662,PASS,exact_point,12.246501178587579,1530.9594906028888,,,独立计算 DEM 遮挡、自由空间损耗与双向预算
T024,投送,16349.79726228334,16369.433625919703,中继,R011,1663,PASS,exact_point,12.246501178587579,1530.9594906028888,,,独立计算 DEM 遮挡、自由空间损耗与双向预算
T024,投送,16369.433625919703,16389.06998955607,中继,R011,1664,PASS,exact_point,12.246501178587579,1530.9594906028888,,,独立计算 DEM 遮挡、自由空间损耗与双向预算
T024,投送,16389.06998955607,16408.70635319243,中继,R011,1665,PASS,exact_point,12.246501178587579,1530.9594906028888,,,独立计算 DEM 遮挡、自由空间损耗与双向预算
T024,投送,16408.70635319243,16428.342716828793,中继,R011,1666,PASS,exact_point,12.246501178587579,1530.9594906028888,,,独立计算 DEM 遮挡、自由空间损耗与双向预算
T024,投送,16428.342716828793,16447.979080465157,中继,R011,1667,PASS,exact_point,12.246501178587579,1530.9594906028888,,,独立计算 DEM 遮挡、自由空间损耗与双向预算
T024,投送,16447.979080465157,16467.61544410152,中继,R011,1668,PASS,exact_point,12.246501178587579,1530.9594906028888,,,独立计算 DEM 遮挡、自由空间损耗与双向预算
T024,爬升,16467.61544410152,16486.608173593708,中继,R011,1669,PASS,worst_obstruction_endpoint_distance,2.246501178587579,1530.9594906028888,True,,端点最大距离且全时段按遮挡计损仍满足双向预算
T024,巡航,16486.608173593708,16505.624750225714,中继,R011,1670,PASS,worst_obstruction_endpoint_distance,2.284357046148841,1524.301601715459,True,,端点最大距离且全时段按遮挡计损仍满足双向预算
T024,巡航,16505.624750225714,16524.64132685772,中继,R011,1671,PASS,worst_obstruction_endpoint_distance,2.861993538800405,1426.2284039160454,True,,端点最大距离且全时段按遮挡计损仍满足双向预算
T024,巡航,16524.64132685772,16543.657903489726,中继,R011,1672,PASS,worst_obstruction_endpoint_distance,3.0597232739024207,1394.1278229083944,True,,端点最大距离且全时段按遮挡计损仍满足双向预算
T024,巡航,16543.657903489726,16562.674480121732,中继,R011,1673,PASS,worst_obstruction_endpoint_distance,2.6367184328904614,1463.702574272917,True,,端点最大距离且全时段按遮挡计损仍满足双向预算
T024,巡航,16562.674480121732,16581.691056753738,直连,,1674,PASS,worst_obstruction_endpoint_distance,0.5425080385621612,3716.750053578153,True,,端点最大距离且全时段按遮挡计损仍满足双向预算
T024,巡航,16581.691056753738,16600.707633385744,直连,,1675,PASS,worst_obstruction_endpoint_distance,1.2342997133882534,3432.2093700731825,True,,端点最大距离且全时段按遮挡计损仍满足双向预算
T024,巡航,16600.707633385744,16619.72421001775,直连,,1676,PASS,worst_obstruction_endpoint_distance,1.9856412656795612,3147.7968395884704,True,,端点最大距离且全时段按遮挡计损仍满足双向预算
T024,巡航,16619.72421001775,16638.740786649756,直连,,1677,PASS,worst_obstruction_endpoint_distance,2.807677788514951,2863.5506474809567,True,,端点最大距离且全时段按遮挡计损仍满足双向预算
T024,巡航,16638.740786649756,16657.757363281762,直连,,1678,PASS,worst_obstruction_endpoint_distance,3.714977705515082,2579.525782409333,True,,端点最大距离且全时段按遮挡计损仍满足双向预算
T024,巡航,16657.757363281762,16676.773939913768,直连,,1679,PASS,worst_obstruction_endpoint_distance,4.727077525390385,2295.804390099458,True,,端点最大距离且全时段按遮挡计损仍满足双向预算
T024,巡航,16676.773939913768,16695.790516545774,直连,,1680,PASS,worst_obstruction_endpoint_distance,5.870993404915339,2012.514824081251,True,,端点最大距离且全时段按遮挡计损仍满足双向预算
T024,巡航,16695.790516545774,16714.80709317778,直连,,1681,PASS,worst_obstruction_endpoint_distance,7.185509592415528,1729.8692496122549,True,,端点最大距离且全时段按遮挡计损仍满足双向预算
T024,巡航,16714.80709317778,16733.823669809786,直连,,1682,PASS,worst_obstruction_endpoint_distance,8.72893580056764,1448.2447681320716,True,,端点最大距离且全时段按遮挡计损仍满足双向预算
T024,巡航,16733.823669809786,16752.84024644179,直连,,1683,PASS,worst_obstruction_endpoint_distance,10.594093021855429,1168.379981063537,True,,端点最大距离且全时段按遮挡计损仍满足双向预算
T024,巡航,16752.84024644179,16771.856823073795,直连,,1684,PASS,worst_obstruction_endpoint_distance,12.939131831411018,891.9328651522274,True,,端点最大距离且全时段按遮挡计损仍满足双向预算
T024,巡航,16771.856823073795,16790.8733997058,直连,,1685,PASS,worst_obstruction_endpoint_distance,16.049514949605253,623.466338937083,True,,端点最大距离且全时段按遮挡计损仍满足双向预算
T024,巡航,16790.8733997058,16809.889976337807,直连,,1686,PASS,worst_obstruction_endpoint_distance,20.343794916914376,380.27608351961703,True,,端点最大距离且全时段按遮挡计损仍满足双向预算
T024,下降,16809.889976337807,16829.281535175698,直连,,1687,PASS,worst_obstruction_endpoint_distance,23.935643142447674,251.481823730469,True,,端点最大距离且全时段按遮挡计损仍满足双向预算
T024,下降,16829.281535175698,16848.67309401359,直连,,1688,PASS,worst_obstruction_endpoint_distance,25.390478207865513,212.69870605468668,True,,端点最大距离且全时段按遮挡计损仍满足双向预算
T024,下降,16848.67309401359,16868.06465285148,直连,,1689,PASS,worst_obstruction_endpoint_distance,27.139004958315198,173.91558837890437,True,,端点最大距离且全时段按遮挡计损仍满足双向预算
T024,下降,16868.06465285148,16887.456211689372,直连,,1690,PASS,worst_obstruction_endpoint_distance,29.33058081999762,135.132470703122,True,,端点最大距离且全时段按遮挡计损仍满足双向预算
T024,下降,16887.456211689372,16906.84777052726,直连,,1691,PASS,worst_obstruction_endpoint_distance,32.26879911029749,96.3493530273397,True,,端点最大距离且全时段按遮挡计损仍满足双向预算
T024,下降,16906.84777052726,16926.23932936515,直连,,1692,PASS,worst_obstruction_endpoint_distance,36.742418587608896,57.56623535156464,True,,端点最大距离且全时段按遮挡计损仍满足双向预算
T024,下降,16926.23932936515,16945.630888203043,直连,,1693,PASS,worst_obstruction_endpoint_distance,45.92517525248826,20.0,True,,端点最大距离且全时段按遮挡计损仍满足双向预算
T025,爬升,17133.0,17152.87108886719,直连,,1694,PASS,worst_obstruction_endpoint_distance,42.49716386964123,29.67772216797104,True,,端点最大距离且全时段按遮挡计损仍满足双向预算
T025,爬升,17152.87108886719,17172.742177734373,直连,,1695,PASS,worst_obstruction_endpoint_distance,33.95424061100971,79.35544433593299,True,,端点最大距离且全时段按遮挡计损仍满足双向预算
T025,爬升,17172.742177734373,17192.613266601562,直连,,1696,PASS,worst_obstruction_endpoint_distance,29.73174806392629,129.033166503904,True,,端点最大距离且全时段按遮挡计损仍满足双向预算
T025,爬升,17192.613266601562,17212.48435546875,直连,,1697,PASS,worst_obstruction_endpoint_distance,26.902754877149746,178.710888671875,True,,端点最大距离且全时段按遮挡计损仍满足双向预算
T025,巡航,17212.48435546875,17232.042287651693,直连,,1698,PASS,worst_obstruction_endpoint_distance,21.226846823481353,343.5155626257681,True,,端点最大距离且全时段按遮挡计损仍满足双向预算
T025,巡航,17232.042287651693,17251.60021983464,直连,,1699,PASS,worst_obstruction_endpoint_distance,16.19159854535019,613.3506516465615,True,,端点最大距离且全时段按遮挡计损仍满足双向预算
T025,巡航,17251.60021983464,17271.158152017582,直连,,1700,PASS,worst_obstruction_endpoint_distance,12.879592400811816,898.0678270917992,True,,端点最大距离且全时段按遮挡计损仍满足双向预算
T025,巡航,17271.158152017582,17290.716084200525,直连,,1701,PASS,worst_obstruction_endpoint_distance,10.456716578783727,1187.0060413963242,True,,端点最大距离且全时段按遮挡计损仍满足双向预算
T025,巡航,17290.716084200525,17310.274016383468,直连,,1702,PASS,worst_obstruction_endpoint_distance,8.554100828864037,1477.691301536886,True,,端点最大距离且全时段按遮挡计损仍满足双向预算
T025,巡航,17310.274016383468,17329.831948566414,直连,,1703,PASS,worst_obstruction_endpoint_distance,6.989928674066292,1769.2627117074003,True,,端点最大距离且全时段按遮挡计损仍满足双向预算
T025,巡航,17329.831948566414,17349.389880749357,直连,,1704,PASS,worst_obstruction_endpoint_distance,5.662764533404953,2061.3442758330607,True,,端点最大距离且全时段按遮挡计损仍满足双向预算
T025,巡航,17349.389880749357,17368.9478129323,直连,,1705,PASS,worst_obstruction_endpoint_distance,4.510582959293117,2353.74608317376,True,,端点最大距离且全时段按遮挡计损仍满足双向预算
T025,巡航,17368.9478129323,17388.505745115246,直连,,1706,PASS,worst_obstruction_endpoint_distance,3.492790187069943,2646.361982925317,True,,端点最大距离且全时段按遮挡计损仍满足双向预算
T025,巡航,17388.505745115246,17408.06367729819,直连,,1707,PASS,worst_obstruction_endpoint_distance,2.5814050697037914,2939.128031468544,True,,端点最大距离且全时段按遮挡计损仍满足双向预算
T025,巡航,17408.06367729819,17427.62160948113,直连,,1708,PASS,worst_obstruction_endpoint_distance,1.756338916276647,3232.003426069633,True,,端点最大距离且全时段按遮挡计损仍满足双向预算
T025,巡航,17427.62160948113,17447.179541664078,直连,,1709,PASS,worst_obstruction_endpoint_distance,1.0026890572529226,3524.960911409265,True,,端点最大距离且全时段按遮挡计损仍满足双向预算
T025,巡航,17447.179541664078,17466.73747384702,直连,,1710,PASS,worst_obstruction_endpoint_distance,0.3090985653005305,3817.9815908238766,True,,端点最大距离且全时段按遮挡计损仍满足双向预算
T025,巡航,17466.73747384702,17486.295406029963,中继,R012,1711,PASS,worst_obstruction_endpoint_distance,8.081424527802142,782.0194088495538,True,,端点最大距离且全时段按遮挡计损仍满足双向预算
T025,巡航,17486.295406029963,17505.85333821291,中继,R012,1712,PASS,worst_obstruction_endpoint_distance,10.673868485573152,580.2235261198753,True,,端点最大距离且全时段按遮挡计损仍满足双向预算
T025,巡航,17505.85333821291,17525.411270395853,中继,R012,1713,PASS,worst_obstruction_endpoint_distance,11.127602816759634,550.691809792669,True,,端点最大距离且全时段按遮挡计损仍满足双向预算
T025,巡航,17525.411270395853,17544.969202578795,中继,R012,1714,PASS,worst_obstruction_endpoint_distance,8.583734102902099,738.0776477013404,True,,端点最大距离且全时段按遮挡计损仍满足双向预算
T025,巡航,17544.969202578795,17564.52713476174,中继,R012,1715,PASS,worst_obstruction_endpoint_distance,6.130368386555162,978.9721542379075,True,,端点最大距离且全时段按遮挡计损仍满足双向预算
T025,下降,17564.52713476174,17580.953495845726,中继,R012,1716,PASS,worst_obstruction_endpoint_distance,6.130368386555162,978.9721542379075,True,,端点最大距离且全时段按遮挡计损仍满足双向预算
T025,下降,17580.953495845726,17597.37985692971,中继,R012,1717,PASS,worst_obstruction_endpoint_distance,6.14101222200523,977.7732400071485,True,,端点最大距离且全时段按遮挡计损仍满足双向预算
T025,下降,17597.37985692971,17613.806218013695,中继,R012,1718,PASS,worst_obstruction_endpoint_distance,6.132916306772174,978.68502450936,True,,端点最大距离且全时段按遮挡计损仍满足双向预算
T025,下降,17613.806218013695,17630.23257909768,中继,R012,1719,PASS,worst_obstruction_endpoint_distance,6.114231144583172,980.7926464971222,True,,端点最大距离且全时段按遮挡计损仍满足双向预算
T025,投送,17630.23257909768,17649.29140262709,中继,R012,1720,PASS,exact_point,16.114231144583172,980.7926464971222,,,独立计算 DEM 遮挡、自由空间损耗与双向预算
T025,投送,17649.29140262709,17668.3502261565,中继,R012,1721,PASS,exact_point,16.114231144583172,980.7926464971222,,,独立计算 DEM 遮挡、自由空间损耗与双向预算
T025,投送,17668.3502261565,17687.409049685913,中继,R012,1722,PASS,exact_point,16.114231144583172,980.7926464971222,,,独立计算 DEM 遮挡、自由空间损耗与双向预算
T025,投送,17687.409049685913,17706.467873215326,中继,R012,1723,PASS,exact_point,16.114231144583172,980.7926464971222,,,独立计算 DEM 遮挡、自由空间损耗与双向预算
T025,投送,17706.467873215326,17725.52669674474,中继,R012,1724,PASS,exact_point,16.114231144583172,980.7926464971222,,,独立计算 DEM 遮挡、自由空间损耗与双向预算
T025,投送,17725.52669674474,17744.585520274148,中继,R012,1725,PASS,exact_point,16.114231144583172,980.7926464971222,,,独立计算 DEM 遮挡、自由空间损耗与双向预算
T025,投送,17744.585520274148,17763.64434380356,中继,R012,1726,PASS,exact_point,16.114231144583172,980.7926464971222,,,独立计算 DEM 遮挡、自由空间损耗与双向预算
T025,投送,17763.64434380356,17782.703167332973,中继,R012,1727,PASS,exact_point,16.114231144583172,980.7926464971222,,,独立计算 DEM 遮挡、自由空间损耗与双向预算
T025,投送,17782.703167332973,17801.761990862386,中继,R012,1728,PASS,exact_point,16.114231144583172,980.7926464971222,,,独立计算 DEM 遮挡、自由空间损耗与双向预算
T025,投送,17801.761990862386,17820.820814391795,中继,R012,1729,PASS,exact_point,16.114231144583172,980.7926464971222,,,独立计算 DEM 遮挡、自由空间损耗与双向预算
T025,投送,17820.820814391795,17839.879637921207,中继,R012,1730,PASS,exact_point,16.114231144583172,980.7926464971222,,,独立计算 DEM 遮挡、自由空间损耗与双向预算
T025,投送,17839.879637921207,17858.93846145062,中继,R012,1731,PASS,exact_point,16.114231144583172,980.7926464971222,,,独立计算 DEM 遮挡、自由空间损耗与双向预算
T025,投送,17858.93846145062,17877.997284980032,中继,R012,1732,PASS,exact_point,16.114231144583172,980.7926464971222,,,独立计算 DEM 遮挡、自由空间损耗与双向预算
T025,投送,17877.997284980032,17897.05610850944,中继,R012,1733,PASS,exact_point,16.114231144583172,980.7926464971222,,,独立计算 DEM 遮挡、自由空间损耗与双向预算
T025,投送,17897.05610850944,17916.114932038854,中继,R012,1734,PASS,exact_point,16.114231144583172,980.7926464971222,,,独立计算 DEM 遮挡、自由空间损耗与双向预算
T025,投送,17916.114932038854,17935.173755568267,中继,R012,1735,PASS,exact_point,16.114231144583172,980.7926464971222,,,独立计算 DEM 遮挡、自由空间损耗与双向预算
T025,投送,17935.173755568267,17954.23257909768,中继,R012,1736,PASS,exact_point,16.114231144583172,980.7926464971222,,,独立计算 DEM 遮挡、自由空间损耗与双向预算
T025,爬升,17954.23257909768,17971.754030920594,中继,R012,1737,PASS,worst_obstruction_endpoint_distance,6.114231144583172,980.7926464971222,True,,端点最大距离且全时段按遮挡计损仍满足双向预算
T025,爬升,17971.754030920594,17989.275482743513,中继,R012,1738,PASS,worst_obstruction_endpoint_distance,6.136985020436583,978.2266884256281,True,,端点最大距离且全时段按遮挡计损仍满足双向预算
T025,爬升,17989.275482743513,18006.796934566428,中继,R012,1739,PASS,worst_obstruction_endpoint_distance,6.130368386555162,978.9721542379075,True,,端点最大距离且全时段按遮挡计损仍满足双向预算
T025,巡航,18006.796934566428,18026.35486674937,中继,R012,1740,PASS,worst_obstruction_endpoint_distance,6.130368386555162,978.9721542379075,True,,端点最大距离且全时段按遮挡计损仍满足双向预算
T025,巡航,18026.35486674937,18045.912798932317,中继,R012,1741,PASS,worst_obstruction_endpoint_distance,8.583734102898092,738.0776477016811,True,,端点最大距离且全时段按遮挡计损仍满足双向预算
T025,巡航,18045.912798932317,18065.47073111526,中继,R012,1742,PASS,worst_obstruction_endpoint_distance,11.127602816759634,550.691809792669,True,,端点最大距离且全时段按遮挡计损仍满足双向预算
T025,巡航,18065.47073111526,18085.028663298202,中继,R012,1743,PASS,worst_obstruction_endpoint_distance,10.673868485573152,580.2235261198753,True,,端点最大距离且全时段按遮挡计损仍满足双向预算
T025,巡航,18085.028663298202,18104.58659548115,中继,R012,1744,PASS,worst_obstruction_endpoint_distance,8.081424527802142,782.0194088495538,True,,端点最大距离且全时段按遮挡计损仍满足双向预算
T025,巡航,18104.58659548115,18124.14452766409,直连,,1745,PASS,worst_obstruction_endpoint_distance,0.3090985653005305,3817.9815908238766,True,,端点最大距离且全时段按遮挡计损仍满足双向预算
T025,巡航,18124.14452766409,18143.702459847034,直连,,1746,PASS,worst_obstruction_endpoint_distance,1.0026890572529226,3524.960911409265,True,,端点最大距离且全时段按遮挡计损仍满足双向预算
T025,巡航,18143.702459847034,18163.26039202998,直连,,1747,PASS,worst_obstruction_endpoint_distance,1.7563389162753964,3232.0034260700977,True,,端点最大距离且全时段按遮挡计损仍满足双向预算
T025,巡航,18163.26039202998,18182.818324212923,直连,,1748,PASS,worst_obstruction_endpoint_distance,2.5814050697037914,2939.128031468544,True,,端点最大距离且全时段按遮挡计损仍满足双向预算
T025,巡航,18182.818324212923,18202.376256395866,直连,,1749,PASS,worst_obstruction_endpoint_distance,3.492790187069943,2646.361982925317,True,,端点最大距离且全时段按遮挡计损仍满足双向预算
T025,巡航,18202.376256395866,18221.934188578813,直连,,1750,PASS,worst_obstruction_endpoint_distance,4.510582959293117,2353.74608317376,True,,端点最大距离且全时段按遮挡计损仍满足双向预算
T025,巡航,18221.934188578813,18241.492120761755,直连,,1751,PASS,worst_obstruction_endpoint_distance,5.662764533404953,2061.3442758330607,True,,端点最大距离且全时段按遮挡计损仍满足双向预算
T025,巡航,18241.492120761755,18261.050052944698,直连,,1752,PASS,worst_obstruction_endpoint_distance,6.989928674066292,1769.2627117074003,True,,端点最大距离且全时段按遮挡计损仍满足双向预算
T025,巡航,18261.050052944698,18280.607985127644,直连,,1753,PASS,worst_obstruction_endpoint_distance,8.554100828861323,1477.691301537348,True,,端点最大距离且全时段按遮挡计损仍满足双向预算
T025,巡航,18280.607985127644,18300.165917310587,直连,,1754,PASS,worst_obstruction_endpoint_distance,10.456716578783727,1187.0060413963242,True,,端点最大距离且全时段按遮挡计损仍满足双向预算
T025,巡航,18300.165917310587,18319.72384949353,直连,,1755,PASS,worst_obstruction_endpoint_distance,12.879592400811816,898.0678270917992,True,,端点最大距离且全时段按遮挡计损仍满足双向预算
T025,巡航,18319.72384949353,18339.281781676476,直连,,1756,PASS,worst_obstruction_endpoint_distance,16.19159854535019,613.3506516465615,True,,端点最大距离且全时段按遮挡计损仍满足双向预算
T025,巡航,18339.281781676476,18358.83971385942,直连,,1757,PASS,worst_obstruction_endpoint_distance,21.226846823481353,343.5155626257681,True,,端点最大距离且全时段按遮挡计损仍满足双向预算
T025,下降,18358.83971385942,18378.710802726608,直连,,1758,PASS,worst_obstruction_endpoint_distance,26.902754877149746,178.710888671875,True,,端点最大距离且全时段按遮挡计损仍满足双向预算
T025,下降,18378.710802726608,18398.581891593793,直连,,1759,PASS,worst_obstruction_endpoint_distance,29.087434584690428,138.96871093749712,True,,端点最大距离且全时段按遮挡计损仍满足双向预算
T025,下降,18398.581891593793,18418.45298046098,直连,,1760,PASS,worst_obstruction_endpoint_distance,32.01321880274257,99.22653320312645,True,,端点最大距离且全时段按遮挡计损仍满足双向预算
T025,下降,18418.45298046098,18438.32406932817,直连,,1761,PASS,worst_obstruction_endpoint_distance,36.45771996110591,59.48435546874856,True,,端点最大距离且全时段按遮挡计损仍满足双向预算
T025,下降,18438.32406932817,18458.195158195354,直连,,1762,PASS,worst_obstruction_endpoint_distance,45.92517525248826,20.0,True,,端点最大距离且全时段按遮挡计损仍满足双向预算
T026,爬升,17539.0,17558.04006632487,直连,,1763,PASS,worst_obstruction_endpoint_distance,40.55356925591849,37.120198974607234,True,,端点最大距离且全时段按遮挡计损仍满足双向预算
T026,爬升,17558.04006632487,17577.08013264974,直连,,1764,PASS,worst_obstruction_endpoint_distance,32.461032938897375,94.24039794921444,True,,端点最大距离且全时段按遮挡计损仍满足双向预算
T026,爬升,17577.08013264974,17596.120198974608,直连,,1765,PASS,worst_obstruction_endpoint_distance,28.345518529828823,151.36059692382167,True,,端点最大距离且全时段按遮挡计损仍满足双向预算
T026,爬升,17596.120198974608,17615.16026529948,直连,,1766,PASS,worst_obstruction_endpoint_distance,25.56445403899241,208.4807958984398,True,,端点最大距离且全时段按遮挡计损仍满足双向预算
T026,爬升,17615.16026529948,17634.20033162435,直连,,1767,PASS,worst_obstruction_endpoint_distance,23.4611812166777,265.600994873047,True,,端点最大距离且全时段按遮挡计损仍满足双向预算
T026,巡航,17634.20033162435,17654.067127931256,直连,,1768,PASS,worst_obstruction_endpoint_distance,20.894790328997573,356.90221381991495,True,,端点最大距离且全时段按遮挡计损仍满足双向预算
T026,巡航,17654.067127931256,17673.933924238165,直连,,1769,PASS,worst_obstruction_endpoint_distance,17.20528742500065,545.7885080189652,True,,端点最大距离且全时段按遮挡计损仍满足双向预算
T026,巡航,17673.933924238165,17693.80072054507,直连,,1770,PASS,worst_obstruction_endpoint_distance,14.296085646278357,762.9296194575144,True,,端点最大距离且全时段按遮挡计损仍满足双向预算
T026,巡航,17693.80072054507,17713.667516851976,直连,,1771,PASS,worst_obstruction_endpoint_distance,12.033918957441117,989.9033874624408,True,,端点最大距离且全时段按遮挡计损仍满足双向预算
T026,巡航,17713.667516851976,17733.534313158885,直连,,1772,PASS,worst_obstruction_endpoint_distance,10.209756808323448,1221.2397112269364,True,,端点最大距离且全时段按遮挡计损仍满足双向预算
T026,巡航,17733.534313158885,17753.40110946579,直连,,1773,PASS,worst_obstruction_endpoint_distance,8.689356980005087,1454.8590143208378,True,,端点最大距离且全时段按遮挡计损仍满足双向预算
T026,巡航,17753.40110946579,17773.2679057727,直连,,1774,PASS,worst_obstruction_endpoint_distance,7.388993559797996,1689.814686386292,True,,端点最大距离且全时段按遮挡计损仍满足双向预算
T026,巡航,17773.2679057727,17793.134702079606,直连,,1775,PASS,worst_obstruction_endpoint_distance,6.25437416237726,1925.617615365785,True,,端点最大距离且全时段按遮挡计损仍满足双向预算
T026,巡航,17793.134702079606,17813.00149838651,直连,,1776,PASS,worst_obstruction_endpoint_distance,5.248699160631091,2161.9905944270963,True,,端点最大距离且全时段按遮挡计损仍满足双向预算
T026,巡航,17813.00149838651,17832.86829469342,直连,,1777,PASS,worst_obstruction_endpoint_distance,4.346020689563744,2398.765112235806,True,,端点最大距离且全时段按遮挡计损仍满足双向预算
T026,巡航,17832.86829469342,17852.735091000326,直连,,1778,PASS,worst_obstruction_endpoint_distance,3.527417473998753,2635.832961413088,True,,端点最大距离且全时段按遮挡计损仍满足双向预算
T026,巡航,17852.735091000326,17872.601887307235,直连,,1779,PASS,worst_obstruction_endpoint_distance,2.7786952265281855,2873.1215325440335,True,,端点最大距离且全时段按遮挡计损仍满足双向预算
T026,巡航,17872.601887307235,17892.46868361414,直连,,1780,PASS,worst_obstruction_endpoint_distance,2.0889467853018147,3110.5803131519438,True,,端点最大距离且全时段按遮挡计损仍满足双向预算
T026,巡航,17892.46868361414,17912.33547992105,直连,,1781,PASS,worst_obstruction_endpoint_distance,1.4496171379887812,3348.1730886966884,True,,端点最大距离且全时段按遮挡计损仍满足双向预算
T026,巡航,17912.33547992105,17932.202276227956,直连,,1782,PASS,worst_obstruction_endpoint_distance,0.8538765378947204,3585.873224569018,True,,端点最大距离且全时段按遮挡计损仍满足双向预算
T026,巡航,17932.202276227956,17952.06907253486,直连,,1783,PASS,worst_obstruction_endpoint_distance,0.29618822235622133,3823.66069846629,True,,端点最大距离且全时段按遮挡计损仍满足双向预算
T026,巡航,17952.06907253486,17971.93586884177,中继,R013,1784,PASS,worst_obstruction_endpoint_distance,1.3835741730115672,1690.8693413795186,True,,端点最大距离且全时段按遮挡计损仍满足双向预算
T026,巡航,17971.93586884177,17991.802665148676,中继,R013,1785,PASS,worst_obstruction_endpoint_distance,2.6770556574254982,1456.9209066308943,True,,端点最大距离且全时段按遮挡计损仍满足双向预算
T026,巡航,17991.802665148676,18011.669461455585,中继,R013,1786,PASS,worst_obstruction_endpoint_distance,4.185243235825936,1224.6911979120187,True,,端点最大距离且全时段按遮挡计损仍满足双向预算
T026,巡航,18011.669461455585,18031.53625776249,中继,R013,1787,PASS,worst_obstruction_endpoint_distance,5.985962807569464,995.3839137800908,True,,端点最大距离且全时段按遮挡计损仍满足双向预算
T026,巡航,18031.53625776249,18051.403054069397,中继,R013,1788,PASS,worst_obstruction_endpoint_distance,8.197830232644165,771.6089326110572,True,,端点最大距离且全时段按遮挡计损仍满足双向预算
T026,巡航,18051.403054069397,18071.269850376306,中继,R013,1789,PASS,worst_obstruction_endpoint_distance,10.981430839844137,560.0376393263105,True,,端点最大距离且全时段按遮挡计损仍满足双向预算
T026,巡航,18071.269850376306,18091.13664668321,中继,R013,1790,PASS,worst_obstruction_endpoint_distance,14.314919900488547,381.5423614006788,True,,端点最大距离且全时段按遮挡计损仍满足双向预算
T026,巡航,18091.13664668321,18111.00344299012,中继,R013,1791,PASS,worst_obstruction_endpoint_distance,14.17181813737426,387.88041484111227,True,,端点最大距离且全时段按遮挡计损仍满足双向预算
T026,巡航,18111.00344299012,18130.870239297026,中继,R013,1792,PASS,worst_obstruction_endpoint_distance,10.848436209083204,568.678681515592,True,,端点最大距离且全时段按遮挡计损仍满足双向预算
T026,巡航,18130.870239297026,18150.737035603932,中继,R013,1793,PASS,worst_obstruction_endpoint_distance,8.0924036774731,781.0315441180101,True,,端点最大距离且全时段按遮挡计损仍满足双向预算
T026,巡航,18150.737035603932,18170.60383191084,中继,R013,1794,PASS,worst_obstruction_endpoint_distance,5.90129009220982,1005.1346708321878,True,,端点最大距离且全时段按遮挡计损仍满足双向预算
T026,巡航,18170.60383191084,18190.470628217747,中继,R013,1795,PASS,worst_obstruction_endpoint_distance,4.115208160866857,1234.6059061959986,True,,端点最大距离且全时段按遮挡计损仍满足双向预算
T026,巡航,18190.470628217747,18210.337424524656,中继,R013,1796,PASS,worst_obstruction_endpoint_distance,2.617597935197807,1466.9282137253392,True,,端点最大距离且全时段按遮挡计损仍满足双向预算
T026,巡航,18210.337424524656,18230.20422083156,中继,R013,1797,PASS,worst_obstruction_endpoint_distance,1.332027185657438,1700.9337518953137,True,,端点最大距离且全时段按遮挡计损仍满足双向预算
T026,巡航,18230.20422083156,18250.07101713847,中继,R013,1798,PASS,worst_obstruction_endpoint_distance,0.2076130959518423,1936.0122613129108,True,,端点最大距离且全时段按遮挡计损仍满足双向预算
T026,下降,18250.07101713847,18267.87114978821,中继,R013,1799,PASS,worst_obstruction_endpoint_distance,0.2076130959518423,1936.0122613129108,True,,端点最大距离且全时段按遮挡计损仍满足双向预算
T026,下降,18267.87114978821,18285.67128243795,中继,R013,1800,PASS,worst_obstruction_endpoint_distance,0.20735980617972416,1936.0687183109696,True,,端点最大距离且全时段按遮挡计损仍满足双向预算
T026,下降,18285.67128243795,18303.47141508769,中继,R013,1801,PASS,worst_obstruction_endpoint_distance,0.20035561395789614,1937.6305694328028,True,,端点最大距离且全时段按遮挡计损仍满足双向预算
T026,投送,18303.47141508769,18323.47141508769,中继,R013,1802,PASS,exact_point,0.20035561395789614,1937.6305694328028,,,独立计算 DEM 遮挡、自由空间损耗与双向预算
T026,投送,18323.47141508769,18343.47141508769,中继,R013,1803,PASS,exact_point,0.20035561395789614,1937.6305694328028,,,独立计算 DEM 遮挡、自由空间损耗与双向预算
T026,投送,18343.47141508769,18363.47141508769,中继,R013,1804,PASS,exact_point,0.20035561395789614,1937.6305694328028,,,独立计算 DEM 遮挡、自由空间损耗与双向预算
T026,投送,18363.47141508769,18383.47141508769,中继,R013,1805,PASS,exact_point,0.20035561395789614,1937.6305694328028,,,独立计算 DEM 遮挡、自由空间损耗与双向预算
T026,投送,18383.47141508769,18403.47141508769,中继,R013,1806,PASS,exact_point,0.20035561395789614,1937.6305694328028,,,独立计算 DEM 遮挡、自由空间损耗与双向预算
T026,投送,18403.47141508769,18423.47141508769,中继,R013,1807,PASS,exact_point,0.20035561395789614,1937.6305694328028,,,独立计算 DEM 遮挡、自由空间损耗与双向预算
T026,投送,18423.47141508769,18443.47141508769,中继,R013,1808,PASS,exact_point,0.20035561395789614,1937.6305694328028,,,独立计算 DEM 遮挡、自由空间损耗与双向预算
T026,投送,18443.47141508769,18463.47141508769,中继,R013,1809,PASS,exact_point,0.20035561395789614,1937.6305694328028,,,独立计算 DEM 遮挡、自由空间损耗与双向预算
T026,投送,18463.47141508769,18483.47141508769,中继,R013,1810,PASS,exact_point,0.20035561395789614,1937.6305694328028,,,独立计算 DEM 遮挡、自由空间损耗与双向预算
T026,爬升,18483.47141508769,18498.30485896247,中继,R013,1811,PASS,worst_obstruction_endpoint_distance,0.20035561395789614,1937.6305694328028,True,,端点最大距离且全时段按遮挡计损仍满足双向预算
T026,爬升,18498.30485896247,18513.138302837255,中继,R013,1812,PASS,worst_obstruction_endpoint_distance,0.20735980617972416,1936.0687183109699,True,,端点最大距离且全时段按遮挡计损仍满足双向预算
T026,爬升,18513.138302837255,18527.971746712035,中继,R013,1813,PASS,worst_obstruction_endpoint_distance,0.2076130959518423,1936.0122613129108,True,,端点最大距离且全时段按遮挡计损仍满足双向预算
T026,巡航,18527.971746712035,18547.838543018945,中继,R013,1814,PASS,worst_obstruction_endpoint_distance,0.2076130959518423,1936.0122613129108,True,,端点最大距离且全时段按遮挡计损仍满足双向预算
T026,巡航,18547.838543018945,18567.70533932585,中继,R013,1815,PASS,worst_obstruction_endpoint_distance,1.332027185657438,1700.9337518953137,True,,端点最大距离且全时段按遮挡计损仍满足双向预算
T026,巡航,18567.70533932585,18587.57213563276,中继,R013,1816,PASS,worst_obstruction_endpoint_distance,2.617597935197807,1466.9282137253392,True,,端点最大距离且全时段按遮挡计损仍满足双向预算
T026,巡航,18587.57213563276,18607.438931939665,中继,R013,1817,PASS,worst_obstruction_endpoint_distance,4.115208160866857,1234.6059061959986,True,,端点最大距离且全时段按遮挡计损仍满足双向预算
T026,巡航,18607.438931939665,18627.305728246574,中继,R013,1818,PASS,worst_obstruction_endpoint_distance,5.90129009220982,1005.1346708321878,True,,端点最大距离且全时段按遮挡计损仍满足双向预算
T026,巡航,18627.305728246574,18647.17252455348,中继,R013,1819,PASS,worst_obstruction_endpoint_distance,8.0924036774731,781.0315441180101,True,,端点最大距离且全时段按遮挡计损仍满足双向预算
T026,巡航,18647.17252455348,18667.039320860385,中继,R013,1820,PASS,worst_obstruction_endpoint_distance,10.848436209083204,568.678681515592,True,,端点最大距离且全时段按遮挡计损仍满足双向预算
T026,巡航,18667.039320860385,18686.906117167295,中继,R013,1821,PASS,worst_obstruction_endpoint_distance,14.17181813737426,387.88041484111227,True,,端点最大距离且全时段按遮挡计损仍满足双向预算
T026,巡航,18686.906117167295,18706.7729134742,中继,R013,1822,PASS,worst_obstruction_endpoint_distance,14.314919900488547,381.5423614006788,True,,端点最大距离且全时段按遮挡计损仍满足双向预算
T026,巡航,18706.7729134742,18726.63970978111,中继,R013,1823,PASS,worst_obstruction_endpoint_distance,10.981430839844137,560.0376393263105,True,,端点最大距离且全时段按遮挡计损仍满足双向预算
T026,巡航,18726.63970978111,18746.506506088015,中继,R013,1824,PASS,worst_obstruction_endpoint_distance,8.197830232644165,771.6089326110572,True,,端点最大距离且全时段按遮挡计损仍满足双向预算
T026,巡航,18746.506506088015,18766.37330239492,中继,R013,1825,PASS,worst_obstruction_endpoint_distance,5.985962807569464,995.3839137800908,True,,端点最大距离且全时段按遮挡计损仍满足双向预算
T026,巡航,18766.37330239492,18786.24009870183,中继,R013,1826,PASS,worst_obstruction_endpoint_distance,4.185243235825936,1224.6911979120187,True,,端点最大距离且全时段按遮挡计损仍满足双向预算
T026,巡航,18786.24009870183,18806.106895008736,中继,R013,1827,PASS,worst_obstruction_endpoint_distance,2.6770556574254982,1456.9209066308943,True,,端点最大距离且全时段按遮挡计损仍满足双向预算
T026,巡航,18806.106895008736,18825.973691315645,中继,R013,1828,PASS,worst_obstruction_endpoint_distance,1.3835741730115672,1690.8693413795186,True,,端点最大距离且全时段按遮挡计损仍满足双向预算
T026,巡航,18825.973691315645,18845.84048762255,直连,,1829,PASS,worst_obstruction_endpoint_distance,0.29618822235622133,3823.66069846629,True,,端点最大距离且全时段按遮挡计损仍满足双向预算
T026,巡航,18845.84048762255,18865.707283929456,直连,,1830,PASS,worst_obstruction_endpoint_distance,0.8538765378947204,3585.873224569018,True,,端点最大距离且全时段按遮挡计损仍满足双向预算
T026,巡航,18865.707283929456,18885.574080236365,直连,,1831,PASS,worst_obstruction_endpoint_distance,1.4496171379887812,3348.1730886966884,True,,端点最大距离且全时段按遮挡计损仍满足双向预算
T026,巡航,18885.574080236365,18905.44087654327,直连,,1832,PASS,worst_obstruction_endpoint_distance,2.0889467853018147,3110.5803131519438,True,,端点最大距离且全时段按遮挡计损仍满足双向预算
T026,巡航,18905.44087654327,18925.30767285018,直连,,1833,PASS,worst_obstruction_endpoint_distance,2.7786952265281855,2873.1215325440335,True,,端点最大距离且全时段按遮挡计损仍满足双向预算
T026,巡航,18925.30767285018,18945.174469157086,直连,,1834,PASS,worst_obstruction_endpoint_distance,3.527417473998753,2635.832961413088,True,,端点最大距离且全时段按遮挡计损仍满足双向预算
T026,巡航,18945.174469157086,18965.041265463995,直连,,1835,PASS,worst_obstruction_endpoint_distance,4.346020689563744,2398.765112235806,True,,端点最大距离且全时段按遮挡计损仍满足双向预算
T026,巡航,18965.041265463995,18984.9080617709,直连,,1836,PASS,worst_obstruction_endpoint_distance,5.248699160631091,2161.9905944270963,True,,端点最大距离且全时段按遮挡计损仍满足双向预算
T026,巡航,18984.9080617709,19004.774858077806,直连,,1837,PASS,worst_obstruction_endpoint_distance,6.25437416237726,1925.617615365785,True,,端点最大距离且全时段按遮挡计损仍满足双向预算
T026,巡航,19004.774858077806,19024.641654384715,直连,,1838,PASS,worst_obstruction_endpoint_distance,7.388993559797996,1689.814686386292,True,,端点最大距离且全时段按遮挡计损仍满足双向预算
T026,巡航,19024.641654384715,19044.50845069162,直连,,1839,PASS,worst_obstruction_endpoint_distance,8.689356980005087,1454.8590143208378,True,,端点最大距离且全时段按遮挡计损仍满足双向预算
T026,巡航,19044.50845069162,19064.37524699853,直连,,1840,PASS,worst_obstruction_endpoint_distance,10.209756808323448,1221.2397112269364,True,,端点最大距离且全时段按遮挡计损仍满足双向预算
T026,巡航,19064.37524699853,19084.242043305436,直连,,1841,PASS,worst_obstruction_endpoint_distance,12.033918957441117,989.9033874624408,True,,端点最大距离且全时段按遮挡计损仍满足双向预算
T026,巡航,19084.242043305436,19104.10883961234,直连,,1842,PASS,worst_obstruction_endpoint_distance,14.296085646278357,762.9296194575144,True,,端点最大距离且全时段按遮挡计损仍满足双向预算
T026,巡航,19104.10883961234,19123.97563591925,直连,,1843,PASS,worst_obstruction_endpoint_distance,17.20528742500065,545.7885080189652,True,,端点最大距离且全时段按遮挡计损仍满足双向预算
T026,巡航,19123.97563591925,19143.842432226156,直连,,1844,PASS,worst_obstruction_endpoint_distance,20.894790328997573,356.90221381991495,True,,端点最大距离且全时段按遮挡计损仍满足双向预算
T026,下降,19143.842432226156,19162.882498551025,直连,,1845,PASS,worst_obstruction_endpoint_distance,23.4611812166777,265.600994873047,True,,端点最大距离且全时段按遮挡计损仍满足双向预算
T026,下降,19162.882498551025,19181.9225648759,直连,,1846,PASS,worst_obstruction_endpoint_distance,25.17661226102642,218.00082906087403,True,,端点最大距离且全时段按遮挡计损仍满足双向预算
T026,下降,19181.9225648759,19200.962631200768,直连,,1847,PASS,worst_obstruction_endpoint_distance,27.316349549092465,170.40066324869196,True,,端点最大距离且全时段按遮挡计损仍满足双向预算
T026,下降,19200.962631200768,19220.002697525637,直连,,1848,PASS,worst_obstruction_endpoint_distance,30.16177264505616,122.80049743651892,True,,端点最大距离且全时段按遮挡计损仍满足双向预算
T026,下降,19220.002697525637,19239.042763850506,直连,,1849,PASS,worst_obstruction_endpoint_distance,34.42138005013027,75.20033162434598,True,,端点最大距离且全时段按遮挡计损仍满足双向预算
T026,下降,19239.042763850506,19258.082830175375,直连,,1850,PASS,worst_obstruction_endpoint_distance,43.1275413425103,27.600165812173003,True,,端点最大距离且全时段按遮挡计损仍满足双向预算
T027,爬升,17612.0,17630.392101372614,直连,,1851,PASS,worst_obstruction_endpoint_distance,41.02077101907854,35.176304117842335,True,,端点最大距离且全时段按遮挡计损仍满足双向预算
T027,爬升,17630.392101372614,17648.784202745224,直连,,1852,PASS,worst_obstruction_endpoint_distance,32.82696128604451,90.35260823567373,True,,端点最大距离且全时段按遮挡计损仍满足双向预算
T027,爬升,17648.784202745224,17667.17630411784,直连,,1853,PASS,worst_obstruction_endpoint_distance,28.68678949476505,145.52891235351603,True,,端点最大距离且全时段按遮挡计损仍满足双向预算
T027,巡航,17667.17630411784,17686.193466849745,直连,,1854,PASS,worst_obstruction_endpoint_distance,21.836398531290612,320.2350261363581,True,,端点最大距离且全时段按遮挡计损仍满足双向预算
T027,巡航,17686.193466849745,17705.210629581652,直连,,1855,PASS,worst_obstruction_endpoint_distance,16.546663988902537,588.7834023351405,True,,端点最大距离且全时段按遮挡计损仍满足双向预算
T027,巡航,17705.210629581652,17724.22779231356,直连,,1856,PASS,worst_obstruction_endpoint_distance,13.174798895215105,868.0581392014518,True,,端点最大距离且全时段按遮挡计损仍满足双向预算
T027,巡航,17724.22779231356,17743.244955045466,直连,,1857,PASS,worst_obstruction_endpoint_distance,10.729757922473041,1150.2728313183097,True,,端点最大距离且全时段按遮挡计损仍满足双向预算
T027,巡航,17743.244955045466,17762.262117777373,直连,,1858,PASS,worst_obstruction_endpoint_distance,8.816655594821057,1433.6923851274319,True,,端点最大距离且全时段按遮挡计损仍满足双向预算
T027,巡航,17762.262117777373,17781.279280509283,直连,,1859,PASS,worst_obstruction_endpoint_distance,7.246725157142279,1717.7205067016116,True,,端点最大距离且全时段按遮挡计损仍满足双向预算
T027,巡航,17781.279280509283,17800.29644324119,直连,,1860,PASS,worst_obstruction_endpoint_distance,5.91606762328442,2002.0982089747827,True,,端点最大距离且全时段按遮挡计损仍满足双向预算
T027,巡航,17800.29644324119,17819.313605973097,直连,,1861,PASS,worst_obstruction_endpoint_distance,4.761610048728812,2286.6950721260782,True,,端点最大距离且全时段按遮挡计损仍满足双向预算
T027,巡航,17819.313605973097,17838.330768705004,直连,,1862,PASS,worst_obstruction_endpoint_distance,3.7422529026328704,2571.4383295456846,True,,端点最大距离且全时段按遮挡计损仍满足双向预算
T027,巡航,17838.330768705004,17857.34793143691,直连,,1863,PASS,worst_obstruction_endpoint_distance,2.829746817360757,2856.284199392131,True,,端点最大距离且全时段按遮挡计损仍满足双向预算
T027,巡航,17857.34793143691,17876.365094168817,直连,,1864,PASS,worst_obstruction_endpoint_distance,2.003850208797573,3141.204766965233,True,,端点最大距离且全时段按遮挡计损仍满足双向预算
T027,巡航,17876.365094168817,17895.382256900724,直连,,1865,PASS,worst_obstruction_endpoint_distance,1.2495681126698628,3426.1813967707103,True,,端点最大距离且全时段按遮挡计损仍满足双向预算
T027,巡航,17895.382256900724,17914.39941963263,直连,,1866,PASS,worst_obstruction_endpoint_distance,0.5554852276978579,3711.201174070255,True,,端点最大距离且全时段按遮挡计损仍满足双向预算
T027,巡航,17914.39941963263,17933.416582364538,中继,R012,1867,PASS,worst_obstruction_endpoint_distance,1.4240702688967843,1683.0043746511628,True,,端点最大距离且全时段按遮挡计损仍满足双向预算
T027,巡航,17933.416582364538,17952.433745096445,中继,R012,1868,PASS,worst_obstruction_endpoint_distance,1.6921896288517644,1631.8463967173673,True,,端点最大距离且全时段按遮挡计损仍满足双向预算
T027,巡航,17952.433745096445,17971.45090782835,中继,R013,1869,PASS,worst_obstruction_endpoint_distance,0.012848229143784806,1979.914092432215,True,,端点最大距离且全时段按遮挡计损仍满足双向预算
T027,巡航,17971.45090782835,17990.46807056026,中继,R013,1870,PASS,worst_obstruction_endpoint_distance,0.5345448573881413,1864.4962551646481,True,,端点最大距离且全时段按遮挡计损仍满足双向预算
T027,巡航,17990.46807056026,18009.485233292166,中继,R013,1871,PASS,worst_obstruction_endpoint_distance,0.9005549694705337,1787.5615717791145,True,,端点最大距离且全时段按遮挡计损仍满足双向预算
T027,巡航,18009.485233292166,18028.502396024072,中继,R013,1872,PASS,worst_obstruction_endpoint_distance,1.0019088847177073,1766.8240980528446,True,,端点最大距离且全时段按遮挡计损仍满足双向预算
T027,巡航,18028.502396024072,18047.519558755983,中继,R013,1873,PASS,worst_obstruction_endpoint_distance,0.7227307187954182,1824.5350987692664,True,,端点最大距离且全时段按遮挡计损仍满足双向预算
T027,下降,18047.519558755983,18060.165341226686,中继,R013,1874,PASS,worst_obstruction_endpoint_distance,0.7150983708654053,1826.1390342629602,True,,端点最大距离且全时段按遮挡计损仍满足双向预算
T027,下降,18060.165341226686,18072.81112369739,中继,R013,1875,PASS,worst_obstruction_endpoint_distance,0.7048814896830464,1828.2883158723741,True,,端点最大距离且全时段按遮挡计损仍满足双向预算
T027,投送,18072.81112369739,18092.81112369739,中继,R013,1876,PASS,exact_point,0.7048814896830464,1828.2883158723741,,,独立计算 DEM 遮挡、自由空间损耗与双向预算
T027,投送,18092.81112369739,18112.81112369739,中继,R013,1877,PASS,exact_point,0.7048814896830464,1828.2883158723741,,,独立计算 DEM 遮挡、自由空间损耗与双向预算
T027,投送,18112.81112369739,18132.81112369739,中继,R013,1878,PASS,exact_point,0.7048814896830464,1828.2883158723741,,,独立计算 DEM 遮挡、自由空间损耗与双向预算
T027,投送,18132.81112369739,18152.81112369739,中继,R013,1879,PASS,exact_point,0.7048814896830464,1828.2883158723741,,,独立计算 DEM 遮挡、自由空间损耗与双向预算
T027,投送,18152.81112369739,18172.81112369739,中继,R013,1880,PASS,exact_point,0.7048814896830464,1828.2883158723741,,,独立计算 DEM 遮挡、自由空间损耗与双向预算
T027,投送,18172.81112369739,18192.81112369739,中继,R013,1881,PASS,exact_point,0.7048814896830464,1828.2883158723741,,,独立计算 DEM 遮挡、自由空间损耗与双向预算
T027,投送,18192.81112369739,18212.81112369739,中继,R013,1882,PASS,exact_point,0.7048814896830464,1828.2883158723741,,,独立计算 DEM 遮挡、自由空间损耗与双向预算
T027,投送,18212.81112369739,18232.81112369739,中继,R013,1883,PASS,exact_point,0.7048814896830464,1828.2883158723741,,,独立计算 DEM 遮挡、自由空间损耗与双向预算
T027,投送,18232.81112369739,18252.81112369739,中继,R013,1884,PASS,exact_point,0.7048814896830464,1828.2883158723741,,,独立计算 DEM 遮挡、自由空间损耗与双向预算
T027,爬升,18252.81112369739,18263.349275756307,中继,R013,1885,PASS,worst_obstruction_endpoint_distance,0.7048814896830464,1828.2883158723741,True,,端点最大距离且全时段按遮挡计损仍满足双向预算
T027,爬升,18263.349275756307,18273.887427815225,中继,R013,1886,PASS,worst_obstruction_endpoint_distance,0.7150983708654053,1826.1390342629602,True,,端点最大距离且全时段按遮挡计损仍满足双向预算
T027,巡航,18273.887427815225,18292.904590547132,中继,R013,1887,PASS,worst_obstruction_endpoint_distance,0.7227307187954182,1824.5350987692664,True,,端点最大距离且全时段按遮挡计损仍满足双向预算
T027,巡航,18292.904590547132,18311.92175327904,中继,R013,1888,PASS,worst_obstruction_endpoint_distance,1.001908884717949,1766.8240980527955,True,,端点最大距离且全时段按遮挡计损仍满足双向预算
T027,巡航,18311.92175327904,18330.938916010946,中继,R012,1889,PASS,worst_obstruction_endpoint_distance,0.3682561901576662,1900.5353363428865,True,,端点最大距离且全时段按遮挡计损仍满足双向预算
T027,巡航,18330.938916010946,18349.956078742856,中继,R012,1890,PASS,worst_obstruction_endpoint_distance,0.9894422489566352,1769.3617963081506,True,,端点最大距离且全时段按遮挡计损仍满足双向预算
T027,巡航,18349.956078742856,18368.973241474763,中继,R013,1891,PASS,worst_obstruction_endpoint_distance,0.012848229143784806,1979.914092432215,True,,端点最大距离且全时段按遮挡计损仍满足双向预算
T027,巡航,18368.973241474763,18387.99040420667,中继,R012,1892,PASS,worst_obstruction_endpoint_distance,1.6921896288517644,1631.8463967173673,True,,端点最大距离且全时段按遮挡计损仍满足双向预算
T027,巡航,18387.99040420667,18407.007566938577,中继,R012,1893,PASS,worst_obstruction_endpoint_distance,1.4240702688967843,1683.0043746511628,True,,端点最大距离且全时段按遮挡计损仍满足双向预算
T027,巡航,18407.007566938577,18426.024729670484,直连,,1894,PASS,worst_obstruction_endpoint_distance,0.5554852276978579,3711.201174070255,True,,端点最大距离且全时段按遮挡计损仍满足双向预算
T027,巡航,18426.024729670484,18445.04189240239,直连,,1895,PASS,worst_obstruction_endpoint_distance,1.2495681126698628,3426.1813967707103,True,,端点最大距离且全时段按遮挡计损仍满足双向预算
T027,巡航,18445.04189240239,18464.059055134298,直连,,1896,PASS,worst_obstruction_endpoint_distance,2.003850208797573,3141.204766965233,True,,端点最大距离且全时段按遮挡计损仍满足双向预算
T027,巡航,18464.059055134298,18483.076217866204,直连,,1897,PASS,worst_obstruction_endpoint_distance,2.829746817360757,2856.284199392131,True,,端点最大距离且全时段按遮挡计损仍满足双向预算
T027,巡航,18483.076217866204,18502.09338059811,直连,,1898,PASS,worst_obstruction_endpoint_distance,3.7422529026328704,2571.4383295456846,True,,端点最大距离且全时段按遮挡计损仍满足双向预算
T027,巡航,18502.09338059811,18521.110543330018,直连,,1899,PASS,worst_obstruction_endpoint_distance,4.761610048728812,2286.6950721260782,True,,端点最大距离且全时段按遮挡计损仍满足双向预算
T027,巡航,18521.110543330018,18540.127706061925,直连,,1900,PASS,worst_obstruction_endpoint_distance,5.91606762328442,2002.0982089747827,True,,端点最大距离且全时段按遮挡计损仍满足双向预算
T027,巡航,18540.127706061925,18559.144868793832,直连,,1901,PASS,worst_obstruction_endpoint_distance,7.246725157142279,1717.7205067016116,True,,端点最大距离且全时段按遮挡计损仍满足双向预算
T027,巡航,18559.144868793832,18578.16203152574,直连,,1902,PASS,worst_obstruction_endpoint_distance,8.816655594821057,1433.6923851274319,True,,端点最大距离且全时段按遮挡计损仍满足双向预算
T027,巡航,18578.16203152574,18597.179194257646,直连,,1903,PASS,worst_obstruction_endpoint_distance,10.729757922473041,1150.2728313183097,True,,端点最大距离且全时段按遮挡计损仍满足双向预算
T027,巡航,18597.179194257646,18616.196356989556,直连,,1904,PASS,worst_obstruction_endpoint_distance,13.174798895214863,868.0581392014765,True,,端点最大距离且全时段按遮挡计损仍满足双向预算
T027,巡航,18616.196356989556,18635.213519721463,直连,,1905,PASS,worst_obstruction_endpoint_distance,16.546663988902537,588.7834023351405,True,,端点最大距离且全时段按遮挡计损仍满足双向预算
T027,巡航,18635.213519721463,18654.23068245337,直连,,1906,PASS,worst_obstruction_endpoint_distance,21.836398531290612,320.2350261363581,True,,端点最大距离且全时段按遮挡计损仍满足双向预算
T027,下降,18654.23068245337,18670.78357368872,直连,,1907,PASS,worst_obstruction_endpoint_distance,28.68678949476505,145.52891235351603,True,,端点最大距离且全时段按遮挡计损仍满足双向预算
T027,下降,18670.78357368872,18687.336464924072,直连,,1908,PASS,worst_obstruction_endpoint_distance,31.592866209766527,104.14668426513703,True,,端点最大距离且全时段按遮挡计损仍满足双向预算
T027,下降,18687.336464924072,18703.889356159423,直连,,1909,PASS,worst_obstruction_endpoint_distance,35.99149976120049,62.76445617675802,True,,端点最大距离且全时段按遮挡计损仍满足双向预算
T027,下降,18703.889356159423,18720.442247394774,直连,,1910,PASS,worst_obstruction_endpoint_distance,45.34471600699305,21.38222808837901,True,,端点最大距离且全时段按遮挡计损仍满足双向预算
T028,爬升,19100.0,19119.380881347657,直连,,1911,PASS,worst_obstruction_endpoint_distance,42.86345708049045,28.452203369143717,True,,端点最大距离且全时段按遮挡计损仍满足双向预算
T028,爬升,19119.380881347657,19138.761762695314,直连,,1912,PASS,worst_obstruction_endpoint_distance,34.22675064092576,76.9044067382874,True,,端点最大距离且全时段按遮挡计损仍满足双向预算
T028,爬升,19138.761762695314,19158.142644042968,直连,,1913,PASS,worst_obstruction_endpoint_distance,29.982830377148545,125.356610107422,True,,端点最大距离且全时段按遮挡计损仍满足双向预算
T028,巡航,19158.142644042968,19176.651666483212,直连,,1914,PASS,worst_obstruction_endpoint_distance,22.2704985239005,304.6238004959094,True,,端点最大距离且全时段按遮挡计损仍满足双向预算
T028,巡航,19176.651666483212,19195.16068892346,直连,,1915,PASS,worst_obstruction_endpoint_distance,16.83979160829456,569.2449386880037,True,,端点最大距离且全时段按遮挡计损仍满足双向预算
T028,巡航,19195.16068892346,19213.669711363706,直连,,1916,PASS,worst_obstruction_endpoint_distance,13.436577431180751,842.2865907023186,True,,端点最大距离且全时段按遮挡计损仍满足双向预算
T028,巡航,19213.669711363706,19232.17873380395,直连,,1917,PASS,worst_obstruction_endpoint_distance,10.980093890191213,1117.5940057971984,True,,端点最大距离且全时段按遮挡计损仍满足双向预算
T028,巡航,19232.17873380395,19250.687756244195,直连,,1918,PASS,worst_obstruction_endpoint_distance,9.06160871006314,1393.8252340138579,True,,端点最大距离且全时段按遮挡计损仍满足双向预算
T028,巡航,19250.687756244195,19269.19677868444,直连,,1919,PASS,worst_obstruction_endpoint_distance,7.488730846575692,1670.5220634325021,True,,端点最大距离且全时段按遮挡计损仍满足双向预算
T028,巡航,19269.19677868444,19287.705801124685,直连,,1920,PASS,worst_obstruction_endpoint_distance,6.156288066488344,1947.4860477341674,True,,端点最大距离且全时段按遮挡计损仍满足双向预算
T028,巡航,19287.705801124685,19306.214823564933,直连,,1921,PASS,worst_obstruction_endpoint_distance,5.000668542679023,2224.6174071251694,True,,端点最大距离且全时段按遮挡计损仍满足双向预算
T028,巡航,19306.214823564933,19324.723846005178,直连,,1922,PASS,worst_obstruction_endpoint_distance,3.9805132818098343,2501.8605217539953,True,,端点最大距离且全时段按遮挡计损仍满足双向预算
T028,巡航,19324.723846005178,19343.232868445422,直连,,1923,PASS,worst_obstruction_endpoint_distance,3.067435566266326,2779.1819466890624,True,,端点最大距离且全时段按遮挡计损仍满足双向预算
T028,巡航,19343.232868445422,19361.741890885667,直连,,1924,PASS,worst_obstruction_endpoint_distance,2.2411156161546586,3056.5603667445057,True,,端点最大距离且全时段按遮挡计损仍满足双向预算
T028,下降,19361.741890885667,19376.584659236905,直连,,1925,PASS,worst_obstruction_endpoint_distance,2.2411156161546586,3056.5603667445057,True,,端点最大距离且全时段按遮挡计损仍满足双向预算
T028,下降,19376.584659236905,19391.42742758814,直连,,1926,PASS,worst_obstruction_endpoint_distance,2.2441667585877525,3055.486859756091,True,,端点最大距离且全时段按遮挡计损仍满足双向预算
T028,下降,19391.42742758814,19406.270195939378,直连,,1927,PASS,worst_obstruction_endpoint_distance,2.246399680237957,3054.701472633553,True,,端点最大距离且全时段按遮挡计损仍满足双向预算
T028,投送,19406.270195939378,19426.070195939377,直连,,1928,PASS,exact_point,2.2478131175972464,3054.2044276465326,,,独立计算 DEM 遮挡、自由空间损耗与双向预算
T028,投送,19426.070195939377,19445.87019593938,直连,,1929,PASS,exact_point,2.2478131175972464,3054.2044276465326,,,独立计算 DEM 遮挡、自由空间损耗与双向预算
T028,投送,19445.87019593938,19465.67019593938,直连,,1930,PASS,exact_point,2.2478131175972464,3054.2044276465326,,,独立计算 DEM 遮挡、自由空间损耗与双向预算
T028,投送,19465.67019593938,19485.47019593938,直连,,1931,PASS,exact_point,2.2478131175972464,3054.2044276465326,,,独立计算 DEM 遮挡、自由空间损耗与双向预算
T028,投送,19485.47019593938,19505.270195939378,直连,,1932,PASS,exact_point,2.2478131175972464,3054.2044276465326,,,独立计算 DEM 遮挡、自由空间损耗与双向预算
T028,投送,19505.270195939378,19525.070195939377,直连,,1933,PASS,exact_point,2.2478131175972464,3054.2044276465326,,,独立计算 DEM 遮挡、自由空间损耗与双向预算
T028,投送,19525.070195939377,19544.87019593938,直连,,1934,PASS,exact_point,2.2478131175972464,3054.2044276465326,,,独立计算 DEM 遮挡、自由空间损耗与双向预算
T028,投送,19544.87019593938,19564.67019593938,直连,,1935,PASS,exact_point,2.2478131175972464,3054.2044276465326,,,独立计算 DEM 遮挡、自由空间损耗与双向预算
T028,投送,19564.67019593938,19584.47019593938,直连,,1936,PASS,exact_point,2.2478131175972464,3054.2044276465326,,,独立计算 DEM 遮挡、自由空间损耗与双向预算
T028,投送,19584.47019593938,19604.270195939378,直连,,1937,PASS,exact_point,2.2478131175972464,3054.2044276465326,,,独立计算 DEM 遮挡、自由空间损耗与双向预算
T028,投送,19604.270195939378,19624.070195939377,直连,,1938,PASS,exact_point,2.2478131175972464,3054.2044276465326,,,独立计算 DEM 遮挡、自由空间损耗与双向预算
T028,投送,19624.070195939377,19643.87019593938,直连,,1939,PASS,exact_point,2.2478131175972464,3054.2044276465326,,,独立计算 DEM 遮挡、自由空间损耗与双向预算
T028,投送,19643.87019593938,19663.67019593938,直连,,1940,PASS,exact_point,2.2478131175972464,3054.2044276465326,,,独立计算 DEM 遮挡、自由空间损耗与双向预算
T028,投送,19663.67019593938,19683.47019593938,直连,,1941,PASS,exact_point,2.2478131175972464,3054.2044276465326,,,独立计算 DEM 遮挡、自由空间损耗与双向预算
T028,投送,19683.47019593938,19703.270195939378,直连,,1942,PASS,exact_point,2.2478131175972464,3054.2044276465326,,,独立计算 DEM 遮挡、自由空间损耗与双向预算
T028,投送,19703.270195939378,19723.070195939377,直连,,1943,PASS,exact_point,2.2478131175972464,3054.2044276465326,,,独立计算 DEM 遮挡、自由空间损耗与双向预算
T028,投送,19723.070195939377,19742.87019593938,直连,,1944,PASS,exact_point,2.2478131175972464,3054.2044276465326,,,独立计算 DEM 遮挡、自由空间损耗与双向预算
T028,投送,19742.87019593938,19762.67019593938,直连,,1945,PASS,exact_point,2.2478131175972464,3054.2044276465326,,,独立计算 DEM 遮挡、自由空间损耗与双向预算
T028,投送,19762.67019593938,19782.47019593938,直连,,1946,PASS,exact_point,2.2478131175972464,3054.2044276465326,,,独立计算 DEM 遮挡、自由空间损耗与双向预算
T028,投送,19782.47019593938,19802.270195939378,直连,,1947,PASS,exact_point,2.2478131175972464,3054.2044276465326,,,独立计算 DEM 遮挡、自由空间损耗与双向预算
T028,爬升,19802.270195939378,19820.08151796086,直连,,1948,PASS,worst_obstruction_endpoint_distance,2.2453855868061083,3055.0581354130627,True,,端点最大距离且全时段按遮挡计损仍满足双向预算
T028,爬升,19820.08151796086,19837.89283998235,直连,,1949,PASS,worst_obstruction_endpoint_distance,2.2411156161546586,3056.5603667445057,True,,端点最大距离且全时段按遮挡计损仍满足双向预算
T028,巡航,19837.89283998235,19856.401862422594,直连,,1950,PASS,worst_obstruction_endpoint_distance,2.2411156161546586,3056.5603667445057,True,,端点最大距离且全时段按遮挡计损仍满足双向预算
T028,巡航,19856.401862422594,19874.91088486284,直连,,1951,PASS,worst_obstruction_endpoint_distance,3.067435566266326,2779.1819466890624,True,,端点最大距离且全时段按遮挡计损仍满足双向预算
T028,巡航,19874.91088486284,19893.419907303083,直连,,1952,PASS,worst_obstruction_endpoint_distance,3.9805132818098343,2501.8605217539953,True,,端点最大距离且全时段按遮挡计损仍满足双向预算
T028,巡航,19893.419907303083,19911.928929743328,直连,,1953,PASS,worst_obstruction_endpoint_distance,5.000668542679023,2224.6174071251694,True,,端点最大距离且全时段按遮挡计损仍满足双向预算
T028,巡航,19911.928929743328,19930.437952183573,直连,,1954,PASS,worst_obstruction_endpoint_distance,6.156288066488344,1947.4860477341674,True,,端点最大距离且全时段按遮挡计损仍满足双向预算
T028,巡航,19930.437952183573,19948.946974623817,直连,,1955,PASS,worst_obstruction_endpoint_distance,7.488730846575692,1670.5220634325021,True,,端点最大距离且全时段按遮挡计损仍满足双向预算
T028,巡航,19948.946974623817,19967.455997064066,直连,,1956,PASS,worst_obstruction_endpoint_distance,9.06160871006314,1393.8252340138579,True,,端点最大距离且全时段按遮挡计损仍满足双向预算
T028,巡航,19967.455997064066,19985.96501950431,直连,,1957,PASS,worst_obstruction_endpoint_distance,10.980093890191213,1117.5940057971984,True,,端点最大距离且全时段按遮挡计损仍满足双向预算
T028,巡航,19985.96501950431,20004.474041944555,直连,,1958,PASS,worst_obstruction_endpoint_distance,13.436577431180993,842.286590702294,True,,端点最大距离且全时段按遮挡计损仍满足双向预算
T028,巡航,20004.474041944555,20022.9830643848,直连,,1959,PASS,worst_obstruction_endpoint_distance,16.83979160829456,569.2449386880037,True,,端点最大距离且全时段按遮挡计损仍满足双向预算
T028,巡航,20022.9830643848,20041.492086825045,直连,,1960,PASS,worst_obstruction_endpoint_distance,22.2704985239005,304.6238004959094,True,,端点最大距离且全时段按遮挡计损仍满足双向预算
T028,下降,20041.492086825045,20059.661663088475,直连,,1961,PASS,worst_obstruction_endpoint_distance,29.982830377148545,125.356610107422,True,,端点最大距离且全时段按遮挡计损仍满足双向预算
T028,下降,20059.661663088475,20077.8312393519,直连,,1962,PASS,worst_obstruction_endpoint_distance,32.9562714401921,89.01745758056285,True,,端点最大距离且全时段按遮挡计损仍满足双向预算
T028,下降,20077.8312393519,20096.000815615327,直连,,1963,PASS,worst_obstruction_endpoint_distance,37.513139307574534,52.678305053711,True,,端点最大距离且全时段按遮挡计损仍满足双向预算
T028,下降,20096.000815615327,20114.170391878757,直连,,1964,PASS,worst_obstruction_endpoint_distance,45.92517525248826,20.0,True,,端点最大距离且全时段按遮挡计损仍满足双向预算
T029,爬升,19634.0,19653.293517252605,直连,,1965,PASS,worst_obstruction_endpoint_distance,42.93039059934205,28.23379313151247,True,,端点最大距离且全时段按遮挡计损仍满足双向预算
T029,爬升,19653.293517252605,19672.58703450521,直连,,1966,PASS,worst_obstruction_endpoint_distance,34.27622753204119,76.46758626302494,True,,端点最大距离且全时段按遮挡计损仍满足双向预算
T029,爬升,19672.58703450521,19691.88055175781,直连,,1967,PASS,worst_obstruction_endpoint_distance,30.028350015985524,124.70137939452832,True,,端点最大距离且全时段按遮挡计损仍满足双向预算
T029,爬升,19691.88055175781,19711.174069010416,直连,,1968,PASS,worst_obstruction_endpoint_distance,27.18810853562924,172.9351725260408,True,,端点最大距离且全时段按遮挡计损仍满足双向预算
T029,爬升,19711.174069010416,19730.46758626302,直连,,1969,PASS,worst_obstruction_endpoint_distance,25.05129142823644,221.16896565755326,True,,端点最大距离且全时段按遮挡计损仍满足双向预算
T029,爬升,19730.46758626302,19749.761103515626,直连,,1970,PASS,worst_obstruction_endpoint_distance,23.337734390683835,269.4027587890657,True,,端点最大距离且全时段按遮挡计损仍满足双向预算
T029,爬升,19749.761103515626,19769.054620768227,直连,,1971,PASS,worst_obstruction_endpoint_distance,21.907165707291,317.63655192056905,True,,端点最大距离且全时段按遮挡计损仍满足双向预算
T029,爬升,19769.054620768227,19788.348138020832,直连,,1972,PASS,worst_obstruction_endpoint_distance,20.679230966315544,365.87034505208163,True,,端点最大距离且全时段按遮挡计损仍满足双向预算
T029,爬升,19788.348138020832,19807.641655273437,直连,,1973,PASS,worst_obstruction_endpoint_distance,19.603583756332725,414.104138183594,True,,端点最大距离且全时段按遮挡计损仍满足双向预算
T029,巡航,19807.641655273437,19827.010529185573,直连,,1974,PASS,worst_obstruction_endpoint_distance,17.86521275478873,505.8574151885178,True,,端点最大距离且全时段按遮挡计损仍满足双向预算
T029,巡航,19827.010529185573,19846.379403097708,直连,,1975,PASS,worst_obstruction_endpoint_distance,14.877571997569547,713.5265841036068,True,,端点最大距离且全时段按遮挡计损仍满足双向预算
T029,巡航,19846.379403097708,19865.748277009847,直连,,1976,PASS,worst_obstruction_endpoint_distance,12.255496498365815,964.9702702284851,True,,端点最大距离且全时段按遮挡计损仍满足双向预算
T029,巡航,19865.748277009847,19885.117150921982,直连,,1977,PASS,worst_obstruction_endpoint_distance,10.121531530871934,1233.707434162586,True,,端点最大距离且全时段按遮挡计损仍满足双向预算
T029,巡航,19885.117150921982,19904.486024834117,直连,,1978,PASS,worst_obstruction_endpoint_distance,8.363152781545892,1510.5361360364743,True,,端点最大距离且全时段按遮挡计损仍满足双向预算
T029,巡航,19904.486024834117,19923.854898746253,直连,,1979,PASS,worst_obstruction_endpoint_distance,6.88042209365949,1791.7097359553002,True,,端点最大距离且全时段按遮挡计损仍满足双向预算
T029,巡航,19923.854898746253,19943.22377265839,直连,,1980,PASS,worst_obstruction_endpoint_distance,5.6034748051165195,2075.4631078491716,True,,端点最大距离且全时段按遮挡计损仍满足双向预算
T029,巡航,19943.22377265839,19962.592646570527,直连,,1981,PASS,worst_obstruction_endpoint_distance,4.484347514560369,2360.8662437016196,True,,端点最大距离且全时段按遮挡计损仍满足双向预算
T029,巡航,19962.592646570527,19981.961520482662,直连,,1982,PASS,worst_obstruction_endpoint_distance,3.489431003683208,2647.3856356294796,True,,端点最大距离且全时段按遮挡计损仍满足双向预算
T029,巡航,19981.961520482662,20001.330394394798,直连,,1983,PASS,worst_obstruction_endpoint_distance,2.594517630247239,2934.6943556877736,True,,端点最大距离且全时段按遮挡计损仍满足双向预算
T029,巡航,20001.330394394798,20020.699268306937,直连,,1984,PASS,worst_obstruction_endpoint_distance,1.7816975303945526,3222.5812935216322,True,,端点最大距离且全时段按遮挡计损仍满足双向预算
T029,巡航,20020.699268306937,20040.068142219072,直连,,1985,PASS,worst_obstruction_endpoint_distance,1.0373955454072217,3510.9042140003926,True,,端点最大距离且全时段按遮挡计损仍满足双向预算
T029,巡航,20040.068142219072,20059.437016131207,直连,,1986,PASS,worst_obstruction_endpoint_distance,0.3511001857511502,3799.563867195433,True,,端点最大距离且全时段按遮挡计损仍满足双向预算
T029,巡航,20059.437016131207,20078.805890043343,中继,R014,1987,PASS,worst_obstruction_endpoint_distance,0.9845112323786225,1770.3665557193347,True,,端点最大距离且全时段按遮挡计损仍满足双向预算
T029,巡航,20078.805890043343,20098.174763955478,中继,R014,1988,PASS,worst_obstruction_endpoint_distance,2.5205068448939016,1483.4175612415986,True,,端点最大距离且全时段按遮挡计损仍满足双向预算
T029,巡航,20098.174763955478,20117.543637867617,中继,R015,1989,PASS,worst_obstruction_endpoint_distance,0.0628790026399173,1968.5425575419595,True,,端点最大距离且全时段按遮挡计损仍满足双向预算
T029,巡航,20117.543637867617,20136.912511779752,中继,R014,1990,PASS,worst_obstruction_endpoint_distance,6.704821087598461,916.3211354232054,True,,端点最大距离且全时段按遮挡计损仍满足双向预算
T029,巡航,20136.912511779752,20156.281385691887,中继,R014,1991,PASS,worst_obstruction_endpoint_distance,9.792259352295744,642.2081174014426,True,,端点最大距离且全时段按遮挡计损仍满足双向预算
T029,巡航,20156.281385691887,20175.650259604023,中继,R014,1992,PASS,worst_obstruction_endpoint_distance,14.069522297381894,392.475583151711,True,,端点最大距离且全时段按遮挡计损仍满足双向预算
T029,巡航,20175.650259604023,20195.01913351616,中继,R014,1993,PASS,worst_obstruction_endpoint_distance,14.37103699044114,379.0852693535973,True,,端点最大距离且全时段按遮挡计损仍满足双向预算
T029,巡航,20195.01913351616,20214.388007428297,中继,R014,1994,PASS,worst_obstruction_endpoint_distance,10.015481333898364,625.9140373865304,True,,端点最大距离且全时段按遮挡计损仍满足双向预算
T029,巡航,20214.388007428297,20233.756881340432,中继,R014,1995,PASS,worst_obstruction_endpoint_distance,6.868168733638754,899.24974141508,True,,端点最大距离且全时段按遮挡计损仍满足双向预算
T029,巡航,20233.756881340432,20253.125755252568,中继,R014,1996,PASS,worst_obstruction_endpoint_distance,4.50205470389983,1180.8263154052167,True,,端点最大距离且全时段按遮挡计损仍满足双向预算
T029,巡航,20253.125755252568,20272.494629164707,中继,R014,1997,PASS,worst_obstruction_endpoint_distance,2.623672825457575,1465.902606366813,True,,端点最大距离且全时段按遮挡计损仍满足双向预算
T029,巡航,20272.494629164707,20291.863503076842,中继,R014,1998,PASS,worst_obstruction_endpoint_distance,1.0712674676761509,1752.7718305681353,True,,端点最大距离且全时段按遮挡计损仍满足双向预算
T029,下降,20291.863503076842,20310.472181258807,中继,R014,1999,PASS,worst_obstruction_endpoint_distance,1.0712674676761509,1752.7718305681353,True,,端点最大距离且全时段按遮挡计损仍满足双向预算
T029,下降,20310.472181258807,20329.08085944077,中继,R014,2000,PASS,worst_obstruction_endpoint_distance,1.0785113452195105,1751.3106594017015,True,,端点最大距离且全时段按遮挡计损仍满足双向预算
T029,下降,20329.08085944077,20347.68953762274,中继,R014,2001,PASS,worst_obstruction_endpoint_distance,1.0812441152334031,1750.759745603046,True,,端点最大距离且全时段按遮挡计损仍满足双向预算
T029,下降,20347.68953762274,20366.298215804705,中继,R014,2002,PASS,worst_obstruction_endpoint_distance,1.0767256110411552,1751.670748803328,True,,端点最大距离且全时段按遮挡计损仍满足双向预算
T029,下降,20366.298215804705,20384.90689398667,中继,R014,2003,PASS,worst_obstruction_endpoint_distance,1.0682966095587574,1753.3714383529293,True,,端点最大距离且全时段按遮挡计损仍满足双向预算
T029,下降,20384.90689398667,20403.51557216864,中继,R014,2004,PASS,worst_obstruction_endpoint_distance,1.0559798351574585,1755.8595196313033,True,,端点最大距离且全时段按遮挡计损仍满足双向预算
T029,投送,20403.51557216864,20423.315572168638,中继,R014,2005,PASS,exact_point,11.055979835157459,1755.8595196313033,,,独立计算 DEM 遮挡、自由空间损耗与双向预算
T029,投送,20423.315572168638,20443.115572168637,中继,R014,2006,PASS,exact_point,11.055979835157459,1755.8595196313033,,,独立计算 DEM 遮挡、自由空间损耗与双向预算
T029,投送,20443.115572168637,20462.915572168637,中继,R014,2007,PASS,exact_point,11.055979835157459,1755.8595196313033,,,独立计算 DEM 遮挡、自由空间损耗与双向预算
T029,投送,20462.915572168637,20482.71557216864,中继,R014,2008,PASS,exact_point,11.055979835157459,1755.8595196313033,,,独立计算 DEM 遮挡、自由空间损耗与双向预算
T029,投送,20482.71557216864,20502.51557216864,中继,R014,2009,PASS,exact_point,11.055979835157459,1755.8595196313033,,,独立计算 DEM 遮挡、自由空间损耗与双向预算
T029,投送,20502.51557216864,20522.315572168638,中继,R014,2010,PASS,exact_point,11.055979835157459,1755.8595196313033,,,独立计算 DEM 遮挡、自由空间损耗与双向预算
T029,投送,20522.315572168638,20542.115572168637,中继,R014,2011,PASS,exact_point,11.055979835157459,1755.8595196313033,,,独立计算 DEM 遮挡、自由空间损耗与双向预算
T029,投送,20542.115572168637,20561.915572168637,中继,R014,2012,PASS,exact_point,11.055979835157459,1755.8595196313033,,,独立计算 DEM 遮挡、自由空间损耗与双向预算
T029,投送,20561.915572168637,20581.71557216864,中继,R014,2013,PASS,exact_point,11.055979835157459,1755.8595196313033,,,独立计算 DEM 遮挡、自由空间损耗与双向预算
T029,投送,20581.71557216864,20601.51557216864,中继,R014,2014,PASS,exact_point,11.055979835157459,1755.8595196313033,,,独立计算 DEM 遮挡、自由空间损耗与双向预算
T029,投送,20601.51557216864,20621.315572168638,中继,R014,2015,PASS,exact_point,11.055979835157459,1755.8595196313033,,,独立计算 DEM 遮挡、自由空间损耗与双向预算
T029,投送,20621.315572168638,20641.115572168637,中继,R014,2016,PASS,exact_point,11.055979835157459,1755.8595196313033,,,独立计算 DEM 遮挡、自由空间损耗与双向预算
T029,投送,20641.115572168637,20660.915572168637,中继,R014,2017,PASS,exact_point,11.055979835157459,1755.8595196313033,,,独立计算 DEM 遮挡、自由空间损耗与双向预算
T029,投送,20660.915572168637,20680.71557216864,中继,R014,2018,PASS,exact_point,11.055979835157459,1755.8595196313033,,,独立计算 DEM 遮挡、自由空间损耗与双向预算
T029,投送,20680.71557216864,20700.51557216864,中继,R014,2019,PASS,exact_point,11.055979835157459,1755.8595196313033,,,独立计算 DEM 遮挡、自由空间损耗与双向预算
T029,投送,20700.51557216864,20720.315572168638,中继,R014,2020,PASS,exact_point,11.055979835157459,1755.8595196313033,,,独立计算 DEM 遮挡、自由空间损耗与双向预算
T029,投送,20720.315572168638,20740.115572168637,中继,R014,2021,PASS,exact_point,11.055979835157459,1755.8595196313033,,,独立计算 DEM 遮挡、自由空间损耗与双向预算
T029,投送,20740.115572168637,20759.915572168637,中继,R014,2022,PASS,exact_point,11.055979835157459,1755.8595196313033,,,独立计算 DEM 遮挡、自由空间损耗与双向预算
T029,投送,20759.915572168637,20779.71557216864,中继,R014,2023,PASS,exact_point,11.055979835157459,1755.8595196313033,,,独立计算 DEM 遮挡、自由空间损耗与双向预算
T029,投送,20779.71557216864,20799.51557216864,中继,R014,2024,PASS,exact_point,11.055979835157459,1755.8595196313033,,,独立计算 DEM 遮挡、自由空间损耗与双向预算
T029,爬升,20799.51557216864,20817.379903223326,中继,R014,2025,PASS,worst_obstruction_endpoint_distance,1.0559798351574585,1755.8595196313033,True,,端点最大距离且全时段按遮挡计损仍满足双向预算
T029,爬升,20817.379903223326,20835.244234278012,中继,R014,2026,PASS,worst_obstruction_endpoint_distance,1.070294308703211,1752.9682204905328,True,,端点最大距离且全时段按遮挡计损仍满足双向预算
T029,爬升,20835.244234278012,20853.1085653327,中继,R014,2027,PASS,worst_obstruction_endpoint_distance,1.0790031937744118,1751.2114922161777,True,,端点最大距离且全时段按遮挡计损仍满足双向预算
T029,爬升,20853.1085653327,20870.97289638739,中继,R014,2028,PASS,worst_obstruction_endpoint_distance,1.079490722717381,1751.1132014983284,True,,端点最大距离且全时段按遮挡计损仍满足双向预算
T029,爬升,20870.97289638739,20888.837227442076,中继,R014,2029,PASS,worst_obstruction_endpoint_distance,1.0712674676761509,1752.7718305681353,True,,端点最大距离且全时段按遮挡计损仍满足双向预算
T029,巡航,20888.837227442076,20908.20610135421,中继,R014,2030,PASS,worst_obstruction_endpoint_distance,1.0712674676761509,1752.7718305681353,True,,端点最大距离且全时段按遮挡计损仍满足双向预算
T029,巡航,20908.20610135421,20927.574975266347,中继,R014,2031,PASS,worst_obstruction_endpoint_distance,2.623672825457902,1465.9026063667584,True,,端点最大距离且全时段按遮挡计损仍满足双向预算
T029,巡航,20927.574975266347,20946.943849178482,中继,R014,2032,PASS,worst_obstruction_endpoint_distance,4.502054703899418,1180.826315405272,True,,端点最大距离且全时段按遮挡计损仍满足双向预算
T029,巡航,20946.943849178482,20966.31272309062,中继,R014,2033,PASS,worst_obstruction_endpoint_distance,6.868168733638754,899.24974141508,True,,端点最大距离且全时段按遮挡计损仍满足双向预算
T029,巡航,20966.31272309062,20985.681597002756,中继,R014,2034,PASS,worst_obstruction_endpoint_distance,10.015481333898364,625.9140373865304,True,,端点最大距离且全时段按遮挡计损仍满足双向预算
T029,巡航,20985.681597002756,21005.05047091489,中继,R014,2035,PASS,worst_obstruction_endpoint_distance,14.37103699044114,379.0852693535973,True,,端点最大距离且全时段按遮挡计损仍满足双向预算
T029,巡航,21005.05047091489,21024.419344827027,中继,R014,2036,PASS,worst_obstruction_endpoint_distance,14.069522297382349,392.47558315168993,True,,端点最大距离且全时段按遮挡计损仍满足双向预算
T029,巡航,21024.419344827027,21043.788218739166,中继,R014,2037,PASS,worst_obstruction_endpoint_distance,9.792259352295261,642.2081174014783,True,,端点最大距离且全时段按遮挡计损仍满足双向预算
T029,巡航,21043.788218739166,21063.1570926513,中继,R014,2038,PASS,worst_obstruction_endpoint_distance,6.704821087598461,916.3211354232054,True,,端点最大距离且全时段按遮挡计损仍满足双向预算
T029,巡航,21063.1570926513,21082.525966563437,中继,R015,2039,PASS,worst_obstruction_endpoint_distance,0.0628790026399173,1968.5425575419595,True,,端点最大距离且全时段按遮挡计损仍满足双向预算
T029,巡航,21082.525966563437,21101.894840475572,中继,R015,2040,PASS,worst_obstruction_endpoint_distance,0.8821003810020045,1791.3635752960363,True,,端点最大距离且全时段按遮挡计损仍满足双向预算
T029,巡航,21101.894840475572,21121.263714387707,中继,R015,2041,PASS,worst_obstruction_endpoint_distance,1.6134771251282416,1646.7015793464327,True,,端点最大距离且全时段按遮挡计损仍满足双向预算
T029,巡航,21121.263714387707,21140.632588299846,直连,,2042,PASS,worst_obstruction_endpoint_distance,0.3511001857511502,3799.563867195433,True,,端点最大距离且全时段按遮挡计损仍满足双向预算
T029,巡航,21140.632588299846,21160.00146221198,直连,,2043,PASS,worst_obstruction_endpoint_distance,1.0373955454072217,3510.9042140003926,True,,端点最大距离且全时段按遮挡计损仍满足双向预算
T029,巡航,21160.00146221198,21179.370336124117,直连,,2044,PASS,worst_obstruction_endpoint_distance,1.7816975303946947,3222.581293521582,True,,端点最大距离且全时段按遮挡计损仍满足双向预算
T029,巡航,21179.370336124117,21198.739210036252,直连,,2045,PASS,worst_obstruction_endpoint_distance,2.5945176302470827,2934.6943556878236,True,,端点最大距离且全时段按遮挡计损仍满足双向预算
T029,巡航,21198.739210036252,21218.10808394839,直连,,2046,PASS,worst_obstruction_endpoint_distance,3.489431003683208,2647.3856356294796,True,,端点最大距离且全时段按遮挡计损仍满足双向预算
T029,巡航,21218.10808394839,21237.476957860526,直连,,2047,PASS,worst_obstruction_endpoint_distance,4.48434751456054,2360.8662437015696,True,,端点最大距离且全时段按遮挡计损仍满足双向预算
T029,巡航,21237.476957860526,21256.84583177266,直连,,2048,PASS,worst_obstruction_endpoint_distance,5.6034748051167185,2075.463107849122,True,,端点最大距离且全时段按遮挡计损仍满足双向预算
T029,巡航,21256.84583177266,21276.214705684797,直连,,2049,PASS,worst_obstruction_endpoint_distance,6.88042209365949,1791.7097359553002,True,,端点最大距离且全时段按遮挡计损仍满足双向预算
T029,巡航,21276.214705684797,21295.583579596932,直连,,2050,PASS,worst_obstruction_endpoint_distance,8.363152781545892,1510.5361360364743,True,,端点最大距离且全时段按遮挡计损仍满足双向预算
T029,巡航,21295.583579596932,21314.95245350907,直连,,2051,PASS,worst_obstruction_endpoint_distance,10.121531530871934,1233.707434162586,True,,端点最大距离且全时段按遮挡计损仍满足双向预算
T029,巡航,21314.95245350907,21334.321327421207,直连,,2052,PASS,worst_obstruction_endpoint_distance,12.255496498365815,964.9702702284851,True,,端点最大距离且全时段按遮挡计损仍满足双向预算
T029,巡航,21334.321327421207,21353.690201333342,直连,,2053,PASS,worst_obstruction_endpoint_distance,14.877571997569547,713.5265841036068,True,,端点最大距离且全时段按遮挡计损仍满足双向预算
T029,巡航,21353.690201333342,21373.059075245477,直连,,2054,PASS,worst_obstruction_endpoint_distance,17.86521275478823,505.85741518854684,True,,端点最大距离且全时段按遮挡计损仍满足双向预算
T029,下降,21373.059075245477,21392.79108152655,直连,,2055,PASS,worst_obstruction_endpoint_distance,19.603583756332725,414.104138183594,True,,端点最大距离且全时段按遮挡计损仍满足双向预算
T029,下降,21392.79108152655,21412.523087807625,直连,,2056,PASS,worst_obstruction_endpoint_distance,20.473489357801114,374.6401256214497,True,,端点最大距离且全时段按遮挡计损仍满足双向预算
T029,下降,21412.523087807625,21432.255094088694,直连,,2057,PASS,worst_obstruction_endpoint_distance,21.440313960409043,335.1761130592982,True,,端点最大距离且全时段按遮挡计损仍满足双向预算
T029,下降,21432.255094088694,21451.98710036977,直连,,2058,PASS,worst_obstruction_endpoint_distance,22.52839324260276,295.71210049716126,True,,端点最大距离且全时段按遮挡计损仍满足双向预算
T029,下降,21451.98710036977,21471.719106650842,直连,,2059,PASS,worst_obstruction_endpoint_distance,23.772562496384154,256.2480879350097,True,,端点最大距离且全时段按遮挡计损仍满足双向预算
T029,下降,21471.719106650842,21491.451112931914,直连,,2060,PASS,worst_obstruction_endpoint_distance,25.225227637195815,216.78407537286552,True,,端点最大距离且全时段按遮挡计损仍满足双向预算
T029,下降,21491.451112931914,21511.183119212987,直连,,2061,PASS,worst_obstruction_endpoint_distance,26.970617636485557,177.32006281072125,True,,端点最大距离且全时段按遮挡计损仍满足双向预算
T029,下降,21511.183119212987,21530.91512549406,直连,,2062,PASS,worst_obstruction_endpoint_distance,29.157258540840587,137.856050248577,True,,端点最大距离且全时段按遮挡计损仍满足双向预算
T029,下降,21530.91512549406,21550.64713177513,直连,,2063,PASS,worst_obstruction_endpoint_distance,32.08657606884013,98.39203768643273,True,,端点最大距离且全时段按遮挡计损仍满足双向预算
T029,下降,21550.64713177513,21570.379138056203,直连,,2064,PASS,worst_obstruction_endpoint_distance,36.539337432273385,58.92802512428847,True,,端点最大距离且全时段按遮挡计损仍满足双向预算
T029,下降,21570.379138056203,21590.111144337276,直连,,2065,PASS,worst_obstruction_endpoint_distance,45.92517525248826,20.0,True,,端点最大距离且全时段按遮挡计损仍满足双向预算
T030,爬升,20505.0,20524.21365875244,直连,,2066,PASS,worst_obstruction_endpoint_distance,42.99202827701204,28.0341468811001,True,,端点最大距离且全时段按遮挡计损仍满足双向预算
T030,爬升,20524.21365875244,20543.427317504884,直连,,2067,PASS,worst_obstruction_endpoint_distance,34.32170166595154,76.0682937622093,True,,端点最大距离且全时段按遮挡计损仍满足双向预算
T030,爬升,20543.427317504884,20562.640976257324,直连,,2068,PASS,worst_obstruction_endpoint_distance,30.070168714278594,124.10244064330936,True,,端点最大距离且全时段按遮挡计损仍满足双向预算
T030,爬升,20562.640976257324,20581.854635009764,直连,,2069,PASS,worst_obstruction_endpoint_distance,27.228311382556754,172.1365875244095,True,,端点最大距离且全时段按遮挡计损仍满足双向预算
T030,爬升,20581.854635009764,20601.068293762208,直连,,2070,PASS,worst_obstruction_endpoint_distance,25.09058334452179,220.17073440551866,True,,端点最大距离且全时段按遮挡计损仍满足双向预算
T030,爬升,20601.068293762208,20620.281952514648,直连,,2071,PASS,worst_obstruction_endpoint_distance,23.376441612193645,268.20488128661873,True,,端点最大距离且全时段按遮挡计损仍满足双向预算
T030,爬升,20620.281952514648,20639.49561126709,直连,,2072,PASS,worst_obstruction_endpoint_distance,21.945465831584244,316.23902816772795,True,,端点最大距离且全时段按遮挡计损仍满足双向预算
T030,爬升,20639.49561126709,20658.70927001953,直连,,2073,PASS,worst_obstruction_endpoint_distance,20.717231343301734,364.273175048828,True,,端点最大距离且全时段按遮挡计损仍满足双向预算
T030,巡航,20658.70927001953,20677.603136667916,直连,,2074,PASS,worst_obstruction_endpoint_distance,18.661672477929415,461.5355244926001,True,,端点最大距离且全时段按遮挡计损仍满足双向预算
T030,巡航,20677.603136667916,20696.497003316304,直连,,2075,PASS,worst_obstruction_endpoint_distance,15.375452699934556,673.7769091431577,True,,端点最大距离且全时段按遮挡计损仍满足双向预算
T030,巡航,20696.497003316304,20715.39086996469,直连,,2076,PASS,worst_obstruction_endpoint_distance,12.623190271631984,924.9734022323017,True,,端点最大距离且全时段按遮挡计损仍满足双向预算
T030,巡航,20715.39086996469,20734.284736613077,直连,,2077,PASS,worst_obstruction_endpoint_distance,10.429575041650054,1190.7209811695823,True,,端点最大距离且全时段按遮挡计损仍满足双向预算
T030,巡航,20734.284736613077,20753.178603261462,直连,,2078,PASS,worst_obstruction_endpoint_distance,8.64022254510887,1463.1121979446089,True,,端点最大距离且全时段按遮挡计损仍满足双向预算
T030,巡航,20753.178603261462,20772.072469909846,直连,,2079,PASS,worst_obstruction_endpoint_distance,7.13964373616092,1739.0279874599464,True,,端点最大距离且全时段按遮挡计损仍满足双向预算
T030,巡航,20772.072469909846,20790.966336558235,直连,,2080,PASS,worst_obstruction_endpoint_distance,5.851560521092864,2017.0224508369258,True,,端点最大距离且全时段按遮挡计损仍满足双向预算
T030,巡航,20790.966336558235,20809.86020320662,直连,,2081,PASS,worst_obstruction_endpoint_distance,4.725048394892426,2296.340780852931,True,,端点最大距离且全时段按遮挡计损仍满足双向预算
T030,巡航,20809.86020320662,20828.754069855007,直连,,2082,PASS,worst_obstruction_endpoint_distance,3.7249953747456317,2576.552461149355,True,,端点最大距离且全时段按遮挡计损仍满足双向预算
T030,巡航,20828.754069855007,20847.647936503392,直连,,2083,PASS,worst_obstruction_endpoint_distance,2.8263705191290995,2857.394683434026,True,,端点最大距离且全时段按遮挡计损仍满足双向预算
T030,巡航,20847.647936503392,20866.54180315178,直连,,2084,PASS,worst_obstruction_endpoint_distance,2.010784013786406,3138.698194697621,True,,端点最大距离且全时段按遮挡计损仍满足双向预算
T030,巡航,20866.54180315178,20885.435669800165,直连,,2085,PASS,worst_obstruction_endpoint_distance,1.2643662606990915,3420.3491819541655,True,,端点最大距离且全时段按遮挡计损仍满足双向预算
T030,巡航,20885.435669800165,20904.32953644855,直连,,2086,PASS,worst_obstruction_endpoint_distance,0.5764172950555349,3702.2683430850543,True,,端点最大距离且全时段按遮挡计损仍满足双向预算
T030,巡航,20904.32953644855,20923.223403096938,中继,R014,2087,PASS,worst_obstruction_endpoint_distance,0.5970868152485878,1851.1193369976415,True,,端点最大距离且全时段按遮挡计损仍满足双向预算
T030,巡航,20923.223403096938,20942.117269745322,中继,R014,2088,PASS,worst_obstruction_endpoint_distance,2.0387268612306,1568.0229513815293,True,,端点最大距离且全时段按遮挡计损仍满足双向预算
T030,巡航,20942.117269745322,20961.01113639371,中继,R014,2089,PASS,worst_obstruction_endpoint_distance,3.7672803950872833,1285.0639442954687,True,,端点最大距离且全时段按遮挡计损仍满足双向预算
T030,下降,20961.01113639371,20977.358453898592,中继,R014,2090,PASS,worst_obstruction_endpoint_distance,5.925312180250401,1002.3586655558703,True,,端点最大距离且全时段按遮挡计损仍满足双向预算
T030,下降,20977.358453898592,20993.705771403475,中继,R014,2091,PASS,worst_obstruction_endpoint_distance,5.928065501282532,1002.0409804432401,True,,端点最大距离且全时段按遮挡计损仍满足双向预算
T030,下降,20993.705771403475,21010.053088908357,中继,R014,2092,PASS,worst_obstruction_endpoint_distance,5.915590178121477,1003.48122055137,True,,端点最大距离且全时段按遮挡计损仍满足双向预算
T030,下降,21010.053088908357,21026.40040641324,中继,R014,2093,PASS,worst_obstruction_endpoint_distance,5.8939662993288096,1005.9825405183373,True,,端点最大距离且全时段按遮挡计损仍满足双向预算
T030,下降,21026.40040641324,21042.747723918124,中继,R014,2094,PASS,worst_obstruction_endpoint_distance,5.863329893920252,1009.5370532937532,True,,端点最大距离且全时段按遮挡计损仍满足双向预算
T030,投送,21042.747723918124,21061.94772391812,中继,R014,2095,PASS,exact_point,15.863329893920252,1009.5370532937532,,,独立计算 DEM 遮挡、自由空间损耗与双向预算
T030,投送,21061.94772391812,21081.147723918122,中继,R014,2096,PASS,exact_point,15.863329893920252,1009.5370532937532,,,独立计算 DEM 遮挡、自由空间损耗与双向预算
T030,投送,21081.147723918122,21100.347723918123,中继,R014,2097,PASS,exact_point,15.863329893920252,1009.5370532937532,,,独立计算 DEM 遮挡、自由空间损耗与双向预算
T030,投送,21100.347723918123,21119.547723918124,中继,R014,2098,PASS,exact_point,15.863329893920252,1009.5370532937532,,,独立计算 DEM 遮挡、自由空间损耗与双向预算
T030,投送,21119.547723918124,21138.747723918124,中继,R014,2099,PASS,exact_point,15.863329893920252,1009.5370532937532,,,独立计算 DEM 遮挡、自由空间损耗与双向预算
T030,投送,21138.747723918124,21157.94772391812,中继,R014,2100,PASS,exact_point,15.863329893920252,1009.5370532937532,,,独立计算 DEM 遮挡、自由空间损耗与双向预算
T030,投送,21157.94772391812,21177.147723918122,中继,R014,2101,PASS,exact_point,15.863329893920252,1009.5370532937532,,,独立计算 DEM 遮挡、自由空间损耗与双向预算
T030,投送,21177.147723918122,21196.347723918123,中继,R014,2102,PASS,exact_point,15.863329893920252,1009.5370532937532,,,独立计算 DEM 遮挡、自由空间损耗与双向预算
T030,投送,21196.347723918123,21215.547723918124,中继,R014,2103,PASS,exact_point,15.863329893920252,1009.5370532937532,,,独立计算 DEM 遮挡、自由空间损耗与双向预算
T030,投送,21215.547723918124,21234.747723918124,中继,R014,2104,PASS,exact_point,15.863329893920252,1009.5370532937532,,,独立计算 DEM 遮挡、自由空间损耗与双向预算
T030,投送,21234.747723918124,21253.94772391812,中继,R014,2105,PASS,exact_point,15.863329893920252,1009.5370532937532,,,独立计算 DEM 遮挡、自由空间损耗与双向预算
T030,投送,21253.94772391812,21273.147723918122,中继,R014,2106,PASS,exact_point,15.863329893920252,1009.5370532937532,,,独立计算 DEM 遮挡、自由空间损耗与双向预算
T030,投送,21273.147723918122,21292.347723918123,中继,R014,2107,PASS,exact_point,15.863329893920252,1009.5370532937532,,,独立计算 DEM 遮挡、自由空间损耗与双向预算
T030,投送,21292.347723918123,21311.547723918124,中继,R014,2108,PASS,exact_point,15.863329893920252,1009.5370532937532,,,独立计算 DEM 遮挡、自由空间损耗与双向预算
T030,投送,21311.547723918124,21330.747723918124,中继,R014,2109,PASS,exact_point,15.863329893920252,1009.5370532937532,,,独立计算 DEM 遮挡、自由空间损耗与双向预算
T030,爬升,21330.747723918124,21347.095041423006,中继,R014,2110,PASS,worst_obstruction_endpoint_distance,5.863329893920252,1009.5370532937532,True,,端点最大距离且全时段按遮挡计损仍满足双向预算
T030,爬升,21347.095041423006,21363.44235892789,中继,R014,2111,PASS,worst_obstruction_endpoint_distance,5.900223455630936,1005.258110028668,True,,端点最大距离且全时段按遮挡计损仍满足双向预算
T030,爬升,21363.44235892789,21379.78967643277,中继,R014,2112,PASS,worst_obstruction_endpoint_distance,5.9229777164137545,1002.6281007700978,True,,端点最大距离且全时段按遮挡计损仍满足双向预算
T030,爬升,21379.78967643277,21396.136993937653,中继,R014,2113,PASS,worst_obstruction_endpoint_distance,5.925312180250401,1002.3586655558703,True,,端点最大距离且全时段按遮挡计损仍满足双向预算
T030,巡航,21396.136993937653,21415.03086058604,中继,R014,2114,PASS,worst_obstruction_endpoint_distance,3.7672803950872833,1285.0639442954687,True,,端点最大距离且全时段按遮挡计损仍满足双向预算
T030,巡航,21415.03086058604,21433.924727234426,中继,R014,2115,PASS,worst_obstruction_endpoint_distance,2.0387268612306,1568.0229513815293,True,,端点最大距离且全时段按遮挡计损仍满足双向预算
T030,巡航,21433.924727234426,21452.818593882814,中继,R014,2116,PASS,worst_obstruction_endpoint_distance,0.5970868152485878,1851.1193369976415,True,,端点最大距离且全时段按遮挡计损仍满足双向预算
T030,巡航,21452.818593882814,21471.7124605312,直连,,2117,PASS,worst_obstruction_endpoint_distance,0.5764172950555349,3702.2683430850543,True,,端点最大距离且全时段按遮挡计损仍满足双向预算
T030,巡航,21471.7124605312,21490.606327179587,直连,,2118,PASS,worst_obstruction_endpoint_distance,1.2643662606990915,3420.3491819541655,True,,端点最大距离且全时段按遮挡计损仍满足双向预算
T030,巡航,21490.606327179587,21509.50019382797,直连,,2119,PASS,worst_obstruction_endpoint_distance,2.010784013786548,3138.6981946975716,True,,端点最大距离且全时段按遮挡计损仍满足双向预算
T030,巡航,21509.50019382797,21528.394060476356,直连,,2120,PASS,worst_obstruction_endpoint_distance,2.8263705191290995,2857.394683434026,True,,端点最大距离且全时段按遮挡计损仍满足双向预算
T030,巡航,21528.394060476356,21547.287927124744,直连,,2121,PASS,worst_obstruction_endpoint_distance,3.7249953747456317,2576.552461149355,True,,端点最大距离且全时段按遮挡计损仍满足双向预算
T030,巡航,21547.287927124744,21566.18179377313,直连,,2122,PASS,worst_obstruction_endpoint_distance,4.725048394892426,2296.340780852931,True,,端点最大距离且全时段按遮挡计损仍满足双向预算
T030,巡航,21566.18179377313,21585.075660421517,直连,,2123,PASS,worst_obstruction_endpoint_distance,5.851560521092864,2017.0224508369258,True,,端点最大距离且全时段按遮挡计损仍满足双向预算
T030,巡航,21585.075660421517,21603.9695270699,直连,,2124,PASS,worst_obstruction_endpoint_distance,7.13964373616092,1739.0279874599464,True,,端点最大距离且全时段按遮挡计损仍满足双向预算
T030,巡航,21603.9695270699,21622.86339371829,直连,,2125,PASS,worst_obstruction_endpoint_distance,8.64022254510887,1463.1121979446089,True,,端点最大距离且全时段按遮挡计损仍满足双向预算
T030,巡航,21622.86339371829,21641.757260366674,直连,,2126,PASS,worst_obstruction_endpoint_distance,10.429575041650054,1190.7209811695823,True,,端点最大距离且全时段按遮挡计损仍满足双向预算
T030,巡航,21641.757260366674,21660.65112701506,直连,,2127,PASS,worst_obstruction_endpoint_distance,12.623190271631984,924.9734022323017,True,,端点最大距离且全时段按遮挡计损仍满足双向预算
T030,巡航,21660.65112701506,21679.544993663447,直连,,2128,PASS,worst_obstruction_endpoint_distance,15.375452699934556,673.7769091431577,True,,端点最大距离且全时段按遮挡计损仍满足双向预算
T030,巡航,21679.544993663447,21698.43886031183,直连,,2129,PASS,worst_obstruction_endpoint_distance,18.661672477929415,461.5355244926001,True,,端点最大距离且全时段按遮挡计损仍满足双向预算
T030,下降,21698.43886031183,21717.652519064275,直连,,2130,PASS,worst_obstruction_endpoint_distance,20.717231343301734,364.273175048828,True,,端点最大距离且全时段按遮挡计损仍满足双向预算
T030,下降,21717.652519064275,21736.866177816715,直连,,2131,PASS,worst_obstruction_endpoint_distance,21.685531081553407,325.84585754394084,True,,端点最大距离且全时段按遮挡计损仍满足双向预算
T030,下降,21736.866177816715,21756.079836569155,直连,,2132,PASS,worst_obstruction_endpoint_distance,22.77547958521366,287.41854003906093,True,,端点最大距离且全时段按遮挡计损仍满足双向预算
T030,下降,21756.079836569155,21775.2934953216,直连,,2133,PASS,worst_obstruction_endpoint_distance,24.022094414388107,248.99122253418108,True,,端点最大距离且全时段按遮挡计损仍满足双向预算
T030,下降,21775.2934953216,21794.50715407404,直连,,2134,PASS,worst_obstruction_endpoint_distance,25.478096640754416,210.5639050292939,True,,端点最大距离且全时段按遮挡计损仍满足双向预算
T030,下降,21794.50715407404,21813.72081282648,直连,,2135,PASS,worst_obstruction_endpoint_distance,27.22831138255654,172.13658752441398,True,,端点最大距离且全时段按遮挡计损仍满足双向预算
T030,下降,21813.72081282648,21832.934471578923,直连,,2136,PASS,worst_obstruction_endpoint_distance,29.422544809792257,133.70927001953413,True,,端点最大距离且全时段按遮挡计损仍满足双向预算
T030,下降,21832.934471578923,21852.148130331363,直连,,2137,PASS,worst_obstruction_endpoint_distance,32.365562203484075,95.28195251464695,True,,端点最大距离且全时段按遮挡计损仍满足双向预算
T030,下降,21852.148130331363,21871.361789083807,直连,,2138,PASS,worst_obstruction_endpoint_distance,36.85045764910598,56.854635009767094,True,,端点最大距离且全时段按遮挡计损仍满足双向预算
T030,下降,21871.361789083807,21890.575447836247,直连,,2139,PASS,worst_obstruction_endpoint_distance,45.92517525248826,20.0,True,,端点最大距离且全时段按遮挡计损仍满足双向预算
T031,爬升,22080.0,22099.380881347657,直连,,2140,PASS,worst_obstruction_endpoint_distance,42.86345708049045,28.452203369143717,True,,端点最大距离且全时段按遮挡计损仍满足双向预算
T031,爬升,22099.380881347657,22118.761762695314,直连,,2141,PASS,worst_obstruction_endpoint_distance,34.22675064092576,76.9044067382874,True,,端点最大距离且全时段按遮挡计损仍满足双向预算
T031,爬升,22118.761762695314,22138.142644042968,直连,,2142,PASS,worst_obstruction_endpoint_distance,29.982830377148545,125.356610107422,True,,端点最大距离且全时段按遮挡计损仍满足双向预算
T031,巡航,22138.142644042968,22156.651666483212,直连,,2143,PASS,worst_obstruction_endpoint_distance,22.2704985239005,304.6238004959094,True,,端点最大距离且全时段按遮挡计损仍满足双向预算
T031,巡航,22156.651666483212,22175.16068892346,直连,,2144,PASS,worst_obstruction_endpoint_distance,16.83979160829456,569.2449386880037,True,,端点最大距离且全时段按遮挡计损仍满足双向预算
T031,巡航,22175.16068892346,22193.669711363706,直连,,2145,PASS,worst_obstruction_endpoint_distance,13.436577431180751,842.2865907023186,True,,端点最大距离且全时段按遮挡计损仍满足双向预算
T031,巡航,22193.669711363706,22212.17873380395,直连,,2146,PASS,worst_obstruction_endpoint_distance,10.980093890191213,1117.5940057971984,True,,端点最大距离且全时段按遮挡计损仍满足双向预算
T031,巡航,22212.17873380395,22230.687756244195,直连,,2147,PASS,worst_obstruction_endpoint_distance,9.06160871006314,1393.8252340138579,True,,端点最大距离且全时段按遮挡计损仍满足双向预算
T031,巡航,22230.687756244195,22249.19677868444,直连,,2148,PASS,worst_obstruction_endpoint_distance,7.488730846575692,1670.5220634325021,True,,端点最大距离且全时段按遮挡计损仍满足双向预算
T031,巡航,22249.19677868444,22267.705801124685,直连,,2149,PASS,worst_obstruction_endpoint_distance,6.156288066488344,1947.4860477341674,True,,端点最大距离且全时段按遮挡计损仍满足双向预算
T031,巡航,22267.705801124685,22286.214823564933,直连,,2150,PASS,worst_obstruction_endpoint_distance,5.000668542679023,2224.6174071251694,True,,端点最大距离且全时段按遮挡计损仍满足双向预算
T031,巡航,22286.214823564933,22304.723846005178,直连,,2151,PASS,worst_obstruction_endpoint_distance,3.9805132818098343,2501.8605217539953,True,,端点最大距离且全时段按遮挡计损仍满足双向预算
T031,巡航,22304.723846005178,22323.232868445422,直连,,2152,PASS,worst_obstruction_endpoint_distance,3.067435566266326,2779.1819466890624,True,,端点最大距离且全时段按遮挡计损仍满足双向预算
T031,巡航,22323.232868445422,22341.741890885667,直连,,2153,PASS,worst_obstruction_endpoint_distance,2.2411156161546586,3056.5603667445057,True,,端点最大距离且全时段按遮挡计损仍满足双向预算
T031,下降,22341.741890885667,22356.584659236905,直连,,2154,PASS,worst_obstruction_endpoint_distance,2.2411156161546586,3056.5603667445057,True,,端点最大距离且全时段按遮挡计损仍满足双向预算
T031,下降,22356.584659236905,22371.42742758814,直连,,2155,PASS,worst_obstruction_endpoint_distance,2.2441667585877525,3055.486859756091,True,,端点最大距离且全时段按遮挡计损仍满足双向预算
T031,下降,22371.42742758814,22386.270195939378,直连,,2156,PASS,worst_obstruction_endpoint_distance,2.246399680237957,3054.701472633553,True,,端点最大距离且全时段按遮挡计损仍满足双向预算
T031,投送,22386.270195939378,22406.070195939377,直连,,2157,PASS,exact_point,2.2478131175972464,3054.2044276465326,,,独立计算 DEM 遮挡、自由空间损耗与双向预算
T031,投送,22406.070195939377,22425.87019593938,直连,,2158,PASS,exact_point,2.2478131175972464,3054.2044276465326,,,独立计算 DEM 遮挡、自由空间损耗与双向预算
T031,投送,22425.87019593938,22445.67019593938,直连,,2159,PASS,exact_point,2.2478131175972464,3054.2044276465326,,,独立计算 DEM 遮挡、自由空间损耗与双向预算
T031,投送,22445.67019593938,22465.47019593938,直连,,2160,PASS,exact_point,2.2478131175972464,3054.2044276465326,,,独立计算 DEM 遮挡、自由空间损耗与双向预算
T031,投送,22465.47019593938,22485.270195939378,直连,,2161,PASS,exact_point,2.2478131175972464,3054.2044276465326,,,独立计算 DEM 遮挡、自由空间损耗与双向预算
T031,投送,22485.270195939378,22505.070195939377,直连,,2162,PASS,exact_point,2.2478131175972464,3054.2044276465326,,,独立计算 DEM 遮挡、自由空间损耗与双向预算
T031,投送,22505.070195939377,22524.87019593938,直连,,2163,PASS,exact_point,2.2478131175972464,3054.2044276465326,,,独立计算 DEM 遮挡、自由空间损耗与双向预算
T031,投送,22524.87019593938,22544.67019593938,直连,,2164,PASS,exact_point,2.2478131175972464,3054.2044276465326,,,独立计算 DEM 遮挡、自由空间损耗与双向预算
T031,投送,22544.67019593938,22564.47019593938,直连,,2165,PASS,exact_point,2.2478131175972464,3054.2044276465326,,,独立计算 DEM 遮挡、自由空间损耗与双向预算
T031,投送,22564.47019593938,22584.270195939378,直连,,2166,PASS,exact_point,2.2478131175972464,3054.2044276465326,,,独立计算 DEM 遮挡、自由空间损耗与双向预算
T031,投送,22584.270195939378,22604.070195939377,直连,,2167,PASS,exact_point,2.2478131175972464,3054.2044276465326,,,独立计算 DEM 遮挡、自由空间损耗与双向预算
T031,投送,22604.070195939377,22623.87019593938,直连,,2168,PASS,exact_point,2.2478131175972464,3054.2044276465326,,,独立计算 DEM 遮挡、自由空间损耗与双向预算
T031,投送,22623.87019593938,22643.67019593938,直连,,2169,PASS,exact_point,2.2478131175972464,3054.2044276465326,,,独立计算 DEM 遮挡、自由空间损耗与双向预算
T031,投送,22643.67019593938,22663.47019593938,直连,,2170,PASS,exact_point,2.2478131175972464,3054.2044276465326,,,独立计算 DEM 遮挡、自由空间损耗与双向预算
T031,投送,22663.47019593938,22683.270195939378,直连,,2171,PASS,exact_point,2.2478131175972464,3054.2044276465326,,,独立计算 DEM 遮挡、自由空间损耗与双向预算
T031,投送,22683.270195939378,22703.070195939377,直连,,2172,PASS,exact_point,2.2478131175972464,3054.2044276465326,,,独立计算 DEM 遮挡、自由空间损耗与双向预算
T031,投送,22703.070195939377,22722.87019593938,直连,,2173,PASS,exact_point,2.2478131175972464,3054.2044276465326,,,独立计算 DEM 遮挡、自由空间损耗与双向预算
T031,投送,22722.87019593938,22742.67019593938,直连,,2174,PASS,exact_point,2.2478131175972464,3054.2044276465326,,,独立计算 DEM 遮挡、自由空间损耗与双向预算
T031,投送,22742.67019593938,22762.47019593938,直连,,2175,PASS,exact_point,2.2478131175972464,3054.2044276465326,,,独立计算 DEM 遮挡、自由空间损耗与双向预算
T031,投送,22762.47019593938,22782.270195939378,直连,,2176,PASS,exact_point,2.2478131175972464,3054.2044276465326,,,独立计算 DEM 遮挡、自由空间损耗与双向预算
T031,爬升,22782.270195939378,22800.08151796086,直连,,2177,PASS,worst_obstruction_endpoint_distance,2.2453855868061083,3055.0581354130627,True,,端点最大距离且全时段按遮挡计损仍满足双向预算
T031,爬升,22800.08151796086,22817.89283998235,直连,,2178,PASS,worst_obstruction_endpoint_distance,2.2411156161546586,3056.5603667445057,True,,端点最大距离且全时段按遮挡计损仍满足双向预算
T031,巡航,22817.89283998235,22836.401862422594,直连,,2179,PASS,worst_obstruction_endpoint_distance,2.2411156161546586,3056.5603667445057,True,,端点最大距离且全时段按遮挡计损仍满足双向预算
T031,巡航,22836.401862422594,22854.91088486284,直连,,2180,PASS,worst_obstruction_endpoint_distance,3.067435566266326,2779.1819466890624,True,,端点最大距离且全时段按遮挡计损仍满足双向预算
T031,巡航,22854.91088486284,22873.419907303083,直连,,2181,PASS,worst_obstruction_endpoint_distance,3.9805132818098343,2501.8605217539953,True,,端点最大距离且全时段按遮挡计损仍满足双向预算
T031,巡航,22873.419907303083,22891.928929743328,直连,,2182,PASS,worst_obstruction_endpoint_distance,5.000668542679023,2224.6174071251694,True,,端点最大距离且全时段按遮挡计损仍满足双向预算
T031,巡航,22891.928929743328,22910.437952183573,直连,,2183,PASS,worst_obstruction_endpoint_distance,6.156288066488344,1947.4860477341674,True,,端点最大距离且全时段按遮挡计损仍满足双向预算
T031,巡航,22910.437952183573,22928.946974623817,直连,,2184,PASS,worst_obstruction_endpoint_distance,7.488730846575692,1670.5220634325021,True,,端点最大距离且全时段按遮挡计损仍满足双向预算
T031,巡航,22928.946974623817,22947.455997064066,直连,,2185,PASS,worst_obstruction_endpoint_distance,9.06160871006314,1393.8252340138579,True,,端点最大距离且全时段按遮挡计损仍满足双向预算
T031,巡航,22947.455997064066,22965.96501950431,直连,,2186,PASS,worst_obstruction_endpoint_distance,10.980093890191213,1117.5940057971984,True,,端点最大距离且全时段按遮挡计损仍满足双向预算
T031,巡航,22965.96501950431,22984.474041944555,直连,,2187,PASS,worst_obstruction_endpoint_distance,13.436577431180993,842.286590702294,True,,端点最大距离且全时段按遮挡计损仍满足双向预算
T031,巡航,22984.474041944555,23002.9830643848,直连,,2188,PASS,worst_obstruction_endpoint_distance,16.83979160829456,569.2449386880037,True,,端点最大距离且全时段按遮挡计损仍满足双向预算
T031,巡航,23002.9830643848,23021.492086825045,直连,,2189,PASS,worst_obstruction_endpoint_distance,22.2704985239005,304.6238004959094,True,,端点最大距离且全时段按遮挡计损仍满足双向预算
T031,下降,23021.492086825045,23039.661663088475,直连,,2190,PASS,worst_obstruction_endpoint_distance,29.982830377148545,125.356610107422,True,,端点最大距离且全时段按遮挡计损仍满足双向预算
T031,下降,23039.661663088475,23057.8312393519,直连,,2191,PASS,worst_obstruction_endpoint_distance,32.9562714401921,89.01745758056285,True,,端点最大距离且全时段按遮挡计损仍满足双向预算
T031,下降,23057.8312393519,23076.000815615327,直连,,2192,PASS,worst_obstruction_endpoint_distance,37.513139307574534,52.678305053711,True,,端点最大距离且全时段按遮挡计损仍满足双向预算
T031,下降,23076.000815615327,23094.170391878757,直连,,2193,PASS,worst_obstruction_endpoint_distance,45.92517525248826,20.0,True,,端点最大距离且全时段按遮挡计损仍满足双向预算
