sortie_id,stage,start_s,end_s,mode,relay_id,comm_row_index,status,method,margin_db,worst_distance_m,pessimistic_obstructed,witness_s,reason
T001,爬升,360.0,375.10452117919925,直连,,1,PASS,worst_obstruction_endpoint_distance,43.878709413313516,25.31356353759776,True,,端点最大距离且全时段按遮挡计损仍满足双向预算
T001,爬升,375.10452117919925,390.2090423583985,直连,,2,PASS,worst_obstruction_endpoint_distance,34.966344352585295,70.62712707519552,True,,端点最大距离且全时段按遮挡计损仍满足双向预算
T001,爬升,390.2090423583985,405.31356353759776,直连,,3,PASS,worst_obstruction_endpoint_distance,30.66105750651289,115.94069061279328,True,,端点最大距离且全时段按遮挡计损仍满足双向预算
T001,爬升,405.31356353759776,420.418084716797,直连,,4,PASS,worst_obstruction_endpoint_distance,27.79555154865507,161.25425415039103,True,,端点最大距离且全时段按遮挡计损仍满足双向预算
T001,巡航,420.418084716797,440.18157194016305,直连,,5,PASS,worst_obstruction_endpoint_distance,21.38103723570191,337.4713404244516,True,,端点最大距离且全时段按遮挡计损仍满足双向预算
T001,巡航,440.18157194016305,459.9450591635291,直连,,6,PASS,worst_obstruction_endpoint_distance,16.17615903644753,614.4418760035281,True,,端点最大距离且全时段按遮挡计损仍满足双向预算
T001,巡航,459.9450591635291,479.7085463868952,直连,,7,PASS,worst_obstruction_endpoint_distance,12.823774280234389,903.8576628091926,True,,端点最大距离且全时段按遮挡计损仍满足双向预算
T001,巡航,479.7085463868952,499.47203361026124,直连,,8,PASS,worst_obstruction_endpoint_distance,10.385900789493661,1196.723223014895,True,,端点最大距离且全时段按遮挡计损仍满足双向预算
T001,巡航,499.47203361026124,519.2355208336273,直连,,9,PASS,worst_obstruction_endpoint_distance,8.476180856524223,1491.0071135443768,True,,端点最大距离且全时段按遮挡计损仍满足双向预算
T001,巡航,519.2355208336273,538.9990080569934,直连,,10,PASS,worst_obstruction_endpoint_distance,6.908105372473543,1786.0083692495245,True,,端点最大距离且全时段按遮挡计损仍满足双向预算
T001,巡航,538.9990080569934,558.7624952803594,直连,,11,PASS,worst_obstruction_endpoint_distance,5.578572376014165,2081.421994615999,True,,端点最大距离且全时段按遮挡计损仍满足双向预算
T001,巡航,558.7624952803594,578.5259825037255,直连,,12,PASS,worst_obstruction_endpoint_distance,4.424847125248689,2377.0942527732964,True,,端点最大距离且全时段按遮挡计损仍满足双向预算
T001,巡航,578.5259825037255,598.2894697270915,直连,,13,PASS,worst_obstruction_endpoint_distance,3.4059931797055043,2672.939317626779,True,,端点最大距离且全时段按遮挡计损仍满足双向预算
T001,巡航,598.2894697270915,618.0529569504575,直连,,14,PASS,worst_obstruction_endpoint_distance,2.4938475922613463,2968.9055301769163,True,,端点最大距离且全时段按遮挡计损仍满足双向预算
T001,巡航,618.0529569504575,637.8164441738236,直连,,15,PASS,worst_obstruction_endpoint_distance,1.6682180133278024,3264.9599447416617,True,,端点最大距离且全时段按遮挡计损仍满足双向预算
T001,巡航,637.8164441738236,657.5799313971897,直连,,16,PASS,worst_obstruction_endpoint_distance,0.9141391873638156,3561.0805630696686,True,,端点最大距离且全时段按遮挡计损仍满足双向预算
T001,巡航,657.5799313971897,677.3434186205557,直连,,17,PASS,worst_obstruction_endpoint_distance,0.2202145974620322,3857.2521378350943,True,,端点最大距离且全时段按遮挡计损仍满足双向预算
T001,巡航,677.3434186205557,697.1069058439218,中继,R001,18,PASS,worst_obstruction_endpoint_distance,1.7986941689042766,1611.9592170068474,True,,端点最大距离且全时段按遮挡计损仍满足双向预算
T001,巡航,697.1069058439218,716.8703930672878,中继,R001,19,PASS,worst_obstruction_endpoint_distance,3.548725382916672,1317.8090603809612,True,,端点最大距离且全时段按遮挡计损仍满足双向预算
T001,巡航,716.8703930672878,736.6338802906539,中继,R001,20,PASS,worst_obstruction_endpoint_distance,5.731414163795407,1024.9862751293902,True,,端点最大距离且全时段按遮挡计损仍满足双向预算
T001,巡航,736.6338802906539,756.39736751402,中继,R001,21,PASS,worst_obstruction_endpoint_distance,8.619096337392278,735.0788740248184,True,,端点最大距离且全时段按遮挡计损仍满足双向预算
T001,巡航,756.39736751402,776.160854737386,中继,R001,22,PASS,worst_obstruction_endpoint_distance,12.810203579364014,453.71023806410597,True,,端点最大距离且全时段按遮挡计损仍满足双向预算
T001,巡航,776.160854737386,795.924341960752,中继,R001,23,PASS,worst_obstruction_endpoint_distance,17.87171950183982,253.33942657084106,True,,端点最大距离且全时段按遮挡计损仍满足双向预算
T001,巡航,795.924341960752,815.6878291841181,中继,R001,24,PASS,worst_obstruction_endpoint_distance,11.846499345070555,506.94844008022034,True,,端点最大距离且全时段按遮挡计损仍满足双向预算
T001,巡航,815.6878291841181,835.4513164074842,中继,R001,25,PASS,worst_obstruction_endpoint_distance,7.982943005401779,790.9364822770917,True,,端点最大距离且全时段按遮挡计损仍满足双向预算
T001,巡航,835.4513164074842,855.2148036308502,中继,R001,26,PASS,worst_obstruction_endpoint_distance,5.2641680033805756,1081.634069057801,True,,端点最大距离且全时段按遮挡计损仍满足双向预算
T001,巡航,855.2148036308502,874.9782908542163,中继,R001,27,PASS,worst_obstruction_endpoint_distance,3.1810377706371042,1374.7915994615264,True,,端点最大距离且全时段按遮挡计损仍满足双向预算
T001,巡航,874.9782908542163,894.7417780775824,中继,R001,28,PASS,worst_obstruction_endpoint_distance,1.4960582519514247,1669.113407412768,True,,端点最大距离且全时段按遮挡计损仍满足双向预算
T001,巡航,894.7417780775824,914.5052653009484,中继,R001,29,PASS,worst_obstruction_endpoint_distance,0.08260871375279066,1964.076152778362,True,,端点最大距离且全时段按遮挡计损仍满足双向预算
T001,下降,914.5052653009484,932.3961161310265,中继,R001,30,PASS,worst_obstruction_endpoint_distance,0.08260871375279066,1964.076152778362,True,,端点最大距离且全时段按遮挡计损仍满足双向预算
T001,下降,932.3961161310265,950.2869669611046,中继,R001,31,PASS,worst_obstruction_endpoint_distance,0.0804771903531929,1964.5581975862738,True,,端点最大距离且全时段按遮挡计损仍满足双向预算
T001,投送,950.2869669611046,969.3778760520137,中继,R001,32,PASS,exact_point,0.0804771903531929,1964.5581975862738,,,独立计算 DEM 遮挡、自由空间损耗与双向预算
T001,投送,969.3778760520137,988.4687851429227,中继,R001,33,PASS,exact_point,0.0804771903531929,1964.5581975862738,,,独立计算 DEM 遮挡、自由空间损耗与双向预算
T001,投送,988.4687851429227,1007.5596942338318,中继,R001,34,PASS,exact_point,0.0804771903531929,1964.5581975862738,,,独立计算 DEM 遮挡、自由空间损耗与双向预算
T001,投送,1007.5596942338318,1026.6506033247408,中继,R001,35,PASS,exact_point,0.0804771903531929,1964.5581975862738,,,独立计算 DEM 遮挡、自由空间损耗与双向预算
T001,投送,1026.6506033247408,1045.74151241565,中继,R001,36,PASS,exact_point,0.0804771903531929,1964.5581975862738,,,独立计算 DEM 遮挡、自由空间损耗与双向预算
T001,投送,1045.74151241565,1064.832421506559,中继,R001,37,PASS,exact_point,0.0804771903531929,1964.5581975862738,,,独立计算 DEM 遮挡、自由空间损耗与双向预算
T001,投送,1064.832421506559,1083.923330597468,中继,R001,38,PASS,exact_point,0.0804771903531929,1964.5581975862738,,,独立计算 DEM 遮挡、自由空间损耗与双向预算
T001,投送,1083.923330597468,1103.0142396883773,中继,R001,39,PASS,exact_point,0.0804771903531929,1964.5581975862738,,,独立计算 DEM 遮挡、自由空间损耗与双向预算
T001,投送,1103.0142396883773,1122.1051487792863,中继,R001,40,PASS,exact_point,0.0804771903531929,1964.5581975862738,,,独立计算 DEM 遮挡、自由空间损耗与双向预算
T001,投送,1122.1051487792863,1141.1960578701955,中继,R001,41,PASS,exact_point,0.0804771903531929,1964.5581975862738,,,独立计算 DEM 遮挡、自由空间损耗与双向预算
T001,投送,1141.1960578701955,1160.2869669611046,中继,R001,42,PASS,exact_point,0.0804771903531929,1964.5581975862738,,,独立计算 DEM 遮挡、自由空间损耗与双向预算
T001,爬升,1160.2869669611046,1175.196009319503,中继,R001,43,PASS,worst_obstruction_endpoint_distance,0.0804771903531929,1964.5581975862738,True,,端点最大距离且全时段按遮挡计损仍满足双向预算
T001,爬升,1175.196009319503,1190.1050516779014,中继,R001,44,PASS,worst_obstruction_endpoint_distance,0.08260871375279066,1964.076152778362,True,,端点最大距离且全时段按遮挡计损仍满足双向预算
T001,巡航,1190.1050516779014,1209.8685389012676,中继,R001,45,PASS,worst_obstruction_endpoint_distance,0.08260871375279066,1964.076152778362,True,,端点最大距离且全时段按遮挡计损仍满足双向预算
T001,巡航,1209.8685389012676,1229.6320261246335,中继,R001,46,PASS,worst_obstruction_endpoint_distance,1.4960582519514247,1669.113407412768,True,,端点最大距离且全时段按遮挡计损仍满足双向预算
T001,巡航,1229.6320261246335,1249.3955133479997,中继,R001,47,PASS,worst_obstruction_endpoint_distance,3.1810377706371042,1374.7915994615264,True,,端点最大距离且全时段按遮挡计损仍满足双向预算
T001,巡航,1249.3955133479997,1269.1590005713656,中继,R001,48,PASS,worst_obstruction_endpoint_distance,5.2641680033805756,1081.634069057801,True,,端点最大距离且全时段按遮挡计损仍满足双向预算
T001,巡航,1269.1590005713656,1288.9224877947318,中继,R001,49,PASS,worst_obstruction_endpoint_distance,7.982943005401779,790.9364822770917,True,,端点最大距离且全时段按遮挡计损仍满足双向预算
T001,巡航,1288.9224877947318,1308.6859750180977,中继,R001,50,PASS,worst_obstruction_endpoint_distance,11.846499345070555,506.94844008022034,True,,端点最大距离且全时段按遮挡计损仍满足双向预算
T001,巡航,1308.6859750180977,1328.4494622414638,中继,R001,51,PASS,worst_obstruction_endpoint_distance,17.87171950183982,253.33942657084106,True,,端点最大距离且全时段按遮挡计损仍满足双向预算
T001,巡航,1328.4494622414638,1348.2129494648298,中继,R001,52,PASS,worst_obstruction_endpoint_distance,12.810203579364014,453.71023806410597,True,,端点最大距离且全时段按遮挡计损仍满足双向预算
T001,巡航,1348.2129494648298,1367.976436688196,中继,R001,53,PASS,worst_obstruction_endpoint_distance,8.619096337392278,735.0788740248184,True,,端点最大距离且全时段按遮挡计损仍满足双向预算
T001,巡航,1367.976436688196,1387.739923911562,中继,R001,54,PASS,worst_obstruction_endpoint_distance,5.731414163795407,1024.9862751293902,True,,端点最大距离且全时段按遮挡计损仍满足双向预算
T001,巡航,1387.739923911562,1407.503411134928,中继,R001,55,PASS,worst_obstruction_endpoint_distance,3.548725382916672,1317.8090603809612,True,,端点最大距离且全时段按遮挡计损仍满足双向预算
T001,巡航,1407.503411134928,1427.2668983582942,中继,R001,56,PASS,worst_obstruction_endpoint_distance,1.7986941689042766,1611.9592170068474,True,,端点最大距离且全时段按遮挡计损仍满足双向预算
T001,巡航,1427.2668983582942,1447.03038558166,直连,,57,PASS,worst_obstruction_endpoint_distance,0.2202145974620322,3857.2521378350943,True,,端点最大距离且全时段按遮挡计损仍满足双向预算
T001,巡航,1447.03038558166,1466.7938728050262,直连,,58,PASS,worst_obstruction_endpoint_distance,0.9141391873638156,3561.0805630696686,True,,端点最大距离且全时段按遮挡计损仍满足双向预算
T001,巡航,1466.7938728050262,1486.5573600283922,直连,,59,PASS,worst_obstruction_endpoint_distance,1.6682180133278024,3264.9599447416617,True,,端点最大距离且全时段按遮挡计损仍满足双向预算
T001,巡航,1486.5573600283922,1506.3208472517583,直连,,60,PASS,worst_obstruction_endpoint_distance,2.4938475922613463,2968.9055301769163,True,,端点最大距离且全时段按遮挡计损仍满足双向预算
T001,巡航,1506.3208472517583,1526.0843344751243,直连,,61,PASS,worst_obstruction_endpoint_distance,3.4059931797055043,2672.939317626779,True,,端点最大距离且全时段按遮挡计损仍满足双向预算
T001,巡航,1526.0843344751243,1545.8478216984904,直连,,62,PASS,worst_obstruction_endpoint_distance,4.424847125248689,2377.0942527732964,True,,端点最大距离且全时段按遮挡计损仍满足双向预算
T001,巡航,1545.8478216984904,1565.6113089218566,直连,,63,PASS,worst_obstruction_endpoint_distance,5.578572376014165,2081.421994615999,True,,端点最大距离且全时段按遮挡计损仍满足双向预算
T001,巡航,1565.6113089218566,1585.3747961452225,直连,,64,PASS,worst_obstruction_endpoint_distance,6.908105372473543,1786.0083692495245,True,,端点最大距离且全时段按遮挡计损仍满足双向预算
T001,巡航,1585.3747961452225,1605.1382833685886,直连,,65,PASS,worst_obstruction_endpoint_distance,8.476180856524223,1491.0071135443768,True,,端点最大距离且全时段按遮挡计损仍满足双向预算
T001,巡航,1605.1382833685886,1624.9017705919546,直连,,66,PASS,worst_obstruction_endpoint_distance,10.385900789493661,1196.723223014895,True,,端点最大距离且全时段按遮挡计损仍满足双向预算
T001,巡航,1624.9017705919546,1644.6652578153207,直连,,67,PASS,worst_obstruction_endpoint_distance,12.823774280234389,903.8576628091926,True,,端点最大距离且全时段按遮挡计损仍满足双向预算
T001,巡航,1644.6652578153207,1664.4287450386869,直连,,68,PASS,worst_obstruction_endpoint_distance,16.17615903644753,614.4418760035281,True,,端点最大距离且全时段按遮挡计损仍满足双向预算
T001,巡航,1664.4287450386869,1684.1922322620528,直连,,69,PASS,worst_obstruction_endpoint_distance,21.38103723570191,337.4713404244516,True,,端点最大距离且全时段按遮挡计损仍满足双向预算
T001,下降,1684.1922322620528,1702.3176576770918,直连,,70,PASS,worst_obstruction_endpoint_distance,27.79555154865507,161.25425415039103,True,,端点最大距离且全时段按遮挡计损仍满足双向预算
T001,下降,1702.3176576770918,1720.443083092131,直连,,71,PASS,worst_obstruction_endpoint_distance,30.661057506512876,115.94069061279339,True,,端点最大距离且全时段按遮挡计损仍满足双向预算
T001,下降,1720.443083092131,1738.56850850717,直连,,72,PASS,worst_obstruction_endpoint_distance,34.96634435258534,70.62712707519523,True,,端点最大距离且全时段按遮挡计损仍满足双向预算
T001,下降,1738.56850850717,1756.693933922209,直连,,73,PASS,worst_obstruction_endpoint_distance,43.87870941331357,25.313563537597616,True,,端点最大距离且全时段按遮挡计损仍满足双向预算
T002,爬升,360.0,378.3921013726129,直连,,74,PASS,worst_obstruction_endpoint_distance,41.02077101907942,35.176304117838754,True,,端点最大距离且全时段按遮挡计损仍满足双向预算
T002,爬升,378.3921013726129,396.78420274522574,直连,,75,PASS,worst_obstruction_endpoint_distance,32.82696128604417,90.35260823567731,True,,端点最大距离且全时段按遮挡计损仍满足双向预算
T002,爬升,396.78420274522574,415.17630411783864,直连,,76,PASS,worst_obstruction_endpoint_distance,28.68678949476505,145.52891235351603,True,,端点最大距离且全时段按遮挡计损仍满足双向预算
T002,巡航,415.17630411783864,434.9858486302419,直连,,77,PASS,worst_obstruction_endpoint_distance,23.042299255937408,278.72363386755046,True,,端点最大距离且全时段按遮挡计损仍满足双向预算
T002,巡航,434.9858486302419,454.79539314264514,直连,,78,PASS,worst_obstruction_endpoint_distance,18.015089112510367,497.2036437048075,True,,端点最大距离且全时段按遮挡计损仍满足双向预算
T002,巡航,454.79539314264514,474.60493765504845,直连,,79,PASS,worst_obstruction_endpoint_distance,14.70504532792016,727.8409593044431,True,,端点最大距离且全时段按遮挡计损仍满足双向预算
T002,巡航,474.60493765504845,494.4144821674517,直连,,80,PASS,worst_obstruction_endpoint_distance,12.28290326468398,961.9302782739034,True,,端点最大距离且全时段按遮挡计损仍满足双向预算
T002,巡航,494.4144821674517,514.224026679855,直连,,81,PASS,worst_obstruction_endpoint_distance,10.380636014729802,1197.4488122550842,True,,端点最大距离且全时段按遮挡计损仍满足双向预算
T002,巡航,514.224026679855,534.0335711922583,直连,,82,PASS,worst_obstruction_endpoint_distance,8.816655594821057,1433.6923851274319,True,,端点最大距离且全时段按遮挡计损仍满足双向预算
T002,巡航,534.0335711922583,553.8431157046615,直连,,83,PASS,worst_obstruction_endpoint_distance,7.4896079025761395,1670.3533913111703,True,,端点最大距离且全时段按遮挡计损仍满足双向预算
T002,巡航,553.8431157046615,573.6526602170647,直连,,84,PASS,worst_obstruction_endpoint_distance,6.337502248523691,1907.2764477258506,True,,端点最大距离且全时段按遮挡计损仍满足双向预算
T002,巡航,573.6526602170647,593.462204729468,直连,,85,PASS,worst_obstruction_endpoint_distance,5.3197616826318495,2144.374697604016,True,,端点最大距离且全时段按遮挡计损仍满足双向预算
T002,巡航,593.462204729468,613.2717492418712,直连,,86,PASS,worst_obstruction_endpoint_distance,4.408413986194461,2381.5958177008238,True,,端点最大距离且全时段按遮挡计损仍满足双向预算
T002,巡航,613.2717492418712,633.0812937542745,直连,,87,PASS,worst_obstruction_endpoint_distance,3.583375562031563,2618.9064193951385,True,,端点最大距离且全时段按遮挡计损仍满足双向预算
T002,巡航,633.0812937542745,652.8908382666777,直连,,88,PASS,worst_obstruction_endpoint_distance,2.829746817360757,2856.284199392131,True,,端点最大距离且全时段按遮挡计损仍满足双向预算
T002,巡航,652.8908382666777,672.7003827790811,直连,,89,PASS,worst_obstruction_endpoint_distance,2.136172771691605,3093.7136941443528,True,,端点最大距离且全时段按遮挡计损仍满足双向预算
T002,巡航,672.7003827790811,692.5099272914842,直连,,90,PASS,worst_obstruction_endpoint_distance,1.493803130317545,3331.183845792561,True,,端点最大距离且全时段按遮挡计损仍满足双向预算
T002,巡航,692.5099272914842,712.3194718038876,直连,,91,PASS,worst_obstruction_endpoint_distance,0.8956071136859975,3568.6865380824115,True,,端点最大距离且全时段按遮挡计损仍满足双向预算
T002,巡航,712.3194718038876,732.1290163162909,直连,,92,PASS,worst_obstruction_endpoint_distance,0.335907286108295,3806.2156795435512,True,,端点最大距离且全时段按遮挡计损仍满足双向预算
T002,巡航,732.1290163162909,751.9385608286941,中继,R001,93,PASS,worst_obstruction_endpoint_distance,1.5676432757999663,1655.4138885016293,True,,端点最大距离且全时段按遮挡计损仍满足双向预算
T002,巡航,751.9385608286941,771.7481053410974,中继,R001,94,PASS,worst_obstruction_endpoint_distance,2.9136544864661573,1417.770821093222,True,,端点最大距离且全时段按遮挡计损仍满足双向预算
T002,巡航,771.7481053410974,791.5576498535006,中继,R001,95,PASS,worst_obstruction_endpoint_distance,4.506982815151915,1180.1565402670476,True,,端点最大距离且全时段按遮挡计损仍满足双向预算
T002,巡航,791.5576498535006,811.367194365904,中继,R001,96,PASS,worst_obstruction_endpoint_distance,6.459292653673586,942.5928163411265,True,,端点最大距离且全时段按遮挡计损仍满足双向预算
T002,巡航,811.367194365904,831.1767388783071,中继,R001,97,PASS,worst_obstruction_endpoint_distance,8.980382079875298,705.130750138703,True,,端点最大距离且全时段按遮挡计损仍满足双向预算
T002,巡航,831.1767388783071,850.9862833907105,中继,R001,98,PASS,worst_obstruction_endpoint_distance,12.542247685497983,467.9251346704284,True,,端点最大距离且全时段按遮挡计损仍满足双向预算
T002,巡航,850.9862833907105,870.7958279031137,中继,R001,99,PASS,worst_obstruction_endpoint_distance,18.644828419468723,231.76472555707286,True,,端点最大距离且全时段按遮挡计损仍满足双向预算
T002,巡航,870.7958279031137,890.605372415517,中继,R001,100,PASS,worst_obstruction_endpoint_distance,18.001870807399882,249.57163139740678,True,,端点最大距离且全时段按遮挡计损仍满足双向预算
T002,下降,890.605372415517,903.2511548862201,中继,R001,101,PASS,worst_obstruction_endpoint_distance,18.001870807399882,249.57163139740678,True,,端点最大距离且全时段按遮挡计损仍满足双向预算
T002,下降,903.2511548862201,915.8969373569233,中继,R001,102,PASS,worst_obstruction_endpoint_distance,17.88703216847678,252.8931988527141,True,,端点最大距离且全时段按遮挡计损仍满足双向预算
T002,投送,915.8969373569233,934.9878464478325,中继,R001,103,PASS,exact_point,27.88703216847678,252.8931988527141,,,独立计算 DEM 遮挡、自由空间损耗与双向预算
T002,投送,934.9878464478325,954.0787555387416,中继,R001,104,PASS,exact_point,27.88703216847678,252.8931988527141,,,独立计算 DEM 遮挡、自由空间损耗与双向预算
T002,投送,954.0787555387416,973.1696646296506,中继,R001,105,PASS,exact_point,27.88703216847678,252.8931988527141,,,独立计算 DEM 遮挡、自由空间损耗与双向预算
T002,投送,973.1696646296506,992.2605737205597,中继,R001,106,PASS,exact_point,27.88703216847678,252.8931988527141,,,独立计算 DEM 遮挡、自由空间损耗与双向预算
T002,投送,992.2605737205597,1011.3514828114688,中继,R001,107,PASS,exact_point,27.88703216847678,252.8931988527141,,,独立计算 DEM 遮挡、自由空间损耗与双向预算
T002,投送,1011.3514828114688,1030.442391902378,中继,R001,108,PASS,exact_point,27.88703216847678,252.8931988527141,,,独立计算 DEM 遮挡、自由空间损耗与双向预算
T002,投送,1030.442391902378,1049.533300993287,中继,R001,109,PASS,exact_point,27.88703216847678,252.8931988527141,,,独立计算 DEM 遮挡、自由空间损耗与双向预算
T002,投送,1049.533300993287,1068.6242100841962,中继,R001,110,PASS,exact_point,27.88703216847678,252.8931988527141,,,独立计算 DEM 遮挡、自由空间损耗与双向预算
T002,投送,1068.6242100841962,1087.7151191751052,中继,R001,111,PASS,exact_point,27.88703216847678,252.8931988527141,,,独立计算 DEM 遮挡、自由空间损耗与双向预算
T002,投送,1087.7151191751052,1106.8060282660144,中继,R001,112,PASS,exact_point,27.88703216847678,252.8931988527141,,,独立计算 DEM 遮挡、自由空间损耗与双向预算
T002,投送,1106.8060282660144,1125.8969373569234,中继,R001,113,PASS,exact_point,27.88703216847678,252.8931988527141,,,独立计算 DEM 遮挡、自由空间损耗与双向预算
T002,爬升,1125.8969373569234,1136.4350894158429,中继,R001,114,PASS,worst_obstruction_endpoint_distance,17.88703216847678,252.8931988527141,True,,端点最大距离且全时段按遮挡计损仍满足双向预算
T002,爬升,1136.4350894158429,1146.973241474762,中继,R001,115,PASS,worst_obstruction_endpoint_distance,18.001870807399882,249.57163139740678,True,,端点最大距离且全时段按遮挡计损仍满足双向预算
T002,巡航,1146.973241474762,1166.7827859871654,中继,R001,116,PASS,worst_obstruction_endpoint_distance,18.001870807399882,249.57163139740678,True,,端点最大距离且全时段按遮挡计损仍满足双向预算
T002,巡航,1166.7827859871654,1186.5923304995686,中继,R001,117,PASS,worst_obstruction_endpoint_distance,18.644828419468723,231.76472555707286,True,,端点最大距离且全时段按遮挡计损仍满足双向预算
T002,巡航,1186.5923304995686,1206.401875011972,中继,R001,118,PASS,worst_obstruction_endpoint_distance,12.542247685497983,467.9251346704284,True,,端点最大距离且全时段按遮挡计损仍满足双向预算
T002,巡航,1206.401875011972,1226.211419524375,中继,R001,119,PASS,worst_obstruction_endpoint_distance,8.980382079875298,705.130750138703,True,,端点最大距离且全时段按遮挡计损仍满足双向预算
T002,巡航,1226.211419524375,1246.0209640367784,中继,R001,120,PASS,worst_obstruction_endpoint_distance,6.459292653673586,942.5928163411265,True,,端点最大距离且全时段按遮挡计损仍满足双向预算
T002,巡航,1246.0209640367784,1265.8305085491816,中继,R001,121,PASS,worst_obstruction_endpoint_distance,4.506982815151915,1180.1565402670476,True,,端点最大距离且全时段按遮挡计损仍满足双向预算
T002,巡航,1265.8305085491816,1285.640053061585,中继,R001,122,PASS,worst_obstruction_endpoint_distance,2.9136544864661573,1417.770821093222,True,,端点最大距离且全时段按遮挡计损仍满足双向预算
T002,巡航,1285.640053061585,1305.4495975739883,中继,R001,123,PASS,worst_obstruction_endpoint_distance,1.5676432757999663,1655.4138885016293,True,,端点最大距离且全时段按遮挡计损仍满足双向预算
T002,巡航,1305.4495975739883,1325.2591420863914,直连,,124,PASS,worst_obstruction_endpoint_distance,0.335907286108295,3806.2156795435512,True,,端点最大距离且全时段按遮挡计损仍满足双向预算
T002,巡航,1325.2591420863914,1345.0686865987948,直连,,125,PASS,worst_obstruction_endpoint_distance,0.8956071136859407,3568.6865380824365,True,,端点最大距离且全时段按遮挡计损仍满足双向预算
T002,巡航,1345.0686865987948,1364.878231111198,直连,,126,PASS,worst_obstruction_endpoint_distance,1.493803130317545,3331.183845792561,True,,端点最大距离且全时段按遮挡计损仍满足双向预算
T002,巡航,1364.878231111198,1384.6877756236013,直连,,127,PASS,worst_obstruction_endpoint_distance,2.136172771691605,3093.7136941443528,True,,端点最大距离且全时段按遮挡计损仍满足双向预算
T002,巡航,1384.6877756236013,1404.4973201360046,直连,,128,PASS,worst_obstruction_endpoint_distance,2.829746817360757,2856.284199392131,True,,端点最大距离且全时段按遮挡计损仍满足双向预算
T002,巡航,1404.4973201360046,1424.3068646484078,直连,,129,PASS,worst_obstruction_endpoint_distance,3.583375562031563,2618.9064193951385,True,,端点最大距离且全时段按遮挡计损仍满足双向预算
T002,巡航,1424.3068646484078,1444.1164091608111,直连,,130,PASS,worst_obstruction_endpoint_distance,4.408413986194461,2381.5958177008238,True,,端点最大距离且全时段按遮挡计损仍满足双向预算
T002,巡航,1444.1164091608111,1463.9259536732143,直连,,131,PASS,worst_obstruction_endpoint_distance,5.3197616826318495,2144.374697604016,True,,端点最大距离且全时段按遮挡计损仍满足双向预算
T002,巡航,1463.9259536732143,1483.7354981856176,直连,,132,PASS,worst_obstruction_endpoint_distance,6.337502248523691,1907.2764477258506,True,,端点最大距离且全时段按遮挡计损仍满足双向预算
T002,巡航,1483.7354981856176,1503.545042698021,直连,,133,PASS,worst_obstruction_endpoint_distance,7.4896079025761395,1670.3533913111703,True,,端点最大距离且全时段按遮挡计损仍满足双向预算
T002,巡航,1503.545042698021,1523.3545872104241,直连,,134,PASS,worst_obstruction_endpoint_distance,8.816655594821057,1433.6923851274319,True,,端点最大距离且全时段按遮挡计损仍满足双向预算
T002,巡航,1523.3545872104241,1543.1641317228275,直连,,135,PASS,worst_obstruction_endpoint_distance,10.380636014729802,1197.4488122550842,True,,端点最大距离且全时段按遮挡计损仍满足双向预算
T002,巡航,1543.1641317228275,1562.9736762352306,直连,,136,PASS,worst_obstruction_endpoint_distance,12.28290326468398,961.9302782739034,True,,端点最大距离且全时段按遮挡计损仍满足双向预算
T002,巡航,1562.9736762352306,1582.783220747634,直连,,137,PASS,worst_obstruction_endpoint_distance,14.70504532792016,727.8409593044431,True,,端点最大距离且全时段按遮挡计损仍满足双向预算
T002,巡航,1582.783220747634,1602.5927652600371,直连,,138,PASS,worst_obstruction_endpoint_distance,18.015089112510367,497.2036437048075,True,,端点最大距离且全时段按遮挡计损仍满足双向预算
T002,巡航,1602.5927652600371,1622.4023097724405,直连,,139,PASS,worst_obstruction_endpoint_distance,23.042299255937408,278.72363386755046,True,,端点最大距离且全时段按遮挡计损仍满足双向预算
T002,下降,1622.4023097724405,1638.955201007792,直连,,140,PASS,worst_obstruction_endpoint_distance,28.68678949476505,145.52891235351603,True,,端点最大距离且全时段按遮挡计损仍满足双向预算
T002,下降,1638.955201007792,1655.5080922431437,直连,,141,PASS,worst_obstruction_endpoint_distance,31.592866209766527,104.14668426513703,True,,端点最大距离且全时段按遮挡计损仍满足双向预算
T002,下降,1655.5080922431437,1672.0609834784952,直连,,142,PASS,worst_obstruction_endpoint_distance,35.99149976120049,62.76445617675802,True,,端点最大距离且全时段按遮挡计损仍满足双向预算
T002,下降,1672.0609834784952,1688.6138747138468,直连,,143,PASS,worst_obstruction_endpoint_distance,45.34471600699305,21.38222808837901,True,,端点最大距离且全时段按遮挡计损仍满足双向预算
T003,爬升,359.99999999999994,378.6290839301215,直连,,144,PASS,worst_obstruction_endpoint_distance,40.84697113032533,35.88725179036473,True,,端点最大距离且全时段按遮挡计损仍满足双向预算
T003,爬升,378.6290839301215,397.258167860243,直连,,145,PASS,worst_obstruction_endpoint_distance,32.69133428513665,91.77450358072929,True,,端点最大距离且全时段按遮挡计损仍满足双向预算
T003,爬升,397.258167860243,415.8872517903646,直连,,146,PASS,worst_obstruction_endpoint_distance,28.560414627442924,147.661755371094,True,,端点最大距离且全时段按遮挡计损仍满足双向预算
T003,巡航,415.8872517903646,435.38793280950654,直连,,147,PASS,worst_obstruction_endpoint_distance,23.105539305522555,276.70167811112736,True,,端点最大距离且全时段按遮挡计损仍满足双向预算
T003,巡航,435.38793280950654,454.8886138286485,直连,,148,PASS,worst_obstruction_endpoint_distance,18.12842960559327,490.7578758212867,True,,端点最大距离且全时段按遮挡计损仍满足双向预算
T003,巡航,454.8886138286485,474.38929484779044,直连,,149,PASS,worst_obstruction_endpoint_distance,14.83071939347792,717.3858209025456,True,,端点最大距离且全时段按遮挡计损仍满足双向预算
T003,巡航,474.38929484779044,493.8899758669324,直连,,150,PASS,worst_obstruction_endpoint_distance,12.413199503853406,947.608140912613,True,,端点最大距离且全时段按遮挡计损仍满足双向预算
T003,巡航,493.8899758669324,513.3906568860743,直连,,151,PASS,worst_obstruction_endpoint_distance,10.513129561117665,1179.3216739957807,True,,端点最大距离且全时段按遮挡计损仍满足双向预算
T003,巡航,513.3906568860743,532.8913379052162,直连,,152,PASS,worst_obstruction_endpoint_distance,8.950358587344866,1411.7923650909095,True,,端点最大距离且全时段按遮挡计损仍满足双向预算
T003,巡航,532.8913379052162,552.3920189243582,直连,,153,PASS,worst_obstruction_endpoint_distance,7.624045631567327,1644.699183085985,True,,端点最大距离且全时段按遮挡计损仍满足双向预算
T003,巡航,552.3920189243582,571.8926999435001,直连,,154,PASS,worst_obstruction_endpoint_distance,6.472419076072541,1877.8798611459722,True,,端点最大距离且全时段按遮挡计损仍满足双向预算
T003,巡航,571.8926999435001,591.3933809626421,直连,,155,PASS,worst_obstruction_endpoint_distance,5.4550079972161996,2111.243660095177,True,,端点最大距离且全时段按遮挡计损仍满足双向预算
T003,巡航,591.3933809626421,610.894061981784,直连,,156,PASS,worst_obstruction_endpoint_distance,4.543896491300529,2344.7359043246097,True,,端点最大距离且全时段按遮挡计损仍满足双向预算
T003,巡航,610.894061981784,630.3947430009259,直连,,157,PASS,worst_obstruction_endpoint_distance,3.7190330961793165,2578.321698140954,True,,端点最大距离且全时段按遮挡计损仍满足双向预算
T003,巡航,630.3947430009259,649.8954240200679,直连,,158,PASS,worst_obstruction_endpoint_distance,2.9655376322348275,2811.977728667235,True,,端点最大距离且全时段按遮挡计损仍满足双向预算
T003,下降,649.8954240200679,666.5477750942866,直连,,159,PASS,worst_obstruction_endpoint_distance,2.9655376322348275,2811.977728667235,True,,端点最大距离且全时段按遮挡计损仍满足双向预算
T003,下降,666.5477750942866,683.2001261685054,直连,,160,PASS,worst_obstruction_endpoint_distance,2.9713422573941983,2810.099161870278,True,,端点最大距离且全时段按遮挡计损仍满足双向预算
T003,投送,683.2001261685054,702.2910352594146,直连,,161,PASS,exact_point,2.9752461696598544,2808.8364339208633,,,独立计算 DEM 遮挡、自由空间损耗与双向预算
T003,投送,702.2910352594146,721.3819443503236,直连,,162,PASS,exact_point,2.9752461696598544,2808.8364339208633,,,独立计算 DEM 遮挡、自由空间损耗与双向预算
T003,投送,721.3819443503236,740.4728534412327,直连,,163,PASS,exact_point,2.9752461696598544,2808.8364339208633,,,独立计算 DEM 遮挡、自由空间损耗与双向预算
T003,投送,740.4728534412327,759.5637625321418,直连,,164,PASS,exact_point,2.9752461696598544,2808.8364339208633,,,独立计算 DEM 遮挡、自由空间损耗与双向预算
T003,投送,759.5637625321418,778.654671623051,直连,,165,PASS,exact_point,2.9752461696598544,2808.8364339208633,,,独立计算 DEM 遮挡、自由空间损耗与双向预算
T003,投送,778.654671623051,797.74558071396,直连,,166,PASS,exact_point,2.9752461696598544,2808.8364339208633,,,独立计算 DEM 遮挡、自由空间损耗与双向预算
T003,投送,797.74558071396,816.8364898048691,直连,,167,PASS,exact_point,2.9752461696598544,2808.8364339208633,,,独立计算 DEM 遮挡、自由空间损耗与双向预算
T003,投送,816.8364898048691,835.9273988957782,直连,,168,PASS,exact_point,2.9752461696598544,2808.8364339208633,,,独立计算 DEM 遮挡、自由空间损耗与双向预算
T003,投送,835.9273988957782,855.0183079866872,直连,,169,PASS,exact_point,2.9752461696598544,2808.8364339208633,,,独立计算 DEM 遮挡、自由空间损耗与双向预算
T003,投送,855.0183079866872,874.1092170775963,直连,,170,PASS,exact_point,2.9752461696598544,2808.8364339208633,,,独立计算 DEM 遮挡、自由空间损耗与双向预算
T003,投送,874.1092170775963,893.2001261685054,直连,,171,PASS,exact_point,2.9752461696598544,2808.8364339208633,,,独立计算 DEM 遮挡、自由空间损耗与双向预算
T003,爬升,893.2001261685054,907.0770853970212,直连,,172,PASS,worst_obstruction_endpoint_distance,2.9713422573941983,2810.099161870278,True,,端点最大距离且全时段按遮挡计损仍满足双向预算
T003,爬升,907.0770853970212,920.9540446255368,直连,,173,PASS,worst_obstruction_endpoint_distance,2.9655376322348275,2811.977728667235,True,,端点最大距离且全时段按遮挡计损仍满足双向预算
T003,巡航,920.9540446255368,940.4547256446787,直连,,174,PASS,worst_obstruction_endpoint_distance,2.9655376322348275,2811.977728667235,True,,端点最大距离且全时段按遮挡计损仍满足双向预算
T003,巡航,940.4547256446787,959.9554066638207,直连,,175,PASS,worst_obstruction_endpoint_distance,3.7190330961792313,2578.3216981409755,True,,端点最大距离且全时段按遮挡计损仍满足双向预算
T003,巡航,959.9554066638207,979.4560876829626,直连,,176,PASS,worst_obstruction_endpoint_distance,4.543896491302121,2344.735904324178,True,,端点最大距离且全时段按遮挡计损仍满足双向预算
T003,巡航,979.4560876829626,998.9567687021046,直连,,177,PASS,worst_obstruction_endpoint_distance,5.4550079972161996,2111.243660095177,True,,端点最大距离且全时段按遮挡计损仍满足双向预算
T003,巡航,998.9567687021046,1018.4574497212465,直连,,178,PASS,worst_obstruction_endpoint_distance,6.472419076072541,1877.8798611459722,True,,端点最大距离且全时段按遮挡计损仍满足双向预算
T003,巡航,1018.4574497212465,1037.9581307403885,直连,,179,PASS,worst_obstruction_endpoint_distance,7.624045631567327,1644.699183085985,True,,端点最大距离且全时段按遮挡计损仍满足双向预算
T003,巡航,1037.9581307403885,1057.4588117595304,直连,,180,PASS,worst_obstruction_endpoint_distance,8.950358587344866,1411.7923650909095,True,,端点最大距离且全时段按遮挡计损仍满足双向预算
T003,巡航,1057.4588117595304,1076.9594927786723,直连,,181,PASS,worst_obstruction_endpoint_distance,10.513129561117822,1179.3216739957593,True,,端点最大距离且全时段按遮挡计损仍满足双向预算
T003,巡航,1076.9594927786723,1096.4601737978142,直连,,182,PASS,worst_obstruction_endpoint_distance,12.413199503853406,947.608140912613,True,,端点最大距离且全时段按遮挡计损仍满足双向预算
T003,巡航,1096.4601737978142,1115.9608548169563,直连,,183,PASS,worst_obstruction_endpoint_distance,14.83071939347792,717.3858209025456,True,,端点最大距离且全时段按遮挡计损仍满足双向预算
T003,巡航,1115.9608548169563,1135.4615358360982,直连,,184,PASS,worst_obstruction_endpoint_distance,18.12842960560056,490.75787582087463,True,,端点最大距离且全时段按遮挡计损仍满足双向预算
T003,巡航,1135.4615358360982,1154.96221685524,直连,,185,PASS,worst_obstruction_endpoint_distance,23.105539305523138,276.701678111109,True,,端点最大距离且全时段按遮挡计损仍满足双向预算
T003,下降,1154.96221685524,1171.7283923923494,直连,,186,PASS,worst_obstruction_endpoint_distance,28.560414627442924,147.661755371094,True,,端点最大距离且全时段按遮挡计损仍满足双向预算
T003,下降,1171.7283923923494,1188.4945679294588,直连,,187,PASS,worst_obstruction_endpoint_distance,31.460470195991434,105.74631652832062,True,,端点最大距离且全时段按遮挡计损仍满足双向预算
T003,下降,1188.4945679294588,1205.2607434665683,直连,,188,PASS,worst_obstruction_endpoint_distance,35.845158843874145,63.83087768554728,True,,端点最大距离且全时段按遮挡计损仍满足双向预算
T003,下降,1205.2607434665683,1222.0269190036777,直连,,189,PASS,worst_obstruction_endpoint_distance,45.13077173479178,21.91543884277337,True,,端点最大距离且全时段按遮挡计损仍满足双向预算
T004,爬升,329.99999999999994,348.6290839301215,直连,,190,PASS,worst_obstruction_endpoint_distance,40.84697113032533,35.88725179036473,True,,端点最大距离且全时段按遮挡计损仍满足双向预算
T004,爬升,348.6290839301215,367.258167860243,直连,,191,PASS,worst_obstruction_endpoint_distance,32.69133428513665,91.77450358072929,True,,端点最大距离且全时段按遮挡计损仍满足双向预算
T004,爬升,367.258167860243,385.8872517903646,直连,,192,PASS,worst_obstruction_endpoint_distance,28.560414627442924,147.661755371094,True,,端点最大距离且全时段按遮挡计损仍满足双向预算
T004,巡航,385.8872517903646,405.38793280950654,直连,,193,PASS,worst_obstruction_endpoint_distance,23.105539305522555,276.70167811112736,True,,端点最大距离且全时段按遮挡计损仍满足双向预算
T004,巡航,405.38793280950654,424.8886138286485,直连,,194,PASS,worst_obstruction_endpoint_distance,18.12842960559327,490.7578758212867,True,,端点最大距离且全时段按遮挡计损仍满足双向预算
T004,巡航,424.8886138286485,444.38929484779044,直连,,195,PASS,worst_obstruction_endpoint_distance,14.83071939347792,717.3858209025456,True,,端点最大距离且全时段按遮挡计损仍满足双向预算
T004,巡航,444.38929484779044,463.8899758669324,直连,,196,PASS,worst_obstruction_endpoint_distance,12.413199503853406,947.608140912613,True,,端点最大距离且全时段按遮挡计损仍满足双向预算
T004,巡航,463.8899758669324,483.39065688607434,直连,,197,PASS,worst_obstruction_endpoint_distance,10.513129561117665,1179.3216739957807,True,,端点最大距离且全时段按遮挡计损仍满足双向预算
T004,巡航,483.39065688607434,502.89133790521623,直连,,198,PASS,worst_obstruction_endpoint_distance,8.950358587344866,1411.7923650909095,True,,端点最大距离且全时段按遮挡计损仍满足双向预算
T004,巡航,502.89133790521623,522.3920189243582,直连,,199,PASS,worst_obstruction_endpoint_distance,7.624045631567327,1644.699183085985,True,,端点最大距离且全时段按遮挡计损仍满足双向预算
T004,巡航,522.3920189243582,541.8926999435001,直连,,200,PASS,worst_obstruction_endpoint_distance,6.472419076072541,1877.8798611459722,True,,端点最大距离且全时段按遮挡计损仍满足双向预算
T004,巡航,541.8926999435001,561.3933809626421,直连,,201,PASS,worst_obstruction_endpoint_distance,5.4550079972161996,2111.243660095177,True,,端点最大距离且全时段按遮挡计损仍满足双向预算
T004,巡航,561.3933809626421,580.894061981784,直连,,202,PASS,worst_obstruction_endpoint_distance,4.543896491300529,2344.7359043246097,True,,端点最大距离且全时段按遮挡计损仍满足双向预算
T004,巡航,580.894061981784,600.3947430009259,直连,,203,PASS,worst_obstruction_endpoint_distance,3.7190330961793165,2578.321698140954,True,,端点最大距离且全时段按遮挡计损仍满足双向预算
T004,巡航,600.3947430009259,619.8954240200679,直连,,204,PASS,worst_obstruction_endpoint_distance,2.9655376322348275,2811.977728667235,True,,端点最大距离且全时段按遮挡计损仍满足双向预算
T004,下降,619.8954240200679,636.5477750942866,直连,,205,PASS,worst_obstruction_endpoint_distance,2.9655376322348275,2811.977728667235,True,,端点最大距离且全时段按遮挡计损仍满足双向预算
T004,下降,636.5477750942866,653.2001261685054,直连,,206,PASS,worst_obstruction_endpoint_distance,2.9713422573941983,2810.099161870278,True,,端点最大距离且全时段按遮挡计损仍满足双向预算
T004,投送,653.2001261685054,673.2001261685054,直连,,207,PASS,exact_point,2.9752461696598544,2808.8364339208633,,,独立计算 DEM 遮挡、自由空间损耗与双向预算
T004,投送,673.2001261685054,693.2001261685054,直连,,208,PASS,exact_point,2.9752461696598544,2808.8364339208633,,,独立计算 DEM 遮挡、自由空间损耗与双向预算
T004,投送,693.2001261685054,713.2001261685054,直连,,209,PASS,exact_point,2.9752461696598544,2808.8364339208633,,,独立计算 DEM 遮挡、自由空间损耗与双向预算
T004,投送,713.2001261685054,733.2001261685054,直连,,210,PASS,exact_point,2.9752461696598544,2808.8364339208633,,,独立计算 DEM 遮挡、自由空间损耗与双向预算
T004,投送,733.2001261685054,753.2001261685054,直连,,211,PASS,exact_point,2.9752461696598544,2808.8364339208633,,,独立计算 DEM 遮挡、自由空间损耗与双向预算
T004,投送,753.2001261685054,773.2001261685054,直连,,212,PASS,exact_point,2.9752461696598544,2808.8364339208633,,,独立计算 DEM 遮挡、自由空间损耗与双向预算
T004,投送,773.2001261685054,793.2001261685054,直连,,213,PASS,exact_point,2.9752461696598544,2808.8364339208633,,,独立计算 DEM 遮挡、自由空间损耗与双向预算
T004,投送,793.2001261685054,813.2001261685054,直连,,214,PASS,exact_point,2.9752461696598544,2808.8364339208633,,,独立计算 DEM 遮挡、自由空间损耗与双向预算
T004,投送,813.2001261685054,833.2001261685054,直连,,215,PASS,exact_point,2.9752461696598544,2808.8364339208633,,,独立计算 DEM 遮挡、自由空间损耗与双向预算
T004,爬升,833.2001261685054,847.0770853970212,直连,,216,PASS,worst_obstruction_endpoint_distance,2.9713422573941983,2810.099161870278,True,,端点最大距离且全时段按遮挡计损仍满足双向预算
T004,爬升,847.0770853970212,860.9540446255368,直连,,217,PASS,worst_obstruction_endpoint_distance,2.9655376322348275,2811.977728667235,True,,端点最大距离且全时段按遮挡计损仍满足双向预算
T004,巡航,860.9540446255368,880.4547256446787,直连,,218,PASS,worst_obstruction_endpoint_distance,2.9655376322348275,2811.977728667235,True,,端点最大距离且全时段按遮挡计损仍满足双向预算
T004,巡航,880.4547256446787,899.9554066638207,直连,,219,PASS,worst_obstruction_endpoint_distance,3.7190330961792313,2578.3216981409755,True,,端点最大距离且全时段按遮挡计损仍满足双向预算
T004,巡航,899.9554066638207,919.4560876829626,直连,,220,PASS,worst_obstruction_endpoint_distance,4.543896491302121,2344.735904324178,True,,端点最大距离且全时段按遮挡计损仍满足双向预算
T004,巡航,919.4560876829626,938.9567687021046,直连,,221,PASS,worst_obstruction_endpoint_distance,5.4550079972161996,2111.243660095177,True,,端点最大距离且全时段按遮挡计损仍满足双向预算
T004,巡航,938.9567687021046,958.4574497212465,直连,,222,PASS,worst_obstruction_endpoint_distance,6.472419076072541,1877.8798611459722,True,,端点最大距离且全时段按遮挡计损仍满足双向预算
T004,巡航,958.4574497212465,977.9581307403885,直连,,223,PASS,worst_obstruction_endpoint_distance,7.624045631567327,1644.699183085985,True,,端点最大距离且全时段按遮挡计损仍满足双向预算
T004,巡航,977.9581307403885,997.4588117595304,直连,,224,PASS,worst_obstruction_endpoint_distance,8.950358587344866,1411.7923650909095,True,,端点最大距离且全时段按遮挡计损仍满足双向预算
T004,巡航,997.4588117595304,1016.9594927786723,直连,,225,PASS,worst_obstruction_endpoint_distance,10.513129561117822,1179.3216739957593,True,,端点最大距离且全时段按遮挡计损仍满足双向预算
T004,巡航,1016.9594927786723,1036.4601737978142,直连,,226,PASS,worst_obstruction_endpoint_distance,12.413199503853406,947.608140912613,True,,端点最大距离且全时段按遮挡计损仍满足双向预算
T004,巡航,1036.4601737978142,1055.9608548169563,直连,,227,PASS,worst_obstruction_endpoint_distance,14.83071939347792,717.3858209025456,True,,端点最大距离且全时段按遮挡计损仍满足双向预算
T004,巡航,1055.9608548169563,1075.4615358360982,直连,,228,PASS,worst_obstruction_endpoint_distance,18.12842960560056,490.75787582087463,True,,端点最大距离且全时段按遮挡计损仍满足双向预算
T004,巡航,1075.4615358360982,1094.96221685524,直连,,229,PASS,worst_obstruction_endpoint_distance,23.105539305523138,276.701678111109,True,,端点最大距离且全时段按遮挡计损仍满足双向预算
T004,下降,1094.96221685524,1111.7283923923494,直连,,230,PASS,worst_obstruction_endpoint_distance,28.560414627442924,147.661755371094,True,,端点最大距离且全时段按遮挡计损仍满足双向预算
T004,下降,1111.7283923923494,1128.4945679294588,直连,,231,PASS,worst_obstruction_endpoint_distance,31.460470195991434,105.74631652832062,True,,端点最大距离且全时段按遮挡计损仍满足双向预算
T004,下降,1128.4945679294588,1145.2607434665683,直连,,232,PASS,worst_obstruction_endpoint_distance,35.845158843874145,63.83087768554728,True,,端点最大距离且全时段按遮挡计损仍满足双向预算
T004,下降,1145.2607434665683,1162.0269190036777,直连,,233,PASS,worst_obstruction_endpoint_distance,45.13077173479178,21.91543884277337,True,,端点最大距离且全时段按遮挡计损仍满足双向预算
T005,爬升,360.0,379.8664866129558,直连,,234,PASS,worst_obstruction_endpoint_distance,39.99198992735825,39.59945983886735,True,,端点最大距离且全时段按遮挡计损仍满足双向预算
T005,爬升,379.8664866129558,399.7329732259115,直连,,235,PASS,worst_obstruction_endpoint_distance,32.015636315537805,99.19891967773452,True,,端点最大距离且全时段按遮挡计损仍满足双向预算
T005,爬升,399.7329732259115,419.59945983886723,直连,,236,PASS,worst_obstruction_endpoint_distance,27.92885384004063,158.7983795166017,True,,端点最大距离且全时段按遮挡计损仍满足双向预算
T005,爬升,419.59945983886723,439.465946451823,直连,,237,PASS,worst_obstruction_endpoint_distance,25.160808415575318,218.397839355469,True,,端点最大距离且全时段按遮挡计损仍满足双向预算
T005,巡航,439.465946451823,458.4317239116678,直连,,238,PASS,worst_obstruction_endpoint_distance,21.96778359151216,315.4275180539318,True,,端点最大距离且全时段按遮挡计损仍满足双向预算
T005,巡航,458.4317239116678,477.39750137151253,直连,,239,PASS,worst_obstruction_endpoint_distance,17.882328503398824,504.86159279270055,True,,端点最大距离且全时段按遮挡计损仍满足双向预算
T005,巡航,477.39750137151253,496.3632788313573,直连,,240,PASS,worst_obstruction_endpoint_distance,14.837244701752255,716.8470844118597,True,,端点最大距离且全时段按遮挡计损仍满足双向预算
T005,巡航,496.3632788313573,515.329056291202,直连,,241,PASS,worst_obstruction_endpoint_distance,12.51851331122657,936.1880488467178,True,,端点最大距离且全时段按遮挡计损仍满足双向预算
T005,巡航,515.329056291202,534.2948337510468,直连,,242,PASS,worst_obstruction_endpoint_distance,10.666243431867713,1158.7148868457655,True,,端点最大距离且全时段按遮挡计损仍满足双向预算
T005,巡航,534.2948337510468,553.2606112108916,直连,,243,PASS,worst_obstruction_endpoint_distance,9.130019333983796,1382.890494946619,True,,端点最大距离且全时段按遮挡计损仍满足双向预算
T005,巡航,553.2606112108916,572.2263886707364,直连,,244,PASS,worst_obstruction_endpoint_distance,7.81991678755827,1608.0254534211506,True,,端点最大距离且全时段按遮挡计损仍满足双向预算
T005,巡航,572.2263886707364,591.1921661305811,直连,,245,PASS,worst_obstruction_endpoint_distance,6.678894698588763,1833.7664525528055,True,,端点最大距离且全时段按遮挡计损仍满足双向预算
T005,巡航,591.1921661305811,610.1579435904259,直连,,246,PASS,worst_obstruction_endpoint_distance,5.6687922911599316,2059.914258406628,True,,端点最大距离且全时段按遮挡计损仍满足双向预算
T005,巡航,610.1579435904259,629.1237210502707,直连,,247,PASS,worst_obstruction_endpoint_distance,4.7629278771622126,2286.3481596831593,True,,端点最大距离且全时段按遮挡计损仍满足双向预算
T005,巡航,629.1237210502707,648.0894985101154,直连,,248,PASS,worst_obstruction_endpoint_distance,3.9419571187510485,2512.9908213933977,True,,端点最大距离且全时段按遮挡计损仍满足双向预算
T005,巡航,648.0894985101154,667.0552759699601,直连,,249,PASS,worst_obstruction_endpoint_distance,3.191428258256792,2739.790436392799,True,,端点最大距离且全时段按遮挡计损仍满足双向预算
T005,巡航,667.0552759699601,686.021053429805,直连,,250,PASS,worst_obstruction_endpoint_distance,2.500270302895842,2966.711008526461,True,,端点最大距离且全时段按遮挡计损仍满足双向预算
T005,巡航,686.021053429805,704.9868308896497,直连,,251,PASS,worst_obstruction_endpoint_distance,1.8598200342751454,3193.726755171166,True,,端点最大距离且全时段按遮挡计损仍满足双向预算
T005,下降,704.9868308896497,715.2463987607434,直连,,252,PASS,worst_obstruction_endpoint_distance,1.8598200342751454,3193.726755171166,True,,端点最大距离且全时段按遮挡计损仍满足双向预算
T005,下降,715.2463987607434,725.5059666318372,直连,,253,PASS,worst_obstruction_endpoint_distance,1.8643124438889203,3192.075361970319,True,,端点最大距离且全时段按遮挡计损仍满足双向预算
T005,投送,725.5059666318372,744.5968757227463,直连,,254,PASS,exact_point,1.8682481629573715,3190.6293079047914,,,独立计算 DEM 遮挡、自由空间损耗与双向预算
T005,投送,744.5968757227463,763.6877848136553,直连,,255,PASS,exact_point,1.8682481629573715,3190.6293079047914,,,独立计算 DEM 遮挡、自由空间损耗与双向预算
T005,投送,763.6877848136553,782.7786939045644,直连,,256,PASS,exact_point,1.8682481629573715,3190.6293079047914,,,独立计算 DEM 遮挡、自由空间损耗与双向预算
T005,投送,782.7786939045644,801.8696029954735,直连,,257,PASS,exact_point,1.8682481629573715,3190.6293079047914,,,独立计算 DEM 遮挡、自由空间损耗与双向预算
T005,投送,801.8696029954735,820.9605120863827,直连,,258,PASS,exact_point,1.8682481629573715,3190.6293079047914,,,独立计算 DEM 遮挡、自由空间损耗与双向预算
T005,投送,820.9605120863827,840.0514211772917,直连,,259,PASS,exact_point,1.8682481629573715,3190.6293079047914,,,独立计算 DEM 遮挡、自由空间损耗与双向预算
T005,投送,840.0514211772917,859.1423302682008,直连,,260,PASS,exact_point,1.8682481629573715,3190.6293079047914,,,独立计算 DEM 遮挡、自由空间损耗与双向预算
T005,投送,859.1423302682008,878.2332393591099,直连,,261,PASS,exact_point,1.8682481629573715,3190.6293079047914,,,独立计算 DEM 遮挡、自由空间损耗与双向预算
T005,投送,878.2332393591099,897.324148450019,直连,,262,PASS,exact_point,1.8682481629573715,3190.6293079047914,,,独立计算 DEM 遮挡、自由空间损耗与双向预算
T005,投送,897.324148450019,916.415057540928,直连,,263,PASS,exact_point,1.8682481629573715,3190.6293079047914,,,独立计算 DEM 遮挡、自由空间损耗与双向预算
T005,投送,916.415057540928,935.5059666318372,直连,,264,PASS,exact_point,1.8682481629573715,3190.6293079047914,,,独立计算 DEM 遮挡、自由空间损耗与双向预算
T005,爬升,935.5059666318372,952.6052464169934,直连,,265,PASS,worst_obstruction_endpoint_distance,1.8598200342751454,3193.726755171166,True,,端点最大距离且全时段按遮挡计损仍满足双向预算
T005,巡航,952.6052464169934,971.5710238768381,直连,,266,PASS,worst_obstruction_endpoint_distance,1.8598200342751454,3193.726755171166,True,,端点最大距离且全时段按遮挡计损仍满足双向预算
T005,巡航,971.5710238768381,990.536801336683,直连,,267,PASS,worst_obstruction_endpoint_distance,2.500270302895842,2966.711008526461,True,,端点最大距离且全时段按遮挡计损仍满足双向预算
T005,巡航,990.536801336683,1009.5025787965277,直连,,268,PASS,worst_obstruction_endpoint_distance,3.191428258256792,2739.790436392799,True,,端点最大距离且全时段按遮挡计损仍满足双向预算
T005,巡航,1009.5025787965277,1028.4683562563725,直连,,269,PASS,worst_obstruction_endpoint_distance,3.9419571187510485,2512.9908213933977,True,,端点最大距离且全时段按遮挡计损仍满足双向预算
T005,巡航,1028.4683562563725,1047.4341337162173,直连,,270,PASS,worst_obstruction_endpoint_distance,4.7629278771622126,2286.3481596831593,True,,端点最大距离且全时段按遮挡计损仍满足双向预算
T005,巡航,1047.4341337162173,1066.399911176062,直连,,271,PASS,worst_obstruction_endpoint_distance,5.6687922911599316,2059.914258406628,True,,端点最大距离且全时段按遮挡计损仍满足双向预算
T005,巡航,1066.399911176062,1085.3656886359067,直连,,272,PASS,worst_obstruction_endpoint_distance,6.678894698588763,1833.7664525528055,True,,端点最大距离且全时段按遮挡计损仍满足双向预算
T005,巡航,1085.3656886359067,1104.3314660957515,直连,,273,PASS,worst_obstruction_endpoint_distance,7.81991678755827,1608.0254534211506,True,,端点最大距离且全时段按遮挡计损仍满足双向预算
T005,巡航,1104.3314660957515,1123.2972435555962,直连,,274,PASS,worst_obstruction_endpoint_distance,9.130019333983796,1382.890494946619,True,,端点最大距离且全时段按遮挡计损仍满足双向预算
T005,巡航,1123.2972435555962,1142.263021015441,直连,,275,PASS,worst_obstruction_endpoint_distance,10.666243431867713,1158.7148868457655,True,,端点最大距离且全时段按遮挡计损仍满足双向预算
T005,巡航,1142.263021015441,1161.2287984752859,直连,,276,PASS,worst_obstruction_endpoint_distance,12.51851331122657,936.1880488467178,True,,端点最大距离且全时段按遮挡计损仍满足双向预算
T005,巡航,1161.2287984752859,1180.1945759351306,直连,,277,PASS,worst_obstruction_endpoint_distance,14.837244701752255,716.8470844118597,True,,端点最大距离且全时段按遮挡计损仍满足双向预算
T005,巡航,1180.1945759351306,1199.1603533949753,直连,,278,PASS,worst_obstruction_endpoint_distance,17.882328503398824,504.86159279270055,True,,端点最大距离且全时段按遮挡计损仍满足双向预算
T005,巡航,1199.1603533949753,1218.12613085482,直连,,279,PASS,worst_obstruction_endpoint_distance,21.96778359151216,315.4275180539318,True,,端点最大距离且全时段按遮挡计损仍满足双向预算
T005,下降,1218.12613085482,1237.1979580032576,直连,,280,PASS,worst_obstruction_endpoint_distance,25.160808415575318,218.397839355469,True,,端点最大距离且全时段按遮挡计损仍满足双向预算
T005,下降,1237.1979580032576,1256.269785151695,直连,,281,PASS,worst_obstruction_endpoint_distance,27.30017506799763,170.7182714843753,True,,端点最大距离且全时段按遮挡计损仍满足双向预算
T005,下降,1256.269785151695,1275.3416123001327,直连,,282,PASS,worst_obstruction_endpoint_distance,30.14494023426775,123.0387036132816,True,,端点最大距离且全时段按遮挡计损仍满足双向预算
T005,下降,1275.3416123001327,1294.4134394485702,直连,,283,PASS,worst_obstruction_endpoint_distance,34.40305698380588,75.35913574218736,True,,端点最大距离且全时段按遮挡计损仍满足双向预算
T005,下降,1294.4134394485702,1313.4852665970077,直连,,284,PASS,worst_obstruction_endpoint_distance,43.10258905170963,27.679567871093695,True,,端点最大距离且全时段按遮挡计损仍满足双向预算
T006,爬升,709.0,728.0400663248698,直连,,285,PASS,worst_obstruction_endpoint_distance,40.553569255917964,37.12019897460948,True,,端点最大距离且全时段按遮挡计损仍满足双向预算
T006,爬升,728.0400663248698,747.0801326497397,直连,,286,PASS,worst_obstruction_endpoint_distance,32.46103293889696,94.24039794921896,True,,端点最大距离且全时段按遮挡计损仍满足双向预算
T006,爬升,747.0801326497397,766.1201989746094,直连,,287,PASS,worst_obstruction_endpoint_distance,28.345518529828453,151.3605969238281,True,,端点最大距离且全时段按遮挡计损仍满足双向预算
T006,爬升,766.1201989746094,785.1602652994792,直连,,288,PASS,worst_obstruction_endpoint_distance,25.564454038992494,208.48079589843752,True,,端点最大距离且全时段按遮挡计损仍满足双向预算
T006,爬升,785.1602652994792,804.200331624349,直连,,289,PASS,worst_obstruction_endpoint_distance,23.4611812166777,265.600994873047,True,,端点最大距离且全时段按遮挡计损仍满足双向预算
T006,巡航,804.200331624349,823.9081935608008,直连,,290,PASS,worst_obstruction_endpoint_distance,19.961022984094825,397.40891843474714,True,,端点最大距离且全时段按遮挡计损仍满足双向预算
T006,巡航,823.9081935608008,843.6160554972528,直连,,291,PASS,worst_obstruction_endpoint_distance,15.71220980707109,648.1540930775991,True,,端点最大距离且全时段按遮挡计损仍满足双向预算
T006,巡航,843.6160554972528,863.3239174337045,直连,,292,PASS,worst_obstruction_endpoint_distance,12.615695694557388,925.7718553957753,True,,端点最大距离且全时段按遮挡计损仍满足双向预算
T006,巡航,863.3239174337045,883.0317793701564,直连,,293,PASS,worst_obstruction_endpoint_distance,10.276198059579158,1211.9336813788218,True,,端点最大距离且全时段按遮挡计损仍满足双向预算
T006,巡航,883.0317793701564,902.7396413066083,直连,,294,PASS,worst_obstruction_endpoint_distance,8.41374566235858,1501.763259580158,True,,端点最大距离且全时段按遮挡计损仍满足双向预算
T006,巡航,902.7396413066083,922.44750324306,直连,,295,PASS,worst_obstruction_endpoint_distance,6.871828288485418,1793.4833279230154,True,,端点最大距离且全时段按遮挡计损仍满足双向预算
T006,巡航,922.44750324306,942.1553651795119,直连,,296,PASS,worst_obstruction_endpoint_distance,5.5582357768518165,2086.3010154813837,True,,端点最大距离且全时段按遮挡计损仍满足双向预算
T006,巡航,942.1553651795119,961.8632271159638,直连,,297,PASS,worst_obstruction_endpoint_distance,4.4149250998654,2379.8111956219427,True,,端点最大距离且全时段按遮挡计损仍满足双向预算
T006,巡航,961.8632271159638,981.5710890524156,直连,,298,PASS,worst_obstruction_endpoint_distance,3.4032428294939336,2673.7858265695286,True,,端点最大距离且全时段按遮挡计损仍满足双向预算
T006,巡航,981.5710890524156,1001.2789509888675,直连,,299,PASS,worst_obstruction_endpoint_distance,2.4962429037207414,2968.0869067243466,True,,端点最大距离且全时段按遮挡计损仍满足双向预算
T006,巡航,1001.2789509888675,1020.9868129253193,直连,,300,PASS,worst_obstruction_endpoint_distance,1.6744290534633564,3262.6260964629014,True,,端点最大距离且全时段按遮挡计损仍满足双向预算
T006,巡航,1020.9868129253193,1040.694674861771,直连,,301,PASS,worst_obstruction_endpoint_distance,0.9232572696648731,3557.344251646282,True,,端点最大距离且全时段按遮挡计损仍满足双向预算
T006,巡航,1040.694674861771,1060.4025367982229,直连,,302,PASS,worst_obstruction_endpoint_distance,0.2315979591948718,3852.200296462618,True,,端点最大距离且全时段按遮挡计损仍满足双向预算
T006,巡航,1060.4025367982229,1080.1103987346748,中继,R002,303,PASS,worst_obstruction_endpoint_distance,1.5293471153497364,1662.7287360181615,True,,端点最大距离且全时段按遮挡计损仍满足双向预算
T006,巡航,1080.1103987346748,1099.8182606711266,中继,R002,304,PASS,worst_obstruction_endpoint_distance,3.1918929171144725,1373.0745338103702,True,,端点最大距离且全时段按遮挡计损仍满足双向预算
T006,巡航,1099.8182606711266,1119.5261226075786,中继,R002,305,PASS,worst_obstruction_endpoint_distance,5.224083731909346,1086.6372077029318,True,,端点最大距离且全时段按遮挡计损仍满足双向预算
T006,巡航,1119.5261226075786,1139.2339845440304,中继,R002,306,PASS,worst_obstruction_endpoint_distance,7.809918002431388,806.8501018641134,True,,端点最大距离且全时段按遮挡计损仍满足双向预算
T006,巡航,1139.2339845440304,1158.9418464804821,中继,R002,307,PASS,worst_obstruction_endpoint_distance,11.23265745479327,544.0713855181892,True,,端点最大距离且全时段按遮挡计损仍满足双向预算
T006,巡航,1158.9418464804821,1178.649708416934,中继,R002,308,PASS,worst_obstruction_endpoint_distance,15.30868289058364,340.2942523009908,True,,端点最大距离且全时段按遮挡计损仍满足双向预算
T006,巡航,1178.649708416934,1198.3575703533859,中继,R002,309,PASS,worst_obstruction_endpoint_distance,11.478649442313184,528.878955160324,True,,端点最大距离且全时段按遮挡计损仍满足双向预算
T006,巡航,1198.3575703533859,1218.0654322898376,中继,R002,310,PASS,worst_obstruction_endpoint_distance,7.995048454551593,789.834928744089,True,,端点最大距离且全时段按遮挡计损仍满足双向预算
T006,巡航,1218.0654322898376,1237.7732942262896,中继,R002,311,PASS,worst_obstruction_endpoint_distance,5.366280347934946,1068.9927034665866,True,,端点最大距离且全时段按遮挡计损仍满足双向预算
T006,巡航,1237.7732942262896,1257.4811561627414,中继,R002,312,PASS,worst_obstruction_endpoint_distance,3.306027817586582,1355.1499936956816,True,,端点最大距离且全时段按遮挡计损仍满足双向预算
T006,巡航,1257.4811561627414,1277.1890180991932,中继,R002,313,PASS,worst_obstruction_endpoint_distance,1.6242669914537942,1644.6572684634768,True,,端点最大距离且全时段按遮挡计损仍满足双向预算
T006,巡航,1277.1890180991932,1296.8968800356452,中继,R002,314,PASS,worst_obstruction_endpoint_distance,0.2076130959518423,1936.0122613129108,True,,端点最大距离且全时段按遮挡计损仍满足双向预算
T006,下降,1296.8968800356452,1314.6970126853846,中继,R002,315,PASS,worst_obstruction_endpoint_distance,0.2076130959518423,1936.0122613129108,True,,端点最大距离且全时段按遮挡计损仍满足双向预算
T006,下降,1314.6970126853846,1332.4971453351243,中继,R002,316,PASS,worst_obstruction_endpoint_distance,0.20735980617972416,1936.0687183109696,True,,端点最大距离且全时段按遮挡计损仍满足双向预算
T006,下降,1332.4971453351243,1350.2972779848637,中继,R002,317,PASS,worst_obstruction_endpoint_distance,0.20035561395789614,1937.6305694328028,True,,端点最大距离且全时段按遮挡计损仍满足双向预算
T006,投送,1350.2972779848637,1369.388187075773,中继,R002,318,PASS,exact_point,0.20035561395789614,1937.6305694328028,,,独立计算 DEM 遮挡、自由空间损耗与双向预算
T006,投送,1369.388187075773,1388.479096166682,中继,R002,319,PASS,exact_point,0.20035561395789614,1937.6305694328028,,,独立计算 DEM 遮挡、自由空间损耗与双向预算
T006,投送,1388.479096166682,1407.570005257591,中继,R002,320,PASS,exact_point,0.20035561395789614,1937.6305694328028,,,独立计算 DEM 遮挡、自由空间损耗与双向预算
T006,投送,1407.570005257591,1426.6609143485002,中继,R002,321,PASS,exact_point,0.20035561395789614,1937.6305694328028,,,独立计算 DEM 遮挡、自由空间损耗与双向预算
T006,投送,1426.6609143485002,1445.7518234394092,中继,R002,322,PASS,exact_point,0.20035561395789614,1937.6305694328028,,,独立计算 DEM 遮挡、自由空间损耗与双向预算
T006,投送,1445.7518234394092,1464.8427325303182,中继,R002,323,PASS,exact_point,0.20035561395789614,1937.6305694328028,,,独立计算 DEM 遮挡、自由空间损耗与双向预算
T006,投送,1464.8427325303182,1483.9336416212275,中继,R002,324,PASS,exact_point,0.20035561395789614,1937.6305694328028,,,独立计算 DEM 遮挡、自由空间损耗与双向预算
T006,投送,1483.9336416212275,1503.0245507121365,中继,R002,325,PASS,exact_point,0.20035561395789614,1937.6305694328028,,,独立计算 DEM 遮挡、自由空间损耗与双向预算
T006,投送,1503.0245507121365,1522.1154598030455,中继,R002,326,PASS,exact_point,0.20035561395789614,1937.6305694328028,,,独立计算 DEM 遮挡、自由空间损耗与双向预算
T006,投送,1522.1154598030455,1541.2063688939547,中继,R002,327,PASS,exact_point,0.20035561395789614,1937.6305694328028,,,独立计算 DEM 遮挡、自由空间损耗与双向预算
T006,投送,1541.2063688939547,1560.2972779848637,中继,R002,328,PASS,exact_point,0.20035561395789614,1937.6305694328028,,,独立计算 DEM 遮挡、自由空间损耗与双向预算
T006,爬升,1560.2972779848637,1575.1307218596467,中继,R002,329,PASS,worst_obstruction_endpoint_distance,0.20035561395789614,1937.6305694328028,True,,端点最大距离且全时段按遮挡计损仍满足双向预算
T006,爬升,1575.1307218596467,1589.9641657344298,中继,R002,330,PASS,worst_obstruction_endpoint_distance,0.20735980617972416,1936.0687183109696,True,,端点最大距离且全时段按遮挡计损仍满足双向预算
T006,爬升,1589.9641657344298,1604.7976096092127,中继,R002,331,PASS,worst_obstruction_endpoint_distance,0.2076130959518423,1936.0122613129108,True,,端点最大距离且全时段按遮挡计损仍满足双向预算
T006,巡航,1604.7976096092127,1624.5054715456645,中继,R002,332,PASS,worst_obstruction_endpoint_distance,0.2076130959518423,1936.0122613129108,True,,端点最大距离且全时段按遮挡计损仍满足双向预算
T006,巡航,1624.5054715456645,1644.2133334821165,中继,R002,333,PASS,worst_obstruction_endpoint_distance,1.6242669914537942,1644.6572684634768,True,,端点最大距离且全时段按遮挡计损仍满足双向预算
T006,巡航,1644.2133334821165,1663.9211954185682,中继,R002,334,PASS,worst_obstruction_endpoint_distance,3.306027817586582,1355.1499936956816,True,,端点最大距离且全时段按遮挡计损仍满足双向预算
T006,巡航,1663.9211954185682,1683.62905735502,中继,R002,335,PASS,worst_obstruction_endpoint_distance,5.366280347934946,1068.9927034665866,True,,端点最大距离且全时段按遮挡计损仍满足双向预算
T006,巡航,1683.62905735502,1703.336919291472,中继,R002,336,PASS,worst_obstruction_endpoint_distance,7.995048454551593,789.834928744089,True,,端点最大距离且全时段按遮挡计损仍满足双向预算
T006,巡航,1703.336919291472,1723.0447812279237,中继,R002,337,PASS,worst_obstruction_endpoint_distance,11.478649442313184,528.878955160324,True,,端点最大距离且全时段按遮挡计损仍满足双向预算
T006,巡航,1723.0447812279237,1742.7526431643755,中继,R002,338,PASS,worst_obstruction_endpoint_distance,15.30868289058364,340.2942523009908,True,,端点最大距离且全时段按遮挡计损仍满足双向预算
T006,巡航,1742.7526431643755,1762.4605051008275,中继,R002,339,PASS,worst_obstruction_endpoint_distance,11.23265745479327,544.0713855181892,True,,端点最大距离且全时段按遮挡计损仍满足双向预算
T006,巡航,1762.4605051008275,1782.1683670372793,中继,R002,340,PASS,worst_obstruction_endpoint_distance,7.809918002431388,806.8501018641134,True,,端点最大距离且全时段按遮挡计损仍满足双向预算
T006,巡航,1782.1683670372793,1801.876228973731,中继,R002,341,PASS,worst_obstruction_endpoint_distance,5.224083731909346,1086.6372077029318,True,,端点最大距离且全时段按遮挡计损仍满足双向预算
T006,巡航,1801.876228973731,1821.584090910183,中继,R002,342,PASS,worst_obstruction_endpoint_distance,3.1918929171144725,1373.0745338103702,True,,端点最大距离且全时段按遮挡计损仍满足双向预算
T006,巡航,1821.584090910183,1841.2919528466348,中继,R002,343,PASS,worst_obstruction_endpoint_distance,1.5293471153497364,1662.7287360181615,True,,端点最大距离且全时段按遮挡计损仍满足双向预算
T006,巡航,1841.2919528466348,1860.9998147830865,直连,,344,PASS,worst_obstruction_endpoint_distance,0.2315979591948718,3852.200296462618,True,,端点最大距离且全时段按遮挡计损仍满足双向预算
T006,巡航,1860.9998147830865,1880.7076767195385,直连,,345,PASS,worst_obstruction_endpoint_distance,0.9232572696648731,3557.344251646282,True,,端点最大距离且全时段按遮挡计损仍满足双向预算
T006,巡航,1880.7076767195385,1900.4155386559903,直连,,346,PASS,worst_obstruction_endpoint_distance,1.6744290534633564,3262.6260964629014,True,,端点最大距离且全时段按遮挡计损仍满足双向预算
T006,巡航,1900.4155386559903,1920.123400592442,直连,,347,PASS,worst_obstruction_endpoint_distance,2.4962429037207414,2968.0869067243466,True,,端点最大距离且全时段按遮挡计损仍满足双向预算
T006,巡航,1920.123400592442,1939.8312625288938,直连,,348,PASS,worst_obstruction_endpoint_distance,3.4032428294939336,2673.7858265695286,True,,端点最大距离且全时段按遮挡计损仍满足双向预算
T006,巡航,1939.8312625288938,1959.5391244653458,直连,,349,PASS,worst_obstruction_endpoint_distance,4.4149250998654,2379.8111956219427,True,,端点最大距离且全时段按遮挡计损仍满足双向预算
T006,巡航,1959.5391244653458,1979.2469864017976,直连,,350,PASS,worst_obstruction_endpoint_distance,5.5582357768518165,2086.3010154813837,True,,端点最大距离且全时段按遮挡计损仍满足双向预算
T006,巡航,1979.2469864017976,1998.9548483382496,直连,,351,PASS,worst_obstruction_endpoint_distance,6.871828288485418,1793.4833279230154,True,,端点最大距离且全时段按遮挡计损仍满足双向预算
T006,巡航,1998.9548483382496,2018.6627102747013,直连,,352,PASS,worst_obstruction_endpoint_distance,8.41374566235858,1501.763259580158,True,,端点最大距离且全时段按遮挡计损仍满足双向预算
T006,巡航,2018.6627102747013,2038.370572211153,直连,,353,PASS,worst_obstruction_endpoint_distance,10.276198059579158,1211.9336813788218,True,,端点最大距离且全时段按遮挡计损仍满足双向预算
T006,巡航,2038.370572211153,2058.078434147605,直连,,354,PASS,worst_obstruction_endpoint_distance,12.615695694557388,925.7718553957753,True,,端点最大距离且全时段按遮挡计损仍满足双向预算
T006,巡航,2058.078434147605,2077.7862960840566,直连,,355,PASS,worst_obstruction_endpoint_distance,15.71220980707109,648.1540930775991,True,,端点最大距离且全时段按遮挡计损仍满足双向预算
T006,巡航,2077.7862960840566,2097.4941580205086,直连,,356,PASS,worst_obstruction_endpoint_distance,19.961022984094825,397.40891843474714,True,,端点最大距离且全时段按遮挡计损仍满足双向预算
T006,下降,2097.4941580205086,2116.5342243453783,直连,,357,PASS,worst_obstruction_endpoint_distance,23.4611812166777,265.600994873047,True,,端点最大距离且全时段按遮挡计损仍满足双向预算
T006,下降,2116.5342243453783,2135.574290670248,直连,,358,PASS,worst_obstruction_endpoint_distance,25.176612261026463,218.0008290608729,True,,端点最大距离且全时段按遮挡计损仍满足双向预算
T006,下降,2135.574290670248,2154.614356995118,直连,,359,PASS,worst_obstruction_endpoint_distance,27.316349549092124,170.40066324869878,True,,端点最大距离且全时段按遮挡计损仍满足双向预算
T006,下降,2154.614356995118,2173.654423319988,直连,,360,PASS,worst_obstruction_endpoint_distance,30.161772645055834,122.80049743652347,True,,端点最大距离且全时段按遮挡计损仍满足双向预算
T006,下降,2173.654423319988,2192.6944896448576,直连,,361,PASS,worst_obstruction_endpoint_distance,34.42138005012987,75.20033162434939,True,,端点最大距离且全时段按遮挡计损仍满足双向预算
T006,下降,2192.6944896448576,2211.734555969728,直连,,362,PASS,worst_obstruction_endpoint_distance,43.1275413425096,27.60016581217525,True,,端点最大距离且全时段按遮挡计损仍满足双向预算
T007,爬升,965.0,984.3808813476562,直连,,363,PASS,worst_obstruction_endpoint_distance,42.8634570804914,28.45220336914059,True,,端点最大距离且全时段按遮挡计损仍满足双向预算
T007,爬升,984.3808813476562,1003.7617626953125,直连,,364,PASS,worst_obstruction_endpoint_distance,34.22675064092644,76.90440673828144,True,,端点最大距离且全时段按遮挡计损仍满足双向预算
T007,爬升,1003.7617626953125,1023.1426440429688,直连,,365,PASS,worst_obstruction_endpoint_distance,29.982830377148545,125.356610107422,True,,端点最大距离且全时段按遮挡计损仍满足双向预算
T007,巡航,1023.1426440429688,1041.651666483214,直连,,366,PASS,worst_obstruction_endpoint_distance,22.2704985239005,304.6238004959094,True,,端点最大距离且全时段按遮挡计损仍满足双向预算
T007,巡航,1041.651666483214,1060.1606889234595,直连,,367,PASS,worst_obstruction_endpoint_distance,16.83979160829456,569.2449386880037,True,,端点最大距离且全时段按遮挡计损仍满足双向预算
T007,巡航,1060.1606889234595,1078.6697113637047,直连,,368,PASS,worst_obstruction_endpoint_distance,13.436577431180993,842.286590702294,True,,端点最大距离且全时段按遮挡计损仍满足双向预算
T007,巡航,1078.6697113637047,1097.17873380395,直连,,369,PASS,worst_obstruction_endpoint_distance,10.980093890191213,1117.5940057971984,True,,端点最大距离且全时段按遮挡计损仍满足双向预算
T007,巡航,1097.17873380395,1115.6877562441955,直连,,370,PASS,worst_obstruction_endpoint_distance,9.06160871006314,1393.8252340138579,True,,端点最大距离且全时段按遮挡计损仍满足双向预算
T007,巡航,1115.6877562441955,1134.1967786844407,直连,,371,PASS,worst_obstruction_endpoint_distance,7.488730846575692,1670.5220634325021,True,,端点最大距离且全时段按遮挡计损仍满足双向预算
T007,巡航,1134.1967786844407,1152.705801124686,直连,,372,PASS,worst_obstruction_endpoint_distance,6.156288066488344,1947.4860477341674,True,,端点最大距离且全时段按遮挡计损仍满足双向预算
T007,巡航,1152.705801124686,1171.2148235649315,直连,,373,PASS,worst_obstruction_endpoint_distance,5.000668542679023,2224.6174071251694,True,,端点最大距离且全时段按遮挡计损仍满足双向预算
T007,巡航,1171.2148235649315,1189.7238460051767,直连,,374,PASS,worst_obstruction_endpoint_distance,3.9805132818098343,2501.8605217539953,True,,端点最大距离且全时段按遮挡计损仍满足双向预算
T007,巡航,1189.7238460051767,1208.2328684454221,直连,,375,PASS,worst_obstruction_endpoint_distance,3.067435566266326,2779.1819466890624,True,,端点最大距离且全时段按遮挡计损仍满足双向预算
T007,巡航,1208.2328684454221,1226.7418908856675,直连,,376,PASS,worst_obstruction_endpoint_distance,2.2411156161546586,3056.5603667445057,True,,端点最大距离且全时段按遮挡计损仍满足双向预算
T007,下降,1226.7418908856675,1241.5846592369044,直连,,377,PASS,worst_obstruction_endpoint_distance,2.2411156161546586,3056.5603667445057,True,,端点最大距离且全时段按遮挡计损仍满足双向预算
T007,下降,1241.5846592369044,1256.4274275881414,直连,,378,PASS,worst_obstruction_endpoint_distance,2.2441667585877525,3055.4868597560912,True,,端点最大距离且全时段按遮挡计损仍满足双向预算
T007,下降,1256.4274275881414,1271.2701959393785,直连,,379,PASS,worst_obstruction_endpoint_distance,2.246399680237957,3054.701472633553,True,,端点最大距离且全时段按遮挡计损仍满足双向预算
T007,投送,1271.2701959393785,1291.0701959393782,直连,,380,PASS,exact_point,2.2478131175972464,3054.2044276465326,,,独立计算 DEM 遮挡、自由空间损耗与双向预算
T007,投送,1291.0701959393782,1310.8701959393784,直连,,381,PASS,exact_point,2.2478131175972464,3054.2044276465326,,,独立计算 DEM 遮挡、自由空间损耗与双向预算
T007,投送,1310.8701959393784,1330.6701959393783,直连,,382,PASS,exact_point,2.2478131175972464,3054.2044276465326,,,独立计算 DEM 遮挡、自由空间损耗与双向预算
T007,投送,1330.6701959393783,1350.4701959393783,直连,,383,PASS,exact_point,2.2478131175972464,3054.2044276465326,,,独立计算 DEM 遮挡、自由空间损耗与双向预算
T007,投送,1350.4701959393783,1370.2701959393785,直连,,384,PASS,exact_point,2.2478131175972464,3054.2044276465326,,,独立计算 DEM 遮挡、自由空间损耗与双向预算
T007,投送,1370.2701959393785,1390.0701959393784,直连,,385,PASS,exact_point,2.2478131175972464,3054.2044276465326,,,独立计算 DEM 遮挡、自由空间损耗与双向预算
T007,投送,1390.0701959393784,1409.8701959393784,直连,,386,PASS,exact_point,2.2478131175972464,3054.2044276465326,,,独立计算 DEM 遮挡、自由空间损耗与双向预算
T007,投送,1409.8701959393784,1429.6701959393783,直连,,387,PASS,exact_point,2.2478131175972464,3054.2044276465326,,,独立计算 DEM 遮挡、自由空间损耗与双向预算
T007,投送,1429.6701959393783,1449.4701959393783,直连,,388,PASS,exact_point,2.2478131175972464,3054.2044276465326,,,独立计算 DEM 遮挡、自由空间损耗与双向预算
T007,投送,1449.4701959393783,1469.2701959393785,直连,,389,PASS,exact_point,2.2478131175972464,3054.2044276465326,,,独立计算 DEM 遮挡、自由空间损耗与双向预算
T007,投送,1469.2701959393785,1489.0701959393784,直连,,390,PASS,exact_point,2.2478131175972464,3054.2044276465326,,,独立计算 DEM 遮挡、自由空间损耗与双向预算
T007,投送,1489.0701959393784,1508.8701959393784,直连,,391,PASS,exact_point,2.2478131175972464,3054.2044276465326,,,独立计算 DEM 遮挡、自由空间损耗与双向预算
T007,投送,1508.8701959393784,1528.6701959393786,直连,,392,PASS,exact_point,2.2478131175972464,3054.2044276465326,,,独立计算 DEM 遮挡、自由空间损耗与双向预算
T007,投送,1528.6701959393786,1548.4701959393785,直连,,393,PASS,exact_point,2.2478131175972464,3054.2044276465326,,,独立计算 DEM 遮挡、自由空间损耗与双向预算
T007,投送,1548.4701959393785,1568.2701959393785,直连,,394,PASS,exact_point,2.2478131175972464,3054.2044276465326,,,独立计算 DEM 遮挡、自由空间损耗与双向预算
T007,投送,1568.2701959393785,1588.0701959393784,直连,,395,PASS,exact_point,2.2478131175972464,3054.2044276465326,,,独立计算 DEM 遮挡、自由空间损耗与双向预算
T007,投送,1588.0701959393784,1607.8701959393784,直连,,396,PASS,exact_point,2.2478131175972464,3054.2044276465326,,,独立计算 DEM 遮挡、自由空间损耗与双向预算
T007,投送,1607.8701959393784,1627.6701959393786,直连,,397,PASS,exact_point,2.2478131175972464,3054.2044276465326,,,独立计算 DEM 遮挡、自由空间损耗与双向预算
T007,投送,1627.6701959393786,1647.4701959393785,直连,,398,PASS,exact_point,2.2478131175972464,3054.2044276465326,,,独立计算 DEM 遮挡、自由空间损耗与双向预算
T007,投送,1647.4701959393785,1667.2701959393785,直连,,399,PASS,exact_point,2.2478131175972464,3054.2044276465326,,,独立计算 DEM 遮挡、自由空间损耗与双向预算
T007,爬升,1667.2701959393785,1685.0815179608628,直连,,400,PASS,worst_obstruction_endpoint_distance,2.2453855868061083,3055.0581354130627,True,,端点最大距离且全时段按遮挡计损仍满足双向预算
T007,爬升,1685.0815179608628,1702.8928399823471,直连,,401,PASS,worst_obstruction_endpoint_distance,2.2411156161546586,3056.5603667445057,True,,端点最大距离且全时段按遮挡计损仍满足双向预算
T007,巡航,1702.8928399823471,1721.4018624225926,直连,,402,PASS,worst_obstruction_endpoint_distance,2.2411156161546586,3056.5603667445057,True,,端点最大距离且全时段按遮挡计损仍满足双向预算
T007,巡航,1721.4018624225926,1739.9108848628377,直连,,403,PASS,worst_obstruction_endpoint_distance,3.067435566266326,2779.1819466890624,True,,端点最大距离且全时段按遮挡计损仍满足双向预算
T007,巡航,1739.9108848628377,1758.4199073030832,直连,,404,PASS,worst_obstruction_endpoint_distance,3.9805132818098343,2501.8605217539953,True,,端点最大距离且全时段按遮挡计损仍满足双向预算
T007,巡航,1758.4199073030832,1776.9289297433286,直连,,405,PASS,worst_obstruction_endpoint_distance,5.000668542679023,2224.6174071251694,True,,端点最大距离且全时段按遮挡计损仍满足双向预算
T007,巡航,1776.9289297433286,1795.4379521835738,直连,,406,PASS,worst_obstruction_endpoint_distance,6.156288066488344,1947.4860477341674,True,,端点最大距离且全时段按遮挡计损仍满足双向预算
T007,巡航,1795.4379521835738,1813.9469746238192,直连,,407,PASS,worst_obstruction_endpoint_distance,7.488730846575692,1670.5220634325021,True,,端点最大距离且全时段按遮挡计损仍满足双向预算
T007,巡航,1813.9469746238192,1832.4559970640644,直连,,408,PASS,worst_obstruction_endpoint_distance,9.06160871006314,1393.8252340138579,True,,端点最大距离且全时段按遮挡计损仍满足双向预算
T007,巡航,1832.4559970640644,1850.9650195043098,直连,,409,PASS,worst_obstruction_endpoint_distance,10.980093890191213,1117.5940057971984,True,,端点最大距离且全时段按遮挡计损仍满足双向预算
T007,巡航,1850.9650195043098,1869.4740419445552,直连,,410,PASS,worst_obstruction_endpoint_distance,13.436577431180993,842.286590702294,True,,端点最大距离且全时段按遮挡计损仍满足双向预算
T007,巡航,1869.4740419445552,1887.9830643848004,直连,,411,PASS,worst_obstruction_endpoint_distance,16.83979160829456,569.2449386880037,True,,端点最大距离且全时段按遮挡计损仍满足双向预算
T007,巡航,1887.9830643848004,1906.4920868250458,直连,,412,PASS,worst_obstruction_endpoint_distance,22.2704985239005,304.6238004959094,True,,端点最大距离且全时段按遮挡计损仍满足双向预算
T007,下降,1906.4920868250458,1924.6616630884737,直连,,413,PASS,worst_obstruction_endpoint_distance,29.982830377148545,125.356610107422,True,,端点最大距离且全时段按遮挡计损仍满足双向预算
T007,下降,1924.6616630884737,1942.8312393519013,直连,,414,PASS,worst_obstruction_endpoint_distance,32.95627144019177,89.01745758056626,True,,端点最大距离且全时段按遮挡计损仍满足双向预算
T007,下降,1942.8312393519013,1961.000815615329,直连,,415,PASS,worst_obstruction_endpoint_distance,37.513139307574534,52.678305053711,True,,端点最大距离且全时段按遮挡计损仍满足双向预算
T007,下降,1961.000815615329,1979.1703918787568,直连,,416,PASS,worst_obstruction_endpoint_distance,45.92517525248826,20.0,True,,端点最大距离且全时段按遮挡计损仍满足双向预算
T008,爬升,1020.0,1039.0718271484375,直连,,417,PASS,worst_obstruction_endpoint_distance,43.10258905170963,27.679567871093695,True,,端点最大距离且全时段按遮挡计损仍满足双向预算
T008,爬升,1039.0718271484375,1058.143654296875,直连,,418,PASS,worst_obstruction_endpoint_distance,34.40305698380587,75.35913574218739,True,,端点最大距离且全时段按遮挡计损仍满足双向预算
T008,爬升,1058.143654296875,1077.2154814453127,直连,,419,PASS,worst_obstruction_endpoint_distance,30.14494023426775,123.03870361328165,True,,端点最大距离且全时段按遮挡计损仍满足双向预算
T008,爬升,1077.2154814453127,1096.2873085937501,直连,,420,PASS,worst_obstruction_endpoint_distance,27.30017506799763,170.7182714843753,True,,端点最大距离且全时段按遮挡计损仍满足双向预算
T008,爬升,1096.2873085937501,1115.3591357421876,直连,,421,PASS,worst_obstruction_endpoint_distance,25.160808415575318,218.397839355469,True,,端点最大距离且全时段按遮挡计损仍满足双向预算
T008,巡航,1115.3591357421876,1134.669745519484,直连,,422,PASS,worst_obstruction_endpoint_distance,20.75321503615335,362.7671946009024,True,,端点最大距离且全时段按遮挡计损仍满足双向预算
T008,巡航,1134.669745519484,1153.9803552967805,直连,,423,PASS,worst_obstruction_endpoint_distance,16.110304248345813,619.1181641730701,True,,端点最大距离且全时段按遮挡计损仍满足双向预算
T008,巡航,1153.9803552967805,1173.2909650740771,直连,,424,PASS,worst_obstruction_endpoint_distance,12.899596539616908,896.0019014636614,True,,端点最大距离且全时段按遮挡计损仍满足双向预算
T008,巡航,1173.2909650740771,1192.6015748513737,直连,,425,PASS,worst_obstruction_endpoint_distance,10.515201150199815,1179.0404387173653,True,,端点最大距离且全时段按遮挡计损仍满足双向预算
T008,巡航,1192.6015748513737,1211.91218462867,直连,,426,PASS,worst_obstruction_endpoint_distance,8.63097956554033,1464.6699789789309,True,,端点最大距离且全时段按遮挡计损仍满足双向预算
T008,巡航,1211.91218462867,1231.2227944059664,直连,,427,PASS,worst_obstruction_endpoint_distance,7.076960051876313,1751.623470098632,True,,端点最大距离且全时段按遮挡计损仍满足双向预算
T008,巡航,1231.2227944059664,1250.533404183263,直连,,428,PASS,worst_obstruction_endpoint_distance,5.755973409622868,2039.3421138116032,True,,端点最大距离且全时段按遮挡计损仍满足双向预算
T008,巡航,1250.533404183263,1269.8440139605596,直连,,429,PASS,worst_obstruction_endpoint_distance,4.607823983663508,2327.5421748741096,True,,端点最大距离且全时段按遮挡计损仍满足双向预算
T008,巡航,1269.8440139605596,1289.1546237378561,直连,,430,PASS,worst_obstruction_endpoint_distance,3.592806045813731,2616.064551374272,True,,端点最大距离且全时段按遮挡计损仍满足双向预算
T008,巡航,1289.1546237378561,1308.4652335151525,直连,,431,PASS,worst_obstruction_endpoint_distance,2.6834109702721207,2904.813202356247,True,,端点最大距离且全时段按遮挡计损仍满足双向预算
T008,巡航,1308.4652335151525,1327.7758432924488,直连,,432,PASS,worst_obstruction_endpoint_distance,1.8598200342751454,3193.726755171166,True,,端点最大距离且全时段按遮挡计损仍满足双向预算
T008,下降,1327.7758432924488,1340.6003031313162,直连,,433,PASS,worst_obstruction_endpoint_distance,1.8598200342751454,3193.726755171166,True,,端点最大距离且全时段按遮挡计损仍满足双向预算
T008,下降,1340.6003031313162,1353.4247629701833,直连,,434,PASS,worst_obstruction_endpoint_distance,1.8643124438889203,3192.075361970319,True,,端点最大距离且全时段按遮挡计损仍满足双向预算
T008,投送,1353.4247629701833,1372.483586499595,直连,,435,PASS,exact_point,1.8682481629573715,3190.6293079047914,,,独立计算 DEM 遮挡、自由空间损耗与双向预算
T008,投送,1372.483586499595,1391.542410029007,直连,,436,PASS,exact_point,1.8682481629573715,3190.6293079047914,,,独立计算 DEM 遮挡、自由空间损耗与双向预算
T008,投送,1391.542410029007,1410.6012335584187,直连,,437,PASS,exact_point,1.8682481629573715,3190.6293079047914,,,独立计算 DEM 遮挡、自由空间损耗与双向预算
T008,投送,1410.6012335584187,1429.6600570878304,直连,,438,PASS,exact_point,1.8682481629573715,3190.6293079047914,,,独立计算 DEM 遮挡、自由空间损耗与双向预算
T008,投送,1429.6600570878304,1448.7188806172421,直连,,439,PASS,exact_point,1.8682481629573715,3190.6293079047914,,,独立计算 DEM 遮挡、自由空间损耗与双向预算
T008,投送,1448.7188806172421,1467.7777041466538,直连,,440,PASS,exact_point,1.8682481629573715,3190.6293079047914,,,独立计算 DEM 遮挡、自由空间损耗与双向预算
T008,投送,1467.7777041466538,1486.8365276760655,直连,,441,PASS,exact_point,1.8682481629573715,3190.6293079047914,,,独立计算 DEM 遮挡、自由空间损耗与双向预算
T008,投送,1486.8365276760655,1505.8953512054775,直连,,442,PASS,exact_point,1.8682481629573715,3190.6293079047914,,,独立计算 DEM 遮挡、自由空间损耗与双向预算
T008,投送,1505.8953512054775,1524.9541747348892,直连,,443,PASS,exact_point,1.8682481629573715,3190.6293079047914,,,独立计算 DEM 遮挡、自由空间损耗与双向预算
T008,投送,1524.9541747348892,1544.0129982643011,直连,,444,PASS,exact_point,1.8682481629573715,3190.6293079047914,,,独立计算 DEM 遮挡、自由空间损耗与双向预算
T008,投送,1544.0129982643011,1563.0718217937128,直连,,445,PASS,exact_point,1.8682481629573715,3190.6293079047914,,,独立计算 DEM 遮挡、自由空间损耗与双向预算
T008,投送,1563.0718217937128,1582.1306453231246,直连,,446,PASS,exact_point,1.8682481629573715,3190.6293079047914,,,独立计算 DEM 遮挡、自由空间损耗与双向预算
T008,投送,1582.1306453231246,1601.1894688525363,直连,,447,PASS,exact_point,1.8682481629573715,3190.6293079047914,,,独立计算 DEM 遮挡、自由空间损耗与双向预算
T008,投送,1601.1894688525363,1620.248292381948,直连,,448,PASS,exact_point,1.8682481629573715,3190.6293079047914,,,独立计算 DEM 遮挡、自由空间损耗与双向预算
T008,投送,1620.248292381948,1639.3071159113597,直连,,449,PASS,exact_point,1.8682481629573715,3190.6293079047914,,,独立计算 DEM 遮挡、自由空间损耗与双向预算
T008,投送,1639.3071159113597,1658.3659394407716,直连,,450,PASS,exact_point,1.8682481629573715,3190.6293079047914,,,独立计算 DEM 遮挡、自由空间损耗与双向预算
T008,投送,1658.3659394407716,1677.4247629701833,直连,,451,PASS,exact_point,1.8682481629573715,3190.6293079047914,,,独立计算 DEM 遮挡、自由空间损耗与双向预算
T008,爬升,1677.4247629701833,1687.6843308412772,直连,,452,PASS,worst_obstruction_endpoint_distance,1.8643124438889203,3192.075361970319,True,,端点最大距离且全时段按遮挡计损仍满足双向预算
T008,爬升,1687.6843308412772,1697.9438987123708,直连,,453,PASS,worst_obstruction_endpoint_distance,1.8598200342751454,3193.726755171166,True,,端点最大距离且全时段按遮挡计损仍满足双向预算
T008,巡航,1697.9438987123708,1717.2545084896674,直连,,454,PASS,worst_obstruction_endpoint_distance,1.8598200342751454,3193.726755171166,True,,端点最大距离且全时段按遮挡计损仍满足双向预算
T008,巡航,1717.2545084896674,1736.5651182669637,直连,,455,PASS,worst_obstruction_endpoint_distance,2.6834109702721207,2904.813202356247,True,,端点最大距离且全时段按遮挡计损仍满足双向预算
T008,巡航,1736.5651182669637,1755.8757280442603,直连,,456,PASS,worst_obstruction_endpoint_distance,3.592806045813731,2616.064551374272,True,,端点最大距离且全时段按遮挡计损仍满足双向预算
T008,巡航,1755.8757280442603,1775.186337821557,直连,,457,PASS,worst_obstruction_endpoint_distance,4.607823983663508,2327.5421748741096,True,,端点最大距离且全时段按遮挡计损仍满足双向预算
T008,巡航,1775.186337821557,1794.4969475988532,直连,,458,PASS,worst_obstruction_endpoint_distance,5.755973409622868,2039.3421138116032,True,,端点最大距离且全时段按遮挡计损仍满足双向预算
T008,巡航,1794.4969475988532,1813.8075573761498,直连,,459,PASS,worst_obstruction_endpoint_distance,7.076960051876313,1751.623470098632,True,,端点最大距离且全时段按遮挡计损仍满足双向预算
T008,巡航,1813.8075573761498,1833.1181671534464,直连,,460,PASS,worst_obstruction_endpoint_distance,8.63097956554033,1464.6699789789309,True,,端点最大距离且全时段按遮挡计损仍满足双向预算
T008,巡航,1833.1181671534464,1852.4287769307427,直连,,461,PASS,worst_obstruction_endpoint_distance,10.515201150199815,1179.0404387173653,True,,端点最大距离且全时段按遮挡计损仍满足双向预算
T008,巡航,1852.4287769307427,1871.7393867080393,直连,,462,PASS,worst_obstruction_endpoint_distance,12.899596539616908,896.0019014636614,True,,端点最大距离且全时段按遮挡计损仍满足双向预算
T008,巡航,1871.7393867080393,1891.0499964853357,直连,,463,PASS,worst_obstruction_endpoint_distance,16.110304248345813,619.1181641730701,True,,端点最大距离且全时段按遮挡计损仍满足双向预算
T008,巡航,1891.0499964853357,1910.3606062626322,直连,,464,PASS,worst_obstruction_endpoint_distance,20.75321503615335,362.7671946009024,True,,端点最大距离且全时段按遮挡计损仍满足双向预算
T008,下降,1910.3606062626322,1930.227092875588,直连,,465,PASS,worst_obstruction_endpoint_distance,25.160808415575318,218.397839355469,True,,端点最大距离且全时段按遮挡计损仍满足双向预算
T008,下降,1930.227092875588,1950.0935794885438,直连,,466,PASS,worst_obstruction_endpoint_distance,26.904991999955485,178.66486612955765,True,,端点最大距离且全时段按遮挡计损仍满足双向预算
T008,下降,1950.0935794885438,1969.9600661014995,直连,,467,PASS,worst_obstruction_endpoint_distance,29.08973610815727,138.93189290364586,True,,端点最大距离且全时段按遮挡计损仍满足双向预算
T008,下降,1969.9600661014995,1989.8265527144551,直连,,468,PASS,worst_obstruction_endpoint_distance,32.01563631553782,99.1989196777345,True,,端点最大距离且全时段按遮挡计损仍满足双向预算
T008,下降,1989.8265527144551,2009.693039327411,直连,,469,PASS,worst_obstruction_endpoint_distance,36.460408456856726,59.46594645182313,True,,端点最大距离且全时段按遮挡计损仍满足双向预算
T008,下降,2009.693039327411,2029.5595259403667,直连,,470,PASS,worst_obstruction_endpoint_distance,45.92517525248826,20.0,True,,端点最大距离且全时段按遮挡计损仍满足双向预算
T009,爬升,2147.0,2163.15073445638,直连,,471,PASS,worst_obstruction_endpoint_distance,42.86345708049137,28.452203369140676,True,,端点最大距离且全时段按遮挡计损仍满足双向预算
T009,爬升,2163.15073445638,2179.3014689127604,直连,,472,PASS,worst_obstruction_endpoint_distance,34.22675064092644,76.90440673828135,True,,端点最大距离且全时段按遮挡计损仍满足双向预算
T009,爬升,2179.3014689127604,2195.4522033691405,直连,,473,PASS,worst_obstruction_endpoint_distance,29.982830377148545,125.356610107422,True,,端点最大距离且全时段按遮挡计损仍满足双向预算
T009,巡航,2195.4522033691405,2213.961225809386,直连,,474,PASS,worst_obstruction_endpoint_distance,22.2704985239005,304.6238004959094,True,,端点最大距离且全时段按遮挡计损仍满足双向预算
T009,巡航,2213.961225809386,2232.4702482496314,直连,,475,PASS,worst_obstruction_endpoint_distance,16.83979160829456,569.2449386880037,True,,端点最大距离且全时段按遮挡计损仍满足双向预算
T009,巡航,2232.4702482496314,2250.9792706898766,直连,,476,PASS,worst_obstruction_endpoint_distance,13.436577431180993,842.286590702294,True,,端点最大距离且全时段按遮挡计损仍满足双向预算
T009,巡航,2250.9792706898766,2269.4882931301217,直连,,477,PASS,worst_obstruction_endpoint_distance,10.980093890191213,1117.5940057971984,True,,端点最大距离且全时段按遮挡计损仍满足双向预算
T009,巡航,2269.4882931301217,2287.9973155703674,直连,,478,PASS,worst_obstruction_endpoint_distance,9.06160871006314,1393.8252340138579,True,,端点最大距离且全时段按遮挡计损仍满足双向预算
T009,巡航,2287.9973155703674,2306.5063380106126,直连,,479,PASS,worst_obstruction_endpoint_distance,7.488730846575692,1670.5220634325021,True,,端点最大距离且全时段按遮挡计损仍满足双向预算
T009,巡航,2306.5063380106126,2325.0153604508578,直连,,480,PASS,worst_obstruction_endpoint_distance,6.156288066488344,1947.4860477341674,True,,端点最大距离且全时段按遮挡计损仍满足双向预算
T009,巡航,2325.0153604508578,2343.5243828911034,直连,,481,PASS,worst_obstruction_endpoint_distance,5.000668542679023,2224.6174071251694,True,,端点最大距离且全时段按遮挡计损仍满足双向预算
T009,巡航,2343.5243828911034,2362.0334053313486,直连,,482,PASS,worst_obstruction_endpoint_distance,3.9805132818098343,2501.8605217539953,True,,端点最大距离且全时段按遮挡计损仍满足双向预算
T009,巡航,2362.0334053313486,2380.542427771594,直连,,483,PASS,worst_obstruction_endpoint_distance,3.067435566266326,2779.1819466890624,True,,端点最大距离且全时段按遮挡计损仍满足双向预算
T009,巡航,2380.542427771594,2399.0514502118394,直连,,484,PASS,worst_obstruction_endpoint_distance,2.2411156161546586,3056.5603667445057,True,,端点最大距离且全时段按遮挡计损仍满足双向预算
T009,下降,2399.0514502118394,2416.862772233324,直连,,485,PASS,worst_obstruction_endpoint_distance,2.2411156161546586,3056.5603667445057,True,,端点最大距离且全时段按遮挡计损仍满足双向预算
T009,下降,2416.862772233324,2434.674094254808,直连,,486,PASS,worst_obstruction_endpoint_distance,2.2453855868061083,3055.0581354130627,True,,端点最大距离且全时段按遮挡计损仍满足双向预算
T009,投送,2434.674094254808,2454.674094254808,直连,,487,PASS,exact_point,2.2478131175972464,3054.2044276465326,,,独立计算 DEM 遮挡、自由空间损耗与双向预算
T009,投送,2454.674094254808,2474.674094254808,直连,,488,PASS,exact_point,2.2478131175972464,3054.2044276465326,,,独立计算 DEM 遮挡、自由空间损耗与双向预算
T009,投送,2474.674094254808,2494.674094254808,直连,,489,PASS,exact_point,2.2478131175972464,3054.2044276465326,,,独立计算 DEM 遮挡、自由空间损耗与双向预算
T009,投送,2494.674094254808,2514.674094254808,直连,,490,PASS,exact_point,2.2478131175972464,3054.2044276465326,,,独立计算 DEM 遮挡、自由空间损耗与双向预算
T009,投送,2514.674094254808,2534.674094254808,直连,,491,PASS,exact_point,2.2478131175972464,3054.2044276465326,,,独立计算 DEM 遮挡、自由空间损耗与双向预算
T009,投送,2534.674094254808,2554.674094254808,直连,,492,PASS,exact_point,2.2478131175972464,3054.2044276465326,,,独立计算 DEM 遮挡、自由空间损耗与双向预算
T009,投送,2554.674094254808,2574.674094254808,直连,,493,PASS,exact_point,2.2478131175972464,3054.2044276465326,,,独立计算 DEM 遮挡、自由空间损耗与双向预算
T009,投送,2574.674094254808,2594.674094254808,直连,,494,PASS,exact_point,2.2478131175972464,3054.2044276465326,,,独立计算 DEM 遮挡、自由空间损耗与双向预算
T009,投送,2594.674094254808,2614.674094254808,直连,,495,PASS,exact_point,2.2478131175972464,3054.2044276465326,,,独立计算 DEM 遮挡、自由空间损耗与双向预算
T009,投送,2614.674094254808,2634.674094254808,直连,,496,PASS,exact_point,2.2478131175972464,3054.2044276465326,,,独立计算 DEM 遮挡、自由空间损耗与双向预算
T009,投送,2634.674094254808,2654.674094254808,直连,,497,PASS,exact_point,2.2478131175972464,3054.2044276465326,,,独立计算 DEM 遮挡、自由空间损耗与双向预算
T009,投送,2654.674094254808,2674.674094254808,直连,,498,PASS,exact_point,2.2478131175972464,3054.2044276465326,,,独立计算 DEM 遮挡、自由空间损耗与双向预算
T009,爬升,2674.674094254808,2689.516862606045,直连,,499,PASS,worst_obstruction_endpoint_distance,2.2453855868061083,3055.0581354130627,True,,端点最大距离且全时段按遮挡计损仍满足双向预算
T009,爬升,2689.516862606045,2704.359630957282,直连,,500,PASS,worst_obstruction_endpoint_distance,2.2411156161546586,3056.5603667445057,True,,端点最大距离且全时段按遮挡计损仍满足双向预算
T009,巡航,2704.359630957282,2722.8686533975274,直连,,501,PASS,worst_obstruction_endpoint_distance,2.2411156161546586,3056.5603667445057,True,,端点最大距离且全时段按遮挡计损仍满足双向预算
T009,巡航,2722.8686533975274,2741.3776758377726,直连,,502,PASS,worst_obstruction_endpoint_distance,3.067435566266326,2779.1819466890624,True,,端点最大距离且全时段按遮挡计损仍满足双向预算
T009,巡航,2741.3776758377726,2759.8866982780182,直连,,503,PASS,worst_obstruction_endpoint_distance,3.9805132818098343,2501.8605217539953,True,,端点最大距离且全时段按遮挡计损仍满足双向预算
T009,巡航,2759.8866982780182,2778.3957207182634,直连,,504,PASS,worst_obstruction_endpoint_distance,5.000668542679023,2224.6174071251694,True,,端点最大距离且全时段按遮挡计损仍满足双向预算
T009,巡航,2778.3957207182634,2796.9047431585086,直连,,505,PASS,worst_obstruction_endpoint_distance,6.156288066488344,1947.4860477341674,True,,端点最大距离且全时段按遮挡计损仍满足双向预算
T009,巡航,2796.9047431585086,2815.4137655987543,直连,,506,PASS,worst_obstruction_endpoint_distance,7.488730846575692,1670.5220634325021,True,,端点最大距离且全时段按遮挡计损仍满足双向预算
T009,巡航,2815.4137655987543,2833.9227880389994,直连,,507,PASS,worst_obstruction_endpoint_distance,9.06160871006314,1393.8252340138579,True,,端点最大距离且全时段按遮挡计损仍满足双向预算
T009,巡航,2833.9227880389994,2852.4318104792446,直连,,508,PASS,worst_obstruction_endpoint_distance,10.980093890191213,1117.5940057971984,True,,端点最大距离且全时段按遮挡计损仍满足双向预算
T009,巡航,2852.4318104792446,2870.9408329194903,直连,,509,PASS,worst_obstruction_endpoint_distance,13.436577431180993,842.286590702294,True,,端点最大距离且全时段按遮挡计损仍满足双向预算
T009,巡航,2870.9408329194903,2889.449855359735,直连,,510,PASS,worst_obstruction_endpoint_distance,16.83979160829456,569.2449386880037,True,,端点最大距离且全时段按遮挡计损仍满足双向预算
T009,巡航,2889.449855359735,2907.9588777999807,直连,,511,PASS,worst_obstruction_endpoint_distance,22.2704985239005,304.6238004959094,True,,端点最大距离且全时段按遮挡计损仍满足双向预算
T009,下降,2907.9588777999807,2927.339759147637,直连,,512,PASS,worst_obstruction_endpoint_distance,29.982830377148545,125.356610107422,True,,端点最大距离且全时段按遮挡计损仍满足双向预算
T009,下降,2927.339759147637,2946.720640495293,直连,,513,PASS,worst_obstruction_endpoint_distance,34.22675064092644,76.90440673828135,True,,端点最大距离且全时段按遮挡计损仍满足双向预算
T009,下降,2946.720640495293,2966.1015218429493,直连,,514,PASS,worst_obstruction_endpoint_distance,42.86345708049137,28.452203369140676,True,,端点最大距离且全时段按遮挡计损仍满足双向预算
T010,爬升,2304.0,2323.3436411539715,直连,,515,PASS,worst_obstruction_endpoint_distance,40.343037745338265,38.03092346191437,True,,端点最大距离且全时段按遮挡计损仍满足双向预算
T010,爬升,2323.3436411539715,2342.687282307943,直连,,516,PASS,worst_obstruction_endpoint_distance,32.29475651968478,96.06184692382868,True,,端点最大距离且全时段按遮挡计损仍满足双向预算
T010,爬升,2342.687282307943,2362.0309234619144,直连,,517,PASS,worst_obstruction_endpoint_distance,28.190129900190144,154.09277038574305,True,,端点最大距离且全时段按遮挡计损仍满足双向预算
T010,爬升,2362.0309234619144,2381.3745646158854,直连,,518,PASS,worst_obstruction_endpoint_distance,25.41399154248265,212.12369384765606,True,,端点最大距离且全时段按遮挡计损仍满足双向预算
T010,爬升,2381.3745646158854,2400.718205769857,直连,,519,PASS,worst_obstruction_endpoint_distance,23.31352727333625,270.15461730957037,True,,端点最大距离且全时段按遮挡计损仍满足双向预算
T010,爬升,2400.718205769857,2420.0618469238284,直连,,520,PASS,worst_obstruction_endpoint_distance,21.62338630671509,328.18554077148474,True,,端点最大距离且全时段按遮挡计损仍满足双向预算
T010,爬升,2420.0618469238284,2439.4054880778,直连,,521,PASS,worst_obstruction_endpoint_distance,20.209159493456326,386.2164642333991,True,,端点最大距离且全时段按遮挡计损仍满足双向预算
T010,爬升,2439.4054880778,2458.749129231771,直连,,522,PASS,worst_obstruction_endpoint_distance,18.993277511644692,444.24738769531206,True,,端点最大距离且全时段按遮挡计损仍满足双向预算
T010,巡航,2458.749129231771,2478.385253126678,直连,,523,PASS,worst_obstruction_endpoint_distance,17.916649545737883,502.87064096726107,True,,端点最大距离且全时段按遮挡计损仍满足双向预算
T010,巡航,2478.385253126678,2498.0213770215846,直连,,524,PASS,worst_obstruction_endpoint_distance,15.71899076183928,647.6482855415965,True,,端点最大距离且全时段按遮挡计损仍满足双向预算
T010,巡航,2498.0213770215846,2517.6575009164912,直连,,525,PASS,worst_obstruction_endpoint_distance,13.5130486115427,834.9035885230084,True,,端点最大距离且全时段按遮挡计损仍满足双向预算
T010,巡航,2517.6575009164912,2537.2936248113983,直连,,526,PASS,worst_obstruction_endpoint_distance,11.588572854716219,1041.9817573440184,True,,端点最大距离且全时段按遮挡计损仍满足双向预算
T010,巡航,2537.2936248113983,2556.929748706305,直连,,527,PASS,worst_obstruction_endpoint_distance,9.944292824291068,1259.1402794336339,True,,端点最大距离且全时段按遮挡计损仍满足双向预算
T010,巡航,2556.929748706305,2576.5658726012116,直连,,528,PASS,worst_obstruction_endpoint_distance,8.529078472989426,1481.954379895724,True,,端点最大距离且全时段按遮挡计损仍满足双向预算
T010,巡航,2576.5658726012116,2596.201996496118,直连,,529,PASS,worst_obstruction_endpoint_distance,7.294937761347967,1708.2124004460284,True,,端点最大距离且全时段按遮挡计损仍满足双向预算
T010,巡航,2596.201996496118,2615.838120391025,直连,,530,PASS,worst_obstruction_endpoint_distance,6.2044935916322,1936.7076976478331,True,,端点最大距离且全时段按遮挡计损仍满足双向预算
T010,巡航,2615.838120391025,2635.474244285932,直连,,531,PASS,worst_obstruction_endpoint_distance,5.229668880125246,2166.7325832609313,True,,端点最大距离且全时段按遮挡计损仍满足双向预算
T010,巡航,2635.474244285932,2655.1103681808386,直连,,532,PASS,worst_obstruction_endpoint_distance,4.349346163073591,2397.8468985208874,True,,端点最大距离且全时段按遮挡计损仍满足双向预算
T010,巡航,2655.1103681808386,2674.746492075745,直连,,533,PASS,worst_obstruction_endpoint_distance,3.547441536545847,2629.763428575528,True,,端点最大距离且全时段按遮挡计损仍满足双向预算
T010,巡航,2674.746492075745,2694.3826159706523,直连,,534,PASS,worst_obstruction_endpoint_distance,2.811511051936634,2862.2871819484435,True,,端点最大距离且全时段按遮挡计损仍满足双向预算
T010,巡航,2694.3826159706523,2714.018739865559,直连,,535,PASS,worst_obstruction_endpoint_distance,2.131772647054248,3095.28131415617,True,,端点最大距离且全时段按遮挡计损仍满足双向预算
T010,巡航,2714.018739865559,2733.6548637604656,直连,,536,PASS,worst_obstruction_endpoint_distance,1.500420209250862,3328.6470518406963,True,,端点最大距离且全时段按遮挡计损仍满足双向预算
T010,巡航,2733.6548637604656,2753.290987655372,直连,,537,PASS,worst_obstruction_endpoint_distance,0.911137638147423,3562.3113645267736,True,,端点最大距离且全时段按遮挡计损仍满足双向预算
T010,巡航,2753.290987655372,2772.927111550279,直连,,538,PASS,worst_obstruction_endpoint_distance,0.35874972363353663,3796.2191190829435,True,,端点最大距离且全时段按遮挡计损仍满足双向预算
T010,巡航,2772.927111550279,2792.5632354451855,中继,R003,539,PASS,worst_obstruction_endpoint_distance,3.266702482514688,1361.299340639569,True,,端点最大距离且全时段按遮挡计损仍满足双向预算
T010,巡航,2792.5632354451855,2812.1993593400925,中继,R003,540,PASS,worst_obstruction_endpoint_distance,3.65634197875049,1301.5823757640605,True,,端点最大距离且全时段按遮挡计损仍满足双向预算
T010,巡航,2812.1993593400925,2831.835483234999,中继,R003,541,PASS,worst_obstruction_endpoint_distance,3.617802891321233,1307.3702970013408,True,,端点最大距离且全时段按遮挡计损仍满足双向预算
T010,巡航,2831.835483234999,2851.4716071299063,中继,R003,542,PASS,worst_obstruction_endpoint_distance,3.196495425185134,1372.3471572420888,True,,端点最大距离且全时段按遮挡计损仍满足双向预算
T010,巡航,2851.4716071299063,2871.107731024813,中继,R003,543,PASS,worst_obstruction_endpoint_distance,2.584175640430118,1472.5836569262096,True,,端点最大距离且全时段按遮挡计损仍满足双向预算
T010,巡航,2871.107731024813,2890.7438549197195,中继,R003,544,PASS,worst_obstruction_endpoint_distance,1.8553843634241076,1601.4727014364303,True,,端点最大距离且全时段按遮挡计损仍满足双向预算
T010,巡航,2890.7438549197195,2910.379978814626,中继,R003,545,PASS,worst_obstruction_endpoint_distance,1.071600826356132,1752.7045616393702,True,,端点最大距离且全时段按遮挡计损仍满足双向预算
T010,下降,2910.379978814626,2929.6557698302513,中继,R003,546,PASS,worst_obstruction_endpoint_distance,1.0686325652298336,1753.3036221923433,True,,端点最大距离且全时段按遮挡计损仍满足双向预算
T010,下降,2929.6557698302513,2948.931560845876,中继,R003,547,PASS,worst_obstruction_endpoint_distance,1.0591142360136558,1755.2260123087,True,,端点最大距离且全时段按遮挡计损仍满足双向预算
T010,下降,2948.931560845876,2968.207351861501,中继,R003,548,PASS,worst_obstruction_endpoint_distance,1.0430887776814899,1758.467391926386,True,,端点最大距离且全时段按遮挡计损仍满足双向预算
T010,下降,2968.207351861501,2987.483142877126,中继,R003,549,PASS,worst_obstruction_endpoint_distance,1.0206279905043374,1763.0204860246654,True,,端点最大距离且全时段按遮挡计损仍满足双向预算
T010,下降,2987.483142877126,3006.758933892751,中继,R003,550,PASS,worst_obstruction_endpoint_distance,0.9918314733706666,1768.8751655523586,True,,端点最大距离且全时段按遮挡计损仍满足双向预算
T010,投送,3006.758933892751,3026.758933892751,中继,R003,551,PASS,exact_point,0.9918314733706666,1768.8751655523586,,,独立计算 DEM 遮挡、自由空间损耗与双向预算
T010,投送,3026.758933892751,3046.758933892751,中继,R003,552,PASS,exact_point,0.9918314733706666,1768.8751655523586,,,独立计算 DEM 遮挡、自由空间损耗与双向预算
T010,投送,3046.758933892751,3066.758933892751,中继,R003,553,PASS,exact_point,0.9918314733706666,1768.8751655523586,,,独立计算 DEM 遮挡、自由空间损耗与双向预算
T010,投送,3066.758933892751,3086.758933892751,中继,R003,554,PASS,exact_point,0.9918314733706666,1768.8751655523586,,,独立计算 DEM 遮挡、自由空间损耗与双向预算
T010,投送,3086.758933892751,3106.758933892751,中继,R003,555,PASS,exact_point,0.9918314733706666,1768.8751655523586,,,独立计算 DEM 遮挡、自由空间损耗与双向预算
T010,投送,3106.758933892751,3126.758933892751,中继,R003,556,PASS,exact_point,0.9918314733706666,1768.8751655523586,,,独立计算 DEM 遮挡、自由空间损耗与双向预算
T010,投送,3126.758933892751,3146.758933892751,中继,R003,557,PASS,exact_point,0.9918314733706666,1768.8751655523586,,,独立计算 DEM 遮挡、自由空间损耗与双向预算
T010,投送,3146.758933892751,3166.758933892751,中继,R003,558,PASS,exact_point,0.9918314733706666,1768.8751655523586,,,独立计算 DEM 遮挡、自由空间损耗与双向预算
T010,投送,3166.758933892751,3186.758933892751,中继,R003,559,PASS,exact_point,0.9918314733706666,1768.8751655523586,,,独立计算 DEM 遮挡、自由空间损耗与双向预算
T010,爬升,3186.758933892751,3202.8220930724383,中继,R003,560,PASS,worst_obstruction_endpoint_distance,0.9918314733706666,1768.8751655523586,True,,端点最大距离且全时段按遮挡计损仍满足双向预算
T010,爬升,3202.8220930724383,3218.8852522521256,中继,R003,561,PASS,worst_obstruction_endpoint_distance,1.0206279905043374,1763.0204860246654,True,,端点最大距离且全时段按遮挡计损仍满足双向预算
T010,爬升,3218.8852522521256,3234.9484114318134,中继,R003,562,PASS,worst_obstruction_endpoint_distance,1.0430887776814899,1758.4673919263862,True,,端点最大距离且全时段按遮挡计损仍满足双向预算
T010,爬升,3234.9484114318134,3251.0115706115007,中继,R003,563,PASS,worst_obstruction_endpoint_distance,1.0591142360136558,1755.2260123087,True,,端点最大距离且全时段按遮挡计损仍满足双向预算
T010,爬升,3251.0115706115007,3267.0747297911885,中继,R003,564,PASS,worst_obstruction_endpoint_distance,1.0686325652298336,1753.3036221923433,True,,端点最大距离且全时段按遮挡计损仍满足双向预算
T010,巡航,3267.0747297911885,3286.710853686095,中继,R003,565,PASS,worst_obstruction_endpoint_distance,1.071600826356132,1752.7045616393702,True,,端点最大距离且全时段按遮挡计损仍满足双向预算
T010,巡航,3286.710853686095,3306.3469775810017,中继,R003,566,PASS,worst_obstruction_endpoint_distance,1.8553843634241076,1601.4727014364303,True,,端点最大距离且全时段按遮挡计损仍满足双向预算
T010,巡航,3306.3469775810017,3325.9831014759084,中继,R003,567,PASS,worst_obstruction_endpoint_distance,2.584175640430118,1472.5836569262096,True,,端点最大距离且全时段按遮挡计损仍满足双向预算
T010,巡航,3325.9831014759084,3345.619225370815,中继,R003,568,PASS,worst_obstruction_endpoint_distance,3.196495425185134,1372.3471572420888,True,,端点最大距离且全时段按遮挡计损仍满足双向预算
T010,巡航,3345.619225370815,3365.2553492657216,中继,R003,569,PASS,worst_obstruction_endpoint_distance,3.6178028913211904,1307.3702970013474,True,,端点最大距离且全时段按遮挡计损仍满足双向预算
T010,巡航,3365.2553492657216,3384.8914731606287,中继,R003,570,PASS,worst_obstruction_endpoint_distance,3.65634197875049,1301.5823757640605,True,,端点最大距离且全时段按遮挡计损仍满足双向预算
T010,巡航,3384.8914731606287,3404.5275970555354,中继,R003,571,PASS,worst_obstruction_endpoint_distance,3.266702482514688,1361.299340639569,True,,端点最大距离且全时段按遮挡计损仍满足双向预算
T010,巡航,3404.5275970555354,3424.1637209504424,直连,,572,PASS,worst_obstruction_endpoint_distance,0.35874972363353663,3796.2191190829435,True,,端点最大距离且全时段按遮挡计损仍满足双向预算
T010,巡航,3424.1637209504424,3443.799844845349,直连,,573,PASS,worst_obstruction_endpoint_distance,0.911137638147423,3562.3113645267736,True,,端点最大距离且全时段按遮挡计损仍满足双向预算
T010,巡航,3443.799844845349,3463.4359687402557,直连,,574,PASS,worst_obstruction_endpoint_distance,1.500420209250862,3328.6470518406963,True,,端点最大距离且全时段按遮挡计损仍满足双向预算
T010,巡航,3463.4359687402557,3483.0720926351623,直连,,575,PASS,worst_obstruction_endpoint_distance,2.131772647054248,3095.28131415617,True,,端点最大距离且全时段按遮挡计损仍满足双向预算
T010,巡航,3483.0720926351623,3502.708216530069,直连,,576,PASS,worst_obstruction_endpoint_distance,2.811511051936634,2862.2871819484435,True,,端点最大距离且全时段按遮挡计损仍满足双向预算
T010,巡航,3502.708216530069,3522.3443404249756,直连,,577,PASS,worst_obstruction_endpoint_distance,3.547441536545847,2629.763428575528,True,,端点最大距离且全时段按遮挡计损仍满足双向预算
T010,巡航,3522.3443404249756,3541.9804643198827,直连,,578,PASS,worst_obstruction_endpoint_distance,4.349346163073591,2397.8468985208874,True,,端点最大距离且全时段按遮挡计损仍满足双向预算
T010,巡航,3541.9804643198827,3561.6165882147893,直连,,579,PASS,worst_obstruction_endpoint_distance,5.229668880125246,2166.7325832609313,True,,端点最大距离且全时段按遮挡计损仍满足双向预算
T010,巡航,3561.6165882147893,3581.2527121096964,直连,,580,PASS,worst_obstruction_endpoint_distance,6.2044935916322,1936.7076976478331,True,,端点最大距离且全时段按遮挡计损仍满足双向预算
T010,巡航,3581.2527121096964,3600.888836004603,直连,,581,PASS,worst_obstruction_endpoint_distance,7.294937761347967,1708.2124004460284,True,,端点最大距离且全时段按遮挡计损仍满足双向预算
T010,巡航,3600.888836004603,3620.5249598995097,直连,,582,PASS,worst_obstruction_endpoint_distance,8.529078472989426,1481.954379895724,True,,端点最大距离且全时段按遮挡计损仍满足双向预算
T010,巡航,3620.5249598995097,3640.1610837944163,直连,,583,PASS,worst_obstruction_endpoint_distance,9.944292824291068,1259.1402794336339,True,,端点最大距离且全时段按遮挡计损仍满足双向预算
T010,巡航,3640.1610837944163,3659.797207689323,直连,,584,PASS,worst_obstruction_endpoint_distance,11.588572854716219,1041.9817573440184,True,,端点最大距离且全时段按遮挡计损仍满足双向预算
T010,巡航,3659.797207689323,3679.4333315842296,直连,,585,PASS,worst_obstruction_endpoint_distance,13.5130486115427,834.9035885230084,True,,端点最大距离且全时段按遮挡计损仍满足双向预算
T010,巡航,3679.4333315842296,3699.0694554791366,直连,,586,PASS,worst_obstruction_endpoint_distance,15.71899076183928,647.6482855415965,True,,端点最大距离且全时段按遮挡计损仍满足双向预算
T010,巡航,3699.0694554791366,3718.7055793740433,直连,,587,PASS,worst_obstruction_endpoint_distance,17.916649545737883,502.87064096726107,True,,端点最大距离且全时段按遮挡计损仍满足双向预算
T010,下降,3718.7055793740433,3737.275474881856,直连,,588,PASS,worst_obstruction_endpoint_distance,18.993277511644692,444.24738769531206,True,,端点最大距离且全时段按遮挡计损仍满足双向预算
T010,下降,3737.275474881856,3755.8453703896685,直连,,589,PASS,worst_obstruction_endpoint_distance,19.9519850689598,397.82264892578,True,,端点最大距离且全时段按遮挡计损仍满足双向预算
T010,下降,3755.8453703896685,3774.415265897481,直连,,590,PASS,worst_obstruction_endpoint_distance,21.029791679401256,351.3979101562492,True,,端点最大距离且全时段按遮挡计损仍满足双向预算
T010,下降,3774.415265897481,3792.985161405293,直连,,591,PASS,worst_obstruction_endpoint_distance,22.26054244645084,304.9731713867183,True,,端点最大距离且全时段按遮挡计损仍满足双向预算
T010,下降,3792.985161405293,3811.555056913106,直连,,592,PASS,worst_obstruction_endpoint_distance,23.694936979399557,258.5484326171874,True,,端点最大距离且全时段按遮挡计损仍满足双向预算
T010,下降,3811.555056913106,3830.1249524209184,直连,,593,PASS,worst_obstruction_endpoint_distance,25.413991542482677,212.1236938476555,True,,端点最大距离且全时段按遮挡计损仍满足双向预算
T010,下降,3830.1249524209184,3848.694847928731,直连,,594,PASS,worst_obstruction_endpoint_distance,27.55937977170045,165.69895507812458,True,,端点最大距离且全时段按遮挡计损仍满足双向预算
T010,下降,3848.694847928731,3867.2647434365435,直连,,595,PASS,worst_obstruction_endpoint_distance,30.414843731611313,119.2742163085926,True,,端点最大距离且全时段按遮挡计损仍满足双向预算
T010,下降,3867.2647434365435,3885.834638944356,直连,,596,PASS,worst_obstruction_endpoint_distance,34.697246336774995,72.8494775390617,True,,端点最大距离且全时段按遮挡计损仍满足双向预算
T010,下降,3885.834638944356,3904.4045344521683,直连,,597,PASS,worst_obstruction_endpoint_distance,43.5055611129805,26.424738769530904,True,,端点最大距离且全时段按遮挡计损仍满足双向预算
T011,爬升,2340.0,2358.5698955078124,直连,,598,PASS,worst_obstruction_endpoint_distance,43.50556111298056,26.424738769530762,True,,端点最大距离且全时段按遮挡计损仍满足双向预算
T011,爬升,2358.5698955078124,2377.139791015625,直连,,599,PASS,worst_obstruction_endpoint_distance,34.69724633677488,72.84947753906266,True,,端点最大距离且全时段按遮挡计损仍满足双向预算
T011,爬升,2377.139791015625,2395.7096865234375,直连,,600,PASS,worst_obstruction_endpoint_distance,30.414843731611242,119.2742163085934,True,,端点最大距离且全时段按遮挡计损仍满足双向预算
T011,爬升,2395.7096865234375,2414.27958203125,直连,,601,PASS,worst_obstruction_endpoint_distance,27.559379771700463,165.69895507812413,True,,端点最大距离且全时段按遮挡计损仍满足双向预算
T011,爬升,2414.27958203125,2432.8494775390627,直连,,602,PASS,worst_obstruction_endpoint_distance,25.41399154248265,212.12369384765606,True,,端点最大距离且全时段按遮挡计损仍满足双向预算
T011,爬升,2432.8494775390627,2451.419373046875,直连,,603,PASS,worst_obstruction_endpoint_distance,23.694936979399586,258.54843261718673,True,,端点最大距离且全时段按遮挡计损仍满足双向预算
T011,爬升,2451.419373046875,2469.9892685546874,直连,,604,PASS,worst_obstruction_endpoint_distance,22.260542446450856,304.9731713867175,True,,端点最大距离且全时段按遮挡计损仍满足双向预算
T011,爬升,2469.9892685546874,2488.5591640625003,直连,,605,PASS,worst_obstruction_endpoint_distance,21.029791679401242,351.3979101562494,True,,端点最大距离且全时段按遮挡计损仍满足双向预算
T011,爬升,2488.5591640625003,2507.1290595703126,直连,,606,PASS,worst_obstruction_endpoint_distance,19.951985068959786,397.82264892578024,True,,端点最大距离且全时段按遮挡计损仍满足双向预算
T011,爬升,2507.1290595703126,2525.6989550781254,直连,,607,PASS,worst_obstruction_endpoint_distance,18.993277511644692,444.24738769531206,True,,端点最大距离且全时段按遮挡计损仍满足双向预算
T011,巡航,2525.6989550781254,2544.714990850035,直连,,608,PASS,worst_obstruction_endpoint_distance,17.49412647354434,527.9374064998578,True,,端点最大距离且全时段按遮挡计损仍满足双向预算
T011,巡航,2544.714990850035,2563.7310266219447,直连,,609,PASS,worst_obstruction_endpoint_distance,14.762382856352005,723.0521394096111,True,,端点最大距离且全时段按遮挡计损仍满足双向预算
T011,巡航,2563.7310266219447,2582.7470623938543,直连,,610,PASS,worst_obstruction_endpoint_distance,12.262742934535737,964.1655536489214,True,,端点最大距离且全时段按遮挡计损仍满足双向预算
T011,巡航,2582.7470623938543,2601.763098165764,直连,,611,PASS,worst_obstruction_endpoint_distance,10.187323229616496,1224.3979585073178,True,,端点最大距离且全时段按遮挡计损仍满足双向预算
T011,巡航,2601.763098165764,2620.7791339376736,直连,,612,PASS,worst_obstruction_endpoint_distance,8.459981738274593,1493.790425115221,True,,端点最大距离且全时段按遮挡计损仍满足双向预算
T011,巡航,2620.7791339376736,2639.795169709583,直连,,613,PASS,worst_obstruction_endpoint_distance,6.995338587207897,1768.1610885183502,True,,端点最大距离且全时段按遮挡计损仍满足双向预算
T011,巡航,2639.795169709583,2658.811205481493,直连,,614,PASS,worst_obstruction_endpoint_distance,5.729752779458053,2045.5077030287673,True,,端点最大距离且全时段按遮挡计损仍满足双向预算
T011,巡航,2658.811205481493,2677.8272412534025,直连,,615,PASS,worst_obstruction_endpoint_distance,4.6181924565780434,2324.765411555552,True,,端点最大距离且全时段按遮挡计损仍满足双向预算
T011,巡航,2677.8272412534025,2696.8432770253125,直连,,616,PASS,worst_obstruction_endpoint_distance,3.628554530062189,2605.31975039449,True,,端点最大距离且全时段按遮挡计损仍满足双向预算
T011,巡航,2696.8432770253125,2715.859312797222,直连,,617,PASS,worst_obstruction_endpoint_distance,2.7374631875922546,2886.7927033719507,True,,端点最大距离且全时段按遮挡计损仍满足双向预算
T011,巡航,2715.859312797222,2734.875348569132,直连,,618,PASS,worst_obstruction_endpoint_distance,1.9274962095368977,3168.939499280925,True,,端点最大距离且全时段按遮挡计损仍满足双向预算
T011,巡航,2734.875348569132,2753.8913843410414,直连,,619,PASS,worst_obstruction_endpoint_distance,1.1853788074652982,3451.594894447908,True,,端点最大距离且全时段按遮挡计损仍满足双向预算
T011,巡航,2753.8913843410414,2772.907420112951,直连,,620,PASS,worst_obstruction_endpoint_distance,0.5007923438628978,3734.643411099761,True,,端点最大距离且全时段按遮挡计损仍满足双向预算
T011,巡航,2772.907420112951,2791.923455884861,中继,R003,621,PASS,worst_obstruction_endpoint_distance,3.127627811019991,1383.2713044951424,True,,端点最大距离且全时段按遮挡计损仍满足双向预算
T011,巡航,2791.923455884861,2810.9394916567708,中继,R003,622,PASS,worst_obstruction_endpoint_distance,3.6420073331480154,1303.7321988789206,True,,端点最大距离且全时段按遮挡计损仍满足双向预算
T011,巡航,2810.9394916567708,2829.9555274286804,中继,R003,623,PASS,worst_obstruction_endpoint_distance,3.4895458213072885,1326.8183439139348,True,,端点最大距离且全时段按遮挡计损仍满足双向预算
T011,巡航,2829.9555274286804,2848.97156320059,中继,R003,624,PASS,worst_obstruction_endpoint_distance,2.860348621310692,1426.4985259531572,True,,端点最大距离且全时段按遮挡计损仍满足双向预算
T011,巡航,2848.97156320059,2867.9875989724997,中继,R003,625,PASS,worst_obstruction_endpoint_distance,2.01516137687652,1572.2828939986239,True,,端点最大距离且全时段按遮挡计损仍满足双向预算
T011,巡航,2867.9875989724997,2887.0036347444093,中继,R003,626,PASS,worst_obstruction_endpoint_distance,1.071600826356132,1752.7045616393702,True,,端点最大距离且全时段按遮挡计损仍满足双向预算
T011,下降,2887.0036347444093,2904.2141624369315,中继,R003,627,PASS,worst_obstruction_endpoint_distance,1.0701501581061876,1752.997312906268,True,,端点最大距离且全时段按遮挡计损仍满足双向预算
T011,下降,2904.2141624369315,2921.4246901294537,中继,R003,628,PASS,worst_obstruction_endpoint_distance,1.0653534974675836,1753.965648417715,True,,端点最大距离且全时段按遮挡计损仍满足双向预算
T011,下降,2921.4246901294537,2938.6352178219763,中继,R003,629,PASS,worst_obstruction_endpoint_distance,1.057221914345746,1755.6084502843441,True,,端点最大距离且全时段按遮挡计损仍满足双向预算
T011,下降,2938.6352178219763,2955.8457455144985,中继,R003,630,PASS,worst_obstruction_endpoint_distance,1.0457741100916564,1757.9238276153656,True,,端点最大距离且全时段按遮挡计损仍满足双向预算
T011,下降,2955.8457455144985,2973.0562732070207,中继,R003,631,PASS,worst_obstruction_endpoint_distance,1.0310362747885051,1760.9091273525612,True,,端点最大距离且全时段按遮挡计损仍满足双向预算
T011,下降,2973.0562732070207,2990.266800899543,中继,R003,632,PASS,worst_obstruction_endpoint_distance,1.0130418890380497,1764.5609493573468,True,,端点最大距离且全时段按遮挡计损仍满足双向预算
T011,下降,2990.266800899543,3007.4773285920655,中继,R003,633,PASS,worst_obstruction_endpoint_distance,0.9918314733706666,1768.8751655523586,True,,端点最大距离且全时段按遮挡计损仍满足双向预算
T011,投送,3007.4773285920655,3026.861943976681,中继,R003,634,PASS,exact_point,0.9918314733706666,1768.8751655523586,,,独立计算 DEM 遮挡、自由空间损耗与双向预算
T011,投送,3026.861943976681,3046.246559361296,中继,R003,635,PASS,exact_point,0.9918314733706666,1768.8751655523586,,,独立计算 DEM 遮挡、自由空间损耗与双向预算
T011,投送,3046.246559361296,3065.6311747459113,中继,R003,636,PASS,exact_point,0.9918314733706666,1768.8751655523586,,,独立计算 DEM 遮挡、自由空间损耗与双向预算
T011,投送,3065.6311747459113,3085.0157901305265,中继,R003,637,PASS,exact_point,0.9918314733706666,1768.8751655523586,,,独立计算 DEM 遮挡、自由空间损耗与双向预算
T011,投送,3085.0157901305265,3104.400405515142,中继,R003,638,PASS,exact_point,0.9918314733706666,1768.8751655523586,,,独立计算 DEM 遮挡、自由空间损耗与双向预算
T011,投送,3104.400405515142,3123.785020899758,中继,R003,639,PASS,exact_point,0.9918314733706666,1768.8751655523586,,,独立计算 DEM 遮挡、自由空间损耗与双向预算
T011,投送,3123.785020899758,3143.169636284373,中继,R003,640,PASS,exact_point,0.9918314733706666,1768.8751655523586,,,独立计算 DEM 遮挡、自由空间损耗与双向预算
T011,投送,3143.169636284373,3162.5542516689884,中继,R003,641,PASS,exact_point,0.9918314733706666,1768.8751655523586,,,独立计算 DEM 遮挡、自由空间损耗与双向预算
T011,投送,3162.5542516689884,3181.9388670536036,中继,R003,642,PASS,exact_point,0.9918314733706666,1768.8751655523586,,,独立计算 DEM 遮挡、自由空间损耗与双向预算
T011,投送,3181.9388670536036,3201.323482438219,中继,R003,643,PASS,exact_point,0.9918314733706666,1768.8751655523586,,,独立计算 DEM 遮挡、自由空间损耗与双向预算
T011,投送,3201.323482438219,3220.7080978228346,中继,R003,644,PASS,exact_point,0.9918314733706666,1768.8751655523586,,,独立计算 DEM 遮挡、自由空间损耗与双向预算
T011,投送,3220.7080978228346,3240.09271320745,中继,R003,645,PASS,exact_point,0.9918314733706666,1768.8751655523586,,,独立计算 DEM 遮挡、自由空间损耗与双向预算
T011,投送,3240.09271320745,3259.4773285920655,中继,R003,646,PASS,exact_point,0.9918314733706666,1768.8751655523586,,,独立计算 DEM 遮挡、自由空间损耗与双向预算
T011,爬升,3259.4773285920655,3278.75311960769,中继,R003,647,PASS,worst_obstruction_endpoint_distance,0.9918314733706666,1768.8751655523586,True,,端点最大距离且全时段按遮挡计损仍满足双向预算
T011,爬升,3278.75311960769,3298.028910623315,中继,R003,648,PASS,worst_obstruction_endpoint_distance,1.0206279905043374,1763.0204860246654,True,,端点最大距离且全时段按遮挡计损仍满足双向预算
T011,爬升,3298.028910623315,3317.30470163894,中继,R003,649,PASS,worst_obstruction_endpoint_distance,1.0430887776814899,1758.4673919263862,True,,端点最大距离且全时段按遮挡计损仍满足双向预算
T011,爬升,3317.30470163894,3336.580492654565,中继,R003,650,PASS,worst_obstruction_endpoint_distance,1.0591142360136558,1755.2260123087,True,,端点最大距离且全时段按遮挡计损仍满足双向预算
T011,爬升,3336.580492654565,3355.8562836701904,中继,R003,651,PASS,worst_obstruction_endpoint_distance,1.0686325652298336,1753.3036221923433,True,,端点最大距离且全时段按遮挡计损仍满足双向预算
T011,巡航,3355.8562836701904,3374.8723194421,中继,R003,652,PASS,worst_obstruction_endpoint_distance,1.071600826356132,1752.7045616393702,True,,端点最大距离且全时段按遮挡计损仍满足双向预算
T011,巡航,3374.8723194421,3393.8883552140096,中继,R003,653,PASS,worst_obstruction_endpoint_distance,2.01516137687652,1572.2828939986239,True,,端点最大距离且全时段按遮挡计损仍满足双向预算
T011,巡航,3393.8883552140096,3412.9043909859192,中继,R003,654,PASS,worst_obstruction_endpoint_distance,2.860348621310692,1426.4985259531572,True,,端点最大距离且全时段按遮挡计损仍满足双向预算
T011,巡航,3412.9043909859192,3431.920426757829,中继,R003,655,PASS,worst_obstruction_endpoint_distance,3.4895458213072885,1326.8183439139348,True,,端点最大距离且全时段按遮挡计损仍满足双向预算
T011,巡航,3431.920426757829,3450.9364625297385,中继,R003,656,PASS,worst_obstruction_endpoint_distance,3.6420073331480154,1303.7321988789206,True,,端点最大距离且全时段按遮挡计损仍满足双向预算
T011,巡航,3450.9364625297385,3469.952498301648,中继,R003,657,PASS,worst_obstruction_endpoint_distance,3.127627811019991,1383.2713044951424,True,,端点最大距离且全时段按遮挡计损仍满足双向预算
T011,巡航,3469.952498301648,3488.9685340735577,直连,,658,PASS,worst_obstruction_endpoint_distance,0.5007923438628978,3734.643411099761,True,,端点最大距离且全时段按遮挡计损仍满足双向预算
T011,巡航,3488.9685340735577,3507.9845698454674,直连,,659,PASS,worst_obstruction_endpoint_distance,1.1853788074651561,3451.594894447965,True,,端点最大距离且全时段按遮挡计损仍满足双向预算
T011,巡航,3507.9845698454674,3527.000605617377,直连,,660,PASS,worst_obstruction_endpoint_distance,1.9274962095368977,3168.939499280925,True,,端点最大距离且全时段按遮挡计损仍满足双向预算
T011,巡航,3527.000605617377,3546.016641389287,直连,,661,PASS,worst_obstruction_endpoint_distance,2.7374631875922546,2886.7927033719507,True,,端点最大距离且全时段按遮挡计损仍满足双向预算
T011,巡航,3546.016641389287,3565.0326771611967,直连,,662,PASS,worst_obstruction_endpoint_distance,3.628554530062189,2605.31975039449,True,,端点最大距离且全时段按遮挡计损仍满足双向预算
T011,巡航,3565.0326771611967,3584.0487129331063,直连,,663,PASS,worst_obstruction_endpoint_distance,4.6181924565780434,2324.765411555552,True,,端点最大距离且全时段按遮挡计损仍满足双向预算
T011,巡航,3584.0487129331063,3603.064748705016,直连,,664,PASS,worst_obstruction_endpoint_distance,5.729752779457812,2045.507703028824,True,,端点最大距离且全时段按遮挡计损仍满足双向预算
T011,巡航,3603.064748705016,3622.080784476926,直连,,665,PASS,worst_obstruction_endpoint_distance,6.995338587207897,1768.1610885183502,True,,端点最大距离且全时段按遮挡计损仍满足双向预算
T011,巡航,3622.080784476926,3641.0968202488357,直连,,666,PASS,worst_obstruction_endpoint_distance,8.459981738274593,1493.790425115221,True,,端点最大距离且全时段按遮挡计损仍满足双向预算
T011,巡航,3641.0968202488357,3660.1128560207453,直连,,667,PASS,worst_obstruction_endpoint_distance,10.187323229616496,1224.3979585073178,True,,端点最大距离且全时段按遮挡计损仍满足双向预算
T011,巡航,3660.1128560207453,3679.128891792655,直连,,668,PASS,worst_obstruction_endpoint_distance,12.262742934535737,964.1655536489214,True,,端点最大距离且全时段按遮挡计损仍满足双向预算
T011,巡航,3679.128891792655,3698.1449275645646,直连,,669,PASS,worst_obstruction_endpoint_distance,14.762382856352005,723.0521394096111,True,,端点最大距离且全时段按遮挡计损仍满足双向预算
T011,巡航,3698.1449275645646,3717.160963336474,直连,,670,PASS,worst_obstruction_endpoint_distance,17.49412647354434,527.9374064998578,True,,端点最大距离且全时段按遮挡计损仍满足双向预算
T011,下降,3717.160963336474,3736.5046044904457,直连,,671,PASS,worst_obstruction_endpoint_distance,18.993277511644692,444.24738769531206,True,,端点最大距离且全时段按遮挡计损仍满足双向预算
T011,下降,3736.5046044904457,3755.848245644417,直连,,672,PASS,worst_obstruction_endpoint_distance,19.784670621030926,405.5601053873691,True,,端点最大距离且全时段按遮挡计损仍满足双向预算
T011,下降,3755.848245644417,3775.191886798388,直连,,673,PASS,worst_obstruction_endpoint_distance,20.65546433341744,366.87282307942627,True,,端点最大距离且全时段按遮挡计损仍满足双向预算
T011,下降,3775.191886798388,3794.5355279523596,直连,,674,PASS,worst_obstruction_endpoint_distance,21.623386306715105,328.1855407714843,True,,端点最大距离且全时段按遮挡计损仍满足双向预算
T011,下降,3794.5355279523596,3813.879169106331,直连,,675,PASS,worst_obstruction_endpoint_distance,22.712856056101472,289.4982584635414,True,,端点最大距离且全时段按遮挡计损仍满足双向预算
T011,下降,3813.879169106331,3833.222810260302,直连,,676,PASS,worst_obstruction_endpoint_distance,23.958844396637232,250.8109761555985,True,,端点最大距离且全时段按遮挡计损仍满足双向预算
T011,下降,3833.222810260302,3852.5664514142736,直连,,677,PASS,worst_obstruction_endpoint_distance,25.413991542482634,212.1236938476565,True,,端点最大距离且全时段按遮挡计损仍满足双向预算
T011,下降,3852.5664514142736,3871.910092568245,直连,,678,PASS,worst_obstruction_endpoint_distance,27.162969580851012,173.43641153971362,True,,端点最大距离且全时段按遮挡计损仍满足双向预算
T011,下降,3871.910092568245,3891.2537337222166,直连,,679,PASS,worst_obstruction_endpoint_distance,29.355255817877534,134.74912923177072,True,,端点最大距离且全时段按遮挡计损仍满足双向预算
T011,下降,3891.2537337222166,3910.597374876188,直连,,680,PASS,worst_obstruction_endpoint_distance,32.29475651968485,96.06184692382783,True,,端点最大距离且全时段按遮挡计损仍满足双向预算
T011,下降,3910.597374876188,3929.941016030159,直连,,681,PASS,worst_obstruction_endpoint_distance,36.771387107065834,57.374564615884935,True,,端点最大距离且全时段按遮挡计损仍满足双向预算
T011,下降,3929.941016030159,3949.2846571841305,直连,,682,PASS,worst_obstruction_endpoint_distance,45.92517525248826,20.0,True,,端点最大距离且全时段按遮挡计损仍满足双向预算
T012,爬升,2355.0,2373.098788248698,直连,,683,PASS,worst_obstruction_endpoint_distance,41.240813379711284,34.296364746093815,True,,端点最大距离且全时段按遮挡计损仍满足双向预算
T012,爬升,2373.098788248698,2391.197576497396,直连,,684,PASS,worst_obstruction_endpoint_distance,32.99781352057414,88.59272949218763,True,,端点最大距离且全时段按遮挡计损仍满足双向预算
T012,爬升,2391.197576497396,2409.296364746094,直连,,685,PASS,worst_obstruction_endpoint_distance,28.845793500078102,142.88909423828142,True,,端点最大距离且全时段按遮挡计损仍满足双向预算
T012,爬升,2409.296364746094,2427.3951529947917,直连,,686,PASS,worst_obstruction_endpoint_distance,26.04827745221246,197.1854589843752,True,,端点最大距离且全时段按遮挡计损仍满足双向预算
T012,爬升,2427.3951529947917,2445.4939412434896,直连,,687,PASS,worst_obstruction_endpoint_distance,23.935643142447674,251.481823730469,True,,端点最大距离且全时段按遮挡计损仍满足双向预算
T012,巡航,2445.4939412434896,2464.736905692543,直连,,688,PASS,worst_obstruction_endpoint_distance,21.280089398434257,341.4163289887746,True,,端点最大距离且全时段按遮挡计损仍满足双向预算
T012,巡航,2464.736905692543,2483.9798701415966,直连,,689,PASS,worst_obstruction_endpoint_distance,17.528335105557886,525.8622593422102,True,,端点最大距离且全时段按遮挡计损仍满足双向预算
T012,巡航,2483.9798701415966,2503.22283459065,直连,,690,PASS,worst_obstruction_endpoint_distance,14.596648283036245,736.98108928749,True,,端点最大距离且全时段按遮挡计损仍满足双向预算
T012,巡航,2503.22283459065,2522.4657990397036,直连,,691,PASS,worst_obstruction_endpoint_distance,12.324947391904615,957.2852971823368,True,,端点最大距离且全时段按遮挡计损仍满足双向预算
T012,巡航,2522.4657990397036,2541.7087634887575,直连,,692,PASS,worst_obstruction_endpoint_distance,10.49600906489232,1181.6484919391153,True,,端点最大距离且全时段按遮挡计损仍满足双向预算
T012,巡航,2541.7087634887575,2560.9517279378106,直连,,693,PASS,worst_obstruction_endpoint_distance,8.972909007143471,1408.131805218969,True,,端点最大距离且全时段按遮挡计损仍满足双向预算
T012,巡航,2560.9517279378106,2580.1946923868645,直连,,694,PASS,worst_obstruction_endpoint_distance,7.670879657102262,1635.8548857719554,True,,端点最大距离且全时段按遮挡计损仍满足双向预算
T012,巡航,2580.1946923868645,2599.437656835918,直连,,695,PASS,worst_obstruction_endpoint_distance,6.535163356767683,1864.363494011997,True,,端点最大距离且全时段按遮挡计损仍满足双向预算
T012,巡航,2599.437656835918,2618.6806212849715,直连,,696,PASS,worst_obstruction_endpoint_distance,5.5287290721480105,2093.4004089930254,True,,端点最大距离且全时段按遮挡计损仍满足双向预算
T012,巡航,2618.6806212849715,2637.923585734025,直连,,697,PASS,worst_obstruction_endpoint_distance,4.625503827358557,2322.809357439291,True,,端点最大距离且全时段按遮挡计损仍满足双向预算
T012,巡航,2637.923585734025,2657.1665501830785,直连,,698,PASS,worst_obstruction_endpoint_distance,3.8064940772127898,2552.4900300899626,True,,端点最大距离且全时段按遮挡计损仍满足双向预算
T012,巡航,2657.1665501830785,2676.409514632132,直连,,699,PASS,worst_obstruction_endpoint_distance,3.05746148982098,2782.375136547519,True,,端点最大距离且全时段按遮挡计损仍满足双向预算
T012,巡航,2676.409514632132,2695.6524790811854,直连,,700,PASS,worst_obstruction_endpoint_distance,2.3674708480467643,3012.4178746170383,True,,端点最大距离且全时段按遮挡计损仍满足双向预算
T012,巡航,2695.6524790811854,2714.8954435302394,直连,,701,PASS,worst_obstruction_endpoint_distance,1.7279485949484865,3242.5846953030627,True,,端点最大距离且全时段按遮挡计损仍满足双向预算
T012,巡航,2714.8954435302394,2734.1384079792924,直连,,702,PASS,worst_obstruction_endpoint_distance,1.1320523341021271,3472.850927578586,True,,端点最大距离且全时段按遮挡计损仍满足双向预算
T012,巡航,2734.1384079792924,2753.3813724283464,直连,,703,PASS,worst_obstruction_endpoint_distance,0.5742364376337576,3703.1980271406564,True,,端点最大距离且全时段按遮挡计损仍满足双向预算
T012,巡航,2753.3813724283464,2772.6243368773994,直连,,704,PASS,worst_obstruction_endpoint_distance,0.04994523170643106,3933.61178757134,True,,端点最大距离且全时段按遮挡计损仍满足双向预算
T012,巡航,2772.6243368773994,2791.8673013264533,中继,R003,705,PASS,worst_obstruction_endpoint_distance,2.9875252820413323,1405.7642487413252,True,,端点最大距离且全时段按遮挡计损仍满足双向预算
T012,巡航,2791.8673013264533,2811.110265775507,中继,R003,706,PASS,worst_obstruction_endpoint_distance,3.075496452645453,1391.5984477866273,True,,端点最大距离且全时段按遮挡计损仍满足双向预算
T012,巡航,2811.110265775507,2830.3532302245603,中继,R003,707,PASS,worst_obstruction_endpoint_distance,2.7720400370589147,1441.0755720656903,True,,端点最大距离且全时段按遮挡计损仍满足双向预算
T012,巡航,2830.3532302245603,2849.596194673614,中继,R003,708,PASS,worst_obstruction_endpoint_distance,2.284357046148841,1524.301601715459,True,,端点最大距离且全时段按遮挡计损仍满足双向预算
T012,下降,2849.596194673614,2868.5889241658015,中继,R003,709,PASS,worst_obstruction_endpoint_distance,2.246501178587579,1530.9594906028888,True,,端点最大距离且全时段按遮挡计损仍满足双向预算
T012,投送,2868.5889241658015,2887.6798332567105,中继,R003,710,PASS,exact_point,12.246501178587579,1530.9594906028888,,,独立计算 DEM 遮挡、自由空间损耗与双向预算
T012,投送,2887.6798332567105,2906.7707423476195,中继,R003,711,PASS,exact_point,12.246501178587579,1530.9594906028888,,,独立计算 DEM 遮挡、自由空间损耗与双向预算
T012,投送,2906.7707423476195,2925.8616514385285,中继,R003,712,PASS,exact_point,12.246501178587579,1530.9594906028888,,,独立计算 DEM 遮挡、自由空间损耗与双向预算
T012,投送,2925.8616514385285,2944.9525605294375,中继,R003,713,PASS,exact_point,12.246501178587579,1530.9594906028888,,,独立计算 DEM 遮挡、自由空间损耗与双向预算
T012,投送,2944.9525605294375,2964.043469620347,中继,R003,714,PASS,exact_point,12.246501178587579,1530.9594906028888,,,独立计算 DEM 遮挡、自由空间损耗与双向预算
T012,投送,2964.043469620347,2983.134378711256,中继,R003,715,PASS,exact_point,12.246501178587579,1530.9594906028888,,,独立计算 DEM 遮挡、自由空间损耗与双向预算
T012,投送,2983.134378711256,3002.225287802165,中继,R003,716,PASS,exact_point,12.246501178587579,1530.9594906028888,,,独立计算 DEM 遮挡、自由空间损耗与双向预算
T012,投送,3002.225287802165,3021.3161968930744,中继,R003,717,PASS,exact_point,12.246501178587579,1530.9594906028888,,,独立计算 DEM 遮挡、自由空间损耗与双向预算
T012,投送,3021.3161968930744,3040.4071059839835,中继,R003,718,PASS,exact_point,12.246501178587579,1530.9594906028888,,,独立计算 DEM 遮挡、自由空间损耗与双向预算
T012,投送,3040.4071059839835,3059.4980150748925,中继,R003,719,PASS,exact_point,12.246501178587579,1530.9594906028888,,,独立计算 DEM 遮挡、自由空间损耗与双向预算
T012,投送,3059.4980150748925,3078.5889241658015,中继,R003,720,PASS,exact_point,12.246501178587579,1530.9594906028888,,,独立计算 DEM 遮挡、自由空间损耗与双向预算
T012,爬升,3078.5889241658015,3094.416198742624,中继,R003,721,PASS,worst_obstruction_endpoint_distance,2.246501178587579,1530.9594906028888,True,,端点最大距离且全时段按遮挡计损仍满足双向预算
T012,巡航,3094.416198742624,3113.659163191678,中继,R003,722,PASS,worst_obstruction_endpoint_distance,2.284357046148841,1524.301601715459,True,,端点最大距离且全时段按遮挡计损仍满足双向预算
T012,巡航,3113.659163191678,3132.902127640731,中继,R003,723,PASS,worst_obstruction_endpoint_distance,2.7720400370589147,1441.0755720656903,True,,端点最大距离且全时段按遮挡计损仍满足双向预算
T012,巡航,3132.902127640731,3152.145092089785,中继,R003,724,PASS,worst_obstruction_endpoint_distance,3.075496452645453,1391.5984477866273,True,,端点最大距离且全时段按遮挡计损仍满足双向预算
T012,巡航,3152.145092089785,3171.3880565388386,中继,R003,725,PASS,worst_obstruction_endpoint_distance,2.9875252820413323,1405.7642487413252,True,,端点最大距离且全时段按遮挡计损仍满足双向预算
T012,巡航,3171.3880565388386,3190.631020987892,直连,,726,PASS,worst_obstruction_endpoint_distance,0.04994523170643106,3933.61178757134,True,,端点最大距离且全时段按遮挡计损仍满足双向预算
T012,巡航,3190.631020987892,3209.8739854369455,直连,,727,PASS,worst_obstruction_endpoint_distance,0.5742364376337576,3703.1980271406564,True,,端点最大距离且全时段按遮挡计损仍满足双向预算
T012,巡航,3209.8739854369455,3229.116949885999,直连,,728,PASS,worst_obstruction_endpoint_distance,1.1320523341021271,3472.850927578586,True,,端点最大距离且全时段按遮挡计损仍满足双向预算
T012,巡航,3229.116949885999,3248.3599143350525,直连,,729,PASS,worst_obstruction_endpoint_distance,1.7279485949484865,3242.5846953030627,True,,端点最大距离且全时段按遮挡计损仍满足双向预算
T012,巡航,3248.3599143350525,3267.602878784106,直连,,730,PASS,worst_obstruction_endpoint_distance,2.3674708480466222,3012.4178746170883,True,,端点最大距离且全时段按遮挡计损仍满足双向预算
T012,巡航,3267.602878784106,3286.84584323316,直连,,731,PASS,worst_obstruction_endpoint_distance,3.05746148982098,2782.375136547519,True,,端点最大距离且全时段按遮挡计损仍满足双向预算
T012,巡航,3286.84584323316,3306.088807682213,直连,,732,PASS,worst_obstruction_endpoint_distance,3.8064940772127898,2552.4900300899626,True,,端点最大距离且全时段按遮挡计损仍满足双向预算
T012,巡航,3306.088807682213,3325.331772131267,直连,,733,PASS,worst_obstruction_endpoint_distance,4.625503827358557,2322.809357439291,True,,端点最大距离且全时段按遮挡计损仍满足双向预算
T012,巡航,3325.331772131267,3344.5747365803204,直连,,734,PASS,worst_obstruction_endpoint_distance,5.5287290721480105,2093.4004089930254,True,,端点最大距离且全时段按遮挡计损仍满足双向预算
T012,巡航,3344.5747365803204,3363.817701029374,直连,,735,PASS,worst_obstruction_endpoint_distance,6.535163356767683,1864.363494011997,True,,端点最大距离且全时段按遮挡计损仍满足双向预算
T012,巡航,3363.817701029374,3383.0606654784274,直连,,736,PASS,worst_obstruction_endpoint_distance,7.670879657102262,1635.8548857719554,True,,端点最大距离且全时段按遮挡计损仍满足双向预算
T012,巡航,3383.0606654784274,3402.303629927481,直连,,737,PASS,worst_obstruction_endpoint_distance,8.972909007143471,1408.131805218969,True,,端点最大距离且全时段按遮挡计损仍满足双向预算
T012,巡航,3402.303629927481,3421.5465943765344,直连,,738,PASS,worst_obstruction_endpoint_distance,10.49600906489232,1181.6484919391153,True,,端点最大距离且全时段按遮挡计损仍满足双向预算
T012,巡航,3421.5465943765344,3440.789558825588,直连,,739,PASS,worst_obstruction_endpoint_distance,12.324947391904615,957.2852971823368,True,,端点最大距离且全时段按遮挡计损仍满足双向预算
T012,巡航,3440.789558825588,3460.0325232746413,直连,,740,PASS,worst_obstruction_endpoint_distance,14.596648283036245,736.98108928749,True,,端点最大距离且全时段按遮挡计损仍满足双向预算
T012,巡航,3460.0325232746413,3479.275487723695,直连,,741,PASS,worst_obstruction_endpoint_distance,17.528335105557886,525.8622593422102,True,,端点最大距离且全时段按遮挡计损仍满足双向预算
T012,巡航,3479.275487723695,3498.5184521727488,直连,,742,PASS,worst_obstruction_endpoint_distance,21.280089398434257,341.4163289887746,True,,端点最大距离且全时段按遮挡计损仍满足双向预算
T012,下降,3498.5184521727488,3516.6172404214467,直连,,743,PASS,worst_obstruction_endpoint_distance,23.935643142447674,251.481823730469,True,,端点最大距离且全时段按遮挡计损仍满足双向预算
T012,下降,3516.6172404214467,3534.7160286701446,直连,,744,PASS,worst_obstruction_endpoint_distance,25.658533931909105,206.23485310872417,True,,端点最大距离且全时段按遮挡计损仍满足双向预算
T012,下降,3534.7160286701446,3552.8148169188426,直连,,745,PASS,worst_obstruction_endpoint_distance,27.809911405017885,160.98788248697934,True,,端点最大距离且全时段按遮挡计损仍满足双向预算
T012,下降,3552.8148169188426,3570.9136051675405,直连,,746,PASS,worst_obstruction_endpoint_distance,30.67603717313169,115.74091186523452,True,,端点最大距离且全时段按遮挡计损仍满足双向预算
T012,下降,3570.9136051675405,3589.0123934162384,直连,,747,PASS,worst_obstruction_endpoint_distance,34.98273932171074,70.49394124348967,True,,端点最大距离且全时段按遮挡计损仍满足双向预算
T012,下降,3589.0123934162384,3607.1111816649363,直连,,748,PASS,worst_obstruction_endpoint_distance,43.90158967207108,25.246970621744822,True,,端点最大距离且全时段按遮挡计损仍满足双向预算
T013,爬升,2390.0,2407.596373465402,直连,,749,PASS,worst_obstruction_endpoint_distance,44.34483216804708,23.990933663504933,True,,端点最大距离且全时段按遮挡计损仍满足双向预算
T013,爬升,2407.596373465402,2425.1927469308034,直连,,750,PASS,worst_obstruction_endpoint_distance,35.29791337339611,67.98186732700873,True,,端点最大距离且全时段按遮挡计损仍满足双向预算
T013,爬升,2425.1927469308034,2442.7891203962054,直连,,751,PASS,worst_obstruction_endpoint_distance,30.96352432205596,111.97280099051363,True,,端点最大距离且全时段按遮挡计损仍满足双向预算
T013,爬升,2442.7891203962054,2460.3854938616073,直连,,752,PASS,worst_obstruction_endpoint_distance,28.08530264362888,155.96373465401854,True,,端点最大距离且全时段按遮挡计损仍满足双向预算
T013,爬升,2460.3854938616073,2477.981867327009,直连,,753,PASS,worst_obstruction_endpoint_distance,25.92714420559213,199.95466831752236,True,,端点最大距离且全时段按遮挡计损仍满足双向预算
T013,爬升,2477.981867327009,2495.5782407924107,直连,,754,PASS,worst_obstruction_endpoint_distance,24.199915310578675,243.9456019810272,True,,端点最大距离且全时段按遮挡计损仍满足双向预算
T013,爬升,2495.5782407924107,2513.174614257812,直连,,755,PASS,worst_obstruction_endpoint_distance,22.759839664518097,287.93653564453103,True,,端点最大距离且全时段按遮挡计损仍满足双向预算
T013,巡航,2513.174614257812,2533.109926242226,直连,,756,PASS,worst_obstruction_endpoint_distance,19.58226210365403,415.12190732371414,True,,端点最大距离且全时段按遮挡计损仍满足双向预算
T013,巡航,2533.109926242226,2553.0452382266385,直连,,757,PASS,worst_obstruction_endpoint_distance,15.505503268057225,663.7638481291795,True,,端点最大距离且全时段按遮挡计损仍满足双向预算
T013,巡航,2553.0452382266385,2572.980550211052,直连,,758,PASS,worst_obstruction_endpoint_distance,12.463229440911974,942.1656929588921,True,,端点最大距离且全时段按遮挡计损仍满足双向预算
T013,巡航,2572.980550211052,2592.915862195465,直连,,759,PASS,worst_obstruction_endpoint_distance,10.145642631643526,1230.287543079246,True,,端点最大距离且全时段按遮挡计损仍满足双向预算
T013,巡航,2592.915862195465,2612.8511741798784,直连,,760,PASS,worst_obstruction_endpoint_distance,8.293936099781448,1522.621483851366,True,,端点最大距离且全时段按遮挡计损仍满足双向预算
T013,巡航,2612.8511741798784,2632.7864861642915,直连,,761,PASS,worst_obstruction_endpoint_distance,6.758027590343033,1817.1357754107732,True,,端点最大距离且全时段按遮挡计损仍满足双向预算
T013,巡航,2632.7864861642915,2652.7217981487047,直连,,762,PASS,worst_obstruction_endpoint_distance,5.448118714902037,2112.9188740298164,True,,端点最大距离且全时段按遮挡计损仍满足双向预算
T013,巡航,2652.7217981487047,2672.657110133118,直连,,763,PASS,worst_obstruction_endpoint_distance,4.307223717296679,2409.5035606837673,True,,端点最大距离且全时段按遮挡计损仍满足双向预算
T013,巡航,2672.657110133118,2692.592422117531,直连,,764,PASS,worst_obstruction_endpoint_distance,3.2972090851020823,2706.626340747146,True,,端点最大距离且全时段按遮挡计损仍满足双向预算
T013,巡航,2692.592422117531,2712.527734101944,直连,,765,PASS,worst_obstruction_endpoint_distance,2.3914077795581505,3004.1275583214433,True,,端点最大距离且全时段按遮挡计损仍满足双向预算
T013,巡航,2712.527734101944,2732.4630460863573,直连,,766,PASS,worst_obstruction_endpoint_distance,1.5704838890166855,3301.9049234751205,True,,端点最大距离且全时段按遮挡计损仍满足双向预算
T013,巡航,2732.4630460863573,2752.3983580707704,直连,,767,PASS,worst_obstruction_endpoint_distance,0.8199907753844542,3599.8899093492196,True,,端点最大距离且全时段按遮挡计损仍满足双向预算
T013,巡航,2752.3983580707704,2772.3336700551836,直连,,768,PASS,worst_obstruction_endpoint_distance,0.1288606994990289,3898.0349015831453,True,,端点最大距离且全时段按遮挡计损仍满足双向预算
T013,巡航,2772.3336700551836,2792.2689820395967,中继,R003,769,PASS,worst_obstruction_endpoint_distance,10.948992185168862,562.133087686103,True,,端点最大距离且全时段按遮挡计损仍满足双向预算
T013,巡航,2792.2689820395967,2812.20429402401,中继,R003,770,PASS,worst_obstruction_endpoint_distance,16.38604170257858,300.598405903194,True,,端点最大距离且全时段按遮挡计损仍满足双向预算
T013,巡航,2812.20429402401,2832.139606008423,中继,R003,771,PASS,worst_obstruction_endpoint_distance,13.500443868742849,419.0506945919927,True,,端点最大距离且全时段按遮挡计损仍满足双向预算
T013,下降,2832.139606008423,2846.1456952825115,中继,R003,772,PASS,worst_obstruction_endpoint_distance,13.27367326566123,430.13530956377593,True,,端点最大距离且全时段按遮挡计损仍满足双向预算
T013,下降,2846.1456952825115,2860.1517845566,中继,R003,773,PASS,worst_obstruction_endpoint_distance,13.023244393741194,442.7173463091875,True,,端点最大距离且全时段按遮挡计损仍满足双向预算
T013,下降,2860.1517845566,2874.157873830689,中继,R003,774,PASS,worst_obstruction_endpoint_distance,12.753667451270502,456.6730528579534,True,,端点最大距离且全时段按遮挡计损仍满足双向预算
T013,投送,2874.157873830689,2893.542489215304,中继,R003,775,PASS,exact_point,22.753667451270502,456.6730528579534,,,独立计算 DEM 遮挡、自由空间损耗与双向预算
T013,投送,2893.542489215304,2912.9271045999194,中继,R003,776,PASS,exact_point,22.753667451270502,456.6730528579534,,,独立计算 DEM 遮挡、自由空间损耗与双向预算
T013,投送,2912.9271045999194,2932.3117199845346,中继,R003,777,PASS,exact_point,22.753667451270502,456.6730528579534,,,独立计算 DEM 遮挡、自由空间损耗与双向预算
T013,投送,2932.3117199845346,2951.6963353691503,中继,R003,778,PASS,exact_point,22.753667451270502,456.6730528579534,,,独立计算 DEM 遮挡、自由空间损耗与双向预算
T013,投送,2951.6963353691503,2971.0809507537656,中继,R003,779,PASS,exact_point,22.753667451270502,456.6730528579534,,,独立计算 DEM 遮挡、自由空间损耗与双向预算
T013,投送,2971.0809507537656,2990.465566138381,中继,R003,780,PASS,exact_point,22.753667451270502,456.6730528579534,,,独立计算 DEM 遮挡、自由空间损耗与双向预算
T013,投送,2990.465566138381,3009.8501815229965,中继,R003,781,PASS,exact_point,22.753667451270502,456.6730528579534,,,独立计算 DEM 遮挡、自由空间损耗与双向预算
T013,投送,3009.8501815229965,3029.234796907612,中继,R003,782,PASS,exact_point,22.753667451270502,456.6730528579534,,,独立计算 DEM 遮挡、自由空间损耗与双向预算
T013,投送,3029.234796907612,3048.619412292227,中继,R003,783,PASS,exact_point,22.753667451270502,456.6730528579534,,,独立计算 DEM 遮挡、自由空间损耗与双向预算
T013,投送,3048.619412292227,3068.0040276768423,中继,R003,784,PASS,exact_point,22.753667451270502,456.6730528579534,,,独立计算 DEM 遮挡、自由空间损耗与双向预算
T013,投送,3068.0040276768423,3087.388643061458,中继,R003,785,PASS,exact_point,22.753667451270502,456.6730528579534,,,独立计算 DEM 遮挡、自由空间损耗与双向预算
T013,投送,3087.388643061458,3106.773258446073,中继,R003,786,PASS,exact_point,22.753667451270502,456.6730528579534,,,独立计算 DEM 遮挡、自由空间损耗与双向预算
T013,投送,3106.773258446073,3126.157873830689,中继,R003,787,PASS,exact_point,22.753667451270502,456.6730528579534,,,独立计算 DEM 遮挡、自由空间损耗与双向预算
T013,爬升,3126.157873830689,3142.965180959595,中继,R003,788,PASS,worst_obstruction_endpoint_distance,12.753667451270502,456.6730528579534,True,,端点最大距离且全时段按遮挡计损仍满足双向预算
T013,爬升,3142.965180959595,3159.772488088501,中继,R003,789,PASS,worst_obstruction_endpoint_distance,13.151128354991485,436.24688662675163,True,,端点最大距离且全时段按遮挡计损仍满足双向预算
T013,巡航,3159.772488088501,3179.7078000729143,中继,R003,790,PASS,worst_obstruction_endpoint_distance,13.500443868742849,419.0506945919927,True,,端点最大距离且全时段按遮挡计损仍满足双向预算
T013,巡航,3179.7078000729143,3199.6431120573275,中继,R003,791,PASS,worst_obstruction_endpoint_distance,16.38604170257858,300.598405903194,True,,端点最大距离且全时段按遮挡计损仍满足双向预算
T013,巡航,3199.6431120573275,3219.5784240417406,中继,R003,792,PASS,worst_obstruction_endpoint_distance,10.948992185168862,562.133087686103,True,,端点最大距离且全时段按遮挡计损仍满足双向预算
T013,巡航,3219.5784240417406,3239.5137360261538,直连,,793,PASS,worst_obstruction_endpoint_distance,0.1288606994990289,3898.0349015831453,True,,端点最大距离且全时段按遮挡计损仍满足双向预算
T013,巡航,3239.5137360261538,3259.449048010567,直连,,794,PASS,worst_obstruction_endpoint_distance,0.8199907753844542,3599.8899093492196,True,,端点最大距离且全时段按遮挡计损仍满足双向预算
T013,巡航,3259.449048010567,3279.38435999498,直连,,795,PASS,worst_obstruction_endpoint_distance,1.5704838890166855,3301.9049234751205,True,,端点最大距离且全时段按遮挡计损仍满足双向预算
T013,巡航,3279.38435999498,3299.319671979393,直连,,796,PASS,worst_obstruction_endpoint_distance,2.3914077795581505,3004.1275583214433,True,,端点最大距离且全时段按遮挡计损仍满足双向预算
T013,巡航,3299.319671979393,3319.2549839638064,直连,,797,PASS,worst_obstruction_endpoint_distance,3.2972090851020823,2706.626340747146,True,,端点最大距离且全时段按遮挡计损仍满足双向预算
T013,巡航,3319.2549839638064,3339.1902959482195,直连,,798,PASS,worst_obstruction_endpoint_distance,4.307223717296679,2409.5035606837673,True,,端点最大距离且全时段按遮挡计损仍满足双向预算
T013,巡航,3339.1902959482195,3359.125607932633,直连,,799,PASS,worst_obstruction_endpoint_distance,5.448118714902037,2112.9188740298164,True,,端点最大距离且全时段按遮挡计损仍满足双向预算
T013,巡航,3359.125607932633,3379.060919917046,直连,,800,PASS,worst_obstruction_endpoint_distance,6.758027590343033,1817.1357754107732,True,,端点最大距离且全时段按遮挡计损仍满足双向预算
T013,巡航,3379.060919917046,3398.9962319014594,直连,,801,PASS,worst_obstruction_endpoint_distance,8.293936099781448,1522.621483851366,True,,端点最大距离且全时段按遮挡计损仍满足双向预算
T013,巡航,3398.9962319014594,3418.931543885872,直连,,802,PASS,worst_obstruction_endpoint_distance,10.145642631643526,1230.287543079246,True,,端点最大距离且全时段按遮挡计损仍满足双向预算
T013,巡航,3418.931543885872,3438.8668558702857,直连,,803,PASS,worst_obstruction_endpoint_distance,12.463229440911974,942.1656929588921,True,,端点最大距离且全时段按遮挡计损仍满足双向预算
T013,巡航,3438.8668558702857,3458.8021678546984,直连,,804,PASS,worst_obstruction_endpoint_distance,15.505503268057225,663.7638481291795,True,,端点最大距离且全时段按遮挡计损仍满足双向预算
T013,巡航,3458.8021678546984,3478.737479839112,直连,,805,PASS,worst_obstruction_endpoint_distance,19.58226210365403,415.12190732371414,True,,端点最大距离且全时段按遮挡计损仍满足双向预算
T013,下降,3478.737479839112,3497.983513316895,直连,,806,PASS,worst_obstruction_endpoint_distance,22.759839664518097,287.93653564453103,True,,端点最大距离且全时段按遮挡计损仍满足双向预算
T013,下降,3497.983513316895,3517.229546794678,直连,,807,PASS,worst_obstruction_endpoint_distance,24.00629760355062,249.44446868896512,True,,端点最大距离且全时段按遮挡计损仍满足双向预算
T013,下降,3517.229546794678,3536.4755802724612,直连,,808,PASS,worst_obstruction_endpoint_distance,25.462085680333843,210.9524017333992,True,,端点最大距离且全时段按遮挡计损仍满足双向预算
T013,下降,3536.4755802724612,3555.7216137502446,直连,,809,PASS,worst_obstruction_endpoint_distance,27.21199066951951,172.46033477783237,True,,端点最大距离且全时段按遮挡计损仍满足双向预算
T013,下降,3555.7216137502446,3574.967647228028,直连,,810,PASS,worst_obstruction_endpoint_distance,29.405736324095642,133.96826782226555,True,,端点最大距离且全时段按遮挡计损仍满足双向预算
T013,下降,3574.967647228028,3594.213680705811,直连,,811,PASS,worst_obstruction_endpoint_distance,32.347872576052,95.47620086669869,True,,端点最大距离且全时段按遮挡计损仍满足双向预算
T013,下降,3594.213680705811,3613.459714183594,直连,,812,PASS,worst_obstruction_endpoint_distance,36.83069612741413,56.984133911132744,True,,端点最大距离且全时段按遮挡计损仍满足双向预算
T013,下降,3613.459714183594,3632.7057476613772,直连,,813,PASS,worst_obstruction_endpoint_distance,45.92517525248826,20.0,True,,端点最大距离且全时段按遮挡计损仍满足双向预算
T014,爬升,2813.0,2831.0876724243167,直连,,814,PASS,worst_obstruction_endpoint_distance,41.24926306189187,34.26301727294995,True,,端点最大距离且全时段按遮挡计损仍满足双向预算
T014,爬升,2831.0876724243167,2849.175344848633,直连,,815,PASS,worst_obstruction_endpoint_distance,33.00435495025734,88.52603454589851,True,,端点最大距离且全时段按遮挡计损仍满足双向预算
T014,爬升,2849.175344848633,2867.2630172729496,直连,,816,PASS,worst_obstruction_endpoint_distance,28.851876971718013,142.7890518188484,True,,端点最大距离且全时段按遮挡计损仍满足双向预算
T014,爬升,2867.2630172729496,2885.350689697266,直连,,817,PASS,worst_obstruction_endpoint_distance,26.054155177428697,197.05206909179702,True,,端点最大距离且全时段按遮挡计损仍满足双向预算
T014,爬升,2885.350689697266,2903.438362121582,直连,,818,PASS,worst_obstruction_endpoint_distance,23.941403967071793,251.31508636474558,True,,端点最大距离且全时段按遮挡计损仍满足双向预算
T014,爬升,2903.438362121582,2921.5260345458987,直连,,819,PASS,worst_obstruction_endpoint_distance,22.24333053746038,305.5781036376955,True,,端点最大距离且全时段按遮挡计损仍满足双向预算
T014,爬升,2921.5260345458987,2939.613706970215,直连,,820,PASS,worst_obstruction_endpoint_distance,20.823559347214356,359.84112091064407,True,,端点最大距离且全时段按遮挡计损仍满足双向预算
T014,爬升,2939.613706970215,2957.7013793945316,直连,,821,PASS,worst_obstruction_endpoint_distance,19.603583756332725,414.104138183594,True,,端点最大距离且全时段按遮挡计损仍满足双向预算
T014,巡航,2957.7013793945316,2977.2264539027333,直连,,822,PASS,worst_obstruction_endpoint_distance,18.39741098882675,475.7931759032307,True,,端点最大距离且全时段按遮挡计损仍满足双向预算
T014,巡航,2977.2264539027333,2996.751528410935,直连,,823,PASS,worst_obstruction_endpoint_distance,16.02323156066953,625.3557972562114,True,,端点最大距离且全时段按遮挡计损仍满足双向预算
T014,巡航,2996.751528410935,3016.2766029191366,直连,,824,PASS,worst_obstruction_endpoint_distance,13.713939458904292,815.815186202598,True,,端点最大距离且全时段按遮挡计损仍满足双向预算
T014,巡航,3016.2766029191366,3035.8016774273383,直连,,825,PASS,worst_obstruction_endpoint_distance,11.73457387155004,1024.6134787645549,True,,端点最大距离且全时段按遮挡计损仍满足双向预算
T014,巡航,3035.8016774273383,3055.3267519355404,直连,,826,PASS,worst_obstruction_endpoint_distance,10.059569536755163,1242.5397223605517,True,,端点最大距离且全时段按遮挡计损仍满足双向预算
T014,巡航,3055.3267519355404,3074.851826443742,直连,,827,PASS,worst_obstruction_endpoint_distance,8.625895505130202,1465.527536545165,True,,端点最大距离且全时段按遮挡计损仍满足双向预算
T014,巡航,3074.851826443742,3094.3769009519438,直连,,828,PASS,worst_obstruction_endpoint_distance,7.37994272538333,1691.5764177391372,True,,端点最大距离且全时段按遮挡计损仍满足双向预算
T014,巡航,3094.3769009519438,3113.9019754601454,直连,,829,PASS,worst_obstruction_endpoint_distance,6.281536472192059,1919.6052749671428,True,,端点最大距离且全时段按遮挡计损仍满足双向预算
T014,巡航,3113.9019754601454,3133.427049968347,直连,,830,PASS,worst_obstruction_endpoint_distance,5.301111871503167,2148.983914379498,True,,端点最大距离且全时段按遮挡计损仍满足双向预算
T014,巡航,3133.427049968347,3152.952124476549,直连,,831,PASS,worst_obstruction_endpoint_distance,4.4167107952732465,2379.3219905663836,True,,端点最大距离且全时段按遮挡计损仍满足双向预算
T014,巡航,3152.952124476549,3172.4771989847504,直连,,832,PASS,worst_obstruction_endpoint_distance,3.6117486322979744,2610.3655344174194,True,,端点最大距离且全时段按遮挡计损仍满足双向预算
T014,巡航,3172.4771989847504,3192.0022734929526,直连,,833,PASS,worst_obstruction_endpoint_distance,2.8734694540850256,2841.9424923292363,True,,端点最大距离且全时段按遮挡计损仍满足双向预算
T014,巡航,3192.0022734929526,3211.527348001154,直连,,834,PASS,worst_obstruction_endpoint_distance,2.191889165852203,3073.93231124083,True,,端点最大距离且全时段按遮挡计损仍满足双向预算
T014,巡航,3211.527348001154,3231.052422509356,直连,,835,PASS,worst_obstruction_endpoint_distance,1.559066410352358,3306.248084524794,True,,端点最大距离且全时段按遮挡计损仍满足双向预算
T014,巡航,3231.052422509356,3250.5774970175576,直连,,836,PASS,worst_obstruction_endpoint_distance,0.9685919145869804,3538.825618295985,True,,端点最大距离且全时段按遮挡计损仍满足双向预算
T014,巡航,3250.5774970175576,3270.1025715257592,直连,,837,PASS,worst_obstruction_endpoint_distance,0.41522465241320106,3771.616488316685,True,,端点最大距离且全时段按遮挡计损仍满足双向预算
T014,巡航,3270.1025715257592,3289.6276460339614,中继,R004,838,PASS,worst_obstruction_endpoint_distance,0.8490302798144427,1798.1968986308907,True,,端点最大距离且全时段按遮挡计损仍满足双向预算
T014,巡航,3289.6276460339614,3309.152720542163,中继,R004,839,PASS,worst_obstruction_endpoint_distance,2.0466724140916455,1566.5892338167546,True,,端点最大距离且全时段按遮挡计损仍满足双向预算
T014,巡航,3309.152720542163,3328.6777950503647,中继,R004,840,PASS,worst_obstruction_endpoint_distance,3.4301584898653914,1335.9211753415657,True,,端点最大距离且全时段按遮挡计损仍满足双向预算
T014,巡航,3328.6777950503647,3348.2028695585664,中继,R004,841,PASS,worst_obstruction_endpoint_distance,5.064546292495137,1106.7803593719177,True,,端点最大距离且全时段按遮挡计损仍满足双向预算
T014,巡航,3348.2028695585664,3367.727944066768,中继,R004,842,PASS,worst_obstruction_endpoint_distance,7.052567845391934,880.3601302922355,True,,端点最大距离且全时段按遮挡计损仍满足双向预算
T014,巡航,3367.727944066768,3387.25301857497,中继,R004,843,PASS,worst_obstruction_endpoint_distance,9.561891354059668,659.468704394305,True,,端点最大距离且全时段按遮挡计损仍满足双向预算
T014,巡航,3387.25301857497,3406.778093083172,中继,R004,844,PASS,worst_obstruction_endpoint_distance,12.837614657622282,452.2806684940842,True,,端点最大距离且全时段按遮挡计损仍满足双向预算
T014,巡航,3406.778093083172,3426.3031675913735,中继,R004,845,PASS,worst_obstruction_endpoint_distance,16.70244194914028,289.845565882971,True,,端点最大距离且全时段按遮挡计损仍满足双向预算
T014,巡航,3426.3031675913735,3445.828242099575,中继,R004,846,PASS,worst_obstruction_endpoint_distance,13.582992870799032,415.086983475622,True,,端点最大距离且全时段按遮挡计损仍满足双向预算
T014,巡航,3445.828242099575,3465.353316607777,中继,R004,847,PASS,worst_obstruction_endpoint_distance,10.135028927687586,617.3583292313319,True,,端点最大距离且全时段按遮挡计损仍满足双向预算
T014,巡航,3465.353316607777,3484.878391115979,中继,R004,848,PASS,worst_obstruction_endpoint_distance,7.496288825348643,836.5161250342817,True,,端点最大距离且全时段按遮挡计损仍满足双向预算
T014,巡航,3484.878391115979,3504.40346562418,中继,R004,849,PASS,worst_obstruction_endpoint_distance,5.421987482213211,1062.158635121915,True,,端点最大距离且全时段按遮挡计损仍满足双向预算
T014,巡航,3504.40346562418,3523.9285401323823,中继,R004,850,PASS,worst_obstruction_endpoint_distance,3.7279916585073067,1290.889818240399,True,,端点最大距离且全时段按遮挡计损仍满足双向预算
T014,巡航,3523.9285401323823,3543.453614640584,中继,R004,851,PASS,worst_obstruction_endpoint_distance,2.30137989286807,1521.3171587343563,True,,端点最大距离且全时段按遮挡计损仍满足双向预算
T014,巡航,3543.453614640584,3562.9786891487856,中继,R004,852,PASS,worst_obstruction_endpoint_distance,1.0712674676761509,1752.7718305681353,True,,端点最大距离且全时段按遮挡计损仍满足双向预算
T014,下降,3562.9786891487856,3580.8430202034733,中继,R004,853,PASS,worst_obstruction_endpoint_distance,1.0712674676761509,1752.7718305681353,True,,端点最大距离且全时段按遮挡计损仍满足双向预算
T014,下降,3580.8430202034733,3598.7073512581605,中继,R004,854,PASS,worst_obstruction_endpoint_distance,1.079490722717381,1751.1132014983282,True,,端点最大距离且全时段按遮挡计损仍满足双向预算
T014,下降,3598.7073512581605,3616.571682312848,中继,R004,855,PASS,worst_obstruction_endpoint_distance,1.079003193774426,1751.2114922161775,True,,端点最大距离且全时段按遮挡计损仍满足双向预算
T014,下降,3616.571682312848,3634.4360133675355,中继,R004,856,PASS,worst_obstruction_endpoint_distance,1.070294308703211,1752.9682204905325,True,,端点最大距离且全时段按遮挡计损仍满足双向预算
T014,下降,3634.4360133675355,3652.300344422223,中继,R004,857,PASS,worst_obstruction_endpoint_distance,1.0559798351574585,1755.8595196313033,True,,端点最大距离且全时段按遮挡计损仍满足双向预算
T014,投送,3652.300344422223,3671.391253513132,中继,R004,858,PASS,exact_point,11.055979835157459,1755.8595196313033,,,独立计算 DEM 遮挡、自由空间损耗与双向预算
T014,投送,3671.391253513132,3690.482162604041,中继,R004,859,PASS,exact_point,11.055979835157459,1755.8595196313033,,,独立计算 DEM 遮挡、自由空间损耗与双向预算
T014,投送,3690.482162604041,3709.57307169495,中继,R004,860,PASS,exact_point,11.055979835157459,1755.8595196313033,,,独立计算 DEM 遮挡、自由空间损耗与双向预算
T014,投送,3709.57307169495,3728.663980785859,中继,R004,861,PASS,exact_point,11.055979835157459,1755.8595196313033,,,独立计算 DEM 遮挡、自由空间损耗与双向预算
T014,投送,3728.663980785859,3747.7548898767686,中继,R004,862,PASS,exact_point,11.055979835157459,1755.8595196313033,,,独立计算 DEM 遮挡、自由空间损耗与双向预算
T014,投送,3747.7548898767686,3766.8457989676776,中继,R004,863,PASS,exact_point,11.055979835157459,1755.8595196313033,,,独立计算 DEM 遮挡、自由空间损耗与双向预算
T014,投送,3766.8457989676776,3785.9367080585866,中继,R004,864,PASS,exact_point,11.055979835157459,1755.8595196313033,,,独立计算 DEM 遮挡、自由空间损耗与双向预算
T014,投送,3785.9367080585866,3805.027617149496,中继,R004,865,PASS,exact_point,11.055979835157459,1755.8595196313033,,,独立计算 DEM 遮挡、自由空间损耗与双向预算
T014,投送,3805.027617149496,3824.118526240405,中继,R004,866,PASS,exact_point,11.055979835157459,1755.8595196313033,,,独立计算 DEM 遮挡、自由空间损耗与双向预算
T014,投送,3824.118526240405,3843.209435331314,中继,R004,867,PASS,exact_point,11.055979835157459,1755.8595196313033,,,独立计算 DEM 遮挡、自由空间损耗与双向预算
T014,投送,3843.209435331314,3862.300344422223,中继,R004,868,PASS,exact_point,11.055979835157459,1755.8595196313033,,,独立计算 DEM 遮挡、自由空间损耗与双向预算
T014,爬升,3862.300344422223,3880.9090226041894,中继,R004,869,PASS,worst_obstruction_endpoint_distance,1.0559798351574585,1755.8595196313033,True,,端点最大距离且全时段按遮挡计损仍满足双向预算
T014,爬升,3880.9090226041894,3899.5177007861557,中继,R004,870,PASS,worst_obstruction_endpoint_distance,1.0729987463525248,1752.4225014587198,True,,端点最大距离且全时段按遮挡计损仍满足双向预算
T014,爬升,3899.5177007861557,3918.1263789681216,中继,R004,871,PASS,worst_obstruction_endpoint_distance,1.0806658488908738,1750.876306966168,True,,端点最大距离且全时段按遮挡计损仍满足双向预算
T014,爬升,3918.1263789681216,3936.735057150088,中继,R004,872,PASS,worst_obstruction_endpoint_distance,1.0712674676761509,1752.7718305681353,True,,端点最大距离且全时段按遮挡计损仍满足双向预算
T014,巡航,3936.735057150088,3956.2601316582895,中继,R004,873,PASS,worst_obstruction_endpoint_distance,1.0712674676761509,1752.7718305681353,True,,端点最大距离且全时段按遮挡计损仍满足双向预算
T014,巡航,3956.2601316582895,3975.7852061664917,中继,R004,874,PASS,worst_obstruction_endpoint_distance,2.30137989286807,1521.3171587343563,True,,端点最大距离且全时段按遮挡计损仍满足双向预算
T014,巡航,3975.7852061664917,3995.310280674693,中继,R004,875,PASS,worst_obstruction_endpoint_distance,3.7279916585073067,1290.889818240399,True,,端点最大距离且全时段按遮挡计损仍满足双向预算
T014,巡航,3995.310280674693,4014.835355182895,中继,R004,876,PASS,worst_obstruction_endpoint_distance,5.421987482213211,1062.158635121915,True,,端点最大距离且全时段按遮挡计损仍满足双向预算
T014,巡航,4014.835355182895,4034.3604296910967,中继,R004,877,PASS,worst_obstruction_endpoint_distance,7.496288825348643,836.5161250342817,True,,端点最大距离且全时段按遮挡计损仍满足双向预算
T014,巡航,4034.3604296910967,4053.8855041992983,中继,R004,878,PASS,worst_obstruction_endpoint_distance,10.135028927687586,617.3583292313319,True,,端点最大距离且全时段按遮挡计损仍满足双向预算
T014,巡航,4053.8855041992983,4073.4105787075,中继,R004,879,PASS,worst_obstruction_endpoint_distance,13.582992870799032,415.086983475622,True,,端点最大距离且全时段按遮挡计损仍满足双向预算
T014,巡航,4073.4105787075,4092.9356532157017,中继,R004,880,PASS,worst_obstruction_endpoint_distance,16.70244194914028,289.845565882971,True,,端点最大距离且全时段按遮挡计损仍满足双向预算
T014,巡航,4092.9356532157017,4112.460727723904,中继,R004,881,PASS,worst_obstruction_endpoint_distance,12.837614657622282,452.2806684940842,True,,端点最大距离且全时段按遮挡计损仍满足双向预算
T014,巡航,4112.460727723904,4131.985802232105,中继,R004,882,PASS,worst_obstruction_endpoint_distance,9.561891354059668,659.468704394305,True,,端点最大距离且全时段按遮挡计损仍满足双向预算
T014,巡航,4131.985802232105,4151.510876740307,中继,R004,883,PASS,worst_obstruction_endpoint_distance,7.052567845391934,880.3601302922355,True,,端点最大距离且全时段按遮挡计损仍满足双向预算
T014,巡航,4151.510876740307,4171.035951248508,中继,R004,884,PASS,worst_obstruction_endpoint_distance,5.0645462924954785,1106.7803593718747,True,,端点最大距离且全时段按遮挡计损仍满足双向预算
T014,巡航,4171.035951248508,4190.5610257567105,中继,R004,885,PASS,worst_obstruction_endpoint_distance,3.4301584898653914,1335.9211753415657,True,,端点最大距离且全时段按遮挡计损仍满足双向预算
T014,巡航,4190.5610257567105,4210.086100264913,中继,R004,886,PASS,worst_obstruction_endpoint_distance,2.0466724140916455,1566.5892338167546,True,,端点最大距离且全时段按遮挡计损仍满足双向预算
T014,巡航,4210.086100264913,4229.611174773114,中继,R004,887,PASS,worst_obstruction_endpoint_distance,0.8490302798144427,1798.1968986308907,True,,端点最大距离且全时段按遮挡计损仍满足双向预算
T014,巡航,4229.611174773114,4249.136249281316,直连,,888,PASS,worst_obstruction_endpoint_distance,0.41522465241320106,3771.616488316685,True,,端点最大距离且全时段按遮挡计损仍满足双向预算
T014,巡航,4249.136249281316,4268.661323789518,直连,,889,PASS,worst_obstruction_endpoint_distance,0.9685919145869804,3538.825618295985,True,,端点最大距离且全时段按遮挡计损仍满足双向预算
T014,巡航,4268.661323789518,4288.186398297719,直连,,890,PASS,worst_obstruction_endpoint_distance,1.559066410352358,3306.248084524794,True,,端点最大距离且全时段按遮挡计损仍满足双向预算
T014,巡航,4288.186398297719,4307.7114728059205,直连,,891,PASS,worst_obstruction_endpoint_distance,2.191889165852203,3073.93231124083,True,,端点最大距离且全时段按遮挡计损仍满足双向预算
T014,巡航,4307.7114728059205,4327.236547314123,直连,,892,PASS,worst_obstruction_endpoint_distance,2.8734694540850256,2841.9424923292363,True,,端点最大距离且全时段按遮挡计损仍满足双向预算
T014,巡航,4327.236547314123,4346.761621822325,直连,,893,PASS,worst_obstruction_endpoint_distance,3.6117486322979744,2610.3655344174194,True,,端点最大距离且全时段按遮挡计损仍满足双向预算
T014,巡航,4346.761621822325,4366.286696330526,直连,,894,PASS,worst_obstruction_endpoint_distance,4.4167107952732465,2379.3219905663836,True,,端点最大距离且全时段按遮挡计损仍满足双向预算
T014,巡航,4366.286696330526,4385.811770838728,直连,,895,PASS,worst_obstruction_endpoint_distance,5.301111871503167,2148.983914379498,True,,端点最大距离且全时段按遮挡计损仍满足双向预算
T014,巡航,4385.811770838728,4405.33684534693,直连,,896,PASS,worst_obstruction_endpoint_distance,6.281536472192059,1919.6052749671428,True,,端点最大距离且全时段按遮挡计损仍满足双向预算
T014,巡航,4405.33684534693,4424.861919855131,直连,,897,PASS,worst_obstruction_endpoint_distance,7.37994272538333,1691.5764177391372,True,,端点最大距离且全时段按遮挡计损仍满足双向预算
T014,巡航,4424.861919855131,4444.386994363333,直连,,898,PASS,worst_obstruction_endpoint_distance,8.625895505130202,1465.527536545165,True,,端点最大距离且全时段按遮挡计损仍满足双向预算
T014,巡航,4444.386994363333,4463.912068871535,直连,,899,PASS,worst_obstruction_endpoint_distance,10.059569536755163,1242.5397223605517,True,,端点最大距离且全时段按遮挡计损仍满足双向预算
T014,巡航,4463.912068871535,4483.437143379737,直连,,900,PASS,worst_obstruction_endpoint_distance,11.73457387155004,1024.6134787645549,True,,端点最大距离且全时段按遮挡计损仍满足双向预算
T014,巡航,4483.437143379737,4502.962217887938,直连,,901,PASS,worst_obstruction_endpoint_distance,13.713939458904292,815.815186202598,True,,端点最大距离且全时段按遮挡计损仍满足双向预算
T014,巡航,4502.962217887938,4522.48729239614,直连,,902,PASS,worst_obstruction_endpoint_distance,16.02323156066899,625.3557972562493,True,,端点最大距离且全时段按遮挡计损仍满足双向预算
T014,巡航,4522.48729239614,4542.012366904342,直连,,903,PASS,worst_obstruction_endpoint_distance,18.39741098882675,475.7931759032307,True,,端点最大距离且全时段按遮挡计损仍满足双向预算
T014,下降,4542.012366904342,4561.3058841569455,直连,,904,PASS,worst_obstruction_endpoint_distance,19.603583756332725,414.104138183594,True,,端点最大距离且全时段按遮挡计损仍满足双向预算
T014,下降,4561.3058841569455,4580.59940140955,直连,,905,PASS,worst_obstruction_endpoint_distance,20.67923096631543,365.87034505208607,True,,端点最大距离且全时段按遮挡计损仍满足双向预算
T014,下降,4580.59940140955,4599.892918662154,直连,,906,PASS,worst_obstruction_endpoint_distance,21.907165707290872,317.6365519205736,True,,端点最大距离且全时段按遮挡计损仍满足双向预算
T014,下降,4599.892918662154,4619.1864359147585,直连,,907,PASS,worst_obstruction_endpoint_distance,23.337734390683906,269.4027587890634,True,,端点最大距离且全时段按遮挡计损仍满足双向预算
T014,下降,4619.1864359147585,4638.479953167363,直连,,908,PASS,worst_obstruction_endpoint_distance,25.05129142823644,221.1689656575532,True,,端点最大距离且全时段按遮挡计损仍满足双向预算
T014,下降,4638.479953167363,4657.7734704199665,直连,,909,PASS,worst_obstruction_endpoint_distance,27.18810853562924,172.93517252604073,True,,端点最大距离且全时段按遮挡计损仍满足双向预算
T014,下降,4657.7734704199665,4677.0669876725715,直连,,910,PASS,worst_obstruction_endpoint_distance,30.02835001598521,124.70137939453286,True,,端点最大距离且全时段按遮挡计损仍满足双向预算
T014,下降,4677.0669876725715,4696.3605049251755,直连,,911,PASS,worst_obstruction_endpoint_distance,34.276227532041716,76.4675862630204,True,,端点最大距离且全时段按遮挡计损仍满足双向预算
T014,下降,4696.3605049251755,4715.65402217778,直连,,912,PASS,worst_obstruction_endpoint_distance,42.93039059934276,28.233793131510197,True,,端点最大距离且全时段按遮挡计损仍满足双向预算
T015,爬升,2894.0,2912.2987226213727,直连,,913,PASS,worst_obstruction_endpoint_distance,41.09022041847288,34.8961678641181,True,,端点最大距离且全时段按遮挡计损仍满足双向预算
T015,爬升,2912.2987226213727,2930.5974452427454,直连,,914,PASS,worst_obstruction_endpoint_distance,32.88098978943424,89.7923357282362,True,,端点最大距离且全时段按遮挡计损仍满足双向预算
T015,爬升,2930.5974452427454,2948.896167864118,直连,,915,PASS,worst_obstruction_endpoint_distance,28.737094664292826,144.68850359235432,True,,端点最大距离且全时段按遮挡计损仍满足双向预算
T015,爬升,2948.896167864118,2967.194890485491,直连,,916,PASS,worst_obstruction_endpoint_distance,25.943231496630872,199.58467145647376,True,,端点最大距离且全时段按遮挡计损仍满足双向预算
T015,爬升,2967.194890485491,2985.493613106864,直连,,917,PASS,worst_obstruction_endpoint_distance,23.832673396210197,254.48083932059183,True,,端点最大距离且全时段按遮挡计损仍满足双向预算
T015,爬升,2985.493613106864,3003.7923357282366,直连,,918,PASS,worst_obstruction_endpoint_distance,22.136014487477,309.37700718470995,True,,端点最大距离且全时段按遮挡计损仍满足双向预算
T015,爬升,3003.7923357282366,3022.0910583496093,直连,,919,PASS,worst_obstruction_endpoint_distance,20.717231343301734,364.273175048828,True,,端点最大距离且全时段按遮挡计损仍满足双向预算
T015,巡航,3022.0910583496093,3040.984924997995,直连,,920,PASS,worst_obstruction_endpoint_distance,18.661672477929415,461.5355244926001,True,,端点最大距离且全时段按遮挡计损仍满足双向预算
T015,巡航,3040.984924997995,3059.8787916463816,直连,,921,PASS,worst_obstruction_endpoint_distance,15.375452699934556,673.7769091431577,True,,端点最大距离且全时段按遮挡计损仍满足双向预算
T015,巡航,3059.8787916463816,3078.7726582947676,直连,,922,PASS,worst_obstruction_endpoint_distance,12.623190271631984,924.9734022323017,True,,端点最大距离且全时段按遮挡计损仍满足双向预算
T015,巡航,3078.7726582947676,3097.666524943154,直连,,923,PASS,worst_obstruction_endpoint_distance,10.429575041650054,1190.7209811695823,True,,端点最大距离且全时段按遮挡计损仍满足双向预算
T015,巡航,3097.666524943154,3116.56039159154,直连,,924,PASS,worst_obstruction_endpoint_distance,8.640222545108585,1463.112197944657,True,,端点最大距离且全时段按遮挡计损仍满足双向预算
T015,巡航,3116.56039159154,3135.4542582399263,直连,,925,PASS,worst_obstruction_endpoint_distance,7.139643736160679,1739.027987459995,True,,端点最大距离且全时段按遮挡计损仍满足双向预算
T015,巡航,3135.4542582399263,3154.348124888312,直连,,926,PASS,worst_obstruction_endpoint_distance,5.851560521092864,2017.0224508369258,True,,端点最大距离且全时段按遮挡计损仍满足双向预算
T015,巡航,3154.348124888312,3173.241991536698,直连,,927,PASS,worst_obstruction_endpoint_distance,4.725048394892426,2296.340780852931,True,,端点最大距离且全时段按遮挡计损仍满足双向预算
T015,巡航,3173.241991536698,3192.1358581850845,直连,,928,PASS,worst_obstruction_endpoint_distance,3.7249953747456317,2576.552461149355,True,,端点最大距离且全时段按遮挡计损仍满足双向预算
T015,巡航,3192.1358581850845,3211.0297248334705,直连,,929,PASS,worst_obstruction_endpoint_distance,2.8263705191290995,2857.394683434026,True,,端点最大距离且全时段按遮挡计损仍满足双向预算
T015,巡航,3211.0297248334705,3229.9235914818564,直连,,930,PASS,worst_obstruction_endpoint_distance,2.010784013786548,3138.6981946975716,True,,端点最大距离且全时段按遮挡计损仍满足双向预算
T015,巡航,3229.9235914818564,3248.817458130243,直连,,931,PASS,worst_obstruction_endpoint_distance,1.2643662606990915,3420.3491819541655,True,,端点最大距离且全时段按遮挡计损仍满足双向预算
T015,巡航,3248.817458130243,3267.7113247786288,直连,,932,PASS,worst_obstruction_endpoint_distance,0.5764172950555349,3702.2683430850543,True,,端点最大距离且全时段按遮挡计损仍满足双向预算
T015,巡航,3267.7113247786288,3286.605191427015,中继,R004,933,PASS,worst_obstruction_endpoint_distance,0.5970868152485878,1851.1193369976415,True,,端点最大距离且全时段按遮挡计损仍满足双向预算
T015,巡航,3286.605191427015,3305.499058075401,中继,R004,934,PASS,worst_obstruction_endpoint_distance,2.0387268612306,1568.0229513815293,True,,端点最大距离且全时段按遮挡计损仍满足双向预算
T015,巡航,3305.499058075401,3324.3929247237875,中继,R004,935,PASS,worst_obstruction_endpoint_distance,3.76728039508761,1285.0639442954207,True,,端点最大距离且全时段按遮挡计损仍满足双向预算
T015,下降,3324.3929247237875,3340.74024222867,中继,R004,936,PASS,worst_obstruction_endpoint_distance,5.925312180250401,1002.3586655558703,True,,端点最大距离且全时段按遮挡计损仍满足双向预算
T015,下降,3340.74024222867,3357.087559733553,中继,R004,937,PASS,worst_obstruction_endpoint_distance,5.9229777164137545,1002.6281007700978,True,,端点最大距离且全时段按遮挡计损仍满足双向预算
T015,下降,3357.087559733553,3373.4348772384355,中继,R004,938,PASS,worst_obstruction_endpoint_distance,5.900223455630936,1005.258110028668,True,,端点最大距离且全时段按遮挡计损仍满足双向预算
T015,下降,3373.4348772384355,3389.7821947433185,中继,R004,939,PASS,worst_obstruction_endpoint_distance,5.863329893920252,1009.5370532937532,True,,端点最大距离且全时段按遮挡计损仍满足双向预算
T015,投送,3389.7821947433185,3408.8731038342275,中继,R004,940,PASS,exact_point,15.863329893920252,1009.5370532937532,,,独立计算 DEM 遮挡、自由空间损耗与双向预算
T015,投送,3408.8731038342275,3427.9640129251366,中继,R004,941,PASS,exact_point,15.863329893920252,1009.5370532937532,,,独立计算 DEM 遮挡、自由空间损耗与双向预算
T015,投送,3427.9640129251366,3447.0549220160456,中继,R004,942,PASS,exact_point,15.863329893920252,1009.5370532937532,,,独立计算 DEM 遮挡、自由空间损耗与双向预算
T015,投送,3447.0549220160456,3466.145831106955,中继,R004,943,PASS,exact_point,15.863329893920252,1009.5370532937532,,,独立计算 DEM 遮挡、自由空间损耗与双向预算
T015,投送,3466.145831106955,3485.236740197864,中继,R004,944,PASS,exact_point,15.863329893920252,1009.5370532937532,,,独立计算 DEM 遮挡、自由空间损耗与双向预算
T015,投送,3485.236740197864,3504.327649288773,中继,R004,945,PASS,exact_point,15.863329893920252,1009.5370532937532,,,独立计算 DEM 遮挡、自由空间损耗与双向预算
T015,投送,3504.327649288773,3523.418558379682,中继,R004,946,PASS,exact_point,15.863329893920252,1009.5370532937532,,,独立计算 DEM 遮挡、自由空间损耗与双向预算
T015,投送,3523.418558379682,3542.5094674705915,中继,R004,947,PASS,exact_point,15.863329893920252,1009.5370532937532,,,独立计算 DEM 遮挡、自由空间损耗与双向预算
T015,投送,3542.5094674705915,3561.6003765615005,中继,R004,948,PASS,exact_point,15.863329893920252,1009.5370532937532,,,独立计算 DEM 遮挡、自由空间损耗与双向预算
T015,投送,3561.6003765615005,3580.6912856524095,中继,R004,949,PASS,exact_point,15.863329893920252,1009.5370532937532,,,独立计算 DEM 遮挡、自由空间损耗与双向预算
T015,投送,3580.6912856524095,3599.7821947433185,中继,R004,950,PASS,exact_point,15.863329893920252,1009.5370532937532,,,独立计算 DEM 遮挡、自由空间损耗与双向预算
T015,爬升,3599.7821947433185,3617.9458808598547,中继,R004,951,PASS,worst_obstruction_endpoint_distance,5.863329893920252,1009.5370532937532,True,,端点最大距离且全时段按遮挡计损仍满足双向预算
T015,爬升,3617.9458808598547,3636.1095669763918,中继,R004,952,PASS,worst_obstruction_endpoint_distance,5.909393154225469,1004.1974184592474,True,,端点最大距离且全时段按遮挡计损仍满足双向预算
T015,爬升,3636.1095669763918,3654.273253092928,中继,R004,953,PASS,worst_obstruction_endpoint_distance,5.925312180250401,1002.3586655558703,True,,端点最大距离且全时段按遮挡计损仍满足双向预算
T015,巡航,3654.273253092928,3673.1671197413143,中继,R004,954,PASS,worst_obstruction_endpoint_distance,3.76728039508761,1285.0639442954207,True,,端点最大距离且全时段按遮挡计损仍满足双向预算
T015,巡航,3673.1671197413143,3692.0609863897002,中继,R004,955,PASS,worst_obstruction_endpoint_distance,2.0387268612306,1568.0229513815293,True,,端点最大距离且全时段按遮挡计损仍满足双向预算
T015,巡航,3692.0609863897002,3710.954853038086,中继,R004,956,PASS,worst_obstruction_endpoint_distance,0.5970868152485878,1851.1193369976415,True,,端点最大距离且全时段按遮挡计损仍满足双向预算
T015,巡航,3710.954853038086,3729.8487196864726,直连,,957,PASS,worst_obstruction_endpoint_distance,0.5764172950555349,3702.2683430850543,True,,端点最大距离且全时段按遮挡计损仍满足双向预算
T015,巡航,3729.8487196864726,3748.7425863348585,直连,,958,PASS,worst_obstruction_endpoint_distance,1.2643662606990915,3420.3491819541655,True,,端点最大距离且全时段按遮挡计损仍满足双向预算
T015,巡航,3748.7425863348585,3767.6364529832445,直连,,959,PASS,worst_obstruction_endpoint_distance,2.010784013786548,3138.6981946975716,True,,端点最大距离且全时段按遮挡计损仍满足双向预算
T015,巡航,3767.6364529832445,3786.530319631631,直连,,960,PASS,worst_obstruction_endpoint_distance,2.8263705191290995,2857.394683434026,True,,端点最大距离且全时段按遮挡计损仍满足双向预算
T015,巡航,3786.530319631631,3805.424186280017,直连,,961,PASS,worst_obstruction_endpoint_distance,3.7249953747456317,2576.552461149355,True,,端点最大距离且全时段按遮挡计损仍满足双向预算
T015,巡航,3805.424186280017,3824.3180529284027,直连,,962,PASS,worst_obstruction_endpoint_distance,4.725048394892241,2296.34078085298,True,,端点最大距离且全时段按遮挡计损仍满足双向预算
T015,巡航,3824.3180529284027,3843.211919576789,直连,,963,PASS,worst_obstruction_endpoint_distance,5.851560521092864,2017.0224508369258,True,,端点最大距离且全时段按遮挡计损仍满足双向预算
T015,巡航,3843.211919576789,3862.1057862251755,直连,,964,PASS,worst_obstruction_endpoint_distance,7.139643736160679,1739.027987459995,True,,端点最大距离且全时段按遮挡计损仍满足双向预算
T015,巡航,3862.1057862251755,3880.9996528735614,直连,,965,PASS,worst_obstruction_endpoint_distance,8.64022254510887,1463.1121979446089,True,,端点最大距离且全时段按遮挡计损仍满足双向预算
T015,巡航,3880.9996528735614,3899.8935195219474,直连,,966,PASS,worst_obstruction_endpoint_distance,10.429575041650054,1190.7209811695823,True,,端点最大距离且全时段按遮挡计损仍满足双向预算
T015,巡航,3899.8935195219474,3918.787386170334,直连,,967,PASS,worst_obstruction_endpoint_distance,12.623190271631984,924.9734022323017,True,,端点最大距离且全时段按遮挡计损仍满足双向预算
T015,巡航,3918.787386170334,3937.6812528187197,直连,,968,PASS,worst_obstruction_endpoint_distance,15.375452699934556,673.7769091431577,True,,端点最大距离且全时段按遮挡计损仍满足双向预算
T015,巡航,3937.6812528187197,3956.5751194671057,直连,,969,PASS,worst_obstruction_endpoint_distance,18.661672477929415,461.5355244926001,True,,端点最大距离且全时段按遮挡计损仍满足双向预算
T015,下降,3956.5751194671057,3975.7887782195476,直连,,970,PASS,worst_obstruction_endpoint_distance,20.717231343301734,364.273175048828,True,,端点最大距离且全时段按遮挡计损仍满足双向预算
T015,下降,3975.7887782195476,3995.0024369719886,直连,,971,PASS,worst_obstruction_endpoint_distance,21.945465831584386,316.2390281677231,True,,端点最大距离且全时段按遮挡计损仍满足双向预算
T015,下降,3995.0024369719886,4014.21609572443,直连,,972,PASS,worst_obstruction_endpoint_distance,23.376441612193588,268.20488128662043,True,,端点最大距离且全时段按遮挡计损仍满足双向预算
T015,下降,4014.21609572443,4033.4297544768715,直连,,973,PASS,worst_obstruction_endpoint_distance,25.090583344521875,220.17073440551667,True,,端点最大距离且全时段按遮挡计损仍满足双向预算
T015,下降,4033.4297544768715,4052.6434132293125,直连,,974,PASS,worst_obstruction_endpoint_distance,27.228311382556598,172.13658752441285,True,,端点最大距离且全时段按遮挡计损仍满足双向预算
T015,下降,4052.6434132293125,4071.8570719817544,直连,,975,PASS,worst_obstruction_endpoint_distance,30.070168714278523,124.10244064331022,True,,端点最大距离且全时段按遮挡计损仍满足双向预算
T015,下降,4071.8570719817544,4091.0707307341954,直连,,976,PASS,worst_obstruction_endpoint_distance,34.32170166595199,76.06829376220531,True,,端点最大距离且全时段按遮挡计损仍满足双向预算
T015,下降,4091.0707307341954,4110.284389486636,直连,,977,PASS,worst_obstruction_endpoint_distance,42.99202827701126,28.03414688110263,True,,端点最大距离且全时段按遮挡计损仍满足双向预算
T016,爬升,4113.0,4132.380881347656,直连,,978,PASS,worst_obstruction_endpoint_distance,42.86345708049137,28.452203369140676,True,,端点最大距离且全时段按遮挡计损仍满足双向预算
T016,爬升,4132.380881347656,4151.761762695312,直连,,979,PASS,worst_obstruction_endpoint_distance,34.22675064092644,76.90440673828135,True,,端点最大距离且全时段按遮挡计损仍满足双向预算
T016,爬升,4151.761762695312,4171.142644042969,直连,,980,PASS,worst_obstruction_endpoint_distance,29.982830377148545,125.356610107422,True,,端点最大距离且全时段按遮挡计损仍满足双向预算
T016,巡航,4171.142644042969,4189.651666483214,直连,,981,PASS,worst_obstruction_endpoint_distance,22.2704985239005,304.6238004959094,True,,端点最大距离且全时段按遮挡计损仍满足双向预算
T016,巡航,4189.651666483214,4208.160688923459,直连,,982,PASS,worst_obstruction_endpoint_distance,16.83979160829456,569.2449386880037,True,,端点最大距离且全时段按遮挡计损仍满足双向预算
T016,巡航,4208.160688923459,4226.669711363705,直连,,983,PASS,worst_obstruction_endpoint_distance,13.436577431180993,842.286590702294,True,,端点最大距离且全时段按遮挡计损仍满足双向预算
T016,巡航,4226.669711363705,4245.17873380395,直连,,984,PASS,worst_obstruction_endpoint_distance,10.980093890191213,1117.5940057971984,True,,端点最大距离且全时段按遮挡计损仍满足双向预算
T016,巡航,4245.17873380395,4263.687756244195,直连,,985,PASS,worst_obstruction_endpoint_distance,9.06160871006314,1393.8252340138579,True,,端点最大距离且全时段按遮挡计损仍满足双向预算
T016,巡航,4263.687756244195,4282.196778684441,直连,,986,PASS,worst_obstruction_endpoint_distance,7.488730846575692,1670.5220634325021,True,,端点最大距离且全时段按遮挡计损仍满足双向预算
T016,巡航,4282.196778684441,4300.705801124686,直连,,987,PASS,worst_obstruction_endpoint_distance,6.156288066488344,1947.4860477341674,True,,端点最大距离且全时段按遮挡计损仍满足双向预算
T016,巡航,4300.705801124686,4319.214823564931,直连,,988,PASS,worst_obstruction_endpoint_distance,5.000668542679023,2224.6174071251694,True,,端点最大距离且全时段按遮挡计损仍满足双向预算
T016,巡航,4319.214823564931,4337.723846005177,直连,,989,PASS,worst_obstruction_endpoint_distance,3.9805132818098343,2501.8605217539953,True,,端点最大距离且全时段按遮挡计损仍满足双向预算
T016,巡航,4337.723846005177,4356.232868445422,直连,,990,PASS,worst_obstruction_endpoint_distance,3.067435566266326,2779.1819466890624,True,,端点最大距离且全时段按遮挡计损仍满足双向预算
T016,巡航,4356.232868445422,4374.741890885667,直连,,991,PASS,worst_obstruction_endpoint_distance,2.2411156161546586,3056.5603667445057,True,,端点最大距离且全时段按遮挡计损仍满足双向预算
T016,下降,4374.741890885667,4389.584659236904,直连,,992,PASS,worst_obstruction_endpoint_distance,2.2411156161546586,3056.5603667445057,True,,端点最大距离且全时段按遮挡计损仍满足双向预算
T016,下降,4389.584659236904,4404.427427588142,直连,,993,PASS,worst_obstruction_endpoint_distance,2.2441667585877525,3055.4868597560912,True,,端点最大距离且全时段按遮挡计损仍满足双向预算
T016,下降,4404.427427588142,4419.270195939378,直连,,994,PASS,worst_obstruction_endpoint_distance,2.246399680237957,3054.701472633553,True,,端点最大距离且全时段按遮挡计损仍满足双向预算
T016,投送,4419.270195939378,4439.070195939378,直连,,995,PASS,exact_point,2.2478131175972464,3054.2044276465326,,,独立计算 DEM 遮挡、自由空间损耗与双向预算
T016,投送,4439.070195939378,4458.870195939378,直连,,996,PASS,exact_point,2.2478131175972464,3054.2044276465326,,,独立计算 DEM 遮挡、自由空间损耗与双向预算
T016,投送,4458.870195939378,4478.670195939379,直连,,997,PASS,exact_point,2.2478131175972464,3054.2044276465326,,,独立计算 DEM 遮挡、自由空间损耗与双向预算
T016,投送,4478.670195939379,4498.470195939379,直连,,998,PASS,exact_point,2.2478131175972464,3054.2044276465326,,,独立计算 DEM 遮挡、自由空间损耗与双向预算
T016,投送,4498.470195939379,4518.270195939378,直连,,999,PASS,exact_point,2.2478131175972464,3054.2044276465326,,,独立计算 DEM 遮挡、自由空间损耗与双向预算
T016,投送,4518.270195939378,4538.070195939378,直连,,1000,PASS,exact_point,2.2478131175972464,3054.2044276465326,,,独立计算 DEM 遮挡、自由空间损耗与双向预算
T016,投送,4538.070195939378,4557.870195939378,直连,,1001,PASS,exact_point,2.2478131175972464,3054.2044276465326,,,独立计算 DEM 遮挡、自由空间损耗与双向预算
T016,投送,4557.870195939378,4577.670195939379,直连,,1002,PASS,exact_point,2.2478131175972464,3054.2044276465326,,,独立计算 DEM 遮挡、自由空间损耗与双向预算
T016,投送,4577.670195939379,4597.470195939379,直连,,1003,PASS,exact_point,2.2478131175972464,3054.2044276465326,,,独立计算 DEM 遮挡、自由空间损耗与双向预算
T016,投送,4597.470195939379,4617.270195939378,直连,,1004,PASS,exact_point,2.2478131175972464,3054.2044276465326,,,独立计算 DEM 遮挡、自由空间损耗与双向预算
T016,投送,4617.270195939378,4637.070195939378,直连,,1005,PASS,exact_point,2.2478131175972464,3054.2044276465326,,,独立计算 DEM 遮挡、自由空间损耗与双向预算
T016,投送,4637.070195939378,4656.870195939378,直连,,1006,PASS,exact_point,2.2478131175972464,3054.2044276465326,,,独立计算 DEM 遮挡、自由空间损耗与双向预算
T016,投送,4656.870195939378,4676.670195939379,直连,,1007,PASS,exact_point,2.2478131175972464,3054.2044276465326,,,独立计算 DEM 遮挡、自由空间损耗与双向预算
T016,投送,4676.670195939379,4696.470195939379,直连,,1008,PASS,exact_point,2.2478131175972464,3054.2044276465326,,,独立计算 DEM 遮挡、自由空间损耗与双向预算
T016,投送,4696.470195939379,4716.270195939378,直连,,1009,PASS,exact_point,2.2478131175972464,3054.2044276465326,,,独立计算 DEM 遮挡、自由空间损耗与双向预算
T016,投送,4716.270195939378,4736.070195939378,直连,,1010,PASS,exact_point,2.2478131175972464,3054.2044276465326,,,独立计算 DEM 遮挡、自由空间损耗与双向预算
T016,投送,4736.070195939378,4755.870195939378,直连,,1011,PASS,exact_point,2.2478131175972464,3054.2044276465326,,,独立计算 DEM 遮挡、自由空间损耗与双向预算
T016,投送,4755.870195939378,4775.670195939379,直连,,1012,PASS,exact_point,2.2478131175972464,3054.2044276465326,,,独立计算 DEM 遮挡、自由空间损耗与双向预算
T016,投送,4775.670195939379,4795.470195939379,直连,,1013,PASS,exact_point,2.2478131175972464,3054.2044276465326,,,独立计算 DEM 遮挡、自由空间损耗与双向预算
T016,投送,4795.470195939379,4815.270195939378,直连,,1014,PASS,exact_point,2.2478131175972464,3054.2044276465326,,,独立计算 DEM 遮挡、自由空间损耗与双向预算
T016,爬升,4815.270195939378,4833.081517960863,直连,,1015,PASS,worst_obstruction_endpoint_distance,2.2453855868061083,3055.0581354130627,True,,端点最大距离且全时段按遮挡计损仍满足双向预算
T016,爬升,4833.081517960863,4850.892839982347,直连,,1016,PASS,worst_obstruction_endpoint_distance,2.2411156161546586,3056.5603667445057,True,,端点最大距离且全时段按遮挡计损仍满足双向预算
T016,巡航,4850.892839982347,4869.401862422593,直连,,1017,PASS,worst_obstruction_endpoint_distance,2.2411156161546586,3056.5603667445057,True,,端点最大距离且全时段按遮挡计损仍满足双向预算
T016,巡航,4869.401862422593,4887.9108848628375,直连,,1018,PASS,worst_obstruction_endpoint_distance,3.067435566266326,2779.1819466890624,True,,端点最大距离且全时段按遮挡计损仍满足双向预算
T016,巡航,4887.9108848628375,4906.419907303083,直连,,1019,PASS,worst_obstruction_endpoint_distance,3.9805132818098343,2501.8605217539953,True,,端点最大距离且全时段按遮挡计损仍满足双向预算
T016,巡航,4906.419907303083,4924.928929743329,直连,,1020,PASS,worst_obstruction_endpoint_distance,5.000668542679023,2224.6174071251694,True,,端点最大距离且全时段按遮挡计损仍满足双向预算
T016,巡航,4924.928929743329,4943.4379521835735,直连,,1021,PASS,worst_obstruction_endpoint_distance,6.156288066488344,1947.4860477341674,True,,端点最大距离且全时段按遮挡计损仍满足双向预算
T016,巡航,4943.4379521835735,4961.946974623819,直连,,1022,PASS,worst_obstruction_endpoint_distance,7.488730846575692,1670.5220634325021,True,,端点最大距离且全时段按遮挡计损仍满足双向预算
T016,巡航,4961.946974623819,4980.455997064064,直连,,1023,PASS,worst_obstruction_endpoint_distance,9.06160871006314,1393.8252340138579,True,,端点最大距离且全时段按遮挡计损仍满足双向预算
T016,巡航,4980.455997064064,4998.96501950431,直连,,1024,PASS,worst_obstruction_endpoint_distance,10.980093890191213,1117.5940057971984,True,,端点最大距离且全时段按遮挡计损仍满足双向预算
T016,巡航,4998.96501950431,5017.474041944555,直连,,1025,PASS,worst_obstruction_endpoint_distance,13.436577431180993,842.286590702294,True,,端点最大距离且全时段按遮挡计损仍满足双向预算
T016,巡航,5017.474041944555,5035.9830643848,直连,,1026,PASS,worst_obstruction_endpoint_distance,16.83979160829456,569.2449386880037,True,,端点最大距离且全时段按遮挡计损仍满足双向预算
T016,巡航,5035.9830643848,5054.492086825046,直连,,1027,PASS,worst_obstruction_endpoint_distance,22.2704985239005,304.6238004959094,True,,端点最大距离且全时段按遮挡计损仍满足双向预算
T016,下降,5054.492086825046,5072.661663088474,直连,,1028,PASS,worst_obstruction_endpoint_distance,29.982830377148545,125.356610107422,True,,端点最大距离且全时段按遮挡计损仍满足双向预算
T016,下降,5072.661663088474,5090.831239351901,直连,,1029,PASS,worst_obstruction_endpoint_distance,32.9562714401918,89.01745758056603,True,,端点最大距离且全时段按遮挡计损仍满足双向预算
T016,下降,5090.831239351901,5109.000815615329,直连,,1030,PASS,worst_obstruction_endpoint_distance,37.51313930757439,52.67830505371191,True,,端点最大距离且全时段按遮挡计损仍满足双向预算
T016,下降,5109.000815615329,5127.170391878757,直连,,1031,PASS,worst_obstruction_endpoint_distance,45.92517525248826,20.0,True,,端点最大距离且全时段按遮挡计损仍满足双向预算
T017,爬升,4266.0,4284.504135640463,直连,,1032,PASS,worst_obstruction_endpoint_distance,40.93817299698006,35.512406921388134,True,,端点最大距离且全时段按遮挡计损仍满足双向预算
T017,爬升,4284.504135640463,4303.008271280924,直连,,1033,PASS,worst_obstruction_endpoint_distance,32.76257917737007,91.02481384277351,True,,端点最大距离且全时段按遮挡计损仍满足双向预算
T017,爬升,4303.008271280924,4321.512406921387,直连,,1034,PASS,worst_obstruction_endpoint_distance,28.626816157375487,146.5372207641616,True,,端点最大距离且全时段按遮挡计损仍满足双向预算
T017,爬升,4321.512406921387,4340.016542561849,直连,,1035,PASS,worst_obstruction_endpoint_distance,25.836614075565635,202.04962768554702,True,,端点最大距离且全时段按遮挡计损仍满足双向预算
T017,爬升,4340.016542561849,4358.5206782023115,直连,,1036,PASS,worst_obstruction_endpoint_distance,23.728138223056888,257.56203460693513,True,,端点最大距离且全时段按遮挡计损仍满足双向预算
T017,爬升,4358.5206782023115,4377.024813842773,直连,,1037,PASS,worst_obstruction_endpoint_distance,22.032822874833954,313.0744415283205,True,,端点最大距离且全时段按遮挡计损仍满足双向预算
T017,爬升,4377.024813842773,4395.528949483236,直连,,1038,PASS,worst_obstruction_endpoint_distance,20.614978463875502,368.5868484497086,True,,端点最大距离且全时段按遮挡计损仍满足双向预算
T017,爬升,4395.528949483236,4414.033085123698,直连,,1039,PASS,worst_obstruction_endpoint_distance,19.396424967151802,424.099255371094,True,,端点最大距离且全时段按遮挡计损仍满足双向预算
T017,巡航,4414.033085123698,4433.294215159196,直连,,1040,PASS,worst_obstruction_endpoint_distance,18.26694608916199,482.9936864612807,True,,端点最大距离且全时段按遮挡计损仍满足双向预算
T017,巡航,4433.294215159196,4452.5553451946935,直连,,1041,PASS,worst_obstruction_endpoint_distance,15.995764197007787,627.3364881998474,True,,端点最大距离且全时段按遮挡计损仍满足双向预算
T017,巡航,4452.5553451946935,4471.816475230191,直连,,1042,PASS,worst_obstruction_endpoint_distance,13.74596424994661,812.8128217511918,True,,端点最大距离且全时段按遮挡计损仍满足双向预算
T017,巡航,4471.816475230191,4491.077605265688,直连,,1043,PASS,worst_obstruction_endpoint_distance,11.79795076223219,1017.1645601815749,True,,端点最大距离且全时段按遮挡计损仍满足双向预算
T017,巡航,4491.077605265688,4510.338735301186,直连,,1044,PASS,worst_obstruction_endpoint_distance,10.140421384238124,1231.0273137854615,True,,端点最大距离且全时段按遮挡计损仍满足双向预算
T017,巡航,4510.338735301186,4529.599865336683,直连,,1045,PASS,worst_obstruction_endpoint_distance,8.717220954588996,1450.1993647745833,True,,端点最大距离且全时段按遮挡计损仍满足双向预算
T017,巡航,4529.599865336683,4548.860995372181,直连,,1046,PASS,worst_obstruction_endpoint_distance,7.477959966071879,1672.594868284282,True,,端点最大距离且全时段按遮挡计损仍满足双向预算
T017,巡航,4548.860995372181,4568.122125407679,直连,,1047,PASS,worst_obstruction_endpoint_distance,6.384059952816699,1897.0805029672351,True,,端点最大距离且全时段按遮挡计损仍满足双向预算
T017,巡航,4568.122125407679,4587.3832554431765,直连,,1048,PASS,worst_obstruction_endpoint_distance,5.406802530840267,2122.9933399745287,True,,端点最大距离且全时段按遮挡计损仍满足双向预算
T017,巡航,4587.3832554431765,4606.644385478674,直连,,1049,PASS,worst_obstruction_endpoint_distance,4.524706971568108,2349.921797406128,True,,端点最大距离且全时段按遮挡计损仍满足双向预算
T017,巡航,4606.644385478674,4625.905515514171,直连,,1050,PASS,worst_obstruction_endpoint_distance,3.721472632026277,2577.5976473811083,True,,端点最大距离且全时段按遮挡计损仍满足双向预算
T017,巡航,4625.905515514171,4645.166645549669,直连,,1051,PASS,worst_obstruction_endpoint_distance,2.9845203486506193,2805.8389574517014,True,,端点最大距离且全时段按遮挡计损仍满足双向预算
T017,巡航,4645.166645549669,4664.427775585167,直连,,1052,PASS,worst_obstruction_endpoint_distance,2.3039804143037372,3034.518137041327,True,,端点最大距离且全时段按遮挡计损仍满足双向预算
T017,巡航,4664.427775585167,4683.688905620665,直连,,1053,PASS,worst_obstruction_endpoint_distance,1.6719880028574607,3263.5431418049566,True,,端点最大距离且全时段按遮挡计损仍满足双向预算
T017,巡航,4683.688905620665,4702.950035656162,直连,,1054,PASS,worst_obstruction_endpoint_distance,1.0821865422595636,3492.8459454035633,True,,端点最大距离且全时段按遮挡计损仍满足双向预算
T017,巡航,4702.950035656162,4722.2111656916595,直连,,1055,PASS,worst_obstruction_endpoint_distance,0.5293722208087246,3722.375209961339,True,,端点最大距离且全时段按遮挡计损仍满足双向预算
T017,巡航,4722.2111656916595,4741.472295727157,直连,,1056,PASS,worst_obstruction_endpoint_distance,0.009235394013643372,3952.09147852823,True,,端点最大距离且全时段按遮挡计损仍满足双向预算
T017,巡航,4741.472295727157,4760.733425762654,中继,R005,1057,PASS,worst_obstruction_endpoint_distance,10.631011336525901,583.0934883002474,True,,端点最大距离且全时段按遮挡计损仍满足双向预算
T017,巡航,4760.733425762654,4779.994555798153,中继,R005,1058,PASS,worst_obstruction_endpoint_distance,7.986039140627014,790.6545986698939,True,,端点最大距离且全时段按遮挡计损仍满足双向预算
T017,巡航,4779.994555798153,4799.25568583365,中继,R004,1059,PASS,worst_obstruction_endpoint_distance,0.4099473841189365,1891.434860281678,True,,端点最大距离且全时段按遮挡计损仍满足双向预算
T017,巡航,4799.25568583365,4818.516815869148,中继,R004,1060,PASS,worst_obstruction_endpoint_distance,0.8647419414481163,1794.9471308953948,True,,端点最大距离且全时段按遮挡计损仍满足双向预算
T017,巡航,4818.516815869148,4837.777945904645,中继,R004,1061,PASS,worst_obstruction_endpoint_distance,1.21384065212996,1724.2360685940218,True,,端点最大距离且全时段按遮挡计损仍满足双向预算
T017,巡航,4837.777945904645,4857.0390759401425,中继,R004,1062,PASS,worst_obstruction_endpoint_distance,1.426391378243082,1682.5546895366613,True,,端点最大距离且全时段按遮挡计损仍满足双向预算
T017,巡航,4857.0390759401425,4876.30020597564,中继,R004,1063,PASS,worst_obstruction_endpoint_distance,1.3706997866708264,1693.3774375183502,True,,端点最大距离且全时段按遮挡计损仍满足双向预算
T017,巡航,4876.30020597564,4895.561336011138,中继,R004,1064,PASS,worst_obstruction_endpoint_distance,1.1083852893084156,1745.2976094260764,True,,端点最大距离且全时段按遮挡计损仍满足双向预算
T017,巡航,4895.561336011138,4914.822466046636,中继,R004,1065,PASS,worst_obstruction_endpoint_distance,0.7194476577621458,1825.2248602709064,True,,端点最大距离且全时段按遮挡计损仍满足双向预算
T017,下降,4914.822466046636,4934.282317120855,中继,R004,1066,PASS,worst_obstruction_endpoint_distance,0.7194476577621458,1825.2248602709064,True,,端点最大距离且全时段按遮挡计损仍满足双向预算
T017,下降,4934.282317120855,4953.742168195073,中继,R004,1067,PASS,worst_obstruction_endpoint_distance,0.7287252227213372,1823.2763434744863,True,,端点最大距离且全时段按遮挡计损仍满足双向预算
T017,投送,4953.742168195073,4972.833077285982,中继,R004,1068,PASS,exact_point,0.7318298297417414,1822.6247642738538,,,独立计算 DEM 遮挡、自由空间损耗与双向预算
T017,投送,4972.833077285982,4991.923986376891,中继,R004,1069,PASS,exact_point,0.7318298297417414,1822.6247642738538,,,独立计算 DEM 遮挡、自由空间损耗与双向预算
T017,投送,4991.923986376891,5011.014895467801,中继,R004,1070,PASS,exact_point,0.7318298297417414,1822.6247642738538,,,独立计算 DEM 遮挡、自由空间损耗与双向预算
T017,投送,5011.014895467801,5030.105804558709,中继,R004,1071,PASS,exact_point,0.7318298297417414,1822.6247642738538,,,独立计算 DEM 遮挡、自由空间损耗与双向预算
T017,投送,5030.105804558709,5049.196713649619,中继,R004,1072,PASS,exact_point,0.7318298297417414,1822.6247642738538,,,独立计算 DEM 遮挡、自由空间损耗与双向预算
T017,投送,5049.196713649619,5068.287622740528,中继,R004,1073,PASS,exact_point,0.7318298297417414,1822.6247642738538,,,独立计算 DEM 遮挡、自由空间损耗与双向预算
T017,投送,5068.287622740528,5087.378531831437,中继,R004,1074,PASS,exact_point,0.7318298297417414,1822.6247642738538,,,独立计算 DEM 遮挡、自由空间损耗与双向预算
T017,投送,5087.378531831437,5106.469440922346,中继,R004,1075,PASS,exact_point,0.7318298297417414,1822.6247642738538,,,独立计算 DEM 遮挡、自由空间损耗与双向预算
T017,投送,5106.469440922346,5125.560350013255,中继,R004,1076,PASS,exact_point,0.7318298297417414,1822.6247642738538,,,独立计算 DEM 遮挡、自由空间损耗与双向预算
T017,投送,5125.560350013255,5144.651259104164,中继,R004,1077,PASS,exact_point,0.7318298297417414,1822.6247642738538,,,独立计算 DEM 遮挡、自由空间损耗与双向预算
T017,投送,5144.651259104164,5163.742168195073,中继,R004,1078,PASS,exact_point,0.7318298297417414,1822.6247642738538,,,独立计算 DEM 遮挡、自由空间损耗与双向预算
T017,爬升,5163.742168195073,5179.958710756922,中继,R004,1079,PASS,worst_obstruction_endpoint_distance,0.7287252227213372,1823.2763434744866,True,,端点最大距离且全时段按遮挡计损仍满足双向预算
T017,爬升,5179.958710756922,5196.175253318771,中继,R004,1080,PASS,worst_obstruction_endpoint_distance,0.7194476577621458,1825.2248602709064,True,,端点最大距离且全时段按遮挡计损仍满足双向预算
T017,巡航,5196.175253318771,5215.436383354268,中继,R004,1081,PASS,worst_obstruction_endpoint_distance,0.7194476577621458,1825.2248602709064,True,,端点最大距离且全时段按遮挡计损仍满足双向预算
T017,巡航,5215.436383354268,5234.697513389766,中继,R004,1082,PASS,worst_obstruction_endpoint_distance,1.1083852893084156,1745.2976094260764,True,,端点最大距离且全时段按遮挡计损仍满足双向预算
T017,巡航,5234.697513389766,5253.958643425263,中继,R005,1083,PASS,worst_obstruction_endpoint_distance,0.31868432407806324,1911.4130292935956,True,,端点最大距离且全时段按遮挡计损仍满足双向预算
T017,巡航,5253.958643425263,5273.219773460762,中继,R005,1084,PASS,worst_obstruction_endpoint_distance,1.4215685097340724,1683.4891929266453,True,,端点最大距离且全时段按遮挡计损仍满足双向预算
T017,巡航,5273.219773460762,5292.480903496259,中继,R005,1085,PASS,worst_obstruction_endpoint_distance,2.6791044757940483,1456.5772902114215,True,,端点最大距离且全时段按遮挡计损仍满足双向预算
T017,巡航,5292.480903496259,5311.7420335317565,中继,R005,1086,PASS,worst_obstruction_endpoint_distance,4.138942470962704,1231.2369339525665,True,,端点最大距离且全时段按遮挡计损仍满足双向预算
T017,巡航,5311.7420335317565,5331.003163567254,中继,R005,1087,PASS,worst_obstruction_endpoint_distance,5.872066810682199,1008.522096043745,True,,端点最大距离且全时段按遮挡计损仍满足双向预算
T017,巡航,5331.003163567254,5350.264293602751,中继,R005,1088,PASS,worst_obstruction_endpoint_distance,7.986039140627014,790.6545986698939,True,,端点最大距离且全时段按遮挡计损仍满足双向预算
T017,巡航,5350.264293602751,5369.52542363825,中继,R005,1089,PASS,worst_obstruction_endpoint_distance,10.631011336525901,583.0934883002474,True,,端点最大距离且全时段按遮挡计损仍满足双向预算
T017,巡航,5369.52542363825,5388.786553673746,直连,,1090,PASS,worst_obstruction_endpoint_distance,0.009235394013728637,3952.0914785281925,True,,端点最大距离且全时段按遮挡计损仍满足双向预算
T017,巡航,5388.786553673746,5408.047683709245,直连,,1091,PASS,worst_obstruction_endpoint_distance,0.5293722208087246,3722.375209961339,True,,端点最大距离且全时段按遮挡计损仍满足双向预算
T017,巡航,5408.047683709245,5427.308813744742,直连,,1092,PASS,worst_obstruction_endpoint_distance,1.0821865422595636,3492.8459454035633,True,,端点最大距离且全时段按遮挡计损仍满足双向预算
T017,巡航,5427.308813744742,5446.56994378024,直连,,1093,PASS,worst_obstruction_endpoint_distance,1.6719880028574607,3263.5431418049566,True,,端点最大距离且全时段按遮挡计损仍满足双向预算
T017,巡航,5446.56994378024,5465.831073815737,直连,,1094,PASS,worst_obstruction_endpoint_distance,2.3039804143037372,3034.518137041327,True,,端点最大距离且全时段按遮挡计损仍满足双向预算
T017,巡航,5465.831073815737,5485.092203851234,直连,,1095,PASS,worst_obstruction_endpoint_distance,2.9845203486506193,2805.8389574517014,True,,端点最大距离且全时段按遮挡计损仍满足双向预算
T017,巡航,5485.092203851234,5504.353333886733,直连,,1096,PASS,worst_obstruction_endpoint_distance,3.721472632026277,2577.5976473811083,True,,端点最大距离且全时段按遮挡计损仍满足双向预算
T017,巡航,5504.353333886733,5523.61446392223,直连,,1097,PASS,worst_obstruction_endpoint_distance,4.524706971568108,2349.921797406128,True,,端点最大距离且全时段按遮挡计损仍满足双向预算
T017,巡航,5523.61446392223,5542.875593957728,直连,,1098,PASS,worst_obstruction_endpoint_distance,5.406802530840267,2122.9933399745287,True,,端点最大距离且全时段按遮挡计损仍满足双向预算
T017,巡航,5542.875593957728,5562.136723993225,直连,,1099,PASS,worst_obstruction_endpoint_distance,6.384059952816699,1897.0805029672351,True,,端点最大距离且全时段按遮挡计损仍满足双向预算
T017,巡航,5562.136723993225,5581.397854028723,直连,,1100,PASS,worst_obstruction_endpoint_distance,7.477959966071879,1672.594868284282,True,,端点最大距离且全时段按遮挡计损仍满足双向预算
T017,巡航,5581.397854028723,5600.658984064221,直连,,1101,PASS,worst_obstruction_endpoint_distance,8.717220954588996,1450.1993647745833,True,,端点最大距离且全时段按遮挡计损仍满足双向预算
T017,巡航,5600.658984064221,5619.9201140997175,直连,,1102,PASS,worst_obstruction_endpoint_distance,10.140421384238124,1231.0273137854615,True,,端点最大距离且全时段按遮挡计损仍满足双向预算
T017,巡航,5619.9201140997175,5639.181244135216,直连,,1103,PASS,worst_obstruction_endpoint_distance,11.79795076223219,1017.1645601815749,True,,端点最大距离且全时段按遮挡计损仍满足双向预算
T017,巡航,5639.181244135216,5658.442374170713,直连,,1104,PASS,worst_obstruction_endpoint_distance,13.74596424994661,812.8128217511918,True,,端点最大距离且全时段按遮挡计损仍满足双向预算
T017,巡航,5658.442374170713,5677.703504206211,直连,,1105,PASS,worst_obstruction_endpoint_distance,15.995764197007787,627.3364881998474,True,,端点最大距离且全时段按遮挡计损仍满足双向预算
T017,巡航,5677.703504206211,5696.964634241708,直连,,1106,PASS,worst_obstruction_endpoint_distance,18.26694608916199,482.9936864612807,True,,端点最大距离且全时段按遮挡计损仍满足双向预算
T017,下降,5696.964634241708,5716.702378924868,直连,,1107,PASS,worst_obstruction_endpoint_distance,19.396424967151802,424.099255371094,True,,端点最大距离且全时段按遮挡计损仍满足双向预算
T017,下降,5716.702378924868,5736.4401236080275,直连,,1108,PASS,worst_obstruction_endpoint_distance,20.47082891163663,374.7548936631949,True,,端点最大距离且全时段按遮挡计损仍满足双向预算
T017,下降,5736.4401236080275,5756.177868291188,直连,,1109,PASS,worst_obstruction_endpoint_distance,21.697143069224396,325.4105319552958,True,,端点最大距离且全时段按遮挡计损仍满足双向预算
T017,下降,5756.177868291188,5775.915612974348,直连,,1110,PASS,worst_obstruction_endpoint_distance,23.125511355694925,276.0661702473945,True,,端点最大距离且全时段按遮挡计损仍满足双向预算
T017,下降,5775.915612974348,5795.6533576575075,直连,,1111,PASS,worst_obstruction_endpoint_distance,24.835909220862632,226.72180853949538,True,,端点最大距离且全时段按遮挡计损仍满足双向预算
T017,下降,5795.6533576575075,5815.391102340667,直连,,1112,PASS,worst_obstruction_endpoint_distance,26.967807178204296,177.37744683159633,True,,端点最大距离且全时段按遮挡计损仍满足双向预算
T017,下降,5815.391102340667,5835.128847023827,直连,,1113,PASS,worst_obstruction_endpoint_distance,29.799330955625607,128.03308512369722,True,,端点最大距离且全时段按遮挡计损仍满足双向预算
T017,下降,5835.128847023827,5854.866591706987,直连,,1114,PASS,worst_obstruction_endpoint_distance,34.02752517149327,78.68872341579817,True,,端点最大距离且全时段按遮挡计损仍满足双向预算
T017,下降,5854.866591706987,5874.604336390146,直连,,1115,PASS,worst_obstruction_endpoint_distance,42.59528182028201,29.344361707899054,True,,端点最大距离且全时段按遮挡计损仍满足双向预算
T018,爬升,4342.0,4361.213658752441,直连,,1116,PASS,worst_obstruction_endpoint_distance,42.99202827701133,28.034146881102373,True,,端点最大距离且全时段按遮挡计损仍满足双向预算
T018,爬升,4361.213658752441,4380.427317504883,直连,,1117,PASS,worst_obstruction_endpoint_distance,34.32170166595179,76.06829376220702,True,,端点最大距离且全时段按遮挡计损仍满足双向预算
T018,爬升,4380.427317504883,4399.640976257324,直连,,1118,PASS,worst_obstruction_endpoint_distance,30.070168714278594,124.10244064330936,True,,端点最大距离且全时段按遮挡计损仍满足双向预算
T018,爬升,4399.640976257324,4418.854635009766,直连,,1119,PASS,worst_obstruction_endpoint_distance,27.228311382556527,172.13658752441404,True,,端点最大距离且全时段按遮挡计损仍满足双向预算
T018,爬升,4418.854635009766,4438.068293762207,直连,,1120,PASS,worst_obstruction_endpoint_distance,25.09058334452189,220.17073440551638,True,,端点最大距离且全时段按遮挡计损仍满足双向预算
T018,爬升,4438.068293762207,4457.281952514649,直连,,1121,PASS,worst_obstruction_endpoint_distance,23.376441612193574,268.204881286621,True,,端点最大距离且全时段按遮挡计损仍满足双向预算
T018,爬升,4457.281952514649,4476.49561126709,直连,,1122,PASS,worst_obstruction_endpoint_distance,21.94546583158437,316.23902816772335,True,,端点最大距离且全时段按遮挡计损仍满足双向预算
T018,爬升,4476.49561126709,4495.709270019532,直连,,1123,PASS,worst_obstruction_endpoint_distance,20.717231343301734,364.273175048828,True,,端点最大距离且全时段按遮挡计损仍满足双向预算
T018,巡航,4495.709270019532,4514.603136667917,直连,,1124,PASS,worst_obstruction_endpoint_distance,18.661672477929415,461.5355244926001,True,,端点最大距离且全时段按遮挡计损仍满足双向预算
T018,巡航,4514.603136667917,4533.497003316304,直连,,1125,PASS,worst_obstruction_endpoint_distance,15.375452699934556,673.7769091431577,True,,端点最大距离且全时段按遮挡计损仍满足双向预算
T018,巡航,4533.497003316304,4552.39086996469,直连,,1126,PASS,worst_obstruction_endpoint_distance,12.623190271631984,924.9734022323017,True,,端点最大距离且全时段按遮挡计损仍满足双向预算
T018,巡航,4552.39086996469,4571.284736613075,直连,,1127,PASS,worst_obstruction_endpoint_distance,10.429575041650054,1190.7209811695823,True,,端点最大距离且全时段按遮挡计损仍满足双向预算
T018,巡航,4571.284736613075,4590.178603261462,直连,,1128,PASS,worst_obstruction_endpoint_distance,8.64022254510887,1463.1121979446089,True,,端点最大距离且全时段按遮挡计损仍满足双向预算
T018,巡航,4590.178603261462,4609.072469909848,直连,,1129,PASS,worst_obstruction_endpoint_distance,7.139643736160679,1739.027987459995,True,,端点最大距离且全时段按遮挡计损仍满足双向预算
T018,巡航,4609.072469909848,4627.966336558235,直连,,1130,PASS,worst_obstruction_endpoint_distance,5.851560521092864,2017.0224508369258,True,,端点最大距离且全时段按遮挡计损仍满足双向预算
T018,巡航,4627.966336558235,4646.86020320662,直连,,1131,PASS,worst_obstruction_endpoint_distance,4.725048394892426,2296.340780852931,True,,端点最大距离且全时段按遮挡计损仍满足双向预算
T018,巡航,4646.86020320662,4665.7540698550065,直连,,1132,PASS,worst_obstruction_endpoint_distance,3.7249953747456317,2576.552461149355,True,,端点最大距离且全时段按遮挡计损仍满足双向预算
T018,巡航,4665.7540698550065,4684.647936503392,直连,,1133,PASS,worst_obstruction_endpoint_distance,2.8263705191290995,2857.394683434026,True,,端点最大距离且全时段按遮挡计损仍满足双向预算
T018,巡航,4684.647936503392,4703.541803151778,直连,,1134,PASS,worst_obstruction_endpoint_distance,2.010784013786548,3138.6981946975716,True,,端点最大距离且全时段按遮挡计损仍满足双向预算
T018,巡航,4703.541803151778,4722.435669800165,直连,,1135,PASS,worst_obstruction_endpoint_distance,1.2643662606990915,3420.3491819541655,True,,端点最大距离且全时段按遮挡计损仍满足双向预算
T018,巡航,4722.435669800165,4741.329536448551,直连,,1136,PASS,worst_obstruction_endpoint_distance,0.5764172950555349,3702.2683430850543,True,,端点最大距离且全时段按遮挡计损仍满足双向预算
T018,巡航,4741.329536448551,4760.223403096937,中继,R005,1137,PASS,worst_obstruction_endpoint_distance,2.4771809457379277,1490.8354495752667,True,,端点最大距离且全时段按遮挡计损仍满足双向预算
T018,巡航,4760.223403096937,4779.117269745323,中继,R005,1138,PASS,worst_obstruction_endpoint_distance,1.7549670517514642,1620.094716558583,True,,端点最大距离且全时段按遮挡计损仍满足双向预算
T018,巡航,4779.117269745323,4798.011136393709,中继,R005,1139,PASS,worst_obstruction_endpoint_distance,0.9113227825537535,1785.3469220713016,True,,端点最大距离且全时段按遮挡计损仍满足双向预算
T018,下降,4798.011136393709,4814.358453898592,中继,R005,1140,PASS,worst_obstruction_endpoint_distance,0.9113227825537535,1785.3469220713016,True,,端点最大距离且全时段按遮挡计损仍满足双向预算
T018,下降,4814.358453898592,4830.7057714034745,中继,R005,1141,PASS,worst_obstruction_endpoint_distance,0.9205622874269466,1783.4487916751452,True,,端点最大距离且全时段按遮挡计损仍满足双向预算
T018,下降,4830.7057714034745,4847.0530889083575,中继,R005,1142,PASS,worst_obstruction_endpoint_distance,0.9268971655917397,1782.1485435345855,True,,端点最大距离且全时段按遮挡计损仍满足双向预算
T018,下降,4847.0530889083575,4863.4004064132405,中继,R005,1143,PASS,worst_obstruction_endpoint_distance,0.9303146693903983,1781.4474868022905,True,,端点最大距离且全时段按遮挡计损仍满足双向预算
T018,下降,4863.4004064132405,4879.7477239181235,中继,R005,1144,PASS,worst_obstruction_endpoint_distance,0.928375872530296,1781.8451720641253,True,,端点最大距离且全时段按遮挡计损仍满足双向预算
T018,投送,4879.7477239181235,4898.947723918123,中继,R005,1145,PASS,exact_point,0.928375872530296,1781.8451720641253,,,独立计算 DEM 遮挡、自由空间损耗与双向预算
T018,投送,4898.947723918123,4918.147723918123,中继,R005,1146,PASS,exact_point,0.928375872530296,1781.8451720641253,,,独立计算 DEM 遮挡、自由空间损耗与双向预算
T018,投送,4918.147723918123,4937.347723918123,中继,R005,1147,PASS,exact_point,0.928375872530296,1781.8451720641253,,,独立计算 DEM 遮挡、自由空间损耗与双向预算
T018,投送,4937.347723918123,4956.547723918124,中继,R005,1148,PASS,exact_point,0.928375872530296,1781.8451720641253,,,独立计算 DEM 遮挡、自由空间损耗与双向预算
T018,投送,4956.547723918124,4975.7477239181235,中继,R005,1149,PASS,exact_point,0.928375872530296,1781.8451720641253,,,独立计算 DEM 遮挡、自由空间损耗与双向预算
T018,投送,4975.7477239181235,4994.947723918123,中继,R005,1150,PASS,exact_point,0.928375872530296,1781.8451720641253,,,独立计算 DEM 遮挡、自由空间损耗与双向预算
T018,投送,4994.947723918123,5014.147723918123,中继,R005,1151,PASS,exact_point,0.928375872530296,1781.8451720641253,,,独立计算 DEM 遮挡、自由空间损耗与双向预算
T018,投送,5014.147723918123,5033.347723918123,中继,R005,1152,PASS,exact_point,0.928375872530296,1781.8451720641253,,,独立计算 DEM 遮挡、自由空间损耗与双向预算
T018,投送,5033.347723918123,5052.547723918124,中继,R005,1153,PASS,exact_point,0.928375872530296,1781.8451720641253,,,独立计算 DEM 遮挡、自由空间损耗与双向预算
T018,投送,5052.547723918124,5071.7477239181235,中继,R005,1154,PASS,exact_point,0.928375872530296,1781.8451720641253,,,独立计算 DEM 遮挡、自由空间损耗与双向预算
T018,投送,5071.7477239181235,5090.947723918123,中继,R005,1155,PASS,exact_point,0.928375872530296,1781.8451720641253,,,独立计算 DEM 遮挡、自由空间损耗与双向预算
T018,投送,5090.947723918123,5110.147723918123,中继,R005,1156,PASS,exact_point,0.928375872530296,1781.8451720641253,,,独立计算 DEM 遮挡、自由空间损耗与双向预算
T018,投送,5110.147723918123,5129.347723918123,中继,R005,1157,PASS,exact_point,0.928375872530296,1781.8451720641253,,,独立计算 DEM 遮挡、自由空间损耗与双向预算
T018,投送,5129.347723918123,5148.547723918124,中继,R005,1158,PASS,exact_point,0.928375872530296,1781.8451720641253,,,独立计算 DEM 遮挡、自由空间损耗与双向预算
T018,投送,5148.547723918124,5167.7477239181235,中继,R005,1159,PASS,exact_point,0.928375872530296,1781.8451720641253,,,独立计算 DEM 遮挡、自由空间损耗与双向预算
T018,爬升,5167.7477239181235,5184.0950414230065,中继,R005,1160,PASS,worst_obstruction_endpoint_distance,0.928375872530296,1781.8451720641253,True,,端点最大距离且全时段按遮挡计损仍满足双向预算
T018,爬升,5184.0950414230065,5200.442358927889,中继,R005,1161,PASS,worst_obstruction_endpoint_distance,0.9289711581329385,1781.7230578680615,True,,端点最大距离且全时段按遮挡计损仍满足双向预算
T018,爬升,5200.442358927889,5216.789676432772,中继,R005,1162,PASS,worst_obstruction_endpoint_distance,0.9224189130318621,1783.0676168079153,True,,端点最大距离且全时段按遮挡计损仍满足双向预算
T018,爬升,5216.789676432772,5233.136993937655,中继,R005,1163,PASS,worst_obstruction_endpoint_distance,0.9113227825537535,1785.3469220713016,True,,端点最大距离且全时段按遮挡计损仍满足双向预算
T018,巡航,5233.136993937655,5252.030860586041,中继,R005,1164,PASS,worst_obstruction_endpoint_distance,0.9113227825537535,1785.3469220713016,True,,端点最大距离且全时段按遮挡计损仍满足双向预算
T018,巡航,5252.030860586041,5270.924727234427,中继,R005,1165,PASS,worst_obstruction_endpoint_distance,1.7549670517514642,1620.094716558583,True,,端点最大距离且全时段按遮挡计损仍满足双向预算
T018,巡航,5270.924727234427,5289.818593882813,中继,R005,1166,PASS,worst_obstruction_endpoint_distance,2.4771809457379277,1490.8354495752667,True,,端点最大距离且全时段按遮挡计损仍满足双向预算
T018,巡航,5289.818593882813,5308.712460531199,直连,,1167,PASS,worst_obstruction_endpoint_distance,0.5764172950555349,3702.2683430850543,True,,端点最大距离且全时段按遮挡计损仍满足双向预算
T018,巡航,5308.712460531199,5327.606327179585,直连,,1168,PASS,worst_obstruction_endpoint_distance,1.2643662606990915,3420.3491819541655,True,,端点最大距离且全时段按遮挡计损仍满足双向预算
T018,巡航,5327.606327179585,5346.500193827971,直连,,1169,PASS,worst_obstruction_endpoint_distance,2.010784013786406,3138.698194697621,True,,端点最大距离且全时段按遮挡计损仍满足双向预算
T018,巡航,5346.500193827971,5365.3940604763575,直连,,1170,PASS,worst_obstruction_endpoint_distance,2.8263705191290995,2857.394683434026,True,,端点最大距离且全时段按遮挡计损仍满足双向预算
T018,巡航,5365.3940604763575,5384.287927124744,直连,,1171,PASS,worst_obstruction_endpoint_distance,3.7249953747456317,2576.552461149355,True,,端点最大距离且全时段按遮挡计损仍满足双向预算
T018,巡航,5384.287927124744,5403.181793773129,直连,,1172,PASS,worst_obstruction_endpoint_distance,4.725048394892426,2296.340780852931,True,,端点最大距离且全时段按遮挡计损仍满足双向预算
T018,巡航,5403.181793773129,5422.075660421516,直连,,1173,PASS,worst_obstruction_endpoint_distance,5.851560521092864,2017.0224508369258,True,,端点最大距离且全时段按遮挡计损仍满足双向预算
T018,巡航,5422.075660421516,5440.969527069902,直连,,1174,PASS,worst_obstruction_endpoint_distance,7.139643736160679,1739.027987459995,True,,端点最大距离且全时段按遮挡计损仍满足双向预算
T018,巡航,5440.969527069902,5459.863393718288,直连,,1175,PASS,worst_obstruction_endpoint_distance,8.64022254510887,1463.1121979446089,True,,端点最大距离且全时段按遮挡计损仍满足双向预算
T018,巡航,5459.863393718288,5478.757260366674,直连,,1176,PASS,worst_obstruction_endpoint_distance,10.429575041650054,1190.7209811695823,True,,端点最大距离且全时段按遮挡计损仍满足双向预算
T018,巡航,5478.757260366674,5497.65112701506,直连,,1177,PASS,worst_obstruction_endpoint_distance,12.623190271631984,924.9734022323017,True,,端点最大距离且全时段按遮挡计损仍满足双向预算
T018,巡航,5497.65112701506,5516.544993663447,直连,,1178,PASS,worst_obstruction_endpoint_distance,15.375452699934556,673.7769091431577,True,,端点最大距离且全时段按遮挡计损仍满足双向预算
T018,巡航,5516.544993663447,5535.438860311832,直连,,1179,PASS,worst_obstruction_endpoint_distance,18.661672477929415,461.5355244926001,True,,端点最大距离且全时段按遮挡计损仍满足双向预算
T018,下降,5535.438860311832,5554.652519064274,直连,,1180,PASS,worst_obstruction_endpoint_distance,20.717231343301734,364.273175048828,True,,端点最大距离且全时段按遮挡计损仍满足双向预算
T018,下降,5554.652519064274,5573.866177816715,直连,,1181,PASS,worst_obstruction_endpoint_distance,21.68553108155332,325.8458575439443,True,,端点最大距离且全时段按遮挡计损仍满足双向预算
T018,下降,5573.866177816715,5593.079836569157,直连,,1182,PASS,worst_obstruction_endpoint_distance,22.775479585213617,287.4185400390624,True,,端点最大距离且全时段按遮挡计损仍满足双向预算
T018,下降,5593.079836569157,5612.293495321598,直连,,1183,PASS,worst_obstruction_endpoint_distance,24.022094414388192,248.9912225341787,True,,端点最大距离且全时段按遮挡计损仍满足双向预算
T018,下降,5612.293495321598,5631.507154074039,直连,,1184,PASS,worst_obstruction_endpoint_distance,25.478096640754302,210.5639050292968,True,,端点最大距离且全时段按遮挡计损仍满足双向预算
T018,下降,5631.507154074039,5650.720812826481,直连,,1185,PASS,worst_obstruction_endpoint_distance,27.228311382556484,172.1365875244149,True,,端点最大距离且全时段按遮挡计损仍满足双向预算
T018,下降,5650.720812826481,5669.934471578922,直连,,1186,PASS,worst_obstruction_endpoint_distance,29.42254480979244,133.70927001953123,True,,端点最大距离且全时段按遮挡计损仍满足双向预算
T018,下降,5669.934471578922,5689.148130331364,直连,,1187,PASS,worst_obstruction_endpoint_distance,32.36556220348385,95.28195251464933,True,,端点最大距离且全时段按遮挡计损仍满足双向预算
T018,下降,5689.148130331364,5708.361789083805,直连,,1188,PASS,worst_obstruction_endpoint_distance,36.85045764910622,56.85463500976556,True,,端点最大距离且全时段按遮挡计损仍满足双向预算
T018,下降,5708.361789083805,5727.575447836247,直连,,1189,PASS,worst_obstruction_endpoint_distance,45.92517525248826,20.0,True,,端点最大距离且全时段按遮挡计损仍满足双向预算
T019,爬升,4345.0,4363.504135640463,直连,,1190,PASS,worst_obstruction_endpoint_distance,40.93817299698006,35.512406921388134,True,,端点最大距离且全时段按遮挡计损仍满足双向预算
T019,爬升,4363.504135640463,4382.008271280924,直连,,1191,PASS,worst_obstruction_endpoint_distance,32.76257917737007,91.02481384277351,True,,端点最大距离且全时段按遮挡计损仍满足双向预算
T019,爬升,4382.008271280924,4400.512406921387,直连,,1192,PASS,worst_obstruction_endpoint_distance,28.626816157375487,146.5372207641616,True,,端点最大距离且全时段按遮挡计损仍满足双向预算
T019,爬升,4400.512406921387,4419.016542561849,直连,,1193,PASS,worst_obstruction_endpoint_distance,25.836614075565635,202.04962768554702,True,,端点最大距离且全时段按遮挡计损仍满足双向预算
T019,爬升,4419.016542561849,4437.5206782023115,直连,,1194,PASS,worst_obstruction_endpoint_distance,23.728138223056888,257.56203460693513,True,,端点最大距离且全时段按遮挡计损仍满足双向预算
T019,爬升,4437.5206782023115,4456.024813842773,直连,,1195,PASS,worst_obstruction_endpoint_distance,22.032822874833954,313.0744415283205,True,,端点最大距离且全时段按遮挡计损仍满足双向预算
T019,爬升,4456.024813842773,4474.528949483236,直连,,1196,PASS,worst_obstruction_endpoint_distance,20.614978463875502,368.5868484497086,True,,端点最大距离且全时段按遮挡计损仍满足双向预算
T019,爬升,4474.528949483236,4493.033085123698,直连,,1197,PASS,worst_obstruction_endpoint_distance,19.396424967151802,424.099255371094,True,,端点最大距离且全时段按遮挡计损仍满足双向预算
T019,巡航,4493.033085123698,4512.110775825524,直连,,1198,PASS,worst_obstruction_endpoint_distance,17.766895121913237,511.6158636829078,True,,端点最大距离且全时段按遮挡计损仍满足双向预算
T019,巡航,4512.110775825524,4531.18846652735,直连,,1199,PASS,worst_obstruction_endpoint_distance,14.892076823385764,712.3360391482996,True,,端点最大距离且全时段按遮挡计损仍满足双向预算
T019,巡航,4531.18846652735,4550.266157229176,直连,,1200,PASS,worst_obstruction_endpoint_distance,12.322670535858677,957.5362658919046,True,,端点最大距离且全时段按遮挡计损仍满足双向预算
T019,巡航,4550.266157229176,4569.3438479310025,直连,,1201,PASS,worst_obstruction_endpoint_distance,10.213591886626759,1220.7006166374656,True,,端点最大距离且全时段按遮挡计损仍满足双向预算
T019,巡航,4569.3438479310025,4588.421538632829,直连,,1202,PASS,worst_obstruction_endpoint_distance,8.468328226484786,1492.3556940457386,True,,端点最大距离且全时段按遮挡计损仍满足双向预算
T019,巡航,4588.421538632829,4607.499229334655,直连,,1203,PASS,worst_obstruction_endpoint_distance,6.993215648778175,1768.5933016874653,True,,端点最大距离且全时段按遮挡计损仍满足双向预算
T019,巡航,4607.499229334655,4626.576920036481,直连,,1204,PASS,worst_obstruction_endpoint_distance,5.721044201132514,2047.5595823149097,True,,端点最大距离且全时段按遮挡计损仍满足双向预算
T019,巡航,4626.576920036481,4645.654610738307,直连,,1205,PASS,worst_obstruction_endpoint_distance,4.6050936964493445,2328.273920013661,True,,端点最大距离且全时段按遮挡计损仍满足双向预算
T019,巡航,4645.654610738307,4664.732301440134,直连,,1206,PASS,worst_obstruction_endpoint_distance,3.6123913546315833,2610.172384581751,True,,端点最大距离且全时段按遮挡计损仍满足双向预算
T019,巡航,4664.732301440134,4683.80999214196,直连,,1207,PASS,worst_obstruction_endpoint_distance,2.719080205408204,2892.908836272585,True,,端点最大距离且全时段按遮挡计损仍满足双向预算
T019,巡航,4683.80999214196,4702.887682843786,直连,,1208,PASS,worst_obstruction_endpoint_distance,1.907455621920647,3176.25950134185,True,,端点最大距离且全时段按遮挡计损仍满足双向预算
T019,巡航,4702.887682843786,4721.965373545612,直连,,1209,PASS,worst_obstruction_endpoint_distance,1.1640687134028127,3460.0734864853043,True,,端点最大距离且全时段按遮挡计损仍满足双向预算
T019,巡航,4721.965373545612,4741.043064247438,直连,,1210,PASS,worst_obstruction_endpoint_distance,0.4784889884004002,3744.2454341324783,True,,端点最大距离且全时段按遮挡计损仍满足双向预算
T019,巡航,4741.043064247438,4760.120754949265,中继,R005,1211,PASS,worst_obstruction_endpoint_distance,12.738799266517844,457.4554383442125,True,,端点最大距离且全时段按遮挡计损仍满足双向预算
T019,巡航,4760.120754949265,4779.198445651091,中继,R005,1212,PASS,worst_obstruction_endpoint_distance,9.045142755798594,699.8929525750792,True,,端点最大距离且全时段按遮挡计损仍满足双向预算
T019,巡航,4779.198445651091,4798.276136352917,中继,R004,1213,PASS,worst_obstruction_endpoint_distance,0.19081101792561128,1939.760928747007,True,,端点最大距离且全时段按遮挡计损仍满足双向预算
T019,巡航,4798.276136352917,4817.353827054743,中继,R004,1214,PASS,worst_obstruction_endpoint_distance,0.7852518787784533,1811.4492212518917,True,,端点最大距离且全时段按遮挡计损仍满足双向预算
T019,巡航,4817.353827054743,4836.4315177565695,中继,R004,1215,PASS,worst_obstruction_endpoint_distance,1.227278420368691,1721.5705994196408,True,,端点最大距离且全时段按遮挡计损仍满足双向预算
T019,巡航,4836.4315177565695,4855.509208458396,中继,R004,1216,PASS,worst_obstruction_endpoint_distance,1.4431868980968119,1679.304351630539,True,,端点最大距离且全时段按遮挡计损仍满足双向预算
T019,巡航,4855.509208458396,4874.586899160222,中继,R004,1217,PASS,worst_obstruction_endpoint_distance,1.183454725095828,1730.2785424355745,True,,端点最大距离且全时段按遮挡计损仍满足双向预算
T019,巡航,4874.586899160222,4893.664589862048,中继,R004,1218,PASS,worst_obstruction_endpoint_distance,0.7194476577621458,1825.2248602709064,True,,端点最大距离且全时段按遮挡计损仍满足双向预算
T019,下降,4893.664589862048,4913.124440936266,中继,R004,1219,PASS,worst_obstruction_endpoint_distance,0.7194476577621458,1825.2248602709064,True,,端点最大距离且全时段按遮挡计损仍满足双向预算
T019,下降,4913.124440936266,4932.584292010485,中继,R004,1220,PASS,worst_obstruction_endpoint_distance,0.7287252227213372,1823.2763434744863,True,,端点最大距离且全时段按遮挡计损仍满足双向预算
T019,投送,4932.584292010485,4950.584292010485,中继,R004,1221,PASS,exact_point,0.7318298297417414,1822.6247642738538,,,独立计算 DEM 遮挡、自由空间损耗与双向预算
T019,投送,4950.584292010485,4968.584292010485,中继,R004,1222,PASS,exact_point,0.7318298297417414,1822.6247642738538,,,独立计算 DEM 遮挡、自由空间损耗与双向预算
T019,投送,4968.584292010485,4986.584292010485,中继,R004,1223,PASS,exact_point,0.7318298297417414,1822.6247642738538,,,独立计算 DEM 遮挡、自由空间损耗与双向预算
T019,投送,4986.584292010485,5004.584292010485,中继,R004,1224,PASS,exact_point,0.7318298297417414,1822.6247642738538,,,独立计算 DEM 遮挡、自由空间损耗与双向预算
T019,投送,5004.584292010485,5022.584292010486,中继,R004,1225,PASS,exact_point,0.7318298297417414,1822.6247642738538,,,独立计算 DEM 遮挡、自由空间损耗与双向预算
T019,投送,5022.584292010486,5040.584292010486,中继,R004,1226,PASS,exact_point,0.7318298297417414,1822.6247642738538,,,独立计算 DEM 遮挡、自由空间损耗与双向预算
T019,投送,5040.584292010486,5058.584292010486,中继,R004,1227,PASS,exact_point,0.7318298297417414,1822.6247642738538,,,独立计算 DEM 遮挡、自由空间损耗与双向预算
T019,投送,5058.584292010486,5076.584292010486,中继,R004,1228,PASS,exact_point,0.7318298297417414,1822.6247642738538,,,独立计算 DEM 遮挡、自由空间损耗与双向预算
T019,投送,5076.584292010486,5094.584292010486,中继,R004,1229,PASS,exact_point,0.7318298297417414,1822.6247642738538,,,独立计算 DEM 遮挡、自由空间损耗与双向预算
T019,投送,5094.584292010486,5112.584292010486,中继,R004,1230,PASS,exact_point,0.7318298297417414,1822.6247642738538,,,独立计算 DEM 遮挡、自由空间损耗与双向预算
T019,爬升,5112.584292010486,5128.800834572335,中继,R004,1231,PASS,worst_obstruction_endpoint_distance,0.7287252227213372,1823.2763434744863,True,,端点最大距离且全时段按遮挡计损仍满足双向预算
T019,爬升,5128.800834572335,5145.017377134183,中继,R004,1232,PASS,worst_obstruction_endpoint_distance,0.7194476577621458,1825.2248602709064,True,,端点最大距离且全时段按遮挡计损仍满足双向预算
T019,巡航,5145.017377134183,5164.09506783601,中继,R004,1233,PASS,worst_obstruction_endpoint_distance,0.7194476577621458,1825.2248602709064,True,,端点最大距离且全时段按遮挡计损仍满足双向预算
T019,巡航,5164.09506783601,5183.172758537836,中继,R004,1234,PASS,worst_obstruction_endpoint_distance,1.183454725095828,1730.2785424355745,True,,端点最大距离且全时段按遮挡计损仍满足双向预算
T019,巡航,5183.172758537836,5202.250449239662,中继,R005,1235,PASS,worst_obstruction_endpoint_distance,0.8269401069682516,1802.77593847744,True,,端点最大距离且全时段按遮挡计损仍满足双向预算
T019,巡航,5202.250449239662,5221.328139941488,中继,R005,1236,PASS,worst_obstruction_endpoint_distance,2.301594546558249,1521.2795630106461,True,,端点最大距离且全时段按遮挡计损仍满足双向预算
T019,巡航,5221.328139941488,5240.405830643314,中继,R005,1237,PASS,worst_obstruction_endpoint_distance,4.063908730771459,1241.919144085208,True,,端点最大距离且全时段按遮挡计损仍满足双向预算
T019,巡航,5240.405830643314,5259.483521345141,中继,R005,1238,PASS,worst_obstruction_endpoint_distance,6.241301973292337,966.548518797224,True,,端点最大距离且全时段按遮挡计损仍满足双向预算
T019,巡航,5259.483521345141,5278.561212046967,中继,R005,1239,PASS,worst_obstruction_endpoint_distance,9.045142755798594,699.8929525750792,True,,端点最大距离且全时段按遮挡计损仍满足双向预算
T019,巡航,5278.561212046967,5297.638902748793,中继,R005,1240,PASS,worst_obstruction_endpoint_distance,12.738799266517844,457.4554383442125,True,,端点最大距离且全时段按遮挡计损仍满足双向预算
T019,巡航,5297.638902748793,5316.716593450619,直连,,1241,PASS,worst_obstruction_endpoint_distance,0.4784889884004002,3744.2454341324783,True,,端点最大距离且全时段按遮挡计损仍满足双向预算
T019,巡航,5316.716593450619,5335.7942841524455,直连,,1242,PASS,worst_obstruction_endpoint_distance,1.1640687134028127,3460.0734864853043,True,,端点最大距离且全时段按遮挡计损仍满足双向预算
T019,巡航,5335.7942841524455,5354.871974854272,直连,,1243,PASS,worst_obstruction_endpoint_distance,1.907455621920647,3176.25950134185,True,,端点最大距离且全时段按遮挡计损仍满足双向预算
T019,巡航,5354.871974854272,5373.949665556098,直连,,1244,PASS,worst_obstruction_endpoint_distance,2.719080205408204,2892.908836272585,True,,端点最大距离且全时段按遮挡计损仍满足双向预算
T019,巡航,5373.949665556098,5393.027356257924,直连,,1245,PASS,worst_obstruction_endpoint_distance,3.6123913546315833,2610.172384581751,True,,端点最大距离且全时段按遮挡计损仍满足双向预算
T019,巡航,5393.027356257924,5412.10504695975,直连,,1246,PASS,worst_obstruction_endpoint_distance,4.6050936964493445,2328.273920013661,True,,端点最大距离且全时段按遮挡计损仍满足双向预算
T019,巡航,5412.10504695975,5431.1827376615765,直连,,1247,PASS,worst_obstruction_endpoint_distance,5.721044201132514,2047.5595823149097,True,,端点最大距离且全时段按遮挡计损仍满足双向预算
T019,巡航,5431.1827376615765,5450.260428363403,直连,,1248,PASS,worst_obstruction_endpoint_distance,6.993215648778175,1768.5933016874653,True,,端点最大距离且全时段按遮挡计损仍满足双向预算
T019,巡航,5450.260428363403,5469.338119065229,直连,,1249,PASS,worst_obstruction_endpoint_distance,8.468328226484786,1492.3556940457386,True,,端点最大距离且全时段按遮挡计损仍满足双向预算
T019,巡航,5469.338119065229,5488.415809767055,直连,,1250,PASS,worst_obstruction_endpoint_distance,10.213591886626759,1220.7006166374656,True,,端点最大距离且全时段按遮挡计损仍满足双向预算
T019,巡航,5488.415809767055,5507.493500468881,直连,,1251,PASS,worst_obstruction_endpoint_distance,12.322670535858677,957.5362658919046,True,,端点最大距离且全时段按遮挡计损仍满足双向预算
T019,巡航,5507.493500468881,5526.571191170708,直连,,1252,PASS,worst_obstruction_endpoint_distance,14.892076823385764,712.3360391482996,True,,端点最大距离且全时段按遮挡计损仍满足双向预算
T019,巡航,5526.571191170708,5545.648881872534,直连,,1253,PASS,worst_obstruction_endpoint_distance,17.766895121913237,511.6158636829078,True,,端点最大距离且全时段按遮挡计损仍满足双向预算
T019,下降,5545.648881872534,5565.3866265556935,直连,,1254,PASS,worst_obstruction_endpoint_distance,19.396424967151802,424.099255371094,True,,端点最大距离且全时段按遮挡计损仍满足双向预算
T019,下降,5565.3866265556935,5585.124371238853,直连,,1255,PASS,worst_obstruction_endpoint_distance,20.470828911636644,374.75489366319465,True,,端点最大距离且全时段按遮挡计损仍满足双向预算
T019,下降,5585.124371238853,5604.862115922013,直连,,1256,PASS,worst_obstruction_endpoint_distance,21.69714306922441,325.4105319552953,True,,端点最大距离且全时段按遮挡计损仍满足双向预算
T019,下降,5604.862115922013,5624.599860605173,直连,,1257,PASS,worst_obstruction_endpoint_distance,23.125511355694883,276.066170247396,True,,端点最大距离且全时段按遮挡计损仍满足双向预算
T019,下降,5624.599860605173,5644.337605288332,直连,,1258,PASS,worst_obstruction_endpoint_distance,24.83590922086259,226.72180853949664,True,,端点最大距离且全时段按遮挡计损仍满足双向预算
T019,下降,5644.337605288332,5664.075349971492,直连,,1259,PASS,worst_obstruction_endpoint_distance,26.967807178204254,177.3774468315973,True,,端点最大距离且全时段按遮挡计损仍满足双向预算
T019,下降,5664.075349971492,5683.813094654652,直连,,1260,PASS,worst_obstruction_endpoint_distance,29.79933095562555,128.03308512369802,True,,端点最大距离且全时段按遮挡计损仍满足双向预算
T019,下降,5683.813094654652,5703.550839337811,直连,,1261,PASS,worst_obstruction_endpoint_distance,34.02752517149321,78.68872341579868,True,,端点最大距离且全时段按遮挡计损仍满足双向预算
T019,下降,5703.550839337811,5723.288584020971,直连,,1262,PASS,worst_obstruction_endpoint_distance,42.595281820281926,29.34436170789934,True,,端点最大距离且全时段按遮挡计损仍满足双向预算
T020,爬升,6217.0,6235.035944417317,直连,,1263,PASS,worst_obstruction_endpoint_distance,43.955810044934495,25.08986104329321,True,,端点最大距离且全时段按遮挡计损仍满足双向预算
T020,爬升,6235.035944417317,6253.0718888346355,直连,,1264,PASS,worst_obstruction_endpoint_distance,35.021542284446866,70.1797220865887,True,,端点最大距离且全时段按遮挡计损仍满足双向预算
T020,爬升,6253.0718888346355,6271.107833251953,直连,,1265,PASS,worst_obstruction_endpoint_distance,30.7114807148575,115.26958312988188,True,,端点最大距离且全时段按遮挡计损仍满足双向预算
T020,爬升,6271.107833251953,6289.143777669271,直连,,1266,PASS,worst_obstruction_endpoint_distance,27.843884320576393,160.35944417317734,True,,端点最大距离且全时段按遮挡计损仍满足双向预算
T020,爬升,6289.143777669271,6307.179722086588,直连,,1267,PASS,worst_obstruction_endpoint_distance,25.691681627493523,205.44930521647058,True,,端点最大距离且全时段按遮挡计损仍满足双向预算
T020,爬升,6307.179722086588,6325.2156665039065,直连,,1268,PASS,worst_obstruction_endpoint_distance,23.968262608738172,250.53916625976603,True,,端点最大距离且全时段按遮挡计损仍满足双向预算
T020,巡航,6325.2156665039065,6344.99702356786,直连,,1269,PASS,worst_obstruction_endpoint_distance,20.16139188232583,388.3462932369524,True,,端点最大距离且全时段按遮挡计损仍满足双向预算
T020,巡航,6344.99702356786,6364.778380631814,直连,,1270,PASS,worst_obstruction_endpoint_distance,15.765903798404153,644.1597258386764,True,,端点最大距离且全时段按遮挡计损仍满足双向预算
T020,巡航,6364.778380631814,6384.559737695768,直连,,1271,PASS,worst_obstruction_endpoint_distance,12.62531864366639,924.7467764723526,True,,端点最大距离且全时段按遮挡计损仍满足双向预算
T020,巡航,6384.559737695768,6404.34109475972,直连,,1272,PASS,worst_obstruction_endpoint_distance,10.268298266887285,1213.0364331213775,True,,端点最大距离且全时段按遮挡计损仍满足双向预算
T020,巡航,6404.34109475972,6424.122451823674,直连,,1273,PASS,worst_obstruction_endpoint_distance,8.39730997944396,1504.6076282027716,True,,端点最大距离且全时段按遮挡计损仍满足双向预算
T020,巡航,6424.122451823674,6443.903808887628,直连,,1274,PASS,worst_obstruction_endpoint_distance,6.850635996686719,1797.864505710022,True,,端点最大距离且全时段按遮挡计损仍满足双向预算
T020,巡航,6443.903808887628,6463.685165951581,直连,,1275,PASS,worst_obstruction_endpoint_distance,5.5341333456205035,2092.098321356043,True,,端点最大距离且全时段按遮挡计损仍满足双向预算
T020,巡航,6463.685165951581,6483.466523015535,直连,,1276,PASS,worst_obstruction_endpoint_distance,4.388916634906977,2386.947827420809,True,,端点最大距离且全时段按遮挡计损仍满足双向预算
T020,巡航,6483.466523015535,6503.247880079489,直连,,1277,PASS,worst_obstruction_endpoint_distance,3.375919660747627,2682.209987066719,True,,端点最大距离且全时段按遮挡计损仍满足双向预算
T020,巡航,6503.247880079489,6523.0292371434425,直连,,1278,PASS,worst_obstruction_endpoint_distance,2.4679753448875914,2977.7620519260295,True,,端点最大距离且全时段按遮挡计损仍满足双向预算
T020,巡航,6523.0292371434425,6542.810594207396,直连,,1279,PASS,worst_obstruction_endpoint_distance,1.645460598805812,3273.5255001824776,True,,端点最大距离且全时段按遮挡计损仍满足双向预算
T020,巡航,6542.810594207396,6562.59195127135,直连,,1280,PASS,worst_obstruction_endpoint_distance,0.8937544946891762,3569.447786713983,True,,端点最大距离且全时段按遮挡计损仍满足双向预算
T020,巡航,6562.59195127135,6582.373308335304,直连,,1281,PASS,worst_obstruction_endpoint_distance,0.20167861880452165,3865.492432161046,True,,端点最大距离且全时段按遮挡计损仍满足双向预算
T020,巡航,6582.373308335304,6602.154665399257,中继,R006,1282,PASS,worst_obstruction_endpoint_distance,9.941152874824013,631.2932046734305,True,,端点最大距离且全时段按遮挡计损仍满足双向预算
T020,巡航,6602.154665399257,6621.936022463211,中继,R006,1283,PASS,worst_obstruction_endpoint_distance,14.675917256011417,366.0099530460137,True,,端点最大距离且全时段按遮挡计损仍满足双向预算
T020,巡航,6621.936022463211,6641.717379527165,中继,R006,1284,PASS,worst_obstruction_endpoint_distance,14.704469244905482,364.8087916933112,True,,端点最大距离且全时段按遮挡计损仍满足双向预算
T020,巡航,6641.717379527165,6661.498736591117,中继,R006,1285,PASS,worst_obstruction_endpoint_distance,9.960327261135205,629.9011412930425,True,,端点最大距离且全时段按遮挡计损仍满足双向预算
T020,巡航,6661.498736591117,6681.280093655071,中继,R006,1286,PASS,worst_obstruction_endpoint_distance,6.7208489640163975,914.6318277807537,True,,端点最大距离且全时段按遮挡计损仍满足双向预算
T020,巡航,6681.280093655071,6701.061450719025,中继,R006,1287,PASS,worst_obstruction_endpoint_distance,4.324873136838022,1205.1610897540988,True,,端点最大距离且全时段按遮挡计损仍满足双向预算
T020,巡航,6701.061450719025,6720.8428077829785,中继,R006,1288,PASS,worst_obstruction_endpoint_distance,2.434847908948825,1498.1191753019084,True,,端点最大距离且全时段按遮挡计损仍满足双向预算
T020,巡航,6720.8428077829785,6740.624164846932,中继,R006,1289,PASS,worst_obstruction_endpoint_distance,0.8774860047650606,1792.315489482002,True,,端点最大距离且全时段按遮挡计损仍满足双向预算
T020,巡航,6740.624164846932,6760.405521910886,中继,R007,1290,PASS,worst_obstruction_endpoint_distance,3.009436570846745,1402.2224943312915,True,,端点最大距离且全时段按遮挡计损仍满足双向预算
T020,巡航,6760.405521910886,6780.18687897484,中继,R007,1291,PASS,worst_obstruction_endpoint_distance,2.5782083813780474,1473.5956784547577,True,,端点最大距离且全时段按遮挡计损仍满足双向预算
T020,巡航,6780.18687897484,6799.968236038793,中继,R007,1292,PASS,worst_obstruction_endpoint_distance,1.8755622343822864,1597.756696995542,True,,端点最大距离且全时段按遮挡计损仍满足双向预算
T020,巡航,6799.968236038793,6819.749593102746,中继,R007,1293,PASS,worst_obstruction_endpoint_distance,1.017815697403691,1763.5914042963925,True,,端点最大距离且全时段按遮挡计损仍满足双向预算
T020,巡航,6819.749593102746,6839.5309501667,中继,R007,1294,PASS,worst_obstruction_endpoint_distance,0.09820263924140704,1960.5531768111305,True,,端点最大距离且全时段按遮挡计损仍满足双向预算
T020,下降,6839.5309501667,6856.524866792677,中继,R007,1295,PASS,worst_obstruction_endpoint_distance,0.09089597645279923,1962.2031088782874,True,,端点最大距离且全时段按遮挡计损仍满足双向预算
T020,下降,6856.524866792677,6873.518783418654,中继,R007,1296,PASS,worst_obstruction_endpoint_distance,0.08100074457328788,1964.439784645317,True,,端点最大距离且全时段按遮挡计损仍满足双向预算
T020,下降,6873.518783418654,6890.51270004463,中继,R007,1297,PASS,worst_obstruction_endpoint_distance,0.06853462307819314,1967.2612028201515,True,,端点最大距离且全时段按遮挡计损仍满足双向预算
T020,下降,6890.51270004463,6907.5066166706065,中继,R007,1298,PASS,worst_obstruction_endpoint_distance,0.05351975134392717,1970.6648518618697,True,,端点最大距离且全时段按遮挡计损仍满足双向预算
T020,下降,6907.5066166706065,6924.500533296583,中继,R007,1299,PASS,worst_obstruction_endpoint_distance,0.035982598952486455,1974.647721044051,True,,端点最大距离且全时段按遮挡计损仍满足双向预算
T020,投送,6924.500533296583,6943.559356825996,中继,R007,1300,PASS,exact_point,0.035982598952486455,1974.647721044051,,,独立计算 DEM 遮挡、自由空间损耗与双向预算
T020,投送,6943.559356825996,6962.618180355406,中继,R007,1301,PASS,exact_point,0.035982598952486455,1974.647721044051,,,独立计算 DEM 遮挡、自由空间损耗与双向预算
T020,投送,6962.618180355406,6981.677003884819,中继,R007,1302,PASS,exact_point,0.035982598952486455,1974.647721044051,,,独立计算 DEM 遮挡、自由空间损耗与双向预算
T020,投送,6981.677003884819,7000.735827414231,中继,R007,1303,PASS,exact_point,0.035982598952486455,1974.647721044051,,,独立计算 DEM 遮挡、自由空间损耗与双向预算
T020,投送,7000.735827414231,7019.794650943642,中继,R007,1304,PASS,exact_point,0.035982598952486455,1974.647721044051,,,独立计算 DEM 遮挡、自由空间损耗与双向预算
T020,投送,7019.794650943642,7038.853474473054,中继,R007,1305,PASS,exact_point,0.035982598952486455,1974.647721044051,,,独立计算 DEM 遮挡、自由空间损耗与双向预算
T020,投送,7038.853474473054,7057.912298002466,中继,R007,1306,PASS,exact_point,0.035982598952486455,1974.647721044051,,,独立计算 DEM 遮挡、自由空间损耗与双向预算
T020,投送,7057.912298002466,7076.9711215318775,中继,R007,1307,PASS,exact_point,0.035982598952486455,1974.647721044051,,,独立计算 DEM 遮挡、自由空间损耗与双向预算
T020,投送,7076.9711215318775,7096.029945061289,中继,R007,1308,PASS,exact_point,0.035982598952486455,1974.647721044051,,,独立计算 DEM 遮挡、自由空间损耗与双向预算
T020,投送,7096.029945061289,7115.088768590701,中继,R007,1309,PASS,exact_point,0.035982598952486455,1974.647721044051,,,独立计算 DEM 遮挡、自由空间损耗与双向预算
T020,投送,7115.088768590701,7134.147592120113,中继,R007,1310,PASS,exact_point,0.035982598952486455,1974.647721044051,,,独立计算 DEM 遮挡、自由空间损耗与双向预算
T020,投送,7134.147592120113,7153.206415649524,中继,R007,1311,PASS,exact_point,0.035982598952486455,1974.647721044051,,,独立计算 DEM 遮挡、自由空间损耗与双向预算
T020,投送,7153.206415649524,7172.265239178936,中继,R007,1312,PASS,exact_point,0.035982598952486455,1974.647721044051,,,独立计算 DEM 遮挡、自由空间损耗与双向预算
T020,投送,7172.265239178936,7191.324062708348,中继,R007,1313,PASS,exact_point,0.035982598952486455,1974.647721044051,,,独立计算 DEM 遮挡、自由空间损耗与双向预算
T020,投送,7191.324062708348,7210.3828862377595,中继,R007,1314,PASS,exact_point,0.035982598952486455,1974.647721044051,,,独立计算 DEM 遮挡、自由空间损耗与双向预算
T020,投送,7210.3828862377595,7229.441709767172,中继,R007,1315,PASS,exact_point,0.035982598952486455,1974.647721044051,,,独立计算 DEM 遮挡、自由空间损耗与双向预算
T020,投送,7229.441709767172,7248.500533296583,中继,R007,1316,PASS,exact_point,0.035982598952486455,1974.647721044051,,,独立计算 DEM 遮挡、自由空间损耗与双向预算
T020,爬升,7248.500533296583,7265.49444992256,中继,R007,1317,PASS,worst_obstruction_endpoint_distance,0.035982598952486455,1974.647721044051,True,,端点最大距离且全时段按遮挡计损仍满足双向预算
T020,爬升,7265.49444992256,7282.488366548537,中继,R007,1318,PASS,worst_obstruction_endpoint_distance,0.05751103969893734,1969.7595116920877,True,,端点最大距离且全时段按遮挡计损仍满足双向预算
T020,爬升,7282.488366548537,7299.482283174513,中继,R007,1319,PASS,worst_obstruction_endpoint_distance,0.07508776444491616,1965.777546063408,True,,端点最大距离且全时段按遮挡计损仍满足双向预算
T020,爬升,7299.482283174513,7316.47619980049,中继,R007,1320,PASS,worst_obstruction_endpoint_distance,0.08866423352374397,1962.7073399621577,True,,端点最大距离且全时段按遮挡计损仍满足双向预算
T020,巡航,7316.47619980049,7336.257556864443,中继,R007,1321,PASS,worst_obstruction_endpoint_distance,0.09820263924140704,1960.5531768111305,True,,端点最大距离且全时段按遮挡计损仍满足双向预算
T020,巡航,7336.257556864443,7356.038913928397,中继,R007,1322,PASS,worst_obstruction_endpoint_distance,1.017815697403691,1763.5914042963925,True,,端点最大距离且全时段按遮挡计损仍满足双向预算
T020,巡航,7356.038913928397,7375.820270992351,中继,R007,1323,PASS,worst_obstruction_endpoint_distance,1.8755622343822864,1597.756696995542,True,,端点最大距离且全时段按遮挡计损仍满足双向预算
T020,巡航,7375.820270992351,7395.601628056304,中继,R007,1324,PASS,worst_obstruction_endpoint_distance,2.5782083813780474,1473.5956784547577,True,,端点最大距离且全时段按遮挡计损仍满足双向预算
T020,巡航,7395.601628056304,7415.382985120258,中继,R007,1325,PASS,worst_obstruction_endpoint_distance,3.009436570846745,1402.2224943312915,True,,端点最大距离且全时段按遮挡计损仍满足双向预算
T020,巡航,7415.382985120258,7435.164342184212,中继,R006,1326,PASS,worst_obstruction_endpoint_distance,0.8774860047650606,1792.315489482002,True,,端点最大距离且全时段按遮挡计损仍满足双向预算
T020,巡航,7435.164342184212,7454.945699248165,中继,R006,1327,PASS,worst_obstruction_endpoint_distance,2.434847908948825,1498.1191753019084,True,,端点最大距离且全时段按遮挡计损仍满足双向预算
T020,巡航,7454.945699248165,7474.727056312118,中继,R006,1328,PASS,worst_obstruction_endpoint_distance,4.324873136838022,1205.1610897540988,True,,端点最大距离且全时段按遮挡计损仍满足双向预算
T020,巡航,7474.727056312118,7494.508413376072,中继,R006,1329,PASS,worst_obstruction_endpoint_distance,6.7208489640163975,914.6318277807537,True,,端点最大距离且全时段按遮挡计损仍满足双向预算
T020,巡航,7494.508413376072,7514.289770440026,中继,R006,1330,PASS,worst_obstruction_endpoint_distance,9.960327261135205,629.9011412930425,True,,端点最大距离且全时段按遮挡计损仍满足双向预算
T020,巡航,7514.289770440026,7534.071127503979,中继,R006,1331,PASS,worst_obstruction_endpoint_distance,14.704469244905482,364.8087916933112,True,,端点最大距离且全时段按遮挡计损仍满足双向预算
T020,巡航,7534.071127503979,7553.852484567933,中继,R006,1332,PASS,worst_obstruction_endpoint_distance,14.675917256011417,366.0099530460137,True,,端点最大距离且全时段按遮挡计损仍满足双向预算
T020,巡航,7553.852484567933,7573.633841631887,中继,R006,1333,PASS,worst_obstruction_endpoint_distance,9.941152874824155,631.2932046734205,True,,端点最大距离且全时段按遮挡计损仍满足双向预算
T020,巡航,7573.633841631887,7593.41519869584,直连,,1334,PASS,worst_obstruction_endpoint_distance,0.20167861880453586,3865.4924321610397,True,,端点最大距离且全时段按遮挡计损仍满足双向预算
T020,巡航,7593.41519869584,7613.196555759794,直连,,1335,PASS,worst_obstruction_endpoint_distance,0.8937544946891762,3569.447786713983,True,,端点最大距离且全时段按遮挡计损仍满足双向预算
T020,巡航,7613.196555759794,7632.977912823748,直连,,1336,PASS,worst_obstruction_endpoint_distance,1.645460598805812,3273.5255001824776,True,,端点最大距离且全时段按遮挡计损仍满足双向预算
T020,巡航,7632.977912823748,7652.7592698877015,直连,,1337,PASS,worst_obstruction_endpoint_distance,2.4679753448875914,2977.7620519260295,True,,端点最大距离且全时段按遮挡计损仍满足双向预算
T020,巡航,7652.7592698877015,7672.540626951655,直连,,1338,PASS,worst_obstruction_endpoint_distance,3.375919660747627,2682.209987066719,True,,端点最大距离且全时段按遮挡计损仍满足双向预算
T020,巡航,7672.540626951655,7692.321984015609,直连,,1339,PASS,worst_obstruction_endpoint_distance,4.388916634906977,2386.947827420809,True,,端点最大距离且全时段按遮挡计损仍满足双向预算
T020,巡航,7692.321984015609,7712.103341079563,直连,,1340,PASS,worst_obstruction_endpoint_distance,5.5341333456205035,2092.098321356043,True,,端点最大距离且全时段按遮挡计损仍满足双向预算
T020,巡航,7712.103341079563,7731.884698143516,直连,,1341,PASS,worst_obstruction_endpoint_distance,6.850635996686719,1797.864505710022,True,,端点最大距离且全时段按遮挡计损仍满足双向预算
T020,巡航,7731.884698143516,7751.666055207469,直连,,1342,PASS,worst_obstruction_endpoint_distance,8.39730997944396,1504.6076282027716,True,,端点最大距离且全时段按遮挡计损仍满足双向预算
T020,巡航,7751.666055207469,7771.447412271423,直连,,1343,PASS,worst_obstruction_endpoint_distance,10.268298266887285,1213.0364331213775,True,,端点最大距离且全时段按遮挡计损仍满足双向预算
T020,巡航,7771.447412271423,7791.2287693353765,直连,,1344,PASS,worst_obstruction_endpoint_distance,12.62531864366639,924.7467764723526,True,,端点最大距离且全时段按遮挡计损仍满足双向预算
T020,巡航,7791.2287693353765,7811.01012639933,直连,,1345,PASS,worst_obstruction_endpoint_distance,15.765903798404153,644.1597258386764,True,,端点最大距离且全时段按遮挡计损仍满足双向预算
T020,巡航,7811.01012639933,7830.791483463284,直连,,1346,PASS,worst_obstruction_endpoint_distance,20.16139188232583,388.3462932369524,True,,端点最大距离且全时段按遮挡计损仍满足双向预算
T020,下降,7830.791483463284,7850.115709624695,直连,,1347,PASS,worst_obstruction_endpoint_distance,23.968262608738172,250.53916625976603,True,,端点最大距离且全时段按遮挡计损仍满足双向预算
T020,下降,7850.115709624695,7869.4399357861075,直连,,1348,PASS,worst_obstruction_endpoint_distance,25.423536680378135,211.89071393694337,True,,端点最大距离且全时段按遮挡计损仍满足双向预算
T020,下降,7869.4399357861075,7888.76416194752,直连,,1349,PASS,worst_obstruction_endpoint_distance,27.17269827277147,173.24226161411883,True,,端点最大距离且全时段按遮挡计损仍满足双向预算
T020,下降,7888.76416194752,7908.088388108931,直连,,1350,PASS,worst_obstruction_endpoint_distance,29.365273470603157,134.59380929129435,True,,端点最大距离且全时段按遮挡计损仍满足双向预算
T020,下降,7908.088388108931,7927.412614270343,直连,,1351,PASS,worst_obstruction_endpoint_distance,32.30529590570579,95.94535696847169,True,,端点最大距离且全时段按遮挡计损仍满足双向预算
T020,下降,7927.412614270343,7946.736840431755,直连,,1352,PASS,worst_obstruction_endpoint_distance,36.78315195211816,57.29690464564899,True,,端点最大距离且全时段按遮挡计损仍满足双向预算
T020,下降,7946.736840431755,7966.061066593167,直连,,1353,PASS,worst_obstruction_endpoint_distance,45.92517525248826,20.0,True,,端点最大距离且全时段按遮挡计损仍满足双向预算
T021,爬升,6217.0,6235.035944417317,直连,,1354,PASS,worst_obstruction_endpoint_distance,43.955810044934495,25.08986104329321,True,,端点最大距离且全时段按遮挡计损仍满足双向预算
T021,爬升,6235.035944417317,6253.0718888346355,直连,,1355,PASS,worst_obstruction_endpoint_distance,35.021542284446866,70.1797220865887,True,,端点最大距离且全时段按遮挡计损仍满足双向预算
T021,爬升,6253.0718888346355,6271.107833251953,直连,,1356,PASS,worst_obstruction_endpoint_distance,30.7114807148575,115.26958312988188,True,,端点最大距离且全时段按遮挡计损仍满足双向预算
T021,爬升,6271.107833251953,6289.143777669271,直连,,1357,PASS,worst_obstruction_endpoint_distance,27.843884320576393,160.35944417317734,True,,端点最大距离且全时段按遮挡计损仍满足双向预算
T021,爬升,6289.143777669271,6307.179722086588,直连,,1358,PASS,worst_obstruction_endpoint_distance,25.691681627493523,205.44930521647058,True,,端点最大距离且全时段按遮挡计损仍满足双向预算
T021,爬升,6307.179722086588,6325.2156665039065,直连,,1359,PASS,worst_obstruction_endpoint_distance,23.968262608738172,250.53916625976603,True,,端点最大距离且全时段按遮挡计损仍满足双向预算
T021,巡航,6325.2156665039065,6344.99702356786,直连,,1360,PASS,worst_obstruction_endpoint_distance,20.16139188232583,388.3462932369524,True,,端点最大距离且全时段按遮挡计损仍满足双向预算
T021,巡航,6344.99702356786,6364.778380631814,直连,,1361,PASS,worst_obstruction_endpoint_distance,15.765903798404153,644.1597258386764,True,,端点最大距离且全时段按遮挡计损仍满足双向预算
T021,巡航,6364.778380631814,6384.559737695768,直连,,1362,PASS,worst_obstruction_endpoint_distance,12.62531864366639,924.7467764723526,True,,端点最大距离且全时段按遮挡计损仍满足双向预算
T021,巡航,6384.559737695768,6404.34109475972,直连,,1363,PASS,worst_obstruction_endpoint_distance,10.268298266887285,1213.0364331213775,True,,端点最大距离且全时段按遮挡计损仍满足双向预算
T021,巡航,6404.34109475972,6424.122451823674,直连,,1364,PASS,worst_obstruction_endpoint_distance,8.39730997944396,1504.6076282027716,True,,端点最大距离且全时段按遮挡计损仍满足双向预算
T021,巡航,6424.122451823674,6443.903808887628,直连,,1365,PASS,worst_obstruction_endpoint_distance,6.850635996686719,1797.864505710022,True,,端点最大距离且全时段按遮挡计损仍满足双向预算
T021,巡航,6443.903808887628,6463.685165951581,直连,,1366,PASS,worst_obstruction_endpoint_distance,5.5341333456205035,2092.098321356043,True,,端点最大距离且全时段按遮挡计损仍满足双向预算
T021,巡航,6463.685165951581,6483.466523015535,直连,,1367,PASS,worst_obstruction_endpoint_distance,4.388916634906977,2386.947827420809,True,,端点最大距离且全时段按遮挡计损仍满足双向预算
T021,巡航,6483.466523015535,6503.247880079489,直连,,1368,PASS,worst_obstruction_endpoint_distance,3.375919660747627,2682.209987066719,True,,端点最大距离且全时段按遮挡计损仍满足双向预算
T021,巡航,6503.247880079489,6523.0292371434425,直连,,1369,PASS,worst_obstruction_endpoint_distance,2.4679753448875914,2977.7620519260295,True,,端点最大距离且全时段按遮挡计损仍满足双向预算
T021,巡航,6523.0292371434425,6542.810594207396,直连,,1370,PASS,worst_obstruction_endpoint_distance,1.645460598805812,3273.5255001824776,True,,端点最大距离且全时段按遮挡计损仍满足双向预算
T021,巡航,6542.810594207396,6562.59195127135,直连,,1371,PASS,worst_obstruction_endpoint_distance,0.8937544946891762,3569.447786713983,True,,端点最大距离且全时段按遮挡计损仍满足双向预算
T021,巡航,6562.59195127135,6582.373308335304,直连,,1372,PASS,worst_obstruction_endpoint_distance,0.20167861880453586,3865.4924321610397,True,,端点最大距离且全时段按遮挡计损仍满足双向预算
T021,巡航,6582.373308335304,6602.154665399257,中继,R006,1373,PASS,worst_obstruction_endpoint_distance,9.941152874824155,631.2932046734205,True,,端点最大距离且全时段按遮挡计损仍满足双向预算
T021,巡航,6602.154665399257,6621.936022463211,中继,R006,1374,PASS,worst_obstruction_endpoint_distance,14.675917256011417,366.0099530460137,True,,端点最大距离且全时段按遮挡计损仍满足双向预算
T021,巡航,6621.936022463211,6641.717379527165,中继,R006,1375,PASS,worst_obstruction_endpoint_distance,14.704469244905482,364.8087916933112,True,,端点最大距离且全时段按遮挡计损仍满足双向预算
T021,巡航,6641.717379527165,6661.498736591118,中继,R006,1376,PASS,worst_obstruction_endpoint_distance,9.960327261135205,629.9011412930425,True,,端点最大距离且全时段按遮挡计损仍满足双向预算
T021,巡航,6661.498736591118,6681.280093655071,中继,R006,1377,PASS,worst_obstruction_endpoint_distance,6.7208489640163975,914.6318277807537,True,,端点最大距离且全时段按遮挡计损仍满足双向预算
T021,巡航,6681.280093655071,6701.061450719025,中继,R006,1378,PASS,worst_obstruction_endpoint_distance,4.324873136838022,1205.1610897540988,True,,端点最大距离且全时段按遮挡计损仍满足双向预算
T021,巡航,6701.061450719025,6720.8428077829785,中继,R006,1379,PASS,worst_obstruction_endpoint_distance,2.434847908948825,1498.1191753019084,True,,端点最大距离且全时段按遮挡计损仍满足双向预算
T021,巡航,6720.8428077829785,6740.624164846932,中继,R006,1380,PASS,worst_obstruction_endpoint_distance,0.8774860047650606,1792.315489482002,True,,端点最大距离且全时段按遮挡计损仍满足双向预算
T021,巡航,6740.624164846932,6760.405521910886,中继,R007,1381,PASS,worst_obstruction_endpoint_distance,3.009436570846745,1402.2224943312915,True,,端点最大距离且全时段按遮挡计损仍满足双向预算
T021,巡航,6760.405521910886,6780.18687897484,中继,R007,1382,PASS,worst_obstruction_endpoint_distance,2.5782083813780474,1473.5956784547577,True,,端点最大距离且全时段按遮挡计损仍满足双向预算
T021,巡航,6780.18687897484,6799.968236038793,中继,R007,1383,PASS,worst_obstruction_endpoint_distance,1.8755622343822864,1597.756696995542,True,,端点最大距离且全时段按遮挡计损仍满足双向预算
T021,巡航,6799.968236038793,6819.749593102747,中继,R007,1384,PASS,worst_obstruction_endpoint_distance,1.017815697403691,1763.5914042963925,True,,端点最大距离且全时段按遮挡计损仍满足双向预算
T021,巡航,6819.749593102747,6839.530950166701,中继,R007,1385,PASS,worst_obstruction_endpoint_distance,0.09820263924140704,1960.5531768111305,True,,端点最大距离且全时段按遮挡计损仍满足双向预算
T021,下降,6839.530950166701,6856.524866792677,中继,R007,1386,PASS,worst_obstruction_endpoint_distance,0.09089597645279923,1962.2031088782871,True,,端点最大距离且全时段按遮挡计损仍满足双向预算
T021,下降,6856.524866792677,6873.518783418654,中继,R007,1387,PASS,worst_obstruction_endpoint_distance,0.08100074457328788,1964.439784645317,True,,端点最大距离且全时段按遮挡计损仍满足双向预算
T021,下降,6873.518783418654,6890.51270004463,中继,R007,1388,PASS,worst_obstruction_endpoint_distance,0.06853462307819314,1967.2612028201515,True,,端点最大距离且全时段按遮挡计损仍满足双向预算
T021,下降,6890.51270004463,6907.5066166706065,中继,R007,1389,PASS,worst_obstruction_endpoint_distance,0.05351975134394138,1970.6648518618695,True,,端点最大距离且全时段按遮挡计损仍满足双向预算
T021,下降,6907.5066166706065,6924.500533296583,中继,R007,1390,PASS,worst_obstruction_endpoint_distance,0.035982598952486455,1974.647721044051,True,,端点最大距离且全时段按遮挡计损仍满足双向预算
T021,投送,6924.500533296583,6943.885148681199,中继,R007,1391,PASS,exact_point,0.035982598952486455,1974.647721044051,,,独立计算 DEM 遮挡、自由空间损耗与双向预算
T021,投送,6943.885148681199,6963.269764065814,中继,R007,1392,PASS,exact_point,0.035982598952486455,1974.647721044051,,,独立计算 DEM 遮挡、自由空间损耗与双向预算
T021,投送,6963.269764065814,6982.65437945043,中继,R007,1393,PASS,exact_point,0.035982598952486455,1974.647721044051,,,独立计算 DEM 遮挡、自由空间损耗与双向预算
T021,投送,6982.65437945043,7002.038994835045,中继,R007,1394,PASS,exact_point,0.035982598952486455,1974.647721044051,,,独立计算 DEM 遮挡、自由空间损耗与双向预算
T021,投送,7002.038994835045,7021.42361021966,中继,R007,1395,PASS,exact_point,0.035982598952486455,1974.647721044051,,,独立计算 DEM 遮挡、自由空间损耗与双向预算
T021,投送,7021.42361021966,7040.808225604276,中继,R007,1396,PASS,exact_point,0.035982598952486455,1974.647721044051,,,独立计算 DEM 遮挡、自由空间损耗与双向预算
T021,投送,7040.808225604276,7060.1928409888915,中继,R007,1397,PASS,exact_point,0.035982598952486455,1974.647721044051,,,独立计算 DEM 遮挡、自由空间损耗与双向预算
T021,投送,7060.1928409888915,7079.577456373507,中继,R007,1398,PASS,exact_point,0.035982598952486455,1974.647721044051,,,独立计算 DEM 遮挡、自由空间损耗与双向预算
T021,投送,7079.577456373507,7098.962071758122,中继,R007,1399,PASS,exact_point,0.035982598952486455,1974.647721044051,,,独立计算 DEM 遮挡、自由空间损耗与双向预算
T021,投送,7098.962071758122,7118.346687142737,中继,R007,1400,PASS,exact_point,0.035982598952486455,1974.647721044051,,,独立计算 DEM 遮挡、自由空间损耗与双向预算
T021,投送,7118.346687142737,7137.731302527352,中继,R007,1401,PASS,exact_point,0.035982598952486455,1974.647721044051,,,独立计算 DEM 遮挡、自由空间损耗与双向预算
T021,投送,7137.731302527352,7157.115917911968,中继,R007,1402,PASS,exact_point,0.035982598952486455,1974.647721044051,,,独立计算 DEM 遮挡、自由空间损耗与双向预算
T021,投送,7157.115917911968,7176.500533296583,中继,R007,1403,PASS,exact_point,0.035982598952486455,1974.647721044051,,,独立计算 DEM 遮挡、自由空间损耗与双向预算
T021,爬升,7176.500533296583,7193.49444992256,中继,R007,1404,PASS,worst_obstruction_endpoint_distance,0.035982598952486455,1974.647721044051,True,,端点最大距离且全时段按遮挡计损仍满足双向预算
T021,爬升,7193.49444992256,7210.488366548537,中继,R007,1405,PASS,worst_obstruction_endpoint_distance,0.05751103969893734,1969.7595116920877,True,,端点最大距离且全时段按遮挡计损仍满足双向预算
T021,爬升,7210.488366548537,7227.482283174513,中继,R007,1406,PASS,worst_obstruction_endpoint_distance,0.07508776444491616,1965.777546063408,True,,端点最大距离且全时段按遮挡计损仍满足双向预算
T021,爬升,7227.482283174513,7244.47619980049,中继,R007,1407,PASS,worst_obstruction_endpoint_distance,0.08866423352374397,1962.7073399621577,True,,端点最大距离且全时段按遮挡计损仍满足双向预算
T021,巡航,7244.47619980049,7264.257556864443,中继,R007,1408,PASS,worst_obstruction_endpoint_distance,0.09820263924140704,1960.5531768111305,True,,端点最大距离且全时段按遮挡计损仍满足双向预算
T021,巡航,7264.257556864443,7284.038913928397,中继,R007,1409,PASS,worst_obstruction_endpoint_distance,1.017815697403691,1763.5914042963925,True,,端点最大距离且全时段按遮挡计损仍满足双向预算
T021,巡航,7284.038913928397,7303.820270992351,中继,R007,1410,PASS,worst_obstruction_endpoint_distance,1.8755622343822864,1597.756696995542,True,,端点最大距离且全时段按遮挡计损仍满足双向预算
T021,巡航,7303.820270992351,7323.601628056304,中继,R007,1411,PASS,worst_obstruction_endpoint_distance,2.5782083813780474,1473.5956784547577,True,,端点最大距离且全时段按遮挡计损仍满足双向预算
T021,巡航,7323.601628056304,7343.382985120258,中继,R007,1412,PASS,worst_obstruction_endpoint_distance,3.009436570846745,1402.2224943312915,True,,端点最大距离且全时段按遮挡计损仍满足双向预算
T021,巡航,7343.382985120258,7363.164342184212,中继,R006,1413,PASS,worst_obstruction_endpoint_distance,0.8774860047650606,1792.315489482002,True,,端点最大距离且全时段按遮挡计损仍满足双向预算
T021,巡航,7363.164342184212,7382.945699248165,中继,R006,1414,PASS,worst_obstruction_endpoint_distance,2.434847908948825,1498.1191753019084,True,,端点最大距离且全时段按遮挡计损仍满足双向预算
T021,巡航,7382.945699248165,7402.727056312118,中继,R006,1415,PASS,worst_obstruction_endpoint_distance,4.324873136838022,1205.1610897540988,True,,端点最大距离且全时段按遮挡计损仍满足双向预算
T021,巡航,7402.727056312118,7422.508413376072,中继,R006,1416,PASS,worst_obstruction_endpoint_distance,6.7208489640163975,914.6318277807537,True,,端点最大距离且全时段按遮挡计损仍满足双向预算
T021,巡航,7422.508413376072,7442.289770440026,中继,R006,1417,PASS,worst_obstruction_endpoint_distance,9.960327261135205,629.9011412930425,True,,端点最大距离且全时段按遮挡计损仍满足双向预算
T021,巡航,7442.289770440026,7462.071127503979,中继,R006,1418,PASS,worst_obstruction_endpoint_distance,14.704469244905482,364.8087916933112,True,,端点最大距离且全时段按遮挡计损仍满足双向预算
T021,巡航,7462.071127503979,7481.852484567933,中继,R006,1419,PASS,worst_obstruction_endpoint_distance,14.675917256011417,366.0099530460137,True,,端点最大距离且全时段按遮挡计损仍满足双向预算
T021,巡航,7481.852484567933,7501.633841631887,中继,R006,1420,PASS,worst_obstruction_endpoint_distance,9.941152874824155,631.2932046734205,True,,端点最大距离且全时段按遮挡计损仍满足双向预算
T021,巡航,7501.633841631887,7521.41519869584,直连,,1421,PASS,worst_obstruction_endpoint_distance,0.20167861880453586,3865.4924321610397,True,,端点最大距离且全时段按遮挡计损仍满足双向预算
T021,巡航,7521.41519869584,7541.196555759794,直连,,1422,PASS,worst_obstruction_endpoint_distance,0.8937544946891762,3569.447786713983,True,,端点最大距离且全时段按遮挡计损仍满足双向预算
T021,巡航,7541.196555759794,7560.977912823748,直连,,1423,PASS,worst_obstruction_endpoint_distance,1.645460598805812,3273.5255001824776,True,,端点最大距离且全时段按遮挡计损仍满足双向预算
T021,巡航,7560.977912823748,7580.7592698877015,直连,,1424,PASS,worst_obstruction_endpoint_distance,2.4679753448875914,2977.7620519260295,True,,端点最大距离且全时段按遮挡计损仍满足双向预算
T021,巡航,7580.7592698877015,7600.540626951655,直连,,1425,PASS,worst_obstruction_endpoint_distance,3.375919660747627,2682.209987066719,True,,端点最大距离且全时段按遮挡计损仍满足双向预算
T021,巡航,7600.540626951655,7620.321984015609,直连,,1426,PASS,worst_obstruction_endpoint_distance,4.388916634906977,2386.947827420809,True,,端点最大距离且全时段按遮挡计损仍满足双向预算
T021,巡航,7620.321984015609,7640.103341079563,直连,,1427,PASS,worst_obstruction_endpoint_distance,5.5341333456205035,2092.098321356043,True,,端点最大距离且全时段按遮挡计损仍满足双向预算
T021,巡航,7640.103341079563,7659.884698143516,直连,,1428,PASS,worst_obstruction_endpoint_distance,6.850635996686719,1797.864505710022,True,,端点最大距离且全时段按遮挡计损仍满足双向预算
T021,巡航,7659.884698143516,7679.666055207469,直连,,1429,PASS,worst_obstruction_endpoint_distance,8.39730997944396,1504.6076282027716,True,,端点最大距离且全时段按遮挡计损仍满足双向预算
T021,巡航,7679.666055207469,7699.447412271423,直连,,1430,PASS,worst_obstruction_endpoint_distance,10.268298266887285,1213.0364331213775,True,,端点最大距离且全时段按遮挡计损仍满足双向预算
T021,巡航,7699.447412271423,7719.2287693353765,直连,,1431,PASS,worst_obstruction_endpoint_distance,12.62531864366639,924.7467764723526,True,,端点最大距离且全时段按遮挡计损仍满足双向预算
T021,巡航,7719.2287693353765,7739.01012639933,直连,,1432,PASS,worst_obstruction_endpoint_distance,15.765903798404153,644.1597258386764,True,,端点最大距离且全时段按遮挡计损仍满足双向预算
T021,巡航,7739.01012639933,7758.791483463284,直连,,1433,PASS,worst_obstruction_endpoint_distance,20.16139188232583,388.3462932369524,True,,端点最大距离且全时段按遮挡计损仍满足双向预算
T021,下降,7758.791483463284,7778.115709624695,直连,,1434,PASS,worst_obstruction_endpoint_distance,23.968262608738172,250.53916625976603,True,,端点最大距离且全时段按遮挡计损仍满足双向预算
T021,下降,7778.115709624695,7797.4399357861075,直连,,1435,PASS,worst_obstruction_endpoint_distance,25.423536680378135,211.89071393694337,True,,端点最大距离且全时段按遮挡计损仍满足双向预算
T021,下降,7797.4399357861075,7816.76416194752,直连,,1436,PASS,worst_obstruction_endpoint_distance,27.17269827277147,173.24226161411883,True,,端点最大距离且全时段按遮挡计损仍满足双向预算
T021,下降,7816.76416194752,7836.088388108931,直连,,1437,PASS,worst_obstruction_endpoint_distance,29.365273470603157,134.59380929129435,True,,端点最大距离且全时段按遮挡计损仍满足双向预算
T021,下降,7836.088388108931,7855.412614270343,直连,,1438,PASS,worst_obstruction_endpoint_distance,32.30529590570579,95.94535696847169,True,,端点最大距离且全时段按遮挡计损仍满足双向预算
T021,下降,7855.412614270343,7874.736840431755,直连,,1439,PASS,worst_obstruction_endpoint_distance,36.78315195211816,57.29690464564899,True,,端点最大距离且全时段按遮挡计损仍满足双向预算
T021,下降,7874.736840431755,7894.061066593167,直连,,1440,PASS,worst_obstruction_endpoint_distance,45.92517525248826,20.0,True,,端点最大距离且全时段按遮挡计损仍满足双向预算
T022,爬升,6280.0,6296.34728881836,直连,,1441,PASS,worst_obstruction_endpoint_distance,42.68528468478428,29.041866455078775,True,,端点最大距离且全时段按遮挡计损仍满足双向预算
T022,爬升,6296.34728881836,6312.694577636719,直连,,1442,PASS,worst_obstruction_endpoint_distance,34.094563820666195,78.08373291015752,True,,端点最大距离且全时段按遮挡计损仍满足双向预算
T022,爬升,6312.694577636719,6329.041866455078,直连,,1443,PASS,worst_obstruction_endpoint_distance,29.861114895269864,127.12559936523354,True,,端点最大距离且全时段按遮挡计损仍满足双向预算
T022,爬升,6329.041866455078,6345.389155273438,直连,,1444,PASS,worst_obstruction_endpoint_distance,27.02726102514677,176.16746582031232,True,,端点最大距离且全时段按遮挡计损仍满足双向预算
T022,爬升,6345.389155273438,6361.736444091797,直连,,1445,PASS,worst_obstruction_endpoint_distance,24.894047506859238,225.20933227539103,True,,端点最大距离且全时段按遮挡计损仍满足双向预算
T022,巡航,6361.736444091797,6381.684875323222,直连,,1446,PASS,worst_obstruction_endpoint_distance,20.476569260061567,374.5073067081198,True,,端点最大距离且全时段按遮挡计损仍满足双向预算
T022,巡航,6381.684875323222,6401.633306554647,直连,,1447,PASS,worst_obstruction_endpoint_distance,15.829974101692486,639.4256493755012,True,,端点最大距离且全时段按遮挡计损仍满足双向预算
T022,巡航,6401.633306554647,6421.581737786071,直连,,1448,PASS,worst_obstruction_endpoint_distance,12.618260351929706,925.4985457841007,True,,端点最大距离且全时段按遮挡计损仍满足双向预算
T022,巡航,6421.581737786071,6441.5301690174965,直连,,1449,PASS,worst_obstruction_endpoint_distance,10.233476665807785,1217.9092389358796,True,,端点最大距离且全时段按遮挡计损仍满足双向预算
T022,巡航,6441.5301690174965,6461.478600248922,直连,,1450,PASS,worst_obstruction_endpoint_distance,8.349068263577223,1512.9875178566108,True,,端点最大距离且全时段按遮挡计损仍满足双向预算
T022,巡航,6461.478600248922,6481.427031480346,直连,,1451,PASS,worst_obstruction_endpoint_distance,6.794945300204006,1809.428778084995,True,,端点最大距离且全时段按遮挡计损仍满足双向预算
T022,巡航,6481.427031480346,6501.375462711771,直连,,1452,PASS,worst_obstruction_endpoint_distance,5.473895595477202,2106.657716764186,True,,端点最大距离且全时段按遮挡计损仍满足双向预算
T022,巡航,6501.375462711771,6521.323893943196,直连,,1453,PASS,worst_obstruction_endpoint_distance,4.325704959757758,2404.3822339864455,True,,端点最大距离且全时段按遮挡计损仍满足双向预算
T022,巡航,6521.323893943196,6541.272325174621,直连,,1454,PASS,worst_obstruction_endpoint_distance,3.3106586402651743,2702.4385427766797,True,,端点最大距离且全时段按遮挡计损仍满足双向预算
T022,巡航,6541.272325174621,6561.220756406046,直连,,1455,PASS,worst_obstruction_endpoint_distance,2.401243199064254,3000.7277761782934,True,,端点最大距离且全时段按遮挡计损仍满足双向预算
T022,巡航,6561.220756406046,6581.169187637471,直连,,1456,PASS,worst_obstruction_endpoint_distance,1.5776371600474448,3299.186756586918,True,,端点最大距离且全时段按遮挡计损仍满足双向预算
T022,巡航,6581.169187637471,6601.117618868896,直连,,1457,PASS,worst_obstruction_endpoint_distance,0.8250994230448754,3597.773239354705,True,,端点最大距离且全时段按遮挡计损仍满足双向预算
T022,巡航,6601.117618868896,6621.06605010032,直连,,1458,PASS,worst_obstruction_endpoint_distance,0.1323753731121542,3896.45791298493,True,,端点最大距离且全时段按遮挡计损仍满足双向预算
T022,巡航,6621.06605010032,6641.014481331746,中继,R006,1459,PASS,worst_obstruction_endpoint_distance,3.44893160150383,1333.0369210576005,True,,端点最大距离且全时段按遮挡计损仍满足双向预算
T022,巡航,6641.014481331746,6660.96291256317,中继,R006,1460,PASS,worst_obstruction_endpoint_distance,3.6883399634194802,1296.7962922298093,True,,端点最大距离且全时段按遮挡计损仍满足双向预算
T022,巡航,6660.96291256317,6680.911343794595,中继,R006,1461,PASS,worst_obstruction_endpoint_distance,3.152216567478817,1379.360959706343,True,,端点最大距离且全时段按遮挡计损仍满足双向预算
T022,巡航,6680.911343794595,6700.85977502602,中继,R006,1462,PASS,worst_obstruction_endpoint_distance,2.323466342154134,1517.4536729833121,True,,端点最大距离且全时段按遮挡计损仍满足双向预算
T022,巡航,6700.85977502602,6720.808206257445,中继,R006,1463,PASS,worst_obstruction_endpoint_distance,1.3491856219107774,1697.5769794053315,True,,端点最大距离且全时段按遮挡计损仍满足双向预算
T022,巡航,6720.808206257445,6740.75663748887,中继,R006,1464,PASS,worst_obstruction_endpoint_distance,0.3348299206298293,1907.8633366231968,True,,端点最大距离且全时段按遮挡计损仍满足双向预算
T022,巡航,6740.75663748887,6760.705068720295,中继,R007,1465,PASS,worst_obstruction_endpoint_distance,5.465934903575743,1056.7980739955074,True,,端点最大距离且全时段按遮挡计损仍满足双向预算
T022,巡航,6760.705068720295,6780.65349995172,中继,R007,1466,PASS,worst_obstruction_endpoint_distance,7.163167460360086,869.2213505149701,True,,端点最大距离且全时段按遮挡计损仍满足双向预算
T022,巡航,6780.65349995172,6800.601931183144,中继,R007,1467,PASS,worst_obstruction_endpoint_distance,8.361635307260357,757.1937018024331,True,,端点最大距离且全时段按遮挡计损仍满足双向预算
T022,巡航,6800.601931183144,6820.5503624145695,中继,R007,1468,PASS,worst_obstruction_endpoint_distance,7.2174888770571215,863.8022171589038,True,,端点最大距离且全时段按遮挡计损仍满足双向预算
T022,巡航,6820.5503624145695,6840.498793645995,中继,R007,1469,PASS,worst_obstruction_endpoint_distance,5.527232666505114,1049.3663291862797,True,,端点最大距离且全时段按遮挡计损仍满足双向预算
T022,巡航,6840.498793645995,6860.447224877419,中继,R007,1470,PASS,worst_obstruction_endpoint_distance,3.809912144193447,1278.77209625438,True,,端点最大距离且全时段按遮挡计损仍满足双向预算
T022,巡航,6860.447224877419,6880.395656108844,中继,R007,1471,PASS,worst_obstruction_endpoint_distance,2.238018545490135,1532.4553547674145,True,,端点最大距离且全时段按遮挡计损仍满足双向预算
T022,巡航,6880.395656108844,6900.344087340269,中继,R007,1472,PASS,worst_obstruction_endpoint_distance,0.8394489047696396,1800.181577902523,True,,端点最大距离且全时段按遮挡计损仍满足双向预算
T022,下降,6900.344087340269,6913.945331643655,中继,R007,1473,PASS,worst_obstruction_endpoint_distance,0.8284758755184782,1802.4572144371425,True,,端点最大距离且全时段按遮挡计损仍满足双向预算
T022,下降,6913.945331643655,6927.54657594704,中继,R007,1474,PASS,worst_obstruction_endpoint_distance,0.8144482146368262,1805.3705241351129,True,,端点最大距离且全时段按遮挡计损仍满足双向预算
T022,下降,6927.54657594704,6941.147820250426,中继,R007,1475,PASS,worst_obstruction_endpoint_distance,0.7973955137346138,1808.9184260319166,True,,端点最大距离且全时段按遮挡计损仍满足双向预算
T022,投送,6941.147820250426,6961.147820250426,中继,R007,1476,PASS,exact_point,0.7973955137346138,1808.9184260319166,,,独立计算 DEM 遮挡、自由空间损耗与双向预算
T022,投送,6961.147820250426,6981.147820250426,中继,R007,1477,PASS,exact_point,0.7973955137346138,1808.9184260319166,,,独立计算 DEM 遮挡、自由空间损耗与双向预算
T022,投送,6981.147820250426,7001.147820250426,中继,R007,1478,PASS,exact_point,0.7973955137346138,1808.9184260319166,,,独立计算 DEM 遮挡、自由空间损耗与双向预算
T022,投送,7001.147820250426,7021.147820250426,中继,R007,1479,PASS,exact_point,0.7973955137346138,1808.9184260319166,,,独立计算 DEM 遮挡、自由空间损耗与双向预算
T022,投送,7021.147820250426,7041.147820250426,中继,R007,1480,PASS,exact_point,0.7973955137346138,1808.9184260319166,,,独立计算 DEM 遮挡、自由空间损耗与双向预算
T022,投送,7041.147820250426,7061.147820250426,中继,R007,1481,PASS,exact_point,0.7973955137346138,1808.9184260319166,,,独立计算 DEM 遮挡、自由空间损耗与双向预算
T022,投送,7061.147820250426,7081.147820250426,中继,R007,1482,PASS,exact_point,0.7973955137346138,1808.9184260319166,,,独立计算 DEM 遮挡、自由空间损耗与双向预算
T022,投送,7081.147820250426,7101.147820250426,中继,R007,1483,PASS,exact_point,0.7973955137346138,1808.9184260319166,,,独立计算 DEM 遮挡、自由空间损耗与双向预算
T022,投送,7101.147820250426,7121.147820250426,中继,R007,1484,PASS,exact_point,0.7973955137346138,1808.9184260319166,,,独立计算 DEM 遮挡、自由空间损耗与双向预算
T022,投送,7121.147820250426,7141.147820250426,中继,R007,1485,PASS,exact_point,0.7973955137346138,1808.9184260319166,,,独立计算 DEM 遮挡、自由空间损耗与双向预算
T022,投送,7141.147820250426,7161.147820250426,中继,R007,1486,PASS,exact_point,0.7973955137346138,1808.9184260319166,,,独立计算 DEM 遮挡、自由空间损耗与双向预算
T022,投送,7161.147820250426,7181.147820250426,中继,R007,1487,PASS,exact_point,0.7973955137346138,1808.9184260319166,,,独立计算 DEM 遮挡、自由空间损耗与双向预算
T022,爬升,7181.147820250426,7198.149375629657,中继,R007,1488,PASS,worst_obstruction_endpoint_distance,0.7973955137346138,1808.9184260319166,True,,端点最大距离且全时段按遮挡计损仍满足双向预算
T022,爬升,7198.149375629657,7215.1509310088895,中继,R007,1489,PASS,worst_obstruction_endpoint_distance,0.8218421697135057,1803.8343373937878,True,,端点最大距离且全时段按遮挡计损仍满足双向预算
T022,巡航,7215.1509310088895,7235.099362240314,中继,R007,1490,PASS,worst_obstruction_endpoint_distance,0.8394489047696396,1800.181577902523,True,,端点最大距离且全时段按遮挡计损仍满足双向预算
T022,巡航,7235.099362240314,7255.047793471739,中继,R007,1491,PASS,worst_obstruction_endpoint_distance,2.238018545490135,1532.4553547674145,True,,端点最大距离且全时段按遮挡计损仍满足双向预算
T022,巡航,7255.047793471739,7274.9962247031635,中继,R007,1492,PASS,worst_obstruction_endpoint_distance,3.809912144193447,1278.77209625438,True,,端点最大距离且全时段按遮挡计损仍满足双向预算
T022,巡航,7274.9962247031635,7294.944655934589,中继,R007,1493,PASS,worst_obstruction_endpoint_distance,5.527232666505114,1049.3663291862797,True,,端点最大距离且全时段按遮挡计损仍满足双向预算
T022,巡航,7294.944655934589,7314.893087166014,中继,R007,1494,PASS,worst_obstruction_endpoint_distance,7.2174888770571215,863.8022171589038,True,,端点最大距离且全时段按遮挡计损仍满足双向预算
T022,巡航,7314.893087166014,7334.841518397438,中继,R007,1495,PASS,worst_obstruction_endpoint_distance,8.361635307260357,757.1937018024331,True,,端点最大距离且全时段按遮挡计损仍满足双向预算
T022,巡航,7334.841518397438,7354.789949628863,中继,R007,1496,PASS,worst_obstruction_endpoint_distance,7.163167460360086,869.2213505149701,True,,端点最大距离且全时段按遮挡计损仍满足双向预算
T022,巡航,7354.789949628863,7374.738380860288,中继,R007,1497,PASS,worst_obstruction_endpoint_distance,5.465934903575743,1056.7980739955074,True,,端点最大距离且全时段按遮挡计损仍满足双向预算
T022,巡航,7374.738380860288,7394.686812091713,中继,R006,1498,PASS,worst_obstruction_endpoint_distance,0.3348299206298293,1907.8633366231968,True,,端点最大距离且全时段按遮挡计损仍满足双向预算
T022,巡航,7394.686812091713,7414.635243323138,中继,R006,1499,PASS,worst_obstruction_endpoint_distance,1.3491856219107774,1697.5769794053315,True,,端点最大距离且全时段按遮挡计损仍满足双向预算
T022,巡航,7414.635243323138,7434.583674554563,中继,R006,1500,PASS,worst_obstruction_endpoint_distance,2.323466342154134,1517.4536729833121,True,,端点最大距离且全时段按遮挡计损仍满足双向预算
T022,巡航,7434.583674554563,7454.532105785987,中继,R006,1501,PASS,worst_obstruction_endpoint_distance,3.152216567478817,1379.360959706343,True,,端点最大距离且全时段按遮挡计损仍满足双向预算
T022,巡航,7454.532105785987,7474.480537017413,中继,R006,1502,PASS,worst_obstruction_endpoint_distance,3.6883399634194802,1296.7962922298093,True,,端点最大距离且全时段按遮挡计损仍满足双向预算
T022,巡航,7474.480537017413,7494.428968248838,中继,R006,1503,PASS,worst_obstruction_endpoint_distance,3.44893160150383,1333.0369210576005,True,,端点最大距离且全时段按遮挡计损仍满足双向预算
T022,巡航,7494.428968248838,7514.377399480262,直连,,1504,PASS,worst_obstruction_endpoint_distance,0.1323753731121542,3896.45791298493,True,,端点最大距离且全时段按遮挡计损仍满足双向预算
T022,巡航,7514.377399480262,7534.325830711688,直连,,1505,PASS,worst_obstruction_endpoint_distance,0.8250994230448754,3597.773239354705,True,,端点最大距离且全时段按遮挡计损仍满足双向预算
T022,巡航,7534.325830711688,7554.274261943112,直连,,1506,PASS,worst_obstruction_endpoint_distance,1.5776371600474448,3299.186756586918,True,,端点最大距离且全时段按遮挡计损仍满足双向预算
T022,巡航,7554.274261943112,7574.222693174537,直连,,1507,PASS,worst_obstruction_endpoint_distance,2.401243199064254,3000.7277761782934,True,,端点最大距离且全时段按遮挡计损仍满足双向预算
T022,巡航,7574.222693174537,7594.1711244059625,直连,,1508,PASS,worst_obstruction_endpoint_distance,3.3106586402651743,2702.4385427766797,True,,端点最大距离且全时段按遮挡计损仍满足双向预算
T022,巡航,7594.1711244059625,7614.119555637387,直连,,1509,PASS,worst_obstruction_endpoint_distance,4.325704959757758,2404.3822339864455,True,,端点最大距离且全时段按遮挡计损仍满足双向预算
T022,巡航,7614.119555637387,7634.067986868811,直连,,1510,PASS,worst_obstruction_endpoint_distance,5.473895595477202,2106.657716764186,True,,端点最大距离且全时段按遮挡计损仍满足双向预算
T022,巡航,7634.067986868811,7654.0164181002365,直连,,1511,PASS,worst_obstruction_endpoint_distance,6.794945300204006,1809.428778084995,True,,端点最大距离且全时段按遮挡计损仍满足双向预算
T022,巡航,7654.0164181002365,7673.964849331662,直连,,1512,PASS,worst_obstruction_endpoint_distance,8.349068263577223,1512.9875178566108,True,,端点最大距离且全时段按遮挡计损仍满足双向预算
T022,巡航,7673.964849331662,7693.913280563086,直连,,1513,PASS,worst_obstruction_endpoint_distance,10.233476665807785,1217.9092389358796,True,,端点最大距离且全时段按遮挡计损仍满足双向预算
T022,巡航,7693.913280563086,7713.861711794511,直连,,1514,PASS,worst_obstruction_endpoint_distance,12.618260351929706,925.4985457841007,True,,端点最大距离且全时段按遮挡计损仍满足双向预算
T022,巡航,7713.861711794511,7733.810143025936,直连,,1515,PASS,worst_obstruction_endpoint_distance,15.829974101692486,639.4256493755012,True,,端点最大距离且全时段按遮挡计损仍满足双向预算
T022,巡航,7733.810143025936,7753.758574257361,直连,,1516,PASS,worst_obstruction_endpoint_distance,20.476569260061567,374.5073067081198,True,,端点最大距离且全时段按遮挡计损仍满足双向预算
T022,下降,7753.758574257361,7773.375320839392,直连,,1517,PASS,worst_obstruction_endpoint_distance,24.894047506859238,225.20933227539103,True,,端点最大距离且全时段按遮挡计损仍满足双向预算
T022,下降,7773.375320839392,7792.992067421424,直连,,1518,PASS,worst_obstruction_endpoint_distance,27.0272610251467,176.16746582031374,True,,端点最大距离且全时段按遮挡计损仍满足双向预算
T022,下降,7792.992067421424,7812.608814003455,直连,,1519,PASS,worst_obstruction_endpoint_distance,29.86111489526982,127.12559936523417,True,,端点最大距离且全时段按遮挡计损仍满足双向预算
T022,下降,7812.608814003455,7832.225560585486,直连,,1520,PASS,worst_obstruction_endpoint_distance,34.09456382066654,78.0837329101546,True,,端点最大距离且全时段按遮挡计损仍满足双向预算
T022,下降,7832.225560585486,7851.842307167517,直连,,1521,PASS,worst_obstruction_endpoint_distance,42.68528468478472,29.041866455077297,True,,端点最大距离且全时段按遮挡计损仍满足双向预算
T023,爬升,6280.0,6296.34728881836,直连,,1522,PASS,worst_obstruction_endpoint_distance,42.68528468478428,29.041866455078775,True,,端点最大距离且全时段按遮挡计损仍满足双向预算
T023,爬升,6296.34728881836,6312.694577636719,直连,,1523,PASS,worst_obstruction_endpoint_distance,34.094563820666195,78.08373291015752,True,,端点最大距离且全时段按遮挡计损仍满足双向预算
T023,爬升,6312.694577636719,6329.041866455078,直连,,1524,PASS,worst_obstruction_endpoint_distance,29.861114895269864,127.12559936523354,True,,端点最大距离且全时段按遮挡计损仍满足双向预算
T023,爬升,6329.041866455078,6345.389155273438,直连,,1525,PASS,worst_obstruction_endpoint_distance,27.02726102514677,176.16746582031232,True,,端点最大距离且全时段按遮挡计损仍满足双向预算
T023,爬升,6345.389155273438,6361.736444091797,直连,,1526,PASS,worst_obstruction_endpoint_distance,24.894047506859238,225.20933227539103,True,,端点最大距离且全时段按遮挡计损仍满足双向预算
T023,巡航,6361.736444091797,6381.684875323222,直连,,1527,PASS,worst_obstruction_endpoint_distance,20.476569260061567,374.5073067081198,True,,端点最大距离且全时段按遮挡计损仍满足双向预算
T023,巡航,6381.684875323222,6401.633306554647,直连,,1528,PASS,worst_obstruction_endpoint_distance,15.829974101692486,639.4256493755012,True,,端点最大距离且全时段按遮挡计损仍满足双向预算
T023,巡航,6401.633306554647,6421.581737786071,直连,,1529,PASS,worst_obstruction_endpoint_distance,12.618260351929706,925.4985457841007,True,,端点最大距离且全时段按遮挡计损仍满足双向预算
T023,巡航,6421.581737786071,6441.5301690174965,直连,,1530,PASS,worst_obstruction_endpoint_distance,10.233476665807785,1217.9092389358796,True,,端点最大距离且全时段按遮挡计损仍满足双向预算
T023,巡航,6441.5301690174965,6461.478600248922,直连,,1531,PASS,worst_obstruction_endpoint_distance,8.349068263577223,1512.9875178566108,True,,端点最大距离且全时段按遮挡计损仍满足双向预算
T023,巡航,6461.478600248922,6481.427031480346,直连,,1532,PASS,worst_obstruction_endpoint_distance,6.794945300204006,1809.428778084995,True,,端点最大距离且全时段按遮挡计损仍满足双向预算
T023,巡航,6481.427031480346,6501.375462711771,直连,,1533,PASS,worst_obstruction_endpoint_distance,5.473895595477202,2106.657716764186,True,,端点最大距离且全时段按遮挡计损仍满足双向预算
T023,巡航,6501.375462711771,6521.323893943196,直连,,1534,PASS,worst_obstruction_endpoint_distance,4.325704959757758,2404.3822339864455,True,,端点最大距离且全时段按遮挡计损仍满足双向预算
T023,巡航,6521.323893943196,6541.272325174621,直连,,1535,PASS,worst_obstruction_endpoint_distance,3.3106586402651743,2702.4385427766797,True,,端点最大距离且全时段按遮挡计损仍满足双向预算
T023,巡航,6541.272325174621,6561.220756406046,直连,,1536,PASS,worst_obstruction_endpoint_distance,2.401243199064254,3000.7277761782934,True,,端点最大距离且全时段按遮挡计损仍满足双向预算
T023,巡航,6561.220756406046,6581.169187637471,直连,,1537,PASS,worst_obstruction_endpoint_distance,1.5776371600474448,3299.186756586918,True,,端点最大距离且全时段按遮挡计损仍满足双向预算
T023,巡航,6581.169187637471,6601.117618868896,直连,,1538,PASS,worst_obstruction_endpoint_distance,0.8250994230448754,3597.773239354705,True,,端点最大距离且全时段按遮挡计损仍满足双向预算
T023,巡航,6601.117618868896,6621.06605010032,直连,,1539,PASS,worst_obstruction_endpoint_distance,0.1323753731121542,3896.45791298493,True,,端点最大距离且全时段按遮挡计损仍满足双向预算
T023,巡航,6621.06605010032,6641.014481331746,中继,R006,1540,PASS,worst_obstruction_endpoint_distance,3.44893160150383,1333.0369210576005,True,,端点最大距离且全时段按遮挡计损仍满足双向预算
T023,巡航,6641.014481331746,6660.96291256317,中继,R006,1541,PASS,worst_obstruction_endpoint_distance,3.6883399634194802,1296.7962922298093,True,,端点最大距离且全时段按遮挡计损仍满足双向预算
T023,巡航,6660.96291256317,6680.911343794595,中继,R006,1542,PASS,worst_obstruction_endpoint_distance,3.152216567478817,1379.360959706343,True,,端点最大距离且全时段按遮挡计损仍满足双向预算
T023,巡航,6680.911343794595,6700.85977502602,中继,R006,1543,PASS,worst_obstruction_endpoint_distance,2.323466342154134,1517.4536729833121,True,,端点最大距离且全时段按遮挡计损仍满足双向预算
T023,巡航,6700.85977502602,6720.808206257445,中继,R006,1544,PASS,worst_obstruction_endpoint_distance,1.3491856219107774,1697.5769794053315,True,,端点最大距离且全时段按遮挡计损仍满足双向预算
T023,巡航,6720.808206257445,6740.75663748887,中继,R006,1545,PASS,worst_obstruction_endpoint_distance,0.3348299206298293,1907.8633366231968,True,,端点最大距离且全时段按遮挡计损仍满足双向预算
T023,巡航,6740.75663748887,6760.705068720295,中继,R007,1546,PASS,worst_obstruction_endpoint_distance,5.465934903575743,1056.7980739955074,True,,端点最大距离且全时段按遮挡计损仍满足双向预算
T023,巡航,6760.705068720295,6780.65349995172,中继,R007,1547,PASS,worst_obstruction_endpoint_distance,7.163167460360086,869.2213505149701,True,,端点最大距离且全时段按遮挡计损仍满足双向预算
T023,巡航,6780.65349995172,6800.601931183144,中继,R007,1548,PASS,worst_obstruction_endpoint_distance,8.361635307260357,757.1937018024331,True,,端点最大距离且全时段按遮挡计损仍满足双向预算
T023,巡航,6800.601931183144,6820.5503624145695,中继,R007,1549,PASS,worst_obstruction_endpoint_distance,7.2174888770571215,863.8022171589038,True,,端点最大距离且全时段按遮挡计损仍满足双向预算
T023,巡航,6820.5503624145695,6840.498793645995,中继,R007,1550,PASS,worst_obstruction_endpoint_distance,5.527232666505114,1049.3663291862797,True,,端点最大距离且全时段按遮挡计损仍满足双向预算
T023,巡航,6840.498793645995,6860.447224877419,中继,R007,1551,PASS,worst_obstruction_endpoint_distance,3.809912144193447,1278.77209625438,True,,端点最大距离且全时段按遮挡计损仍满足双向预算
T023,巡航,6860.447224877419,6880.395656108844,中继,R007,1552,PASS,worst_obstruction_endpoint_distance,2.238018545490135,1532.4553547674145,True,,端点最大距离且全时段按遮挡计损仍满足双向预算
T023,巡航,6880.395656108844,6900.344087340269,中继,R007,1553,PASS,worst_obstruction_endpoint_distance,0.8394489047696396,1800.181577902523,True,,端点最大距离且全时段按遮挡计损仍满足双向预算
T023,下降,6900.344087340269,6913.945331643655,中继,R007,1554,PASS,worst_obstruction_endpoint_distance,0.8284758755184782,1802.4572144371425,True,,端点最大距离且全时段按遮挡计损仍满足双向预算
T023,下降,6913.945331643655,6927.54657594704,中继,R007,1555,PASS,worst_obstruction_endpoint_distance,0.8144482146368262,1805.3705241351129,True,,端点最大距离且全时段按遮挡计损仍满足双向预算
T023,下降,6927.54657594704,6941.147820250426,中继,R007,1556,PASS,worst_obstruction_endpoint_distance,0.7973955137346138,1808.9184260319166,True,,端点最大距离且全时段按遮挡计损仍满足双向预算
T023,投送,6941.147820250426,6960.238729341334,中继,R007,1557,PASS,exact_point,0.7973955137346138,1808.9184260319166,,,独立计算 DEM 遮挡、自由空间损耗与双向预算
T023,投送,6960.238729341334,6979.329638432244,中继,R007,1558,PASS,exact_point,0.7973955137346138,1808.9184260319166,,,独立计算 DEM 遮挡、自由空间损耗与双向预算
T023,投送,6979.329638432244,6998.420547523153,中继,R007,1559,PASS,exact_point,0.7973955137346138,1808.9184260319166,,,独立计算 DEM 遮挡、自由空间损耗与双向预算
T023,投送,6998.420547523153,7017.511456614062,中继,R007,1560,PASS,exact_point,0.7973955137346138,1808.9184260319166,,,独立计算 DEM 遮挡、自由空间损耗与双向预算
T023,投送,7017.511456614062,7036.602365704971,中继,R007,1561,PASS,exact_point,0.7973955137346138,1808.9184260319166,,,独立计算 DEM 遮挡、自由空间损耗与双向预算
T023,投送,7036.602365704971,7055.69327479588,中继,R007,1562,PASS,exact_point,0.7973955137346138,1808.9184260319166,,,独立计算 DEM 遮挡、自由空间损耗与双向预算
T023,投送,7055.69327479588,7074.784183886789,中继,R007,1563,PASS,exact_point,0.7973955137346138,1808.9184260319166,,,独立计算 DEM 遮挡、自由空间损耗与双向预算
T023,投送,7074.784183886789,7093.875092977698,中继,R007,1564,PASS,exact_point,0.7973955137346138,1808.9184260319166,,,独立计算 DEM 遮挡、自由空间损耗与双向预算
T023,投送,7093.875092977698,7112.966002068607,中继,R007,1565,PASS,exact_point,0.7973955137346138,1808.9184260319166,,,独立计算 DEM 遮挡、自由空间损耗与双向预算
T023,投送,7112.966002068607,7132.056911159516,中继,R007,1566,PASS,exact_point,0.7973955137346138,1808.9184260319166,,,独立计算 DEM 遮挡、自由空间损耗与双向预算
T023,投送,7132.056911159516,7151.147820250426,中继,R007,1567,PASS,exact_point,0.7973955137346138,1808.9184260319166,,,独立计算 DEM 遮挡、自由空间损耗与双向预算
T023,爬升,7151.147820250426,7168.149375629657,中继,R007,1568,PASS,worst_obstruction_endpoint_distance,0.7973955137346138,1808.9184260319166,True,,端点最大距离且全时段按遮挡计损仍满足双向预算
T023,爬升,7168.149375629657,7185.1509310088895,中继,R007,1569,PASS,worst_obstruction_endpoint_distance,0.8218421697135057,1803.8343373937878,True,,端点最大距离且全时段按遮挡计损仍满足双向预算
T023,巡航,7185.1509310088895,7205.099362240314,中继,R007,1570,PASS,worst_obstruction_endpoint_distance,0.8394489047696396,1800.181577902523,True,,端点最大距离且全时段按遮挡计损仍满足双向预算
T023,巡航,7205.099362240314,7225.047793471739,中继,R007,1571,PASS,worst_obstruction_endpoint_distance,2.238018545490135,1532.4553547674145,True,,端点最大距离且全时段按遮挡计损仍满足双向预算
T023,巡航,7225.047793471739,7244.9962247031635,中继,R007,1572,PASS,worst_obstruction_endpoint_distance,3.809912144193447,1278.77209625438,True,,端点最大距离且全时段按遮挡计损仍满足双向预算
T023,巡航,7244.9962247031635,7264.944655934589,中继,R007,1573,PASS,worst_obstruction_endpoint_distance,5.527232666505114,1049.3663291862797,True,,端点最大距离且全时段按遮挡计损仍满足双向预算
T023,巡航,7264.944655934589,7284.893087166014,中继,R007,1574,PASS,worst_obstruction_endpoint_distance,7.2174888770571215,863.8022171589038,True,,端点最大距离且全时段按遮挡计损仍满足双向预算
T023,巡航,7284.893087166014,7304.841518397438,中继,R007,1575,PASS,worst_obstruction_endpoint_distance,8.361635307260357,757.1937018024331,True,,端点最大距离且全时段按遮挡计损仍满足双向预算
T023,巡航,7304.841518397438,7324.789949628863,中继,R007,1576,PASS,worst_obstruction_endpoint_distance,7.163167460360086,869.2213505149701,True,,端点最大距离且全时段按遮挡计损仍满足双向预算
T023,巡航,7324.789949628863,7344.738380860288,中继,R007,1577,PASS,worst_obstruction_endpoint_distance,5.465934903575743,1056.7980739955074,True,,端点最大距离且全时段按遮挡计损仍满足双向预算
T023,巡航,7344.738380860288,7364.686812091713,中继,R006,1578,PASS,worst_obstruction_endpoint_distance,0.3348299206298293,1907.8633366231968,True,,端点最大距离且全时段按遮挡计损仍满足双向预算
T023,巡航,7364.686812091713,7384.635243323138,中继,R006,1579,PASS,worst_obstruction_endpoint_distance,1.3491856219107774,1697.5769794053315,True,,端点最大距离且全时段按遮挡计损仍满足双向预算
T023,巡航,7384.635243323138,7404.583674554563,中继,R006,1580,PASS,worst_obstruction_endpoint_distance,2.323466342154134,1517.4536729833121,True,,端点最大距离且全时段按遮挡计损仍满足双向预算
T023,巡航,7404.583674554563,7424.532105785987,中继,R006,1581,PASS,worst_obstruction_endpoint_distance,3.152216567478817,1379.360959706343,True,,端点最大距离且全时段按遮挡计损仍满足双向预算
T023,巡航,7424.532105785987,7444.480537017413,中继,R006,1582,PASS,worst_obstruction_endpoint_distance,3.6883399634194802,1296.7962922298093,True,,端点最大距离且全时段按遮挡计损仍满足双向预算
T023,巡航,7444.480537017413,7464.428968248838,中继,R006,1583,PASS,worst_obstruction_endpoint_distance,3.44893160150383,1333.0369210576005,True,,端点最大距离且全时段按遮挡计损仍满足双向预算
T023,巡航,7464.428968248838,7484.377399480262,直连,,1584,PASS,worst_obstruction_endpoint_distance,0.1323753731121542,3896.45791298493,True,,端点最大距离且全时段按遮挡计损仍满足双向预算
T023,巡航,7484.377399480262,7504.325830711688,直连,,1585,PASS,worst_obstruction_endpoint_distance,0.8250994230448754,3597.773239354705,True,,端点最大距离且全时段按遮挡计损仍满足双向预算
T023,巡航,7504.325830711688,7524.274261943112,直连,,1586,PASS,worst_obstruction_endpoint_distance,1.5776371600474448,3299.186756586918,True,,端点最大距离且全时段按遮挡计损仍满足双向预算
T023,巡航,7524.274261943112,7544.222693174537,直连,,1587,PASS,worst_obstruction_endpoint_distance,2.401243199064254,3000.7277761782934,True,,端点最大距离且全时段按遮挡计损仍满足双向预算
T023,巡航,7544.222693174537,7564.1711244059625,直连,,1588,PASS,worst_obstruction_endpoint_distance,3.3106586402651743,2702.4385427766797,True,,端点最大距离且全时段按遮挡计损仍满足双向预算
T023,巡航,7564.1711244059625,7584.119555637387,直连,,1589,PASS,worst_obstruction_endpoint_distance,4.325704959757758,2404.3822339864455,True,,端点最大距离且全时段按遮挡计损仍满足双向预算
T023,巡航,7584.119555637387,7604.067986868811,直连,,1590,PASS,worst_obstruction_endpoint_distance,5.473895595477202,2106.657716764186,True,,端点最大距离且全时段按遮挡计损仍满足双向预算
T023,巡航,7604.067986868811,7624.0164181002365,直连,,1591,PASS,worst_obstruction_endpoint_distance,6.794945300204006,1809.428778084995,True,,端点最大距离且全时段按遮挡计损仍满足双向预算
T023,巡航,7624.0164181002365,7643.964849331662,直连,,1592,PASS,worst_obstruction_endpoint_distance,8.349068263577223,1512.9875178566108,True,,端点最大距离且全时段按遮挡计损仍满足双向预算
T023,巡航,7643.964849331662,7663.913280563086,直连,,1593,PASS,worst_obstruction_endpoint_distance,10.233476665807785,1217.9092389358796,True,,端点最大距离且全时段按遮挡计损仍满足双向预算
T023,巡航,7663.913280563086,7683.861711794511,直连,,1594,PASS,worst_obstruction_endpoint_distance,12.618260351929706,925.4985457841007,True,,端点最大距离且全时段按遮挡计损仍满足双向预算
T023,巡航,7683.861711794511,7703.810143025936,直连,,1595,PASS,worst_obstruction_endpoint_distance,15.829974101692486,639.4256493755012,True,,端点最大距离且全时段按遮挡计损仍满足双向预算
T023,巡航,7703.810143025936,7723.758574257361,直连,,1596,PASS,worst_obstruction_endpoint_distance,20.476569260061567,374.5073067081198,True,,端点最大距离且全时段按遮挡计损仍满足双向预算
T023,下降,7723.758574257361,7743.375320839392,直连,,1597,PASS,worst_obstruction_endpoint_distance,24.894047506859238,225.20933227539103,True,,端点最大距离且全时段按遮挡计损仍满足双向预算
T023,下降,7743.375320839392,7762.992067421424,直连,,1598,PASS,worst_obstruction_endpoint_distance,27.0272610251467,176.16746582031374,True,,端点最大距离且全时段按遮挡计损仍满足双向预算
T023,下降,7762.992067421424,7782.608814003455,直连,,1599,PASS,worst_obstruction_endpoint_distance,29.86111489526982,127.12559936523417,True,,端点最大距离且全时段按遮挡计损仍满足双向预算
T023,下降,7782.608814003455,7802.225560585486,直连,,1600,PASS,worst_obstruction_endpoint_distance,34.09456382066654,78.0837329101546,True,,端点最大距离且全时段按遮挡计损仍满足双向预算
T023,下降,7802.225560585486,7821.842307167517,直连,,1601,PASS,worst_obstruction_endpoint_distance,42.68528468478472,29.041866455077297,True,,端点最大距离且全时段按遮挡计损仍满足双向预算
T024,爬升,8255.0,8274.871088867187,直连,,1602,PASS,worst_obstruction_endpoint_distance,42.49716386964255,29.677722167966493,True,,端点最大距离且全时段按遮挡计损仍满足双向预算
T024,爬升,8274.871088867187,8294.742177734375,直连,,1603,PASS,worst_obstruction_endpoint_distance,33.95424061100921,79.35544433593753,True,,端点最大距离且全时段按遮挡计损仍满足双向预算
T024,爬升,8294.742177734375,8314.613266601562,直连,,1604,PASS,worst_obstruction_endpoint_distance,29.73174806392629,129.033166503904,True,,端点最大距离且全时段按遮挡计损仍满足双向预算
T024,爬升,8314.613266601562,8334.48435546875,直连,,1605,PASS,worst_obstruction_endpoint_distance,26.902754877149746,178.710888671875,True,,端点最大距离且全时段按遮挡计损仍满足双向预算
T024,巡航,8334.48435546875,8354.042287651693,直连,,1606,PASS,worst_obstruction_endpoint_distance,21.226846823481353,343.5155626257681,True,,端点最大距离且全时段按遮挡计损仍满足双向预算
T024,巡航,8354.042287651693,8373.600219834638,直连,,1607,PASS,worst_obstruction_endpoint_distance,16.19159854535019,613.3506516465615,True,,端点最大距离且全时段按遮挡计损仍满足双向预算
T024,巡航,8373.600219834638,8393.158152017582,直连,,1608,PASS,worst_obstruction_endpoint_distance,12.879592400811816,898.0678270917992,True,,端点最大距离且全时段按遮挡计损仍满足双向预算
T024,巡航,8393.158152017582,8412.716084200525,直连,,1609,PASS,worst_obstruction_endpoint_distance,10.456716578783727,1187.0060413963242,True,,端点最大距离且全时段按遮挡计损仍满足双向预算
T024,巡航,8412.716084200525,8432.27401638347,直连,,1610,PASS,worst_obstruction_endpoint_distance,8.554100828864037,1477.691301536886,True,,端点最大距离且全时段按遮挡计损仍满足双向预算
T024,巡航,8432.27401638347,8451.831948566414,直连,,1611,PASS,worst_obstruction_endpoint_distance,6.989928674066292,1769.2627117074003,True,,端点最大距离且全时段按遮挡计损仍满足双向预算
T024,巡航,8451.831948566414,8471.389880749357,直连,,1612,PASS,worst_obstruction_endpoint_distance,5.662764533404953,2061.3442758330607,True,,端点最大距离且全时段按遮挡计损仍满足双向预算
T024,巡航,8471.389880749357,8490.947812932302,直连,,1613,PASS,worst_obstruction_endpoint_distance,4.510582959293117,2353.74608317376,True,,端点最大距离且全时段按遮挡计损仍满足双向预算
T024,巡航,8490.947812932302,8510.505745115246,直连,,1614,PASS,worst_obstruction_endpoint_distance,3.492790187068408,2646.3619829257814,True,,端点最大距离且全时段按遮挡计损仍满足双向预算
T024,巡航,8510.505745115246,8530.063677298189,直连,,1615,PASS,worst_obstruction_endpoint_distance,2.5814050697037914,2939.128031468544,True,,端点最大距离且全时段按遮挡计损仍满足双向预算
T024,巡航,8530.063677298189,8549.621609481133,直连,,1616,PASS,worst_obstruction_endpoint_distance,1.7563389162753964,3232.0034260700977,True,,端点最大距离且全时段按遮挡计损仍满足双向预算
T024,巡航,8549.621609481133,8569.179541664078,直连,,1617,PASS,worst_obstruction_endpoint_distance,1.0026890572529226,3524.960911409265,True,,端点最大距离且全时段按遮挡计损仍满足双向预算
T024,巡航,8569.179541664078,8588.73747384702,直连,,1618,PASS,worst_obstruction_endpoint_distance,0.30909856529946467,3817.9815908243413,True,,端点最大距离且全时段按遮挡计损仍满足双向预算
T024,巡航,8588.73747384702,8608.295406029965,中继,R006,1619,PASS,worst_obstruction_endpoint_distance,8.081424527806334,782.019408849177,True,,端点最大距离且全时段按遮挡计损仍满足双向预算
T024,巡航,8608.295406029965,8627.853338212908,中继,R006,1620,PASS,worst_obstruction_endpoint_distance,10.673868485573152,580.2235261198753,True,,端点最大距离且全时段按遮挡计损仍满足双向预算
T024,巡航,8627.853338212908,8647.411270395853,中继,R006,1621,PASS,worst_obstruction_endpoint_distance,11.127602816759634,550.691809792669,True,,端点最大距离且全时段按遮挡计损仍满足双向预算
T024,巡航,8647.411270395853,8666.969202578797,中继,R006,1622,PASS,worst_obstruction_endpoint_distance,8.583734102898092,738.0776477016811,True,,端点最大距离且全时段按遮挡计损仍满足双向预算
T024,巡航,8666.969202578797,8686.52713476174,中继,R006,1623,PASS,worst_obstruction_endpoint_distance,6.130368386555162,978.9721542379075,True,,端点最大距离且全时段按遮挡计损仍满足双向预算
T024,下降,8686.52713476174,8702.953495845724,中继,R006,1624,PASS,worst_obstruction_endpoint_distance,6.130368386555162,978.9721542379075,True,,端点最大距离且全时段按遮挡计损仍满足双向预算
T024,下降,8702.953495845724,8719.379856929709,中继,R006,1625,PASS,worst_obstruction_endpoint_distance,6.14101222200523,977.7732400071485,True,,端点最大距离且全时段按遮挡计损仍满足双向预算
T024,下降,8719.379856929709,8735.806218013693,中继,R006,1626,PASS,worst_obstruction_endpoint_distance,6.132916306772174,978.68502450936,True,,端点最大距离且全时段按遮挡计损仍满足双向预算
T024,下降,8735.806218013693,8752.232579097677,中继,R006,1627,PASS,worst_obstruction_endpoint_distance,6.114231144583172,980.7926464971222,True,,端点最大距离且全时段按遮挡计损仍满足双向预算
T024,投送,8752.232579097677,8771.617194482293,中继,R006,1628,PASS,exact_point,16.114231144583172,980.7926464971222,,,独立计算 DEM 遮挡、自由空间损耗与双向预算
T024,投送,8771.617194482293,8791.00180986691,中继,R006,1629,PASS,exact_point,16.114231144583172,980.7926464971222,,,独立计算 DEM 遮挡、自由空间损耗与双向预算
T024,投送,8791.00180986691,8810.386425251525,中继,R006,1630,PASS,exact_point,16.114231144583172,980.7926464971222,,,独立计算 DEM 遮挡、自由空间损耗与双向预算
T024,投送,8810.386425251525,8829.77104063614,中继,R006,1631,PASS,exact_point,16.114231144583172,980.7926464971222,,,独立计算 DEM 遮挡、自由空间损耗与双向预算
T024,投送,8829.77104063614,8849.155656020755,中继,R006,1632,PASS,exact_point,16.114231144583172,980.7926464971222,,,独立计算 DEM 遮挡、自由空间损耗与双向预算
T024,投送,8849.155656020755,8868.54027140537,中继,R006,1633,PASS,exact_point,16.114231144583172,980.7926464971222,,,独立计算 DEM 遮挡、自由空间损耗与双向预算
T024,投送,8868.54027140537,8887.924886789986,中继,R006,1634,PASS,exact_point,16.114231144583172,980.7926464971222,,,独立计算 DEM 遮挡、自由空间损耗与双向预算
T024,投送,8887.924886789986,8907.309502174601,中继,R006,1635,PASS,exact_point,16.114231144583172,980.7926464971222,,,独立计算 DEM 遮挡、自由空间损耗与双向预算
T024,投送,8907.309502174601,8926.694117559216,中继,R006,1636,PASS,exact_point,16.114231144583172,980.7926464971222,,,独立计算 DEM 遮挡、自由空间损耗与双向预算
T024,投送,8926.694117559216,8946.078732943832,中继,R006,1637,PASS,exact_point,16.114231144583172,980.7926464971222,,,独立计算 DEM 遮挡、自由空间损耗与双向预算
T024,投送,8946.078732943832,8965.463348328447,中继,R006,1638,PASS,exact_point,16.114231144583172,980.7926464971222,,,独立计算 DEM 遮挡、自由空间损耗与双向预算
T024,投送,8965.463348328447,8984.847963713062,中继,R006,1639,PASS,exact_point,16.114231144583172,980.7926464971222,,,独立计算 DEM 遮挡、自由空间损耗与双向预算
T024,投送,8984.847963713062,9004.232579097677,中继,R006,1640,PASS,exact_point,16.114231144583172,980.7926464971222,,,独立计算 DEM 遮挡、自由空间损耗与双向预算
T024,爬升,9004.232579097677,9021.754030920594,中继,R006,1641,PASS,worst_obstruction_endpoint_distance,6.114231144583172,980.7926464971222,True,,端点最大距离且全时段按遮挡计损仍满足双向预算
T024,爬升,9021.754030920594,9039.275482743511,中继,R006,1642,PASS,worst_obstruction_endpoint_distance,6.136985020436583,978.226688425628,True,,端点最大距离且全时段按遮挡计损仍满足双向预算
T024,爬升,9039.275482743511,9056.796934566428,中继,R006,1643,PASS,worst_obstruction_endpoint_distance,6.130368386555162,978.9721542379075,True,,端点最大距离且全时段按遮挡计损仍满足双向预算
T024,巡航,9056.796934566428,9076.354866749372,中继,R006,1644,PASS,worst_obstruction_endpoint_distance,6.130368386555162,978.9721542379075,True,,端点最大距离且全时段按遮挡计损仍满足双向预算
T024,巡航,9076.354866749372,9095.912798932315,中继,R006,1645,PASS,worst_obstruction_endpoint_distance,8.583734102902099,738.0776477013404,True,,端点最大距离且全时段按遮挡计损仍满足双向预算
T024,巡航,9095.912798932315,9115.47073111526,中继,R006,1646,PASS,worst_obstruction_endpoint_distance,11.127602816759634,550.691809792669,True,,端点最大距离且全时段按遮挡计损仍满足双向预算
T024,巡航,9115.47073111526,9135.028663298204,中继,R006,1647,PASS,worst_obstruction_endpoint_distance,10.673868485573152,580.2235261198753,True,,端点最大距离且全时段按遮挡计损仍满足双向预算
T024,巡航,9135.028663298204,9154.586595481147,中继,R006,1648,PASS,worst_obstruction_endpoint_distance,8.081424527806334,782.019408849177,True,,端点最大距离且全时段按遮挡计损仍满足双向预算
T024,巡航,9154.586595481147,9174.144527664092,直连,,1649,PASS,worst_obstruction_endpoint_distance,0.30909856529946467,3817.9815908243413,True,,端点最大距离且全时段按遮挡计损仍满足双向预算
T024,巡航,9174.144527664092,9193.702459847036,直连,,1650,PASS,worst_obstruction_endpoint_distance,1.0026890572529226,3524.960911409265,True,,端点最大距离且全时段按遮挡计损仍满足双向预算
T024,巡航,9193.702459847036,9213.260392029979,直连,,1651,PASS,worst_obstruction_endpoint_distance,1.756338916276647,3232.003426069633,True,,端点最大距离且全时段按遮挡计损仍满足双向预算
T024,巡航,9213.260392029979,9232.818324212923,直连,,1652,PASS,worst_obstruction_endpoint_distance,2.5814050697037914,2939.128031468544,True,,端点最大距离且全时段按遮挡计损仍满足双向预算
T024,巡航,9232.818324212923,9252.376256395868,直连,,1653,PASS,worst_obstruction_endpoint_distance,3.492790187069943,2646.361982925317,True,,端点最大距离且全时段按遮挡计损仍满足双向预算
T024,巡航,9252.376256395868,9271.93418857881,直连,,1654,PASS,worst_obstruction_endpoint_distance,4.510582959293117,2353.74608317376,True,,端点最大距离且全时段按遮挡计损仍满足双向预算
T024,巡航,9271.93418857881,9291.492120761755,直连,,1655,PASS,worst_obstruction_endpoint_distance,5.662764533403006,2061.3442758335245,True,,端点最大距离且全时段按遮挡计损仍满足双向预算
T024,巡航,9291.492120761755,9311.050052944698,直连,,1656,PASS,worst_obstruction_endpoint_distance,6.989928674066292,1769.2627117074003,True,,端点最大距离且全时段按遮挡计损仍满足双向预算
T024,巡航,9311.050052944698,9330.607985127643,直连,,1657,PASS,worst_obstruction_endpoint_distance,8.554100828861323,1477.691301537348,True,,端点最大距离且全时段按遮挡计损仍满足双向预算
T024,巡航,9330.607985127643,9350.165917310587,直连,,1658,PASS,worst_obstruction_endpoint_distance,10.456716578783727,1187.0060413963242,True,,端点最大距离且全时段按遮挡计损仍满足双向预算
T024,巡航,9350.165917310587,9369.72384949353,直连,,1659,PASS,worst_obstruction_endpoint_distance,12.879592400811816,898.0678270917992,True,,端点最大距离且全时段按遮挡计损仍满足双向预算
T024,巡航,9369.72384949353,9389.281781676475,直连,,1660,PASS,worst_obstruction_endpoint_distance,16.19159854535019,613.3506516465615,True,,端点最大距离且全时段按遮挡计损仍满足双向预算
T024,巡航,9389.281781676475,9408.83971385942,直连,,1661,PASS,worst_obstruction_endpoint_distance,21.226846823471305,343.5155626261655,True,,端点最大距离且全时段按遮挡计损仍满足双向预算
T024,下降,9408.83971385942,9428.710802726606,直连,,1662,PASS,worst_obstruction_endpoint_distance,26.902754877149746,178.710888671875,True,,端点最大距离且全时段按遮挡计损仍满足双向预算
T024,下降,9428.710802726606,9448.581891593794,直连,,1663,PASS,worst_obstruction_endpoint_distance,29.087434584690158,138.96871093750144,True,,端点最大距离且全时段按遮挡计损仍满足双向预算
T024,下降,9448.581891593794,9468.452980460981,直连,,1664,PASS,worst_obstruction_endpoint_distance,32.013218802742756,99.22653320312429,True,,端点最大距离且全时段按遮挡计损仍满足双向预算
T024,下降,9468.452980460981,9488.32406932817,直连,,1665,PASS,worst_obstruction_endpoint_distance,36.457719961105596,59.48435546875072,True,,端点最大距离且全时段按遮挡计损仍满足双向预算
T024,下降,9488.32406932817,9508.195158195356,直连,,1666,PASS,worst_obstruction_endpoint_distance,45.92517525248826,20.0,True,,端点最大距离且全时段按遮挡计损仍满足双向预算
T025,爬升,8459.0,8477.125425415039,直连,,1667,PASS,worst_obstruction_endpoint_distance,43.878709413313516,25.31356353759776,True,,端点最大距离且全时段按遮挡计损仍满足双向预算
T025,爬升,8477.125425415039,8495.250850830078,直连,,1668,PASS,worst_obstruction_endpoint_distance,34.966344352585295,70.62712707519552,True,,端点最大距离且全时段按遮挡计损仍满足双向预算
T025,爬升,8495.250850830078,8513.376276245117,直连,,1669,PASS,worst_obstruction_endpoint_distance,30.66105750651289,115.94069061279328,True,,端点最大距离且全时段按遮挡计损仍满足双向预算
T025,爬升,8513.376276245117,8531.501701660156,直连,,1670,PASS,worst_obstruction_endpoint_distance,27.79555154865507,161.25425415039103,True,,端点最大距离且全时段按遮挡计损仍满足双向预算
T025,巡航,8531.501701660156,8551.265188883523,直连,,1671,PASS,worst_obstruction_endpoint_distance,21.381037235701385,337.4713404244718,True,,端点最大距离且全时段按遮挡计损仍满足双向预算
T025,巡航,8551.265188883523,8571.02867610689,直连,,1672,PASS,worst_obstruction_endpoint_distance,16.17615903644753,614.4418760035281,True,,端点最大距离且全时段按遮挡计损仍满足双向预算
T025,巡航,8571.02867610689,8590.792163330254,直连,,1673,PASS,worst_obstruction_endpoint_distance,12.823774280234389,903.8576628091926,True,,端点最大距离且全时段按遮挡计损仍满足双向预算
T025,巡航,8590.792163330254,8610.55565055362,直连,,1674,PASS,worst_obstruction_endpoint_distance,10.385900789493661,1196.723223014895,True,,端点最大距离且全时段按遮挡计损仍满足双向预算
T025,巡航,8610.55565055362,8630.319137776987,直连,,1675,PASS,worst_obstruction_endpoint_distance,8.476180856524223,1491.0071135443768,True,,端点最大距离且全时段按遮挡计损仍满足双向预算
T025,巡航,8630.319137776987,8650.082625000352,直连,,1676,PASS,worst_obstruction_endpoint_distance,6.908105372473543,1786.0083692495245,True,,端点最大距离且全时段按遮挡计损仍满足双向预算
T025,巡航,8650.082625000352,8669.846112223719,直连,,1677,PASS,worst_obstruction_endpoint_distance,5.578572376014165,2081.421994615999,True,,端点最大距离且全时段按遮挡计损仍满足双向预算
T025,巡航,8669.846112223719,8689.609599447085,直连,,1678,PASS,worst_obstruction_endpoint_distance,4.424847125248689,2377.0942527732964,True,,端点最大距离且全时段按遮挡计损仍满足双向预算
T025,巡航,8689.609599447085,8709.37308667045,直连,,1679,PASS,worst_obstruction_endpoint_distance,3.4059931797055043,2672.939317626779,True,,端点最大距离且全时段按遮挡计损仍满足双向预算
T025,巡航,8709.37308667045,8729.136573893817,直连,,1680,PASS,worst_obstruction_endpoint_distance,2.4938475922613463,2968.9055301769163,True,,端点最大距离且全时段按遮挡计损仍满足双向预算
T025,巡航,8729.136573893817,8748.900061117183,直连,,1681,PASS,worst_obstruction_endpoint_distance,1.6682180133278024,3264.9599447416617,True,,端点最大距离且全时段按遮挡计损仍满足双向预算
T025,巡航,8748.900061117183,8768.663548340548,直连,,1682,PASS,worst_obstruction_endpoint_distance,0.9141391873638156,3561.0805630696686,True,,端点最大距离且全时段按遮挡计损仍满足双向预算
T025,巡航,8768.663548340548,8788.427035563915,直连,,1683,PASS,worst_obstruction_endpoint_distance,0.2202145974620322,3857.2521378350943,True,,端点最大距离且全时段按遮挡计损仍满足双向预算
T025,巡航,8788.427035563915,8808.190522787281,中继,R006,1684,PASS,worst_obstruction_endpoint_distance,2.391375599516323,1505.6359585850494,True,,端点最大距离且全时段按遮挡计损仍满足双向预算
T025,巡航,8808.190522787281,8827.954010010648,中继,R006,1685,PASS,worst_obstruction_endpoint_distance,2.524023659816365,1482.8170644308366,True,,端点最大距离且全时段按遮挡计损仍满足双向预算
T025,巡航,8827.954010010648,8847.717497234013,中继,R006,1686,PASS,worst_obstruction_endpoint_distance,2.0927486135270073,1558.3009219459855,True,,端点最大距离且全时段按遮挡计损仍满足双向预算
T025,巡航,8847.717497234013,8867.48098445738,中继,R006,1687,PASS,worst_obstruction_endpoint_distance,1.4223513767110632,1683.3374653825417,True,,端点最大距离且全时段按遮挡计损仍满足双向预算
T025,巡航,8867.48098445738,8887.244471680746,中继,R006,1688,PASS,worst_obstruction_endpoint_distance,0.6122289864110542,1847.8950791742811,True,,端点最大距离且全时段按遮挡计损仍满足双向预算
T025,巡航,8887.244471680746,8907.00795890411,中继,R008,1689,PASS,worst_obstruction_endpoint_distance,17.87171950183982,253.33942657084106,True,,端点最大距离且全时段按遮挡计损仍满足双向预算
T025,巡航,8907.00795890411,8926.771446127477,中继,R008,1690,PASS,worst_obstruction_endpoint_distance,11.846499345070555,506.94844008022034,True,,端点最大距离且全时段按遮挡计损仍满足双向预算
T025,巡航,8926.771446127477,8946.534933350844,中继,R008,1691,PASS,worst_obstruction_endpoint_distance,7.982943005401779,790.9364822770917,True,,端点最大距离且全时段按遮挡计损仍满足双向预算
T025,巡航,8946.534933350844,8966.298420574209,中继,R008,1692,PASS,worst_obstruction_endpoint_distance,5.264168003380689,1081.6340690577874,True,,端点最大距离且全时段按遮挡计损仍满足双向预算
T025,巡航,8966.298420574209,8986.061907797575,中继,R008,1693,PASS,worst_obstruction_endpoint_distance,3.1810377706371042,1374.7915994615264,True,,端点最大距离且全时段按遮挡计损仍满足双向预算
T025,巡航,8986.061907797575,9005.825395020942,中继,R008,1694,PASS,worst_obstruction_endpoint_distance,1.49605825195151,1669.113407412751,True,,端点最大距离且全时段按遮挡计损仍满足双向预算
T025,巡航,9005.825395020942,9025.588882244308,中继,R008,1695,PASS,worst_obstruction_endpoint_distance,0.08260871375279066,1964.076152778362,True,,端点最大距离且全时段按遮挡计损仍满足双向预算
T025,下降,9025.588882244308,9040.497924602707,中继,R008,1696,PASS,worst_obstruction_endpoint_distance,0.08260871375279066,1964.076152778362,True,,端点最大距离且全时段按遮挡计损仍满足双向预算
T025,下降,9040.497924602707,9055.406966961105,中继,R008,1697,PASS,worst_obstruction_endpoint_distance,0.08318935627910662,1963.944860755383,True,,端点最大距离且全时段按遮挡计损仍满足双向预算
T025,下降,9055.406966961105,9070.316009319504,中继,R008,1698,PASS,worst_obstruction_endpoint_distance,0.0804771903531929,1964.5581975862738,True,,端点最大距离且全时段按遮挡计损仍满足双向预算
T025,投送,9070.316009319504,9090.116009319503,中继,R008,1699,PASS,exact_point,0.0804771903531929,1964.5581975862738,,,独立计算 DEM 遮挡、自由空间损耗与双向预算
T025,投送,9090.116009319503,9109.916009319502,中继,R008,1700,PASS,exact_point,0.0804771903531929,1964.5581975862738,,,独立计算 DEM 遮挡、自由空间损耗与双向预算
T025,投送,9109.916009319502,9129.716009319503,中继,R008,1701,PASS,exact_point,0.0804771903531929,1964.5581975862738,,,独立计算 DEM 遮挡、自由空间损耗与双向预算
T025,投送,9129.716009319503,9149.516009319503,中继,R008,1702,PASS,exact_point,0.0804771903531929,1964.5581975862738,,,独立计算 DEM 遮挡、自由空间损耗与双向预算
T025,投送,9149.516009319503,9169.316009319504,中继,R008,1703,PASS,exact_point,0.0804771903531929,1964.5581975862738,,,独立计算 DEM 遮挡、自由空间损耗与双向预算
T025,投送,9169.316009319504,9189.116009319503,中继,R008,1704,PASS,exact_point,0.0804771903531929,1964.5581975862738,,,独立计算 DEM 遮挡、自由空间损耗与双向预算
T025,投送,9189.116009319503,9208.916009319502,中继,R008,1705,PASS,exact_point,0.0804771903531929,1964.5581975862738,,,独立计算 DEM 遮挡、自由空间损耗与双向预算
T025,投送,9208.916009319502,9228.716009319503,中继,R008,1706,PASS,exact_point,0.0804771903531929,1964.5581975862738,,,独立计算 DEM 遮挡、自由空间损耗与双向预算
T025,投送,9228.716009319503,9248.516009319503,中继,R008,1707,PASS,exact_point,0.0804771903531929,1964.5581975862738,,,独立计算 DEM 遮挡、自由空间损耗与双向预算
T025,投送,9248.516009319503,9268.316009319504,中继,R008,1708,PASS,exact_point,0.0804771903531929,1964.5581975862738,,,独立计算 DEM 遮挡、自由空间损耗与双向预算
T025,投送,9268.316009319504,9288.116009319503,中继,R008,1709,PASS,exact_point,0.0804771903531929,1964.5581975862738,,,独立计算 DEM 遮挡、自由空间损耗与双向预算
T025,投送,9288.116009319503,9307.916009319502,中继,R008,1710,PASS,exact_point,0.0804771903531929,1964.5581975862738,,,独立计算 DEM 遮挡、自由空间损耗与双向预算
T025,投送,9307.916009319502,9327.716009319503,中继,R008,1711,PASS,exact_point,0.0804771903531929,1964.5581975862738,,,独立计算 DEM 遮挡、自由空间损耗与双向预算
T025,投送,9327.716009319503,9347.516009319503,中继,R008,1712,PASS,exact_point,0.0804771903531929,1964.5581975862738,,,独立计算 DEM 遮挡、自由空间损耗与双向预算
T025,投送,9347.516009319503,9367.316009319504,中继,R008,1713,PASS,exact_point,0.0804771903531929,1964.5581975862738,,,独立计算 DEM 遮挡、自由空间损耗与双向预算
T025,投送,9367.316009319504,9387.116009319503,中继,R008,1714,PASS,exact_point,0.0804771903531929,1964.5581975862738,,,独立计算 DEM 遮挡、自由空间损耗与双向预算
T025,投送,9387.116009319503,9406.916009319502,中继,R008,1715,PASS,exact_point,0.0804771903531929,1964.5581975862738,,,独立计算 DEM 遮挡、自由空间损耗与双向预算
T025,投送,9406.916009319502,9426.716009319503,中继,R008,1716,PASS,exact_point,0.0804771903531929,1964.5581975862738,,,独立计算 DEM 遮挡、自由空间损耗与双向预算
T025,投送,9426.716009319503,9446.516009319503,中继,R008,1717,PASS,exact_point,0.0804771903531929,1964.5581975862738,,,独立计算 DEM 遮挡、自由空间损耗与双向预算
T025,投送,9446.516009319503,9466.316009319504,中继,R008,1718,PASS,exact_point,0.0804771903531929,1964.5581975862738,,,独立计算 DEM 遮挡、自由空间损耗与双向预算
T025,爬升,9466.316009319504,9484.206860149581,中继,R008,1719,PASS,worst_obstruction_endpoint_distance,0.0804771903531929,1964.5581975862738,True,,端点最大距离且全时段按遮挡计损仍满足双向预算
T025,爬升,9484.206860149581,9502.097710979659,中继,R008,1720,PASS,worst_obstruction_endpoint_distance,0.08260871375279066,1964.076152778362,True,,端点最大距离且全时段按遮挡计损仍满足双向预算
T025,巡航,9502.097710979659,9521.861198203025,中继,R008,1721,PASS,worst_obstruction_endpoint_distance,0.08260871375279066,1964.076152778362,True,,端点最大距离且全时段按遮挡计损仍满足双向预算
T025,巡航,9521.861198203025,9541.624685426392,中继,R008,1722,PASS,worst_obstruction_endpoint_distance,1.49605825195151,1669.113407412751,True,,端点最大距离且全时段按遮挡计损仍满足双向预算
T025,巡航,9541.624685426392,9561.388172649757,中继,R008,1723,PASS,worst_obstruction_endpoint_distance,3.1810377706371042,1374.7915994615264,True,,端点最大距离且全时段按遮挡计损仍满足双向预算
T025,巡航,9561.388172649757,9581.151659873123,中继,R008,1724,PASS,worst_obstruction_endpoint_distance,5.2641680033805756,1081.634069057801,True,,端点最大距离且全时段按遮挡计损仍满足双向预算
T025,巡航,9581.151659873123,9600.91514709649,中继,R008,1725,PASS,worst_obstruction_endpoint_distance,7.982943005401779,790.9364822770917,True,,端点最大距离且全时段按遮挡计损仍满足双向预算
T025,巡航,9600.91514709649,9620.678634319855,中继,R008,1726,PASS,worst_obstruction_endpoint_distance,11.846499345070555,506.94844008022034,True,,端点最大距离且全时段按遮挡计损仍满足双向预算
T025,巡航,9620.678634319855,9640.442121543221,中继,R008,1727,PASS,worst_obstruction_endpoint_distance,17.87171950183982,253.33942657084106,True,,端点最大距离且全时段按遮挡计损仍满足双向预算
T025,巡航,9640.442121543221,9660.205608766588,中继,R008,1728,PASS,worst_obstruction_endpoint_distance,12.810203579364014,453.71023806410597,True,,端点最大距离且全时段按遮挡计损仍满足双向预算
T025,巡航,9660.205608766588,9679.969095989953,中继,R008,1729,PASS,worst_obstruction_endpoint_distance,8.619096337392278,735.0788740248184,True,,端点最大距离且全时段按遮挡计损仍满足双向预算
T025,巡航,9679.969095989953,9699.73258321332,中继,R008,1730,PASS,worst_obstruction_endpoint_distance,5.731414163795407,1024.9862751293902,True,,端点最大距离且全时段按遮挡计损仍满足双向预算
T025,巡航,9699.73258321332,9719.496070436686,中继,R008,1731,PASS,worst_obstruction_endpoint_distance,3.548725382916672,1317.8090603809612,True,,端点最大距离且全时段按遮挡计损仍满足双向预算
T025,巡航,9719.496070436686,9739.259557660052,中继,R008,1732,PASS,worst_obstruction_endpoint_distance,1.7986941689042766,1611.9592170068474,True,,端点最大距离且全时段按遮挡计损仍满足双向预算
T025,巡航,9739.259557660052,9759.023044883417,直连,,1733,PASS,worst_obstruction_endpoint_distance,0.2202145974620322,3857.2521378350943,True,,端点最大距离且全时段按遮挡计损仍满足双向预算
T025,巡航,9759.023044883417,9778.786532106784,直连,,1734,PASS,worst_obstruction_endpoint_distance,0.9141391873638156,3561.0805630696686,True,,端点最大距离且全时段按遮挡计损仍满足双向预算
T025,巡航,9778.786532106784,9798.55001933015,直连,,1735,PASS,worst_obstruction_endpoint_distance,1.6682180133278024,3264.9599447416617,True,,端点最大距离且全时段按遮挡计损仍满足双向预算
T025,巡航,9798.55001933015,9818.313506553515,直连,,1736,PASS,worst_obstruction_endpoint_distance,2.4938475922613463,2968.9055301769163,True,,端点最大距离且全时段按遮挡计损仍满足双向预算
T025,巡航,9818.313506553515,9838.076993776882,直连,,1737,PASS,worst_obstruction_endpoint_distance,3.4059931797055043,2672.939317626779,True,,端点最大距离且全时段按遮挡计损仍满足双向预算
T025,巡航,9838.076993776882,9857.840481000248,直连,,1738,PASS,worst_obstruction_endpoint_distance,4.424847125248689,2377.0942527732964,True,,端点最大距离且全时段按遮挡计损仍满足双向预算
T025,巡航,9857.840481000248,9877.603968223615,直连,,1739,PASS,worst_obstruction_endpoint_distance,5.578572376014165,2081.421994615999,True,,端点最大距离且全时段按遮挡计损仍满足双向预算
T025,巡航,9877.603968223615,9897.36745544698,直连,,1740,PASS,worst_obstruction_endpoint_distance,6.908105372473543,1786.0083692495245,True,,端点最大距离且全时段按遮挡计损仍满足双向预算
T025,巡航,9897.36745544698,9917.130942670346,直连,,1741,PASS,worst_obstruction_endpoint_distance,8.476180856524223,1491.0071135443768,True,,端点最大距离且全时段按遮挡计损仍满足双向预算
T025,巡航,9917.130942670346,9936.894429893713,直连,,1742,PASS,worst_obstruction_endpoint_distance,10.385900789493661,1196.723223014895,True,,端点最大距离且全时段按遮挡计损仍满足双向预算
T025,巡航,9936.894429893713,9956.657917117078,直连,,1743,PASS,worst_obstruction_endpoint_distance,12.823774280234389,903.8576628091926,True,,端点最大距离且全时段按遮挡计损仍满足双向预算
T025,巡航,9956.657917117078,9976.421404340444,直连,,1744,PASS,worst_obstruction_endpoint_distance,16.17615903644753,614.4418760035281,True,,端点最大距离且全时段按遮挡计损仍满足双向预算
T025,巡航,9976.421404340444,9996.184891563811,直连,,1745,PASS,worst_obstruction_endpoint_distance,21.381037235701385,337.4713404244718,True,,端点最大距离且全时段按遮挡计损仍满足双向预算
T025,下降,9996.184891563811,10014.31031697885,直连,,1746,PASS,worst_obstruction_endpoint_distance,27.79555154865507,161.25425415039103,True,,端点最大距离且全时段按遮挡计损仍满足双向预算
T025,下降,10014.31031697885,10032.435742393889,直连,,1747,PASS,worst_obstruction_endpoint_distance,30.00733842190894,125.00340332031283,True,,端点最大距离且全时段按遮挡计损仍满足双向预算
T025,下降,10032.435742393889,10050.561167808928,直连,,1748,PASS,worst_obstruction_endpoint_distance,32.9821581246938,88.75255249023462,True,,端点最大距离且全时段按遮挡计损仍满足双向预算
T025,下降,10050.561167808928,10068.686593223967,直连,,1749,PASS,worst_obstruction_endpoint_distance,37.54230757016704,52.501701660156414,True,,端点最大距离且全时段按遮挡计损仍满足双向预算
T025,下降,10068.686593223967,10086.812018639006,直连,,1750,PASS,worst_obstruction_endpoint_distance,45.92517525248826,20.0,True,,端点最大距离且全时段按遮挡计损仍满足双向预算
T026,爬升,8490.0,8508.392101372612,直连,,1751,PASS,worst_obstruction_endpoint_distance,41.02077101907989,35.17630411783688,True,,端点最大距离且全时段按遮挡计损仍满足双向预算
T026,爬升,8508.392101372612,8526.784202745226,直连,,1752,PASS,worst_obstruction_endpoint_distance,32.826961286043996,90.35260823567918,True,,端点最大距离且全时段按遮挡计损仍满足双向预算
T026,爬升,8526.784202745226,8545.176304117838,直连,,1753,PASS,worst_obstruction_endpoint_distance,28.68678949476505,145.52891235351603,True,,端点最大距离且全时段按遮挡计损仍满足双向预算
T026,巡航,8545.176304117838,8564.193466849745,直连,,1754,PASS,worst_obstruction_endpoint_distance,21.836398531290612,320.2350261363581,True,,端点最大距离且全时段按遮挡计损仍满足双向预算
T026,巡航,8564.193466849745,8583.210629581652,直连,,1755,PASS,worst_obstruction_endpoint_distance,16.546663988902537,588.7834023351405,True,,端点最大距离且全时段按遮挡计损仍满足双向预算
T026,巡航,8583.210629581652,8602.22779231356,直连,,1756,PASS,worst_obstruction_endpoint_distance,13.174798895214863,868.0581392014765,True,,端点最大距离且全时段按遮挡计损仍满足双向预算
T026,巡航,8602.22779231356,8621.244955045468,直连,,1757,PASS,worst_obstruction_endpoint_distance,10.729757922473041,1150.2728313183097,True,,端点最大距离且全时段按遮挡计损仍满足双向预算
T026,巡航,8621.244955045468,8640.262117777374,直连,,1758,PASS,worst_obstruction_endpoint_distance,8.816655594821057,1433.6923851274319,True,,端点最大距离且全时段按遮挡计损仍满足双向预算
T026,巡航,8640.262117777374,8659.279280509281,直连,,1759,PASS,worst_obstruction_endpoint_distance,7.246725157142279,1717.7205067016116,True,,端点最大距离且全时段按遮挡计损仍满足双向预算
T026,巡航,8659.279280509281,8678.296443241188,直连,,1760,PASS,worst_obstruction_endpoint_distance,5.916067623284519,2002.0982089747577,True,,端点最大距离且全时段按遮挡计损仍满足双向预算
T026,巡航,8678.296443241188,8697.313605973095,直连,,1761,PASS,worst_obstruction_endpoint_distance,4.761610048728812,2286.6950721260782,True,,端点最大距离且全时段按遮挡计损仍满足双向预算
T026,巡航,8697.313605973095,8716.330768705004,直连,,1762,PASS,worst_obstruction_endpoint_distance,3.7422529026328704,2571.4383295456846,True,,端点最大距离且全时段按遮挡计损仍满足双向预算
T026,巡航,8716.330768705004,8735.34793143691,直连,,1763,PASS,worst_obstruction_endpoint_distance,2.829746817360757,2856.284199392131,True,,端点最大距离且全时段按遮挡计损仍满足双向预算
T026,巡航,8735.34793143691,8754.365094168817,直连,,1764,PASS,worst_obstruction_endpoint_distance,2.003850208797573,3141.204766965233,True,,端点最大距离且全时段按遮挡计损仍满足双向预算
T026,巡航,8754.365094168817,8773.382256900724,直连,,1765,PASS,worst_obstruction_endpoint_distance,1.2495681126698628,3426.1813967707103,True,,端点最大距离且全时段按遮挡计损仍满足双向预算
T026,巡航,8773.382256900724,8792.399419632631,直连,,1766,PASS,worst_obstruction_endpoint_distance,0.5554852276978011,3711.20117407028,True,,端点最大距离且全时段按遮挡计损仍满足双向预算
T026,巡航,8792.399419632631,8811.416582364538,中继,R006,1767,PASS,worst_obstruction_endpoint_distance,1.424070268896557,1683.004374651207,True,,端点最大距离且全时段按遮挡计损仍满足双向预算
T026,巡航,8811.416582364538,8830.433745096445,中继,R006,1768,PASS,worst_obstruction_endpoint_distance,1.6921896288517644,1631.8463967173673,True,,端点最大距离且全时段按遮挡计损仍满足双向预算
T026,巡航,8830.433745096445,8849.450907828352,中继,R006,1769,PASS,worst_obstruction_endpoint_distance,1.4556353106120241,1676.8993359914796,True,,端点最大距离且全时段按遮挡计损仍满足双向预算
T026,巡航,8849.450907828352,8868.46807056026,中继,R006,1770,PASS,worst_obstruction_endpoint_distance,0.9894422489569195,1769.3617963080926,True,,端点最大距离且全时段按遮挡计损仍满足双向预算
T026,巡航,8868.46807056026,8887.485233292167,中继,R006,1771,PASS,worst_obstruction_endpoint_distance,0.3682561901576662,1900.5353363428865,True,,端点最大距离且全时段按遮挡计损仍满足双向预算
T026,巡航,8887.485233292167,8906.502396024074,中继,R008,1772,PASS,worst_obstruction_endpoint_distance,15.682545557046382,325.9578769273874,True,,端点最大距离且全时段按遮挡计损仍满足双向预算
T026,巡航,8906.502396024074,8925.519558755981,中继,R008,1773,PASS,worst_obstruction_endpoint_distance,18.001870807399882,249.57163139740678,True,,端点最大距离且全时段按遮挡计损仍满足双向预算
T026,下降,8925.519558755981,8938.165341226684,中继,R008,1774,PASS,worst_obstruction_endpoint_distance,18.001870807399882,249.57163139740678,True,,端点最大距离且全时段按遮挡计损仍满足双向预算
T026,下降,8938.165341226684,8950.811123697387,中继,R008,1775,PASS,worst_obstruction_endpoint_distance,17.88703216847678,252.8931988527141,True,,端点最大距离且全时段按遮挡计损仍满足双向预算
T026,投送,8950.811123697387,8970.811123697387,中继,R008,1776,PASS,exact_point,27.88703216847678,252.8931988527141,,,独立计算 DEM 遮挡、自由空间损耗与双向预算
T026,投送,8970.811123697387,8990.811123697387,中继,R008,1777,PASS,exact_point,27.88703216847678,252.8931988527141,,,独立计算 DEM 遮挡、自由空间损耗与双向预算
T026,投送,8990.811123697387,9010.811123697387,中继,R008,1778,PASS,exact_point,27.88703216847678,252.8931988527141,,,独立计算 DEM 遮挡、自由空间损耗与双向预算
T026,投送,9010.811123697387,9030.811123697387,中继,R008,1779,PASS,exact_point,27.88703216847678,252.8931988527141,,,独立计算 DEM 遮挡、自由空间损耗与双向预算
T026,投送,9030.811123697387,9050.811123697387,中继,R008,1780,PASS,exact_point,27.88703216847678,252.8931988527141,,,独立计算 DEM 遮挡、自由空间损耗与双向预算
T026,投送,9050.811123697387,9070.811123697387,中继,R008,1781,PASS,exact_point,27.88703216847678,252.8931988527141,,,独立计算 DEM 遮挡、自由空间损耗与双向预算
T026,投送,9070.811123697387,9090.811123697387,中继,R008,1782,PASS,exact_point,27.88703216847678,252.8931988527141,,,独立计算 DEM 遮挡、自由空间损耗与双向预算
T026,投送,9090.811123697387,9110.811123697387,中继,R008,1783,PASS,exact_point,27.88703216847678,252.8931988527141,,,独立计算 DEM 遮挡、自由空间损耗与双向预算
T026,投送,9110.811123697387,9130.811123697387,中继,R008,1784,PASS,exact_point,27.88703216847678,252.8931988527141,,,独立计算 DEM 遮挡、自由空间损耗与双向预算
T026,爬升,9130.811123697387,9141.349275756307,中继,R008,1785,PASS,worst_obstruction_endpoint_distance,17.88703216847678,252.8931988527141,True,,端点最大距离且全时段按遮挡计损仍满足双向预算
T026,爬升,9141.349275756307,9151.887427815225,中继,R008,1786,PASS,worst_obstruction_endpoint_distance,18.001870807399882,249.57163139740678,True,,端点最大距离且全时段按遮挡计损仍满足双向预算
T026,巡航,9151.887427815225,9170.904590547134,中继,R008,1787,PASS,worst_obstruction_endpoint_distance,18.001870807399882,249.57163139740678,True,,端点最大距离且全时段按遮挡计损仍满足双向预算
T026,巡航,9170.904590547134,9189.92175327904,中继,R008,1788,PASS,worst_obstruction_endpoint_distance,15.682545557045856,325.95787692740697,True,,端点最大距离且全时段按遮挡计损仍满足双向预算
T026,巡航,9189.92175327904,9208.938916010948,中继,R008,1789,PASS,worst_obstruction_endpoint_distance,10.236317224428007,610.2009747603922,True,,端点最大距离且全时段按遮挡计损仍满足双向预算
T026,巡航,9208.938916010948,9227.956078742855,中继,R008,1790,PASS,worst_obstruction_endpoint_distance,6.908444158041945,895.0896809442007,True,,端点最大距离且全时段按遮挡计损仍满足双向预算
T026,巡航,9227.956078742855,9246.973241474761,中继,R008,1791,PASS,worst_obstruction_endpoint_distance,4.506982815151915,1180.1565402670476,True,,端点最大距离且全时段按遮挡计损仍满足双向预算
T026,巡航,9246.973241474761,9265.990404206668,中继,R008,1792,PASS,worst_obstruction_endpoint_distance,2.627258519793102,1465.2975798126802,True,,端点最大距离且全时段按遮挡计损仍满足双向预算
T026,巡航,9265.990404206668,9285.007566938577,中继,R008,1793,PASS,worst_obstruction_endpoint_distance,1.08264922441208,1750.4765495546692,True,,端点最大距离且全时段按遮挡计损仍满足双向预算
T026,巡航,9285.007566938577,9304.024729670484,直连,,1794,PASS,worst_obstruction_endpoint_distance,0.5554852276978579,3711.201174070255,True,,端点最大距离且全时段按遮挡计损仍满足双向预算
T026,巡航,9304.024729670484,9323.04189240239,直连,,1795,PASS,worst_obstruction_endpoint_distance,1.2495681126698628,3426.1813967707103,True,,端点最大距离且全时段按遮挡计损仍满足双向预算
T026,巡航,9323.04189240239,9342.059055134298,直连,,1796,PASS,worst_obstruction_endpoint_distance,2.003850208797573,3141.204766965233,True,,端点最大距离且全时段按遮挡计损仍满足双向预算
T026,巡航,9342.059055134298,9361.076217866204,直连,,1797,PASS,worst_obstruction_endpoint_distance,2.829746817360757,2856.284199392131,True,,端点最大距离且全时段按遮挡计损仍满足双向预算
T026,巡航,9361.076217866204,9380.093380598111,直连,,1798,PASS,worst_obstruction_endpoint_distance,3.7422529026328704,2571.4383295456846,True,,端点最大距离且全时段按遮挡计损仍满足双向预算
T026,巡航,9380.093380598111,9399.110543330018,直连,,1799,PASS,worst_obstruction_endpoint_distance,4.761610048728812,2286.6950721260782,True,,端点最大距离且全时段按遮挡计损仍满足双向预算
T026,巡航,9399.110543330018,9418.127706061925,直连,,1800,PASS,worst_obstruction_endpoint_distance,5.916067623284519,2002.0982089747577,True,,端点最大距离且全时段按遮挡计损仍满足双向预算
T026,巡航,9418.127706061925,9437.144868793834,直连,,1801,PASS,worst_obstruction_endpoint_distance,7.246725157142279,1717.7205067016116,True,,端点最大距离且全时段按遮挡计损仍满足双向预算
T026,巡航,9437.144868793834,9456.16203152574,直连,,1802,PASS,worst_obstruction_endpoint_distance,8.816655594821057,1433.6923851274319,True,,端点最大距离且全时段按遮挡计损仍满足双向预算
T026,巡航,9456.16203152574,9475.179194257647,直连,,1803,PASS,worst_obstruction_endpoint_distance,10.729757922473041,1150.2728313183097,True,,端点最大距离且全时段按遮挡计损仍满足双向预算
T026,巡航,9475.179194257647,9494.196356989554,直连,,1804,PASS,worst_obstruction_endpoint_distance,13.174798895214863,868.0581392014765,True,,端点最大距离且全时段按遮挡计损仍满足双向预算
T026,巡航,9494.196356989554,9513.213519721461,直连,,1805,PASS,worst_obstruction_endpoint_distance,16.546663988902537,588.7834023351405,True,,端点最大距离且全时段按遮挡计损仍满足双向预算
T026,巡航,9513.213519721461,9532.230682453368,直连,,1806,PASS,worst_obstruction_endpoint_distance,21.836398531290612,320.2350261363581,True,,端点最大距离且全时段按遮挡计损仍满足双向预算
T026,下降,9532.230682453368,9548.783573688721,直连,,1807,PASS,worst_obstruction_endpoint_distance,28.68678949476505,145.52891235351603,True,,端点最大距离且全时段按遮挡计损仍满足双向预算
T026,下降,9548.783573688721,9565.336464924072,直连,,1808,PASS,worst_obstruction_endpoint_distance,31.59286620976681,104.14668426513362,True,,端点最大距离且全时段按遮挡计损仍满足双向预算
T026,下降,9565.336464924072,9581.889356159423,直连,,1809,PASS,worst_obstruction_endpoint_distance,35.991499761200814,62.76445617675574,True,,端点最大距离且全时段按遮挡计损仍满足双向预算
T026,下降,9581.889356159423,9598.442247394774,直连,,1810,PASS,worst_obstruction_endpoint_distance,45.34471600699351,21.38222808837787,True,,端点最大距离且全时段按遮挡计损仍满足双向预算
T027,爬升,10069.0,10086.107585313584,直连,,1811,PASS,worst_obstruction_endpoint_distance,42.02857583418913,31.32275594075338,True,,端点最大距离且全时段按遮挡计损仍满足双向预算
T027,爬升,10086.107585313584,10103.21517062717,直连,,1812,PASS,worst_obstruction_endpoint_distance,33.60138968771966,82.64551188151216,True,,端点最大距离且全时段按遮挡计损仍满足双向预算
T027,爬升,10103.21517062717,10120.322755940755,直连,,1813,PASS,worst_obstruction_endpoint_distance,29.405736324095642,133.96826782226555,True,,端点最大距离且全时段按遮挡计损仍满足双向预算
T027,爬升,10120.322755940755,10137.43034125434,直连,,1814,PASS,worst_obstruction_endpoint_distance,26.588687548371368,185.29102376301887,True,,端点最大距离且全时段按遮挡计损仍满足双向预算
T027,爬升,10137.43034125434,10154.537926567926,直连,,1815,PASS,worst_obstruction_endpoint_distance,24.464974504050446,236.6137797037777,True,,端点最大距离且全时段按遮挡计损仍满足双向预算
T027,爬升,10154.537926567926,10171.64551188151,直连,,1816,PASS,worst_obstruction_endpoint_distance,22.759839664518097,287.93653564453103,True,,端点最大距离且全时段按遮挡计损仍满足双向预算
T027,巡航,10171.64551188151,10191.580823865923,直连,,1817,PASS,worst_obstruction_endpoint_distance,19.58226210365403,415.12190732371414,True,,端点最大距离且全时段按遮挡计损仍满足双向预算
T027,巡航,10191.580823865923,10211.516135850337,直连,,1818,PASS,worst_obstruction_endpoint_distance,15.505503268057225,663.7638481291795,True,,端点最大距离且全时段按遮挡计损仍满足双向预算
T027,巡航,10211.516135850337,10231.45144783475,直连,,1819,PASS,worst_obstruction_endpoint_distance,12.463229440911974,942.1656929588921,True,,端点最大距离且全时段按遮挡计损仍满足双向预算
T027,巡航,10231.45144783475,10251.386759819163,直连,,1820,PASS,worst_obstruction_endpoint_distance,10.145642631642758,1230.287543079355,True,,端点最大距离且全时段按遮挡计损仍满足双向预算
T027,巡航,10251.386759819163,10271.322071803575,直连,,1821,PASS,worst_obstruction_endpoint_distance,8.293936099781448,1522.621483851366,True,,端点最大距离且全时段按遮挡计损仍满足双向预算
T027,巡航,10271.322071803575,10291.25738378799,直连,,1822,PASS,worst_obstruction_endpoint_distance,6.758027590343033,1817.1357754107732,True,,端点最大距离且全时段按遮挡计损仍满足双向预算
T027,巡航,10291.25738378799,10311.192695772403,直连,,1823,PASS,worst_obstruction_endpoint_distance,5.448118714902037,2112.9188740298164,True,,端点最大距离且全时段按遮挡计损仍满足双向预算
T027,巡航,10311.192695772403,10331.128007756815,直连,,1824,PASS,worst_obstruction_endpoint_distance,4.307223717296679,2409.5035606837673,True,,端点最大距离且全时段按遮挡计损仍满足双向预算
T027,巡航,10331.128007756815,10351.063319741228,直连,,1825,PASS,worst_obstruction_endpoint_distance,3.2972090851020823,2706.626340747146,True,,端点最大距离且全时段按遮挡计损仍满足双向预算
T027,巡航,10351.063319741228,10370.998631725643,直连,,1826,PASS,worst_obstruction_endpoint_distance,2.3914077795581505,3004.1275583214433,True,,端点最大距离且全时段按遮挡计损仍满足双向预算
T027,巡航,10370.998631725643,10390.933943710055,直连,,1827,PASS,worst_obstruction_endpoint_distance,1.5704838890166855,3301.9049234751205,True,,端点最大距离且全时段按遮挡计损仍满足双向预算
T027,巡航,10390.933943710055,10410.869255694468,直连,,1828,PASS,worst_obstruction_endpoint_distance,0.8199907753847242,3599.8899093491077,True,,端点最大距离且全时段按遮挡计损仍满足双向预算
T027,巡航,10410.869255694468,10430.804567678882,直连,,1829,PASS,worst_obstruction_endpoint_distance,0.1288606994989152,3898.034901583201,True,,端点最大距离且全时段按遮挡计损仍满足双向预算
T027,巡航,10430.804567678882,10450.739879663295,中继,R009,1830,PASS,worst_obstruction_endpoint_distance,10.948992185169729,562.133087686047,True,,端点最大距离且全时段按遮挡计损仍满足双向预算
T027,巡航,10450.739879663295,10470.675191647708,中继,R009,1831,PASS,worst_obstruction_endpoint_distance,16.38604170257858,300.598405903194,True,,端点最大距离且全时段按遮挡计损仍满足双向预算
T027,巡航,10470.675191647708,10490.61050363212,中继,R009,1832,PASS,worst_obstruction_endpoint_distance,13.500443868742849,419.0506945919927,True,,端点最大距离且全时段按遮挡计损仍满足双向预算
T027,下降,10490.61050363212,10507.417810761028,中继,R009,1833,PASS,worst_obstruction_endpoint_distance,13.15112835499147,436.24688662675237,True,,端点最大距离且全时段按遮挡计损仍满足双向预算
T027,下降,10507.417810761028,10524.225117889933,中继,R009,1834,PASS,worst_obstruction_endpoint_distance,12.753667451270502,456.6730528579534,True,,端点最大距离且全时段按遮挡计损仍满足双向预算
T027,投送,10524.225117889933,10544.225117889933,中继,R009,1835,PASS,exact_point,22.753667451270502,456.6730528579534,,,独立计算 DEM 遮挡、自由空间损耗与双向预算
T027,投送,10544.225117889933,10564.225117889933,中继,R009,1836,PASS,exact_point,22.753667451270502,456.6730528579534,,,独立计算 DEM 遮挡、自由空间损耗与双向预算
T027,投送,10564.225117889933,10584.225117889933,中继,R009,1837,PASS,exact_point,22.753667451270502,456.6730528579534,,,独立计算 DEM 遮挡、自由空间损耗与双向预算
T027,投送,10584.225117889933,10604.225117889933,中继,R009,1838,PASS,exact_point,22.753667451270502,456.6730528579534,,,独立计算 DEM 遮挡、自由空间损耗与双向预算
T027,投送,10604.225117889933,10624.225117889933,中继,R009,1839,PASS,exact_point,22.753667451270502,456.6730528579534,,,独立计算 DEM 遮挡、自由空间损耗与双向预算
T027,投送,10624.225117889933,10644.225117889933,中继,R009,1840,PASS,exact_point,22.753667451270502,456.6730528579534,,,独立计算 DEM 遮挡、自由空间损耗与双向预算
T027,投送,10644.225117889933,10664.225117889933,中继,R009,1841,PASS,exact_point,22.753667451270502,456.6730528579534,,,独立计算 DEM 遮挡、自由空间损耗与双向预算
T027,投送,10664.225117889933,10684.225117889933,中继,R009,1842,PASS,exact_point,22.753667451270502,456.6730528579534,,,独立计算 DEM 遮挡、自由空间损耗与双向预算
T027,投送,10684.225117889933,10704.225117889933,中继,R009,1843,PASS,exact_point,22.753667451270502,456.6730528579534,,,独立计算 DEM 遮挡、自由空间损耗与双向预算
T027,爬升,10704.225117889933,10718.231207164023,中继,R009,1844,PASS,worst_obstruction_endpoint_distance,12.753667451270502,456.6730528579534,True,,端点最大距离且全时段按遮挡计损仍满足双向预算
T027,爬升,10718.231207164023,10732.23729643811,中继,R009,1845,PASS,worst_obstruction_endpoint_distance,13.151128354991513,436.24688662675015,True,,端点最大距离且全时段按遮挡计损仍满足双向预算
T027,巡航,10732.23729643811,10752.172608422523,中继,R009,1846,PASS,worst_obstruction_endpoint_distance,13.500443868742849,419.0506945919927,True,,端点最大距离且全时段按遮挡计损仍满足双向预算
T027,巡航,10752.172608422523,10772.107920406937,中继,R009,1847,PASS,worst_obstruction_endpoint_distance,16.38604170257858,300.598405903194,True,,端点最大距离且全时段按遮挡计损仍满足双向预算
T027,巡航,10772.107920406937,10792.04323239135,中继,R009,1848,PASS,worst_obstruction_endpoint_distance,10.948992185168862,562.133087686103,True,,端点最大距离且全时段按遮挡计损仍满足双向预算
T027,巡航,10792.04323239135,10811.978544375763,直连,,1849,PASS,worst_obstruction_endpoint_distance,0.1288606994990289,3898.0349015831453,True,,端点最大距离且全时段按遮挡计损仍满足双向预算
T027,巡航,10811.978544375763,10831.913856360177,直连,,1850,PASS,worst_obstruction_endpoint_distance,0.8199907753847242,3599.8899093491077,True,,端点最大距离且全时段按遮挡计损仍满足双向预算
T027,巡航,10831.913856360177,10851.84916834459,直连,,1851,PASS,worst_obstruction_endpoint_distance,1.5704838890168276,3301.904923475064,True,,端点最大距离且全时段按遮挡计损仍满足双向预算
T027,巡航,10851.84916834459,10871.784480329003,直连,,1852,PASS,worst_obstruction_endpoint_distance,2.3914077795581505,3004.1275583214433,True,,端点最大距离且全时段按遮挡计损仍满足双向预算
T027,巡航,10871.784480329003,10891.719792313415,直连,,1853,PASS,worst_obstruction_endpoint_distance,3.2972090851020823,2706.626340747146,True,,端点最大距离且全时段按遮挡计损仍满足双向预算
T027,巡航,10891.719792313415,10911.655104297828,直连,,1854,PASS,worst_obstruction_endpoint_distance,4.307223717296679,2409.5035606837673,True,,端点最大距离且全时段按遮挡计损仍满足双向预算
T027,巡航,10911.655104297828,10931.590416282243,直连,,1855,PASS,worst_obstruction_endpoint_distance,5.448118714902037,2112.9188740298164,True,,端点最大距离且全时段按遮挡计损仍满足双向预算
T027,巡航,10931.590416282243,10951.525728266655,直连,,1856,PASS,worst_obstruction_endpoint_distance,6.758027590343033,1817.1357754107732,True,,端点最大距离且全时段按遮挡计损仍满足双向预算
T027,巡航,10951.525728266655,10971.461040251068,直连,,1857,PASS,worst_obstruction_endpoint_distance,8.293936099781448,1522.621483851366,True,,端点最大距离且全时段按遮挡计损仍满足双向预算
T027,巡航,10971.461040251068,10991.396352235482,直连,,1858,PASS,worst_obstruction_endpoint_distance,10.145642631642758,1230.287543079355,True,,端点最大距离且全时段按遮挡计损仍满足双向预算
T027,巡航,10991.396352235482,11011.331664219895,直连,,1859,PASS,worst_obstruction_endpoint_distance,12.463229440912471,942.1656929588383,True,,端点最大距离且全时段按遮挡计损仍满足双向预算
T027,巡航,11011.331664219895,11031.266976204308,直连,,1860,PASS,worst_obstruction_endpoint_distance,15.505503268057225,663.7638481291795,True,,端点最大距离且全时段按遮挡计损仍满足双向预算
T027,巡航,11031.266976204308,11051.20228818872,直连,,1861,PASS,worst_obstruction_endpoint_distance,19.58226210365403,415.12190732371414,True,,端点最大距离且全时段按遮挡计损仍满足双向预算
T027,下降,11051.20228818872,11068.798661654124,直连,,1862,PASS,worst_obstruction_endpoint_distance,22.759839664518097,287.93653564453103,True,,端点最大距离且全时段按遮挡计损仍满足双向预算
T027,下降,11068.798661654124,11086.395035119525,直连,,1863,PASS,worst_obstruction_endpoint_distance,24.19991531057883,243.94560198102272,True,,端点最大距离且全时段按遮挡计损仍满足双向预算
T027,下降,11086.395035119525,11103.991408584927,直连,,1864,PASS,worst_obstruction_endpoint_distance,25.92714420559227,199.95466831751895,True,,端点最大距离且全时段按遮挡计损仍满足双向预算
T027,下降,11103.991408584927,11121.587782050328,直连,,1865,PASS,worst_obstruction_endpoint_distance,28.085302643629063,155.96373465401513,True,,端点最大距离且全时段按遮挡计损仍满足双向预算
T027,下降,11121.587782050328,11139.18415551573,直连,,1866,PASS,worst_obstruction_endpoint_distance,30.963524322056145,111.97280099051136,True,,端点最大距离且全时段按遮挡计损仍满足双向预算
T027,下降,11139.18415551573,11156.780528981131,直连,,1867,PASS,worst_obstruction_endpoint_distance,35.297913373396256,67.98186732700756,True,,端点最大距离且全时段按遮挡计损仍满足双向预算
T027,下降,11156.780528981131,11174.376902446533,直连,,1868,PASS,worst_obstruction_endpoint_distance,44.344832168047475,23.990933663503824,True,,端点最大距离且全时段按遮挡计损仍满足双向预算
T028,爬升,10093.0,10111.098788248699,直连,,1869,PASS,worst_obstruction_endpoint_distance,41.24081337971073,34.296364746096,True,,端点最大距离且全时段按遮挡计损仍满足双向预算
T028,爬升,10111.098788248699,10129.197576497396,直连,,1870,PASS,worst_obstruction_endpoint_distance,32.997813520574255,88.59272949218652,True,,端点最大距离且全时段按遮挡计损仍满足双向预算
T028,爬升,10129.197576497396,10147.296364746095,直连,,1871,PASS,worst_obstruction_endpoint_distance,28.84579350007803,142.8890942382825,True,,端点最大距离且全时段按遮挡计损仍满足双向预算
T028,爬升,10147.296364746095,10165.395152994792,直连,,1872,PASS,worst_obstruction_endpoint_distance,26.04827745221256,197.18545898437304,True,,端点最大距离且全时段按遮挡计损仍满足双向预算
T028,爬升,10165.395152994792,10183.49394124349,直连,,1873,PASS,worst_obstruction_endpoint_distance,23.935643142447674,251.481823730469,True,,端点最大距离且全时段按遮挡计损仍满足双向预算
T028,巡航,10183.49394124349,10202.510517875495,直连,,1874,PASS,worst_obstruction_endpoint_distance,20.34379491691523,380.27608351957934,True,,端点最大距离且全时段按遮挡计损仍满足双向预算
T028,巡航,10202.510517875495,10221.5270945075,直连,,1875,PASS,worst_obstruction_endpoint_distance,16.049514949605253,623.466338937083,True,,端点最大距离且全时段按遮挡计损仍满足双向预算
T028,巡航,10221.5270945075,10240.543671139507,直连,,1876,PASS,worst_obstruction_endpoint_distance,12.939131831411018,891.9328651522274,True,,端点最大距离且全时段按遮挡计损仍满足双向预算
T028,巡航,10240.543671139507,10259.560247771513,直连,,1877,PASS,worst_obstruction_endpoint_distance,10.594093021855429,1168.379981063537,True,,端点最大距离且全时段按遮挡计损仍满足双向预算
T028,巡航,10259.560247771513,10278.576824403519,直连,,1878,PASS,worst_obstruction_endpoint_distance,8.72893580056764,1448.2447681320716,True,,端点最大距离且全时段按遮挡计损仍满足双向预算
T028,巡航,10278.576824403519,10297.593401035525,直连,,1879,PASS,worst_obstruction_endpoint_distance,7.185509592415272,1729.8692496123044,True,,端点最大距离且全时段按遮挡计损仍满足双向预算
T028,巡航,10297.593401035525,10316.609977667531,直连,,1880,PASS,worst_obstruction_endpoint_distance,5.870993404915339,2012.514824081251,True,,端点最大距离且全时段按遮挡计损仍满足双向预算
T028,巡航,10316.609977667531,10335.626554299537,直连,,1881,PASS,worst_obstruction_endpoint_distance,4.727077525390385,2295.804390099458,True,,端点最大距离且全时段按遮挡计损仍满足双向预算
T028,巡航,10335.626554299537,10354.643130931543,直连,,1882,PASS,worst_obstruction_endpoint_distance,3.7149777055149116,2579.525782409383,True,,端点最大距离且全时段按遮挡计损仍满足双向预算
T028,巡航,10354.643130931543,10373.659707563547,直连,,1883,PASS,worst_obstruction_endpoint_distance,2.807677788514951,2863.5506474809567,True,,端点最大距离且全时段按遮挡计损仍满足双向预算
T028,巡航,10373.659707563547,10392.676284195553,直连,,1884,PASS,worst_obstruction_endpoint_distance,1.9856412656795612,3147.7968395884704,True,,端点最大距离且全时段按遮挡计损仍满足双向预算
T028,巡航,10392.676284195553,10411.69286082756,直连,,1885,PASS,worst_obstruction_endpoint_distance,1.2342997133882534,3432.2093700731825,True,,端点最大距离且全时段按遮挡计损仍满足双向预算
T028,巡航,10411.69286082756,10430.709437459565,直连,,1886,PASS,worst_obstruction_endpoint_distance,0.5425080385621612,3716.750053578153,True,,端点最大距离且全时段按遮挡计损仍满足双向预算
T028,巡航,10430.709437459565,10449.726014091571,中继,R009,1887,PASS,worst_obstruction_endpoint_distance,2.6367184328904614,1463.702574272917,True,,端点最大距离且全时段按遮挡计损仍满足双向预算
T028,巡航,10449.726014091571,10468.742590723577,中继,R009,1888,PASS,worst_obstruction_endpoint_distance,3.0597232739024207,1394.1278229083944,True,,端点最大距离且全时段按遮挡计损仍满足双向预算
T028,巡航,10468.742590723577,10487.759167355583,中继,R009,1889,PASS,worst_obstruction_endpoint_distance,2.861993538800405,1426.2284039160454,True,,端点最大距离且全时段按遮挡计损仍满足双向预算
T028,巡航,10487.759167355583,10506.77574398759,中继,R009,1890,PASS,worst_obstruction_endpoint_distance,2.284357046148841,1524.301601715459,True,,端点最大距离且全时段按遮挡计损仍满足双向预算
T028,下降,10506.77574398759,10525.768473479777,中继,R009,1891,PASS,worst_obstruction_endpoint_distance,2.246501178587579,1530.9594906028888,True,,端点最大距离且全时段按遮挡计损仍满足双向预算
T028,投送,10525.768473479777,10545.768473479777,中继,R009,1892,PASS,exact_point,12.246501178587579,1530.9594906028888,,,独立计算 DEM 遮挡、自由空间损耗与双向预算
T028,投送,10545.768473479777,10565.768473479777,中继,R009,1893,PASS,exact_point,12.246501178587579,1530.9594906028888,,,独立计算 DEM 遮挡、自由空间损耗与双向预算
T028,投送,10565.768473479777,10585.768473479777,中继,R009,1894,PASS,exact_point,12.246501178587579,1530.9594906028888,,,独立计算 DEM 遮挡、自由空间损耗与双向预算
T028,投送,10585.768473479777,10605.768473479777,中继,R009,1895,PASS,exact_point,12.246501178587579,1530.9594906028888,,,独立计算 DEM 遮挡、自由空间损耗与双向预算
T028,投送,10605.768473479777,10625.768473479777,中继,R009,1896,PASS,exact_point,12.246501178587579,1530.9594906028888,,,独立计算 DEM 遮挡、自由空间损耗与双向预算
T028,投送,10625.768473479777,10645.768473479777,中继,R009,1897,PASS,exact_point,12.246501178587579,1530.9594906028888,,,独立计算 DEM 遮挡、自由空间损耗与双向预算
T028,投送,10645.768473479777,10665.768473479777,中继,R009,1898,PASS,exact_point,12.246501178587579,1530.9594906028888,,,独立计算 DEM 遮挡、自由空间损耗与双向预算
T028,投送,10665.768473479777,10685.768473479777,中继,R009,1899,PASS,exact_point,12.246501178587579,1530.9594906028888,,,独立计算 DEM 遮挡、自由空间损耗与双向预算
T028,投送,10685.768473479777,10705.768473479777,中继,R009,1900,PASS,exact_point,12.246501178587579,1530.9594906028888,,,独立计算 DEM 遮挡、自由空间损耗与双向预算
T028,爬升,10705.768473479777,10721.5957480566,中继,R009,1901,PASS,worst_obstruction_endpoint_distance,2.246501178587579,1530.9594906028888,True,,端点最大距离且全时段按遮挡计损仍满足双向预算
T028,巡航,10721.5957480566,10740.612324688605,中继,R009,1902,PASS,worst_obstruction_endpoint_distance,2.284357046148841,1524.301601715459,True,,端点最大距离且全时段按遮挡计损仍满足双向预算
T028,巡航,10740.612324688605,10759.628901320611,中继,R009,1903,PASS,worst_obstruction_endpoint_distance,2.861993538800405,1426.2284039160454,True,,端点最大距离且全时段按遮挡计损仍满足双向预算
T028,巡航,10759.628901320611,10778.645477952618,中继,R009,1904,PASS,worst_obstruction_endpoint_distance,3.0597232739024207,1394.1278229083944,True,,端点最大距离且全时段按遮挡计损仍满足双向预算
T028,巡航,10778.645477952618,10797.662054584624,中继,R009,1905,PASS,worst_obstruction_endpoint_distance,2.6367184328904614,1463.702574272917,True,,端点最大距离且全时段按遮挡计损仍满足双向预算
T028,巡航,10797.662054584624,10816.67863121663,直连,,1906,PASS,worst_obstruction_endpoint_distance,0.5425080385621612,3716.750053578153,True,,端点最大距离且全时段按遮挡计损仍满足双向预算
T028,巡航,10816.67863121663,10835.695207848634,直连,,1907,PASS,worst_obstruction_endpoint_distance,1.2342997133882534,3432.2093700731825,True,,端点最大距离且全时段按遮挡计损仍满足双向预算
T028,巡航,10835.695207848634,10854.71178448064,直连,,1908,PASS,worst_obstruction_endpoint_distance,1.9856412656795612,3147.7968395884704,True,,端点最大距离且全时段按遮挡计损仍满足双向预算
T028,巡航,10854.71178448064,10873.728361112646,直连,,1909,PASS,worst_obstruction_endpoint_distance,2.807677788514809,2863.5506474810068,True,,端点最大距离且全时段按遮挡计损仍满足双向预算
T028,巡航,10873.728361112646,10892.744937744652,直连,,1910,PASS,worst_obstruction_endpoint_distance,3.7149777055149116,2579.525782409383,True,,端点最大距离且全时段按遮挡计损仍满足双向预算
T028,巡航,10892.744937744652,10911.761514376658,直连,,1911,PASS,worst_obstruction_endpoint_distance,4.727077525390385,2295.804390099458,True,,端点最大距离且全时段按遮挡计损仍满足双向预算
T028,巡航,10911.761514376658,10930.778091008664,直连,,1912,PASS,worst_obstruction_endpoint_distance,5.870993404915339,2012.514824081251,True,,端点最大距离且全时段按遮挡计损仍满足双向预算
T028,巡航,10930.778091008664,10949.79466764067,直连,,1913,PASS,worst_obstruction_endpoint_distance,7.185509592415272,1729.8692496123044,True,,端点最大距离且全时段按遮挡计损仍满足双向预算
T028,巡航,10949.79466764067,10968.811244272676,直连,,1914,PASS,worst_obstruction_endpoint_distance,8.72893580056764,1448.2447681320716,True,,端点最大距离且全时段按遮挡计损仍满足双向预算
T028,巡航,10968.811244272676,10987.82782090468,直连,,1915,PASS,worst_obstruction_endpoint_distance,10.594093021855429,1168.379981063537,True,,端点最大距离且全时段按遮挡计损仍满足双向预算
T028,巡航,10987.82782090468,11006.844397536686,直连,,1916,PASS,worst_obstruction_endpoint_distance,12.939131831411018,891.9328651522274,True,,端点最大距离且全时段按遮挡计损仍满足双向预算
T028,巡航,11006.844397536686,11025.860974168692,直连,,1917,PASS,worst_obstruction_endpoint_distance,16.049514949605253,623.466338937083,True,,端点最大距离且全时段按遮挡计损仍满足双向预算
T028,巡航,11025.860974168692,11044.877550800698,直连,,1918,PASS,worst_obstruction_endpoint_distance,20.343794916914376,380.27608351961703,True,,端点最大距离且全时段按遮挡计损仍满足双向预算
T028,下降,11044.877550800698,11062.976339049397,直连,,1919,PASS,worst_obstruction_endpoint_distance,23.935643142447674,251.481823730469,True,,端点最大距离且全时段按遮挡计损仍满足双向预算
T028,下降,11062.976339049397,11081.075127298094,直连,,1920,PASS,worst_obstruction_endpoint_distance,25.65853393190919,206.2348531087219,True,,端点最大距离且全时段按遮挡计损仍满足双向预算
T028,下降,11081.075127298094,11099.173915546793,直连,,1921,PASS,worst_obstruction_endpoint_distance,27.809911405017885,160.98788248697934,True,,端点最大距离且全时段按遮挡计损仍满足双向预算
T028,下降,11099.173915546793,11117.27270379549,直连,,1922,PASS,worst_obstruction_endpoint_distance,30.67603717313186,115.74091186523225,True,,端点最大距离且全时段按遮挡计损仍满足双向预算
T028,下降,11117.27270379549,11135.371492044189,直连,,1923,PASS,worst_obstruction_endpoint_distance,34.98273932171074,70.49394124348967,True,,端点最大距离且全时段按遮挡计损仍满足双向预算
T028,下降,11135.371492044189,11153.470280292886,直连,,1924,PASS,worst_obstruction_endpoint_distance,43.90158967207188,25.24697062174255,True,,端点最大距离且全时段按遮挡计损仍满足双向预算
T029,爬升,10714.0,10733.293517252605,直连,,1925,PASS,worst_obstruction_endpoint_distance,42.93039059934205,28.23379313151247,True,,端点最大距离且全时段按遮挡计损仍满足双向预算
T029,爬升,10733.293517252605,10752.587034505208,直连,,1926,PASS,worst_obstruction_endpoint_distance,34.276227532041716,76.4675862630204,True,,端点最大距离且全时段按遮挡计损仍满足双向预算
T029,爬升,10752.587034505208,10771.880551757813,直连,,1927,PASS,worst_obstruction_endpoint_distance,30.02835001598521,124.70137939453286,True,,端点最大距离且全时段按遮挡计损仍满足双向预算
T029,爬升,10771.880551757813,10791.174069010416,直连,,1928,PASS,worst_obstruction_endpoint_distance,27.18810853562924,172.9351725260408,True,,端点最大距离且全时段按遮挡计损仍满足双向预算
T029,爬升,10791.174069010416,10810.467586263021,直连,,1929,PASS,worst_obstruction_endpoint_distance,25.05129142823644,221.16896565755326,True,,端点最大距离且全时段按遮挡计损仍满足双向预算
T029,爬升,10810.467586263021,10829.761103515624,直连,,1930,PASS,worst_obstruction_endpoint_distance,23.337734390683977,269.4027587890611,True,,端点最大距离且全时段按遮挡计损仍满足双向预算
T029,爬升,10829.761103515624,10849.05462076823,直连,,1931,PASS,worst_obstruction_endpoint_distance,21.907165707290872,317.6365519205736,True,,端点最大距离且全时段按遮挡计损仍满足双向预算
T029,爬升,10849.05462076823,10868.348138020834,直连,,1932,PASS,worst_obstruction_endpoint_distance,20.67923096631543,365.87034505208607,True,,端点最大距离且全时段按遮挡计损仍满足双向预算
T029,爬升,10868.348138020834,10887.641655273437,直连,,1933,PASS,worst_obstruction_endpoint_distance,19.603583756332725,414.104138183594,True,,端点最大距离且全时段按遮挡计损仍满足双向预算
T029,巡航,10887.641655273437,10907.010529185574,直连,,1934,PASS,worst_obstruction_endpoint_distance,17.86521275478823,505.85741518854684,True,,端点最大距离且全时段按遮挡计损仍满足双向预算
T029,巡航,10907.010529185574,10926.37940309771,直连,,1935,PASS,worst_obstruction_endpoint_distance,14.877571997569547,713.5265841036068,True,,端点最大距离且全时段按遮挡计损仍满足双向预算
T029,巡航,10926.37940309771,10945.748277009847,直连,,1936,PASS,worst_obstruction_endpoint_distance,12.255496498365815,964.9702702284851,True,,端点最大距离且全时段按遮挡计损仍满足双向预算
T029,巡航,10945.748277009847,10965.117150921982,直连,,1937,PASS,worst_obstruction_endpoint_distance,10.121531530871934,1233.707434162586,True,,端点最大距离且全时段按遮挡计损仍满足双向预算
T029,巡航,10965.117150921982,10984.486024834117,直连,,1938,PASS,worst_obstruction_endpoint_distance,8.363152781545892,1510.5361360364743,True,,端点最大距离且全时段按遮挡计损仍满足双向预算
T029,巡航,10984.486024834117,11003.854898746255,直连,,1939,PASS,worst_obstruction_endpoint_distance,6.88042209365949,1791.7097359553002,True,,端点最大距离且全时段按遮挡计损仍满足双向预算
T029,巡航,11003.854898746255,11023.22377265839,直连,,1940,PASS,worst_obstruction_endpoint_distance,5.6034748051165195,2075.4631078491716,True,,端点最大距离且全时段按遮挡计损仍满足双向预算
T029,巡航,11023.22377265839,11042.592646570527,直连,,1941,PASS,worst_obstruction_endpoint_distance,4.484347514560369,2360.8662437016196,True,,端点最大距离且全时段按遮挡计损仍满足双向预算
T029,巡航,11042.592646570527,11061.961520482662,直连,,1942,PASS,worst_obstruction_endpoint_distance,3.489431003683208,2647.3856356294796,True,,端点最大距离且全时段按遮挡计损仍满足双向预算
T029,巡航,11061.961520482662,11081.3303943948,直连,,1943,PASS,worst_obstruction_endpoint_distance,2.5945176302470827,2934.6943556878236,True,,端点最大距离且全时段按遮挡计损仍满足双向预算
T029,巡航,11081.3303943948,11100.699268306935,直连,,1944,PASS,worst_obstruction_endpoint_distance,1.7816975303945526,3222.5812935216322,True,,端点最大距离且全时段按遮挡计损仍满足双向预算
T029,巡航,11100.699268306935,11120.068142219072,直连,,1945,PASS,worst_obstruction_endpoint_distance,1.0373955454072217,3510.9042140003926,True,,端点最大距离且全时段按遮挡计损仍满足双向预算
T029,巡航,11120.068142219072,11139.437016131207,直连,,1946,PASS,worst_obstruction_endpoint_distance,0.3511001857511502,3799.563867195433,True,,端点最大距离且全时段按遮挡计损仍满足双向预算
T029,巡航,11139.437016131207,11158.805890043343,中继,R010,1947,PASS,worst_obstruction_endpoint_distance,0.9845112323786225,1770.3665557193347,True,,端点最大距离且全时段按遮挡计损仍满足双向预算
T029,巡航,11158.805890043343,11178.17476395548,中继,R010,1948,PASS,worst_obstruction_endpoint_distance,2.5205068448939016,1483.4175612415986,True,,端点最大距离且全时段按遮挡计损仍满足双向预算
T029,巡航,11178.17476395548,11197.543637867615,中继,R010,1949,PASS,worst_obstruction_endpoint_distance,4.375209083256834,1198.197210341921,True,,端点最大距离且全时段按遮挡计损仍满足双向预算
T029,巡航,11197.543637867615,11216.912511779752,中继,R010,1950,PASS,worst_obstruction_endpoint_distance,6.704821087598461,916.3211354232054,True,,端点最大距离且全时段按遮挡计损仍满足双向预算
T029,巡航,11216.912511779752,11236.281385691887,中继,R010,1951,PASS,worst_obstruction_endpoint_distance,9.792259352295744,642.2081174014426,True,,端点最大距离且全时段按遮挡计损仍满足双向预算
T029,巡航,11236.281385691887,11255.650259604025,中继,R010,1952,PASS,worst_obstruction_endpoint_distance,14.069522297381894,392.475583151711,True,,端点最大距离且全时段按遮挡计损仍满足双向预算
T029,巡航,11255.650259604025,11275.01913351616,中继,R010,1953,PASS,worst_obstruction_endpoint_distance,14.37103699044114,379.0852693535973,True,,端点最大距离且全时段按遮挡计损仍满足双向预算
T029,巡航,11275.01913351616,11294.388007428297,中继,R010,1954,PASS,worst_obstruction_endpoint_distance,10.015481333897569,625.9140373865876,True,,端点最大距离且全时段按遮挡计损仍满足双向预算
T029,巡航,11294.388007428297,11313.756881340432,中继,R010,1955,PASS,worst_obstruction_endpoint_distance,6.868168733638754,899.24974141508,True,,端点最大距离且全时段按遮挡计损仍满足双向预算
T029,巡航,11313.756881340432,11333.125755252568,中继,R010,1956,PASS,worst_obstruction_endpoint_distance,4.502054703899418,1180.826315405272,True,,端点最大距离且全时段按遮挡计损仍满足双向预算
T029,巡航,11333.125755252568,11352.494629164705,中继,R010,1957,PASS,worst_obstruction_endpoint_distance,2.623672825457575,1465.902606366813,True,,端点最大距离且全时段按遮挡计损仍满足双向预算
T029,巡航,11352.494629164705,11371.86350307684,中继,R010,1958,PASS,worst_obstruction_endpoint_distance,1.0712674676761509,1752.7718305681353,True,,端点最大距离且全时段按遮挡计损仍满足双向预算
T029,下降,11371.86350307684,11390.472181258807,中继,R010,1959,PASS,worst_obstruction_endpoint_distance,1.0712674676761509,1752.7718305681353,True,,端点最大距离且全时段按遮挡计损仍满足双向预算
T029,下降,11390.472181258807,11409.080859440774,中继,R010,1960,PASS,worst_obstruction_endpoint_distance,1.0785113452195105,1751.3106594017013,True,,端点最大距离且全时段按遮挡计损仍满足双向预算
T029,下降,11409.080859440774,11427.68953762274,中继,R010,1961,PASS,worst_obstruction_endpoint_distance,1.0812441152334031,1750.759745603046,True,,端点最大距离且全时段按遮挡计损仍满足双向预算
T029,下降,11427.68953762274,11446.298215804705,中继,R010,1962,PASS,worst_obstruction_endpoint_distance,1.0767256110411552,1751.670748803328,True,,端点最大距离且全时段按遮挡计损仍满足双向预算
T029,下降,11446.298215804705,11464.906893986672,中继,R010,1963,PASS,worst_obstruction_endpoint_distance,1.0682966095587574,1753.3714383529295,True,,端点最大距离且全时段按遮挡计损仍满足双向预算
T029,下降,11464.906893986672,11483.515572168639,中继,R010,1964,PASS,worst_obstruction_endpoint_distance,1.0559798351574585,1755.8595196313033,True,,端点最大距离且全时段按遮挡计损仍满足双向预算
T029,投送,11483.515572168639,11503.315572168638,中继,R010,1965,PASS,exact_point,11.055979835157459,1755.8595196313033,,,独立计算 DEM 遮挡、自由空间损耗与双向预算
T029,投送,11503.315572168638,11523.115572168637,中继,R010,1966,PASS,exact_point,11.055979835157459,1755.8595196313033,,,独立计算 DEM 遮挡、自由空间损耗与双向预算
T029,投送,11523.115572168637,11542.915572168638,中继,R010,1967,PASS,exact_point,11.055979835157459,1755.8595196313033,,,独立计算 DEM 遮挡、自由空间损耗与双向预算
T029,投送,11542.915572168638,11562.715572168638,中继,R010,1968,PASS,exact_point,11.055979835157459,1755.8595196313033,,,独立计算 DEM 遮挡、自由空间损耗与双向预算
T029,投送,11562.715572168638,11582.515572168639,中继,R010,1969,PASS,exact_point,11.055979835157459,1755.8595196313033,,,独立计算 DEM 遮挡、自由空间损耗与双向预算
T029,投送,11582.515572168639,11602.315572168638,中继,R010,1970,PASS,exact_point,11.055979835157459,1755.8595196313033,,,独立计算 DEM 遮挡、自由空间损耗与双向预算
T029,投送,11602.315572168638,11622.115572168637,中继,R010,1971,PASS,exact_point,11.055979835157459,1755.8595196313033,,,独立计算 DEM 遮挡、自由空间损耗与双向预算
T029,投送,11622.115572168637,11641.915572168638,中继,R010,1972,PASS,exact_point,11.055979835157459,1755.8595196313033,,,独立计算 DEM 遮挡、自由空间损耗与双向预算
T029,投送,11641.915572168638,11661.715572168638,中继,R010,1973,PASS,exact_point,11.055979835157459,1755.8595196313033,,,独立计算 DEM 遮挡、自由空间损耗与双向预算
T029,投送,11661.715572168638,11681.515572168639,中继,R010,1974,PASS,exact_point,11.055979835157459,1755.8595196313033,,,独立计算 DEM 遮挡、自由空间损耗与双向预算
T029,投送,11681.515572168639,11701.315572168638,中继,R010,1975,PASS,exact_point,11.055979835157459,1755.8595196313033,,,独立计算 DEM 遮挡、自由空间损耗与双向预算
T029,投送,11701.315572168638,11721.115572168637,中继,R010,1976,PASS,exact_point,11.055979835157459,1755.8595196313033,,,独立计算 DEM 遮挡、自由空间损耗与双向预算
T029,投送,11721.115572168637,11740.915572168638,中继,R010,1977,PASS,exact_point,11.055979835157459,1755.8595196313033,,,独立计算 DEM 遮挡、自由空间损耗与双向预算
T029,投送,11740.915572168638,11760.715572168638,中继,R010,1978,PASS,exact_point,11.055979835157459,1755.8595196313033,,,独立计算 DEM 遮挡、自由空间损耗与双向预算
T029,投送,11760.715572168638,11780.515572168639,中继,R010,1979,PASS,exact_point,11.055979835157459,1755.8595196313033,,,独立计算 DEM 遮挡、自由空间损耗与双向预算
T029,投送,11780.515572168639,11800.315572168638,中继,R010,1980,PASS,exact_point,11.055979835157459,1755.8595196313033,,,独立计算 DEM 遮挡、自由空间损耗与双向预算
T029,投送,11800.315572168638,11820.115572168637,中继,R010,1981,PASS,exact_point,11.055979835157459,1755.8595196313033,,,独立计算 DEM 遮挡、自由空间损耗与双向预算
T029,投送,11820.115572168637,11839.915572168638,中继,R010,1982,PASS,exact_point,11.055979835157459,1755.8595196313033,,,独立计算 DEM 遮挡、自由空间损耗与双向预算
T029,投送,11839.915572168638,11859.715572168638,中继,R010,1983,PASS,exact_point,11.055979835157459,1755.8595196313033,,,独立计算 DEM 遮挡、自由空间损耗与双向预算
T029,投送,11859.715572168638,11879.515572168639,中继,R010,1984,PASS,exact_point,11.055979835157459,1755.8595196313033,,,独立计算 DEM 遮挡、自由空间损耗与双向预算
T029,爬升,11879.515572168639,11897.379903223326,中继,R010,1985,PASS,worst_obstruction_endpoint_distance,1.0559798351574585,1755.8595196313033,True,,端点最大距离且全时段按遮挡计损仍满足双向预算
T029,爬升,11897.379903223326,11915.244234278012,中继,R010,1986,PASS,worst_obstruction_endpoint_distance,1.070294308703211,1752.9682204905328,True,,端点最大距离且全时段按遮挡计损仍满足双向预算
T029,爬升,11915.244234278012,11933.1085653327,中继,R010,1987,PASS,worst_obstruction_endpoint_distance,1.0790031937744118,1751.2114922161777,True,,端点最大距离且全时段按遮挡计损仍满足双向预算
T029,爬升,11933.1085653327,11950.972896387388,中继,R010,1988,PASS,worst_obstruction_endpoint_distance,1.079490722717381,1751.1132014983282,True,,端点最大距离且全时段按遮挡计损仍满足双向预算
T029,爬升,11950.972896387388,11968.837227442076,中继,R010,1989,PASS,worst_obstruction_endpoint_distance,1.0712674676761509,1752.7718305681353,True,,端点最大距离且全时段按遮挡计损仍满足双向预算
T029,巡航,11968.837227442076,11988.206101354212,中继,R010,1990,PASS,worst_obstruction_endpoint_distance,1.0712674676761509,1752.7718305681353,True,,端点最大距离且全时段按遮挡计损仍满足双向预算
T029,巡航,11988.206101354212,12007.574975266347,中继,R010,1991,PASS,worst_obstruction_endpoint_distance,2.623672825457902,1465.9026063667584,True,,端点最大距离且全时段按遮挡计损仍满足双向预算
T029,巡航,12007.574975266347,12026.943849178484,中继,R010,1992,PASS,worst_obstruction_endpoint_distance,4.502054703899418,1180.826315405272,True,,端点最大距离且全时段按遮挡计损仍满足双向预算
T029,巡航,12026.943849178484,12046.31272309062,中继,R010,1993,PASS,worst_obstruction_endpoint_distance,6.868168733638754,899.24974141508,True,,端点最大距离且全时段按遮挡计损仍满足双向预算
T029,巡航,12046.31272309062,12065.681597002756,中继,R010,1994,PASS,worst_obstruction_endpoint_distance,10.015481333897569,625.9140373865876,True,,端点最大距离且全时段按遮挡计损仍满足双向预算
T029,巡航,12065.681597002756,12085.050470914892,中继,R010,1995,PASS,worst_obstruction_endpoint_distance,14.37103699044114,379.0852693535973,True,,端点最大距离且全时段按遮挡计损仍满足双向预算
T029,巡航,12085.050470914892,12104.419344827029,中继,R010,1996,PASS,worst_obstruction_endpoint_distance,14.069522297381894,392.475583151711,True,,端点最大距离且全时段按遮挡计损仍满足双向预算
T029,巡航,12104.419344827029,12123.788218739164,中继,R010,1997,PASS,worst_obstruction_endpoint_distance,9.792259352295744,642.2081174014426,True,,端点最大距离且全时段按遮挡计损仍满足双向预算
T029,巡航,12123.788218739164,12143.157092651301,中继,R010,1998,PASS,worst_obstruction_endpoint_distance,6.704821087598461,916.3211354232054,True,,端点最大距离且全时段按遮挡计损仍满足双向预算
T029,巡航,12143.157092651301,12162.525966563437,中继,R010,1999,PASS,worst_obstruction_endpoint_distance,4.375209083256834,1198.197210341921,True,,端点最大距离且全时段按遮挡计损仍满足双向预算
T029,巡航,12162.525966563437,12181.894840475572,中继,R010,2000,PASS,worst_obstruction_endpoint_distance,2.5205068448941716,1483.4175612415534,True,,端点最大距离且全时段按遮挡计损仍满足双向预算
T029,巡航,12181.894840475572,12201.26371438771,中继,R010,2001,PASS,worst_obstruction_endpoint_distance,0.9845112323786225,1770.3665557193347,True,,端点最大距离且全时段按遮挡计损仍满足双向预算
T029,巡航,12201.26371438771,12220.632588299844,直连,,2002,PASS,worst_obstruction_endpoint_distance,0.3511001857511502,3799.563867195433,True,,端点最大距离且全时段按遮挡计损仍满足双向预算
T029,巡航,12220.632588299844,12240.001462211982,直连,,2003,PASS,worst_obstruction_endpoint_distance,1.0373955454072217,3510.9042140003926,True,,端点最大距离且全时段按遮挡计损仍满足双向预算
T029,巡航,12240.001462211982,12259.370336124117,直连,,2004,PASS,worst_obstruction_endpoint_distance,1.7816975303945526,3222.5812935216322,True,,端点最大距离且全时段按遮挡计损仍满足双向预算
T029,巡航,12259.370336124117,12278.739210036254,直连,,2005,PASS,worst_obstruction_endpoint_distance,2.5945176302470827,2934.6943556878236,True,,端点最大距离且全时段按遮挡计损仍满足双向预算
T029,巡航,12278.739210036254,12298.10808394839,直连,,2006,PASS,worst_obstruction_endpoint_distance,3.489431003683208,2647.3856356294796,True,,端点最大距离且全时段按遮挡计损仍满足双向预算
T029,巡航,12298.10808394839,12317.476957860526,直连,,2007,PASS,worst_obstruction_endpoint_distance,4.484347514560369,2360.8662437016196,True,,端点最大距离且全时段按遮挡计损仍满足双向预算
T029,巡航,12317.476957860526,12336.845831772662,直连,,2008,PASS,worst_obstruction_endpoint_distance,5.6034748051165195,2075.4631078491716,True,,端点最大距离且全时段按遮挡计损仍满足双向预算
T029,巡航,12336.845831772662,12356.214705684797,直连,,2009,PASS,worst_obstruction_endpoint_distance,6.88042209365949,1791.7097359553002,True,,端点最大距离且全时段按遮挡计损仍满足双向预算
T029,巡航,12356.214705684797,12375.583579596934,直连,,2010,PASS,worst_obstruction_endpoint_distance,8.363152781545608,1510.536136036523,True,,端点最大距离且全时段按遮挡计损仍满足双向预算
T029,巡航,12375.583579596934,12394.952453509071,直连,,2011,PASS,worst_obstruction_endpoint_distance,10.121531530871934,1233.707434162586,True,,端点最大距离且全时段按遮挡计损仍满足双向预算
T029,巡航,12394.952453509071,12414.321327421207,直连,,2012,PASS,worst_obstruction_endpoint_distance,12.255496498365815,964.9702702284851,True,,端点最大距离且全时段按遮挡计损仍满足双向预算
T029,巡航,12414.321327421207,12433.690201333342,直连,,2013,PASS,worst_obstruction_endpoint_distance,14.877571997569547,713.5265841036068,True,,端点最大距离且全时段按遮挡计损仍满足双向预算
T029,巡航,12433.690201333342,12453.05907524548,直连,,2014,PASS,worst_obstruction_endpoint_distance,17.86521275478823,505.85741518854684,True,,端点最大距离且全时段按遮挡计损仍满足双向预算
T029,下降,12453.05907524548,12472.791081526551,直连,,2015,PASS,worst_obstruction_endpoint_distance,19.603583756332725,414.104138183594,True,,端点最大距离且全时段按遮挡计损仍满足双向预算
T029,下降,12472.791081526551,12492.523087807624,直连,,2016,PASS,worst_obstruction_endpoint_distance,20.473489357801128,374.6401256214494,True,,端点最大距离且全时段按遮挡计损仍满足双向预算
T029,下降,12492.523087807624,12512.255094088696,直连,,2017,PASS,worst_obstruction_endpoint_distance,21.440313960408872,335.17611305930484,True,,端点最大距离且全时段按遮挡计损仍满足双向预算
T029,下降,12512.255094088696,12531.987100369768,直连,,2018,PASS,worst_obstruction_endpoint_distance,22.52839324260279,295.7121004971603,True,,端点最大距离且全时段按遮挡计损仍满足双向预算
T029,下降,12531.987100369768,12551.71910665084,直连,,2019,PASS,worst_obstruction_endpoint_distance,23.772562496383955,256.2480879350157,True,,端点最大距离且全时段按遮挡计损仍满足双向预算
T029,下降,12551.71910665084,12571.451112931914,直连,,2020,PASS,worst_obstruction_endpoint_distance,25.225227637195587,216.7840753728711,True,,端点最大距离且全时段按遮挡计损仍满足双向预算
T029,下降,12571.451112931914,12591.183119212987,直连,,2021,PASS,worst_obstruction_endpoint_distance,26.970617636485485,177.32006281072285,True,,端点最大距离且全时段按遮挡计损仍满足双向预算
T029,下降,12591.183119212987,12610.915125494059,直连,,2022,PASS,worst_obstruction_endpoint_distance,29.157258540840516,137.8560502485783,True,,端点最大距离且全时段按遮挡计损仍满足双向预算
T029,下降,12610.915125494059,12630.647131775131,直连,,2023,PASS,worst_obstruction_endpoint_distance,32.08657606884003,98.39203768643375,True,,端点最大距离且全时段按遮挡计损仍满足双向预算
T029,下降,12630.647131775131,12650.379138056203,直连,,2024,PASS,worst_obstruction_endpoint_distance,36.5393374322733,58.92802512428915,True,,端点最大距离且全时段按遮挡计损仍满足双向预算
T029,下降,12650.379138056203,12670.111144337276,直连,,2025,PASS,worst_obstruction_endpoint_distance,45.92517525248826,20.0,True,,端点最大距离且全时段按遮挡计损仍满足双向预算
T030,爬升,11836.0,11855.04006632487,直连,,2026,PASS,worst_obstruction_endpoint_distance,40.55356925591849,37.120198974607234,True,,端点最大距离且全时段按遮挡计损仍满足双向预算
T030,爬升,11855.04006632487,11874.08013264974,直连,,2027,PASS,worst_obstruction_endpoint_distance,32.46103293889688,94.2403979492199,True,,端点最大距离且全时段按遮挡计损仍满足双向预算
T030,爬升,11874.08013264974,11893.12019897461,直连,,2028,PASS,worst_obstruction_endpoint_distance,28.34551852982851,151.36059692382713,True,,端点最大距离且全时段按遮挡计损仍满足双向预算
T030,爬升,11893.12019897461,11912.160265299479,直连,,2029,PASS,worst_obstruction_endpoint_distance,25.564454038992636,208.48079589843434,True,,端点最大距离且全时段按遮挡计损仍满足双向预算
T030,爬升,11912.160265299479,11931.20033162435,直连,,2030,PASS,worst_obstruction_endpoint_distance,23.4611812166777,265.600994873047,True,,端点最大距离且全时段按遮挡计损仍满足双向预算
T030,巡航,11931.20033162435,11950.908193560801,直连,,2031,PASS,worst_obstruction_endpoint_distance,19.961022984094825,397.40891843474714,True,,端点最大距离且全时段按遮挡计损仍满足双向预算
T030,巡航,11950.908193560801,11970.616055497252,直连,,2032,PASS,worst_obstruction_endpoint_distance,15.71220980707109,648.1540930775991,True,,端点最大距离且全时段按遮挡计损仍满足双向预算
T030,巡航,11970.616055497252,11990.323917433705,直连,,2033,PASS,worst_obstruction_endpoint_distance,12.615695694557388,925.7718553957753,True,,端点最大距离且全时段按遮挡计损仍满足双向预算
T030,巡航,11990.323917433705,12010.031779370156,直连,,2034,PASS,worst_obstruction_endpoint_distance,10.276198059581375,1211.933681378513,True,,端点最大距离且全时段按遮挡计损仍满足双向预算
T030,巡航,12010.031779370156,12029.739641306609,直连,,2035,PASS,worst_obstruction_endpoint_distance,8.41374566235858,1501.763259580158,True,,端点最大距离且全时段按遮挡计损仍满足双向预算
T030,巡航,12029.739641306609,12049.44750324306,直连,,2036,PASS,worst_obstruction_endpoint_distance,6.871828288485418,1793.4833279230154,True,,端点最大距离且全时段按遮挡计损仍满足双向预算
T030,巡航,12049.44750324306,12069.155365179511,直连,,2037,PASS,worst_obstruction_endpoint_distance,5.5582357768518165,2086.3010154813837,True,,端点最大距离且全时段按遮挡计损仍满足双向预算
T030,巡航,12069.155365179511,12088.863227115964,直连,,2038,PASS,worst_obstruction_endpoint_distance,4.4149250998654,2379.8111956219427,True,,端点最大距离且全时段按遮挡计损仍满足双向预算
T030,巡航,12088.863227115964,12108.571089052415,直连,,2039,PASS,worst_obstruction_endpoint_distance,3.4032428294939336,2673.7858265695286,True,,端点最大距离且全时段按遮挡计损仍满足双向预算
T030,巡航,12108.571089052415,12128.278950988868,直连,,2040,PASS,worst_obstruction_endpoint_distance,2.4962429037207414,2968.0869067243466,True,,端点最大距离且全时段按遮挡计损仍满足双向预算
T030,巡航,12128.278950988868,12147.98681292532,直连,,2041,PASS,worst_obstruction_endpoint_distance,1.6744290534633564,3262.6260964629014,True,,端点最大距离且全时段按遮挡计损仍满足双向预算
T030,巡航,12147.98681292532,12167.69467486177,直连,,2042,PASS,worst_obstruction_endpoint_distance,0.9232572696648731,3557.344251646282,True,,端点最大距离且全时段按遮挡计损仍满足双向预算
T030,巡航,12167.69467486177,12187.402536798223,直连,,2043,PASS,worst_obstruction_endpoint_distance,0.2315979591948718,3852.200296462618,True,,端点最大距离且全时段按遮挡计损仍满足双向预算
T030,巡航,12187.402536798223,12207.110398734674,中继,R011,2044,PASS,worst_obstruction_endpoint_distance,1.5293471153497364,1662.7287360181615,True,,端点最大距离且全时段按遮挡计损仍满足双向预算
T030,巡航,12207.110398734674,12226.818260671127,中继,R011,2045,PASS,worst_obstruction_endpoint_distance,3.1918929171144725,1373.0745338103702,True,,端点最大距离且全时段按遮挡计损仍满足双向预算
T030,巡航,12226.818260671127,12246.526122607578,中继,R011,2046,PASS,worst_obstruction_endpoint_distance,5.224083731909346,1086.6372077029318,True,,端点最大距离且全时段按遮挡计损仍满足双向预算
T030,巡航,12246.526122607578,12266.233984544031,中继,R011,2047,PASS,worst_obstruction_endpoint_distance,7.809918002431388,806.8501018641134,True,,端点最大距离且全时段按遮挡计损仍满足双向预算
T030,巡航,12266.233984544031,12285.941846480482,中继,R011,2048,PASS,worst_obstruction_endpoint_distance,11.23265745479327,544.0713855181892,True,,端点最大距离且全时段按遮挡计损仍满足双向预算
T030,巡航,12285.941846480482,12305.649708416933,中继,R011,2049,PASS,worst_obstruction_endpoint_distance,15.30868289058364,340.2942523009908,True,,端点最大距离且全时段按遮挡计损仍满足双向预算
T030,巡航,12305.649708416933,12325.357570353386,中继,R011,2050,PASS,worst_obstruction_endpoint_distance,11.478649442313184,528.878955160324,True,,端点最大距离且全时段按遮挡计损仍满足双向预算
T030,巡航,12325.357570353386,12345.065432289837,中继,R011,2051,PASS,worst_obstruction_endpoint_distance,7.995048454551593,789.834928744089,True,,端点最大距离且全时段按遮挡计损仍满足双向预算
T030,巡航,12345.065432289837,12364.77329422629,中继,R011,2052,PASS,worst_obstruction_endpoint_distance,5.366280347934946,1068.9927034665866,True,,端点最大距离且全时段按遮挡计损仍满足双向预算
T030,巡航,12364.77329422629,12384.481156162741,中继,R011,2053,PASS,worst_obstruction_endpoint_distance,3.306027817586582,1355.1499936956816,True,,端点最大距离且全时段按遮挡计损仍满足双向预算
T030,巡航,12384.481156162741,12404.189018099194,中继,R011,2054,PASS,worst_obstruction_endpoint_distance,1.6242669914537942,1644.6572684634768,True,,端点最大距离且全时段按遮挡计损仍满足双向预算
T030,巡航,12404.189018099194,12423.896880035645,中继,R011,2055,PASS,worst_obstruction_endpoint_distance,0.2076130959518423,1936.0122613129108,True,,端点最大距离且全时段按遮挡计损仍满足双向预算
T030,下降,12423.896880035645,12441.697012685385,中继,R011,2056,PASS,worst_obstruction_endpoint_distance,0.2076130959518423,1936.0122613129108,True,,端点最大距离且全时段按遮挡计损仍满足双向预算
T030,下降,12441.697012685385,12459.497145335125,中继,R011,2057,PASS,worst_obstruction_endpoint_distance,0.20735980617972416,1936.0687183109696,True,,端点最大距离且全时段按遮挡计损仍满足双向预算
T030,下降,12459.497145335125,12477.297277984864,中继,R011,2058,PASS,worst_obstruction_endpoint_distance,0.20035561395789614,1937.6305694328028,True,,端点最大距离且全时段按遮挡计损仍满足双向预算
T030,投送,12477.297277984864,12497.297277984864,中继,R011,2059,PASS,exact_point,0.20035561395789614,1937.6305694328028,,,独立计算 DEM 遮挡、自由空间损耗与双向预算
T030,投送,12497.297277984864,12517.297277984864,中继,R011,2060,PASS,exact_point,0.20035561395789614,1937.6305694328028,,,独立计算 DEM 遮挡、自由空间损耗与双向预算
T030,投送,12517.297277984864,12537.297277984864,中继,R011,2061,PASS,exact_point,0.20035561395789614,1937.6305694328028,,,独立计算 DEM 遮挡、自由空间损耗与双向预算
T030,投送,12537.297277984864,12557.297277984864,中继,R011,2062,PASS,exact_point,0.20035561395789614,1937.6305694328028,,,独立计算 DEM 遮挡、自由空间损耗与双向预算
T030,投送,12557.297277984864,12577.297277984864,中继,R011,2063,PASS,exact_point,0.20035561395789614,1937.6305694328028,,,独立计算 DEM 遮挡、自由空间损耗与双向预算
T030,投送,12577.297277984864,12597.297277984864,中继,R011,2064,PASS,exact_point,0.20035561395789614,1937.6305694328028,,,独立计算 DEM 遮挡、自由空间损耗与双向预算
T030,投送,12597.297277984864,12617.297277984864,中继,R011,2065,PASS,exact_point,0.20035561395789614,1937.6305694328028,,,独立计算 DEM 遮挡、自由空间损耗与双向预算
T030,投送,12617.297277984864,12637.297277984864,中继,R011,2066,PASS,exact_point,0.20035561395789614,1937.6305694328028,,,独立计算 DEM 遮挡、自由空间损耗与双向预算
T030,投送,12637.297277984864,12657.297277984864,中继,R011,2067,PASS,exact_point,0.20035561395789614,1937.6305694328028,,,独立计算 DEM 遮挡、自由空间损耗与双向预算
T030,爬升,12657.297277984864,12672.130721859647,中继,R011,2068,PASS,worst_obstruction_endpoint_distance,0.20035561395789614,1937.6305694328028,True,,端点最大距离且全时段按遮挡计损仍满足双向预算
T030,爬升,12672.130721859647,12686.96416573443,中继,R011,2069,PASS,worst_obstruction_endpoint_distance,0.20735980617972416,1936.0687183109699,True,,端点最大距离且全时段按遮挡计损仍满足双向预算
T030,爬升,12686.96416573443,12701.797609609213,中继,R011,2070,PASS,worst_obstruction_endpoint_distance,0.2076130959518423,1936.0122613129108,True,,端点最大距离且全时段按遮挡计损仍满足双向预算
T030,巡航,12701.797609609213,12721.505471545664,中继,R011,2071,PASS,worst_obstruction_endpoint_distance,0.2076130959518423,1936.0122613129108,True,,端点最大距离且全时段按遮挡计损仍满足双向预算
T030,巡航,12721.505471545664,12741.213333482116,中继,R011,2072,PASS,worst_obstruction_endpoint_distance,1.6242669914537942,1644.6572684634768,True,,端点最大距离且全时段按遮挡计损仍满足双向预算
T030,巡航,12741.213333482116,12760.921195418568,中继,R011,2073,PASS,worst_obstruction_endpoint_distance,3.306027817586582,1355.1499936956816,True,,端点最大距离且全时段按遮挡计损仍满足双向预算
T030,巡航,12760.921195418568,12780.62905735502,中继,R011,2074,PASS,worst_obstruction_endpoint_distance,5.366280347934946,1068.9927034665866,True,,端点最大距离且全时段按遮挡计损仍满足双向预算
T030,巡航,12780.62905735502,12800.336919291472,中继,R011,2075,PASS,worst_obstruction_endpoint_distance,7.995048454549789,789.8349287442524,True,,端点最大距离且全时段按遮挡计损仍满足双向预算
T030,巡航,12800.336919291472,12820.044781227924,中继,R011,2076,PASS,worst_obstruction_endpoint_distance,11.478649442313184,528.878955160324,True,,端点最大距离且全时段按遮挡计损仍满足双向预算
T030,巡航,12820.044781227924,12839.752643164375,中继,R011,2077,PASS,worst_obstruction_endpoint_distance,15.30868289058364,340.2942523009908,True,,端点最大距离且全时段按遮挡计损仍满足双向预算
T030,巡航,12839.752643164375,12859.460505100828,中继,R011,2078,PASS,worst_obstruction_endpoint_distance,11.23265745479327,544.0713855181892,True,,端点最大距离且全时段按遮挡计损仍满足双向预算
T030,巡航,12859.460505100828,12879.168367037279,中继,R011,2079,PASS,worst_obstruction_endpoint_distance,7.809918002431388,806.8501018641134,True,,端点最大距离且全时段按遮挡计损仍满足双向预算
T030,巡航,12879.168367037279,12898.876228973731,中继,R011,2080,PASS,worst_obstruction_endpoint_distance,5.224083731909346,1086.6372077029318,True,,端点最大距离且全时段按遮挡计损仍满足双向预算
T030,巡航,12898.876228973731,12918.584090910183,中继,R011,2081,PASS,worst_obstruction_endpoint_distance,3.1918929171144725,1373.0745338103702,True,,端点最大距离且全时段按遮挡计损仍满足双向预算
T030,巡航,12918.584090910183,12938.291952846635,中继,R011,2082,PASS,worst_obstruction_endpoint_distance,1.5293471153497364,1662.7287360181615,True,,端点最大距离且全时段按遮挡计损仍满足双向预算
T030,巡航,12938.291952846635,12957.999814783087,直连,,2083,PASS,worst_obstruction_endpoint_distance,0.2315979591948718,3852.200296462618,True,,端点最大距离且全时段按遮挡计损仍满足双向预算
T030,巡航,12957.999814783087,12977.70767671954,直连,,2084,PASS,worst_obstruction_endpoint_distance,0.9232572696648731,3557.344251646282,True,,端点最大距离且全时段按遮挡计损仍满足双向预算
T030,巡航,12977.70767671954,12997.41553865599,直连,,2085,PASS,worst_obstruction_endpoint_distance,1.6744290534633564,3262.6260964629014,True,,端点最大距离且全时段按遮挡计损仍满足双向预算
T030,巡航,12997.41553865599,13017.123400592442,直连,,2086,PASS,worst_obstruction_endpoint_distance,2.4962429037207414,2968.0869067243466,True,,端点最大距离且全时段按遮挡计损仍满足双向预算
T030,巡航,13017.123400592442,13036.831262528895,直连,,2087,PASS,worst_obstruction_endpoint_distance,3.4032428294939336,2673.7858265695286,True,,端点最大距离且全时段按遮挡计损仍满足双向预算
T030,巡航,13036.831262528895,13056.539124465346,直连,,2088,PASS,worst_obstruction_endpoint_distance,4.4149250998654,2379.8111956219427,True,,端点最大距离且全时段按遮挡计损仍满足双向预算
T030,巡航,13056.539124465346,13076.246986401798,直连,,2089,PASS,worst_obstruction_endpoint_distance,5.5582357768518165,2086.3010154813837,True,,端点最大距离且全时段按遮挡计损仍满足双向预算
T030,巡航,13076.246986401798,13095.95484833825,直连,,2090,PASS,worst_obstruction_endpoint_distance,6.871828288485418,1793.4833279230154,True,,端点最大距离且全时段按遮挡计损仍满足双向预算
T030,巡航,13095.95484833825,13115.6627102747,直连,,2091,PASS,worst_obstruction_endpoint_distance,8.41374566235858,1501.763259580158,True,,端点最大距离且全时段按遮挡计损仍满足双向预算
T030,巡航,13115.6627102747,13135.370572211154,直连,,2092,PASS,worst_obstruction_endpoint_distance,10.276198059579158,1211.9336813788218,True,,端点最大距离且全时段按遮挡计损仍满足双向预算
T030,巡航,13135.370572211154,13155.078434147605,直连,,2093,PASS,worst_obstruction_endpoint_distance,12.615695694557388,925.7718553957753,True,,端点最大距离且全时段按遮挡计损仍满足双向预算
T030,巡航,13155.078434147605,13174.786296084058,直连,,2094,PASS,worst_obstruction_endpoint_distance,15.71220980707109,648.1540930775991,True,,端点最大距离且全时段按遮挡计损仍满足双向预算
T030,巡航,13174.786296084058,13194.494158020509,直连,,2095,PASS,worst_obstruction_endpoint_distance,19.961022984094825,397.40891843474714,True,,端点最大距离且全时段按遮挡计损仍满足双向预算
T030,下降,13194.494158020509,13213.534224345378,直连,,2096,PASS,worst_obstruction_endpoint_distance,23.4611812166777,265.600994873047,True,,端点最大距离且全时段按遮挡计损仍满足双向预算
T030,下降,13213.534224345378,13232.574290670249,直连,,2097,PASS,worst_obstruction_endpoint_distance,25.17661226102642,218.00082906087403,True,,端点最大距离且全时段按遮挡计损仍满足双向预算
T030,下降,13232.574290670249,13251.614356995118,直连,,2098,PASS,worst_obstruction_endpoint_distance,27.316349549092237,170.4006632486965,True,,端点最大距离且全时段按遮挡计损仍满足双向预算
T030,下降,13251.614356995118,13270.654423319987,直连,,2099,PASS,worst_obstruction_endpoint_distance,30.161772645055834,122.80049743652347,True,,端点最大距离且全时段按遮挡计损仍满足双向预算
T030,下降,13270.654423319987,13289.694489644859,直连,,2100,PASS,worst_obstruction_endpoint_distance,34.42138005012974,75.2003316243505,True,,端点最大距离且全时段按遮挡计损仍满足双向预算
T030,下降,13289.694489644859,13308.734555969728,直连,,2101,PASS,worst_obstruction_endpoint_distance,43.1275413425103,27.600165812173003,True,,端点最大距离且全时段按遮挡计损仍满足双向预算
T031,爬升,13834.0,13853.871088867187,直连,,2102,PASS,worst_obstruction_endpoint_distance,42.49716386964255,29.677722167966493,True,,端点最大距离且全时段按遮挡计损仍满足双向预算
T031,爬升,13853.871088867187,13873.742177734375,直连,,2103,PASS,worst_obstruction_endpoint_distance,33.95424061100921,79.35544433593753,True,,端点最大距离且全时段按遮挡计损仍满足双向预算
T031,爬升,13873.742177734375,13893.613266601562,直连,,2104,PASS,worst_obstruction_endpoint_distance,29.73174806392629,129.033166503904,True,,端点最大距离且全时段按遮挡计损仍满足双向预算
T031,爬升,13893.613266601562,13913.48435546875,直连,,2105,PASS,worst_obstruction_endpoint_distance,26.902754877149746,178.710888671875,True,,端点最大距离且全时段按遮挡计损仍满足双向预算
T031,巡航,13913.48435546875,13933.042287651693,直连,,2106,PASS,worst_obstruction_endpoint_distance,21.226846823481353,343.5155626257681,True,,端点最大距离且全时段按遮挡计损仍满足双向预算
T031,巡航,13933.042287651693,13952.600219834638,直连,,2107,PASS,worst_obstruction_endpoint_distance,16.19159854535019,613.3506516465615,True,,端点最大距离且全时段按遮挡计损仍满足双向预算
T031,巡航,13952.600219834638,13972.158152017582,直连,,2108,PASS,worst_obstruction_endpoint_distance,12.879592400811816,898.0678270917992,True,,端点最大距离且全时段按遮挡计损仍满足双向预算
T031,巡航,13972.158152017582,13991.716084200525,直连,,2109,PASS,worst_obstruction_endpoint_distance,10.456716578783727,1187.0060413963242,True,,端点最大距离且全时段按遮挡计损仍满足双向预算
T031,巡航,13991.716084200525,14011.27401638347,直连,,2110,PASS,worst_obstruction_endpoint_distance,8.554100828864037,1477.691301536886,True,,端点最大距离且全时段按遮挡计损仍满足双向预算
T031,巡航,14011.27401638347,14030.831948566414,直连,,2111,PASS,worst_obstruction_endpoint_distance,6.989928674066292,1769.2627117074003,True,,端点最大距离且全时段按遮挡计损仍满足双向预算
T031,巡航,14030.831948566414,14050.389880749357,直连,,2112,PASS,worst_obstruction_endpoint_distance,5.662764533404953,2061.3442758330607,True,,端点最大距离且全时段按遮挡计损仍满足双向预算
T031,巡航,14050.389880749357,14069.947812932302,直连,,2113,PASS,worst_obstruction_endpoint_distance,4.510582959293117,2353.74608317376,True,,端点最大距离且全时段按遮挡计损仍满足双向预算
T031,巡航,14069.947812932302,14089.505745115246,直连,,2114,PASS,worst_obstruction_endpoint_distance,3.492790187068408,2646.3619829257814,True,,端点最大距离且全时段按遮挡计损仍满足双向预算
T031,巡航,14089.505745115246,14109.063677298189,直连,,2115,PASS,worst_obstruction_endpoint_distance,2.5814050697037914,2939.128031468544,True,,端点最大距离且全时段按遮挡计损仍满足双向预算
T031,巡航,14109.063677298189,14128.621609481133,直连,,2116,PASS,worst_obstruction_endpoint_distance,1.7563389162753964,3232.0034260700977,True,,端点最大距离且全时段按遮挡计损仍满足双向预算
T031,巡航,14128.621609481133,14148.179541664078,直连,,2117,PASS,worst_obstruction_endpoint_distance,1.0026890572529226,3524.960911409265,True,,端点最大距离且全时段按遮挡计损仍满足双向预算
T031,巡航,14148.179541664078,14167.73747384702,直连,,2118,PASS,worst_obstruction_endpoint_distance,0.30909856529946467,3817.9815908243413,True,,端点最大距离且全时段按遮挡计损仍满足双向预算
T031,巡航,14167.73747384702,14187.295406029965,中继,R012,2119,PASS,worst_obstruction_endpoint_distance,7.766740961877289,810.8708909826305,True,,端点最大距离且全时段按遮挡计损仍满足双向预算
T031,巡航,14187.295406029965,14206.853338212908,中继,R012,2120,PASS,worst_obstruction_endpoint_distance,5.372637576100061,1068.2105908139624,True,,端点最大距离且全时段按遮挡计损仍满足双向预算
T031,巡航,14206.853338212908,14226.411270395853,中继,R012,2121,PASS,worst_obstruction_endpoint_distance,3.400857900205878,1340.4353214105083,True,,端点最大距离且全时段按遮挡计损仍满足双向预算
T031,巡航,14226.411270395853,14245.969202578797,中继,R012,2122,PASS,worst_obstruction_endpoint_distance,1.7551595487279883,1620.0588123631724,True,,端点最大距离且全时段按遮挡计损仍满足双向预算
T031,巡航,14245.969202578797,14265.52713476174,中继,R012,2123,PASS,worst_obstruction_endpoint_distance,0.35324022906780783,1903.8237786669126,True,,端点最大距离且全时段按遮挡计损仍满足双向预算
T031,下降,14265.52713476174,14281.953495845724,中继,R012,2124,PASS,worst_obstruction_endpoint_distance,0.35324022906780783,1903.8237786669126,True,,端点最大距离且全时段按遮挡计损仍满足双向预算
T031,下降,14281.953495845724,14298.379856929709,中继,R012,2125,PASS,worst_obstruction_endpoint_distance,0.35605358659525166,1903.2072304663573,True,,端点最大距离且全时段按遮挡计损仍满足双向预算
T031,下降,14298.379856929709,14314.806218013693,中继,R012,2126,PASS,worst_obstruction_endpoint_distance,0.35391828129610303,1903.6751650389876,True,,端点最大距离且全时段按遮挡计损仍满足双向预算
T031,下降,14314.806218013693,14331.232579097677,中继,R012,2127,PASS,worst_obstruction_endpoint_distance,0.34897343139013515,1904.7592299267517,True,,端点最大距离且全时段按遮挡计损仍满足双向预算
T031,投送,14331.232579097677,14350.29140262709,中继,R012,2128,PASS,exact_point,10.348973431390135,1904.7592299267517,,,独立计算 DEM 遮挡、自由空间损耗与双向预算
T031,投送,14350.29140262709,14369.3502261565,中继,R012,2129,PASS,exact_point,10.348973431390135,1904.7592299267517,,,独立计算 DEM 遮挡、自由空间损耗与双向预算
T031,投送,14369.3502261565,14388.409049685913,中继,R012,2130,PASS,exact_point,10.348973431390135,1904.7592299267517,,,独立计算 DEM 遮挡、自由空间损耗与双向预算
T031,投送,14388.409049685913,14407.467873215326,中继,R012,2131,PASS,exact_point,10.348973431390135,1904.7592299267517,,,独立计算 DEM 遮挡、自由空间损耗与双向预算
T031,投送,14407.467873215326,14426.526696744737,中继,R012,2132,PASS,exact_point,10.348973431390135,1904.7592299267517,,,独立计算 DEM 遮挡、自由空间损耗与双向预算
T031,投送,14426.526696744737,14445.585520274148,中继,R012,2133,PASS,exact_point,10.348973431390135,1904.7592299267517,,,独立计算 DEM 遮挡、自由空间损耗与双向预算
T031,投送,14445.585520274148,14464.64434380356,中继,R012,2134,PASS,exact_point,10.348973431390135,1904.7592299267517,,,独立计算 DEM 遮挡、自由空间损耗与双向预算
T031,投送,14464.64434380356,14483.703167332973,中继,R012,2135,PASS,exact_point,10.348973431390135,1904.7592299267517,,,独立计算 DEM 遮挡、自由空间损耗与双向预算
T031,投送,14483.703167332973,14502.761990862384,中继,R012,2136,PASS,exact_point,10.348973431390135,1904.7592299267517,,,独立计算 DEM 遮挡、自由空间损耗与双向预算
T031,投送,14502.761990862384,14521.820814391796,中继,R012,2137,PASS,exact_point,10.348973431390135,1904.7592299267517,,,独立计算 DEM 遮挡、自由空间损耗与双向预算
T031,投送,14521.820814391796,14540.879637921207,中继,R012,2138,PASS,exact_point,10.348973431390135,1904.7592299267517,,,独立计算 DEM 遮挡、自由空间损耗与双向预算
T031,投送,14540.879637921207,14559.93846145062,中继,R012,2139,PASS,exact_point,10.348973431390135,1904.7592299267517,,,独立计算 DEM 遮挡、自由空间损耗与双向预算
T031,投送,14559.93846145062,14578.99728498003,中继,R012,2140,PASS,exact_point,10.348973431390135,1904.7592299267517,,,独立计算 DEM 遮挡、自由空间损耗与双向预算
T031,投送,14578.99728498003,14598.056108509443,中继,R012,2141,PASS,exact_point,10.348973431390135,1904.7592299267517,,,独立计算 DEM 遮挡、自由空间损耗与双向预算
T031,投送,14598.056108509443,14617.114932038854,中继,R012,2142,PASS,exact_point,10.348973431390135,1904.7592299267517,,,独立计算 DEM 遮挡、自由空间损耗与双向预算
T031,投送,14617.114932038854,14636.173755568267,中继,R012,2143,PASS,exact_point,10.348973431390135,1904.7592299267517,,,独立计算 DEM 遮挡、自由空间损耗与双向预算
T031,投送,14636.173755568267,14655.232579097677,中继,R012,2144,PASS,exact_point,10.348973431390135,1904.7592299267517,,,独立计算 DEM 遮挡、自由空间损耗与双向预算
T031,爬升,14655.232579097677,14672.754030920594,中继,R012,2145,PASS,worst_obstruction_endpoint_distance,0.34897343139013515,1904.7592299267517,True,,端点最大距离且全时段按遮挡计损仍满足双向预算
T031,爬升,14672.754030920594,14690.275482743511,中继,R012,2146,PASS,worst_obstruction_endpoint_distance,0.3549927805486419,1903.4396829972059,True,,端点最大距离且全时段按遮挡计损仍满足双向预算
T031,爬升,14690.275482743511,14707.796934566428,中继,R012,2147,PASS,worst_obstruction_endpoint_distance,0.35324022906780783,1903.8237786669126,True,,端点最大距离且全时段按遮挡计损仍满足双向预算
T031,巡航,14707.796934566428,14727.354866749372,中继,R012,2148,PASS,worst_obstruction_endpoint_distance,0.35324022906780783,1903.8237786669126,True,,端点最大距离且全时段按遮挡计损仍满足双向预算
T031,巡航,14727.354866749372,14746.912798932315,中继,R012,2149,PASS,worst_obstruction_endpoint_distance,1.7551595487303615,1620.0588123627297,True,,端点最大距离且全时段按遮挡计损仍满足双向预算
T031,巡航,14746.912798932315,14766.47073111526,中继,R012,2150,PASS,worst_obstruction_endpoint_distance,3.400857900205878,1340.4353214105083,True,,端点最大距离且全时段按遮挡计损仍满足双向预算
T031,巡航,14766.47073111526,14786.028663298204,中继,R012,2151,PASS,worst_obstruction_endpoint_distance,5.372637576096679,1068.210590814378,True,,端点最大距离且全时段按遮挡计损仍满足双向预算
T031,巡航,14786.028663298204,14805.586595481147,中继,R012,2152,PASS,worst_obstruction_endpoint_distance,7.766740961877289,810.8708909826305,True,,端点最大距离且全时段按遮挡计损仍满足双向预算
T031,巡航,14805.586595481147,14825.144527664092,直连,,2153,PASS,worst_obstruction_endpoint_distance,0.30909856529946467,3817.9815908243413,True,,端点最大距离且全时段按遮挡计损仍满足双向预算
T031,巡航,14825.144527664092,14844.702459847036,直连,,2154,PASS,worst_obstruction_endpoint_distance,1.0026890572529226,3524.960911409265,True,,端点最大距离且全时段按遮挡计损仍满足双向预算
T031,巡航,14844.702459847036,14864.260392029979,直连,,2155,PASS,worst_obstruction_endpoint_distance,1.756338916276647,3232.003426069633,True,,端点最大距离且全时段按遮挡计损仍满足双向预算
T031,巡航,14864.260392029979,14883.818324212923,直连,,2156,PASS,worst_obstruction_endpoint_distance,2.5814050697037914,2939.128031468544,True,,端点最大距离且全时段按遮挡计损仍满足双向预算
T031,巡航,14883.818324212923,14903.376256395868,直连,,2157,PASS,worst_obstruction_endpoint_distance,3.492790187069943,2646.361982925317,True,,端点最大距离且全时段按遮挡计损仍满足双向预算
T031,巡航,14903.376256395868,14922.93418857881,直连,,2158,PASS,worst_obstruction_endpoint_distance,4.510582959293117,2353.74608317376,True,,端点最大距离且全时段按遮挡计损仍满足双向预算
T031,巡航,14922.93418857881,14942.492120761755,直连,,2159,PASS,worst_obstruction_endpoint_distance,5.662764533403006,2061.3442758335245,True,,端点最大距离且全时段按遮挡计损仍满足双向预算
T031,巡航,14942.492120761755,14962.050052944698,直连,,2160,PASS,worst_obstruction_endpoint_distance,6.989928674066292,1769.2627117074003,True,,端点最大距离且全时段按遮挡计损仍满足双向预算
T031,巡航,14962.050052944698,14981.607985127643,直连,,2161,PASS,worst_obstruction_endpoint_distance,8.554100828861323,1477.691301537348,True,,端点最大距离且全时段按遮挡计损仍满足双向预算
T031,巡航,14981.607985127643,15001.165917310587,直连,,2162,PASS,worst_obstruction_endpoint_distance,10.456716578783727,1187.0060413963242,True,,端点最大距离且全时段按遮挡计损仍满足双向预算
T031,巡航,15001.165917310587,15020.72384949353,直连,,2163,PASS,worst_obstruction_endpoint_distance,12.879592400811816,898.0678270917992,True,,端点最大距离且全时段按遮挡计损仍满足双向预算
T031,巡航,15020.72384949353,15040.281781676475,直连,,2164,PASS,worst_obstruction_endpoint_distance,16.19159854535019,613.3506516465615,True,,端点最大距离且全时段按遮挡计损仍满足双向预算
T031,巡航,15040.281781676475,15059.83971385942,直连,,2165,PASS,worst_obstruction_endpoint_distance,21.226846823471305,343.5155626261655,True,,端点最大距离且全时段按遮挡计损仍满足双向预算
T031,下降,15059.83971385942,15079.710802726606,直连,,2166,PASS,worst_obstruction_endpoint_distance,26.902754877149746,178.710888671875,True,,端点最大距离且全时段按遮挡计损仍满足双向预算
T031,下降,15079.710802726606,15099.581891593794,直连,,2167,PASS,worst_obstruction_endpoint_distance,29.087434584690158,138.96871093750144,True,,端点最大距离且全时段按遮挡计损仍满足双向预算
T031,下降,15099.581891593794,15119.452980460981,直连,,2168,PASS,worst_obstruction_endpoint_distance,32.013218802742756,99.22653320312429,True,,端点最大距离且全时段按遮挡计损仍满足双向预算
T031,下降,15119.452980460981,15139.32406932817,直连,,2169,PASS,worst_obstruction_endpoint_distance,36.457719961105596,59.48435546875072,True,,端点最大距离且全时段按遮挡计损仍满足双向预算
T031,下降,15139.32406932817,15159.195158195356,直连,,2170,PASS,worst_obstruction_endpoint_distance,45.92517525248826,20.0,True,,端点最大距离且全时段按遮挡计损仍满足双向预算
