sortie_id,stage,start_s,end_s,mode,relay_id,comm_row_index,status,method,margin_db,worst_distance_m,pessimistic_obstructed,witness_s,reason
T001,爬升,359.99999999999994,378.6290839301215,直连,,1,PASS,worst_obstruction_endpoint_distance,40.84697113032533,35.88725179036473,True,,端点最大距离且全时段按遮挡计损仍满足双向预算
T001,爬升,378.6290839301215,397.258167860243,直连,,2,PASS,worst_obstruction_endpoint_distance,32.69133428513665,91.77450358072929,True,,端点最大距离且全时段按遮挡计损仍满足双向预算
T001,爬升,397.258167860243,415.8872517903646,直连,,3,PASS,worst_obstruction_endpoint_distance,28.560414627442924,147.661755371094,True,,端点最大距离且全时段按遮挡计损仍满足双向预算
T001,巡航,415.8872517903646,435.38793280950654,直连,,4,PASS,worst_obstruction_endpoint_distance,23.105539305522555,276.70167811112736,True,,端点最大距离且全时段按遮挡计损仍满足双向预算
T001,巡航,435.38793280950654,454.8886138286485,直连,,5,PASS,worst_obstruction_endpoint_distance,18.12842960559327,490.7578758212867,True,,端点最大距离且全时段按遮挡计损仍满足双向预算
T001,巡航,454.8886138286485,474.38929484779044,直连,,6,PASS,worst_obstruction_endpoint_distance,14.83071939347792,717.3858209025456,True,,端点最大距离且全时段按遮挡计损仍满足双向预算
T001,巡航,474.38929484779044,493.8899758669324,直连,,7,PASS,worst_obstruction_endpoint_distance,12.413199503853406,947.608140912613,True,,端点最大距离且全时段按遮挡计损仍满足双向预算
T001,巡航,493.8899758669324,513.3906568860743,直连,,8,PASS,worst_obstruction_endpoint_distance,10.513129561117665,1179.3216739957807,True,,端点最大距离且全时段按遮挡计损仍满足双向预算
T001,巡航,513.3906568860743,532.8913379052162,直连,,9,PASS,worst_obstruction_endpoint_distance,8.950358587344866,1411.7923650909095,True,,端点最大距离且全时段按遮挡计损仍满足双向预算
T001,巡航,532.8913379052162,552.3920189243582,直连,,10,PASS,worst_obstruction_endpoint_distance,7.624045631567327,1644.699183085985,True,,端点最大距离且全时段按遮挡计损仍满足双向预算
T001,巡航,552.3920189243582,571.8926999435001,直连,,11,PASS,worst_obstruction_endpoint_distance,6.472419076072541,1877.8798611459722,True,,端点最大距离且全时段按遮挡计损仍满足双向预算
T001,巡航,571.8926999435001,591.3933809626421,直连,,12,PASS,worst_obstruction_endpoint_distance,5.4550079972161996,2111.243660095177,True,,端点最大距离且全时段按遮挡计损仍满足双向预算
T001,巡航,591.3933809626421,610.894061981784,直连,,13,PASS,worst_obstruction_endpoint_distance,4.543896491300529,2344.7359043246097,True,,端点最大距离且全时段按遮挡计损仍满足双向预算
T001,巡航,610.894061981784,630.3947430009259,直连,,14,PASS,worst_obstruction_endpoint_distance,3.7190330961793165,2578.321698140954,True,,端点最大距离且全时段按遮挡计损仍满足双向预算
T001,巡航,630.3947430009259,649.8954240200679,直连,,15,PASS,worst_obstruction_endpoint_distance,2.9655376322348275,2811.977728667235,True,,端点最大距离且全时段按遮挡计损仍满足双向预算
T001,下降,649.8954240200679,666.5477750942866,直连,,16,PASS,worst_obstruction_endpoint_distance,2.9655376322348275,2811.977728667235,True,,端点最大距离且全时段按遮挡计损仍满足双向预算
T001,下降,666.5477750942866,683.2001261685054,直连,,17,PASS,worst_obstruction_endpoint_distance,2.9713422573941983,2810.099161870278,True,,端点最大距离且全时段按遮挡计损仍满足双向预算
T001,投送,683.2001261685054,702.2910352594146,直连,,18,PASS,exact_point,2.9752461696598544,2808.8364339208633,,,独立计算 DEM 遮挡、自由空间损耗与双向预算
T001,投送,702.2910352594146,721.3819443503236,直连,,19,PASS,exact_point,2.9752461696598544,2808.8364339208633,,,独立计算 DEM 遮挡、自由空间损耗与双向预算
T001,投送,721.3819443503236,740.4728534412327,直连,,20,PASS,exact_point,2.9752461696598544,2808.8364339208633,,,独立计算 DEM 遮挡、自由空间损耗与双向预算
T001,投送,740.4728534412327,759.5637625321418,直连,,21,PASS,exact_point,2.9752461696598544,2808.8364339208633,,,独立计算 DEM 遮挡、自由空间损耗与双向预算
T001,投送,759.5637625321418,778.654671623051,直连,,22,PASS,exact_point,2.9752461696598544,2808.8364339208633,,,独立计算 DEM 遮挡、自由空间损耗与双向预算
T001,投送,778.654671623051,797.74558071396,直连,,23,PASS,exact_point,2.9752461696598544,2808.8364339208633,,,独立计算 DEM 遮挡、自由空间损耗与双向预算
T001,投送,797.74558071396,816.8364898048691,直连,,24,PASS,exact_point,2.9752461696598544,2808.8364339208633,,,独立计算 DEM 遮挡、自由空间损耗与双向预算
T001,投送,816.8364898048691,835.9273988957782,直连,,25,PASS,exact_point,2.9752461696598544,2808.8364339208633,,,独立计算 DEM 遮挡、自由空间损耗与双向预算
T001,投送,835.9273988957782,855.0183079866872,直连,,26,PASS,exact_point,2.9752461696598544,2808.8364339208633,,,独立计算 DEM 遮挡、自由空间损耗与双向预算
T001,投送,855.0183079866872,874.1092170775963,直连,,27,PASS,exact_point,2.9752461696598544,2808.8364339208633,,,独立计算 DEM 遮挡、自由空间损耗与双向预算
T001,投送,874.1092170775963,893.2001261685054,直连,,28,PASS,exact_point,2.9752461696598544,2808.8364339208633,,,独立计算 DEM 遮挡、自由空间损耗与双向预算
T001,爬升,893.2001261685054,907.0770853970212,直连,,29,PASS,worst_obstruction_endpoint_distance,2.9713422573941983,2810.099161870278,True,,端点最大距离且全时段按遮挡计损仍满足双向预算
T001,爬升,907.0770853970212,920.9540446255368,直连,,30,PASS,worst_obstruction_endpoint_distance,2.9655376322348275,2811.977728667235,True,,端点最大距离且全时段按遮挡计损仍满足双向预算
T001,巡航,920.9540446255368,940.4547256446787,直连,,31,PASS,worst_obstruction_endpoint_distance,2.9655376322348275,2811.977728667235,True,,端点最大距离且全时段按遮挡计损仍满足双向预算
T001,巡航,940.4547256446787,959.9554066638207,直连,,32,PASS,worst_obstruction_endpoint_distance,3.7190330961792313,2578.3216981409755,True,,端点最大距离且全时段按遮挡计损仍满足双向预算
T001,巡航,959.9554066638207,979.4560876829626,直连,,33,PASS,worst_obstruction_endpoint_distance,4.543896491302121,2344.735904324178,True,,端点最大距离且全时段按遮挡计损仍满足双向预算
T001,巡航,979.4560876829626,998.9567687021046,直连,,34,PASS,worst_obstruction_endpoint_distance,5.4550079972161996,2111.243660095177,True,,端点最大距离且全时段按遮挡计损仍满足双向预算
T001,巡航,998.9567687021046,1018.4574497212465,直连,,35,PASS,worst_obstruction_endpoint_distance,6.472419076072541,1877.8798611459722,True,,端点最大距离且全时段按遮挡计损仍满足双向预算
T001,巡航,1018.4574497212465,1037.9581307403885,直连,,36,PASS,worst_obstruction_endpoint_distance,7.624045631567327,1644.699183085985,True,,端点最大距离且全时段按遮挡计损仍满足双向预算
T001,巡航,1037.9581307403885,1057.4588117595304,直连,,37,PASS,worst_obstruction_endpoint_distance,8.950358587344866,1411.7923650909095,True,,端点最大距离且全时段按遮挡计损仍满足双向预算
T001,巡航,1057.4588117595304,1076.9594927786723,直连,,38,PASS,worst_obstruction_endpoint_distance,10.513129561117822,1179.3216739957593,True,,端点最大距离且全时段按遮挡计损仍满足双向预算
T001,巡航,1076.9594927786723,1096.4601737978142,直连,,39,PASS,worst_obstruction_endpoint_distance,12.413199503853406,947.608140912613,True,,端点最大距离且全时段按遮挡计损仍满足双向预算
T001,巡航,1096.4601737978142,1115.9608548169563,直连,,40,PASS,worst_obstruction_endpoint_distance,14.83071939347792,717.3858209025456,True,,端点最大距离且全时段按遮挡计损仍满足双向预算
T001,巡航,1115.9608548169563,1135.4615358360982,直连,,41,PASS,worst_obstruction_endpoint_distance,18.12842960560056,490.75787582087463,True,,端点最大距离且全时段按遮挡计损仍满足双向预算
T001,巡航,1135.4615358360982,1154.96221685524,直连,,42,PASS,worst_obstruction_endpoint_distance,23.105539305523138,276.701678111109,True,,端点最大距离且全时段按遮挡计损仍满足双向预算
T001,下降,1154.96221685524,1171.7283923923494,直连,,43,PASS,worst_obstruction_endpoint_distance,28.560414627442924,147.661755371094,True,,端点最大距离且全时段按遮挡计损仍满足双向预算
T001,下降,1171.7283923923494,1188.4945679294588,直连,,44,PASS,worst_obstruction_endpoint_distance,31.460470195991434,105.74631652832062,True,,端点最大距离且全时段按遮挡计损仍满足双向预算
T001,下降,1188.4945679294588,1205.2607434665683,直连,,45,PASS,worst_obstruction_endpoint_distance,35.845158843874145,63.83087768554728,True,,端点最大距离且全时段按遮挡计损仍满足双向预算
T001,下降,1205.2607434665683,1222.0269190036777,直连,,46,PASS,worst_obstruction_endpoint_distance,45.13077173479178,21.91543884277337,True,,端点最大距离且全时段按遮挡计损仍满足双向预算
T002,爬升,360.0,379.8664866129558,直连,,47,PASS,worst_obstruction_endpoint_distance,39.99198992735825,39.59945983886735,True,,端点最大距离且全时段按遮挡计损仍满足双向预算
T002,爬升,379.8664866129558,399.7329732259115,直连,,48,PASS,worst_obstruction_endpoint_distance,32.015636315537805,99.19891967773452,True,,端点最大距离且全时段按遮挡计损仍满足双向预算
T002,爬升,399.7329732259115,419.59945983886723,直连,,49,PASS,worst_obstruction_endpoint_distance,27.92885384004063,158.7983795166017,True,,端点最大距离且全时段按遮挡计损仍满足双向预算
T002,爬升,419.59945983886723,439.465946451823,直连,,50,PASS,worst_obstruction_endpoint_distance,25.160808415575318,218.397839355469,True,,端点最大距离且全时段按遮挡计损仍满足双向预算
T002,巡航,439.465946451823,458.4317239116678,直连,,51,PASS,worst_obstruction_endpoint_distance,21.96778359151216,315.4275180539318,True,,端点最大距离且全时段按遮挡计损仍满足双向预算
T002,巡航,458.4317239116678,477.39750137151253,直连,,52,PASS,worst_obstruction_endpoint_distance,17.882328503398824,504.86159279270055,True,,端点最大距离且全时段按遮挡计损仍满足双向预算
T002,巡航,477.39750137151253,496.3632788313573,直连,,53,PASS,worst_obstruction_endpoint_distance,14.837244701752255,716.8470844118597,True,,端点最大距离且全时段按遮挡计损仍满足双向预算
T002,巡航,496.3632788313573,515.329056291202,直连,,54,PASS,worst_obstruction_endpoint_distance,12.51851331122657,936.1880488467178,True,,端点最大距离且全时段按遮挡计损仍满足双向预算
T002,巡航,515.329056291202,534.2948337510468,直连,,55,PASS,worst_obstruction_endpoint_distance,10.666243431867713,1158.7148868457655,True,,端点最大距离且全时段按遮挡计损仍满足双向预算
T002,巡航,534.2948337510468,553.2606112108916,直连,,56,PASS,worst_obstruction_endpoint_distance,9.130019333983796,1382.890494946619,True,,端点最大距离且全时段按遮挡计损仍满足双向预算
T002,巡航,553.2606112108916,572.2263886707364,直连,,57,PASS,worst_obstruction_endpoint_distance,7.81991678755827,1608.0254534211506,True,,端点最大距离且全时段按遮挡计损仍满足双向预算
T002,巡航,572.2263886707364,591.1921661305811,直连,,58,PASS,worst_obstruction_endpoint_distance,6.678894698588763,1833.7664525528055,True,,端点最大距离且全时段按遮挡计损仍满足双向预算
T002,巡航,591.1921661305811,610.1579435904259,直连,,59,PASS,worst_obstruction_endpoint_distance,5.6687922911599316,2059.914258406628,True,,端点最大距离且全时段按遮挡计损仍满足双向预算
T002,巡航,610.1579435904259,629.1237210502707,直连,,60,PASS,worst_obstruction_endpoint_distance,4.7629278771622126,2286.3481596831593,True,,端点最大距离且全时段按遮挡计损仍满足双向预算
T002,巡航,629.1237210502707,648.0894985101154,直连,,61,PASS,worst_obstruction_endpoint_distance,3.9419571187510485,2512.9908213933977,True,,端点最大距离且全时段按遮挡计损仍满足双向预算
T002,巡航,648.0894985101154,667.0552759699601,直连,,62,PASS,worst_obstruction_endpoint_distance,3.191428258256792,2739.790436392799,True,,端点最大距离且全时段按遮挡计损仍满足双向预算
T002,巡航,667.0552759699601,686.021053429805,直连,,63,PASS,worst_obstruction_endpoint_distance,2.500270302895842,2966.711008526461,True,,端点最大距离且全时段按遮挡计损仍满足双向预算
T002,巡航,686.021053429805,704.9868308896497,直连,,64,PASS,worst_obstruction_endpoint_distance,1.8598200342751454,3193.726755171166,True,,端点最大距离且全时段按遮挡计损仍满足双向预算
T002,下降,704.9868308896497,715.2463987607434,直连,,65,PASS,worst_obstruction_endpoint_distance,1.8598200342751454,3193.726755171166,True,,端点最大距离且全时段按遮挡计损仍满足双向预算
T002,下降,715.2463987607434,725.5059666318372,直连,,66,PASS,worst_obstruction_endpoint_distance,1.8643124438889203,3192.075361970319,True,,端点最大距离且全时段按遮挡计损仍满足双向预算
T002,投送,725.5059666318372,744.5968757227463,直连,,67,PASS,exact_point,1.8682481629573715,3190.6293079047914,,,独立计算 DEM 遮挡、自由空间损耗与双向预算
T002,投送,744.5968757227463,763.6877848136553,直连,,68,PASS,exact_point,1.8682481629573715,3190.6293079047914,,,独立计算 DEM 遮挡、自由空间损耗与双向预算
T002,投送,763.6877848136553,782.7786939045644,直连,,69,PASS,exact_point,1.8682481629573715,3190.6293079047914,,,独立计算 DEM 遮挡、自由空间损耗与双向预算
T002,投送,782.7786939045644,801.8696029954735,直连,,70,PASS,exact_point,1.8682481629573715,3190.6293079047914,,,独立计算 DEM 遮挡、自由空间损耗与双向预算
T002,投送,801.8696029954735,820.9605120863827,直连,,71,PASS,exact_point,1.8682481629573715,3190.6293079047914,,,独立计算 DEM 遮挡、自由空间损耗与双向预算
T002,投送,820.9605120863827,840.0514211772917,直连,,72,PASS,exact_point,1.8682481629573715,3190.6293079047914,,,独立计算 DEM 遮挡、自由空间损耗与双向预算
T002,投送,840.0514211772917,859.1423302682008,直连,,73,PASS,exact_point,1.8682481629573715,3190.6293079047914,,,独立计算 DEM 遮挡、自由空间损耗与双向预算
T002,投送,859.1423302682008,878.2332393591099,直连,,74,PASS,exact_point,1.8682481629573715,3190.6293079047914,,,独立计算 DEM 遮挡、自由空间损耗与双向预算
T002,投送,878.2332393591099,897.324148450019,直连,,75,PASS,exact_point,1.8682481629573715,3190.6293079047914,,,独立计算 DEM 遮挡、自由空间损耗与双向预算
T002,投送,897.324148450019,916.415057540928,直连,,76,PASS,exact_point,1.8682481629573715,3190.6293079047914,,,独立计算 DEM 遮挡、自由空间损耗与双向预算
T002,投送,916.415057540928,935.5059666318372,直连,,77,PASS,exact_point,1.8682481629573715,3190.6293079047914,,,独立计算 DEM 遮挡、自由空间损耗与双向预算
T002,爬升,935.5059666318372,952.6052464169934,直连,,78,PASS,worst_obstruction_endpoint_distance,1.8598200342751454,3193.726755171166,True,,端点最大距离且全时段按遮挡计损仍满足双向预算
T002,巡航,952.6052464169934,971.5710238768381,直连,,79,PASS,worst_obstruction_endpoint_distance,1.8598200342751454,3193.726755171166,True,,端点最大距离且全时段按遮挡计损仍满足双向预算
T002,巡航,971.5710238768381,990.536801336683,直连,,80,PASS,worst_obstruction_endpoint_distance,2.500270302895842,2966.711008526461,True,,端点最大距离且全时段按遮挡计损仍满足双向预算
T002,巡航,990.536801336683,1009.5025787965277,直连,,81,PASS,worst_obstruction_endpoint_distance,3.191428258256792,2739.790436392799,True,,端点最大距离且全时段按遮挡计损仍满足双向预算
T002,巡航,1009.5025787965277,1028.4683562563725,直连,,82,PASS,worst_obstruction_endpoint_distance,3.9419571187510485,2512.9908213933977,True,,端点最大距离且全时段按遮挡计损仍满足双向预算
T002,巡航,1028.4683562563725,1047.4341337162173,直连,,83,PASS,worst_obstruction_endpoint_distance,4.7629278771622126,2286.3481596831593,True,,端点最大距离且全时段按遮挡计损仍满足双向预算
T002,巡航,1047.4341337162173,1066.399911176062,直连,,84,PASS,worst_obstruction_endpoint_distance,5.6687922911599316,2059.914258406628,True,,端点最大距离且全时段按遮挡计损仍满足双向预算
T002,巡航,1066.399911176062,1085.3656886359067,直连,,85,PASS,worst_obstruction_endpoint_distance,6.678894698588763,1833.7664525528055,True,,端点最大距离且全时段按遮挡计损仍满足双向预算
T002,巡航,1085.3656886359067,1104.3314660957515,直连,,86,PASS,worst_obstruction_endpoint_distance,7.81991678755827,1608.0254534211506,True,,端点最大距离且全时段按遮挡计损仍满足双向预算
T002,巡航,1104.3314660957515,1123.2972435555962,直连,,87,PASS,worst_obstruction_endpoint_distance,9.130019333983796,1382.890494946619,True,,端点最大距离且全时段按遮挡计损仍满足双向预算
T002,巡航,1123.2972435555962,1142.263021015441,直连,,88,PASS,worst_obstruction_endpoint_distance,10.666243431867713,1158.7148868457655,True,,端点最大距离且全时段按遮挡计损仍满足双向预算
T002,巡航,1142.263021015441,1161.2287984752859,直连,,89,PASS,worst_obstruction_endpoint_distance,12.51851331122657,936.1880488467178,True,,端点最大距离且全时段按遮挡计损仍满足双向预算
T002,巡航,1161.2287984752859,1180.1945759351306,直连,,90,PASS,worst_obstruction_endpoint_distance,14.837244701752255,716.8470844118597,True,,端点最大距离且全时段按遮挡计损仍满足双向预算
T002,巡航,1180.1945759351306,1199.1603533949753,直连,,91,PASS,worst_obstruction_endpoint_distance,17.882328503398824,504.86159279270055,True,,端点最大距离且全时段按遮挡计损仍满足双向预算
T002,巡航,1199.1603533949753,1218.12613085482,直连,,92,PASS,worst_obstruction_endpoint_distance,21.96778359151216,315.4275180539318,True,,端点最大距离且全时段按遮挡计损仍满足双向预算
T002,下降,1218.12613085482,1237.1979580032576,直连,,93,PASS,worst_obstruction_endpoint_distance,25.160808415575318,218.397839355469,True,,端点最大距离且全时段按遮挡计损仍满足双向预算
T002,下降,1237.1979580032576,1256.269785151695,直连,,94,PASS,worst_obstruction_endpoint_distance,27.30017506799763,170.7182714843753,True,,端点最大距离且全时段按遮挡计损仍满足双向预算
T002,下降,1256.269785151695,1275.3416123001327,直连,,95,PASS,worst_obstruction_endpoint_distance,30.14494023426775,123.0387036132816,True,,端点最大距离且全时段按遮挡计损仍满足双向预算
T002,下降,1275.3416123001327,1294.4134394485702,直连,,96,PASS,worst_obstruction_endpoint_distance,34.40305698380588,75.35913574218736,True,,端点最大距离且全时段按遮挡计损仍满足双向预算
T002,下降,1294.4134394485702,1313.4852665970077,直连,,97,PASS,worst_obstruction_endpoint_distance,43.10258905170963,27.679567871093695,True,,端点最大距离且全时段按遮挡计损仍满足双向预算
T003,爬升,389.9999999999999,409.0400663248697,直连,,98,PASS,worst_obstruction_endpoint_distance,40.553569255917964,37.12019897460948,True,,端点最大距离且全时段按遮挡计损仍满足双向预算
T003,爬升,409.0400663248697,428.0801326497395,直连,,99,PASS,worst_obstruction_endpoint_distance,32.46103293889698,94.24039794921879,True,,端点最大距离且全时段按遮挡计损仍满足双向预算
T003,爬升,428.0801326497395,447.1201989746093,直连,,100,PASS,worst_obstruction_endpoint_distance,28.34551852982844,151.3605969238282,True,,端点最大距离且全时段按遮挡计损仍满足双向预算
T003,爬升,447.1201989746093,466.1602652994791,直连,,101,PASS,worst_obstruction_endpoint_distance,25.564454038992494,208.48079589843752,True,,端点最大距离且全时段按遮挡计损仍满足双向预算
T003,爬升,466.1602652994791,485.2003316243489,直连,,102,PASS,worst_obstruction_endpoint_distance,23.4611812166777,265.600994873047,True,,端点最大距离且全时段按遮挡计损仍满足双向预算
T003,巡航,485.2003316243489,504.9081935608007,直连,,103,PASS,worst_obstruction_endpoint_distance,19.961022984094825,397.40891843474714,True,,端点最大距离且全时段按遮挡计损仍满足双向预算
T003,巡航,504.9081935608007,524.6160554972525,直连,,104,PASS,worst_obstruction_endpoint_distance,15.71220980707109,648.1540930775991,True,,端点最大距离且全时段按遮挡计损仍满足双向预算
T003,巡航,524.6160554972525,544.3239174337044,直连,,105,PASS,worst_obstruction_endpoint_distance,12.615695694557388,925.7718553957753,True,,端点最大距离且全时段按遮挡计损仍满足双向预算
T003,巡航,544.3239174337044,564.0317793701563,直连,,106,PASS,worst_obstruction_endpoint_distance,10.276198059579158,1211.9336813788218,True,,端点最大距离且全时段按遮挡计损仍满足双向预算
T003,巡航,564.0317793701563,583.7396413066081,直连,,107,PASS,worst_obstruction_endpoint_distance,8.41374566235858,1501.763259580158,True,,端点最大距离且全时段按遮挡计损仍满足双向预算
T003,巡航,583.7396413066081,603.4475032430599,直连,,108,PASS,worst_obstruction_endpoint_distance,6.871828288485418,1793.4833279230154,True,,端点最大距离且全时段按遮挡计损仍满足双向预算
T003,巡航,603.4475032430599,623.1553651795118,直连,,109,PASS,worst_obstruction_endpoint_distance,5.5582357768518165,2086.3010154813837,True,,端点最大距离且全时段按遮挡计损仍满足双向预算
T003,巡航,623.1553651795118,642.8632271159636,直连,,110,PASS,worst_obstruction_endpoint_distance,4.4149250998654,2379.8111956219427,True,,端点最大距离且全时段按遮挡计损仍满足双向预算
T003,巡航,642.8632271159636,662.5710890524155,直连,,111,PASS,worst_obstruction_endpoint_distance,3.4032428294939336,2673.7858265695286,True,,端点最大距离且全时段按遮挡计损仍满足双向预算
T003,巡航,662.5710890524155,682.2789509888673,直连,,112,PASS,worst_obstruction_endpoint_distance,2.4962429037207414,2968.0869067243466,True,,端点最大距离且全时段按遮挡计损仍满足双向预算
T003,巡航,682.2789509888673,701.9868129253191,直连,,113,PASS,worst_obstruction_endpoint_distance,1.6744290534633564,3262.6260964629014,True,,端点最大距离且全时段按遮挡计损仍满足双向预算
T003,巡航,701.9868129253191,721.694674861771,直连,,114,PASS,worst_obstruction_endpoint_distance,0.9232572696648731,3557.344251646282,True,,端点最大距离且全时段按遮挡计损仍满足双向预算
T003,巡航,721.694674861771,741.4025367982229,直连,,115,PASS,worst_obstruction_endpoint_distance,0.2315979591948718,3852.200296462618,True,,端点最大距离且全时段按遮挡计损仍满足双向预算
T003,巡航,741.4025367982229,761.1103987346746,中继,R001,116,PASS,worst_obstruction_endpoint_distance,1.5293471153497364,1662.7287360181615,True,,端点最大距离且全时段按遮挡计损仍满足双向预算
T003,巡航,761.1103987346746,780.8182606711265,中继,R001,117,PASS,worst_obstruction_endpoint_distance,3.1918929171144725,1373.0745338103702,True,,端点最大距离且全时段按遮挡计损仍满足双向预算
T003,巡航,780.8182606711265,800.5261226075784,中继,R001,118,PASS,worst_obstruction_endpoint_distance,5.224083731909346,1086.6372077029318,True,,端点最大距离且全时段按遮挡计损仍满足双向预算
T003,巡航,800.5261226075784,820.2339845440301,中继,R001,119,PASS,worst_obstruction_endpoint_distance,7.809918002431388,806.8501018641134,True,,端点最大距离且全时段按遮挡计损仍满足双向预算
T003,巡航,820.2339845440301,839.9418464804821,中继,R001,120,PASS,worst_obstruction_endpoint_distance,11.23265745479327,544.0713855181892,True,,端点最大距离且全时段按遮挡计损仍满足双向预算
T003,巡航,839.9418464804821,859.6497084169339,中继,R001,121,PASS,worst_obstruction_endpoint_distance,15.30868289058364,340.2942523009908,True,,端点最大距离且全时段按遮挡计损仍满足双向预算
T003,巡航,859.6497084169339,879.3575703533858,中继,R001,122,PASS,worst_obstruction_endpoint_distance,11.478649442313184,528.878955160324,True,,端点最大距离且全时段按遮挡计损仍满足双向预算
T003,巡航,879.3575703533858,899.0654322898375,中继,R001,123,PASS,worst_obstruction_endpoint_distance,7.995048454551593,789.834928744089,True,,端点最大距离且全时段按遮挡计损仍满足双向预算
T003,巡航,899.0654322898375,918.7732942262894,中继,R001,124,PASS,worst_obstruction_endpoint_distance,5.366280347934946,1068.9927034665866,True,,端点最大距离且全时段按遮挡计损仍满足双向预算
T003,巡航,918.7732942262894,938.4811561627412,中继,R001,125,PASS,worst_obstruction_endpoint_distance,3.306027817586582,1355.1499936956816,True,,端点最大距离且全时段按遮挡计损仍满足双向预算
T003,巡航,938.4811561627412,958.189018099193,中继,R001,126,PASS,worst_obstruction_endpoint_distance,1.6242669914537942,1644.6572684634768,True,,端点最大距离且全时段按遮挡计损仍满足双向预算
T003,巡航,958.189018099193,977.8968800356449,中继,R001,127,PASS,worst_obstruction_endpoint_distance,0.2076130959518423,1936.0122613129108,True,,端点最大距离且全时段按遮挡计损仍满足双向预算
T003,下降,977.8968800356449,995.6970126853845,中继,R001,128,PASS,worst_obstruction_endpoint_distance,0.2076130959518423,1936.0122613129108,True,,端点最大距离且全时段按遮挡计损仍满足双向预算
T003,下降,995.6970126853845,1013.4971453351242,中继,R001,129,PASS,worst_obstruction_endpoint_distance,0.20735980617972416,1936.0687183109696,True,,端点最大距离且全时段按遮挡计损仍满足双向预算
T003,下降,1013.4971453351242,1031.2972779848637,中继,R001,130,PASS,worst_obstruction_endpoint_distance,0.20035561395789614,1937.6305694328028,True,,端点最大距离且全时段按遮挡计损仍满足双向预算
T003,投送,1031.2972779848637,1051.2972779848637,中继,R001,131,PASS,exact_point,0.20035561395789614,1937.6305694328028,,,独立计算 DEM 遮挡、自由空间损耗与双向预算
T003,投送,1051.2972779848637,1071.2972779848637,中继,R001,132,PASS,exact_point,0.20035561395789614,1937.6305694328028,,,独立计算 DEM 遮挡、自由空间损耗与双向预算
T003,投送,1071.2972779848637,1091.2972779848637,中继,R001,133,PASS,exact_point,0.20035561395789614,1937.6305694328028,,,独立计算 DEM 遮挡、自由空间损耗与双向预算
T003,投送,1091.2972779848637,1111.2972779848637,中继,R001,134,PASS,exact_point,0.20035561395789614,1937.6305694328028,,,独立计算 DEM 遮挡、自由空间损耗与双向预算
T003,投送,1111.2972779848637,1131.2972779848637,中继,R001,135,PASS,exact_point,0.20035561395789614,1937.6305694328028,,,独立计算 DEM 遮挡、自由空间损耗与双向预算
T003,投送,1131.2972779848637,1151.2972779848637,中继,R001,136,PASS,exact_point,0.20035561395789614,1937.6305694328028,,,独立计算 DEM 遮挡、自由空间损耗与双向预算
T003,投送,1151.2972779848637,1171.2972779848637,中继,R001,137,PASS,exact_point,0.20035561395789614,1937.6305694328028,,,独立计算 DEM 遮挡、自由空间损耗与双向预算
T003,投送,1171.2972779848637,1191.2972779848637,中继,R001,138,PASS,exact_point,0.20035561395789614,1937.6305694328028,,,独立计算 DEM 遮挡、自由空间损耗与双向预算
T003,投送,1191.2972779848637,1211.2972779848637,中继,R001,139,PASS,exact_point,0.20035561395789614,1937.6305694328028,,,独立计算 DEM 遮挡、自由空间损耗与双向预算
T003,投送,1211.2972779848637,1231.2972779848637,中继,R001,140,PASS,exact_point,0.20035561395789614,1937.6305694328028,,,独立计算 DEM 遮挡、自由空间损耗与双向预算
T003,投送,1231.2972779848637,1251.2972779848637,中继,R001,141,PASS,exact_point,0.20035561395789614,1937.6305694328028,,,独立计算 DEM 遮挡、自由空间损耗与双向预算
T003,投送,1251.2972779848637,1271.2972779848637,中继,R001,142,PASS,exact_point,0.20035561395789614,1937.6305694328028,,,独立计算 DEM 遮挡、自由空间损耗与双向预算
T003,爬升,1271.2972779848637,1286.1307218596467,中继,R001,143,PASS,worst_obstruction_endpoint_distance,0.20035561395789614,1937.6305694328028,True,,端点最大距离且全时段按遮挡计损仍满足双向预算
T003,爬升,1286.1307218596467,1300.9641657344298,中继,R001,144,PASS,worst_obstruction_endpoint_distance,0.20735980617972416,1936.0687183109696,True,,端点最大距离且全时段按遮挡计损仍满足双向预算
T003,爬升,1300.9641657344298,1315.7976096092127,中继,R001,145,PASS,worst_obstruction_endpoint_distance,0.2076130959518423,1936.0122613129108,True,,端点最大距离且全时段按遮挡计损仍满足双向预算
T003,巡航,1315.7976096092127,1335.5054715456645,中继,R001,146,PASS,worst_obstruction_endpoint_distance,0.2076130959518423,1936.0122613129108,True,,端点最大距离且全时段按遮挡计损仍满足双向预算
T003,巡航,1335.5054715456645,1355.2133334821165,中继,R001,147,PASS,worst_obstruction_endpoint_distance,1.6242669914537942,1644.6572684634768,True,,端点最大距离且全时段按遮挡计损仍满足双向预算
T003,巡航,1355.2133334821165,1374.9211954185682,中继,R001,148,PASS,worst_obstruction_endpoint_distance,3.306027817586582,1355.1499936956816,True,,端点最大距离且全时段按遮挡计损仍满足双向预算
T003,巡航,1374.9211954185682,1394.62905735502,中继,R001,149,PASS,worst_obstruction_endpoint_distance,5.366280347934946,1068.9927034665866,True,,端点最大距离且全时段按遮挡计损仍满足双向预算
T003,巡航,1394.62905735502,1414.336919291472,中继,R001,150,PASS,worst_obstruction_endpoint_distance,7.995048454551593,789.834928744089,True,,端点最大距离且全时段按遮挡计损仍满足双向预算
T003,巡航,1414.336919291472,1434.0447812279237,中继,R001,151,PASS,worst_obstruction_endpoint_distance,11.478649442313184,528.878955160324,True,,端点最大距离且全时段按遮挡计损仍满足双向预算
T003,巡航,1434.0447812279237,1453.7526431643755,中继,R001,152,PASS,worst_obstruction_endpoint_distance,15.30868289058364,340.2942523009908,True,,端点最大距离且全时段按遮挡计损仍满足双向预算
T003,巡航,1453.7526431643755,1473.4605051008275,中继,R001,153,PASS,worst_obstruction_endpoint_distance,11.23265745479327,544.0713855181892,True,,端点最大距离且全时段按遮挡计损仍满足双向预算
T003,巡航,1473.4605051008275,1493.1683670372793,中继,R001,154,PASS,worst_obstruction_endpoint_distance,7.809918002431388,806.8501018641134,True,,端点最大距离且全时段按遮挡计损仍满足双向预算
T003,巡航,1493.1683670372793,1512.876228973731,中继,R001,155,PASS,worst_obstruction_endpoint_distance,5.224083731909346,1086.6372077029318,True,,端点最大距离且全时段按遮挡计损仍满足双向预算
T003,巡航,1512.876228973731,1532.584090910183,中继,R001,156,PASS,worst_obstruction_endpoint_distance,3.1918929171144725,1373.0745338103702,True,,端点最大距离且全时段按遮挡计损仍满足双向预算
T003,巡航,1532.584090910183,1552.2919528466348,中继,R001,157,PASS,worst_obstruction_endpoint_distance,1.5293471153497364,1662.7287360181615,True,,端点最大距离且全时段按遮挡计损仍满足双向预算
T003,巡航,1552.2919528466348,1571.9998147830865,直连,,158,PASS,worst_obstruction_endpoint_distance,0.2315979591948718,3852.200296462618,True,,端点最大距离且全时段按遮挡计损仍满足双向预算
T003,巡航,1571.9998147830865,1591.7076767195385,直连,,159,PASS,worst_obstruction_endpoint_distance,0.9232572696648731,3557.344251646282,True,,端点最大距离且全时段按遮挡计损仍满足双向预算
T003,巡航,1591.7076767195385,1611.4155386559903,直连,,160,PASS,worst_obstruction_endpoint_distance,1.6744290534633564,3262.6260964629014,True,,端点最大距离且全时段按遮挡计损仍满足双向预算
T003,巡航,1611.4155386559903,1631.123400592442,直连,,161,PASS,worst_obstruction_endpoint_distance,2.4962429037207414,2968.0869067243466,True,,端点最大距离且全时段按遮挡计损仍满足双向预算
T003,巡航,1631.123400592442,1650.8312625288938,直连,,162,PASS,worst_obstruction_endpoint_distance,3.4032428294939336,2673.7858265695286,True,,端点最大距离且全时段按遮挡计损仍满足双向预算
T003,巡航,1650.8312625288938,1670.5391244653458,直连,,163,PASS,worst_obstruction_endpoint_distance,4.4149250998654,2379.8111956219427,True,,端点最大距离且全时段按遮挡计损仍满足双向预算
T003,巡航,1670.5391244653458,1690.2469864017976,直连,,164,PASS,worst_obstruction_endpoint_distance,5.5582357768518165,2086.3010154813837,True,,端点最大距离且全时段按遮挡计损仍满足双向预算
T003,巡航,1690.2469864017976,1709.9548483382496,直连,,165,PASS,worst_obstruction_endpoint_distance,6.871828288485418,1793.4833279230154,True,,端点最大距离且全时段按遮挡计损仍满足双向预算
T003,巡航,1709.9548483382496,1729.6627102747013,直连,,166,PASS,worst_obstruction_endpoint_distance,8.41374566235858,1501.763259580158,True,,端点最大距离且全时段按遮挡计损仍满足双向预算
T003,巡航,1729.6627102747013,1749.370572211153,直连,,167,PASS,worst_obstruction_endpoint_distance,10.276198059579158,1211.9336813788218,True,,端点最大距离且全时段按遮挡计损仍满足双向预算
T003,巡航,1749.370572211153,1769.078434147605,直连,,168,PASS,worst_obstruction_endpoint_distance,12.615695694557388,925.7718553957753,True,,端点最大距离且全时段按遮挡计损仍满足双向预算
T003,巡航,1769.078434147605,1788.7862960840569,直连,,169,PASS,worst_obstruction_endpoint_distance,15.71220980707109,648.1540930775991,True,,端点最大距离且全时段按遮挡计损仍满足双向预算
T003,巡航,1788.7862960840569,1808.4941580205086,直连,,170,PASS,worst_obstruction_endpoint_distance,19.961022984094825,397.40891843474714,True,,端点最大距离且全时段按遮挡计损仍满足双向预算
T003,下降,1808.4941580205086,1827.5342243453783,直连,,171,PASS,worst_obstruction_endpoint_distance,23.4611812166777,265.600994873047,True,,端点最大距离且全时段按遮挡计损仍满足双向预算
T003,下降,1827.5342243453783,1846.5742906702483,直连,,172,PASS,worst_obstruction_endpoint_distance,25.176612261026463,218.00082906087277,True,,端点最大距离且全时段按遮挡计损仍满足双向预算
T003,下降,1846.5742906702483,1865.6143569951182,直连,,173,PASS,worst_obstruction_endpoint_distance,27.316349549092152,170.40066324869798,True,,端点最大距离且全时段按遮挡计损仍满足双向预算
T003,下降,1865.6143569951182,1884.654423319988,直连,,174,PASS,worst_obstruction_endpoint_distance,30.161772645055848,122.80049743652324,True,,端点最大距离且全时段按遮挡计损仍满足双向预算
T003,下降,1884.654423319988,1903.6944896448576,直连,,175,PASS,worst_obstruction_endpoint_distance,34.42138005012991,75.20033162434902,True,,端点最大距离且全时段按遮挡计损仍满足双向预算
T003,下降,1903.6944896448576,1922.7345559697276,直连,,176,PASS,worst_obstruction_endpoint_distance,43.127541342509744,27.600165812174765,True,,端点最大距离且全时段按遮挡计损仍满足双向预算
T004,爬升,479.9999999999999,498.125425415039,直连,,177,PASS,worst_obstruction_endpoint_distance,43.878709413313516,25.31356353759776,True,,端点最大距离且全时段按遮挡计损仍满足双向预算
T004,爬升,498.125425415039,516.2508508300781,直连,,178,PASS,worst_obstruction_endpoint_distance,34.966344352585295,70.62712707519552,True,,端点最大距离且全时段按遮挡计损仍满足双向预算
T004,爬升,516.2508508300781,534.3762762451172,直连,,179,PASS,worst_obstruction_endpoint_distance,30.66105750651289,115.94069061279328,True,,端点最大距离且全时段按遮挡计损仍满足双向预算
T004,爬升,534.3762762451172,552.5017016601563,直连,,180,PASS,worst_obstruction_endpoint_distance,27.79555154865507,161.25425415039103,True,,端点最大距离且全时段按遮挡计损仍满足双向预算
T004,巡航,552.5017016601563,572.2651888835223,直连,,181,PASS,worst_obstruction_endpoint_distance,21.38103723570191,337.4713404244516,True,,端点最大距离且全时段按遮挡计损仍满足双向预算
T004,巡航,572.2651888835223,592.0286761068884,直连,,182,PASS,worst_obstruction_endpoint_distance,16.17615903644753,614.4418760035281,True,,端点最大距离且全时段按遮挡计损仍满足双向预算
T004,巡航,592.0286761068884,611.7921633302544,直连,,183,PASS,worst_obstruction_endpoint_distance,12.823774280234389,903.8576628091926,True,,端点最大距离且全时段按遮挡计损仍满足双向预算
T004,巡航,611.7921633302544,631.5556505536205,直连,,184,PASS,worst_obstruction_endpoint_distance,10.385900789493661,1196.723223014895,True,,端点最大距离且全时段按遮挡计损仍满足双向预算
T004,巡航,631.5556505536205,651.3191377769865,直连,,185,PASS,worst_obstruction_endpoint_distance,8.476180856524223,1491.0071135443768,True,,端点最大距离且全时段按遮挡计损仍满足双向预算
T004,巡航,651.3191377769865,671.0826250003527,直连,,186,PASS,worst_obstruction_endpoint_distance,6.908105372473543,1786.0083692495245,True,,端点最大距离且全时段按遮挡计损仍满足双向预算
T004,巡航,671.0826250003527,690.8461122237186,直连,,187,PASS,worst_obstruction_endpoint_distance,5.578572376014165,2081.421994615999,True,,端点最大距离且全时段按遮挡计损仍满足双向预算
T004,巡航,690.8461122237186,710.6095994470847,直连,,188,PASS,worst_obstruction_endpoint_distance,4.424847125248689,2377.0942527732964,True,,端点最大距离且全时段按遮挡计损仍满足双向预算
T004,巡航,710.6095994470847,730.3730866704508,直连,,189,PASS,worst_obstruction_endpoint_distance,3.4059931797055043,2672.939317626779,True,,端点最大距离且全时段按遮挡计损仍满足双向预算
T004,巡航,730.3730866704508,750.1365738938168,直连,,190,PASS,worst_obstruction_endpoint_distance,2.4938475922613463,2968.9055301769163,True,,端点最大距离且全时段按遮挡计损仍满足双向预算
T004,巡航,750.1365738938168,769.9000611171829,直连,,191,PASS,worst_obstruction_endpoint_distance,1.6682180133278024,3264.9599447416617,True,,端点最大距离且全时段按遮挡计损仍满足双向预算
T004,巡航,769.9000611171829,789.6635483405489,直连,,192,PASS,worst_obstruction_endpoint_distance,0.9141391873638156,3561.0805630696686,True,,端点最大距离且全时段按遮挡计损仍满足双向预算
T004,巡航,789.6635483405489,809.427035563915,直连,,193,PASS,worst_obstruction_endpoint_distance,0.2202145974620322,3857.2521378350943,True,,端点最大距离且全时段按遮挡计损仍满足双向预算
T004,巡航,809.427035563915,829.190522787281,中继,R002,194,PASS,worst_obstruction_endpoint_distance,1.7986941689042766,1611.9592170068474,True,,端点最大距离且全时段按遮挡计损仍满足双向预算
T004,巡航,829.190522787281,848.954010010647,中继,R002,195,PASS,worst_obstruction_endpoint_distance,3.548725382916672,1317.8090603809612,True,,端点最大距离且全时段按遮挡计损仍满足双向预算
T004,巡航,848.954010010647,868.7174972340131,中继,R002,196,PASS,worst_obstruction_endpoint_distance,5.731414163795407,1024.9862751293902,True,,端点最大距离且全时段按遮挡计损仍满足双向预算
T004,巡航,868.7174972340131,888.4809844573791,中继,R002,197,PASS,worst_obstruction_endpoint_distance,8.619096337392278,735.0788740248184,True,,端点最大距离且全时段按遮挡计损仍满足双向预算
T004,巡航,888.4809844573791,908.2444716807452,中继,R001,198,PASS,worst_obstruction_endpoint_distance,0.0883123486256494,1962.7868552554803,True,,端点最大距离且全时段按遮挡计损仍满足双向预算
T004,巡航,908.2444716807452,928.0079589041113,中继,R002,199,PASS,worst_obstruction_endpoint_distance,17.87171950183982,253.33942657084106,True,,端点最大距离且全时段按遮挡计损仍满足双向预算
T004,巡航,928.0079589041113,947.7714461274772,中继,R002,200,PASS,worst_obstruction_endpoint_distance,11.846499345070555,506.94844008022034,True,,端点最大距离且全时段按遮挡计损仍满足双向预算
T004,巡航,947.7714461274772,967.5349333508434,中继,R002,201,PASS,worst_obstruction_endpoint_distance,7.982943005401779,790.9364822770917,True,,端点最大距离且全时段按遮挡计损仍满足双向预算
T004,巡航,967.5349333508434,987.2984205742094,中继,R002,202,PASS,worst_obstruction_endpoint_distance,5.2641680033805756,1081.634069057801,True,,端点最大距离且全时段按遮挡计损仍满足双向预算
T004,巡航,987.2984205742094,1007.0619077975755,中继,R002,203,PASS,worst_obstruction_endpoint_distance,3.1810377706371042,1374.7915994615264,True,,端点最大距离且全时段按遮挡计损仍满足双向预算
T004,巡航,1007.0619077975755,1026.8253950209414,中继,R002,204,PASS,worst_obstruction_endpoint_distance,1.4960582519514247,1669.113407412768,True,,端点最大距离且全时段按遮挡计损仍满足双向预算
T004,巡航,1026.8253950209414,1046.5888822443076,中继,R002,205,PASS,worst_obstruction_endpoint_distance,0.08260871375279066,1964.076152778362,True,,端点最大距离且全时段按遮挡计损仍满足双向预算
T004,下降,1046.5888822443076,1061.497924602706,中继,R002,206,PASS,worst_obstruction_endpoint_distance,0.08260871375279066,1964.076152778362,True,,端点最大距离且全时段按遮挡计损仍满足双向预算
T004,下降,1061.497924602706,1076.4069669611044,中继,R002,207,PASS,worst_obstruction_endpoint_distance,0.08318935627910662,1963.944860755383,True,,端点最大距离且全时段按遮挡计损仍满足双向预算
T004,下降,1076.4069669611044,1091.3160093195029,中继,R002,208,PASS,worst_obstruction_endpoint_distance,0.0804771903531929,1964.5581975862738,True,,端点最大距离且全时段按遮挡计损仍满足双向预算
T004,投送,1091.3160093195029,1111.1160093195028,中继,R002,209,PASS,exact_point,0.0804771903531929,1964.5581975862738,,,独立计算 DEM 遮挡、自由空间损耗与双向预算
T004,投送,1111.1160093195028,1130.9160093195028,中继,R002,210,PASS,exact_point,0.0804771903531929,1964.5581975862738,,,独立计算 DEM 遮挡、自由空间损耗与双向预算
T004,投送,1130.9160093195028,1150.716009319503,中继,R002,211,PASS,exact_point,0.0804771903531929,1964.5581975862738,,,独立计算 DEM 遮挡、自由空间损耗与双向预算
T004,投送,1150.716009319503,1170.516009319503,中继,R002,212,PASS,exact_point,0.0804771903531929,1964.5581975862738,,,独立计算 DEM 遮挡、自由空间损耗与双向预算
T004,投送,1170.516009319503,1190.3160093195029,中继,R002,213,PASS,exact_point,0.0804771903531929,1964.5581975862738,,,独立计算 DEM 遮挡、自由空间损耗与双向预算
T004,投送,1190.3160093195029,1210.1160093195028,中继,R002,214,PASS,exact_point,0.0804771903531929,1964.5581975862738,,,独立计算 DEM 遮挡、自由空间损耗与双向预算
T004,投送,1210.1160093195028,1229.9160093195028,中继,R002,215,PASS,exact_point,0.0804771903531929,1964.5581975862738,,,独立计算 DEM 遮挡、自由空间损耗与双向预算
T004,投送,1229.9160093195028,1249.716009319503,中继,R002,216,PASS,exact_point,0.0804771903531929,1964.5581975862738,,,独立计算 DEM 遮挡、自由空间损耗与双向预算
T004,投送,1249.716009319503,1269.516009319503,中继,R002,217,PASS,exact_point,0.0804771903531929,1964.5581975862738,,,独立计算 DEM 遮挡、自由空间损耗与双向预算
T004,投送,1269.516009319503,1289.3160093195029,中继,R002,218,PASS,exact_point,0.0804771903531929,1964.5581975862738,,,独立计算 DEM 遮挡、自由空间损耗与双向预算
T004,投送,1289.3160093195029,1309.1160093195028,中继,R002,219,PASS,exact_point,0.0804771903531929,1964.5581975862738,,,独立计算 DEM 遮挡、自由空间损耗与双向预算
T004,投送,1309.1160093195028,1328.9160093195028,中继,R002,220,PASS,exact_point,0.0804771903531929,1964.5581975862738,,,独立计算 DEM 遮挡、自由空间损耗与双向预算
T004,投送,1328.9160093195028,1348.716009319503,中继,R002,221,PASS,exact_point,0.0804771903531929,1964.5581975862738,,,独立计算 DEM 遮挡、自由空间损耗与双向预算
T004,投送,1348.716009319503,1368.516009319503,中继,R002,222,PASS,exact_point,0.0804771903531929,1964.5581975862738,,,独立计算 DEM 遮挡、自由空间损耗与双向预算
T004,投送,1368.516009319503,1388.3160093195029,中继,R002,223,PASS,exact_point,0.0804771903531929,1964.5581975862738,,,独立计算 DEM 遮挡、自由空间损耗与双向预算
T004,投送,1388.3160093195029,1408.1160093195028,中继,R002,224,PASS,exact_point,0.0804771903531929,1964.5581975862738,,,独立计算 DEM 遮挡、自由空间损耗与双向预算
T004,投送,1408.1160093195028,1427.9160093195028,中继,R002,225,PASS,exact_point,0.0804771903531929,1964.5581975862738,,,独立计算 DEM 遮挡、自由空间损耗与双向预算
T004,投送,1427.9160093195028,1447.716009319503,中继,R002,226,PASS,exact_point,0.0804771903531929,1964.5581975862738,,,独立计算 DEM 遮挡、自由空间损耗与双向预算
T004,投送,1447.716009319503,1467.516009319503,中继,R002,227,PASS,exact_point,0.0804771903531929,1964.5581975862738,,,独立计算 DEM 遮挡、自由空间损耗与双向预算
T004,投送,1467.516009319503,1487.3160093195029,中继,R002,228,PASS,exact_point,0.0804771903531929,1964.5581975862738,,,独立计算 DEM 遮挡、自由空间损耗与双向预算
T004,爬升,1487.3160093195029,1505.206860149581,中继,R002,229,PASS,worst_obstruction_endpoint_distance,0.0804771903531929,1964.5581975862738,True,,端点最大距离且全时段按遮挡计损仍满足双向预算
T004,爬升,1505.206860149581,1523.097710979659,中继,R002,230,PASS,worst_obstruction_endpoint_distance,0.08260871375279066,1964.076152778362,True,,端点最大距离且全时段按遮挡计损仍满足双向预算
T004,巡航,1523.097710979659,1542.8611982030252,中继,R002,231,PASS,worst_obstruction_endpoint_distance,0.08260871375279066,1964.076152778362,True,,端点最大距离且全时段按遮挡计损仍满足双向预算
T004,巡航,1542.8611982030252,1562.6246854263911,中继,R002,232,PASS,worst_obstruction_endpoint_distance,1.4960582519514247,1669.113407412768,True,,端点最大距离且全时段按遮挡计损仍满足双向预算
T004,巡航,1562.6246854263911,1582.3881726497573,中继,R002,233,PASS,worst_obstruction_endpoint_distance,3.1810377706371042,1374.7915994615264,True,,端点最大距离且全时段按遮挡计损仍满足双向预算
T004,巡航,1582.3881726497573,1602.1516598731232,中继,R002,234,PASS,worst_obstruction_endpoint_distance,5.2641680033805756,1081.634069057801,True,,端点最大距离且全时段按遮挡计损仍满足双向预算
T004,巡航,1602.1516598731232,1621.9151470964894,中继,R002,235,PASS,worst_obstruction_endpoint_distance,7.982943005401779,790.9364822770917,True,,端点最大距离且全时段按遮挡计损仍满足双向预算
T004,巡航,1621.9151470964894,1641.6786343198553,中继,R002,236,PASS,worst_obstruction_endpoint_distance,11.846499345070555,506.94844008022034,True,,端点最大距离且全时段按遮挡计损仍满足双向预算
T004,巡航,1641.6786343198553,1661.4421215432214,中继,R002,237,PASS,worst_obstruction_endpoint_distance,17.87171950183982,253.33942657084106,True,,端点最大距离且全时段按遮挡计损仍满足双向预算
T004,巡航,1661.4421215432214,1681.2056087665874,中继,R002,238,PASS,worst_obstruction_endpoint_distance,12.810203579364014,453.71023806410597,True,,端点最大距离且全时段按遮挡计损仍满足双向预算
T004,巡航,1681.2056087665874,1700.9690959899535,中继,R002,239,PASS,worst_obstruction_endpoint_distance,8.619096337392278,735.0788740248184,True,,端点最大距离且全时段按遮挡计损仍满足双向预算
T004,巡航,1700.9690959899535,1720.7325832133197,中继,R002,240,PASS,worst_obstruction_endpoint_distance,5.731414163795407,1024.9862751293902,True,,端点最大距离且全时段按遮挡计损仍满足双向预算
T004,巡航,1720.7325832133197,1740.4960704366856,中继,R002,241,PASS,worst_obstruction_endpoint_distance,3.548725382916672,1317.8090603809612,True,,端点最大距离且全时段按遮挡计损仍满足双向预算
T004,巡航,1740.4960704366856,1760.2595576600518,中继,R002,242,PASS,worst_obstruction_endpoint_distance,1.7986941689042766,1611.9592170068474,True,,端点最大距离且全时段按遮挡计损仍满足双向预算
T004,巡航,1760.2595576600518,1780.0230448834177,直连,,243,PASS,worst_obstruction_endpoint_distance,0.2202145974620322,3857.2521378350943,True,,端点最大距离且全时段按遮挡计损仍满足双向预算
T004,巡航,1780.0230448834177,1799.7865321067839,直连,,244,PASS,worst_obstruction_endpoint_distance,0.9141391873638156,3561.0805630696686,True,,端点最大距离且全时段按遮挡计损仍满足双向预算
T004,巡航,1799.7865321067839,1819.5500193301498,直连,,245,PASS,worst_obstruction_endpoint_distance,1.6682180133278024,3264.9599447416617,True,,端点最大距离且全时段按遮挡计损仍满足双向预算
T004,巡航,1819.5500193301498,1839.313506553516,直连,,246,PASS,worst_obstruction_endpoint_distance,2.4938475922613463,2968.9055301769163,True,,端点最大距离且全时段按遮挡计损仍满足双向预算
T004,巡航,1839.313506553516,1859.0769937768819,直连,,247,PASS,worst_obstruction_endpoint_distance,3.4059931797055043,2672.939317626779,True,,端点最大距离且全时段按遮挡计损仍满足双向预算
T004,巡航,1859.0769937768819,1878.840481000248,直连,,248,PASS,worst_obstruction_endpoint_distance,4.424847125248689,2377.0942527732964,True,,端点最大距离且全时段按遮挡计损仍满足双向预算
T004,巡航,1878.840481000248,1898.6039682236142,直连,,249,PASS,worst_obstruction_endpoint_distance,5.578572376014165,2081.421994615999,True,,端点最大距离且全时段按遮挡计损仍满足双向预算
T004,巡航,1898.6039682236142,1918.36745544698,直连,,250,PASS,worst_obstruction_endpoint_distance,6.908105372473543,1786.0083692495245,True,,端点最大距离且全时段按遮挡计损仍满足双向预算
T004,巡航,1918.36745544698,1938.1309426703463,直连,,251,PASS,worst_obstruction_endpoint_distance,8.476180856524223,1491.0071135443768,True,,端点最大距离且全时段按遮挡计损仍满足双向预算
T004,巡航,1938.1309426703463,1957.8944298937122,直连,,252,PASS,worst_obstruction_endpoint_distance,10.385900789493661,1196.723223014895,True,,端点最大距离且全时段按遮挡计损仍满足双向预算
T004,巡航,1957.8944298937122,1977.6579171170783,直连,,253,PASS,worst_obstruction_endpoint_distance,12.823774280234389,903.8576628091926,True,,端点最大距离且全时段按遮挡计损仍满足双向预算
T004,巡航,1977.6579171170783,1997.4214043404445,直连,,254,PASS,worst_obstruction_endpoint_distance,16.17615903644753,614.4418760035281,True,,端点最大距离且全时段按遮挡计损仍满足双向预算
T004,巡航,1997.4214043404445,2017.1848915638104,直连,,255,PASS,worst_obstruction_endpoint_distance,21.38103723570191,337.4713404244516,True,,端点最大距离且全时段按遮挡计损仍满足双向预算
T004,下降,2017.1848915638104,2035.3103169788496,直连,,256,PASS,worst_obstruction_endpoint_distance,27.79555154865507,161.25425415039103,True,,端点最大距离且全时段按遮挡计损仍满足双向预算
T004,下降,2035.3103169788496,2053.4357423938886,直连,,257,PASS,worst_obstruction_endpoint_distance,30.007338421908955,125.00340332031266,True,,端点最大距离且全时段按遮挡计损仍满足双向预算
T004,下降,2053.4357423938886,2071.5611678089276,直连,,258,PASS,worst_obstruction_endpoint_distance,32.98215812469377,88.7525524902347,True,,端点最大距离且全时段按遮挡计损仍满足双向预算
T004,下降,2071.5611678089276,2089.686593223967,直连,,259,PASS,worst_obstruction_endpoint_distance,37.54230757016698,52.50170166015678,True,,端点最大距离且全时段按遮挡计损仍满足双向预算
T004,下降,2089.686593223967,2107.812018639006,直连,,260,PASS,worst_obstruction_endpoint_distance,45.92517525248826,20.0,True,,端点最大距离且全时段按遮挡计损仍满足双向预算
T005,爬升,360.0,379.8664866129558,直连,,261,PASS,worst_obstruction_endpoint_distance,39.99198992735825,39.59945983886735,True,,端点最大距离且全时段按遮挡计损仍满足双向预算
T005,爬升,379.8664866129558,399.7329732259115,直连,,262,PASS,worst_obstruction_endpoint_distance,32.015636315537805,99.19891967773452,True,,端点最大距离且全时段按遮挡计损仍满足双向预算
T005,爬升,399.7329732259115,419.59945983886723,直连,,263,PASS,worst_obstruction_endpoint_distance,27.92885384004063,158.7983795166017,True,,端点最大距离且全时段按遮挡计损仍满足双向预算
T005,爬升,419.59945983886723,439.465946451823,直连,,264,PASS,worst_obstruction_endpoint_distance,25.160808415575318,218.397839355469,True,,端点最大距离且全时段按遮挡计损仍满足双向预算
T005,巡航,439.465946451823,458.4317239116678,直连,,265,PASS,worst_obstruction_endpoint_distance,21.96778359151216,315.4275180539318,True,,端点最大距离且全时段按遮挡计损仍满足双向预算
T005,巡航,458.4317239116678,477.39750137151253,直连,,266,PASS,worst_obstruction_endpoint_distance,17.882328503398824,504.86159279270055,True,,端点最大距离且全时段按遮挡计损仍满足双向预算
T005,巡航,477.39750137151253,496.3632788313573,直连,,267,PASS,worst_obstruction_endpoint_distance,14.837244701752255,716.8470844118597,True,,端点最大距离且全时段按遮挡计损仍满足双向预算
T005,巡航,496.3632788313573,515.329056291202,直连,,268,PASS,worst_obstruction_endpoint_distance,12.51851331122657,936.1880488467178,True,,端点最大距离且全时段按遮挡计损仍满足双向预算
T005,巡航,515.329056291202,534.2948337510468,直连,,269,PASS,worst_obstruction_endpoint_distance,10.666243431867713,1158.7148868457655,True,,端点最大距离且全时段按遮挡计损仍满足双向预算
T005,巡航,534.2948337510468,553.2606112108916,直连,,270,PASS,worst_obstruction_endpoint_distance,9.130019333983796,1382.890494946619,True,,端点最大距离且全时段按遮挡计损仍满足双向预算
T005,巡航,553.2606112108916,572.2263886707364,直连,,271,PASS,worst_obstruction_endpoint_distance,7.81991678755827,1608.0254534211506,True,,端点最大距离且全时段按遮挡计损仍满足双向预算
T005,巡航,572.2263886707364,591.1921661305811,直连,,272,PASS,worst_obstruction_endpoint_distance,6.678894698588763,1833.7664525528055,True,,端点最大距离且全时段按遮挡计损仍满足双向预算
T005,巡航,591.1921661305811,610.1579435904259,直连,,273,PASS,worst_obstruction_endpoint_distance,5.6687922911599316,2059.914258406628,True,,端点最大距离且全时段按遮挡计损仍满足双向预算
T005,巡航,610.1579435904259,629.1237210502707,直连,,274,PASS,worst_obstruction_endpoint_distance,4.7629278771622126,2286.3481596831593,True,,端点最大距离且全时段按遮挡计损仍满足双向预算
T005,巡航,629.1237210502707,648.0894985101154,直连,,275,PASS,worst_obstruction_endpoint_distance,3.9419571187510485,2512.9908213933977,True,,端点最大距离且全时段按遮挡计损仍满足双向预算
T005,巡航,648.0894985101154,667.0552759699601,直连,,276,PASS,worst_obstruction_endpoint_distance,3.191428258256792,2739.790436392799,True,,端点最大距离且全时段按遮挡计损仍满足双向预算
T005,巡航,667.0552759699601,686.021053429805,直连,,277,PASS,worst_obstruction_endpoint_distance,2.500270302895842,2966.711008526461,True,,端点最大距离且全时段按遮挡计损仍满足双向预算
T005,巡航,686.021053429805,704.9868308896497,直连,,278,PASS,worst_obstruction_endpoint_distance,1.8598200342751454,3193.726755171166,True,,端点最大距离且全时段按遮挡计损仍满足双向预算
T005,下降,704.9868308896497,715.2463987607434,直连,,279,PASS,worst_obstruction_endpoint_distance,1.8598200342751454,3193.726755171166,True,,端点最大距离且全时段按遮挡计损仍满足双向预算
T005,下降,715.2463987607434,725.5059666318372,直连,,280,PASS,worst_obstruction_endpoint_distance,1.8643124438889203,3192.075361970319,True,,端点最大距离且全时段按遮挡计损仍满足双向预算
T005,投送,725.5059666318372,744.5968757227463,直连,,281,PASS,exact_point,1.8682481629573715,3190.6293079047914,,,独立计算 DEM 遮挡、自由空间损耗与双向预算
T005,投送,744.5968757227463,763.6877848136553,直连,,282,PASS,exact_point,1.8682481629573715,3190.6293079047914,,,独立计算 DEM 遮挡、自由空间损耗与双向预算
T005,投送,763.6877848136553,782.7786939045644,直连,,283,PASS,exact_point,1.8682481629573715,3190.6293079047914,,,独立计算 DEM 遮挡、自由空间损耗与双向预算
T005,投送,782.7786939045644,801.8696029954735,直连,,284,PASS,exact_point,1.8682481629573715,3190.6293079047914,,,独立计算 DEM 遮挡、自由空间损耗与双向预算
T005,投送,801.8696029954735,820.9605120863827,直连,,285,PASS,exact_point,1.8682481629573715,3190.6293079047914,,,独立计算 DEM 遮挡、自由空间损耗与双向预算
T005,投送,820.9605120863827,840.0514211772917,直连,,286,PASS,exact_point,1.8682481629573715,3190.6293079047914,,,独立计算 DEM 遮挡、自由空间损耗与双向预算
T005,投送,840.0514211772917,859.1423302682008,直连,,287,PASS,exact_point,1.8682481629573715,3190.6293079047914,,,独立计算 DEM 遮挡、自由空间损耗与双向预算
T005,投送,859.1423302682008,878.2332393591099,直连,,288,PASS,exact_point,1.8682481629573715,3190.6293079047914,,,独立计算 DEM 遮挡、自由空间损耗与双向预算
T005,投送,878.2332393591099,897.324148450019,直连,,289,PASS,exact_point,1.8682481629573715,3190.6293079047914,,,独立计算 DEM 遮挡、自由空间损耗与双向预算
T005,投送,897.324148450019,916.415057540928,直连,,290,PASS,exact_point,1.8682481629573715,3190.6293079047914,,,独立计算 DEM 遮挡、自由空间损耗与双向预算
T005,投送,916.415057540928,935.5059666318372,直连,,291,PASS,exact_point,1.8682481629573715,3190.6293079047914,,,独立计算 DEM 遮挡、自由空间损耗与双向预算
T005,爬升,935.5059666318372,952.6052464169934,直连,,292,PASS,worst_obstruction_endpoint_distance,1.8598200342751454,3193.726755171166,True,,端点最大距离且全时段按遮挡计损仍满足双向预算
T005,巡航,952.6052464169934,971.5710238768381,直连,,293,PASS,worst_obstruction_endpoint_distance,1.8598200342751454,3193.726755171166,True,,端点最大距离且全时段按遮挡计损仍满足双向预算
T005,巡航,971.5710238768381,990.536801336683,直连,,294,PASS,worst_obstruction_endpoint_distance,2.500270302895842,2966.711008526461,True,,端点最大距离且全时段按遮挡计损仍满足双向预算
T005,巡航,990.536801336683,1009.5025787965277,直连,,295,PASS,worst_obstruction_endpoint_distance,3.191428258256792,2739.790436392799,True,,端点最大距离且全时段按遮挡计损仍满足双向预算
T005,巡航,1009.5025787965277,1028.4683562563725,直连,,296,PASS,worst_obstruction_endpoint_distance,3.9419571187510485,2512.9908213933977,True,,端点最大距离且全时段按遮挡计损仍满足双向预算
T005,巡航,1028.4683562563725,1047.4341337162173,直连,,297,PASS,worst_obstruction_endpoint_distance,4.7629278771622126,2286.3481596831593,True,,端点最大距离且全时段按遮挡计损仍满足双向预算
T005,巡航,1047.4341337162173,1066.399911176062,直连,,298,PASS,worst_obstruction_endpoint_distance,5.6687922911599316,2059.914258406628,True,,端点最大距离且全时段按遮挡计损仍满足双向预算
T005,巡航,1066.399911176062,1085.3656886359067,直连,,299,PASS,worst_obstruction_endpoint_distance,6.678894698588763,1833.7664525528055,True,,端点最大距离且全时段按遮挡计损仍满足双向预算
T005,巡航,1085.3656886359067,1104.3314660957515,直连,,300,PASS,worst_obstruction_endpoint_distance,7.81991678755827,1608.0254534211506,True,,端点最大距离且全时段按遮挡计损仍满足双向预算
T005,巡航,1104.3314660957515,1123.2972435555962,直连,,301,PASS,worst_obstruction_endpoint_distance,9.130019333983796,1382.890494946619,True,,端点最大距离且全时段按遮挡计损仍满足双向预算
T005,巡航,1123.2972435555962,1142.263021015441,直连,,302,PASS,worst_obstruction_endpoint_distance,10.666243431867713,1158.7148868457655,True,,端点最大距离且全时段按遮挡计损仍满足双向预算
T005,巡航,1142.263021015441,1161.2287984752859,直连,,303,PASS,worst_obstruction_endpoint_distance,12.51851331122657,936.1880488467178,True,,端点最大距离且全时段按遮挡计损仍满足双向预算
T005,巡航,1161.2287984752859,1180.1945759351306,直连,,304,PASS,worst_obstruction_endpoint_distance,14.837244701752255,716.8470844118597,True,,端点最大距离且全时段按遮挡计损仍满足双向预算
T005,巡航,1180.1945759351306,1199.1603533949753,直连,,305,PASS,worst_obstruction_endpoint_distance,17.882328503398824,504.86159279270055,True,,端点最大距离且全时段按遮挡计损仍满足双向预算
T005,巡航,1199.1603533949753,1218.12613085482,直连,,306,PASS,worst_obstruction_endpoint_distance,21.96778359151216,315.4275180539318,True,,端点最大距离且全时段按遮挡计损仍满足双向预算
T005,下降,1218.12613085482,1237.1979580032576,直连,,307,PASS,worst_obstruction_endpoint_distance,25.160808415575318,218.397839355469,True,,端点最大距离且全时段按遮挡计损仍满足双向预算
T005,下降,1237.1979580032576,1256.269785151695,直连,,308,PASS,worst_obstruction_endpoint_distance,27.30017506799763,170.7182714843753,True,,端点最大距离且全时段按遮挡计损仍满足双向预算
T005,下降,1256.269785151695,1275.3416123001327,直连,,309,PASS,worst_obstruction_endpoint_distance,30.14494023426775,123.0387036132816,True,,端点最大距离且全时段按遮挡计损仍满足双向预算
T005,下降,1275.3416123001327,1294.4134394485702,直连,,310,PASS,worst_obstruction_endpoint_distance,34.40305698380588,75.35913574218736,True,,端点最大距离且全时段按遮挡计损仍满足双向预算
T005,下降,1294.4134394485702,1313.4852665970077,直连,,311,PASS,worst_obstruction_endpoint_distance,43.10258905170963,27.679567871093695,True,,端点最大距离且全时段按遮挡计损仍满足双向预算
T006,爬升,360.00000000000006,379.0718271484376,直连,,312,PASS,worst_obstruction_endpoint_distance,43.10258905170957,27.679567871093866,True,,端点最大距离且全时段按遮挡计损仍满足双向预算
T006,爬升,379.0718271484376,398.14365429687507,直连,,313,PASS,worst_obstruction_endpoint_distance,34.40305698380587,75.35913574218756,True,,端点最大距离且全时段按遮挡计损仍满足双向预算
T006,爬升,398.14365429687507,417.2154814453126,直连,,314,PASS,worst_obstruction_endpoint_distance,30.144940234267764,123.03870361328143,True,,端点最大距离且全时段按遮挡计损仍满足双向预算
T006,爬升,417.2154814453126,436.28730859375014,直连,,315,PASS,worst_obstruction_endpoint_distance,27.30017506799763,170.7182714843753,True,,端点最大距离且全时段按遮挡计损仍满足双向预算
T006,爬升,436.28730859375014,455.3591357421876,直连,,316,PASS,worst_obstruction_endpoint_distance,25.160808415575318,218.397839355469,True,,端点最大距离且全时段按遮挡计损仍满足双向预算
T006,巡航,455.3591357421876,474.6697455194841,直连,,317,PASS,worst_obstruction_endpoint_distance,20.75321503615335,362.7671946009024,True,,端点最大距离且全时段按遮挡计损仍满足双向预算
T006,巡航,474.6697455194841,493.9803552967806,直连,,318,PASS,worst_obstruction_endpoint_distance,16.110304248345813,619.1181641730701,True,,端点最大距离且全时段按遮挡计损仍满足双向预算
T006,巡航,493.9803552967806,513.2909650740771,直连,,319,PASS,worst_obstruction_endpoint_distance,12.899596539616908,896.0019014636614,True,,端点最大距离且全时段按遮挡计损仍满足双向预算
T006,巡航,513.2909650740771,532.6015748513736,直连,,320,PASS,worst_obstruction_endpoint_distance,10.515201150199815,1179.0404387173653,True,,端点最大距离且全时段按遮挡计损仍满足双向预算
T006,巡航,532.6015748513736,551.91218462867,直连,,321,PASS,worst_obstruction_endpoint_distance,8.63097956554033,1464.6699789789309,True,,端点最大距离且全时段按遮挡计损仍满足双向预算
T006,巡航,551.91218462867,571.2227944059665,直连,,322,PASS,worst_obstruction_endpoint_distance,7.076960051876313,1751.623470098632,True,,端点最大距离且全时段按遮挡计损仍满足双向预算
T006,巡航,571.2227944059665,590.533404183263,直连,,323,PASS,worst_obstruction_endpoint_distance,5.755973409622868,2039.3421138116032,True,,端点最大距离且全时段按遮挡计损仍满足双向预算
T006,巡航,590.533404183263,609.8440139605596,直连,,324,PASS,worst_obstruction_endpoint_distance,4.607823983663508,2327.5421748741096,True,,端点最大距离且全时段按遮挡计损仍满足双向预算
T006,巡航,609.8440139605596,629.154623737856,直连,,325,PASS,worst_obstruction_endpoint_distance,3.592806045813731,2616.064551374272,True,,端点最大距离且全时段按遮挡计损仍满足双向预算
T006,巡航,629.154623737856,648.4652335151525,直连,,326,PASS,worst_obstruction_endpoint_distance,2.6834109702721207,2904.813202356247,True,,端点最大距离且全时段按遮挡计损仍满足双向预算
T006,巡航,648.4652335151525,667.7758432924489,直连,,327,PASS,worst_obstruction_endpoint_distance,1.8598200342751454,3193.726755171166,True,,端点最大距离且全时段按遮挡计损仍满足双向预算
T006,下降,667.7758432924489,680.6003031313162,直连,,328,PASS,worst_obstruction_endpoint_distance,1.8598200342751454,3193.726755171166,True,,端点最大距离且全时段按遮挡计损仍满足双向预算
T006,下降,680.6003031313162,693.4247629701833,直连,,329,PASS,worst_obstruction_endpoint_distance,1.8643124438889203,3192.075361970319,True,,端点最大距离且全时段按遮挡计损仍满足双向预算
T006,投送,693.4247629701833,712.8093783547987,直连,,330,PASS,exact_point,1.8682481629573715,3190.6293079047914,,,独立计算 DEM 遮挡、自由空间损耗与双向预算
T006,投送,712.8093783547987,732.193993739414,直连,,331,PASS,exact_point,1.8682481629573715,3190.6293079047914,,,独立计算 DEM 遮挡、自由空间损耗与双向预算
T006,投送,732.193993739414,751.5786091240295,直连,,332,PASS,exact_point,1.8682481629573715,3190.6293079047914,,,独立计算 DEM 遮挡、自由空间损耗与双向预算
T006,投送,751.5786091240295,770.9632245086449,直连,,333,PASS,exact_point,1.8682481629573715,3190.6293079047914,,,独立计算 DEM 遮挡、自由空间损耗与双向预算
T006,投送,770.9632245086449,790.3478398932602,直连,,334,PASS,exact_point,1.8682481629573715,3190.6293079047914,,,独立计算 DEM 遮挡、自由空间损耗与双向预算
T006,投送,790.3478398932602,809.7324552778756,直连,,335,PASS,exact_point,1.8682481629573715,3190.6293079047914,,,独立计算 DEM 遮挡、自由空间损耗与双向预算
T006,投送,809.7324552778756,829.117070662491,直连,,336,PASS,exact_point,1.8682481629573715,3190.6293079047914,,,独立计算 DEM 遮挡、自由空间损耗与双向预算
T006,投送,829.117070662491,848.5016860471064,直连,,337,PASS,exact_point,1.8682481629573715,3190.6293079047914,,,独立计算 DEM 遮挡、自由空间损耗与双向预算
T006,投送,848.5016860471064,867.8863014317218,直连,,338,PASS,exact_point,1.8682481629573715,3190.6293079047914,,,独立计算 DEM 遮挡、自由空间损耗与双向预算
T006,投送,867.8863014317218,887.2709168163371,直连,,339,PASS,exact_point,1.8682481629573715,3190.6293079047914,,,独立计算 DEM 遮挡、自由空间损耗与双向预算
T006,投送,887.2709168163371,906.6555322009526,直连,,340,PASS,exact_point,1.8682481629573715,3190.6293079047914,,,独立计算 DEM 遮挡、自由空间损耗与双向预算
T006,投送,906.6555322009526,926.040147585568,直连,,341,PASS,exact_point,1.8682481629573715,3190.6293079047914,,,独立计算 DEM 遮挡、自由空间损耗与双向预算
T006,投送,926.040147585568,945.4247629701833,直连,,342,PASS,exact_point,1.8682481629573715,3190.6293079047914,,,独立计算 DEM 遮挡、自由空间损耗与双向预算
T006,爬升,945.4247629701833,955.6843308412771,直连,,343,PASS,worst_obstruction_endpoint_distance,1.8643124438889203,3192.075361970319,True,,端点最大距离且全时段按遮挡计损仍满足双向预算
T006,爬升,955.6843308412771,965.9438987123708,直连,,344,PASS,worst_obstruction_endpoint_distance,1.8598200342751454,3193.726755171166,True,,端点最大距离且全时段按遮挡计损仍满足双向预算
T006,巡航,965.9438987123708,985.2545084896673,直连,,345,PASS,worst_obstruction_endpoint_distance,1.8598200342751454,3193.726755171166,True,,端点最大距离且全时段按遮挡计损仍满足双向预算
T006,巡航,985.2545084896673,1004.5651182669639,直连,,346,PASS,worst_obstruction_endpoint_distance,2.6834109702721207,2904.813202356247,True,,端点最大距离且全时段按遮挡计损仍满足双向预算
T006,巡航,1004.5651182669639,1023.8757280442603,直连,,347,PASS,worst_obstruction_endpoint_distance,3.592806045813731,2616.064551374272,True,,端点最大距离且全时段按遮挡计损仍满足双向预算
T006,巡航,1023.8757280442603,1043.186337821557,直连,,348,PASS,worst_obstruction_endpoint_distance,4.607823983663508,2327.5421748741096,True,,端点最大距离且全时段按遮挡计损仍满足双向预算
T006,巡航,1043.186337821557,1062.4969475988532,直连,,349,PASS,worst_obstruction_endpoint_distance,5.755973409622868,2039.3421138116032,True,,端点最大距离且全时段按遮挡计损仍满足双向预算
T006,巡航,1062.4969475988532,1081.8075573761498,直连,,350,PASS,worst_obstruction_endpoint_distance,7.076960051876313,1751.623470098632,True,,端点最大距离且全时段按遮挡计损仍满足双向预算
T006,巡航,1081.8075573761498,1101.1181671534464,直连,,351,PASS,worst_obstruction_endpoint_distance,8.63097956554033,1464.6699789789309,True,,端点最大距离且全时段按遮挡计损仍满足双向预算
T006,巡航,1101.1181671534464,1120.4287769307427,直连,,352,PASS,worst_obstruction_endpoint_distance,10.515201150199815,1179.0404387173653,True,,端点最大距离且全时段按遮挡计损仍满足双向预算
T006,巡航,1120.4287769307427,1139.7393867080393,直连,,353,PASS,worst_obstruction_endpoint_distance,12.899596539616908,896.0019014636614,True,,端点最大距离且全时段按遮挡计损仍满足双向预算
T006,巡航,1139.7393867080393,1159.0499964853357,直连,,354,PASS,worst_obstruction_endpoint_distance,16.110304248345813,619.1181641730701,True,,端点最大距离且全时段按遮挡计损仍满足双向预算
T006,巡航,1159.0499964853357,1178.3606062626322,直连,,355,PASS,worst_obstruction_endpoint_distance,20.75321503615335,362.7671946009024,True,,端点最大距离且全时段按遮挡计损仍满足双向预算
T006,下降,1178.3606062626322,1198.227092875588,直连,,356,PASS,worst_obstruction_endpoint_distance,25.160808415575318,218.397839355469,True,,端点最大距离且全时段按遮挡计损仍满足双向预算
T006,下降,1198.227092875588,1218.0935794885438,直连,,357,PASS,worst_obstruction_endpoint_distance,26.904991999955485,178.66486612955765,True,,端点最大距离且全时段按遮挡计损仍满足双向预算
T006,下降,1218.0935794885438,1237.9600661014995,直连,,358,PASS,worst_obstruction_endpoint_distance,29.08973610815727,138.93189290364586,True,,端点最大距离且全时段按遮挡计损仍满足双向预算
T006,下降,1237.9600661014995,1257.8265527144551,直连,,359,PASS,worst_obstruction_endpoint_distance,32.01563631553782,99.1989196777345,True,,端点最大距离且全时段按遮挡计损仍满足双向预算
T006,下降,1257.8265527144551,1277.693039327411,直连,,360,PASS,worst_obstruction_endpoint_distance,36.460408456856726,59.46594645182313,True,,端点最大距离且全时段按遮挡计损仍满足双向预算
T006,下降,1277.693039327411,1297.5595259403667,直连,,361,PASS,worst_obstruction_endpoint_distance,45.92517525248826,20.0,True,,端点最大距离且全时段按遮挡计损仍满足双向预算
T007,爬升,362.0,377.10452117919925,直连,,362,PASS,worst_obstruction_endpoint_distance,43.878709413313516,25.31356353759776,True,,端点最大距离且全时段按遮挡计损仍满足双向预算
T007,爬升,377.10452117919925,392.2090423583985,直连,,363,PASS,worst_obstruction_endpoint_distance,34.966344352585295,70.62712707519552,True,,端点最大距离且全时段按遮挡计损仍满足双向预算
T007,爬升,392.2090423583985,407.31356353759776,直连,,364,PASS,worst_obstruction_endpoint_distance,30.66105750651289,115.94069061279328,True,,端点最大距离且全时段按遮挡计损仍满足双向预算
T007,爬升,407.31356353759776,422.418084716797,直连,,365,PASS,worst_obstruction_endpoint_distance,27.79555154865507,161.25425415039103,True,,端点最大距离且全时段按遮挡计损仍满足双向预算
T007,巡航,422.418084716797,442.3409549016418,直连,,366,PASS,worst_obstruction_endpoint_distance,22.7466552490028,288.3739298263756,True,,端点最大距离且全时段按遮挡计损仍满足双向预算
T007,巡航,442.3409549016418,462.26382508648663,直连,,367,PASS,worst_obstruction_endpoint_distance,17.88669157215095,504.60805598923304,True,,端点最大距离且全时段按遮挡计损仍满足双向预算
T007,巡航,462.26382508648663,482.1866952713314,直连,,368,PASS,worst_obstruction_endpoint_distance,14.618523438123603,735.127359563481,True,,端点最大距离且全时段按遮挡计损仍满足双向预算
T007,巡航,482.1866952713314,502.10956545617626,直连,,369,PASS,worst_obstruction_endpoint_distance,12.212148575902788,969.7981012726779,True,,端点最大距离且全时段按遮挡计损仍满足双向预算
T007,巡航,502.10956545617626,522.032435641021,直连,,370,PASS,worst_obstruction_endpoint_distance,10.317391018752147,1206.1996756463072,True,,端点最大距离且全时段按遮挡计损仍满足双向预算
T007,巡航,522.032435641021,541.9553058258658,直连,,371,PASS,worst_obstruction_endpoint_distance,8.75754802231451,1443.481948508619,True,,端点最大距离且全时段按遮挡计损仍满足双向预算
T007,巡航,541.9553058258658,561.8781760107107,直连,,372,PASS,worst_obstruction_endpoint_distance,7.4330151706130465,1681.2720754402123,True,,端点最大距离且全时段按遮挡计损仍满足双向预算
T007,巡航,561.8781760107107,581.8010461955555,直连,,373,PASS,worst_obstruction_endpoint_distance,6.282549920454841,1919.381313205809,True,,端点最大距离且全时段按遮挡计损仍满足双向预算
T007,巡航,581.8010461955555,601.7239163804003,直连,,374,PASS,worst_obstruction_endpoint_distance,5.26593775247207,2157.7040198220166,True,,端点最大距离且全时段按遮挡计损仍满足双向预算
T007,巡航,601.7239163804003,621.6467865652451,直连,,375,PASS,worst_obstruction_endpoint_distance,4.355399068097427,2396.1765015691853,True,,端点最大距离且全时段按遮挡计损仍满足双向预算
T007,巡航,621.6467865652451,641.56965675009,直连,,376,PASS,worst_obstruction_endpoint_distance,3.530960231351557,2634.7580902299947,True,,端点最大距离且全时段按遮挡计损仍满足双向预算
T007,巡航,641.56965675009,661.4925269349347,直连,,377,PASS,worst_obstruction_endpoint_distance,2.777788098494426,2873.421608333201,True,,端点最大距离且全时段按遮挡计损仍满足双向预算
T007,巡航,661.4925269349347,681.4153971197795,直连,,378,PASS,worst_obstruction_endpoint_distance,2.0845697493750492,3112.1482069920535,True,,端点最大距离且全时段按遮挡计损仍满足双向预算
T007,巡航,681.4153971197795,701.3382673046244,直连,,379,PASS,worst_obstruction_endpoint_distance,1.4424825575907931,3350.924404276432,True,,端点最大距离且全时段按遮挡计损仍满足双向预算
T007,巡航,701.3382673046244,721.2611374894691,直连,,380,PASS,worst_obstruction_endpoint_distance,0.8445145458364891,3589.740302850707,True,,端点最大距离且全时段按遮挡计损仍满足双向预算
T007,巡航,721.2611374894691,741.184007674314,直连,,381,PASS,worst_obstruction_endpoint_distance,0.2850014159647145,3828.588473379334,True,,端点最大距离且全时段按遮挡计损仍满足双向预算
T007,巡航,741.184007674314,761.1068778591588,中继,R002,382,PASS,worst_obstruction_endpoint_distance,1.6464127694329704,1640.4693471173132,True,,端点最大距离且全时段按遮挡计损仍满足双向预算
T007,巡航,761.1068778591588,781.0297480440036,中继,R002,383,PASS,worst_obstruction_endpoint_distance,3.003955198122142,1403.1076690440416,True,,端点最大距离且全时段按遮挡计损仍满足双向预算
T007,巡航,781.0297480440036,800.9526182288483,中继,R002,384,PASS,worst_obstruction_endpoint_distance,4.608484030556156,1166.4457813686502,True,,端点最大距离且全时段按遮挡计损仍满足双向预算
T007,巡航,800.9526182288483,820.8754884136931,中继,R002,385,PASS,worst_obstruction_endpoint_distance,6.566618362481648,931.0174910596767,True,,端点最大距离且全时段按遮挡计损仍满足双向预算
T007,巡航,820.8754884136931,840.798358598538,中继,R001,386,PASS,worst_obstruction_endpoint_distance,0.0029638034739747354,1982.16849055346,True,,端点最大距离且全时段按遮挡计损仍满足双向预算
T007,巡航,840.798358598538,860.7212287833828,中继,R001,387,PASS,worst_obstruction_endpoint_distance,0.11776004815705221,1956.1437027502427,True,,端点最大距离且全时段按遮挡计损仍满足双向预算
T007,巡航,860.7212287833828,880.6440989682276,中继,R002,388,PASS,worst_obstruction_endpoint_distance,17.41694773027514,266.95703602075713,True,,端点最大距离且全时段按遮挡计损仍满足双向预算
T007,巡航,880.6440989682276,900.5669691530725,中继,R002,389,PASS,worst_obstruction_endpoint_distance,15.435011461473422,335.3807914117733,True,,端点最大距离且全时段按遮挡计损仍满足双向预算
T007,巡航,900.5669691530725,920.4898393379171,中继,R002,390,PASS,worst_obstruction_endpoint_distance,11.109087166752758,551.8669677532918,True,,端点最大距离且全时段按遮挡计损仍满足双向预算
T007,巡航,920.4898393379171,940.412709522762,中继,R002,391,PASS,worst_obstruction_endpoint_distance,8.085738358392959,781.631116825741,True,,端点最大距离且全时段按遮挡计损仍满足双向预算
T007,巡航,940.412709522762,960.3355797076068,中继,R002,392,PASS,worst_obstruction_endpoint_distance,5.810449516449253,1015.7019411850675,True,,端点最大距离且全时段按遮挡计损仍满足双向预算
T007,巡航,960.3355797076068,980.2584498924517,中继,R002,393,PASS,worst_obstruction_endpoint_distance,3.996008648377284,1251.6656269578361,True,,端点最大距离且全时段按遮挡计损仍满足双向预算
T007,巡航,980.2584498924517,1000.1813200772965,中继,R002,394,PASS,worst_obstruction_endpoint_distance,2.4900846057931716,1488.6223254849551,True,,端点最大距离且全时段按遮挡计损仍满足双向预算
T007,巡航,1000.1813200772965,1020.1041902621413,中继,R002,395,PASS,worst_obstruction_endpoint_distance,1.204138385441965,1726.1631417686265,True,,端点最大距离且全时段按遮挡计损仍满足双向预算
T007,巡航,1020.1041902621413,1040.027060446986,中继,R002,396,PASS,worst_obstruction_endpoint_distance,0.08260871375279066,1964.076152778362,True,,端点最大距离且全时段按遮挡计损仍满足双向预算
T007,下降,1040.027060446986,1057.9179112770644,中继,R002,397,PASS,worst_obstruction_endpoint_distance,0.08260871375279066,1964.076152778362,True,,端点最大距离且全时段按遮挡计损仍满足双向预算
T007,下降,1057.9179112770644,1075.8087621071425,中继,R002,398,PASS,worst_obstruction_endpoint_distance,0.0804771903531929,1964.5581975862738,True,,端点最大距离且全时段按遮挡计损仍满足双向预算
T007,投送,1075.8087621071425,1094.8996711980515,中继,R002,399,PASS,exact_point,0.0804771903531929,1964.5581975862738,,,独立计算 DEM 遮挡、自由空间损耗与双向预算
T007,投送,1094.8996711980515,1113.9905802889607,中继,R002,400,PASS,exact_point,0.0804771903531929,1964.5581975862738,,,独立计算 DEM 遮挡、自由空间损耗与双向预算
T007,投送,1113.9905802889607,1133.0814893798697,中继,R002,401,PASS,exact_point,0.0804771903531929,1964.5581975862738,,,独立计算 DEM 遮挡、自由空间损耗与双向预算
T007,投送,1133.0814893798697,1152.1723984707787,中继,R002,402,PASS,exact_point,0.0804771903531929,1964.5581975862738,,,独立计算 DEM 遮挡、自由空间损耗与双向预算
T007,投送,1152.1723984707787,1171.263307561688,中继,R002,403,PASS,exact_point,0.0804771903531929,1964.5581975862738,,,独立计算 DEM 遮挡、自由空间损耗与双向预算
T007,投送,1171.263307561688,1190.354216652597,中继,R002,404,PASS,exact_point,0.0804771903531929,1964.5581975862738,,,独立计算 DEM 遮挡、自由空间损耗与双向预算
T007,投送,1190.354216652597,1209.4451257435062,中继,R002,405,PASS,exact_point,0.0804771903531929,1964.5581975862738,,,独立计算 DEM 遮挡、自由空间损耗与双向预算
T007,投送,1209.4451257435062,1228.5360348344152,中继,R002,406,PASS,exact_point,0.0804771903531929,1964.5581975862738,,,独立计算 DEM 遮挡、自由空间损耗与双向预算
T007,投送,1228.5360348344152,1247.6269439253242,中继,R002,407,PASS,exact_point,0.0804771903531929,1964.5581975862738,,,独立计算 DEM 遮挡、自由空间损耗与双向预算
T007,投送,1247.6269439253242,1266.7178530162334,中继,R002,408,PASS,exact_point,0.0804771903531929,1964.5581975862738,,,独立计算 DEM 遮挡、自由空间损耗与双向预算
T007,投送,1266.7178530162334,1285.8087621071425,中继,R002,409,PASS,exact_point,0.0804771903531929,1964.5581975862738,,,独立计算 DEM 遮挡、自由空间损耗与双向预算
T007,爬升,1285.8087621071422,1300.7178044655407,中继,R002,410,PASS,worst_obstruction_endpoint_distance,0.0804771903531929,1964.5581975862738,True,,端点最大距离且全时段按遮挡计损仍满足双向预算
T007,爬升,1300.7178044655407,1315.626846823939,中继,R002,411,PASS,worst_obstruction_endpoint_distance,0.08260871375279066,1964.076152778362,True,,端点最大距离且全时段按遮挡计损仍满足双向预算
T007,巡航,1315.626846823939,1335.549717008784,中继,R002,412,PASS,worst_obstruction_endpoint_distance,0.08260871375279066,1964.076152778362,True,,端点最大距离且全时段按遮挡计损仍满足双向预算
T007,巡航,1335.549717008784,1355.4725871936287,中继,R002,413,PASS,worst_obstruction_endpoint_distance,1.204138385441965,1726.1631417686265,True,,端点最大距离且全时段按遮挡计损仍满足双向预算
T007,巡航,1355.4725871936287,1375.3954573784736,中继,R002,414,PASS,worst_obstruction_endpoint_distance,2.4900846057931716,1488.6223254849551,True,,端点最大距离且全时段按遮挡计损仍满足双向预算
T007,巡航,1375.3954573784736,1395.3183275633185,中继,R002,415,PASS,worst_obstruction_endpoint_distance,3.996008648377284,1251.6656269578361,True,,端点最大距离且全时段按遮挡计损仍满足双向预算
T007,巡航,1395.3183275633185,1415.2411977481631,中继,R002,416,PASS,worst_obstruction_endpoint_distance,5.810449516449253,1015.7019411850675,True,,端点最大距离且全时段按遮挡计损仍满足双向预算
T007,巡航,1415.2411977481631,1435.164067933008,中继,R002,417,PASS,worst_obstruction_endpoint_distance,8.085738358392959,781.631116825741,True,,端点最大距离且全时段按遮挡计损仍满足双向预算
T007,巡航,1435.164067933008,1455.086938117853,中继,R002,418,PASS,worst_obstruction_endpoint_distance,11.109087166752758,551.8669677532918,True,,端点最大距离且全时段按遮挡计损仍满足双向预算
T007,巡航,1455.086938117853,1475.0098083026976,中继,R002,419,PASS,worst_obstruction_endpoint_distance,15.435011461473422,335.3807914117733,True,,端点最大距离且全时段按遮挡计损仍满足双向预算
T007,巡航,1475.0098083026976,1494.9326784875425,中继,R002,420,PASS,worst_obstruction_endpoint_distance,17.41694773027514,266.95703602075713,True,,端点最大距离且全时段按遮挡计损仍满足双向预算
T007,巡航,1494.9326784875425,1514.8555486723872,中继,R001,421,PASS,worst_obstruction_endpoint_distance,0.11776004815705221,1956.1437027502427,True,,端点最大距离且全时段按遮挡计损仍满足双向预算
T007,巡航,1514.8555486723872,1534.778418857232,中继,R001,422,PASS,worst_obstruction_endpoint_distance,0.0029638034739747354,1982.16849055346,True,,端点最大距离且全时段按遮挡计损仍满足双向预算
T007,巡航,1534.778418857232,1554.701289042077,中继,R002,423,PASS,worst_obstruction_endpoint_distance,6.566618362481648,931.0174910596767,True,,端点最大距离且全时段按遮挡计损仍满足双向预算
T007,巡航,1554.701289042077,1574.6241592269216,中继,R002,424,PASS,worst_obstruction_endpoint_distance,4.608484030556156,1166.4457813686502,True,,端点最大距离且全时段按遮挡计损仍满足双向预算
T007,巡航,1574.6241592269216,1594.5470294117665,中继,R002,425,PASS,worst_obstruction_endpoint_distance,3.003955198122142,1403.1076690440416,True,,端点最大距离且全时段按遮挡计损仍满足双向预算
T007,巡航,1594.5470294117665,1614.4698995966114,中继,R002,426,PASS,worst_obstruction_endpoint_distance,1.6464127694329704,1640.4693471173132,True,,端点最大距离且全时段按遮挡计损仍满足双向预算
T007,巡航,1614.4698995966114,1634.392769781456,直连,,427,PASS,worst_obstruction_endpoint_distance,0.2850014159647145,3828.588473379334,True,,端点最大距离且全时段按遮挡计损仍满足双向预算
T007,巡航,1634.392769781456,1654.315639966301,直连,,428,PASS,worst_obstruction_endpoint_distance,0.8445145458364891,3589.740302850707,True,,端点最大距离且全时段按遮挡计损仍满足双向预算
T007,巡航,1654.315639966301,1674.2385101511459,直连,,429,PASS,worst_obstruction_endpoint_distance,1.4424825575907931,3350.924404276432,True,,端点最大距离且全时段按遮挡计损仍满足双向预算
T007,巡航,1674.2385101511459,1694.1613803359905,直连,,430,PASS,worst_obstruction_endpoint_distance,2.0845697493750492,3112.1482069920535,True,,端点最大距离且全时段按遮挡计损仍满足双向预算
T007,巡航,1694.1613803359905,1714.0842505208354,直连,,431,PASS,worst_obstruction_endpoint_distance,2.777788098494426,2873.421608333201,True,,端点最大距离且全时段按遮挡计损仍满足双向预算
T007,巡航,1714.0842505208354,1734.0071207056803,直连,,432,PASS,worst_obstruction_endpoint_distance,3.530960231351557,2634.7580902299947,True,,端点最大距离且全时段按遮挡计损仍满足双向预算
T007,巡航,1734.0071207056803,1753.929990890525,直连,,433,PASS,worst_obstruction_endpoint_distance,4.355399068097427,2396.1765015691853,True,,端点最大距离且全时段按遮挡计损仍满足双向预算
T007,巡航,1753.929990890525,1773.85286107537,直连,,434,PASS,worst_obstruction_endpoint_distance,5.26593775247207,2157.7040198220166,True,,端点最大距离且全时段按遮挡计损仍满足双向预算
T007,巡航,1773.85286107537,1793.7757312602148,直连,,435,PASS,worst_obstruction_endpoint_distance,6.282549920454841,1919.381313205809,True,,端点最大距离且全时段按遮挡计损仍满足双向预算
T007,巡航,1793.7757312602148,1813.6986014450595,直连,,436,PASS,worst_obstruction_endpoint_distance,7.4330151706130465,1681.2720754402123,True,,端点最大距离且全时段按遮挡计损仍满足双向预算
T007,巡航,1813.6986014450595,1833.6214716299041,直连,,437,PASS,worst_obstruction_endpoint_distance,8.75754802231451,1443.481948508619,True,,端点最大距离且全时段按遮挡计损仍满足双向预算
T007,巡航,1833.6214716299041,1853.544341814749,直连,,438,PASS,worst_obstruction_endpoint_distance,10.317391018752147,1206.1996756463072,True,,端点最大距离且全时段按遮挡计损仍满足双向预算
T007,巡航,1853.544341814749,1873.467211999594,直连,,439,PASS,worst_obstruction_endpoint_distance,12.212148575902788,969.7981012726779,True,,端点最大距离且全时段按遮挡计损仍满足双向预算
T007,巡航,1873.467211999594,1893.3900821844388,直连,,440,PASS,worst_obstruction_endpoint_distance,14.618523438123603,735.127359563481,True,,端点最大距离且全时段按遮挡计损仍满足双向预算
T007,巡航,1893.3900821844388,1913.3129523692837,直连,,441,PASS,worst_obstruction_endpoint_distance,17.88669157215095,504.60805598923304,True,,端点最大距离且全时段按遮挡计损仍满足双向预算
T007,巡航,1913.3129523692837,1933.2358225541284,直连,,442,PASS,worst_obstruction_endpoint_distance,22.7466552490028,288.3739298263756,True,,端点最大距离且全时段按遮挡计损仍满足双向预算
T007,下降,1933.2358225541284,1951.3612479691674,直连,,443,PASS,worst_obstruction_endpoint_distance,27.79555154865507,161.25425415039103,True,,端点最大距离且全时段按遮挡计损仍满足双向预算
T007,下降,1951.3612479691674,1969.4866733842066,直连,,444,PASS,worst_obstruction_endpoint_distance,30.66105750651286,115.94069061279356,True,,端点最大距离且全时段按遮挡计损仍满足双向预算
T007,下降,1969.4866733842066,1987.6120987992458,直连,,445,PASS,worst_obstruction_endpoint_distance,34.966344352585295,70.62712707519552,True,,端点最大距离且全时段按遮挡计损仍满足双向预算
T007,下降,1987.6120987992458,2005.7375242142848,直连,,446,PASS,worst_obstruction_endpoint_distance,43.878709413313615,25.313563537597474,True,,端点最大距离且全时段按遮挡计损仍满足双向预算
T008,爬升,430.0,448.3921013726129,直连,,447,PASS,worst_obstruction_endpoint_distance,41.02077101907942,35.176304117838754,True,,端点最大距离且全时段按遮挡计损仍满足双向预算
T008,爬升,448.3921013726129,466.78420274522574,直连,,448,PASS,worst_obstruction_endpoint_distance,32.82696128604417,90.35260823567731,True,,端点最大距离且全时段按遮挡计损仍满足双向预算
T008,爬升,466.78420274522574,485.17630411783864,直连,,449,PASS,worst_obstruction_endpoint_distance,28.68678949476505,145.52891235351603,True,,端点最大距离且全时段按遮挡计损仍满足双向预算
T008,巡航,485.17630411783864,504.1934668497458,直连,,450,PASS,worst_obstruction_endpoint_distance,21.836398531290612,320.2350261363581,True,,端点最大距离且全时段按遮挡计损仍满足双向预算
T008,巡航,504.1934668497458,523.2106295816529,直连,,451,PASS,worst_obstruction_endpoint_distance,16.546663988902537,588.7834023351405,True,,端点最大距离且全时段按遮挡计损仍满足双向预算
T008,巡航,523.2106295816529,542.22779231356,直连,,452,PASS,worst_obstruction_endpoint_distance,13.174798895214863,868.0581392014765,True,,端点最大距离且全时段按遮挡计损仍满足双向预算
T008,巡航,542.22779231356,561.2449550454671,直连,,453,PASS,worst_obstruction_endpoint_distance,10.729757922473041,1150.2728313183097,True,,端点最大距离且全时段按遮挡计损仍满足双向预算
T008,巡航,561.2449550454671,580.2621177773743,直连,,454,PASS,worst_obstruction_endpoint_distance,8.816655594821057,1433.6923851274319,True,,端点最大距离且全时段按遮挡计损仍满足双向预算
T008,巡航,580.2621177773743,599.2792805092814,直连,,455,PASS,worst_obstruction_endpoint_distance,7.246725157142279,1717.7205067016116,True,,端点最大距离且全时段按遮挡计损仍满足双向预算
T008,巡航,599.2792805092814,618.2964432411886,直连,,456,PASS,worst_obstruction_endpoint_distance,5.916067623284519,2002.0982089747577,True,,端点最大距离且全时段按遮挡计损仍满足双向预算
T008,巡航,618.2964432411886,637.3136059730957,直连,,457,PASS,worst_obstruction_endpoint_distance,4.761610048728812,2286.6950721260782,True,,端点最大距离且全时段按遮挡计损仍满足双向预算
T008,巡航,637.3136059730957,656.3307687050028,直连,,458,PASS,worst_obstruction_endpoint_distance,3.7422529026328704,2571.4383295456846,True,,端点最大距离且全时段按遮挡计损仍满足双向预算
T008,巡航,656.3307687050028,675.3479314369099,直连,,459,PASS,worst_obstruction_endpoint_distance,2.829746817360757,2856.284199392131,True,,端点最大距离且全时段按遮挡计损仍满足双向预算
T008,巡航,675.3479314369099,694.3650941688171,直连,,460,PASS,worst_obstruction_endpoint_distance,2.003850208797573,3141.204766965233,True,,端点最大距离且全时段按遮挡计损仍满足双向预算
T008,巡航,694.3650941688171,713.3822569007242,直连,,461,PASS,worst_obstruction_endpoint_distance,1.2495681126698628,3426.1813967707103,True,,端点最大距离且全时段按遮挡计损仍满足双向预算
T008,巡航,713.3822569007242,732.3994196326314,直连,,462,PASS,worst_obstruction_endpoint_distance,0.5554852276978011,3711.20117407028,True,,端点最大距离且全时段按遮挡计损仍满足双向预算
T008,巡航,732.3994196326314,751.4165823645385,中继,R002,463,PASS,worst_obstruction_endpoint_distance,1.0826492244121937,1750.476549554645,True,,端点最大距离且全时段按遮挡计损仍满足双向预算
T008,巡航,751.4165823645385,770.4337450964456,中继,R002,464,PASS,worst_obstruction_endpoint_distance,2.627258519793102,1465.2975798126802,True,,端点最大距离且全时段按遮挡计损仍满足双向预算
T008,巡航,770.4337450964456,789.4509078283527,中继,R001,465,PASS,worst_obstruction_endpoint_distance,0.012848229143784806,1979.914092432215,True,,端点最大距离且全时段按遮挡计损仍满足双向预算
T008,巡航,789.4509078283527,808.4680705602599,中继,R001,466,PASS,worst_obstruction_endpoint_distance,0.5345448573881413,1864.4962551646481,True,,端点最大距离且全时段按遮挡计损仍满足双向预算
T008,巡航,808.4680705602599,827.4852332921671,中继,R001,467,PASS,worst_obstruction_endpoint_distance,0.9005549694705337,1787.5615717791145,True,,端点最大距离且全时段按遮挡计损仍满足双向预算
T008,巡航,827.4852332921671,846.5023960240742,中继,R001,468,PASS,worst_obstruction_endpoint_distance,1.001908884717949,1766.8240980527955,True,,端点最大距离且全时段按遮挡计损仍满足双向预算
T008,巡航,846.5023960240742,865.5195587559813,中继,R001,469,PASS,worst_obstruction_endpoint_distance,0.7227307187954182,1824.5350987692664,True,,端点最大距离且全时段按遮挡计损仍满足双向预算
T008,下降,865.5195587559813,878.1653412266844,中继,R001,470,PASS,worst_obstruction_endpoint_distance,0.7150983708654053,1826.1390342629602,True,,端点最大距离且全时段按遮挡计损仍满足双向预算
T008,下降,878.1653412266844,890.8111236973876,中继,R001,471,PASS,worst_obstruction_endpoint_distance,0.7048814896830464,1828.2883158723741,True,,端点最大距离且全时段按遮挡计损仍满足双向预算
T008,投送,890.8111236973876,909.2726621589261,中继,R001,472,PASS,exact_point,0.7048814896830464,1828.2883158723741,,,独立计算 DEM 遮挡、自由空间损耗与双向预算
T008,投送,909.2726621589261,927.7342006204645,中继,R001,473,PASS,exact_point,0.7048814896830464,1828.2883158723741,,,独立计算 DEM 遮挡、自由空间损耗与双向预算
T008,投送,927.7342006204645,946.195739082003,中继,R001,474,PASS,exact_point,0.7048814896830464,1828.2883158723741,,,独立计算 DEM 遮挡、自由空间损耗与双向预算
T008,投送,946.195739082003,964.6572775435416,中继,R001,475,PASS,exact_point,0.7048814896830464,1828.2883158723741,,,独立计算 DEM 遮挡、自由空间损耗与双向预算
T008,投送,964.6572775435416,983.11881600508,中继,R001,476,PASS,exact_point,0.7048814896830464,1828.2883158723741,,,独立计算 DEM 遮挡、自由空间损耗与双向预算
T008,投送,983.11881600508,1001.5803544666185,中继,R001,477,PASS,exact_point,0.7048814896830464,1828.2883158723741,,,独立计算 DEM 遮挡、自由空间损耗与双向预算
T008,投送,1001.5803544666185,1020.0418929281569,中继,R001,478,PASS,exact_point,0.7048814896830464,1828.2883158723741,,,独立计算 DEM 遮挡、自由空间损耗与双向预算
T008,投送,1020.0418929281569,1038.5034313896954,中继,R001,479,PASS,exact_point,0.7048814896830464,1828.2883158723741,,,独立计算 DEM 遮挡、自由空间损耗与双向预算
T008,投送,1038.5034313896954,1056.964969851234,中继,R001,480,PASS,exact_point,0.7048814896830464,1828.2883158723741,,,独立计算 DEM 遮挡、自由空间损耗与双向预算
T008,投送,1056.964969851234,1075.4265083127723,中继,R001,481,PASS,exact_point,0.7048814896830464,1828.2883158723741,,,独立计算 DEM 遮挡、自由空间损耗与双向预算
T008,投送,1075.4265083127723,1093.8880467743109,中继,R001,482,PASS,exact_point,0.7048814896830464,1828.2883158723741,,,独立计算 DEM 遮挡、自由空间损耗与双向预算
T008,投送,1093.8880467743109,1112.3495852358492,中继,R001,483,PASS,exact_point,0.7048814896830464,1828.2883158723741,,,独立计算 DEM 遮挡、自由空间损耗与双向预算
T008,投送,1112.3495852358492,1130.8111236973878,中继,R001,484,PASS,exact_point,0.7048814896830464,1828.2883158723741,,,独立计算 DEM 遮挡、自由空间损耗与双向预算
T008,爬升,1130.8111236973878,1141.3492757563072,中继,R001,485,PASS,worst_obstruction_endpoint_distance,0.7048814896830464,1828.2883158723741,True,,端点最大距离且全时段按遮挡计损仍满足双向预算
T008,爬升,1141.3492757563072,1151.8874278152264,中继,R001,486,PASS,worst_obstruction_endpoint_distance,0.7150983708654053,1826.1390342629602,True,,端点最大距离且全时段按遮挡计损仍满足双向预算
T008,巡航,1151.8874278152264,1170.9045905471335,中继,R001,487,PASS,worst_obstruction_endpoint_distance,0.7227307187954182,1824.5350987692664,True,,端点最大距离且全时段按遮挡计损仍满足双向预算
T008,巡航,1170.9045905471335,1189.9217532790406,中继,R001,488,PASS,worst_obstruction_endpoint_distance,1.001908884717949,1766.8240980527955,True,,端点最大距离且全时段按遮挡计损仍满足双向预算
T008,巡航,1189.9217532790406,1208.9389160109479,中继,R001,489,PASS,worst_obstruction_endpoint_distance,0.9005549694705337,1787.5615717791145,True,,端点最大距离且全时段按遮挡计损仍满足双向预算
T008,巡航,1208.9389160109479,1227.956078742855,中继,R001,490,PASS,worst_obstruction_endpoint_distance,0.5345448573881413,1864.4962551646481,True,,端点最大距离且全时段按遮挡计损仍满足双向预算
T008,巡航,1227.956078742855,1246.973241474762,中继,R001,491,PASS,worst_obstruction_endpoint_distance,0.012848229143784806,1979.914092432215,True,,端点最大距离且全时段按遮挡计损仍满足双向预算
T008,巡航,1246.973241474762,1265.9904042066692,中继,R002,492,PASS,worst_obstruction_endpoint_distance,2.627258519793102,1465.2975798126802,True,,端点最大距离且全时段按遮挡计损仍满足双向预算
T008,巡航,1265.9904042066692,1285.0075669385762,中继,R002,493,PASS,worst_obstruction_endpoint_distance,1.0826492244121937,1750.476549554645,True,,端点最大距离且全时段按遮挡计损仍满足双向预算
T008,巡航,1285.0075669385762,1304.0247296704836,直连,,494,PASS,worst_obstruction_endpoint_distance,0.5554852276978011,3711.20117407028,True,,端点最大距离且全时段按遮挡计损仍满足双向预算
T008,巡航,1304.0247296704836,1323.0418924023907,直连,,495,PASS,worst_obstruction_endpoint_distance,1.2495681126698628,3426.1813967707103,True,,端点最大距离且全时段按遮挡计损仍满足双向预算
T008,巡航,1323.0418924023907,1342.0590551342978,直连,,496,PASS,worst_obstruction_endpoint_distance,2.003850208797573,3141.204766965233,True,,端点最大距离且全时段按遮挡计损仍满足双向预算
T008,巡航,1342.0590551342978,1361.0762178662048,直连,,497,PASS,worst_obstruction_endpoint_distance,2.829746817360757,2856.284199392131,True,,端点最大距离且全时段按遮挡计损仍满足双向预算
T008,巡航,1361.0762178662048,1380.093380598112,直连,,498,PASS,worst_obstruction_endpoint_distance,3.7422529026328704,2571.4383295456846,True,,端点最大距离且全时段按遮挡计损仍满足双向预算
T008,巡航,1380.093380598112,1399.1105433300193,直连,,499,PASS,worst_obstruction_endpoint_distance,4.761610048728812,2286.6950721260782,True,,端点最大距离且全时段按遮挡计损仍满足双向预算
T008,巡航,1399.1105433300193,1418.1277060619263,直连,,500,PASS,worst_obstruction_endpoint_distance,5.916067623284519,2002.0982089747577,True,,端点最大距离且全时段按遮挡计损仍满足双向预算
T008,巡航,1418.1277060619263,1437.1448687938334,直连,,501,PASS,worst_obstruction_endpoint_distance,7.246725157142279,1717.7205067016116,True,,端点最大距离且全时段按遮挡计损仍满足双向预算
T008,巡航,1437.1448687938334,1456.1620315257405,直连,,502,PASS,worst_obstruction_endpoint_distance,8.816655594821057,1433.6923851274319,True,,端点最大距离且全时段按遮挡计损仍满足双向预算
T008,巡航,1456.1620315257405,1475.1791942576479,直连,,503,PASS,worst_obstruction_endpoint_distance,10.729757922473041,1150.2728313183097,True,,端点最大距离且全时段按遮挡计损仍满足双向预算
T008,巡航,1475.1791942576479,1494.1963569895547,直连,,504,PASS,worst_obstruction_endpoint_distance,13.174798895214863,868.0581392014765,True,,端点最大距离且全时段按遮挡计损仍满足双向预算
T008,巡航,1494.1963569895547,1513.213519721462,直连,,505,PASS,worst_obstruction_endpoint_distance,16.546663988902537,588.7834023351405,True,,端点最大距离且全时段按遮挡计损仍满足双向预算
T008,巡航,1513.213519721462,1532.2306824533691,直连,,506,PASS,worst_obstruction_endpoint_distance,21.836398531290612,320.2350261363581,True,,端点最大距离且全时段按遮挡计损仍满足双向预算
T008,下降,1532.2306824533691,1548.7835736887207,直连,,507,PASS,worst_obstruction_endpoint_distance,28.68678949476505,145.52891235351603,True,,端点最大距离且全时段按遮挡计损仍满足双向预算
T008,下降,1548.7835736887207,1565.3364649240723,直连,,508,PASS,worst_obstruction_endpoint_distance,31.592866209766527,104.14668426513703,True,,端点最大距离且全时段按遮挡计损仍满足双向预算
T008,下降,1565.3364649240723,1581.8893561594239,直连,,509,PASS,worst_obstruction_endpoint_distance,35.99149976120049,62.76445617675802,True,,端点最大距离且全时段按遮挡计损仍满足双向预算
T008,下降,1581.8893561594239,1598.4422473947754,直连,,510,PASS,worst_obstruction_endpoint_distance,45.34471600699305,21.38222808837901,True,,端点最大距离且全时段按遮挡计损仍满足双向预算
T009,爬升,1613.0,1629.1507344563802,直连,,511,PASS,worst_obstruction_endpoint_distance,42.86345708049137,28.452203369140676,True,,端点最大距离且全时段按遮挡计损仍满足双向预算
T009,爬升,1629.1507344563802,1645.3014689127604,直连,,512,PASS,worst_obstruction_endpoint_distance,34.22675064092644,76.90440673828135,True,,端点最大距离且全时段按遮挡计损仍满足双向预算
T009,爬升,1645.3014689127604,1661.4522033691405,直连,,513,PASS,worst_obstruction_endpoint_distance,29.982830377148545,125.356610107422,True,,端点最大距离且全时段按遮挡计损仍满足双向预算
T009,巡航,1661.4522033691405,1681.0290540270923,直连,,514,PASS,worst_obstruction_endpoint_distance,23.439145992925262,266.2756531493173,True,,端点最大距离且全时段按遮挡计损仍满足双向预算
T009,巡航,1681.0290540270923,1700.6059046850442,直连,,515,PASS,worst_obstruction_endpoint_distance,18.208050378198536,486.2798111658891,True,,端点最大距离且全时段按遮挡计损仍满足双向预算
T009,巡航,1700.6059046850442,1720.182755342996,直连,,516,PASS,worst_obstruction_endpoint_distance,14.849596880380076,715.82838275658,True,,端点最大距离且全时段按遮挡计损仍满足双向预算
T009,巡航,1720.182755342996,1739.7596060009478,直连,,517,PASS,worst_obstruction_endpoint_distance,12.409485773578538,948.0133859272303,True,,端点最大距离且全时段按遮挡计损仍满足双向预算
T009,巡航,1739.7596060009478,1759.3364566588996,直连,,518,PASS,worst_obstruction_endpoint_distance,10.498709008550065,1181.281242448014,True,,端点最大距离且全时段按遮挡计损仍满足双向预算
T009,巡航,1759.3364566588996,1778.9133073168514,直连,,519,PASS,worst_obstruction_endpoint_distance,8.930053702377293,1415.0965532947675,True,,端点最大距离且全时段按遮挡计损仍满足双向预算
T009,巡航,1778.9133073168514,1798.4901579748032,直连,,520,PASS,worst_obstruction_endpoint_distance,7.600169114693159,1649.2264926496591,True,,端点最大距离且全时段按遮挡计损仍满足双向预算
T009,巡航,1798.4901579748032,1818.067008632755,直连,,521,PASS,worst_obstruction_endpoint_distance,6.446214866248994,1883.5537370869965,True,,端点最大距离且全时段按遮挡计损仍满足双向预算
T009,巡航,1818.067008632755,1837.6438592907068,直连,,522,PASS,worst_obstruction_endpoint_distance,5.427203554487448,2118.012800824474,True,,端点最大距离且全时段按遮挡计损仍满足双向预算
T009,巡航,1837.6438592907068,1857.2207099486586,直连,,523,PASS,worst_obstruction_endpoint_distance,4.514945220631574,2352.5642724361696,True,,端点最大距离且全时段按遮挡计损仍满足双向预算
T009,巡航,1857.2207099486586,1876.7975606066102,直连,,524,PASS,worst_obstruction_endpoint_distance,3.6892321235043113,2587.183019222811,True,,端点最大距离且全时段按遮挡计损仍满足双向预算
T009,巡航,1876.7975606066102,1896.3744112645622,直连,,525,PASS,worst_obstruction_endpoint_distance,2.935089718870202,2821.852260748545,True,,端点最大距离且全时段按遮挡计损仍满足双向预算
T009,巡航,1896.3744112645622,1915.9512619225138,直连,,526,PASS,worst_obstruction_endpoint_distance,2.2411156161546586,3056.5603667445057,True,,端点最大距离且全时段按遮挡计损仍满足双向预算
T009,下降,1915.9512619225138,1933.7625839439984,直连,,527,PASS,worst_obstruction_endpoint_distance,2.2411156161546586,3056.5603667445057,True,,端点最大距离且全时段按遮挡计损仍满足双向预算
T009,下降,1933.7625839439984,1951.5739059654827,直连,,528,PASS,worst_obstruction_endpoint_distance,2.2453855868061083,3055.0581354130627,True,,端点最大距离且全时段按遮挡计损仍满足双向预算
T009,投送,1951.5739059654827,1971.5739059654827,直连,,529,PASS,exact_point,2.2478131175972464,3054.2044276465326,,,独立计算 DEM 遮挡、自由空间损耗与双向预算
T009,投送,1971.5739059654827,1991.5739059654827,直连,,530,PASS,exact_point,2.2478131175972464,3054.2044276465326,,,独立计算 DEM 遮挡、自由空间损耗与双向预算
T009,投送,1991.5739059654827,2011.5739059654827,直连,,531,PASS,exact_point,2.2478131175972464,3054.2044276465326,,,独立计算 DEM 遮挡、自由空间损耗与双向预算
T009,投送,2011.5739059654827,2031.5739059654827,直连,,532,PASS,exact_point,2.2478131175972464,3054.2044276465326,,,独立计算 DEM 遮挡、自由空间损耗与双向预算
T009,投送,2031.5739059654827,2051.5739059654825,直连,,533,PASS,exact_point,2.2478131175972464,3054.2044276465326,,,独立计算 DEM 遮挡、自由空间损耗与双向预算
T009,投送,2051.5739059654825,2071.5739059654825,直连,,534,PASS,exact_point,2.2478131175972464,3054.2044276465326,,,独立计算 DEM 遮挡、自由空间损耗与双向预算
T009,投送,2071.5739059654825,2091.5739059654825,直连,,535,PASS,exact_point,2.2478131175972464,3054.2044276465326,,,独立计算 DEM 遮挡、自由空间损耗与双向预算
T009,投送,2091.5739059654825,2111.5739059654825,直连,,536,PASS,exact_point,2.2478131175972464,3054.2044276465326,,,独立计算 DEM 遮挡、自由空间损耗与双向预算
T009,投送,2111.5739059654825,2131.5739059654825,直连,,537,PASS,exact_point,2.2478131175972464,3054.2044276465326,,,独立计算 DEM 遮挡、自由空间损耗与双向预算
T009,投送,2131.5739059654825,2151.5739059654825,直连,,538,PASS,exact_point,2.2478131175972464,3054.2044276465326,,,独立计算 DEM 遮挡、自由空间损耗与双向预算
T009,投送,2151.5739059654825,2171.5739059654825,直连,,539,PASS,exact_point,2.2478131175972464,3054.2044276465326,,,独立计算 DEM 遮挡、自由空间损耗与双向预算
T009,投送,2171.5739059654825,2191.5739059654825,直连,,540,PASS,exact_point,2.2478131175972464,3054.2044276465326,,,独立计算 DEM 遮挡、自由空间损耗与双向预算
T009,爬升,2191.5739059654825,2206.4166743167198,直连,,541,PASS,worst_obstruction_endpoint_distance,2.2453855868061083,3055.0581354130627,True,,端点最大距离且全时段按遮挡计损仍满足双向预算
T009,爬升,2206.4166743167198,2221.2594426679566,直连,,542,PASS,worst_obstruction_endpoint_distance,2.2411156161546586,3056.5603667445057,True,,端点最大距离且全时段按遮挡计损仍满足双向预算
T009,巡航,2221.2594426679566,2240.8362933259086,直连,,543,PASS,worst_obstruction_endpoint_distance,2.2411156161546586,3056.5603667445057,True,,端点最大距离且全时段按遮挡计损仍满足双向预算
T009,巡航,2240.8362933259086,2260.41314398386,直连,,544,PASS,worst_obstruction_endpoint_distance,2.935089718870202,2821.852260748545,True,,端点最大距离且全时段按遮挡计损仍满足双向预算
T009,巡航,2260.41314398386,2279.989994641812,直连,,545,PASS,worst_obstruction_endpoint_distance,3.6892321235043113,2587.183019222811,True,,端点最大距离且全时段按遮挡计损仍满足双向预算
T009,巡航,2279.989994641812,2299.566845299764,直连,,546,PASS,worst_obstruction_endpoint_distance,4.514945220631574,2352.5642724361696,True,,端点最大距离且全时段按遮挡计损仍满足双向预算
T009,巡航,2299.566845299764,2319.143695957716,直连,,547,PASS,worst_obstruction_endpoint_distance,5.427203554487448,2118.012800824474,True,,端点最大距离且全时段按遮挡计损仍满足双向预算
T009,巡航,2319.143695957716,2338.7205466156674,直连,,548,PASS,worst_obstruction_endpoint_distance,6.446214866248994,1883.5537370869965,True,,端点最大距离且全时段按遮挡计损仍满足双向预算
T009,巡航,2338.7205466156674,2358.297397273619,直连,,549,PASS,worst_obstruction_endpoint_distance,7.600169114693159,1649.2264926496591,True,,端点最大距离且全时段按遮挡计损仍满足双向预算
T009,巡航,2358.297397273619,2377.874247931571,直连,,550,PASS,worst_obstruction_endpoint_distance,8.930053702377293,1415.0965532947675,True,,端点最大距离且全时段按遮挡计损仍满足双向预算
T009,巡航,2377.874247931571,2397.451098589523,直连,,551,PASS,worst_obstruction_endpoint_distance,10.498709008550065,1181.281242448014,True,,端点最大距离且全时段按遮挡计损仍满足双向预算
T009,巡航,2397.451098589523,2417.0279492474747,直连,,552,PASS,worst_obstruction_endpoint_distance,12.409485773578538,948.0133859272303,True,,端点最大距离且全时段按遮挡计损仍满足双向预算
T009,巡航,2417.0279492474747,2436.6047999054263,直连,,553,PASS,worst_obstruction_endpoint_distance,14.849596880380076,715.82838275658,True,,端点最大距离且全时段按遮挡计损仍满足双向预算
T009,巡航,2436.6047999054263,2456.1816505633783,直连,,554,PASS,worst_obstruction_endpoint_distance,18.208050378198536,486.2798111658891,True,,端点最大距离且全时段按遮挡计损仍满足双向预算
T009,巡航,2456.1816505633783,2475.7585012213303,直连,,555,PASS,worst_obstruction_endpoint_distance,23.439145992925262,266.2756531493173,True,,端点最大距离且全时段按遮挡计损仍满足双向预算
T009,下降,2475.7585012213303,2495.1393825689865,直连,,556,PASS,worst_obstruction_endpoint_distance,29.982830377148545,125.356610107422,True,,端点最大距离且全时段按遮挡计损仍满足双向预算
T009,下降,2495.1393825689865,2514.5202639166428,直连,,557,PASS,worst_obstruction_endpoint_distance,34.22675064092644,76.90440673828135,True,,端点最大距离且全时段按遮挡计损仍满足双向预算
T009,下降,2514.5202639166428,2533.901145264299,直连,,558,PASS,worst_obstruction_endpoint_distance,42.86345708049137,28.452203369140676,True,,端点最大距离且全时段按遮挡计损仍满足双向预算
T010,爬升,1778.0,1797.3808813476562,直连,,559,PASS,worst_obstruction_endpoint_distance,42.86345708049137,28.452203369140676,True,,端点最大距离且全时段按遮挡计损仍满足双向预算
T010,爬升,1797.3808813476562,1816.7617626953124,直连,,560,PASS,worst_obstruction_endpoint_distance,34.22675064092644,76.90440673828135,True,,端点最大距离且全时段按遮挡计损仍满足双向预算
T010,爬升,1816.7617626953124,1836.1426440429686,直连,,561,PASS,worst_obstruction_endpoint_distance,29.982830377148545,125.356610107422,True,,端点最大距离且全时段按遮挡计损仍满足双向预算
T010,巡航,1836.1426440429686,1854.651666483214,直连,,562,PASS,worst_obstruction_endpoint_distance,22.2704985239005,304.6238004959094,True,,端点最大距离且全时段按遮挡计损仍满足双向预算
T010,巡航,1854.651666483214,1873.1606889234595,直连,,563,PASS,worst_obstruction_endpoint_distance,16.83979160829456,569.2449386880037,True,,端点最大距离且全时段按遮挡计损仍满足双向预算
T010,巡航,1873.1606889234595,1891.6697113637047,直连,,564,PASS,worst_obstruction_endpoint_distance,13.436577431180993,842.286590702294,True,,端点最大距离且全时段按遮挡计损仍满足双向预算
T010,巡航,1891.6697113637047,1910.17873380395,直连,,565,PASS,worst_obstruction_endpoint_distance,10.980093890191213,1117.5940057971984,True,,端点最大距离且全时段按遮挡计损仍满足双向预算
T010,巡航,1910.17873380395,1928.6877562441955,直连,,566,PASS,worst_obstruction_endpoint_distance,9.06160871006314,1393.8252340138579,True,,端点最大距离且全时段按遮挡计损仍满足双向预算
T010,巡航,1928.6877562441955,1947.1967786844407,直连,,567,PASS,worst_obstruction_endpoint_distance,7.488730846575692,1670.5220634325021,True,,端点最大距离且全时段按遮挡计损仍满足双向预算
T010,巡航,1947.1967786844407,1965.705801124686,直连,,568,PASS,worst_obstruction_endpoint_distance,6.156288066488344,1947.4860477341674,True,,端点最大距离且全时段按遮挡计损仍满足双向预算
T010,巡航,1965.705801124686,1984.2148235649315,直连,,569,PASS,worst_obstruction_endpoint_distance,5.000668542679023,2224.6174071251694,True,,端点最大距离且全时段按遮挡计损仍满足双向预算
T010,巡航,1984.2148235649315,2002.7238460051767,直连,,570,PASS,worst_obstruction_endpoint_distance,3.9805132818098343,2501.8605217539953,True,,端点最大距离且全时段按遮挡计损仍满足双向预算
T010,巡航,2002.7238460051767,2021.2328684454221,直连,,571,PASS,worst_obstruction_endpoint_distance,3.067435566266326,2779.1819466890624,True,,端点最大距离且全时段按遮挡计损仍满足双向预算
T010,巡航,2021.2328684454221,2039.7418908856675,直连,,572,PASS,worst_obstruction_endpoint_distance,2.2411156161546586,3056.5603667445057,True,,端点最大距离且全时段按遮挡计损仍满足双向预算
T010,下降,2039.7418908856675,2054.5846592369044,直连,,573,PASS,worst_obstruction_endpoint_distance,2.2411156161546586,3056.5603667445057,True,,端点最大距离且全时段按遮挡计损仍满足双向预算
T010,下降,2054.5846592369044,2069.4274275881417,直连,,574,PASS,worst_obstruction_endpoint_distance,2.2441667585877525,3055.4868597560912,True,,端点最大距离且全时段按遮挡计损仍满足双向预算
T010,下降,2069.4274275881417,2084.2701959393785,直连,,575,PASS,worst_obstruction_endpoint_distance,2.246399680237957,3054.701472633553,True,,端点最大距离且全时段按遮挡计损仍满足双向预算
T010,投送,2084.2701959393785,2104.070195939378,直连,,576,PASS,exact_point,2.2478131175972464,3054.2044276465326,,,独立计算 DEM 遮挡、自由空间损耗与双向预算
T010,投送,2104.070195939378,2123.8701959393784,直连,,577,PASS,exact_point,2.2478131175972464,3054.2044276465326,,,独立计算 DEM 遮挡、自由空间损耗与双向预算
T010,投送,2123.8701959393784,2143.6701959393786,直连,,578,PASS,exact_point,2.2478131175972464,3054.2044276465326,,,独立计算 DEM 遮挡、自由空间损耗与双向预算
T010,投送,2143.6701959393786,2163.4701959393783,直连,,579,PASS,exact_point,2.2478131175972464,3054.2044276465326,,,独立计算 DEM 遮挡、自由空间损耗与双向预算
T010,投送,2163.4701959393783,2183.2701959393785,直连,,580,PASS,exact_point,2.2478131175972464,3054.2044276465326,,,独立计算 DEM 遮挡、自由空间损耗与双向预算
T010,投送,2183.2701959393785,2203.070195939378,直连,,581,PASS,exact_point,2.2478131175972464,3054.2044276465326,,,独立计算 DEM 遮挡、自由空间损耗与双向预算
T010,投送,2203.070195939378,2222.8701959393784,直连,,582,PASS,exact_point,2.2478131175972464,3054.2044276465326,,,独立计算 DEM 遮挡、自由空间损耗与双向预算
T010,投送,2222.8701959393784,2242.6701959393786,直连,,583,PASS,exact_point,2.2478131175972464,3054.2044276465326,,,独立计算 DEM 遮挡、自由空间损耗与双向预算
T010,投送,2242.6701959393786,2262.4701959393783,直连,,584,PASS,exact_point,2.2478131175972464,3054.2044276465326,,,独立计算 DEM 遮挡、自由空间损耗与双向预算
T010,投送,2262.4701959393783,2282.2701959393785,直连,,585,PASS,exact_point,2.2478131175972464,3054.2044276465326,,,独立计算 DEM 遮挡、自由空间损耗与双向预算
T010,投送,2282.2701959393785,2302.070195939378,直连,,586,PASS,exact_point,2.2478131175972464,3054.2044276465326,,,独立计算 DEM 遮挡、自由空间损耗与双向预算
T010,投送,2302.070195939378,2321.8701959393784,直连,,587,PASS,exact_point,2.2478131175972464,3054.2044276465326,,,独立计算 DEM 遮挡、自由空间损耗与双向预算
T010,投送,2321.8701959393784,2341.6701959393786,直连,,588,PASS,exact_point,2.2478131175972464,3054.2044276465326,,,独立计算 DEM 遮挡、自由空间损耗与双向预算
T010,投送,2341.6701959393786,2361.4701959393788,直连,,589,PASS,exact_point,2.2478131175972464,3054.2044276465326,,,独立计算 DEM 遮挡、自由空间损耗与双向预算
T010,投送,2361.4701959393788,2381.2701959393785,直连,,590,PASS,exact_point,2.2478131175972464,3054.2044276465326,,,独立计算 DEM 遮挡、自由空间损耗与双向预算
T010,投送,2381.2701959393785,2401.070195939378,直连,,591,PASS,exact_point,2.2478131175972464,3054.2044276465326,,,独立计算 DEM 遮挡、自由空间损耗与双向预算
T010,投送,2401.070195939378,2420.8701959393784,直连,,592,PASS,exact_point,2.2478131175972464,3054.2044276465326,,,独立计算 DEM 遮挡、自由空间损耗与双向预算
T010,投送,2420.8701959393784,2440.6701959393786,直连,,593,PASS,exact_point,2.2478131175972464,3054.2044276465326,,,独立计算 DEM 遮挡、自由空间损耗与双向预算
T010,投送,2440.6701959393786,2460.4701959393788,直连,,594,PASS,exact_point,2.2478131175972464,3054.2044276465326,,,独立计算 DEM 遮挡、自由空间损耗与双向预算
T010,投送,2460.4701959393788,2480.2701959393785,直连,,595,PASS,exact_point,2.2478131175972464,3054.2044276465326,,,独立计算 DEM 遮挡、自由空间损耗与双向预算
T010,爬升,2480.2701959393785,2498.0815179608626,直连,,596,PASS,worst_obstruction_endpoint_distance,2.2453855868061083,3055.0581354130627,True,,端点最大距离且全时段按遮挡计损仍满足双向预算
T010,爬升,2498.0815179608626,2515.892839982347,直连,,597,PASS,worst_obstruction_endpoint_distance,2.2411156161546586,3056.5603667445057,True,,端点最大距离且全时段按遮挡计损仍满足双向预算
T010,巡航,2515.892839982347,2534.401862422593,直连,,598,PASS,worst_obstruction_endpoint_distance,2.2411156161546586,3056.5603667445057,True,,端点最大距离且全时段按遮挡计损仍满足双向预算
T010,巡航,2534.401862422593,2552.9108848628375,直连,,599,PASS,worst_obstruction_endpoint_distance,3.067435566266326,2779.1819466890624,True,,端点最大距离且全时段按遮挡计损仍满足双向预算
T010,巡航,2552.9108848628375,2571.419907303083,直连,,600,PASS,worst_obstruction_endpoint_distance,3.9805132818098343,2501.8605217539953,True,,端点最大距离且全时段按遮挡计损仍满足双向预算
T010,巡航,2571.419907303083,2589.928929743329,直连,,601,PASS,worst_obstruction_endpoint_distance,5.000668542679023,2224.6174071251694,True,,端点最大距离且全时段按遮挡计损仍满足双向预算
T010,巡航,2589.928929743329,2608.4379521835735,直连,,602,PASS,worst_obstruction_endpoint_distance,6.156288066488344,1947.4860477341674,True,,端点最大距离且全时段按遮挡计损仍满足双向预算
T010,巡航,2608.4379521835735,2626.946974623819,直连,,603,PASS,worst_obstruction_endpoint_distance,7.488730846575692,1670.5220634325021,True,,端点最大距离且全时段按遮挡计损仍满足双向预算
T010,巡航,2626.946974623819,2645.4559970640644,直连,,604,PASS,worst_obstruction_endpoint_distance,9.06160871006314,1393.8252340138579,True,,端点最大距离且全时段按遮挡计损仍满足双向预算
T010,巡航,2645.4559970640644,2663.9650195043096,直连,,605,PASS,worst_obstruction_endpoint_distance,10.980093890191213,1117.5940057971984,True,,端点最大距离且全时段按遮挡计损仍满足双向预算
T010,巡航,2663.9650195043096,2682.474041944555,直连,,606,PASS,worst_obstruction_endpoint_distance,13.436577431180993,842.286590702294,True,,端点最大距离且全时段按遮挡计损仍满足双向预算
T010,巡航,2682.474041944555,2700.9830643848004,直连,,607,PASS,worst_obstruction_endpoint_distance,16.83979160829456,569.2449386880037,True,,端点最大距离且全时段按遮挡计损仍满足双向预算
T010,巡航,2700.9830643848004,2719.4920868250456,直连,,608,PASS,worst_obstruction_endpoint_distance,22.2704985239005,304.6238004959094,True,,端点最大距离且全时段按遮挡计损仍满足双向预算
T010,下降,2719.4920868250456,2737.6616630884737,直连,,609,PASS,worst_obstruction_endpoint_distance,29.982830377148545,125.356610107422,True,,端点最大距离且全时段按遮挡计损仍满足双向预算
T010,下降,2737.6616630884737,2755.8312393519013,直连,,610,PASS,worst_obstruction_endpoint_distance,32.9562714401918,89.01745758056603,True,,端点最大距离且全时段按遮挡计损仍满足双向预算
T010,下降,2755.8312393519013,2774.000815615329,直连,,611,PASS,worst_obstruction_endpoint_distance,37.513139307574534,52.678305053711,True,,端点最大距离且全时段按遮挡计损仍满足双向预算
T010,下降,2774.000815615329,2792.170391878757,直连,,612,PASS,worst_obstruction_endpoint_distance,45.92517525248826,20.0,True,,端点最大距离且全时段按遮挡计损仍满足双向预算
T011,爬升,2522.0,2541.3436411539715,直连,,613,PASS,worst_obstruction_endpoint_distance,40.343037745338265,38.03092346191437,True,,端点最大距离且全时段按遮挡计损仍满足双向预算
T011,爬升,2541.3436411539715,2560.687282307943,直连,,614,PASS,worst_obstruction_endpoint_distance,32.29475651968478,96.06184692382868,True,,端点最大距离且全时段按遮挡计损仍满足双向预算
T011,爬升,2560.687282307943,2580.030923461914,直连,,615,PASS,worst_obstruction_endpoint_distance,28.190129900190215,154.0927703857417,True,,端点最大距离且全时段按遮挡计损仍满足双向预算
T011,爬升,2580.030923461914,2599.3745646158854,直连,,616,PASS,worst_obstruction_endpoint_distance,25.41399154248265,212.12369384765606,True,,端点最大距离且全时段按遮挡计损仍满足双向预算
T011,爬升,2599.3745646158854,2618.718205769857,直连,,617,PASS,worst_obstruction_endpoint_distance,23.31352727333625,270.15461730957037,True,,端点最大距离且全时段按遮挡计损仍满足双向预算
T011,爬升,2618.718205769857,2638.0618469238284,直连,,618,PASS,worst_obstruction_endpoint_distance,21.62338630671509,328.18554077148474,True,,端点最大距离且全时段按遮挡计损仍满足双向预算
T011,爬升,2638.0618469238284,2657.4054880777994,直连,,619,PASS,worst_obstruction_endpoint_distance,20.20915949345637,386.21646423339774,True,,端点最大距离且全时段按遮挡计损仍满足双向预算
T011,爬升,2657.4054880777994,2676.749129231771,直连,,620,PASS,worst_obstruction_endpoint_distance,18.993277511644692,444.24738769531206,True,,端点最大距离且全时段按遮挡计损仍满足双向预算
T011,巡航,2676.749129231771,2695.7651650036805,直连,,621,PASS,worst_obstruction_endpoint_distance,17.49412647354434,527.9374064998578,True,,端点最大距离且全时段按遮挡计损仍满足双向预算
T011,巡航,2695.7651650036805,2714.78120077559,直连,,622,PASS,worst_obstruction_endpoint_distance,14.762382856352005,723.0521394096111,True,,端点最大距离且全时段按遮挡计损仍满足双向预算
T011,巡航,2714.78120077559,2733.7972365475,直连,,623,PASS,worst_obstruction_endpoint_distance,12.262742934535737,964.1655536489214,True,,端点最大距离且全时段按遮挡计损仍满足双向预算
T011,巡航,2733.7972365475,2752.81327231941,直连,,624,PASS,worst_obstruction_endpoint_distance,10.187323229616496,1224.3979585073178,True,,端点最大距离且全时段按遮挡计损仍满足双向预算
T011,巡航,2752.81327231941,2771.8293080913195,直连,,625,PASS,worst_obstruction_endpoint_distance,8.459981738274593,1493.790425115221,True,,端点最大距离且全时段按遮挡计损仍满足双向预算
T011,巡航,2771.8293080913195,2790.845343863229,直连,,626,PASS,worst_obstruction_endpoint_distance,6.995338587207897,1768.1610885183502,True,,端点最大距离且全时段按遮挡计损仍满足双向预算
T011,巡航,2790.845343863229,2809.8613796351387,直连,,627,PASS,worst_obstruction_endpoint_distance,5.729752779457812,2045.507703028824,True,,端点最大距离且全时段按遮挡计损仍满足双向预算
T011,巡航,2809.8613796351387,2828.8774154070484,直连,,628,PASS,worst_obstruction_endpoint_distance,4.6181924565780434,2324.765411555552,True,,端点最大距离且全时段按遮挡计损仍满足双向预算
T011,巡航,2828.8774154070484,2847.893451178958,直连,,629,PASS,worst_obstruction_endpoint_distance,3.628554530062189,2605.31975039449,True,,端点最大距离且全时段按遮挡计损仍满足双向预算
T011,巡航,2847.893451178958,2866.909486950868,直连,,630,PASS,worst_obstruction_endpoint_distance,2.7374631875922546,2886.7927033719507,True,,端点最大距离且全时段按遮挡计损仍满足双向预算
T011,巡航,2866.909486950868,2885.9255227227777,直连,,631,PASS,worst_obstruction_endpoint_distance,1.9274962095368977,3168.939499280925,True,,端点最大距离且全时段按遮挡计损仍满足双向预算
T011,巡航,2885.9255227227777,2904.9415584946873,直连,,632,PASS,worst_obstruction_endpoint_distance,1.1853788074651561,3451.594894447965,True,,端点最大距离且全时段按遮挡计损仍满足双向预算
T011,巡航,2904.9415584946873,2923.957594266597,直连,,633,PASS,worst_obstruction_endpoint_distance,0.5007923438628978,3734.643411099761,True,,端点最大距离且全时段按遮挡计损仍满足双向预算
T011,巡航,2923.957594266597,2942.9736300385066,中继,R003,634,PASS,worst_obstruction_endpoint_distance,3.127627811019991,1383.2713044951424,True,,端点最大距离且全时段按遮挡计损仍满足双向预算
T011,巡航,2942.9736300385066,2961.989665810416,中继,R003,635,PASS,worst_obstruction_endpoint_distance,3.6420073331480154,1303.7321988789206,True,,端点最大距离且全时段按遮挡计损仍满足双向预算
T011,巡航,2961.989665810416,2981.005701582326,中继,R003,636,PASS,worst_obstruction_endpoint_distance,3.4895458213072885,1326.8183439139348,True,,端点最大距离且全时段按遮挡计损仍满足双向预算
T011,巡航,2981.005701582326,3000.0217373542355,中继,R003,637,PASS,worst_obstruction_endpoint_distance,2.860348621310692,1426.4985259531572,True,,端点最大距离且全时段按遮挡计损仍满足双向预算
T011,巡航,3000.0217373542355,3019.037773126145,中继,R003,638,PASS,worst_obstruction_endpoint_distance,2.01516137687652,1572.2828939986239,True,,端点最大距离且全时段按遮挡计损仍满足双向预算
T011,巡航,3019.037773126145,3038.0538088980547,中继,R003,639,PASS,worst_obstruction_endpoint_distance,1.071600826356132,1752.7045616393702,True,,端点最大距离且全时段按遮挡计损仍满足双向预算
T011,下降,3038.0538088980547,3057.32959991368,中继,R003,640,PASS,worst_obstruction_endpoint_distance,1.0686325652298336,1753.3036221923433,True,,端点最大距离且全时段按遮挡计损仍满足双向预算
T011,下降,3057.32959991368,3076.605390929305,中继,R003,641,PASS,worst_obstruction_endpoint_distance,1.0591142360136558,1755.2260123087,True,,端点最大距离且全时段按遮挡计损仍满足双向预算
T011,下降,3076.605390929305,3095.8811819449297,中继,R003,642,PASS,worst_obstruction_endpoint_distance,1.0430887776814899,1758.467391926386,True,,端点最大距离且全时段按遮挡计损仍满足双向预算
T011,下降,3095.8811819449297,3115.156972960555,中继,R003,643,PASS,worst_obstruction_endpoint_distance,1.0206279905043374,1763.0204860246654,True,,端点最大距离且全时段按遮挡计损仍满足双向预算
T011,下降,3115.156972960555,3134.4327639761796,中继,R003,644,PASS,worst_obstruction_endpoint_distance,0.9918314733706666,1768.8751655523586,True,,端点最大距离且全时段按遮挡计损仍满足双向预算
T011,投送,3134.4327639761796,3154.4327639761796,中继,R003,645,PASS,exact_point,0.9918314733706666,1768.8751655523586,,,独立计算 DEM 遮挡、自由空间损耗与双向预算
T011,投送,3154.4327639761796,3174.4327639761796,中继,R003,646,PASS,exact_point,0.9918314733706666,1768.8751655523586,,,独立计算 DEM 遮挡、自由空间损耗与双向预算
T011,投送,3174.4327639761796,3194.4327639761796,中继,R003,647,PASS,exact_point,0.9918314733706666,1768.8751655523586,,,独立计算 DEM 遮挡、自由空间损耗与双向预算
T011,投送,3194.4327639761796,3214.4327639761796,中继,R003,648,PASS,exact_point,0.9918314733706666,1768.8751655523586,,,独立计算 DEM 遮挡、自由空间损耗与双向预算
T011,投送,3214.4327639761796,3234.4327639761796,中继,R003,649,PASS,exact_point,0.9918314733706666,1768.8751655523586,,,独立计算 DEM 遮挡、自由空间损耗与双向预算
T011,投送,3234.4327639761796,3254.4327639761796,中继,R003,650,PASS,exact_point,0.9918314733706666,1768.8751655523586,,,独立计算 DEM 遮挡、自由空间损耗与双向预算
T011,投送,3254.4327639761796,3274.4327639761796,中继,R003,651,PASS,exact_point,0.9918314733706666,1768.8751655523586,,,独立计算 DEM 遮挡、自由空间损耗与双向预算
T011,投送,3274.4327639761796,3294.4327639761796,中继,R003,652,PASS,exact_point,0.9918314733706666,1768.8751655523586,,,独立计算 DEM 遮挡、自由空间损耗与双向预算
T011,投送,3294.4327639761796,3314.4327639761796,中继,R003,653,PASS,exact_point,0.9918314733706666,1768.8751655523586,,,独立计算 DEM 遮挡、自由空间损耗与双向预算
T011,投送,3314.4327639761796,3334.4327639761796,中继,R003,654,PASS,exact_point,0.9918314733706666,1768.8751655523586,,,独立计算 DEM 遮挡、自由空间损耗与双向预算
T011,投送,3334.4327639761796,3354.4327639761796,中继,R003,655,PASS,exact_point,0.9918314733706666,1768.8751655523586,,,独立计算 DEM 遮挡、自由空间损耗与双向预算
T011,投送,3354.4327639761796,3374.4327639761796,中继,R003,656,PASS,exact_point,0.9918314733706666,1768.8751655523586,,,独立计算 DEM 遮挡、自由空间损耗与双向预算
T011,爬升,3374.4327639761796,3390.4959231558673,中继,R003,657,PASS,worst_obstruction_endpoint_distance,0.9918314733706666,1768.8751655523586,True,,端点最大距离且全时段按遮挡计损仍满足双向预算
T011,爬升,3390.4959231558673,3406.5590823355546,中继,R003,658,PASS,worst_obstruction_endpoint_distance,1.0206279905043374,1763.0204860246654,True,,端点最大距离且全时段按遮挡计损仍满足双向预算
T011,爬升,3406.5590823355546,3422.6222415152424,中继,R003,659,PASS,worst_obstruction_endpoint_distance,1.0430887776814899,1758.467391926386,True,,端点最大距离且全时段按遮挡计损仍满足双向预算
T011,爬升,3422.6222415152424,3438.6854006949297,中继,R003,660,PASS,worst_obstruction_endpoint_distance,1.0591142360136558,1755.2260123086999,True,,端点最大距离且全时段按遮挡计损仍满足双向预算
T011,爬升,3438.6854006949297,3454.748559874617,中继,R003,661,PASS,worst_obstruction_endpoint_distance,1.0686325652298336,1753.3036221923433,True,,端点最大距离且全时段按遮挡计损仍满足双向预算
T011,巡航,3454.748559874617,3473.7645956465267,中继,R003,662,PASS,worst_obstruction_endpoint_distance,1.071600826356132,1752.7045616393702,True,,端点最大距离且全时段按遮挡计损仍满足双向预算
T011,巡航,3473.7645956465267,3492.7806314184363,中继,R003,663,PASS,worst_obstruction_endpoint_distance,2.01516137687652,1572.2828939986239,True,,端点最大距离且全时段按遮挡计损仍满足双向预算
T011,巡航,3492.7806314184363,3511.796667190346,中继,R003,664,PASS,worst_obstruction_endpoint_distance,2.860348621310692,1426.4985259531572,True,,端点最大距离且全时段按遮挡计损仍满足双向预算
T011,巡航,3511.796667190346,3530.8127029622556,中继,R003,665,PASS,worst_obstruction_endpoint_distance,3.4895458213072885,1326.8183439139348,True,,端点最大距离且全时段按遮挡计损仍满足双向预算
T011,巡航,3530.8127029622556,3549.828738734165,中继,R003,666,PASS,worst_obstruction_endpoint_distance,3.6420073331480154,1303.7321988789206,True,,端点最大距离且全时段按遮挡计损仍满足双向预算
T011,巡航,3549.828738734165,3568.8447745060753,中继,R003,667,PASS,worst_obstruction_endpoint_distance,3.127627811019991,1383.2713044951424,True,,端点最大距离且全时段按遮挡计损仍满足双向预算
T011,巡航,3568.8447745060753,3587.860810277985,直连,,668,PASS,worst_obstruction_endpoint_distance,0.5007923438628978,3734.643411099761,True,,端点最大距离且全时段按遮挡计损仍满足双向预算
T011,巡航,3587.860810277985,3606.8768460498945,直连,,669,PASS,worst_obstruction_endpoint_distance,1.1853788074652982,3451.594894447908,True,,端点最大距离且全时段按遮挡计损仍满足双向预算
T011,巡航,3606.8768460498945,3625.892881821804,直连,,670,PASS,worst_obstruction_endpoint_distance,1.9274962095368977,3168.939499280925,True,,端点最大距离且全时段按遮挡计损仍满足双向预算
T011,巡航,3625.892881821804,3644.9089175937142,直连,,671,PASS,worst_obstruction_endpoint_distance,2.7374631875922546,2886.7927033719507,True,,端点最大距离且全时段按遮挡计损仍满足双向预算
T011,巡航,3644.9089175937142,3663.924953365624,直连,,672,PASS,worst_obstruction_endpoint_distance,3.628554530062189,2605.31975039449,True,,端点最大距离且全时段按遮挡计损仍满足双向预算
T011,巡航,3663.924953365624,3682.9409891375335,直连,,673,PASS,worst_obstruction_endpoint_distance,4.6181924565780434,2324.765411555552,True,,端点最大距离且全时段按遮挡计损仍满足双向预算
T011,巡航,3682.9409891375335,3701.957024909443,直连,,674,PASS,worst_obstruction_endpoint_distance,5.729752779458053,2045.5077030287673,True,,端点最大距离且全时段按遮挡计损仍满足双向预算
T011,巡航,3701.957024909443,3720.9730606813528,直连,,675,PASS,worst_obstruction_endpoint_distance,6.995338587207897,1768.1610885183502,True,,端点最大距离且全时段按遮挡计损仍满足双向预算
T011,巡航,3720.9730606813528,3739.9890964532624,直连,,676,PASS,worst_obstruction_endpoint_distance,8.459981738274593,1493.790425115221,True,,端点最大距离且全时段按遮挡计损仍满足双向预算
T011,巡航,3739.9890964532624,3759.005132225172,直连,,677,PASS,worst_obstruction_endpoint_distance,10.187323229616496,1224.3979585073178,True,,端点最大距离且全时段按遮挡计损仍满足双向预算
T011,巡航,3759.005132225172,3778.0211679970816,直连,,678,PASS,worst_obstruction_endpoint_distance,12.262742934535737,964.1655536489214,True,,端点最大距离且全时段按遮挡计损仍满足双向预算
T011,巡航,3778.0211679970816,3797.0372037689913,直连,,679,PASS,worst_obstruction_endpoint_distance,14.762382856352005,723.0521394096111,True,,端点最大距离且全时段按遮挡计损仍满足双向预算
T011,巡航,3797.0372037689913,3816.053239540901,直连,,680,PASS,worst_obstruction_endpoint_distance,17.49412647354434,527.9374064998578,True,,端点最大距离且全时段按遮挡计损仍满足双向预算
T011,下降,3816.053239540901,3834.6231350487137,直连,,681,PASS,worst_obstruction_endpoint_distance,18.993277511644692,444.24738769531206,True,,端点最大距离且全时段按遮挡计损仍满足双向预算
T011,下降,3834.6231350487137,3853.193030556526,直连,,682,PASS,worst_obstruction_endpoint_distance,19.9519850689598,397.82264892578013,True,,端点最大距离且全时段按遮挡计损仍满足双向预算
T011,下降,3853.193030556526,3871.762926064339,直连,,683,PASS,worst_obstruction_endpoint_distance,21.029791679401242,351.39791015624945,True,,端点最大距离且全时段按遮挡计损仍满足双向预算
T011,下降,3871.762926064339,3890.3328215721513,直连,,684,PASS,worst_obstruction_endpoint_distance,22.260542446450856,304.9731713867175,True,,端点最大距离且全时段按遮挡计损仍满足双向预算
T011,下降,3890.3328215721513,3908.9027170799636,直连,,685,PASS,worst_obstruction_endpoint_distance,23.694936979399586,258.5484326171868,True,,端点最大距离且全时段按遮挡计损仍满足双向预算
T011,下降,3908.9027170799636,3927.472612587776,直连,,686,PASS,worst_obstruction_endpoint_distance,25.41399154248265,212.12369384765606,True,,端点最大距离且全时段按遮挡计损仍满足双向预算
T011,下降,3927.472612587776,3946.042508095589,直连,,687,PASS,worst_obstruction_endpoint_distance,27.559379771700407,165.69895507812532,True,,端点最大距离且全时段按遮挡计损仍满足双向预算
T011,下降,3946.042508095589,3964.6124036034016,直连,,688,PASS,worst_obstruction_endpoint_distance,30.414843731611242,119.2742163085934,True,,端点最大距离且全时段按遮挡计损仍满足双向预算
T011,下降,3964.6124036034016,3983.182299111214,直连,,689,PASS,worst_obstruction_endpoint_distance,34.69724633677501,72.84947753906152,True,,端点最大距离且全时段按遮挡计损仍满足双向预算
T011,下降,3983.182299111214,4001.7521946190263,直连,,690,PASS,worst_obstruction_endpoint_distance,43.50556111298056,26.424738769530734,True,,端点最大距离且全时段按遮挡计损仍满足双向预算
T012,爬升,2586.0,2604.098788248698,直连,,691,PASS,worst_obstruction_endpoint_distance,41.240813379711284,34.296364746093815,True,,端点最大距离且全时段按遮挡计损仍满足双向预算
T012,爬升,2604.098788248698,2622.197576497396,直连,,692,PASS,worst_obstruction_endpoint_distance,32.99781352057414,88.59272949218763,True,,端点最大距离且全时段按遮挡计损仍满足双向预算
T012,爬升,2622.197576497396,2640.296364746094,直连,,693,PASS,worst_obstruction_endpoint_distance,28.845793500078102,142.88909423828142,True,,端点最大距离且全时段按遮挡计损仍满足双向预算
T012,爬升,2640.296364746094,2658.3951529947917,直连,,694,PASS,worst_obstruction_endpoint_distance,26.04827745221246,197.1854589843752,True,,端点最大距离且全时段按遮挡计损仍满足双向预算
T012,爬升,2658.3951529947917,2676.4939412434896,直连,,695,PASS,worst_obstruction_endpoint_distance,23.935643142447674,251.481823730469,True,,端点最大距离且全时段按遮挡计损仍满足双向预算
T012,巡航,2676.4939412434896,2695.5105178754957,直连,,696,PASS,worst_obstruction_endpoint_distance,20.343794916914376,380.27608351961703,True,,端点最大距离且全时段按遮挡计损仍满足双向预算
T012,巡航,2695.5105178754957,2714.5270945075013,直连,,697,PASS,worst_obstruction_endpoint_distance,16.049514949605253,623.466338937083,True,,端点最大距离且全时段按遮挡计损仍满足双向预算
T012,巡航,2714.5270945075013,2733.5436711395073,直连,,698,PASS,worst_obstruction_endpoint_distance,12.939131831411018,891.9328651522274,True,,端点最大距离且全时段按遮挡计损仍满足双向预算
T012,巡航,2733.5436711395073,2752.560247771513,直连,,699,PASS,worst_obstruction_endpoint_distance,10.594093021855073,1168.3799810635858,True,,端点最大距离且全时段按遮挡计损仍满足双向预算
T012,巡航,2752.560247771513,2771.576824403519,直连,,700,PASS,worst_obstruction_endpoint_distance,8.72893580056764,1448.2447681320716,True,,端点最大距离且全时段按遮挡计损仍满足双向预算
T012,巡航,2771.576824403519,2790.593401035525,直连,,701,PASS,worst_obstruction_endpoint_distance,7.185509592415272,1729.8692496123044,True,,端点最大距离且全时段按遮挡计损仍满足双向预算
T012,巡航,2790.593401035525,2809.6099776675305,直连,,702,PASS,worst_obstruction_endpoint_distance,5.870993404915126,2012.5148240813007,True,,端点最大距离且全时段按遮挡计损仍满足双向预算
T012,巡航,2809.6099776675305,2828.6265542995366,直连,,703,PASS,worst_obstruction_endpoint_distance,4.727077525390385,2295.804390099458,True,,端点最大距离且全时段按遮挡计损仍满足双向预算
T012,巡航,2828.6265542995366,2847.643130931542,直连,,704,PASS,worst_obstruction_endpoint_distance,3.7149777055149116,2579.525782409383,True,,端点最大距离且全时段按遮挡计损仍满足双向预算
T012,巡航,2847.643130931542,2866.659707563548,直连,,705,PASS,worst_obstruction_endpoint_distance,2.807677788514951,2863.5506474809567,True,,端点最大距离且全时段按遮挡计损仍满足双向预算
T012,巡航,2866.659707563548,2885.676284195554,直连,,706,PASS,worst_obstruction_endpoint_distance,1.9856412656795612,3147.7968395884704,True,,端点最大距离且全时段按遮挡计损仍满足双向预算
T012,巡航,2885.676284195554,2904.69286082756,直连,,707,PASS,worst_obstruction_endpoint_distance,1.2342997133882534,3432.2093700731825,True,,端点最大距离且全时段按遮挡计损仍满足双向预算
T012,巡航,2904.69286082756,2923.709437459566,直连,,708,PASS,worst_obstruction_endpoint_distance,0.5425080385621612,3716.750053578153,True,,端点最大距离且全时段按遮挡计损仍满足双向预算
T012,巡航,2923.709437459566,2942.7260140915714,中继,R003,709,PASS,worst_obstruction_endpoint_distance,2.6367184328904614,1463.702574272917,True,,端点最大距离且全时段按遮挡计损仍满足双向预算
T012,巡航,2942.7260140915714,2961.7425907235775,中继,R003,710,PASS,worst_obstruction_endpoint_distance,3.0597232739024207,1394.1278229083944,True,,端点最大距离且全时段按遮挡计损仍满足双向预算
T012,巡航,2961.7425907235775,2980.7591673555835,中继,R003,711,PASS,worst_obstruction_endpoint_distance,2.861993538800405,1426.2284039160454,True,,端点最大距离且全时段按遮挡计损仍满足双向预算
T012,巡航,2980.7591673555835,2999.775743987589,中继,R003,712,PASS,worst_obstruction_endpoint_distance,2.284357046148841,1524.301601715459,True,,端点最大距离且全时段按遮挡计损仍满足双向预算
T012,下降,2999.775743987589,3018.7684734797767,中继,R003,713,PASS,worst_obstruction_endpoint_distance,2.246501178587579,1530.9594906028888,True,,端点最大距离且全时段按遮挡计损仍满足双向预算
T012,投送,3018.7684734797767,3038.7684734797767,中继,R003,714,PASS,exact_point,12.246501178587579,1530.9594906028888,,,独立计算 DEM 遮挡、自由空间损耗与双向预算
T012,投送,3038.7684734797767,3058.7684734797767,中继,R003,715,PASS,exact_point,12.246501178587579,1530.9594906028888,,,独立计算 DEM 遮挡、自由空间损耗与双向预算
T012,投送,3058.7684734797767,3078.7684734797767,中继,R003,716,PASS,exact_point,12.246501178587579,1530.9594906028888,,,独立计算 DEM 遮挡、自由空间损耗与双向预算
T012,投送,3078.7684734797767,3098.7684734797767,中继,R003,717,PASS,exact_point,12.246501178587579,1530.9594906028888,,,独立计算 DEM 遮挡、自由空间损耗与双向预算
T012,投送,3098.7684734797767,3118.7684734797767,中继,R003,718,PASS,exact_point,12.246501178587579,1530.9594906028888,,,独立计算 DEM 遮挡、自由空间损耗与双向预算
T012,投送,3118.7684734797767,3138.7684734797767,中继,R003,719,PASS,exact_point,12.246501178587579,1530.9594906028888,,,独立计算 DEM 遮挡、自由空间损耗与双向预算
T012,投送,3138.7684734797767,3158.7684734797767,中继,R003,720,PASS,exact_point,12.246501178587579,1530.9594906028888,,,独立计算 DEM 遮挡、自由空间损耗与双向预算
T012,投送,3158.7684734797767,3178.7684734797767,中继,R003,721,PASS,exact_point,12.246501178587579,1530.9594906028888,,,独立计算 DEM 遮挡、自由空间损耗与双向预算
T012,投送,3178.7684734797767,3198.7684734797767,中继,R003,722,PASS,exact_point,12.246501178587579,1530.9594906028888,,,独立计算 DEM 遮挡、自由空间损耗与双向预算
T012,投送,3198.7684734797767,3218.7684734797767,中继,R003,723,PASS,exact_point,12.246501178587579,1530.9594906028888,,,独立计算 DEM 遮挡、自由空间损耗与双向预算
T012,投送,3218.7684734797767,3238.7684734797767,中继,R003,724,PASS,exact_point,12.246501178587579,1530.9594906028888,,,独立计算 DEM 遮挡、自由空间损耗与双向预算
T012,投送,3238.7684734797767,3258.7684734797767,中继,R003,725,PASS,exact_point,12.246501178587579,1530.9594906028888,,,独立计算 DEM 遮挡、自由空间损耗与双向预算
T012,爬升,3258.7684734797767,3274.5957480565994,中继,R003,726,PASS,worst_obstruction_endpoint_distance,2.246501178587579,1530.9594906028888,True,,端点最大距离且全时段按遮挡计损仍满足双向预算
T012,巡航,3274.5957480565994,3293.6123246886054,中继,R003,727,PASS,worst_obstruction_endpoint_distance,2.284357046148841,1524.301601715459,True,,端点最大距离且全时段按遮挡计损仍满足双向预算
T012,巡航,3293.6123246886054,3312.628901320611,中继,R003,728,PASS,worst_obstruction_endpoint_distance,2.861993538800405,1426.2284039160454,True,,端点最大距离且全时段按遮挡计损仍满足双向预算
T012,巡航,3312.628901320611,3331.645477952617,中继,R003,729,PASS,worst_obstruction_endpoint_distance,3.0597232739024207,1394.1278229083944,True,,端点最大距离且全时段按遮挡计损仍满足双向预算
T012,巡航,3331.645477952617,3350.6620545846226,中继,R003,730,PASS,worst_obstruction_endpoint_distance,2.6367184328904614,1463.702574272917,True,,端点最大距离且全时段按遮挡计损仍满足双向预算
T012,巡航,3350.6620545846226,3369.6786312166287,直连,,731,PASS,worst_obstruction_endpoint_distance,0.5425080385621612,3716.750053578153,True,,端点最大距离且全时段按遮挡计损仍满足双向预算
T012,巡航,3369.6786312166287,3388.6952078486347,直连,,732,PASS,worst_obstruction_endpoint_distance,1.2342997133882534,3432.2093700731825,True,,端点最大距离且全时段按遮挡计损仍满足双向预算
T012,巡航,3388.6952078486347,3407.7117844806403,直连,,733,PASS,worst_obstruction_endpoint_distance,1.9856412656795612,3147.7968395884704,True,,端点最大距离且全时段按遮挡计损仍满足双向预算
T012,巡航,3407.7117844806403,3426.728361112646,直连,,734,PASS,worst_obstruction_endpoint_distance,2.807677788514951,2863.5506474809567,True,,端点最大距离且全时段按遮挡计损仍满足双向预算
T012,巡航,3426.728361112646,3445.744937744652,直连,,735,PASS,worst_obstruction_endpoint_distance,3.7149777055149116,2579.525782409383,True,,端点最大距离且全时段按遮挡计损仍满足双向预算
T012,巡航,3445.744937744652,3464.761514376658,直连,,736,PASS,worst_obstruction_endpoint_distance,4.727077525390385,2295.804390099458,True,,端点最大距离且全时段按遮挡计损仍满足双向预算
T012,巡航,3464.761514376658,3483.778091008664,直连,,737,PASS,worst_obstruction_endpoint_distance,5.870993404915126,2012.5148240813007,True,,端点最大距离且全时段按遮挡计损仍满足双向预算
T012,巡航,3483.778091008664,3502.7946676406696,直连,,738,PASS,worst_obstruction_endpoint_distance,7.185509592415272,1729.8692496123044,True,,端点最大距离且全时段按遮挡计损仍满足双向预算
T012,巡航,3502.7946676406696,3521.811244272675,直连,,739,PASS,worst_obstruction_endpoint_distance,8.72893580056764,1448.2447681320716,True,,端点最大距离且全时段按遮挡计损仍满足双向预算
T012,巡航,3521.811244272675,3540.827820904681,直连,,740,PASS,worst_obstruction_endpoint_distance,10.594093021855073,1168.3799810635858,True,,端点最大距离且全时段按遮挡计损仍满足双向预算
T012,巡航,3540.827820904681,3559.844397536687,直连,,741,PASS,worst_obstruction_endpoint_distance,12.939131831411018,891.9328651522274,True,,端点最大距离且全时段按遮挡计损仍满足双向预算
T012,巡航,3559.844397536687,3578.8609741686932,直连,,742,PASS,worst_obstruction_endpoint_distance,16.049514949605253,623.466338937083,True,,端点最大距离且全时段按遮挡计损仍满足双向预算
T012,巡航,3578.8609741686932,3597.877550800699,直连,,743,PASS,worst_obstruction_endpoint_distance,20.343794916914376,380.27608351961703,True,,端点最大距离且全时段按遮挡计损仍满足双向预算
T012,下降,3597.877550800699,3615.9763390493968,直连,,744,PASS,worst_obstruction_endpoint_distance,23.935643142447674,251.481823730469,True,,端点最大距离且全时段按遮挡计损仍满足双向预算
T012,下降,3615.9763390493968,3634.0751272980947,直连,,745,PASS,worst_obstruction_endpoint_distance,25.658533931909105,206.23485310872417,True,,端点最大距离且全时段按遮挡计损仍满足双向预算
T012,下降,3634.0751272980947,3652.1739155467926,直连,,746,PASS,worst_obstruction_endpoint_distance,27.809911405017885,160.98788248697934,True,,端点最大距离且全时段按遮挡计损仍满足双向预算
T012,下降,3652.1739155467926,3670.2727037954905,直连,,747,PASS,worst_obstruction_endpoint_distance,30.67603717313169,115.74091186523452,True,,端点最大距离且全时段按遮挡计损仍满足双向预算
T012,下降,3670.2727037954905,3688.3714920441885,直连,,748,PASS,worst_obstruction_endpoint_distance,34.98273932171074,70.49394124348967,True,,端点最大距离且全时段按遮挡计损仍满足双向预算
T012,下降,3688.3714920441885,3706.4702802928864,直连,,749,PASS,worst_obstruction_endpoint_distance,43.90158967207108,25.246970621744822,True,,端点最大距离且全时段按遮挡计损仍满足双向预算
T013,爬升,2736.0,2755.293517252604,直连,,750,PASS,worst_obstruction_endpoint_distance,42.93039059934276,28.233793131510197,True,,端点最大距离且全时段按遮挡计损仍满足双向预算
T013,爬升,2755.293517252604,2774.587034505208,直连,,751,PASS,worst_obstruction_endpoint_distance,34.276227532041716,76.4675862630204,True,,端点最大距离且全时段按遮挡计损仍满足双向预算
T013,爬升,2774.587034505208,2793.8805517578126,直连,,752,PASS,worst_obstruction_endpoint_distance,30.028350015985296,124.70137939453173,True,,端点最大距离且全时段按遮挡计损仍满足双向预算
T013,爬升,2793.8805517578126,2813.1740690104166,直连,,753,PASS,worst_obstruction_endpoint_distance,27.188108535629183,172.93517252604192,True,,端点最大距离且全时段按遮挡计损仍满足双向预算
T013,爬升,2813.1740690104166,2832.4675862630206,直连,,754,PASS,worst_obstruction_endpoint_distance,25.051291428236482,221.16896565755212,True,,端点最大距离且全时段按遮挡计损仍满足双向预算
T013,爬升,2832.4675862630206,2851.761103515625,直连,,755,PASS,worst_obstruction_endpoint_distance,23.337734390683906,269.4027587890634,True,,端点最大距离且全时段按遮挡计损仍满足双向预算
T013,爬升,2851.761103515625,2871.054620768229,直连,,756,PASS,worst_obstruction_endpoint_distance,21.907165707290872,317.6365519205736,True,,端点最大距离且全时段按遮挡计损仍满足双向预算
T013,爬升,2871.054620768229,2890.348138020833,直连,,757,PASS,worst_obstruction_endpoint_distance,20.679230966315487,365.8703450520838,True,,端点最大距离且全时段按遮挡计损仍满足双向预算
T013,爬升,2890.348138020833,2909.641655273437,直连,,758,PASS,worst_obstruction_endpoint_distance,19.603583756332725,414.104138183594,True,,端点最大距离且全时段按遮挡计损仍满足双向预算
T013,巡航,2909.641655273437,2929.0105291855734,直连,,759,PASS,worst_obstruction_endpoint_distance,17.86521275478823,505.85741518854684,True,,端点最大距离且全时段按遮挡计损仍满足双向预算
T013,巡航,2929.0105291855734,2948.3794030977097,直连,,760,PASS,worst_obstruction_endpoint_distance,14.877571997569547,713.5265841036068,True,,端点最大距离且全时段按遮挡计损仍满足双向预算
T013,巡航,2948.3794030977097,2967.748277009846,直连,,761,PASS,worst_obstruction_endpoint_distance,12.255496498365815,964.9702702284851,True,,端点最大距离且全时段按遮挡计损仍满足双向预算
T013,巡航,2967.748277009846,2987.117150921982,直连,,762,PASS,worst_obstruction_endpoint_distance,10.121531530871934,1233.707434162586,True,,端点最大距离且全时段按遮挡计损仍满足双向预算
T013,巡航,2987.117150921982,3006.4860248341183,直连,,763,PASS,worst_obstruction_endpoint_distance,8.363152781545892,1510.5361360364743,True,,端点最大距离且全时段按遮挡计损仍满足双向预算
T013,巡航,3006.4860248341183,3025.854898746254,直连,,764,PASS,worst_obstruction_endpoint_distance,6.88042209365949,1791.7097359553002,True,,端点最大距离且全时段按遮挡计损仍满足双向预算
T013,巡航,3025.854898746254,3045.2237726583903,直连,,765,PASS,worst_obstruction_endpoint_distance,5.6034748051165195,2075.4631078491716,True,,端点最大距离且全时段按遮挡计损仍满足双向预算
T013,巡航,3045.2237726583903,3064.5926465705265,直连,,766,PASS,worst_obstruction_endpoint_distance,4.48434751456054,2360.8662437015696,True,,端点最大距离且全时段按遮挡计损仍满足双向预算
T013,巡航,3064.5926465705265,3083.9615204826628,直连,,767,PASS,worst_obstruction_endpoint_distance,3.489431003683208,2647.3856356294796,True,,端点最大距离且全时段按遮挡计损仍满足双向预算
T013,巡航,3083.9615204826628,3103.3303943947985,直连,,768,PASS,worst_obstruction_endpoint_distance,2.5945176302470827,2934.6943556878236,True,,端点最大距离且全时段按遮挡计损仍满足双向预算
T013,巡航,3103.3303943947985,3122.6992683069348,直连,,769,PASS,worst_obstruction_endpoint_distance,1.7816975303946947,3222.581293521582,True,,端点最大距离且全时段按遮挡计损仍满足双向预算
T013,巡航,3122.6992683069348,3142.068142219071,直连,,770,PASS,worst_obstruction_endpoint_distance,1.0373955454072217,3510.9042140003926,True,,端点最大距离且全时段按遮挡计损仍满足双向预算
T013,巡航,3142.068142219071,3161.437016131207,直连,,771,PASS,worst_obstruction_endpoint_distance,0.3511001857511502,3799.563867195433,True,,端点最大距离且全时段按遮挡计损仍满足双向预算
T013,巡航,3161.437016131207,3180.8058900433434,中继,R004,772,PASS,worst_obstruction_endpoint_distance,0.9845112323786225,1770.3665557193347,True,,端点最大距离且全时段按遮挡计损仍满足双向预算
T013,巡航,3180.8058900433434,3200.1747639554796,中继,R004,773,PASS,worst_obstruction_endpoint_distance,2.5205068448941716,1483.4175612415534,True,,端点最大距离且全时段按遮挡计损仍满足双向预算
T013,巡航,3200.1747639554796,3219.5436378676154,中继,R004,774,PASS,worst_obstruction_endpoint_distance,4.375209083256834,1198.197210341921,True,,端点最大距离且全时段按遮挡计损仍满足双向预算
T013,巡航,3219.5436378676154,3238.9125117797516,中继,R004,775,PASS,worst_obstruction_endpoint_distance,6.704821087598461,916.3211354232054,True,,端点最大距离且全时段按遮挡计损仍满足双向预算
T013,巡航,3238.9125117797516,3258.281385691888,中继,R004,776,PASS,worst_obstruction_endpoint_distance,9.792259352295744,642.2081174014426,True,,端点最大距离且全时段按遮挡计损仍满足双向预算
T013,巡航,3258.281385691888,3277.650259604024,中继,R004,777,PASS,worst_obstruction_endpoint_distance,14.069522297381894,392.475583151711,True,,端点最大距离且全时段按遮挡计损仍满足双向预算
T013,巡航,3277.650259604024,3297.01913351616,中继,R004,778,PASS,worst_obstruction_endpoint_distance,14.37103699044114,379.0852693535973,True,,端点最大距离且全时段按遮挡计损仍满足双向预算
T013,巡航,3297.01913351616,3316.388007428296,中继,R004,779,PASS,worst_obstruction_endpoint_distance,10.015481333898364,625.9140373865304,True,,端点最大距离且全时段按遮挡计损仍满足双向预算
T013,巡航,3316.388007428296,3335.7568813404323,中继,R004,780,PASS,worst_obstruction_endpoint_distance,6.868168733638754,899.24974141508,True,,端点最大距离且全时段按遮挡计损仍满足双向预算
T013,巡航,3335.7568813404323,3355.1257552525685,中继,R004,781,PASS,worst_obstruction_endpoint_distance,4.502054703899418,1180.826315405272,True,,端点最大距离且全时段按遮挡计损仍满足双向预算
T013,巡航,3355.1257552525685,3374.4946291647047,中继,R004,782,PASS,worst_obstruction_endpoint_distance,2.623672825457902,1465.9026063667584,True,,端点最大距离且全时段按遮挡计损仍满足双向预算
T013,巡航,3374.4946291647047,3393.863503076841,中继,R004,783,PASS,worst_obstruction_endpoint_distance,1.0712674676761509,1752.7718305681353,True,,端点最大距离且全时段按遮挡计损仍满足双向预算
T013,下降,3393.863503076841,3412.472181258807,中继,R004,784,PASS,worst_obstruction_endpoint_distance,1.0712674676761509,1752.7718305681353,True,,端点最大距离且全时段按遮挡计损仍满足双向预算
T013,下降,3412.472181258807,3431.080859440773,中继,R004,785,PASS,worst_obstruction_endpoint_distance,1.0785113452195105,1751.3106594017013,True,,端点最大距离且全时段按遮挡计损仍满足双向预算
T013,下降,3431.080859440773,3449.6895376227394,中继,R004,786,PASS,worst_obstruction_endpoint_distance,1.0812441152334031,1750.759745603046,True,,端点最大距离且全时段按遮挡计损仍满足双向预算
T013,下降,3449.6895376227394,3468.2982158047053,中继,R004,787,PASS,worst_obstruction_endpoint_distance,1.0767256110411552,1751.670748803328,True,,端点最大距离且全时段按遮挡计损仍满足双向预算
T013,下降,3468.2982158047053,3486.9068939866715,中继,R004,788,PASS,worst_obstruction_endpoint_distance,1.0682966095587574,1753.3714383529298,True,,端点最大距离且全时段按遮挡计损仍满足双向预算
T013,下降,3486.9068939866715,3505.515572168638,中继,R004,789,PASS,worst_obstruction_endpoint_distance,1.0559798351574585,1755.8595196313033,True,,端点最大距离且全时段按遮挡计损仍满足双向预算
T013,投送,3505.515572168638,3525.315572168638,中继,R004,790,PASS,exact_point,11.055979835157459,1755.8595196313033,,,独立计算 DEM 遮挡、自由空间损耗与双向预算
T013,投送,3525.315572168638,3545.1155721686378,中继,R004,791,PASS,exact_point,11.055979835157459,1755.8595196313033,,,独立计算 DEM 遮挡、自由空间损耗与双向预算
T013,投送,3545.1155721686378,3564.915572168638,中继,R004,792,PASS,exact_point,11.055979835157459,1755.8595196313033,,,独立计算 DEM 遮挡、自由空间损耗与双向预算
T013,投送,3564.915572168638,3584.7155721686377,中继,R004,793,PASS,exact_point,11.055979835157459,1755.8595196313033,,,独立计算 DEM 遮挡、自由空间损耗与双向预算
T013,投送,3584.7155721686377,3604.515572168638,中继,R004,794,PASS,exact_point,11.055979835157459,1755.8595196313033,,,独立计算 DEM 遮挡、自由空间损耗与双向预算
T013,投送,3604.515572168638,3624.315572168638,中继,R004,795,PASS,exact_point,11.055979835157459,1755.8595196313033,,,独立计算 DEM 遮挡、自由空间损耗与双向预算
T013,投送,3624.315572168638,3644.1155721686378,中继,R004,796,PASS,exact_point,11.055979835157459,1755.8595196313033,,,独立计算 DEM 遮挡、自由空间损耗与双向预算
T013,投送,3644.1155721686378,3663.915572168638,中继,R004,797,PASS,exact_point,11.055979835157459,1755.8595196313033,,,独立计算 DEM 遮挡、自由空间损耗与双向预算
T013,投送,3663.915572168638,3683.7155721686377,中继,R004,798,PASS,exact_point,11.055979835157459,1755.8595196313033,,,独立计算 DEM 遮挡、自由空间损耗与双向预算
T013,投送,3683.7155721686377,3703.515572168638,中继,R004,799,PASS,exact_point,11.055979835157459,1755.8595196313033,,,独立计算 DEM 遮挡、自由空间损耗与双向预算
T013,投送,3703.515572168638,3723.315572168638,中继,R004,800,PASS,exact_point,11.055979835157459,1755.8595196313033,,,独立计算 DEM 遮挡、自由空间损耗与双向预算
T013,投送,3723.315572168638,3743.1155721686378,中继,R004,801,PASS,exact_point,11.055979835157459,1755.8595196313033,,,独立计算 DEM 遮挡、自由空间损耗与双向预算
T013,投送,3743.1155721686378,3762.915572168638,中继,R004,802,PASS,exact_point,11.055979835157459,1755.8595196313033,,,独立计算 DEM 遮挡、自由空间损耗与双向预算
T013,投送,3762.915572168638,3782.7155721686377,中继,R004,803,PASS,exact_point,11.055979835157459,1755.8595196313033,,,独立计算 DEM 遮挡、自由空间损耗与双向预算
T013,投送,3782.7155721686377,3802.515572168638,中继,R004,804,PASS,exact_point,11.055979835157459,1755.8595196313033,,,独立计算 DEM 遮挡、自由空间损耗与双向预算
T013,投送,3802.515572168638,3822.315572168638,中继,R004,805,PASS,exact_point,11.055979835157459,1755.8595196313033,,,独立计算 DEM 遮挡、自由空间损耗与双向预算
T013,投送,3822.315572168638,3842.1155721686378,中继,R004,806,PASS,exact_point,11.055979835157459,1755.8595196313033,,,独立计算 DEM 遮挡、自由空间损耗与双向预算
T013,投送,3842.1155721686378,3861.915572168638,中继,R004,807,PASS,exact_point,11.055979835157459,1755.8595196313033,,,独立计算 DEM 遮挡、自由空间损耗与双向预算
T013,投送,3861.915572168638,3881.7155721686377,中继,R004,808,PASS,exact_point,11.055979835157459,1755.8595196313033,,,独立计算 DEM 遮挡、自由空间损耗与双向预算
T013,投送,3881.7155721686377,3901.515572168638,中继,R004,809,PASS,exact_point,11.055979835157459,1755.8595196313033,,,独立计算 DEM 遮挡、自由空间损耗与双向预算
T013,爬升,3901.515572168638,3919.3799032233255,中继,R004,810,PASS,worst_obstruction_endpoint_distance,1.0559798351574585,1755.8595196313033,True,,端点最大距离且全时段按遮挡计损仍满足双向预算
T013,爬升,3919.3799032233255,3937.2442342780128,中继,R004,811,PASS,worst_obstruction_endpoint_distance,1.070294308703211,1752.9682204905325,True,,端点最大距离且全时段按遮挡计损仍满足双向预算
T013,爬升,3937.2442342780128,3955.1085653327004,中继,R004,812,PASS,worst_obstruction_endpoint_distance,1.079003193774426,1751.2114922161775,True,,端点最大距离且全时段按遮挡计损仍满足双向预算
T013,爬升,3955.1085653327004,3972.9728963873877,中继,R004,813,PASS,worst_obstruction_endpoint_distance,1.079490722717381,1751.1132014983282,True,,端点最大距离且全时段按遮挡计损仍满足双向预算
T013,爬升,3972.9728963873877,3990.8372274420753,中继,R004,814,PASS,worst_obstruction_endpoint_distance,1.0712674676761509,1752.7718305681353,True,,端点最大距离且全时段按遮挡计损仍满足双向预算
T013,巡航,3990.8372274420753,4010.2061013542116,中继,R004,815,PASS,worst_obstruction_endpoint_distance,1.0712674676761509,1752.7718305681353,True,,端点最大距离且全时段按遮挡计损仍满足双向预算
T013,巡航,4010.2061013542116,4029.574975266348,中继,R004,816,PASS,worst_obstruction_endpoint_distance,2.623672825457902,1465.9026063667584,True,,端点最大距离且全时段按遮挡计损仍满足双向预算
T013,巡航,4029.574975266348,4048.943849178484,中继,R004,817,PASS,worst_obstruction_endpoint_distance,4.502054703899418,1180.826315405272,True,,端点最大距离且全时段按遮挡计损仍满足双向预算
T013,巡航,4048.943849178484,4068.31272309062,中继,R004,818,PASS,worst_obstruction_endpoint_distance,6.868168733638754,899.24974141508,True,,端点最大距离且全时段按遮挡计损仍满足双向预算
T013,巡航,4068.31272309062,4087.681597002756,中继,R004,819,PASS,worst_obstruction_endpoint_distance,10.015481333898364,625.9140373865304,True,,端点最大距离且全时段按遮挡计损仍满足双向预算
T013,巡航,4087.681597002756,4107.050470914892,中继,R004,820,PASS,worst_obstruction_endpoint_distance,14.37103699044114,379.0852693535973,True,,端点最大距离且全时段按遮挡计损仍满足双向预算
T013,巡航,4107.050470914892,4126.419344827028,中继,R004,821,PASS,worst_obstruction_endpoint_distance,14.069522297381894,392.475583151711,True,,端点最大距离且全时段按遮挡计损仍满足双向预算
T013,巡航,4126.419344827028,4145.788218739164,中继,R004,822,PASS,worst_obstruction_endpoint_distance,9.792259352295744,642.2081174014426,True,,端点最大距离且全时段按遮挡计损仍满足双向预算
T013,巡航,4145.788218739164,4165.1570926513,中继,R004,823,PASS,worst_obstruction_endpoint_distance,6.704821087598461,916.3211354232054,True,,端点最大距离且全时段按遮挡计损仍满足双向预算
T013,巡航,4165.1570926513,4184.525966563437,中继,R004,824,PASS,worst_obstruction_endpoint_distance,4.375209083256834,1198.197210341921,True,,端点最大距离且全时段按遮挡计损仍满足双向预算
T013,巡航,4184.525966563437,4203.894840475573,中继,R004,825,PASS,worst_obstruction_endpoint_distance,2.5205068448941716,1483.4175612415534,True,,端点最大距离且全时段按遮挡计损仍满足双向预算
T013,巡航,4203.894840475573,4223.263714387709,中继,R004,826,PASS,worst_obstruction_endpoint_distance,0.9845112323786225,1770.3665557193347,True,,端点最大距离且全时段按遮挡计损仍满足双向预算
T013,巡航,4223.263714387709,4242.632588299845,直连,,827,PASS,worst_obstruction_endpoint_distance,0.3511001857511502,3799.563867195433,True,,端点最大距离且全时段按遮挡计损仍满足双向预算
T013,巡航,4242.632588299845,4262.001462211982,直连,,828,PASS,worst_obstruction_endpoint_distance,1.0373955454072217,3510.9042140003926,True,,端点最大距离且全时段按遮挡计损仍满足双向预算
T013,巡航,4262.001462211982,4281.370336124117,直连,,829,PASS,worst_obstruction_endpoint_distance,1.7816975303946947,3222.581293521582,True,,端点最大距离且全时段按遮挡计损仍满足双向预算
T013,巡航,4281.370336124117,4300.739210036254,直连,,830,PASS,worst_obstruction_endpoint_distance,2.5945176302470827,2934.6943556878236,True,,端点最大距离且全时段按遮挡计损仍满足双向预算
T013,巡航,4300.739210036254,4320.108083948389,直连,,831,PASS,worst_obstruction_endpoint_distance,3.489431003683208,2647.3856356294796,True,,端点最大距离且全时段按遮挡计损仍满足双向预算
T013,巡航,4320.108083948389,4339.4769578605255,直连,,832,PASS,worst_obstruction_endpoint_distance,4.484347514560369,2360.8662437016196,True,,端点最大距离且全时段按遮挡计损仍满足双向预算
T013,巡航,4339.4769578605255,4358.845831772662,直连,,833,PASS,worst_obstruction_endpoint_distance,5.6034748051165195,2075.4631078491716,True,,端点最大距离且全时段按遮挡计损仍满足双向预算
T013,巡航,4358.845831772662,4378.214705684798,直连,,834,PASS,worst_obstruction_endpoint_distance,6.88042209365949,1791.7097359553002,True,,端点最大距离且全时段按遮挡计损仍满足双向预算
T013,巡航,4378.214705684798,4397.583579596934,直连,,835,PASS,worst_obstruction_endpoint_distance,8.363152781545892,1510.5361360364743,True,,端点最大距离且全时段按遮挡计损仍满足双向预算
T013,巡航,4397.583579596934,4416.95245350907,直连,,836,PASS,worst_obstruction_endpoint_distance,10.121531530871934,1233.707434162586,True,,端点最大距离且全时段按遮挡计损仍满足双向预算
T013,巡航,4416.95245350907,4436.321327421207,直连,,837,PASS,worst_obstruction_endpoint_distance,12.255496498365815,964.9702702284851,True,,端点最大距离且全时段按遮挡计损仍满足双向预算
T013,巡航,4436.321327421207,4455.690201333342,直连,,838,PASS,worst_obstruction_endpoint_distance,14.877571997569547,713.5265841036068,True,,端点最大距离且全时段按遮挡计损仍满足双向预算
T013,巡航,4455.690201333342,4475.059075245479,直连,,839,PASS,worst_obstruction_endpoint_distance,17.86521275478823,505.85741518854684,True,,端点最大距离且全时段按遮挡计损仍满足双向预算
T013,下降,4475.059075245479,4494.791081526551,直连,,840,PASS,worst_obstruction_endpoint_distance,19.603583756332725,414.104138183594,True,,端点最大距离且全时段按遮挡计损仍满足双向预算
T013,下降,4494.791081526551,4514.523087807624,直连,,841,PASS,worst_obstruction_endpoint_distance,20.473489357801128,374.6401256214494,True,,端点最大距离且全时段按遮挡计损仍满足双向预算
T013,下降,4514.523087807624,4534.255094088696,直连,,842,PASS,worst_obstruction_endpoint_distance,21.440313960408872,335.17611305930484,True,,端点最大距离且全时段按遮挡计损仍满足双向预算
T013,下降,4534.255094088696,4553.987100369768,直连,,843,PASS,worst_obstruction_endpoint_distance,22.52839324260279,295.7121004971603,True,,端点最大距离且全时段按遮挡计损仍满足双向预算
T013,下降,4553.987100369768,4573.71910665084,直连,,844,PASS,worst_obstruction_endpoint_distance,23.772562496383955,256.2480879350157,True,,端点最大距离且全时段按遮挡计损仍满足双向预算
T013,下降,4573.71910665084,4593.4511129319135,直连,,845,PASS,worst_obstruction_endpoint_distance,25.225227637195587,216.7840753728711,True,,端点最大距离且全时段按遮挡计损仍满足双向预算
T013,下降,4593.4511129319135,4613.183119212986,直连,,846,PASS,worst_obstruction_endpoint_distance,26.970617636485386,177.32006281072466,True,,端点最大距离且全时段按遮挡计损仍满足双向预算
T013,下降,4613.183119212986,4632.915125494059,直连,,847,PASS,worst_obstruction_endpoint_distance,29.157258540840402,137.85605024858012,True,,端点最大距离且全时段按遮挡计损仍满足双向预算
T013,下降,4632.915125494059,4652.647131775131,直连,,848,PASS,worst_obstruction_endpoint_distance,32.08657606884003,98.39203768643375,True,,端点最大距离且全时段按遮挡计损仍满足双向预算
T013,下降,4652.647131775131,4672.379138056203,直连,,849,PASS,worst_obstruction_endpoint_distance,36.5393374322733,58.92802512428915,True,,端点最大距离且全时段按遮挡计损仍满足双向预算
T013,下降,4672.379138056203,4692.111144337276,直连,,850,PASS,worst_obstruction_endpoint_distance,45.92517525248826,20.0,True,,端点最大距离且全时段按遮挡计损仍满足双向预算
T014,爬升,2684.0,2701.107585313585,直连,,851,PASS,worst_obstruction_endpoint_distance,42.02857583418874,31.322755940754746,True,,端点最大距离且全时段按遮挡计损仍满足双向预算
T014,爬升,2701.107585313585,2718.21517062717,直连,,852,PASS,worst_obstruction_endpoint_distance,33.6013896877198,82.6455118815108,True,,端点最大距离且全时段按遮挡计损仍满足双向预算
T014,爬升,2718.21517062717,2735.322755940755,直连,,853,PASS,worst_obstruction_endpoint_distance,29.405736324095642,133.96826782226555,True,,端点最大距离且全时段按遮挡计损仍满足双向预算
T014,爬升,2735.322755940755,2752.4303412543404,直连,,854,PASS,worst_obstruction_endpoint_distance,26.58868754837124,185.2910237630216,True,,端点最大距离且全时段按遮挡计损仍满足双向预算
T014,爬升,2752.4303412543404,2769.5379265679253,直连,,855,PASS,worst_obstruction_endpoint_distance,24.464974504050502,236.61377970377634,True,,端点最大距离且全时段按遮挡计损仍满足双向预算
T014,爬升,2769.5379265679253,2786.64551188151,直连,,856,PASS,worst_obstruction_endpoint_distance,22.759839664518097,287.93653564453103,True,,端点最大距离且全时段按遮挡计损仍满足双向预算
T014,巡航,2786.64551188151,2806.5808238659233,直连,,857,PASS,worst_obstruction_endpoint_distance,20.480295098117907,374.3466951408415,True,,端点最大距离且全时段按遮挡计损仍满足双向预算
T014,巡航,2806.5808238659233,2826.5161358503365,直连,,858,PASS,worst_obstruction_endpoint_distance,17.00674319609881,558.4079574778261,True,,端点最大距离且全时段按遮挡计损仍满足双向预算
T014,巡航,2826.5161358503365,2846.45144783475,直连,,859,PASS,worst_obstruction_endpoint_distance,14.17905786455536,773.2783748392534,True,,端点最大距离且全时段按遮挡计损仍满足双向预算
T014,巡航,2846.45144783475,2866.3867598191628,直连,,860,PASS,worst_obstruction_endpoint_distance,11.952053336171133,999.277460078685,True,,端点最大距离且全时段按遮挡计损仍满足双向预算
T014,巡航,2866.3867598191628,2886.3220718035764,直连,,861,PASS,worst_obstruction_endpoint_distance,10.145642631642374,1230.2875430794097,True,,端点最大距离且全时段按遮挡计损仍满足双向预算
T014,巡航,2886.3220718035764,2906.257383787989,直连,,862,PASS,worst_obstruction_endpoint_distance,8.635319525677161,1463.9383300872823,True,,端点最大距离且全时段按遮挡计损仍满足双向预算
T014,巡航,2906.257383787989,2926.1926957724027,直连,,863,PASS,worst_obstruction_endpoint_distance,7.341187842489873,1699.140791444107,True,,端点最大距离且全时段按遮挡计损仍满足双向预算
T014,巡航,2926.1926957724027,2946.128007756816,直连,,864,PASS,worst_obstruction_endpoint_distance,6.210677820494141,1935.3292803054635,True,,端点最大距离且全时段按遮挡计损仍满足双向预算
T014,巡航,2946.128007756816,2966.063319741229,直连,,865,PASS,worst_obstruction_endpoint_distance,5.20785024110161,2172.1821784725635,True,,端点最大距离且全时段按遮挡计损仍满足双向预算
T014,巡航,2966.063319741229,2985.998631725642,直连,,866,PASS,worst_obstruction_endpoint_distance,4.307223717296679,2409.5035606837673,True,,端点最大距离且全时段按遮挡计损仍满足双向预算
T014,巡航,2985.998631725642,3005.9339437100552,直连,,867,PASS,worst_obstruction_endpoint_distance,3.4901469519361115,2647.1674296556093,True,,端点最大距离且全时段按遮挡计损仍满足双向预算
T014,巡航,3005.9339437100552,3025.8692556944684,直连,,868,PASS,worst_obstruction_endpoint_distance,2.74259042177637,2885.089147932696,True,,端点最大距离且全时段按遮挡计损仍满足双向预算
T014,巡航,3025.8692556944684,3045.8045676788815,直连,,869,PASS,worst_obstruction_endpoint_distance,2.053752024020639,3123.2097882813323,True,,端点最大距离且全时段按遮挡计损仍满足双向预算
T014,巡航,3045.8045676788815,3065.7398796632947,直连,,870,PASS,worst_obstruction_endpoint_distance,1.4151462453782386,3361.487077309897,True,,端点最大距离且全时段按遮挡计损仍满足双向预算
T014,巡航,3065.7398796632947,3085.675191647708,直连,,871,PASS,worst_obstruction_endpoint_distance,0.8199907753844542,3599.8899093492196,True,,端点最大距离且全时段按遮挡计损仍满足双向预算
T014,巡航,3085.675191647708,3105.610503632121,直连,,872,PASS,worst_obstruction_endpoint_distance,0.26278211209398705,3838.3948920289236,True,,端点最大距离且全时段按遮挡计损仍满足双向预算
T014,巡航,3105.610503632121,3125.545815616534,中继,R003,873,PASS,worst_obstruction_endpoint_distance,10.118541759621053,618.5312841328039,True,,端点最大距离且全时段按遮挡计损仍满足双向预算
T014,巡航,3125.545815616534,3145.4811276009473,中继,R003,874,PASS,worst_obstruction_endpoint_distance,13.927638211711155,398.9393242537665,True,,端点最大距离且全时段按遮挡计损仍满足双向预算
T014,巡航,3145.4811276009473,3165.4164395853604,中继,R003,875,PASS,worst_obstruction_endpoint_distance,18.490042596505376,235.93188006197872,True,,端点最大距离且全时段按遮挡计损仍满足双向预算
T014,巡航,3165.4164395853604,3185.3517515697736,中继,R003,876,PASS,worst_obstruction_endpoint_distance,13.500443868742849,419.0506945919927,True,,端点最大距离且全时段按遮挡计损仍满足双向预算
T014,下降,3185.3517515697736,3202.15905869868,中继,R003,877,PASS,worst_obstruction_endpoint_distance,13.1511283549915,436.24688662675135,True,,端点最大距离且全时段按遮挡计损仍满足双向预算
T014,下降,3202.15905869868,3218.9663658275863,中继,R003,878,PASS,worst_obstruction_endpoint_distance,12.753667451270502,456.6730528579534,True,,端点最大距离且全时段按遮挡计损仍满足双向预算
T014,投送,3218.9663658275863,3238.0572749184953,中继,R003,879,PASS,exact_point,22.753667451270502,456.6730528579534,,,独立计算 DEM 遮挡、自由空间损耗与双向预算
T014,投送,3238.0572749184953,3257.1481840094043,中继,R003,880,PASS,exact_point,22.753667451270502,456.6730528579534,,,独立计算 DEM 遮挡、自由空间损耗与双向预算
T014,投送,3257.1481840094043,3276.2390931003133,中继,R003,881,PASS,exact_point,22.753667451270502,456.6730528579534,,,独立计算 DEM 遮挡、自由空间损耗与双向预算
T014,投送,3276.2390931003133,3295.330002191223,中继,R003,882,PASS,exact_point,22.753667451270502,456.6730528579534,,,独立计算 DEM 遮挡、自由空间损耗与双向预算
T014,投送,3295.330002191223,3314.420911282132,中继,R003,883,PASS,exact_point,22.753667451270502,456.6730528579534,,,独立计算 DEM 遮挡、自由空间损耗与双向预算
T014,投送,3314.420911282132,3333.511820373041,中继,R003,884,PASS,exact_point,22.753667451270502,456.6730528579534,,,独立计算 DEM 遮挡、自由空间损耗与双向预算
T014,投送,3333.511820373041,3352.60272946395,中继,R003,885,PASS,exact_point,22.753667451270502,456.6730528579534,,,独立计算 DEM 遮挡、自由空间损耗与双向预算
T014,投送,3352.60272946395,3371.693638554859,中继,R003,886,PASS,exact_point,22.753667451270502,456.6730528579534,,,独立计算 DEM 遮挡、自由空间损耗与双向预算
T014,投送,3371.693638554859,3390.784547645768,中继,R003,887,PASS,exact_point,22.753667451270502,456.6730528579534,,,独立计算 DEM 遮挡、自由空间损耗与双向预算
T014,投送,3390.784547645768,3409.8754567366773,中继,R003,888,PASS,exact_point,22.753667451270502,456.6730528579534,,,独立计算 DEM 遮挡、自由空间损耗与双向预算
T014,投送,3409.8754567366773,3428.9663658275863,中继,R003,889,PASS,exact_point,22.753667451270502,456.6730528579534,,,独立计算 DEM 遮挡、自由空间损耗与双向预算
T014,爬升,3428.9663658275863,3442.9724551016748,中继,R003,890,PASS,worst_obstruction_endpoint_distance,12.753667451270502,456.6730528579534,True,,端点最大距离且全时段按遮挡计损仍满足双向预算
T014,爬升,3442.9724551016748,3456.9785443757632,中继,R003,891,PASS,worst_obstruction_endpoint_distance,13.1511283549915,436.24688662675135,True,,端点最大距离且全时段按遮挡计损仍满足双向预算
T014,巡航,3456.9785443757632,3476.9138563601764,中继,R003,892,PASS,worst_obstruction_endpoint_distance,13.500443868742849,419.0506945919927,True,,端点最大距离且全时段按遮挡计损仍满足双向预算
T014,巡航,3476.9138563601764,3496.8491683445895,中继,R003,893,PASS,worst_obstruction_endpoint_distance,18.490042596505376,235.93188006197872,True,,端点最大距离且全时段按遮挡计损仍满足双向预算
T014,巡航,3496.8491683445895,3516.7844803290027,中继,R003,894,PASS,worst_obstruction_endpoint_distance,13.927638211711155,398.9393242537665,True,,端点最大距离且全时段按遮挡计损仍满足双向预算
T014,巡航,3516.7844803290027,3536.719792313416,中继,R003,895,PASS,worst_obstruction_endpoint_distance,10.118541759621053,618.5312841328039,True,,端点最大距离且全时段按遮挡计损仍满足双向预算
T014,巡航,3536.719792313416,3556.655104297829,直连,,896,PASS,worst_obstruction_endpoint_distance,0.26278211209398705,3838.3948920289236,True,,端点最大距离且全时段按遮挡计损仍满足双向预算
T014,巡航,3556.655104297829,3576.5904162822426,直连,,897,PASS,worst_obstruction_endpoint_distance,0.8199907753844542,3599.8899093492196,True,,端点最大距离且全时段按遮挡计损仍满足双向预算
T014,巡航,3576.5904162822426,3596.5257282666553,直连,,898,PASS,worst_obstruction_endpoint_distance,1.4151462453782386,3361.487077309897,True,,端点最大距离且全时段按遮挡计损仍满足双向预算
T014,巡航,3596.5257282666553,3616.461040251069,直连,,899,PASS,worst_obstruction_endpoint_distance,2.053752024020639,3123.2097882813323,True,,端点最大距离且全时段按遮挡计损仍满足双向预算
T014,巡航,3616.461040251069,3636.3963522354816,直连,,900,PASS,worst_obstruction_endpoint_distance,2.74259042177637,2885.089147932696,True,,端点最大距离且全时段按遮挡计损仍满足双向预算
T014,巡航,3636.3963522354816,3656.331664219895,直连,,901,PASS,worst_obstruction_endpoint_distance,3.4901469519361115,2647.1674296556093,True,,端点最大距离且全时段按遮挡计损仍满足双向预算
T014,巡航,3656.331664219895,3676.266976204308,直连,,902,PASS,worst_obstruction_endpoint_distance,4.307223717296679,2409.5035606837673,True,,端点最大距离且全时段按遮挡计损仍满足双向预算
T014,巡航,3676.266976204308,3696.2022881887215,直连,,903,PASS,worst_obstruction_endpoint_distance,5.20785024110161,2172.1821784725635,True,,端点最大距离且全时段按遮挡计损仍满足双向预算
T014,巡航,3696.2022881887215,3716.137600173134,直连,,904,PASS,worst_obstruction_endpoint_distance,6.210677820494141,1935.3292803054635,True,,端点最大距离且全时段按遮挡计损仍满足双向预算
T014,巡航,3716.137600173134,3736.0729121575478,直连,,905,PASS,worst_obstruction_endpoint_distance,7.341187842489873,1699.140791444107,True,,端点最大距离且全时段按遮挡计损仍满足双向预算
T014,巡航,3736.0729121575478,3756.008224141961,直连,,906,PASS,worst_obstruction_endpoint_distance,8.635319525677161,1463.9383300872823,True,,端点最大距离且全时段按遮挡计损仍满足双向预算
T014,巡航,3756.008224141961,3775.943536126374,直连,,907,PASS,worst_obstruction_endpoint_distance,10.145642631643526,1230.287543079246,True,,端点最大距离且全时段按遮挡计损仍满足双向预算
T014,巡航,3775.943536126374,3795.878848110787,直连,,908,PASS,worst_obstruction_endpoint_distance,11.952053336171133,999.277460078685,True,,端点最大距离且全时段按遮挡计损仍满足双向预算
T014,巡航,3795.878848110787,3815.8141600952004,直连,,909,PASS,worst_obstruction_endpoint_distance,14.17905786455536,773.2783748392534,True,,端点最大距离且全时段按遮挡计损仍满足双向预算
T014,巡航,3815.8141600952004,3835.7494720796135,直连,,910,PASS,worst_obstruction_endpoint_distance,17.00674319609881,558.4079574778261,True,,端点最大距离且全时段按遮挡计损仍满足双向预算
T014,巡航,3835.7494720796135,3855.6847840640266,直连,,911,PASS,worst_obstruction_endpoint_distance,20.480295098117907,374.3466951408415,True,,端点最大距离且全时段按遮挡计损仍满足双向预算
T014,下降,3855.6847840640266,3873.281157529428,直连,,912,PASS,worst_obstruction_endpoint_distance,22.759839664518097,287.93653564453103,True,,端点最大距离且全时段按遮挡计损仍满足双向预算
T014,下降,3873.281157529428,3890.8775309948305,直连,,913,PASS,worst_obstruction_endpoint_distance,24.199915310578675,243.94560198102727,True,,端点最大距离且全时段按遮挡计损仍满足双向预算
T014,下降,3890.8775309948305,3908.473904460232,直连,,914,PASS,worst_obstruction_endpoint_distance,25.92714420559217,199.95466831752123,True,,端点最大距离且全时段按遮挡计损仍满足双向预算
T014,下降,3908.473904460232,3926.0702779256335,直连,,915,PASS,worst_obstruction_endpoint_distance,28.08530264362895,155.9637346540174,True,,端点最大距离且全时段按遮挡计损仍满足双向预算
T014,下降,3926.0702779256335,3943.6666513910354,直连,,916,PASS,worst_obstruction_endpoint_distance,30.963524322055974,111.97280099051358,True,,端点最大距离且全时段按遮挡计损仍满足双向预算
T014,下降,3943.6666513910354,3961.2630248564374,直连,,917,PASS,worst_obstruction_endpoint_distance,35.29791337339611,67.9818673270087,True,,端点最大距离且全时段按遮挡计损仍满足双向预算
T014,下降,3961.2630248564374,3978.859398321839,直连,,918,PASS,worst_obstruction_endpoint_distance,44.344832168047475,23.990933663503824,True,,端点最大距离且全时段按遮挡计损仍满足双向预算
T015,爬升,2684.0,2701.107585313585,直连,,919,PASS,worst_obstruction_endpoint_distance,42.02857583418874,31.322755940754746,True,,端点最大距离且全时段按遮挡计损仍满足双向预算
T015,爬升,2701.107585313585,2718.21517062717,直连,,920,PASS,worst_obstruction_endpoint_distance,33.6013896877198,82.6455118815108,True,,端点最大距离且全时段按遮挡计损仍满足双向预算
T015,爬升,2718.21517062717,2735.322755940755,直连,,921,PASS,worst_obstruction_endpoint_distance,29.405736324095642,133.96826782226555,True,,端点最大距离且全时段按遮挡计损仍满足双向预算
T015,爬升,2735.322755940755,2752.4303412543404,直连,,922,PASS,worst_obstruction_endpoint_distance,26.58868754837124,185.2910237630216,True,,端点最大距离且全时段按遮挡计损仍满足双向预算
T015,爬升,2752.4303412543404,2769.5379265679253,直连,,923,PASS,worst_obstruction_endpoint_distance,24.464974504050502,236.61377970377634,True,,端点最大距离且全时段按遮挡计损仍满足双向预算
T015,爬升,2769.5379265679253,2786.64551188151,直连,,924,PASS,worst_obstruction_endpoint_distance,22.759839664518097,287.93653564453103,True,,端点最大距离且全时段按遮挡计损仍满足双向预算
T015,巡航,2786.64551188151,2806.5808238659233,直连,,925,PASS,worst_obstruction_endpoint_distance,20.480295098117907,374.3466951408415,True,,端点最大距离且全时段按遮挡计损仍满足双向预算
T015,巡航,2806.5808238659233,2826.5161358503365,直连,,926,PASS,worst_obstruction_endpoint_distance,17.00674319609881,558.4079574778261,True,,端点最大距离且全时段按遮挡计损仍满足双向预算
T015,巡航,2826.5161358503365,2846.45144783475,直连,,927,PASS,worst_obstruction_endpoint_distance,14.17905786455536,773.2783748392534,True,,端点最大距离且全时段按遮挡计损仍满足双向预算
T015,巡航,2846.45144783475,2866.3867598191628,直连,,928,PASS,worst_obstruction_endpoint_distance,11.952053336171133,999.277460078685,True,,端点最大距离且全时段按遮挡计损仍满足双向预算
T015,巡航,2866.3867598191628,2886.3220718035764,直连,,929,PASS,worst_obstruction_endpoint_distance,10.145642631642374,1230.2875430794097,True,,端点最大距离且全时段按遮挡计损仍满足双向预算
T015,巡航,2886.3220718035764,2906.257383787989,直连,,930,PASS,worst_obstruction_endpoint_distance,8.635319525677161,1463.9383300872823,True,,端点最大距离且全时段按遮挡计损仍满足双向预算
T015,巡航,2906.257383787989,2926.1926957724027,直连,,931,PASS,worst_obstruction_endpoint_distance,7.341187842489873,1699.140791444107,True,,端点最大距离且全时段按遮挡计损仍满足双向预算
T015,巡航,2926.1926957724027,2946.128007756816,直连,,932,PASS,worst_obstruction_endpoint_distance,6.210677820494141,1935.3292803054635,True,,端点最大距离且全时段按遮挡计损仍满足双向预算
T015,巡航,2946.128007756816,2966.063319741229,直连,,933,PASS,worst_obstruction_endpoint_distance,5.20785024110161,2172.1821784725635,True,,端点最大距离且全时段按遮挡计损仍满足双向预算
T015,巡航,2966.063319741229,2985.998631725642,直连,,934,PASS,worst_obstruction_endpoint_distance,4.307223717296679,2409.5035606837673,True,,端点最大距离且全时段按遮挡计损仍满足双向预算
T015,巡航,2985.998631725642,3005.9339437100552,直连,,935,PASS,worst_obstruction_endpoint_distance,3.4901469519361115,2647.1674296556093,True,,端点最大距离且全时段按遮挡计损仍满足双向预算
T015,巡航,3005.9339437100552,3025.8692556944684,直连,,936,PASS,worst_obstruction_endpoint_distance,2.74259042177637,2885.089147932696,True,,端点最大距离且全时段按遮挡计损仍满足双向预算
T015,巡航,3025.8692556944684,3045.8045676788815,直连,,937,PASS,worst_obstruction_endpoint_distance,2.053752024020639,3123.2097882813323,True,,端点最大距离且全时段按遮挡计损仍满足双向预算
T015,巡航,3045.8045676788815,3065.7398796632947,直连,,938,PASS,worst_obstruction_endpoint_distance,1.4151462453782386,3361.487077309897,True,,端点最大距离且全时段按遮挡计损仍满足双向预算
T015,巡航,3065.7398796632947,3085.675191647708,直连,,939,PASS,worst_obstruction_endpoint_distance,0.8199907753844542,3599.8899093492196,True,,端点最大距离且全时段按遮挡计损仍满足双向预算
T015,巡航,3085.675191647708,3105.610503632121,直连,,940,PASS,worst_obstruction_endpoint_distance,0.26278211209398705,3838.3948920289236,True,,端点最大距离且全时段按遮挡计损仍满足双向预算
T015,巡航,3105.610503632121,3125.545815616534,中继,R003,941,PASS,worst_obstruction_endpoint_distance,10.118541759621053,618.5312841328039,True,,端点最大距离且全时段按遮挡计损仍满足双向预算
T015,巡航,3125.545815616534,3145.4811276009473,中继,R003,942,PASS,worst_obstruction_endpoint_distance,13.927638211711155,398.9393242537665,True,,端点最大距离且全时段按遮挡计损仍满足双向预算
T015,巡航,3145.4811276009473,3165.4164395853604,中继,R003,943,PASS,worst_obstruction_endpoint_distance,18.490042596505376,235.93188006197872,True,,端点最大距离且全时段按遮挡计损仍满足双向预算
T015,巡航,3165.4164395853604,3185.3517515697736,中继,R003,944,PASS,worst_obstruction_endpoint_distance,13.500443868742849,419.0506945919927,True,,端点最大距离且全时段按遮挡计损仍满足双向预算
T015,下降,3185.3517515697736,3202.15905869868,中继,R003,945,PASS,worst_obstruction_endpoint_distance,13.1511283549915,436.24688662675135,True,,端点最大距离且全时段按遮挡计损仍满足双向预算
T015,下降,3202.15905869868,3218.9663658275863,中继,R003,946,PASS,worst_obstruction_endpoint_distance,12.753667451270502,456.6730528579534,True,,端点最大距离且全时段按遮挡计损仍满足双向预算
T015,投送,3218.9663658275863,3236.9663658275863,中继,R003,947,PASS,exact_point,22.753667451270502,456.6730528579534,,,独立计算 DEM 遮挡、自由空间损耗与双向预算
T015,投送,3236.9663658275863,3254.9663658275863,中继,R003,948,PASS,exact_point,22.753667451270502,456.6730528579534,,,独立计算 DEM 遮挡、自由空间损耗与双向预算
T015,投送,3254.9663658275863,3272.9663658275863,中继,R003,949,PASS,exact_point,22.753667451270502,456.6730528579534,,,独立计算 DEM 遮挡、自由空间损耗与双向预算
T015,投送,3272.9663658275863,3290.9663658275863,中继,R003,950,PASS,exact_point,22.753667451270502,456.6730528579534,,,独立计算 DEM 遮挡、自由空间损耗与双向预算
T015,投送,3290.9663658275863,3308.9663658275863,中继,R003,951,PASS,exact_point,22.753667451270502,456.6730528579534,,,独立计算 DEM 遮挡、自由空间损耗与双向预算
T015,投送,3308.9663658275863,3326.9663658275863,中继,R003,952,PASS,exact_point,22.753667451270502,456.6730528579534,,,独立计算 DEM 遮挡、自由空间损耗与双向预算
T015,投送,3326.9663658275863,3344.9663658275863,中继,R003,953,PASS,exact_point,22.753667451270502,456.6730528579534,,,独立计算 DEM 遮挡、自由空间损耗与双向预算
T015,投送,3344.9663658275863,3362.9663658275863,中继,R003,954,PASS,exact_point,22.753667451270502,456.6730528579534,,,独立计算 DEM 遮挡、自由空间损耗与双向预算
T015,投送,3362.9663658275863,3380.9663658275863,中继,R003,955,PASS,exact_point,22.753667451270502,456.6730528579534,,,独立计算 DEM 遮挡、自由空间损耗与双向预算
T015,投送,3380.9663658275863,3398.9663658275863,中继,R003,956,PASS,exact_point,22.753667451270502,456.6730528579534,,,独立计算 DEM 遮挡、自由空间损耗与双向预算
T015,爬升,3398.9663658275863,3412.9724551016748,中继,R003,957,PASS,worst_obstruction_endpoint_distance,12.753667451270502,456.6730528579534,True,,端点最大距离且全时段按遮挡计损仍满足双向预算
T015,爬升,3412.9724551016748,3426.9785443757632,中继,R003,958,PASS,worst_obstruction_endpoint_distance,13.1511283549915,436.24688662675135,True,,端点最大距离且全时段按遮挡计损仍满足双向预算
T015,巡航,3426.9785443757632,3446.9138563601764,中继,R003,959,PASS,worst_obstruction_endpoint_distance,13.500443868742849,419.0506945919927,True,,端点最大距离且全时段按遮挡计损仍满足双向预算
T015,巡航,3446.9138563601764,3466.8491683445895,中继,R003,960,PASS,worst_obstruction_endpoint_distance,18.490042596505376,235.93188006197872,True,,端点最大距离且全时段按遮挡计损仍满足双向预算
T015,巡航,3466.8491683445895,3486.7844803290027,中继,R003,961,PASS,worst_obstruction_endpoint_distance,13.927638211711155,398.9393242537665,True,,端点最大距离且全时段按遮挡计损仍满足双向预算
T015,巡航,3486.7844803290027,3506.719792313416,中继,R003,962,PASS,worst_obstruction_endpoint_distance,10.118541759621053,618.5312841328039,True,,端点最大距离且全时段按遮挡计损仍满足双向预算
T015,巡航,3506.719792313416,3526.655104297829,直连,,963,PASS,worst_obstruction_endpoint_distance,0.26278211209398705,3838.3948920289236,True,,端点最大距离且全时段按遮挡计损仍满足双向预算
T015,巡航,3526.655104297829,3546.5904162822426,直连,,964,PASS,worst_obstruction_endpoint_distance,0.8199907753844542,3599.8899093492196,True,,端点最大距离且全时段按遮挡计损仍满足双向预算
T015,巡航,3546.5904162822426,3566.5257282666553,直连,,965,PASS,worst_obstruction_endpoint_distance,1.4151462453782386,3361.487077309897,True,,端点最大距离且全时段按遮挡计损仍满足双向预算
T015,巡航,3566.5257282666553,3586.461040251069,直连,,966,PASS,worst_obstruction_endpoint_distance,2.053752024020639,3123.2097882813323,True,,端点最大距离且全时段按遮挡计损仍满足双向预算
T015,巡航,3586.461040251069,3606.3963522354816,直连,,967,PASS,worst_obstruction_endpoint_distance,2.74259042177637,2885.089147932696,True,,端点最大距离且全时段按遮挡计损仍满足双向预算
T015,巡航,3606.3963522354816,3626.331664219895,直连,,968,PASS,worst_obstruction_endpoint_distance,3.4901469519361115,2647.1674296556093,True,,端点最大距离且全时段按遮挡计损仍满足双向预算
T015,巡航,3626.331664219895,3646.266976204308,直连,,969,PASS,worst_obstruction_endpoint_distance,4.307223717296679,2409.5035606837673,True,,端点最大距离且全时段按遮挡计损仍满足双向预算
T015,巡航,3646.266976204308,3666.2022881887215,直连,,970,PASS,worst_obstruction_endpoint_distance,5.20785024110161,2172.1821784725635,True,,端点最大距离且全时段按遮挡计损仍满足双向预算
T015,巡航,3666.2022881887215,3686.137600173134,直连,,971,PASS,worst_obstruction_endpoint_distance,6.210677820494141,1935.3292803054635,True,,端点最大距离且全时段按遮挡计损仍满足双向预算
T015,巡航,3686.137600173134,3706.0729121575478,直连,,972,PASS,worst_obstruction_endpoint_distance,7.341187842489873,1699.140791444107,True,,端点最大距离且全时段按遮挡计损仍满足双向预算
T015,巡航,3706.0729121575478,3726.008224141961,直连,,973,PASS,worst_obstruction_endpoint_distance,8.635319525677161,1463.9383300872823,True,,端点最大距离且全时段按遮挡计损仍满足双向预算
T015,巡航,3726.008224141961,3745.943536126374,直连,,974,PASS,worst_obstruction_endpoint_distance,10.145642631643526,1230.287543079246,True,,端点最大距离且全时段按遮挡计损仍满足双向预算
T015,巡航,3745.943536126374,3765.878848110787,直连,,975,PASS,worst_obstruction_endpoint_distance,11.952053336171133,999.277460078685,True,,端点最大距离且全时段按遮挡计损仍满足双向预算
T015,巡航,3765.878848110787,3785.8141600952004,直连,,976,PASS,worst_obstruction_endpoint_distance,14.17905786455536,773.2783748392534,True,,端点最大距离且全时段按遮挡计损仍满足双向预算
T015,巡航,3785.8141600952004,3805.7494720796135,直连,,977,PASS,worst_obstruction_endpoint_distance,17.00674319609881,558.4079574778261,True,,端点最大距离且全时段按遮挡计损仍满足双向预算
T015,巡航,3805.7494720796135,3825.6847840640266,直连,,978,PASS,worst_obstruction_endpoint_distance,20.480295098117907,374.3466951408415,True,,端点最大距离且全时段按遮挡计损仍满足双向预算
T015,下降,3825.6847840640266,3843.281157529428,直连,,979,PASS,worst_obstruction_endpoint_distance,22.759839664518097,287.93653564453103,True,,端点最大距离且全时段按遮挡计损仍满足双向预算
T015,下降,3843.281157529428,3860.8775309948305,直连,,980,PASS,worst_obstruction_endpoint_distance,24.199915310578675,243.94560198102727,True,,端点最大距离且全时段按遮挡计损仍满足双向预算
T015,下降,3860.8775309948305,3878.473904460232,直连,,981,PASS,worst_obstruction_endpoint_distance,25.92714420559217,199.95466831752123,True,,端点最大距离且全时段按遮挡计损仍满足双向预算
T015,下降,3878.473904460232,3896.0702779256335,直连,,982,PASS,worst_obstruction_endpoint_distance,28.08530264362895,155.9637346540174,True,,端点最大距离且全时段按遮挡计损仍满足双向预算
T015,下降,3896.0702779256335,3913.6666513910354,直连,,983,PASS,worst_obstruction_endpoint_distance,30.963524322055974,111.97280099051358,True,,端点最大距离且全时段按遮挡计损仍满足双向预算
T015,下降,3913.6666513910354,3931.2630248564374,直连,,984,PASS,worst_obstruction_endpoint_distance,35.29791337339611,67.9818673270087,True,,端点最大距离且全时段按遮挡计损仍满足双向预算
T015,下降,3931.2630248564374,3948.859398321839,直连,,985,PASS,worst_obstruction_endpoint_distance,44.344832168047475,23.990933663503824,True,,端点最大距离且全时段按遮挡计损仍满足双向预算
T016,爬升,2714.0,2732.2987226213727,直连,,986,PASS,worst_obstruction_endpoint_distance,41.09022041847288,34.8961678641181,True,,端点最大距离且全时段按遮挡计损仍满足双向预算
T016,爬升,2732.2987226213727,2750.5974452427454,直连,,987,PASS,worst_obstruction_endpoint_distance,32.88098978943424,89.7923357282362,True,,端点最大距离且全时段按遮挡计损仍满足双向预算
T016,爬升,2750.5974452427454,2768.896167864118,直连,,988,PASS,worst_obstruction_endpoint_distance,28.737094664292826,144.68850359235432,True,,端点最大距离且全时段按遮挡计损仍满足双向预算
T016,爬升,2768.896167864118,2787.194890485491,直连,,989,PASS,worst_obstruction_endpoint_distance,25.943231496630872,199.58467145647376,True,,端点最大距离且全时段按遮挡计损仍满足双向预算
T016,爬升,2787.194890485491,2805.493613106864,直连,,990,PASS,worst_obstruction_endpoint_distance,23.832673396210197,254.48083932059183,True,,端点最大距离且全时段按遮挡计损仍满足双向预算
T016,爬升,2805.493613106864,2823.7923357282366,直连,,991,PASS,worst_obstruction_endpoint_distance,22.136014487477,309.37700718470995,True,,端点最大距离且全时段按遮挡计损仍满足双向预算
T016,爬升,2823.7923357282366,2842.0910583496093,直连,,992,PASS,worst_obstruction_endpoint_distance,20.717231343301734,364.273175048828,True,,端点最大距离且全时段按遮挡计损仍满足双向预算
T016,巡航,2842.0910583496093,2861.979339032121,直连,,993,PASS,worst_obstruction_endpoint_distance,19.166172498751166,435.4919518029065,True,,端点最大距离且全时段按遮挡计损仍满足双向预算
T016,巡航,2861.979339032121,2881.867619714633,直连,,994,PASS,worst_obstruction_endpoint_distance,16.376383700665244,600.4399405101009,True,,端点最大距离且全时段按遮挡计损仍满足双向预算
T016,巡航,2881.867619714633,2901.7559003971446,直连,,995,PASS,worst_obstruction_endpoint_distance,13.84802665832207,803.3178650350284,True,,端点最大距离且全时段按遮挡计损仍满足双向预算
T016,巡航,2901.7559003971446,2921.644181079656,直连,,996,PASS,worst_obstruction_endpoint_distance,11.75865515724007,1021.7767126231641,True,,端点最大距离且全时段按遮挡计损仍满足双向预算
T016,巡航,2921.644181079656,2941.532461762168,直连,,997,PASS,worst_obstruction_endpoint_distance,10.023858998310331,1247.6587260477145,True,,端点最大距离且全时段按遮挡计损仍满足双向预算
T016,巡航,2941.532461762168,2961.4207424446795,直连,,998,PASS,worst_obstruction_endpoint_distance,8.554852807753903,1477.5633762912782,True,,端点最大距离且全时段按遮挡计损仍满足双向预算
T016,巡航,2961.4207424446795,2981.3090231271913,直连,,999,PASS,worst_obstruction_endpoint_distance,7.286519350126113,1709.8688117165054,True,,端点最大距离且全时段按遮挡计损仍满足双向预算
T016,巡航,2981.3090231271913,3001.197303809703,直连,,1000,PASS,worst_obstruction_endpoint_distance,6.173126013776965,1943.714424408792,True,,端点最大距离且全时段按遮挡计损仍满足双向预算
T016,巡航,3001.197303809703,3021.085584492215,直连,,1001,PASS,worst_obstruction_endpoint_distance,5.182207975643664,2178.604315170309,True,,端点最大距离且全时段按遮挡计损仍满足双向预算
T016,巡航,3021.085584492215,3040.9738651747266,直连,,1002,PASS,worst_obstruction_endpoint_distance,4.290189015092025,2414.23369799851,True,,端点最大距离且全时段按遮挡计损仍满足双向预算
T016,巡航,3040.9738651747266,3060.862145857238,直连,,1003,PASS,worst_obstruction_endpoint_distance,3.479529172961378,2650.405350710559,True,,端点最大距离且全时段按遮挡计损仍满足双向预算
T016,巡航,3060.862145857238,3080.7504265397497,直连,,1004,PASS,worst_obstruction_endpoint_distance,2.7368810245997395,2886.9861942255047,True,,端点最大距离且全时段按遮挡计损仍满足双向预算
T016,巡航,3080.7504265397497,3100.6387072222615,直连,,1005,PASS,worst_obstruction_endpoint_distance,2.0518792423324186,3123.883262266833,True,,端点最大距离且全时段按遮挡计损仍满足双向预算
T016,巡航,3100.6387072222615,3120.5269879047733,直连,,1006,PASS,worst_obstruction_endpoint_distance,1.4163281891577668,3361.0296896850055,True,,端点最大距离且全时段按遮挡计损仍满足双向预算
T016,巡航,3120.5269879047733,3140.415268587285,直连,,1007,PASS,worst_obstruction_endpoint_distance,0.8236439117575145,3598.3761756750528,True,,端点最大距离且全时段按遮挡计损仍满足双向预算
T016,巡航,3140.415268587285,3160.303549269797,直连,,1008,PASS,worst_obstruction_endpoint_distance,0.26846227199115447,3835.8855843779734,True,,端点最大距离且全时段按遮挡计损仍满足双向预算
T016,巡航,3160.303549269797,3180.1918299523086,中继,R004,1009,PASS,worst_obstruction_endpoint_distance,1.250327613390084,1717.0082330977298,True,,端点最大距离且全时段按遮挡计损仍满足双向预算
T016,巡航,3180.1918299523086,3200.08011063482,中继,R004,1010,PASS,worst_obstruction_endpoint_distance,2.5484738969831113,1478.6488962693352,True,,端点最大距离且全时段按遮挡计损仍满足双向预算
T016,巡航,3200.08011063482,3219.9683913173317,中继,R004,1011,PASS,worst_obstruction_endpoint_distance,4.074505373604097,1240.4049469435772,True,,端点最大距离且全时段按遮挡计损仍满足双向预算
T016,下降,3219.9683913173317,3236.3157088222147,中继,R004,1012,PASS,worst_obstruction_endpoint_distance,5.925312180250401,1002.3586655558703,True,,端点最大距离且全时段按遮挡计损仍满足双向预算
T016,下降,3236.3157088222147,3252.663026327097,中继,R004,1013,PASS,worst_obstruction_endpoint_distance,5.9229777164137545,1002.6281007700978,True,,端点最大距离且全时段按遮挡计损仍满足双向预算
T016,下降,3252.663026327097,3269.01034383198,中继,R004,1014,PASS,worst_obstruction_endpoint_distance,5.900223455630936,1005.258110028668,True,,端点最大距离且全时段按遮挡计损仍满足双向预算
T016,下降,3269.01034383198,3285.357661336863,中继,R004,1015,PASS,worst_obstruction_endpoint_distance,5.863329893920252,1009.5370532937532,True,,端点最大距离且全时段按遮挡计损仍满足双向预算
T016,投送,3285.357661336863,3304.448570427772,中继,R004,1016,PASS,exact_point,15.863329893920252,1009.5370532937532,,,独立计算 DEM 遮挡、自由空间损耗与双向预算
T016,投送,3304.448570427772,3323.539479518681,中继,R004,1017,PASS,exact_point,15.863329893920252,1009.5370532937532,,,独立计算 DEM 遮挡、自由空间损耗与双向预算
T016,投送,3323.539479518681,3342.63038860959,中继,R004,1018,PASS,exact_point,15.863329893920252,1009.5370532937532,,,独立计算 DEM 遮挡、自由空间损耗与双向预算
T016,投送,3342.63038860959,3361.7212977004992,中继,R004,1019,PASS,exact_point,15.863329893920252,1009.5370532937532,,,独立计算 DEM 遮挡、自由空间损耗与双向预算
T016,投送,3361.7212977004992,3380.8122067914082,中继,R004,1020,PASS,exact_point,15.863329893920252,1009.5370532937532,,,独立计算 DEM 遮挡、自由空间损耗与双向预算
T016,投送,3380.8122067914082,3399.9031158823173,中继,R004,1021,PASS,exact_point,15.863329893920252,1009.5370532937532,,,独立计算 DEM 遮挡、自由空间损耗与双向预算
T016,投送,3399.9031158823173,3418.9940249732267,中继,R004,1022,PASS,exact_point,15.863329893920252,1009.5370532937532,,,独立计算 DEM 遮挡、自由空间损耗与双向预算
T016,投送,3418.9940249732267,3438.0849340641357,中继,R004,1023,PASS,exact_point,15.863329893920252,1009.5370532937532,,,独立计算 DEM 遮挡、自由空间损耗与双向预算
T016,投送,3438.0849340641357,3457.1758431550447,中继,R004,1024,PASS,exact_point,15.863329893920252,1009.5370532937532,,,独立计算 DEM 遮挡、自由空间损耗与双向预算
T016,投送,3457.1758431550447,3476.266752245954,中继,R004,1025,PASS,exact_point,15.863329893920252,1009.5370532937532,,,独立计算 DEM 遮挡、自由空间损耗与双向预算
T016,投送,3476.266752245954,3495.357661336863,中继,R004,1026,PASS,exact_point,15.863329893920252,1009.5370532937532,,,独立计算 DEM 遮挡、自由空间损耗与双向预算
T016,爬升,3495.357661336863,3513.5213474533994,中继,R004,1027,PASS,worst_obstruction_endpoint_distance,5.863329893920252,1009.5370532937532,True,,端点最大距离且全时段按遮挡计损仍满足双向预算
T016,爬升,3513.5213474533994,3531.685033569936,中继,R004,1028,PASS,worst_obstruction_endpoint_distance,5.909393154225469,1004.1974184592474,True,,端点最大距离且全时段按遮挡计损仍满足双向预算
T016,爬升,3531.685033569936,3549.8487196864726,中继,R004,1029,PASS,worst_obstruction_endpoint_distance,5.925312180250401,1002.3586655558703,True,,端点最大距离且全时段按遮挡计损仍满足双向预算
T016,巡航,3549.8487196864726,3569.737000368984,中继,R004,1030,PASS,worst_obstruction_endpoint_distance,4.074505373604097,1240.4049469435772,True,,端点最大距离且全时段按遮挡计损仍满足双向预算
T016,巡航,3569.737000368984,3589.6252810514957,中继,R004,1031,PASS,worst_obstruction_endpoint_distance,2.5484738969831113,1478.6488962693352,True,,端点最大距离且全时段按遮挡计损仍满足双向预算
T016,巡航,3589.6252810514957,3609.5135617340075,中继,R004,1032,PASS,worst_obstruction_endpoint_distance,1.250327613390084,1717.0082330977298,True,,端点最大距离且全时段按遮挡计损仍满足双向预算
T016,巡航,3609.5135617340075,3629.4018424165192,直连,,1033,PASS,worst_obstruction_endpoint_distance,0.26846227199115447,3835.8855843779734,True,,端点最大距离且全时段按遮挡计损仍满足双向预算
T016,巡航,3629.4018424165192,3649.290123099031,直连,,1034,PASS,worst_obstruction_endpoint_distance,0.8236439117575145,3598.3761756750528,True,,端点最大距离且全时段按遮挡计损仍满足双向预算
T016,巡航,3649.290123099031,3669.1784037815423,直连,,1035,PASS,worst_obstruction_endpoint_distance,1.4163281891577668,3361.0296896850055,True,,端点最大距离且全时段按遮挡计损仍满足双向预算
T016,巡航,3669.1784037815423,3689.0666844640546,直连,,1036,PASS,worst_obstruction_endpoint_distance,2.0518792423324186,3123.883262266833,True,,端点最大距离且全时段按遮挡计损仍满足双向预算
T016,巡航,3689.0666844640546,3708.954965146566,直连,,1037,PASS,worst_obstruction_endpoint_distance,2.7368810245997395,2886.9861942255047,True,,端点最大距离且全时段按遮挡计损仍满足双向预算
T016,巡航,3708.954965146566,3728.8432458290777,直连,,1038,PASS,worst_obstruction_endpoint_distance,3.479529172961378,2650.405350710559,True,,端点最大距离且全时段按遮挡计损仍满足双向预算
T016,巡航,3728.8432458290777,3748.7315265115894,直连,,1039,PASS,worst_obstruction_endpoint_distance,4.290189015092025,2414.23369799851,True,,端点最大距离且全时段按遮挡计损仍满足双向预算
T016,巡航,3748.7315265115894,3768.619807194101,直连,,1040,PASS,worst_obstruction_endpoint_distance,5.182207975643664,2178.604315170309,True,,端点最大距离且全时段按遮挡计损仍满足双向预算
T016,巡航,3768.619807194101,3788.508087876613,直连,,1041,PASS,worst_obstruction_endpoint_distance,6.173126013776965,1943.714424408792,True,,端点最大距离且全时段按遮挡计损仍满足双向预算
T016,巡航,3788.508087876613,3808.3963685591243,直连,,1042,PASS,worst_obstruction_endpoint_distance,7.286519350126113,1709.8688117165054,True,,端点最大距离且全时段按遮挡计损仍满足双向预算
T016,巡航,3808.3963685591243,3828.284649241636,直连,,1043,PASS,worst_obstruction_endpoint_distance,8.554852807753903,1477.5633762912782,True,,端点最大距离且全时段按遮挡计损仍满足双向预算
T016,巡航,3828.284649241636,3848.172929924148,直连,,1044,PASS,worst_obstruction_endpoint_distance,10.023858998310331,1247.6587260477145,True,,端点最大距离且全时段按遮挡计损仍满足双向预算
T016,巡航,3848.172929924148,3868.0612106066596,直连,,1045,PASS,worst_obstruction_endpoint_distance,11.758655157239673,1021.7767126232106,True,,端点最大距离且全时段按遮挡计损仍满足双向预算
T016,巡航,3868.0612106066596,3887.9494912891714,直连,,1046,PASS,worst_obstruction_endpoint_distance,13.84802665832207,803.3178650350284,True,,端点最大距离且全时段按遮挡计损仍满足双向预算
T016,巡航,3887.9494912891714,3907.8377719716827,直连,,1047,PASS,worst_obstruction_endpoint_distance,16.376383700665244,600.4399405101009,True,,端点最大距离且全时段按遮挡计损仍满足双向预算
T016,巡航,3907.8377719716827,3927.726052654195,直连,,1048,PASS,worst_obstruction_endpoint_distance,19.166172498751166,435.4919518029065,True,,端点最大距离且全时段按遮挡计损仍满足双向预算
T016,下降,3927.726052654195,3946.939711406636,直连,,1049,PASS,worst_obstruction_endpoint_distance,20.717231343301734,364.273175048828,True,,端点最大距离且全时段按遮挡计损仍满足双向预算
T016,下降,3946.939711406636,3966.1533701590774,直连,,1050,PASS,worst_obstruction_endpoint_distance,21.945465831584315,316.2390281677254,True,,端点最大距离且全时段按遮挡计损仍满足双向预算
T016,下降,3966.1533701590774,3985.367028911519,直连,,1051,PASS,worst_obstruction_endpoint_distance,23.37644161219356,268.20488128662157,True,,端点最大距离且全时段按遮挡计损仍满足双向预算
T016,下降,3985.367028911519,4004.5806876639604,直连,,1052,PASS,worst_obstruction_endpoint_distance,25.090583344521832,220.1707344055178,True,,端点最大距离且全时段按遮挡计损仍满足双向预算
T016,下降,4004.5806876639604,4023.794346416402,直连,,1053,PASS,worst_obstruction_endpoint_distance,27.22831138255654,172.13658752441398,True,,端点最大距离且全时段按遮挡计损仍满足双向预算
T016,下降,4023.794346416402,4043.0080051688433,直连,,1054,PASS,worst_obstruction_endpoint_distance,30.070168714278523,124.10244064331022,True,,端点最大距离且全时段按遮挡计损仍满足双向预算
T016,下降,4043.0080051688433,4062.2216639212847,直连,,1055,PASS,worst_obstruction_endpoint_distance,34.32170166595185,76.06829376220645,True,,端点最大距离且全时段按遮挡计损仍满足双向预算
T016,下降,4062.2216639212847,4081.4353226737258,直连,,1056,PASS,worst_obstruction_endpoint_distance,42.99202827701126,28.03414688110263,True,,端点最大距离且全时段按遮挡计损仍满足双向预算
T017,爬升,2894.0,2912.0876724243167,直连,,1057,PASS,worst_obstruction_endpoint_distance,41.24926306189187,34.26301727294995,True,,端点最大距离且全时段按遮挡计损仍满足双向预算
T017,爬升,2912.0876724243167,2930.175344848633,直连,,1058,PASS,worst_obstruction_endpoint_distance,33.00435495025734,88.52603454589851,True,,端点最大距离且全时段按遮挡计损仍满足双向预算
T017,爬升,2930.175344848633,2948.2630172729496,直连,,1059,PASS,worst_obstruction_endpoint_distance,28.851876971718013,142.7890518188484,True,,端点最大距离且全时段按遮挡计损仍满足双向预算
T017,爬升,2948.2630172729496,2966.350689697266,直连,,1060,PASS,worst_obstruction_endpoint_distance,26.054155177428697,197.05206909179702,True,,端点最大距离且全时段按遮挡计损仍满足双向预算
T017,爬升,2966.350689697266,2984.438362121582,直连,,1061,PASS,worst_obstruction_endpoint_distance,23.941403967071793,251.31508636474558,True,,端点最大距离且全时段按遮挡计损仍满足双向预算
T017,爬升,2984.438362121582,3002.5260345458987,直连,,1062,PASS,worst_obstruction_endpoint_distance,22.24333053746038,305.5781036376955,True,,端点最大距离且全时段按遮挡计损仍满足双向预算
T017,爬升,3002.5260345458987,3020.613706970215,直连,,1063,PASS,worst_obstruction_endpoint_distance,20.823559347214356,359.84112091064407,True,,端点最大距离且全时段按遮挡计损仍满足双向预算
T017,爬升,3020.613706970215,3038.7013793945316,直连,,1064,PASS,worst_obstruction_endpoint_distance,19.603583756332725,414.104138183594,True,,端点最大距离且全时段按遮挡计损仍满足双向预算
T017,巡航,3038.7013793945316,3058.2264539027333,直连,,1065,PASS,worst_obstruction_endpoint_distance,18.39741098882675,475.7931759032307,True,,端点最大距离且全时段按遮挡计损仍满足双向预算
T017,巡航,3058.2264539027333,3077.751528410935,直连,,1066,PASS,worst_obstruction_endpoint_distance,16.02323156066953,625.3557972562114,True,,端点最大距离且全时段按遮挡计损仍满足双向预算
T017,巡航,3077.751528410935,3097.2766029191366,直连,,1067,PASS,worst_obstruction_endpoint_distance,13.713939458904292,815.815186202598,True,,端点最大距离且全时段按遮挡计损仍满足双向预算
T017,巡航,3097.2766029191366,3116.8016774273383,直连,,1068,PASS,worst_obstruction_endpoint_distance,11.73457387155004,1024.6134787645549,True,,端点最大距离且全时段按遮挡计损仍满足双向预算
T017,巡航,3116.8016774273383,3136.3267519355404,直连,,1069,PASS,worst_obstruction_endpoint_distance,10.059569536755163,1242.5397223605517,True,,端点最大距离且全时段按遮挡计损仍满足双向预算
T017,巡航,3136.3267519355404,3155.851826443742,直连,,1070,PASS,worst_obstruction_endpoint_distance,8.625895505130202,1465.527536545165,True,,端点最大距离且全时段按遮挡计损仍满足双向预算
T017,巡航,3155.851826443742,3175.3769009519438,直连,,1071,PASS,worst_obstruction_endpoint_distance,7.37994272538333,1691.5764177391372,True,,端点最大距离且全时段按遮挡计损仍满足双向预算
T017,巡航,3175.3769009519438,3194.9019754601454,直连,,1072,PASS,worst_obstruction_endpoint_distance,6.281536472192059,1919.6052749671428,True,,端点最大距离且全时段按遮挡计损仍满足双向预算
T017,巡航,3194.9019754601454,3214.427049968347,直连,,1073,PASS,worst_obstruction_endpoint_distance,5.301111871503167,2148.983914379498,True,,端点最大距离且全时段按遮挡计损仍满足双向预算
T017,巡航,3214.427049968347,3233.952124476549,直连,,1074,PASS,worst_obstruction_endpoint_distance,4.4167107952732465,2379.3219905663836,True,,端点最大距离且全时段按遮挡计损仍满足双向预算
T017,巡航,3233.952124476549,3253.4771989847504,直连,,1075,PASS,worst_obstruction_endpoint_distance,3.6117486322979744,2610.3655344174194,True,,端点最大距离且全时段按遮挡计损仍满足双向预算
T017,巡航,3253.4771989847504,3273.0022734929526,直连,,1076,PASS,worst_obstruction_endpoint_distance,2.8734694540850256,2841.9424923292363,True,,端点最大距离且全时段按遮挡计损仍满足双向预算
T017,巡航,3273.0022734929526,3292.527348001154,直连,,1077,PASS,worst_obstruction_endpoint_distance,2.191889165852203,3073.93231124083,True,,端点最大距离且全时段按遮挡计损仍满足双向预算
T017,巡航,3292.527348001154,3312.052422509356,直连,,1078,PASS,worst_obstruction_endpoint_distance,1.559066410352358,3306.248084524794,True,,端点最大距离且全时段按遮挡计损仍满足双向预算
T017,巡航,3312.052422509356,3331.5774970175576,直连,,1079,PASS,worst_obstruction_endpoint_distance,0.9685919145869804,3538.825618295985,True,,端点最大距离且全时段按遮挡计损仍满足双向预算
T017,巡航,3331.5774970175576,3351.1025715257592,直连,,1080,PASS,worst_obstruction_endpoint_distance,0.41522465241320106,3771.616488316685,True,,端点最大距离且全时段按遮挡计损仍满足双向预算
T017,巡航,3351.1025715257592,3370.6276460339614,中继,R004,1081,PASS,worst_obstruction_endpoint_distance,0.8490302798144427,1798.1968986308907,True,,端点最大距离且全时段按遮挡计损仍满足双向预算
T017,巡航,3370.6276460339614,3390.152720542163,中继,R004,1082,PASS,worst_obstruction_endpoint_distance,2.0466724140916455,1566.5892338167546,True,,端点最大距离且全时段按遮挡计损仍满足双向预算
T017,巡航,3390.152720542163,3409.6777950503647,中继,R004,1083,PASS,worst_obstruction_endpoint_distance,3.4301584898653914,1335.9211753415657,True,,端点最大距离且全时段按遮挡计损仍满足双向预算
T017,巡航,3409.6777950503647,3429.2028695585664,中继,R004,1084,PASS,worst_obstruction_endpoint_distance,5.064546292495137,1106.7803593719177,True,,端点最大距离且全时段按遮挡计损仍满足双向预算
T017,巡航,3429.2028695585664,3448.727944066768,中继,R004,1085,PASS,worst_obstruction_endpoint_distance,7.052567845391934,880.3601302922355,True,,端点最大距离且全时段按遮挡计损仍满足双向预算
T017,巡航,3448.727944066768,3468.25301857497,中继,R004,1086,PASS,worst_obstruction_endpoint_distance,9.561891354059668,659.468704394305,True,,端点最大距离且全时段按遮挡计损仍满足双向预算
T017,巡航,3468.25301857497,3487.778093083172,中继,R004,1087,PASS,worst_obstruction_endpoint_distance,12.837614657622282,452.2806684940842,True,,端点最大距离且全时段按遮挡计损仍满足双向预算
T017,巡航,3487.778093083172,3507.3031675913735,中继,R004,1088,PASS,worst_obstruction_endpoint_distance,16.70244194914028,289.845565882971,True,,端点最大距离且全时段按遮挡计损仍满足双向预算
T017,巡航,3507.3031675913735,3526.828242099575,中继,R004,1089,PASS,worst_obstruction_endpoint_distance,13.582992870799032,415.086983475622,True,,端点最大距离且全时段按遮挡计损仍满足双向预算
T017,巡航,3526.828242099575,3546.353316607777,中继,R004,1090,PASS,worst_obstruction_endpoint_distance,10.135028927687586,617.3583292313319,True,,端点最大距离且全时段按遮挡计损仍满足双向预算
T017,巡航,3546.353316607777,3565.878391115979,中继,R004,1091,PASS,worst_obstruction_endpoint_distance,7.496288825348643,836.5161250342817,True,,端点最大距离且全时段按遮挡计损仍满足双向预算
T017,巡航,3565.878391115979,3585.40346562418,中继,R004,1092,PASS,worst_obstruction_endpoint_distance,5.421987482213211,1062.158635121915,True,,端点最大距离且全时段按遮挡计损仍满足双向预算
T017,巡航,3585.40346562418,3604.9285401323823,中继,R004,1093,PASS,worst_obstruction_endpoint_distance,3.7279916585073067,1290.889818240399,True,,端点最大距离且全时段按遮挡计损仍满足双向预算
T017,巡航,3604.9285401323823,3624.453614640584,中继,R004,1094,PASS,worst_obstruction_endpoint_distance,2.30137989286807,1521.3171587343563,True,,端点最大距离且全时段按遮挡计损仍满足双向预算
T017,巡航,3624.453614640584,3643.9786891487856,中继,R004,1095,PASS,worst_obstruction_endpoint_distance,1.0712674676761509,1752.7718305681353,True,,端点最大距离且全时段按遮挡计损仍满足双向预算
T017,下降,3643.9786891487856,3661.8430202034733,中继,R004,1096,PASS,worst_obstruction_endpoint_distance,1.0712674676761509,1752.7718305681353,True,,端点最大距离且全时段按遮挡计损仍满足双向预算
T017,下降,3661.8430202034733,3679.7073512581605,中继,R004,1097,PASS,worst_obstruction_endpoint_distance,1.079490722717381,1751.1132014983282,True,,端点最大距离且全时段按遮挡计损仍满足双向预算
T017,下降,3679.7073512581605,3697.571682312848,中继,R004,1098,PASS,worst_obstruction_endpoint_distance,1.079003193774426,1751.2114922161775,True,,端点最大距离且全时段按遮挡计损仍满足双向预算
T017,下降,3697.571682312848,3715.4360133675355,中继,R004,1099,PASS,worst_obstruction_endpoint_distance,1.070294308703211,1752.9682204905325,True,,端点最大距离且全时段按遮挡计损仍满足双向预算
T017,下降,3715.4360133675355,3733.300344422223,中继,R004,1100,PASS,worst_obstruction_endpoint_distance,1.0559798351574585,1755.8595196313033,True,,端点最大距离且全时段按遮挡计损仍满足双向预算
T017,投送,3733.300344422223,3752.391253513132,中继,R004,1101,PASS,exact_point,11.055979835157459,1755.8595196313033,,,独立计算 DEM 遮挡、自由空间损耗与双向预算
T017,投送,3752.391253513132,3771.482162604041,中继,R004,1102,PASS,exact_point,11.055979835157459,1755.8595196313033,,,独立计算 DEM 遮挡、自由空间损耗与双向预算
T017,投送,3771.482162604041,3790.57307169495,中继,R004,1103,PASS,exact_point,11.055979835157459,1755.8595196313033,,,独立计算 DEM 遮挡、自由空间损耗与双向预算
T017,投送,3790.57307169495,3809.663980785859,中继,R004,1104,PASS,exact_point,11.055979835157459,1755.8595196313033,,,独立计算 DEM 遮挡、自由空间损耗与双向预算
T017,投送,3809.663980785859,3828.7548898767686,中继,R004,1105,PASS,exact_point,11.055979835157459,1755.8595196313033,,,独立计算 DEM 遮挡、自由空间损耗与双向预算
T017,投送,3828.7548898767686,3847.8457989676776,中继,R004,1106,PASS,exact_point,11.055979835157459,1755.8595196313033,,,独立计算 DEM 遮挡、自由空间损耗与双向预算
T017,投送,3847.8457989676776,3866.9367080585866,中继,R004,1107,PASS,exact_point,11.055979835157459,1755.8595196313033,,,独立计算 DEM 遮挡、自由空间损耗与双向预算
T017,投送,3866.9367080585866,3886.027617149496,中继,R004,1108,PASS,exact_point,11.055979835157459,1755.8595196313033,,,独立计算 DEM 遮挡、自由空间损耗与双向预算
T017,投送,3886.027617149496,3905.118526240405,中继,R004,1109,PASS,exact_point,11.055979835157459,1755.8595196313033,,,独立计算 DEM 遮挡、自由空间损耗与双向预算
T017,投送,3905.118526240405,3924.209435331314,中继,R004,1110,PASS,exact_point,11.055979835157459,1755.8595196313033,,,独立计算 DEM 遮挡、自由空间损耗与双向预算
T017,投送,3924.209435331314,3943.300344422223,中继,R004,1111,PASS,exact_point,11.055979835157459,1755.8595196313033,,,独立计算 DEM 遮挡、自由空间损耗与双向预算
T017,爬升,3943.300344422223,3961.9090226041894,中继,R004,1112,PASS,worst_obstruction_endpoint_distance,1.0559798351574585,1755.8595196313033,True,,端点最大距离且全时段按遮挡计损仍满足双向预算
T017,爬升,3961.9090226041894,3980.5177007861557,中继,R004,1113,PASS,worst_obstruction_endpoint_distance,1.0729987463525248,1752.4225014587198,True,,端点最大距离且全时段按遮挡计损仍满足双向预算
T017,爬升,3980.5177007861557,3999.1263789681216,中继,R004,1114,PASS,worst_obstruction_endpoint_distance,1.0806658488908738,1750.876306966168,True,,端点最大距离且全时段按遮挡计损仍满足双向预算
T017,爬升,3999.1263789681216,4017.735057150088,中继,R004,1115,PASS,worst_obstruction_endpoint_distance,1.0712674676761509,1752.7718305681353,True,,端点最大距离且全时段按遮挡计损仍满足双向预算
T017,巡航,4017.735057150088,4037.2601316582895,中继,R004,1116,PASS,worst_obstruction_endpoint_distance,1.0712674676761509,1752.7718305681353,True,,端点最大距离且全时段按遮挡计损仍满足双向预算
T017,巡航,4037.2601316582895,4056.7852061664917,中继,R004,1117,PASS,worst_obstruction_endpoint_distance,2.30137989286807,1521.3171587343563,True,,端点最大距离且全时段按遮挡计损仍满足双向预算
T017,巡航,4056.7852061664917,4076.310280674693,中继,R004,1118,PASS,worst_obstruction_endpoint_distance,3.7279916585073067,1290.889818240399,True,,端点最大距离且全时段按遮挡计损仍满足双向预算
T017,巡航,4076.310280674693,4095.835355182895,中继,R004,1119,PASS,worst_obstruction_endpoint_distance,5.421987482213211,1062.158635121915,True,,端点最大距离且全时段按遮挡计损仍满足双向预算
T017,巡航,4095.835355182895,4115.360429691096,中继,R004,1120,PASS,worst_obstruction_endpoint_distance,7.496288825348643,836.5161250342817,True,,端点最大距离且全时段按遮挡计损仍满足双向预算
T017,巡航,4115.360429691096,4134.885504199298,中继,R004,1121,PASS,worst_obstruction_endpoint_distance,10.135028927686776,617.3583292313892,True,,端点最大距离且全时段按遮挡计损仍满足双向预算
T017,巡航,4134.885504199298,4154.4105787075005,中继,R004,1122,PASS,worst_obstruction_endpoint_distance,13.582992870799032,415.086983475622,True,,端点最大距离且全时段按遮挡计损仍满足双向预算
T017,巡航,4154.4105787075005,4173.935653215702,中继,R004,1123,PASS,worst_obstruction_endpoint_distance,16.70244194914028,289.845565882971,True,,端点最大距离且全时段按遮挡计损仍满足双向预算
T017,巡航,4173.935653215702,4193.460727723904,中继,R004,1124,PASS,worst_obstruction_endpoint_distance,12.837614657622282,452.2806684940842,True,,端点最大距离且全时段按遮挡计损仍满足双向预算
T017,巡航,4193.460727723904,4212.985802232105,中继,R004,1125,PASS,worst_obstruction_endpoint_distance,9.561891354059668,659.468704394305,True,,端点最大距离且全时段按遮挡计损仍满足双向预算
T017,巡航,4212.985802232105,4232.510876740307,中继,R004,1126,PASS,worst_obstruction_endpoint_distance,7.052567845391934,880.3601302922355,True,,端点最大距离且全时段按遮挡计损仍满足双向预算
T017,巡航,4232.510876740307,4252.035951248508,中继,R004,1127,PASS,worst_obstruction_endpoint_distance,5.0645462924954785,1106.7803593718747,True,,端点最大距离且全时段按遮挡计损仍满足双向预算
T017,巡航,4252.035951248508,4271.5610257567105,中继,R004,1128,PASS,worst_obstruction_endpoint_distance,3.4301584898653914,1335.9211753415657,True,,端点最大距离且全时段按遮挡计损仍满足双向预算
T017,巡航,4271.5610257567105,4291.086100264913,中继,R004,1129,PASS,worst_obstruction_endpoint_distance,2.0466724140916455,1566.5892338167546,True,,端点最大距离且全时段按遮挡计损仍满足双向预算
T017,巡航,4291.086100264913,4310.611174773114,中继,R004,1130,PASS,worst_obstruction_endpoint_distance,0.8490302798144427,1798.1968986308907,True,,端点最大距离且全时段按遮挡计损仍满足双向预算
T017,巡航,4310.611174773114,4330.136249281316,直连,,1131,PASS,worst_obstruction_endpoint_distance,0.41522465241320106,3771.616488316685,True,,端点最大距离且全时段按遮挡计损仍满足双向预算
T017,巡航,4330.136249281316,4349.661323789518,直连,,1132,PASS,worst_obstruction_endpoint_distance,0.9685919145869804,3538.825618295985,True,,端点最大距离且全时段按遮挡计损仍满足双向预算
T017,巡航,4349.661323789518,4369.186398297719,直连,,1133,PASS,worst_obstruction_endpoint_distance,1.559066410352358,3306.248084524794,True,,端点最大距离且全时段按遮挡计损仍满足双向预算
T017,巡航,4369.186398297719,4388.7114728059205,直连,,1134,PASS,worst_obstruction_endpoint_distance,2.191889165852203,3073.93231124083,True,,端点最大距离且全时段按遮挡计损仍满足双向预算
T017,巡航,4388.7114728059205,4408.236547314123,直连,,1135,PASS,worst_obstruction_endpoint_distance,2.8734694540850256,2841.9424923292363,True,,端点最大距离且全时段按遮挡计损仍满足双向预算
T017,巡航,4408.236547314123,4427.761621822325,直连,,1136,PASS,worst_obstruction_endpoint_distance,3.6117486322979744,2610.3655344174194,True,,端点最大距离且全时段按遮挡计损仍满足双向预算
T017,巡航,4427.761621822325,4447.286696330526,直连,,1137,PASS,worst_obstruction_endpoint_distance,4.4167107952732465,2379.3219905663836,True,,端点最大距离且全时段按遮挡计损仍满足双向预算
T017,巡航,4447.286696330526,4466.811770838728,直连,,1138,PASS,worst_obstruction_endpoint_distance,5.301111871503167,2148.983914379498,True,,端点最大距离且全时段按遮挡计损仍满足双向预算
T017,巡航,4466.811770838728,4486.33684534693,直连,,1139,PASS,worst_obstruction_endpoint_distance,6.281536472192059,1919.6052749671428,True,,端点最大距离且全时段按遮挡计损仍满足双向预算
T017,巡航,4486.33684534693,4505.861919855131,直连,,1140,PASS,worst_obstruction_endpoint_distance,7.37994272538333,1691.5764177391372,True,,端点最大距离且全时段按遮挡计损仍满足双向预算
T017,巡航,4505.861919855131,4525.386994363333,直连,,1141,PASS,worst_obstruction_endpoint_distance,8.625895505130202,1465.527536545165,True,,端点最大距离且全时段按遮挡计损仍满足双向预算
T017,巡航,4525.386994363333,4544.912068871535,直连,,1142,PASS,worst_obstruction_endpoint_distance,10.059569536755163,1242.5397223605517,True,,端点最大距离且全时段按遮挡计损仍满足双向预算
T017,巡航,4544.912068871535,4564.437143379737,直连,,1143,PASS,worst_obstruction_endpoint_distance,11.73457387155004,1024.6134787645549,True,,端点最大距离且全时段按遮挡计损仍满足双向预算
T017,巡航,4564.437143379737,4583.962217887938,直连,,1144,PASS,worst_obstruction_endpoint_distance,13.713939458904292,815.815186202598,True,,端点最大距离且全时段按遮挡计损仍满足双向预算
T017,巡航,4583.962217887938,4603.48729239614,直连,,1145,PASS,worst_obstruction_endpoint_distance,16.02323156066899,625.3557972562493,True,,端点最大距离且全时段按遮挡计损仍满足双向预算
T017,巡航,4603.48729239614,4623.012366904342,直连,,1146,PASS,worst_obstruction_endpoint_distance,18.39741098882675,475.7931759032307,True,,端点最大距离且全时段按遮挡计损仍满足双向预算
T017,下降,4623.012366904342,4642.3058841569455,直连,,1147,PASS,worst_obstruction_endpoint_distance,19.603583756332725,414.104138183594,True,,端点最大距离且全时段按遮挡计损仍满足双向预算
T017,下降,4642.3058841569455,4661.59940140955,直连,,1148,PASS,worst_obstruction_endpoint_distance,20.67923096631543,365.87034505208607,True,,端点最大距离且全时段按遮挡计损仍满足双向预算
T017,下降,4661.59940140955,4680.892918662154,直连,,1149,PASS,worst_obstruction_endpoint_distance,21.907165707290872,317.6365519205736,True,,端点最大距离且全时段按遮挡计损仍满足双向预算
T017,下降,4680.892918662154,4700.1864359147585,直连,,1150,PASS,worst_obstruction_endpoint_distance,23.337734390683906,269.4027587890634,True,,端点最大距离且全时段按遮挡计损仍满足双向预算
T017,下降,4700.1864359147585,4719.479953167363,直连,,1151,PASS,worst_obstruction_endpoint_distance,25.05129142823644,221.1689656575532,True,,端点最大距离且全时段按遮挡计损仍满足双向预算
T017,下降,4719.479953167363,4738.7734704199665,直连,,1152,PASS,worst_obstruction_endpoint_distance,27.18810853562924,172.93517252604073,True,,端点最大距离且全时段按遮挡计损仍满足双向预算
T017,下降,4738.7734704199665,4758.0669876725715,直连,,1153,PASS,worst_obstruction_endpoint_distance,30.02835001598521,124.70137939453286,True,,端点最大距离且全时段按遮挡计损仍满足双向预算
T017,下降,4758.0669876725715,4777.3605049251755,直连,,1154,PASS,worst_obstruction_endpoint_distance,34.276227532041716,76.4675862630204,True,,端点最大距离且全时段按遮挡计损仍满足双向预算
T017,下降,4777.3605049251755,4796.65402217778,直连,,1155,PASS,worst_obstruction_endpoint_distance,42.93039059934276,28.233793131510197,True,,端点最大距离且全时段按遮挡计损仍满足双向预算
T018,爬升,3275.0,3294.2136587524415,直连,,1156,PASS,worst_obstruction_endpoint_distance,42.992028277010945,28.034146881103652,True,,端点最大距离且全时段按遮挡计损仍满足双向预算
T018,爬升,3294.2136587524415,3313.427317504883,直连,,1157,PASS,worst_obstruction_endpoint_distance,34.321701665951764,76.0682937622073,True,,端点最大距离且全时段按遮挡计损仍满足双向预算
T018,爬升,3313.427317504883,3332.640976257324,直连,,1158,PASS,worst_obstruction_endpoint_distance,30.07016871427855,124.10244064330982,True,,端点最大距离且全时段按遮挡计损仍满足双向预算
T018,爬升,3332.640976257324,3351.854635009766,直连,,1159,PASS,worst_obstruction_endpoint_distance,27.228311382556498,172.1365875244146,True,,端点最大距离且全时段按遮挡计损仍满足双向预算
T018,爬升,3351.854635009766,3371.068293762207,直连,,1160,PASS,worst_obstruction_endpoint_distance,25.09058334452186,220.17073440551712,True,,端点最大距离且全时段按遮挡计损仍满足双向预算
T018,爬升,3371.068293762207,3390.2819525146483,直连,,1161,PASS,worst_obstruction_endpoint_distance,23.376441612193588,268.2048812866207,True,,端点最大距离且全时段按遮挡计损仍满足双向预算
T018,爬升,3390.2819525146483,3409.4956112670898,直连,,1162,PASS,worst_obstruction_endpoint_distance,21.945465831584343,316.23902816772437,True,,端点最大距离且全时段按遮挡计损仍满足双向预算
T018,爬升,3409.4956112670898,3428.7092700195312,直连,,1163,PASS,worst_obstruction_endpoint_distance,20.717231343301734,364.273175048828,True,,端点最大距离且全时段按遮挡计损仍满足双向预算
T018,巡航,3428.7092700195312,3447.603136667917,直连,,1164,PASS,worst_obstruction_endpoint_distance,18.661672477929415,461.5355244926001,True,,端点最大距离且全时段按遮挡计损仍满足双向预算
T018,巡航,3447.603136667917,3466.4970033163036,直连,,1165,PASS,worst_obstruction_endpoint_distance,15.375452699934556,673.7769091431577,True,,端点最大距离且全时段按遮挡计损仍满足双向预算
T018,巡航,3466.4970033163036,3485.3908699646895,直连,,1166,PASS,worst_obstruction_endpoint_distance,12.623190271631984,924.9734022323017,True,,端点最大距离且全时段按遮挡计损仍满足双向预算
T018,巡航,3485.3908699646895,3504.2847366130754,直连,,1167,PASS,worst_obstruction_endpoint_distance,10.429575041650054,1190.7209811695823,True,,端点最大距离且全时段按遮挡计损仍满足双向预算
T018,巡航,3504.2847366130754,3523.178603261462,直连,,1168,PASS,worst_obstruction_endpoint_distance,8.640222545108585,1463.112197944657,True,,端点最大距离且全时段按遮挡计损仍满足双向预算
T018,巡航,3523.178603261462,3542.072469909848,直连,,1169,PASS,worst_obstruction_endpoint_distance,7.139643736160679,1739.027987459995,True,,端点最大距离且全时段按遮挡计损仍满足双向预算
T018,巡航,3542.072469909848,3560.966336558234,直连,,1170,PASS,worst_obstruction_endpoint_distance,5.851560521092864,2017.0224508369258,True,,端点最大距离且全时段按遮挡计损仍满足双向预算
T018,巡航,3560.966336558234,3579.86020320662,直连,,1171,PASS,worst_obstruction_endpoint_distance,4.725048394892426,2296.340780852931,True,,端点最大距离且全时段按遮挡计损仍满足双向预算
T018,巡航,3579.86020320662,3598.7540698550065,直连,,1172,PASS,worst_obstruction_endpoint_distance,3.7249953747456317,2576.552461149355,True,,端点最大距离且全时段按遮挡计损仍满足双向预算
T018,巡航,3598.7540698550065,3617.6479365033924,直连,,1173,PASS,worst_obstruction_endpoint_distance,2.8263705191290995,2857.394683434026,True,,端点最大距离且全时段按遮挡计损仍满足双向预算
T018,巡航,3617.6479365033924,3636.5418031517784,直连,,1174,PASS,worst_obstruction_endpoint_distance,2.010784013786548,3138.6981946975716,True,,端点最大距离且全时段按遮挡计损仍满足双向预算
T018,巡航,3636.5418031517784,3655.4356698001648,直连,,1175,PASS,worst_obstruction_endpoint_distance,1.2643662606990915,3420.3491819541655,True,,端点最大距离且全时段按遮挡计损仍满足双向预算
T018,巡航,3655.4356698001648,3674.3295364485507,直连,,1176,PASS,worst_obstruction_endpoint_distance,0.5764172950555349,3702.2683430850543,True,,端点最大距离且全时段按遮挡计损仍满足双向预算
T018,巡航,3674.3295364485507,3693.223403096937,中继,R004,1177,PASS,worst_obstruction_endpoint_distance,0.5970868152485878,1851.1193369976415,True,,端点最大距离且全时段按遮挡计损仍满足双向预算
T018,巡航,3693.223403096937,3712.117269745323,中继,R004,1178,PASS,worst_obstruction_endpoint_distance,2.0387268612306,1568.0229513815293,True,,端点最大距离且全时段按遮挡计损仍满足双向预算
T018,巡航,3712.117269745323,3731.0111363937094,中继,R004,1179,PASS,worst_obstruction_endpoint_distance,3.76728039508761,1285.0639442954207,True,,端点最大距离且全时段按遮挡计损仍满足双向预算
T018,下降,3731.0111363937094,3747.358453898592,中继,R004,1180,PASS,worst_obstruction_endpoint_distance,5.925312180250401,1002.3586655558703,True,,端点最大距离且全时段按遮挡计损仍满足双向预算
T018,下降,3747.358453898592,3763.705771403475,中继,R004,1181,PASS,worst_obstruction_endpoint_distance,5.928065501282532,1002.0409804432401,True,,端点最大距离且全时段按遮挡计损仍满足双向预算
T018,下降,3763.705771403475,3780.0530889083575,中继,R004,1182,PASS,worst_obstruction_endpoint_distance,5.915590178121462,1003.4812205513703,True,,端点最大距离且全时段按遮挡计损仍满足双向预算
T018,下降,3780.0530889083575,3796.4004064132405,中继,R004,1183,PASS,worst_obstruction_endpoint_distance,5.8939662993288096,1005.9825405183378,True,,端点最大距离且全时段按遮挡计损仍满足双向预算
T018,下降,3796.4004064132405,3812.7477239181235,中继,R004,1184,PASS,worst_obstruction_endpoint_distance,5.863329893920252,1009.5370532937532,True,,端点最大距离且全时段按遮挡计损仍满足双向预算
T018,投送,3812.7477239181235,3831.9477239181233,中继,R004,1185,PASS,exact_point,15.863329893920252,1009.5370532937532,,,独立计算 DEM 遮挡、自由空间损耗与双向预算
T018,投送,3831.9477239181233,3851.147723918123,中继,R004,1186,PASS,exact_point,15.863329893920252,1009.5370532937532,,,独立计算 DEM 遮挡、自由空间损耗与双向预算
T018,投送,3851.147723918123,3870.347723918123,中继,R004,1187,PASS,exact_point,15.863329893920252,1009.5370532937532,,,独立计算 DEM 遮挡、自由空间损耗与双向预算
T018,投送,3870.347723918123,3889.547723918123,中继,R004,1188,PASS,exact_point,15.863329893920252,1009.5370532937532,,,独立计算 DEM 遮挡、自由空间损耗与双向预算
T018,投送,3889.547723918123,3908.7477239181235,中继,R004,1189,PASS,exact_point,15.863329893920252,1009.5370532937532,,,独立计算 DEM 遮挡、自由空间损耗与双向预算
T018,投送,3908.7477239181235,3927.9477239181233,中继,R004,1190,PASS,exact_point,15.863329893920252,1009.5370532937532,,,独立计算 DEM 遮挡、自由空间损耗与双向预算
T018,投送,3927.9477239181233,3947.147723918123,中继,R004,1191,PASS,exact_point,15.863329893920252,1009.5370532937532,,,独立计算 DEM 遮挡、自由空间损耗与双向预算
T018,投送,3947.147723918123,3966.347723918123,中继,R004,1192,PASS,exact_point,15.863329893920252,1009.5370532937532,,,独立计算 DEM 遮挡、自由空间损耗与双向预算
T018,投送,3966.347723918123,3985.547723918123,中继,R004,1193,PASS,exact_point,15.863329893920252,1009.5370532937532,,,独立计算 DEM 遮挡、自由空间损耗与双向预算
T018,投送,3985.547723918123,4004.7477239181235,中继,R004,1194,PASS,exact_point,15.863329893920252,1009.5370532937532,,,独立计算 DEM 遮挡、自由空间损耗与双向预算
T018,投送,4004.7477239181235,4023.9477239181233,中继,R004,1195,PASS,exact_point,15.863329893920252,1009.5370532937532,,,独立计算 DEM 遮挡、自由空间损耗与双向预算
T018,投送,4023.9477239181233,4043.147723918123,中继,R004,1196,PASS,exact_point,15.863329893920252,1009.5370532937532,,,独立计算 DEM 遮挡、自由空间损耗与双向预算
T018,投送,4043.147723918123,4062.347723918123,中继,R004,1197,PASS,exact_point,15.863329893920252,1009.5370532937532,,,独立计算 DEM 遮挡、自由空间损耗与双向预算
T018,投送,4062.347723918123,4081.547723918123,中继,R004,1198,PASS,exact_point,15.863329893920252,1009.5370532937532,,,独立计算 DEM 遮挡、自由空间损耗与双向预算
T018,投送,4081.547723918123,4100.7477239181235,中继,R004,1199,PASS,exact_point,15.863329893920252,1009.5370532937532,,,独立计算 DEM 遮挡、自由空间损耗与双向预算
T018,爬升,4100.7477239181235,4116.189545207186,中继,R004,1200,PASS,worst_obstruction_endpoint_distance,5.863329893920252,1009.5370532937532,True,,端点最大距离且全时段按遮挡计损仍满足双向预算
T018,爬升,4116.189545207186,4131.631366496248,中继,R004,1201,PASS,worst_obstruction_endpoint_distance,5.898547071718994,1005.4521444023546,True,,端点最大距离且全时段按遮挡计损仍满足双向预算
T018,爬升,4131.631366496248,4147.07318778531,中继,R004,1202,PASS,worst_obstruction_endpoint_distance,5.921161526909046,1002.837768760528,True,,端点最大距离且全时段按遮挡计损仍满足双向预算
T018,爬升,4147.07318778531,4162.515009074374,中继,R004,1203,PASS,worst_obstruction_endpoint_distance,5.927899047790959,1002.0601834063268,True,,端点最大距离且全时段按遮挡计损仍满足双向预算
T018,巡航,4162.515009074374,4181.010109377108,中继,R004,1204,PASS,worst_obstruction_endpoint_distance,5.927899047790959,1002.0601834063268,True,,端点最大距离且全时段按遮挡计损仍满足双向预算
T018,巡航,4181.010109377108,4199.505209679844,中继,R004,1205,PASS,worst_obstruction_endpoint_distance,7.165169740276525,869.0209998383194,True,,端点最大距离且全时段按遮挡计损仍满足双向预算
T018,巡航,4199.505209679844,4218.000309982579,中继,R004,1206,PASS,worst_obstruction_endpoint_distance,7.377664474086842,848.0189058471863,True,,端点最大距离且全时段按遮挡计损仍满足双向预算
T018,巡航,4218.000309982579,4236.4954102853135,中继,R004,1207,PASS,worst_obstruction_endpoint_distance,6.251607914606183,965.4023742444673,True,,端点最大距离且全时段按遮挡计损仍满足双向预算
T018,巡航,4236.4954102853135,4254.990510588049,中继,R004,1208,PASS,worst_obstruction_endpoint_distance,4.81035786826348,1139.648346887648,True,,端点最大距离且全时段按遮挡计损仍满足双向预算
T018,巡航,4254.990510588049,4273.485610890784,中继,R004,1209,PASS,worst_obstruction_endpoint_distance,3.346192756643319,1348.8980301616152,True,,端点最大距离且全时段按遮挡计损仍满足双向预算
T018,巡航,4273.485610890784,4291.98071119352,中继,R004,1210,PASS,worst_obstruction_endpoint_distance,1.9764896359674538,1579.298694936352,True,,端点最大距离且全时段按遮挡计损仍满足双向预算
T018,巡航,4291.98071119352,4310.475811496255,中继,R004,1211,PASS,worst_obstruction_endpoint_distance,0.7307674299904647,1822.8477091422324,True,,端点最大距离且全时段按遮挡计损仍满足双向预算
T018,下降,4310.475811496255,4324.684917941568,中继,R004,1212,PASS,worst_obstruction_endpoint_distance,0.7307674299904647,1822.8477091422324,True,,端点最大距离且全时段按遮挡计损仍满足双向预算
T018,投送,4324.684917941568,4343.884917941567,中继,R004,1213,PASS,exact_point,0.7318298297417414,1822.6247642738538,,,独立计算 DEM 遮挡、自由空间损耗与双向预算
T018,投送,4343.884917941567,4363.084917941567,中继,R004,1214,PASS,exact_point,0.7318298297417414,1822.6247642738538,,,独立计算 DEM 遮挡、自由空间损耗与双向预算
T018,投送,4363.084917941567,4382.284917941567,中继,R004,1215,PASS,exact_point,0.7318298297417414,1822.6247642738538,,,独立计算 DEM 遮挡、自由空间损耗与双向预算
T018,投送,4382.284917941567,4401.484917941567,中继,R004,1216,PASS,exact_point,0.7318298297417414,1822.6247642738538,,,独立计算 DEM 遮挡、自由空间损耗与双向预算
T018,投送,4401.484917941567,4420.684917941568,中继,R004,1217,PASS,exact_point,0.7318298297417414,1822.6247642738538,,,独立计算 DEM 遮挡、自由空间损耗与双向预算
T018,投送,4420.684917941568,4439.884917941567,中继,R004,1218,PASS,exact_point,0.7318298297417414,1822.6247642738538,,,独立计算 DEM 遮挡、自由空间损耗与双向预算
T018,投送,4439.884917941567,4459.084917941567,中继,R004,1219,PASS,exact_point,0.7318298297417414,1822.6247642738538,,,独立计算 DEM 遮挡、自由空间损耗与双向预算
T018,投送,4459.084917941567,4478.284917941567,中继,R004,1220,PASS,exact_point,0.7318298297417414,1822.6247642738538,,,独立计算 DEM 遮挡、自由空间损耗与双向预算
T018,投送,4478.284917941567,4497.484917941567,中继,R004,1221,PASS,exact_point,0.7318298297417414,1822.6247642738538,,,独立计算 DEM 遮挡、自由空间损耗与双向预算
T018,投送,4497.484917941567,4516.684917941568,中继,R004,1222,PASS,exact_point,0.7318298297417414,1822.6247642738538,,,独立计算 DEM 遮挡、自由空间损耗与双向预算
T018,投送,4516.684917941568,4535.884917941567,中继,R004,1223,PASS,exact_point,0.7318298297417414,1822.6247642738538,,,独立计算 DEM 遮挡、自由空间损耗与双向预算
T018,投送,4535.884917941567,4555.084917941567,中继,R004,1224,PASS,exact_point,0.7318298297417414,1822.6247642738538,,,独立计算 DEM 遮挡、自由空间损耗与双向预算
T018,投送,4555.084917941567,4574.284917941567,中继,R004,1225,PASS,exact_point,0.7318298297417414,1822.6247642738538,,,独立计算 DEM 遮挡、自由空间损耗与双向预算
T018,投送,4574.284917941567,4593.484917941567,中继,R004,1226,PASS,exact_point,0.7318298297417414,1822.6247642738538,,,独立计算 DEM 遮挡、自由空间损耗与双向预算
T018,投送,4593.484917941567,4612.684917941568,中继,R004,1227,PASS,exact_point,0.7318298297417414,1822.6247642738538,,,独立计算 DEM 遮挡、自由空间损耗与双向预算
T018,爬升,4612.684917941568,4632.144769015786,中继,R004,1228,PASS,worst_obstruction_endpoint_distance,0.7287252227213372,1823.2763434744863,True,,端点最大距离且全时段按遮挡计损仍满足双向预算
T018,爬升,4632.144769015786,4651.604620090005,中继,R004,1229,PASS,worst_obstruction_endpoint_distance,0.7194476577621458,1825.2248602709064,True,,端点最大距离且全时段按遮挡计损仍满足双向预算
T018,巡航,4651.604620090005,4670.682310791831,中继,R004,1230,PASS,worst_obstruction_endpoint_distance,0.7194476577621458,1825.2248602709064,True,,端点最大距离且全时段按遮挡计损仍满足双向预算
T018,巡航,4670.682310791831,4689.760001493657,中继,R004,1231,PASS,worst_obstruction_endpoint_distance,1.183454725095828,1730.2785424355745,True,,端点最大距离且全时段按遮挡计损仍满足双向预算
T018,巡航,4689.760001493657,4708.837692195483,中继,R004,1232,PASS,worst_obstruction_endpoint_distance,1.4431868980968119,1679.304351630539,True,,端点最大距离且全时段按遮挡计损仍满足双向预算
T018,巡航,4708.837692195483,4727.915382897309,中继,R004,1233,PASS,worst_obstruction_endpoint_distance,1.227278420368691,1721.5705994196408,True,,端点最大距离且全时段按遮挡计损仍满足双向预算
T018,巡航,4727.915382897309,4746.993073599136,中继,R004,1234,PASS,worst_obstruction_endpoint_distance,0.7852518787784533,1811.4492212518917,True,,端点最大距离且全时段按遮挡计损仍满足双向预算
T018,巡航,4746.993073599136,4766.070764300962,中继,R004,1235,PASS,worst_obstruction_endpoint_distance,0.19081101792561128,1939.760928747007,True,,端点最大距离且全时段按遮挡计损仍满足双向预算
T018,巡航,4766.070764300962,4785.148455002788,中继,R005,1236,PASS,worst_obstruction_endpoint_distance,0.20289480643654656,1937.0642143332168,True,,端点最大距离且全时段按遮挡计损仍满足双向预算
T018,巡航,4785.148455002788,4804.226145704614,中继,R005,1237,PASS,worst_obstruction_endpoint_distance,1.4478904620044801,1678.3952245974033,True,,端点最大距离且全时段按遮挡计损仍满足双向预算
T018,巡航,4804.226145704614,4823.3038364064405,直连,,1238,PASS,worst_obstruction_endpoint_distance,0.4784889884004002,3744.2454341324783,True,,端点最大距离且全时段按遮挡计损仍满足双向预算
T018,巡航,4823.3038364064405,4842.381527108267,直连,,1239,PASS,worst_obstruction_endpoint_distance,1.1640687134028127,3460.0734864853043,True,,端点最大距离且全时段按遮挡计损仍满足双向预算
T018,巡航,4842.381527108267,4861.459217810092,直连,,1240,PASS,worst_obstruction_endpoint_distance,1.907455621920647,3176.25950134185,True,,端点最大距离且全时段按遮挡计损仍满足双向预算
T018,巡航,4861.459217810092,4880.536908511918,直连,,1241,PASS,worst_obstruction_endpoint_distance,2.719080205408204,2892.908836272585,True,,端点最大距离且全时段按遮挡计损仍满足双向预算
T018,巡航,4880.536908511918,4899.614599213744,直连,,1242,PASS,worst_obstruction_endpoint_distance,3.6123913546315833,2610.172384581751,True,,端点最大距离且全时段按遮挡计损仍满足双向预算
T018,巡航,4899.614599213744,4918.692289915571,直连,,1243,PASS,worst_obstruction_endpoint_distance,4.6050936964493445,2328.273920013661,True,,端点最大距离且全时段按遮挡计损仍满足双向预算
T018,巡航,4918.692289915571,4937.769980617397,直连,,1244,PASS,worst_obstruction_endpoint_distance,5.721044201132514,2047.5595823149097,True,,端点最大距离且全时段按遮挡计损仍满足双向预算
T018,巡航,4937.769980617397,4956.847671319223,直连,,1245,PASS,worst_obstruction_endpoint_distance,6.993215648778175,1768.5933016874653,True,,端点最大距离且全时段按遮挡计损仍满足双向预算
T018,巡航,4956.847671319223,4975.925362021049,直连,,1246,PASS,worst_obstruction_endpoint_distance,8.468328226484786,1492.3556940457386,True,,端点最大距离且全时段按遮挡计损仍满足双向预算
T018,巡航,4975.925362021049,4995.0030527228755,直连,,1247,PASS,worst_obstruction_endpoint_distance,10.213591886626759,1220.7006166374656,True,,端点最大距离且全时段按遮挡计损仍满足双向预算
T018,巡航,4995.0030527228755,5014.080743424702,直连,,1248,PASS,worst_obstruction_endpoint_distance,12.322670535858677,957.5362658919046,True,,端点最大距离且全时段按遮挡计损仍满足双向预算
T018,巡航,5014.080743424702,5033.158434126528,直连,,1249,PASS,worst_obstruction_endpoint_distance,14.892076823385764,712.3360391482996,True,,端点最大距离且全时段按遮挡计损仍满足双向预算
T018,巡航,5033.158434126528,5052.236124828354,直连,,1250,PASS,worst_obstruction_endpoint_distance,17.766895121913237,511.6158636829078,True,,端点最大距离且全时段按遮挡计损仍满足双向预算
T018,下降,5052.236124828354,5070.740260468817,直连,,1251,PASS,worst_obstruction_endpoint_distance,19.396424967151802,424.099255371094,True,,端点最大距离且全时段按遮挡计损仍满足双向预算
T018,下降,5070.740260468817,5089.2443961092795,直连,,1252,PASS,worst_obstruction_endpoint_distance,20.189514043986463,387.0909840901688,True,,端点最大距离且全时段按遮挡计损仍满足双向预算
T018,下降,5089.2443961092795,5107.748531749741,直连,,1253,PASS,worst_obstruction_endpoint_distance,21.062361851747852,350.08271280924345,True,,端点最大距离且全时段按遮挡计损仍满足双向预算
T018,下降,5107.748531749741,5126.252667390203,直连,,1254,PASS,worst_obstruction_endpoint_distance,22.032822874833982,313.07444152832005,True,,端点最大距离且全时段按遮挡计损仍满足双向预算
T018,下降,5126.252667390203,5144.756803030666,直连,,1255,PASS,worst_obstruction_endpoint_distance,23.12551135569487,276.0661702473966,True,,端点最大距离且全时段按遮挡计损仍满足双向预算
T018,下降,5144.756803030666,5163.260938671128,直连,,1256,PASS,worst_obstruction_endpoint_distance,24.37571320066607,239.05789896647133,True,,端点最大距离且全时段按遮挡计损仍满足双向预算
T018,下降,5163.260938671128,5181.76507431159,直连,,1257,PASS,worst_obstruction_endpoint_distance,25.836614075565677,202.0496276855461,True,,端点最大距离且全时段按遮挡计损仍满足双向预算
T018,下降,5181.76507431159,5200.269209952053,直连,,1258,PASS,worst_obstruction_endpoint_distance,27.59391948054474,165.0413564046226,True,,端点最大距离且全时段按遮挡计损仍满足双向预算
T018,下降,5200.269209952053,5218.773345592515,直连,,1259,PASS,worst_obstruction_endpoint_distance,29.799330955625607,128.0330851236974,True,,端点最大距离且全时段按遮挡计损仍满足双向预算
T018,下降,5218.773345592515,5237.277481232977,直连,,1260,PASS,worst_obstruction_endpoint_distance,32.7625791773702,91.02481384277212,True,,端点最大距离且全时段按遮挡计损仍满足双向预算
T018,下降,5237.277481232977,5255.781616873439,直连,,1261,PASS,worst_obstruction_endpoint_distance,37.29523950889636,54.01654256184867,True,,端点最大距离且全时段按遮挡计损仍满足双向预算
T018,下降,5255.781616873439,5274.285752513902,直连,,1262,PASS,worst_obstruction_endpoint_distance,45.92517525248826,20.0,True,,端点最大距离且全时段按遮挡计损仍满足双向预算
T019,爬升,4279.0,4297.629083930122,直连,,1263,PASS,worst_obstruction_endpoint_distance,40.846971130325116,35.88725179036558,True,,端点最大距离且全时段按遮挡计损仍满足双向预算
T019,爬升,4297.629083930122,4316.258167860243,直连,,1264,PASS,worst_obstruction_endpoint_distance,32.69133428513673,91.77450358072844,True,,端点最大距离且全时段按遮挡计损仍满足双向预算
T019,爬升,4316.258167860243,4334.887251790365,直连,,1265,PASS,worst_obstruction_endpoint_distance,28.560414627442924,147.661755371094,True,,端点最大距离且全时段按遮挡计损仍满足双向预算
T019,巡航,4334.887251790365,4354.387932809506,直连,,1266,PASS,worst_obstruction_endpoint_distance,23.105539305523138,276.701678111109,True,,端点最大距离且全时段按遮挡计损仍满足双向预算
T019,巡航,4354.387932809506,4373.888613828649,直连,,1267,PASS,worst_obstruction_endpoint_distance,18.12842960559327,490.7578758212867,True,,端点最大距离且全时段按遮挡计损仍满足双向预算
T019,巡航,4373.888613828649,4393.389294847791,直连,,1268,PASS,worst_obstruction_endpoint_distance,14.83071939347792,717.3858209025456,True,,端点最大距离且全时段按遮挡计损仍满足双向预算
T019,巡航,4393.389294847791,4412.889975866932,直连,,1269,PASS,worst_obstruction_endpoint_distance,12.413199503853406,947.608140912613,True,,端点最大距离且全时段按遮挡计损仍满足双向预算
T019,巡航,4412.889975866932,4432.390656886075,直连,,1270,PASS,worst_obstruction_endpoint_distance,10.513129561117665,1179.3216739957807,True,,端点最大距离且全时段按遮挡计损仍满足双向预算
T019,巡航,4432.390656886075,4451.8913379052165,直连,,1271,PASS,worst_obstruction_endpoint_distance,8.950358587344866,1411.7923650909095,True,,端点最大距离且全时段按遮挡计损仍满足双向预算
T019,巡航,4451.8913379052165,4471.392018924358,直连,,1272,PASS,worst_obstruction_endpoint_distance,7.624045631567441,1644.6991830859633,True,,端点最大距离且全时段按遮挡计损仍满足双向预算
T019,巡航,4471.392018924358,4490.8926999435,直连,,1273,PASS,worst_obstruction_endpoint_distance,6.472419076072541,1877.8798611459722,True,,端点最大距离且全时段按遮挡计损仍满足双向预算
T019,巡航,4490.8926999435,4510.393380962642,直连,,1274,PASS,worst_obstruction_endpoint_distance,5.455007997216299,2111.243660095155,True,,端点最大距离且全时段按遮挡计损仍满足双向预算
T019,巡航,4510.393380962642,4529.894061981784,直连,,1275,PASS,worst_obstruction_endpoint_distance,4.543896491302121,2344.735904324178,True,,端点最大距离且全时段按遮挡计损仍满足双向预算
T019,巡航,4529.894061981784,4549.394743000926,直连,,1276,PASS,worst_obstruction_endpoint_distance,3.7190330961793165,2578.321698140954,True,,端点最大距离且全时段按遮挡计损仍满足双向预算
T019,巡航,4549.394743000926,4568.895424020068,直连,,1277,PASS,worst_obstruction_endpoint_distance,2.9655376322348275,2811.977728667235,True,,端点最大距离且全时段按遮挡计损仍满足双向预算
T019,下降,4568.895424020068,4585.547775094286,直连,,1278,PASS,worst_obstruction_endpoint_distance,2.9655376322348275,2811.977728667235,True,,端点最大距离且全时段按遮挡计损仍满足双向预算
T019,下降,4585.547775094286,4602.200126168505,直连,,1279,PASS,worst_obstruction_endpoint_distance,2.9713422573941983,2810.099161870278,True,,端点最大距离且全时段按遮挡计损仍满足双向预算
T019,投送,4602.200126168505,4622.200126168505,直连,,1280,PASS,exact_point,2.9752461696598544,2808.8364339208633,,,独立计算 DEM 遮挡、自由空间损耗与双向预算
T019,投送,4622.200126168505,4642.200126168505,直连,,1281,PASS,exact_point,2.9752461696598544,2808.8364339208633,,,独立计算 DEM 遮挡、自由空间损耗与双向预算
T019,投送,4642.200126168505,4662.200126168505,直连,,1282,PASS,exact_point,2.9752461696598544,2808.8364339208633,,,独立计算 DEM 遮挡、自由空间损耗与双向预算
T019,投送,4662.200126168505,4682.200126168505,直连,,1283,PASS,exact_point,2.9752461696598544,2808.8364339208633,,,独立计算 DEM 遮挡、自由空间损耗与双向预算
T019,投送,4682.200126168505,4702.200126168505,直连,,1284,PASS,exact_point,2.9752461696598544,2808.8364339208633,,,独立计算 DEM 遮挡、自由空间损耗与双向预算
T019,投送,4702.200126168505,4722.200126168505,直连,,1285,PASS,exact_point,2.9752461696598544,2808.8364339208633,,,独立计算 DEM 遮挡、自由空间损耗与双向预算
T019,投送,4722.200126168505,4742.200126168505,直连,,1286,PASS,exact_point,2.9752461696598544,2808.8364339208633,,,独立计算 DEM 遮挡、自由空间损耗与双向预算
T019,投送,4742.200126168505,4762.200126168505,直连,,1287,PASS,exact_point,2.9752461696598544,2808.8364339208633,,,独立计算 DEM 遮挡、自由空间损耗与双向预算
T019,投送,4762.200126168505,4782.200126168505,直连,,1288,PASS,exact_point,2.9752461696598544,2808.8364339208633,,,独立计算 DEM 遮挡、自由空间损耗与双向预算
T019,爬升,4782.200126168505,4796.077085397021,直连,,1289,PASS,worst_obstruction_endpoint_distance,2.9713422573941983,2810.099161870278,True,,端点最大距离且全时段按遮挡计损仍满足双向预算
T019,爬升,4796.077085397021,4809.954044625537,直连,,1290,PASS,worst_obstruction_endpoint_distance,2.9655376322348275,2811.977728667235,True,,端点最大距离且全时段按遮挡计损仍满足双向预算
T019,巡航,4809.954044625537,4829.454725644679,直连,,1291,PASS,worst_obstruction_endpoint_distance,2.9655376322348275,2811.977728667235,True,,端点最大距离且全时段按遮挡计损仍满足双向预算
T019,巡航,4829.454725644679,4848.955406663821,直连,,1292,PASS,worst_obstruction_endpoint_distance,3.7190330961792313,2578.3216981409755,True,,端点最大距离且全时段按遮挡计损仍满足双向预算
T019,巡航,4848.955406663821,4868.456087682963,直连,,1293,PASS,worst_obstruction_endpoint_distance,4.543896491302121,2344.735904324178,True,,端点最大距离且全时段按遮挡计损仍满足双向预算
T019,巡航,4868.456087682963,4887.9567687021045,直连,,1294,PASS,worst_obstruction_endpoint_distance,5.455007997216299,2111.243660095155,True,,端点最大距离且全时段按遮挡计损仍满足双向预算
T019,巡航,4887.9567687021045,4907.457449721246,直连,,1295,PASS,worst_obstruction_endpoint_distance,6.472419076072541,1877.8798611459722,True,,端点最大距离且全时段按遮挡计损仍满足双向预算
T019,巡航,4907.457449721246,4926.958130740389,直连,,1296,PASS,worst_obstruction_endpoint_distance,7.624045631567327,1644.699183085985,True,,端点最大距离且全时段按遮挡计损仍满足双向预算
T019,巡航,4926.958130740389,4946.45881175953,直连,,1297,PASS,worst_obstruction_endpoint_distance,8.950358587344866,1411.7923650909095,True,,端点最大距离且全时段按遮挡计损仍满足双向预算
T019,巡航,4946.45881175953,4965.959492778672,直连,,1298,PASS,worst_obstruction_endpoint_distance,10.513129561117822,1179.3216739957593,True,,端点最大距离且全时段按遮挡计损仍满足双向预算
T019,巡航,4965.959492778672,4985.460173797814,直连,,1299,PASS,worst_obstruction_endpoint_distance,12.413199503853406,947.608140912613,True,,端点最大距离且全时段按遮挡计损仍满足双向预算
T019,巡航,4985.460173797814,5004.960854816956,直连,,1300,PASS,worst_obstruction_endpoint_distance,14.83071939347792,717.3858209025456,True,,端点最大距离且全时段按遮挡计损仍满足双向预算
T019,巡航,5004.960854816956,5024.461535836098,直连,,1301,PASS,worst_obstruction_endpoint_distance,18.12842960560056,490.75787582087463,True,,端点最大距离且全时段按遮挡计损仍满足双向预算
T019,巡航,5024.461535836098,5043.96221685524,直连,,1302,PASS,worst_obstruction_endpoint_distance,23.105539305523138,276.701678111109,True,,端点最大距离且全时段按遮挡计损仍满足双向预算
T019,下降,5043.96221685524,5060.72839239235,直连,,1303,PASS,worst_obstruction_endpoint_distance,28.560414627442924,147.661755371094,True,,端点最大距离且全时段按遮挡计损仍满足双向预算
T019,下降,5060.72839239235,5077.494567929459,直连,,1304,PASS,worst_obstruction_endpoint_distance,31.460470195991547,105.74631652831937,True,,端点最大距离且全时段按遮挡计损仍满足双向预算
T019,下降,5077.494567929459,5094.260743466568,直连,,1305,PASS,worst_obstruction_endpoint_distance,35.845158843874174,63.830877685546994,True,,端点最大距离且全时段按遮挡计损仍满足双向预算
T019,下降,5094.260743466568,5111.026919003678,直连,,1306,PASS,worst_obstruction_endpoint_distance,45.130771734791296,21.91543884277462,True,,端点最大距离且全时段按遮挡计损仍满足双向预算
T020,爬升,5674.0,5692.035944417317,直连,,1307,PASS,worst_obstruction_endpoint_distance,43.955810044934495,25.08986104329321,True,,端点最大距离且全时段按遮挡计损仍满足双向预算
T020,爬升,5692.035944417317,5710.0718888346355,直连,,1308,PASS,worst_obstruction_endpoint_distance,35.021542284446866,70.1797220865887,True,,端点最大距离且全时段按遮挡计损仍满足双向预算
T020,爬升,5710.0718888346355,5728.107833251954,直连,,1309,PASS,worst_obstruction_endpoint_distance,30.71148071485733,115.26958312988415,True,,端点最大距离且全时段按遮挡计损仍满足双向预算
T020,爬升,5728.107833251954,5746.143777669271,直连,,1310,PASS,worst_obstruction_endpoint_distance,27.843884320576393,160.35944417317734,True,,端点最大距离且全时段按遮挡计损仍满足双向预算
T020,爬升,5746.143777669271,5764.179722086588,直连,,1311,PASS,worst_obstruction_endpoint_distance,25.691681627493523,205.44930521647058,True,,端点最大距离且全时段按遮挡计损仍满足双向预算
T020,爬升,5764.179722086588,5782.2156665039065,直连,,1312,PASS,worst_obstruction_endpoint_distance,23.968262608738172,250.53916625976603,True,,端点最大距离且全时段按遮挡计损仍满足双向预算
T020,巡航,5782.2156665039065,5801.99702356786,直连,,1313,PASS,worst_obstruction_endpoint_distance,20.16139188232583,388.3462932369524,True,,端点最大距离且全时段按遮挡计损仍满足双向预算
T020,巡航,5801.99702356786,5821.778380631814,直连,,1314,PASS,worst_obstruction_endpoint_distance,15.765903798404153,644.1597258386764,True,,端点最大距离且全时段按遮挡计损仍满足双向预算
T020,巡航,5821.778380631814,5841.559737695768,直连,,1315,PASS,worst_obstruction_endpoint_distance,12.62531864366639,924.7467764723526,True,,端点最大距离且全时段按遮挡计损仍满足双向预算
T020,巡航,5841.559737695768,5861.34109475972,直连,,1316,PASS,worst_obstruction_endpoint_distance,10.268298266887285,1213.0364331213775,True,,端点最大距离且全时段按遮挡计损仍满足双向预算
T020,巡航,5861.34109475972,5881.122451823674,直连,,1317,PASS,worst_obstruction_endpoint_distance,8.39730997944396,1504.6076282027716,True,,端点最大距离且全时段按遮挡计损仍满足双向预算
T020,巡航,5881.122451823674,5900.903808887628,直连,,1318,PASS,worst_obstruction_endpoint_distance,6.850635996686719,1797.864505710022,True,,端点最大距离且全时段按遮挡计损仍满足双向预算
T020,巡航,5900.903808887628,5920.685165951581,直连,,1319,PASS,worst_obstruction_endpoint_distance,5.5341333456205035,2092.098321356043,True,,端点最大距离且全时段按遮挡计损仍满足双向预算
T020,巡航,5920.685165951581,5940.466523015535,直连,,1320,PASS,worst_obstruction_endpoint_distance,4.388916634906977,2386.947827420809,True,,端点最大距离且全时段按遮挡计损仍满足双向预算
T020,巡航,5940.466523015535,5960.247880079489,直连,,1321,PASS,worst_obstruction_endpoint_distance,3.375919660747627,2682.209987066719,True,,端点最大距离且全时段按遮挡计损仍满足双向预算
T020,巡航,5960.247880079489,5980.0292371434425,直连,,1322,PASS,worst_obstruction_endpoint_distance,2.4679753448875914,2977.7620519260295,True,,端点最大距离且全时段按遮挡计损仍满足双向预算
T020,巡航,5980.0292371434425,5999.810594207396,直连,,1323,PASS,worst_obstruction_endpoint_distance,1.645460598805812,3273.5255001824776,True,,端点最大距离且全时段按遮挡计损仍满足双向预算
T020,巡航,5999.810594207396,6019.59195127135,直连,,1324,PASS,worst_obstruction_endpoint_distance,0.8937544946891762,3569.447786713983,True,,端点最大距离且全时段按遮挡计损仍满足双向预算
T020,巡航,6019.59195127135,6039.373308335304,直连,,1325,PASS,worst_obstruction_endpoint_distance,0.20167861880452165,3865.492432161046,True,,端点最大距离且全时段按遮挡计损仍满足双向预算
T020,巡航,6039.373308335304,6059.154665399257,中继,R006,1326,PASS,worst_obstruction_endpoint_distance,8.915498169436432,710.4178251369547,True,,端点最大距离且全时段按遮挡计损仍满足双向预算
T020,巡航,6059.154665399257,6078.936022463211,中继,R006,1327,PASS,worst_obstruction_endpoint_distance,5.919360757851777,1003.0456998430258,True,,端点最大距离且全时段按遮挡计损仍满足双向预算
T020,巡航,6078.936022463211,6098.717379527165,中继,R006,1328,PASS,worst_obstruction_endpoint_distance,3.683401975513803,1297.533739429142,True,,端点最大距离且全时段按遮挡计损仍满足双向预算
T020,巡航,6098.717379527165,6118.498736591117,中继,R006,1329,PASS,worst_obstruction_endpoint_distance,1.9022745718798433,1592.850549555853,True,,端点最大距离且全时段按遮挡计损仍满足双向预算
T020,巡航,6118.498736591117,6138.280093655071,中继,R007,1330,PASS,worst_obstruction_endpoint_distance,0.4054463408422606,1892.4152591509098,True,,端点最大距离且全时段按遮挡计损仍满足双向预算
T020,巡航,6138.280093655071,6158.061450719025,中继,R007,1331,PASS,worst_obstruction_endpoint_distance,1.3127262354054778,1704.7176061191228,True,,端点最大距离且全时段按遮挡计损仍满足双向预算
T020,巡航,6158.061450719025,6177.8428077829785,中继,R007,1332,PASS,worst_obstruction_endpoint_distance,2.1310599851746446,1551.4427670527323,True,,端点最大距离且全时段按遮挡计损仍满足双向预算
T020,巡航,6177.8428077829785,6197.624164846932,中继,R007,1333,PASS,worst_obstruction_endpoint_distance,2.7568539914342693,1443.597292027193,True,,端点最大距离且全时段按遮挡计损仍满足双向预算
T020,巡航,6197.624164846932,6217.405521910886,中继,R007,1334,PASS,worst_obstruction_endpoint_distance,3.009436570846745,1402.2224943312915,True,,端点最大距离且全时段按遮挡计损仍满足双向预算
T020,巡航,6217.405521910886,6237.18687897484,中继,R007,1335,PASS,worst_obstruction_endpoint_distance,2.5782083813780474,1473.5956784547577,True,,端点最大距离且全时段按遮挡计损仍满足双向预算
T020,巡航,6237.18687897484,6256.968236038793,中继,R007,1336,PASS,worst_obstruction_endpoint_distance,1.8755622343822864,1597.756696995542,True,,端点最大距离且全时段按遮挡计损仍满足双向预算
T020,巡航,6256.968236038793,6276.749593102746,中继,R007,1337,PASS,worst_obstruction_endpoint_distance,1.017815697403691,1763.5914042963925,True,,端点最大距离且全时段按遮挡计损仍满足双向预算
T020,巡航,6276.749593102746,6296.5309501667,中继,R007,1338,PASS,worst_obstruction_endpoint_distance,0.09820263924140704,1960.5531768111305,True,,端点最大距离且全时段按遮挡计损仍满足双向预算
T020,下降,6296.5309501667,6313.524866792677,中继,R007,1339,PASS,worst_obstruction_endpoint_distance,0.09089597645279923,1962.2031088782874,True,,端点最大距离且全时段按遮挡计损仍满足双向预算
T020,下降,6313.524866792677,6330.518783418654,中继,R007,1340,PASS,worst_obstruction_endpoint_distance,0.08100074457328788,1964.439784645317,True,,端点最大距离且全时段按遮挡计损仍满足双向预算
T020,下降,6330.518783418654,6347.51270004463,中继,R007,1341,PASS,worst_obstruction_endpoint_distance,0.06853462307819314,1967.2612028201515,True,,端点最大距离且全时段按遮挡计损仍满足双向预算
T020,下降,6347.51270004463,6364.5066166706065,中继,R007,1342,PASS,worst_obstruction_endpoint_distance,0.05351975134392717,1970.6648518618697,True,,端点最大距离且全时段按遮挡计损仍满足双向预算
T020,下降,6364.5066166706065,6381.500533296583,中继,R007,1343,PASS,worst_obstruction_endpoint_distance,0.035982598952486455,1974.647721044051,True,,端点最大距离且全时段按遮挡计损仍满足双向预算
T020,投送,6381.500533296583,6401.300533296583,中继,R007,1344,PASS,exact_point,0.035982598952486455,1974.647721044051,,,独立计算 DEM 遮挡、自由空间损耗与双向预算
T020,投送,6401.300533296583,6421.100533296583,中继,R007,1345,PASS,exact_point,0.035982598952486455,1974.647721044051,,,独立计算 DEM 遮挡、自由空间损耗与双向预算
T020,投送,6421.100533296583,6440.9005332965835,中继,R007,1346,PASS,exact_point,0.035982598952486455,1974.647721044051,,,独立计算 DEM 遮挡、自由空间损耗与双向预算
T020,投送,6440.9005332965835,6460.700533296584,中继,R007,1347,PASS,exact_point,0.035982598952486455,1974.647721044051,,,独立计算 DEM 遮挡、自由空间损耗与双向预算
T020,投送,6460.700533296584,6480.500533296583,中继,R007,1348,PASS,exact_point,0.035982598952486455,1974.647721044051,,,独立计算 DEM 遮挡、自由空间损耗与双向预算
T020,投送,6480.500533296583,6500.300533296583,中继,R007,1349,PASS,exact_point,0.035982598952486455,1974.647721044051,,,独立计算 DEM 遮挡、自由空间损耗与双向预算
T020,投送,6500.300533296583,6520.100533296583,中继,R007,1350,PASS,exact_point,0.035982598952486455,1974.647721044051,,,独立计算 DEM 遮挡、自由空间损耗与双向预算
T020,投送,6520.100533296583,6539.9005332965835,中继,R007,1351,PASS,exact_point,0.035982598952486455,1974.647721044051,,,独立计算 DEM 遮挡、自由空间损耗与双向预算
T020,投送,6539.9005332965835,6559.700533296584,中继,R007,1352,PASS,exact_point,0.035982598952486455,1974.647721044051,,,独立计算 DEM 遮挡、自由空间损耗与双向预算
T020,投送,6559.700533296584,6579.500533296583,中继,R007,1353,PASS,exact_point,0.035982598952486455,1974.647721044051,,,独立计算 DEM 遮挡、自由空间损耗与双向预算
T020,投送,6579.500533296583,6599.300533296583,中继,R007,1354,PASS,exact_point,0.035982598952486455,1974.647721044051,,,独立计算 DEM 遮挡、自由空间损耗与双向预算
T020,投送,6599.300533296583,6619.100533296583,中继,R007,1355,PASS,exact_point,0.035982598952486455,1974.647721044051,,,独立计算 DEM 遮挡、自由空间损耗与双向预算
T020,投送,6619.100533296583,6638.9005332965835,中继,R007,1356,PASS,exact_point,0.035982598952486455,1974.647721044051,,,独立计算 DEM 遮挡、自由空间损耗与双向预算
T020,投送,6638.9005332965835,6658.700533296584,中继,R007,1357,PASS,exact_point,0.035982598952486455,1974.647721044051,,,独立计算 DEM 遮挡、自由空间损耗与双向预算
T020,投送,6658.700533296584,6678.500533296583,中继,R007,1358,PASS,exact_point,0.035982598952486455,1974.647721044051,,,独立计算 DEM 遮挡、自由空间损耗与双向预算
T020,投送,6678.500533296583,6698.300533296583,中继,R007,1359,PASS,exact_point,0.035982598952486455,1974.647721044051,,,独立计算 DEM 遮挡、自由空间损耗与双向预算
T020,投送,6698.300533296583,6718.100533296583,中继,R007,1360,PASS,exact_point,0.035982598952486455,1974.647721044051,,,独立计算 DEM 遮挡、自由空间损耗与双向预算
T020,投送,6718.100533296583,6737.9005332965835,中继,R007,1361,PASS,exact_point,0.035982598952486455,1974.647721044051,,,独立计算 DEM 遮挡、自由空间损耗与双向预算
T020,投送,6737.9005332965835,6757.700533296584,中继,R007,1362,PASS,exact_point,0.035982598952486455,1974.647721044051,,,独立计算 DEM 遮挡、自由空间损耗与双向预算
T020,投送,6757.700533296584,6777.500533296583,中继,R007,1363,PASS,exact_point,0.035982598952486455,1974.647721044051,,,独立计算 DEM 遮挡、自由空间损耗与双向预算
T020,爬升,6777.500533296583,6794.49444992256,中继,R007,1364,PASS,worst_obstruction_endpoint_distance,0.035982598952486455,1974.647721044051,True,,端点最大距离且全时段按遮挡计损仍满足双向预算
T020,爬升,6794.49444992256,6811.488366548537,中继,R007,1365,PASS,worst_obstruction_endpoint_distance,0.05751103969893734,1969.7595116920877,True,,端点最大距离且全时段按遮挡计损仍满足双向预算
T020,爬升,6811.488366548537,6828.482283174513,中继,R007,1366,PASS,worst_obstruction_endpoint_distance,0.07508776444491616,1965.777546063408,True,,端点最大距离且全时段按遮挡计损仍满足双向预算
T020,爬升,6828.482283174513,6845.47619980049,中继,R007,1367,PASS,worst_obstruction_endpoint_distance,0.08866423352374397,1962.7073399621577,True,,端点最大距离且全时段按遮挡计损仍满足双向预算
T020,巡航,6845.47619980049,6865.257556864443,中继,R007,1368,PASS,worst_obstruction_endpoint_distance,0.09820263924140704,1960.5531768111305,True,,端点最大距离且全时段按遮挡计损仍满足双向预算
T020,巡航,6865.257556864443,6885.038913928397,中继,R007,1369,PASS,worst_obstruction_endpoint_distance,1.017815697403691,1763.5914042963925,True,,端点最大距离且全时段按遮挡计损仍满足双向预算
T020,巡航,6885.038913928397,6904.820270992351,中继,R007,1370,PASS,worst_obstruction_endpoint_distance,1.8755622343822864,1597.756696995542,True,,端点最大距离且全时段按遮挡计损仍满足双向预算
T020,巡航,6904.820270992351,6924.601628056304,中继,R007,1371,PASS,worst_obstruction_endpoint_distance,2.5782083813780474,1473.5956784547577,True,,端点最大距离且全时段按遮挡计损仍满足双向预算
T020,巡航,6924.601628056304,6944.382985120258,中继,R007,1372,PASS,worst_obstruction_endpoint_distance,3.009436570846745,1402.2224943312915,True,,端点最大距离且全时段按遮挡计损仍满足双向预算
T020,巡航,6944.382985120258,6964.164342184212,中继,R007,1373,PASS,worst_obstruction_endpoint_distance,2.7568539914342693,1443.597292027193,True,,端点最大距离且全时段按遮挡计损仍满足双向预算
T020,巡航,6964.164342184212,6983.945699248165,中继,R007,1374,PASS,worst_obstruction_endpoint_distance,2.1310599851746446,1551.4427670527323,True,,端点最大距离且全时段按遮挡计损仍满足双向预算
T020,巡航,6983.945699248165,7003.727056312118,中继,R007,1375,PASS,worst_obstruction_endpoint_distance,1.3127262354054778,1704.7176061191228,True,,端点最大距离且全时段按遮挡计损仍满足双向预算
T020,巡航,7003.727056312118,7023.508413376072,中继,R006,1376,PASS,worst_obstruction_endpoint_distance,0.422941462596242,1888.6073919071866,True,,端点最大距离且全时段按遮挡计损仍满足双向预算
T020,巡航,7023.508413376072,7043.289770440026,中继,R006,1377,PASS,worst_obstruction_endpoint_distance,1.9022745718798433,1592.850549555853,True,,端点最大距离且全时段按遮挡计损仍满足双向预算
T020,巡航,7043.289770440026,7063.071127503979,中继,R006,1378,PASS,worst_obstruction_endpoint_distance,3.683401975513803,1297.533739429142,True,,端点最大距离且全时段按遮挡计损仍满足双向预算
T020,巡航,7063.071127503979,7082.852484567933,中继,R006,1379,PASS,worst_obstruction_endpoint_distance,5.919360757851777,1003.0456998430258,True,,端点最大距离且全时段按遮挡计损仍满足双向预算
T020,巡航,7082.852484567933,7102.633841631887,中继,R006,1380,PASS,worst_obstruction_endpoint_distance,8.915498169436432,710.4178251369547,True,,端点最大距离且全时段按遮挡计损仍满足双向预算
T020,巡航,7102.633841631887,7122.41519869584,直连,,1381,PASS,worst_obstruction_endpoint_distance,0.20167861880453586,3865.4924321610397,True,,端点最大距离且全时段按遮挡计损仍满足双向预算
T020,巡航,7122.41519869584,7142.196555759794,直连,,1382,PASS,worst_obstruction_endpoint_distance,0.8937544946891762,3569.447786713983,True,,端点最大距离且全时段按遮挡计损仍满足双向预算
T020,巡航,7142.196555759794,7161.977912823748,直连,,1383,PASS,worst_obstruction_endpoint_distance,1.645460598805812,3273.5255001824776,True,,端点最大距离且全时段按遮挡计损仍满足双向预算
T020,巡航,7161.977912823748,7181.7592698877015,直连,,1384,PASS,worst_obstruction_endpoint_distance,2.4679753448875914,2977.7620519260295,True,,端点最大距离且全时段按遮挡计损仍满足双向预算
T020,巡航,7181.7592698877015,7201.540626951655,直连,,1385,PASS,worst_obstruction_endpoint_distance,3.375919660747627,2682.209987066719,True,,端点最大距离且全时段按遮挡计损仍满足双向预算
T020,巡航,7201.540626951655,7221.321984015609,直连,,1386,PASS,worst_obstruction_endpoint_distance,4.388916634906977,2386.947827420809,True,,端点最大距离且全时段按遮挡计损仍满足双向预算
T020,巡航,7221.321984015609,7241.103341079563,直连,,1387,PASS,worst_obstruction_endpoint_distance,5.5341333456205035,2092.098321356043,True,,端点最大距离且全时段按遮挡计损仍满足双向预算
T020,巡航,7241.103341079563,7260.884698143516,直连,,1388,PASS,worst_obstruction_endpoint_distance,6.850635996686719,1797.864505710022,True,,端点最大距离且全时段按遮挡计损仍满足双向预算
T020,巡航,7260.884698143516,7280.66605520747,直连,,1389,PASS,worst_obstruction_endpoint_distance,8.39730997944396,1504.6076282027716,True,,端点最大距离且全时段按遮挡计损仍满足双向预算
T020,巡航,7280.66605520747,7300.447412271423,直连,,1390,PASS,worst_obstruction_endpoint_distance,10.268298266887285,1213.0364331213775,True,,端点最大距离且全时段按遮挡计损仍满足双向预算
T020,巡航,7300.447412271423,7320.2287693353765,直连,,1391,PASS,worst_obstruction_endpoint_distance,12.62531864366639,924.7467764723526,True,,端点最大距离且全时段按遮挡计损仍满足双向预算
T020,巡航,7320.2287693353765,7340.01012639933,直连,,1392,PASS,worst_obstruction_endpoint_distance,15.765903798404153,644.1597258386764,True,,端点最大距离且全时段按遮挡计损仍满足双向预算
T020,巡航,7340.01012639933,7359.791483463284,直连,,1393,PASS,worst_obstruction_endpoint_distance,20.16139188232583,388.3462932369524,True,,端点最大距离且全时段按遮挡计损仍满足双向预算
T020,下降,7359.791483463284,7379.115709624695,直连,,1394,PASS,worst_obstruction_endpoint_distance,23.968262608738172,250.53916625976603,True,,端点最大距离且全时段按遮挡计损仍满足双向预算
T020,下降,7379.115709624695,7398.4399357861075,直连,,1395,PASS,worst_obstruction_endpoint_distance,25.423536680378135,211.89071393694337,True,,端点最大距离且全时段按遮挡计损仍满足双向预算
T020,下降,7398.4399357861075,7417.76416194752,直连,,1396,PASS,worst_obstruction_endpoint_distance,27.17269827277147,173.24226161411883,True,,端点最大距离且全时段按遮挡计损仍满足双向预算
T020,下降,7417.76416194752,7437.088388108931,直连,,1397,PASS,worst_obstruction_endpoint_distance,29.365273470603157,134.59380929129435,True,,端点最大距离且全时段按遮挡计损仍满足双向预算
T020,下降,7437.088388108931,7456.412614270343,直连,,1398,PASS,worst_obstruction_endpoint_distance,32.30529590570579,95.94535696847169,True,,端点最大距离且全时段按遮挡计损仍满足双向预算
T020,下降,7456.412614270343,7475.736840431755,直连,,1399,PASS,worst_obstruction_endpoint_distance,36.78315195211816,57.29690464564899,True,,端点最大距离且全时段按遮挡计损仍满足双向预算
T020,下降,7475.736840431755,7495.061066593167,直连,,1400,PASS,worst_obstruction_endpoint_distance,45.92517525248826,20.0,True,,端点最大距离且全时段按遮挡计损仍满足双向预算
T021,爬升,5755.0,5774.380881347656,直连,,1401,PASS,worst_obstruction_endpoint_distance,42.86345708049137,28.452203369140676,True,,端点最大距离且全时段按遮挡计损仍满足双向预算
T021,爬升,5774.380881347656,5793.761762695312,直连,,1402,PASS,worst_obstruction_endpoint_distance,34.22675064092644,76.90440673828135,True,,端点最大距离且全时段按遮挡计损仍满足双向预算
T021,爬升,5793.761762695312,5813.142644042969,直连,,1403,PASS,worst_obstruction_endpoint_distance,29.982830377148545,125.356610107422,True,,端点最大距离且全时段按遮挡计损仍满足双向预算
T021,巡航,5813.142644042969,5831.651666483214,直连,,1404,PASS,worst_obstruction_endpoint_distance,22.2704985239005,304.6238004959094,True,,端点最大距离且全时段按遮挡计损仍满足双向预算
T021,巡航,5831.651666483214,5850.160688923459,直连,,1405,PASS,worst_obstruction_endpoint_distance,16.83979160829456,569.2449386880037,True,,端点最大距离且全时段按遮挡计损仍满足双向预算
T021,巡航,5850.160688923459,5868.669711363705,直连,,1406,PASS,worst_obstruction_endpoint_distance,13.436577431180993,842.286590702294,True,,端点最大距离且全时段按遮挡计损仍满足双向预算
T021,巡航,5868.669711363705,5887.17873380395,直连,,1407,PASS,worst_obstruction_endpoint_distance,10.980093890191213,1117.5940057971984,True,,端点最大距离且全时段按遮挡计损仍满足双向预算
T021,巡航,5887.17873380395,5905.687756244195,直连,,1408,PASS,worst_obstruction_endpoint_distance,9.06160871006314,1393.8252340138579,True,,端点最大距离且全时段按遮挡计损仍满足双向预算
T021,巡航,5905.687756244195,5924.196778684441,直连,,1409,PASS,worst_obstruction_endpoint_distance,7.488730846575692,1670.5220634325021,True,,端点最大距离且全时段按遮挡计损仍满足双向预算
T021,巡航,5924.196778684441,5942.705801124686,直连,,1410,PASS,worst_obstruction_endpoint_distance,6.156288066488344,1947.4860477341674,True,,端点最大距离且全时段按遮挡计损仍满足双向预算
T021,巡航,5942.705801124686,5961.214823564931,直连,,1411,PASS,worst_obstruction_endpoint_distance,5.000668542679023,2224.6174071251694,True,,端点最大距离且全时段按遮挡计损仍满足双向预算
T021,巡航,5961.214823564931,5979.723846005177,直连,,1412,PASS,worst_obstruction_endpoint_distance,3.9805132818098343,2501.8605217539953,True,,端点最大距离且全时段按遮挡计损仍满足双向预算
T021,巡航,5979.723846005177,5998.232868445422,直连,,1413,PASS,worst_obstruction_endpoint_distance,3.067435566266326,2779.1819466890624,True,,端点最大距离且全时段按遮挡计损仍满足双向预算
T021,巡航,5998.232868445422,6016.741890885667,直连,,1414,PASS,worst_obstruction_endpoint_distance,2.2411156161546586,3056.5603667445057,True,,端点最大距离且全时段按遮挡计损仍满足双向预算
T021,下降,6016.741890885667,6031.584659236904,直连,,1415,PASS,worst_obstruction_endpoint_distance,2.2411156161546586,3056.5603667445057,True,,端点最大距离且全时段按遮挡计损仍满足双向预算
T021,下降,6031.584659236904,6046.427427588142,直连,,1416,PASS,worst_obstruction_endpoint_distance,2.2441667585877525,3055.4868597560912,True,,端点最大距离且全时段按遮挡计损仍满足双向预算
T021,下降,6046.427427588142,6061.270195939378,直连,,1417,PASS,worst_obstruction_endpoint_distance,2.246399680237957,3054.701472633553,True,,端点最大距离且全时段按遮挡计损仍满足双向预算
T021,投送,6061.270195939378,6081.070195939378,直连,,1418,PASS,exact_point,2.2478131175972464,3054.2044276465326,,,独立计算 DEM 遮挡、自由空间损耗与双向预算
T021,投送,6081.070195939378,6100.870195939378,直连,,1419,PASS,exact_point,2.2478131175972464,3054.2044276465326,,,独立计算 DEM 遮挡、自由空间损耗与双向预算
T021,投送,6100.870195939378,6120.670195939379,直连,,1420,PASS,exact_point,2.2478131175972464,3054.2044276465326,,,独立计算 DEM 遮挡、自由空间损耗与双向预算
T021,投送,6120.670195939379,6140.470195939379,直连,,1421,PASS,exact_point,2.2478131175972464,3054.2044276465326,,,独立计算 DEM 遮挡、自由空间损耗与双向预算
T021,投送,6140.470195939379,6160.270195939378,直连,,1422,PASS,exact_point,2.2478131175972464,3054.2044276465326,,,独立计算 DEM 遮挡、自由空间损耗与双向预算
T021,投送,6160.270195939378,6180.070195939378,直连,,1423,PASS,exact_point,2.2478131175972464,3054.2044276465326,,,独立计算 DEM 遮挡、自由空间损耗与双向预算
T021,投送,6180.070195939378,6199.870195939378,直连,,1424,PASS,exact_point,2.2478131175972464,3054.2044276465326,,,独立计算 DEM 遮挡、自由空间损耗与双向预算
T021,投送,6199.870195939378,6219.670195939379,直连,,1425,PASS,exact_point,2.2478131175972464,3054.2044276465326,,,独立计算 DEM 遮挡、自由空间损耗与双向预算
T021,投送,6219.670195939379,6239.470195939379,直连,,1426,PASS,exact_point,2.2478131175972464,3054.2044276465326,,,独立计算 DEM 遮挡、自由空间损耗与双向预算
T021,投送,6239.470195939379,6259.270195939378,直连,,1427,PASS,exact_point,2.2478131175972464,3054.2044276465326,,,独立计算 DEM 遮挡、自由空间损耗与双向预算
T021,投送,6259.270195939378,6279.070195939378,直连,,1428,PASS,exact_point,2.2478131175972464,3054.2044276465326,,,独立计算 DEM 遮挡、自由空间损耗与双向预算
T021,投送,6279.070195939378,6298.870195939378,直连,,1429,PASS,exact_point,2.2478131175972464,3054.2044276465326,,,独立计算 DEM 遮挡、自由空间损耗与双向预算
T021,投送,6298.870195939378,6318.670195939379,直连,,1430,PASS,exact_point,2.2478131175972464,3054.2044276465326,,,独立计算 DEM 遮挡、自由空间损耗与双向预算
T021,投送,6318.670195939379,6338.470195939379,直连,,1431,PASS,exact_point,2.2478131175972464,3054.2044276465326,,,独立计算 DEM 遮挡、自由空间损耗与双向预算
T021,投送,6338.470195939379,6358.270195939378,直连,,1432,PASS,exact_point,2.2478131175972464,3054.2044276465326,,,独立计算 DEM 遮挡、自由空间损耗与双向预算
T021,投送,6358.270195939378,6378.070195939378,直连,,1433,PASS,exact_point,2.2478131175972464,3054.2044276465326,,,独立计算 DEM 遮挡、自由空间损耗与双向预算
T021,投送,6378.070195939378,6397.870195939378,直连,,1434,PASS,exact_point,2.2478131175972464,3054.2044276465326,,,独立计算 DEM 遮挡、自由空间损耗与双向预算
T021,投送,6397.870195939378,6417.670195939379,直连,,1435,PASS,exact_point,2.2478131175972464,3054.2044276465326,,,独立计算 DEM 遮挡、自由空间损耗与双向预算
T021,投送,6417.670195939379,6437.470195939379,直连,,1436,PASS,exact_point,2.2478131175972464,3054.2044276465326,,,独立计算 DEM 遮挡、自由空间损耗与双向预算
T021,投送,6437.470195939379,6457.270195939378,直连,,1437,PASS,exact_point,2.2478131175972464,3054.2044276465326,,,独立计算 DEM 遮挡、自由空间损耗与双向预算
T021,爬升,6457.270195939378,6475.081517960863,直连,,1438,PASS,worst_obstruction_endpoint_distance,2.2453855868061083,3055.0581354130627,True,,端点最大距离且全时段按遮挡计损仍满足双向预算
T021,爬升,6475.081517960863,6492.892839982347,直连,,1439,PASS,worst_obstruction_endpoint_distance,2.2411156161546586,3056.5603667445057,True,,端点最大距离且全时段按遮挡计损仍满足双向预算
T021,巡航,6492.892839982347,6511.401862422593,直连,,1440,PASS,worst_obstruction_endpoint_distance,2.2411156161546586,3056.5603667445057,True,,端点最大距离且全时段按遮挡计损仍满足双向预算
T021,巡航,6511.401862422593,6529.9108848628375,直连,,1441,PASS,worst_obstruction_endpoint_distance,3.067435566266326,2779.1819466890624,True,,端点最大距离且全时段按遮挡计损仍满足双向预算
T021,巡航,6529.9108848628375,6548.419907303083,直连,,1442,PASS,worst_obstruction_endpoint_distance,3.9805132818098343,2501.8605217539953,True,,端点最大距离且全时段按遮挡计损仍满足双向预算
T021,巡航,6548.419907303083,6566.928929743329,直连,,1443,PASS,worst_obstruction_endpoint_distance,5.000668542679023,2224.6174071251694,True,,端点最大距离且全时段按遮挡计损仍满足双向预算
T021,巡航,6566.928929743329,6585.4379521835735,直连,,1444,PASS,worst_obstruction_endpoint_distance,6.156288066488344,1947.4860477341674,True,,端点最大距离且全时段按遮挡计损仍满足双向预算
T021,巡航,6585.4379521835735,6603.946974623819,直连,,1445,PASS,worst_obstruction_endpoint_distance,7.488730846575692,1670.5220634325021,True,,端点最大距离且全时段按遮挡计损仍满足双向预算
T021,巡航,6603.946974623819,6622.455997064064,直连,,1446,PASS,worst_obstruction_endpoint_distance,9.06160871006314,1393.8252340138579,True,,端点最大距离且全时段按遮挡计损仍满足双向预算
T021,巡航,6622.455997064064,6640.96501950431,直连,,1447,PASS,worst_obstruction_endpoint_distance,10.980093890191213,1117.5940057971984,True,,端点最大距离且全时段按遮挡计损仍满足双向预算
T021,巡航,6640.96501950431,6659.474041944555,直连,,1448,PASS,worst_obstruction_endpoint_distance,13.436577431180993,842.286590702294,True,,端点最大距离且全时段按遮挡计损仍满足双向预算
T021,巡航,6659.474041944555,6677.9830643848,直连,,1449,PASS,worst_obstruction_endpoint_distance,16.83979160829456,569.2449386880037,True,,端点最大距离且全时段按遮挡计损仍满足双向预算
T021,巡航,6677.9830643848,6696.492086825046,直连,,1450,PASS,worst_obstruction_endpoint_distance,22.2704985239005,304.6238004959094,True,,端点最大距离且全时段按遮挡计损仍满足双向预算
T021,下降,6696.492086825046,6714.661663088474,直连,,1451,PASS,worst_obstruction_endpoint_distance,29.982830377148545,125.356610107422,True,,端点最大距离且全时段按遮挡计损仍满足双向预算
T021,下降,6714.661663088474,6732.831239351901,直连,,1452,PASS,worst_obstruction_endpoint_distance,32.9562714401918,89.01745758056603,True,,端点最大距离且全时段按遮挡计损仍满足双向预算
T021,下降,6732.831239351901,6751.000815615329,直连,,1453,PASS,worst_obstruction_endpoint_distance,37.51313930757439,52.67830505371191,True,,端点最大距离且全时段按遮挡计损仍满足双向预算
T021,下降,6751.000815615329,6769.170391878757,直连,,1454,PASS,worst_obstruction_endpoint_distance,45.92517525248826,20.0,True,,端点最大距离且全时段按遮挡计损仍满足双向预算
T022,爬升,5648.0,5664.559240722656,直连,,1455,PASS,worst_obstruction_endpoint_distance,42.49716386964229,29.677722167967403,True,,端点最大距离且全时段按遮挡计损仍满足双向预算
T022,爬升,5664.559240722656,5681.118481445313,直连,,1456,PASS,worst_obstruction_endpoint_distance,33.95424061100921,79.35544433593753,True,,端点最大距离且全时段按遮挡计损仍满足双向预算
T022,爬升,5681.118481445313,5697.677722167969,直连,,1457,PASS,worst_obstruction_endpoint_distance,29.731748063926233,129.0331665039049,True,,端点最大距离且全时段按遮挡计损仍满足双向预算
T022,爬升,5697.677722167969,5714.236962890625,直连,,1458,PASS,worst_obstruction_endpoint_distance,26.902754877149746,178.710888671875,True,,端点最大距离且全时段按遮挡计损仍满足双向预算
T022,巡航,5714.236962890625,5733.3697226348095,直连,,1459,PASS,worst_obstruction_endpoint_distance,22.66947572970483,290.9477291053595,True,,端点最大距离且全时段按遮挡计损仍满足双向预算
T022,巡航,5733.3697226348095,5752.502482378994,直连,,1460,PASS,worst_obstruction_endpoint_distance,18.0934747436215,492.7368253916223,True,,端点最大距离且全时段按遮挡计损仍满足双向预算
T022,巡航,5752.502482378994,5771.635242123178,直连,,1461,PASS,worst_obstruction_endpoint_distance,14.901227776279285,711.5859581284601,True,,端点最大距离且全时段按遮挡计损仍满足双向预算
T022,巡航,5771.635242123178,5790.768001867362,直连,,1462,PASS,worst_obstruction_endpoint_distance,12.523979777991926,935.5990440341031,True,,端点最大距离且全时段按遮挡计损仍满足双向预算
T022,巡航,5790.768001867362,5809.900761611547,直连,,1463,PASS,worst_obstruction_endpoint_distance,10.643201374601844,1161.792823730982,True,,端点最大距离且全时段按遮挡计损仍满足双向预算
T022,巡航,5809.900761611547,5829.033521355731,直连,,1464,PASS,worst_obstruction_endpoint_distance,9.091089751738082,1389.1024289204595,True,,端点最大距离且全时段按遮挡计损仍满足双向预算
T022,巡航,5829.033521355731,5848.166281099915,直连,,1465,PASS,worst_obstruction_endpoint_distance,7.771266584701294,1617.0573735878716,True,,端点最大距离且全时段按遮挡计损仍满足双向预算
T022,巡航,5848.166281099915,5867.299040844099,直连,,1466,PASS,worst_obstruction_endpoint_distance,6.623877638458708,1845.4185269473276,True,,端点最大距离且全时段按遮挡计损仍满足双向预算
T022,巡航,5867.299040844099,5886.431800588283,直连,,1467,PASS,worst_obstruction_endpoint_distance,5.609383533516066,2074.051717872369,True,,端点最大距离且全时段按遮挡计损仍满足双向预算
T022,巡航,5886.431800588283,5905.564560332467,直连,,1468,PASS,worst_obstruction_endpoint_distance,4.700364382916447,2302.8759228199197,True,,端点最大距离且全时段按遮挡计损仍满足双向预算
T022,巡航,5905.564560332467,5924.697320076652,直连,,1469,PASS,worst_obstruction_endpoint_distance,3.8770522521858055,2531.839351554418,True,,端点最大距离且全时段按遮挡计损仍满足双向预算
T022,巡航,5924.697320076652,5943.8300798208365,直连,,1470,PASS,worst_obstruction_endpoint_distance,3.124738455292942,2760.907366598639,True,,端点最大距离且全时段按遮挡计损仍满足双向预算
T022,巡航,5943.8300798208365,5962.962839565021,直连,,1471,PASS,worst_obstruction_endpoint_distance,2.43218892238626,2990.0559309954597,True,,端点最大距离且全时段按遮挡计损仍满足双向预算
T022,巡航,5962.962839565021,5982.095599309205,直连,,1472,PASS,worst_obstruction_endpoint_distance,1.7906329329594257,3219.267844201529,True,,端点最大距离且全时段按遮挡计损仍满足双向预算
T022,巡航,5982.095599309205,6001.228359053389,直连,,1473,PASS,worst_obstruction_endpoint_distance,1.193093802111946,3448.530474509302,True,,端点最大距离且全时段按遮挡计损仍满足双向预算
T022,巡航,6001.228359053389,6020.361118797573,直连,,1474,PASS,worst_obstruction_endpoint_distance,0.6339319019954246,3677.834337380098,True,,端点最大距离且全时段按遮挡计损仍满足双向预算
T022,巡航,6020.361118797573,6039.493878541758,直连,,1475,PASS,worst_obstruction_endpoint_distance,0.10852418084870408,3907.172173258838,True,,端点最大距离且全时段按遮挡计损仍满足双向预算
T022,巡航,6039.493878541758,6058.626638285942,中继,R006,1476,PASS,worst_obstruction_endpoint_distance,7.540151958523239,832.3024256997542,True,,端点最大距离且全时段按遮挡计损仍满足双向预算
T022,巡航,6058.626638285942,6077.759398030126,中继,R006,1477,PASS,worst_obstruction_endpoint_distance,5.65909143670558,1033.5564140079887,True,,端点最大距离且全时段按遮挡计损仍满足双向预算
T022,巡航,6077.759398030126,6096.89215777431,中继,R006,1478,PASS,worst_obstruction_endpoint_distance,4.04476646249104,1244.6591472092684,True,,端点最大距离且全时段按遮挡计损仍满足双向预算
T022,巡航,6096.89215777431,6116.0249175184945,中继,R007,1479,PASS,worst_obstruction_endpoint_distance,0.2300545847181752,1931.0166971121935,True,,端点最大距离且全时段按遮挡计损仍满足双向预算
T022,巡航,6116.0249175184945,6135.1576772626795,中继,R007,1480,PASS,worst_obstruction_endpoint_distance,1.2898599580212817,1709.2113197141653,True,,端点最大距离且全时段按遮挡计损仍满足双向预算
T022,巡航,6135.1576772626795,6154.290437006864,中继,R007,1481,PASS,worst_obstruction_endpoint_distance,2.4834052890514045,1489.7674936157314,True,,端点最大距离且全时段按遮挡计损仍满足双向预算
T022,下降,6154.290437006864,6171.81188882978,中继,R007,1482,PASS,worst_obstruction_endpoint_distance,3.802898216986918,1279.8051322590784,True,,端点最大距离且全时段按遮挡计损仍满足双向预算
T022,下降,6171.81188882978,6189.333340652696,中继,R007,1483,PASS,worst_obstruction_endpoint_distance,3.7530668736793302,1287.168534312495,True,,端点最大距离且全时段按遮挡计损仍满足双向预算
T022,下降,6189.333340652696,6206.854792475613,中继,R007,1484,PASS,worst_obstruction_endpoint_distance,3.6938664514362216,1295.9714544759318,True,,端点最大距离且全时段按遮挡计损仍满足双向预算
T022,投送,6206.854792475613,6225.945701566522,中继,R007,1485,PASS,exact_point,13.693866451436222,1295.9714544759318,,,独立计算 DEM 遮挡、自由空间损耗与双向预算
T022,投送,6225.945701566522,6245.036610657431,中继,R007,1486,PASS,exact_point,13.693866451436222,1295.9714544759318,,,独立计算 DEM 遮挡、自由空间损耗与双向预算
T022,投送,6245.036610657431,6264.127519748341,中继,R007,1487,PASS,exact_point,13.693866451436222,1295.9714544759318,,,独立计算 DEM 遮挡、自由空间损耗与双向预算
T022,投送,6264.127519748341,6283.21842883925,中继,R007,1488,PASS,exact_point,13.693866451436222,1295.9714544759318,,,独立计算 DEM 遮挡、自由空间损耗与双向预算
T022,投送,6283.21842883925,6302.309337930159,中继,R007,1489,PASS,exact_point,13.693866451436222,1295.9714544759318,,,独立计算 DEM 遮挡、自由空间损耗与双向预算
T022,投送,6302.309337930159,6321.400247021068,中继,R007,1490,PASS,exact_point,13.693866451436222,1295.9714544759318,,,独立计算 DEM 遮挡、自由空间损耗与双向预算
T022,投送,6321.400247021068,6340.491156111977,中继,R007,1491,PASS,exact_point,13.693866451436222,1295.9714544759318,,,独立计算 DEM 遮挡、自由空间损耗与双向预算
T022,投送,6340.491156111977,6359.582065202886,中继,R007,1492,PASS,exact_point,13.693866451436222,1295.9714544759318,,,独立计算 DEM 遮挡、自由空间损耗与双向预算
T022,投送,6359.582065202886,6378.672974293795,中继,R007,1493,PASS,exact_point,13.693866451436222,1295.9714544759318,,,独立计算 DEM 遮挡、自由空间损耗与双向预算
T022,投送,6378.672974293795,6397.763883384704,中继,R007,1494,PASS,exact_point,13.693866451436222,1295.9714544759318,,,独立计算 DEM 遮挡、自由空间损耗与双向预算
T022,投送,6397.763883384704,6416.854792475613,中继,R007,1495,PASS,exact_point,13.693866451436222,1295.9714544759318,,,独立计算 DEM 遮挡、自由空间损耗与双向预算
T022,爬升,6416.854792475613,6431.456002328044,中继,R007,1496,PASS,worst_obstruction_endpoint_distance,3.6938664514362216,1295.9714544759318,True,,端点最大距离且全时段按遮挡计损仍满足双向预算
T022,爬升,6431.456002328044,6446.057212180474,中继,R007,1497,PASS,worst_obstruction_endpoint_distance,3.753066873679316,1287.1685343124952,True,,端点最大距离且全时段按遮挡计损仍满足双向预算
T022,爬升,6446.057212180474,6460.658422032905,中继,R007,1498,PASS,worst_obstruction_endpoint_distance,3.802898216986918,1279.8051322590784,True,,端点最大距离且全时段按遮挡计损仍满足双向预算
T022,巡航,6460.658422032905,6479.791181777089,中继,R007,1499,PASS,worst_obstruction_endpoint_distance,2.4834052890514045,1489.7674936157314,True,,端点最大距离且全时段按遮挡计损仍满足双向预算
T022,巡航,6479.791181777089,6498.923941521273,中继,R007,1500,PASS,worst_obstruction_endpoint_distance,1.2898599580212817,1709.2113197141653,True,,端点最大距离且全时段按遮挡计损仍满足双向预算
T022,巡航,6498.923941521273,6518.056701265457,中继,R007,1501,PASS,worst_obstruction_endpoint_distance,0.2300545847181752,1931.0166971121935,True,,端点最大距离且全时段按遮挡计损仍满足双向预算
T022,巡航,6518.056701265457,6537.189461009642,中继,R006,1502,PASS,worst_obstruction_endpoint_distance,4.04476646249104,1244.6591472092684,True,,端点最大距离且全时段按遮挡计损仍满足双向预算
T022,巡航,6537.189461009642,6556.3222207538265,中继,R006,1503,PASS,worst_obstruction_endpoint_distance,5.65909143670558,1033.5564140079887,True,,端点最大距离且全时段按遮挡计损仍满足双向预算
T022,巡航,6556.3222207538265,6575.454980498011,中继,R006,1504,PASS,worst_obstruction_endpoint_distance,7.540151958523239,832.3024256997542,True,,端点最大距离且全时段按遮挡计损仍满足双向预算
T022,巡航,6575.454980498011,6594.587740242195,直连,,1505,PASS,worst_obstruction_endpoint_distance,0.10852418084870408,3907.172173258838,True,,端点最大距离且全时段按遮挡计损仍满足双向预算
T022,巡航,6594.587740242195,6613.720499986379,直连,,1506,PASS,worst_obstruction_endpoint_distance,0.6339319019954246,3677.834337380098,True,,端点最大距离且全时段按遮挡计损仍满足双向预算
T022,巡航,6613.720499986379,6632.853259730564,直连,,1507,PASS,worst_obstruction_endpoint_distance,1.193093802111946,3448.530474509302,True,,端点最大距离且全时段按遮挡计损仍满足双向预算
T022,巡航,6632.853259730564,6651.986019474748,直连,,1508,PASS,worst_obstruction_endpoint_distance,1.7906329329594257,3219.267844201529,True,,端点最大距离且全时段按遮挡计损仍满足双向预算
T022,巡航,6651.986019474748,6671.118779218932,直连,,1509,PASS,worst_obstruction_endpoint_distance,2.43218892238626,2990.0559309954597,True,,端点最大距离且全时段按遮挡计损仍满足双向预算
T022,巡航,6671.118779218932,6690.251538963116,直连,,1510,PASS,worst_obstruction_endpoint_distance,3.124738455292942,2760.907366598639,True,,端点最大距离且全时段按遮挡计损仍满足双向预算
T022,巡航,6690.251538963116,6709.3842987073,直连,,1511,PASS,worst_obstruction_endpoint_distance,3.8770522521858055,2531.839351554418,True,,端点最大距离且全时段按遮挡计损仍满足双向预算
T022,巡航,6709.3842987073,6728.517058451485,直连,,1512,PASS,worst_obstruction_endpoint_distance,4.700364382916447,2302.8759228199197,True,,端点最大距离且全时段按遮挡计损仍满足双向预算
T022,巡航,6728.517058451485,6747.649818195669,直连,,1513,PASS,worst_obstruction_endpoint_distance,5.609383533516066,2074.051717872369,True,,端点最大距离且全时段按遮挡计损仍满足双向预算
T022,巡航,6747.649818195669,6766.782577939854,直连,,1514,PASS,worst_obstruction_endpoint_distance,6.623877638458708,1845.4185269473276,True,,端点最大距离且全时段按遮挡计损仍满足双向预算
T022,巡航,6766.782577939854,6785.915337684038,直连,,1515,PASS,worst_obstruction_endpoint_distance,7.771266584701294,1617.0573735878716,True,,端点最大距离且全时段按遮挡计损仍满足双向预算
T022,巡航,6785.915337684038,6805.048097428222,直连,,1516,PASS,worst_obstruction_endpoint_distance,9.091089751738082,1389.1024289204595,True,,端点最大距离且全时段按遮挡计损仍满足双向预算
T022,巡航,6805.048097428222,6824.180857172407,直连,,1517,PASS,worst_obstruction_endpoint_distance,10.643201374601844,1161.792823730982,True,,端点最大距离且全时段按遮挡计损仍满足双向预算
T022,巡航,6824.180857172407,6843.31361691659,直连,,1518,PASS,worst_obstruction_endpoint_distance,12.523979777991926,935.5990440341031,True,,端点最大距离且全时段按遮挡计损仍满足双向预算
T022,巡航,6843.31361691659,6862.446376660775,直连,,1519,PASS,worst_obstruction_endpoint_distance,14.901227776279285,711.5859581284601,True,,端点最大距离且全时段按遮挡计损仍满足双向预算
T022,巡航,6862.446376660775,6881.579136404959,直连,,1520,PASS,worst_obstruction_endpoint_distance,18.0934747436215,492.7368253916223,True,,端点最大距离且全时段按遮挡计损仍满足双向预算
T022,巡航,6881.579136404959,6900.711896149143,直连,,1521,PASS,worst_obstruction_endpoint_distance,22.66947572970483,290.9477291053595,True,,端点最大距离且全时段按遮挡计损仍满足双向预算
T022,下降,6900.711896149143,6920.582985016331,直连,,1522,PASS,worst_obstruction_endpoint_distance,26.902754877149746,178.710888671875,True,,端点最大距离且全时段按遮挡计损仍满足双向预算
T022,下降,6920.582985016331,6940.4540738835185,直连,,1523,PASS,worst_obstruction_endpoint_distance,29.731748063926148,129.03316650390627,True,,端点最大距离且全时段按遮挡计损仍满足双向预算
T022,下降,6940.4540738835185,6960.325162750705,直连,,1524,PASS,worst_obstruction_endpoint_distance,33.95424061100921,79.3554443359375,True,,端点最大距离且全时段按遮挡计损仍满足双向预算
T022,下降,6960.325162750705,6980.196251617894,直连,,1525,PASS,worst_obstruction_endpoint_distance,42.49716386964124,29.677722167971012,True,,端点最大距离且全时段按遮挡计损仍满足双向预算
T023,爬升,5698.0,5714.34728881836,直连,,1526,PASS,worst_obstruction_endpoint_distance,42.68528468478428,29.041866455078775,True,,端点最大距离且全时段按遮挡计损仍满足双向预算
T023,爬升,5714.34728881836,5730.694577636719,直连,,1527,PASS,worst_obstruction_endpoint_distance,34.094563820666195,78.08373291015752,True,,端点最大距离且全时段按遮挡计损仍满足双向预算
T023,爬升,5730.694577636719,5747.041866455078,直连,,1528,PASS,worst_obstruction_endpoint_distance,29.861114895269864,127.12559936523354,True,,端点最大距离且全时段按遮挡计损仍满足双向预算
T023,爬升,5747.041866455078,5763.389155273438,直连,,1529,PASS,worst_obstruction_endpoint_distance,27.02726102514677,176.16746582031232,True,,端点最大距离且全时段按遮挡计损仍满足双向预算
T023,爬升,5763.389155273438,5779.736444091797,直连,,1530,PASS,worst_obstruction_endpoint_distance,24.894047506859238,225.20933227539103,True,,端点最大距离且全时段按遮挡计损仍满足双向预算
T023,巡航,5779.736444091797,5799.684875323222,直连,,1531,PASS,worst_obstruction_endpoint_distance,20.476569260061567,374.5073067081198,True,,端点最大距离且全时段按遮挡计损仍满足双向预算
T023,巡航,5799.684875323222,5819.633306554647,直连,,1532,PASS,worst_obstruction_endpoint_distance,15.829974101692486,639.4256493755012,True,,端点最大距离且全时段按遮挡计损仍满足双向预算
T023,巡航,5819.633306554647,5839.581737786071,直连,,1533,PASS,worst_obstruction_endpoint_distance,12.618260351929706,925.4985457841007,True,,端点最大距离且全时段按遮挡计损仍满足双向预算
T023,巡航,5839.581737786071,5859.5301690174965,直连,,1534,PASS,worst_obstruction_endpoint_distance,10.233476665807785,1217.9092389358796,True,,端点最大距离且全时段按遮挡计损仍满足双向预算
T023,巡航,5859.5301690174965,5879.478600248922,直连,,1535,PASS,worst_obstruction_endpoint_distance,8.349068263577223,1512.9875178566108,True,,端点最大距离且全时段按遮挡计损仍满足双向预算
T023,巡航,5879.478600248922,5899.427031480346,直连,,1536,PASS,worst_obstruction_endpoint_distance,6.794945300204006,1809.428778084995,True,,端点最大距离且全时段按遮挡计损仍满足双向预算
T023,巡航,5899.427031480346,5919.375462711771,直连,,1537,PASS,worst_obstruction_endpoint_distance,5.473895595477202,2106.657716764186,True,,端点最大距离且全时段按遮挡计损仍满足双向预算
T023,巡航,5919.375462711771,5939.323893943196,直连,,1538,PASS,worst_obstruction_endpoint_distance,4.325704959757758,2404.3822339864455,True,,端点最大距离且全时段按遮挡计损仍满足双向预算
T023,巡航,5939.323893943196,5959.272325174621,直连,,1539,PASS,worst_obstruction_endpoint_distance,3.3106586402651743,2702.4385427766797,True,,端点最大距离且全时段按遮挡计损仍满足双向预算
T023,巡航,5959.272325174621,5979.220756406046,直连,,1540,PASS,worst_obstruction_endpoint_distance,2.401243199064254,3000.7277761782934,True,,端点最大距离且全时段按遮挡计损仍满足双向预算
T023,巡航,5979.220756406046,5999.169187637471,直连,,1541,PASS,worst_obstruction_endpoint_distance,1.5776371600474448,3299.186756586918,True,,端点最大距离且全时段按遮挡计损仍满足双向预算
T023,巡航,5999.169187637471,6019.117618868896,直连,,1542,PASS,worst_obstruction_endpoint_distance,0.8250994230448754,3597.773239354705,True,,端点最大距离且全时段按遮挡计损仍满足双向预算
T023,巡航,6019.117618868896,6039.06605010032,直连,,1543,PASS,worst_obstruction_endpoint_distance,0.1323753731121542,3896.45791298493,True,,端点最大距离且全时段按遮挡计损仍满足双向预算
T023,巡航,6039.06605010032,6059.014481331746,中继,R006,1544,PASS,worst_obstruction_endpoint_distance,3.0919231118517416,1388.9691590915174,True,,端点最大距离且全时段按遮挡计损仍满足双向预算
T023,巡航,6059.014481331746,6078.96291256317,中继,R006,1545,PASS,worst_obstruction_endpoint_distance,1.871524577405495,1598.4995907465093,True,,端点最大距离且全时段按遮挡计损仍满足双向预算
T023,巡航,6078.96291256317,6098.911343794595,中继,R006,1546,PASS,worst_obstruction_endpoint_distance,0.682072816606933,1833.0956104889353,True,,端点最大距离且全时段按遮挡计损仍满足双向预算
T023,巡航,6098.911343794595,6118.85977502602,中继,R007,1547,PASS,worst_obstruction_endpoint_distance,0.7935438880098502,1809.720741284462,True,,端点最大距离且全时段按遮挡计损仍满足双向预算
T023,巡航,6118.85977502602,6138.808206257445,中继,R007,1548,PASS,worst_obstruction_endpoint_distance,2.18622543639502,1541.6205343153074,True,,端点最大距离且全时段按遮挡计损仍满足双向预算
T023,巡航,6138.808206257445,6158.75663748887,中继,R007,1549,PASS,worst_obstruction_endpoint_distance,3.752100501082751,1287.3117497629592,True,,端点最大距离且全时段按遮挡计损仍满足双向预算
T023,巡航,6158.75663748887,6178.705068720295,中继,R007,1550,PASS,worst_obstruction_endpoint_distance,5.465934903575743,1056.7980739955074,True,,端点最大距离且全时段按遮挡计损仍满足双向预算
T023,巡航,6178.705068720295,6198.65349995172,中继,R007,1551,PASS,worst_obstruction_endpoint_distance,7.163167460360086,869.2213505149701,True,,端点最大距离且全时段按遮挡计损仍满足双向预算
T023,巡航,6198.65349995172,6218.601931183144,中继,R007,1552,PASS,worst_obstruction_endpoint_distance,8.361635307260357,757.1937018024331,True,,端点最大距离且全时段按遮挡计损仍满足双向预算
T023,巡航,6218.601931183144,6238.5503624145695,中继,R007,1553,PASS,worst_obstruction_endpoint_distance,7.2174888770571215,863.8022171589038,True,,端点最大距离且全时段按遮挡计损仍满足双向预算
T023,巡航,6238.5503624145695,6258.498793645995,中继,R007,1554,PASS,worst_obstruction_endpoint_distance,5.527232666505114,1049.3663291862797,True,,端点最大距离且全时段按遮挡计损仍满足双向预算
T023,巡航,6258.498793645995,6278.447224877419,中继,R007,1555,PASS,worst_obstruction_endpoint_distance,3.809912144193447,1278.77209625438,True,,端点最大距离且全时段按遮挡计损仍满足双向预算
T023,巡航,6278.447224877419,6298.395656108844,中继,R007,1556,PASS,worst_obstruction_endpoint_distance,2.238018545490135,1532.4553547674145,True,,端点最大距离且全时段按遮挡计损仍满足双向预算
T023,巡航,6298.395656108844,6318.344087340269,中继,R007,1557,PASS,worst_obstruction_endpoint_distance,0.8394489047696396,1800.181577902523,True,,端点最大距离且全时段按遮挡计损仍满足双向预算
T023,下降,6318.344087340269,6331.945331643655,中继,R007,1558,PASS,worst_obstruction_endpoint_distance,0.8284758755184782,1802.4572144371425,True,,端点最大距离且全时段按遮挡计损仍满足双向预算
T023,下降,6331.945331643655,6345.54657594704,中继,R007,1559,PASS,worst_obstruction_endpoint_distance,0.8144482146368262,1805.3705241351129,True,,端点最大距离且全时段按遮挡计损仍满足双向预算
T023,下降,6345.54657594704,6359.147820250426,中继,R007,1560,PASS,worst_obstruction_endpoint_distance,0.7973955137346138,1808.9184260319166,True,,端点最大距离且全时段按遮挡计损仍满足双向预算
T023,投送,6359.147820250426,6379.147820250426,中继,R007,1561,PASS,exact_point,0.7973955137346138,1808.9184260319166,,,独立计算 DEM 遮挡、自由空间损耗与双向预算
T023,投送,6379.147820250426,6399.147820250426,中继,R007,1562,PASS,exact_point,0.7973955137346138,1808.9184260319166,,,独立计算 DEM 遮挡、自由空间损耗与双向预算
T023,投送,6399.147820250426,6419.147820250426,中继,R007,1563,PASS,exact_point,0.7973955137346138,1808.9184260319166,,,独立计算 DEM 遮挡、自由空间损耗与双向预算
T023,投送,6419.147820250426,6439.147820250426,中继,R007,1564,PASS,exact_point,0.7973955137346138,1808.9184260319166,,,独立计算 DEM 遮挡、自由空间损耗与双向预算
T023,投送,6439.147820250426,6459.147820250426,中继,R007,1565,PASS,exact_point,0.7973955137346138,1808.9184260319166,,,独立计算 DEM 遮挡、自由空间损耗与双向预算
T023,投送,6459.147820250426,6479.147820250426,中继,R007,1566,PASS,exact_point,0.7973955137346138,1808.9184260319166,,,独立计算 DEM 遮挡、自由空间损耗与双向预算
T023,投送,6479.147820250426,6499.147820250426,中继,R007,1567,PASS,exact_point,0.7973955137346138,1808.9184260319166,,,独立计算 DEM 遮挡、自由空间损耗与双向预算
T023,投送,6499.147820250426,6519.147820250426,中继,R007,1568,PASS,exact_point,0.7973955137346138,1808.9184260319166,,,独立计算 DEM 遮挡、自由空间损耗与双向预算
T023,投送,6519.147820250426,6539.147820250426,中继,R007,1569,PASS,exact_point,0.7973955137346138,1808.9184260319166,,,独立计算 DEM 遮挡、自由空间损耗与双向预算
T023,投送,6539.147820250426,6559.147820250426,中继,R007,1570,PASS,exact_point,0.7973955137346138,1808.9184260319166,,,独立计算 DEM 遮挡、自由空间损耗与双向预算
T023,投送,6559.147820250426,6579.147820250426,中继,R007,1571,PASS,exact_point,0.7973955137346138,1808.9184260319166,,,独立计算 DEM 遮挡、自由空间损耗与双向预算
T023,投送,6579.147820250426,6599.147820250426,中继,R007,1572,PASS,exact_point,0.7973955137346138,1808.9184260319166,,,独立计算 DEM 遮挡、自由空间损耗与双向预算
T023,爬升,6599.147820250426,6616.149375629657,中继,R007,1573,PASS,worst_obstruction_endpoint_distance,0.7973955137346138,1808.9184260319166,True,,端点最大距离且全时段按遮挡计损仍满足双向预算
T023,爬升,6616.149375629657,6633.1509310088895,中继,R007,1574,PASS,worst_obstruction_endpoint_distance,0.8218421697135057,1803.8343373937878,True,,端点最大距离且全时段按遮挡计损仍满足双向预算
T023,巡航,6633.1509310088895,6653.099362240314,中继,R007,1575,PASS,worst_obstruction_endpoint_distance,0.8394489047696396,1800.181577902523,True,,端点最大距离且全时段按遮挡计损仍满足双向预算
T023,巡航,6653.099362240314,6673.047793471739,中继,R007,1576,PASS,worst_obstruction_endpoint_distance,2.238018545490135,1532.4553547674145,True,,端点最大距离且全时段按遮挡计损仍满足双向预算
T023,巡航,6673.047793471739,6692.9962247031635,中继,R007,1577,PASS,worst_obstruction_endpoint_distance,3.809912144193447,1278.77209625438,True,,端点最大距离且全时段按遮挡计损仍满足双向预算
T023,巡航,6692.9962247031635,6712.944655934589,中继,R007,1578,PASS,worst_obstruction_endpoint_distance,5.527232666505114,1049.3663291862797,True,,端点最大距离且全时段按遮挡计损仍满足双向预算
T023,巡航,6712.944655934589,6732.893087166014,中继,R007,1579,PASS,worst_obstruction_endpoint_distance,7.2174888770571215,863.8022171589038,True,,端点最大距离且全时段按遮挡计损仍满足双向预算
T023,巡航,6732.893087166014,6752.841518397438,中继,R007,1580,PASS,worst_obstruction_endpoint_distance,8.361635307260357,757.1937018024331,True,,端点最大距离且全时段按遮挡计损仍满足双向预算
T023,巡航,6752.841518397438,6772.789949628863,中继,R007,1581,PASS,worst_obstruction_endpoint_distance,7.163167460360086,869.2213505149701,True,,端点最大距离且全时段按遮挡计损仍满足双向预算
T023,巡航,6772.789949628863,6792.738380860288,中继,R007,1582,PASS,worst_obstruction_endpoint_distance,5.465934903575743,1056.7980739955074,True,,端点最大距离且全时段按遮挡计损仍满足双向预算
T023,巡航,6792.738380860288,6812.686812091713,中继,R007,1583,PASS,worst_obstruction_endpoint_distance,3.752100501082751,1287.3117497629592,True,,端点最大距离且全时段按遮挡计损仍满足双向预算
T023,巡航,6812.686812091713,6832.635243323138,中继,R007,1584,PASS,worst_obstruction_endpoint_distance,2.18622543639502,1541.6205343153074,True,,端点最大距离且全时段按遮挡计损仍满足双向预算
T023,巡航,6832.635243323138,6852.583674554563,中继,R007,1585,PASS,worst_obstruction_endpoint_distance,0.7935438880098502,1809.720741284462,True,,端点最大距离且全时段按遮挡计损仍满足双向预算
T023,巡航,6852.583674554563,6872.532105785987,中继,R006,1586,PASS,worst_obstruction_endpoint_distance,0.682072816606933,1833.0956104889353,True,,端点最大距离且全时段按遮挡计损仍满足双向预算
T023,巡航,6872.532105785987,6892.480537017413,中继,R006,1587,PASS,worst_obstruction_endpoint_distance,1.871524577405495,1598.4995907465093,True,,端点最大距离且全时段按遮挡计损仍满足双向预算
T023,巡航,6892.480537017413,6912.428968248838,中继,R006,1588,PASS,worst_obstruction_endpoint_distance,3.0919231118517416,1388.9691590915174,True,,端点最大距离且全时段按遮挡计损仍满足双向预算
T023,巡航,6912.428968248838,6932.377399480262,直连,,1589,PASS,worst_obstruction_endpoint_distance,0.1323753731121542,3896.45791298493,True,,端点最大距离且全时段按遮挡计损仍满足双向预算
T023,巡航,6932.377399480262,6952.325830711688,直连,,1590,PASS,worst_obstruction_endpoint_distance,0.8250994230448754,3597.773239354705,True,,端点最大距离且全时段按遮挡计损仍满足双向预算
T023,巡航,6952.325830711688,6972.274261943112,直连,,1591,PASS,worst_obstruction_endpoint_distance,1.5776371600474448,3299.186756586918,True,,端点最大距离且全时段按遮挡计损仍满足双向预算
T023,巡航,6972.274261943112,6992.222693174537,直连,,1592,PASS,worst_obstruction_endpoint_distance,2.401243199064254,3000.7277761782934,True,,端点最大距离且全时段按遮挡计损仍满足双向预算
T023,巡航,6992.222693174537,7012.1711244059625,直连,,1593,PASS,worst_obstruction_endpoint_distance,3.3106586402651743,2702.4385427766797,True,,端点最大距离且全时段按遮挡计损仍满足双向预算
T023,巡航,7012.1711244059625,7032.119555637387,直连,,1594,PASS,worst_obstruction_endpoint_distance,4.325704959757758,2404.3822339864455,True,,端点最大距离且全时段按遮挡计损仍满足双向预算
T023,巡航,7032.119555637387,7052.067986868811,直连,,1595,PASS,worst_obstruction_endpoint_distance,5.473895595477202,2106.657716764186,True,,端点最大距离且全时段按遮挡计损仍满足双向预算
T023,巡航,7052.067986868811,7072.0164181002365,直连,,1596,PASS,worst_obstruction_endpoint_distance,6.794945300204006,1809.428778084995,True,,端点最大距离且全时段按遮挡计损仍满足双向预算
T023,巡航,7072.0164181002365,7091.964849331662,直连,,1597,PASS,worst_obstruction_endpoint_distance,8.349068263577223,1512.9875178566108,True,,端点最大距离且全时段按遮挡计损仍满足双向预算
T023,巡航,7091.964849331662,7111.913280563086,直连,,1598,PASS,worst_obstruction_endpoint_distance,10.233476665807785,1217.9092389358796,True,,端点最大距离且全时段按遮挡计损仍满足双向预算
T023,巡航,7111.913280563086,7131.861711794511,直连,,1599,PASS,worst_obstruction_endpoint_distance,12.618260351929706,925.4985457841007,True,,端点最大距离且全时段按遮挡计损仍满足双向预算
T023,巡航,7131.861711794511,7151.810143025936,直连,,1600,PASS,worst_obstruction_endpoint_distance,15.829974101692486,639.4256493755012,True,,端点最大距离且全时段按遮挡计损仍满足双向预算
T023,巡航,7151.810143025936,7171.758574257361,直连,,1601,PASS,worst_obstruction_endpoint_distance,20.476569260061567,374.5073067081198,True,,端点最大距离且全时段按遮挡计损仍满足双向预算
T023,下降,7171.758574257361,7191.375320839392,直连,,1602,PASS,worst_obstruction_endpoint_distance,24.894047506859238,225.20933227539103,True,,端点最大距离且全时段按遮挡计损仍满足双向预算
T023,下降,7191.375320839392,7210.992067421424,直连,,1603,PASS,worst_obstruction_endpoint_distance,27.0272610251467,176.16746582031374,True,,端点最大距离且全时段按遮挡计损仍满足双向预算
T023,下降,7210.992067421424,7230.608814003455,直连,,1604,PASS,worst_obstruction_endpoint_distance,29.86111489526982,127.12559936523417,True,,端点最大距离且全时段按遮挡计损仍满足双向预算
T023,下降,7230.608814003455,7250.225560585486,直连,,1605,PASS,worst_obstruction_endpoint_distance,34.09456382066654,78.0837329101546,True,,端点最大距离且全时段按遮挡计损仍满足双向预算
T023,下降,7250.225560585486,7269.842307167517,直连,,1606,PASS,worst_obstruction_endpoint_distance,42.68528468478472,29.041866455077297,True,,端点最大距离且全时段按遮挡计损仍满足双向预算
T024,爬升,5641.0,5657.34728881836,直连,,1607,PASS,worst_obstruction_endpoint_distance,42.68528468478428,29.041866455078775,True,,端点最大距离且全时段按遮挡计损仍满足双向预算
T024,爬升,5657.34728881836,5673.694577636718,直连,,1608,PASS,worst_obstruction_endpoint_distance,34.09456382066651,78.08373291015477,True,,端点最大距离且全时段按遮挡计损仍满足双向预算
T024,爬升,5673.694577636718,5690.041866455078,直连,,1609,PASS,worst_obstruction_endpoint_distance,29.861114895269864,127.12559936523354,True,,端点最大距离且全时段按遮挡计损仍满足双向预算
T024,爬升,5690.041866455078,5706.389155273438,直连,,1610,PASS,worst_obstruction_endpoint_distance,27.02726102514677,176.16746582031232,True,,端点最大距离且全时段按遮挡计损仍满足双向预算
T024,爬升,5706.389155273438,5722.736444091797,直连,,1611,PASS,worst_obstruction_endpoint_distance,24.894047506859238,225.20933227539103,True,,端点最大距离且全时段按遮挡计损仍满足双向预算
T024,巡航,5722.736444091797,5742.538195681815,直连,,1612,PASS,worst_obstruction_endpoint_distance,21.644516402094226,327.38813670127615,True,,端点最大距离且全时段按遮挡计损仍满足双向预算
T024,巡航,5742.538195681815,5762.339947271832,直连,,1613,PASS,worst_obstruction_endpoint_distance,17.52765791771968,525.9032593345657,True,,端点最大距离且全时段按遮挡计损仍满足双向预算
T024,巡航,5762.339947271832,5782.141698861849,直连,,1614,PASS,worst_obstruction_endpoint_distance,14.472488605631625,747.5914537516687,True,,端点最大距离且全时段按遮挡计损仍满足双向预算
T024,巡航,5782.141698861849,5801.943450451867,直连,,1615,PASS,worst_obstruction_endpoint_distance,12.149657674161418,976.8005030112829,True,,端点最大距离且全时段按遮挡计损仍满足双向预算
T024,巡航,5801.943450451867,5821.745202041884,直连,,1616,PASS,worst_obstruction_endpoint_distance,10.295371872402796,1209.2613286886824,True,,端点最大距离且全时段按遮挡计损仍满足双向预算
T024,巡航,5821.745202041884,5841.5469536319015,直连,,1617,PASS,worst_obstruction_endpoint_distance,8.758018973598169,1443.4036846490144,True,,端点最大距离且全时段按遮挡计损仍满足双向预算
T024,巡航,5841.5469536319015,5861.348705221919,直连,,1618,PASS,worst_obstruction_endpoint_distance,7.447223888085361,1678.5240332121805,True,,端点最大距离且全时段按遮挡计损仍满足双向预算
T024,巡航,5861.348705221919,5881.150456811935,直连,,1619,PASS,worst_obstruction_endpoint_distance,6.305747415786783,1914.2620407619952,True,,端点最大距离且全时段按遮挡计损仍满足双向预算
T024,巡航,5881.150456811935,5900.952208401953,直连,,1620,PASS,worst_obstruction_endpoint_distance,5.295331225516634,2150.4145853182317,True,,端点最大距离且全时段按遮挡计损仍满足双向预算
T024,巡航,5900.952208401953,5920.75395999197,直连,,1621,PASS,worst_obstruction_endpoint_distance,4.389241226516177,2386.858628870974,True,,端点最大距离且全时段按遮挡计损仍满足双向预算
T024,巡航,5920.75395999197,5940.555711581987,直连,,1622,PASS,worst_obstruction_endpoint_distance,3.5681029457611544,2623.5153586547776,True,,端点最大距离且全时段按遮挡计损仍满足双向预算
T024,巡航,5940.555711581987,5960.357463172005,直连,,1623,PASS,worst_obstruction_endpoint_distance,2.8174463188957475,2860.3319837737295,True,,端点最大距离且全时段按遮挡计损仍满足双向预算
T024,巡航,5960.357463172005,5980.159214762022,直连,,1624,PASS,worst_obstruction_endpoint_distance,2.126188720101837,3097.271827773278,True,,端点最大距离且全时段按遮挡计损仍满足双向预算
T024,巡航,5980.159214762022,5999.96096635204,直连,,1625,PASS,worst_obstruction_endpoint_distance,1.4856592555871657,3334.3086225260663,True,,端点最大距离且全时段按遮挡计损仍满足双向预算
T024,巡航,5999.96096635204,6019.762717942057,直连,,1626,PASS,worst_obstruction_endpoint_distance,0.8889491867091692,3571.423064102844,True,,端点最大距离且全时段按遮挡计损仍满足双向预算
T024,巡航,6019.762717942057,6039.564469532074,直连,,1627,PASS,worst_obstruction_endpoint_distance,0.3304664214118418,3808.600650209204,True,,端点最大距离且全时段按遮挡计损仍满足双向预算
T024,巡航,6039.564469532074,6059.366221122092,中继,R006,1628,PASS,worst_obstruction_endpoint_distance,3.6838893576352802,1297.4609343359575,True,,端点最大距离且全时段按遮挡计损仍满足双向预算
T024,巡航,6059.366221122092,6079.167972712109,中继,R006,1629,PASS,worst_obstruction_endpoint_distance,2.7344449424416126,1447.3264907303771,True,,端点最大距离且全时段按遮挡计损仍满足双向预算
T024,巡航,6079.167972712109,6098.969724302126,中继,R006,1630,PASS,worst_obstruction_endpoint_distance,1.7643695011399814,1618.341917775288,True,,端点最大距离且全时段按遮挡计损仍满足双向预算
T024,巡航,6098.969724302126,6118.771475892144,中继,R006,1631,PASS,worst_obstruction_endpoint_distance,0.8186182289970105,1804.5039906593663,True,,端点最大距离且全时段按遮挡计损仍满足双向预算
T024,巡航,6118.771475892144,6138.573227482161,中继,R007,1632,PASS,worst_obstruction_endpoint_distance,0.6404902535078492,1841.8923563332646,True,,端点最大距离且全时段按遮挡计损仍满足双向预算
T024,巡航,6138.573227482161,6158.374979072179,中继,R007,1633,PASS,worst_obstruction_endpoint_distance,1.717107524880987,1627.1716989170284,True,,端点最大距离且全时段按遮挡计损仍满足双向预算
T024,巡航,6158.374979072179,6178.176730662196,中继,R007,1634,PASS,worst_obstruction_endpoint_distance,2.901439677093805,1419.7660091050504,True,,端点最大距离且全时段按遮挡计损仍满足双向预算
T024,巡航,6178.176730662196,6197.978482252213,中继,R007,1635,PASS,worst_obstruction_endpoint_distance,4.1943962385888085,1223.401324537965,True,,端点最大距离且全时段按遮挡计损仍满足双向预算
T024,巡航,6197.978482252213,6217.780233842231,中继,R007,1636,PASS,worst_obstruction_endpoint_distance,5.569066160540828,1044.3244603909466,True,,端点最大距离且全时段按遮挡计损仍满足双向预算
T024,巡航,6217.780233842231,6237.581985432248,中继,R007,1637,PASS,worst_obstruction_endpoint_distance,6.9287740152047945,892.9971185155161,True,,端点最大距离且全时段按遮挡计损仍满足双向预算
T024,巡航,6237.581985432248,6257.383737022265,中继,R007,1638,PASS,worst_obstruction_endpoint_distance,8.041504549062907,785.6218086338419,True,,端点最大距离且全时段按遮挡计损仍满足双向预算
T024,巡航,6257.383737022265,6277.185488612283,中继,R007,1639,PASS,worst_obstruction_endpoint_distance,8.196959961646911,771.6862468004886,True,,端点最大距离且全时段按遮挡计损仍满足双向预算
T024,巡航,6277.185488612283,6296.9872402023,中继,R007,1640,PASS,worst_obstruction_endpoint_distance,7.171831731322925,868.3547249121223,True,,端点最大距离且全时段按遮挡计损仍满足双向预算
T024,巡航,6296.9872402023,6316.788991792318,中继,R007,1641,PASS,worst_obstruction_endpoint_distance,5.836385950059025,1012.6735359784033,True,,端点最大距离且全时段按遮挡计损仍满足双向预算
T024,巡航,6316.788991792318,6336.590743382335,中继,R007,1642,PASS,worst_obstruction_endpoint_distance,4.453882973218143,1187.3933426130177,True,,端点最大距离且全时段按遮挡计损仍满足双向预算
T024,巡航,6336.590743382335,6356.392494972352,中继,R007,1643,PASS,worst_obstruction_endpoint_distance,3.141754247094937,1381.0234274300049,True,,端点最大距离且全时段按遮挡计损仍满足双向预算
T024,巡航,6356.392494972352,6376.19424656237,中继,R007,1644,PASS,worst_obstruction_endpoint_distance,1.9361218424825637,1586.6555900874666,True,,端点最大距离且全时段按遮挡计损仍满足双向预算
T024,巡航,6376.19424656237,6395.995998152387,中继,R007,1645,PASS,worst_obstruction_endpoint_distance,0.8394489047696396,1800.181577902523,True,,端点最大距离且全时段按遮挡计损仍满足双向预算
T024,下降,6395.995998152387,6409.597242455772,中继,R007,1646,PASS,worst_obstruction_endpoint_distance,0.8284758755184782,1802.4572144371423,True,,端点最大距离且全时段按遮挡计损仍满足双向预算
T024,下降,6409.597242455772,6423.198486759158,中继,R007,1647,PASS,worst_obstruction_endpoint_distance,0.8144482146368262,1805.3705241351129,True,,端点最大距离且全时段按遮挡计损仍满足双向预算
T024,下降,6423.198486759158,6436.799731062543,中继,R007,1648,PASS,worst_obstruction_endpoint_distance,0.7973955137346138,1808.9184260319166,True,,端点最大距离且全时段按遮挡计损仍满足双向预算
T024,投送,6436.799731062543,6456.799731062543,中继,R007,1649,PASS,exact_point,0.7973955137346138,1808.9184260319166,,,独立计算 DEM 遮挡、自由空间损耗与双向预算
T024,投送,6456.799731062543,6476.799731062543,中继,R007,1650,PASS,exact_point,0.7973955137346138,1808.9184260319166,,,独立计算 DEM 遮挡、自由空间损耗与双向预算
T024,投送,6476.799731062543,6496.799731062543,中继,R007,1651,PASS,exact_point,0.7973955137346138,1808.9184260319166,,,独立计算 DEM 遮挡、自由空间损耗与双向预算
T024,投送,6496.799731062543,6516.799731062543,中继,R007,1652,PASS,exact_point,0.7973955137346138,1808.9184260319166,,,独立计算 DEM 遮挡、自由空间损耗与双向预算
T024,投送,6516.799731062543,6536.799731062543,中继,R007,1653,PASS,exact_point,0.7973955137346138,1808.9184260319166,,,独立计算 DEM 遮挡、自由空间损耗与双向预算
T024,投送,6536.799731062543,6556.799731062543,中继,R007,1654,PASS,exact_point,0.7973955137346138,1808.9184260319166,,,独立计算 DEM 遮挡、自由空间损耗与双向预算
T024,投送,6556.799731062543,6576.799731062543,中继,R007,1655,PASS,exact_point,0.7973955137346138,1808.9184260319166,,,独立计算 DEM 遮挡、自由空间损耗与双向预算
T024,投送,6576.799731062543,6596.799731062543,中继,R007,1656,PASS,exact_point,0.7973955137346138,1808.9184260319166,,,独立计算 DEM 遮挡、自由空间损耗与双向预算
T024,投送,6596.799731062543,6616.799731062543,中继,R007,1657,PASS,exact_point,0.7973955137346138,1808.9184260319166,,,独立计算 DEM 遮挡、自由空间损耗与双向预算
T024,爬升,6616.799731062543,6633.801286441775,中继,R007,1658,PASS,worst_obstruction_endpoint_distance,0.7973955137346138,1808.9184260319166,True,,端点最大距离且全时段按遮挡计损仍满足双向预算
T024,爬升,6633.801286441775,6650.802841821007,中继,R007,1659,PASS,worst_obstruction_endpoint_distance,0.8218421697135057,1803.8343373937876,True,,端点最大距离且全时段按遮挡计损仍满足双向预算
T024,巡航,6650.802841821007,6670.604593411024,中继,R007,1660,PASS,worst_obstruction_endpoint_distance,0.8394489047696396,1800.181577902523,True,,端点最大距离且全时段按遮挡计损仍满足双向预算
T024,巡航,6670.604593411024,6690.406345001042,中继,R007,1661,PASS,worst_obstruction_endpoint_distance,1.9361218424825637,1586.6555900874666,True,,端点最大距离且全时段按遮挡计损仍满足双向预算
T024,巡航,6690.406345001042,6710.208096591059,中继,R007,1662,PASS,worst_obstruction_endpoint_distance,3.141754247094937,1381.0234274300049,True,,端点最大距离且全时段按遮挡计损仍满足双向预算
T024,巡航,6710.208096591059,6730.009848181076,中继,R007,1663,PASS,worst_obstruction_endpoint_distance,4.453882973218143,1187.3933426130177,True,,端点最大距离且全时段按遮挡计损仍满足双向预算
T024,巡航,6730.009848181076,6749.811599771094,中继,R007,1664,PASS,worst_obstruction_endpoint_distance,5.836385950059025,1012.6735359784033,True,,端点最大距离且全时段按遮挡计损仍满足双向预算
T024,巡航,6749.811599771094,6769.613351361111,中继,R007,1665,PASS,worst_obstruction_endpoint_distance,7.171831731322925,868.3547249121223,True,,端点最大距离且全时段按遮挡计损仍满足双向预算
T024,巡航,6769.613351361111,6789.415102951129,中继,R007,1666,PASS,worst_obstruction_endpoint_distance,8.196959961646911,771.6862468004886,True,,端点最大距离且全时段按遮挡计损仍满足双向预算
T024,巡航,6789.415102951129,6809.216854541146,中继,R007,1667,PASS,worst_obstruction_endpoint_distance,8.041504549062907,785.6218086338419,True,,端点最大距离且全时段按遮挡计损仍满足双向预算
T024,巡航,6809.216854541146,6829.018606131163,中继,R007,1668,PASS,worst_obstruction_endpoint_distance,6.9287740152047945,892.9971185155161,True,,端点最大距离且全时段按遮挡计损仍满足双向预算
T024,巡航,6829.018606131163,6848.820357721181,中继,R007,1669,PASS,worst_obstruction_endpoint_distance,5.569066160540828,1044.3244603909466,True,,端点最大距离且全时段按遮挡计损仍满足双向预算
T024,巡航,6848.820357721181,6868.622109311198,中继,R007,1670,PASS,worst_obstruction_endpoint_distance,4.1943962385888085,1223.401324537965,True,,端点最大距离且全时段按遮挡计损仍满足双向预算
T024,巡航,6868.622109311198,6888.423860901215,中继,R007,1671,PASS,worst_obstruction_endpoint_distance,2.901439677093805,1419.7660091050504,True,,端点最大距离且全时段按遮挡计损仍满足双向预算
T024,巡航,6888.423860901215,6908.225612491233,中继,R007,1672,PASS,worst_obstruction_endpoint_distance,1.717107524880987,1627.1716989170284,True,,端点最大距离且全时段按遮挡计损仍满足双向预算
T024,巡航,6908.225612491233,6928.02736408125,中继,R007,1673,PASS,worst_obstruction_endpoint_distance,0.6404902535078492,1841.8923563332646,True,,端点最大距离且全时段按遮挡计损仍满足双向预算
T024,巡航,6928.02736408125,6947.829115671268,中继,R006,1674,PASS,worst_obstruction_endpoint_distance,0.8186182289970105,1804.5039906593663,True,,端点最大距离且全时段按遮挡计损仍满足双向预算
T024,巡航,6947.829115671268,6967.630867261285,中继,R006,1675,PASS,worst_obstruction_endpoint_distance,1.7643695011399814,1618.341917775288,True,,端点最大距离且全时段按遮挡计损仍满足双向预算
T024,巡航,6967.630867261285,6987.432618851302,中继,R006,1676,PASS,worst_obstruction_endpoint_distance,2.7344449424416126,1447.3264907303771,True,,端点最大距离且全时段按遮挡计损仍满足双向预算
T024,巡航,6987.432618851302,7007.23437044132,中继,R006,1677,PASS,worst_obstruction_endpoint_distance,3.6838893576352802,1297.4609343359575,True,,端点最大距离且全时段按遮挡计损仍满足双向预算
T024,巡航,7007.23437044132,7027.036122031337,直连,,1678,PASS,worst_obstruction_endpoint_distance,0.3304664214118418,3808.600650209204,True,,端点最大距离且全时段按遮挡计损仍满足双向预算
T024,巡航,7027.036122031337,7046.837873621354,直连,,1679,PASS,worst_obstruction_endpoint_distance,0.8889491867091692,3571.423064102844,True,,端点最大距离且全时段按遮挡计损仍满足双向预算
T024,巡航,7046.837873621354,7066.639625211372,直连,,1680,PASS,worst_obstruction_endpoint_distance,1.4856592555871657,3334.3086225260663,True,,端点最大距离且全时段按遮挡计损仍满足双向预算
T024,巡航,7066.639625211372,7086.441376801389,直连,,1681,PASS,worst_obstruction_endpoint_distance,2.126188720101837,3097.271827773278,True,,端点最大距离且全时段按遮挡计损仍满足双向预算
T024,巡航,7086.441376801389,7106.243128391406,直连,,1682,PASS,worst_obstruction_endpoint_distance,2.8174463188957475,2860.3319837737295,True,,端点最大距离且全时段按遮挡计损仍满足双向预算
T024,巡航,7106.243128391406,7126.044879981423,直连,,1683,PASS,worst_obstruction_endpoint_distance,3.5681029457611544,2623.5153586547776,True,,端点最大距离且全时段按遮挡计损仍满足双向预算
T024,巡航,7126.044879981423,7145.84663157144,直连,,1684,PASS,worst_obstruction_endpoint_distance,4.389241226516177,2386.858628870974,True,,端点最大距离且全时段按遮挡计损仍满足双向预算
T024,巡航,7145.84663157144,7165.648383161458,直连,,1685,PASS,worst_obstruction_endpoint_distance,5.295331225516634,2150.4145853182317,True,,端点最大距离且全时段按遮挡计损仍满足双向预算
T024,巡航,7165.648383161458,7185.450134751475,直连,,1686,PASS,worst_obstruction_endpoint_distance,6.305747415786726,1914.262040762008,True,,端点最大距离且全时段按遮挡计损仍满足双向预算
T024,巡航,7185.450134751475,7205.2518863414925,直连,,1687,PASS,worst_obstruction_endpoint_distance,7.447223888085361,1678.5240332121805,True,,端点最大距离且全时段按遮挡计损仍满足双向预算
T024,巡航,7205.2518863414925,7225.05363793151,直连,,1688,PASS,worst_obstruction_endpoint_distance,8.758018973598169,1443.4036846490144,True,,端点最大距离且全时段按遮挡计损仍满足双向预算
T024,巡航,7225.05363793151,7244.855389521527,直连,,1689,PASS,worst_obstruction_endpoint_distance,10.295371872402796,1209.2613286886824,True,,端点最大距离且全时段按遮挡计损仍满足双向预算
T024,巡航,7244.855389521527,7264.657141111545,直连,,1690,PASS,worst_obstruction_endpoint_distance,12.149657674161418,976.8005030112829,True,,端点最大距离且全时段按遮挡计损仍满足双向预算
T024,巡航,7264.657141111545,7284.458892701562,直连,,1691,PASS,worst_obstruction_endpoint_distance,14.472488605631625,747.5914537516687,True,,端点最大距离且全时段按遮挡计损仍满足双向预算
T024,巡航,7284.458892701562,7304.260644291579,直连,,1692,PASS,worst_obstruction_endpoint_distance,17.52765791771968,525.9032593345657,True,,端点最大距离且全时段按遮挡计损仍满足双向预算
T024,巡航,7304.260644291579,7324.062395881597,直连,,1693,PASS,worst_obstruction_endpoint_distance,21.644516402094226,327.38813670127615,True,,端点最大距离且全时段按遮挡计损仍满足双向预算
T024,下降,7324.062395881597,7343.6791424636285,直连,,1694,PASS,worst_obstruction_endpoint_distance,24.894047506859238,225.20933227539103,True,,端点最大距离且全时段按遮挡计损仍满足双向预算
T024,下降,7343.6791424636285,7363.295889045659,直连,,1695,PASS,worst_obstruction_endpoint_distance,27.027261025146785,176.16746582031192,True,,端点最大距离且全时段按遮挡计损仍满足双向预算
T024,下降,7363.295889045659,7382.91263562769,直连,,1696,PASS,worst_obstruction_endpoint_distance,29.861114895269765,127.12559936523508,True,,端点最大距离且全时段按遮挡计损仍满足双向预算
T024,下降,7382.91263562769,7402.529382209722,直连,,1697,PASS,worst_obstruction_endpoint_distance,34.094563820666124,78.08373291015823,True,,端点最大距离且全时段按遮挡计损仍满足双向预算
T024,下降,7402.529382209722,7422.146128791754,直连,,1698,PASS,worst_obstruction_endpoint_distance,42.68528468478418,29.041866455079116,True,,端点最大距离且全时段按遮挡计损仍满足双向预算
T025,爬升,5641.0,5657.34728881836,直连,,1699,PASS,worst_obstruction_endpoint_distance,42.68528468478428,29.041866455078775,True,,端点最大距离且全时段按遮挡计损仍满足双向预算
T025,爬升,5657.34728881836,5673.694577636718,直连,,1700,PASS,worst_obstruction_endpoint_distance,34.09456382066651,78.08373291015477,True,,端点最大距离且全时段按遮挡计损仍满足双向预算
T025,爬升,5673.694577636718,5690.041866455078,直连,,1701,PASS,worst_obstruction_endpoint_distance,29.861114895269864,127.12559936523354,True,,端点最大距离且全时段按遮挡计损仍满足双向预算
T025,爬升,5690.041866455078,5706.389155273438,直连,,1702,PASS,worst_obstruction_endpoint_distance,27.02726102514677,176.16746582031232,True,,端点最大距离且全时段按遮挡计损仍满足双向预算
T025,爬升,5706.389155273438,5722.736444091797,直连,,1703,PASS,worst_obstruction_endpoint_distance,24.894047506859238,225.20933227539103,True,,端点最大距离且全时段按遮挡计损仍满足双向预算
T025,巡航,5722.736444091797,5742.538195681815,直连,,1704,PASS,worst_obstruction_endpoint_distance,21.644516402094226,327.38813670127615,True,,端点最大距离且全时段按遮挡计损仍满足双向预算
T025,巡航,5742.538195681815,5762.339947271832,直连,,1705,PASS,worst_obstruction_endpoint_distance,17.52765791771968,525.9032593345657,True,,端点最大距离且全时段按遮挡计损仍满足双向预算
T025,巡航,5762.339947271832,5782.141698861849,直连,,1706,PASS,worst_obstruction_endpoint_distance,14.472488605631625,747.5914537516687,True,,端点最大距离且全时段按遮挡计损仍满足双向预算
T025,巡航,5782.141698861849,5801.943450451867,直连,,1707,PASS,worst_obstruction_endpoint_distance,12.149657674161418,976.8005030112829,True,,端点最大距离且全时段按遮挡计损仍满足双向预算
T025,巡航,5801.943450451867,5821.745202041884,直连,,1708,PASS,worst_obstruction_endpoint_distance,10.295371872402796,1209.2613286886824,True,,端点最大距离且全时段按遮挡计损仍满足双向预算
T025,巡航,5821.745202041884,5841.5469536319015,直连,,1709,PASS,worst_obstruction_endpoint_distance,8.758018973598169,1443.4036846490144,True,,端点最大距离且全时段按遮挡计损仍满足双向预算
T025,巡航,5841.5469536319015,5861.348705221919,直连,,1710,PASS,worst_obstruction_endpoint_distance,7.447223888085361,1678.5240332121805,True,,端点最大距离且全时段按遮挡计损仍满足双向预算
T025,巡航,5861.348705221919,5881.150456811935,直连,,1711,PASS,worst_obstruction_endpoint_distance,6.305747415786783,1914.2620407619952,True,,端点最大距离且全时段按遮挡计损仍满足双向预算
T025,巡航,5881.150456811935,5900.952208401953,直连,,1712,PASS,worst_obstruction_endpoint_distance,5.295331225516634,2150.4145853182317,True,,端点最大距离且全时段按遮挡计损仍满足双向预算
T025,巡航,5900.952208401953,5920.75395999197,直连,,1713,PASS,worst_obstruction_endpoint_distance,4.389241226516177,2386.858628870974,True,,端点最大距离且全时段按遮挡计损仍满足双向预算
T025,巡航,5920.75395999197,5940.555711581987,直连,,1714,PASS,worst_obstruction_endpoint_distance,3.5681029457611544,2623.5153586547776,True,,端点最大距离且全时段按遮挡计损仍满足双向预算
T025,巡航,5940.555711581987,5960.357463172005,直连,,1715,PASS,worst_obstruction_endpoint_distance,2.8174463188957475,2860.3319837737295,True,,端点最大距离且全时段按遮挡计损仍满足双向预算
T025,巡航,5960.357463172005,5980.159214762022,直连,,1716,PASS,worst_obstruction_endpoint_distance,2.126188720101837,3097.271827773278,True,,端点最大距离且全时段按遮挡计损仍满足双向预算
T025,巡航,5980.159214762022,5999.96096635204,直连,,1717,PASS,worst_obstruction_endpoint_distance,1.4856592555871657,3334.3086225260663,True,,端点最大距离且全时段按遮挡计损仍满足双向预算
T025,巡航,5999.96096635204,6019.762717942057,直连,,1718,PASS,worst_obstruction_endpoint_distance,0.8889491867091692,3571.423064102844,True,,端点最大距离且全时段按遮挡计损仍满足双向预算
T025,巡航,6019.762717942057,6039.564469532074,直连,,1719,PASS,worst_obstruction_endpoint_distance,0.3304664214118418,3808.600650209204,True,,端点最大距离且全时段按遮挡计损仍满足双向预算
T025,巡航,6039.564469532074,6059.366221122092,中继,R006,1720,PASS,worst_obstruction_endpoint_distance,3.6838893576352802,1297.4609343359575,True,,端点最大距离且全时段按遮挡计损仍满足双向预算
T025,巡航,6059.366221122092,6079.167972712109,中继,R006,1721,PASS,worst_obstruction_endpoint_distance,2.7344449424416126,1447.3264907303771,True,,端点最大距离且全时段按遮挡计损仍满足双向预算
T025,巡航,6079.167972712109,6098.969724302126,中继,R006,1722,PASS,worst_obstruction_endpoint_distance,1.7643695011399814,1618.341917775288,True,,端点最大距离且全时段按遮挡计损仍满足双向预算
T025,巡航,6098.969724302126,6118.771475892144,中继,R006,1723,PASS,worst_obstruction_endpoint_distance,0.8186182289970105,1804.5039906593663,True,,端点最大距离且全时段按遮挡计损仍满足双向预算
T025,巡航,6118.771475892144,6138.573227482161,中继,R007,1724,PASS,worst_obstruction_endpoint_distance,0.6404902535078492,1841.8923563332646,True,,端点最大距离且全时段按遮挡计损仍满足双向预算
T025,巡航,6138.573227482161,6158.374979072179,中继,R007,1725,PASS,worst_obstruction_endpoint_distance,1.717107524880987,1627.1716989170284,True,,端点最大距离且全时段按遮挡计损仍满足双向预算
T025,巡航,6158.374979072179,6178.176730662196,中继,R007,1726,PASS,worst_obstruction_endpoint_distance,2.901439677093805,1419.7660091050504,True,,端点最大距离且全时段按遮挡计损仍满足双向预算
T025,巡航,6178.176730662196,6197.978482252213,中继,R007,1727,PASS,worst_obstruction_endpoint_distance,4.1943962385888085,1223.401324537965,True,,端点最大距离且全时段按遮挡计损仍满足双向预算
T025,巡航,6197.978482252213,6217.780233842231,中继,R007,1728,PASS,worst_obstruction_endpoint_distance,5.569066160540828,1044.3244603909466,True,,端点最大距离且全时段按遮挡计损仍满足双向预算
T025,巡航,6217.780233842231,6237.581985432248,中继,R007,1729,PASS,worst_obstruction_endpoint_distance,6.9287740152047945,892.9971185155161,True,,端点最大距离且全时段按遮挡计损仍满足双向预算
T025,巡航,6237.581985432248,6257.383737022265,中继,R007,1730,PASS,worst_obstruction_endpoint_distance,8.041504549062907,785.6218086338419,True,,端点最大距离且全时段按遮挡计损仍满足双向预算
T025,巡航,6257.383737022265,6277.185488612283,中继,R007,1731,PASS,worst_obstruction_endpoint_distance,8.196959961646911,771.6862468004886,True,,端点最大距离且全时段按遮挡计损仍满足双向预算
T025,巡航,6277.185488612283,6296.9872402023,中继,R007,1732,PASS,worst_obstruction_endpoint_distance,7.171831731322925,868.3547249121223,True,,端点最大距离且全时段按遮挡计损仍满足双向预算
T025,巡航,6296.9872402023,6316.788991792318,中继,R007,1733,PASS,worst_obstruction_endpoint_distance,5.836385950059025,1012.6735359784033,True,,端点最大距离且全时段按遮挡计损仍满足双向预算
T025,巡航,6316.788991792318,6336.590743382335,中继,R007,1734,PASS,worst_obstruction_endpoint_distance,4.453882973218143,1187.3933426130177,True,,端点最大距离且全时段按遮挡计损仍满足双向预算
T025,巡航,6336.590743382335,6356.392494972352,中继,R007,1735,PASS,worst_obstruction_endpoint_distance,3.141754247094937,1381.0234274300049,True,,端点最大距离且全时段按遮挡计损仍满足双向预算
T025,巡航,6356.392494972352,6376.19424656237,中继,R007,1736,PASS,worst_obstruction_endpoint_distance,1.9361218424825637,1586.6555900874666,True,,端点最大距离且全时段按遮挡计损仍满足双向预算
T025,巡航,6376.19424656237,6395.995998152387,中继,R007,1737,PASS,worst_obstruction_endpoint_distance,0.8394489047696396,1800.181577902523,True,,端点最大距离且全时段按遮挡计损仍满足双向预算
T025,下降,6395.995998152387,6409.597242455772,中继,R007,1738,PASS,worst_obstruction_endpoint_distance,0.8284758755184782,1802.4572144371423,True,,端点最大距离且全时段按遮挡计损仍满足双向预算
T025,下降,6409.597242455772,6423.198486759158,中继,R007,1739,PASS,worst_obstruction_endpoint_distance,0.8144482146368262,1805.3705241351129,True,,端点最大距离且全时段按遮挡计损仍满足双向预算
T025,下降,6423.198486759158,6436.799731062543,中继,R007,1740,PASS,worst_obstruction_endpoint_distance,0.7973955137346138,1808.9184260319166,True,,端点最大距离且全时段按遮挡计损仍满足双向预算
T025,投送,6436.799731062543,6456.799731062543,中继,R007,1741,PASS,exact_point,0.7973955137346138,1808.9184260319166,,,独立计算 DEM 遮挡、自由空间损耗与双向预算
T025,投送,6456.799731062543,6476.799731062543,中继,R007,1742,PASS,exact_point,0.7973955137346138,1808.9184260319166,,,独立计算 DEM 遮挡、自由空间损耗与双向预算
T025,投送,6476.799731062543,6496.799731062543,中继,R007,1743,PASS,exact_point,0.7973955137346138,1808.9184260319166,,,独立计算 DEM 遮挡、自由空间损耗与双向预算
T025,投送,6496.799731062543,6516.799731062543,中继,R007,1744,PASS,exact_point,0.7973955137346138,1808.9184260319166,,,独立计算 DEM 遮挡、自由空间损耗与双向预算
T025,投送,6516.799731062543,6536.799731062543,中继,R007,1745,PASS,exact_point,0.7973955137346138,1808.9184260319166,,,独立计算 DEM 遮挡、自由空间损耗与双向预算
T025,投送,6536.799731062543,6556.799731062543,中继,R007,1746,PASS,exact_point,0.7973955137346138,1808.9184260319166,,,独立计算 DEM 遮挡、自由空间损耗与双向预算
T025,投送,6556.799731062543,6576.799731062543,中继,R007,1747,PASS,exact_point,0.7973955137346138,1808.9184260319166,,,独立计算 DEM 遮挡、自由空间损耗与双向预算
T025,投送,6576.799731062543,6596.799731062543,中继,R007,1748,PASS,exact_point,0.7973955137346138,1808.9184260319166,,,独立计算 DEM 遮挡、自由空间损耗与双向预算
T025,投送,6596.799731062543,6616.799731062543,中继,R007,1749,PASS,exact_point,0.7973955137346138,1808.9184260319166,,,独立计算 DEM 遮挡、自由空间损耗与双向预算
T025,爬升,6616.799731062543,6633.801286441775,中继,R007,1750,PASS,worst_obstruction_endpoint_distance,0.7973955137346138,1808.9184260319166,True,,端点最大距离且全时段按遮挡计损仍满足双向预算
T025,爬升,6633.801286441775,6650.802841821007,中继,R007,1751,PASS,worst_obstruction_endpoint_distance,0.8218421697135057,1803.8343373937876,True,,端点最大距离且全时段按遮挡计损仍满足双向预算
T025,巡航,6650.802841821007,6670.604593411024,中继,R007,1752,PASS,worst_obstruction_endpoint_distance,0.8394489047696396,1800.181577902523,True,,端点最大距离且全时段按遮挡计损仍满足双向预算
T025,巡航,6670.604593411024,6690.406345001042,中继,R007,1753,PASS,worst_obstruction_endpoint_distance,1.9361218424825637,1586.6555900874666,True,,端点最大距离且全时段按遮挡计损仍满足双向预算
T025,巡航,6690.406345001042,6710.208096591059,中继,R007,1754,PASS,worst_obstruction_endpoint_distance,3.141754247094937,1381.0234274300049,True,,端点最大距离且全时段按遮挡计损仍满足双向预算
T025,巡航,6710.208096591059,6730.009848181076,中继,R007,1755,PASS,worst_obstruction_endpoint_distance,4.453882973218143,1187.3933426130177,True,,端点最大距离且全时段按遮挡计损仍满足双向预算
T025,巡航,6730.009848181076,6749.811599771094,中继,R007,1756,PASS,worst_obstruction_endpoint_distance,5.836385950059025,1012.6735359784033,True,,端点最大距离且全时段按遮挡计损仍满足双向预算
T025,巡航,6749.811599771094,6769.613351361111,中继,R007,1757,PASS,worst_obstruction_endpoint_distance,7.171831731322925,868.3547249121223,True,,端点最大距离且全时段按遮挡计损仍满足双向预算
T025,巡航,6769.613351361111,6789.415102951129,中继,R007,1758,PASS,worst_obstruction_endpoint_distance,8.196959961646911,771.6862468004886,True,,端点最大距离且全时段按遮挡计损仍满足双向预算
T025,巡航,6789.415102951129,6809.216854541146,中继,R007,1759,PASS,worst_obstruction_endpoint_distance,8.041504549062907,785.6218086338419,True,,端点最大距离且全时段按遮挡计损仍满足双向预算
T025,巡航,6809.216854541146,6829.018606131163,中继,R007,1760,PASS,worst_obstruction_endpoint_distance,6.9287740152047945,892.9971185155161,True,,端点最大距离且全时段按遮挡计损仍满足双向预算
T025,巡航,6829.018606131163,6848.820357721181,中继,R007,1761,PASS,worst_obstruction_endpoint_distance,5.569066160540828,1044.3244603909466,True,,端点最大距离且全时段按遮挡计损仍满足双向预算
T025,巡航,6848.820357721181,6868.622109311198,中继,R007,1762,PASS,worst_obstruction_endpoint_distance,4.1943962385888085,1223.401324537965,True,,端点最大距离且全时段按遮挡计损仍满足双向预算
T025,巡航,6868.622109311198,6888.423860901215,中继,R007,1763,PASS,worst_obstruction_endpoint_distance,2.901439677093805,1419.7660091050504,True,,端点最大距离且全时段按遮挡计损仍满足双向预算
T025,巡航,6888.423860901215,6908.225612491233,中继,R007,1764,PASS,worst_obstruction_endpoint_distance,1.717107524880987,1627.1716989170284,True,,端点最大距离且全时段按遮挡计损仍满足双向预算
T025,巡航,6908.225612491233,6928.02736408125,中继,R007,1765,PASS,worst_obstruction_endpoint_distance,0.6404902535078492,1841.8923563332646,True,,端点最大距离且全时段按遮挡计损仍满足双向预算
T025,巡航,6928.02736408125,6947.829115671268,中继,R006,1766,PASS,worst_obstruction_endpoint_distance,0.8186182289970105,1804.5039906593663,True,,端点最大距离且全时段按遮挡计损仍满足双向预算
T025,巡航,6947.829115671268,6967.630867261285,中继,R006,1767,PASS,worst_obstruction_endpoint_distance,1.7643695011399814,1618.341917775288,True,,端点最大距离且全时段按遮挡计损仍满足双向预算
T025,巡航,6967.630867261285,6987.432618851302,中继,R006,1768,PASS,worst_obstruction_endpoint_distance,2.7344449424416126,1447.3264907303771,True,,端点最大距离且全时段按遮挡计损仍满足双向预算
T025,巡航,6987.432618851302,7007.23437044132,中继,R006,1769,PASS,worst_obstruction_endpoint_distance,3.6838893576352802,1297.4609343359575,True,,端点最大距离且全时段按遮挡计损仍满足双向预算
T025,巡航,7007.23437044132,7027.036122031337,直连,,1770,PASS,worst_obstruction_endpoint_distance,0.3304664214118418,3808.600650209204,True,,端点最大距离且全时段按遮挡计损仍满足双向预算
T025,巡航,7027.036122031337,7046.837873621354,直连,,1771,PASS,worst_obstruction_endpoint_distance,0.8889491867091692,3571.423064102844,True,,端点最大距离且全时段按遮挡计损仍满足双向预算
T025,巡航,7046.837873621354,7066.639625211372,直连,,1772,PASS,worst_obstruction_endpoint_distance,1.4856592555871657,3334.3086225260663,True,,端点最大距离且全时段按遮挡计损仍满足双向预算
T025,巡航,7066.639625211372,7086.441376801389,直连,,1773,PASS,worst_obstruction_endpoint_distance,2.126188720101837,3097.271827773278,True,,端点最大距离且全时段按遮挡计损仍满足双向预算
T025,巡航,7086.441376801389,7106.243128391406,直连,,1774,PASS,worst_obstruction_endpoint_distance,2.8174463188957475,2860.3319837737295,True,,端点最大距离且全时段按遮挡计损仍满足双向预算
T025,巡航,7106.243128391406,7126.044879981423,直连,,1775,PASS,worst_obstruction_endpoint_distance,3.5681029457611544,2623.5153586547776,True,,端点最大距离且全时段按遮挡计损仍满足双向预算
T025,巡航,7126.044879981423,7145.84663157144,直连,,1776,PASS,worst_obstruction_endpoint_distance,4.389241226516177,2386.858628870974,True,,端点最大距离且全时段按遮挡计损仍满足双向预算
T025,巡航,7145.84663157144,7165.648383161458,直连,,1777,PASS,worst_obstruction_endpoint_distance,5.295331225516634,2150.4145853182317,True,,端点最大距离且全时段按遮挡计损仍满足双向预算
T025,巡航,7165.648383161458,7185.450134751475,直连,,1778,PASS,worst_obstruction_endpoint_distance,6.305747415786726,1914.262040762008,True,,端点最大距离且全时段按遮挡计损仍满足双向预算
T025,巡航,7185.450134751475,7205.2518863414925,直连,,1779,PASS,worst_obstruction_endpoint_distance,7.447223888085361,1678.5240332121805,True,,端点最大距离且全时段按遮挡计损仍满足双向预算
T025,巡航,7205.2518863414925,7225.05363793151,直连,,1780,PASS,worst_obstruction_endpoint_distance,8.758018973598169,1443.4036846490144,True,,端点最大距离且全时段按遮挡计损仍满足双向预算
T025,巡航,7225.05363793151,7244.855389521527,直连,,1781,PASS,worst_obstruction_endpoint_distance,10.295371872402796,1209.2613286886824,True,,端点最大距离且全时段按遮挡计损仍满足双向预算
T025,巡航,7244.855389521527,7264.657141111545,直连,,1782,PASS,worst_obstruction_endpoint_distance,12.149657674161418,976.8005030112829,True,,端点最大距离且全时段按遮挡计损仍满足双向预算
T025,巡航,7264.657141111545,7284.458892701562,直连,,1783,PASS,worst_obstruction_endpoint_distance,14.472488605631625,747.5914537516687,True,,端点最大距离且全时段按遮挡计损仍满足双向预算
T025,巡航,7284.458892701562,7304.260644291579,直连,,1784,PASS,worst_obstruction_endpoint_distance,17.52765791771968,525.9032593345657,True,,端点最大距离且全时段按遮挡计损仍满足双向预算
T025,巡航,7304.260644291579,7324.062395881597,直连,,1785,PASS,worst_obstruction_endpoint_distance,21.644516402094226,327.38813670127615,True,,端点最大距离且全时段按遮挡计损仍满足双向预算
T025,下降,7324.062395881597,7343.6791424636285,直连,,1786,PASS,worst_obstruction_endpoint_distance,24.894047506859238,225.20933227539103,True,,端点最大距离且全时段按遮挡计损仍满足双向预算
T025,下降,7343.6791424636285,7363.295889045659,直连,,1787,PASS,worst_obstruction_endpoint_distance,27.027261025146785,176.16746582031192,True,,端点最大距离且全时段按遮挡计损仍满足双向预算
T025,下降,7363.295889045659,7382.91263562769,直连,,1788,PASS,worst_obstruction_endpoint_distance,29.861114895269765,127.12559936523508,True,,端点最大距离且全时段按遮挡计损仍满足双向预算
T025,下降,7382.91263562769,7402.529382209722,直连,,1789,PASS,worst_obstruction_endpoint_distance,34.094563820666124,78.08373291015823,True,,端点最大距离且全时段按遮挡计损仍满足双向预算
T025,下降,7402.529382209722,7422.146128791754,直连,,1790,PASS,worst_obstruction_endpoint_distance,42.68528468478418,29.041866455079116,True,,端点最大距离且全时段按遮挡计损仍满足双向预算
T026,爬升,5719.0,5735.559240722656,直连,,1791,PASS,worst_obstruction_endpoint_distance,42.49716386964229,29.677722167967403,True,,端点最大距离且全时段按遮挡计损仍满足双向预算
T026,爬升,5735.559240722656,5752.118481445313,直连,,1792,PASS,worst_obstruction_endpoint_distance,33.95424061100921,79.35544433593753,True,,端点最大距离且全时段按遮挡计损仍满足双向预算
T026,爬升,5752.118481445313,5768.677722167969,直连,,1793,PASS,worst_obstruction_endpoint_distance,29.731748063926233,129.0331665039049,True,,端点最大距离且全时段按遮挡计损仍满足双向预算
T026,爬升,5768.677722167969,5785.236962890625,直连,,1794,PASS,worst_obstruction_endpoint_distance,26.902754877149746,178.710888671875,True,,端点最大距离且全时段按遮挡计损仍满足双向预算
T026,巡航,5785.236962890625,5804.794895073569,直连,,1795,PASS,worst_obstruction_endpoint_distance,21.226846823481353,343.5155626257681,True,,端点最大距离且全时段按遮挡计损仍满足双向预算
T026,巡航,5804.794895073569,5824.352827256513,直连,,1796,PASS,worst_obstruction_endpoint_distance,16.19159854535019,613.3506516465615,True,,端点最大距离且全时段按遮挡计损仍满足双向预算
T026,巡航,5824.352827256513,5843.910759439457,直连,,1797,PASS,worst_obstruction_endpoint_distance,12.879592400811816,898.0678270917992,True,,端点最大距离且全时段按遮挡计损仍满足双向预算
T026,巡航,5843.910759439457,5863.468691622401,直连,,1798,PASS,worst_obstruction_endpoint_distance,10.456716578783727,1187.0060413963242,True,,端点最大距离且全时段按遮挡计损仍满足双向预算
T026,巡航,5863.468691622401,5883.026623805345,直连,,1799,PASS,worst_obstruction_endpoint_distance,8.554100828864037,1477.691301536886,True,,端点最大距离且全时段按遮挡计损仍满足双向预算
T026,巡航,5883.026623805345,5902.584555988288,直连,,1800,PASS,worst_obstruction_endpoint_distance,6.989928674066292,1769.2627117074003,True,,端点最大距离且全时段按遮挡计损仍满足双向预算
T026,巡航,5902.584555988288,5922.142488171233,直连,,1801,PASS,worst_obstruction_endpoint_distance,5.662764533403006,2061.3442758335245,True,,端点最大距离且全时段按遮挡计损仍满足双向预算
T026,巡航,5922.142488171233,5941.7004203541765,直连,,1802,PASS,worst_obstruction_endpoint_distance,4.510582959293117,2353.74608317376,True,,端点最大距离且全时段按遮挡计损仍满足双向预算
T026,巡航,5941.7004203541765,5961.25835253712,直连,,1803,PASS,worst_obstruction_endpoint_distance,3.492790187069943,2646.361982925317,True,,端点最大距离且全时段按遮挡计损仍满足双向预算
T026,巡航,5961.25835253712,5980.816284720064,直连,,1804,PASS,worst_obstruction_endpoint_distance,2.5814050697037914,2939.128031468544,True,,端点最大距离且全时段按遮挡计损仍满足双向预算
T026,巡航,5980.816284720064,6000.374216903008,直连,,1805,PASS,worst_obstruction_endpoint_distance,1.756338916276647,3232.003426069633,True,,端点最大距离且全时段按遮挡计损仍满足双向预算
T026,巡航,6000.374216903008,6019.932149085952,直连,,1806,PASS,worst_obstruction_endpoint_distance,1.0026890572529226,3524.960911409265,True,,端点最大距离且全时段按遮挡计损仍满足双向预算
T026,巡航,6019.932149085952,6039.490081268896,直连,,1807,PASS,worst_obstruction_endpoint_distance,0.3090985653005305,3817.9815908238766,True,,端点最大距离且全时段按遮挡计损仍满足双向预算
T026,巡航,6039.490081268896,6059.04801345184,中继,R006,1808,PASS,worst_obstruction_endpoint_distance,7.766740961877289,810.8708909826305,True,,端点最大距离且全时段按遮挡计损仍满足双向预算
T026,巡航,6059.04801345184,6078.605945634784,中继,R006,1809,PASS,worst_obstruction_endpoint_distance,5.372637576100061,1068.2105908139624,True,,端点最大距离且全时段按遮挡计损仍满足双向预算
T026,巡航,6078.605945634784,6098.163877817728,中继,R006,1810,PASS,worst_obstruction_endpoint_distance,3.400857900205878,1340.4353214105083,True,,端点最大距离且全时段按遮挡计损仍满足双向预算
T026,巡航,6098.163877817728,6117.721810000672,中继,R007,1811,PASS,worst_obstruction_endpoint_distance,0.686319141278446,1832.1996727020219,True,,端点最大距离且全时段按遮挡计损仍满足双向预算
T026,巡航,6117.721810000672,6137.279742183616,中继,R007,1812,PASS,worst_obstruction_endpoint_distance,2.136735891699246,1550.429287953722,True,,端点最大距离且全时段按遮挡计损仍满足双向预算
T026,下降,6137.279742183616,6154.801194006533,中继,R007,1813,PASS,worst_obstruction_endpoint_distance,3.802898216986918,1279.8051322590784,True,,端点最大距离且全时段按遮挡计损仍满足双向预算
T026,下降,6154.801194006533,6172.322645829449,中继,R007,1814,PASS,worst_obstruction_endpoint_distance,3.753066873679316,1287.1685343124955,True,,端点最大距离且全时段按遮挡计损仍满足双向预算
T026,下降,6172.322645829449,6189.844097652365,中继,R007,1815,PASS,worst_obstruction_endpoint_distance,3.6938664514362216,1295.9714544759318,True,,端点最大距离且全时段按遮挡计损仍满足双向预算
T026,投送,6189.844097652365,6208.935006743275,中继,R007,1816,PASS,exact_point,13.693866451436222,1295.9714544759318,,,独立计算 DEM 遮挡、自由空间损耗与双向预算
T026,投送,6208.935006743275,6228.025915834184,中继,R007,1817,PASS,exact_point,13.693866451436222,1295.9714544759318,,,独立计算 DEM 遮挡、自由空间损耗与双向预算
T026,投送,6228.025915834184,6247.116824925093,中继,R007,1818,PASS,exact_point,13.693866451436222,1295.9714544759318,,,独立计算 DEM 遮挡、自由空间损耗与双向预算
T026,投送,6247.116824925093,6266.207734016002,中继,R007,1819,PASS,exact_point,13.693866451436222,1295.9714544759318,,,独立计算 DEM 遮挡、自由空间损耗与双向预算
T026,投送,6266.207734016002,6285.298643106911,中继,R007,1820,PASS,exact_point,13.693866451436222,1295.9714544759318,,,独立计算 DEM 遮挡、自由空间损耗与双向预算
T026,投送,6285.298643106911,6304.38955219782,中继,R007,1821,PASS,exact_point,13.693866451436222,1295.9714544759318,,,独立计算 DEM 遮挡、自由空间损耗与双向预算
T026,投送,6304.38955219782,6323.480461288729,中继,R007,1822,PASS,exact_point,13.693866451436222,1295.9714544759318,,,独立计算 DEM 遮挡、自由空间损耗与双向预算
T026,投送,6323.480461288729,6342.571370379638,中继,R007,1823,PASS,exact_point,13.693866451436222,1295.9714544759318,,,独立计算 DEM 遮挡、自由空间损耗与双向预算
T026,投送,6342.571370379638,6361.662279470547,中继,R007,1824,PASS,exact_point,13.693866451436222,1295.9714544759318,,,独立计算 DEM 遮挡、自由空间损耗与双向预算
T026,投送,6361.662279470547,6380.753188561456,中继,R007,1825,PASS,exact_point,13.693866451436222,1295.9714544759318,,,独立计算 DEM 遮挡、自由空间损耗与双向预算
T026,投送,6380.753188561456,6399.844097652365,中继,R007,1826,PASS,exact_point,13.693866451436222,1295.9714544759318,,,独立计算 DEM 遮挡、自由空间损耗与双向预算
T026,爬升,6399.844097652365,6414.445307504797,中继,R007,1827,PASS,worst_obstruction_endpoint_distance,3.6938664514362216,1295.9714544759318,True,,端点最大距离且全时段按遮挡计损仍满足双向预算
T026,爬升,6414.445307504797,6429.046517357227,中继,R007,1828,PASS,worst_obstruction_endpoint_distance,3.7530668736793302,1287.1685343124948,True,,端点最大距离且全时段按遮挡计损仍满足双向预算
T026,爬升,6429.046517357227,6443.647727209657,中继,R007,1829,PASS,worst_obstruction_endpoint_distance,3.802898216986918,1279.8051322590784,True,,端点最大距离且全时段按遮挡计损仍满足双向预算
T026,巡航,6443.647727209657,6463.205659392601,中继,R007,1830,PASS,worst_obstruction_endpoint_distance,2.136735891699246,1550.429287953722,True,,端点最大距离且全时段按遮挡计损仍满足双向预算
T026,巡航,6463.205659392601,6482.763591575545,中继,R007,1831,PASS,worst_obstruction_endpoint_distance,0.686319141278446,1832.1996727020219,True,,端点最大距离且全时段按遮挡计损仍满足双向预算
T026,巡航,6482.763591575545,6502.321523758489,中继,R006,1832,PASS,worst_obstruction_endpoint_distance,3.400857900205878,1340.4353214105083,True,,端点最大距离且全时段按遮挡计损仍满足双向预算
T026,巡航,6502.321523758489,6521.879455941433,中继,R006,1833,PASS,worst_obstruction_endpoint_distance,5.372637576100061,1068.2105908139624,True,,端点最大距离且全时段按遮挡计损仍满足双向预算
T026,巡航,6521.879455941433,6541.437388124377,中继,R006,1834,PASS,worst_obstruction_endpoint_distance,7.766740961877289,810.8708909826305,True,,端点最大距离且全时段按遮挡计损仍满足双向预算
T026,巡航,6541.437388124377,6560.995320307321,直连,,1835,PASS,worst_obstruction_endpoint_distance,0.3090985653005305,3817.9815908238766,True,,端点最大距离且全时段按遮挡计损仍满足双向预算
T026,巡航,6560.995320307321,6580.553252490265,直连,,1836,PASS,worst_obstruction_endpoint_distance,1.0026890572529226,3524.960911409265,True,,端点最大距离且全时段按遮挡计损仍满足双向预算
T026,巡航,6580.553252490265,6600.111184673209,直连,,1837,PASS,worst_obstruction_endpoint_distance,1.756338916276647,3232.003426069633,True,,端点最大距离且全时段按遮挡计损仍满足双向预算
T026,巡航,6600.111184673209,6619.669116856153,直连,,1838,PASS,worst_obstruction_endpoint_distance,2.5814050697037914,2939.128031468544,True,,端点最大距离且全时段按遮挡计损仍满足双向预算
T026,巡航,6619.669116856153,6639.2270490390965,直连,,1839,PASS,worst_obstruction_endpoint_distance,3.492790187069943,2646.361982925317,True,,端点最大距离且全时段按遮挡计损仍满足双向预算
T026,巡航,6639.2270490390965,6658.784981222041,直连,,1840,PASS,worst_obstruction_endpoint_distance,4.510582959293117,2353.74608317376,True,,端点最大距离且全时段按遮挡计损仍满足双向预算
T026,巡航,6658.784981222041,6678.342913404985,直连,,1841,PASS,worst_obstruction_endpoint_distance,5.662764533404953,2061.3442758330607,True,,端点最大距离且全时段按遮挡计损仍满足双向预算
T026,巡航,6678.342913404985,6697.900845587928,直连,,1842,PASS,worst_obstruction_endpoint_distance,6.989928674066292,1769.2627117074003,True,,端点最大距离且全时段按遮挡计损仍满足双向预算
T026,巡航,6697.900845587928,6717.458777770873,直连,,1843,PASS,worst_obstruction_endpoint_distance,8.554100828864037,1477.691301536886,True,,端点最大距离且全时段按遮挡计损仍满足双向预算
T026,巡航,6717.458777770873,6737.016709953816,直连,,1844,PASS,worst_obstruction_endpoint_distance,10.456716578783727,1187.0060413963242,True,,端点最大距离且全时段按遮挡计损仍满足双向预算
T026,巡航,6737.016709953816,6756.57464213676,直连,,1845,PASS,worst_obstruction_endpoint_distance,12.879592400811816,898.0678270917992,True,,端点最大距离且全时段按遮挡计损仍满足双向预算
T026,巡航,6756.57464213676,6776.132574319704,直连,,1846,PASS,worst_obstruction_endpoint_distance,16.19159854535019,613.3506516465615,True,,端点最大距离且全时段按遮挡计损仍满足双向预算
T026,巡航,6776.132574319704,6795.690506502648,直连,,1847,PASS,worst_obstruction_endpoint_distance,21.226846823481353,343.5155626257681,True,,端点最大距离且全时段按遮挡计损仍满足双向预算
T026,下降,6795.690506502648,6815.561595369836,直连,,1848,PASS,worst_obstruction_endpoint_distance,26.902754877149746,178.710888671875,True,,端点最大距离且全时段按遮挡计损仍满足双向预算
T026,下降,6815.561595369836,6835.432684237023,直连,,1849,PASS,worst_obstruction_endpoint_distance,29.73174806392629,129.033166503904,True,,端点最大距离且全时段按遮挡计损仍满足双向预算
T026,下降,6835.432684237023,6855.30377310421,直连,,1850,PASS,worst_obstruction_endpoint_distance,33.95424061100921,79.3554443359375,True,,端点最大距离且全时段按遮挡计损仍满足双向预算
T026,下降,6855.30377310421,6875.174861971398,直连,,1851,PASS,worst_obstruction_endpoint_distance,42.497163869641895,29.67772216796874,True,,端点最大距离且全时段按遮挡计损仍满足双向预算
T027,爬升,5850.0,5866.559240722656,直连,,1852,PASS,worst_obstruction_endpoint_distance,42.49716386964229,29.677722167967403,True,,端点最大距离且全时段按遮挡计损仍满足双向预算
T027,爬升,5866.559240722656,5883.118481445313,直连,,1853,PASS,worst_obstruction_endpoint_distance,33.95424061100921,79.35544433593753,True,,端点最大距离且全时段按遮挡计损仍满足双向预算
T027,爬升,5883.118481445313,5899.677722167969,直连,,1854,PASS,worst_obstruction_endpoint_distance,29.731748063926233,129.0331665039049,True,,端点最大距离且全时段按遮挡计损仍满足双向预算
T027,爬升,5899.677722167969,5916.236962890625,直连,,1855,PASS,worst_obstruction_endpoint_distance,26.902754877149746,178.710888671875,True,,端点最大距离且全时段按遮挡计损仍满足双向预算
T027,巡航,5916.236962890625,5935.3697226348095,直连,,1856,PASS,worst_obstruction_endpoint_distance,22.66947572970483,290.9477291053595,True,,端点最大距离且全时段按遮挡计损仍满足双向预算
T027,巡航,5935.3697226348095,5954.502482378994,直连,,1857,PASS,worst_obstruction_endpoint_distance,18.0934747436215,492.7368253916223,True,,端点最大距离且全时段按遮挡计损仍满足双向预算
T027,巡航,5954.502482378994,5973.635242123178,直连,,1858,PASS,worst_obstruction_endpoint_distance,14.901227776279285,711.5859581284601,True,,端点最大距离且全时段按遮挡计损仍满足双向预算
T027,巡航,5973.635242123178,5992.768001867362,直连,,1859,PASS,worst_obstruction_endpoint_distance,12.523979777991926,935.5990440341031,True,,端点最大距离且全时段按遮挡计损仍满足双向预算
T027,巡航,5992.768001867362,6011.900761611547,直连,,1860,PASS,worst_obstruction_endpoint_distance,10.643201374601844,1161.792823730982,True,,端点最大距离且全时段按遮挡计损仍满足双向预算
T027,巡航,6011.900761611547,6031.033521355731,直连,,1861,PASS,worst_obstruction_endpoint_distance,9.091089751738082,1389.1024289204595,True,,端点最大距离且全时段按遮挡计损仍满足双向预算
T027,巡航,6031.033521355731,6050.166281099915,直连,,1862,PASS,worst_obstruction_endpoint_distance,7.771266584701294,1617.0573735878716,True,,端点最大距离且全时段按遮挡计损仍满足双向预算
T027,巡航,6050.166281099915,6069.299040844099,直连,,1863,PASS,worst_obstruction_endpoint_distance,6.623877638458708,1845.4185269473276,True,,端点最大距离且全时段按遮挡计损仍满足双向预算
T027,巡航,6069.299040844099,6088.431800588283,直连,,1864,PASS,worst_obstruction_endpoint_distance,5.609383533516066,2074.051717872369,True,,端点最大距离且全时段按遮挡计损仍满足双向预算
T027,巡航,6088.431800588283,6107.564560332467,直连,,1865,PASS,worst_obstruction_endpoint_distance,4.700364382916447,2302.8759228199197,True,,端点最大距离且全时段按遮挡计损仍满足双向预算
T027,巡航,6107.564560332467,6126.697320076652,直连,,1866,PASS,worst_obstruction_endpoint_distance,3.8770522521858055,2531.839351554418,True,,端点最大距离且全时段按遮挡计损仍满足双向预算
T027,巡航,6126.697320076652,6145.8300798208365,直连,,1867,PASS,worst_obstruction_endpoint_distance,3.124738455292942,2760.907366598639,True,,端点最大距离且全时段按遮挡计损仍满足双向预算
T027,巡航,6145.8300798208365,6164.962839565021,直连,,1868,PASS,worst_obstruction_endpoint_distance,2.43218892238626,2990.0559309954597,True,,端点最大距离且全时段按遮挡计损仍满足双向预算
T027,巡航,6164.962839565021,6184.095599309205,直连,,1869,PASS,worst_obstruction_endpoint_distance,1.7906329329594257,3219.267844201529,True,,端点最大距离且全时段按遮挡计损仍满足双向预算
T027,巡航,6184.095599309205,6203.228359053389,直连,,1870,PASS,worst_obstruction_endpoint_distance,1.193093802111946,3448.530474509302,True,,端点最大距离且全时段按遮挡计损仍满足双向预算
T027,巡航,6203.228359053389,6222.361118797573,直连,,1871,PASS,worst_obstruction_endpoint_distance,0.6339319019954246,3677.834337380098,True,,端点最大距离且全时段按遮挡计损仍满足双向预算
T027,巡航,6222.361118797573,6241.493878541758,直连,,1872,PASS,worst_obstruction_endpoint_distance,0.10852418084870408,3907.172173258838,True,,端点最大距离且全时段按遮挡计损仍满足双向预算
T027,巡航,6241.493878541758,6260.626638285942,中继,R006,1873,PASS,worst_obstruction_endpoint_distance,7.540151958523239,832.3024256997542,True,,端点最大距离且全时段按遮挡计损仍满足双向预算
T027,巡航,6260.626638285942,6279.759398030126,中继,R006,1874,PASS,worst_obstruction_endpoint_distance,5.65909143670558,1033.5564140079887,True,,端点最大距离且全时段按遮挡计损仍满足双向预算
T027,巡航,6279.759398030126,6298.89215777431,中继,R006,1875,PASS,worst_obstruction_endpoint_distance,4.04476646249104,1244.6591472092684,True,,端点最大距离且全时段按遮挡计损仍满足双向预算
T027,巡航,6298.89215777431,6318.0249175184945,中继,R007,1876,PASS,worst_obstruction_endpoint_distance,0.2300545847181752,1931.0166971121935,True,,端点最大距离且全时段按遮挡计损仍满足双向预算
T027,巡航,6318.0249175184945,6337.1576772626795,中继,R007,1877,PASS,worst_obstruction_endpoint_distance,1.2898599580212817,1709.2113197141653,True,,端点最大距离且全时段按遮挡计损仍满足双向预算
T027,巡航,6337.1576772626795,6356.290437006864,中继,R007,1878,PASS,worst_obstruction_endpoint_distance,2.4834052890514045,1489.7674936157314,True,,端点最大距离且全时段按遮挡计损仍满足双向预算
T027,下降,6356.290437006864,6373.81188882978,中继,R007,1879,PASS,worst_obstruction_endpoint_distance,3.802898216986918,1279.8051322590784,True,,端点最大距离且全时段按遮挡计损仍满足双向预算
T027,下降,6373.81188882978,6391.333340652696,中继,R007,1880,PASS,worst_obstruction_endpoint_distance,3.7530668736793302,1287.168534312495,True,,端点最大距离且全时段按遮挡计损仍满足双向预算
T027,下降,6391.333340652696,6408.854792475613,中继,R007,1881,PASS,worst_obstruction_endpoint_distance,3.6938664514362216,1295.9714544759318,True,,端点最大距离且全时段按遮挡计损仍满足双向预算
T027,投送,6408.854792475613,6427.945701566522,中继,R007,1882,PASS,exact_point,13.693866451436222,1295.9714544759318,,,独立计算 DEM 遮挡、自由空间损耗与双向预算
T027,投送,6427.945701566522,6447.036610657431,中继,R007,1883,PASS,exact_point,13.693866451436222,1295.9714544759318,,,独立计算 DEM 遮挡、自由空间损耗与双向预算
T027,投送,6447.036610657431,6466.127519748341,中继,R007,1884,PASS,exact_point,13.693866451436222,1295.9714544759318,,,独立计算 DEM 遮挡、自由空间损耗与双向预算
T027,投送,6466.127519748341,6485.21842883925,中继,R007,1885,PASS,exact_point,13.693866451436222,1295.9714544759318,,,独立计算 DEM 遮挡、自由空间损耗与双向预算
T027,投送,6485.21842883925,6504.309337930159,中继,R007,1886,PASS,exact_point,13.693866451436222,1295.9714544759318,,,独立计算 DEM 遮挡、自由空间损耗与双向预算
T027,投送,6504.309337930159,6523.400247021068,中继,R007,1887,PASS,exact_point,13.693866451436222,1295.9714544759318,,,独立计算 DEM 遮挡、自由空间损耗与双向预算
T027,投送,6523.400247021068,6542.491156111977,中继,R007,1888,PASS,exact_point,13.693866451436222,1295.9714544759318,,,独立计算 DEM 遮挡、自由空间损耗与双向预算
T027,投送,6542.491156111977,6561.582065202886,中继,R007,1889,PASS,exact_point,13.693866451436222,1295.9714544759318,,,独立计算 DEM 遮挡、自由空间损耗与双向预算
T027,投送,6561.582065202886,6580.672974293795,中继,R007,1890,PASS,exact_point,13.693866451436222,1295.9714544759318,,,独立计算 DEM 遮挡、自由空间损耗与双向预算
T027,投送,6580.672974293795,6599.763883384704,中继,R007,1891,PASS,exact_point,13.693866451436222,1295.9714544759318,,,独立计算 DEM 遮挡、自由空间损耗与双向预算
T027,投送,6599.763883384704,6618.854792475613,中继,R007,1892,PASS,exact_point,13.693866451436222,1295.9714544759318,,,独立计算 DEM 遮挡、自由空间损耗与双向预算
T027,爬升,6618.854792475613,6633.456002328044,中继,R007,1893,PASS,worst_obstruction_endpoint_distance,3.6938664514362216,1295.9714544759318,True,,端点最大距离且全时段按遮挡计损仍满足双向预算
T027,爬升,6633.456002328044,6648.057212180474,中继,R007,1894,PASS,worst_obstruction_endpoint_distance,3.753066873679316,1287.1685343124952,True,,端点最大距离且全时段按遮挡计损仍满足双向预算
T027,爬升,6648.057212180474,6662.658422032905,中继,R007,1895,PASS,worst_obstruction_endpoint_distance,3.802898216986918,1279.8051322590784,True,,端点最大距离且全时段按遮挡计损仍满足双向预算
T027,巡航,6662.658422032905,6681.791181777089,中继,R007,1896,PASS,worst_obstruction_endpoint_distance,2.4834052890514045,1489.7674936157314,True,,端点最大距离且全时段按遮挡计损仍满足双向预算
T027,巡航,6681.791181777089,6700.923941521273,中继,R007,1897,PASS,worst_obstruction_endpoint_distance,1.2898599580212817,1709.2113197141653,True,,端点最大距离且全时段按遮挡计损仍满足双向预算
T027,巡航,6700.923941521273,6720.056701265457,中继,R007,1898,PASS,worst_obstruction_endpoint_distance,0.2300545847181752,1931.0166971121935,True,,端点最大距离且全时段按遮挡计损仍满足双向预算
T027,巡航,6720.056701265457,6739.189461009642,中继,R006,1899,PASS,worst_obstruction_endpoint_distance,4.04476646249104,1244.6591472092684,True,,端点最大距离且全时段按遮挡计损仍满足双向预算
T027,巡航,6739.189461009642,6758.3222207538265,中继,R006,1900,PASS,worst_obstruction_endpoint_distance,5.65909143670558,1033.5564140079887,True,,端点最大距离且全时段按遮挡计损仍满足双向预算
T027,巡航,6758.3222207538265,6777.454980498011,中继,R006,1901,PASS,worst_obstruction_endpoint_distance,7.540151958523239,832.3024256997542,True,,端点最大距离且全时段按遮挡计损仍满足双向预算
T027,巡航,6777.454980498011,6796.587740242195,直连,,1902,PASS,worst_obstruction_endpoint_distance,0.10852418084870408,3907.172173258838,True,,端点最大距离且全时段按遮挡计损仍满足双向预算
T027,巡航,6796.587740242195,6815.720499986379,直连,,1903,PASS,worst_obstruction_endpoint_distance,0.6339319019954246,3677.834337380098,True,,端点最大距离且全时段按遮挡计损仍满足双向预算
T027,巡航,6815.720499986379,6834.853259730564,直连,,1904,PASS,worst_obstruction_endpoint_distance,1.193093802111946,3448.530474509302,True,,端点最大距离且全时段按遮挡计损仍满足双向预算
T027,巡航,6834.853259730564,6853.986019474748,直连,,1905,PASS,worst_obstruction_endpoint_distance,1.7906329329594257,3219.267844201529,True,,端点最大距离且全时段按遮挡计损仍满足双向预算
T027,巡航,6853.986019474748,6873.118779218932,直连,,1906,PASS,worst_obstruction_endpoint_distance,2.43218892238626,2990.0559309954597,True,,端点最大距离且全时段按遮挡计损仍满足双向预算
T027,巡航,6873.118779218932,6892.251538963116,直连,,1907,PASS,worst_obstruction_endpoint_distance,3.124738455292942,2760.907366598639,True,,端点最大距离且全时段按遮挡计损仍满足双向预算
T027,巡航,6892.251538963116,6911.3842987073,直连,,1908,PASS,worst_obstruction_endpoint_distance,3.8770522521858055,2531.839351554418,True,,端点最大距离且全时段按遮挡计损仍满足双向预算
T027,巡航,6911.3842987073,6930.517058451485,直连,,1909,PASS,worst_obstruction_endpoint_distance,4.700364382916447,2302.8759228199197,True,,端点最大距离且全时段按遮挡计损仍满足双向预算
T027,巡航,6930.517058451485,6949.649818195669,直连,,1910,PASS,worst_obstruction_endpoint_distance,5.609383533516066,2074.051717872369,True,,端点最大距离且全时段按遮挡计损仍满足双向预算
T027,巡航,6949.649818195669,6968.782577939854,直连,,1911,PASS,worst_obstruction_endpoint_distance,6.623877638458708,1845.4185269473276,True,,端点最大距离且全时段按遮挡计损仍满足双向预算
T027,巡航,6968.782577939854,6987.915337684038,直连,,1912,PASS,worst_obstruction_endpoint_distance,7.771266584701294,1617.0573735878716,True,,端点最大距离且全时段按遮挡计损仍满足双向预算
T027,巡航,6987.915337684038,7007.048097428222,直连,,1913,PASS,worst_obstruction_endpoint_distance,9.091089751738082,1389.1024289204595,True,,端点最大距离且全时段按遮挡计损仍满足双向预算
T027,巡航,7007.048097428222,7026.180857172407,直连,,1914,PASS,worst_obstruction_endpoint_distance,10.643201374601844,1161.792823730982,True,,端点最大距离且全时段按遮挡计损仍满足双向预算
T027,巡航,7026.180857172407,7045.31361691659,直连,,1915,PASS,worst_obstruction_endpoint_distance,12.523979777991926,935.5990440341031,True,,端点最大距离且全时段按遮挡计损仍满足双向预算
T027,巡航,7045.31361691659,7064.446376660775,直连,,1916,PASS,worst_obstruction_endpoint_distance,14.901227776279285,711.5859581284601,True,,端点最大距离且全时段按遮挡计损仍满足双向预算
T027,巡航,7064.446376660775,7083.579136404959,直连,,1917,PASS,worst_obstruction_endpoint_distance,18.0934747436215,492.7368253916223,True,,端点最大距离且全时段按遮挡计损仍满足双向预算
T027,巡航,7083.579136404959,7102.711896149143,直连,,1918,PASS,worst_obstruction_endpoint_distance,22.66947572970483,290.9477291053595,True,,端点最大距离且全时段按遮挡计损仍满足双向预算
T027,下降,7102.711896149143,7122.582985016331,直连,,1919,PASS,worst_obstruction_endpoint_distance,26.902754877149746,178.710888671875,True,,端点最大距离且全时段按遮挡计损仍满足双向预算
T027,下降,7122.582985016331,7142.4540738835185,直连,,1920,PASS,worst_obstruction_endpoint_distance,29.731748063926148,129.03316650390627,True,,端点最大距离且全时段按遮挡计损仍满足双向预算
T027,下降,7142.4540738835185,7162.325162750705,直连,,1921,PASS,worst_obstruction_endpoint_distance,33.95424061100921,79.3554443359375,True,,端点最大距离且全时段按遮挡计损仍满足双向预算
T027,下降,7162.325162750705,7182.196251617894,直连,,1922,PASS,worst_obstruction_endpoint_distance,42.49716386964124,29.677722167971012,True,,端点最大距离且全时段按遮挡计损仍满足双向预算
