运输架次编号,通信阶段,开始时刻（s）,结束时刻（s）,保障方式,中继架次编号
T001,爬升,389.9999999999999,409.0400663248697,直连,
T001,爬升,409.0400663248697,428.0801326497395,直连,
T001,爬升,428.0801326497395,447.1201989746093,直连,
T001,爬升,447.1201989746093,466.1602652994791,直连,
T001,爬升,466.1602652994791,485.2003316243489,直连,
T001,巡航,485.2003316243489,504.9081935608007,直连,
T001,巡航,504.9081935608007,524.6160554972525,直连,
T001,巡航,524.6160554972525,544.3239174337044,直连,
T001,巡航,544.3239174337044,564.0317793701563,直连,
T001,巡航,564.0317793701563,583.7396413066081,直连,
T001,巡航,583.7396413066081,603.4475032430599,直连,
T001,巡航,603.4475032430599,623.1553651795118,直连,
T001,巡航,623.1553651795118,642.8632271159636,直连,
T001,巡航,642.8632271159636,662.5710890524155,直连,
T001,巡航,662.5710890524155,682.2789509888673,直连,
T001,巡航,682.2789509888673,701.9868129253191,直连,
T001,巡航,701.9868129253191,721.694674861771,直连,
T001,巡航,721.694674861771,741.4025367982229,直连,
T001,巡航,741.4025367982229,761.1103987346746,中继,R002
T001,巡航,761.1103987346746,780.8182606711265,中继,R002
T001,巡航,780.8182606711265,800.5261226075784,中继,R002
T001,巡航,800.5261226075784,820.2339845440301,中继,R002
T001,巡航,820.2339845440301,839.9418464804821,中继,R002
T001,巡航,839.9418464804821,859.6497084169339,中继,R002
T001,巡航,859.6497084169339,879.3575703533858,中继,R002
T001,巡航,879.3575703533858,899.0654322898375,中继,R002
T001,巡航,899.0654322898375,918.7732942262894,中继,R002
T001,巡航,918.7732942262894,938.4811561627412,中继,R002
T001,巡航,938.4811561627412,958.189018099193,中继,R002
T001,巡航,958.189018099193,977.8968800356449,中继,R002
T001,下降,977.8968800356449,995.6970126853845,中继,R002
T001,下降,995.6970126853845,1013.4971453351242,中继,R002
T001,下降,1013.4971453351242,1031.2972779848637,中继,R002
T001,投送,1031.2972779848637,1051.2972779848637,中继,R002
T001,投送,1051.2972779848637,1071.2972779848637,中继,R002
T001,投送,1071.2972779848637,1091.2972779848637,中继,R002
T001,投送,1091.2972779848637,1111.2972779848637,中继,R002
T001,投送,1111.2972779848637,1131.2972779848637,中继,R002
T001,投送,1131.2972779848637,1151.2972779848637,中继,R002
T001,投送,1151.2972779848637,1171.2972779848637,中继,R002
T001,投送,1171.2972779848637,1191.2972779848637,中继,R002
T001,投送,1191.2972779848637,1211.2972779848637,中继,R002
T001,投送,1211.2972779848637,1231.2972779848637,中继,R002
T001,投送,1231.2972779848637,1251.2972779848637,中继,R002
T001,投送,1251.2972779848637,1271.2972779848637,中继,R002
T001,爬升,1271.2972779848637,1286.1307218596467,中继,R002
T001,爬升,1286.1307218596467,1300.9641657344298,中继,R002
T001,爬升,1300.9641657344298,1315.7976096092127,中继,R002
T001,巡航,1315.7976096092127,1335.5054715456645,中继,R002
T001,巡航,1335.5054715456645,1355.2133334821165,中继,R002
T001,巡航,1355.2133334821165,1374.9211954185682,中继,R002
T001,巡航,1374.9211954185682,1394.62905735502,中继,R002
T001,巡航,1394.62905735502,1414.336919291472,中继,R002
T001,巡航,1414.336919291472,1434.0447812279237,中继,R002
T001,巡航,1434.0447812279237,1453.7526431643755,中继,R002
T001,巡航,1453.7526431643755,1473.4605051008275,中继,R002
T001,巡航,1473.4605051008275,1493.1683670372793,中继,R002
T001,巡航,1493.1683670372793,1512.876228973731,中继,R002
T001,巡航,1512.876228973731,1532.584090910183,中继,R002
T001,巡航,1532.584090910183,1552.2919528466348,中继,R002
T001,巡航,1552.2919528466348,1571.9998147830865,直连,
T001,巡航,1571.9998147830865,1591.7076767195385,直连,
T001,巡航,1591.7076767195385,1611.4155386559903,直连,
T001,巡航,1611.4155386559903,1631.123400592442,直连,
T001,巡航,1631.123400592442,1650.8312625288938,直连,
T001,巡航,1650.8312625288938,1670.5391244653458,直连,
T001,巡航,1670.5391244653458,1690.2469864017976,直连,
T001,巡航,1690.2469864017976,1709.9548483382496,直连,
T001,巡航,1709.9548483382496,1729.6627102747013,直连,
T001,巡航,1729.6627102747013,1749.370572211153,直连,
T001,巡航,1749.370572211153,1769.078434147605,直连,
T001,巡航,1769.078434147605,1788.7862960840569,直连,
T001,巡航,1788.7862960840569,1808.4941580205086,直连,
T001,下降,1808.4941580205086,1827.5342243453783,直连,
T001,下降,1827.5342243453783,1846.5742906702483,直连,
T001,下降,1846.5742906702483,1865.6143569951182,直连,
T001,下降,1865.6143569951182,1884.654423319988,直连,
T001,下降,1884.654423319988,1903.6944896448576,直连,
T001,下降,1903.6944896448576,1922.7345559697276,直连,
T002,爬升,479.9999999999999,498.125425415039,直连,
T002,爬升,498.125425415039,516.2508508300781,直连,
T002,爬升,516.2508508300781,534.3762762451172,直连,
T002,爬升,534.3762762451172,552.5017016601563,直连,
T002,巡航,552.5017016601563,572.2651888835223,直连,
T002,巡航,572.2651888835223,592.0286761068884,直连,
T002,巡航,592.0286761068884,611.7921633302544,直连,
T002,巡航,611.7921633302544,631.5556505536205,直连,
T002,巡航,631.5556505536205,651.3191377769865,直连,
T002,巡航,651.3191377769865,671.0826250003527,直连,
T002,巡航,671.0826250003527,690.8461122237186,直连,
T002,巡航,690.8461122237186,710.6095994470847,直连,
T002,巡航,710.6095994470847,730.3730866704508,直连,
T002,巡航,730.3730866704508,750.1365738938168,直连,
T002,巡航,750.1365738938168,769.9000611171829,直连,
T002,巡航,769.9000611171829,789.6635483405489,直连,
T002,巡航,789.6635483405489,809.427035563915,直连,
T002,巡航,809.427035563915,829.190522787281,中继,R001
T002,巡航,829.190522787281,848.954010010647,中继,R001
T002,巡航,848.954010010647,868.7174972340131,中继,R001
T002,巡航,868.7174972340131,888.4809844573791,中继,R001
T002,巡航,888.4809844573791,908.2444716807452,中继,R002
T002,巡航,908.2444716807452,928.0079589041113,中继,R001
T002,巡航,928.0079589041113,947.7714461274772,中继,R001
T002,巡航,947.7714461274772,967.5349333508434,中继,R001
T002,巡航,967.5349333508434,987.2984205742094,中继,R001
T002,巡航,987.2984205742094,1007.0619077975755,中继,R001
T002,巡航,1007.0619077975755,1026.8253950209414,中继,R001
T002,巡航,1026.8253950209414,1046.5888822443076,中继,R001
T002,下降,1046.5888822443076,1061.497924602706,中继,R001
T002,下降,1061.497924602706,1076.4069669611044,中继,R001
T002,下降,1076.4069669611044,1091.3160093195029,中继,R001
T002,投送,1091.3160093195029,1111.1160093195028,中继,R001
T002,投送,1111.1160093195028,1130.9160093195028,中继,R001
T002,投送,1130.9160093195028,1150.716009319503,中继,R001
T002,投送,1150.716009319503,1170.516009319503,中继,R001
T002,投送,1170.516009319503,1190.3160093195029,中继,R001
T002,投送,1190.3160093195029,1210.1160093195028,中继,R001
T002,投送,1210.1160093195028,1229.9160093195028,中继,R001
T002,投送,1229.9160093195028,1249.716009319503,中继,R001
T002,投送,1249.716009319503,1269.516009319503,中继,R001
T002,投送,1269.516009319503,1289.3160093195029,中继,R001
T002,投送,1289.3160093195029,1309.1160093195028,中继,R001
T002,投送,1309.1160093195028,1328.9160093195028,中继,R001
T002,投送,1328.9160093195028,1348.716009319503,中继,R001
T002,投送,1348.716009319503,1368.516009319503,中继,R001
T002,投送,1368.516009319503,1388.3160093195029,中继,R001
T002,投送,1388.3160093195029,1408.1160093195028,中继,R001
T002,投送,1408.1160093195028,1427.9160093195028,中继,R001
T002,投送,1427.9160093195028,1447.716009319503,中继,R001
T002,投送,1447.716009319503,1467.516009319503,中继,R001
T002,投送,1467.516009319503,1487.3160093195029,中继,R001
T002,爬升,1487.3160093195029,1505.206860149581,中继,R001
T002,爬升,1505.206860149581,1523.097710979659,中继,R001
T002,巡航,1523.097710979659,1542.8611982030252,中继,R001
T002,巡航,1542.8611982030252,1562.6246854263911,中继,R001
T002,巡航,1562.6246854263911,1582.3881726497573,中继,R001
T002,巡航,1582.3881726497573,1602.1516598731232,中继,R001
T002,巡航,1602.1516598731232,1621.9151470964894,中继,R001
T002,巡航,1621.9151470964894,1641.6786343198553,中继,R001
T002,巡航,1641.6786343198553,1661.4421215432214,中继,R001
T002,巡航,1661.4421215432214,1681.2056087665874,中继,R001
T002,巡航,1681.2056087665874,1700.9690959899535,中继,R001
T002,巡航,1700.9690959899535,1720.7325832133197,中继,R001
T002,巡航,1720.7325832133197,1740.4960704366856,中继,R001
T002,巡航,1740.4960704366856,1760.2595576600518,中继,R001
T002,巡航,1760.2595576600518,1780.0230448834177,直连,
T002,巡航,1780.0230448834177,1799.7865321067839,直连,
T002,巡航,1799.7865321067839,1819.5500193301498,直连,
T002,巡航,1819.5500193301498,1839.313506553516,直连,
T002,巡航,1839.313506553516,1859.0769937768819,直连,
T002,巡航,1859.0769937768819,1878.840481000248,直连,
T002,巡航,1878.840481000248,1898.6039682236142,直连,
T002,巡航,1898.6039682236142,1918.36745544698,直连,
T002,巡航,1918.36745544698,1938.1309426703463,直连,
T002,巡航,1938.1309426703463,1957.8944298937122,直连,
T002,巡航,1957.8944298937122,1977.6579171170783,直连,
T002,巡航,1977.6579171170783,1997.4214043404445,直连,
T002,巡航,1997.4214043404445,2017.1848915638104,直连,
T002,下降,2017.1848915638104,2035.3103169788496,直连,
T002,下降,2035.3103169788496,2053.4357423938886,直连,
T002,下降,2053.4357423938886,2071.5611678089276,直连,
T002,下降,2071.5611678089276,2089.686593223967,直连,
T002,下降,2089.686593223967,2107.812018639006,直连,
T003,爬升,390.0,408.3921013726129,直连,
T003,爬升,408.3921013726129,426.78420274522574,直连,
T003,爬升,426.78420274522574,445.17630411783864,直连,
T003,巡航,445.17630411783864,464.1934668497458,直连,
T003,巡航,464.1934668497458,483.2106295816529,直连,
T003,巡航,483.2106295816529,502.22779231356003,直连,
T003,巡航,502.22779231356003,521.2449550454671,直连,
T003,巡航,521.2449550454671,540.2621177773743,直连,
T003,巡航,540.2621177773743,559.2792805092814,直连,
T003,巡航,559.2792805092814,578.2964432411886,直连,
T003,巡航,578.2964432411886,597.3136059730957,直连,
T003,巡航,597.3136059730957,616.3307687050028,直连,
T003,巡航,616.3307687050028,635.3479314369099,直连,
T003,巡航,635.3479314369099,654.3650941688171,直连,
T003,巡航,654.3650941688171,673.3822569007242,直连,
T003,巡航,673.3822569007242,692.3994196326314,直连,
T003,巡航,692.3994196326314,711.4165823645385,中继,R001
T003,巡航,711.4165823645385,730.4337450964456,中继,R001
T003,巡航,730.4337450964456,749.4509078283527,中继,R002
T003,巡航,749.4509078283527,768.4680705602599,中继,R002
T003,巡航,768.4680705602599,787.4852332921671,中继,R002
T003,巡航,787.4852332921671,806.5023960240742,中继,R002
T003,巡航,806.5023960240742,825.5195587559813,中继,R002
T003,下降,825.5195587559813,838.1653412266844,中继,R002
T003,下降,838.1653412266844,850.8111236973876,中继,R002
T003,投送,850.8111236973876,869.2726621589261,中继,R002
T003,投送,869.2726621589261,887.7342006204645,中继,R002
T003,投送,887.7342006204645,906.195739082003,中继,R002
T003,投送,906.195739082003,924.6572775435416,中继,R002
T003,投送,924.6572775435416,943.11881600508,中继,R002
T003,投送,943.11881600508,961.5803544666185,中继,R002
T003,投送,961.5803544666185,980.0418929281569,中继,R002
T003,投送,980.0418929281569,998.5034313896954,中继,R002
T003,投送,998.5034313896954,1016.9649698512338,中继,R002
T003,投送,1016.9649698512338,1035.4265083127723,中继,R002
T003,投送,1035.4265083127723,1053.8880467743109,中继,R002
T003,投送,1053.8880467743109,1072.3495852358492,中继,R002
T003,投送,1072.3495852358492,1090.8111236973878,中继,R002
T003,爬升,1090.8111236973878,1101.3492757563072,中继,R002
T003,爬升,1101.3492757563072,1111.8874278152264,中继,R002
T003,巡航,1111.8874278152264,1130.9045905471335,中继,R002
T003,巡航,1130.9045905471335,1149.9217532790406,中继,R002
T003,巡航,1149.9217532790406,1168.9389160109479,中继,R002
T003,巡航,1168.9389160109479,1187.956078742855,中继,R002
T003,巡航,1187.956078742855,1206.973241474762,中继,R002
T003,巡航,1206.973241474762,1225.9904042066692,中继,R001
T003,巡航,1225.9904042066692,1245.0075669385762,中继,R001
T003,巡航,1245.0075669385762,1264.0247296704836,直连,
T003,巡航,1264.0247296704836,1283.0418924023907,直连,
T003,巡航,1283.0418924023907,1302.0590551342978,直连,
T003,巡航,1302.0590551342978,1321.0762178662048,直连,
T003,巡航,1321.0762178662048,1340.093380598112,直连,
T003,巡航,1340.093380598112,1359.1105433300193,直连,
T003,巡航,1359.1105433300193,1378.1277060619263,直连,
T003,巡航,1378.1277060619263,1397.1448687938334,直连,
T003,巡航,1397.1448687938334,1416.1620315257405,直连,
T003,巡航,1416.1620315257405,1435.1791942576479,直连,
T003,巡航,1435.1791942576479,1454.1963569895547,直连,
T003,巡航,1454.1963569895547,1473.213519721462,直连,
T003,巡航,1473.213519721462,1492.2306824533691,直连,
T003,下降,1492.2306824533691,1508.7835736887207,直连,
T003,下降,1508.7835736887207,1525.3364649240723,直连,
T003,下降,1525.3364649240723,1541.8893561594239,直连,
T003,下降,1541.8893561594239,1558.4422473947754,直连,
T004,爬升,360.0,375.10452117919925,直连,
T004,爬升,375.10452117919925,390.2090423583985,直连,
T004,爬升,390.2090423583985,405.31356353759776,直连,
T004,爬升,405.31356353759776,420.418084716797,直连,
T004,巡航,420.418084716797,440.3409549016418,直连,
T004,巡航,440.3409549016418,460.26382508648663,直连,
T004,巡航,460.26382508648663,480.1866952713314,直连,
T004,巡航,480.1866952713314,500.10956545617626,直连,
T004,巡航,500.10956545617626,520.032435641021,直连,
T004,巡航,520.032435641021,539.9553058258658,直连,
T004,巡航,539.9553058258658,559.8781760107107,直连,
T004,巡航,559.8781760107107,579.8010461955555,直连,
T004,巡航,579.8010461955555,599.7239163804003,直连,
T004,巡航,599.7239163804003,619.6467865652451,直连,
T004,巡航,619.6467865652451,639.56965675009,直连,
T004,巡航,639.56965675009,659.4925269349347,直连,
T004,巡航,659.4925269349347,679.4153971197795,直连,
T004,巡航,679.4153971197795,699.3382673046244,直连,
T004,巡航,699.3382673046244,719.2611374894691,直连,
T004,巡航,719.2611374894691,739.184007674314,直连,
T004,巡航,739.184007674314,759.1068778591588,中继,R001
T004,巡航,759.1068778591588,779.0297480440036,中继,R001
T004,巡航,779.0297480440036,798.9526182288483,中继,R001
T004,巡航,798.9526182288483,818.8754884136931,中继,R001
T004,巡航,818.8754884136931,838.798358598538,中继,R002
T004,巡航,838.798358598538,858.7212287833828,中继,R002
T004,巡航,858.7212287833828,878.6440989682276,中继,R001
T004,巡航,878.6440989682276,898.5669691530725,中继,R001
T004,巡航,898.5669691530725,918.4898393379171,中继,R001
T004,巡航,918.4898393379171,938.412709522762,中继,R001
T004,巡航,938.412709522762,958.3355797076068,中继,R001
T004,巡航,958.3355797076068,978.2584498924517,中继,R001
T004,巡航,978.2584498924517,998.1813200772965,中继,R001
T004,巡航,998.1813200772965,1018.1041902621413,中继,R001
T004,巡航,1018.1041902621413,1038.027060446986,中继,R001
T004,下降,1038.027060446986,1055.9179112770644,中继,R001
T004,下降,1055.9179112770644,1073.8087621071425,中继,R001
T004,投送,1073.8087621071425,1092.8996711980515,中继,R001
T004,投送,1092.8996711980515,1111.9905802889607,中继,R001
T004,投送,1111.9905802889607,1131.0814893798697,中继,R001
T004,投送,1131.0814893798697,1150.1723984707787,中继,R001
T004,投送,1150.1723984707787,1169.263307561688,中继,R001
T004,投送,1169.263307561688,1188.354216652597,中继,R001
T004,投送,1188.354216652597,1207.4451257435062,中继,R001
T004,投送,1207.4451257435062,1226.5360348344152,中继,R001
T004,投送,1226.5360348344152,1245.6269439253242,中继,R001
T004,投送,1245.6269439253242,1264.7178530162334,中继,R001
T004,投送,1264.7178530162334,1283.8087621071425,中继,R001
T004,爬升,1283.8087621071422,1298.7178044655407,中继,R001
T004,爬升,1298.7178044655407,1313.626846823939,中继,R001
T004,巡航,1313.626846823939,1333.549717008784,中继,R001
T004,巡航,1333.549717008784,1353.4725871936287,中继,R001
T004,巡航,1353.4725871936287,1373.3954573784736,中继,R001
T004,巡航,1373.3954573784736,1393.3183275633185,中继,R001
T004,巡航,1393.3183275633185,1413.2411977481631,中继,R001
T004,巡航,1413.2411977481631,1433.164067933008,中继,R001
T004,巡航,1433.164067933008,1453.086938117853,中继,R001
T004,巡航,1453.086938117853,1473.0098083026976,中继,R001
T004,巡航,1473.0098083026976,1492.9326784875425,中继,R001
T004,巡航,1492.9326784875425,1512.8555486723872,中继,R002
T004,巡航,1512.8555486723872,1532.778418857232,中继,R002
T004,巡航,1532.778418857232,1552.701289042077,中继,R001
T004,巡航,1552.701289042077,1572.6241592269216,中继,R001
T004,巡航,1572.6241592269216,1592.5470294117665,中继,R001
T004,巡航,1592.5470294117665,1612.4698995966114,中继,R001
T004,巡航,1612.4698995966114,1632.392769781456,直连,
T004,巡航,1632.392769781456,1652.315639966301,直连,
T004,巡航,1652.315639966301,1672.2385101511459,直连,
T004,巡航,1672.2385101511459,1692.1613803359905,直连,
T004,巡航,1692.1613803359905,1712.0842505208354,直连,
T004,巡航,1712.0842505208354,1732.0071207056803,直连,
T004,巡航,1732.0071207056803,1751.929990890525,直连,
T004,巡航,1751.929990890525,1771.85286107537,直连,
T004,巡航,1771.85286107537,1791.7757312602148,直连,
T004,巡航,1791.7757312602148,1811.6986014450595,直连,
T004,巡航,1811.6986014450595,1831.6214716299041,直连,
T004,巡航,1831.6214716299041,1851.544341814749,直连,
T004,巡航,1851.544341814749,1871.467211999594,直连,
T004,巡航,1871.467211999594,1891.3900821844388,直连,
T004,巡航,1891.3900821844388,1911.3129523692837,直连,
T004,巡航,1911.3129523692837,1931.2358225541284,直连,
T004,下降,1931.2358225541284,1949.3612479691674,直连,
T004,下降,1949.3612479691674,1967.4866733842066,直连,
T004,下降,1967.4866733842066,1985.6120987992458,直连,
T004,下降,1985.6120987992458,2003.7375242142848,直连,
T005,爬升,360.0,379.8664866129558,直连,
T005,爬升,379.8664866129558,399.7329732259115,直连,
T005,爬升,399.7329732259115,419.59945983886723,直连,
T005,爬升,419.59945983886723,439.465946451823,直连,
T005,巡航,439.465946451823,458.4317239116678,直连,
T005,巡航,458.4317239116678,477.39750137151253,直连,
T005,巡航,477.39750137151253,496.3632788313573,直连,
T005,巡航,496.3632788313573,515.329056291202,直连,
T005,巡航,515.329056291202,534.2948337510468,直连,
T005,巡航,534.2948337510468,553.2606112108916,直连,
T005,巡航,553.2606112108916,572.2263886707364,直连,
T005,巡航,572.2263886707364,591.1921661305811,直连,
T005,巡航,591.1921661305811,610.1579435904259,直连,
T005,巡航,610.1579435904259,629.1237210502707,直连,
T005,巡航,629.1237210502707,648.0894985101154,直连,
T005,巡航,648.0894985101154,667.0552759699601,直连,
T005,巡航,667.0552759699601,686.021053429805,直连,
T005,巡航,686.021053429805,704.9868308896497,直连,
T005,下降,704.9868308896497,715.2463987607434,直连,
T005,下降,715.2463987607434,725.5059666318372,直连,
T005,投送,725.5059666318372,744.5968757227463,直连,
T005,投送,744.5968757227463,763.6877848136553,直连,
T005,投送,763.6877848136553,782.7786939045644,直连,
T005,投送,782.7786939045644,801.8696029954735,直连,
T005,投送,801.8696029954735,820.9605120863827,直连,
T005,投送,820.9605120863827,840.0514211772917,直连,
T005,投送,840.0514211772917,859.1423302682008,直连,
T005,投送,859.1423302682008,878.2332393591099,直连,
T005,投送,878.2332393591099,897.324148450019,直连,
T005,投送,897.324148450019,916.415057540928,直连,
T005,投送,916.415057540928,935.5059666318372,直连,
T005,爬升,935.5059666318372,952.6052464169934,直连,
T005,巡航,952.6052464169934,971.5710238768381,直连,
T005,巡航,971.5710238768381,990.536801336683,直连,
T005,巡航,990.536801336683,1009.5025787965277,直连,
T005,巡航,1009.5025787965277,1028.4683562563725,直连,
T005,巡航,1028.4683562563725,1047.4341337162173,直连,
T005,巡航,1047.4341337162173,1066.399911176062,直连,
T005,巡航,1066.399911176062,1085.3656886359067,直连,
T005,巡航,1085.3656886359067,1104.3314660957515,直连,
T005,巡航,1104.3314660957515,1123.2972435555962,直连,
T005,巡航,1123.2972435555962,1142.263021015441,直连,
T005,巡航,1142.263021015441,1161.2287984752859,直连,
T005,巡航,1161.2287984752859,1180.1945759351306,直连,
T005,巡航,1180.1945759351306,1199.1603533949753,直连,
T005,巡航,1199.1603533949753,1218.12613085482,直连,
T005,下降,1218.12613085482,1237.1979580032576,直连,
T005,下降,1237.1979580032576,1256.269785151695,直连,
T005,下降,1256.269785151695,1275.3416123001327,直连,
T005,下降,1275.3416123001327,1294.4134394485702,直连,
T005,下降,1294.4134394485702,1313.4852665970077,直连,
T006,爬升,481.0,500.38088134765627,直连,
T006,爬升,500.38088134765627,519.7617626953125,直连,
T006,爬升,519.7617626953125,539.1426440429688,直连,
T006,巡航,539.1426440429688,557.6516664832141,直连,
T006,巡航,557.6516664832141,576.1606889234595,直连,
T006,巡航,576.1606889234595,594.6697113637048,直连,
T006,巡航,594.6697113637048,613.1787338039501,直连,
T006,巡航,613.1787338039501,631.6877562441954,直连,
T006,巡航,631.6877562441954,650.1967786844408,直连,
T006,巡航,650.1967786844408,668.7058011246861,直连,
T006,巡航,668.7058011246861,687.2148235649314,直连,
T006,巡航,687.2148235649314,705.7238460051767,直连,
T006,巡航,705.7238460051767,724.2328684454221,直连,
T006,巡航,724.2328684454221,742.7418908856674,直连,
T006,下降,742.7418908856674,757.5846592369044,直连,
T006,下降,757.5846592369044,772.4274275881414,直连,
T006,下降,772.4274275881414,787.2701959393784,直连,
T006,投送,787.2701959393784,807.0701959393783,直连,
T006,投送,807.0701959393783,826.8701959393784,直连,
T006,投送,826.8701959393784,846.6701959393783,直连,
T006,投送,846.6701959393783,866.4701959393784,直连,
T006,投送,866.4701959393784,886.2701959393784,直连,
T006,投送,886.2701959393784,906.0701959393784,直连,
T006,投送,906.0701959393784,925.8701959393784,直连,
T006,投送,925.8701959393784,945.6701959393783,直连,
T006,投送,945.6701959393783,965.4701959393784,直连,
T006,投送,965.4701959393784,985.2701959393785,直连,
T006,投送,985.2701959393785,1005.0701959393784,直连,
T006,投送,1005.0701959393784,1024.8701959393784,直连,
T006,投送,1024.8701959393784,1044.6701959393786,直连,
T006,投送,1044.6701959393786,1064.4701959393785,直连,
T006,投送,1064.4701959393785,1084.2701959393785,直连,
T006,投送,1084.2701959393785,1104.0701959393784,直连,
T006,投送,1104.0701959393784,1123.8701959393784,直连,
T006,投送,1123.8701959393784,1143.6701959393786,直连,
T006,投送,1143.6701959393786,1163.4701959393785,直连,
T006,投送,1163.4701959393785,1183.2701959393785,直连,
T006,爬升,1183.2701959393785,1201.0815179608628,直连,
T006,爬升,1201.0815179608628,1218.8928399823471,直连,
T006,巡航,1218.8928399823471,1237.4018624225926,直连,
T006,巡航,1237.4018624225926,1255.9108848628377,直连,
T006,巡航,1255.9108848628377,1274.4199073030832,直连,
T006,巡航,1274.4199073030832,1292.9289297433286,直连,
T006,巡航,1292.9289297433286,1311.4379521835738,直连,
T006,巡航,1311.4379521835738,1329.9469746238192,直连,
T006,巡航,1329.9469746238192,1348.4559970640644,直连,
T006,巡航,1348.4559970640644,1366.9650195043098,直连,
T006,巡航,1366.9650195043098,1385.4740419445552,直连,
T006,巡航,1385.4740419445552,1403.9830643848004,直连,
T006,巡航,1403.9830643848004,1422.4920868250458,直连,
T006,下降,1422.4920868250458,1440.6616630884737,直连,
T006,下降,1440.6616630884737,1458.8312393519013,直连,
T006,下降,1458.8312393519013,1477.000815615329,直连,
T006,下降,1477.000815615329,1495.1703918787568,直连,
T007,爬升,360.99999999999994,377.1507344563802,直连,
T007,爬升,377.1507344563802,393.30146891276036,直连,
T007,爬升,393.30146891276036,409.4522033691406,直连,
T007,巡航,409.4522033691406,429.0290540270924,直连,
T007,巡航,429.0290540270924,448.60590468504415,直连,
T007,巡航,448.60590468504415,468.18275534299596,直连,
T007,巡航,468.18275534299596,487.75960600094777,直连,
T007,巡航,487.75960600094777,507.3364566588996,直连,
T007,巡航,507.3364566588996,526.9133073168514,直连,
T007,巡航,526.9133073168514,546.4901579748032,直连,
T007,巡航,546.4901579748032,566.067008632755,直连,
T007,巡航,566.067008632755,585.6438592907068,直连,
T007,巡航,585.6438592907068,605.2207099486585,直连,
T007,巡航,605.2207099486585,624.7975606066103,直连,
T007,巡航,624.7975606066103,644.3744112645621,直连,
T007,巡航,644.3744112645621,663.9512619225139,直连,
T007,下降,663.9512619225139,681.7625839439984,直连,
T007,下降,681.7625839439984,699.5739059654827,直连,
T007,投送,699.5739059654827,718.6648150563918,直连,
T007,投送,718.6648150563918,737.7557241473008,直连,
T007,投送,737.7557241473008,756.84663323821,直连,
T007,投送,756.84663323821,775.9375423291191,直连,
T007,投送,775.9375423291191,795.0284514200282,直连,
T007,投送,795.0284514200282,814.1193605109372,直连,
T007,投送,814.1193605109372,833.2102696018463,直连,
T007,投送,833.2102696018463,852.3011786927555,直连,
T007,投送,852.3011786927555,871.3920877836645,直连,
T007,投送,871.3920877836645,890.4829968745736,直连,
T007,投送,890.4829968745736,909.5739059654827,直连,
T007,爬升,909.5739059654827,924.4166743167198,直连,
T007,爬升,924.4166743167198,939.2594426679567,直连,
T007,巡航,939.2594426679567,958.8362933259085,直连,
T007,巡航,958.8362933259085,978.4131439838603,直连,
T007,巡航,978.4131439838603,997.9899946418121,直连,
T007,巡航,997.9899946418121,1017.5668452997639,直连,
T007,巡航,1017.5668452997639,1037.1436959577156,直连,
T007,巡航,1037.1436959577156,1056.7205466156674,直连,
T007,巡航,1056.7205466156674,1076.2973972736193,直连,
T007,巡航,1076.2973972736193,1095.874247931571,直连,
T007,巡航,1095.874247931571,1115.4510985895229,直连,
T007,巡航,1115.4510985895229,1135.0279492474747,直连,
T007,巡航,1135.0279492474747,1154.6047999054265,直连,
T007,巡航,1154.6047999054265,1174.1816505633783,直连,
T007,巡航,1174.1816505633783,1193.75850122133,直连,
T007,下降,1193.75850122133,1213.1393825689863,直连,
T007,下降,1213.1393825689863,1232.5202639166425,直连,
T007,下降,1232.5202639166425,1251.9011452642987,直连,
T008,爬升,625.0,644.8664866129558,直连,
T008,爬升,644.8664866129558,664.7329732259116,直连,
T008,爬升,664.7329732259116,684.5994598388672,直连,
T008,爬升,684.5994598388672,704.465946451823,直连,
T008,巡航,704.465946451823,723.4317239116679,直连,
T008,巡航,723.4317239116679,742.3975013715126,直连,
T008,巡航,742.3975013715126,761.3632788313573,直连,
T008,巡航,761.3632788313573,780.329056291202,直连,
T008,巡航,780.329056291202,799.2948337510468,直连,
T008,巡航,799.2948337510468,818.2606112108916,直连,
T008,巡航,818.2606112108916,837.2263886707364,直连,
T008,巡航,837.2263886707364,856.1921661305811,直连,
T008,巡航,856.1921661305811,875.1579435904259,直连,
T008,巡航,875.1579435904259,894.1237210502707,直连,
T008,巡航,894.1237210502707,913.0894985101154,直连,
T008,巡航,913.0894985101154,932.0552759699601,直连,
T008,巡航,932.0552759699601,951.021053429805,直连,
T008,巡航,951.021053429805,969.9868308896497,直连,
T008,下降,969.9868308896497,980.2463987607434,直连,
T008,下降,980.2463987607434,990.5059666318372,直连,
T008,投送,990.5059666318372,1009.5968757227463,直连,
T008,投送,1009.5968757227463,1028.6877848136553,直连,
T008,投送,1028.6877848136553,1047.7786939045645,直连,
T008,投送,1047.7786939045645,1066.8696029954735,直连,
T008,投送,1066.8696029954735,1085.9605120863826,直连,
T008,投送,1085.9605120863826,1105.0514211772916,直连,
T008,投送,1105.0514211772916,1124.1423302682008,直连,
T008,投送,1124.1423302682008,1143.23323935911,直连,
T008,投送,1143.23323935911,1162.324148450019,直连,
T008,投送,1162.324148450019,1181.415057540928,直连,
T008,投送,1181.415057540928,1200.505966631837,直连,
T008,爬升,1200.505966631837,1217.6052464169934,直连,
T008,巡航,1217.6052464169934,1236.5710238768381,直连,
T008,巡航,1236.5710238768381,1255.5368013366829,直连,
T008,巡航,1255.5368013366829,1274.5025787965278,直连,
T008,巡航,1274.5025787965278,1293.4683562563725,直连,
T008,巡航,1293.4683562563725,1312.4341337162173,直连,
T008,巡航,1312.4341337162173,1331.399911176062,直连,
T008,巡航,1331.399911176062,1350.3656886359067,直连,
T008,巡航,1350.3656886359067,1369.3314660957515,直连,
T008,巡航,1369.3314660957515,1388.2972435555962,直连,
T008,巡航,1388.2972435555962,1407.263021015441,直连,
T008,巡航,1407.263021015441,1426.2287984752859,直连,
T008,巡航,1426.2287984752859,1445.1945759351306,直连,
T008,巡航,1445.1945759351306,1464.1603533949753,直连,
T008,巡航,1464.1603533949753,1483.12613085482,直连,
T008,下降,1483.12613085482,1502.1979580032576,直连,
T008,下降,1502.1979580032576,1521.269785151695,直连,
T008,下降,1521.269785151695,1540.3416123001327,直连,
T008,下降,1540.3416123001327,1559.4134394485702,直连,
T008,下降,1559.4134394485702,1578.4852665970077,直连,
T009,爬升,1582.0,1600.6290839301214,直连,
T009,爬升,1600.6290839301214,1619.258167860243,直连,
T009,爬升,1619.258167860243,1637.8872517903646,直连,
T009,巡航,1637.8872517903646,1657.3879328095065,直连,
T009,巡航,1657.3879328095065,1676.8886138286484,直连,
T009,巡航,1676.8886138286484,1696.3892948477906,直连,
T009,巡航,1696.3892948477906,1715.8899758669324,直连,
T009,巡航,1715.8899758669324,1735.3906568860743,直连,
T009,巡航,1735.3906568860743,1754.8913379052162,直连,
T009,巡航,1754.8913379052162,1774.3920189243581,直连,
T009,巡航,1774.3920189243581,1793.8926999435002,直连,
T009,巡航,1793.8926999435002,1813.3933809626421,直连,
T009,巡航,1813.3933809626421,1832.894061981784,直连,
T009,巡航,1832.894061981784,1852.394743000926,直连,
T009,巡航,1852.394743000926,1871.8954240200678,直连,
T009,下降,1871.8954240200678,1888.5477750942866,直连,
T009,下降,1888.5477750942866,1905.2001261685054,直连,
T009,投送,1905.2001261685054,1925.2001261685054,直连,
T009,投送,1925.2001261685054,1945.2001261685054,直连,
T009,投送,1945.2001261685054,1965.2001261685054,直连,
T009,投送,1965.2001261685054,1985.2001261685054,直连,
T009,投送,1985.2001261685054,2005.2001261685054,直连,
T009,投送,2005.2001261685054,2025.2001261685054,直连,
T009,投送,2025.2001261685054,2045.2001261685054,直连,
T009,投送,2045.2001261685054,2065.2001261685054,直连,
T009,投送,2065.2001261685054,2085.2001261685054,直连,
T009,爬升,2085.2001261685054,2099.077085397021,直连,
T009,爬升,2099.077085397021,2112.954044625537,直连,
T009,巡航,2112.954044625537,2132.4547256446785,直连,
T009,巡航,2132.4547256446785,2151.9554066638207,直连,
T009,巡航,2151.9554066638207,2171.456087682963,直连,
T009,巡航,2171.456087682963,2190.9567687021045,直连,
T009,巡航,2190.9567687021045,2210.4574497212466,直连,
T009,巡航,2210.4574497212466,2229.9581307403887,直连,
T009,巡航,2229.9581307403887,2249.4588117595304,直连,
T009,巡航,2249.4588117595304,2268.959492778672,直连,
T009,巡航,2268.959492778672,2288.460173797814,直连,
T009,巡航,2288.460173797814,2307.9608548169563,直连,
T009,巡航,2307.9608548169563,2327.461535836098,直连,
T009,巡航,2327.461535836098,2346.96221685524,直连,
T009,下降,2346.96221685524,2363.7283923923496,直连,
T009,下降,2363.7283923923496,2380.4945679294588,直连,
T009,下降,2380.4945679294588,2397.2607434665683,直连,
T009,下降,2397.2607434665683,2414.026919003678,直连,
T010,爬升,1704.0,1720.1507344563802,直连,
T010,爬升,1720.1507344563802,1736.3014689127604,直连,
T010,爬升,1736.3014689127604,1752.4522033691405,直连,
T010,巡航,1752.4522033691405,1772.0290540270923,直连,
T010,巡航,1772.0290540270923,1791.6059046850442,直连,
T010,巡航,1791.6059046850442,1811.182755342996,直连,
T010,巡航,1811.182755342996,1830.7596060009478,直连,
T010,巡航,1830.7596060009478,1850.3364566588996,直连,
T010,巡航,1850.3364566588996,1869.9133073168514,直连,
T010,巡航,1869.9133073168514,1889.4901579748032,直连,
T010,巡航,1889.4901579748032,1909.067008632755,直连,
T010,巡航,1909.067008632755,1928.6438592907068,直连,
T010,巡航,1928.6438592907068,1948.2207099486586,直连,
T010,巡航,1948.2207099486586,1967.7975606066102,直连,
T010,巡航,1967.7975606066102,1987.3744112645622,直连,
T010,巡航,1987.3744112645622,2006.9512619225138,直连,
T010,下降,2006.9512619225138,2024.7625839439984,直连,
T010,下降,2024.7625839439984,2042.5739059654827,直连,
T010,投送,2042.5739059654827,2062.5739059654825,直连,
T010,投送,2062.5739059654825,2082.5739059654825,直连,
T010,投送,2082.5739059654825,2102.5739059654825,直连,
T010,投送,2102.5739059654825,2122.5739059654825,直连,
T010,投送,2122.5739059654825,2142.5739059654825,直连,
T010,投送,2142.5739059654825,2162.5739059654825,直连,
T010,投送,2162.5739059654825,2182.5739059654825,直连,
T010,投送,2182.5739059654825,2202.5739059654825,直连,
T010,投送,2202.5739059654825,2222.5739059654825,直连,
T010,投送,2222.5739059654825,2242.5739059654825,直连,
T010,投送,2242.5739059654825,2262.5739059654825,直连,
T010,投送,2262.5739059654825,2282.5739059654825,直连,
T010,爬升,2282.5739059654825,2297.4166743167198,直连,
T010,爬升,2297.4166743167198,2312.2594426679566,直连,
T010,巡航,2312.2594426679566,2331.8362933259086,直连,
T010,巡航,2331.8362933259086,2351.41314398386,直连,
T010,巡航,2351.41314398386,2370.989994641812,直连,
T010,巡航,2370.989994641812,2390.566845299764,直连,
T010,巡航,2390.566845299764,2410.143695957716,直连,
T010,巡航,2410.143695957716,2429.7205466156674,直连,
T010,巡航,2429.7205466156674,2449.297397273619,直连,
T010,巡航,2449.297397273619,2468.874247931571,直连,
T010,巡航,2468.874247931571,2488.451098589523,直连,
T010,巡航,2488.451098589523,2508.0279492474747,直连,
T010,巡航,2508.0279492474747,2527.6047999054263,直连,
T010,巡航,2527.6047999054263,2547.1816505633783,直连,
T010,巡航,2547.1816505633783,2566.7585012213303,直连,
T010,下降,2566.7585012213303,2586.1393825689865,直连,
T010,下降,2586.1393825689865,2605.5202639166428,直连,
T010,下降,2605.5202639166428,2624.901145264299,直连,
T011,爬升,1916.0,1935.3808813476562,直连,
T011,爬升,1935.3808813476562,1954.7617626953124,直连,
T011,爬升,1954.7617626953124,1974.1426440429689,直连,
T011,巡航,1974.1426440429689,1992.651666483214,直连,
T011,巡航,1992.651666483214,2011.1606889234595,直连,
T011,巡航,2011.1606889234595,2029.6697113637047,直连,
T011,巡航,2029.6697113637047,2048.1787338039503,直连,
T011,巡航,2048.1787338039503,2066.6877562441955,直连,
T011,巡航,2066.6877562441955,2085.1967786844407,直连,
T011,巡航,2085.1967786844407,2103.7058011246863,直连,
T011,巡航,2103.7058011246863,2122.2148235649315,直连,
T011,巡航,2122.2148235649315,2140.7238460051767,直连,
T011,巡航,2140.7238460051767,2159.2328684454224,直连,
T011,巡航,2159.2328684454224,2177.7418908856675,直连,
T011,下降,2177.7418908856675,2192.5846592369044,直连,
T011,下降,2192.5846592369044,2207.4274275881417,直连,
T011,下降,2207.4274275881417,2222.2701959393785,直连,
T011,投送,2222.2701959393785,2241.32901946879,直连,
T011,投送,2241.32901946879,2260.387842998202,直连,
T011,投送,2260.387842998202,2279.4466665276136,直连,
T011,投送,2279.4466665276136,2298.5054900570253,直连,
T011,投送,2298.5054900570253,2317.5643135864375,直连,
T011,投送,2317.5643135864375,2336.623137115849,直连,
T011,投送,2336.623137115849,2355.681960645261,直连,
T011,投送,2355.681960645261,2374.7407841746726,直连,
T011,投送,2374.7407841746726,2393.7996077040843,直连,
T011,投送,2393.7996077040843,2412.858431233496,直连,
T011,投送,2412.858431233496,2431.9172547629078,直连,
T011,投送,2431.9172547629078,2450.9760782923195,直连,
T011,投送,2450.9760782923195,2470.034901821731,直连,
T011,投送,2470.034901821731,2489.093725351143,直连,
T011,投送,2489.093725351143,2508.152548880555,直连,
T011,投送,2508.152548880555,2527.2113724099668,直连,
T011,投送,2527.2113724099668,2546.2701959393785,直连,
T011,爬升,2546.2701959393785,2564.0815179608626,直连,
T011,爬升,2564.0815179608626,2581.892839982347,直连,
T011,巡航,2581.892839982347,2600.401862422593,直连,
T011,巡航,2600.401862422593,2618.9108848628375,直连,
T011,巡航,2618.9108848628375,2637.419907303083,直连,
T011,巡航,2637.419907303083,2655.928929743329,直连,
T011,巡航,2655.928929743329,2674.4379521835735,直连,
T011,巡航,2674.4379521835735,2692.946974623819,直连,
T011,巡航,2692.946974623819,2711.4559970640644,直连,
T011,巡航,2711.4559970640644,2729.9650195043096,直连,
T011,巡航,2729.9650195043096,2748.474041944555,直连,
T011,巡航,2748.474041944555,2766.9830643848004,直连,
T011,巡航,2766.9830643848004,2785.4920868250456,直连,
T011,下降,2785.4920868250456,2803.6616630884737,直连,
T011,下降,2803.6616630884737,2821.8312393519013,直连,
T011,下降,2821.8312393519013,2840.000815615329,直连,
T011,下降,2840.000815615329,2858.170391878757,直连,
T012,爬升,2522.0,2541.3436411539715,直连,
T012,爬升,2541.3436411539715,2560.687282307943,直连,
T012,爬升,2560.687282307943,2580.030923461914,直连,
T012,爬升,2580.030923461914,2599.3745646158854,直连,
T012,爬升,2599.3745646158854,2618.718205769857,直连,
T012,爬升,2618.718205769857,2638.0618469238284,直连,
T012,爬升,2638.0618469238284,2657.4054880777994,直连,
T012,爬升,2657.4054880777994,2676.749129231771,直连,
T012,巡航,2676.749129231771,2695.7651650036805,直连,
T012,巡航,2695.7651650036805,2714.78120077559,直连,
T012,巡航,2714.78120077559,2733.7972365475,直连,
T012,巡航,2733.7972365475,2752.81327231941,直连,
T012,巡航,2752.81327231941,2771.8293080913195,直连,
T012,巡航,2771.8293080913195,2790.845343863229,直连,
T012,巡航,2790.845343863229,2809.8613796351387,直连,
T012,巡航,2809.8613796351387,2828.8774154070484,直连,
T012,巡航,2828.8774154070484,2847.893451178958,直连,
T012,巡航,2847.893451178958,2866.909486950868,直连,
T012,巡航,2866.909486950868,2885.9255227227777,直连,
T012,巡航,2885.9255227227777,2904.9415584946873,直连,
T012,巡航,2904.9415584946873,2923.957594266597,直连,
T012,巡航,2923.957594266597,2942.9736300385066,中继,R003
T012,巡航,2942.9736300385066,2961.989665810416,中继,R003
T012,巡航,2961.989665810416,2981.005701582326,中继,R003
T012,巡航,2981.005701582326,3000.0217373542355,中继,R003
T012,巡航,3000.0217373542355,3019.037773126145,中继,R003
T012,巡航,3019.037773126145,3038.0538088980547,中继,R003
T012,下降,3038.0538088980547,3057.32959991368,中继,R003
T012,下降,3057.32959991368,3076.605390929305,中继,R003
T012,下降,3076.605390929305,3095.8811819449297,中继,R003
T012,下降,3095.8811819449297,3115.156972960555,中继,R003
T012,下降,3115.156972960555,3134.4327639761796,中继,R003
T012,投送,3134.4327639761796,3153.523673067089,中继,R003
T012,投送,3153.523673067089,3172.614582157998,中继,R003
T012,投送,3172.614582157998,3191.705491248907,中继,R003
T012,投送,3191.705491248907,3210.796400339816,中继,R003
T012,投送,3210.796400339816,3229.8873094307255,中继,R003
T012,投送,3229.8873094307255,3248.9782185216345,中继,R003
T012,投送,3248.9782185216345,3268.0691276125435,中继,R003
T012,投送,3268.0691276125435,3287.1600367034525,中继,R003
T012,投送,3287.1600367034525,3306.2509457943615,中继,R003
T012,投送,3306.2509457943615,3325.3418548852705,中继,R003
T012,投送,3325.3418548852705,3344.4327639761796,中继,R003
T012,爬升,3344.4327639761796,3360.4959231558673,中继,R003
T012,爬升,3360.4959231558673,3376.5590823355546,中继,R003
T012,爬升,3376.5590823355546,3392.6222415152424,中继,R003
T012,爬升,3392.6222415152424,3408.6854006949297,中继,R003
T012,爬升,3408.6854006949297,3424.748559874617,中继,R003
T012,巡航,3424.748559874617,3443.7645956465267,中继,R003
T012,巡航,3443.7645956465267,3462.7806314184363,中继,R003
T012,巡航,3462.7806314184363,3481.796667190346,中继,R003
T012,巡航,3481.796667190346,3500.8127029622556,中继,R003
T012,巡航,3500.8127029622556,3519.828738734165,中继,R003
T012,巡航,3519.828738734165,3538.8447745060753,中继,R003
T012,巡航,3538.8447745060753,3557.860810277985,直连,
T012,巡航,3557.860810277985,3576.8768460498945,直连,
T012,巡航,3576.8768460498945,3595.892881821804,直连,
T012,巡航,3595.892881821804,3614.9089175937142,直连,
T012,巡航,3614.9089175937142,3633.924953365624,直连,
T012,巡航,3633.924953365624,3652.9409891375335,直连,
T012,巡航,3652.9409891375335,3671.957024909443,直连,
T012,巡航,3671.957024909443,3690.9730606813528,直连,
T012,巡航,3690.9730606813528,3709.9890964532624,直连,
T012,巡航,3709.9890964532624,3729.005132225172,直连,
T012,巡航,3729.005132225172,3748.0211679970816,直连,
T012,巡航,3748.0211679970816,3767.0372037689913,直连,
T012,巡航,3767.0372037689913,3786.053239540901,直连,
T012,下降,3786.053239540901,3804.6231350487137,直连,
T012,下降,3804.6231350487137,3823.193030556526,直连,
T012,下降,3823.193030556526,3841.762926064339,直连,
T012,下降,3841.762926064339,3860.3328215721513,直连,
T012,下降,3860.3328215721513,3878.9027170799636,直连,
T012,下降,3878.9027170799636,3897.472612587776,直连,
T012,下降,3897.472612587776,3916.042508095589,直连,
T012,下降,3916.042508095589,3934.6124036034016,直连,
T012,下降,3934.6124036034016,3953.182299111214,直连,
T012,下降,3953.182299111214,3971.7521946190263,直连,
T013,爬升,2502.0,2519.107585313585,直连,
T013,爬升,2519.107585313585,2536.21517062717,直连,
T013,爬升,2536.21517062717,2553.322755940755,直连,
T013,爬升,2553.322755940755,2570.4303412543404,直连,
T013,爬升,2570.4303412543404,2587.5379265679253,直连,
T013,爬升,2587.5379265679253,2604.64551188151,直连,
T013,巡航,2604.64551188151,2624.5808238659233,直连,
T013,巡航,2624.5808238659233,2644.5161358503365,直连,
T013,巡航,2644.5161358503365,2664.45144783475,直连,
T013,巡航,2664.45144783475,2684.3867598191628,直连,
T013,巡航,2684.3867598191628,2704.3220718035764,直连,
T013,巡航,2704.3220718035764,2724.257383787989,直连,
T013,巡航,2724.257383787989,2744.1926957724027,直连,
T013,巡航,2744.1926957724027,2764.128007756816,直连,
T013,巡航,2764.128007756816,2784.063319741229,直连,
T013,巡航,2784.063319741229,2803.998631725642,直连,
T013,巡航,2803.998631725642,2823.9339437100552,直连,
T013,巡航,2823.9339437100552,2843.8692556944684,直连,
T013,巡航,2843.8692556944684,2863.8045676788815,直连,
T013,巡航,2863.8045676788815,2883.7398796632947,直连,
T013,巡航,2883.7398796632947,2903.675191647708,直连,
T013,巡航,2903.675191647708,2923.610503632121,直连,
T013,巡航,2923.610503632121,2943.545815616534,中继,R003
T013,巡航,2943.545815616534,2963.4811276009473,中继,R003
T013,巡航,2963.4811276009473,2983.4164395853604,中继,R003
T013,巡航,2983.4164395853604,3003.3517515697736,中继,R003
T013,下降,3003.3517515697736,3020.15905869868,中继,R003
T013,下降,3020.15905869868,3036.9663658275863,中继,R003
T013,投送,3036.9663658275863,3054.9663658275863,中继,R003
T013,投送,3054.9663658275863,3072.9663658275863,中继,R003
T013,投送,3072.9663658275863,3090.9663658275863,中继,R003
T013,投送,3090.9663658275863,3108.9663658275863,中继,R003
T013,投送,3108.9663658275863,3126.9663658275863,中继,R003
T013,投送,3126.9663658275863,3144.9663658275863,中继,R003
T013,投送,3144.9663658275863,3162.9663658275863,中继,R003
T013,投送,3162.9663658275863,3180.9663658275863,中继,R003
T013,投送,3180.9663658275863,3198.9663658275863,中继,R003
T013,投送,3198.9663658275863,3216.9663658275863,中继,R003
T013,爬升,3216.9663658275863,3230.9724551016748,中继,R003
T013,爬升,3230.9724551016748,3244.9785443757632,中继,R003
T013,巡航,3244.9785443757632,3264.9138563601764,中继,R003
T013,巡航,3264.9138563601764,3284.8491683445895,中继,R003
T013,巡航,3284.8491683445895,3304.7844803290027,中继,R003
T013,巡航,3304.7844803290027,3324.719792313416,中继,R003
T013,巡航,3324.719792313416,3344.655104297829,直连,
T013,巡航,3344.655104297829,3364.5904162822426,直连,
T013,巡航,3364.5904162822426,3384.5257282666553,直连,
T013,巡航,3384.5257282666553,3404.461040251069,直连,
T013,巡航,3404.461040251069,3424.3963522354816,直连,
T013,巡航,3424.3963522354816,3444.331664219895,直连,
T013,巡航,3444.331664219895,3464.266976204308,直连,
T013,巡航,3464.266976204308,3484.2022881887215,直连,
T013,巡航,3484.2022881887215,3504.137600173134,直连,
T013,巡航,3504.137600173134,3524.0729121575478,直连,
T013,巡航,3524.0729121575478,3544.008224141961,直连,
T013,巡航,3544.008224141961,3563.943536126374,直连,
T013,巡航,3563.943536126374,3583.878848110787,直连,
T013,巡航,3583.878848110787,3603.8141600952004,直连,
T013,巡航,3603.8141600952004,3623.7494720796135,直连,
T013,巡航,3623.7494720796135,3643.6847840640266,直连,
T013,下降,3643.6847840640266,3661.281157529428,直连,
T013,下降,3661.281157529428,3678.8775309948305,直连,
T013,下降,3678.8775309948305,3696.473904460232,直连,
T013,下降,3696.473904460232,3714.0702779256335,直连,
T013,下降,3714.0702779256335,3731.6666513910354,直连,
T013,下降,3731.6666513910354,3749.2630248564374,直连,
T013,下降,3749.2630248564374,3766.859398321839,直连,
T014,爬升,2568.0,2586.098788248698,直连,
T014,爬升,2586.098788248698,2604.197576497396,直连,
T014,爬升,2604.197576497396,2622.296364746094,直连,
T014,爬升,2622.296364746094,2640.3951529947917,直连,
T014,爬升,2640.3951529947917,2658.4939412434896,直连,
T014,爬升,2658.4939412434896,2676.5927294921876,直连,
T014,巡航,2676.5927294921876,2695.6093061241936,直连,
T014,巡航,2695.6093061241936,2714.625882756199,直连,
T014,巡航,2714.625882756199,2733.642459388205,直连,
T014,巡航,2733.642459388205,2752.659036020211,直连,
T014,巡航,2752.659036020211,2771.675612652217,直连,
T014,巡航,2771.675612652217,2790.692189284223,直连,
T014,巡航,2790.692189284223,2809.7087659162285,直连,
T014,巡航,2809.7087659162285,2828.725342548234,直连,
T014,巡航,2828.725342548234,2847.74191918024,直连,
T014,巡航,2847.74191918024,2866.758495812246,直连,
T014,巡航,2866.758495812246,2885.7750724442517,直连,
T014,巡航,2885.7750724442517,2904.7916490762577,直连,
T014,巡航,2904.7916490762577,2923.8082257082633,直连,
T014,巡航,2923.8082257082633,2942.8248023402693,中继,R003
T014,巡航,2942.8248023402693,2961.8413789722754,中继,R003
T014,巡航,2961.8413789722754,2980.857955604281,中继,R003
T014,巡航,2980.857955604281,2999.874532236287,中继,R003
T014,下降,2999.874532236287,3011.744988168904,中继,R003
T014,下降,3011.744988168904,3023.6154441015215,中继,R003
T014,投送,3023.6154441015215,3042.8154441015213,中继,R003
T014,投送,3042.8154441015213,3062.015444101521,中继,R003
T014,投送,3062.015444101521,3081.2154441015214,中继,R003
T014,投送,3081.2154441015214,3100.415444101521,中继,R003
T014,投送,3100.415444101521,3119.6154441015215,中继,R003
T014,投送,3119.6154441015215,3138.8154441015213,中继,R003
T014,投送,3138.8154441015213,3158.015444101521,中继,R003
T014,投送,3158.015444101521,3177.2154441015214,中继,R003
T014,投送,3177.2154441015214,3196.415444101521,中继,R003
T014,投送,3196.415444101521,3215.6154441015215,中继,R003
T014,投送,3215.6154441015215,3234.8154441015213,中继,R003
T014,投送,3234.8154441015213,3254.015444101521,中继,R003
T014,投送,3254.015444101521,3273.215444101521,中继,R003
T014,投送,3273.215444101521,3292.415444101521,中继,R003
T014,投送,3292.415444101521,3311.6154441015215,中继,R003
T014,爬升,3311.6154441015215,3330.6081735937087,中继,R003
T014,巡航,3330.6081735937087,3349.6247502257147,中继,R003
T014,巡航,3349.6247502257147,3368.6413268577203,中继,R003
T014,巡航,3368.6413268577203,3387.6579034897263,中继,R003
T014,巡航,3387.6579034897263,3406.674480121732,中继,R003
T014,巡航,3406.674480121732,3425.691056753738,直连,
T014,巡航,3425.691056753738,3444.707633385744,直连,
T014,巡航,3444.707633385744,3463.7242100177496,直连,
T014,巡航,3463.7242100177496,3482.740786649755,直连,
T014,巡航,3482.740786649755,3501.757363281761,直连,
T014,巡航,3501.757363281761,3520.773939913767,直连,
T014,巡航,3520.773939913767,3539.7905165457732,直连,
T014,巡航,3539.7905165457732,3558.807093177779,直连,
T014,巡航,3558.807093177779,3577.8236698097844,直连,
T014,巡航,3577.8236698097844,3596.8402464417904,直连,
T014,巡航,3596.8402464417904,3615.8568230737965,直连,
T014,巡航,3615.8568230737965,3634.8733997058025,直连,
T014,巡航,3634.8733997058025,3653.889976337808,直连,
T014,下降,3653.889976337808,3673.281535175699,直连,
T014,下降,3673.281535175699,3692.6730940135894,直连,
T014,下降,3692.6730940135894,3712.06465285148,直连,
T014,下降,3712.06465285148,3731.4562116893703,直连,
T014,下降,3731.4562116893703,3750.847770527261,直连,
T014,下降,3750.847770527261,3770.239329365152,直连,
T014,下降,3770.239329365152,3789.6308882030426,直连,
T015,爬升,2522.0,2541.3436411539715,直连,
T015,爬升,2541.3436411539715,2560.687282307943,直连,
T015,爬升,2560.687282307943,2580.030923461914,直连,
T015,爬升,2580.030923461914,2599.3745646158854,直连,
T015,爬升,2599.3745646158854,2618.718205769857,直连,
T015,爬升,2618.718205769857,2638.0618469238284,直连,
T015,爬升,2638.0618469238284,2657.4054880777994,直连,
T015,爬升,2657.4054880777994,2676.749129231771,直连,
T015,巡航,2676.749129231771,2695.7651650036805,直连,
T015,巡航,2695.7651650036805,2714.78120077559,直连,
T015,巡航,2714.78120077559,2733.7972365475,直连,
T015,巡航,2733.7972365475,2752.81327231941,直连,
T015,巡航,2752.81327231941,2771.8293080913195,直连,
T015,巡航,2771.8293080913195,2790.845343863229,直连,
T015,巡航,2790.845343863229,2809.8613796351387,直连,
T015,巡航,2809.8613796351387,2828.8774154070484,直连,
T015,巡航,2828.8774154070484,2847.893451178958,直连,
T015,巡航,2847.893451178958,2866.909486950868,直连,
T015,巡航,2866.909486950868,2885.9255227227777,直连,
T015,巡航,2885.9255227227777,2904.9415584946873,直连,
T015,巡航,2904.9415584946873,2923.957594266597,直连,
T015,巡航,2923.957594266597,2942.9736300385066,中继,R003
T015,巡航,2942.9736300385066,2961.989665810416,中继,R003
T015,巡航,2961.989665810416,2981.005701582326,中继,R003
T015,巡航,2981.005701582326,3000.0217373542355,中继,R003
T015,巡航,3000.0217373542355,3019.037773126145,中继,R003
T015,巡航,3019.037773126145,3038.0538088980547,中继,R003
T015,下降,3038.0538088980547,3057.32959991368,中继,R003
T015,下降,3057.32959991368,3076.605390929305,中继,R003
T015,下降,3076.605390929305,3095.8811819449297,中继,R003
T015,下降,3095.8811819449297,3115.156972960555,中继,R003
T015,下降,3115.156972960555,3134.4327639761796,中继,R003
T015,投送,3134.4327639761796,3154.4327639761796,中继,R003
T015,投送,3154.4327639761796,3174.4327639761796,中继,R003
T015,投送,3174.4327639761796,3194.4327639761796,中继,R003
T015,投送,3194.4327639761796,3214.4327639761796,中继,R003
T015,投送,3214.4327639761796,3234.4327639761796,中继,R003
T015,投送,3234.4327639761796,3254.4327639761796,中继,R003
T015,投送,3254.4327639761796,3274.4327639761796,中继,R003
T015,投送,3274.4327639761796,3294.4327639761796,中继,R003
T015,投送,3294.4327639761796,3314.4327639761796,中继,R003
T015,爬升,3314.4327639761796,3330.4959231558673,中继,R003
T015,爬升,3330.4959231558673,3346.5590823355546,中继,R003
T015,爬升,3346.5590823355546,3362.6222415152424,中继,R003
T015,爬升,3362.6222415152424,3378.6854006949297,中继,R003
T015,爬升,3378.6854006949297,3394.748559874617,中继,R003
T015,巡航,3394.748559874617,3413.7645956465267,中继,R003
T015,巡航,3413.7645956465267,3432.7806314184363,中继,R003
T015,巡航,3432.7806314184363,3451.796667190346,中继,R003
T015,巡航,3451.796667190346,3470.8127029622556,中继,R003
T015,巡航,3470.8127029622556,3489.828738734165,中继,R003
T015,巡航,3489.828738734165,3508.8447745060753,中继,R003
T015,巡航,3508.8447745060753,3527.860810277985,直连,
T015,巡航,3527.860810277985,3546.8768460498945,直连,
T015,巡航,3546.8768460498945,3565.892881821804,直连,
T015,巡航,3565.892881821804,3584.9089175937142,直连,
T015,巡航,3584.9089175937142,3603.924953365624,直连,
T015,巡航,3603.924953365624,3622.9409891375335,直连,
T015,巡航,3622.9409891375335,3641.957024909443,直连,
T015,巡航,3641.957024909443,3660.9730606813528,直连,
T015,巡航,3660.9730606813528,3679.9890964532624,直连,
T015,巡航,3679.9890964532624,3699.005132225172,直连,
T015,巡航,3699.005132225172,3718.0211679970816,直连,
T015,巡航,3718.0211679970816,3737.0372037689913,直连,
T015,巡航,3737.0372037689913,3756.053239540901,直连,
T015,下降,3756.053239540901,3774.6231350487137,直连,
T015,下降,3774.6231350487137,3793.193030556526,直连,
T015,下降,3793.193030556526,3811.762926064339,直连,
T015,下降,3811.762926064339,3830.3328215721513,直连,
T015,下降,3830.3328215721513,3848.9027170799636,直连,
T015,下降,3848.9027170799636,3867.472612587776,直连,
T015,下降,3867.472612587776,3886.042508095589,直连,
T015,下降,3886.042508095589,3904.6124036034016,直连,
T015,下降,3904.6124036034016,3923.182299111214,直连,
T015,下降,3923.182299111214,3941.7521946190263,直连,
T016,爬升,2567.0,2584.107585313585,直连,
T016,爬升,2584.107585313585,2601.21517062717,直连,
T016,爬升,2601.21517062717,2618.322755940755,直连,
T016,爬升,2618.322755940755,2635.4303412543404,直连,
T016,爬升,2635.4303412543404,2652.5379265679253,直连,
T016,爬升,2652.5379265679253,2669.64551188151,直连,
T016,巡航,2669.64551188151,2689.5808238659233,直连,
T016,巡航,2689.5808238659233,2709.5161358503365,直连,
T016,巡航,2709.5161358503365,2729.45144783475,直连,
T016,巡航,2729.45144783475,2749.3867598191628,直连,
T016,巡航,2749.3867598191628,2769.3220718035764,直连,
T016,巡航,2769.3220718035764,2789.257383787989,直连,
T016,巡航,2789.257383787989,2809.1926957724027,直连,
T016,巡航,2809.1926957724027,2829.128007756816,直连,
T016,巡航,2829.128007756816,2849.063319741229,直连,
T016,巡航,2849.063319741229,2868.998631725642,直连,
T016,巡航,2868.998631725642,2888.9339437100552,直连,
T016,巡航,2888.9339437100552,2908.8692556944684,直连,
T016,巡航,2908.8692556944684,2928.8045676788815,直连,
T016,巡航,2928.8045676788815,2948.7398796632947,直连,
T016,巡航,2948.7398796632947,2968.675191647708,直连,
T016,巡航,2968.675191647708,2988.610503632121,直连,
T016,巡航,2988.610503632121,3008.545815616534,中继,R003
T016,巡航,3008.545815616534,3028.4811276009473,中继,R003
T016,巡航,3028.4811276009473,3048.4164395853604,中继,R003
T016,巡航,3048.4164395853604,3068.3517515697736,中继,R003
T016,下降,3068.3517515697736,3085.15905869868,中继,R003
T016,下降,3085.15905869868,3101.9663658275863,中继,R003
T016,投送,3101.9663658275863,3121.0572749184953,中继,R003
T016,投送,3121.0572749184953,3140.1481840094043,中继,R003
T016,投送,3140.1481840094043,3159.2390931003133,中继,R003
T016,投送,3159.2390931003133,3178.330002191223,中继,R003
T016,投送,3178.330002191223,3197.420911282132,中继,R003
T016,投送,3197.420911282132,3216.511820373041,中继,R003
T016,投送,3216.511820373041,3235.60272946395,中继,R003
T016,投送,3235.60272946395,3254.693638554859,中继,R003
T016,投送,3254.693638554859,3273.784547645768,中继,R003
T016,投送,3273.784547645768,3292.8754567366773,中继,R003
T016,投送,3292.8754567366773,3311.9663658275863,中继,R003
T016,爬升,3311.9663658275863,3325.9724551016748,中继,R003
T016,爬升,3325.9724551016748,3339.9785443757632,中继,R003
T016,巡航,3339.9785443757632,3359.9138563601764,中继,R003
T016,巡航,3359.9138563601764,3379.8491683445895,中继,R003
T016,巡航,3379.8491683445895,3399.7844803290027,中继,R003
T016,巡航,3399.7844803290027,3419.719792313416,中继,R003
T016,巡航,3419.719792313416,3439.655104297829,直连,
T016,巡航,3439.655104297829,3459.5904162822426,直连,
T016,巡航,3459.5904162822426,3479.5257282666553,直连,
T016,巡航,3479.5257282666553,3499.461040251069,直连,
T016,巡航,3499.461040251069,3519.3963522354816,直连,
T016,巡航,3519.3963522354816,3539.331664219895,直连,
T016,巡航,3539.331664219895,3559.266976204308,直连,
T016,巡航,3559.266976204308,3579.2022881887215,直连,
T016,巡航,3579.2022881887215,3599.137600173134,直连,
T016,巡航,3599.137600173134,3619.0729121575478,直连,
T016,巡航,3619.0729121575478,3639.008224141961,直连,
T016,巡航,3639.008224141961,3658.943536126374,直连,
T016,巡航,3658.943536126374,3678.878848110787,直连,
T016,巡航,3678.878848110787,3698.8141600952004,直连,
T016,巡航,3698.8141600952004,3718.7494720796135,直连,
T016,巡航,3718.7494720796135,3738.6847840640266,直连,
T016,下降,3738.6847840640266,3756.281157529428,直连,
T016,下降,3756.281157529428,3773.8775309948305,直连,
T016,下降,3773.8775309948305,3791.473904460232,直连,
T016,下降,3791.473904460232,3809.0702779256335,直连,
T016,下降,3809.0702779256335,3826.6666513910354,直连,
T016,下降,3826.6666513910354,3844.2630248564374,直连,
T016,下降,3844.2630248564374,3861.859398321839,直连,
T017,爬升,2818.0,2836.2987226213727,直连,
T017,爬升,2836.2987226213727,2854.5974452427454,直连,
T017,爬升,2854.5974452427454,2872.896167864118,直连,
T017,爬升,2872.896167864118,2891.194890485491,直连,
T017,爬升,2891.194890485491,2909.493613106864,直连,
T017,爬升,2909.493613106864,2927.7923357282366,直连,
T017,爬升,2927.7923357282366,2946.0910583496093,直连,
T017,巡航,2946.0910583496093,2965.979339032121,直连,
T017,巡航,2965.979339032121,2985.867619714633,直连,
T017,巡航,2985.867619714633,3005.7559003971446,直连,
T017,巡航,3005.7559003971446,3025.644181079656,直连,
T017,巡航,3025.644181079656,3045.532461762168,直连,
T017,巡航,3045.532461762168,3065.4207424446795,直连,
T017,巡航,3065.4207424446795,3085.3090231271913,直连,
T017,巡航,3085.3090231271913,3105.197303809703,直连,
T017,巡航,3105.197303809703,3125.085584492215,直连,
T017,巡航,3125.085584492215,3144.9738651747266,直连,
T017,巡航,3144.9738651747266,3164.862145857238,直连,
T017,巡航,3164.862145857238,3184.7504265397497,直连,
T017,巡航,3184.7504265397497,3204.6387072222615,直连,
T017,巡航,3204.6387072222615,3224.5269879047733,直连,
T017,巡航,3224.5269879047733,3244.415268587285,直连,
T017,巡航,3244.415268587285,3264.303549269797,直连,
T017,巡航,3264.303549269797,3284.1918299523086,中继,R004
T017,巡航,3284.1918299523086,3304.08011063482,中继,R004
T017,巡航,3304.08011063482,3323.9683913173317,中继,R004
T017,下降,3323.9683913173317,3340.3157088222147,中继,R004
T017,下降,3340.3157088222147,3356.663026327097,中继,R004
T017,下降,3356.663026327097,3373.01034383198,中继,R004
T017,下降,3373.01034383198,3389.357661336863,中继,R004
T017,投送,3389.357661336863,3408.448570427772,中继,R004
T017,投送,3408.448570427772,3427.539479518681,中继,R004
T017,投送,3427.539479518681,3446.63038860959,中继,R004
T017,投送,3446.63038860959,3465.7212977004992,中继,R004
T017,投送,3465.7212977004992,3484.8122067914082,中继,R004
T017,投送,3484.8122067914082,3503.9031158823173,中继,R004
T017,投送,3503.9031158823173,3522.9940249732267,中继,R004
T017,投送,3522.9940249732267,3542.0849340641357,中继,R004
T017,投送,3542.0849340641357,3561.1758431550447,中继,R004
T017,投送,3561.1758431550447,3580.266752245954,中继,R004
T017,投送,3580.266752245954,3599.357661336863,中继,R004
T017,爬升,3599.357661336863,3617.5213474533994,中继,R004
T017,爬升,3617.5213474533994,3635.685033569936,中继,R004
T017,爬升,3635.685033569936,3653.8487196864726,中继,R004
T017,巡航,3653.8487196864726,3673.737000368984,中继,R004
T017,巡航,3673.737000368984,3693.6252810514957,中继,R004
T017,巡航,3693.6252810514957,3713.5135617340075,中继,R004
T017,巡航,3713.5135617340075,3733.4018424165192,直连,
T017,巡航,3733.4018424165192,3753.290123099031,直连,
T017,巡航,3753.290123099031,3773.1784037815423,直连,
T017,巡航,3773.1784037815423,3793.0666844640546,直连,
T017,巡航,3793.0666844640546,3812.954965146566,直连,
T017,巡航,3812.954965146566,3832.8432458290777,直连,
T017,巡航,3832.8432458290777,3852.7315265115894,直连,
T017,巡航,3852.7315265115894,3872.619807194101,直连,
T017,巡航,3872.619807194101,3892.508087876613,直连,
T017,巡航,3892.508087876613,3912.3963685591243,直连,
T017,巡航,3912.3963685591243,3932.284649241636,直连,
T017,巡航,3932.284649241636,3952.172929924148,直连,
T017,巡航,3952.172929924148,3972.0612106066596,直连,
T017,巡航,3972.0612106066596,3991.9494912891714,直连,
T017,巡航,3991.9494912891714,4011.8377719716827,直连,
T017,巡航,4011.8377719716827,4031.726052654195,直连,
T017,下降,4031.726052654195,4050.939711406636,直连,
T017,下降,4050.939711406636,4070.1533701590774,直连,
T017,下降,4070.1533701590774,4089.367028911519,直连,
T017,下降,4089.367028911519,4108.58068766396,直连,
T017,下降,4108.58068766396,4127.794346416402,直连,
T017,下降,4127.794346416402,4147.008005168844,直连,
T017,下降,4147.008005168844,4166.221663921285,直连,
T017,下降,4166.221663921285,4185.435322673726,直连,
T018,爬升,3491.0,3510.2136587524415,直连,
T018,爬升,3510.2136587524415,3529.427317504883,直连,
T018,爬升,3529.427317504883,3548.640976257324,直连,
T018,爬升,3548.640976257324,3567.854635009766,直连,
T018,爬升,3567.854635009766,3587.068293762207,直连,
T018,爬升,3587.068293762207,3606.2819525146483,直连,
T018,爬升,3606.2819525146483,3625.4956112670898,直连,
T018,爬升,3625.4956112670898,3644.7092700195312,直连,
T018,巡航,3644.7092700195312,3663.603136667917,直连,
T018,巡航,3663.603136667917,3682.4970033163036,直连,
T018,巡航,3682.4970033163036,3701.3908699646895,直连,
T018,巡航,3701.3908699646895,3720.2847366130754,直连,
T018,巡航,3720.2847366130754,3739.178603261462,直连,
T018,巡航,3739.178603261462,3758.072469909848,直连,
T018,巡航,3758.072469909848,3776.966336558234,直连,
T018,巡航,3776.966336558234,3795.86020320662,直连,
T018,巡航,3795.86020320662,3814.7540698550065,直连,
T018,巡航,3814.7540698550065,3833.6479365033924,直连,
T018,巡航,3833.6479365033924,3852.5418031517784,直连,
T018,巡航,3852.5418031517784,3871.4356698001648,直连,
T018,巡航,3871.4356698001648,3890.3295364485507,直连,
T018,巡航,3890.3295364485507,3909.223403096937,中继,R004
T018,巡航,3909.223403096937,3928.117269745323,中继,R004
T018,巡航,3928.117269745323,3947.0111363937094,中继,R004
T018,下降,3947.0111363937094,3963.358453898592,中继,R004
T018,下降,3963.358453898592,3979.705771403475,中继,R004
T018,下降,3979.705771403475,3996.0530889083575,中继,R004
T018,下降,3996.0530889083575,4012.4004064132405,中继,R004
T018,下降,4012.4004064132405,4028.7477239181235,中继,R004
T018,投送,4028.7477239181235,4048.384087554487,中继,R004
T018,投送,4048.384087554487,4068.0204511908505,中继,R004
T018,投送,4068.0204511908505,4087.6568148272145,中继,R004
T018,投送,4087.6568148272145,4107.2931784635775,中继,R004
T018,投送,4107.2931784635775,4126.9295420999415,中继,R004
T018,投送,4126.9295420999415,4146.565905736305,中继,R004
T018,投送,4146.565905736305,4166.2022693726685,中继,R004
T018,投送,4166.2022693726685,4185.8386330090325,中继,R004
T018,投送,4185.8386330090325,4205.4749966453965,中继,R004
T018,投送,4205.4749966453965,4225.1113602817595,中继,R004
T018,投送,4225.1113602817595,4244.7477239181235,中继,R004
T018,爬升,4244.7477239181235,4257.187592082186,中继,R004
T018,爬升,4257.187592082186,4269.627460246248,中继,R004
T018,巡航,4269.627460246248,4287.856404636299,中继,R004
T018,巡航,4287.856404636299,4306.08534902635,中继,R004
T018,巡航,4306.08534902635,4324.314293416401,中继,R004
T018,巡航,4324.314293416401,4342.543237806451,中继,R004
T018,巡航,4342.543237806451,4360.7721821965015,中继,R004
T018,巡航,4360.7721821965015,4379.001126586552,中继,R004
T018,巡航,4379.001126586552,4397.230070976602,中继,R004
T018,巡航,4397.230070976602,4415.459015366653,中继,R004
T018,巡航,4415.459015366653,4433.687959756704,中继,R004
T018,巡航,4433.687959756704,4451.916904146754,中继,R004
T018,下降,4451.916904146754,4469.966739351832,中继,R004
T018,下降,4469.966739351832,4488.01657455691,中继,R004
T018,投送,4488.01657455691,4507.81657455691,中继,R004
T018,投送,4507.81657455691,4527.616574556911,中继,R004
T018,投送,4527.616574556911,4547.416574556911,中继,R004
T018,投送,4547.416574556911,4567.216574556911,中继,R004
T018,投送,4567.216574556911,4587.01657455691,中继,R004
T018,投送,4587.01657455691,4606.81657455691,中继,R004
T018,投送,4606.81657455691,4626.616574556911,中继,R004
T018,投送,4626.616574556911,4646.416574556911,中继,R004
T018,投送,4646.416574556911,4666.216574556911,中继,R004
T018,投送,4666.216574556911,4686.01657455691,中继,R004
T018,投送,4686.01657455691,4705.81657455691,中继,R004
T018,投送,4705.81657455691,4725.616574556911,中继,R004
T018,投送,4725.616574556911,4745.41657455691,中继,R004
T018,投送,4745.41657455691,4765.216574556911,中继,R004
T018,投送,4765.216574556911,4785.01657455691,中继,R004
T018,投送,4785.01657455691,4804.81657455691,中继,R004
T018,投送,4804.81657455691,4824.616574556911,中继,R004
T018,投送,4824.616574556911,4844.41657455691,中继,R004
T018,投送,4844.41657455691,4864.216574556911,中继,R004
T018,投送,4864.216574556911,4884.01657455691,中继,R004
T018,爬升,4884.01657455691,4901.880905611598,中继,R004
T018,爬升,4901.880905611598,4919.745236666286,中继,R004
T018,爬升,4919.745236666286,4937.609567720973,中继,R004
T018,爬升,4937.609567720973,4955.473898775661,中继,R004
T018,爬升,4955.473898775661,4973.338229830348,中继,R004
T018,巡航,4973.338229830348,4992.707103742485,中继,R004
T018,巡航,4992.707103742485,5012.07597765462,中继,R004
T018,巡航,5012.07597765462,5031.444851566756,中继,R004
T018,巡航,5031.444851566756,5050.813725478893,中继,R004
T018,巡航,5050.813725478893,5070.182599391029,中继,R004
T018,巡航,5070.182599391029,5089.551473303165,中继,R004
T018,巡航,5089.551473303165,5108.920347215301,中继,R004
T018,巡航,5108.920347215301,5128.2892211274375,中继,R004
T018,巡航,5128.2892211274375,5147.658095039573,中继,R004
T018,巡航,5147.658095039573,5167.02696895171,中继,R004
T018,巡航,5167.02696895171,5186.395842863845,中继,R004
T018,巡航,5186.395842863845,5205.764716775982,中继,R004
T018,巡航,5205.764716775982,5225.133590688118,直连,
T018,巡航,5225.133590688118,5244.502464600254,直连,
T018,巡航,5244.502464600254,5263.87133851239,直连,
T018,巡航,5263.87133851239,5283.240212424526,直连,
T018,巡航,5283.240212424526,5302.609086336663,直连,
T018,巡航,5302.609086336663,5321.977960248798,直连,
T018,巡航,5321.977960248798,5341.346834160935,直连,
T018,巡航,5341.346834160935,5360.71570807307,直连,
T018,巡航,5360.71570807307,5380.0845819852075,直连,
T018,巡航,5380.0845819852075,5399.453455897343,直连,
T018,巡航,5399.453455897343,5418.822329809479,直连,
T018,巡航,5418.822329809479,5438.191203721615,直连,
T018,巡航,5438.191203721615,5457.5600776337515,直连,
T018,下降,5457.5600776337515,5477.292083914824,直连,
T018,下降,5477.292083914824,5497.024090195897,直连,
T018,下降,5497.024090195897,5516.756096476969,直连,
T018,下降,5516.756096476969,5536.488102758041,直连,
T018,下降,5536.488102758041,5556.220109039114,直连,
T018,下降,5556.220109039114,5575.952115320186,直连,
T018,下降,5575.952115320186,5595.684121601258,直连,
T018,下降,5595.684121601258,5615.416127882331,直连,
T018,下降,5615.416127882331,5635.1481341634035,直连,
T018,下降,5635.1481341634035,5654.880140444477,直连,
T018,下降,5654.880140444477,5674.612146725549,直连,
T019,爬升,3594.0,3612.0876724243167,直连,
T019,爬升,3612.0876724243167,3630.175344848633,直连,
T019,爬升,3630.175344848633,3648.2630172729496,直连,
T019,爬升,3648.2630172729496,3666.350689697266,直连,
T019,爬升,3666.350689697266,3684.438362121582,直连,
T019,爬升,3684.438362121582,3702.5260345458987,直连,
T019,爬升,3702.5260345458987,3720.613706970215,直连,
T019,爬升,3720.613706970215,3738.7013793945316,直连,
T019,巡航,3738.7013793945316,3758.2264539027333,直连,
T019,巡航,3758.2264539027333,3777.751528410935,直连,
T019,巡航,3777.751528410935,3797.2766029191366,直连,
T019,巡航,3797.2766029191366,3816.8016774273383,直连,
T019,巡航,3816.8016774273383,3836.3267519355404,直连,
T019,巡航,3836.3267519355404,3855.851826443742,直连,
T019,巡航,3855.851826443742,3875.3769009519438,直连,
T019,巡航,3875.3769009519438,3894.9019754601454,直连,
T019,巡航,3894.9019754601454,3914.427049968347,直连,
T019,巡航,3914.427049968347,3933.952124476549,直连,
T019,巡航,3933.952124476549,3953.4771989847504,直连,
T019,巡航,3953.4771989847504,3973.0022734929526,直连,
T019,巡航,3973.0022734929526,3992.527348001154,直连,
T019,巡航,3992.527348001154,4012.052422509356,直连,
T019,巡航,4012.052422509356,4031.5774970175576,直连,
T019,巡航,4031.5774970175576,4051.1025715257592,直连,
T019,巡航,4051.1025715257592,4070.6276460339614,中继,R004
T019,巡航,4070.6276460339614,4090.152720542163,中继,R004
T019,巡航,4090.152720542163,4109.677795050365,中继,R004
T019,巡航,4109.677795050365,4129.202869558567,中继,R004
T019,巡航,4129.202869558567,4148.727944066768,中继,R004
T019,巡航,4148.727944066768,4168.25301857497,中继,R004
T019,巡航,4168.25301857497,4187.778093083171,中继,R004
T019,巡航,4187.778093083171,4207.3031675913735,中继,R004
T019,巡航,4207.3031675913735,4226.828242099575,中继,R004
T019,巡航,4226.828242099575,4246.353316607777,中继,R004
T019,巡航,4246.353316607777,4265.878391115979,中继,R004
T019,巡航,4265.878391115979,4285.40346562418,中继,R004
T019,巡航,4285.40346562418,4304.928540132382,中继,R004
T019,巡航,4304.928540132382,4324.453614640584,中继,R004
T019,巡航,4324.453614640584,4343.978689148786,中继,R004
T019,下降,4343.978689148786,4361.843020203473,中继,R004
T019,下降,4361.843020203473,4379.707351258161,中继,R004
T019,下降,4379.707351258161,4397.571682312848,中继,R004
T019,下降,4397.571682312848,4415.436013367535,中继,R004
T019,下降,4415.436013367535,4433.300344422223,中继,R004
T019,投送,4433.300344422223,4452.391253513132,中继,R004
T019,投送,4452.391253513132,4471.482162604041,中继,R004
T019,投送,4471.482162604041,4490.57307169495,中继,R004
T019,投送,4490.57307169495,4509.663980785859,中继,R004
T019,投送,4509.663980785859,4528.754889876769,中继,R004
T019,投送,4528.754889876769,4547.845798967677,中继,R004
T019,投送,4547.845798967677,4566.936708058587,中继,R004
T019,投送,4566.936708058587,4586.027617149496,中继,R004
T019,投送,4586.027617149496,4605.118526240405,中继,R004
T019,投送,4605.118526240405,4624.209435331314,中继,R004
T019,投送,4624.209435331314,4643.300344422223,中继,R004
T019,爬升,4643.300344422223,4661.90902260419,中继,R004
T019,爬升,4661.90902260419,4680.517700786156,中继,R004
T019,爬升,4680.517700786156,4699.126378968122,中继,R004
T019,爬升,4699.126378968122,4717.735057150088,中继,R004
T019,巡航,4717.735057150088,4737.2601316582895,中继,R004
T019,巡航,4737.2601316582895,4756.785206166492,中继,R004
T019,巡航,4756.785206166492,4776.310280674693,中继,R004
T019,巡航,4776.310280674693,4795.835355182895,中继,R004
T019,巡航,4795.835355182895,4815.360429691096,中继,R004
T019,巡航,4815.360429691096,4834.885504199298,中继,R004
T019,巡航,4834.885504199298,4854.4105787075005,中继,R004
T019,巡航,4854.4105787075005,4873.935653215702,中继,R004
T019,巡航,4873.935653215702,4893.460727723904,中继,R004
T019,巡航,4893.460727723904,4912.985802232105,中继,R004
T019,巡航,4912.985802232105,4932.510876740307,中继,R004
T019,巡航,4932.510876740307,4952.035951248508,中继,R004
T019,巡航,4952.035951248508,4971.5610257567105,中继,R004
T019,巡航,4971.5610257567105,4991.086100264913,中继,R004
T019,巡航,4991.086100264913,5010.611174773114,中继,R004
T019,巡航,5010.611174773114,5030.136249281316,直连,
T019,巡航,5030.136249281316,5049.661323789518,直连,
T019,巡航,5049.661323789518,5069.186398297719,直连,
T019,巡航,5069.186398297719,5088.7114728059205,直连,
T019,巡航,5088.7114728059205,5108.236547314123,直连,
T019,巡航,5108.236547314123,5127.761621822325,直连,
T019,巡航,5127.761621822325,5147.286696330526,直连,
T019,巡航,5147.286696330526,5166.811770838728,直连,
T019,巡航,5166.811770838728,5186.33684534693,直连,
T019,巡航,5186.33684534693,5205.861919855131,直连,
T019,巡航,5205.861919855131,5225.386994363333,直连,
T019,巡航,5225.386994363333,5244.912068871535,直连,
T019,巡航,5244.912068871535,5264.437143379737,直连,
T019,巡航,5264.437143379737,5283.962217887938,直连,
T019,巡航,5283.962217887938,5303.48729239614,直连,
T019,巡航,5303.48729239614,5323.012366904342,直连,
T019,下降,5323.012366904342,5342.3058841569455,直连,
T019,下降,5342.3058841569455,5361.59940140955,直连,
T019,下降,5361.59940140955,5380.892918662154,直连,
T019,下降,5380.892918662154,5400.1864359147585,直连,
T019,下降,5400.1864359147585,5419.479953167363,直连,
T019,下降,5419.479953167363,5438.7734704199665,直连,
T019,下降,5438.7734704199665,5458.0669876725715,直连,
T019,下降,5458.0669876725715,5477.3605049251755,直连,
T019,下降,5477.3605049251755,5496.65402217778,直连,
T020,爬升,4127.0,4145.629083930122,直连,
T020,爬升,4145.629083930122,4164.258167860243,直连,
T020,爬升,4164.258167860243,4182.887251790365,直连,
T020,巡航,4182.887251790365,4202.387932809506,直连,
T020,巡航,4202.387932809506,4221.888613828649,直连,
T020,巡航,4221.888613828649,4241.389294847791,直连,
T020,巡航,4241.389294847791,4260.889975866932,直连,
T020,巡航,4260.889975866932,4280.390656886075,直连,
T020,巡航,4280.390656886075,4299.8913379052165,直连,
T020,巡航,4299.8913379052165,4319.392018924358,直连,
T020,巡航,4319.392018924358,4338.8926999435,直连,
T020,巡航,4338.8926999435,4358.393380962642,直连,
T020,巡航,4358.393380962642,4377.894061981784,直连,
T020,巡航,4377.894061981784,4397.394743000926,直连,
T020,巡航,4397.394743000926,4416.895424020068,直连,
T020,下降,4416.895424020068,4433.547775094286,直连,
T020,下降,4433.547775094286,4450.200126168505,直连,
T020,投送,4450.200126168505,4469.2910352594145,直连,
T020,投送,4469.2910352594145,4488.3819443503235,直连,
T020,投送,4488.3819443503235,4507.4728534412325,直连,
T020,投送,4507.4728534412325,4526.5637625321415,直连,
T020,投送,4526.5637625321415,4545.654671623051,直连,
T020,投送,4545.654671623051,4564.7455807139595,直连,
T020,投送,4564.7455807139595,4583.836489804869,直连,
T020,投送,4583.836489804869,4602.927398895778,直连,
T020,投送,4602.927398895778,4622.018307986687,直连,
T020,投送,4622.018307986687,4641.109217077596,直连,
T020,投送,4641.109217077596,4660.200126168505,直连,
T020,爬升,4660.200126168505,4674.077085397021,直连,
T020,爬升,4674.077085397021,4687.954044625537,直连,
T020,巡航,4687.954044625537,4707.454725644679,直连,
T020,巡航,4707.454725644679,4726.955406663821,直连,
T020,巡航,4726.955406663821,4746.456087682963,直连,
T020,巡航,4746.456087682963,4765.9567687021045,直连,
T020,巡航,4765.9567687021045,4785.457449721246,直连,
T020,巡航,4785.457449721246,4804.958130740389,直连,
T020,巡航,4804.958130740389,4824.45881175953,直连,
T020,巡航,4824.45881175953,4843.959492778672,直连,
T020,巡航,4843.959492778672,4863.460173797814,直连,
T020,巡航,4863.460173797814,4882.960854816956,直连,
T020,巡航,4882.960854816956,4902.461535836098,直连,
T020,巡航,4902.461535836098,4921.96221685524,直连,
T020,下降,4921.96221685524,4938.72839239235,直连,
T020,下降,4938.72839239235,4955.494567929459,直连,
T020,下降,4955.494567929459,4972.260743466568,直连,
T020,下降,4972.260743466568,4989.026919003678,直连,
T021,爬升,4290.0,4308.298722621373,直连,
T021,爬升,4308.298722621373,4326.597445242745,直连,
T021,爬升,4326.597445242745,4344.896167864118,直连,
T021,爬升,4344.896167864118,4363.194890485491,直连,
T021,爬升,4363.194890485491,4381.493613106863,直连,
T021,爬升,4381.493613106863,4399.792335728236,直连,
T021,爬升,4399.792335728236,4418.09105834961,直连,
T021,巡航,4418.09105834961,4437.979339032121,直连,
T021,巡航,4437.979339032121,4457.867619714632,直连,
T021,巡航,4457.867619714632,4477.755900397145,直连,
T021,巡航,4477.755900397145,4497.644181079656,直连,
T021,巡航,4497.644181079656,4517.532461762168,直连,
T021,巡航,4517.532461762168,4537.4207424446795,直连,
T021,巡航,4537.4207424446795,4557.309023127191,直连,
T021,巡航,4557.309023127191,4577.197303809703,直连,
T021,巡航,4577.197303809703,4597.085584492214,直连,
T021,巡航,4597.085584492214,4616.973865174727,直连,
T021,巡航,4616.973865174727,4636.862145857238,直连,
T021,巡航,4636.862145857238,4656.75042653975,直连,
T021,巡航,4656.75042653975,4676.6387072222615,直连,
T021,巡航,4676.6387072222615,4696.526987904774,直连,
T021,巡航,4696.526987904774,4716.415268587285,直连,
T021,巡航,4716.415268587285,4736.303549269796,直连,
T021,巡航,4736.303549269796,4756.191829952309,中继,R004
T021,巡航,4756.191829952309,4776.08011063482,中继,R004
T021,巡航,4776.08011063482,4795.968391317332,中继,R004
T021,下降,4795.968391317332,4812.315708822214,中继,R004
T021,下降,4812.315708822214,4828.663026327097,中继,R004
T021,下降,4828.663026327097,4845.01034383198,中继,R004
T021,下降,4845.01034383198,4861.357661336863,中继,R004
T021,投送,4861.357661336863,4880.448570427772,中继,R004
T021,投送,4880.448570427772,4899.539479518681,中继,R004
T021,投送,4899.539479518681,4918.63038860959,中继,R004
T021,投送,4918.63038860959,4937.721297700499,中继,R004
T021,投送,4937.721297700499,4956.812206791408,中继,R004
T021,投送,4956.812206791408,4975.903115882317,中继,R004
T021,投送,4975.903115882317,4994.994024973226,中继,R004
T021,投送,4994.994024973226,5014.084934064136,中继,R004
T021,投送,5014.084934064136,5033.175843155044,中继,R004
T021,投送,5033.175843155044,5052.266752245954,中继,R004
T021,投送,5052.266752245954,5071.357661336863,中继,R004
T021,爬升,5071.357661336863,5089.521347453399,中继,R004
T021,爬升,5089.521347453399,5107.685033569936,中继,R004
T021,爬升,5107.685033569936,5125.848719686473,中继,R004
T021,巡航,5125.848719686473,5145.737000368984,中继,R004
T021,巡航,5145.737000368984,5165.625281051496,中继,R004
T021,巡航,5165.625281051496,5185.513561734007,中继,R004
T021,巡航,5185.513561734007,5205.401842416519,直连,
T021,巡航,5205.401842416519,5225.290123099031,直连,
T021,巡航,5225.290123099031,5245.178403781542,直连,
T021,巡航,5245.178403781542,5265.066684464055,直连,
T021,巡航,5265.066684464055,5284.954965146566,直连,
T021,巡航,5284.954965146566,5304.843245829077,直连,
T021,巡航,5304.843245829077,5324.731526511589,直连,
T021,巡航,5324.731526511589,5344.619807194102,直连,
T021,巡航,5344.619807194102,5364.508087876613,直连,
T021,巡航,5364.508087876613,5384.396368559124,直连,
T021,巡航,5384.396368559124,5404.284649241636,直连,
T021,巡航,5404.284649241636,5424.172929924148,直连,
T021,巡航,5424.172929924148,5444.06121060666,直连,
T021,巡航,5444.06121060666,5463.949491289171,直连,
T021,巡航,5463.949491289171,5483.837771971683,直连,
T021,巡航,5483.837771971683,5503.726052654195,直连,
T021,下降,5503.726052654195,5522.939711406636,直连,
T021,下降,5522.939711406636,5542.153370159078,直连,
T021,下降,5542.153370159078,5561.367028911519,直连,
T021,下降,5561.367028911519,5580.58068766396,直连,
T021,下降,5580.58068766396,5599.794346416402,直连,
T021,下降,5599.794346416402,5619.008005168844,直连,
T021,下降,5619.008005168844,5638.221663921285,直连,
T021,下降,5638.221663921285,5657.435322673726,直连,
T022,爬升,4340.0,4358.504135640463,直连,
T022,爬升,4358.504135640463,4377.008271280924,直连,
T022,爬升,4377.008271280924,4395.512406921387,直连,
T022,爬升,4395.512406921387,4414.016542561849,直连,
T022,爬升,4414.016542561849,4432.5206782023115,直连,
T022,爬升,4432.5206782023115,4451.024813842773,直连,
T022,爬升,4451.024813842773,4469.528949483236,直连,
T022,爬升,4469.528949483236,4488.033085123698,直连,
T022,巡航,4488.033085123698,4507.110775825524,直连,
T022,巡航,4507.110775825524,4526.18846652735,直连,
T022,巡航,4526.18846652735,4545.266157229176,直连,
T022,巡航,4545.266157229176,4564.3438479310025,直连,
T022,巡航,4564.3438479310025,4583.421538632829,直连,
T022,巡航,4583.421538632829,4602.499229334655,直连,
T022,巡航,4602.499229334655,4621.576920036481,直连,
T022,巡航,4621.576920036481,4640.654610738307,直连,
T022,巡航,4640.654610738307,4659.732301440134,直连,
T022,巡航,4659.732301440134,4678.80999214196,直连,
T022,巡航,4678.80999214196,4697.887682843786,直连,
T022,巡航,4697.887682843786,4716.965373545612,直连,
T022,巡航,4716.965373545612,4736.043064247438,直连,
T022,巡航,4736.043064247438,4755.120754949265,中继,R005
T022,巡航,4755.120754949265,4774.198445651091,中继,R005
T022,巡航,4774.198445651091,4793.276136352917,中继,R004
T022,巡航,4793.276136352917,4812.353827054743,中继,R004
T022,巡航,4812.353827054743,4831.4315177565695,中继,R004
T022,巡航,4831.4315177565695,4850.509208458396,中继,R004
T022,巡航,4850.509208458396,4869.586899160222,中继,R004
T022,巡航,4869.586899160222,4888.664589862048,中继,R004
T022,下降,4888.664589862048,4908.124440936266,中继,R004
T022,下降,4908.124440936266,4927.584292010485,中继,R004
T022,投送,4927.584292010485,4946.045830472024,中继,R004
T022,投送,4946.045830472024,4964.507368933562,中继,R004
T022,投送,4964.507368933562,4982.968907395101,中继,R004
T022,投送,4982.968907395101,5001.430445856639,中继,R004
T022,投送,5001.430445856639,5019.8919843181775,中继,R004
T022,投送,5019.8919843181775,5038.3535227797165,中继,R004
T022,投送,5038.3535227797165,5056.815061241255,中继,R004
T022,投送,5056.815061241255,5075.276599702793,中继,R004
T022,投送,5075.276599702793,5093.738138164332,中继,R004
T022,投送,5093.738138164332,5112.19967662587,中继,R004
T022,投送,5112.19967662587,5130.661215087409,中继,R004
T022,投送,5130.661215087409,5149.122753548947,中继,R004
T022,投送,5149.122753548947,5167.584292010486,中继,R004
T022,爬升,5167.584292010486,5183.800834572335,中继,R004
T022,爬升,5183.800834572335,5200.017377134183,中继,R004
T022,巡航,5200.017377134183,5219.09506783601,中继,R004
T022,巡航,5219.09506783601,5238.172758537836,中继,R004
T022,巡航,5238.172758537836,5257.250449239662,中继,R004
T022,巡航,5257.250449239662,5276.328139941488,中继,R004
T022,巡航,5276.328139941488,5295.405830643314,中继,R004
T022,巡航,5295.405830643314,5314.483521345141,中继,R004
T022,巡航,5314.483521345141,5333.561212046967,中继,R005
T022,巡航,5333.561212046967,5352.638902748793,中继,R005
T022,巡航,5352.638902748793,5371.716593450619,直连,
T022,巡航,5371.716593450619,5390.7942841524455,直连,
T022,巡航,5390.7942841524455,5409.871974854272,直连,
T022,巡航,5409.871974854272,5428.949665556098,直连,
T022,巡航,5428.949665556098,5448.027356257924,直连,
T022,巡航,5448.027356257924,5467.10504695975,直连,
T022,巡航,5467.10504695975,5486.1827376615765,直连,
T022,巡航,5486.1827376615765,5505.260428363403,直连,
T022,巡航,5505.260428363403,5524.338119065229,直连,
T022,巡航,5524.338119065229,5543.415809767055,直连,
T022,巡航,5543.415809767055,5562.493500468881,直连,
T022,巡航,5562.493500468881,5581.571191170708,直连,
T022,巡航,5581.571191170708,5600.648881872534,直连,
T022,下降,5600.648881872534,5620.3866265556935,直连,
T022,下降,5620.3866265556935,5640.124371238853,直连,
T022,下降,5640.124371238853,5659.862115922013,直连,
T022,下降,5659.862115922013,5679.599860605173,直连,
T022,下降,5679.599860605173,5699.337605288332,直连,
T022,下降,5699.337605288332,5719.075349971492,直连,
T022,下降,5719.075349971492,5738.813094654652,直连,
T022,下降,5738.813094654652,5758.550839337811,直连,
T022,下降,5758.550839337811,5778.288584020971,直连,
T023,爬升,4332.0,4351.866486612956,直连,
T023,爬升,4351.866486612956,4371.732973225911,直连,
T023,爬升,4371.732973225911,4391.599459838867,直连,
T023,爬升,4391.599459838867,4411.465946451823,直连,
T023,巡航,4411.465946451823,4430.77655622912,直连,
T023,巡航,4430.77655622912,4450.087166006416,直连,
T023,巡航,4450.087166006416,4469.397775783713,直连,
T023,巡航,4469.397775783713,4488.708385561009,直连,
T023,巡航,4488.708385561009,4508.018995338305,直连,
T023,巡航,4508.018995338305,4527.329605115602,直连,
T023,巡航,4527.329605115602,4546.640214892898,直连,
T023,巡航,4546.640214892898,4565.950824670195,直连,
T023,巡航,4565.950824670195,4585.261434447491,直连,
T023,巡航,4585.261434447491,4604.5720442247875,直连,
T023,巡航,4604.5720442247875,4623.882654002085,直连,
T023,下降,4623.882654002085,4634.142221873178,直连,
T023,下降,4634.142221873178,4644.401789744272,直连,
T023,投送,4644.401789744272,4663.492698835181,直连,
T023,投送,4663.492698835181,4682.58360792609,直连,
T023,投送,4682.58360792609,4701.674517016999,直连,
T023,投送,4701.674517016999,4720.765426107908,直连,
T023,投送,4720.765426107908,4739.856335198818,直连,
T023,投送,4739.856335198818,4758.947244289726,直连,
T023,投送,4758.947244289726,4778.038153380636,直连,
T023,投送,4778.038153380636,4797.129062471545,直连,
T023,投送,4797.129062471545,4816.219971562454,直连,
T023,投送,4816.219971562454,4835.310880653363,直连,
T023,投送,4835.310880653363,4854.401789744272,直连,
T023,爬升,4854.401789744272,4871.501069529428,直连,
T023,巡航,4871.501069529428,4890.811679306725,直连,
T023,巡航,4890.811679306725,4910.122289084021,直连,
T023,巡航,4910.122289084021,4929.432898861318,直连,
T023,巡航,4929.432898861318,4948.743508638614,直连,
T023,巡航,4948.743508638614,4968.05411841591,直连,
T023,巡航,4968.05411841591,4987.364728193207,直连,
T023,巡航,4987.364728193207,5006.675337970503,直连,
T023,巡航,5006.675337970503,5025.9859477478,直连,
T023,巡航,5025.9859477478,5045.296557525096,直连,
T023,巡航,5045.296557525096,5064.607167302393,直连,
T023,巡航,5064.607167302393,5083.91777707969,直连,
T023,下降,5083.91777707969,5102.989604228127,直连,
T023,下降,5102.989604228127,5122.0614313765645,直连,
T023,下降,5122.0614313765645,5141.133258525002,直连,
T023,下降,5141.133258525002,5160.2050856734395,直连,
T023,下降,5160.2050856734395,5179.276912821877,直连,
T024,爬升,6230.0,6249.616746582031,直连,
T024,爬升,6249.616746582031,6269.233493164063,直连,
T024,爬升,6269.233493164063,6288.850239746094,直连,
T024,爬升,6288.850239746094,6308.466986328125,直连,
T024,爬升,6308.466986328125,6328.083732910156,直连,
T024,巡航,6328.083732910156,6348.032164141581,直连,
T024,巡航,6348.032164141581,6367.9805953730065,直连,
T024,巡航,6367.9805953730065,6387.929026604431,直连,
T024,巡航,6387.929026604431,6407.877457835856,直连,
T024,巡航,6407.877457835856,6427.8258890672805,直连,
T024,巡航,6427.8258890672805,6447.774320298706,直连,
T024,巡航,6447.774320298706,6467.722751530131,直连,
T024,巡航,6467.722751530131,6487.671182761555,直连,
T024,巡航,6487.671182761555,6507.619613992981,直连,
T024,巡航,6507.619613992981,6527.568045224405,直连,
T024,巡航,6527.568045224405,6547.51647645583,直连,
T024,巡航,6547.51647645583,6567.464907687255,直连,
T024,巡航,6567.464907687255,6587.41333891868,直连,
T024,巡航,6587.41333891868,6607.361770150104,中继,R006
T024,巡航,6607.361770150104,6627.31020138153,中继,R006
T024,巡航,6627.31020138153,6647.258632612955,中继,R006
T024,巡航,6647.258632612955,6667.207063844379,中继,R007
T024,巡航,6667.207063844379,6687.1554950758045,中继,R007
T024,巡航,6687.1554950758045,6707.103926307229,中继,R007
T024,巡航,6707.103926307229,6727.052357538654,中继,R007
T024,巡航,6727.052357538654,6747.000788770079,中继,R007
T024,巡航,6747.000788770079,6766.949220001504,中继,R007
T024,巡航,6766.949220001504,6786.897651232929,中继,R007
T024,巡航,6786.897651232929,6806.8460824643535,中继,R007
T024,巡航,6806.8460824643535,6826.794513695779,中继,R007
T024,巡航,6826.794513695779,6846.742944927204,中继,R007
T024,巡航,6846.742944927204,6866.691376158628,中继,R007
T024,下降,6866.691376158628,6883.69293153786,中继,R007
T024,下降,6883.69293153786,6900.694486917092,中继,R007
T024,下降,6900.694486917092,6917.696042296324,中继,R007
T024,投送,6917.696042296324,6936.754865825736,中继,R007
T024,投送,6936.754865825736,6955.813689355147,中继,R007
T024,投送,6955.813689355147,6974.872512884559,中继,R007
T024,投送,6974.872512884559,6993.931336413971,中继,R007
T024,投送,6993.931336413971,7012.990159943382,中继,R007
T024,投送,7012.990159943382,7032.048983472794,中继,R007
T024,投送,7032.048983472794,7051.107807002207,中继,R007
T024,投送,7051.107807002207,7070.166630531618,中继,R007
T024,投送,7070.166630531618,7089.22545406103,中继,R007
T024,投送,7089.22545406103,7108.284277590441,中继,R007
T024,投送,7108.284277590441,7127.343101119854,中继,R007
T024,投送,7127.343101119854,7146.401924649265,中继,R007
T024,投送,7146.401924649265,7165.460748178677,中继,R007
T024,投送,7165.460748178677,7184.519571708089,中继,R007
T024,投送,7184.519571708089,7203.5783952375,中继,R007
T024,投送,7203.5783952375,7222.637218766912,中继,R007
T024,投送,7222.637218766912,7241.696042296324,中继,R007
T024,爬升,7241.696042296324,7255.297286599709,中继,R007
T024,爬升,7255.297286599709,7268.898530903095,中继,R007
T024,爬升,7268.898530903095,7282.49977520648,中继,R007
T024,巡航,7282.49977520648,7302.448206437905,中继,R007
T024,巡航,7302.448206437905,7322.39663766933,中继,R007
T024,巡航,7322.39663766933,7342.345068900755,中继,R007
T024,巡航,7342.345068900755,7362.29350013218,中继,R007
T024,巡航,7362.29350013218,7382.241931363605,中继,R007
T024,巡航,7382.241931363605,7402.19036259503,中继,R007
T024,巡航,7402.19036259503,7422.138793826454,中继,R007
T024,巡航,7422.138793826454,7442.08722505788,中继,R007
T024,巡航,7442.08722505788,7462.035656289305,中继,R007
T024,巡航,7462.035656289305,7481.984087520729,中继,R007
T024,巡航,7481.984087520729,7501.932518752154,中继,R007
T024,巡航,7501.932518752154,7521.880949983579,中继,R006
T024,巡航,7521.880949983579,7541.829381215004,中继,R006
T024,巡航,7541.829381215004,7561.7778124464285,中继,R006
T024,巡航,7561.7778124464285,7581.726243677854,直连,
T024,巡航,7581.726243677854,7601.674674909278,直连,
T024,巡航,7601.674674909278,7621.623106140703,直连,
T024,巡航,7621.623106140703,7641.571537372129,直连,
T024,巡航,7641.571537372129,7661.519968603553,直连,
T024,巡航,7661.519968603553,7681.468399834978,直连,
T024,巡航,7681.468399834978,7701.416831066403,直连,
T024,巡航,7701.416831066403,7721.365262297828,直连,
T024,巡航,7721.365262297828,7741.313693529253,直连,
T024,巡航,7741.313693529253,7761.262124760678,直连,
T024,巡航,7761.262124760678,7781.210555992102,直连,
T024,巡航,7781.210555992102,7801.158987223527,直连,
T024,巡航,7801.158987223527,7821.1074184549525,直连,
T024,下降,7821.1074184549525,7838.622370760338,直连,
T024,下降,7838.622370760338,7856.137323065723,直连,
T024,下降,7856.137323065723,7873.652275371107,直连,
T024,下降,7873.652275371107,7891.167227676493,直连,
T024,下降,7891.167227676493,7908.682179981877,直连,
T024,下降,7908.682179981877,7926.197132287263,直连,
T024,下降,7926.197132287263,7943.712084592647,直连,
T025,爬升,6222.0,6240.035944417317,直连,
T025,爬升,6240.035944417317,6258.0718888346355,直连,
T025,爬升,6258.0718888346355,6276.107833251953,直连,
T025,爬升,6276.107833251953,6294.143777669271,直连,
T025,爬升,6294.143777669271,6312.179722086588,直连,
T025,爬升,6312.179722086588,6330.2156665039065,直连,
T025,巡航,6330.2156665039065,6349.99702356786,直连,
T025,巡航,6349.99702356786,6369.778380631814,直连,
T025,巡航,6369.778380631814,6389.559737695768,直连,
T025,巡航,6389.559737695768,6409.34109475972,直连,
T025,巡航,6409.34109475972,6429.122451823674,直连,
T025,巡航,6429.122451823674,6448.903808887628,直连,
T025,巡航,6448.903808887628,6468.685165951581,直连,
T025,巡航,6468.685165951581,6488.466523015535,直连,
T025,巡航,6488.466523015535,6508.247880079489,直连,
T025,巡航,6508.247880079489,6528.0292371434425,直连,
T025,巡航,6528.0292371434425,6547.810594207396,直连,
T025,巡航,6547.810594207396,6567.59195127135,直连,
T025,巡航,6567.59195127135,6587.373308335304,直连,
T025,巡航,6587.373308335304,6607.154665399257,中继,R006
T025,巡航,6607.154665399257,6626.936022463211,中继,R006
T025,巡航,6626.936022463211,6646.717379527165,中继,R006
T025,巡航,6646.717379527165,6666.498736591118,中继,R006
T025,巡航,6666.498736591118,6686.280093655071,中继,R006
T025,巡航,6686.280093655071,6706.061450719025,中继,R007
T025,巡航,6706.061450719025,6725.8428077829785,中继,R007
T025,巡航,6725.8428077829785,6745.624164846932,中继,R007
T025,巡航,6745.624164846932,6765.405521910886,中继,R007
T025,巡航,6765.405521910886,6785.18687897484,中继,R007
T025,巡航,6785.18687897484,6804.968236038793,中继,R007
T025,巡航,6804.968236038793,6824.749593102747,中继,R007
T025,巡航,6824.749593102747,6844.530950166701,中继,R007
T025,下降,6844.530950166701,6861.524866792677,中继,R007
T025,下降,6861.524866792677,6878.518783418654,中继,R007
T025,下降,6878.518783418654,6895.51270004463,中继,R007
T025,下降,6895.51270004463,6912.5066166706065,中继,R007
T025,下降,6912.5066166706065,6929.500533296583,中继,R007
T025,投送,6929.500533296583,6948.700533296584,中继,R007
T025,投送,6948.700533296584,6967.9005332965835,中继,R007
T025,投送,6967.9005332965835,6987.100533296583,中继,R007
T025,投送,6987.100533296583,7006.300533296583,中继,R007
T025,投送,7006.300533296583,7025.500533296583,中继,R007
T025,投送,7025.500533296583,7044.700533296584,中继,R007
T025,投送,7044.700533296584,7063.9005332965835,中继,R007
T025,投送,7063.9005332965835,7083.100533296583,中继,R007
T025,投送,7083.100533296583,7102.300533296583,中继,R007
T025,投送,7102.300533296583,7121.500533296583,中继,R007
T025,投送,7121.500533296583,7140.700533296584,中继,R007
T025,投送,7140.700533296584,7159.9005332965835,中继,R007
T025,投送,7159.9005332965835,7179.100533296583,中继,R007
T025,投送,7179.100533296583,7198.300533296583,中继,R007
T025,投送,7198.300533296583,7217.500533296583,中继,R007
T025,爬升,7217.500533296583,7234.49444992256,中继,R007
T025,爬升,7234.49444992256,7251.488366548537,中继,R007
T025,爬升,7251.488366548537,7268.482283174513,中继,R007
T025,爬升,7268.482283174513,7285.47619980049,中继,R007
T025,巡航,7285.47619980049,7305.257556864443,中继,R007
T025,巡航,7305.257556864443,7325.038913928397,中继,R007
T025,巡航,7325.038913928397,7344.820270992351,中继,R007
T025,巡航,7344.820270992351,7364.601628056304,中继,R007
T025,巡航,7364.601628056304,7384.382985120258,中继,R007
T025,巡航,7384.382985120258,7404.164342184212,中继,R007
T025,巡航,7404.164342184212,7423.945699248165,中继,R007
T025,巡航,7423.945699248165,7443.727056312118,中继,R007
T025,巡航,7443.727056312118,7463.508413376072,中继,R007
T025,巡航,7463.508413376072,7483.289770440026,中继,R006
T025,巡航,7483.289770440026,7503.071127503979,中继,R006
T025,巡航,7503.071127503979,7522.852484567933,中继,R006
T025,巡航,7522.852484567933,7542.633841631887,中继,R006
T025,巡航,7542.633841631887,7562.41519869584,直连,
T025,巡航,7562.41519869584,7582.196555759794,直连,
T025,巡航,7582.196555759794,7601.977912823748,直连,
T025,巡航,7601.977912823748,7621.7592698877015,直连,
T025,巡航,7621.7592698877015,7641.540626951655,直连,
T025,巡航,7641.540626951655,7661.321984015609,直连,
T025,巡航,7661.321984015609,7681.103341079563,直连,
T025,巡航,7681.103341079563,7700.884698143516,直连,
T025,巡航,7700.884698143516,7720.666055207469,直连,
T025,巡航,7720.666055207469,7740.447412271423,直连,
T025,巡航,7740.447412271423,7760.2287693353765,直连,
T025,巡航,7760.2287693353765,7780.01012639933,直连,
T025,巡航,7780.01012639933,7799.791483463284,直连,
T025,下降,7799.791483463284,7819.115709624695,直连,
T025,下降,7819.115709624695,7838.4399357861075,直连,
T025,下降,7838.4399357861075,7857.76416194752,直连,
T025,下降,7857.76416194752,7877.088388108931,直连,
T025,下降,7877.088388108931,7896.412614270343,直连,
T025,下降,7896.412614270343,7915.736840431755,直连,
T025,下降,7915.736840431755,7935.061066593167,直连,
T026,爬升,6196.0,6212.559240722656,直连,
T026,爬升,6212.559240722656,6229.118481445313,直连,
T026,爬升,6229.118481445313,6245.677722167969,直连,
T026,爬升,6245.677722167969,6262.236962890625,直连,
T026,巡航,6262.236962890625,6281.3697226348095,直连,
T026,巡航,6281.3697226348095,6300.502482378994,直连,
T026,巡航,6300.502482378994,6319.635242123178,直连,
T026,巡航,6319.635242123178,6338.768001867362,直连,
T026,巡航,6338.768001867362,6357.900761611547,直连,
T026,巡航,6357.900761611547,6377.033521355731,直连,
T026,巡航,6377.033521355731,6396.166281099915,直连,
T026,巡航,6396.166281099915,6415.299040844099,直连,
T026,巡航,6415.299040844099,6434.431800588283,直连,
T026,巡航,6434.431800588283,6453.564560332467,直连,
T026,巡航,6453.564560332467,6472.697320076652,直连,
T026,巡航,6472.697320076652,6491.8300798208365,直连,
T026,巡航,6491.8300798208365,6510.962839565021,直连,
T026,巡航,6510.962839565021,6530.095599309205,直连,
T026,巡航,6530.095599309205,6549.228359053389,直连,
T026,巡航,6549.228359053389,6568.361118797573,直连,
T026,巡航,6568.361118797573,6587.493878541758,直连,
T026,巡航,6587.493878541758,6606.626638285942,中继,R006
T026,巡航,6606.626638285942,6625.759398030126,中继,R006
T026,巡航,6625.759398030126,6644.89215777431,中继,R006
T026,巡航,6644.89215777431,6664.0249175184945,中继,R007
T026,巡航,6664.0249175184945,6683.1576772626795,中继,R007
T026,巡航,6683.1576772626795,6702.290437006864,中继,R007
T026,下降,6702.290437006864,6719.81188882978,中继,R007
T026,下降,6719.81188882978,6737.333340652696,中继,R007
T026,下降,6737.333340652696,6754.854792475613,中继,R007
T026,投送,6754.854792475613,6773.945701566522,中继,R007
T026,投送,6773.945701566522,6793.036610657431,中继,R007
T026,投送,6793.036610657431,6812.127519748341,中继,R007
T026,投送,6812.127519748341,6831.21842883925,中继,R007
T026,投送,6831.21842883925,6850.309337930159,中继,R007
T026,投送,6850.309337930159,6869.400247021068,中继,R007
T026,投送,6869.400247021068,6888.491156111977,中继,R007
T026,投送,6888.491156111977,6907.582065202886,中继,R007
T026,投送,6907.582065202886,6926.672974293795,中继,R007
T026,投送,6926.672974293795,6945.763883384704,中继,R007
T026,投送,6945.763883384704,6964.854792475613,中继,R007
T026,爬升,6964.854792475613,6979.456002328044,中继,R007
T026,爬升,6979.456002328044,6994.057212180474,中继,R007
T026,爬升,6994.057212180474,7008.658422032905,中继,R007
T026,巡航,7008.658422032905,7027.791181777089,中继,R007
T026,巡航,7027.791181777089,7046.923941521273,中继,R007
T026,巡航,7046.923941521273,7066.056701265457,中继,R007
T026,巡航,7066.056701265457,7085.189461009642,中继,R006
T026,巡航,7085.189461009642,7104.3222207538265,中继,R006
T026,巡航,7104.3222207538265,7123.454980498011,中继,R006
T026,巡航,7123.454980498011,7142.587740242195,直连,
T026,巡航,7142.587740242195,7161.720499986379,直连,
T026,巡航,7161.720499986379,7180.853259730564,直连,
T026,巡航,7180.853259730564,7199.986019474748,直连,
T026,巡航,7199.986019474748,7219.118779218932,直连,
T026,巡航,7219.118779218932,7238.251538963116,直连,
T026,巡航,7238.251538963116,7257.3842987073,直连,
T026,巡航,7257.3842987073,7276.517058451485,直连,
T026,巡航,7276.517058451485,7295.649818195669,直连,
T026,巡航,7295.649818195669,7314.782577939854,直连,
T026,巡航,7314.782577939854,7333.915337684038,直连,
T026,巡航,7333.915337684038,7353.048097428222,直连,
T026,巡航,7353.048097428222,7372.180857172407,直连,
T026,巡航,7372.180857172407,7391.31361691659,直连,
T026,巡航,7391.31361691659,7410.446376660775,直连,
T026,巡航,7410.446376660775,7429.579136404959,直连,
T026,巡航,7429.579136404959,7448.711896149143,直连,
T026,下降,7448.711896149143,7468.582985016331,直连,
T026,下降,7468.582985016331,7488.4540738835185,直连,
T026,下降,7488.4540738835185,7508.325162750705,直连,
T026,下降,7508.325162750705,7528.196251617894,直连,
T027,爬升,6240.0,6258.035944417317,直连,
T027,爬升,6258.035944417317,6276.0718888346355,直连,
T027,爬升,6276.0718888346355,6294.107833251953,直连,
T027,爬升,6294.107833251953,6312.143777669271,直连,
T027,爬升,6312.143777669271,6330.179722086588,直连,
T027,巡航,6330.179722086588,6349.961079150542,直连,
T027,巡航,6349.961079150542,6369.742436214496,直连,
T027,巡航,6369.742436214496,6389.523793278449,直连,
T027,巡航,6389.523793278449,6409.305150342403,直连,
T027,巡航,6409.305150342403,6429.086507406357,直连,
T027,巡航,6429.086507406357,6448.86786447031,直连,
T027,巡航,6448.86786447031,6468.649221534264,直连,
T027,巡航,6468.649221534264,6488.430578598218,直连,
T027,巡航,6488.430578598218,6508.2119356621715,直连,
T027,巡航,6508.2119356621715,6527.993292726125,直连,
T027,巡航,6527.993292726125,6547.774649790078,直连,
T027,巡航,6547.774649790078,6567.556006854032,直连,
T027,巡航,6567.556006854032,6587.337363917985,直连,
T027,巡航,6587.337363917985,6607.118720981939,中继,R006
T027,巡航,6607.118720981939,6626.900078045893,中继,R006
T027,巡航,6626.900078045893,6646.6814351098465,中继,R006
T027,巡航,6646.6814351098465,6666.4627921738,中继,R006
T027,巡航,6666.4627921738,6686.244149237754,中继,R007
T027,巡航,6686.244149237754,6706.0255063017075,中继,R007
T027,巡航,6706.0255063017075,6725.806863365661,中继,R007
T027,巡航,6725.806863365661,6745.588220429614,中继,R007
T027,巡航,6745.588220429614,6765.369577493568,中继,R007
T027,巡航,6765.369577493568,6785.150934557521,中继,R007
T027,巡航,6785.150934557521,6804.932291621475,中继,R007
T027,巡航,6804.932291621475,6824.713648685429,中继,R007
T027,巡航,6824.713648685429,6844.4950057493825,中继,R007
T027,下降,6844.4950057493825,6861.488922375359,中继,R007
T027,下降,6861.488922375359,6878.482839001335,中继,R007
T027,下降,6878.482839001335,6895.476755627313,中继,R007
T027,下降,6895.476755627313,6912.470672253289,中继,R007
T027,投送,6912.470672253289,6932.470672253289,中继,R007
T027,投送,6932.470672253289,6952.470672253289,中继,R007
T027,投送,6952.470672253289,6972.470672253289,中继,R007
T027,投送,6972.470672253289,6992.470672253289,中继,R007
T027,投送,6992.470672253289,7012.470672253289,中继,R007
T027,投送,7012.470672253289,7032.470672253289,中继,R007
T027,投送,7032.470672253289,7052.470672253289,中继,R007
T027,投送,7052.470672253289,7072.470672253289,中继,R007
T027,投送,7072.470672253289,7092.470672253289,中继,R007
T027,投送,7092.470672253289,7112.470672253289,中继,R007
T027,投送,7112.470672253289,7132.470672253289,中继,R007
T027,投送,7132.470672253289,7152.470672253289,中继,R007
T027,爬升,7152.470672253289,7171.352801837707,中继,R007
T027,爬升,7171.352801837707,7190.234931422126,中继,R007
T027,爬升,7190.234931422126,7209.117061006544,中继,R007
T027,巡航,7209.117061006544,7228.898418070497,中继,R007
T027,巡航,7228.898418070497,7248.679775134451,中继,R007
T027,巡航,7248.679775134451,7268.461132198405,中继,R007
T027,巡航,7268.461132198405,7288.2424892623585,中继,R007
T027,巡航,7288.2424892623585,7308.023846326312,中继,R007
T027,巡航,7308.023846326312,7327.805203390266,中继,R007
T027,巡航,7327.805203390266,7347.58656045422,中继,R007
T027,巡航,7347.58656045422,7367.367917518173,中继,R007
T027,巡航,7367.367917518173,7387.149274582127,中继,R006
T027,巡航,7387.149274582127,7406.930631646081,中继,R006
T027,巡航,7406.930631646081,7426.711988710034,中继,R006
T027,巡航,7426.711988710034,7446.493345773988,中继,R006
T027,巡航,7446.493345773988,7466.274702837942,中继,R006
T027,巡航,7466.274702837942,7486.0560599018945,直连,
T027,巡航,7486.0560599018945,7505.837416965848,直连,
T027,巡航,7505.837416965848,7525.618774029802,直连,
T027,巡航,7525.618774029802,7545.400131093756,直连,
T027,巡航,7545.400131093756,7565.181488157709,直连,
T027,巡航,7565.181488157709,7584.962845221663,直连,
T027,巡航,7584.962845221663,7604.744202285617,直连,
T027,巡航,7604.744202285617,7624.525559349569,直连,
T027,巡航,7624.525559349569,7644.306916413523,直连,
T027,巡航,7644.306916413523,7664.088273477477,直连,
T027,巡航,7664.088273477477,7683.8696305414305,直连,
T027,巡航,7683.8696305414305,7703.650987605384,直连,
T027,巡航,7703.650987605384,7723.432344669338,直连,
T027,下降,7723.432344669338,7741.468289086656,直连,
T027,下降,7741.468289086656,7759.504233503973,直连,
T027,下降,7759.504233503973,7777.540177921292,直连,
T027,下降,7777.540177921292,7795.576122338609,直连,
T027,下降,7795.576122338609,7813.612066755927,直连,
T027,下降,7813.612066755927,7831.648011173244,直连,
T028,爬升,6189.0,6205.34728881836,直连,
T028,爬升,6205.34728881836,6221.694577636718,直连,
T028,爬升,6221.694577636718,6238.041866455078,直连,
T028,爬升,6238.041866455078,6254.389155273438,直连,
T028,爬升,6254.389155273438,6270.736444091797,直连,
T028,巡航,6270.736444091797,6290.538195681815,直连,
T028,巡航,6290.538195681815,6310.339947271832,直连,
T028,巡航,6310.339947271832,6330.141698861849,直连,
T028,巡航,6330.141698861849,6349.943450451867,直连,
T028,巡航,6349.943450451867,6369.745202041884,直连,
T028,巡航,6369.745202041884,6389.5469536319015,直连,
T028,巡航,6389.5469536319015,6409.348705221919,直连,
T028,巡航,6409.348705221919,6429.150456811935,直连,
T028,巡航,6429.150456811935,6448.952208401953,直连,
T028,巡航,6448.952208401953,6468.75395999197,直连,
T028,巡航,6468.75395999197,6488.555711581987,直连,
T028,巡航,6488.555711581987,6508.357463172005,直连,
T028,巡航,6508.357463172005,6528.159214762022,直连,
T028,巡航,6528.159214762022,6547.96096635204,直连,
T028,巡航,6547.96096635204,6567.762717942057,直连,
T028,巡航,6567.762717942057,6587.564469532074,直连,
T028,巡航,6587.564469532074,6607.366221122092,中继,R006
T028,巡航,6607.366221122092,6627.167972712109,中继,R006
T028,巡航,6627.167972712109,6646.969724302126,中继,R006
T028,巡航,6646.969724302126,6666.771475892144,中继,R006
T028,巡航,6666.771475892144,6686.573227482161,中继,R007
T028,巡航,6686.573227482161,6706.374979072179,中继,R007
T028,巡航,6706.374979072179,6726.176730662196,中继,R007
T028,巡航,6726.176730662196,6745.978482252213,中继,R007
T028,巡航,6745.978482252213,6765.780233842231,中继,R007
T028,巡航,6765.780233842231,6785.581985432248,中继,R007
T028,巡航,6785.581985432248,6805.383737022265,中继,R007
T028,巡航,6805.383737022265,6825.185488612283,中继,R007
T028,巡航,6825.185488612283,6844.9872402023,中继,R007
T028,巡航,6844.9872402023,6864.788991792318,中继,R007
T028,巡航,6864.788991792318,6884.590743382335,中继,R007
T028,巡航,6884.590743382335,6904.392494972352,中继,R007
T028,巡航,6904.392494972352,6924.19424656237,中继,R007
T028,巡航,6924.19424656237,6943.995998152387,中继,R007
T028,下降,6943.995998152387,6957.597242455772,中继,R007
T028,下降,6957.597242455772,6971.198486759158,中继,R007
T028,下降,6971.198486759158,6984.799731062543,中继,R007
T028,投送,6984.799731062543,7004.799731062543,中继,R007
T028,投送,7004.799731062543,7024.799731062543,中继,R007
T028,投送,7024.799731062543,7044.799731062543,中继,R007
T028,投送,7044.799731062543,7064.799731062543,中继,R007
T028,投送,7064.799731062543,7084.799731062543,中继,R007
T028,投送,7084.799731062543,7104.799731062543,中继,R007
T028,投送,7104.799731062543,7124.799731062543,中继,R007
T028,投送,7124.799731062543,7144.799731062543,中继,R007
T028,投送,7144.799731062543,7164.799731062543,中继,R007
T028,爬升,7164.799731062543,7181.801286441775,中继,R007
T028,爬升,7181.801286441775,7198.802841821007,中继,R007
T028,巡航,7198.802841821007,7218.604593411024,中继,R007
T028,巡航,7218.604593411024,7238.406345001042,中继,R007
T028,巡航,7238.406345001042,7258.208096591059,中继,R007
T028,巡航,7258.208096591059,7278.009848181076,中继,R007
T028,巡航,7278.009848181076,7297.811599771094,中继,R007
T028,巡航,7297.811599771094,7317.613351361111,中继,R007
T028,巡航,7317.613351361111,7337.415102951129,中继,R007
T028,巡航,7337.415102951129,7357.216854541146,中继,R007
T028,巡航,7357.216854541146,7377.018606131163,中继,R007
T028,巡航,7377.018606131163,7396.820357721181,中继,R007
T028,巡航,7396.820357721181,7416.622109311198,中继,R007
T028,巡航,7416.622109311198,7436.423860901215,中继,R007
T028,巡航,7436.423860901215,7456.225612491233,中继,R007
T028,巡航,7456.225612491233,7476.02736408125,中继,R007
T028,巡航,7476.02736408125,7495.829115671268,中继,R006
T028,巡航,7495.829115671268,7515.630867261285,中继,R006
T028,巡航,7515.630867261285,7535.432618851302,中继,R006
T028,巡航,7535.432618851302,7555.23437044132,中继,R006
T028,巡航,7555.23437044132,7575.036122031337,直连,
T028,巡航,7575.036122031337,7594.837873621354,直连,
T028,巡航,7594.837873621354,7614.639625211372,直连,
T028,巡航,7614.639625211372,7634.441376801389,直连,
T028,巡航,7634.441376801389,7654.243128391406,直连,
T028,巡航,7654.243128391406,7674.044879981423,直连,
T028,巡航,7674.044879981423,7693.84663157144,直连,
T028,巡航,7693.84663157144,7713.648383161458,直连,
T028,巡航,7713.648383161458,7733.450134751475,直连,
T028,巡航,7733.450134751475,7753.2518863414925,直连,
T028,巡航,7753.2518863414925,7773.05363793151,直连,
T028,巡航,7773.05363793151,7792.855389521527,直连,
T028,巡航,7792.855389521527,7812.657141111545,直连,
T028,巡航,7812.657141111545,7832.458892701562,直连,
T028,巡航,7832.458892701562,7852.260644291579,直连,
T028,巡航,7852.260644291579,7872.062395881597,直连,
T028,下降,7872.062395881597,7891.6791424636285,直连,
T028,下降,7891.6791424636285,7911.295889045659,直连,
T028,下降,7911.295889045659,7930.91263562769,直连,
T028,下降,7930.91263562769,7950.529382209722,直连,
T028,下降,7950.529382209722,7970.146128791754,直连,
T029,爬升,6196.0,6212.559240722656,直连,
T029,爬升,6212.559240722656,6229.118481445313,直连,
T029,爬升,6229.118481445313,6245.677722167969,直连,
T029,爬升,6245.677722167969,6262.236962890625,直连,
T029,巡航,6262.236962890625,6281.3697226348095,直连,
T029,巡航,6281.3697226348095,6300.502482378994,直连,
T029,巡航,6300.502482378994,6319.635242123178,直连,
T029,巡航,6319.635242123178,6338.768001867362,直连,
T029,巡航,6338.768001867362,6357.900761611547,直连,
T029,巡航,6357.900761611547,6377.033521355731,直连,
T029,巡航,6377.033521355731,6396.166281099915,直连,
T029,巡航,6396.166281099915,6415.299040844099,直连,
T029,巡航,6415.299040844099,6434.431800588283,直连,
T029,巡航,6434.431800588283,6453.564560332467,直连,
T029,巡航,6453.564560332467,6472.697320076652,直连,
T029,巡航,6472.697320076652,6491.8300798208365,直连,
T029,巡航,6491.8300798208365,6510.962839565021,直连,
T029,巡航,6510.962839565021,6530.095599309205,直连,
T029,巡航,6530.095599309205,6549.228359053389,直连,
T029,巡航,6549.228359053389,6568.361118797573,直连,
T029,巡航,6568.361118797573,6587.493878541758,直连,
T029,巡航,6587.493878541758,6606.626638285942,中继,R006
T029,巡航,6606.626638285942,6625.759398030126,中继,R006
T029,巡航,6625.759398030126,6644.89215777431,中继,R006
T029,巡航,6644.89215777431,6664.0249175184945,中继,R007
T029,巡航,6664.0249175184945,6683.1576772626795,中继,R007
T029,巡航,6683.1576772626795,6702.290437006864,中继,R007
T029,下降,6702.290437006864,6719.81188882978,中继,R007
T029,下降,6719.81188882978,6737.333340652696,中继,R007
T029,下降,6737.333340652696,6754.854792475613,中继,R007
T029,投送,6754.854792475613,6774.854792475613,中继,R007
T029,投送,6774.854792475613,6794.854792475613,中继,R007
T029,投送,6794.854792475613,6814.854792475613,中继,R007
T029,投送,6814.854792475613,6834.854792475613,中继,R007
T029,投送,6834.854792475613,6854.854792475613,中继,R007
T029,投送,6854.854792475613,6874.854792475613,中继,R007
T029,投送,6874.854792475613,6894.854792475613,中继,R007
T029,投送,6894.854792475613,6914.854792475613,中继,R007
T029,投送,6914.854792475613,6934.854792475613,中继,R007
T029,爬升,6934.854792475613,6949.456002328044,中继,R007
T029,爬升,6949.456002328044,6964.057212180474,中继,R007
T029,爬升,6964.057212180474,6978.658422032905,中继,R007
T029,巡航,6978.658422032905,6997.791181777089,中继,R007
T029,巡航,6997.791181777089,7016.923941521273,中继,R007
T029,巡航,7016.923941521273,7036.056701265457,中继,R007
T029,巡航,7036.056701265457,7055.189461009642,中继,R006
T029,巡航,7055.189461009642,7074.3222207538265,中继,R006
T029,巡航,7074.3222207538265,7093.454980498011,中继,R006
T029,巡航,7093.454980498011,7112.587740242195,直连,
T029,巡航,7112.587740242195,7131.720499986379,直连,
T029,巡航,7131.720499986379,7150.853259730564,直连,
T029,巡航,7150.853259730564,7169.986019474748,直连,
T029,巡航,7169.986019474748,7189.118779218932,直连,
T029,巡航,7189.118779218932,7208.251538963116,直连,
T029,巡航,7208.251538963116,7227.3842987073,直连,
T029,巡航,7227.3842987073,7246.517058451485,直连,
T029,巡航,7246.517058451485,7265.649818195669,直连,
T029,巡航,7265.649818195669,7284.782577939854,直连,
T029,巡航,7284.782577939854,7303.915337684038,直连,
T029,巡航,7303.915337684038,7323.048097428222,直连,
T029,巡航,7323.048097428222,7342.180857172407,直连,
T029,巡航,7342.180857172407,7361.31361691659,直连,
T029,巡航,7361.31361691659,7380.446376660775,直连,
T029,巡航,7380.446376660775,7399.579136404959,直连,
T029,巡航,7399.579136404959,7418.711896149143,直连,
T029,下降,7418.711896149143,7438.582985016331,直连,
T029,下降,7438.582985016331,7458.4540738835185,直连,
T029,下降,7458.4540738835185,7478.325162750705,直连,
T029,下降,7478.325162750705,7498.196251617894,直连,
T030,爬升,6196.0,6212.559240722656,直连,
T030,爬升,6212.559240722656,6229.118481445313,直连,
T030,爬升,6229.118481445313,6245.677722167969,直连,
T030,爬升,6245.677722167969,6262.236962890625,直连,
T030,巡航,6262.236962890625,6281.3697226348095,直连,
T030,巡航,6281.3697226348095,6300.502482378994,直连,
T030,巡航,6300.502482378994,6319.635242123178,直连,
T030,巡航,6319.635242123178,6338.768001867362,直连,
T030,巡航,6338.768001867362,6357.900761611547,直连,
T030,巡航,6357.900761611547,6377.033521355731,直连,
T030,巡航,6377.033521355731,6396.166281099915,直连,
T030,巡航,6396.166281099915,6415.299040844099,直连,
T030,巡航,6415.299040844099,6434.431800588283,直连,
T030,巡航,6434.431800588283,6453.564560332467,直连,
T030,巡航,6453.564560332467,6472.697320076652,直连,
T030,巡航,6472.697320076652,6491.8300798208365,直连,
T030,巡航,6491.8300798208365,6510.962839565021,直连,
T030,巡航,6510.962839565021,6530.095599309205,直连,
T030,巡航,6530.095599309205,6549.228359053389,直连,
T030,巡航,6549.228359053389,6568.361118797573,直连,
T030,巡航,6568.361118797573,6587.493878541758,直连,
T030,巡航,6587.493878541758,6606.626638285942,中继,R006
T030,巡航,6606.626638285942,6625.759398030126,中继,R006
T030,巡航,6625.759398030126,6644.89215777431,中继,R006
T030,巡航,6644.89215777431,6664.0249175184945,中继,R007
T030,巡航,6664.0249175184945,6683.1576772626795,中继,R007
T030,巡航,6683.1576772626795,6702.290437006864,中继,R007
T030,下降,6702.290437006864,6719.81188882978,中继,R007
T030,下降,6719.81188882978,6737.333340652696,中继,R007
T030,下降,6737.333340652696,6754.854792475613,中继,R007
T030,投送,6754.854792475613,6774.854792475613,中继,R007
T030,投送,6774.854792475613,6794.854792475613,中继,R007
T030,投送,6794.854792475613,6814.854792475613,中继,R007
T030,投送,6814.854792475613,6834.854792475613,中继,R007
T030,投送,6834.854792475613,6854.854792475613,中继,R007
T030,投送,6854.854792475613,6874.854792475613,中继,R007
T030,投送,6874.854792475613,6894.854792475613,中继,R007
T030,投送,6894.854792475613,6914.854792475613,中继,R007
T030,投送,6914.854792475613,6934.854792475613,中继,R007
T030,爬升,6934.854792475613,6949.456002328044,中继,R007
T030,爬升,6949.456002328044,6964.057212180474,中继,R007
T030,爬升,6964.057212180474,6978.658422032905,中继,R007
T030,巡航,6978.658422032905,6997.791181777089,中继,R007
T030,巡航,6997.791181777089,7016.923941521273,中继,R007
T030,巡航,7016.923941521273,7036.056701265457,中继,R007
T030,巡航,7036.056701265457,7055.189461009642,中继,R006
T030,巡航,7055.189461009642,7074.3222207538265,中继,R006
T030,巡航,7074.3222207538265,7093.454980498011,中继,R006
T030,巡航,7093.454980498011,7112.587740242195,直连,
T030,巡航,7112.587740242195,7131.720499986379,直连,
T030,巡航,7131.720499986379,7150.853259730564,直连,
T030,巡航,7150.853259730564,7169.986019474748,直连,
T030,巡航,7169.986019474748,7189.118779218932,直连,
T030,巡航,7189.118779218932,7208.251538963116,直连,
T030,巡航,7208.251538963116,7227.3842987073,直连,
T030,巡航,7227.3842987073,7246.517058451485,直连,
T030,巡航,7246.517058451485,7265.649818195669,直连,
T030,巡航,7265.649818195669,7284.782577939854,直连,
T030,巡航,7284.782577939854,7303.915337684038,直连,
T030,巡航,7303.915337684038,7323.048097428222,直连,
T030,巡航,7323.048097428222,7342.180857172407,直连,
T030,巡航,7342.180857172407,7361.31361691659,直连,
T030,巡航,7361.31361691659,7380.446376660775,直连,
T030,巡航,7380.446376660775,7399.579136404959,直连,
T030,巡航,7399.579136404959,7418.711896149143,直连,
T030,下降,7418.711896149143,7438.582985016331,直连,
T030,下降,7438.582985016331,7458.4540738835185,直连,
T030,下降,7458.4540738835185,7478.325162750705,直连,
T030,下降,7478.325162750705,7498.196251617894,直连,
T031,爬升,6267.0,6283.559240722656,直连,
T031,爬升,6283.559240722656,6300.118481445313,直连,
T031,爬升,6300.118481445313,6316.677722167969,直连,
T031,爬升,6316.677722167969,6333.236962890625,直连,
T031,巡航,6333.236962890625,6352.794895073569,直连,
T031,巡航,6352.794895073569,6372.352827256513,直连,
T031,巡航,6372.352827256513,6391.910759439457,直连,
T031,巡航,6391.910759439457,6411.468691622401,直连,
T031,巡航,6411.468691622401,6431.026623805345,直连,
T031,巡航,6431.026623805345,6450.584555988288,直连,
T031,巡航,6450.584555988288,6470.142488171233,直连,
T031,巡航,6470.142488171233,6489.7004203541765,直连,
T031,巡航,6489.7004203541765,6509.25835253712,直连,
T031,巡航,6509.25835253712,6528.816284720064,直连,
T031,巡航,6528.816284720064,6548.374216903008,直连,
T031,巡航,6548.374216903008,6567.932149085952,直连,
T031,巡航,6567.932149085952,6587.490081268896,直连,
T031,巡航,6587.490081268896,6607.04801345184,中继,R006
T031,巡航,6607.04801345184,6626.605945634784,中继,R006
T031,巡航,6626.605945634784,6646.163877817728,中继,R006
T031,巡航,6646.163877817728,6665.721810000672,中继,R007
T031,巡航,6665.721810000672,6685.279742183616,中继,R007
T031,下降,6685.279742183616,6702.801194006533,中继,R007
T031,下降,6702.801194006533,6720.322645829449,中继,R007
T031,下降,6720.322645829449,6737.844097652365,中继,R007
T031,投送,6737.844097652365,6756.935006743275,中继,R007
T031,投送,6756.935006743275,6776.025915834184,中继,R007
T031,投送,6776.025915834184,6795.116824925093,中继,R007
T031,投送,6795.116824925093,6814.207734016002,中继,R007
T031,投送,6814.207734016002,6833.298643106911,中继,R007
T031,投送,6833.298643106911,6852.38955219782,中继,R007
T031,投送,6852.38955219782,6871.480461288729,中继,R007
T031,投送,6871.480461288729,6890.571370379638,中继,R007
T031,投送,6890.571370379638,6909.662279470547,中继,R007
T031,投送,6909.662279470547,6928.753188561456,中继,R007
T031,投送,6928.753188561456,6947.844097652365,中继,R007
T031,爬升,6947.844097652365,6962.445307504797,中继,R007
T031,爬升,6962.445307504797,6977.046517357227,中继,R007
T031,爬升,6977.046517357227,6991.647727209657,中继,R007
T031,巡航,6991.647727209657,7011.205659392601,中继,R007
T031,巡航,7011.205659392601,7030.763591575545,中继,R007
T031,巡航,7030.763591575545,7050.321523758489,中继,R006
T031,巡航,7050.321523758489,7069.879455941433,中继,R006
T031,巡航,7069.879455941433,7089.437388124377,中继,R006
T031,巡航,7089.437388124377,7108.995320307321,直连,
T031,巡航,7108.995320307321,7128.553252490265,直连,
T031,巡航,7128.553252490265,7148.111184673209,直连,
T031,巡航,7148.111184673209,7167.669116856153,直连,
T031,巡航,7167.669116856153,7187.2270490390965,直连,
T031,巡航,7187.2270490390965,7206.784981222041,直连,
T031,巡航,7206.784981222041,7226.342913404985,直连,
T031,巡航,7226.342913404985,7245.900845587928,直连,
T031,巡航,7245.900845587928,7265.458777770873,直连,
T031,巡航,7265.458777770873,7285.016709953816,直连,
T031,巡航,7285.016709953816,7304.57464213676,直连,
T031,巡航,7304.57464213676,7324.132574319704,直连,
T031,巡航,7324.132574319704,7343.690506502648,直连,
T031,下降,7343.690506502648,7363.561595369836,直连,
T031,下降,7363.561595369836,7383.432684237023,直连,
T031,下降,7383.432684237023,7403.30377310421,直连,
T031,下降,7403.30377310421,7423.174861971398,直连,
