sortie_id,stage,start_s,end_s,mode,relay_id,comm_row_index,status,method,margin_db,worst_distance_m,pessimistic_obstructed,witness_s,reason
T001,爬升,360.0,379.8664866129558,直连,,1,PASS,worst_obstruction_endpoint_distance,39.99198992735825,39.59945983886735,True,,端点最大距离且全时段按遮挡计损仍满足双向预算
T001,爬升,379.8664866129558,399.7329732259115,直连,,2,PASS,worst_obstruction_endpoint_distance,32.015636315537805,99.19891967773452,True,,端点最大距离且全时段按遮挡计损仍满足双向预算
T001,爬升,399.7329732259115,419.59945983886723,直连,,3,PASS,worst_obstruction_endpoint_distance,27.92885384004063,158.7983795166017,True,,端点最大距离且全时段按遮挡计损仍满足双向预算
T001,爬升,419.59945983886723,439.465946451823,直连,,4,PASS,worst_obstruction_endpoint_distance,25.160808415575318,218.397839355469,True,,端点最大距离且全时段按遮挡计损仍满足双向预算
T001,巡航,439.465946451823,458.4317239116678,直连,,5,PASS,worst_obstruction_endpoint_distance,21.96778359151216,315.4275180539318,True,,端点最大距离且全时段按遮挡计损仍满足双向预算
T001,巡航,458.4317239116678,477.39750137151253,直连,,6,PASS,worst_obstruction_endpoint_distance,17.882328503398824,504.86159279270055,True,,端点最大距离且全时段按遮挡计损仍满足双向预算
T001,巡航,477.39750137151253,496.3632788313573,直连,,7,PASS,worst_obstruction_endpoint_distance,14.837244701752255,716.8470844118597,True,,端点最大距离且全时段按遮挡计损仍满足双向预算
T001,巡航,496.3632788313573,515.329056291202,直连,,8,PASS,worst_obstruction_endpoint_distance,12.51851331122657,936.1880488467178,True,,端点最大距离且全时段按遮挡计损仍满足双向预算
T001,巡航,515.329056291202,534.2948337510468,直连,,9,PASS,worst_obstruction_endpoint_distance,10.666243431867713,1158.7148868457655,True,,端点最大距离且全时段按遮挡计损仍满足双向预算
T001,巡航,534.2948337510468,553.2606112108916,直连,,10,PASS,worst_obstruction_endpoint_distance,9.130019333983796,1382.890494946619,True,,端点最大距离且全时段按遮挡计损仍满足双向预算
T001,巡航,553.2606112108916,572.2263886707364,直连,,11,PASS,worst_obstruction_endpoint_distance,7.81991678755827,1608.0254534211506,True,,端点最大距离且全时段按遮挡计损仍满足双向预算
T001,巡航,572.2263886707364,591.1921661305811,直连,,12,PASS,worst_obstruction_endpoint_distance,6.678894698588763,1833.7664525528055,True,,端点最大距离且全时段按遮挡计损仍满足双向预算
T001,巡航,591.1921661305811,610.1579435904259,直连,,13,PASS,worst_obstruction_endpoint_distance,5.6687922911599316,2059.914258406628,True,,端点最大距离且全时段按遮挡计损仍满足双向预算
T001,巡航,610.1579435904259,629.1237210502707,直连,,14,PASS,worst_obstruction_endpoint_distance,4.7629278771622126,2286.3481596831593,True,,端点最大距离且全时段按遮挡计损仍满足双向预算
T001,巡航,629.1237210502707,648.0894985101154,直连,,15,PASS,worst_obstruction_endpoint_distance,3.9419571187510485,2512.9908213933977,True,,端点最大距离且全时段按遮挡计损仍满足双向预算
T001,巡航,648.0894985101154,667.0552759699601,直连,,16,PASS,worst_obstruction_endpoint_distance,3.191428258256792,2739.790436392799,True,,端点最大距离且全时段按遮挡计损仍满足双向预算
T001,巡航,667.0552759699601,686.021053429805,直连,,17,PASS,worst_obstruction_endpoint_distance,2.500270302895842,2966.711008526461,True,,端点最大距离且全时段按遮挡计损仍满足双向预算
T001,巡航,686.021053429805,704.9868308896497,直连,,18,PASS,worst_obstruction_endpoint_distance,1.8598200342751454,3193.726755171166,True,,端点最大距离且全时段按遮挡计损仍满足双向预算
T001,下降,704.9868308896497,715.2463987607434,直连,,19,PASS,worst_obstruction_endpoint_distance,1.8598200342751454,3193.726755171166,True,,端点最大距离且全时段按遮挡计损仍满足双向预算
T001,下降,715.2463987607434,725.5059666318372,直连,,20,PASS,worst_obstruction_endpoint_distance,1.8643124438889203,3192.075361970319,True,,端点最大距离且全时段按遮挡计损仍满足双向预算
T001,投送,725.5059666318372,744.5968757227463,直连,,21,PASS,exact_point,1.8682481629573715,3190.6293079047914,,,独立计算 DEM 遮挡、自由空间损耗与双向预算
T001,投送,744.5968757227463,763.6877848136553,直连,,22,PASS,exact_point,1.8682481629573715,3190.6293079047914,,,独立计算 DEM 遮挡、自由空间损耗与双向预算
T001,投送,763.6877848136553,782.7786939045644,直连,,23,PASS,exact_point,1.8682481629573715,3190.6293079047914,,,独立计算 DEM 遮挡、自由空间损耗与双向预算
T001,投送,782.7786939045644,801.8696029954735,直连,,24,PASS,exact_point,1.8682481629573715,3190.6293079047914,,,独立计算 DEM 遮挡、自由空间损耗与双向预算
T001,投送,801.8696029954735,820.9605120863827,直连,,25,PASS,exact_point,1.8682481629573715,3190.6293079047914,,,独立计算 DEM 遮挡、自由空间损耗与双向预算
T001,投送,820.9605120863827,840.0514211772917,直连,,26,PASS,exact_point,1.8682481629573715,3190.6293079047914,,,独立计算 DEM 遮挡、自由空间损耗与双向预算
T001,投送,840.0514211772917,859.1423302682008,直连,,27,PASS,exact_point,1.8682481629573715,3190.6293079047914,,,独立计算 DEM 遮挡、自由空间损耗与双向预算
T001,投送,859.1423302682008,878.2332393591099,直连,,28,PASS,exact_point,1.8682481629573715,3190.6293079047914,,,独立计算 DEM 遮挡、自由空间损耗与双向预算
T001,投送,878.2332393591099,897.324148450019,直连,,29,PASS,exact_point,1.8682481629573715,3190.6293079047914,,,独立计算 DEM 遮挡、自由空间损耗与双向预算
T001,投送,897.324148450019,916.415057540928,直连,,30,PASS,exact_point,1.8682481629573715,3190.6293079047914,,,独立计算 DEM 遮挡、自由空间损耗与双向预算
T001,投送,916.415057540928,935.5059666318372,直连,,31,PASS,exact_point,1.8682481629573715,3190.6293079047914,,,独立计算 DEM 遮挡、自由空间损耗与双向预算
T001,爬升,935.5059666318372,952.6052464169934,直连,,32,PASS,worst_obstruction_endpoint_distance,1.8598200342751454,3193.726755171166,True,,端点最大距离且全时段按遮挡计损仍满足双向预算
T001,巡航,952.6052464169934,971.5710238768381,直连,,33,PASS,worst_obstruction_endpoint_distance,1.8598200342751454,3193.726755171166,True,,端点最大距离且全时段按遮挡计损仍满足双向预算
T001,巡航,971.5710238768381,990.536801336683,直连,,34,PASS,worst_obstruction_endpoint_distance,2.500270302895842,2966.711008526461,True,,端点最大距离且全时段按遮挡计损仍满足双向预算
T001,巡航,990.536801336683,1009.5025787965277,直连,,35,PASS,worst_obstruction_endpoint_distance,3.191428258256792,2739.790436392799,True,,端点最大距离且全时段按遮挡计损仍满足双向预算
T001,巡航,1009.5025787965277,1028.4683562563725,直连,,36,PASS,worst_obstruction_endpoint_distance,3.9419571187510485,2512.9908213933977,True,,端点最大距离且全时段按遮挡计损仍满足双向预算
T001,巡航,1028.4683562563725,1047.4341337162173,直连,,37,PASS,worst_obstruction_endpoint_distance,4.7629278771622126,2286.3481596831593,True,,端点最大距离且全时段按遮挡计损仍满足双向预算
T001,巡航,1047.4341337162173,1066.399911176062,直连,,38,PASS,worst_obstruction_endpoint_distance,5.6687922911599316,2059.914258406628,True,,端点最大距离且全时段按遮挡计损仍满足双向预算
T001,巡航,1066.399911176062,1085.3656886359067,直连,,39,PASS,worst_obstruction_endpoint_distance,6.678894698588763,1833.7664525528055,True,,端点最大距离且全时段按遮挡计损仍满足双向预算
T001,巡航,1085.3656886359067,1104.3314660957515,直连,,40,PASS,worst_obstruction_endpoint_distance,7.81991678755827,1608.0254534211506,True,,端点最大距离且全时段按遮挡计损仍满足双向预算
T001,巡航,1104.3314660957515,1123.2972435555962,直连,,41,PASS,worst_obstruction_endpoint_distance,9.130019333983796,1382.890494946619,True,,端点最大距离且全时段按遮挡计损仍满足双向预算
T001,巡航,1123.2972435555962,1142.263021015441,直连,,42,PASS,worst_obstruction_endpoint_distance,10.666243431867713,1158.7148868457655,True,,端点最大距离且全时段按遮挡计损仍满足双向预算
T001,巡航,1142.263021015441,1161.2287984752859,直连,,43,PASS,worst_obstruction_endpoint_distance,12.51851331122657,936.1880488467178,True,,端点最大距离且全时段按遮挡计损仍满足双向预算
T001,巡航,1161.2287984752859,1180.1945759351306,直连,,44,PASS,worst_obstruction_endpoint_distance,14.837244701752255,716.8470844118597,True,,端点最大距离且全时段按遮挡计损仍满足双向预算
T001,巡航,1180.1945759351306,1199.1603533949753,直连,,45,PASS,worst_obstruction_endpoint_distance,17.882328503398824,504.86159279270055,True,,端点最大距离且全时段按遮挡计损仍满足双向预算
T001,巡航,1199.1603533949753,1218.12613085482,直连,,46,PASS,worst_obstruction_endpoint_distance,21.96778359151216,315.4275180539318,True,,端点最大距离且全时段按遮挡计损仍满足双向预算
T001,下降,1218.12613085482,1237.1979580032576,直连,,47,PASS,worst_obstruction_endpoint_distance,25.160808415575318,218.397839355469,True,,端点最大距离且全时段按遮挡计损仍满足双向预算
T001,下降,1237.1979580032576,1256.269785151695,直连,,48,PASS,worst_obstruction_endpoint_distance,27.30017506799763,170.7182714843753,True,,端点最大距离且全时段按遮挡计损仍满足双向预算
T001,下降,1256.269785151695,1275.3416123001327,直连,,49,PASS,worst_obstruction_endpoint_distance,30.14494023426775,123.0387036132816,True,,端点最大距离且全时段按遮挡计损仍满足双向预算
T001,下降,1275.3416123001327,1294.4134394485702,直连,,50,PASS,worst_obstruction_endpoint_distance,34.40305698380588,75.35913574218736,True,,端点最大距离且全时段按遮挡计损仍满足双向预算
T001,下降,1294.4134394485702,1313.4852665970077,直连,,51,PASS,worst_obstruction_endpoint_distance,43.10258905170963,27.679567871093695,True,,端点最大距离且全时段按遮挡计损仍满足双向预算
T002,爬升,479.9999999999999,498.125425415039,直连,,52,PASS,worst_obstruction_endpoint_distance,43.878709413313516,25.31356353759776,True,,端点最大距离且全时段按遮挡计损仍满足双向预算
T002,爬升,498.125425415039,516.2508508300781,直连,,53,PASS,worst_obstruction_endpoint_distance,34.966344352585295,70.62712707519552,True,,端点最大距离且全时段按遮挡计损仍满足双向预算
T002,爬升,516.2508508300781,534.3762762451172,直连,,54,PASS,worst_obstruction_endpoint_distance,30.66105750651289,115.94069061279328,True,,端点最大距离且全时段按遮挡计损仍满足双向预算
T002,爬升,534.3762762451172,552.5017016601563,直连,,55,PASS,worst_obstruction_endpoint_distance,27.79555154865507,161.25425415039103,True,,端点最大距离且全时段按遮挡计损仍满足双向预算
T002,巡航,552.5017016601563,572.2651888835223,直连,,56,PASS,worst_obstruction_endpoint_distance,21.38103723570191,337.4713404244516,True,,端点最大距离且全时段按遮挡计损仍满足双向预算
T002,巡航,572.2651888835223,592.0286761068884,直连,,57,PASS,worst_obstruction_endpoint_distance,16.17615903644753,614.4418760035281,True,,端点最大距离且全时段按遮挡计损仍满足双向预算
T002,巡航,592.0286761068884,611.7921633302544,直连,,58,PASS,worst_obstruction_endpoint_distance,12.823774280234389,903.8576628091926,True,,端点最大距离且全时段按遮挡计损仍满足双向预算
T002,巡航,611.7921633302544,631.5556505536205,直连,,59,PASS,worst_obstruction_endpoint_distance,10.385900789493661,1196.723223014895,True,,端点最大距离且全时段按遮挡计损仍满足双向预算
T002,巡航,631.5556505536205,651.3191377769865,直连,,60,PASS,worst_obstruction_endpoint_distance,8.476180856524223,1491.0071135443768,True,,端点最大距离且全时段按遮挡计损仍满足双向预算
T002,巡航,651.3191377769865,671.0826250003527,直连,,61,PASS,worst_obstruction_endpoint_distance,6.908105372473543,1786.0083692495245,True,,端点最大距离且全时段按遮挡计损仍满足双向预算
T002,巡航,671.0826250003527,690.8461122237186,直连,,62,PASS,worst_obstruction_endpoint_distance,5.578572376014165,2081.421994615999,True,,端点最大距离且全时段按遮挡计损仍满足双向预算
T002,巡航,690.8461122237186,710.6095994470847,直连,,63,PASS,worst_obstruction_endpoint_distance,4.424847125248689,2377.0942527732964,True,,端点最大距离且全时段按遮挡计损仍满足双向预算
T002,巡航,710.6095994470847,730.3730866704508,直连,,64,PASS,worst_obstruction_endpoint_distance,3.4059931797055043,2672.939317626779,True,,端点最大距离且全时段按遮挡计损仍满足双向预算
T002,巡航,730.3730866704508,750.1365738938168,直连,,65,PASS,worst_obstruction_endpoint_distance,2.4938475922613463,2968.9055301769163,True,,端点最大距离且全时段按遮挡计损仍满足双向预算
T002,巡航,750.1365738938168,769.9000611171829,直连,,66,PASS,worst_obstruction_endpoint_distance,1.6682180133278024,3264.9599447416617,True,,端点最大距离且全时段按遮挡计损仍满足双向预算
T002,巡航,769.9000611171829,789.6635483405489,直连,,67,PASS,worst_obstruction_endpoint_distance,0.9141391873638156,3561.0805630696686,True,,端点最大距离且全时段按遮挡计损仍满足双向预算
T002,巡航,789.6635483405489,809.427035563915,直连,,68,PASS,worst_obstruction_endpoint_distance,0.2202145974620322,3857.2521378350943,True,,端点最大距离且全时段按遮挡计损仍满足双向预算
T002,巡航,809.427035563915,829.190522787281,中继,R001,69,PASS,worst_obstruction_endpoint_distance,1.7986941689042766,1611.9592170068474,True,,端点最大距离且全时段按遮挡计损仍满足双向预算
T002,巡航,829.190522787281,848.954010010647,中继,R001,70,PASS,worst_obstruction_endpoint_distance,3.548725382916672,1317.8090603809612,True,,端点最大距离且全时段按遮挡计损仍满足双向预算
T002,巡航,848.954010010647,868.7174972340131,中继,R001,71,PASS,worst_obstruction_endpoint_distance,5.731414163795407,1024.9862751293902,True,,端点最大距离且全时段按遮挡计损仍满足双向预算
T002,巡航,868.7174972340131,888.4809844573791,中继,R001,72,PASS,worst_obstruction_endpoint_distance,8.619096337392278,735.0788740248184,True,,端点最大距离且全时段按遮挡计损仍满足双向预算
T002,巡航,888.4809844573791,908.2444716807452,中继,R001,73,PASS,worst_obstruction_endpoint_distance,12.810203579364014,453.71023806410597,True,,端点最大距离且全时段按遮挡计损仍满足双向预算
T002,巡航,908.2444716807452,928.0079589041113,中继,R001,74,PASS,worst_obstruction_endpoint_distance,17.87171950183982,253.33942657084106,True,,端点最大距离且全时段按遮挡计损仍满足双向预算
T002,巡航,928.0079589041113,947.7714461274772,中继,R001,75,PASS,worst_obstruction_endpoint_distance,11.846499345070555,506.94844008022034,True,,端点最大距离且全时段按遮挡计损仍满足双向预算
T002,巡航,947.7714461274772,967.5349333508434,中继,R001,76,PASS,worst_obstruction_endpoint_distance,7.982943005401779,790.9364822770917,True,,端点最大距离且全时段按遮挡计损仍满足双向预算
T002,巡航,967.5349333508434,987.2984205742094,中继,R001,77,PASS,worst_obstruction_endpoint_distance,5.2641680033805756,1081.634069057801,True,,端点最大距离且全时段按遮挡计损仍满足双向预算
T002,巡航,987.2984205742094,1007.0619077975755,中继,R001,78,PASS,worst_obstruction_endpoint_distance,3.1810377706371042,1374.7915994615264,True,,端点最大距离且全时段按遮挡计损仍满足双向预算
T002,巡航,1007.0619077975755,1026.8253950209414,中继,R001,79,PASS,worst_obstruction_endpoint_distance,1.4960582519514247,1669.113407412768,True,,端点最大距离且全时段按遮挡计损仍满足双向预算
T002,巡航,1026.8253950209414,1046.5888822443076,中继,R001,80,PASS,worst_obstruction_endpoint_distance,0.08260871375279066,1964.076152778362,True,,端点最大距离且全时段按遮挡计损仍满足双向预算
T002,下降,1046.5888822443076,1061.497924602706,中继,R001,81,PASS,worst_obstruction_endpoint_distance,0.08260871375279066,1964.076152778362,True,,端点最大距离且全时段按遮挡计损仍满足双向预算
T002,下降,1061.497924602706,1076.4069669611044,中继,R001,82,PASS,worst_obstruction_endpoint_distance,0.08318935627910662,1963.944860755383,True,,端点最大距离且全时段按遮挡计损仍满足双向预算
T002,下降,1076.4069669611044,1091.3160093195029,中继,R001,83,PASS,worst_obstruction_endpoint_distance,0.0804771903531929,1964.5581975862738,True,,端点最大距离且全时段按遮挡计损仍满足双向预算
T002,投送,1091.3160093195029,1111.1160093195028,中继,R001,84,PASS,exact_point,0.0804771903531929,1964.5581975862738,,,独立计算 DEM 遮挡、自由空间损耗与双向预算
T002,投送,1111.1160093195028,1130.9160093195028,中继,R001,85,PASS,exact_point,0.0804771903531929,1964.5581975862738,,,独立计算 DEM 遮挡、自由空间损耗与双向预算
T002,投送,1130.9160093195028,1150.716009319503,中继,R001,86,PASS,exact_point,0.0804771903531929,1964.5581975862738,,,独立计算 DEM 遮挡、自由空间损耗与双向预算
T002,投送,1150.716009319503,1170.516009319503,中继,R001,87,PASS,exact_point,0.0804771903531929,1964.5581975862738,,,独立计算 DEM 遮挡、自由空间损耗与双向预算
T002,投送,1170.516009319503,1190.3160093195029,中继,R001,88,PASS,exact_point,0.0804771903531929,1964.5581975862738,,,独立计算 DEM 遮挡、自由空间损耗与双向预算
T002,投送,1190.3160093195029,1210.1160093195028,中继,R001,89,PASS,exact_point,0.0804771903531929,1964.5581975862738,,,独立计算 DEM 遮挡、自由空间损耗与双向预算
T002,投送,1210.1160093195028,1229.9160093195028,中继,R001,90,PASS,exact_point,0.0804771903531929,1964.5581975862738,,,独立计算 DEM 遮挡、自由空间损耗与双向预算
T002,投送,1229.9160093195028,1249.716009319503,中继,R001,91,PASS,exact_point,0.0804771903531929,1964.5581975862738,,,独立计算 DEM 遮挡、自由空间损耗与双向预算
T002,投送,1249.716009319503,1269.516009319503,中继,R001,92,PASS,exact_point,0.0804771903531929,1964.5581975862738,,,独立计算 DEM 遮挡、自由空间损耗与双向预算
T002,投送,1269.516009319503,1289.3160093195029,中继,R001,93,PASS,exact_point,0.0804771903531929,1964.5581975862738,,,独立计算 DEM 遮挡、自由空间损耗与双向预算
T002,投送,1289.3160093195029,1309.1160093195028,中继,R001,94,PASS,exact_point,0.0804771903531929,1964.5581975862738,,,独立计算 DEM 遮挡、自由空间损耗与双向预算
T002,投送,1309.1160093195028,1328.9160093195028,中继,R001,95,PASS,exact_point,0.0804771903531929,1964.5581975862738,,,独立计算 DEM 遮挡、自由空间损耗与双向预算
T002,投送,1328.9160093195028,1348.716009319503,中继,R001,96,PASS,exact_point,0.0804771903531929,1964.5581975862738,,,独立计算 DEM 遮挡、自由空间损耗与双向预算
T002,投送,1348.716009319503,1368.516009319503,中继,R001,97,PASS,exact_point,0.0804771903531929,1964.5581975862738,,,独立计算 DEM 遮挡、自由空间损耗与双向预算
T002,投送,1368.516009319503,1388.3160093195029,中继,R001,98,PASS,exact_point,0.0804771903531929,1964.5581975862738,,,独立计算 DEM 遮挡、自由空间损耗与双向预算
T002,投送,1388.3160093195029,1408.1160093195028,中继,R001,99,PASS,exact_point,0.0804771903531929,1964.5581975862738,,,独立计算 DEM 遮挡、自由空间损耗与双向预算
T002,投送,1408.1160093195028,1427.9160093195028,中继,R001,100,PASS,exact_point,0.0804771903531929,1964.5581975862738,,,独立计算 DEM 遮挡、自由空间损耗与双向预算
T002,投送,1427.9160093195028,1447.716009319503,中继,R001,101,PASS,exact_point,0.0804771903531929,1964.5581975862738,,,独立计算 DEM 遮挡、自由空间损耗与双向预算
T002,投送,1447.716009319503,1467.516009319503,中继,R001,102,PASS,exact_point,0.0804771903531929,1964.5581975862738,,,独立计算 DEM 遮挡、自由空间损耗与双向预算
T002,投送,1467.516009319503,1487.3160093195029,中继,R001,103,PASS,exact_point,0.0804771903531929,1964.5581975862738,,,独立计算 DEM 遮挡、自由空间损耗与双向预算
T002,爬升,1487.3160093195029,1505.206860149581,中继,R001,104,PASS,worst_obstruction_endpoint_distance,0.0804771903531929,1964.5581975862738,True,,端点最大距离且全时段按遮挡计损仍满足双向预算
T002,爬升,1505.206860149581,1523.097710979659,中继,R001,105,PASS,worst_obstruction_endpoint_distance,0.08260871375279066,1964.076152778362,True,,端点最大距离且全时段按遮挡计损仍满足双向预算
T002,巡航,1523.097710979659,1542.8611982030252,中继,R001,106,PASS,worst_obstruction_endpoint_distance,0.08260871375279066,1964.076152778362,True,,端点最大距离且全时段按遮挡计损仍满足双向预算
T002,巡航,1542.8611982030252,1562.6246854263911,中继,R001,107,PASS,worst_obstruction_endpoint_distance,1.4960582519514247,1669.113407412768,True,,端点最大距离且全时段按遮挡计损仍满足双向预算
T002,巡航,1562.6246854263911,1582.3881726497573,中继,R001,108,PASS,worst_obstruction_endpoint_distance,3.1810377706371042,1374.7915994615264,True,,端点最大距离且全时段按遮挡计损仍满足双向预算
T002,巡航,1582.3881726497573,1602.1516598731232,中继,R001,109,PASS,worst_obstruction_endpoint_distance,5.2641680033805756,1081.634069057801,True,,端点最大距离且全时段按遮挡计损仍满足双向预算
T002,巡航,1602.1516598731232,1621.9151470964894,中继,R001,110,PASS,worst_obstruction_endpoint_distance,7.982943005401779,790.9364822770917,True,,端点最大距离且全时段按遮挡计损仍满足双向预算
T002,巡航,1621.9151470964894,1641.6786343198553,中继,R001,111,PASS,worst_obstruction_endpoint_distance,11.846499345070555,506.94844008022034,True,,端点最大距离且全时段按遮挡计损仍满足双向预算
T002,巡航,1641.6786343198553,1661.4421215432214,中继,R001,112,PASS,worst_obstruction_endpoint_distance,17.87171950183982,253.33942657084106,True,,端点最大距离且全时段按遮挡计损仍满足双向预算
T002,巡航,1661.4421215432214,1681.2056087665874,中继,R001,113,PASS,worst_obstruction_endpoint_distance,12.810203579364014,453.71023806410597,True,,端点最大距离且全时段按遮挡计损仍满足双向预算
T002,巡航,1681.2056087665874,1700.9690959899535,中继,R001,114,PASS,worst_obstruction_endpoint_distance,8.619096337392278,735.0788740248184,True,,端点最大距离且全时段按遮挡计损仍满足双向预算
T002,巡航,1700.9690959899535,1720.7325832133197,中继,R001,115,PASS,worst_obstruction_endpoint_distance,5.731414163795407,1024.9862751293902,True,,端点最大距离且全时段按遮挡计损仍满足双向预算
T002,巡航,1720.7325832133197,1740.4960704366856,中继,R001,116,PASS,worst_obstruction_endpoint_distance,3.548725382916672,1317.8090603809612,True,,端点最大距离且全时段按遮挡计损仍满足双向预算
T002,巡航,1740.4960704366856,1760.2595576600518,中继,R001,117,PASS,worst_obstruction_endpoint_distance,1.7986941689042766,1611.9592170068474,True,,端点最大距离且全时段按遮挡计损仍满足双向预算
T002,巡航,1760.2595576600518,1780.0230448834177,直连,,118,PASS,worst_obstruction_endpoint_distance,0.2202145974620322,3857.2521378350943,True,,端点最大距离且全时段按遮挡计损仍满足双向预算
T002,巡航,1780.0230448834177,1799.7865321067839,直连,,119,PASS,worst_obstruction_endpoint_distance,0.9141391873638156,3561.0805630696686,True,,端点最大距离且全时段按遮挡计损仍满足双向预算
T002,巡航,1799.7865321067839,1819.5500193301498,直连,,120,PASS,worst_obstruction_endpoint_distance,1.6682180133278024,3264.9599447416617,True,,端点最大距离且全时段按遮挡计损仍满足双向预算
T002,巡航,1819.5500193301498,1839.313506553516,直连,,121,PASS,worst_obstruction_endpoint_distance,2.4938475922613463,2968.9055301769163,True,,端点最大距离且全时段按遮挡计损仍满足双向预算
T002,巡航,1839.313506553516,1859.0769937768819,直连,,122,PASS,worst_obstruction_endpoint_distance,3.4059931797055043,2672.939317626779,True,,端点最大距离且全时段按遮挡计损仍满足双向预算
T002,巡航,1859.0769937768819,1878.840481000248,直连,,123,PASS,worst_obstruction_endpoint_distance,4.424847125248689,2377.0942527732964,True,,端点最大距离且全时段按遮挡计损仍满足双向预算
T002,巡航,1878.840481000248,1898.6039682236142,直连,,124,PASS,worst_obstruction_endpoint_distance,5.578572376014165,2081.421994615999,True,,端点最大距离且全时段按遮挡计损仍满足双向预算
T002,巡航,1898.6039682236142,1918.36745544698,直连,,125,PASS,worst_obstruction_endpoint_distance,6.908105372473543,1786.0083692495245,True,,端点最大距离且全时段按遮挡计损仍满足双向预算
T002,巡航,1918.36745544698,1938.1309426703463,直连,,126,PASS,worst_obstruction_endpoint_distance,8.476180856524223,1491.0071135443768,True,,端点最大距离且全时段按遮挡计损仍满足双向预算
T002,巡航,1938.1309426703463,1957.8944298937122,直连,,127,PASS,worst_obstruction_endpoint_distance,10.385900789493661,1196.723223014895,True,,端点最大距离且全时段按遮挡计损仍满足双向预算
T002,巡航,1957.8944298937122,1977.6579171170783,直连,,128,PASS,worst_obstruction_endpoint_distance,12.823774280234389,903.8576628091926,True,,端点最大距离且全时段按遮挡计损仍满足双向预算
T002,巡航,1977.6579171170783,1997.4214043404445,直连,,129,PASS,worst_obstruction_endpoint_distance,16.17615903644753,614.4418760035281,True,,端点最大距离且全时段按遮挡计损仍满足双向预算
T002,巡航,1997.4214043404445,2017.1848915638104,直连,,130,PASS,worst_obstruction_endpoint_distance,21.38103723570191,337.4713404244516,True,,端点最大距离且全时段按遮挡计损仍满足双向预算
T002,下降,2017.1848915638104,2035.3103169788496,直连,,131,PASS,worst_obstruction_endpoint_distance,27.79555154865507,161.25425415039103,True,,端点最大距离且全时段按遮挡计损仍满足双向预算
T002,下降,2035.3103169788496,2053.4357423938886,直连,,132,PASS,worst_obstruction_endpoint_distance,30.007338421908955,125.00340332031266,True,,端点最大距离且全时段按遮挡计损仍满足双向预算
T002,下降,2053.4357423938886,2071.5611678089276,直连,,133,PASS,worst_obstruction_endpoint_distance,32.98215812469377,88.7525524902347,True,,端点最大距离且全时段按遮挡计损仍满足双向预算
T002,下降,2071.5611678089276,2089.686593223967,直连,,134,PASS,worst_obstruction_endpoint_distance,37.54230757016698,52.50170166015678,True,,端点最大距离且全时段按遮挡计损仍满足双向预算
T002,下降,2089.686593223967,2107.812018639006,直连,,135,PASS,worst_obstruction_endpoint_distance,45.92517525248826,20.0,True,,端点最大距离且全时段按遮挡计损仍满足双向预算
T003,爬升,390.0,408.3921013726129,直连,,136,PASS,worst_obstruction_endpoint_distance,41.02077101907942,35.176304117838754,True,,端点最大距离且全时段按遮挡计损仍满足双向预算
T003,爬升,408.3921013726129,426.78420274522574,直连,,137,PASS,worst_obstruction_endpoint_distance,32.82696128604417,90.35260823567731,True,,端点最大距离且全时段按遮挡计损仍满足双向预算
T003,爬升,426.78420274522574,445.17630411783864,直连,,138,PASS,worst_obstruction_endpoint_distance,28.68678949476505,145.52891235351603,True,,端点最大距离且全时段按遮挡计损仍满足双向预算
T003,巡航,445.17630411783864,464.1934668497458,直连,,139,PASS,worst_obstruction_endpoint_distance,21.836398531290612,320.2350261363581,True,,端点最大距离且全时段按遮挡计损仍满足双向预算
T003,巡航,464.1934668497458,483.2106295816529,直连,,140,PASS,worst_obstruction_endpoint_distance,16.546663988902537,588.7834023351405,True,,端点最大距离且全时段按遮挡计损仍满足双向预算
T003,巡航,483.2106295816529,502.22779231356003,直连,,141,PASS,worst_obstruction_endpoint_distance,13.174798895214863,868.0581392014765,True,,端点最大距离且全时段按遮挡计损仍满足双向预算
T003,巡航,502.22779231356003,521.2449550454671,直连,,142,PASS,worst_obstruction_endpoint_distance,10.729757922473041,1150.2728313183097,True,,端点最大距离且全时段按遮挡计损仍满足双向预算
T003,巡航,521.2449550454671,540.2621177773743,直连,,143,PASS,worst_obstruction_endpoint_distance,8.816655594821057,1433.6923851274319,True,,端点最大距离且全时段按遮挡计损仍满足双向预算
T003,巡航,540.2621177773743,559.2792805092814,直连,,144,PASS,worst_obstruction_endpoint_distance,7.246725157142279,1717.7205067016116,True,,端点最大距离且全时段按遮挡计损仍满足双向预算
T003,巡航,559.2792805092814,578.2964432411886,直连,,145,PASS,worst_obstruction_endpoint_distance,5.916067623284519,2002.0982089747577,True,,端点最大距离且全时段按遮挡计损仍满足双向预算
T003,巡航,578.2964432411886,597.3136059730957,直连,,146,PASS,worst_obstruction_endpoint_distance,4.761610048728812,2286.6950721260782,True,,端点最大距离且全时段按遮挡计损仍满足双向预算
T003,巡航,597.3136059730957,616.3307687050028,直连,,147,PASS,worst_obstruction_endpoint_distance,3.7422529026328704,2571.4383295456846,True,,端点最大距离且全时段按遮挡计损仍满足双向预算
T003,巡航,616.3307687050028,635.3479314369099,直连,,148,PASS,worst_obstruction_endpoint_distance,2.829746817360757,2856.284199392131,True,,端点最大距离且全时段按遮挡计损仍满足双向预算
T003,巡航,635.3479314369099,654.3650941688171,直连,,149,PASS,worst_obstruction_endpoint_distance,2.003850208797573,3141.204766965233,True,,端点最大距离且全时段按遮挡计损仍满足双向预算
T003,巡航,654.3650941688171,673.3822569007242,直连,,150,PASS,worst_obstruction_endpoint_distance,1.2495681126698628,3426.1813967707103,True,,端点最大距离且全时段按遮挡计损仍满足双向预算
T003,巡航,673.3822569007242,692.3994196326314,直连,,151,PASS,worst_obstruction_endpoint_distance,0.5554852276978011,3711.20117407028,True,,端点最大距离且全时段按遮挡计损仍满足双向预算
T003,巡航,692.3994196326314,711.4165823645385,中继,R001,152,PASS,worst_obstruction_endpoint_distance,1.0826492244121937,1750.476549554645,True,,端点最大距离且全时段按遮挡计损仍满足双向预算
T003,巡航,711.4165823645385,730.4337450964456,中继,R001,153,PASS,worst_obstruction_endpoint_distance,2.627258519793102,1465.2975798126802,True,,端点最大距离且全时段按遮挡计损仍满足双向预算
T003,巡航,730.4337450964456,749.4509078283527,中继,R001,154,PASS,worst_obstruction_endpoint_distance,4.506982815151915,1180.1565402670476,True,,端点最大距离且全时段按遮挡计损仍满足双向预算
T003,巡航,749.4509078283527,768.4680705602599,中继,R001,155,PASS,worst_obstruction_endpoint_distance,6.908444158041945,895.0896809442007,True,,端点最大距离且全时段按遮挡计损仍满足双向预算
T003,巡航,768.4680705602599,787.4852332921671,中继,R001,156,PASS,worst_obstruction_endpoint_distance,10.236317224428007,610.2009747603922,True,,端点最大距离且全时段按遮挡计损仍满足双向预算
T003,巡航,787.4852332921671,806.5023960240742,中继,R001,157,PASS,worst_obstruction_endpoint_distance,15.682545557046382,325.9578769273874,True,,端点最大距离且全时段按遮挡计损仍满足双向预算
T003,巡航,806.5023960240742,825.5195587559813,中继,R001,158,PASS,worst_obstruction_endpoint_distance,18.001870807399882,249.57163139740678,True,,端点最大距离且全时段按遮挡计损仍满足双向预算
T003,下降,825.5195587559813,838.1653412266844,中继,R001,159,PASS,worst_obstruction_endpoint_distance,18.001870807399882,249.57163139740678,True,,端点最大距离且全时段按遮挡计损仍满足双向预算
T003,下降,838.1653412266844,850.8111236973876,中继,R001,160,PASS,worst_obstruction_endpoint_distance,17.88703216847678,252.8931988527141,True,,端点最大距离且全时段按遮挡计损仍满足双向预算
T003,投送,850.8111236973876,869.2726621589261,中继,R001,161,PASS,exact_point,27.88703216847678,252.8931988527141,,,独立计算 DEM 遮挡、自由空间损耗与双向预算
T003,投送,869.2726621589261,887.7342006204645,中继,R001,162,PASS,exact_point,27.88703216847678,252.8931988527141,,,独立计算 DEM 遮挡、自由空间损耗与双向预算
T003,投送,887.7342006204645,906.195739082003,中继,R001,163,PASS,exact_point,27.88703216847678,252.8931988527141,,,独立计算 DEM 遮挡、自由空间损耗与双向预算
T003,投送,906.195739082003,924.6572775435416,中继,R001,164,PASS,exact_point,27.88703216847678,252.8931988527141,,,独立计算 DEM 遮挡、自由空间损耗与双向预算
T003,投送,924.6572775435416,943.11881600508,中继,R001,165,PASS,exact_point,27.88703216847678,252.8931988527141,,,独立计算 DEM 遮挡、自由空间损耗与双向预算
T003,投送,943.11881600508,961.5803544666185,中继,R001,166,PASS,exact_point,27.88703216847678,252.8931988527141,,,独立计算 DEM 遮挡、自由空间损耗与双向预算
T003,投送,961.5803544666185,980.0418929281569,中继,R001,167,PASS,exact_point,27.88703216847678,252.8931988527141,,,独立计算 DEM 遮挡、自由空间损耗与双向预算
T003,投送,980.0418929281569,998.5034313896954,中继,R001,168,PASS,exact_point,27.88703216847678,252.8931988527141,,,独立计算 DEM 遮挡、自由空间损耗与双向预算
T003,投送,998.5034313896954,1016.9649698512338,中继,R001,169,PASS,exact_point,27.88703216847678,252.8931988527141,,,独立计算 DEM 遮挡、自由空间损耗与双向预算
T003,投送,1016.9649698512338,1035.4265083127723,中继,R001,170,PASS,exact_point,27.88703216847678,252.8931988527141,,,独立计算 DEM 遮挡、自由空间损耗与双向预算
T003,投送,1035.4265083127723,1053.8880467743109,中继,R001,171,PASS,exact_point,27.88703216847678,252.8931988527141,,,独立计算 DEM 遮挡、自由空间损耗与双向预算
T003,投送,1053.8880467743109,1072.3495852358492,中继,R001,172,PASS,exact_point,27.88703216847678,252.8931988527141,,,独立计算 DEM 遮挡、自由空间损耗与双向预算
T003,投送,1072.3495852358492,1090.8111236973878,中继,R001,173,PASS,exact_point,27.88703216847678,252.8931988527141,,,独立计算 DEM 遮挡、自由空间损耗与双向预算
T003,爬升,1090.8111236973878,1101.3492757563072,中继,R001,174,PASS,worst_obstruction_endpoint_distance,17.88703216847678,252.8931988527141,True,,端点最大距离且全时段按遮挡计损仍满足双向预算
T003,爬升,1101.3492757563072,1111.8874278152264,中继,R001,175,PASS,worst_obstruction_endpoint_distance,18.001870807399882,249.57163139740678,True,,端点最大距离且全时段按遮挡计损仍满足双向预算
T003,巡航,1111.8874278152264,1130.9045905471335,中继,R001,176,PASS,worst_obstruction_endpoint_distance,18.001870807399882,249.57163139740678,True,,端点最大距离且全时段按遮挡计损仍满足双向预算
T003,巡航,1130.9045905471335,1149.9217532790406,中继,R001,177,PASS,worst_obstruction_endpoint_distance,15.682545557046382,325.9578769273874,True,,端点最大距离且全时段按遮挡计损仍满足双向预算
T003,巡航,1149.9217532790406,1168.9389160109479,中继,R001,178,PASS,worst_obstruction_endpoint_distance,10.236317224428007,610.2009747603922,True,,端点最大距离且全时段按遮挡计损仍满足双向预算
T003,巡航,1168.9389160109479,1187.956078742855,中继,R001,179,PASS,worst_obstruction_endpoint_distance,6.908444158041945,895.0896809442007,True,,端点最大距离且全时段按遮挡计损仍满足双向预算
T003,巡航,1187.956078742855,1206.973241474762,中继,R001,180,PASS,worst_obstruction_endpoint_distance,4.506982815151915,1180.1565402670476,True,,端点最大距离且全时段按遮挡计损仍满足双向预算
T003,巡航,1206.973241474762,1225.9904042066692,中继,R001,181,PASS,worst_obstruction_endpoint_distance,2.627258519793102,1465.2975798126802,True,,端点最大距离且全时段按遮挡计损仍满足双向预算
T003,巡航,1225.9904042066692,1245.0075669385762,中继,R001,182,PASS,worst_obstruction_endpoint_distance,1.0826492244121937,1750.476549554645,True,,端点最大距离且全时段按遮挡计损仍满足双向预算
T003,巡航,1245.0075669385762,1264.0247296704836,直连,,183,PASS,worst_obstruction_endpoint_distance,0.5554852276978011,3711.20117407028,True,,端点最大距离且全时段按遮挡计损仍满足双向预算
T003,巡航,1264.0247296704836,1283.0418924023907,直连,,184,PASS,worst_obstruction_endpoint_distance,1.2495681126698628,3426.1813967707103,True,,端点最大距离且全时段按遮挡计损仍满足双向预算
T003,巡航,1283.0418924023907,1302.0590551342978,直连,,185,PASS,worst_obstruction_endpoint_distance,2.003850208797573,3141.204766965233,True,,端点最大距离且全时段按遮挡计损仍满足双向预算
T003,巡航,1302.0590551342978,1321.0762178662048,直连,,186,PASS,worst_obstruction_endpoint_distance,2.829746817360757,2856.284199392131,True,,端点最大距离且全时段按遮挡计损仍满足双向预算
T003,巡航,1321.0762178662048,1340.093380598112,直连,,187,PASS,worst_obstruction_endpoint_distance,3.7422529026328704,2571.4383295456846,True,,端点最大距离且全时段按遮挡计损仍满足双向预算
T003,巡航,1340.093380598112,1359.1105433300193,直连,,188,PASS,worst_obstruction_endpoint_distance,4.761610048728812,2286.6950721260782,True,,端点最大距离且全时段按遮挡计损仍满足双向预算
T003,巡航,1359.1105433300193,1378.1277060619263,直连,,189,PASS,worst_obstruction_endpoint_distance,5.916067623284519,2002.0982089747577,True,,端点最大距离且全时段按遮挡计损仍满足双向预算
T003,巡航,1378.1277060619263,1397.1448687938334,直连,,190,PASS,worst_obstruction_endpoint_distance,7.246725157142279,1717.7205067016116,True,,端点最大距离且全时段按遮挡计损仍满足双向预算
T003,巡航,1397.1448687938334,1416.1620315257405,直连,,191,PASS,worst_obstruction_endpoint_distance,8.816655594821057,1433.6923851274319,True,,端点最大距离且全时段按遮挡计损仍满足双向预算
T003,巡航,1416.1620315257405,1435.1791942576479,直连,,192,PASS,worst_obstruction_endpoint_distance,10.729757922473041,1150.2728313183097,True,,端点最大距离且全时段按遮挡计损仍满足双向预算
T003,巡航,1435.1791942576479,1454.1963569895547,直连,,193,PASS,worst_obstruction_endpoint_distance,13.174798895214863,868.0581392014765,True,,端点最大距离且全时段按遮挡计损仍满足双向预算
T003,巡航,1454.1963569895547,1473.213519721462,直连,,194,PASS,worst_obstruction_endpoint_distance,16.546663988902537,588.7834023351405,True,,端点最大距离且全时段按遮挡计损仍满足双向预算
T003,巡航,1473.213519721462,1492.2306824533691,直连,,195,PASS,worst_obstruction_endpoint_distance,21.836398531290612,320.2350261363581,True,,端点最大距离且全时段按遮挡计损仍满足双向预算
T003,下降,1492.2306824533691,1508.7835736887207,直连,,196,PASS,worst_obstruction_endpoint_distance,28.68678949476505,145.52891235351603,True,,端点最大距离且全时段按遮挡计损仍满足双向预算
T003,下降,1508.7835736887207,1525.3364649240723,直连,,197,PASS,worst_obstruction_endpoint_distance,31.592866209766527,104.14668426513703,True,,端点最大距离且全时段按遮挡计损仍满足双向预算
T003,下降,1525.3364649240723,1541.8893561594239,直连,,198,PASS,worst_obstruction_endpoint_distance,35.99149976120049,62.76445617675802,True,,端点最大距离且全时段按遮挡计损仍满足双向预算
T003,下降,1541.8893561594239,1558.4422473947754,直连,,199,PASS,worst_obstruction_endpoint_distance,45.34471600699305,21.38222808837901,True,,端点最大距离且全时段按遮挡计损仍满足双向预算
T004,爬升,360.0,375.10452117919925,直连,,200,PASS,worst_obstruction_endpoint_distance,43.878709413313516,25.31356353759776,True,,端点最大距离且全时段按遮挡计损仍满足双向预算
T004,爬升,375.10452117919925,390.2090423583985,直连,,201,PASS,worst_obstruction_endpoint_distance,34.966344352585295,70.62712707519552,True,,端点最大距离且全时段按遮挡计损仍满足双向预算
T004,爬升,390.2090423583985,405.31356353759776,直连,,202,PASS,worst_obstruction_endpoint_distance,30.66105750651289,115.94069061279328,True,,端点最大距离且全时段按遮挡计损仍满足双向预算
T004,爬升,405.31356353759776,420.418084716797,直连,,203,PASS,worst_obstruction_endpoint_distance,27.79555154865507,161.25425415039103,True,,端点最大距离且全时段按遮挡计损仍满足双向预算
T004,巡航,420.418084716797,440.3409549016418,直连,,204,PASS,worst_obstruction_endpoint_distance,22.7466552490028,288.3739298263756,True,,端点最大距离且全时段按遮挡计损仍满足双向预算
T004,巡航,440.3409549016418,460.26382508648663,直连,,205,PASS,worst_obstruction_endpoint_distance,17.88669157215095,504.60805598923304,True,,端点最大距离且全时段按遮挡计损仍满足双向预算
T004,巡航,460.26382508648663,480.1866952713314,直连,,206,PASS,worst_obstruction_endpoint_distance,14.618523438123603,735.127359563481,True,,端点最大距离且全时段按遮挡计损仍满足双向预算
T004,巡航,480.1866952713314,500.10956545617626,直连,,207,PASS,worst_obstruction_endpoint_distance,12.212148575902788,969.7981012726779,True,,端点最大距离且全时段按遮挡计损仍满足双向预算
T004,巡航,500.10956545617626,520.032435641021,直连,,208,PASS,worst_obstruction_endpoint_distance,10.317391018752147,1206.1996756463072,True,,端点最大距离且全时段按遮挡计损仍满足双向预算
T004,巡航,520.032435641021,539.9553058258658,直连,,209,PASS,worst_obstruction_endpoint_distance,8.75754802231451,1443.481948508619,True,,端点最大距离且全时段按遮挡计损仍满足双向预算
T004,巡航,539.9553058258658,559.8781760107107,直连,,210,PASS,worst_obstruction_endpoint_distance,7.4330151706130465,1681.2720754402123,True,,端点最大距离且全时段按遮挡计损仍满足双向预算
T004,巡航,559.8781760107107,579.8010461955555,直连,,211,PASS,worst_obstruction_endpoint_distance,6.282549920454841,1919.381313205809,True,,端点最大距离且全时段按遮挡计损仍满足双向预算
T004,巡航,579.8010461955555,599.7239163804003,直连,,212,PASS,worst_obstruction_endpoint_distance,5.26593775247207,2157.7040198220166,True,,端点最大距离且全时段按遮挡计损仍满足双向预算
T004,巡航,599.7239163804003,619.6467865652451,直连,,213,PASS,worst_obstruction_endpoint_distance,4.355399068097427,2396.1765015691853,True,,端点最大距离且全时段按遮挡计损仍满足双向预算
T004,巡航,619.6467865652451,639.56965675009,直连,,214,PASS,worst_obstruction_endpoint_distance,3.530960231351557,2634.7580902299947,True,,端点最大距离且全时段按遮挡计损仍满足双向预算
T004,巡航,639.56965675009,659.4925269349347,直连,,215,PASS,worst_obstruction_endpoint_distance,2.777788098494426,2873.421608333201,True,,端点最大距离且全时段按遮挡计损仍满足双向预算
T004,巡航,659.4925269349347,679.4153971197795,直连,,216,PASS,worst_obstruction_endpoint_distance,2.0845697493750492,3112.1482069920535,True,,端点最大距离且全时段按遮挡计损仍满足双向预算
T004,巡航,679.4153971197795,699.3382673046244,直连,,217,PASS,worst_obstruction_endpoint_distance,1.4424825575907931,3350.924404276432,True,,端点最大距离且全时段按遮挡计损仍满足双向预算
T004,巡航,699.3382673046244,719.2611374894691,直连,,218,PASS,worst_obstruction_endpoint_distance,0.8445145458364891,3589.740302850707,True,,端点最大距离且全时段按遮挡计损仍满足双向预算
T004,巡航,719.2611374894691,739.184007674314,直连,,219,PASS,worst_obstruction_endpoint_distance,0.2850014159647145,3828.588473379334,True,,端点最大距离且全时段按遮挡计损仍满足双向预算
T004,巡航,739.184007674314,759.1068778591588,中继,R001,220,PASS,worst_obstruction_endpoint_distance,1.6464127694329704,1640.4693471173132,True,,端点最大距离且全时段按遮挡计损仍满足双向预算
T004,巡航,759.1068778591588,779.0297480440036,中继,R001,221,PASS,worst_obstruction_endpoint_distance,3.003955198122142,1403.1076690440416,True,,端点最大距离且全时段按遮挡计损仍满足双向预算
T004,巡航,779.0297480440036,798.9526182288483,中继,R001,222,PASS,worst_obstruction_endpoint_distance,4.608484030556156,1166.4457813686502,True,,端点最大距离且全时段按遮挡计损仍满足双向预算
T004,巡航,798.9526182288483,818.8754884136931,中继,R001,223,PASS,worst_obstruction_endpoint_distance,6.566618362481648,931.0174910596767,True,,端点最大距离且全时段按遮挡计损仍满足双向预算
T004,巡航,818.8754884136931,838.798358598538,中继,R001,224,PASS,worst_obstruction_endpoint_distance,9.067770463129776,698.0720265769545,True,,端点最大距离且全时段按遮挡计损仍满足双向预算
T004,巡航,838.798358598538,858.7212287833828,中继,R001,225,PASS,worst_obstruction_endpoint_distance,12.479728069258982,471.305333900661,True,,端点最大距离且全时段按遮挡计损仍满足双向预算
T004,巡航,858.7212287833828,878.6440989682276,中继,R001,226,PASS,worst_obstruction_endpoint_distance,17.41694773027514,266.95703602075713,True,,端点最大距离且全时段按遮挡计损仍满足双向预算
T004,巡航,878.6440989682276,898.5669691530725,中继,R001,227,PASS,worst_obstruction_endpoint_distance,15.435011461473422,335.3807914117733,True,,端点最大距离且全时段按遮挡计损仍满足双向预算
T004,巡航,898.5669691530725,918.4898393379171,中继,R001,228,PASS,worst_obstruction_endpoint_distance,11.109087166752758,551.8669677532918,True,,端点最大距离且全时段按遮挡计损仍满足双向预算
T004,巡航,918.4898393379171,938.412709522762,中继,R001,229,PASS,worst_obstruction_endpoint_distance,8.085738358392959,781.631116825741,True,,端点最大距离且全时段按遮挡计损仍满足双向预算
T004,巡航,938.412709522762,958.3355797076068,中继,R001,230,PASS,worst_obstruction_endpoint_distance,5.810449516449253,1015.7019411850675,True,,端点最大距离且全时段按遮挡计损仍满足双向预算
T004,巡航,958.3355797076068,978.2584498924517,中继,R001,231,PASS,worst_obstruction_endpoint_distance,3.996008648377284,1251.6656269578361,True,,端点最大距离且全时段按遮挡计损仍满足双向预算
T004,巡航,978.2584498924517,998.1813200772965,中继,R001,232,PASS,worst_obstruction_endpoint_distance,2.4900846057931716,1488.6223254849551,True,,端点最大距离且全时段按遮挡计损仍满足双向预算
T004,巡航,998.1813200772965,1018.1041902621413,中继,R001,233,PASS,worst_obstruction_endpoint_distance,1.204138385441965,1726.1631417686265,True,,端点最大距离且全时段按遮挡计损仍满足双向预算
T004,巡航,1018.1041902621413,1038.027060446986,中继,R001,234,PASS,worst_obstruction_endpoint_distance,0.08260871375279066,1964.076152778362,True,,端点最大距离且全时段按遮挡计损仍满足双向预算
T004,下降,1038.027060446986,1055.9179112770644,中继,R001,235,PASS,worst_obstruction_endpoint_distance,0.08260871375279066,1964.076152778362,True,,端点最大距离且全时段按遮挡计损仍满足双向预算
T004,下降,1055.9179112770644,1073.8087621071425,中继,R001,236,PASS,worst_obstruction_endpoint_distance,0.0804771903531929,1964.5581975862738,True,,端点最大距离且全时段按遮挡计损仍满足双向预算
T004,投送,1073.8087621071425,1092.8996711980515,中继,R001,237,PASS,exact_point,0.0804771903531929,1964.5581975862738,,,独立计算 DEM 遮挡、自由空间损耗与双向预算
T004,投送,1092.8996711980515,1111.9905802889607,中继,R001,238,PASS,exact_point,0.0804771903531929,1964.5581975862738,,,独立计算 DEM 遮挡、自由空间损耗与双向预算
T004,投送,1111.9905802889607,1131.0814893798697,中继,R001,239,PASS,exact_point,0.0804771903531929,1964.5581975862738,,,独立计算 DEM 遮挡、自由空间损耗与双向预算
T004,投送,1131.0814893798697,1150.1723984707787,中继,R001,240,PASS,exact_point,0.0804771903531929,1964.5581975862738,,,独立计算 DEM 遮挡、自由空间损耗与双向预算
T004,投送,1150.1723984707787,1169.263307561688,中继,R001,241,PASS,exact_point,0.0804771903531929,1964.5581975862738,,,独立计算 DEM 遮挡、自由空间损耗与双向预算
T004,投送,1169.263307561688,1188.354216652597,中继,R001,242,PASS,exact_point,0.0804771903531929,1964.5581975862738,,,独立计算 DEM 遮挡、自由空间损耗与双向预算
T004,投送,1188.354216652597,1207.4451257435062,中继,R001,243,PASS,exact_point,0.0804771903531929,1964.5581975862738,,,独立计算 DEM 遮挡、自由空间损耗与双向预算
T004,投送,1207.4451257435062,1226.5360348344152,中继,R001,244,PASS,exact_point,0.0804771903531929,1964.5581975862738,,,独立计算 DEM 遮挡、自由空间损耗与双向预算
T004,投送,1226.5360348344152,1245.6269439253242,中继,R001,245,PASS,exact_point,0.0804771903531929,1964.5581975862738,,,独立计算 DEM 遮挡、自由空间损耗与双向预算
T004,投送,1245.6269439253242,1264.7178530162334,中继,R001,246,PASS,exact_point,0.0804771903531929,1964.5581975862738,,,独立计算 DEM 遮挡、自由空间损耗与双向预算
T004,投送,1264.7178530162334,1283.8087621071425,中继,R001,247,PASS,exact_point,0.0804771903531929,1964.5581975862738,,,独立计算 DEM 遮挡、自由空间损耗与双向预算
T004,爬升,1283.8087621071422,1298.7178044655407,中继,R001,248,PASS,worst_obstruction_endpoint_distance,0.0804771903531929,1964.5581975862738,True,,端点最大距离且全时段按遮挡计损仍满足双向预算
T004,爬升,1298.7178044655407,1313.626846823939,中继,R001,249,PASS,worst_obstruction_endpoint_distance,0.08260871375279066,1964.076152778362,True,,端点最大距离且全时段按遮挡计损仍满足双向预算
T004,巡航,1313.626846823939,1333.549717008784,中继,R001,250,PASS,worst_obstruction_endpoint_distance,0.08260871375279066,1964.076152778362,True,,端点最大距离且全时段按遮挡计损仍满足双向预算
T004,巡航,1333.549717008784,1353.4725871936287,中继,R001,251,PASS,worst_obstruction_endpoint_distance,1.204138385441965,1726.1631417686265,True,,端点最大距离且全时段按遮挡计损仍满足双向预算
T004,巡航,1353.4725871936287,1373.3954573784736,中继,R001,252,PASS,worst_obstruction_endpoint_distance,2.4900846057931716,1488.6223254849551,True,,端点最大距离且全时段按遮挡计损仍满足双向预算
T004,巡航,1373.3954573784736,1393.3183275633185,中继,R001,253,PASS,worst_obstruction_endpoint_distance,3.996008648377284,1251.6656269578361,True,,端点最大距离且全时段按遮挡计损仍满足双向预算
T004,巡航,1393.3183275633185,1413.2411977481631,中继,R001,254,PASS,worst_obstruction_endpoint_distance,5.810449516449253,1015.7019411850675,True,,端点最大距离且全时段按遮挡计损仍满足双向预算
T004,巡航,1413.2411977481631,1433.164067933008,中继,R001,255,PASS,worst_obstruction_endpoint_distance,8.085738358392959,781.631116825741,True,,端点最大距离且全时段按遮挡计损仍满足双向预算
T004,巡航,1433.164067933008,1453.086938117853,中继,R001,256,PASS,worst_obstruction_endpoint_distance,11.109087166752758,551.8669677532918,True,,端点最大距离且全时段按遮挡计损仍满足双向预算
T004,巡航,1453.086938117853,1473.0098083026976,中继,R001,257,PASS,worst_obstruction_endpoint_distance,15.435011461473422,335.3807914117733,True,,端点最大距离且全时段按遮挡计损仍满足双向预算
T004,巡航,1473.0098083026976,1492.9326784875425,中继,R001,258,PASS,worst_obstruction_endpoint_distance,17.41694773027514,266.95703602075713,True,,端点最大距离且全时段按遮挡计损仍满足双向预算
T004,巡航,1492.9326784875425,1512.8555486723872,中继,R001,259,PASS,worst_obstruction_endpoint_distance,12.479728069258982,471.305333900661,True,,端点最大距离且全时段按遮挡计损仍满足双向预算
T004,巡航,1512.8555486723872,1532.778418857232,中继,R001,260,PASS,worst_obstruction_endpoint_distance,9.067770463129776,698.0720265769545,True,,端点最大距离且全时段按遮挡计损仍满足双向预算
T004,巡航,1532.778418857232,1552.701289042077,中继,R001,261,PASS,worst_obstruction_endpoint_distance,6.566618362481648,931.0174910596767,True,,端点最大距离且全时段按遮挡计损仍满足双向预算
T004,巡航,1552.701289042077,1572.6241592269216,中继,R001,262,PASS,worst_obstruction_endpoint_distance,4.608484030556156,1166.4457813686502,True,,端点最大距离且全时段按遮挡计损仍满足双向预算
T004,巡航,1572.6241592269216,1592.5470294117665,中继,R001,263,PASS,worst_obstruction_endpoint_distance,3.003955198122142,1403.1076690440416,True,,端点最大距离且全时段按遮挡计损仍满足双向预算
T004,巡航,1592.5470294117665,1612.4698995966114,中继,R001,264,PASS,worst_obstruction_endpoint_distance,1.6464127694329704,1640.4693471173132,True,,端点最大距离且全时段按遮挡计损仍满足双向预算
T004,巡航,1612.4698995966114,1632.392769781456,直连,,265,PASS,worst_obstruction_endpoint_distance,0.2850014159647145,3828.588473379334,True,,端点最大距离且全时段按遮挡计损仍满足双向预算
T004,巡航,1632.392769781456,1652.315639966301,直连,,266,PASS,worst_obstruction_endpoint_distance,0.8445145458364891,3589.740302850707,True,,端点最大距离且全时段按遮挡计损仍满足双向预算
T004,巡航,1652.315639966301,1672.2385101511459,直连,,267,PASS,worst_obstruction_endpoint_distance,1.4424825575907931,3350.924404276432,True,,端点最大距离且全时段按遮挡计损仍满足双向预算
T004,巡航,1672.2385101511459,1692.1613803359905,直连,,268,PASS,worst_obstruction_endpoint_distance,2.0845697493750492,3112.1482069920535,True,,端点最大距离且全时段按遮挡计损仍满足双向预算
T004,巡航,1692.1613803359905,1712.0842505208354,直连,,269,PASS,worst_obstruction_endpoint_distance,2.777788098494426,2873.421608333201,True,,端点最大距离且全时段按遮挡计损仍满足双向预算
T004,巡航,1712.0842505208354,1732.0071207056803,直连,,270,PASS,worst_obstruction_endpoint_distance,3.530960231351557,2634.7580902299947,True,,端点最大距离且全时段按遮挡计损仍满足双向预算
T004,巡航,1732.0071207056803,1751.929990890525,直连,,271,PASS,worst_obstruction_endpoint_distance,4.355399068097427,2396.1765015691853,True,,端点最大距离且全时段按遮挡计损仍满足双向预算
T004,巡航,1751.929990890525,1771.85286107537,直连,,272,PASS,worst_obstruction_endpoint_distance,5.26593775247207,2157.7040198220166,True,,端点最大距离且全时段按遮挡计损仍满足双向预算
T004,巡航,1771.85286107537,1791.7757312602148,直连,,273,PASS,worst_obstruction_endpoint_distance,6.282549920454841,1919.381313205809,True,,端点最大距离且全时段按遮挡计损仍满足双向预算
T004,巡航,1791.7757312602148,1811.6986014450595,直连,,274,PASS,worst_obstruction_endpoint_distance,7.4330151706130465,1681.2720754402123,True,,端点最大距离且全时段按遮挡计损仍满足双向预算
T004,巡航,1811.6986014450595,1831.6214716299041,直连,,275,PASS,worst_obstruction_endpoint_distance,8.75754802231451,1443.481948508619,True,,端点最大距离且全时段按遮挡计损仍满足双向预算
T004,巡航,1831.6214716299041,1851.544341814749,直连,,276,PASS,worst_obstruction_endpoint_distance,10.317391018752147,1206.1996756463072,True,,端点最大距离且全时段按遮挡计损仍满足双向预算
T004,巡航,1851.544341814749,1871.467211999594,直连,,277,PASS,worst_obstruction_endpoint_distance,12.212148575902788,969.7981012726779,True,,端点最大距离且全时段按遮挡计损仍满足双向预算
T004,巡航,1871.467211999594,1891.3900821844388,直连,,278,PASS,worst_obstruction_endpoint_distance,14.618523438123603,735.127359563481,True,,端点最大距离且全时段按遮挡计损仍满足双向预算
T004,巡航,1891.3900821844388,1911.3129523692837,直连,,279,PASS,worst_obstruction_endpoint_distance,17.88669157215095,504.60805598923304,True,,端点最大距离且全时段按遮挡计损仍满足双向预算
T004,巡航,1911.3129523692837,1931.2358225541284,直连,,280,PASS,worst_obstruction_endpoint_distance,22.7466552490028,288.3739298263756,True,,端点最大距离且全时段按遮挡计损仍满足双向预算
T004,下降,1931.2358225541284,1949.3612479691674,直连,,281,PASS,worst_obstruction_endpoint_distance,27.79555154865507,161.25425415039103,True,,端点最大距离且全时段按遮挡计损仍满足双向预算
T004,下降,1949.3612479691674,1967.4866733842066,直连,,282,PASS,worst_obstruction_endpoint_distance,30.66105750651286,115.94069061279356,True,,端点最大距离且全时段按遮挡计损仍满足双向预算
T004,下降,1967.4866733842066,1985.6120987992458,直连,,283,PASS,worst_obstruction_endpoint_distance,34.966344352585295,70.62712707519552,True,,端点最大距离且全时段按遮挡计损仍满足双向预算
T004,下降,1985.6120987992458,2003.7375242142848,直连,,284,PASS,worst_obstruction_endpoint_distance,43.878709413313615,25.313563537597474,True,,端点最大距离且全时段按遮挡计损仍满足双向预算
T005,爬升,330.0,349.8664866129558,直连,,285,PASS,worst_obstruction_endpoint_distance,39.99198992735825,39.59945983886735,True,,端点最大距离且全时段按遮挡计损仍满足双向预算
T005,爬升,349.8664866129558,369.7329732259115,直连,,286,PASS,worst_obstruction_endpoint_distance,32.015636315537805,99.19891967773452,True,,端点最大距离且全时段按遮挡计损仍满足双向预算
T005,爬升,369.7329732259115,389.59945983886723,直连,,287,PASS,worst_obstruction_endpoint_distance,27.92885384004063,158.7983795166017,True,,端点最大距离且全时段按遮挡计损仍满足双向预算
T005,爬升,389.59945983886723,409.465946451823,直连,,288,PASS,worst_obstruction_endpoint_distance,25.160808415575318,218.397839355469,True,,端点最大距离且全时段按遮挡计损仍满足双向预算
T005,巡航,409.465946451823,428.4317239116678,直连,,289,PASS,worst_obstruction_endpoint_distance,21.96778359151216,315.4275180539318,True,,端点最大距离且全时段按遮挡计损仍满足双向预算
T005,巡航,428.4317239116678,447.39750137151253,直连,,290,PASS,worst_obstruction_endpoint_distance,17.882328503398824,504.86159279270055,True,,端点最大距离且全时段按遮挡计损仍满足双向预算
T005,巡航,447.39750137151253,466.3632788313573,直连,,291,PASS,worst_obstruction_endpoint_distance,14.837244701752255,716.8470844118597,True,,端点最大距离且全时段按遮挡计损仍满足双向预算
T005,巡航,466.3632788313573,485.32905629120205,直连,,292,PASS,worst_obstruction_endpoint_distance,12.51851331122657,936.1880488467178,True,,端点最大距离且全时段按遮挡计损仍满足双向预算
T005,巡航,485.32905629120205,504.29483375104684,直连,,293,PASS,worst_obstruction_endpoint_distance,10.666243431867713,1158.7148868457655,True,,端点最大距离且全时段按遮挡计损仍满足双向预算
T005,巡航,504.29483375104684,523.2606112108916,直连,,294,PASS,worst_obstruction_endpoint_distance,9.130019333983796,1382.890494946619,True,,端点最大距离且全时段按遮挡计损仍满足双向预算
T005,巡航,523.2606112108916,542.2263886707364,直连,,295,PASS,worst_obstruction_endpoint_distance,7.81991678755827,1608.0254534211506,True,,端点最大距离且全时段按遮挡计损仍满足双向预算
T005,巡航,542.2263886707364,561.1921661305811,直连,,296,PASS,worst_obstruction_endpoint_distance,6.678894698588763,1833.7664525528055,True,,端点最大距离且全时段按遮挡计损仍满足双向预算
T005,巡航,561.1921661305811,580.1579435904259,直连,,297,PASS,worst_obstruction_endpoint_distance,5.6687922911599316,2059.914258406628,True,,端点最大距离且全时段按遮挡计损仍满足双向预算
T005,巡航,580.1579435904259,599.1237210502707,直连,,298,PASS,worst_obstruction_endpoint_distance,4.7629278771622126,2286.3481596831593,True,,端点最大距离且全时段按遮挡计损仍满足双向预算
T005,巡航,599.1237210502707,618.0894985101154,直连,,299,PASS,worst_obstruction_endpoint_distance,3.9419571187510485,2512.9908213933977,True,,端点最大距离且全时段按遮挡计损仍满足双向预算
T005,巡航,618.0894985101154,637.0552759699601,直连,,300,PASS,worst_obstruction_endpoint_distance,3.191428258256792,2739.790436392799,True,,端点最大距离且全时段按遮挡计损仍满足双向预算
T005,巡航,637.0552759699601,656.021053429805,直连,,301,PASS,worst_obstruction_endpoint_distance,2.500270302895842,2966.711008526461,True,,端点最大距离且全时段按遮挡计损仍满足双向预算
T005,巡航,656.021053429805,674.9868308896497,直连,,302,PASS,worst_obstruction_endpoint_distance,1.8598200342751454,3193.726755171166,True,,端点最大距离且全时段按遮挡计损仍满足双向预算
T005,下降,674.9868308896497,685.2463987607434,直连,,303,PASS,worst_obstruction_endpoint_distance,1.8598200342751454,3193.726755171166,True,,端点最大距离且全时段按遮挡计损仍满足双向预算
T005,下降,685.2463987607434,695.5059666318372,直连,,304,PASS,worst_obstruction_endpoint_distance,1.8643124438889203,3192.075361970319,True,,端点最大距离且全时段按遮挡计损仍满足双向预算
T005,投送,695.5059666318372,715.5059666318372,直连,,305,PASS,exact_point,1.8682481629573715,3190.6293079047914,,,独立计算 DEM 遮挡、自由空间损耗与双向预算
T005,投送,715.5059666318372,735.5059666318372,直连,,306,PASS,exact_point,1.8682481629573715,3190.6293079047914,,,独立计算 DEM 遮挡、自由空间损耗与双向预算
T005,投送,735.5059666318372,755.5059666318372,直连,,307,PASS,exact_point,1.8682481629573715,3190.6293079047914,,,独立计算 DEM 遮挡、自由空间损耗与双向预算
T005,投送,755.5059666318372,775.5059666318372,直连,,308,PASS,exact_point,1.8682481629573715,3190.6293079047914,,,独立计算 DEM 遮挡、自由空间损耗与双向预算
T005,投送,775.5059666318372,795.5059666318372,直连,,309,PASS,exact_point,1.8682481629573715,3190.6293079047914,,,独立计算 DEM 遮挡、自由空间损耗与双向预算
T005,投送,795.5059666318372,815.5059666318372,直连,,310,PASS,exact_point,1.8682481629573715,3190.6293079047914,,,独立计算 DEM 遮挡、自由空间损耗与双向预算
T005,投送,815.5059666318372,835.5059666318372,直连,,311,PASS,exact_point,1.8682481629573715,3190.6293079047914,,,独立计算 DEM 遮挡、自由空间损耗与双向预算
T005,投送,835.5059666318372,855.5059666318372,直连,,312,PASS,exact_point,1.8682481629573715,3190.6293079047914,,,独立计算 DEM 遮挡、自由空间损耗与双向预算
T005,投送,855.5059666318372,875.5059666318372,直连,,313,PASS,exact_point,1.8682481629573715,3190.6293079047914,,,独立计算 DEM 遮挡、自由空间损耗与双向预算
T005,爬升,875.5059666318372,892.6052464169934,直连,,314,PASS,worst_obstruction_endpoint_distance,1.8598200342751454,3193.726755171166,True,,端点最大距离且全时段按遮挡计损仍满足双向预算
T005,巡航,892.6052464169934,911.5710238768381,直连,,315,PASS,worst_obstruction_endpoint_distance,1.8598200342751454,3193.726755171166,True,,端点最大距离且全时段按遮挡计损仍满足双向预算
T005,巡航,911.5710238768381,930.536801336683,直连,,316,PASS,worst_obstruction_endpoint_distance,2.500270302895842,2966.711008526461,True,,端点最大距离且全时段按遮挡计损仍满足双向预算
T005,巡航,930.536801336683,949.5025787965277,直连,,317,PASS,worst_obstruction_endpoint_distance,3.191428258256792,2739.790436392799,True,,端点最大距离且全时段按遮挡计损仍满足双向预算
T005,巡航,949.5025787965277,968.4683562563724,直连,,318,PASS,worst_obstruction_endpoint_distance,3.9419571187510485,2512.9908213933977,True,,端点最大距离且全时段按遮挡计损仍满足双向预算
T005,巡航,968.4683562563724,987.4341337162172,直连,,319,PASS,worst_obstruction_endpoint_distance,4.7629278771622126,2286.3481596831593,True,,端点最大距离且全时段按遮挡计损仍满足双向预算
T005,巡航,987.4341337162172,1006.399911176062,直连,,320,PASS,worst_obstruction_endpoint_distance,5.6687922911599316,2059.914258406628,True,,端点最大距离且全时段按遮挡计损仍满足双向预算
T005,巡航,1006.399911176062,1025.3656886359067,直连,,321,PASS,worst_obstruction_endpoint_distance,6.678894698588763,1833.7664525528055,True,,端点最大距离且全时段按遮挡计损仍满足双向预算
T005,巡航,1025.3656886359067,1044.3314660957515,直连,,322,PASS,worst_obstruction_endpoint_distance,7.81991678755827,1608.0254534211506,True,,端点最大距离且全时段按遮挡计损仍满足双向预算
T005,巡航,1044.3314660957515,1063.2972435555962,直连,,323,PASS,worst_obstruction_endpoint_distance,9.130019333983796,1382.890494946619,True,,端点最大距离且全时段按遮挡计损仍满足双向预算
T005,巡航,1063.2972435555962,1082.263021015441,直连,,324,PASS,worst_obstruction_endpoint_distance,10.666243431867713,1158.7148868457655,True,,端点最大距离且全时段按遮挡计损仍满足双向预算
T005,巡航,1082.263021015441,1101.2287984752859,直连,,325,PASS,worst_obstruction_endpoint_distance,12.51851331122657,936.1880488467178,True,,端点最大距离且全时段按遮挡计损仍满足双向预算
T005,巡航,1101.2287984752859,1120.1945759351306,直连,,326,PASS,worst_obstruction_endpoint_distance,14.837244701752255,716.8470844118597,True,,端点最大距离且全时段按遮挡计损仍满足双向预算
T005,巡航,1120.1945759351306,1139.1603533949753,直连,,327,PASS,worst_obstruction_endpoint_distance,17.882328503398824,504.86159279270055,True,,端点最大距离且全时段按遮挡计损仍满足双向预算
T005,巡航,1139.1603533949753,1158.12613085482,直连,,328,PASS,worst_obstruction_endpoint_distance,21.96778359151216,315.4275180539318,True,,端点最大距离且全时段按遮挡计损仍满足双向预算
T005,下降,1158.12613085482,1177.1979580032576,直连,,329,PASS,worst_obstruction_endpoint_distance,25.160808415575318,218.397839355469,True,,端点最大距离且全时段按遮挡计损仍满足双向预算
T005,下降,1177.1979580032576,1196.269785151695,直连,,330,PASS,worst_obstruction_endpoint_distance,27.30017506799763,170.7182714843753,True,,端点最大距离且全时段按遮挡计损仍满足双向预算
T005,下降,1196.269785151695,1215.3416123001327,直连,,331,PASS,worst_obstruction_endpoint_distance,30.14494023426775,123.0387036132816,True,,端点最大距离且全时段按遮挡计损仍满足双向预算
T005,下降,1215.3416123001327,1234.4134394485702,直连,,332,PASS,worst_obstruction_endpoint_distance,34.40305698380588,75.35913574218736,True,,端点最大距离且全时段按遮挡计损仍满足双向预算
T005,下降,1234.4134394485702,1253.4852665970077,直连,,333,PASS,worst_obstruction_endpoint_distance,43.10258905170963,27.679567871093695,True,,端点最大距离且全时段按遮挡计损仍满足双向预算
T006,爬升,329.99999999999994,346.1507344563802,直连,,334,PASS,worst_obstruction_endpoint_distance,42.86345708049136,28.452203369140733,True,,端点最大距离且全时段按遮挡计损仍满足双向预算
T006,爬升,346.1507344563802,362.30146891276036,直连,,335,PASS,worst_obstruction_endpoint_distance,34.226750640926454,76.9044067382813,True,,端点最大距离且全时段按遮挡计损仍满足双向预算
T006,爬升,362.30146891276036,378.4522033691406,直连,,336,PASS,worst_obstruction_endpoint_distance,29.982830377148545,125.356610107422,True,,端点最大距离且全时段按遮挡计损仍满足双向预算
T006,巡航,378.4522033691406,398.0290540270924,直连,,337,PASS,worst_obstruction_endpoint_distance,23.439145992925262,266.2756531493173,True,,端点最大距离且全时段按遮挡计损仍满足双向预算
T006,巡航,398.0290540270924,417.60590468504415,直连,,338,PASS,worst_obstruction_endpoint_distance,18.208050378198536,486.2798111658891,True,,端点最大距离且全时段按遮挡计损仍满足双向预算
T006,巡航,417.60590468504415,437.18275534299596,直连,,339,PASS,worst_obstruction_endpoint_distance,14.849596880380076,715.82838275658,True,,端点最大距离且全时段按遮挡计损仍满足双向预算
T006,巡航,437.18275534299596,456.75960600094777,直连,,340,PASS,worst_obstruction_endpoint_distance,12.409485773578538,948.0133859272303,True,,端点最大距离且全时段按遮挡计损仍满足双向预算
T006,巡航,456.75960600094777,476.3364566588996,直连,,341,PASS,worst_obstruction_endpoint_distance,10.498709008550065,1181.281242448014,True,,端点最大距离且全时段按遮挡计损仍满足双向预算
T006,巡航,476.3364566588996,495.9133073168514,直连,,342,PASS,worst_obstruction_endpoint_distance,8.930053702377293,1415.0965532947675,True,,端点最大距离且全时段按遮挡计损仍满足双向预算
T006,巡航,495.9133073168514,515.4901579748032,直连,,343,PASS,worst_obstruction_endpoint_distance,7.600169114693159,1649.2264926496591,True,,端点最大距离且全时段按遮挡计损仍满足双向预算
T006,巡航,515.4901579748032,535.067008632755,直连,,344,PASS,worst_obstruction_endpoint_distance,6.446214866248994,1883.5537370869965,True,,端点最大距离且全时段按遮挡计损仍满足双向预算
T006,巡航,535.067008632755,554.6438592907068,直连,,345,PASS,worst_obstruction_endpoint_distance,5.427203554487448,2118.012800824474,True,,端点最大距离且全时段按遮挡计损仍满足双向预算
T006,巡航,554.6438592907068,574.2207099486585,直连,,346,PASS,worst_obstruction_endpoint_distance,4.514945220631574,2352.5642724361696,True,,端点最大距离且全时段按遮挡计损仍满足双向预算
T006,巡航,574.2207099486585,593.7975606066103,直连,,347,PASS,worst_obstruction_endpoint_distance,3.6892321235043113,2587.183019222811,True,,端点最大距离且全时段按遮挡计损仍满足双向预算
T006,巡航,593.7975606066103,613.3744112645621,直连,,348,PASS,worst_obstruction_endpoint_distance,2.935089718870202,2821.852260748545,True,,端点最大距离且全时段按遮挡计损仍满足双向预算
T006,巡航,613.3744112645621,632.9512619225139,直连,,349,PASS,worst_obstruction_endpoint_distance,2.2411156161546586,3056.5603667445057,True,,端点最大距离且全时段按遮挡计损仍满足双向预算
T006,下降,632.9512619225139,650.7625839439984,直连,,350,PASS,worst_obstruction_endpoint_distance,2.2411156161546586,3056.5603667445057,True,,端点最大距离且全时段按遮挡计损仍满足双向预算
T006,下降,650.7625839439984,668.5739059654827,直连,,351,PASS,worst_obstruction_endpoint_distance,2.2453855868061083,3055.0581354130627,True,,端点最大距离且全时段按遮挡计损仍满足双向预算
T006,投送,668.5739059654827,688.5739059654827,直连,,352,PASS,exact_point,2.2478131175972464,3054.2044276465326,,,独立计算 DEM 遮挡、自由空间损耗与双向预算
T006,投送,688.5739059654827,708.5739059654827,直连,,353,PASS,exact_point,2.2478131175972464,3054.2044276465326,,,独立计算 DEM 遮挡、自由空间损耗与双向预算
T006,投送,708.5739059654827,728.5739059654827,直连,,354,PASS,exact_point,2.2478131175972464,3054.2044276465326,,,独立计算 DEM 遮挡、自由空间损耗与双向预算
T006,投送,728.5739059654827,748.5739059654827,直连,,355,PASS,exact_point,2.2478131175972464,3054.2044276465326,,,独立计算 DEM 遮挡、自由空间损耗与双向预算
T006,投送,748.5739059654827,768.5739059654827,直连,,356,PASS,exact_point,2.2478131175972464,3054.2044276465326,,,独立计算 DEM 遮挡、自由空间损耗与双向预算
T006,投送,768.5739059654827,788.5739059654827,直连,,357,PASS,exact_point,2.2478131175972464,3054.2044276465326,,,独立计算 DEM 遮挡、自由空间损耗与双向预算
T006,投送,788.5739059654827,808.5739059654827,直连,,358,PASS,exact_point,2.2478131175972464,3054.2044276465326,,,独立计算 DEM 遮挡、自由空间损耗与双向预算
T006,投送,808.5739059654827,828.5739059654827,直连,,359,PASS,exact_point,2.2478131175972464,3054.2044276465326,,,独立计算 DEM 遮挡、自由空间损耗与双向预算
T006,投送,828.5739059654827,848.5739059654827,直连,,360,PASS,exact_point,2.2478131175972464,3054.2044276465326,,,独立计算 DEM 遮挡、自由空间损耗与双向预算
T006,爬升,848.5739059654827,863.4166743167198,直连,,361,PASS,worst_obstruction_endpoint_distance,2.2453855868061083,3055.0581354130627,True,,端点最大距离且全时段按遮挡计损仍满足双向预算
T006,爬升,863.4166743167198,878.2594426679567,直连,,362,PASS,worst_obstruction_endpoint_distance,2.2411156161546586,3056.5603667445057,True,,端点最大距离且全时段按遮挡计损仍满足双向预算
T006,巡航,878.2594426679567,897.8362933259085,直连,,363,PASS,worst_obstruction_endpoint_distance,2.2411156161546586,3056.5603667445057,True,,端点最大距离且全时段按遮挡计损仍满足双向预算
T006,巡航,897.8362933259085,917.4131439838603,直连,,364,PASS,worst_obstruction_endpoint_distance,2.935089718870202,2821.852260748545,True,,端点最大距离且全时段按遮挡计损仍满足双向预算
T006,巡航,917.4131439838603,936.9899946418121,直连,,365,PASS,worst_obstruction_endpoint_distance,3.6892321235043113,2587.183019222811,True,,端点最大距离且全时段按遮挡计损仍满足双向预算
T006,巡航,936.9899946418121,956.5668452997639,直连,,366,PASS,worst_obstruction_endpoint_distance,4.514945220631574,2352.5642724361696,True,,端点最大距离且全时段按遮挡计损仍满足双向预算
T006,巡航,956.5668452997639,976.1436959577156,直连,,367,PASS,worst_obstruction_endpoint_distance,5.427203554487448,2118.012800824474,True,,端点最大距离且全时段按遮挡计损仍满足双向预算
T006,巡航,976.1436959577156,995.7205466156674,直连,,368,PASS,worst_obstruction_endpoint_distance,6.446214866248994,1883.5537370869965,True,,端点最大距离且全时段按遮挡计损仍满足双向预算
T006,巡航,995.7205466156674,1015.2973972736193,直连,,369,PASS,worst_obstruction_endpoint_distance,7.600169114693159,1649.2264926496591,True,,端点最大距离且全时段按遮挡计损仍满足双向预算
T006,巡航,1015.2973972736193,1034.874247931571,直连,,370,PASS,worst_obstruction_endpoint_distance,8.930053702377293,1415.0965532947675,True,,端点最大距离且全时段按遮挡计损仍满足双向预算
T006,巡航,1034.874247931571,1054.4510985895229,直连,,371,PASS,worst_obstruction_endpoint_distance,10.498709008550065,1181.281242448014,True,,端点最大距离且全时段按遮挡计损仍满足双向预算
T006,巡航,1054.4510985895229,1074.0279492474747,直连,,372,PASS,worst_obstruction_endpoint_distance,12.409485773578538,948.0133859272303,True,,端点最大距离且全时段按遮挡计损仍满足双向预算
T006,巡航,1074.0279492474747,1093.6047999054265,直连,,373,PASS,worst_obstruction_endpoint_distance,14.849596880380076,715.82838275658,True,,端点最大距离且全时段按遮挡计损仍满足双向预算
T006,巡航,1093.6047999054265,1113.1816505633783,直连,,374,PASS,worst_obstruction_endpoint_distance,18.208050378198536,486.2798111658891,True,,端点最大距离且全时段按遮挡计损仍满足双向预算
T006,巡航,1113.1816505633783,1132.75850122133,直连,,375,PASS,worst_obstruction_endpoint_distance,23.439145992925262,266.2756531493173,True,,端点最大距离且全时段按遮挡计损仍满足双向预算
T006,下降,1132.75850122133,1152.1393825689863,直连,,376,PASS,worst_obstruction_endpoint_distance,29.982830377148545,125.356610107422,True,,端点最大距离且全时段按遮挡计损仍满足双向预算
T006,下降,1152.1393825689863,1171.5202639166425,直连,,377,PASS,worst_obstruction_endpoint_distance,34.22675064092644,76.90440673828135,True,,端点最大距离且全时段按遮挡计损仍满足双向预算
T006,下降,1171.5202639166425,1190.9011452642987,直连,,378,PASS,worst_obstruction_endpoint_distance,42.86345708049137,28.452203369140676,True,,端点最大距离且全时段按遮挡计损仍满足双向预算
T007,爬升,419.9999999999999,439.0400663248697,直连,,379,PASS,worst_obstruction_endpoint_distance,43.1275413425098,27.600165812174566,True,,端点最大距离且全时段按遮挡计损仍满足双向预算
T007,爬升,439.0400663248697,458.0801326497395,直连,,380,PASS,worst_obstruction_endpoint_distance,34.421380050129926,75.20033162434896,True,,端点最大距离且全时段按遮挡计损仍满足双向预算
T007,爬升,458.0801326497395,477.1201989746093,直连,,381,PASS,worst_obstruction_endpoint_distance,30.161772645055834,122.80049743652353,True,,端点最大距离且全时段按遮挡计损仍满足双向预算
T007,爬升,477.1201989746093,496.16026529947914,直连,,382,PASS,worst_obstruction_endpoint_distance,27.316349549092152,170.4006632486981,True,,端点最大距离且全时段按遮挡计损仍满足双向预算
T007,爬升,496.16026529947914,515.2003316243489,直连,,383,PASS,worst_obstruction_endpoint_distance,25.17661226102649,218.00082906087243,True,,端点最大距离且全时段按遮挡计损仍满足双向预算
T007,爬升,515.2003316243489,534.2403979492187,直连,,384,PASS,worst_obstruction_endpoint_distance,23.4611812166777,265.600994873047,True,,端点最大距离且全时段按遮挡计损仍满足双向预算
T007,巡航,534.2403979492187,553.9482598856706,直连,,385,PASS,worst_obstruction_endpoint_distance,19.961022984094825,397.40891843474714,True,,端点最大距离且全时段按遮挡计损仍满足双向预算
T007,巡航,553.9482598856706,573.6561218221224,直连,,386,PASS,worst_obstruction_endpoint_distance,15.71220980707109,648.1540930775991,True,,端点最大距离且全时段按遮挡计损仍满足双向预算
T007,巡航,573.6561218221224,593.3639837585742,直连,,387,PASS,worst_obstruction_endpoint_distance,12.615695694557388,925.7718553957753,True,,端点最大距离且全时段按遮挡计损仍满足双向预算
T007,巡航,593.3639837585742,613.0718456950261,直连,,388,PASS,worst_obstruction_endpoint_distance,10.276198059579158,1211.9336813788218,True,,端点最大距离且全时段按遮挡计损仍满足双向预算
T007,巡航,613.0718456950261,632.779707631478,直连,,389,PASS,worst_obstruction_endpoint_distance,8.41374566235858,1501.763259580158,True,,端点最大距离且全时段按遮挡计损仍满足双向预算
T007,巡航,632.779707631478,652.4875695679298,直连,,390,PASS,worst_obstruction_endpoint_distance,6.871828288485418,1793.4833279230154,True,,端点最大距离且全时段按遮挡计损仍满足双向预算
T007,巡航,652.4875695679298,672.1954315043816,直连,,391,PASS,worst_obstruction_endpoint_distance,5.5582357768518165,2086.3010154813837,True,,端点最大距离且全时段按遮挡计损仍满足双向预算
T007,巡航,672.1954315043816,691.9032934408335,直连,,392,PASS,worst_obstruction_endpoint_distance,4.4149250998654,2379.8111956219427,True,,端点最大距离且全时段按遮挡计损仍满足双向预算
T007,巡航,691.9032934408335,711.6111553772853,直连,,393,PASS,worst_obstruction_endpoint_distance,3.4032428294939336,2673.7858265695286,True,,端点最大距离且全时段按遮挡计损仍满足双向预算
T007,巡航,711.6111553772853,731.3190173137372,直连,,394,PASS,worst_obstruction_endpoint_distance,2.4962429037207414,2968.0869067243466,True,,端点最大距离且全时段按遮挡计损仍满足双向预算
T007,巡航,731.3190173137372,751.026879250189,直连,,395,PASS,worst_obstruction_endpoint_distance,1.6744290534633564,3262.6260964629014,True,,端点最大距离且全时段按遮挡计损仍满足双向预算
T007,巡航,751.026879250189,770.7347411866409,直连,,396,PASS,worst_obstruction_endpoint_distance,0.9232572696648731,3557.344251646282,True,,端点最大距离且全时段按遮挡计损仍满足双向预算
T007,巡航,770.7347411866409,790.4426031230928,直连,,397,PASS,worst_obstruction_endpoint_distance,0.2315979591948718,3852.200296462618,True,,端点最大距离且全时段按遮挡计损仍满足双向预算
T007,巡航,790.4426031230928,810.1504650595446,中继,R002,398,PASS,worst_obstruction_endpoint_distance,1.5293471153497364,1662.7287360181615,True,,端点最大距离且全时段按遮挡计损仍满足双向预算
T007,巡航,810.1504650595446,829.8583269959964,中继,R002,399,PASS,worst_obstruction_endpoint_distance,3.1918929171144725,1373.0745338103702,True,,端点最大距离且全时段按遮挡计损仍满足双向预算
T007,巡航,829.8583269959964,849.5661889324483,中继,R002,400,PASS,worst_obstruction_endpoint_distance,5.224083731909346,1086.6372077029318,True,,端点最大距离且全时段按遮挡计损仍满足双向预算
T007,巡航,849.5661889324483,869.2740508689001,中继,R002,401,PASS,worst_obstruction_endpoint_distance,7.809918002431388,806.8501018641134,True,,端点最大距离且全时段按遮挡计损仍满足双向预算
T007,巡航,869.2740508689001,888.981912805352,中继,R002,402,PASS,worst_obstruction_endpoint_distance,11.23265745479327,544.0713855181892,True,,端点最大距离且全时段按遮挡计损仍满足双向预算
T007,巡航,888.981912805352,908.6897747418038,中继,R002,403,PASS,worst_obstruction_endpoint_distance,15.30868289058364,340.2942523009908,True,,端点最大距离且全时段按遮挡计损仍满足双向预算
T007,巡航,908.6897747418038,928.3976366782556,中继,R002,404,PASS,worst_obstruction_endpoint_distance,11.478649442313184,528.878955160324,True,,端点最大距离且全时段按遮挡计损仍满足双向预算
T007,巡航,928.3976366782556,948.1054986147075,中继,R002,405,PASS,worst_obstruction_endpoint_distance,7.995048454551593,789.834928744089,True,,端点最大距离且全时段按遮挡计损仍满足双向预算
T007,巡航,948.1054986147075,967.8133605511593,中继,R002,406,PASS,worst_obstruction_endpoint_distance,5.366280347934946,1068.9927034665866,True,,端点最大距离且全时段按遮挡计损仍满足双向预算
T007,巡航,967.8133605511593,987.5212224876112,中继,R002,407,PASS,worst_obstruction_endpoint_distance,3.306027817586582,1355.1499936956816,True,,端点最大距离且全时段按遮挡计损仍满足双向预算
T007,巡航,987.5212224876112,1007.2290844240631,中继,R002,408,PASS,worst_obstruction_endpoint_distance,1.6242669914537942,1644.6572684634768,True,,端点最大距离且全时段按遮挡计损仍满足双向预算
T007,巡航,1007.2290844240631,1026.9369463605149,中继,R002,409,PASS,worst_obstruction_endpoint_distance,0.2076130959518423,1936.0122613129108,True,,端点最大距离且全时段按遮挡计损仍满足双向预算
T007,下降,1026.9369463605149,1043.6245707196458,中继,R002,410,PASS,worst_obstruction_endpoint_distance,0.2076130959518423,1936.0122613129108,True,,端点最大距离且全时段按遮挡计损仍满足双向预算
T007,下降,1043.6245707196458,1060.3121950787765,中继,R002,411,PASS,worst_obstruction_endpoint_distance,0.2091442938829431,1935.6710001622655,True,,端点最大距离且全时段按遮挡计损仍满足双向预算
T007,下降,1060.3121950787765,1076.9998194379073,中继,R002,412,PASS,worst_obstruction_endpoint_distance,0.20603774672473207,1936.3634253434532,True,,端点最大距离且全时段按遮挡计损仍满足双向预算
T007,下降,1076.9998194379073,1093.6874437970382,中继,R002,413,PASS,worst_obstruction_endpoint_distance,0.20035561395789614,1937.6305694328028,True,,端点最大距离且全时段按遮挡计损仍满足双向预算
T007,投送,1093.6874437970382,1112.8874437970383,中继,R002,414,PASS,exact_point,0.20035561395789614,1937.6305694328028,,,独立计算 DEM 遮挡、自由空间损耗与双向预算
T007,投送,1112.8874437970383,1132.0874437970383,中继,R002,415,PASS,exact_point,0.20035561395789614,1937.6305694328028,,,独立计算 DEM 遮挡、自由空间损耗与双向预算
T007,投送,1132.0874437970383,1151.2874437970381,中继,R002,416,PASS,exact_point,0.20035561395789614,1937.6305694328028,,,独立计算 DEM 遮挡、自由空间损耗与双向预算
T007,投送,1151.2874437970381,1170.4874437970382,中继,R002,417,PASS,exact_point,0.20035561395789614,1937.6305694328028,,,独立计算 DEM 遮挡、自由空间损耗与双向预算
T007,投送,1170.4874437970382,1189.6874437970382,中继,R002,418,PASS,exact_point,0.20035561395789614,1937.6305694328028,,,独立计算 DEM 遮挡、自由空间损耗与双向预算
T007,投送,1189.6874437970382,1208.8874437970383,中继,R002,419,PASS,exact_point,0.20035561395789614,1937.6305694328028,,,独立计算 DEM 遮挡、自由空间损耗与双向预算
T007,投送,1208.8874437970383,1228.0874437970383,中继,R002,420,PASS,exact_point,0.20035561395789614,1937.6305694328028,,,独立计算 DEM 遮挡、自由空间损耗与双向预算
T007,投送,1228.0874437970383,1247.2874437970381,中继,R002,421,PASS,exact_point,0.20035561395789614,1937.6305694328028,,,独立计算 DEM 遮挡、自由空间损耗与双向预算
T007,投送,1247.2874437970381,1266.4874437970382,中继,R002,422,PASS,exact_point,0.20035561395789614,1937.6305694328028,,,独立计算 DEM 遮挡、自由空间损耗与双向预算
T007,投送,1266.4874437970382,1285.6874437970382,中继,R002,423,PASS,exact_point,0.20035561395789614,1937.6305694328028,,,独立计算 DEM 遮挡、自由空间损耗与双向预算
T007,投送,1285.6874437970382,1304.8874437970383,中继,R002,424,PASS,exact_point,0.20035561395789614,1937.6305694328028,,,独立计算 DEM 遮挡、自由空间损耗与双向预算
T007,投送,1304.8874437970383,1324.0874437970383,中继,R002,425,PASS,exact_point,0.20035561395789614,1937.6305694328028,,,独立计算 DEM 遮挡、自由空间损耗与双向预算
T007,投送,1324.0874437970383,1343.2874437970381,中继,R002,426,PASS,exact_point,0.20035561395789614,1937.6305694328028,,,独立计算 DEM 遮挡、自由空间损耗与双向预算
T007,投送,1343.2874437970381,1362.4874437970382,中继,R002,427,PASS,exact_point,0.20035561395789614,1937.6305694328028,,,独立计算 DEM 遮挡、自由空间损耗与双向预算
T007,投送,1362.4874437970382,1381.6874437970382,中继,R002,428,PASS,exact_point,0.20035561395789614,1937.6305694328028,,,独立计算 DEM 遮挡、自由空间损耗与双向预算
T007,爬升,1381.6874437970382,1397.267404734538,中继,R002,429,PASS,worst_obstruction_endpoint_distance,0.20035561395789614,1937.6305694328028,True,,端点最大距离且全时段按遮挡计损仍满足双向预算
T007,爬升,1397.267404734538,1412.8473656720382,中继,R002,430,PASS,worst_obstruction_endpoint_distance,0.20673601005114506,1936.207766306024,True,,端点最大距离且全时段按遮挡计损仍满足双向预算
T007,爬升,1412.8473656720382,1428.4273266095383,中继,R002,431,PASS,worst_obstruction_endpoint_distance,0.20896180401501852,1935.7116688871408,True,,端点最大距离且全时段按遮挡计损仍满足双向预算
T007,爬升,1428.4273266095383,1444.0072875470382,中继,R002,432,PASS,worst_obstruction_endpoint_distance,0.20480180297866468,1936.6389764549926,True,,端点最大距离且全时段按遮挡计损仍满足双向预算
T007,巡航,1444.0072875470382,1463.5807974350523,中继,R002,433,PASS,worst_obstruction_endpoint_distance,0.20480180297866468,1936.6389764549926,True,,端点最大距离且全时段按遮挡计损仍满足双向预算
T007,巡航,1463.5807974350523,1483.1543073230666,中继,R002,434,PASS,worst_obstruction_endpoint_distance,1.6243693573682663,1644.63788577958,True,,端点最大距离且全时段按遮挡计损仍满足双向预算
T007,巡航,1483.1543073230666,1502.7278172110807,中继,R002,435,PASS,worst_obstruction_endpoint_distance,3.317701061044275,1353.3299877560205,True,,端点最大距离且全时段按遮挡计损仍满足双向预算
T007,巡航,1502.7278172110807,1522.301327099095,中继,R002,436,PASS,worst_obstruction_endpoint_distance,5.412779980054353,1063.2851764127959,True,,端点最大距离且全时段按遮挡计损仍满足双向预算
T007,巡航,1522.301327099095,1541.8748369871091,中继,R002,437,PASS,worst_obstruction_endpoint_distance,8.149422816309368,775.921199091743,True,,端点最大距离且全时段按遮挡计损仍满足双向预算
T007,巡航,1541.8748369871091,1561.4483468751232,中继,R001,438,PASS,worst_obstruction_endpoint_distance,0.23325354930689457,1930.3056454056646,True,,端点最大距离且全时段按遮挡计损仍满足双向预算
T007,巡航,1561.4483468751232,1581.0218567631375,中继,R001,439,PASS,worst_obstruction_endpoint_distance,1.0980839841019758,1747.3687281721047,True,,端点最大距离且全时段按遮挡计损仍满足双向预算
T007,巡航,1581.0218567631375,1600.5953666511516,中继,R001,440,PASS,worst_obstruction_endpoint_distance,1.8754029560603698,1597.7859962785742,True,,端点最大距离且全时段按遮挡计损仍满足双向预算
T007,巡航,1600.5953666511516,1620.1688765391657,中继,R001,441,PASS,worst_obstruction_endpoint_distance,2.472577023587064,1491.6258705906553,True,,端点最大距离且全时段按遮挡计损仍满足双向预算
T007,巡航,1620.1688765391657,1639.74238642718,中继,R001,442,PASS,worst_obstruction_endpoint_distance,2.7521780251422285,1444.3746481577232,True,,端点最大距离且全时段按遮挡计损仍满足双向预算
T007,巡航,1639.74238642718,1659.315896315194,中继,R001,443,PASS,worst_obstruction_endpoint_distance,2.375081464049103,1508.4630796794302,True,,端点最大距离且全时段按遮挡计损仍满足双向预算
T007,巡航,1659.315896315194,1678.8894062032082,中继,R001,444,PASS,worst_obstruction_endpoint_distance,1.734494963482689,1623.9176800172022,True,,端点最大距离且全时段按遮挡计损仍满足双向预算
T007,巡航,1678.8894062032082,1698.4629160912225,中继,R001,445,PASS,worst_obstruction_endpoint_distance,0.9335916589526647,1780.7755137552435,True,,端点最大距离且全时段按遮挡计损仍满足双向预算
T007,巡航,1698.4629160912225,1718.0364259792366,直连,,446,PASS,worst_obstruction_endpoint_distance,0.3201125176934738,3813.143350928281,True,,端点最大距离且全时段按遮挡计损仍满足双向预算
T007,巡航,1718.0364259792366,1737.609935867251,直连,,447,PASS,worst_obstruction_endpoint_distance,0.9222795051090458,3557.7447219545884,True,,端点最大距离且全时段按遮挡计损仍满足双向预算
T007,巡航,1737.609935867251,1757.183445755265,直连,,448,PASS,worst_obstruction_endpoint_distance,1.5526502909716413,3308.691256171267,True,,端点最大距离且全时段按遮挡计损仍满足双向预算
T007,下降,1757.183445755265,1775.1548464249079,直连,,449,PASS,worst_obstruction_endpoint_distance,2.210002076756666,3067.528839462469,True,,端点最大距离且全时段按遮挡计损仍满足双向预算
T007,下降,1775.1548464249079,1793.1262470945508,直连,,450,PASS,worst_obstruction_endpoint_distance,2.218966974928975,3064.3644086451645,True,,端点最大距离且全时段按遮挡计损仍满足双向预算
T007,下降,1793.1262470945508,1811.0976477641937,直连,,451,PASS,worst_obstruction_endpoint_distance,2.2267531368943025,3061.6186971836855,True,,端点最大距离且全时段按遮挡计损仍满足双向预算
T007,下降,1811.0976477641937,1829.0690484338363,直连,,452,PASS,worst_obstruction_endpoint_distance,2.233354181531695,3059.292832478522,True,,端点最大距离且全时段按遮挡计损仍满足双向预算
T007,下降,1829.0690484338363,1847.0404491034792,直连,,453,PASS,worst_obstruction_endpoint_distance,2.238764678018086,3057.3877727073514,True,,端点最大距离且全时段按遮挡计损仍满足双向预算
T007,下降,1847.0404491034792,1865.011849773122,直连,,454,PASS,worst_obstruction_endpoint_distance,2.242980160629969,3055.9043048633916,True,,端点最大距离且全时段按遮挡计损仍满足双向预算
T007,下降,1865.011849773122,1882.983250442765,直连,,455,PASS,worst_obstruction_endpoint_distance,2.2459971409770105,3054.843043136755,True,,端点最大距离且全时段按遮挡计损仍满足双向预算
T007,投送,1882.983250442765,1902.6196140791287,直连,,456,PASS,exact_point,2.2478131175972464,3054.2044276465326,,,独立计算 DEM 遮挡、自由空间损耗与双向预算
T007,投送,1902.6196140791287,1922.2559777154922,直连,,457,PASS,exact_point,2.2478131175972464,3054.2044276465326,,,独立计算 DEM 遮挡、自由空间损耗与双向预算
T007,投送,1922.2559777154922,1941.892341351856,直连,,458,PASS,exact_point,2.2478131175972464,3054.2044276465326,,,独立计算 DEM 遮挡、自由空间损耗与双向预算
T007,投送,1941.892341351856,1961.5287049882195,直连,,459,PASS,exact_point,2.2478131175972464,3054.2044276465326,,,独立计算 DEM 遮挡、自由空间损耗与双向预算
T007,投送,1961.5287049882195,1981.1650686245832,直连,,460,PASS,exact_point,2.2478131175972464,3054.2044276465326,,,独立计算 DEM 遮挡、自由空间损耗与双向预算
T007,投送,1981.1650686245832,2000.8014322609467,直连,,461,PASS,exact_point,2.2478131175972464,3054.2044276465326,,,独立计算 DEM 遮挡、自由空间损耗与双向预算
T007,投送,2000.8014322609467,2020.4377958973105,直连,,462,PASS,exact_point,2.2478131175972464,3054.2044276465326,,,独立计算 DEM 遮挡、自由空间损耗与双向预算
T007,投送,2020.4377958973105,2040.074159533674,直连,,463,PASS,exact_point,2.2478131175972464,3054.2044276465326,,,独立计算 DEM 遮挡、自由空间损耗与双向预算
T007,投送,2040.074159533674,2059.7105231700375,直连,,464,PASS,exact_point,2.2478131175972464,3054.2044276465326,,,独立计算 DEM 遮挡、自由空间损耗与双向预算
T007,投送,2059.7105231700375,2079.3468868064015,直连,,465,PASS,exact_point,2.2478131175972464,3054.2044276465326,,,独立计算 DEM 遮挡、自由空间损耗与双向预算
T007,投送,2079.3468868064015,2098.983250442765,直连,,466,PASS,exact_point,2.2478131175972464,3054.2044276465326,,,独立计算 DEM 遮挡、自由空间损耗与双向预算
T007,爬升,2098.983250442765,2116.7945724642495,直连,,467,PASS,worst_obstruction_endpoint_distance,2.2453855868061083,3055.0581354130627,True,,端点最大距离且全时段按遮挡计损仍满足双向预算
T007,爬升,2116.7945724642495,2134.6058944857336,直连,,468,PASS,worst_obstruction_endpoint_distance,2.2411156161546586,3056.5603667445057,True,,端点最大距离且全时段按遮挡计损仍满足双向预算
T007,巡航,2134.6058944857336,2153.114916925979,直连,,469,PASS,worst_obstruction_endpoint_distance,2.2411156161546586,3056.5603667445057,True,,端点最大距离且全时段按遮挡计损仍满足双向预算
T007,巡航,2153.114916925979,2171.6239393662245,直连,,470,PASS,worst_obstruction_endpoint_distance,3.067435566266326,2779.1819466890624,True,,端点最大距离且全时段按遮挡计损仍满足双向预算
T007,巡航,2171.6239393662245,2190.1329618064697,直连,,471,PASS,worst_obstruction_endpoint_distance,3.9805132818098343,2501.8605217539953,True,,端点最大距离且全时段按遮挡计损仍满足双向预算
T007,巡航,2190.1329618064697,2208.641984246715,直连,,472,PASS,worst_obstruction_endpoint_distance,5.000668542679023,2224.6174071251694,True,,端点最大距离且全时段按遮挡计损仍满足双向预算
T007,巡航,2208.641984246715,2227.15100668696,直连,,473,PASS,worst_obstruction_endpoint_distance,6.156288066488344,1947.4860477341674,True,,端点最大距离且全时段按遮挡计损仍满足双向预算
T007,巡航,2227.15100668696,2245.6600291272057,直连,,474,PASS,worst_obstruction_endpoint_distance,7.488730846575692,1670.5220634325021,True,,端点最大距离且全时段按遮挡计损仍满足双向预算
T007,巡航,2245.6600291272057,2264.169051567451,直连,,475,PASS,worst_obstruction_endpoint_distance,9.06160871006314,1393.8252340138579,True,,端点最大距离且全时段按遮挡计损仍满足双向预算
T007,巡航,2264.169051567451,2282.678074007696,直连,,476,PASS,worst_obstruction_endpoint_distance,10.980093890191213,1117.5940057971984,True,,端点最大距离且全时段按遮挡计损仍满足双向预算
T007,巡航,2282.678074007696,2301.1870964479413,直连,,477,PASS,worst_obstruction_endpoint_distance,13.436577431180993,842.286590702294,True,,端点最大距离且全时段按遮挡计损仍满足双向预算
T007,巡航,2301.1870964479413,2319.696118888187,直连,,478,PASS,worst_obstruction_endpoint_distance,16.83979160829456,569.2449386880037,True,,端点最大距离且全时段按遮挡计损仍满足双向预算
T007,巡航,2319.696118888187,2338.205141328432,直连,,479,PASS,worst_obstruction_endpoint_distance,22.2704985239005,304.6238004959094,True,,端点最大距离且全时段按遮挡计损仍满足双向预算
T007,下降,2338.205141328432,2356.3747175918597,直连,,480,PASS,worst_obstruction_endpoint_distance,29.982830377148545,125.356610107422,True,,端点最大距离且全时段按遮挡计损仍满足双向预算
T007,下降,2356.3747175918597,2374.544293855288,直连,,481,PASS,worst_obstruction_endpoint_distance,32.95627144019173,89.01745758056671,True,,端点最大距离且全时段按遮挡计损仍满足双向预算
T007,下降,2374.544293855288,2392.7138701187155,直连,,482,PASS,worst_obstruction_endpoint_distance,37.51313930757462,52.678305053710545,True,,端点最大距离且全时段按遮挡计损仍满足双向预算
T007,下降,2392.7138701187155,2410.883446382143,直连,,483,PASS,worst_obstruction_endpoint_distance,45.92517525248826,20.0,True,,端点最大距离且全时段按遮挡计损仍满足双向预算
T008,爬升,361.0,377.15073445638023,直连,,484,PASS,worst_obstruction_endpoint_distance,42.86345708049136,28.452203369140733,True,,端点最大距离且全时段按遮挡计损仍满足双向预算
T008,爬升,377.15073445638023,393.3014689127604,直连,,485,PASS,worst_obstruction_endpoint_distance,34.226750640926454,76.9044067382813,True,,端点最大距离且全时段按遮挡计损仍满足双向预算
T008,爬升,393.3014689127604,409.45220336914065,直连,,486,PASS,worst_obstruction_endpoint_distance,29.982830377148545,125.356610107422,True,,端点最大距离且全时段按遮挡计损仍满足双向预算
T008,巡航,409.45220336914065,427.961225809386,直连,,487,PASS,worst_obstruction_endpoint_distance,22.2704985239005,304.6238004959094,True,,端点最大距离且全时段按遮挡计损仍满足双向预算
T008,巡航,427.961225809386,446.4702482496313,直连,,488,PASS,worst_obstruction_endpoint_distance,16.83979160829456,569.2449386880037,True,,端点最大距离且全时段按遮挡计损仍满足双向预算
T008,巡航,446.4702482496313,464.97927068987667,直连,,489,PASS,worst_obstruction_endpoint_distance,13.436577431180993,842.286590702294,True,,端点最大距离且全时段按遮挡计损仍满足双向预算
T008,巡航,464.97927068987667,483.488293130122,直连,,490,PASS,worst_obstruction_endpoint_distance,10.980093890191213,1117.5940057971984,True,,端点最大距离且全时段按遮挡计损仍满足双向预算
T008,巡航,483.488293130122,501.99731557036733,直连,,491,PASS,worst_obstruction_endpoint_distance,9.06160871006314,1393.8252340138579,True,,端点最大距离且全时段按遮挡计损仍满足双向预算
T008,巡航,501.99731557036733,520.5063380106127,直连,,492,PASS,worst_obstruction_endpoint_distance,7.488730846575692,1670.5220634325021,True,,端点最大距离且全时段按遮挡计损仍满足双向预算
T008,巡航,520.5063380106127,539.015360450858,直连,,493,PASS,worst_obstruction_endpoint_distance,6.156288066488344,1947.4860477341674,True,,端点最大距离且全时段按遮挡计损仍满足双向预算
T008,巡航,539.015360450858,557.5243828911033,直连,,494,PASS,worst_obstruction_endpoint_distance,5.000668542679023,2224.6174071251694,True,,端点最大距离且全时段按遮挡计损仍满足双向预算
T008,巡航,557.5243828911033,576.0334053313486,直连,,495,PASS,worst_obstruction_endpoint_distance,3.9805132818098343,2501.8605217539953,True,,端点最大距离且全时段按遮挡计损仍满足双向预算
T008,巡航,576.0334053313486,594.542427771594,直连,,496,PASS,worst_obstruction_endpoint_distance,3.067435566266326,2779.1819466890624,True,,端点最大距离且全时段按遮挡计损仍满足双向预算
T008,巡航,594.542427771594,613.0514502118393,直连,,497,PASS,worst_obstruction_endpoint_distance,2.2411156161546586,3056.5603667445057,True,,端点最大距离且全时段按遮挡计损仍满足双向预算
T008,下降,613.0514502118393,630.8627722333238,直连,,498,PASS,worst_obstruction_endpoint_distance,2.2411156161546586,3056.5603667445057,True,,端点最大距离且全时段按遮挡计损仍满足双向预算
T008,下降,630.8627722333238,648.6740942548081,直连,,499,PASS,worst_obstruction_endpoint_distance,2.2453855868061083,3055.0581354130627,True,,端点最大距离且全时段按遮挡计损仍满足双向预算
T008,投送,648.6740942548081,667.7650033457172,直连,,500,PASS,exact_point,2.2478131175972464,3054.2044276465326,,,独立计算 DEM 遮挡、自由空间损耗与双向预算
T008,投送,667.7650033457172,686.8559124366262,直连,,501,PASS,exact_point,2.2478131175972464,3054.2044276465326,,,独立计算 DEM 遮挡、自由空间损耗与双向预算
T008,投送,686.8559124366262,705.9468215275353,直连,,502,PASS,exact_point,2.2478131175972464,3054.2044276465326,,,独立计算 DEM 遮挡、自由空间损耗与双向预算
T008,投送,705.9468215275353,725.0377306184445,直连,,503,PASS,exact_point,2.2478131175972464,3054.2044276465326,,,独立计算 DEM 遮挡、自由空间损耗与双向预算
T008,投送,725.0377306184445,744.1286397093536,直连,,504,PASS,exact_point,2.2478131175972464,3054.2044276465326,,,独立计算 DEM 遮挡、自由空间损耗与双向预算
T008,投送,744.1286397093536,763.2195488002626,直连,,505,PASS,exact_point,2.2478131175972464,3054.2044276465326,,,独立计算 DEM 遮挡、自由空间损耗与双向预算
T008,投送,763.2195488002626,782.3104578911717,直连,,506,PASS,exact_point,2.2478131175972464,3054.2044276465326,,,独立计算 DEM 遮挡、自由空间损耗与双向预算
T008,投送,782.3104578911717,801.4013669820808,直连,,507,PASS,exact_point,2.2478131175972464,3054.2044276465326,,,独立计算 DEM 遮挡、自由空间损耗与双向预算
T008,投送,801.4013669820808,820.4922760729899,直连,,508,PASS,exact_point,2.2478131175972464,3054.2044276465326,,,独立计算 DEM 遮挡、自由空间损耗与双向预算
T008,投送,820.4922760729899,839.583185163899,直连,,509,PASS,exact_point,2.2478131175972464,3054.2044276465326,,,独立计算 DEM 遮挡、自由空间损耗与双向预算
T008,投送,839.583185163899,858.6740942548081,直连,,510,PASS,exact_point,2.2478131175972464,3054.2044276465326,,,独立计算 DEM 遮挡、自由空间损耗与双向预算
T008,爬升,858.6740942548081,873.5168626060452,直连,,511,PASS,worst_obstruction_endpoint_distance,2.2453855868061083,3055.0581354130627,True,,端点最大距离且全时段按遮挡计损仍满足双向预算
T008,爬升,873.5168626060452,888.3596309572821,直连,,512,PASS,worst_obstruction_endpoint_distance,2.2411156161546586,3056.5603667445057,True,,端点最大距离且全时段按遮挡计损仍满足双向预算
T008,巡航,888.3596309572821,906.8686533975274,直连,,513,PASS,worst_obstruction_endpoint_distance,2.2411156161546586,3056.5603667445057,True,,端点最大距离且全时段按遮挡计损仍满足双向预算
T008,巡航,906.8686533975274,925.3776758377727,直连,,514,PASS,worst_obstruction_endpoint_distance,3.067435566266326,2779.1819466890624,True,,端点最大距离且全时段按遮挡计损仍满足双向预算
T008,巡航,925.3776758377727,943.8866982780181,直连,,515,PASS,worst_obstruction_endpoint_distance,3.9805132818098343,2501.8605217539953,True,,端点最大距离且全时段按遮挡计损仍满足双向预算
T008,巡航,943.8866982780181,962.3957207182634,直连,,516,PASS,worst_obstruction_endpoint_distance,5.000668542679023,2224.6174071251694,True,,端点最大距离且全时段按遮挡计损仍满足双向预算
T008,巡航,962.3957207182634,980.9047431585087,直连,,517,PASS,worst_obstruction_endpoint_distance,6.156288066488344,1947.4860477341674,True,,端点最大距离且全时段按遮挡计损仍满足双向预算
T008,巡航,980.9047431585087,999.413765598754,直连,,518,PASS,worst_obstruction_endpoint_distance,7.488730846575692,1670.5220634325021,True,,端点最大距离且全时段按遮挡计损仍满足双向预算
T008,巡航,999.413765598754,1017.9227880389993,直连,,519,PASS,worst_obstruction_endpoint_distance,9.06160871006314,1393.8252340138579,True,,端点最大距离且全时段按遮挡计损仍满足双向预算
T008,巡航,1017.9227880389993,1036.4318104792446,直连,,520,PASS,worst_obstruction_endpoint_distance,10.980093890191213,1117.5940057971984,True,,端点最大距离且全时段按遮挡计损仍满足双向预算
T008,巡航,1036.4318104792446,1054.94083291949,直连,,521,PASS,worst_obstruction_endpoint_distance,13.436577431180993,842.286590702294,True,,端点最大距离且全时段按遮挡计损仍满足双向预算
T008,巡航,1054.94083291949,1073.4498553597352,直连,,522,PASS,worst_obstruction_endpoint_distance,16.83979160829456,569.2449386880037,True,,端点最大距离且全时段按遮挡计损仍满足双向预算
T008,巡航,1073.4498553597352,1091.9588777999807,直连,,523,PASS,worst_obstruction_endpoint_distance,22.2704985239005,304.6238004959094,True,,端点最大距离且全时段按遮挡计损仍满足双向预算
T008,下降,1091.9588777999807,1111.3397591476369,直连,,524,PASS,worst_obstruction_endpoint_distance,29.982830377148545,125.356610107422,True,,端点最大距离且全时段按遮挡计损仍满足双向预算
T008,下降,1111.3397591476369,1130.7206404952933,直连,,525,PASS,worst_obstruction_endpoint_distance,34.226750640926426,76.90440673828152,True,,端点最大距离且全时段按遮挡计损仍满足双向预算
T008,下降,1130.7206404952933,1150.1015218429495,直连,,526,PASS,worst_obstruction_endpoint_distance,42.86345708049143,28.452203369140477,True,,端点最大距离且全时段按遮挡计损仍满足双向预算
T009,爬升,1511.0,1527.1507344563802,直连,,527,PASS,worst_obstruction_endpoint_distance,42.86345708049137,28.452203369140676,True,,端点最大距离且全时段按遮挡计损仍满足双向预算
T009,爬升,1527.1507344563802,1543.3014689127604,直连,,528,PASS,worst_obstruction_endpoint_distance,34.22675064092644,76.90440673828135,True,,端点最大距离且全时段按遮挡计损仍满足双向预算
T009,爬升,1543.3014689127604,1559.4522033691405,直连,,529,PASS,worst_obstruction_endpoint_distance,29.982830377148545,125.356610107422,True,,端点最大距离且全时段按遮挡计损仍满足双向预算
T009,巡航,1559.4522033691405,1577.961225809386,直连,,530,PASS,worst_obstruction_endpoint_distance,22.2704985239005,304.6238004959094,True,,端点最大距离且全时段按遮挡计损仍满足双向预算
T009,巡航,1577.961225809386,1596.4702482496314,直连,,531,PASS,worst_obstruction_endpoint_distance,16.83979160829456,569.2449386880037,True,,端点最大距离且全时段按遮挡计损仍满足双向预算
T009,巡航,1596.4702482496314,1614.9792706898766,直连,,532,PASS,worst_obstruction_endpoint_distance,13.436577431180993,842.286590702294,True,,端点最大距离且全时段按遮挡计损仍满足双向预算
T009,巡航,1614.9792706898766,1633.488293130122,直连,,533,PASS,worst_obstruction_endpoint_distance,10.980093890191213,1117.5940057971984,True,,端点最大距离且全时段按遮挡计损仍满足双向预算
T009,巡航,1633.488293130122,1651.9973155703674,直连,,534,PASS,worst_obstruction_endpoint_distance,9.06160871006314,1393.8252340138579,True,,端点最大距离且全时段按遮挡计损仍满足双向预算
T009,巡航,1651.9973155703674,1670.5063380106126,直连,,535,PASS,worst_obstruction_endpoint_distance,7.488730846575692,1670.5220634325021,True,,端点最大距离且全时段按遮挡计损仍满足双向预算
T009,巡航,1670.5063380106126,1689.015360450858,直连,,536,PASS,worst_obstruction_endpoint_distance,6.156288066488344,1947.4860477341674,True,,端点最大距离且全时段按遮挡计损仍满足双向预算
T009,巡航,1689.015360450858,1707.5243828911034,直连,,537,PASS,worst_obstruction_endpoint_distance,5.000668542679023,2224.6174071251694,True,,端点最大距离且全时段按遮挡计损仍满足双向预算
T009,巡航,1707.5243828911034,1726.0334053313486,直连,,538,PASS,worst_obstruction_endpoint_distance,3.9805132818098343,2501.8605217539953,True,,端点最大距离且全时段按遮挡计损仍满足双向预算
T009,巡航,1726.0334053313486,1744.542427771594,直连,,539,PASS,worst_obstruction_endpoint_distance,3.067435566266326,2779.1819466890624,True,,端点最大距离且全时段按遮挡计损仍满足双向预算
T009,巡航,1744.542427771594,1763.0514502118394,直连,,540,PASS,worst_obstruction_endpoint_distance,2.2411156161546586,3056.5603667445057,True,,端点最大距离且全时段按遮挡计损仍满足双向预算
T009,下降,1763.0514502118394,1780.8627722333238,直连,,541,PASS,worst_obstruction_endpoint_distance,2.2411156161546586,3056.5603667445057,True,,端点最大距离且全时段按遮挡计损仍满足双向预算
T009,下降,1780.8627722333238,1798.674094254808,直连,,542,PASS,worst_obstruction_endpoint_distance,2.2453855868061083,3055.0581354130627,True,,端点最大距离且全时段按遮挡计损仍满足双向预算
T009,投送,1798.674094254808,1817.765003345717,直连,,543,PASS,exact_point,2.2478131175972464,3054.2044276465326,,,独立计算 DEM 遮挡、自由空间损耗与双向预算
T009,投送,1817.765003345717,1836.855912436626,直连,,544,PASS,exact_point,2.2478131175972464,3054.2044276465326,,,独立计算 DEM 遮挡、自由空间损耗与双向预算
T009,投送,1836.855912436626,1855.9468215275353,直连,,545,PASS,exact_point,2.2478131175972464,3054.2044276465326,,,独立计算 DEM 遮挡、自由空间损耗与双向预算
T009,投送,1855.9468215275353,1875.0377306184446,直连,,546,PASS,exact_point,2.2478131175972464,3054.2044276465326,,,独立计算 DEM 遮挡、自由空间损耗与双向预算
T009,投送,1875.0377306184446,1894.1286397093536,直连,,547,PASS,exact_point,2.2478131175972464,3054.2044276465326,,,独立计算 DEM 遮挡、自由空间损耗与双向预算
T009,投送,1894.1286397093536,1913.2195488002626,直连,,548,PASS,exact_point,2.2478131175972464,3054.2044276465326,,,独立计算 DEM 遮挡、自由空间损耗与双向预算
T009,投送,1913.2195488002626,1932.3104578911716,直连,,549,PASS,exact_point,2.2478131175972464,3054.2044276465326,,,独立计算 DEM 遮挡、自由空间损耗与双向预算
T009,投送,1932.3104578911716,1951.4013669820808,直连,,550,PASS,exact_point,2.2478131175972464,3054.2044276465326,,,独立计算 DEM 遮挡、自由空间损耗与双向预算
T009,投送,1951.4013669820808,1970.4922760729899,直连,,551,PASS,exact_point,2.2478131175972464,3054.2044276465326,,,独立计算 DEM 遮挡、自由空间损耗与双向预算
T009,投送,1970.4922760729899,1989.583185163899,直连,,552,PASS,exact_point,2.2478131175972464,3054.2044276465326,,,独立计算 DEM 遮挡、自由空间损耗与双向预算
T009,投送,1989.583185163899,2008.674094254808,直连,,553,PASS,exact_point,2.2478131175972464,3054.2044276465326,,,独立计算 DEM 遮挡、自由空间损耗与双向预算
T009,爬升,2008.674094254808,2023.5168626060452,直连,,554,PASS,worst_obstruction_endpoint_distance,2.2453855868061083,3055.0581354130627,True,,端点最大距离且全时段按遮挡计损仍满足双向预算
T009,爬升,2023.5168626060452,2038.3596309572822,直连,,555,PASS,worst_obstruction_endpoint_distance,2.2411156161546586,3056.5603667445057,True,,端点最大距离且全时段按遮挡计损仍满足双向预算
T009,巡航,2038.3596309572822,2056.8686533975274,直连,,556,PASS,worst_obstruction_endpoint_distance,2.2411156161546586,3056.5603667445057,True,,端点最大距离且全时段按遮挡计损仍满足双向预算
T009,巡航,2056.8686533975274,2075.3776758377726,直连,,557,PASS,worst_obstruction_endpoint_distance,3.067435566266326,2779.1819466890624,True,,端点最大距离且全时段按遮挡计损仍满足双向预算
T009,巡航,2075.3776758377726,2093.8866982780182,直连,,558,PASS,worst_obstruction_endpoint_distance,3.9805132818098343,2501.8605217539953,True,,端点最大距离且全时段按遮挡计损仍满足双向预算
T009,巡航,2093.8866982780182,2112.3957207182634,直连,,559,PASS,worst_obstruction_endpoint_distance,5.000668542679023,2224.6174071251694,True,,端点最大距离且全时段按遮挡计损仍满足双向预算
T009,巡航,2112.3957207182634,2130.9047431585086,直连,,560,PASS,worst_obstruction_endpoint_distance,6.156288066488344,1947.4860477341674,True,,端点最大距离且全时段按遮挡计损仍满足双向预算
T009,巡航,2130.9047431585086,2149.4137655987543,直连,,561,PASS,worst_obstruction_endpoint_distance,7.488730846575692,1670.5220634325021,True,,端点最大距离且全时段按遮挡计损仍满足双向预算
T009,巡航,2149.4137655987543,2167.9227880389994,直连,,562,PASS,worst_obstruction_endpoint_distance,9.06160871006314,1393.8252340138579,True,,端点最大距离且全时段按遮挡计损仍满足双向预算
T009,巡航,2167.9227880389994,2186.4318104792446,直连,,563,PASS,worst_obstruction_endpoint_distance,10.980093890191213,1117.5940057971984,True,,端点最大距离且全时段按遮挡计损仍满足双向预算
T009,巡航,2186.4318104792446,2204.9408329194903,直连,,564,PASS,worst_obstruction_endpoint_distance,13.436577431180993,842.286590702294,True,,端点最大距离且全时段按遮挡计损仍满足双向预算
T009,巡航,2204.9408329194903,2223.449855359735,直连,,565,PASS,worst_obstruction_endpoint_distance,16.83979160829456,569.2449386880037,True,,端点最大距离且全时段按遮挡计损仍满足双向预算
T009,巡航,2223.449855359735,2241.9588777999807,直连,,566,PASS,worst_obstruction_endpoint_distance,22.2704985239005,304.6238004959094,True,,端点最大距离且全时段按遮挡计损仍满足双向预算
T009,下降,2241.9588777999807,2261.339759147637,直连,,567,PASS,worst_obstruction_endpoint_distance,29.982830377148545,125.356610107422,True,,端点最大距离且全时段按遮挡计损仍满足双向预算
T009,下降,2261.339759147637,2280.720640495293,直连,,568,PASS,worst_obstruction_endpoint_distance,34.22675064092644,76.90440673828135,True,,端点最大距离且全时段按遮挡计损仍满足双向预算
T009,下降,2280.720640495293,2300.1015218429493,直连,,569,PASS,worst_obstruction_endpoint_distance,42.86345708049137,28.452203369140676,True,,端点最大距离且全时段按遮挡计损仍满足双向预算
T010,爬升,1644.0,1660.1507344563802,直连,,570,PASS,worst_obstruction_endpoint_distance,42.86345708049137,28.452203369140676,True,,端点最大距离且全时段按遮挡计损仍满足双向预算
T010,爬升,1660.1507344563802,1676.3014689127604,直连,,571,PASS,worst_obstruction_endpoint_distance,34.22675064092644,76.90440673828135,True,,端点最大距离且全时段按遮挡计损仍满足双向预算
T010,爬升,1676.3014689127604,1692.4522033691405,直连,,572,PASS,worst_obstruction_endpoint_distance,29.982830377148545,125.356610107422,True,,端点最大距离且全时段按遮挡计损仍满足双向预算
T010,巡航,1692.4522033691405,1712.0290540270923,直连,,573,PASS,worst_obstruction_endpoint_distance,23.439145992925262,266.2756531493173,True,,端点最大距离且全时段按遮挡计损仍满足双向预算
T010,巡航,1712.0290540270923,1731.6059046850442,直连,,574,PASS,worst_obstruction_endpoint_distance,18.208050378198536,486.2798111658891,True,,端点最大距离且全时段按遮挡计损仍满足双向预算
T010,巡航,1731.6059046850442,1751.182755342996,直连,,575,PASS,worst_obstruction_endpoint_distance,14.849596880380076,715.82838275658,True,,端点最大距离且全时段按遮挡计损仍满足双向预算
T010,巡航,1751.182755342996,1770.7596060009478,直连,,576,PASS,worst_obstruction_endpoint_distance,12.409485773578538,948.0133859272303,True,,端点最大距离且全时段按遮挡计损仍满足双向预算
T010,巡航,1770.7596060009478,1790.3364566588996,直连,,577,PASS,worst_obstruction_endpoint_distance,10.498709008550065,1181.281242448014,True,,端点最大距离且全时段按遮挡计损仍满足双向预算
T010,巡航,1790.3364566588996,1809.9133073168514,直连,,578,PASS,worst_obstruction_endpoint_distance,8.930053702377293,1415.0965532947675,True,,端点最大距离且全时段按遮挡计损仍满足双向预算
T010,巡航,1809.9133073168514,1829.4901579748032,直连,,579,PASS,worst_obstruction_endpoint_distance,7.600169114693159,1649.2264926496591,True,,端点最大距离且全时段按遮挡计损仍满足双向预算
T010,巡航,1829.4901579748032,1849.067008632755,直连,,580,PASS,worst_obstruction_endpoint_distance,6.446214866248994,1883.5537370869965,True,,端点最大距离且全时段按遮挡计损仍满足双向预算
T010,巡航,1849.067008632755,1868.6438592907068,直连,,581,PASS,worst_obstruction_endpoint_distance,5.427203554487448,2118.012800824474,True,,端点最大距离且全时段按遮挡计损仍满足双向预算
T010,巡航,1868.6438592907068,1888.2207099486586,直连,,582,PASS,worst_obstruction_endpoint_distance,4.514945220631574,2352.5642724361696,True,,端点最大距离且全时段按遮挡计损仍满足双向预算
T010,巡航,1888.2207099486586,1907.7975606066102,直连,,583,PASS,worst_obstruction_endpoint_distance,3.6892321235043113,2587.183019222811,True,,端点最大距离且全时段按遮挡计损仍满足双向预算
T010,巡航,1907.7975606066102,1927.3744112645622,直连,,584,PASS,worst_obstruction_endpoint_distance,2.935089718870202,2821.852260748545,True,,端点最大距离且全时段按遮挡计损仍满足双向预算
T010,巡航,1927.3744112645622,1946.9512619225138,直连,,585,PASS,worst_obstruction_endpoint_distance,2.2411156161546586,3056.5603667445057,True,,端点最大距离且全时段按遮挡计损仍满足双向预算
T010,下降,1946.9512619225138,1964.7625839439984,直连,,586,PASS,worst_obstruction_endpoint_distance,2.2411156161546586,3056.5603667445057,True,,端点最大距离且全时段按遮挡计损仍满足双向预算
T010,下降,1964.7625839439984,1982.5739059654827,直连,,587,PASS,worst_obstruction_endpoint_distance,2.2453855868061083,3055.0581354130627,True,,端点最大距离且全时段按遮挡计损仍满足双向预算
T010,投送,1982.5739059654827,2002.5739059654827,直连,,588,PASS,exact_point,2.2478131175972464,3054.2044276465326,,,独立计算 DEM 遮挡、自由空间损耗与双向预算
T010,投送,2002.5739059654827,2022.5739059654827,直连,,589,PASS,exact_point,2.2478131175972464,3054.2044276465326,,,独立计算 DEM 遮挡、自由空间损耗与双向预算
T010,投送,2022.5739059654827,2042.5739059654827,直连,,590,PASS,exact_point,2.2478131175972464,3054.2044276465326,,,独立计算 DEM 遮挡、自由空间损耗与双向预算
T010,投送,2042.5739059654827,2062.5739059654825,直连,,591,PASS,exact_point,2.2478131175972464,3054.2044276465326,,,独立计算 DEM 遮挡、自由空间损耗与双向预算
T010,投送,2062.5739059654825,2082.5739059654825,直连,,592,PASS,exact_point,2.2478131175972464,3054.2044276465326,,,独立计算 DEM 遮挡、自由空间损耗与双向预算
T010,投送,2082.5739059654825,2102.5739059654825,直连,,593,PASS,exact_point,2.2478131175972464,3054.2044276465326,,,独立计算 DEM 遮挡、自由空间损耗与双向预算
T010,投送,2102.5739059654825,2122.5739059654825,直连,,594,PASS,exact_point,2.2478131175972464,3054.2044276465326,,,独立计算 DEM 遮挡、自由空间损耗与双向预算
T010,投送,2122.5739059654825,2142.5739059654825,直连,,595,PASS,exact_point,2.2478131175972464,3054.2044276465326,,,独立计算 DEM 遮挡、自由空间损耗与双向预算
T010,投送,2142.5739059654825,2162.5739059654825,直连,,596,PASS,exact_point,2.2478131175972464,3054.2044276465326,,,独立计算 DEM 遮挡、自由空间损耗与双向预算
T010,投送,2162.5739059654825,2182.5739059654825,直连,,597,PASS,exact_point,2.2478131175972464,3054.2044276465326,,,独立计算 DEM 遮挡、自由空间损耗与双向预算
T010,投送,2182.5739059654825,2202.5739059654825,直连,,598,PASS,exact_point,2.2478131175972464,3054.2044276465326,,,独立计算 DEM 遮挡、自由空间损耗与双向预算
T010,投送,2202.5739059654825,2222.5739059654825,直连,,599,PASS,exact_point,2.2478131175972464,3054.2044276465326,,,独立计算 DEM 遮挡、自由空间损耗与双向预算
T010,爬升,2222.5739059654825,2237.4166743167198,直连,,600,PASS,worst_obstruction_endpoint_distance,2.2453855868061083,3055.0581354130627,True,,端点最大距离且全时段按遮挡计损仍满足双向预算
T010,爬升,2237.4166743167198,2252.2594426679566,直连,,601,PASS,worst_obstruction_endpoint_distance,2.2411156161546586,3056.5603667445057,True,,端点最大距离且全时段按遮挡计损仍满足双向预算
T010,巡航,2252.2594426679566,2271.8362933259086,直连,,602,PASS,worst_obstruction_endpoint_distance,2.2411156161546586,3056.5603667445057,True,,端点最大距离且全时段按遮挡计损仍满足双向预算
T010,巡航,2271.8362933259086,2291.41314398386,直连,,603,PASS,worst_obstruction_endpoint_distance,2.935089718870202,2821.852260748545,True,,端点最大距离且全时段按遮挡计损仍满足双向预算
T010,巡航,2291.41314398386,2310.989994641812,直连,,604,PASS,worst_obstruction_endpoint_distance,3.6892321235043113,2587.183019222811,True,,端点最大距离且全时段按遮挡计损仍满足双向预算
T010,巡航,2310.989994641812,2330.566845299764,直连,,605,PASS,worst_obstruction_endpoint_distance,4.514945220631574,2352.5642724361696,True,,端点最大距离且全时段按遮挡计损仍满足双向预算
T010,巡航,2330.566845299764,2350.143695957716,直连,,606,PASS,worst_obstruction_endpoint_distance,5.427203554487448,2118.012800824474,True,,端点最大距离且全时段按遮挡计损仍满足双向预算
T010,巡航,2350.143695957716,2369.7205466156674,直连,,607,PASS,worst_obstruction_endpoint_distance,6.446214866248994,1883.5537370869965,True,,端点最大距离且全时段按遮挡计损仍满足双向预算
T010,巡航,2369.7205466156674,2389.297397273619,直连,,608,PASS,worst_obstruction_endpoint_distance,7.600169114693159,1649.2264926496591,True,,端点最大距离且全时段按遮挡计损仍满足双向预算
T010,巡航,2389.297397273619,2408.874247931571,直连,,609,PASS,worst_obstruction_endpoint_distance,8.930053702377293,1415.0965532947675,True,,端点最大距离且全时段按遮挡计损仍满足双向预算
T010,巡航,2408.874247931571,2428.451098589523,直连,,610,PASS,worst_obstruction_endpoint_distance,10.498709008550065,1181.281242448014,True,,端点最大距离且全时段按遮挡计损仍满足双向预算
T010,巡航,2428.451098589523,2448.0279492474747,直连,,611,PASS,worst_obstruction_endpoint_distance,12.409485773578538,948.0133859272303,True,,端点最大距离且全时段按遮挡计损仍满足双向预算
T010,巡航,2448.0279492474747,2467.6047999054263,直连,,612,PASS,worst_obstruction_endpoint_distance,14.849596880380076,715.82838275658,True,,端点最大距离且全时段按遮挡计损仍满足双向预算
T010,巡航,2467.6047999054263,2487.1816505633783,直连,,613,PASS,worst_obstruction_endpoint_distance,18.208050378198536,486.2798111658891,True,,端点最大距离且全时段按遮挡计损仍满足双向预算
T010,巡航,2487.1816505633783,2506.7585012213303,直连,,614,PASS,worst_obstruction_endpoint_distance,23.439145992925262,266.2756531493173,True,,端点最大距离且全时段按遮挡计损仍满足双向预算
T010,下降,2506.7585012213303,2526.1393825689865,直连,,615,PASS,worst_obstruction_endpoint_distance,29.982830377148545,125.356610107422,True,,端点最大距离且全时段按遮挡计损仍满足双向预算
T010,下降,2526.1393825689865,2545.5202639166428,直连,,616,PASS,worst_obstruction_endpoint_distance,34.22675064092644,76.90440673828135,True,,端点最大距离且全时段按遮挡计损仍满足双向预算
T010,下降,2545.5202639166428,2564.901145264299,直连,,617,PASS,worst_obstruction_endpoint_distance,42.86345708049137,28.452203369140676,True,,端点最大距离且全时段按遮挡计损仍满足双向预算
T011,爬升,1704.0,1723.8664866129557,直连,,618,PASS,worst_obstruction_endpoint_distance,39.99198992735835,39.59945983886692,True,,端点最大距离且全时段按遮挡计损仍满足双向预算
T011,爬升,1723.8664866129557,1743.7329732259116,直连,,619,PASS,worst_obstruction_endpoint_distance,32.015636315537805,99.19891967773452,True,,端点最大距离且全时段按遮挡计损仍满足双向预算
T011,爬升,1743.7329732259116,1763.5994598388672,直连,,620,PASS,worst_obstruction_endpoint_distance,27.928853840040645,158.79837951660141,True,,端点最大距离且全时段按遮挡计损仍满足双向预算
T011,爬升,1763.5994598388672,1783.4659464518231,直连,,621,PASS,worst_obstruction_endpoint_distance,25.160808415575318,218.397839355469,True,,端点最大距离且全时段按遮挡计损仍满足双向预算
T011,巡航,1783.4659464518231,1802.4317239116679,直连,,622,PASS,worst_obstruction_endpoint_distance,21.96778359151216,315.4275180539318,True,,端点最大距离且全时段按遮挡计损仍满足双向预算
T011,巡航,1802.4317239116679,1821.3975013715126,直连,,623,PASS,worst_obstruction_endpoint_distance,17.882328503398824,504.86159279270055,True,,端点最大距离且全时段按遮挡计损仍满足双向预算
T011,巡航,1821.3975013715126,1840.3632788313573,直连,,624,PASS,worst_obstruction_endpoint_distance,14.837244701752255,716.8470844118597,True,,端点最大距离且全时段按遮挡计损仍满足双向预算
T011,巡航,1840.3632788313573,1859.329056291202,直连,,625,PASS,worst_obstruction_endpoint_distance,12.51851331122657,936.1880488467178,True,,端点最大距离且全时段按遮挡计损仍满足双向预算
T011,巡航,1859.329056291202,1878.2948337510468,直连,,626,PASS,worst_obstruction_endpoint_distance,10.666243431867713,1158.7148868457655,True,,端点最大距离且全时段按遮挡计损仍满足双向预算
T011,巡航,1878.2948337510468,1897.2606112108915,直连,,627,PASS,worst_obstruction_endpoint_distance,9.130019333983796,1382.890494946619,True,,端点最大距离且全时段按遮挡计损仍满足双向预算
T011,巡航,1897.2606112108915,1916.2263886707365,直连,,628,PASS,worst_obstruction_endpoint_distance,7.81991678755827,1608.0254534211506,True,,端点最大距离且全时段按遮挡计损仍满足双向预算
T011,巡航,1916.2263886707365,1935.192166130581,直连,,629,PASS,worst_obstruction_endpoint_distance,6.678894698588763,1833.7664525528055,True,,端点最大距离且全时段按遮挡计损仍满足双向预算
T011,巡航,1935.192166130581,1954.157943590426,直连,,630,PASS,worst_obstruction_endpoint_distance,5.6687922911599316,2059.914258406628,True,,端点最大距离且全时段按遮挡计损仍满足双向预算
T011,巡航,1954.157943590426,1973.1237210502707,直连,,631,PASS,worst_obstruction_endpoint_distance,4.7629278771622126,2286.3481596831593,True,,端点最大距离且全时段按遮挡计损仍满足双向预算
T011,巡航,1973.1237210502707,1992.0894985101154,直连,,632,PASS,worst_obstruction_endpoint_distance,3.9419571187510485,2512.9908213933977,True,,端点最大距离且全时段按遮挡计损仍满足双向预算
T011,巡航,1992.0894985101154,2011.0552759699601,直连,,633,PASS,worst_obstruction_endpoint_distance,3.191428258256792,2739.790436392799,True,,端点最大距离且全时段按遮挡计损仍满足双向预算
T011,巡航,2011.0552759699601,2030.0210534298049,直连,,634,PASS,worst_obstruction_endpoint_distance,2.500270302895842,2966.711008526461,True,,端点最大距离且全时段按遮挡计损仍满足双向预算
T011,巡航,2030.0210534298049,2048.98683088965,直连,,635,PASS,worst_obstruction_endpoint_distance,1.8598200342751454,3193.726755171166,True,,端点最大距离且全时段按遮挡计损仍满足双向预算
T011,下降,2048.98683088965,2059.2463987607434,直连,,636,PASS,worst_obstruction_endpoint_distance,1.8598200342751454,3193.726755171166,True,,端点最大距离且全时段按遮挡计损仍满足双向预算
T011,下降,2059.2463987607434,2069.505966631837,直连,,637,PASS,worst_obstruction_endpoint_distance,1.8643124438889203,3192.075361970319,True,,端点最大距离且全时段按遮挡计损仍满足双向预算
T011,投送,2069.505966631837,2089.505966631837,直连,,638,PASS,exact_point,1.8682481629573715,3190.6293079047914,,,独立计算 DEM 遮挡、自由空间损耗与双向预算
T011,投送,2089.505966631837,2109.505966631837,直连,,639,PASS,exact_point,1.8682481629573715,3190.6293079047914,,,独立计算 DEM 遮挡、自由空间损耗与双向预算
T011,投送,2109.505966631837,2129.505966631837,直连,,640,PASS,exact_point,1.8682481629573715,3190.6293079047914,,,独立计算 DEM 遮挡、自由空间损耗与双向预算
T011,投送,2129.505966631837,2149.505966631837,直连,,641,PASS,exact_point,1.8682481629573715,3190.6293079047914,,,独立计算 DEM 遮挡、自由空间损耗与双向预算
T011,投送,2149.505966631837,2169.505966631837,直连,,642,PASS,exact_point,1.8682481629573715,3190.6293079047914,,,独立计算 DEM 遮挡、自由空间损耗与双向预算
T011,投送,2169.505966631837,2189.505966631837,直连,,643,PASS,exact_point,1.8682481629573715,3190.6293079047914,,,独立计算 DEM 遮挡、自由空间损耗与双向预算
T011,投送,2189.505966631837,2209.505966631837,直连,,644,PASS,exact_point,1.8682481629573715,3190.6293079047914,,,独立计算 DEM 遮挡、自由空间损耗与双向预算
T011,投送,2209.505966631837,2229.505966631837,直连,,645,PASS,exact_point,1.8682481629573715,3190.6293079047914,,,独立计算 DEM 遮挡、自由空间损耗与双向预算
T011,投送,2229.505966631837,2249.505966631837,直连,,646,PASS,exact_point,1.8682481629573715,3190.6293079047914,,,独立计算 DEM 遮挡、自由空间损耗与双向预算
T011,爬升,2249.505966631837,2268.9634405901706,直连,,647,PASS,worst_obstruction_endpoint_distance,1.8584831961582324,3194.2183368528813,True,,端点最大距离且全时段按遮挡计损仍满足双向预算
T011,爬升,2268.9634405901706,2288.420914548504,直连,,648,PASS,worst_obstruction_endpoint_distance,1.8458469156374662,3198.868685298675,True,,端点最大距离且全时段按遮挡计损仍满足双向预算
T011,爬升,2288.420914548504,2307.878388506837,直连,,649,PASS,worst_obstruction_endpoint_distance,1.8303643738107525,3204.5757328159466,True,,端点最大距离且全时段按遮挡计损仍满足双向预算
T011,爬升,2307.878388506837,2327.33586246517,直连,,650,PASS,worst_obstruction_endpoint_distance,1.8120660349091935,3211.3338456461292,True,,端点最大距离且全时段按遮挡计损仍满足双向预算
T011,爬升,2327.33586246517,2346.7933364235037,直连,,651,PASS,worst_obstruction_endpoint_distance,1.7909875780036515,3219.1364041157,True,,端点最大距离且全时段按遮挡计损仍满足双向预算
T011,巡航,2346.7933364235037,2366.693330981787,直连,,652,PASS,worst_obstruction_endpoint_distance,1.7909875780036515,3219.1364041157,True,,端点最大距离且全时段按遮挡计损仍满足双向预算
T011,巡航,2366.693330981787,2386.5933255400705,直连,,653,PASS,worst_obstruction_endpoint_distance,2.451471947943375,2983.4252490647145,True,,端点最大距离且全时段按遮挡计损仍满足双向预算
T011,巡航,2386.5933255400705,2406.493320098354,直连,,654,PASS,worst_obstruction_endpoint_distance,3.164658482826084,2748.2474529844203,True,,端点最大距离且全时段按遮挡计损仍满足双向预算
T011,巡航,2406.493320098354,2426.3933146566374,直连,,655,PASS,worst_obstruction_endpoint_distance,3.9393241025221357,2513.7527178581017,True,,端点最大距离且全时段按遮挡计损仍满足双向预算
T011,巡航,2426.3933146566374,2446.2933092149206,直连,,656,PASS,worst_obstruction_endpoint_distance,4.786499966979449,2280.151794917936,True,,端点最大距离且全时段按遮挡计损仍满足双向预算
T011,巡航,2446.2933092149206,2466.193303773204,直连,,657,PASS,worst_obstruction_endpoint_distance,5.720233942113069,2047.75059683075,True,,端点最大距离且全时段按遮挡计损仍满足双向预算
T011,巡航,2466.193303773204,2486.0932983314874,直连,,658,PASS,worst_obstruction_endpoint_distance,6.758631074484214,1817.0095276026836,True,,端点最大距离且全时段按遮挡计损仍满足双向预算
T011,巡航,2486.0932983314874,2505.9932928897706,直连,,659,PASS,worst_obstruction_endpoint_distance,7.925199034225102,1588.6521197549873,True,,端点最大距离且全时段按遮挡计损仍满足双向预算
T011,巡航,2505.9932928897706,2525.8932874480543,直连,,660,PASS,worst_obstruction_endpoint_distance,9.250276100006928,1363.876207516679,True,,端点最大距离且全时段按遮挡计损仍满足双向预算
T011,巡航,2525.8932874480543,2545.793282006338,直连,,661,PASS,worst_obstruction_endpoint_distance,10.771232991792814,1144.7933782490013,True,,端点最大距离且全时段按遮挡计损仍满足双向预算
T011,巡航,2545.793282006338,2565.693276564621,直连,,662,PASS,worst_obstruction_endpoint_distance,12.525713168987437,935.4123507632577,True,,端点最大距离且全时段按遮挡计损仍满足双向预算
T011,巡航,2565.693276564621,2585.5932711229043,直连,,663,PASS,worst_obstruction_endpoint_distance,14.514665838145788,743.9700737685175,True,,端点最大距离且全时段按遮挡计损仍满足双向预算
T011,巡航,2585.5932711229043,2605.493265681188,直连,,664,PASS,worst_obstruction_endpoint_distance,16.554543596431955,588.2495159288225,True,,端点最大距离且全时段按遮挡计损仍满足双向预算
T011,巡航,2605.493265681188,2625.393260239471,直连,,665,PASS,worst_obstruction_endpoint_distance,17.579665042601277,522.7637999327106,True,,端点最大距离且全时段按遮挡计损仍满足双向预算
T011,巡航,2625.393260239471,2645.2932547977543,直连,,666,PASS,worst_obstruction_endpoint_distance,15.839381471932441,638.7334856746799,True,,端点最大距离且全时段按遮挡计损仍满足双向预算
T011,巡航,2645.2932547977543,2665.193249356038,直连,,667,PASS,worst_obstruction_endpoint_distance,13.771908205559797,810.3886466066763,True,,端点最大距离且全时段按遮挡计损仍满足双向预算
T011,巡航,2665.193249356038,2685.0932439143216,直连,,668,PASS,worst_obstruction_endpoint_distance,11.861775628213664,1009.7177174839215,True,,端点最大距离且全时段按遮挡计损仍满足双向预算
T011,巡航,2685.0932439143216,2704.993238472605,直连,,669,PASS,worst_obstruction_endpoint_distance,10.195353902775125,1223.2664456600037,True,,端点最大距离且全时段按遮挡计损仍满足双向预算
T011,巡航,2704.993238472605,2724.893233030888,直连,,670,PASS,worst_obstruction_endpoint_distance,8.749962757219393,1444.7430715456392,True,,端点最大距离且全时段按遮挡计损仍满足双向预算
T011,巡航,2724.893233030888,2744.7932275891717,直连,,671,PASS,worst_obstruction_endpoint_distance,7.4862553350474315,1670.998236416093,True,,端点最大距离且全时段按遮挡计损仍满足双向预算
T011,巡航,2744.7932275891717,2764.6932221474553,直连,,672,PASS,worst_obstruction_endpoint_distance,6.369213462909983,1900.3258896981006,True,,端点最大距离且全时段按遮挡计损仍满足双向预算
T011,巡航,2764.6932221474553,2784.5932167057385,直连,,673,PASS,worst_obstruction_endpoint_distance,5.371112212369724,2131.734665860917,True,,端点最大距离且全时段按遮挡计损仍满足双向预算
T011,巡航,2784.5932167057385,2804.4932112640217,直连,,674,PASS,worst_obstruction_endpoint_distance,4.4705713296247325,2364.613647476971,True,,端点最大距离且全时段按遮挡计损仍满足双向预算
T011,巡航,2804.4932112640217,2824.3932058223054,直连,,675,PASS,worst_obstruction_endpoint_distance,3.6510948052594756,2598.567593052012,True,,端点最大距离且全时段按遮挡计损仍满足双向预算
T011,巡航,2824.3932058223054,2844.2932003805886,直连,,676,PASS,worst_obstruction_endpoint_distance,2.899831262254608,2833.3302290963334,True,,端点最大距离且全时段按遮挡计损仍满足双向预算
T011,巡航,2844.2932003805886,2864.193194938872,直连,,677,PASS,worst_obstruction_endpoint_distance,2.2066413188742757,3068.7159621227406,True,,端点最大距离且全时段按遮挡计损仍满足双向预算
T011,巡航,2864.193194938872,2884.0931894971554,直连,,678,PASS,worst_obstruction_endpoint_distance,1.5634191547136567,3304.591645406021,True,,端点最大距离且全时段按遮挡计损仍满足双向预算
T011,巡航,2884.0931894971554,2903.993184055439,直连,,679,PASS,worst_obstruction_endpoint_distance,0.9636016062684689,3540.8593656361036,True,,端点最大距离且全时段按遮挡计损仍满足双向预算
T011,巡航,2903.993184055439,2923.8931786137223,直连,,680,PASS,worst_obstruction_endpoint_distance,0.40181088126669806,3777.4455613765435,True,,端点最大距离且全时段按遮挡计损仍满足双向预算
T011,巡航,2923.8931786137223,2943.7931731720055,中继,R003,681,PASS,worst_obstruction_endpoint_distance,2.8770251517205594,1423.7623383340015,True,,端点最大距离且全时段按遮挡计损仍满足双向预算
T011,巡航,2943.7931731720055,2963.693167730289,中继,R003,682,PASS,worst_obstruction_endpoint_distance,3.3111778565168066,1354.3467361243488,True,,端点最大距离且全时段按遮挡计损仍满足双向预算
T011,巡航,2963.693167730289,2983.5931622885723,中继,R003,683,PASS,worst_obstruction_endpoint_distance,3.4155000081955222,1338.17760619106,True,,端点最大距离且全时段按遮挡计损仍满足双向预算
T011,巡航,2983.5931622885723,3003.493156846856,中继,R003,684,PASS,worst_obstruction_endpoint_distance,3.0676959817825633,1392.8487513647,True,,端点最大距离且全时段按遮挡计损仍满足双向预算
T011,巡航,3003.493156846856,3023.393151405139,中继,R003,685,PASS,worst_obstruction_endpoint_distance,2.5148677318123305,1484.3809485000895,True,,端点最大距离且全时段按遮挡计损仍满足双向预算
T011,巡航,3023.393151405139,3043.293145963423,中继,R003,686,PASS,worst_obstruction_endpoint_distance,1.828237094023521,1606.485846183547,True,,端点最大距离且全时段按遮挡计损仍满足双向预算
T011,巡航,3043.293145963423,3063.193140521706,中继,R003,687,PASS,worst_obstruction_endpoint_distance,1.0711989424324173,1752.7856586957892,True,,端点最大距离且全时段按遮挡计损仍满足双向预算
T011,下降,3063.193140521706,3080.2372811467058,中继,R003,688,PASS,worst_obstruction_endpoint_distance,1.0706824142745006,1752.8898955794707,True,,端点最大距离且全时段按遮挡计损仍满足双向预算
T011,下降,3080.2372811467058,3097.281421771706,中继,R003,689,PASS,worst_obstruction_endpoint_distance,1.065037013099726,1754.0295581432324,True,,端点最大距离且全时段按遮挡计损仍满足双向预算
T011,下降,3097.281421771706,3114.325562396706,中继,R003,690,PASS,worst_obstruction_endpoint_distance,1.0542826988238403,1756.2026306142009,True,,端点最大距离且全时段按遮挡计损仍满足双向预算
T011,下降,3114.325562396706,3131.3697030217063,中继,R003,691,PASS,worst_obstruction_endpoint_distance,1.0384573275586746,1759.4052838481798,True,,端点最大距离且全时段按遮挡计损仍满足双向预算
T011,下降,3131.3697030217063,3148.4138436467065,中继,R003,692,PASS,worst_obstruction_endpoint_distance,1.0176162099949408,1763.6319088772775,True,,端点最大距离且全时段按遮挡计损仍满足双向预算
T011,下降,3148.4138436467065,3165.457984271706,中继,R003,693,PASS,worst_obstruction_endpoint_distance,0.9918314733706666,1768.8751655523586,True,,端点最大距离且全时段按遮挡计损仍满足双向预算
T011,投送,3165.457984271706,3185.457984271706,中继,R003,694,PASS,exact_point,0.9918314733706666,1768.8751655523586,,,独立计算 DEM 遮挡、自由空间损耗与双向预算
T011,投送,3185.457984271706,3205.457984271706,中继,R003,695,PASS,exact_point,0.9918314733706666,1768.8751655523586,,,独立计算 DEM 遮挡、自由空间损耗与双向预算
T011,投送,3205.457984271706,3225.457984271706,中继,R003,696,PASS,exact_point,0.9918314733706666,1768.8751655523586,,,独立计算 DEM 遮挡、自由空间损耗与双向预算
T011,投送,3225.457984271706,3245.457984271706,中继,R003,697,PASS,exact_point,0.9918314733706666,1768.8751655523586,,,独立计算 DEM 遮挡、自由空间损耗与双向预算
T011,投送,3245.457984271706,3265.457984271706,中继,R003,698,PASS,exact_point,0.9918314733706666,1768.8751655523586,,,独立计算 DEM 遮挡、自由空间损耗与双向预算
T011,投送,3265.457984271706,3285.457984271706,中继,R003,699,PASS,exact_point,0.9918314733706666,1768.8751655523586,,,独立计算 DEM 遮挡、自由空间损耗与双向预算
T011,投送,3285.457984271706,3305.457984271706,中继,R003,700,PASS,exact_point,0.9918314733706666,1768.8751655523586,,,独立计算 DEM 遮挡、自由空间损耗与双向预算
T011,投送,3305.457984271706,3325.457984271706,中继,R003,701,PASS,exact_point,0.9918314733706666,1768.8751655523586,,,独立计算 DEM 遮挡、自由空间损耗与双向预算
T011,投送,3325.457984271706,3345.457984271706,中继,R003,702,PASS,exact_point,0.9918314733706666,1768.8751655523586,,,独立计算 DEM 遮挡、自由空间损耗与双向预算
T011,爬升,3345.4579842717067,3361.521143451394,中继,R003,703,PASS,worst_obstruction_endpoint_distance,0.9918314733706666,1768.8751655523586,True,,端点最大距离且全时段按遮挡计损仍满足双向预算
T011,爬升,3361.521143451394,3377.5843026310813,中继,R003,704,PASS,worst_obstruction_endpoint_distance,1.0206279905043374,1763.0204860246654,True,,端点最大距离且全时段按遮挡计损仍满足双向预算
T011,爬升,3377.5843026310813,3393.6474618107686,中继,R003,705,PASS,worst_obstruction_endpoint_distance,1.0430887776814899,1758.4673919263862,True,,端点最大距离且全时段按遮挡计损仍满足双向预算
T011,爬升,3393.6474618107686,3409.7106209904564,中继,R003,706,PASS,worst_obstruction_endpoint_distance,1.0591142360136558,1755.2260123087,True,,端点最大距离且全时段按遮挡计损仍满足双向预算
T011,爬升,3409.7106209904564,3425.7737801701437,中继,R003,707,PASS,worst_obstruction_endpoint_distance,1.0686325652298336,1753.3036221923433,True,,端点最大距离且全时段按遮挡计损仍满足双向预算
T011,巡航,3425.7737801701437,3445.4099040650503,中继,R003,708,PASS,worst_obstruction_endpoint_distance,1.071600826356132,1752.7045616393702,True,,端点最大距离且全时段按遮挡计损仍满足双向预算
T011,巡航,3445.4099040650503,3465.046027959957,中继,R003,709,PASS,worst_obstruction_endpoint_distance,1.8553843634241076,1601.4727014364303,True,,端点最大距离且全时段按遮挡计损仍满足双向预算
T011,巡航,3465.046027959957,3484.682151854864,中继,R003,710,PASS,worst_obstruction_endpoint_distance,2.584175640430118,1472.5836569262096,True,,端点最大距离且全时段按遮挡计损仍满足双向预算
T011,巡航,3484.682151854864,3504.3182757497707,中继,R003,711,PASS,worst_obstruction_endpoint_distance,3.196495425185134,1372.3471572420888,True,,端点最大距离且全时段按遮挡计损仍满足双向预算
T011,巡航,3504.3182757497707,3523.9543996446773,中继,R003,712,PASS,worst_obstruction_endpoint_distance,3.617802891321233,1307.3702970013408,True,,端点最大距离且全时段按遮挡计损仍满足双向预算
T011,巡航,3523.9543996446773,3543.590523539584,中继,R003,713,PASS,worst_obstruction_endpoint_distance,3.65634197875049,1301.5823757640605,True,,端点最大距离且全时段按遮挡计损仍满足双向预算
T011,巡航,3543.590523539584,3563.2266474344906,中继,R003,714,PASS,worst_obstruction_endpoint_distance,3.266702482514688,1361.299340639569,True,,端点最大距离且全时段按遮挡计损仍满足双向预算
T011,巡航,3563.2266474344906,3582.8627713293977,直连,,715,PASS,worst_obstruction_endpoint_distance,0.35874972363353663,3796.2191190829435,True,,端点最大距离且全时段按遮挡计损仍满足双向预算
T011,巡航,3582.8627713293977,3602.4988952243043,直连,,716,PASS,worst_obstruction_endpoint_distance,0.911137638147423,3562.3113645267736,True,,端点最大距离且全时段按遮挡计损仍满足双向预算
T011,巡航,3602.4988952243043,3622.135019119211,直连,,717,PASS,worst_obstruction_endpoint_distance,1.500420209250862,3328.6470518406963,True,,端点最大距离且全时段按遮挡计损仍满足双向预算
T011,巡航,3622.135019119211,3641.7711430141176,直连,,718,PASS,worst_obstruction_endpoint_distance,2.131772647054248,3095.28131415617,True,,端点最大距离且全时段按遮挡计损仍满足双向预算
T011,巡航,3641.7711430141176,3661.4072669090247,直连,,719,PASS,worst_obstruction_endpoint_distance,2.811511051936634,2862.2871819484435,True,,端点最大距离且全时段按遮挡计损仍满足双向预算
T011,巡航,3661.4072669090247,3681.0433908039313,直连,,720,PASS,worst_obstruction_endpoint_distance,3.547441536545847,2629.763428575528,True,,端点最大距离且全时段按遮挡计损仍满足双向预算
T011,巡航,3681.0433908039313,3700.679514698838,直连,,721,PASS,worst_obstruction_endpoint_distance,4.349346163073591,2397.8468985208874,True,,端点最大距离且全时段按遮挡计损仍满足双向预算
T011,巡航,3700.679514698838,3720.3156385937446,直连,,722,PASS,worst_obstruction_endpoint_distance,5.229668880125246,2166.7325832609313,True,,端点最大距离且全时段按遮挡计损仍满足双向预算
T011,巡航,3720.3156385937446,3739.951762488651,直连,,723,PASS,worst_obstruction_endpoint_distance,6.2044935916322,1936.7076976478331,True,,端点最大距离且全时段按遮挡计损仍满足双向预算
T011,巡航,3739.951762488651,3759.5878863835583,直连,,724,PASS,worst_obstruction_endpoint_distance,7.294937761347967,1708.2124004460284,True,,端点最大距离且全时段按遮挡计损仍满足双向预算
T011,巡航,3759.5878863835583,3779.224010278465,直连,,725,PASS,worst_obstruction_endpoint_distance,8.529078472989426,1481.954379895724,True,,端点最大距离且全时段按遮挡计损仍满足双向预算
T011,巡航,3779.224010278465,3798.8601341733715,直连,,726,PASS,worst_obstruction_endpoint_distance,9.944292824291068,1259.1402794336339,True,,端点最大距离且全时段按遮挡计损仍满足双向预算
T011,巡航,3798.8601341733715,3818.496258068278,直连,,727,PASS,worst_obstruction_endpoint_distance,11.588572854716219,1041.9817573440184,True,,端点最大距离且全时段按遮挡计损仍满足双向预算
T011,巡航,3818.496258068278,3838.1323819631853,直连,,728,PASS,worst_obstruction_endpoint_distance,13.5130486115427,834.9035885230084,True,,端点最大距离且全时段按遮挡计损仍满足双向预算
T011,巡航,3838.1323819631853,3857.768505858092,直连,,729,PASS,worst_obstruction_endpoint_distance,15.71899076183928,647.6482855415965,True,,端点最大距离且全时段按遮挡计损仍满足双向预算
T011,巡航,3857.768505858092,3877.4046297529985,直连,,730,PASS,worst_obstruction_endpoint_distance,17.916649545737883,502.87064096726107,True,,端点最大距离且全时段按遮挡计损仍满足双向预算
T011,下降,3877.4046297529985,3895.974525260811,直连,,731,PASS,worst_obstruction_endpoint_distance,18.993277511644692,444.24738769531206,True,,端点最大距离且全时段按遮挡计损仍满足双向预算
T011,下降,3895.974525260811,3914.5444207686237,直连,,732,PASS,worst_obstruction_endpoint_distance,19.95198506895977,397.82264892578127,True,,端点最大距离且全时段按遮挡计损仍满足双向预算
T011,下降,3914.5444207686237,3933.114316276436,直连,,733,PASS,worst_obstruction_endpoint_distance,21.029791679401242,351.39791015624945,True,,端点最大距离且全时段按遮挡计损仍满足双向预算
T011,下降,3933.114316276436,3951.684211784249,直连,,734,PASS,worst_obstruction_endpoint_distance,22.260542446450827,304.97317138671866,True,,端点最大距离且全时段按遮挡计损仍满足双向预算
T011,下降,3951.684211784249,3970.2541072920612,直连,,735,PASS,worst_obstruction_endpoint_distance,23.694936979399586,258.5484326171868,True,,端点最大距离且全时段按遮挡计损仍满足双向预算
T011,下降,3970.2541072920612,3988.8240027998736,直连,,736,PASS,worst_obstruction_endpoint_distance,25.41399154248265,212.12369384765606,True,,端点最大距离且全时段按遮挡计损仍满足双向预算
T011,下降,3988.8240027998736,4007.3938983076864,直连,,737,PASS,worst_obstruction_endpoint_distance,27.559379771700407,165.69895507812532,True,,端点最大距离且全时段按遮挡计损仍满足双向预算
T011,下降,4007.3938983076864,4025.963793815499,直连,,738,PASS,worst_obstruction_endpoint_distance,30.414843731611242,119.2742163085934,True,,端点最大距离且全时段按遮挡计损仍满足双向预算
T011,下降,4025.963793815499,4044.5336893233116,直连,,739,PASS,worst_obstruction_endpoint_distance,34.69724633677488,72.84947753906266,True,,端点最大距离且全时段按遮挡计损仍满足双向预算
T011,下降,4044.5336893233116,4063.103584831124,直连,,740,PASS,worst_obstruction_endpoint_distance,43.50556111298056,26.424738769530734,True,,端点最大距离且全时段按遮挡计损仍满足双向预算
T012,爬升,2444.0,2463.3436411539715,直连,,741,PASS,worst_obstruction_endpoint_distance,40.343037745338265,38.03092346191437,True,,端点最大距离且全时段按遮挡计损仍满足双向预算
T012,爬升,2463.3436411539715,2482.687282307943,直连,,742,PASS,worst_obstruction_endpoint_distance,32.29475651968478,96.06184692382868,True,,端点最大距离且全时段按遮挡计损仍满足双向预算
T012,爬升,2482.687282307943,2502.0309234619144,直连,,743,PASS,worst_obstruction_endpoint_distance,28.190129900190144,154.09277038574305,True,,端点最大距离且全时段按遮挡计损仍满足双向预算
T012,爬升,2502.0309234619144,2521.3745646158854,直连,,744,PASS,worst_obstruction_endpoint_distance,25.41399154248265,212.12369384765606,True,,端点最大距离且全时段按遮挡计损仍满足双向预算
T012,爬升,2521.3745646158854,2540.718205769857,直连,,745,PASS,worst_obstruction_endpoint_distance,23.31352727333625,270.15461730957037,True,,端点最大距离且全时段按遮挡计损仍满足双向预算
T012,爬升,2540.718205769857,2560.0618469238284,直连,,746,PASS,worst_obstruction_endpoint_distance,21.62338630671509,328.18554077148474,True,,端点最大距离且全时段按遮挡计损仍满足双向预算
T012,爬升,2560.0618469238284,2579.4054880778,直连,,747,PASS,worst_obstruction_endpoint_distance,20.209159493456326,386.2164642333991,True,,端点最大距离且全时段按遮挡计损仍满足双向预算
T012,爬升,2579.4054880778,2598.749129231771,直连,,748,PASS,worst_obstruction_endpoint_distance,18.993277511644692,444.24738769531206,True,,端点最大距离且全时段按遮挡计损仍满足双向预算
T012,巡航,2598.749129231771,2618.385253126678,直连,,749,PASS,worst_obstruction_endpoint_distance,17.916649545737883,502.87064096726107,True,,端点最大距离且全时段按遮挡计损仍满足双向预算
T012,巡航,2618.385253126678,2638.0213770215846,直连,,750,PASS,worst_obstruction_endpoint_distance,15.71899076183928,647.6482855415965,True,,端点最大距离且全时段按遮挡计损仍满足双向预算
T012,巡航,2638.0213770215846,2657.6575009164912,直连,,751,PASS,worst_obstruction_endpoint_distance,13.5130486115427,834.9035885230084,True,,端点最大距离且全时段按遮挡计损仍满足双向预算
T012,巡航,2657.6575009164912,2677.2936248113983,直连,,752,PASS,worst_obstruction_endpoint_distance,11.588572854716219,1041.9817573440184,True,,端点最大距离且全时段按遮挡计损仍满足双向预算
T012,巡航,2677.2936248113983,2696.929748706305,直连,,753,PASS,worst_obstruction_endpoint_distance,9.944292824291068,1259.1402794336339,True,,端点最大距离且全时段按遮挡计损仍满足双向预算
T012,巡航,2696.929748706305,2716.5658726012116,直连,,754,PASS,worst_obstruction_endpoint_distance,8.529078472989426,1481.954379895724,True,,端点最大距离且全时段按遮挡计损仍满足双向预算
T012,巡航,2716.5658726012116,2736.201996496118,直连,,755,PASS,worst_obstruction_endpoint_distance,7.294937761347967,1708.2124004460284,True,,端点最大距离且全时段按遮挡计损仍满足双向预算
T012,巡航,2736.201996496118,2755.838120391025,直连,,756,PASS,worst_obstruction_endpoint_distance,6.2044935916322,1936.7076976478331,True,,端点最大距离且全时段按遮挡计损仍满足双向预算
T012,巡航,2755.838120391025,2775.474244285932,直连,,757,PASS,worst_obstruction_endpoint_distance,5.229668880125246,2166.7325832609313,True,,端点最大距离且全时段按遮挡计损仍满足双向预算
T012,巡航,2775.474244285932,2795.1103681808386,直连,,758,PASS,worst_obstruction_endpoint_distance,4.349346163073591,2397.8468985208874,True,,端点最大距离且全时段按遮挡计损仍满足双向预算
T012,巡航,2795.1103681808386,2814.746492075745,直连,,759,PASS,worst_obstruction_endpoint_distance,3.547441536545847,2629.763428575528,True,,端点最大距离且全时段按遮挡计损仍满足双向预算
T012,巡航,2814.746492075745,2834.3826159706523,直连,,760,PASS,worst_obstruction_endpoint_distance,2.811511051936634,2862.2871819484435,True,,端点最大距离且全时段按遮挡计损仍满足双向预算
T012,巡航,2834.3826159706523,2854.018739865559,直连,,761,PASS,worst_obstruction_endpoint_distance,2.131772647054248,3095.28131415617,True,,端点最大距离且全时段按遮挡计损仍满足双向预算
T012,巡航,2854.018739865559,2873.6548637604656,直连,,762,PASS,worst_obstruction_endpoint_distance,1.500420209250862,3328.6470518406963,True,,端点最大距离且全时段按遮挡计损仍满足双向预算
T012,巡航,2873.6548637604656,2893.290987655372,直连,,763,PASS,worst_obstruction_endpoint_distance,0.911137638147423,3562.3113645267736,True,,端点最大距离且全时段按遮挡计损仍满足双向预算
T012,巡航,2893.290987655372,2912.927111550279,直连,,764,PASS,worst_obstruction_endpoint_distance,0.35874972363353663,3796.2191190829435,True,,端点最大距离且全时段按遮挡计损仍满足双向预算
T012,巡航,2912.927111550279,2932.5632354451855,中继,R003,765,PASS,worst_obstruction_endpoint_distance,3.266702482514688,1361.299340639569,True,,端点最大距离且全时段按遮挡计损仍满足双向预算
T012,巡航,2932.5632354451855,2952.1993593400925,中继,R003,766,PASS,worst_obstruction_endpoint_distance,3.65634197875049,1301.5823757640605,True,,端点最大距离且全时段按遮挡计损仍满足双向预算
T012,巡航,2952.1993593400925,2971.835483234999,中继,R003,767,PASS,worst_obstruction_endpoint_distance,3.617802891321233,1307.3702970013408,True,,端点最大距离且全时段按遮挡计损仍满足双向预算
T012,巡航,2971.835483234999,2991.4716071299063,中继,R003,768,PASS,worst_obstruction_endpoint_distance,3.196495425185134,1372.3471572420888,True,,端点最大距离且全时段按遮挡计损仍满足双向预算
T012,巡航,2991.4716071299063,3011.107731024813,中继,R003,769,PASS,worst_obstruction_endpoint_distance,2.584175640430118,1472.5836569262096,True,,端点最大距离且全时段按遮挡计损仍满足双向预算
T012,巡航,3011.107731024813,3030.7438549197195,中继,R003,770,PASS,worst_obstruction_endpoint_distance,1.8553843634241076,1601.4727014364303,True,,端点最大距离且全时段按遮挡计损仍满足双向预算
T012,巡航,3030.7438549197195,3050.379978814626,中继,R003,771,PASS,worst_obstruction_endpoint_distance,1.071600826356132,1752.7045616393702,True,,端点最大距离且全时段按遮挡计损仍满足双向预算
T012,下降,3050.379978814626,3069.6557698302513,中继,R003,772,PASS,worst_obstruction_endpoint_distance,1.0686325652298336,1753.3036221923433,True,,端点最大距离且全时段按遮挡计损仍满足双向预算
T012,下降,3069.6557698302513,3088.931560845876,中继,R003,773,PASS,worst_obstruction_endpoint_distance,1.0591142360136558,1755.2260123087,True,,端点最大距离且全时段按遮挡计损仍满足双向预算
T012,下降,3088.931560845876,3108.207351861501,中继,R003,774,PASS,worst_obstruction_endpoint_distance,1.0430887776814899,1758.467391926386,True,,端点最大距离且全时段按遮挡计损仍满足双向预算
T012,下降,3108.207351861501,3127.483142877126,中继,R003,775,PASS,worst_obstruction_endpoint_distance,1.0206279905043374,1763.0204860246654,True,,端点最大距离且全时段按遮挡计损仍满足双向预算
T012,下降,3127.483142877126,3146.758933892751,中继,R003,776,PASS,worst_obstruction_endpoint_distance,0.9918314733706666,1768.8751655523586,True,,端点最大距离且全时段按遮挡计损仍满足双向预算
T012,投送,3146.758933892751,3165.84984298366,中继,R003,777,PASS,exact_point,0.9918314733706666,1768.8751655523586,,,独立计算 DEM 遮挡、自由空间损耗与双向预算
T012,投送,3165.84984298366,3184.940752074569,中继,R003,778,PASS,exact_point,0.9918314733706666,1768.8751655523586,,,独立计算 DEM 遮挡、自由空间损耗与双向预算
T012,投送,3184.940752074569,3204.031661165478,中继,R003,779,PASS,exact_point,0.9918314733706666,1768.8751655523586,,,独立计算 DEM 遮挡、自由空间损耗与双向预算
T012,投送,3204.031661165478,3223.122570256387,中继,R003,780,PASS,exact_point,0.9918314733706666,1768.8751655523586,,,独立计算 DEM 遮挡、自由空间损耗与双向预算
T012,投送,3223.122570256387,3242.2134793472965,中继,R003,781,PASS,exact_point,0.9918314733706666,1768.8751655523586,,,独立计算 DEM 遮挡、自由空间损耗与双向预算
T012,投送,3242.2134793472965,3261.3043884382055,中继,R003,782,PASS,exact_point,0.9918314733706666,1768.8751655523586,,,独立计算 DEM 遮挡、自由空间损耗与双向预算
T012,投送,3261.3043884382055,3280.3952975291145,中继,R003,783,PASS,exact_point,0.9918314733706666,1768.8751655523586,,,独立计算 DEM 遮挡、自由空间损耗与双向预算
T012,投送,3280.3952975291145,3299.486206620024,中继,R003,784,PASS,exact_point,0.9918314733706666,1768.8751655523586,,,独立计算 DEM 遮挡、自由空间损耗与双向预算
T012,投送,3299.486206620024,3318.577115710933,中继,R003,785,PASS,exact_point,0.9918314733706666,1768.8751655523586,,,独立计算 DEM 遮挡、自由空间损耗与双向预算
T012,投送,3318.577115710933,3337.668024801842,中继,R003,786,PASS,exact_point,0.9918314733706666,1768.8751655523586,,,独立计算 DEM 遮挡、自由空间损耗与双向预算
T012,投送,3337.668024801842,3356.758933892751,中继,R003,787,PASS,exact_point,0.9918314733706666,1768.8751655523586,,,独立计算 DEM 遮挡、自由空间损耗与双向预算
T012,爬升,3356.758933892751,3372.8220930724383,中继,R003,788,PASS,worst_obstruction_endpoint_distance,0.9918314733706666,1768.8751655523586,True,,端点最大距离且全时段按遮挡计损仍满足双向预算
T012,爬升,3372.8220930724383,3388.8852522521256,中继,R003,789,PASS,worst_obstruction_endpoint_distance,1.0206279905043374,1763.0204860246654,True,,端点最大距离且全时段按遮挡计损仍满足双向预算
T012,爬升,3388.8852522521256,3404.9484114318134,中继,R003,790,PASS,worst_obstruction_endpoint_distance,1.0430887776814899,1758.4673919263862,True,,端点最大距离且全时段按遮挡计损仍满足双向预算
T012,爬升,3404.9484114318134,3421.0115706115007,中继,R003,791,PASS,worst_obstruction_endpoint_distance,1.0591142360136558,1755.2260123087,True,,端点最大距离且全时段按遮挡计损仍满足双向预算
T012,爬升,3421.0115706115007,3437.0747297911885,中继,R003,792,PASS,worst_obstruction_endpoint_distance,1.0686325652298336,1753.3036221923433,True,,端点最大距离且全时段按遮挡计损仍满足双向预算
T012,巡航,3437.0747297911885,3456.710853686095,中继,R003,793,PASS,worst_obstruction_endpoint_distance,1.071600826356132,1752.7045616393702,True,,端点最大距离且全时段按遮挡计损仍满足双向预算
T012,巡航,3456.710853686095,3476.3469775810017,中继,R003,794,PASS,worst_obstruction_endpoint_distance,1.8553843634241076,1601.4727014364303,True,,端点最大距离且全时段按遮挡计损仍满足双向预算
T012,巡航,3476.3469775810017,3495.9831014759084,中继,R003,795,PASS,worst_obstruction_endpoint_distance,2.584175640430118,1472.5836569262096,True,,端点最大距离且全时段按遮挡计损仍满足双向预算
T012,巡航,3495.9831014759084,3515.619225370815,中继,R003,796,PASS,worst_obstruction_endpoint_distance,3.196495425185134,1372.3471572420888,True,,端点最大距离且全时段按遮挡计损仍满足双向预算
T012,巡航,3515.619225370815,3535.2553492657216,中继,R003,797,PASS,worst_obstruction_endpoint_distance,3.6178028913211904,1307.3702970013474,True,,端点最大距离且全时段按遮挡计损仍满足双向预算
T012,巡航,3535.2553492657216,3554.8914731606287,中继,R003,798,PASS,worst_obstruction_endpoint_distance,3.65634197875049,1301.5823757640605,True,,端点最大距离且全时段按遮挡计损仍满足双向预算
T012,巡航,3554.8914731606287,3574.5275970555354,中继,R003,799,PASS,worst_obstruction_endpoint_distance,3.266702482514688,1361.299340639569,True,,端点最大距离且全时段按遮挡计损仍满足双向预算
T012,巡航,3574.5275970555354,3594.1637209504424,直连,,800,PASS,worst_obstruction_endpoint_distance,0.35874972363353663,3796.2191190829435,True,,端点最大距离且全时段按遮挡计损仍满足双向预算
T012,巡航,3594.1637209504424,3613.799844845349,直连,,801,PASS,worst_obstruction_endpoint_distance,0.911137638147423,3562.3113645267736,True,,端点最大距离且全时段按遮挡计损仍满足双向预算
T012,巡航,3613.799844845349,3633.4359687402557,直连,,802,PASS,worst_obstruction_endpoint_distance,1.500420209250862,3328.6470518406963,True,,端点最大距离且全时段按遮挡计损仍满足双向预算
T012,巡航,3633.4359687402557,3653.0720926351623,直连,,803,PASS,worst_obstruction_endpoint_distance,2.131772647054248,3095.28131415617,True,,端点最大距离且全时段按遮挡计损仍满足双向预算
T012,巡航,3653.0720926351623,3672.708216530069,直连,,804,PASS,worst_obstruction_endpoint_distance,2.811511051936634,2862.2871819484435,True,,端点最大距离且全时段按遮挡计损仍满足双向预算
T012,巡航,3672.708216530069,3692.3443404249756,直连,,805,PASS,worst_obstruction_endpoint_distance,3.547441536545847,2629.763428575528,True,,端点最大距离且全时段按遮挡计损仍满足双向预算
T012,巡航,3692.3443404249756,3711.9804643198827,直连,,806,PASS,worst_obstruction_endpoint_distance,4.349346163073591,2397.8468985208874,True,,端点最大距离且全时段按遮挡计损仍满足双向预算
T012,巡航,3711.9804643198827,3731.6165882147893,直连,,807,PASS,worst_obstruction_endpoint_distance,5.229668880125246,2166.7325832609313,True,,端点最大距离且全时段按遮挡计损仍满足双向预算
T012,巡航,3731.6165882147893,3751.2527121096964,直连,,808,PASS,worst_obstruction_endpoint_distance,6.2044935916322,1936.7076976478331,True,,端点最大距离且全时段按遮挡计损仍满足双向预算
T012,巡航,3751.2527121096964,3770.888836004603,直连,,809,PASS,worst_obstruction_endpoint_distance,7.294937761347967,1708.2124004460284,True,,端点最大距离且全时段按遮挡计损仍满足双向预算
T012,巡航,3770.888836004603,3790.5249598995097,直连,,810,PASS,worst_obstruction_endpoint_distance,8.529078472989426,1481.954379895724,True,,端点最大距离且全时段按遮挡计损仍满足双向预算
T012,巡航,3790.5249598995097,3810.1610837944163,直连,,811,PASS,worst_obstruction_endpoint_distance,9.944292824291068,1259.1402794336339,True,,端点最大距离且全时段按遮挡计损仍满足双向预算
T012,巡航,3810.1610837944163,3829.797207689323,直连,,812,PASS,worst_obstruction_endpoint_distance,11.588572854716219,1041.9817573440184,True,,端点最大距离且全时段按遮挡计损仍满足双向预算
T012,巡航,3829.797207689323,3849.4333315842296,直连,,813,PASS,worst_obstruction_endpoint_distance,13.5130486115427,834.9035885230084,True,,端点最大距离且全时段按遮挡计损仍满足双向预算
T012,巡航,3849.4333315842296,3869.0694554791366,直连,,814,PASS,worst_obstruction_endpoint_distance,15.71899076183928,647.6482855415965,True,,端点最大距离且全时段按遮挡计损仍满足双向预算
T012,巡航,3869.0694554791366,3888.7055793740433,直连,,815,PASS,worst_obstruction_endpoint_distance,17.916649545737883,502.87064096726107,True,,端点最大距离且全时段按遮挡计损仍满足双向预算
T012,下降,3888.7055793740433,3907.275474881856,直连,,816,PASS,worst_obstruction_endpoint_distance,18.993277511644692,444.24738769531206,True,,端点最大距离且全时段按遮挡计损仍满足双向预算
T012,下降,3907.275474881856,3925.8453703896685,直连,,817,PASS,worst_obstruction_endpoint_distance,19.9519850689598,397.82264892578,True,,端点最大距离且全时段按遮挡计损仍满足双向预算
T012,下降,3925.8453703896685,3944.415265897481,直连,,818,PASS,worst_obstruction_endpoint_distance,21.029791679401256,351.3979101562492,True,,端点最大距离且全时段按遮挡计损仍满足双向预算
T012,下降,3944.415265897481,3962.985161405293,直连,,819,PASS,worst_obstruction_endpoint_distance,22.26054244645084,304.9731713867183,True,,端点最大距离且全时段按遮挡计损仍满足双向预算
T012,下降,3962.985161405293,3981.555056913106,直连,,820,PASS,worst_obstruction_endpoint_distance,23.694936979399557,258.5484326171874,True,,端点最大距离且全时段按遮挡计损仍满足双向预算
T012,下降,3981.555056913106,4000.1249524209184,直连,,821,PASS,worst_obstruction_endpoint_distance,25.413991542482677,212.1236938476555,True,,端点最大距离且全时段按遮挡计损仍满足双向预算
T012,下降,4000.1249524209184,4018.694847928731,直连,,822,PASS,worst_obstruction_endpoint_distance,27.55937977170045,165.69895507812458,True,,端点最大距离且全时段按遮挡计损仍满足双向预算
T012,下降,4018.694847928731,4037.2647434365435,直连,,823,PASS,worst_obstruction_endpoint_distance,30.414843731611313,119.2742163085926,True,,端点最大距离且全时段按遮挡计损仍满足双向预算
T012,下降,4037.2647434365435,4055.834638944356,直连,,824,PASS,worst_obstruction_endpoint_distance,34.697246336774995,72.8494775390617,True,,端点最大距离且全时段按遮挡计损仍满足双向预算
T012,下降,4055.834638944356,4074.4045344521683,直连,,825,PASS,worst_obstruction_endpoint_distance,43.5055611129805,26.424738769530904,True,,端点最大距离且全时段按遮挡计损仍满足双向预算
T013,爬升,2586.0,2604.098788248698,直连,,826,PASS,worst_obstruction_endpoint_distance,41.240813379711284,34.296364746093815,True,,端点最大距离且全时段按遮挡计损仍满足双向预算
T013,爬升,2604.098788248698,2622.197576497396,直连,,827,PASS,worst_obstruction_endpoint_distance,32.99781352057414,88.59272949218763,True,,端点最大距离且全时段按遮挡计损仍满足双向预算
T013,爬升,2622.197576497396,2640.296364746094,直连,,828,PASS,worst_obstruction_endpoint_distance,28.845793500078102,142.88909423828142,True,,端点最大距离且全时段按遮挡计损仍满足双向预算
T013,爬升,2640.296364746094,2658.3951529947917,直连,,829,PASS,worst_obstruction_endpoint_distance,26.04827745221246,197.1854589843752,True,,端点最大距离且全时段按遮挡计损仍满足双向预算
T013,爬升,2658.3951529947917,2676.4939412434896,直连,,830,PASS,worst_obstruction_endpoint_distance,23.935643142447674,251.481823730469,True,,端点最大距离且全时段按遮挡计损仍满足双向预算
T013,巡航,2676.4939412434896,2695.5105178754957,直连,,831,PASS,worst_obstruction_endpoint_distance,20.343794916914376,380.27608351961703,True,,端点最大距离且全时段按遮挡计损仍满足双向预算
T013,巡航,2695.5105178754957,2714.5270945075013,直连,,832,PASS,worst_obstruction_endpoint_distance,16.049514949605253,623.466338937083,True,,端点最大距离且全时段按遮挡计损仍满足双向预算
T013,巡航,2714.5270945075013,2733.5436711395073,直连,,833,PASS,worst_obstruction_endpoint_distance,12.939131831411018,891.9328651522274,True,,端点最大距离且全时段按遮挡计损仍满足双向预算
T013,巡航,2733.5436711395073,2752.560247771513,直连,,834,PASS,worst_obstruction_endpoint_distance,10.594093021855073,1168.3799810635858,True,,端点最大距离且全时段按遮挡计损仍满足双向预算
T013,巡航,2752.560247771513,2771.576824403519,直连,,835,PASS,worst_obstruction_endpoint_distance,8.72893580056764,1448.2447681320716,True,,端点最大距离且全时段按遮挡计损仍满足双向预算
T013,巡航,2771.576824403519,2790.593401035525,直连,,836,PASS,worst_obstruction_endpoint_distance,7.185509592415272,1729.8692496123044,True,,端点最大距离且全时段按遮挡计损仍满足双向预算
T013,巡航,2790.593401035525,2809.6099776675305,直连,,837,PASS,worst_obstruction_endpoint_distance,5.870993404915126,2012.5148240813007,True,,端点最大距离且全时段按遮挡计损仍满足双向预算
T013,巡航,2809.6099776675305,2828.6265542995366,直连,,838,PASS,worst_obstruction_endpoint_distance,4.727077525390385,2295.804390099458,True,,端点最大距离且全时段按遮挡计损仍满足双向预算
T013,巡航,2828.6265542995366,2847.643130931542,直连,,839,PASS,worst_obstruction_endpoint_distance,3.7149777055149116,2579.525782409383,True,,端点最大距离且全时段按遮挡计损仍满足双向预算
T013,巡航,2847.643130931542,2866.659707563548,直连,,840,PASS,worst_obstruction_endpoint_distance,2.807677788514951,2863.5506474809567,True,,端点最大距离且全时段按遮挡计损仍满足双向预算
T013,巡航,2866.659707563548,2885.676284195554,直连,,841,PASS,worst_obstruction_endpoint_distance,1.9856412656795612,3147.7968395884704,True,,端点最大距离且全时段按遮挡计损仍满足双向预算
T013,巡航,2885.676284195554,2904.69286082756,直连,,842,PASS,worst_obstruction_endpoint_distance,1.2342997133882534,3432.2093700731825,True,,端点最大距离且全时段按遮挡计损仍满足双向预算
T013,巡航,2904.69286082756,2923.709437459566,直连,,843,PASS,worst_obstruction_endpoint_distance,0.5425080385621612,3716.750053578153,True,,端点最大距离且全时段按遮挡计损仍满足双向预算
T013,巡航,2923.709437459566,2942.7260140915714,中继,R003,844,PASS,worst_obstruction_endpoint_distance,2.6367184328904614,1463.702574272917,True,,端点最大距离且全时段按遮挡计损仍满足双向预算
T013,巡航,2942.7260140915714,2961.7425907235775,中继,R003,845,PASS,worst_obstruction_endpoint_distance,3.0597232739024207,1394.1278229083944,True,,端点最大距离且全时段按遮挡计损仍满足双向预算
T013,巡航,2961.7425907235775,2980.7591673555835,中继,R003,846,PASS,worst_obstruction_endpoint_distance,2.861993538800405,1426.2284039160454,True,,端点最大距离且全时段按遮挡计损仍满足双向预算
T013,巡航,2980.7591673555835,2999.775743987589,中继,R003,847,PASS,worst_obstruction_endpoint_distance,2.284357046148841,1524.301601715459,True,,端点最大距离且全时段按遮挡计损仍满足双向预算
T013,下降,2999.775743987589,3018.7684734797767,中继,R003,848,PASS,worst_obstruction_endpoint_distance,2.246501178587579,1530.9594906028888,True,,端点最大距离且全时段按遮挡计损仍满足双向预算
T013,投送,3018.7684734797767,3038.7684734797767,中继,R003,849,PASS,exact_point,12.246501178587579,1530.9594906028888,,,独立计算 DEM 遮挡、自由空间损耗与双向预算
T013,投送,3038.7684734797767,3058.7684734797767,中继,R003,850,PASS,exact_point,12.246501178587579,1530.9594906028888,,,独立计算 DEM 遮挡、自由空间损耗与双向预算
T013,投送,3058.7684734797767,3078.7684734797767,中继,R003,851,PASS,exact_point,12.246501178587579,1530.9594906028888,,,独立计算 DEM 遮挡、自由空间损耗与双向预算
T013,投送,3078.7684734797767,3098.7684734797767,中继,R003,852,PASS,exact_point,12.246501178587579,1530.9594906028888,,,独立计算 DEM 遮挡、自由空间损耗与双向预算
T013,投送,3098.7684734797767,3118.7684734797767,中继,R003,853,PASS,exact_point,12.246501178587579,1530.9594906028888,,,独立计算 DEM 遮挡、自由空间损耗与双向预算
T013,投送,3118.7684734797767,3138.7684734797767,中继,R003,854,PASS,exact_point,12.246501178587579,1530.9594906028888,,,独立计算 DEM 遮挡、自由空间损耗与双向预算
T013,投送,3138.7684734797767,3158.7684734797767,中继,R003,855,PASS,exact_point,12.246501178587579,1530.9594906028888,,,独立计算 DEM 遮挡、自由空间损耗与双向预算
T013,投送,3158.7684734797767,3178.7684734797767,中继,R003,856,PASS,exact_point,12.246501178587579,1530.9594906028888,,,独立计算 DEM 遮挡、自由空间损耗与双向预算
T013,投送,3178.7684734797767,3198.7684734797767,中继,R003,857,PASS,exact_point,12.246501178587579,1530.9594906028888,,,独立计算 DEM 遮挡、自由空间损耗与双向预算
T013,投送,3198.7684734797767,3218.7684734797767,中继,R003,858,PASS,exact_point,12.246501178587579,1530.9594906028888,,,独立计算 DEM 遮挡、自由空间损耗与双向预算
T013,投送,3218.7684734797767,3238.7684734797767,中继,R003,859,PASS,exact_point,12.246501178587579,1530.9594906028888,,,独立计算 DEM 遮挡、自由空间损耗与双向预算
T013,投送,3238.7684734797767,3258.7684734797767,中继,R003,860,PASS,exact_point,12.246501178587579,1530.9594906028888,,,独立计算 DEM 遮挡、自由空间损耗与双向预算
T013,爬升,3258.7684734797767,3274.5957480565994,中继,R003,861,PASS,worst_obstruction_endpoint_distance,2.246501178587579,1530.9594906028888,True,,端点最大距离且全时段按遮挡计损仍满足双向预算
T013,巡航,3274.5957480565994,3293.6123246886054,中继,R003,862,PASS,worst_obstruction_endpoint_distance,2.284357046148841,1524.301601715459,True,,端点最大距离且全时段按遮挡计损仍满足双向预算
T013,巡航,3293.6123246886054,3312.628901320611,中继,R003,863,PASS,worst_obstruction_endpoint_distance,2.861993538800405,1426.2284039160454,True,,端点最大距离且全时段按遮挡计损仍满足双向预算
T013,巡航,3312.628901320611,3331.645477952617,中继,R003,864,PASS,worst_obstruction_endpoint_distance,3.0597232739024207,1394.1278229083944,True,,端点最大距离且全时段按遮挡计损仍满足双向预算
T013,巡航,3331.645477952617,3350.6620545846226,中继,R003,865,PASS,worst_obstruction_endpoint_distance,2.6367184328904614,1463.702574272917,True,,端点最大距离且全时段按遮挡计损仍满足双向预算
T013,巡航,3350.6620545846226,3369.6786312166287,直连,,866,PASS,worst_obstruction_endpoint_distance,0.5425080385621612,3716.750053578153,True,,端点最大距离且全时段按遮挡计损仍满足双向预算
T013,巡航,3369.6786312166287,3388.6952078486347,直连,,867,PASS,worst_obstruction_endpoint_distance,1.2342997133882534,3432.2093700731825,True,,端点最大距离且全时段按遮挡计损仍满足双向预算
T013,巡航,3388.6952078486347,3407.7117844806403,直连,,868,PASS,worst_obstruction_endpoint_distance,1.9856412656795612,3147.7968395884704,True,,端点最大距离且全时段按遮挡计损仍满足双向预算
T013,巡航,3407.7117844806403,3426.728361112646,直连,,869,PASS,worst_obstruction_endpoint_distance,2.807677788514951,2863.5506474809567,True,,端点最大距离且全时段按遮挡计损仍满足双向预算
T013,巡航,3426.728361112646,3445.744937744652,直连,,870,PASS,worst_obstruction_endpoint_distance,3.7149777055149116,2579.525782409383,True,,端点最大距离且全时段按遮挡计损仍满足双向预算
T013,巡航,3445.744937744652,3464.761514376658,直连,,871,PASS,worst_obstruction_endpoint_distance,4.727077525390385,2295.804390099458,True,,端点最大距离且全时段按遮挡计损仍满足双向预算
T013,巡航,3464.761514376658,3483.778091008664,直连,,872,PASS,worst_obstruction_endpoint_distance,5.870993404915126,2012.5148240813007,True,,端点最大距离且全时段按遮挡计损仍满足双向预算
T013,巡航,3483.778091008664,3502.7946676406696,直连,,873,PASS,worst_obstruction_endpoint_distance,7.185509592415272,1729.8692496123044,True,,端点最大距离且全时段按遮挡计损仍满足双向预算
T013,巡航,3502.7946676406696,3521.811244272675,直连,,874,PASS,worst_obstruction_endpoint_distance,8.72893580056764,1448.2447681320716,True,,端点最大距离且全时段按遮挡计损仍满足双向预算
T013,巡航,3521.811244272675,3540.827820904681,直连,,875,PASS,worst_obstruction_endpoint_distance,10.594093021855073,1168.3799810635858,True,,端点最大距离且全时段按遮挡计损仍满足双向预算
T013,巡航,3540.827820904681,3559.844397536687,直连,,876,PASS,worst_obstruction_endpoint_distance,12.939131831411018,891.9328651522274,True,,端点最大距离且全时段按遮挡计损仍满足双向预算
T013,巡航,3559.844397536687,3578.8609741686932,直连,,877,PASS,worst_obstruction_endpoint_distance,16.049514949605253,623.466338937083,True,,端点最大距离且全时段按遮挡计损仍满足双向预算
T013,巡航,3578.8609741686932,3597.877550800699,直连,,878,PASS,worst_obstruction_endpoint_distance,20.343794916914376,380.27608351961703,True,,端点最大距离且全时段按遮挡计损仍满足双向预算
T013,下降,3597.877550800699,3615.9763390493968,直连,,879,PASS,worst_obstruction_endpoint_distance,23.935643142447674,251.481823730469,True,,端点最大距离且全时段按遮挡计损仍满足双向预算
T013,下降,3615.9763390493968,3634.0751272980947,直连,,880,PASS,worst_obstruction_endpoint_distance,25.658533931909105,206.23485310872417,True,,端点最大距离且全时段按遮挡计损仍满足双向预算
T013,下降,3634.0751272980947,3652.1739155467926,直连,,881,PASS,worst_obstruction_endpoint_distance,27.809911405017885,160.98788248697934,True,,端点最大距离且全时段按遮挡计损仍满足双向预算
T013,下降,3652.1739155467926,3670.2727037954905,直连,,882,PASS,worst_obstruction_endpoint_distance,30.67603717313169,115.74091186523452,True,,端点最大距离且全时段按遮挡计损仍满足双向预算
T013,下降,3670.2727037954905,3688.3714920441885,直连,,883,PASS,worst_obstruction_endpoint_distance,34.98273932171074,70.49394124348967,True,,端点最大距离且全时段按遮挡计损仍满足双向预算
T013,下降,3688.3714920441885,3706.4702802928864,直连,,884,PASS,worst_obstruction_endpoint_distance,43.90158967207108,25.246970621744822,True,,端点最大距离且全时段按遮挡计损仍满足双向预算
T014,爬升,2761.0,2780.2136587524415,直连,,885,PASS,worst_obstruction_endpoint_distance,42.992028277010945,28.034146881103652,True,,端点最大距离且全时段按遮挡计损仍满足双向预算
T014,爬升,2780.2136587524415,2799.427317504883,直连,,886,PASS,worst_obstruction_endpoint_distance,34.321701665951764,76.0682937622073,True,,端点最大距离且全时段按遮挡计损仍满足双向预算
T014,爬升,2799.427317504883,2818.640976257324,直连,,887,PASS,worst_obstruction_endpoint_distance,30.07016871427855,124.10244064330982,True,,端点最大距离且全时段按遮挡计损仍满足双向预算
T014,爬升,2818.640976257324,2837.854635009766,直连,,888,PASS,worst_obstruction_endpoint_distance,27.228311382556498,172.1365875244146,True,,端点最大距离且全时段按遮挡计损仍满足双向预算
T014,爬升,2837.854635009766,2857.068293762207,直连,,889,PASS,worst_obstruction_endpoint_distance,25.09058334452186,220.17073440551712,True,,端点最大距离且全时段按遮挡计损仍满足双向预算
T014,爬升,2857.068293762207,2876.2819525146483,直连,,890,PASS,worst_obstruction_endpoint_distance,23.376441612193588,268.2048812866207,True,,端点最大距离且全时段按遮挡计损仍满足双向预算
T014,爬升,2876.2819525146483,2895.4956112670898,直连,,891,PASS,worst_obstruction_endpoint_distance,21.945465831584343,316.23902816772437,True,,端点最大距离且全时段按遮挡计损仍满足双向预算
T014,爬升,2895.4956112670898,2914.7092700195312,直连,,892,PASS,worst_obstruction_endpoint_distance,20.717231343301734,364.273175048828,True,,端点最大距离且全时段按遮挡计损仍满足双向预算
T014,巡航,2914.7092700195312,2933.603136667917,直连,,893,PASS,worst_obstruction_endpoint_distance,18.661672477929415,461.5355244926001,True,,端点最大距离且全时段按遮挡计损仍满足双向预算
T014,巡航,2933.603136667917,2952.4970033163036,直连,,894,PASS,worst_obstruction_endpoint_distance,15.375452699934556,673.7769091431577,True,,端点最大距离且全时段按遮挡计损仍满足双向预算
T014,巡航,2952.4970033163036,2971.3908699646895,直连,,895,PASS,worst_obstruction_endpoint_distance,12.623190271631984,924.9734022323017,True,,端点最大距离且全时段按遮挡计损仍满足双向预算
T014,巡航,2971.3908699646895,2990.2847366130754,直连,,896,PASS,worst_obstruction_endpoint_distance,10.429575041650054,1190.7209811695823,True,,端点最大距离且全时段按遮挡计损仍满足双向预算
T014,巡航,2990.2847366130754,3009.178603261462,直连,,897,PASS,worst_obstruction_endpoint_distance,8.640222545108585,1463.112197944657,True,,端点最大距离且全时段按遮挡计损仍满足双向预算
T014,巡航,3009.178603261462,3028.072469909848,直连,,898,PASS,worst_obstruction_endpoint_distance,7.139643736160679,1739.027987459995,True,,端点最大距离且全时段按遮挡计损仍满足双向预算
T014,巡航,3028.072469909848,3046.966336558234,直连,,899,PASS,worst_obstruction_endpoint_distance,5.851560521092864,2017.0224508369258,True,,端点最大距离且全时段按遮挡计损仍满足双向预算
T014,巡航,3046.966336558234,3065.86020320662,直连,,900,PASS,worst_obstruction_endpoint_distance,4.725048394892426,2296.340780852931,True,,端点最大距离且全时段按遮挡计损仍满足双向预算
T014,巡航,3065.86020320662,3084.7540698550065,直连,,901,PASS,worst_obstruction_endpoint_distance,3.7249953747456317,2576.552461149355,True,,端点最大距离且全时段按遮挡计损仍满足双向预算
T014,巡航,3084.7540698550065,3103.6479365033924,直连,,902,PASS,worst_obstruction_endpoint_distance,2.8263705191290995,2857.394683434026,True,,端点最大距离且全时段按遮挡计损仍满足双向预算
T014,巡航,3103.6479365033924,3122.5418031517784,直连,,903,PASS,worst_obstruction_endpoint_distance,2.010784013786548,3138.6981946975716,True,,端点最大距离且全时段按遮挡计损仍满足双向预算
T014,巡航,3122.5418031517784,3141.4356698001648,直连,,904,PASS,worst_obstruction_endpoint_distance,1.2643662606990915,3420.3491819541655,True,,端点最大距离且全时段按遮挡计损仍满足双向预算
T014,巡航,3141.4356698001648,3160.3295364485507,直连,,905,PASS,worst_obstruction_endpoint_distance,0.5764172950555349,3702.2683430850543,True,,端点最大距离且全时段按遮挡计损仍满足双向预算
T014,巡航,3160.3295364485507,3179.223403096937,中继,R004,906,PASS,worst_obstruction_endpoint_distance,0.5970868152485878,1851.1193369976415,True,,端点最大距离且全时段按遮挡计损仍满足双向预算
T014,巡航,3179.223403096937,3198.117269745323,中继,R004,907,PASS,worst_obstruction_endpoint_distance,2.0387268612306,1568.0229513815293,True,,端点最大距离且全时段按遮挡计损仍满足双向预算
T014,巡航,3198.117269745323,3217.0111363937094,中继,R004,908,PASS,worst_obstruction_endpoint_distance,3.76728039508761,1285.0639442954207,True,,端点最大距离且全时段按遮挡计损仍满足双向预算
T014,下降,3217.0111363937094,3233.358453898592,中继,R004,909,PASS,worst_obstruction_endpoint_distance,5.925312180250401,1002.3586655558703,True,,端点最大距离且全时段按遮挡计损仍满足双向预算
T014,下降,3233.358453898592,3249.705771403475,中继,R004,910,PASS,worst_obstruction_endpoint_distance,5.928065501282532,1002.0409804432401,True,,端点最大距离且全时段按遮挡计损仍满足双向预算
T014,下降,3249.705771403475,3266.0530889083575,中继,R004,911,PASS,worst_obstruction_endpoint_distance,5.915590178121462,1003.4812205513703,True,,端点最大距离且全时段按遮挡计损仍满足双向预算
T014,下降,3266.0530889083575,3282.4004064132405,中继,R004,912,PASS,worst_obstruction_endpoint_distance,5.8939662993288096,1005.9825405183378,True,,端点最大距离且全时段按遮挡计损仍满足双向预算
T014,下降,3282.4004064132405,3298.7477239181235,中继,R004,913,PASS,worst_obstruction_endpoint_distance,5.863329893920252,1009.5370532937532,True,,端点最大距离且全时段按遮挡计损仍满足双向预算
T014,投送,3298.7477239181235,3318.384087554487,中继,R004,914,PASS,exact_point,15.863329893920252,1009.5370532937532,,,独立计算 DEM 遮挡、自由空间损耗与双向预算
T014,投送,3318.384087554487,3338.0204511908505,中继,R004,915,PASS,exact_point,15.863329893920252,1009.5370532937532,,,独立计算 DEM 遮挡、自由空间损耗与双向预算
T014,投送,3338.0204511908505,3357.6568148272145,中继,R004,916,PASS,exact_point,15.863329893920252,1009.5370532937532,,,独立计算 DEM 遮挡、自由空间损耗与双向预算
T014,投送,3357.6568148272145,3377.2931784635775,中继,R004,917,PASS,exact_point,15.863329893920252,1009.5370532937532,,,独立计算 DEM 遮挡、自由空间损耗与双向预算
T014,投送,3377.2931784635775,3396.9295420999415,中继,R004,918,PASS,exact_point,15.863329893920252,1009.5370532937532,,,独立计算 DEM 遮挡、自由空间损耗与双向预算
T014,投送,3396.9295420999415,3416.565905736305,中继,R004,919,PASS,exact_point,15.863329893920252,1009.5370532937532,,,独立计算 DEM 遮挡、自由空间损耗与双向预算
T014,投送,3416.565905736305,3436.2022693726685,中继,R004,920,PASS,exact_point,15.863329893920252,1009.5370532937532,,,独立计算 DEM 遮挡、自由空间损耗与双向预算
T014,投送,3436.2022693726685,3455.8386330090325,中继,R004,921,PASS,exact_point,15.863329893920252,1009.5370532937532,,,独立计算 DEM 遮挡、自由空间损耗与双向预算
T014,投送,3455.8386330090325,3475.474996645396,中继,R004,922,PASS,exact_point,15.863329893920252,1009.5370532937532,,,独立计算 DEM 遮挡、自由空间损耗与双向预算
T014,投送,3475.474996645396,3495.1113602817595,中继,R004,923,PASS,exact_point,15.863329893920252,1009.5370532937532,,,独立计算 DEM 遮挡、自由空间损耗与双向预算
T014,投送,3495.1113602817595,3514.7477239181235,中继,R004,924,PASS,exact_point,15.863329893920252,1009.5370532937532,,,独立计算 DEM 遮挡、自由空间损耗与双向预算
T014,爬升,3514.7477239181235,3527.187592082186,中继,R004,925,PASS,worst_obstruction_endpoint_distance,5.863329893920252,1009.5370532937532,True,,端点最大距离且全时段按遮挡计损仍满足双向预算
T014,爬升,3527.187592082186,3539.627460246248,中继,R004,926,PASS,worst_obstruction_endpoint_distance,5.892679517396829,1006.1315840938256,True,,端点最大距离且全时段按遮挡计损仍满足双向预算
T014,巡航,3539.627460246248,3557.856404636299,中继,R004,927,PASS,worst_obstruction_endpoint_distance,5.913881386311047,1003.6786567664515,True,,端点最大距离且全时段按遮挡计损仍满足双向预算
T014,巡航,3557.856404636299,3576.08534902635,中继,R004,928,PASS,worst_obstruction_endpoint_distance,8.617009942779546,735.2554648955712,True,,端点最大距离且全时段按遮挡计损仍满足双向预算
T014,巡航,3576.08534902635,3594.3142934164002,中继,R004,929,PASS,worst_obstruction_endpoint_distance,12.455665987550589,472.6127774177759,True,,端点最大距离且全时段按遮挡计损仍满足双向预算
T014,巡航,3594.3142934164002,3612.5432378064506,中继,R004,930,PASS,worst_obstruction_endpoint_distance,18.490533361971785,235.91854994232818,True,,端点最大距离且全时段按遮挡计损仍满足双向预算
T014,巡航,3612.5432378064506,3630.7721821965015,中继,R004,931,PASS,worst_obstruction_endpoint_distance,13.670906749096787,410.90688749500214,True,,端点最大距离且全时段按遮挡计损仍满足双向预算
T014,巡航,3630.7721821965015,3649.001126586552,中继,R004,932,PASS,worst_obstruction_endpoint_distance,9.416192327506309,670.6240775175156,True,,端点最大距离且全时段按遮挡计损仍满足双向预算
T014,巡航,3649.001126586552,3667.2300709766023,中继,R004,933,PASS,worst_obstruction_endpoint_distance,6.5001523636010745,938.1691332647227,True,,端点最大距离且全时段按遮挡计损仍满足双向预算
T014,巡航,3667.2300709766023,3685.459015366653,中继,R004,934,PASS,worst_obstruction_endpoint_distance,4.301894195271544,1208.3536229036254,True,,端点最大距离且全时段按遮挡计损仍满足双向预算
T014,巡航,3685.459015366653,3703.687959756704,中继,R004,935,PASS,worst_obstruction_endpoint_distance,2.5421112172852816,1479.7324486090579,True,,端点最大距离且全时段按遮挡计损仍满足双向预算
T014,巡航,3703.687959756704,3721.9169041467544,中继,R004,936,PASS,worst_obstruction_endpoint_distance,1.0763295507118045,1751.750623535806,True,,端点最大距离且全时段按遮挡计损仍满足双向预算
T014,下降,3721.9169041467544,3739.9667393518325,中继,R004,937,PASS,worst_obstruction_endpoint_distance,1.0679832049775655,1753.4347047053836,True,,端点最大距离且全时段按遮挡计损仍满足双向预算
T014,下降,3739.9667393518325,3758.01657455691,中继,R004,938,PASS,worst_obstruction_endpoint_distance,1.0559798351574585,1755.8595196313033,True,,端点最大距离且全时段按遮挡计损仍满足双向预算
T014,投送,3758.01657455691,3777.8165745569104,中继,R004,939,PASS,exact_point,11.055979835157459,1755.8595196313033,,,独立计算 DEM 遮挡、自由空间损耗与双向预算
T014,投送,3777.8165745569104,3797.6165745569106,中继,R004,940,PASS,exact_point,11.055979835157459,1755.8595196313033,,,独立计算 DEM 遮挡、自由空间损耗与双向预算
T014,投送,3797.6165745569106,3817.4165745569107,中继,R004,941,PASS,exact_point,11.055979835157459,1755.8595196313033,,,独立计算 DEM 遮挡、自由空间损耗与双向预算
T014,投送,3817.4165745569107,3837.2165745569105,中继,R004,942,PASS,exact_point,11.055979835157459,1755.8595196313033,,,独立计算 DEM 遮挡、自由空间损耗与双向预算
T014,投送,3837.2165745569105,3857.01657455691,中继,R004,943,PASS,exact_point,11.055979835157459,1755.8595196313033,,,独立计算 DEM 遮挡、自由空间损耗与双向预算
T014,投送,3857.01657455691,3876.8165745569104,中继,R004,944,PASS,exact_point,11.055979835157459,1755.8595196313033,,,独立计算 DEM 遮挡、自由空间损耗与双向预算
T014,投送,3876.8165745569104,3896.6165745569106,中继,R004,945,PASS,exact_point,11.055979835157459,1755.8595196313033,,,独立计算 DEM 遮挡、自由空间损耗与双向预算
T014,投送,3896.6165745569106,3916.4165745569107,中继,R004,946,PASS,exact_point,11.055979835157459,1755.8595196313033,,,独立计算 DEM 遮挡、自由空间损耗与双向预算
T014,投送,3916.4165745569107,3936.2165745569105,中继,R004,947,PASS,exact_point,11.055979835157459,1755.8595196313033,,,独立计算 DEM 遮挡、自由空间损耗与双向预算
T014,投送,3936.2165745569105,3956.01657455691,中继,R004,948,PASS,exact_point,11.055979835157459,1755.8595196313033,,,独立计算 DEM 遮挡、自由空间损耗与双向预算
T014,投送,3956.01657455691,3975.8165745569104,中继,R004,949,PASS,exact_point,11.055979835157459,1755.8595196313033,,,独立计算 DEM 遮挡、自由空间损耗与双向预算
T014,投送,3975.8165745569104,3995.6165745569106,中继,R004,950,PASS,exact_point,11.055979835157459,1755.8595196313033,,,独立计算 DEM 遮挡、自由空间损耗与双向预算
T014,投送,3995.6165745569106,4015.4165745569103,中继,R004,951,PASS,exact_point,11.055979835157459,1755.8595196313033,,,独立计算 DEM 遮挡、自由空间损耗与双向预算
T014,投送,4015.4165745569103,4035.2165745569105,中继,R004,952,PASS,exact_point,11.055979835157459,1755.8595196313033,,,独立计算 DEM 遮挡、自由空间损耗与双向预算
T014,投送,4035.2165745569105,4055.01657455691,中继,R004,953,PASS,exact_point,11.055979835157459,1755.8595196313033,,,独立计算 DEM 遮挡、自由空间损耗与双向预算
T014,投送,4055.01657455691,4074.8165745569104,中继,R004,954,PASS,exact_point,11.055979835157459,1755.8595196313033,,,独立计算 DEM 遮挡、自由空间损耗与双向预算
T014,投送,4074.8165745569104,4094.6165745569106,中继,R004,955,PASS,exact_point,11.055979835157459,1755.8595196313033,,,独立计算 DEM 遮挡、自由空间损耗与双向预算
T014,投送,4094.6165745569106,4114.41657455691,中继,R004,956,PASS,exact_point,11.055979835157459,1755.8595196313033,,,独立计算 DEM 遮挡、自由空间损耗与双向预算
T014,投送,4114.41657455691,4134.216574556911,中继,R004,957,PASS,exact_point,11.055979835157459,1755.8595196313033,,,独立计算 DEM 遮挡、自由空间损耗与双向预算
T014,投送,4134.216574556911,4154.01657455691,中继,R004,958,PASS,exact_point,11.055979835157459,1755.8595196313033,,,独立计算 DEM 遮挡、自由空间损耗与双向预算
T014,爬升,4154.01657455691,4171.880905611598,中继,R004,959,PASS,worst_obstruction_endpoint_distance,1.0559798351574585,1755.8595196313033,True,,端点最大距离且全时段按遮挡计损仍满足双向预算
T014,爬升,4171.880905611598,4189.745236666286,中继,R004,960,PASS,worst_obstruction_endpoint_distance,1.070294308703211,1752.9682204905325,True,,端点最大距离且全时段按遮挡计损仍满足双向预算
T014,爬升,4189.745236666286,4207.609567720973,中继,R004,961,PASS,worst_obstruction_endpoint_distance,1.079003193774426,1751.2114922161775,True,,端点最大距离且全时段按遮挡计损仍满足双向预算
T014,爬升,4207.609567720973,4225.473898775661,中继,R004,962,PASS,worst_obstruction_endpoint_distance,1.079490722717381,1751.1132014983284,True,,端点最大距离且全时段按遮挡计损仍满足双向预算
T014,爬升,4225.473898775661,4243.338229830348,中继,R004,963,PASS,worst_obstruction_endpoint_distance,1.0712674676761509,1752.7718305681353,True,,端点最大距离且全时段按遮挡计损仍满足双向预算
T014,巡航,4243.338229830348,4262.707103742485,中继,R004,964,PASS,worst_obstruction_endpoint_distance,1.0712674676761509,1752.7718305681353,True,,端点最大距离且全时段按遮挡计损仍满足双向预算
T014,巡航,4262.707103742485,4282.07597765462,中继,R004,965,PASS,worst_obstruction_endpoint_distance,2.623672825457902,1465.9026063667584,True,,端点最大距离且全时段按遮挡计损仍满足双向预算
T014,巡航,4282.07597765462,4301.444851566756,中继,R004,966,PASS,worst_obstruction_endpoint_distance,4.502054703899418,1180.826315405272,True,,端点最大距离且全时段按遮挡计损仍满足双向预算
T014,巡航,4301.444851566756,4320.813725478893,中继,R004,967,PASS,worst_obstruction_endpoint_distance,6.868168733638754,899.24974141508,True,,端点最大距离且全时段按遮挡计损仍满足双向预算
T014,巡航,4320.813725478893,4340.182599391029,中继,R004,968,PASS,worst_obstruction_endpoint_distance,10.015481333898364,625.9140373865304,True,,端点最大距离且全时段按遮挡计损仍满足双向预算
T014,巡航,4340.182599391029,4359.551473303165,中继,R004,969,PASS,worst_obstruction_endpoint_distance,14.37103699044114,379.0852693535973,True,,端点最大距离且全时段按遮挡计损仍满足双向预算
T014,巡航,4359.551473303165,4378.920347215301,中继,R004,970,PASS,worst_obstruction_endpoint_distance,14.069522297381894,392.475583151711,True,,端点最大距离且全时段按遮挡计损仍满足双向预算
T014,巡航,4378.920347215301,4398.2892211274375,中继,R004,971,PASS,worst_obstruction_endpoint_distance,9.792259352295261,642.2081174014783,True,,端点最大距离且全时段按遮挡计损仍满足双向预算
T014,巡航,4398.2892211274375,4417.658095039573,中继,R004,972,PASS,worst_obstruction_endpoint_distance,6.704821087598461,916.3211354232054,True,,端点最大距离且全时段按遮挡计损仍满足双向预算
T014,巡航,4417.658095039573,4437.02696895171,中继,R004,973,PASS,worst_obstruction_endpoint_distance,4.375209083256834,1198.197210341921,True,,端点最大距离且全时段按遮挡计损仍满足双向预算
T014,巡航,4437.02696895171,4456.395842863845,中继,R004,974,PASS,worst_obstruction_endpoint_distance,2.5205068448941716,1483.4175612415534,True,,端点最大距离且全时段按遮挡计损仍满足双向预算
T014,巡航,4456.395842863845,4475.764716775982,中继,R004,975,PASS,worst_obstruction_endpoint_distance,0.9845112323786225,1770.3665557193347,True,,端点最大距离且全时段按遮挡计损仍满足双向预算
T014,巡航,4475.764716775982,4495.133590688118,直连,,976,PASS,worst_obstruction_endpoint_distance,0.3511001857511502,3799.563867195433,True,,端点最大距离且全时段按遮挡计损仍满足双向预算
T014,巡航,4495.133590688118,4514.502464600254,直连,,977,PASS,worst_obstruction_endpoint_distance,1.0373955454072217,3510.9042140003926,True,,端点最大距离且全时段按遮挡计损仍满足双向预算
T014,巡航,4514.502464600254,4533.87133851239,直连,,978,PASS,worst_obstruction_endpoint_distance,1.7816975303946947,3222.581293521582,True,,端点最大距离且全时段按遮挡计损仍满足双向预算
T014,巡航,4533.87133851239,4553.240212424526,直连,,979,PASS,worst_obstruction_endpoint_distance,2.5945176302470827,2934.6943556878236,True,,端点最大距离且全时段按遮挡计损仍满足双向预算
T014,巡航,4553.240212424526,4572.609086336663,直连,,980,PASS,worst_obstruction_endpoint_distance,3.489431003683208,2647.3856356294796,True,,端点最大距离且全时段按遮挡计损仍满足双向预算
T014,巡航,4572.609086336663,4591.977960248798,直连,,981,PASS,worst_obstruction_endpoint_distance,4.48434751456054,2360.8662437015696,True,,端点最大距离且全时段按遮挡计损仍满足双向预算
T014,巡航,4591.977960248798,4611.346834160935,直连,,982,PASS,worst_obstruction_endpoint_distance,5.6034748051165195,2075.4631078491716,True,,端点最大距离且全时段按遮挡计损仍满足双向预算
T014,巡航,4611.346834160935,4630.71570807307,直连,,983,PASS,worst_obstruction_endpoint_distance,6.88042209365949,1791.7097359553002,True,,端点最大距离且全时段按遮挡计损仍满足双向预算
T014,巡航,4630.71570807307,4650.0845819852075,直连,,984,PASS,worst_obstruction_endpoint_distance,8.363152781545892,1510.5361360364743,True,,端点最大距离且全时段按遮挡计损仍满足双向预算
T014,巡航,4650.0845819852075,4669.453455897343,直连,,985,PASS,worst_obstruction_endpoint_distance,10.121531530871934,1233.707434162586,True,,端点最大距离且全时段按遮挡计损仍满足双向预算
T014,巡航,4669.453455897343,4688.822329809479,直连,,986,PASS,worst_obstruction_endpoint_distance,12.255496498365815,964.9702702284851,True,,端点最大距离且全时段按遮挡计损仍满足双向预算
T014,巡航,4688.822329809479,4708.191203721615,直连,,987,PASS,worst_obstruction_endpoint_distance,14.877571997569547,713.5265841036068,True,,端点最大距离且全时段按遮挡计损仍满足双向预算
T014,巡航,4708.191203721615,4727.5600776337515,直连,,988,PASS,worst_obstruction_endpoint_distance,17.86521275478823,505.85741518854684,True,,端点最大距离且全时段按遮挡计损仍满足双向预算
T014,下降,4727.5600776337515,4747.292083914824,直连,,989,PASS,worst_obstruction_endpoint_distance,19.603583756332725,414.104138183594,True,,端点最大距离且全时段按遮挡计损仍满足双向预算
T014,下降,4747.292083914824,4767.024090195897,直连,,990,PASS,worst_obstruction_endpoint_distance,20.473489357801128,374.6401256214496,True,,端点最大距离且全时段按遮挡计损仍满足双向预算
T014,下降,4767.024090195897,4786.756096476969,直连,,991,PASS,worst_obstruction_endpoint_distance,21.4403139604089,335.17611305930336,True,,端点最大距离且全时段按遮挡计损仍满足双向预算
T014,下降,4786.756096476969,4806.488102758041,直连,,992,PASS,worst_obstruction_endpoint_distance,22.52839324260283,295.71210049715893,True,,端点最大距离且全时段按遮挡计损仍满足双向预算
T014,下降,4806.488102758041,4826.220109039114,直连,,993,PASS,worst_obstruction_endpoint_distance,23.772562496383983,256.24808793501455,True,,端点最大距离且全时段按遮挡计损仍满足双向预算
T014,下降,4826.220109039114,4845.952115320186,直连,,994,PASS,worst_obstruction_endpoint_distance,25.22522763719563,216.78407537287006,True,,端点最大距离且全时段按遮挡计损仍满足双向预算
T014,下降,4845.952115320186,4865.684121601258,直连,,995,PASS,worst_obstruction_endpoint_distance,26.970617636485343,177.3200628107257,True,,端点最大距离且全时段按遮挡计损仍满足双向预算
T014,下降,4865.684121601258,4885.416127882331,直连,,996,PASS,worst_obstruction_endpoint_distance,29.15725854084033,137.85605024858125,True,,端点最大距离且全时段按遮挡计损仍满足双向预算
T014,下降,4885.416127882331,4905.1481341634035,直连,,997,PASS,worst_obstruction_endpoint_distance,32.08657606883992,98.39203768643506,True,,端点最大距离且全时段按遮挡计损仍满足双向预算
T014,下降,4905.1481341634035,4924.880140444477,直连,,998,PASS,worst_obstruction_endpoint_distance,36.53933743227307,58.928025124290684,True,,端点最大距离且全时段按遮挡计损仍满足双向预算
T014,下降,4924.880140444477,4944.612146725549,直连,,999,PASS,worst_obstruction_endpoint_distance,45.92517525248826,20.0,True,,端点最大距离且全时段按遮挡计损仍满足双向预算
T015,爬升,2691.0,2708.107585313585,直连,,1000,PASS,worst_obstruction_endpoint_distance,42.02857583418874,31.322755940754746,True,,端点最大距离且全时段按遮挡计损仍满足双向预算
T015,爬升,2708.107585313585,2725.21517062717,直连,,1001,PASS,worst_obstruction_endpoint_distance,33.6013896877198,82.6455118815108,True,,端点最大距离且全时段按遮挡计损仍满足双向预算
T015,爬升,2725.21517062717,2742.322755940755,直连,,1002,PASS,worst_obstruction_endpoint_distance,29.405736324095642,133.96826782226555,True,,端点最大距离且全时段按遮挡计损仍满足双向预算
T015,爬升,2742.322755940755,2759.4303412543404,直连,,1003,PASS,worst_obstruction_endpoint_distance,26.58868754837124,185.2910237630216,True,,端点最大距离且全时段按遮挡计损仍满足双向预算
T015,爬升,2759.4303412543404,2776.5379265679253,直连,,1004,PASS,worst_obstruction_endpoint_distance,24.464974504050502,236.61377970377634,True,,端点最大距离且全时段按遮挡计损仍满足双向预算
T015,爬升,2776.5379265679253,2793.64551188151,直连,,1005,PASS,worst_obstruction_endpoint_distance,22.759839664518097,287.93653564453103,True,,端点最大距离且全时段按遮挡计损仍满足双向预算
T015,巡航,2793.64551188151,2813.580823865924,直连,,1006,PASS,worst_obstruction_endpoint_distance,19.58226210365403,415.12190732371414,True,,端点最大距离且全时段按遮挡计损仍满足双向预算
T015,巡航,2813.580823865924,2833.5161358503365,直连,,1007,PASS,worst_obstruction_endpoint_distance,15.505503268057225,663.7638481291795,True,,端点最大距离且全时段按遮挡计损仍满足双向预算
T015,巡航,2833.5161358503365,2853.45144783475,直连,,1008,PASS,worst_obstruction_endpoint_distance,12.463229440911974,942.1656929588921,True,,端点最大距离且全时段按遮挡计损仍满足双向预算
T015,巡航,2853.45144783475,2873.3867598191628,直连,,1009,PASS,worst_obstruction_endpoint_distance,10.145642631643526,1230.287543079246,True,,端点最大距离且全时段按遮挡计损仍满足双向预算
T015,巡航,2873.3867598191628,2893.3220718035764,直连,,1010,PASS,worst_obstruction_endpoint_distance,8.293936099781448,1522.621483851366,True,,端点最大距离且全时段按遮挡计损仍满足双向预算
T015,巡航,2893.3220718035764,2913.257383787989,直连,,1011,PASS,worst_obstruction_endpoint_distance,6.758027590343033,1817.1357754107732,True,,端点最大距离且全时段按遮挡计损仍满足双向预算
T015,巡航,2913.257383787989,2933.1926957724027,直连,,1012,PASS,worst_obstruction_endpoint_distance,5.448118714902037,2112.9188740298164,True,,端点最大距离且全时段按遮挡计损仍满足双向预算
T015,巡航,2933.1926957724027,2953.128007756816,直连,,1013,PASS,worst_obstruction_endpoint_distance,4.307223717296679,2409.5035606837673,True,,端点最大距离且全时段按遮挡计损仍满足双向预算
T015,巡航,2953.128007756816,2973.063319741229,直连,,1014,PASS,worst_obstruction_endpoint_distance,3.2972090851020823,2706.626340747146,True,,端点最大距离且全时段按遮挡计损仍满足双向预算
T015,巡航,2973.063319741229,2992.998631725642,直连,,1015,PASS,worst_obstruction_endpoint_distance,2.3914077795581505,3004.1275583214433,True,,端点最大距离且全时段按遮挡计损仍满足双向预算
T015,巡航,2992.998631725642,3012.9339437100552,直连,,1016,PASS,worst_obstruction_endpoint_distance,1.5704838890166855,3301.9049234751205,True,,端点最大距离且全时段按遮挡计损仍满足双向预算
T015,巡航,3012.9339437100552,3032.8692556944684,直连,,1017,PASS,worst_obstruction_endpoint_distance,0.8199907753844542,3599.8899093492196,True,,端点最大距离且全时段按遮挡计损仍满足双向预算
T015,巡航,3032.8692556944684,3052.8045676788815,直连,,1018,PASS,worst_obstruction_endpoint_distance,0.1288606994990289,3898.0349015831453,True,,端点最大距离且全时段按遮挡计损仍满足双向预算
T015,巡航,3052.8045676788815,3072.7398796632947,中继,R003,1019,PASS,worst_obstruction_endpoint_distance,10.948992185168862,562.133087686103,True,,端点最大距离且全时段按遮挡计损仍满足双向预算
T015,巡航,3072.7398796632947,3092.675191647708,中继,R003,1020,PASS,worst_obstruction_endpoint_distance,16.38604170257858,300.598405903194,True,,端点最大距离且全时段按遮挡计损仍满足双向预算
T015,巡航,3092.675191647708,3112.610503632121,中继,R003,1021,PASS,worst_obstruction_endpoint_distance,13.500443868742849,419.0506945919927,True,,端点最大距离且全时段按遮挡计损仍满足双向预算
T015,下降,3112.610503632121,3129.4178107610273,中继,R003,1022,PASS,worst_obstruction_endpoint_distance,13.151128354991485,436.24688662675163,True,,端点最大距离且全时段按遮挡计损仍满足双向预算
T015,下降,3129.4178107610273,3146.2251178899332,中继,R003,1023,PASS,worst_obstruction_endpoint_distance,12.753667451270502,456.6730528579534,True,,端点最大距离且全时段按遮挡计损仍满足双向预算
T015,投送,3146.2251178899332,3166.2251178899332,中继,R003,1024,PASS,exact_point,22.753667451270502,456.6730528579534,,,独立计算 DEM 遮挡、自由空间损耗与双向预算
T015,投送,3166.2251178899332,3186.2251178899332,中继,R003,1025,PASS,exact_point,22.753667451270502,456.6730528579534,,,独立计算 DEM 遮挡、自由空间损耗与双向预算
T015,投送,3186.2251178899332,3206.2251178899332,中继,R003,1026,PASS,exact_point,22.753667451270502,456.6730528579534,,,独立计算 DEM 遮挡、自由空间损耗与双向预算
T015,投送,3206.2251178899332,3226.2251178899332,中继,R003,1027,PASS,exact_point,22.753667451270502,456.6730528579534,,,独立计算 DEM 遮挡、自由空间损耗与双向预算
T015,投送,3226.2251178899332,3246.2251178899332,中继,R003,1028,PASS,exact_point,22.753667451270502,456.6730528579534,,,独立计算 DEM 遮挡、自由空间损耗与双向预算
T015,投送,3246.2251178899332,3266.2251178899332,中继,R003,1029,PASS,exact_point,22.753667451270502,456.6730528579534,,,独立计算 DEM 遮挡、自由空间损耗与双向预算
T015,投送,3266.2251178899332,3286.2251178899332,中继,R003,1030,PASS,exact_point,22.753667451270502,456.6730528579534,,,独立计算 DEM 遮挡、自由空间损耗与双向预算
T015,投送,3286.2251178899332,3306.2251178899332,中继,R003,1031,PASS,exact_point,22.753667451270502,456.6730528579534,,,独立计算 DEM 遮挡、自由空间损耗与双向预算
T015,投送,3306.2251178899332,3326.2251178899332,中继,R003,1032,PASS,exact_point,22.753667451270502,456.6730528579534,,,独立计算 DEM 遮挡、自由空间损耗与双向预算
T015,投送,3326.2251178899332,3346.2251178899332,中继,R003,1033,PASS,exact_point,22.753667451270502,456.6730528579534,,,独立计算 DEM 遮挡、自由空间损耗与双向预算
T015,投送,3346.2251178899332,3366.2251178899332,中继,R003,1034,PASS,exact_point,22.753667451270502,456.6730528579534,,,独立计算 DEM 遮挡、自由空间损耗与双向预算
T015,投送,3366.2251178899332,3386.2251178899332,中继,R003,1035,PASS,exact_point,22.753667451270502,456.6730528579534,,,独立计算 DEM 遮挡、自由空间损耗与双向预算
T015,爬升,3386.2251178899337,3400.231207164022,中继,R003,1036,PASS,worst_obstruction_endpoint_distance,12.753667451270502,456.6730528579534,True,,端点最大距离且全时段按遮挡计损仍满足双向预算
T015,爬升,3400.231207164022,3414.2372964381107,中继,R003,1037,PASS,worst_obstruction_endpoint_distance,13.1511283549915,436.24688662675135,True,,端点最大距离且全时段按遮挡计损仍满足双向预算
T015,巡航,3414.2372964381107,3434.172608422524,中继,R003,1038,PASS,worst_obstruction_endpoint_distance,13.500443868742849,419.0506945919927,True,,端点最大距离且全时段按遮挡计损仍满足双向预算
T015,巡航,3434.172608422524,3454.107920406937,中继,R003,1039,PASS,worst_obstruction_endpoint_distance,16.38604170257858,300.598405903194,True,,端点最大距离且全时段按遮挡计损仍满足双向预算
T015,巡航,3454.107920406937,3474.04323239135,中继,R003,1040,PASS,worst_obstruction_endpoint_distance,10.948992185168862,562.133087686103,True,,端点最大距离且全时段按遮挡计损仍满足双向预算
T015,巡航,3474.04323239135,3493.9785443757632,直连,,1041,PASS,worst_obstruction_endpoint_distance,0.1288606994990289,3898.0349015831453,True,,端点最大距离且全时段按遮挡计损仍满足双向预算
T015,巡航,3493.9785443757632,3513.9138563601764,直连,,1042,PASS,worst_obstruction_endpoint_distance,0.8199907753844542,3599.8899093492196,True,,端点最大距离且全时段按遮挡计损仍满足双向预算
T015,巡航,3513.9138563601764,3533.8491683445895,直连,,1043,PASS,worst_obstruction_endpoint_distance,1.5704838890166855,3301.9049234751205,True,,端点最大距离且全时段按遮挡计损仍满足双向预算
T015,巡航,3533.8491683445895,3553.7844803290027,直连,,1044,PASS,worst_obstruction_endpoint_distance,2.3914077795581505,3004.1275583214433,True,,端点最大距离且全时段按遮挡计损仍满足双向预算
T015,巡航,3553.7844803290027,3573.719792313416,直连,,1045,PASS,worst_obstruction_endpoint_distance,3.2972090851020823,2706.626340747146,True,,端点最大距离且全时段按遮挡计损仍满足双向预算
T015,巡航,3573.719792313416,3593.655104297829,直连,,1046,PASS,worst_obstruction_endpoint_distance,4.307223717296679,2409.5035606837673,True,,端点最大距离且全时段按遮挡计损仍满足双向预算
T015,巡航,3593.655104297829,3613.5904162822426,直连,,1047,PASS,worst_obstruction_endpoint_distance,5.448118714902037,2112.9188740298164,True,,端点最大距离且全时段按遮挡计损仍满足双向预算
T015,巡航,3613.5904162822426,3633.5257282666553,直连,,1048,PASS,worst_obstruction_endpoint_distance,6.758027590343033,1817.1357754107732,True,,端点最大距离且全时段按遮挡计损仍满足双向预算
T015,巡航,3633.5257282666553,3653.461040251069,直连,,1049,PASS,worst_obstruction_endpoint_distance,8.293936099781448,1522.621483851366,True,,端点最大距离且全时段按遮挡计损仍满足双向预算
T015,巡航,3653.461040251069,3673.3963522354816,直连,,1050,PASS,worst_obstruction_endpoint_distance,10.145642631643526,1230.287543079246,True,,端点最大距离且全时段按遮挡计损仍满足双向预算
T015,巡航,3673.3963522354816,3693.331664219895,直连,,1051,PASS,worst_obstruction_endpoint_distance,12.463229440911974,942.1656929588921,True,,端点最大距离且全时段按遮挡计损仍满足双向预算
T015,巡航,3693.331664219895,3713.266976204308,直连,,1052,PASS,worst_obstruction_endpoint_distance,15.505503268057225,663.7638481291795,True,,端点最大距离且全时段按遮挡计损仍满足双向预算
T015,巡航,3713.266976204308,3733.2022881887215,直连,,1053,PASS,worst_obstruction_endpoint_distance,19.58226210365403,415.12190732371414,True,,端点最大距离且全时段按遮挡计损仍满足双向预算
T015,下降,3733.2022881887215,3750.798661654123,直连,,1054,PASS,worst_obstruction_endpoint_distance,22.759839664518097,287.93653564453103,True,,端点最大距离且全时段按遮挡计损仍满足双向预算
T015,下降,3750.798661654123,3768.395035119525,直连,,1055,PASS,worst_obstruction_endpoint_distance,24.199915310578675,243.94560198102727,True,,端点最大距离且全时段按遮挡计损仍满足双向预算
T015,下降,3768.395035119525,3785.991408584927,直连,,1056,PASS,worst_obstruction_endpoint_distance,25.92714420559213,199.9546683175223,True,,端点最大距离且全时段按遮挡计损仍满足双向预算
T015,下降,3785.991408584927,3803.5877820503283,直连,,1057,PASS,worst_obstruction_endpoint_distance,28.08530264362895,155.9637346540174,True,,端点最大距离且全时段按遮挡计损仍满足双向预算
T015,下降,3803.5877820503283,3821.18415551573,直连,,1058,PASS,worst_obstruction_endpoint_distance,30.963524322055974,111.97280099051358,True,,端点最大距离且全时段按遮挡计损仍满足双向预算
T015,下降,3821.18415551573,3838.780528981132,直连,,1059,PASS,worst_obstruction_endpoint_distance,35.29791337339597,67.98186732700987,True,,端点最大距离且全时段按遮挡计损仍满足双向预算
T015,下降,3838.780528981132,3856.3769024465337,直连,,1060,PASS,worst_obstruction_endpoint_distance,44.344832168047475,23.990933663503824,True,,端点最大距离且全时段按遮挡计损仍满足双向预算
T016,爬升,2714.0,2732.2987226213727,直连,,1061,PASS,worst_obstruction_endpoint_distance,41.09022041847288,34.8961678641181,True,,端点最大距离且全时段按遮挡计损仍满足双向预算
T016,爬升,2732.2987226213727,2750.5974452427454,直连,,1062,PASS,worst_obstruction_endpoint_distance,32.88098978943424,89.7923357282362,True,,端点最大距离且全时段按遮挡计损仍满足双向预算
T016,爬升,2750.5974452427454,2768.896167864118,直连,,1063,PASS,worst_obstruction_endpoint_distance,28.737094664292826,144.68850359235432,True,,端点最大距离且全时段按遮挡计损仍满足双向预算
T016,爬升,2768.896167864118,2787.194890485491,直连,,1064,PASS,worst_obstruction_endpoint_distance,25.943231496630872,199.58467145647376,True,,端点最大距离且全时段按遮挡计损仍满足双向预算
T016,爬升,2787.194890485491,2805.493613106864,直连,,1065,PASS,worst_obstruction_endpoint_distance,23.832673396210197,254.48083932059183,True,,端点最大距离且全时段按遮挡计损仍满足双向预算
T016,爬升,2805.493613106864,2823.7923357282366,直连,,1066,PASS,worst_obstruction_endpoint_distance,22.136014487477,309.37700718470995,True,,端点最大距离且全时段按遮挡计损仍满足双向预算
T016,爬升,2823.7923357282366,2842.0910583496093,直连,,1067,PASS,worst_obstruction_endpoint_distance,20.717231343301734,364.273175048828,True,,端点最大距离且全时段按遮挡计损仍满足双向预算
T016,巡航,2842.0910583496093,2861.979339032121,直连,,1068,PASS,worst_obstruction_endpoint_distance,19.166172498751166,435.4919518029065,True,,端点最大距离且全时段按遮挡计损仍满足双向预算
T016,巡航,2861.979339032121,2881.867619714633,直连,,1069,PASS,worst_obstruction_endpoint_distance,16.376383700665244,600.4399405101009,True,,端点最大距离且全时段按遮挡计损仍满足双向预算
T016,巡航,2881.867619714633,2901.7559003971446,直连,,1070,PASS,worst_obstruction_endpoint_distance,13.84802665832207,803.3178650350284,True,,端点最大距离且全时段按遮挡计损仍满足双向预算
T016,巡航,2901.7559003971446,2921.644181079656,直连,,1071,PASS,worst_obstruction_endpoint_distance,11.75865515724007,1021.7767126231641,True,,端点最大距离且全时段按遮挡计损仍满足双向预算
T016,巡航,2921.644181079656,2941.532461762168,直连,,1072,PASS,worst_obstruction_endpoint_distance,10.023858998310331,1247.6587260477145,True,,端点最大距离且全时段按遮挡计损仍满足双向预算
T016,巡航,2941.532461762168,2961.4207424446795,直连,,1073,PASS,worst_obstruction_endpoint_distance,8.554852807753903,1477.5633762912782,True,,端点最大距离且全时段按遮挡计损仍满足双向预算
T016,巡航,2961.4207424446795,2981.3090231271913,直连,,1074,PASS,worst_obstruction_endpoint_distance,7.286519350126113,1709.8688117165054,True,,端点最大距离且全时段按遮挡计损仍满足双向预算
T016,巡航,2981.3090231271913,3001.197303809703,直连,,1075,PASS,worst_obstruction_endpoint_distance,6.173126013776965,1943.714424408792,True,,端点最大距离且全时段按遮挡计损仍满足双向预算
T016,巡航,3001.197303809703,3021.085584492215,直连,,1076,PASS,worst_obstruction_endpoint_distance,5.182207975643664,2178.604315170309,True,,端点最大距离且全时段按遮挡计损仍满足双向预算
T016,巡航,3021.085584492215,3040.9738651747266,直连,,1077,PASS,worst_obstruction_endpoint_distance,4.290189015092025,2414.23369799851,True,,端点最大距离且全时段按遮挡计损仍满足双向预算
T016,巡航,3040.9738651747266,3060.862145857238,直连,,1078,PASS,worst_obstruction_endpoint_distance,3.479529172961378,2650.405350710559,True,,端点最大距离且全时段按遮挡计损仍满足双向预算
T016,巡航,3060.862145857238,3080.7504265397497,直连,,1079,PASS,worst_obstruction_endpoint_distance,2.7368810245997395,2886.9861942255047,True,,端点最大距离且全时段按遮挡计损仍满足双向预算
T016,巡航,3080.7504265397497,3100.6387072222615,直连,,1080,PASS,worst_obstruction_endpoint_distance,2.0518792423324186,3123.883262266833,True,,端点最大距离且全时段按遮挡计损仍满足双向预算
T016,巡航,3100.6387072222615,3120.5269879047733,直连,,1081,PASS,worst_obstruction_endpoint_distance,1.4163281891577668,3361.0296896850055,True,,端点最大距离且全时段按遮挡计损仍满足双向预算
T016,巡航,3120.5269879047733,3140.415268587285,直连,,1082,PASS,worst_obstruction_endpoint_distance,0.8236439117575145,3598.3761756750528,True,,端点最大距离且全时段按遮挡计损仍满足双向预算
T016,巡航,3140.415268587285,3160.303549269797,直连,,1083,PASS,worst_obstruction_endpoint_distance,0.26846227199115447,3835.8855843779734,True,,端点最大距离且全时段按遮挡计损仍满足双向预算
T016,巡航,3160.303549269797,3180.1918299523086,中继,R004,1084,PASS,worst_obstruction_endpoint_distance,1.250327613390084,1717.0082330977298,True,,端点最大距离且全时段按遮挡计损仍满足双向预算
T016,巡航,3180.1918299523086,3200.08011063482,中继,R004,1085,PASS,worst_obstruction_endpoint_distance,2.5484738969831113,1478.6488962693352,True,,端点最大距离且全时段按遮挡计损仍满足双向预算
T016,巡航,3200.08011063482,3219.9683913173317,中继,R004,1086,PASS,worst_obstruction_endpoint_distance,4.074505373604097,1240.4049469435772,True,,端点最大距离且全时段按遮挡计损仍满足双向预算
T016,下降,3219.9683913173317,3236.3157088222147,中继,R004,1087,PASS,worst_obstruction_endpoint_distance,5.925312180250401,1002.3586655558703,True,,端点最大距离且全时段按遮挡计损仍满足双向预算
T016,下降,3236.3157088222147,3252.663026327097,中继,R004,1088,PASS,worst_obstruction_endpoint_distance,5.9229777164137545,1002.6281007700978,True,,端点最大距离且全时段按遮挡计损仍满足双向预算
T016,下降,3252.663026327097,3269.01034383198,中继,R004,1089,PASS,worst_obstruction_endpoint_distance,5.900223455630936,1005.258110028668,True,,端点最大距离且全时段按遮挡计损仍满足双向预算
T016,下降,3269.01034383198,3285.357661336863,中继,R004,1090,PASS,worst_obstruction_endpoint_distance,5.863329893920252,1009.5370532937532,True,,端点最大距离且全时段按遮挡计损仍满足双向预算
T016,投送,3285.357661336863,3304.448570427772,中继,R004,1091,PASS,exact_point,15.863329893920252,1009.5370532937532,,,独立计算 DEM 遮挡、自由空间损耗与双向预算
T016,投送,3304.448570427772,3323.539479518681,中继,R004,1092,PASS,exact_point,15.863329893920252,1009.5370532937532,,,独立计算 DEM 遮挡、自由空间损耗与双向预算
T016,投送,3323.539479518681,3342.63038860959,中继,R004,1093,PASS,exact_point,15.863329893920252,1009.5370532937532,,,独立计算 DEM 遮挡、自由空间损耗与双向预算
T016,投送,3342.63038860959,3361.7212977004992,中继,R004,1094,PASS,exact_point,15.863329893920252,1009.5370532937532,,,独立计算 DEM 遮挡、自由空间损耗与双向预算
T016,投送,3361.7212977004992,3380.8122067914082,中继,R004,1095,PASS,exact_point,15.863329893920252,1009.5370532937532,,,独立计算 DEM 遮挡、自由空间损耗与双向预算
T016,投送,3380.8122067914082,3399.9031158823173,中继,R004,1096,PASS,exact_point,15.863329893920252,1009.5370532937532,,,独立计算 DEM 遮挡、自由空间损耗与双向预算
T016,投送,3399.9031158823173,3418.9940249732267,中继,R004,1097,PASS,exact_point,15.863329893920252,1009.5370532937532,,,独立计算 DEM 遮挡、自由空间损耗与双向预算
T016,投送,3418.9940249732267,3438.0849340641357,中继,R004,1098,PASS,exact_point,15.863329893920252,1009.5370532937532,,,独立计算 DEM 遮挡、自由空间损耗与双向预算
T016,投送,3438.0849340641357,3457.1758431550447,中继,R004,1099,PASS,exact_point,15.863329893920252,1009.5370532937532,,,独立计算 DEM 遮挡、自由空间损耗与双向预算
T016,投送,3457.1758431550447,3476.266752245954,中继,R004,1100,PASS,exact_point,15.863329893920252,1009.5370532937532,,,独立计算 DEM 遮挡、自由空间损耗与双向预算
T016,投送,3476.266752245954,3495.357661336863,中继,R004,1101,PASS,exact_point,15.863329893920252,1009.5370532937532,,,独立计算 DEM 遮挡、自由空间损耗与双向预算
T016,爬升,3495.357661336863,3513.5213474533994,中继,R004,1102,PASS,worst_obstruction_endpoint_distance,5.863329893920252,1009.5370532937532,True,,端点最大距离且全时段按遮挡计损仍满足双向预算
T016,爬升,3513.5213474533994,3531.685033569936,中继,R004,1103,PASS,worst_obstruction_endpoint_distance,5.909393154225469,1004.1974184592474,True,,端点最大距离且全时段按遮挡计损仍满足双向预算
T016,爬升,3531.685033569936,3549.8487196864726,中继,R004,1104,PASS,worst_obstruction_endpoint_distance,5.925312180250401,1002.3586655558703,True,,端点最大距离且全时段按遮挡计损仍满足双向预算
T016,巡航,3549.8487196864726,3569.737000368984,中继,R004,1105,PASS,worst_obstruction_endpoint_distance,4.074505373604097,1240.4049469435772,True,,端点最大距离且全时段按遮挡计损仍满足双向预算
T016,巡航,3569.737000368984,3589.6252810514957,中继,R004,1106,PASS,worst_obstruction_endpoint_distance,2.5484738969831113,1478.6488962693352,True,,端点最大距离且全时段按遮挡计损仍满足双向预算
T016,巡航,3589.6252810514957,3609.5135617340075,中继,R004,1107,PASS,worst_obstruction_endpoint_distance,1.250327613390084,1717.0082330977298,True,,端点最大距离且全时段按遮挡计损仍满足双向预算
T016,巡航,3609.5135617340075,3629.4018424165192,直连,,1108,PASS,worst_obstruction_endpoint_distance,0.26846227199115447,3835.8855843779734,True,,端点最大距离且全时段按遮挡计损仍满足双向预算
T016,巡航,3629.4018424165192,3649.290123099031,直连,,1109,PASS,worst_obstruction_endpoint_distance,0.8236439117575145,3598.3761756750528,True,,端点最大距离且全时段按遮挡计损仍满足双向预算
T016,巡航,3649.290123099031,3669.1784037815423,直连,,1110,PASS,worst_obstruction_endpoint_distance,1.4163281891577668,3361.0296896850055,True,,端点最大距离且全时段按遮挡计损仍满足双向预算
T016,巡航,3669.1784037815423,3689.0666844640546,直连,,1111,PASS,worst_obstruction_endpoint_distance,2.0518792423324186,3123.883262266833,True,,端点最大距离且全时段按遮挡计损仍满足双向预算
T016,巡航,3689.0666844640546,3708.954965146566,直连,,1112,PASS,worst_obstruction_endpoint_distance,2.7368810245997395,2886.9861942255047,True,,端点最大距离且全时段按遮挡计损仍满足双向预算
T016,巡航,3708.954965146566,3728.8432458290777,直连,,1113,PASS,worst_obstruction_endpoint_distance,3.479529172961378,2650.405350710559,True,,端点最大距离且全时段按遮挡计损仍满足双向预算
T016,巡航,3728.8432458290777,3748.7315265115894,直连,,1114,PASS,worst_obstruction_endpoint_distance,4.290189015092025,2414.23369799851,True,,端点最大距离且全时段按遮挡计损仍满足双向预算
T016,巡航,3748.7315265115894,3768.619807194101,直连,,1115,PASS,worst_obstruction_endpoint_distance,5.182207975643664,2178.604315170309,True,,端点最大距离且全时段按遮挡计损仍满足双向预算
T016,巡航,3768.619807194101,3788.508087876613,直连,,1116,PASS,worst_obstruction_endpoint_distance,6.173126013776965,1943.714424408792,True,,端点最大距离且全时段按遮挡计损仍满足双向预算
T016,巡航,3788.508087876613,3808.3963685591243,直连,,1117,PASS,worst_obstruction_endpoint_distance,7.286519350126113,1709.8688117165054,True,,端点最大距离且全时段按遮挡计损仍满足双向预算
T016,巡航,3808.3963685591243,3828.284649241636,直连,,1118,PASS,worst_obstruction_endpoint_distance,8.554852807753903,1477.5633762912782,True,,端点最大距离且全时段按遮挡计损仍满足双向预算
T016,巡航,3828.284649241636,3848.172929924148,直连,,1119,PASS,worst_obstruction_endpoint_distance,10.023858998310331,1247.6587260477145,True,,端点最大距离且全时段按遮挡计损仍满足双向预算
T016,巡航,3848.172929924148,3868.0612106066596,直连,,1120,PASS,worst_obstruction_endpoint_distance,11.758655157239673,1021.7767126232106,True,,端点最大距离且全时段按遮挡计损仍满足双向预算
T016,巡航,3868.0612106066596,3887.9494912891714,直连,,1121,PASS,worst_obstruction_endpoint_distance,13.84802665832207,803.3178650350284,True,,端点最大距离且全时段按遮挡计损仍满足双向预算
T016,巡航,3887.9494912891714,3907.8377719716827,直连,,1122,PASS,worst_obstruction_endpoint_distance,16.376383700665244,600.4399405101009,True,,端点最大距离且全时段按遮挡计损仍满足双向预算
T016,巡航,3907.8377719716827,3927.726052654195,直连,,1123,PASS,worst_obstruction_endpoint_distance,19.166172498751166,435.4919518029065,True,,端点最大距离且全时段按遮挡计损仍满足双向预算
T016,下降,3927.726052654195,3946.939711406636,直连,,1124,PASS,worst_obstruction_endpoint_distance,20.717231343301734,364.273175048828,True,,端点最大距离且全时段按遮挡计损仍满足双向预算
T016,下降,3946.939711406636,3966.1533701590774,直连,,1125,PASS,worst_obstruction_endpoint_distance,21.945465831584315,316.2390281677254,True,,端点最大距离且全时段按遮挡计损仍满足双向预算
T016,下降,3966.1533701590774,3985.367028911519,直连,,1126,PASS,worst_obstruction_endpoint_distance,23.37644161219356,268.20488128662157,True,,端点最大距离且全时段按遮挡计损仍满足双向预算
T016,下降,3985.367028911519,4004.5806876639604,直连,,1127,PASS,worst_obstruction_endpoint_distance,25.090583344521832,220.1707344055178,True,,端点最大距离且全时段按遮挡计损仍满足双向预算
T016,下降,4004.5806876639604,4023.794346416402,直连,,1128,PASS,worst_obstruction_endpoint_distance,27.22831138255654,172.13658752441398,True,,端点最大距离且全时段按遮挡计损仍满足双向预算
T016,下降,4023.794346416402,4043.0080051688433,直连,,1129,PASS,worst_obstruction_endpoint_distance,30.070168714278523,124.10244064331022,True,,端点最大距离且全时段按遮挡计损仍满足双向预算
T016,下降,4043.0080051688433,4062.2216639212847,直连,,1130,PASS,worst_obstruction_endpoint_distance,34.32170166595185,76.06829376220645,True,,端点最大距离且全时段按遮挡计损仍满足双向预算
T016,下降,4062.2216639212847,4081.4353226737258,直连,,1131,PASS,worst_obstruction_endpoint_distance,42.99202827701126,28.03414688110263,True,,端点最大距离且全时段按遮挡计损仍满足双向预算
T017,爬升,2925.0,2943.0876724243167,直连,,1132,PASS,worst_obstruction_endpoint_distance,41.24926306189187,34.26301727294995,True,,端点最大距离且全时段按遮挡计损仍满足双向预算
T017,爬升,2943.0876724243167,2961.175344848633,直连,,1133,PASS,worst_obstruction_endpoint_distance,33.00435495025734,88.52603454589851,True,,端点最大距离且全时段按遮挡计损仍满足双向预算
T017,爬升,2961.175344848633,2979.2630172729496,直连,,1134,PASS,worst_obstruction_endpoint_distance,28.851876971718013,142.7890518188484,True,,端点最大距离且全时段按遮挡计损仍满足双向预算
T017,爬升,2979.2630172729496,2997.350689697266,直连,,1135,PASS,worst_obstruction_endpoint_distance,26.054155177428697,197.05206909179702,True,,端点最大距离且全时段按遮挡计损仍满足双向预算
T017,爬升,2997.350689697266,3015.438362121582,直连,,1136,PASS,worst_obstruction_endpoint_distance,23.941403967071793,251.31508636474558,True,,端点最大距离且全时段按遮挡计损仍满足双向预算
T017,爬升,3015.438362121582,3033.5260345458987,直连,,1137,PASS,worst_obstruction_endpoint_distance,22.24333053746038,305.5781036376955,True,,端点最大距离且全时段按遮挡计损仍满足双向预算
T017,爬升,3033.5260345458987,3051.613706970215,直连,,1138,PASS,worst_obstruction_endpoint_distance,20.823559347214356,359.84112091064407,True,,端点最大距离且全时段按遮挡计损仍满足双向预算
T017,爬升,3051.613706970215,3069.7013793945316,直连,,1139,PASS,worst_obstruction_endpoint_distance,19.603583756332725,414.104138183594,True,,端点最大距离且全时段按遮挡计损仍满足双向预算
T017,巡航,3069.7013793945316,3089.2264539027333,直连,,1140,PASS,worst_obstruction_endpoint_distance,18.39741098882675,475.7931759032307,True,,端点最大距离且全时段按遮挡计损仍满足双向预算
T017,巡航,3089.2264539027333,3108.751528410935,直连,,1141,PASS,worst_obstruction_endpoint_distance,16.02323156066953,625.3557972562114,True,,端点最大距离且全时段按遮挡计损仍满足双向预算
T017,巡航,3108.751528410935,3128.2766029191366,直连,,1142,PASS,worst_obstruction_endpoint_distance,13.713939458904292,815.815186202598,True,,端点最大距离且全时段按遮挡计损仍满足双向预算
T017,巡航,3128.2766029191366,3147.8016774273383,直连,,1143,PASS,worst_obstruction_endpoint_distance,11.73457387155004,1024.6134787645549,True,,端点最大距离且全时段按遮挡计损仍满足双向预算
T017,巡航,3147.8016774273383,3167.3267519355404,直连,,1144,PASS,worst_obstruction_endpoint_distance,10.059569536755163,1242.5397223605517,True,,端点最大距离且全时段按遮挡计损仍满足双向预算
T017,巡航,3167.3267519355404,3186.851826443742,直连,,1145,PASS,worst_obstruction_endpoint_distance,8.625895505130202,1465.527536545165,True,,端点最大距离且全时段按遮挡计损仍满足双向预算
T017,巡航,3186.851826443742,3206.3769009519438,直连,,1146,PASS,worst_obstruction_endpoint_distance,7.37994272538333,1691.5764177391372,True,,端点最大距离且全时段按遮挡计损仍满足双向预算
T017,巡航,3206.3769009519438,3225.9019754601454,直连,,1147,PASS,worst_obstruction_endpoint_distance,6.281536472192059,1919.6052749671428,True,,端点最大距离且全时段按遮挡计损仍满足双向预算
T017,巡航,3225.9019754601454,3245.427049968347,直连,,1148,PASS,worst_obstruction_endpoint_distance,5.301111871503167,2148.983914379498,True,,端点最大距离且全时段按遮挡计损仍满足双向预算
T017,巡航,3245.427049968347,3264.952124476549,直连,,1149,PASS,worst_obstruction_endpoint_distance,4.4167107952732465,2379.3219905663836,True,,端点最大距离且全时段按遮挡计损仍满足双向预算
T017,巡航,3264.952124476549,3284.4771989847504,直连,,1150,PASS,worst_obstruction_endpoint_distance,3.6117486322979744,2610.3655344174194,True,,端点最大距离且全时段按遮挡计损仍满足双向预算
T017,巡航,3284.4771989847504,3304.0022734929526,直连,,1151,PASS,worst_obstruction_endpoint_distance,2.8734694540850256,2841.9424923292363,True,,端点最大距离且全时段按遮挡计损仍满足双向预算
T017,巡航,3304.0022734929526,3323.527348001154,直连,,1152,PASS,worst_obstruction_endpoint_distance,2.191889165852203,3073.93231124083,True,,端点最大距离且全时段按遮挡计损仍满足双向预算
T017,巡航,3323.527348001154,3343.052422509356,直连,,1153,PASS,worst_obstruction_endpoint_distance,1.559066410352358,3306.248084524794,True,,端点最大距离且全时段按遮挡计损仍满足双向预算
T017,巡航,3343.052422509356,3362.5774970175576,直连,,1154,PASS,worst_obstruction_endpoint_distance,0.9685919145869804,3538.825618295985,True,,端点最大距离且全时段按遮挡计损仍满足双向预算
T017,巡航,3362.5774970175576,3382.1025715257592,直连,,1155,PASS,worst_obstruction_endpoint_distance,0.41522465241320106,3771.616488316685,True,,端点最大距离且全时段按遮挡计损仍满足双向预算
T017,巡航,3382.1025715257592,3401.6276460339614,中继,R004,1156,PASS,worst_obstruction_endpoint_distance,0.8490302798144427,1798.1968986308907,True,,端点最大距离且全时段按遮挡计损仍满足双向预算
T017,巡航,3401.6276460339614,3421.152720542163,中继,R004,1157,PASS,worst_obstruction_endpoint_distance,2.0466724140916455,1566.5892338167546,True,,端点最大距离且全时段按遮挡计损仍满足双向预算
T017,巡航,3421.152720542163,3440.6777950503647,中继,R004,1158,PASS,worst_obstruction_endpoint_distance,3.4301584898653914,1335.9211753415657,True,,端点最大距离且全时段按遮挡计损仍满足双向预算
T017,巡航,3440.6777950503647,3460.2028695585664,中继,R004,1159,PASS,worst_obstruction_endpoint_distance,5.064546292495137,1106.7803593719177,True,,端点最大距离且全时段按遮挡计损仍满足双向预算
T017,巡航,3460.2028695585664,3479.727944066768,中继,R004,1160,PASS,worst_obstruction_endpoint_distance,7.052567845391934,880.3601302922355,True,,端点最大距离且全时段按遮挡计损仍满足双向预算
T017,巡航,3479.727944066768,3499.25301857497,中继,R004,1161,PASS,worst_obstruction_endpoint_distance,9.561891354059668,659.468704394305,True,,端点最大距离且全时段按遮挡计损仍满足双向预算
T017,巡航,3499.25301857497,3518.778093083172,中继,R004,1162,PASS,worst_obstruction_endpoint_distance,12.837614657622282,452.2806684940842,True,,端点最大距离且全时段按遮挡计损仍满足双向预算
T017,巡航,3518.778093083172,3538.3031675913735,中继,R004,1163,PASS,worst_obstruction_endpoint_distance,16.70244194914028,289.845565882971,True,,端点最大距离且全时段按遮挡计损仍满足双向预算
T017,巡航,3538.3031675913735,3557.828242099575,中继,R004,1164,PASS,worst_obstruction_endpoint_distance,13.582992870799032,415.086983475622,True,,端点最大距离且全时段按遮挡计损仍满足双向预算
T017,巡航,3557.828242099575,3577.353316607777,中继,R004,1165,PASS,worst_obstruction_endpoint_distance,10.135028927687586,617.3583292313319,True,,端点最大距离且全时段按遮挡计损仍满足双向预算
T017,巡航,3577.353316607777,3596.878391115979,中继,R004,1166,PASS,worst_obstruction_endpoint_distance,7.496288825348643,836.5161250342817,True,,端点最大距离且全时段按遮挡计损仍满足双向预算
T017,巡航,3596.878391115979,3616.40346562418,中继,R004,1167,PASS,worst_obstruction_endpoint_distance,5.421987482213211,1062.158635121915,True,,端点最大距离且全时段按遮挡计损仍满足双向预算
T017,巡航,3616.40346562418,3635.9285401323823,中继,R004,1168,PASS,worst_obstruction_endpoint_distance,3.7279916585073067,1290.889818240399,True,,端点最大距离且全时段按遮挡计损仍满足双向预算
T017,巡航,3635.9285401323823,3655.453614640584,中继,R004,1169,PASS,worst_obstruction_endpoint_distance,2.30137989286807,1521.3171587343563,True,,端点最大距离且全时段按遮挡计损仍满足双向预算
T017,巡航,3655.453614640584,3674.9786891487856,中继,R004,1170,PASS,worst_obstruction_endpoint_distance,1.0712674676761509,1752.7718305681353,True,,端点最大距离且全时段按遮挡计损仍满足双向预算
T017,下降,3674.9786891487856,3692.8430202034733,中继,R004,1171,PASS,worst_obstruction_endpoint_distance,1.0712674676761509,1752.7718305681353,True,,端点最大距离且全时段按遮挡计损仍满足双向预算
T017,下降,3692.8430202034733,3710.7073512581605,中继,R004,1172,PASS,worst_obstruction_endpoint_distance,1.079490722717381,1751.1132014983282,True,,端点最大距离且全时段按遮挡计损仍满足双向预算
T017,下降,3710.7073512581605,3728.571682312848,中继,R004,1173,PASS,worst_obstruction_endpoint_distance,1.079003193774426,1751.2114922161775,True,,端点最大距离且全时段按遮挡计损仍满足双向预算
T017,下降,3728.571682312848,3746.4360133675355,中继,R004,1174,PASS,worst_obstruction_endpoint_distance,1.070294308703211,1752.9682204905325,True,,端点最大距离且全时段按遮挡计损仍满足双向预算
T017,下降,3746.4360133675355,3764.300344422223,中继,R004,1175,PASS,worst_obstruction_endpoint_distance,1.0559798351574585,1755.8595196313033,True,,端点最大距离且全时段按遮挡计损仍满足双向预算
T017,投送,3764.300344422223,3783.391253513132,中继,R004,1176,PASS,exact_point,11.055979835157459,1755.8595196313033,,,独立计算 DEM 遮挡、自由空间损耗与双向预算
T017,投送,3783.391253513132,3802.482162604041,中继,R004,1177,PASS,exact_point,11.055979835157459,1755.8595196313033,,,独立计算 DEM 遮挡、自由空间损耗与双向预算
T017,投送,3802.482162604041,3821.57307169495,中继,R004,1178,PASS,exact_point,11.055979835157459,1755.8595196313033,,,独立计算 DEM 遮挡、自由空间损耗与双向预算
T017,投送,3821.57307169495,3840.663980785859,中继,R004,1179,PASS,exact_point,11.055979835157459,1755.8595196313033,,,独立计算 DEM 遮挡、自由空间损耗与双向预算
T017,投送,3840.663980785859,3859.7548898767686,中继,R004,1180,PASS,exact_point,11.055979835157459,1755.8595196313033,,,独立计算 DEM 遮挡、自由空间损耗与双向预算
T017,投送,3859.7548898767686,3878.8457989676776,中继,R004,1181,PASS,exact_point,11.055979835157459,1755.8595196313033,,,独立计算 DEM 遮挡、自由空间损耗与双向预算
T017,投送,3878.8457989676776,3897.9367080585866,中继,R004,1182,PASS,exact_point,11.055979835157459,1755.8595196313033,,,独立计算 DEM 遮挡、自由空间损耗与双向预算
T017,投送,3897.9367080585866,3917.027617149496,中继,R004,1183,PASS,exact_point,11.055979835157459,1755.8595196313033,,,独立计算 DEM 遮挡、自由空间损耗与双向预算
T017,投送,3917.027617149496,3936.118526240405,中继,R004,1184,PASS,exact_point,11.055979835157459,1755.8595196313033,,,独立计算 DEM 遮挡、自由空间损耗与双向预算
T017,投送,3936.118526240405,3955.209435331314,中继,R004,1185,PASS,exact_point,11.055979835157459,1755.8595196313033,,,独立计算 DEM 遮挡、自由空间损耗与双向预算
T017,投送,3955.209435331314,3974.300344422223,中继,R004,1186,PASS,exact_point,11.055979835157459,1755.8595196313033,,,独立计算 DEM 遮挡、自由空间损耗与双向预算
T017,爬升,3974.300344422223,3992.9090226041894,中继,R004,1187,PASS,worst_obstruction_endpoint_distance,1.0559798351574585,1755.8595196313033,True,,端点最大距离且全时段按遮挡计损仍满足双向预算
T017,爬升,3992.9090226041894,4011.5177007861557,中继,R004,1188,PASS,worst_obstruction_endpoint_distance,1.0729987463525248,1752.4225014587198,True,,端点最大距离且全时段按遮挡计损仍满足双向预算
T017,爬升,4011.5177007861557,4030.1263789681216,中继,R004,1189,PASS,worst_obstruction_endpoint_distance,1.0806658488908738,1750.876306966168,True,,端点最大距离且全时段按遮挡计损仍满足双向预算
T017,爬升,4030.1263789681216,4048.735057150088,中继,R004,1190,PASS,worst_obstruction_endpoint_distance,1.0712674676761509,1752.7718305681353,True,,端点最大距离且全时段按遮挡计损仍满足双向预算
T017,巡航,4048.735057150088,4068.2601316582895,中继,R004,1191,PASS,worst_obstruction_endpoint_distance,1.0712674676761509,1752.7718305681353,True,,端点最大距离且全时段按遮挡计损仍满足双向预算
T017,巡航,4068.2601316582895,4087.7852061664917,中继,R004,1192,PASS,worst_obstruction_endpoint_distance,2.30137989286807,1521.3171587343563,True,,端点最大距离且全时段按遮挡计损仍满足双向预算
T017,巡航,4087.7852061664917,4107.310280674693,中继,R004,1193,PASS,worst_obstruction_endpoint_distance,3.7279916585073067,1290.889818240399,True,,端点最大距离且全时段按遮挡计损仍满足双向预算
T017,巡航,4107.310280674693,4126.835355182895,中继,R004,1194,PASS,worst_obstruction_endpoint_distance,5.421987482213211,1062.158635121915,True,,端点最大距离且全时段按遮挡计损仍满足双向预算
T017,巡航,4126.835355182895,4146.360429691096,中继,R004,1195,PASS,worst_obstruction_endpoint_distance,7.496288825348643,836.5161250342817,True,,端点最大距离且全时段按遮挡计损仍满足双向预算
T017,巡航,4146.360429691096,4165.885504199298,中继,R004,1196,PASS,worst_obstruction_endpoint_distance,10.135028927686776,617.3583292313892,True,,端点最大距离且全时段按遮挡计损仍满足双向预算
T017,巡航,4165.885504199298,4185.4105787075005,中继,R004,1197,PASS,worst_obstruction_endpoint_distance,13.582992870799032,415.086983475622,True,,端点最大距离且全时段按遮挡计损仍满足双向预算
T017,巡航,4185.4105787075005,4204.935653215702,中继,R004,1198,PASS,worst_obstruction_endpoint_distance,16.70244194914028,289.845565882971,True,,端点最大距离且全时段按遮挡计损仍满足双向预算
T017,巡航,4204.935653215702,4224.460727723904,中继,R004,1199,PASS,worst_obstruction_endpoint_distance,12.837614657622282,452.2806684940842,True,,端点最大距离且全时段按遮挡计损仍满足双向预算
T017,巡航,4224.460727723904,4243.985802232105,中继,R004,1200,PASS,worst_obstruction_endpoint_distance,9.561891354059668,659.468704394305,True,,端点最大距离且全时段按遮挡计损仍满足双向预算
T017,巡航,4243.985802232105,4263.510876740307,中继,R004,1201,PASS,worst_obstruction_endpoint_distance,7.052567845391934,880.3601302922355,True,,端点最大距离且全时段按遮挡计损仍满足双向预算
T017,巡航,4263.510876740307,4283.035951248508,中继,R004,1202,PASS,worst_obstruction_endpoint_distance,5.0645462924954785,1106.7803593718747,True,,端点最大距离且全时段按遮挡计损仍满足双向预算
T017,巡航,4283.035951248508,4302.5610257567105,中继,R004,1203,PASS,worst_obstruction_endpoint_distance,3.4301584898653914,1335.9211753415657,True,,端点最大距离且全时段按遮挡计损仍满足双向预算
T017,巡航,4302.5610257567105,4322.086100264913,中继,R004,1204,PASS,worst_obstruction_endpoint_distance,2.0466724140916455,1566.5892338167546,True,,端点最大距离且全时段按遮挡计损仍满足双向预算
T017,巡航,4322.086100264913,4341.611174773114,中继,R004,1205,PASS,worst_obstruction_endpoint_distance,0.8490302798144427,1798.1968986308907,True,,端点最大距离且全时段按遮挡计损仍满足双向预算
T017,巡航,4341.611174773114,4361.136249281316,直连,,1206,PASS,worst_obstruction_endpoint_distance,0.41522465241320106,3771.616488316685,True,,端点最大距离且全时段按遮挡计损仍满足双向预算
T017,巡航,4361.136249281316,4380.661323789518,直连,,1207,PASS,worst_obstruction_endpoint_distance,0.9685919145869804,3538.825618295985,True,,端点最大距离且全时段按遮挡计损仍满足双向预算
T017,巡航,4380.661323789518,4400.186398297719,直连,,1208,PASS,worst_obstruction_endpoint_distance,1.559066410352358,3306.248084524794,True,,端点最大距离且全时段按遮挡计损仍满足双向预算
T017,巡航,4400.186398297719,4419.7114728059205,直连,,1209,PASS,worst_obstruction_endpoint_distance,2.191889165852203,3073.93231124083,True,,端点最大距离且全时段按遮挡计损仍满足双向预算
T017,巡航,4419.7114728059205,4439.236547314123,直连,,1210,PASS,worst_obstruction_endpoint_distance,2.8734694540850256,2841.9424923292363,True,,端点最大距离且全时段按遮挡计损仍满足双向预算
T017,巡航,4439.236547314123,4458.761621822325,直连,,1211,PASS,worst_obstruction_endpoint_distance,3.6117486322979744,2610.3655344174194,True,,端点最大距离且全时段按遮挡计损仍满足双向预算
T017,巡航,4458.761621822325,4478.286696330526,直连,,1212,PASS,worst_obstruction_endpoint_distance,4.4167107952732465,2379.3219905663836,True,,端点最大距离且全时段按遮挡计损仍满足双向预算
T017,巡航,4478.286696330526,4497.811770838728,直连,,1213,PASS,worst_obstruction_endpoint_distance,5.301111871503167,2148.983914379498,True,,端点最大距离且全时段按遮挡计损仍满足双向预算
T017,巡航,4497.811770838728,4517.33684534693,直连,,1214,PASS,worst_obstruction_endpoint_distance,6.281536472192059,1919.6052749671428,True,,端点最大距离且全时段按遮挡计损仍满足双向预算
T017,巡航,4517.33684534693,4536.861919855131,直连,,1215,PASS,worst_obstruction_endpoint_distance,7.37994272538333,1691.5764177391372,True,,端点最大距离且全时段按遮挡计损仍满足双向预算
T017,巡航,4536.861919855131,4556.386994363333,直连,,1216,PASS,worst_obstruction_endpoint_distance,8.625895505130202,1465.527536545165,True,,端点最大距离且全时段按遮挡计损仍满足双向预算
T017,巡航,4556.386994363333,4575.912068871535,直连,,1217,PASS,worst_obstruction_endpoint_distance,10.059569536755163,1242.5397223605517,True,,端点最大距离且全时段按遮挡计损仍满足双向预算
T017,巡航,4575.912068871535,4595.437143379737,直连,,1218,PASS,worst_obstruction_endpoint_distance,11.73457387155004,1024.6134787645549,True,,端点最大距离且全时段按遮挡计损仍满足双向预算
T017,巡航,4595.437143379737,4614.962217887938,直连,,1219,PASS,worst_obstruction_endpoint_distance,13.713939458904292,815.815186202598,True,,端点最大距离且全时段按遮挡计损仍满足双向预算
T017,巡航,4614.962217887938,4634.48729239614,直连,,1220,PASS,worst_obstruction_endpoint_distance,16.02323156066899,625.3557972562493,True,,端点最大距离且全时段按遮挡计损仍满足双向预算
T017,巡航,4634.48729239614,4654.012366904342,直连,,1221,PASS,worst_obstruction_endpoint_distance,18.39741098882675,475.7931759032307,True,,端点最大距离且全时段按遮挡计损仍满足双向预算
T017,下降,4654.012366904342,4673.3058841569455,直连,,1222,PASS,worst_obstruction_endpoint_distance,19.603583756332725,414.104138183594,True,,端点最大距离且全时段按遮挡计损仍满足双向预算
T017,下降,4673.3058841569455,4692.59940140955,直连,,1223,PASS,worst_obstruction_endpoint_distance,20.67923096631543,365.87034505208607,True,,端点最大距离且全时段按遮挡计损仍满足双向预算
T017,下降,4692.59940140955,4711.892918662154,直连,,1224,PASS,worst_obstruction_endpoint_distance,21.907165707290872,317.6365519205736,True,,端点最大距离且全时段按遮挡计损仍满足双向预算
T017,下降,4711.892918662154,4731.1864359147585,直连,,1225,PASS,worst_obstruction_endpoint_distance,23.337734390683906,269.4027587890634,True,,端点最大距离且全时段按遮挡计损仍满足双向预算
T017,下降,4731.1864359147585,4750.479953167363,直连,,1226,PASS,worst_obstruction_endpoint_distance,25.05129142823644,221.1689656575532,True,,端点最大距离且全时段按遮挡计损仍满足双向预算
T017,下降,4750.479953167363,4769.7734704199665,直连,,1227,PASS,worst_obstruction_endpoint_distance,27.18810853562924,172.93517252604073,True,,端点最大距离且全时段按遮挡计损仍满足双向预算
T017,下降,4769.7734704199665,4789.0669876725715,直连,,1228,PASS,worst_obstruction_endpoint_distance,30.02835001598521,124.70137939453286,True,,端点最大距离且全时段按遮挡计损仍满足双向预算
T017,下降,4789.0669876725715,4808.3605049251755,直连,,1229,PASS,worst_obstruction_endpoint_distance,34.276227532041716,76.4675862630204,True,,端点最大距离且全时段按遮挡计损仍满足双向预算
T017,下降,4808.3605049251755,4827.65402217778,直连,,1230,PASS,worst_obstruction_endpoint_distance,42.93039059934276,28.233793131510197,True,,端点最大距离且全时段按遮挡计损仍满足双向预算
T018,爬升,3317.0,3336.2136587524415,直连,,1231,PASS,worst_obstruction_endpoint_distance,42.992028277010945,28.034146881103652,True,,端点最大距离且全时段按遮挡计损仍满足双向预算
T018,爬升,3336.2136587524415,3355.427317504883,直连,,1232,PASS,worst_obstruction_endpoint_distance,34.321701665951764,76.0682937622073,True,,端点最大距离且全时段按遮挡计损仍满足双向预算
T018,爬升,3355.427317504883,3374.6409762573244,直连,,1233,PASS,worst_obstruction_endpoint_distance,30.07016871427848,124.10244064331096,True,,端点最大距离且全时段按遮挡计损仍满足双向预算
T018,爬升,3374.6409762573244,3393.854635009766,直连,,1234,PASS,worst_obstruction_endpoint_distance,27.228311382556498,172.1365875244146,True,,端点最大距离且全时段按遮挡计损仍满足双向预算
T018,爬升,3393.854635009766,3413.068293762207,直连,,1235,PASS,worst_obstruction_endpoint_distance,25.09058334452186,220.17073440551712,True,,端点最大距离且全时段按遮挡计损仍满足双向预算
T018,爬升,3413.068293762207,3432.2819525146483,直连,,1236,PASS,worst_obstruction_endpoint_distance,23.376441612193588,268.2048812866207,True,,端点最大距离且全时段按遮挡计损仍满足双向预算
T018,爬升,3432.2819525146483,3451.4956112670898,直连,,1237,PASS,worst_obstruction_endpoint_distance,21.945465831584343,316.23902816772437,True,,端点最大距离且全时段按遮挡计损仍满足双向预算
T018,爬升,3451.4956112670898,3470.7092700195312,直连,,1238,PASS,worst_obstruction_endpoint_distance,20.717231343301734,364.273175048828,True,,端点最大距离且全时段按遮挡计损仍满足双向预算
T018,巡航,3470.7092700195312,3489.603136667917,直连,,1239,PASS,worst_obstruction_endpoint_distance,18.661672477929415,461.5355244926001,True,,端点最大距离且全时段按遮挡计损仍满足双向预算
T018,巡航,3489.603136667917,3508.4970033163036,直连,,1240,PASS,worst_obstruction_endpoint_distance,15.375452699934556,673.7769091431577,True,,端点最大距离且全时段按遮挡计损仍满足双向预算
T018,巡航,3508.4970033163036,3527.3908699646895,直连,,1241,PASS,worst_obstruction_endpoint_distance,12.623190271631984,924.9734022323017,True,,端点最大距离且全时段按遮挡计损仍满足双向预算
T018,巡航,3527.3908699646895,3546.2847366130754,直连,,1242,PASS,worst_obstruction_endpoint_distance,10.429575041650054,1190.7209811695823,True,,端点最大距离且全时段按遮挡计损仍满足双向预算
T018,巡航,3546.2847366130754,3565.178603261462,直连,,1243,PASS,worst_obstruction_endpoint_distance,8.640222545108585,1463.112197944657,True,,端点最大距离且全时段按遮挡计损仍满足双向预算
T018,巡航,3565.178603261462,3584.072469909848,直连,,1244,PASS,worst_obstruction_endpoint_distance,7.139643736160679,1739.027987459995,True,,端点最大距离且全时段按遮挡计损仍满足双向预算
T018,巡航,3584.072469909848,3602.966336558234,直连,,1245,PASS,worst_obstruction_endpoint_distance,5.851560521092864,2017.0224508369258,True,,端点最大距离且全时段按遮挡计损仍满足双向预算
T018,巡航,3602.966336558234,3621.86020320662,直连,,1246,PASS,worst_obstruction_endpoint_distance,4.725048394892426,2296.340780852931,True,,端点最大距离且全时段按遮挡计损仍满足双向预算
T018,巡航,3621.86020320662,3640.7540698550065,直连,,1247,PASS,worst_obstruction_endpoint_distance,3.7249953747456317,2576.552461149355,True,,端点最大距离且全时段按遮挡计损仍满足双向预算
T018,巡航,3640.7540698550065,3659.6479365033924,直连,,1248,PASS,worst_obstruction_endpoint_distance,2.8263705191290995,2857.394683434026,True,,端点最大距离且全时段按遮挡计损仍满足双向预算
T018,巡航,3659.6479365033924,3678.5418031517784,直连,,1249,PASS,worst_obstruction_endpoint_distance,2.010784013786548,3138.6981946975716,True,,端点最大距离且全时段按遮挡计损仍满足双向预算
T018,巡航,3678.5418031517784,3697.4356698001648,直连,,1250,PASS,worst_obstruction_endpoint_distance,1.2643662606990915,3420.3491819541655,True,,端点最大距离且全时段按遮挡计损仍满足双向预算
T018,巡航,3697.4356698001648,3716.3295364485507,直连,,1251,PASS,worst_obstruction_endpoint_distance,0.5764172950555349,3702.2683430850543,True,,端点最大距离且全时段按遮挡计损仍满足双向预算
T018,巡航,3716.3295364485507,3735.223403096937,中继,R004,1252,PASS,worst_obstruction_endpoint_distance,0.5970868152485878,1851.1193369976415,True,,端点最大距离且全时段按遮挡计损仍满足双向预算
T018,巡航,3735.223403096937,3754.117269745323,中继,R004,1253,PASS,worst_obstruction_endpoint_distance,2.0387268612306,1568.0229513815293,True,,端点最大距离且全时段按遮挡计损仍满足双向预算
T018,巡航,3754.117269745323,3773.0111363937094,中继,R004,1254,PASS,worst_obstruction_endpoint_distance,3.76728039508761,1285.0639442954207,True,,端点最大距离且全时段按遮挡计损仍满足双向预算
T018,下降,3773.0111363937094,3789.358453898592,中继,R004,1255,PASS,worst_obstruction_endpoint_distance,5.925312180250401,1002.3586655558703,True,,端点最大距离且全时段按遮挡计损仍满足双向预算
T018,下降,3789.358453898592,3805.705771403475,中继,R004,1256,PASS,worst_obstruction_endpoint_distance,5.928065501282532,1002.0409804432401,True,,端点最大距离且全时段按遮挡计损仍满足双向预算
T018,下降,3805.705771403475,3822.0530889083575,中继,R004,1257,PASS,worst_obstruction_endpoint_distance,5.915590178121462,1003.4812205513703,True,,端点最大距离且全时段按遮挡计损仍满足双向预算
T018,下降,3822.0530889083575,3838.4004064132405,中继,R004,1258,PASS,worst_obstruction_endpoint_distance,5.8939662993288096,1005.9825405183378,True,,端点最大距离且全时段按遮挡计损仍满足双向预算
T018,下降,3838.4004064132405,3854.7477239181235,中继,R004,1259,PASS,worst_obstruction_endpoint_distance,5.863329893920252,1009.5370532937532,True,,端点最大距离且全时段按遮挡计损仍满足双向预算
T018,投送,3854.7477239181235,3874.1323393027387,中继,R004,1260,PASS,exact_point,15.863329893920252,1009.5370532937532,,,独立计算 DEM 遮挡、自由空间损耗与双向预算
T018,投送,3874.1323393027387,3893.516954687354,中继,R004,1261,PASS,exact_point,15.863329893920252,1009.5370532937532,,,独立计算 DEM 遮挡、自由空间损耗与双向预算
T018,投送,3893.516954687354,3912.901570071969,中继,R004,1262,PASS,exact_point,15.863329893920252,1009.5370532937532,,,独立计算 DEM 遮挡、自由空间损耗与双向预算
T018,投送,3912.901570071969,3932.2861854565845,中继,R004,1263,PASS,exact_point,15.863329893920252,1009.5370532937532,,,独立计算 DEM 遮挡、自由空间损耗与双向预算
T018,投送,3932.2861854565845,3951.6708008412,中继,R004,1264,PASS,exact_point,15.863329893920252,1009.5370532937532,,,独立计算 DEM 遮挡、自由空间损耗与双向预算
T018,投送,3951.6708008412,3971.055416225816,中继,R004,1265,PASS,exact_point,15.863329893920252,1009.5370532937532,,,独立计算 DEM 遮挡、自由空间损耗与双向预算
T018,投送,3971.055416225816,3990.440031610431,中继,R004,1266,PASS,exact_point,15.863329893920252,1009.5370532937532,,,独立计算 DEM 遮挡、自由空间损耗与双向预算
T018,投送,3990.440031610431,4009.8246469950464,中继,R004,1267,PASS,exact_point,15.863329893920252,1009.5370532937532,,,独立计算 DEM 遮挡、自由空间损耗与双向预算
T018,投送,4009.8246469950464,4029.2092623796616,中继,R004,1268,PASS,exact_point,15.863329893920252,1009.5370532937532,,,独立计算 DEM 遮挡、自由空间损耗与双向预算
T018,投送,4029.2092623796616,4048.593877764277,中继,R004,1269,PASS,exact_point,15.863329893920252,1009.5370532937532,,,独立计算 DEM 遮挡、自由空间损耗与双向预算
T018,投送,4048.593877764277,4067.9784931488925,中继,R004,1270,PASS,exact_point,15.863329893920252,1009.5370532937532,,,独立计算 DEM 遮挡、自由空间损耗与双向预算
T018,投送,4067.9784931488925,4087.363108533508,中继,R004,1271,PASS,exact_point,15.863329893920252,1009.5370532937532,,,独立计算 DEM 遮挡、自由空间损耗与双向预算
T018,投送,4087.363108533508,4106.7477239181235,中继,R004,1272,PASS,exact_point,15.863329893920252,1009.5370532937532,,,独立计算 DEM 遮挡、自由空间损耗与双向预算
T018,爬升,4106.7477239181235,4122.189545207186,中继,R004,1273,PASS,worst_obstruction_endpoint_distance,5.863329893920252,1009.5370532937532,True,,端点最大距离且全时段按遮挡计损仍满足双向预算
T018,爬升,4122.189545207186,4137.631366496248,中继,R004,1274,PASS,worst_obstruction_endpoint_distance,5.898547071718994,1005.4521444023546,True,,端点最大距离且全时段按遮挡计损仍满足双向预算
T018,爬升,4137.631366496248,4153.07318778531,中继,R004,1275,PASS,worst_obstruction_endpoint_distance,5.921161526909046,1002.837768760528,True,,端点最大距离且全时段按遮挡计损仍满足双向预算
T018,爬升,4153.07318778531,4168.515009074374,中继,R004,1276,PASS,worst_obstruction_endpoint_distance,5.927899047790959,1002.0601834063268,True,,端点最大距离且全时段按遮挡计损仍满足双向预算
T018,巡航,4168.515009074374,4187.010109377108,中继,R004,1277,PASS,worst_obstruction_endpoint_distance,5.927899047790959,1002.0601834063268,True,,端点最大距离且全时段按遮挡计损仍满足双向预算
T018,巡航,4187.010109377108,4205.505209679844,中继,R004,1278,PASS,worst_obstruction_endpoint_distance,7.165169740276525,869.0209998383194,True,,端点最大距离且全时段按遮挡计损仍满足双向预算
T018,巡航,4205.505209679844,4224.000309982579,中继,R004,1279,PASS,worst_obstruction_endpoint_distance,7.377664474086842,848.0189058471863,True,,端点最大距离且全时段按遮挡计损仍满足双向预算
T018,巡航,4224.000309982579,4242.4954102853135,中继,R004,1280,PASS,worst_obstruction_endpoint_distance,6.251607914606183,965.4023742444673,True,,端点最大距离且全时段按遮挡计损仍满足双向预算
T018,巡航,4242.4954102853135,4260.990510588049,中继,R004,1281,PASS,worst_obstruction_endpoint_distance,4.81035786826348,1139.648346887648,True,,端点最大距离且全时段按遮挡计损仍满足双向预算
T018,巡航,4260.990510588049,4279.485610890784,中继,R004,1282,PASS,worst_obstruction_endpoint_distance,3.346192756643319,1348.8980301616152,True,,端点最大距离且全时段按遮挡计损仍满足双向预算
T018,巡航,4279.485610890784,4297.98071119352,中继,R004,1283,PASS,worst_obstruction_endpoint_distance,1.9764896359674538,1579.298694936352,True,,端点最大距离且全时段按遮挡计损仍满足双向预算
T018,巡航,4297.98071119352,4316.475811496255,中继,R004,1284,PASS,worst_obstruction_endpoint_distance,0.7307674299904647,1822.8477091422324,True,,端点最大距离且全时段按遮挡计损仍满足双向预算
T018,下降,4316.475811496255,4330.684917941568,中继,R004,1285,PASS,worst_obstruction_endpoint_distance,0.7307674299904647,1822.8477091422324,True,,端点最大距离且全时段按遮挡计损仍满足双向预算
T018,投送,4330.684917941568,4349.884917941567,中继,R004,1286,PASS,exact_point,0.7318298297417414,1822.6247642738538,,,独立计算 DEM 遮挡、自由空间损耗与双向预算
T018,投送,4349.884917941567,4369.084917941567,中继,R004,1287,PASS,exact_point,0.7318298297417414,1822.6247642738538,,,独立计算 DEM 遮挡、自由空间损耗与双向预算
T018,投送,4369.084917941567,4388.284917941567,中继,R004,1288,PASS,exact_point,0.7318298297417414,1822.6247642738538,,,独立计算 DEM 遮挡、自由空间损耗与双向预算
T018,投送,4388.284917941567,4407.484917941567,中继,R004,1289,PASS,exact_point,0.7318298297417414,1822.6247642738538,,,独立计算 DEM 遮挡、自由空间损耗与双向预算
T018,投送,4407.484917941567,4426.684917941568,中继,R004,1290,PASS,exact_point,0.7318298297417414,1822.6247642738538,,,独立计算 DEM 遮挡、自由空间损耗与双向预算
T018,投送,4426.684917941568,4445.884917941567,中继,R004,1291,PASS,exact_point,0.7318298297417414,1822.6247642738538,,,独立计算 DEM 遮挡、自由空间损耗与双向预算
T018,投送,4445.884917941567,4465.084917941567,中继,R004,1292,PASS,exact_point,0.7318298297417414,1822.6247642738538,,,独立计算 DEM 遮挡、自由空间损耗与双向预算
T018,投送,4465.084917941567,4484.284917941567,中继,R004,1293,PASS,exact_point,0.7318298297417414,1822.6247642738538,,,独立计算 DEM 遮挡、自由空间损耗与双向预算
T018,投送,4484.284917941567,4503.484917941567,中继,R004,1294,PASS,exact_point,0.7318298297417414,1822.6247642738538,,,独立计算 DEM 遮挡、自由空间损耗与双向预算
T018,投送,4503.484917941567,4522.684917941568,中继,R004,1295,PASS,exact_point,0.7318298297417414,1822.6247642738538,,,独立计算 DEM 遮挡、自由空间损耗与双向预算
T018,投送,4522.684917941568,4541.884917941567,中继,R004,1296,PASS,exact_point,0.7318298297417414,1822.6247642738538,,,独立计算 DEM 遮挡、自由空间损耗与双向预算
T018,投送,4541.884917941567,4561.084917941567,中继,R004,1297,PASS,exact_point,0.7318298297417414,1822.6247642738538,,,独立计算 DEM 遮挡、自由空间损耗与双向预算
T018,投送,4561.084917941567,4580.284917941567,中继,R004,1298,PASS,exact_point,0.7318298297417414,1822.6247642738538,,,独立计算 DEM 遮挡、自由空间损耗与双向预算
T018,投送,4580.284917941567,4599.484917941567,中继,R004,1299,PASS,exact_point,0.7318298297417414,1822.6247642738538,,,独立计算 DEM 遮挡、自由空间损耗与双向预算
T018,投送,4599.484917941567,4618.684917941568,中继,R004,1300,PASS,exact_point,0.7318298297417414,1822.6247642738538,,,独立计算 DEM 遮挡、自由空间损耗与双向预算
T018,爬升,4618.684917941568,4638.144769015786,中继,R004,1301,PASS,worst_obstruction_endpoint_distance,0.7287252227213372,1823.2763434744863,True,,端点最大距离且全时段按遮挡计损仍满足双向预算
T018,爬升,4638.144769015786,4657.604620090005,中继,R004,1302,PASS,worst_obstruction_endpoint_distance,0.7194476577621458,1825.2248602709064,True,,端点最大距离且全时段按遮挡计损仍满足双向预算
T018,巡航,4657.604620090005,4676.682310791831,中继,R004,1303,PASS,worst_obstruction_endpoint_distance,0.7194476577621458,1825.2248602709064,True,,端点最大距离且全时段按遮挡计损仍满足双向预算
T018,巡航,4676.682310791831,4695.760001493657,中继,R004,1304,PASS,worst_obstruction_endpoint_distance,1.183454725095828,1730.2785424355745,True,,端点最大距离且全时段按遮挡计损仍满足双向预算
T018,巡航,4695.760001493657,4714.837692195483,中继,R004,1305,PASS,worst_obstruction_endpoint_distance,1.4431868980968119,1679.304351630539,True,,端点最大距离且全时段按遮挡计损仍满足双向预算
T018,巡航,4714.837692195483,4733.915382897309,中继,R004,1306,PASS,worst_obstruction_endpoint_distance,1.227278420368691,1721.5705994196408,True,,端点最大距离且全时段按遮挡计损仍满足双向预算
T018,巡航,4733.915382897309,4752.993073599136,中继,R004,1307,PASS,worst_obstruction_endpoint_distance,0.7852518787784533,1811.4492212518917,True,,端点最大距离且全时段按遮挡计损仍满足双向预算
T018,巡航,4752.993073599136,4772.070764300962,中继,R004,1308,PASS,worst_obstruction_endpoint_distance,0.19081101792561128,1939.760928747007,True,,端点最大距离且全时段按遮挡计损仍满足双向预算
T018,巡航,4772.070764300962,4791.148455002788,中继,R005,1309,PASS,worst_obstruction_endpoint_distance,0.20289480643654656,1937.0642143332168,True,,端点最大距离且全时段按遮挡计损仍满足双向预算
T018,巡航,4791.148455002788,4810.226145704614,中继,R005,1310,PASS,worst_obstruction_endpoint_distance,1.4478904620044801,1678.3952245974033,True,,端点最大距离且全时段按遮挡计损仍满足双向预算
T018,巡航,4810.226145704614,4829.3038364064405,直连,,1311,PASS,worst_obstruction_endpoint_distance,0.4784889884004002,3744.2454341324783,True,,端点最大距离且全时段按遮挡计损仍满足双向预算
T018,巡航,4829.3038364064405,4848.381527108267,直连,,1312,PASS,worst_obstruction_endpoint_distance,1.1640687134028127,3460.0734864853043,True,,端点最大距离且全时段按遮挡计损仍满足双向预算
T018,巡航,4848.381527108267,4867.459217810093,直连,,1313,PASS,worst_obstruction_endpoint_distance,1.907455621920647,3176.25950134185,True,,端点最大距离且全时段按遮挡计损仍满足双向预算
T018,巡航,4867.459217810093,4886.536908511919,直连,,1314,PASS,worst_obstruction_endpoint_distance,2.719080205408204,2892.908836272585,True,,端点最大距离且全时段按遮挡计损仍满足双向预算
T018,巡航,4886.536908511919,4905.614599213745,直连,,1315,PASS,worst_obstruction_endpoint_distance,3.6123913546315833,2610.172384581751,True,,端点最大距离且全时段按遮挡计损仍满足双向预算
T018,巡航,4905.614599213745,4924.692289915571,直连,,1316,PASS,worst_obstruction_endpoint_distance,4.605093696449487,2328.273920013624,True,,端点最大距离且全时段按遮挡计损仍满足双向预算
T018,巡航,4924.692289915571,4943.769980617397,直连,,1317,PASS,worst_obstruction_endpoint_distance,5.721044201132514,2047.5595823149097,True,,端点最大距离且全时段按遮挡计损仍满足双向预算
T018,巡航,4943.769980617397,4962.847671319223,直连,,1318,PASS,worst_obstruction_endpoint_distance,6.993215648778175,1768.5933016874653,True,,端点最大距离且全时段按遮挡计损仍满足双向预算
T018,巡航,4962.847671319223,4981.925362021049,直连,,1319,PASS,worst_obstruction_endpoint_distance,8.468328226484786,1492.3556940457386,True,,端点最大距离且全时段按遮挡计损仍满足双向预算
T018,巡航,4981.925362021049,5001.0030527228755,直连,,1320,PASS,worst_obstruction_endpoint_distance,10.213591886626759,1220.7006166374656,True,,端点最大距离且全时段按遮挡计损仍满足双向预算
T018,巡航,5001.0030527228755,5020.080743424702,直连,,1321,PASS,worst_obstruction_endpoint_distance,12.322670535858677,957.5362658919046,True,,端点最大距离且全时段按遮挡计损仍满足双向预算
T018,巡航,5020.080743424702,5039.158434126528,直连,,1322,PASS,worst_obstruction_endpoint_distance,14.892076823385764,712.3360391482996,True,,端点最大距离且全时段按遮挡计损仍满足双向预算
T018,巡航,5039.158434126528,5058.236124828354,直连,,1323,PASS,worst_obstruction_endpoint_distance,17.766895121913237,511.6158636829078,True,,端点最大距离且全时段按遮挡计损仍满足双向预算
T018,下降,5058.236124828354,5076.740260468817,直连,,1324,PASS,worst_obstruction_endpoint_distance,19.396424967151802,424.099255371094,True,,端点最大距离且全时段按遮挡计损仍满足双向预算
T018,下降,5076.740260468817,5095.2443961092795,直连,,1325,PASS,worst_obstruction_endpoint_distance,20.189514043986463,387.0909840901688,True,,端点最大距离且全时段按遮挡计损仍满足双向预算
T018,下降,5095.2443961092795,5113.748531749741,直连,,1326,PASS,worst_obstruction_endpoint_distance,21.062361851747852,350.08271280924345,True,,端点最大距离且全时段按遮挡计损仍满足双向预算
T018,下降,5113.748531749741,5132.252667390203,直连,,1327,PASS,worst_obstruction_endpoint_distance,22.032822874833982,313.07444152832005,True,,端点最大距离且全时段按遮挡计损仍满足双向预算
T018,下降,5132.252667390203,5150.756803030666,直连,,1328,PASS,worst_obstruction_endpoint_distance,23.12551135569487,276.0661702473966,True,,端点最大距离且全时段按遮挡计损仍满足双向预算
T018,下降,5150.756803030666,5169.260938671128,直连,,1329,PASS,worst_obstruction_endpoint_distance,24.37571320066607,239.05789896647133,True,,端点最大距离且全时段按遮挡计损仍满足双向预算
T018,下降,5169.260938671128,5187.76507431159,直连,,1330,PASS,worst_obstruction_endpoint_distance,25.836614075565677,202.0496276855461,True,,端点最大距离且全时段按遮挡计损仍满足双向预算
T018,下降,5187.76507431159,5206.269209952053,直连,,1331,PASS,worst_obstruction_endpoint_distance,27.59391948054474,165.0413564046226,True,,端点最大距离且全时段按遮挡计损仍满足双向预算
T018,下降,5206.269209952053,5224.773345592515,直连,,1332,PASS,worst_obstruction_endpoint_distance,29.799330955625607,128.0330851236974,True,,端点最大距离且全时段按遮挡计损仍满足双向预算
T018,下降,5224.773345592515,5243.277481232977,直连,,1333,PASS,worst_obstruction_endpoint_distance,32.7625791773702,91.02481384277212,True,,端点最大距离且全时段按遮挡计损仍满足双向预算
T018,下降,5243.277481232977,5261.781616873439,直连,,1334,PASS,worst_obstruction_endpoint_distance,37.29523950889636,54.01654256184867,True,,端点最大距离且全时段按遮挡计损仍满足双向预算
T018,下降,5261.781616873439,5280.285752513902,直连,,1335,PASS,worst_obstruction_endpoint_distance,45.92517525248826,20.0,True,,端点最大距离且全时段按遮挡计损仍满足双向预算
T019,爬升,4067.0,4083.15073445638,直连,,1336,PASS,worst_obstruction_endpoint_distance,42.863457080491514,28.45220336914022,True,,端点最大距离且全时段按遮挡计损仍满足双向预算
T019,爬升,4083.15073445638,4099.30146891276,直连,,1337,PASS,worst_obstruction_endpoint_distance,34.226750640926554,76.90440673828044,True,,端点最大距离且全时段按遮挡计损仍满足双向预算
T019,爬升,4099.30146891276,4115.452203369141,直连,,1338,PASS,worst_obstruction_endpoint_distance,29.982830377148545,125.356610107422,True,,端点最大距离且全时段按遮挡计损仍满足双向预算
T019,巡航,4115.452203369141,4133.961225809386,直连,,1339,PASS,worst_obstruction_endpoint_distance,22.2704985239005,304.6238004959094,True,,端点最大距离且全时段按遮挡计损仍满足双向预算
T019,巡航,4133.961225809386,4152.470248249631,直连,,1340,PASS,worst_obstruction_endpoint_distance,16.83979160829456,569.2449386880037,True,,端点最大距离且全时段按遮挡计损仍满足双向预算
T019,巡航,4152.470248249631,4170.979270689877,直连,,1341,PASS,worst_obstruction_endpoint_distance,13.436577431180993,842.286590702294,True,,端点最大距离且全时段按遮挡计损仍满足双向预算
T019,巡航,4170.979270689877,4189.488293130122,直连,,1342,PASS,worst_obstruction_endpoint_distance,10.980093890191213,1117.5940057971984,True,,端点最大距离且全时段按遮挡计损仍满足双向预算
T019,巡航,4189.488293130122,4207.997315570367,直连,,1343,PASS,worst_obstruction_endpoint_distance,9.06160871006314,1393.8252340138579,True,,端点最大距离且全时段按遮挡计损仍满足双向预算
T019,巡航,4207.997315570367,4226.506338010613,直连,,1344,PASS,worst_obstruction_endpoint_distance,7.488730846575692,1670.5220634325021,True,,端点最大距离且全时段按遮挡计损仍满足双向预算
T019,巡航,4226.506338010613,4245.015360450858,直连,,1345,PASS,worst_obstruction_endpoint_distance,6.156288066488344,1947.4860477341674,True,,端点最大距离且全时段按遮挡计损仍满足双向预算
T019,巡航,4245.015360450858,4263.524382891103,直连,,1346,PASS,worst_obstruction_endpoint_distance,5.000668542679023,2224.6174071251694,True,,端点最大距离且全时段按遮挡计损仍满足双向预算
T019,巡航,4263.524382891103,4282.033405331349,直连,,1347,PASS,worst_obstruction_endpoint_distance,3.9805132818098343,2501.8605217539953,True,,端点最大距离且全时段按遮挡计损仍满足双向预算
T019,巡航,4282.033405331349,4300.542427771594,直连,,1348,PASS,worst_obstruction_endpoint_distance,3.067435566266326,2779.1819466890624,True,,端点最大距离且全时段按遮挡计损仍满足双向预算
T019,巡航,4300.542427771594,4319.051450211839,直连,,1349,PASS,worst_obstruction_endpoint_distance,2.2411156161546586,3056.5603667445057,True,,端点最大距离且全时段按遮挡计损仍满足双向预算
T019,下降,4319.051450211839,4336.862772233324,直连,,1350,PASS,worst_obstruction_endpoint_distance,2.2411156161546586,3056.5603667445057,True,,端点最大距离且全时段按遮挡计损仍满足双向预算
T019,下降,4336.862772233324,4354.674094254808,直连,,1351,PASS,worst_obstruction_endpoint_distance,2.2453855868061083,3055.0581354130627,True,,端点最大距离且全时段按遮挡计损仍满足双向预算
T019,投送,4354.674094254808,4373.765003345718,直连,,1352,PASS,exact_point,2.2478131175972464,3054.2044276465326,,,独立计算 DEM 遮挡、自由空间损耗与双向预算
T019,投送,4373.765003345718,4392.855912436627,直连,,1353,PASS,exact_point,2.2478131175972464,3054.2044276465326,,,独立计算 DEM 遮挡、自由空间损耗与双向预算
T019,投送,4392.855912436627,4411.946821527536,直连,,1354,PASS,exact_point,2.2478131175972464,3054.2044276465326,,,独立计算 DEM 遮挡、自由空间损耗与双向预算
T019,投送,4411.946821527536,4431.037730618445,直连,,1355,PASS,exact_point,2.2478131175972464,3054.2044276465326,,,独立计算 DEM 遮挡、自由空间损耗与双向预算
T019,投送,4431.037730618445,4450.128639709354,直连,,1356,PASS,exact_point,2.2478131175972464,3054.2044276465326,,,独立计算 DEM 遮挡、自由空间损耗与双向预算
T019,投送,4450.128639709354,4469.219548800263,直连,,1357,PASS,exact_point,2.2478131175972464,3054.2044276465326,,,独立计算 DEM 遮挡、自由空间损耗与双向预算
T019,投送,4469.219548800263,4488.310457891172,直连,,1358,PASS,exact_point,2.2478131175972464,3054.2044276465326,,,独立计算 DEM 遮挡、自由空间损耗与双向预算
T019,投送,4488.310457891172,4507.401366982081,直连,,1359,PASS,exact_point,2.2478131175972464,3054.2044276465326,,,独立计算 DEM 遮挡、自由空间损耗与双向预算
T019,投送,4507.401366982081,4526.49227607299,直连,,1360,PASS,exact_point,2.2478131175972464,3054.2044276465326,,,独立计算 DEM 遮挡、自由空间损耗与双向预算
T019,投送,4526.49227607299,4545.583185163899,直连,,1361,PASS,exact_point,2.2478131175972464,3054.2044276465326,,,独立计算 DEM 遮挡、自由空间损耗与双向预算
T019,投送,4545.583185163899,4564.674094254808,直连,,1362,PASS,exact_point,2.2478131175972464,3054.2044276465326,,,独立计算 DEM 遮挡、自由空间损耗与双向预算
T019,爬升,4564.674094254808,4579.516862606045,直连,,1363,PASS,worst_obstruction_endpoint_distance,2.2453855868061083,3055.0581354130627,True,,端点最大距离且全时段按遮挡计损仍满足双向预算
T019,爬升,4579.516862606045,4594.359630957282,直连,,1364,PASS,worst_obstruction_endpoint_distance,2.2411156161546586,3056.5603667445057,True,,端点最大距离且全时段按遮挡计损仍满足双向预算
T019,巡航,4594.359630957282,4612.868653397527,直连,,1365,PASS,worst_obstruction_endpoint_distance,2.2411156161546586,3056.5603667445057,True,,端点最大距离且全时段按遮挡计损仍满足双向预算
T019,巡航,4612.868653397527,4631.377675837773,直连,,1366,PASS,worst_obstruction_endpoint_distance,3.067435566266326,2779.1819466890624,True,,端点最大距离且全时段按遮挡计损仍满足双向预算
T019,巡航,4631.377675837773,4649.886698278018,直连,,1367,PASS,worst_obstruction_endpoint_distance,3.9805132818098343,2501.8605217539953,True,,端点最大距离且全时段按遮挡计损仍满足双向预算
T019,巡航,4649.886698278018,4668.395720718263,直连,,1368,PASS,worst_obstruction_endpoint_distance,5.000668542679023,2224.6174071251694,True,,端点最大距离且全时段按遮挡计损仍满足双向预算
T019,巡航,4668.395720718263,4686.904743158509,直连,,1369,PASS,worst_obstruction_endpoint_distance,6.156288066488344,1947.4860477341674,True,,端点最大距离且全时段按遮挡计损仍满足双向预算
T019,巡航,4686.904743158509,4705.413765598754,直连,,1370,PASS,worst_obstruction_endpoint_distance,7.488730846575692,1670.5220634325021,True,,端点最大距离且全时段按遮挡计损仍满足双向预算
T019,巡航,4705.413765598754,4723.922788038999,直连,,1371,PASS,worst_obstruction_endpoint_distance,9.06160871006314,1393.8252340138579,True,,端点最大距离且全时段按遮挡计损仍满足双向预算
T019,巡航,4723.922788038999,4742.431810479245,直连,,1372,PASS,worst_obstruction_endpoint_distance,10.980093890191213,1117.5940057971984,True,,端点最大距离且全时段按遮挡计损仍满足双向预算
T019,巡航,4742.431810479245,4760.94083291949,直连,,1373,PASS,worst_obstruction_endpoint_distance,13.436577431180993,842.286590702294,True,,端点最大距离且全时段按遮挡计损仍满足双向预算
T019,巡航,4760.94083291949,4779.449855359735,直连,,1374,PASS,worst_obstruction_endpoint_distance,16.83979160829456,569.2449386880037,True,,端点最大距离且全时段按遮挡计损仍满足双向预算
T019,巡航,4779.449855359735,4797.958877799981,直连,,1375,PASS,worst_obstruction_endpoint_distance,22.2704985239005,304.6238004959094,True,,端点最大距离且全时段按遮挡计损仍满足双向预算
T019,下降,4797.958877799981,4817.339759147637,直连,,1376,PASS,worst_obstruction_endpoint_distance,29.982830377148545,125.356610107422,True,,端点最大距离且全时段按遮挡计损仍满足双向预算
T019,下降,4817.339759147637,4836.720640495293,直连,,1377,PASS,worst_obstruction_endpoint_distance,34.22675064092644,76.90440673828135,True,,端点最大距离且全时段按遮挡计损仍满足双向预算
T019,下降,4836.720640495293,4856.101521842949,直连,,1378,PASS,worst_obstruction_endpoint_distance,42.86345708049137,28.452203369140676,True,,端点最大距离且全时段按遮挡计损仍满足双向预算
T020,爬升,4217.0,4233.150734456381,直连,,1379,PASS,worst_obstruction_endpoint_distance,42.86345708049109,28.452203369141586,True,,端点最大距离且全时段按遮挡计损仍满足双向预算
T020,爬升,4233.150734456381,4249.30146891276,直连,,1380,PASS,worst_obstruction_endpoint_distance,34.226750640926554,76.90440673828044,True,,端点最大距离且全时段按遮挡计损仍满足双向预算
T020,爬升,4249.30146891276,4265.452203369141,直连,,1381,PASS,worst_obstruction_endpoint_distance,29.982830377148545,125.356610107422,True,,端点最大距离且全时段按遮挡计损仍满足双向预算
T020,巡航,4265.452203369141,4283.961225809386,直连,,1382,PASS,worst_obstruction_endpoint_distance,22.2704985239005,304.6238004959094,True,,端点最大距离且全时段按遮挡计损仍满足双向预算
T020,巡航,4283.961225809386,4302.470248249631,直连,,1383,PASS,worst_obstruction_endpoint_distance,16.83979160829456,569.2449386880037,True,,端点最大距离且全时段按遮挡计损仍满足双向预算
T020,巡航,4302.470248249631,4320.979270689877,直连,,1384,PASS,worst_obstruction_endpoint_distance,13.436577431180993,842.286590702294,True,,端点最大距离且全时段按遮挡计损仍满足双向预算
T020,巡航,4320.979270689877,4339.488293130122,直连,,1385,PASS,worst_obstruction_endpoint_distance,10.980093890191213,1117.5940057971984,True,,端点最大距离且全时段按遮挡计损仍满足双向预算
T020,巡航,4339.488293130122,4357.997315570367,直连,,1386,PASS,worst_obstruction_endpoint_distance,9.06160871006314,1393.8252340138579,True,,端点最大距离且全时段按遮挡计损仍满足双向预算
T020,巡航,4357.997315570367,4376.506338010613,直连,,1387,PASS,worst_obstruction_endpoint_distance,7.488730846575692,1670.5220634325021,True,,端点最大距离且全时段按遮挡计损仍满足双向预算
T020,巡航,4376.506338010613,4395.015360450858,直连,,1388,PASS,worst_obstruction_endpoint_distance,6.156288066488344,1947.4860477341674,True,,端点最大距离且全时段按遮挡计损仍满足双向预算
T020,巡航,4395.015360450858,4413.524382891103,直连,,1389,PASS,worst_obstruction_endpoint_distance,5.000668542679023,2224.6174071251694,True,,端点最大距离且全时段按遮挡计损仍满足双向预算
T020,巡航,4413.524382891103,4432.033405331349,直连,,1390,PASS,worst_obstruction_endpoint_distance,3.9805132818098343,2501.8605217539953,True,,端点最大距离且全时段按遮挡计损仍满足双向预算
T020,巡航,4432.033405331349,4450.542427771594,直连,,1391,PASS,worst_obstruction_endpoint_distance,3.067435566266326,2779.1819466890624,True,,端点最大距离且全时段按遮挡计损仍满足双向预算
T020,巡航,4450.542427771594,4469.051450211839,直连,,1392,PASS,worst_obstruction_endpoint_distance,2.2411156161546586,3056.5603667445057,True,,端点最大距离且全时段按遮挡计损仍满足双向预算
T020,下降,4469.051450211839,4486.862772233324,直连,,1393,PASS,worst_obstruction_endpoint_distance,2.2411156161546586,3056.5603667445057,True,,端点最大距离且全时段按遮挡计损仍满足双向预算
T020,下降,4486.862772233324,4504.674094254808,直连,,1394,PASS,worst_obstruction_endpoint_distance,2.2453855868061083,3055.0581354130627,True,,端点最大距离且全时段按遮挡计损仍满足双向预算
T020,投送,4504.674094254808,4523.765003345718,直连,,1395,PASS,exact_point,2.2478131175972464,3054.2044276465326,,,独立计算 DEM 遮挡、自由空间损耗与双向预算
T020,投送,4523.765003345718,4542.855912436627,直连,,1396,PASS,exact_point,2.2478131175972464,3054.2044276465326,,,独立计算 DEM 遮挡、自由空间损耗与双向预算
T020,投送,4542.855912436627,4561.946821527536,直连,,1397,PASS,exact_point,2.2478131175972464,3054.2044276465326,,,独立计算 DEM 遮挡、自由空间损耗与双向预算
T020,投送,4561.946821527536,4581.037730618445,直连,,1398,PASS,exact_point,2.2478131175972464,3054.2044276465326,,,独立计算 DEM 遮挡、自由空间损耗与双向预算
T020,投送,4581.037730618445,4600.128639709354,直连,,1399,PASS,exact_point,2.2478131175972464,3054.2044276465326,,,独立计算 DEM 遮挡、自由空间损耗与双向预算
T020,投送,4600.128639709354,4619.219548800263,直连,,1400,PASS,exact_point,2.2478131175972464,3054.2044276465326,,,独立计算 DEM 遮挡、自由空间损耗与双向预算
T020,投送,4619.219548800263,4638.310457891172,直连,,1401,PASS,exact_point,2.2478131175972464,3054.2044276465326,,,独立计算 DEM 遮挡、自由空间损耗与双向预算
T020,投送,4638.310457891172,4657.401366982081,直连,,1402,PASS,exact_point,2.2478131175972464,3054.2044276465326,,,独立计算 DEM 遮挡、自由空间损耗与双向预算
T020,投送,4657.401366982081,4676.49227607299,直连,,1403,PASS,exact_point,2.2478131175972464,3054.2044276465326,,,独立计算 DEM 遮挡、自由空间损耗与双向预算
T020,投送,4676.49227607299,4695.583185163899,直连,,1404,PASS,exact_point,2.2478131175972464,3054.2044276465326,,,独立计算 DEM 遮挡、自由空间损耗与双向预算
T020,投送,4695.583185163899,4714.674094254808,直连,,1405,PASS,exact_point,2.2478131175972464,3054.2044276465326,,,独立计算 DEM 遮挡、自由空间损耗与双向预算
T020,爬升,4714.674094254808,4729.516862606045,直连,,1406,PASS,worst_obstruction_endpoint_distance,2.2453855868061083,3055.0581354130627,True,,端点最大距离且全时段按遮挡计损仍满足双向预算
T020,爬升,4729.516862606045,4744.359630957282,直连,,1407,PASS,worst_obstruction_endpoint_distance,2.2411156161546586,3056.5603667445057,True,,端点最大距离且全时段按遮挡计损仍满足双向预算
T020,巡航,4744.359630957282,4762.868653397527,直连,,1408,PASS,worst_obstruction_endpoint_distance,2.2411156161546586,3056.5603667445057,True,,端点最大距离且全时段按遮挡计损仍满足双向预算
T020,巡航,4762.868653397527,4781.377675837773,直连,,1409,PASS,worst_obstruction_endpoint_distance,3.067435566266326,2779.1819466890624,True,,端点最大距离且全时段按遮挡计损仍满足双向预算
T020,巡航,4781.377675837773,4799.886698278018,直连,,1410,PASS,worst_obstruction_endpoint_distance,3.9805132818098343,2501.8605217539953,True,,端点最大距离且全时段按遮挡计损仍满足双向预算
T020,巡航,4799.886698278018,4818.395720718263,直连,,1411,PASS,worst_obstruction_endpoint_distance,5.000668542679023,2224.6174071251694,True,,端点最大距离且全时段按遮挡计损仍满足双向预算
T020,巡航,4818.395720718263,4836.904743158509,直连,,1412,PASS,worst_obstruction_endpoint_distance,6.156288066488344,1947.4860477341674,True,,端点最大距离且全时段按遮挡计损仍满足双向预算
T020,巡航,4836.904743158509,4855.413765598754,直连,,1413,PASS,worst_obstruction_endpoint_distance,7.488730846575692,1670.5220634325021,True,,端点最大距离且全时段按遮挡计损仍满足双向预算
T020,巡航,4855.413765598754,4873.922788038999,直连,,1414,PASS,worst_obstruction_endpoint_distance,9.06160871006314,1393.8252340138579,True,,端点最大距离且全时段按遮挡计损仍满足双向预算
T020,巡航,4873.922788038999,4892.431810479245,直连,,1415,PASS,worst_obstruction_endpoint_distance,10.980093890191213,1117.5940057971984,True,,端点最大距离且全时段按遮挡计损仍满足双向预算
T020,巡航,4892.431810479245,4910.94083291949,直连,,1416,PASS,worst_obstruction_endpoint_distance,13.436577431180993,842.286590702294,True,,端点最大距离且全时段按遮挡计损仍满足双向预算
T020,巡航,4910.94083291949,4929.449855359735,直连,,1417,PASS,worst_obstruction_endpoint_distance,16.83979160829456,569.2449386880037,True,,端点最大距离且全时段按遮挡计损仍满足双向预算
T020,巡航,4929.449855359735,4947.958877799981,直连,,1418,PASS,worst_obstruction_endpoint_distance,22.2704985239005,304.6238004959094,True,,端点最大距离且全时段按遮挡计损仍满足双向预算
T020,下降,4947.958877799981,4967.339759147637,直连,,1419,PASS,worst_obstruction_endpoint_distance,29.982830377148545,125.356610107422,True,,端点最大距离且全时段按遮挡计损仍满足双向预算
T020,下降,4967.339759147637,4986.720640495293,直连,,1420,PASS,worst_obstruction_endpoint_distance,34.22675064092644,76.90440673828135,True,,端点最大距离且全时段按遮挡计损仍满足双向预算
T020,下降,4986.720640495293,5006.101521842949,直连,,1421,PASS,worst_obstruction_endpoint_distance,42.86345708049137,28.452203369140676,True,,端点最大距离且全时段按遮挡计损仍满足双向预算
T021,爬升,4394.0,4410.15073445638,直连,,1422,PASS,worst_obstruction_endpoint_distance,42.863457080491926,28.452203369138857,True,,端点最大距离且全时段按遮挡计损仍满足双向预算
T021,爬升,4410.15073445638,4426.30146891276,直连,,1423,PASS,worst_obstruction_endpoint_distance,34.226750640926554,76.90440673828044,True,,端点最大距离且全时段按遮挡计损仍满足双向预算
T021,爬升,4426.30146891276,4442.452203369141,直连,,1424,PASS,worst_obstruction_endpoint_distance,29.982830377148545,125.356610107422,True,,端点最大距离且全时段按遮挡计损仍满足双向预算
T021,巡航,4442.452203369141,4462.029054027093,直连,,1425,PASS,worst_obstruction_endpoint_distance,23.439145992925262,266.2756531493173,True,,端点最大距离且全时段按遮挡计损仍满足双向预算
T021,巡航,4462.029054027093,4481.605904685044,直连,,1426,PASS,worst_obstruction_endpoint_distance,18.208050378198536,486.2798111658891,True,,端点最大距离且全时段按遮挡计损仍满足双向预算
T021,巡航,4481.605904685044,4501.182755342996,直连,,1427,PASS,worst_obstruction_endpoint_distance,14.849596880380076,715.82838275658,True,,端点最大距离且全时段按遮挡计损仍满足双向预算
T021,巡航,4501.182755342996,4520.759606000947,直连,,1428,PASS,worst_obstruction_endpoint_distance,12.409485773578538,948.0133859272303,True,,端点最大距离且全时段按遮挡计损仍满足双向预算
T021,巡航,4520.759606000947,4540.3364566589,直连,,1429,PASS,worst_obstruction_endpoint_distance,10.498709008550065,1181.281242448014,True,,端点最大距离且全时段按遮挡计损仍满足双向预算
T021,巡航,4540.3364566589,4559.913307316851,直连,,1430,PASS,worst_obstruction_endpoint_distance,8.930053702377293,1415.0965532947675,True,,端点最大距离且全时段按遮挡计损仍满足双向预算
T021,巡航,4559.913307316851,4579.490157974803,直连,,1431,PASS,worst_obstruction_endpoint_distance,7.600169114693159,1649.2264926496591,True,,端点最大距离且全时段按遮挡计损仍满足双向预算
T021,巡航,4579.490157974803,4599.0670086327555,直连,,1432,PASS,worst_obstruction_endpoint_distance,6.446214866248994,1883.5537370869965,True,,端点最大距离且全时段按遮挡计损仍满足双向预算
T021,巡航,4599.0670086327555,4618.643859290707,直连,,1433,PASS,worst_obstruction_endpoint_distance,5.427203554487448,2118.012800824474,True,,端点最大距离且全时段按遮挡计损仍满足双向预算
T021,巡航,4618.643859290707,4638.220709948659,直连,,1434,PASS,worst_obstruction_endpoint_distance,4.514945220631574,2352.5642724361696,True,,端点最大距离且全时段按遮挡计损仍满足双向预算
T021,巡航,4638.220709948659,4657.79756060661,直连,,1435,PASS,worst_obstruction_endpoint_distance,3.6892321235043113,2587.183019222811,True,,端点最大距离且全时段按遮挡计损仍满足双向预算
T021,巡航,4657.79756060661,4677.374411264562,直连,,1436,PASS,worst_obstruction_endpoint_distance,2.935089718870202,2821.852260748545,True,,端点最大距离且全时段按遮挡计损仍满足双向预算
T021,巡航,4677.374411264562,4696.951261922514,直连,,1437,PASS,worst_obstruction_endpoint_distance,2.2411156161546586,3056.5603667445057,True,,端点最大距离且全时段按遮挡计损仍满足双向预算
T021,下降,4696.951261922514,4714.762583943999,直连,,1438,PASS,worst_obstruction_endpoint_distance,2.2411156161546586,3056.5603667445057,True,,端点最大距离且全时段按遮挡计损仍满足双向预算
T021,下降,4714.762583943999,4732.5739059654825,直连,,1439,PASS,worst_obstruction_endpoint_distance,2.2453855868061083,3055.0581354130627,True,,端点最大距离且全时段按遮挡计损仍满足双向预算
T021,投送,4732.5739059654825,4752.5739059654825,直连,,1440,PASS,exact_point,2.2478131175972464,3054.2044276465326,,,独立计算 DEM 遮挡、自由空间损耗与双向预算
T021,投送,4752.5739059654825,4772.5739059654825,直连,,1441,PASS,exact_point,2.2478131175972464,3054.2044276465326,,,独立计算 DEM 遮挡、自由空间损耗与双向预算
T021,投送,4772.5739059654825,4792.5739059654825,直连,,1442,PASS,exact_point,2.2478131175972464,3054.2044276465326,,,独立计算 DEM 遮挡、自由空间损耗与双向预算
T021,投送,4792.5739059654825,4812.5739059654825,直连,,1443,PASS,exact_point,2.2478131175972464,3054.2044276465326,,,独立计算 DEM 遮挡、自由空间损耗与双向预算
T021,投送,4812.5739059654825,4832.5739059654825,直连,,1444,PASS,exact_point,2.2478131175972464,3054.2044276465326,,,独立计算 DEM 遮挡、自由空间损耗与双向预算
T021,投送,4832.5739059654825,4852.5739059654825,直连,,1445,PASS,exact_point,2.2478131175972464,3054.2044276465326,,,独立计算 DEM 遮挡、自由空间损耗与双向预算
T021,投送,4852.5739059654825,4872.5739059654825,直连,,1446,PASS,exact_point,2.2478131175972464,3054.2044276465326,,,独立计算 DEM 遮挡、自由空间损耗与双向预算
T021,投送,4872.5739059654825,4892.5739059654825,直连,,1447,PASS,exact_point,2.2478131175972464,3054.2044276465326,,,独立计算 DEM 遮挡、自由空间损耗与双向预算
T021,投送,4892.5739059654825,4912.5739059654825,直连,,1448,PASS,exact_point,2.2478131175972464,3054.2044276465326,,,独立计算 DEM 遮挡、自由空间损耗与双向预算
T021,爬升,4912.5739059654825,4927.41667431672,直连,,1449,PASS,worst_obstruction_endpoint_distance,2.2453855868061083,3055.0581354130627,True,,端点最大距离且全时段按遮挡计损仍满足双向预算
T021,爬升,4927.41667431672,4942.259442667957,直连,,1450,PASS,worst_obstruction_endpoint_distance,2.2411156161546586,3056.5603667445057,True,,端点最大距离且全时段按遮挡计损仍满足双向预算
T021,巡航,4942.259442667957,4961.836293325909,直连,,1451,PASS,worst_obstruction_endpoint_distance,2.2411156161546586,3056.5603667445057,True,,端点最大距离且全时段按遮挡计损仍满足双向预算
T021,巡航,4961.836293325909,4981.41314398386,直连,,1452,PASS,worst_obstruction_endpoint_distance,2.935089718870202,2821.852260748545,True,,端点最大距离且全时段按遮挡计损仍满足双向预算
T021,巡航,4981.41314398386,5000.989994641812,直连,,1453,PASS,worst_obstruction_endpoint_distance,3.6892321235043113,2587.183019222811,True,,端点最大距离且全时段按遮挡计损仍满足双向预算
T021,巡航,5000.989994641812,5020.566845299764,直连,,1454,PASS,worst_obstruction_endpoint_distance,4.514945220631574,2352.5642724361696,True,,端点最大距离且全时段按遮挡计损仍满足双向预算
T021,巡航,5020.566845299764,5040.143695957716,直连,,1455,PASS,worst_obstruction_endpoint_distance,5.427203554487448,2118.012800824474,True,,端点最大距离且全时段按遮挡计损仍满足双向预算
T021,巡航,5040.143695957716,5059.720546615667,直连,,1456,PASS,worst_obstruction_endpoint_distance,6.446214866248994,1883.5537370869965,True,,端点最大距离且全时段按遮挡计损仍满足双向预算
T021,巡航,5059.720546615667,5079.297397273619,直连,,1457,PASS,worst_obstruction_endpoint_distance,7.600169114693159,1649.2264926496591,True,,端点最大距离且全时段按遮挡计损仍满足双向预算
T021,巡航,5079.297397273619,5098.8742479315715,直连,,1458,PASS,worst_obstruction_endpoint_distance,8.930053702377293,1415.0965532947675,True,,端点最大距离且全时段按遮挡计损仍满足双向预算
T021,巡航,5098.8742479315715,5118.451098589523,直连,,1459,PASS,worst_obstruction_endpoint_distance,10.498709008550065,1181.281242448014,True,,端点最大距离且全时段按遮挡计损仍满足双向预算
T021,巡航,5118.451098589523,5138.027949247475,直连,,1460,PASS,worst_obstruction_endpoint_distance,12.409485773578538,948.0133859272303,True,,端点最大距离且全时段按遮挡计损仍满足双向预算
T021,巡航,5138.027949247475,5157.604799905426,直连,,1461,PASS,worst_obstruction_endpoint_distance,14.849596880380076,715.82838275658,True,,端点最大距离且全时段按遮挡计损仍满足双向预算
T021,巡航,5157.604799905426,5177.181650563378,直连,,1462,PASS,worst_obstruction_endpoint_distance,18.208050378198536,486.2798111658891,True,,端点最大距离且全时段按遮挡计损仍满足双向预算
T021,巡航,5177.181650563378,5196.75850122133,直连,,1463,PASS,worst_obstruction_endpoint_distance,23.439145992925262,266.2756531493173,True,,端点最大距离且全时段按遮挡计损仍满足双向预算
T021,下降,5196.75850122133,5216.139382568987,直连,,1464,PASS,worst_obstruction_endpoint_distance,29.982830377148545,125.356610107422,True,,端点最大距离且全时段按遮挡计损仍满足双向预算
T021,下降,5216.139382568987,5235.520263916643,直连,,1465,PASS,worst_obstruction_endpoint_distance,34.22675064092644,76.90440673828135,True,,端点最大距离且全时段按遮挡计损仍满足双向预算
T021,下降,5235.520263916643,5254.901145264299,直连,,1466,PASS,worst_obstruction_endpoint_distance,42.86345708049137,28.452203369140676,True,,端点最大距离且全时段按遮挡计损仍满足双向预算
T022,爬升,4442.0,4460.629083930122,直连,,1467,PASS,worst_obstruction_endpoint_distance,40.846971130325116,35.88725179036558,True,,端点最大距离且全时段按遮挡计损仍满足双向预算
T022,爬升,4460.629083930122,4479.258167860243,直连,,1468,PASS,worst_obstruction_endpoint_distance,32.69133428513673,91.77450358072844,True,,端点最大距离且全时段按遮挡计损仍满足双向预算
T022,爬升,4479.258167860243,4497.887251790365,直连,,1469,PASS,worst_obstruction_endpoint_distance,28.560414627442924,147.661755371094,True,,端点最大距离且全时段按遮挡计损仍满足双向预算
T022,巡航,4497.887251790365,4517.387932809506,直连,,1470,PASS,worst_obstruction_endpoint_distance,23.105539305523138,276.701678111109,True,,端点最大距离且全时段按遮挡计损仍满足双向预算
T022,巡航,4517.387932809506,4536.888613828649,直连,,1471,PASS,worst_obstruction_endpoint_distance,18.12842960559327,490.7578758212867,True,,端点最大距离且全时段按遮挡计损仍满足双向预算
T022,巡航,4536.888613828649,4556.389294847791,直连,,1472,PASS,worst_obstruction_endpoint_distance,14.83071939347792,717.3858209025456,True,,端点最大距离且全时段按遮挡计损仍满足双向预算
T022,巡航,4556.389294847791,4575.889975866932,直连,,1473,PASS,worst_obstruction_endpoint_distance,12.413199503853406,947.608140912613,True,,端点最大距离且全时段按遮挡计损仍满足双向预算
T022,巡航,4575.889975866932,4595.390656886075,直连,,1474,PASS,worst_obstruction_endpoint_distance,10.513129561117665,1179.3216739957807,True,,端点最大距离且全时段按遮挡计损仍满足双向预算
T022,巡航,4595.390656886075,4614.8913379052165,直连,,1475,PASS,worst_obstruction_endpoint_distance,8.950358587344866,1411.7923650909095,True,,端点最大距离且全时段按遮挡计损仍满足双向预算
T022,巡航,4614.8913379052165,4634.392018924358,直连,,1476,PASS,worst_obstruction_endpoint_distance,7.624045631567441,1644.6991830859633,True,,端点最大距离且全时段按遮挡计损仍满足双向预算
T022,巡航,4634.392018924358,4653.8926999435,直连,,1477,PASS,worst_obstruction_endpoint_distance,6.472419076072541,1877.8798611459722,True,,端点最大距离且全时段按遮挡计损仍满足双向预算
T022,巡航,4653.8926999435,4673.393380962642,直连,,1478,PASS,worst_obstruction_endpoint_distance,5.455007997216299,2111.243660095155,True,,端点最大距离且全时段按遮挡计损仍满足双向预算
T022,巡航,4673.393380962642,4692.894061981784,直连,,1479,PASS,worst_obstruction_endpoint_distance,4.543896491302121,2344.735904324178,True,,端点最大距离且全时段按遮挡计损仍满足双向预算
T022,巡航,4692.894061981784,4712.394743000926,直连,,1480,PASS,worst_obstruction_endpoint_distance,3.7190330961793165,2578.321698140954,True,,端点最大距离且全时段按遮挡计损仍满足双向预算
T022,巡航,4712.394743000926,4731.895424020068,直连,,1481,PASS,worst_obstruction_endpoint_distance,2.9655376322348275,2811.977728667235,True,,端点最大距离且全时段按遮挡计损仍满足双向预算
T022,下降,4731.895424020068,4748.547775094286,直连,,1482,PASS,worst_obstruction_endpoint_distance,2.9655376322348275,2811.977728667235,True,,端点最大距离且全时段按遮挡计损仍满足双向预算
T022,下降,4748.547775094286,4765.200126168505,直连,,1483,PASS,worst_obstruction_endpoint_distance,2.9713422573941983,2810.099161870278,True,,端点最大距离且全时段按遮挡计损仍满足双向预算
T022,投送,4765.200126168505,4784.2910352594145,直连,,1484,PASS,exact_point,2.9752461696598544,2808.8364339208633,,,独立计算 DEM 遮挡、自由空间损耗与双向预算
T022,投送,4784.2910352594145,4803.3819443503235,直连,,1485,PASS,exact_point,2.9752461696598544,2808.8364339208633,,,独立计算 DEM 遮挡、自由空间损耗与双向预算
T022,投送,4803.3819443503235,4822.4728534412325,直连,,1486,PASS,exact_point,2.9752461696598544,2808.8364339208633,,,独立计算 DEM 遮挡、自由空间损耗与双向预算
T022,投送,4822.4728534412325,4841.5637625321415,直连,,1487,PASS,exact_point,2.9752461696598544,2808.8364339208633,,,独立计算 DEM 遮挡、自由空间损耗与双向预算
T022,投送,4841.5637625321415,4860.654671623051,直连,,1488,PASS,exact_point,2.9752461696598544,2808.8364339208633,,,独立计算 DEM 遮挡、自由空间损耗与双向预算
T022,投送,4860.654671623051,4879.7455807139595,直连,,1489,PASS,exact_point,2.9752461696598544,2808.8364339208633,,,独立计算 DEM 遮挡、自由空间损耗与双向预算
T022,投送,4879.7455807139595,4898.836489804869,直连,,1490,PASS,exact_point,2.9752461696598544,2808.8364339208633,,,独立计算 DEM 遮挡、自由空间损耗与双向预算
T022,投送,4898.836489804869,4917.927398895778,直连,,1491,PASS,exact_point,2.9752461696598544,2808.8364339208633,,,独立计算 DEM 遮挡、自由空间损耗与双向预算
T022,投送,4917.927398895778,4937.018307986687,直连,,1492,PASS,exact_point,2.9752461696598544,2808.8364339208633,,,独立计算 DEM 遮挡、自由空间损耗与双向预算
T022,投送,4937.018307986687,4956.109217077596,直连,,1493,PASS,exact_point,2.9752461696598544,2808.8364339208633,,,独立计算 DEM 遮挡、自由空间损耗与双向预算
T022,投送,4956.109217077596,4975.200126168505,直连,,1494,PASS,exact_point,2.9752461696598544,2808.8364339208633,,,独立计算 DEM 遮挡、自由空间损耗与双向预算
T022,爬升,4975.200126168505,4989.077085397021,直连,,1495,PASS,worst_obstruction_endpoint_distance,2.9713422573941983,2810.099161870278,True,,端点最大距离且全时段按遮挡计损仍满足双向预算
T022,爬升,4989.077085397021,5002.954044625537,直连,,1496,PASS,worst_obstruction_endpoint_distance,2.9655376322348275,2811.977728667235,True,,端点最大距离且全时段按遮挡计损仍满足双向预算
T022,巡航,5002.954044625537,5022.454725644679,直连,,1497,PASS,worst_obstruction_endpoint_distance,2.9655376322348275,2811.977728667235,True,,端点最大距离且全时段按遮挡计损仍满足双向预算
T022,巡航,5022.454725644679,5041.955406663821,直连,,1498,PASS,worst_obstruction_endpoint_distance,3.7190330961792313,2578.3216981409755,True,,端点最大距离且全时段按遮挡计损仍满足双向预算
T022,巡航,5041.955406663821,5061.456087682963,直连,,1499,PASS,worst_obstruction_endpoint_distance,4.543896491302121,2344.735904324178,True,,端点最大距离且全时段按遮挡计损仍满足双向预算
T022,巡航,5061.456087682963,5080.9567687021045,直连,,1500,PASS,worst_obstruction_endpoint_distance,5.455007997216299,2111.243660095155,True,,端点最大距离且全时段按遮挡计损仍满足双向预算
T022,巡航,5080.9567687021045,5100.457449721246,直连,,1501,PASS,worst_obstruction_endpoint_distance,6.472419076072541,1877.8798611459722,True,,端点最大距离且全时段按遮挡计损仍满足双向预算
T022,巡航,5100.457449721246,5119.958130740389,直连,,1502,PASS,worst_obstruction_endpoint_distance,7.624045631567327,1644.699183085985,True,,端点最大距离且全时段按遮挡计损仍满足双向预算
T022,巡航,5119.958130740389,5139.45881175953,直连,,1503,PASS,worst_obstruction_endpoint_distance,8.950358587344866,1411.7923650909095,True,,端点最大距离且全时段按遮挡计损仍满足双向预算
T022,巡航,5139.45881175953,5158.959492778672,直连,,1504,PASS,worst_obstruction_endpoint_distance,10.513129561117822,1179.3216739957593,True,,端点最大距离且全时段按遮挡计损仍满足双向预算
T022,巡航,5158.959492778672,5178.460173797814,直连,,1505,PASS,worst_obstruction_endpoint_distance,12.413199503853406,947.608140912613,True,,端点最大距离且全时段按遮挡计损仍满足双向预算
T022,巡航,5178.460173797814,5197.960854816956,直连,,1506,PASS,worst_obstruction_endpoint_distance,14.83071939347792,717.3858209025456,True,,端点最大距离且全时段按遮挡计损仍满足双向预算
T022,巡航,5197.960854816956,5217.461535836098,直连,,1507,PASS,worst_obstruction_endpoint_distance,18.12842960560056,490.75787582087463,True,,端点最大距离且全时段按遮挡计损仍满足双向预算
T022,巡航,5217.461535836098,5236.96221685524,直连,,1508,PASS,worst_obstruction_endpoint_distance,23.105539305523138,276.701678111109,True,,端点最大距离且全时段按遮挡计损仍满足双向预算
T022,下降,5236.96221685524,5253.72839239235,直连,,1509,PASS,worst_obstruction_endpoint_distance,28.560414627442924,147.661755371094,True,,端点最大距离且全时段按遮挡计损仍满足双向预算
T022,下降,5253.72839239235,5270.494567929459,直连,,1510,PASS,worst_obstruction_endpoint_distance,31.460470195991547,105.74631652831937,True,,端点最大距离且全时段按遮挡计损仍满足双向预算
T022,下降,5270.494567929459,5287.260743466568,直连,,1511,PASS,worst_obstruction_endpoint_distance,35.845158843874174,63.830877685546994,True,,端点最大距离且全时段按遮挡计损仍满足双向预算
T022,下降,5287.260743466568,5304.026919003678,直连,,1512,PASS,worst_obstruction_endpoint_distance,45.130771734791296,21.91543884277462,True,,端点最大距离且全时段按遮挡计损仍满足双向预算
T023,爬升,5493.0,5512.866486612956,直连,,1513,PASS,worst_obstruction_endpoint_distance,39.991989927358276,39.59945983886726,True,,端点最大距离且全时段按遮挡计损仍满足双向预算
T023,爬升,5512.866486612956,5532.732973225911,直连,,1514,PASS,worst_obstruction_endpoint_distance,32.015636315537805,99.19891967773452,True,,端点最大距离且全时段按遮挡计损仍满足双向预算
T023,爬升,5532.732973225911,5552.599459838867,直连,,1515,PASS,worst_obstruction_endpoint_distance,27.92885384004063,158.79837951660176,True,,端点最大距离且全时段按遮挡计损仍满足双向预算
T023,爬升,5552.599459838867,5572.465946451823,直连,,1516,PASS,worst_obstruction_endpoint_distance,25.160808415575318,218.397839355469,True,,端点最大距离且全时段按遮挡计损仍满足双向预算
T023,巡航,5572.465946451823,5591.431723911668,直连,,1517,PASS,worst_obstruction_endpoint_distance,21.96778359151216,315.4275180539318,True,,端点最大距离且全时段按遮挡计损仍满足双向预算
T023,巡航,5591.431723911668,5610.397501371513,直连,,1518,PASS,worst_obstruction_endpoint_distance,17.882328503398824,504.86159279270055,True,,端点最大距离且全时段按遮挡计损仍满足双向预算
T023,巡航,5610.397501371513,5629.363278831357,直连,,1519,PASS,worst_obstruction_endpoint_distance,14.837244701752255,716.8470844118597,True,,端点最大距离且全时段按遮挡计损仍满足双向预算
T023,巡航,5629.363278831357,5648.3290562912025,直连,,1520,PASS,worst_obstruction_endpoint_distance,12.51851331122657,936.1880488467178,True,,端点最大距离且全时段按遮挡计损仍满足双向预算
T023,巡航,5648.3290562912025,5667.294833751047,直连,,1521,PASS,worst_obstruction_endpoint_distance,10.666243431867713,1158.7148868457655,True,,端点最大距离且全时段按遮挡计损仍满足双向预算
T023,巡航,5667.294833751047,5686.2606112108915,直连,,1522,PASS,worst_obstruction_endpoint_distance,9.130019333983796,1382.890494946619,True,,端点最大距离且全时段按遮挡计损仍满足双向预算
T023,巡航,5686.2606112108915,5705.226388670736,直连,,1523,PASS,worst_obstruction_endpoint_distance,7.81991678755827,1608.0254534211506,True,,端点最大距离且全时段按遮挡计损仍满足双向预算
T023,巡航,5705.226388670736,5724.192166130581,直连,,1524,PASS,worst_obstruction_endpoint_distance,6.678894698588763,1833.7664525528055,True,,端点最大距离且全时段按遮挡计损仍满足双向预算
T023,巡航,5724.192166130581,5743.157943590426,直连,,1525,PASS,worst_obstruction_endpoint_distance,5.6687922911599316,2059.914258406628,True,,端点最大距离且全时段按遮挡计损仍满足双向预算
T023,巡航,5743.157943590426,5762.12372105027,直连,,1526,PASS,worst_obstruction_endpoint_distance,4.7629278771622126,2286.3481596831593,True,,端点最大距离且全时段按遮挡计损仍满足双向预算
T023,巡航,5762.12372105027,5781.089498510115,直连,,1527,PASS,worst_obstruction_endpoint_distance,3.9419571187510485,2512.9908213933977,True,,端点最大距离且全时段按遮挡计损仍满足双向预算
T023,巡航,5781.089498510115,5800.05527596996,直连,,1528,PASS,worst_obstruction_endpoint_distance,3.191428258256792,2739.790436392799,True,,端点最大距离且全时段按遮挡计损仍满足双向预算
T023,巡航,5800.05527596996,5819.021053429805,直连,,1529,PASS,worst_obstruction_endpoint_distance,2.500270302895842,2966.711008526461,True,,端点最大距离且全时段按遮挡计损仍满足双向预算
T023,巡航,5819.021053429805,5837.986830889649,直连,,1530,PASS,worst_obstruction_endpoint_distance,1.8598200342751454,3193.726755171166,True,,端点最大距离且全时段按遮挡计损仍满足双向预算
T023,下降,5837.986830889649,5848.246398760743,直连,,1531,PASS,worst_obstruction_endpoint_distance,1.8598200342751454,3193.726755171166,True,,端点最大距离且全时段按遮挡计损仍满足双向预算
T023,下降,5848.246398760743,5858.5059666318375,直连,,1532,PASS,worst_obstruction_endpoint_distance,1.8643124438889203,3192.075361970319,True,,端点最大距离且全时段按遮挡计损仍满足双向预算
T023,投送,5858.5059666318375,5877.5968757227465,直连,,1533,PASS,exact_point,1.8682481629573715,3190.6293079047914,,,独立计算 DEM 遮挡、自由空间损耗与双向预算
T023,投送,5877.5968757227465,5896.6877848136555,直连,,1534,PASS,exact_point,1.8682481629573715,3190.6293079047914,,,独立计算 DEM 遮挡、自由空间损耗与双向预算
T023,投送,5896.6877848136555,5915.7786939045645,直连,,1535,PASS,exact_point,1.8682481629573715,3190.6293079047914,,,独立计算 DEM 遮挡、自由空间损耗与双向预算
T023,投送,5915.7786939045645,5934.8696029954735,直连,,1536,PASS,exact_point,1.8682481629573715,3190.6293079047914,,,独立计算 DEM 遮挡、自由空间损耗与双向预算
T023,投送,5934.8696029954735,5953.960512086383,直连,,1537,PASS,exact_point,1.8682481629573715,3190.6293079047914,,,独立计算 DEM 遮挡、自由空间损耗与双向预算
T023,投送,5953.960512086383,5973.051421177292,直连,,1538,PASS,exact_point,1.8682481629573715,3190.6293079047914,,,独立计算 DEM 遮挡、自由空间损耗与双向预算
T023,投送,5973.051421177292,5992.142330268201,直连,,1539,PASS,exact_point,1.8682481629573715,3190.6293079047914,,,独立计算 DEM 遮挡、自由空间损耗与双向预算
T023,投送,5992.142330268201,6011.23323935911,直连,,1540,PASS,exact_point,1.8682481629573715,3190.6293079047914,,,独立计算 DEM 遮挡、自由空间损耗与双向预算
T023,投送,6011.23323935911,6030.3241484500195,直连,,1541,PASS,exact_point,1.8682481629573715,3190.6293079047914,,,独立计算 DEM 遮挡、自由空间损耗与双向预算
T023,投送,6030.3241484500195,6049.415057540928,直连,,1542,PASS,exact_point,1.8682481629573715,3190.6293079047914,,,独立计算 DEM 遮挡、自由空间损耗与双向预算
T023,投送,6049.415057540928,6068.5059666318375,直连,,1543,PASS,exact_point,1.8682481629573715,3190.6293079047914,,,独立计算 DEM 遮挡、自由空间损耗与双向预算
T023,爬升,6068.5059666318375,6085.605246416993,直连,,1544,PASS,worst_obstruction_endpoint_distance,1.8598200342751454,3193.726755171166,True,,端点最大距离且全时段按遮挡计损仍满足双向预算
T023,巡航,6085.605246416993,6104.571023876838,直连,,1545,PASS,worst_obstruction_endpoint_distance,1.8598200342751454,3193.726755171166,True,,端点最大距离且全时段按遮挡计损仍满足双向预算
T023,巡航,6104.571023876838,6123.536801336683,直连,,1546,PASS,worst_obstruction_endpoint_distance,2.500270302895842,2966.711008526461,True,,端点最大距离且全时段按遮挡计损仍满足双向预算
T023,巡航,6123.536801336683,6142.502578796528,直连,,1547,PASS,worst_obstruction_endpoint_distance,3.191428258256792,2739.790436392799,True,,端点最大距离且全时段按遮挡计损仍满足双向预算
T023,巡航,6142.502578796528,6161.468356256372,直连,,1548,PASS,worst_obstruction_endpoint_distance,3.9419571187510485,2512.9908213933977,True,,端点最大距离且全时段按遮挡计损仍满足双向预算
T023,巡航,6161.468356256372,6180.434133716217,直连,,1549,PASS,worst_obstruction_endpoint_distance,4.7629278771622126,2286.3481596831593,True,,端点最大距离且全时段按遮挡计损仍满足双向预算
T023,巡航,6180.434133716217,6199.399911176062,直连,,1550,PASS,worst_obstruction_endpoint_distance,5.6687922911599316,2059.914258406628,True,,端点最大距离且全时段按遮挡计损仍满足双向预算
T023,巡航,6199.399911176062,6218.365688635907,直连,,1551,PASS,worst_obstruction_endpoint_distance,6.678894698588763,1833.7664525528055,True,,端点最大距离且全时段按遮挡计损仍满足双向预算
T023,巡航,6218.365688635907,6237.331466095751,直连,,1552,PASS,worst_obstruction_endpoint_distance,7.81991678755827,1608.0254534211506,True,,端点最大距离且全时段按遮挡计损仍满足双向预算
T023,巡航,6237.331466095751,6256.297243555597,直连,,1553,PASS,worst_obstruction_endpoint_distance,9.130019333983796,1382.890494946619,True,,端点最大距离且全时段按遮挡计损仍满足双向预算
T023,巡航,6256.297243555597,6275.263021015441,直连,,1554,PASS,worst_obstruction_endpoint_distance,10.666243431867713,1158.7148868457655,True,,端点最大距离且全时段按遮挡计损仍满足双向预算
T023,巡航,6275.263021015441,6294.228798475286,直连,,1555,PASS,worst_obstruction_endpoint_distance,12.51851331122657,936.1880488467178,True,,端点最大距离且全时段按遮挡计损仍满足双向预算
T023,巡航,6294.228798475286,6313.194575935131,直连,,1556,PASS,worst_obstruction_endpoint_distance,14.837244701752255,716.8470844118597,True,,端点最大距离且全时段按遮挡计损仍满足双向预算
T023,巡航,6313.194575935131,6332.160353394976,直连,,1557,PASS,worst_obstruction_endpoint_distance,17.882328503398824,504.86159279270055,True,,端点最大距离且全时段按遮挡计损仍满足双向预算
T023,巡航,6332.160353394976,6351.12613085482,直连,,1558,PASS,worst_obstruction_endpoint_distance,21.96778359151216,315.4275180539318,True,,端点最大距离且全时段按遮挡计损仍满足双向预算
T023,下降,6351.12613085482,6370.197958003258,直连,,1559,PASS,worst_obstruction_endpoint_distance,25.160808415575318,218.397839355469,True,,端点最大距离且全时段按遮挡计损仍满足双向预算
T023,下降,6370.197958003258,6389.269785151695,直连,,1560,PASS,worst_obstruction_endpoint_distance,27.30017506799763,170.71827148437518,True,,端点最大距离且全时段按遮挡计损仍满足双向预算
T023,下降,6389.269785151695,6408.3416123001325,直连,,1561,PASS,worst_obstruction_endpoint_distance,30.14494023426778,123.03870361328137,True,,端点最大距离且全时段按遮挡计损仍满足双向预算
T023,下降,6408.3416123001325,6427.41343944857,直连,,1562,PASS,worst_obstruction_endpoint_distance,34.403056983805854,75.35913574218759,True,,端点最大距离且全时段按遮挡计损仍满足双向预算
T023,下降,6427.41343944857,6446.4852665970075,直连,,1563,PASS,worst_obstruction_endpoint_distance,43.1025890517096,27.67956787109378,True,,端点最大距离且全时段按遮挡计损仍满足双向预算
T024,爬升,5680.0,5698.035944417317,直连,,1564,PASS,worst_obstruction_endpoint_distance,43.955810044934495,25.08986104329321,True,,端点最大距离且全时段按遮挡计损仍满足双向预算
T024,爬升,5698.035944417317,5716.0718888346355,直连,,1565,PASS,worst_obstruction_endpoint_distance,35.021542284446866,70.1797220865887,True,,端点最大距离且全时段按遮挡计损仍满足双向预算
T024,爬升,5716.0718888346355,5734.107833251954,直连,,1566,PASS,worst_obstruction_endpoint_distance,30.71148071485733,115.26958312988415,True,,端点最大距离且全时段按遮挡计损仍满足双向预算
T024,爬升,5734.107833251954,5752.143777669271,直连,,1567,PASS,worst_obstruction_endpoint_distance,27.843884320576393,160.35944417317734,True,,端点最大距离且全时段按遮挡计损仍满足双向预算
T024,爬升,5752.143777669271,5770.179722086588,直连,,1568,PASS,worst_obstruction_endpoint_distance,25.691681627493523,205.44930521647058,True,,端点最大距离且全时段按遮挡计损仍满足双向预算
T024,爬升,5770.179722086588,5788.2156665039065,直连,,1569,PASS,worst_obstruction_endpoint_distance,23.968262608738172,250.53916625976603,True,,端点最大距离且全时段按遮挡计损仍满足双向预算
T024,巡航,5788.2156665039065,5807.99702356786,直连,,1570,PASS,worst_obstruction_endpoint_distance,20.16139188232583,388.3462932369524,True,,端点最大距离且全时段按遮挡计损仍满足双向预算
T024,巡航,5807.99702356786,5827.778380631814,直连,,1571,PASS,worst_obstruction_endpoint_distance,15.765903798404153,644.1597258386764,True,,端点最大距离且全时段按遮挡计损仍满足双向预算
T024,巡航,5827.778380631814,5847.559737695768,直连,,1572,PASS,worst_obstruction_endpoint_distance,12.62531864366639,924.7467764723526,True,,端点最大距离且全时段按遮挡计损仍满足双向预算
T024,巡航,5847.559737695768,5867.34109475972,直连,,1573,PASS,worst_obstruction_endpoint_distance,10.268298266887285,1213.0364331213775,True,,端点最大距离且全时段按遮挡计损仍满足双向预算
T024,巡航,5867.34109475972,5887.122451823674,直连,,1574,PASS,worst_obstruction_endpoint_distance,8.39730997944396,1504.6076282027716,True,,端点最大距离且全时段按遮挡计损仍满足双向预算
T024,巡航,5887.122451823674,5906.903808887628,直连,,1575,PASS,worst_obstruction_endpoint_distance,6.850635996686719,1797.864505710022,True,,端点最大距离且全时段按遮挡计损仍满足双向预算
T024,巡航,5906.903808887628,5926.685165951581,直连,,1576,PASS,worst_obstruction_endpoint_distance,5.5341333456205035,2092.098321356043,True,,端点最大距离且全时段按遮挡计损仍满足双向预算
T024,巡航,5926.685165951581,5946.466523015535,直连,,1577,PASS,worst_obstruction_endpoint_distance,4.388916634906977,2386.947827420809,True,,端点最大距离且全时段按遮挡计损仍满足双向预算
T024,巡航,5946.466523015535,5966.247880079489,直连,,1578,PASS,worst_obstruction_endpoint_distance,3.375919660747627,2682.209987066719,True,,端点最大距离且全时段按遮挡计损仍满足双向预算
T024,巡航,5966.247880079489,5986.0292371434425,直连,,1579,PASS,worst_obstruction_endpoint_distance,2.4679753448875914,2977.7620519260295,True,,端点最大距离且全时段按遮挡计损仍满足双向预算
T024,巡航,5986.0292371434425,6005.810594207396,直连,,1580,PASS,worst_obstruction_endpoint_distance,1.645460598805812,3273.5255001824776,True,,端点最大距离且全时段按遮挡计损仍满足双向预算
T024,巡航,6005.810594207396,6025.59195127135,直连,,1581,PASS,worst_obstruction_endpoint_distance,0.8937544946891762,3569.447786713983,True,,端点最大距离且全时段按遮挡计损仍满足双向预算
T024,巡航,6025.59195127135,6045.373308335304,直连,,1582,PASS,worst_obstruction_endpoint_distance,0.20167861880452165,3865.492432161046,True,,端点最大距离且全时段按遮挡计损仍满足双向预算
T024,巡航,6045.373308335304,6065.154665399257,中继,R006,1583,PASS,worst_obstruction_endpoint_distance,8.915498169436432,710.4178251369547,True,,端点最大距离且全时段按遮挡计损仍满足双向预算
T024,巡航,6065.154665399257,6084.936022463211,中继,R006,1584,PASS,worst_obstruction_endpoint_distance,5.919360757851777,1003.0456998430258,True,,端点最大距离且全时段按遮挡计损仍满足双向预算
T024,巡航,6084.936022463211,6104.717379527165,中继,R006,1585,PASS,worst_obstruction_endpoint_distance,3.683401975513803,1297.533739429142,True,,端点最大距离且全时段按遮挡计损仍满足双向预算
T024,巡航,6104.717379527165,6124.498736591117,中继,R006,1586,PASS,worst_obstruction_endpoint_distance,1.9022745718798433,1592.850549555853,True,,端点最大距离且全时段按遮挡计损仍满足双向预算
T024,巡航,6124.498736591117,6144.280093655071,中继,R007,1587,PASS,worst_obstruction_endpoint_distance,0.4054463408422606,1892.4152591509098,True,,端点最大距离且全时段按遮挡计损仍满足双向预算
T024,巡航,6144.280093655071,6164.061450719025,中继,R007,1588,PASS,worst_obstruction_endpoint_distance,1.3127262354054778,1704.7176061191228,True,,端点最大距离且全时段按遮挡计损仍满足双向预算
T024,巡航,6164.061450719025,6183.8428077829785,中继,R007,1589,PASS,worst_obstruction_endpoint_distance,2.1310599851746446,1551.4427670527323,True,,端点最大距离且全时段按遮挡计损仍满足双向预算
T024,巡航,6183.8428077829785,6203.624164846932,中继,R007,1590,PASS,worst_obstruction_endpoint_distance,2.7568539914342693,1443.597292027193,True,,端点最大距离且全时段按遮挡计损仍满足双向预算
T024,巡航,6203.624164846932,6223.405521910886,中继,R007,1591,PASS,worst_obstruction_endpoint_distance,3.009436570846745,1402.2224943312915,True,,端点最大距离且全时段按遮挡计损仍满足双向预算
T024,巡航,6223.405521910886,6243.18687897484,中继,R007,1592,PASS,worst_obstruction_endpoint_distance,2.5782083813780474,1473.5956784547577,True,,端点最大距离且全时段按遮挡计损仍满足双向预算
T024,巡航,6243.18687897484,6262.968236038793,中继,R007,1593,PASS,worst_obstruction_endpoint_distance,1.8755622343822864,1597.756696995542,True,,端点最大距离且全时段按遮挡计损仍满足双向预算
T024,巡航,6262.968236038793,6282.749593102746,中继,R007,1594,PASS,worst_obstruction_endpoint_distance,1.017815697403691,1763.5914042963925,True,,端点最大距离且全时段按遮挡计损仍满足双向预算
T024,巡航,6282.749593102746,6302.5309501667,中继,R007,1595,PASS,worst_obstruction_endpoint_distance,0.09820263924140704,1960.5531768111305,True,,端点最大距离且全时段按遮挡计损仍满足双向预算
T024,下降,6302.5309501667,6319.524866792677,中继,R007,1596,PASS,worst_obstruction_endpoint_distance,0.09089597645279923,1962.2031088782874,True,,端点最大距离且全时段按遮挡计损仍满足双向预算
T024,下降,6319.524866792677,6336.518783418654,中继,R007,1597,PASS,worst_obstruction_endpoint_distance,0.08100074457328788,1964.439784645317,True,,端点最大距离且全时段按遮挡计损仍满足双向预算
T024,下降,6336.518783418654,6353.51270004463,中继,R007,1598,PASS,worst_obstruction_endpoint_distance,0.06853462307819314,1967.2612028201515,True,,端点最大距离且全时段按遮挡计损仍满足双向预算
T024,下降,6353.51270004463,6370.5066166706065,中继,R007,1599,PASS,worst_obstruction_endpoint_distance,0.05351975134392717,1970.6648518618697,True,,端点最大距离且全时段按遮挡计损仍满足双向预算
T024,下降,6370.5066166706065,6387.500533296583,中继,R007,1600,PASS,worst_obstruction_endpoint_distance,0.035982598952486455,1974.647721044051,True,,端点最大距离且全时段按遮挡计损仍满足双向预算
T024,投送,6387.500533296583,6407.300533296583,中继,R007,1601,PASS,exact_point,0.035982598952486455,1974.647721044051,,,独立计算 DEM 遮挡、自由空间损耗与双向预算
T024,投送,6407.300533296583,6427.100533296583,中继,R007,1602,PASS,exact_point,0.035982598952486455,1974.647721044051,,,独立计算 DEM 遮挡、自由空间损耗与双向预算
T024,投送,6427.100533296583,6446.9005332965835,中继,R007,1603,PASS,exact_point,0.035982598952486455,1974.647721044051,,,独立计算 DEM 遮挡、自由空间损耗与双向预算
T024,投送,6446.9005332965835,6466.700533296584,中继,R007,1604,PASS,exact_point,0.035982598952486455,1974.647721044051,,,独立计算 DEM 遮挡、自由空间损耗与双向预算
T024,投送,6466.700533296584,6486.500533296583,中继,R007,1605,PASS,exact_point,0.035982598952486455,1974.647721044051,,,独立计算 DEM 遮挡、自由空间损耗与双向预算
T024,投送,6486.500533296583,6506.300533296583,中继,R007,1606,PASS,exact_point,0.035982598952486455,1974.647721044051,,,独立计算 DEM 遮挡、自由空间损耗与双向预算
T024,投送,6506.300533296583,6526.100533296583,中继,R007,1607,PASS,exact_point,0.035982598952486455,1974.647721044051,,,独立计算 DEM 遮挡、自由空间损耗与双向预算
T024,投送,6526.100533296583,6545.9005332965835,中继,R007,1608,PASS,exact_point,0.035982598952486455,1974.647721044051,,,独立计算 DEM 遮挡、自由空间损耗与双向预算
T024,投送,6545.9005332965835,6565.700533296584,中继,R007,1609,PASS,exact_point,0.035982598952486455,1974.647721044051,,,独立计算 DEM 遮挡、自由空间损耗与双向预算
T024,投送,6565.700533296584,6585.500533296583,中继,R007,1610,PASS,exact_point,0.035982598952486455,1974.647721044051,,,独立计算 DEM 遮挡、自由空间损耗与双向预算
T024,投送,6585.500533296583,6605.300533296583,中继,R007,1611,PASS,exact_point,0.035982598952486455,1974.647721044051,,,独立计算 DEM 遮挡、自由空间损耗与双向预算
T024,投送,6605.300533296583,6625.100533296583,中继,R007,1612,PASS,exact_point,0.035982598952486455,1974.647721044051,,,独立计算 DEM 遮挡、自由空间损耗与双向预算
T024,投送,6625.100533296583,6644.9005332965835,中继,R007,1613,PASS,exact_point,0.035982598952486455,1974.647721044051,,,独立计算 DEM 遮挡、自由空间损耗与双向预算
T024,投送,6644.9005332965835,6664.700533296584,中继,R007,1614,PASS,exact_point,0.035982598952486455,1974.647721044051,,,独立计算 DEM 遮挡、自由空间损耗与双向预算
T024,投送,6664.700533296584,6684.500533296583,中继,R007,1615,PASS,exact_point,0.035982598952486455,1974.647721044051,,,独立计算 DEM 遮挡、自由空间损耗与双向预算
T024,投送,6684.500533296583,6704.300533296583,中继,R007,1616,PASS,exact_point,0.035982598952486455,1974.647721044051,,,独立计算 DEM 遮挡、自由空间损耗与双向预算
T024,投送,6704.300533296583,6724.100533296583,中继,R007,1617,PASS,exact_point,0.035982598952486455,1974.647721044051,,,独立计算 DEM 遮挡、自由空间损耗与双向预算
T024,投送,6724.100533296583,6743.9005332965835,中继,R007,1618,PASS,exact_point,0.035982598952486455,1974.647721044051,,,独立计算 DEM 遮挡、自由空间损耗与双向预算
T024,投送,6743.9005332965835,6763.700533296584,中继,R007,1619,PASS,exact_point,0.035982598952486455,1974.647721044051,,,独立计算 DEM 遮挡、自由空间损耗与双向预算
T024,投送,6763.700533296584,6783.500533296583,中继,R007,1620,PASS,exact_point,0.035982598952486455,1974.647721044051,,,独立计算 DEM 遮挡、自由空间损耗与双向预算
T024,爬升,6783.500533296583,6800.49444992256,中继,R007,1621,PASS,worst_obstruction_endpoint_distance,0.035982598952486455,1974.647721044051,True,,端点最大距离且全时段按遮挡计损仍满足双向预算
T024,爬升,6800.49444992256,6817.488366548537,中继,R007,1622,PASS,worst_obstruction_endpoint_distance,0.05751103969893734,1969.7595116920877,True,,端点最大距离且全时段按遮挡计损仍满足双向预算
T024,爬升,6817.488366548537,6834.482283174513,中继,R007,1623,PASS,worst_obstruction_endpoint_distance,0.07508776444491616,1965.777546063408,True,,端点最大距离且全时段按遮挡计损仍满足双向预算
T024,爬升,6834.482283174513,6851.47619980049,中继,R007,1624,PASS,worst_obstruction_endpoint_distance,0.08866423352374397,1962.7073399621577,True,,端点最大距离且全时段按遮挡计损仍满足双向预算
T024,巡航,6851.47619980049,6871.257556864443,中继,R007,1625,PASS,worst_obstruction_endpoint_distance,0.09820263924140704,1960.5531768111305,True,,端点最大距离且全时段按遮挡计损仍满足双向预算
T024,巡航,6871.257556864443,6891.038913928397,中继,R007,1626,PASS,worst_obstruction_endpoint_distance,1.017815697403691,1763.5914042963925,True,,端点最大距离且全时段按遮挡计损仍满足双向预算
T024,巡航,6891.038913928397,6910.820270992351,中继,R007,1627,PASS,worst_obstruction_endpoint_distance,1.8755622343822864,1597.756696995542,True,,端点最大距离且全时段按遮挡计损仍满足双向预算
T024,巡航,6910.820270992351,6930.601628056304,中继,R007,1628,PASS,worst_obstruction_endpoint_distance,2.5782083813780474,1473.5956784547577,True,,端点最大距离且全时段按遮挡计损仍满足双向预算
T024,巡航,6930.601628056304,6950.382985120258,中继,R007,1629,PASS,worst_obstruction_endpoint_distance,3.009436570846745,1402.2224943312915,True,,端点最大距离且全时段按遮挡计损仍满足双向预算
T024,巡航,6950.382985120258,6970.164342184212,中继,R007,1630,PASS,worst_obstruction_endpoint_distance,2.7568539914342693,1443.597292027193,True,,端点最大距离且全时段按遮挡计损仍满足双向预算
T024,巡航,6970.164342184212,6989.945699248165,中继,R007,1631,PASS,worst_obstruction_endpoint_distance,2.1310599851746446,1551.4427670527323,True,,端点最大距离且全时段按遮挡计损仍满足双向预算
T024,巡航,6989.945699248165,7009.727056312118,中继,R007,1632,PASS,worst_obstruction_endpoint_distance,1.3127262354054778,1704.7176061191228,True,,端点最大距离且全时段按遮挡计损仍满足双向预算
T024,巡航,7009.727056312118,7029.508413376072,中继,R006,1633,PASS,worst_obstruction_endpoint_distance,0.422941462596242,1888.6073919071866,True,,端点最大距离且全时段按遮挡计损仍满足双向预算
T024,巡航,7029.508413376072,7049.289770440026,中继,R006,1634,PASS,worst_obstruction_endpoint_distance,1.9022745718798433,1592.850549555853,True,,端点最大距离且全时段按遮挡计损仍满足双向预算
T024,巡航,7049.289770440026,7069.071127503979,中继,R006,1635,PASS,worst_obstruction_endpoint_distance,3.683401975513803,1297.533739429142,True,,端点最大距离且全时段按遮挡计损仍满足双向预算
T024,巡航,7069.071127503979,7088.852484567933,中继,R006,1636,PASS,worst_obstruction_endpoint_distance,5.919360757851777,1003.0456998430258,True,,端点最大距离且全时段按遮挡计损仍满足双向预算
T024,巡航,7088.852484567933,7108.633841631887,中继,R006,1637,PASS,worst_obstruction_endpoint_distance,8.915498169436432,710.4178251369547,True,,端点最大距离且全时段按遮挡计损仍满足双向预算
T024,巡航,7108.633841631887,7128.41519869584,直连,,1638,PASS,worst_obstruction_endpoint_distance,0.20167861880453586,3865.4924321610397,True,,端点最大距离且全时段按遮挡计损仍满足双向预算
T024,巡航,7128.41519869584,7148.196555759794,直连,,1639,PASS,worst_obstruction_endpoint_distance,0.8937544946891762,3569.447786713983,True,,端点最大距离且全时段按遮挡计损仍满足双向预算
T024,巡航,7148.196555759794,7167.977912823748,直连,,1640,PASS,worst_obstruction_endpoint_distance,1.645460598805812,3273.5255001824776,True,,端点最大距离且全时段按遮挡计损仍满足双向预算
T024,巡航,7167.977912823748,7187.7592698877015,直连,,1641,PASS,worst_obstruction_endpoint_distance,2.4679753448875914,2977.7620519260295,True,,端点最大距离且全时段按遮挡计损仍满足双向预算
T024,巡航,7187.7592698877015,7207.540626951655,直连,,1642,PASS,worst_obstruction_endpoint_distance,3.375919660747627,2682.209987066719,True,,端点最大距离且全时段按遮挡计损仍满足双向预算
T024,巡航,7207.540626951655,7227.321984015609,直连,,1643,PASS,worst_obstruction_endpoint_distance,4.388916634906977,2386.947827420809,True,,端点最大距离且全时段按遮挡计损仍满足双向预算
T024,巡航,7227.321984015609,7247.103341079563,直连,,1644,PASS,worst_obstruction_endpoint_distance,5.5341333456205035,2092.098321356043,True,,端点最大距离且全时段按遮挡计损仍满足双向预算
T024,巡航,7247.103341079563,7266.884698143516,直连,,1645,PASS,worst_obstruction_endpoint_distance,6.850635996686719,1797.864505710022,True,,端点最大距离且全时段按遮挡计损仍满足双向预算
T024,巡航,7266.884698143516,7286.66605520747,直连,,1646,PASS,worst_obstruction_endpoint_distance,8.39730997944396,1504.6076282027716,True,,端点最大距离且全时段按遮挡计损仍满足双向预算
T024,巡航,7286.66605520747,7306.447412271423,直连,,1647,PASS,worst_obstruction_endpoint_distance,10.268298266887285,1213.0364331213775,True,,端点最大距离且全时段按遮挡计损仍满足双向预算
T024,巡航,7306.447412271423,7326.2287693353765,直连,,1648,PASS,worst_obstruction_endpoint_distance,12.62531864366639,924.7467764723526,True,,端点最大距离且全时段按遮挡计损仍满足双向预算
T024,巡航,7326.2287693353765,7346.01012639933,直连,,1649,PASS,worst_obstruction_endpoint_distance,15.765903798404153,644.1597258386764,True,,端点最大距离且全时段按遮挡计损仍满足双向预算
T024,巡航,7346.01012639933,7365.791483463284,直连,,1650,PASS,worst_obstruction_endpoint_distance,20.16139188232583,388.3462932369524,True,,端点最大距离且全时段按遮挡计损仍满足双向预算
T024,下降,7365.791483463284,7385.115709624695,直连,,1651,PASS,worst_obstruction_endpoint_distance,23.968262608738172,250.53916625976603,True,,端点最大距离且全时段按遮挡计损仍满足双向预算
T024,下降,7385.115709624695,7404.4399357861075,直连,,1652,PASS,worst_obstruction_endpoint_distance,25.423536680378135,211.89071393694337,True,,端点最大距离且全时段按遮挡计损仍满足双向预算
T024,下降,7404.4399357861075,7423.76416194752,直连,,1653,PASS,worst_obstruction_endpoint_distance,27.17269827277147,173.24226161411883,True,,端点最大距离且全时段按遮挡计损仍满足双向预算
T024,下降,7423.76416194752,7443.088388108931,直连,,1654,PASS,worst_obstruction_endpoint_distance,29.365273470603157,134.59380929129435,True,,端点最大距离且全时段按遮挡计损仍满足双向预算
T024,下降,7443.088388108931,7462.412614270343,直连,,1655,PASS,worst_obstruction_endpoint_distance,32.30529590570579,95.94535696847169,True,,端点最大距离且全时段按遮挡计损仍满足双向预算
T024,下降,7462.412614270343,7481.736840431755,直连,,1656,PASS,worst_obstruction_endpoint_distance,36.78315195211816,57.29690464564899,True,,端点最大距离且全时段按遮挡计损仍满足双向预算
T024,下降,7481.736840431755,7501.061066593167,直连,,1657,PASS,worst_obstruction_endpoint_distance,45.92517525248826,20.0,True,,端点最大距离且全时段按遮挡计损仍满足双向预算
T025,爬升,5567.0,5583.15073445638,直连,,1658,PASS,worst_obstruction_endpoint_distance,42.863457080491926,28.452203369138857,True,,端点最大距离且全时段按遮挡计损仍满足双向预算
T025,爬升,5583.15073445638,5599.30146891276,直连,,1659,PASS,worst_obstruction_endpoint_distance,34.226750640926554,76.90440673828044,True,,端点最大距离且全时段按遮挡计损仍满足双向预算
T025,爬升,5599.30146891276,5615.452203369141,直连,,1660,PASS,worst_obstruction_endpoint_distance,29.982830377148545,125.356610107422,True,,端点最大距离且全时段按遮挡计损仍满足双向预算
T025,巡航,5615.452203369141,5635.029054027093,直连,,1661,PASS,worst_obstruction_endpoint_distance,23.439145992925262,266.2756531493173,True,,端点最大距离且全时段按遮挡计损仍满足双向预算
T025,巡航,5635.029054027093,5654.605904685044,直连,,1662,PASS,worst_obstruction_endpoint_distance,18.208050378198536,486.2798111658891,True,,端点最大距离且全时段按遮挡计损仍满足双向预算
T025,巡航,5654.605904685044,5674.182755342996,直连,,1663,PASS,worst_obstruction_endpoint_distance,14.849596880380076,715.82838275658,True,,端点最大距离且全时段按遮挡计损仍满足双向预算
T025,巡航,5674.182755342996,5693.759606000947,直连,,1664,PASS,worst_obstruction_endpoint_distance,12.409485773578538,948.0133859272303,True,,端点最大距离且全时段按遮挡计损仍满足双向预算
T025,巡航,5693.759606000947,5713.3364566589,直连,,1665,PASS,worst_obstruction_endpoint_distance,10.498709008550065,1181.281242448014,True,,端点最大距离且全时段按遮挡计损仍满足双向预算
T025,巡航,5713.3364566589,5732.913307316851,直连,,1666,PASS,worst_obstruction_endpoint_distance,8.930053702377293,1415.0965532947675,True,,端点最大距离且全时段按遮挡计损仍满足双向预算
T025,巡航,5732.913307316851,5752.490157974803,直连,,1667,PASS,worst_obstruction_endpoint_distance,7.600169114693159,1649.2264926496591,True,,端点最大距离且全时段按遮挡计损仍满足双向预算
T025,巡航,5752.490157974803,5772.0670086327555,直连,,1668,PASS,worst_obstruction_endpoint_distance,6.446214866248994,1883.5537370869965,True,,端点最大距离且全时段按遮挡计损仍满足双向预算
T025,巡航,5772.0670086327555,5791.643859290707,直连,,1669,PASS,worst_obstruction_endpoint_distance,5.427203554487448,2118.012800824474,True,,端点最大距离且全时段按遮挡计损仍满足双向预算
T025,巡航,5791.643859290707,5811.220709948659,直连,,1670,PASS,worst_obstruction_endpoint_distance,4.514945220631574,2352.5642724361696,True,,端点最大距离且全时段按遮挡计损仍满足双向预算
T025,巡航,5811.220709948659,5830.79756060661,直连,,1671,PASS,worst_obstruction_endpoint_distance,3.6892321235043113,2587.183019222811,True,,端点最大距离且全时段按遮挡计损仍满足双向预算
T025,巡航,5830.79756060661,5850.374411264562,直连,,1672,PASS,worst_obstruction_endpoint_distance,2.935089718870202,2821.852260748545,True,,端点最大距离且全时段按遮挡计损仍满足双向预算
T025,巡航,5850.374411264562,5869.951261922514,直连,,1673,PASS,worst_obstruction_endpoint_distance,2.2411156161546586,3056.5603667445057,True,,端点最大距离且全时段按遮挡计损仍满足双向预算
T025,下降,5869.951261922514,5887.762583943999,直连,,1674,PASS,worst_obstruction_endpoint_distance,2.2411156161546586,3056.5603667445057,True,,端点最大距离且全时段按遮挡计损仍满足双向预算
T025,下降,5887.762583943999,5905.5739059654825,直连,,1675,PASS,worst_obstruction_endpoint_distance,2.2453855868061083,3055.0581354130627,True,,端点最大距离且全时段按遮挡计损仍满足双向预算
T025,投送,5905.5739059654825,5925.5739059654825,直连,,1676,PASS,exact_point,2.2478131175972464,3054.2044276465326,,,独立计算 DEM 遮挡、自由空间损耗与双向预算
T025,投送,5925.5739059654825,5945.5739059654825,直连,,1677,PASS,exact_point,2.2478131175972464,3054.2044276465326,,,独立计算 DEM 遮挡、自由空间损耗与双向预算
T025,投送,5945.5739059654825,5965.5739059654825,直连,,1678,PASS,exact_point,2.2478131175972464,3054.2044276465326,,,独立计算 DEM 遮挡、自由空间损耗与双向预算
T025,投送,5965.5739059654825,5985.5739059654825,直连,,1679,PASS,exact_point,2.2478131175972464,3054.2044276465326,,,独立计算 DEM 遮挡、自由空间损耗与双向预算
T025,投送,5985.5739059654825,6005.5739059654825,直连,,1680,PASS,exact_point,2.2478131175972464,3054.2044276465326,,,独立计算 DEM 遮挡、自由空间损耗与双向预算
T025,投送,6005.5739059654825,6025.5739059654825,直连,,1681,PASS,exact_point,2.2478131175972464,3054.2044276465326,,,独立计算 DEM 遮挡、自由空间损耗与双向预算
T025,投送,6025.5739059654825,6045.5739059654825,直连,,1682,PASS,exact_point,2.2478131175972464,3054.2044276465326,,,独立计算 DEM 遮挡、自由空间损耗与双向预算
T025,投送,6045.5739059654825,6065.5739059654825,直连,,1683,PASS,exact_point,2.2478131175972464,3054.2044276465326,,,独立计算 DEM 遮挡、自由空间损耗与双向预算
T025,投送,6065.5739059654825,6085.5739059654825,直连,,1684,PASS,exact_point,2.2478131175972464,3054.2044276465326,,,独立计算 DEM 遮挡、自由空间损耗与双向预算
T025,爬升,6085.5739059654825,6100.41667431672,直连,,1685,PASS,worst_obstruction_endpoint_distance,2.2453855868061083,3055.0581354130627,True,,端点最大距离且全时段按遮挡计损仍满足双向预算
T025,爬升,6100.41667431672,6115.259442667957,直连,,1686,PASS,worst_obstruction_endpoint_distance,2.2411156161546586,3056.5603667445057,True,,端点最大距离且全时段按遮挡计损仍满足双向预算
T025,巡航,6115.259442667957,6134.836293325909,直连,,1687,PASS,worst_obstruction_endpoint_distance,2.2411156161546586,3056.5603667445057,True,,端点最大距离且全时段按遮挡计损仍满足双向预算
T025,巡航,6134.836293325909,6154.41314398386,直连,,1688,PASS,worst_obstruction_endpoint_distance,2.935089718870202,2821.852260748545,True,,端点最大距离且全时段按遮挡计损仍满足双向预算
T025,巡航,6154.41314398386,6173.989994641812,直连,,1689,PASS,worst_obstruction_endpoint_distance,3.6892321235043113,2587.183019222811,True,,端点最大距离且全时段按遮挡计损仍满足双向预算
T025,巡航,6173.989994641812,6193.566845299764,直连,,1690,PASS,worst_obstruction_endpoint_distance,4.514945220631574,2352.5642724361696,True,,端点最大距离且全时段按遮挡计损仍满足双向预算
T025,巡航,6193.566845299764,6213.143695957716,直连,,1691,PASS,worst_obstruction_endpoint_distance,5.427203554487448,2118.012800824474,True,,端点最大距离且全时段按遮挡计损仍满足双向预算
T025,巡航,6213.143695957716,6232.720546615667,直连,,1692,PASS,worst_obstruction_endpoint_distance,6.446214866248994,1883.5537370869965,True,,端点最大距离且全时段按遮挡计损仍满足双向预算
T025,巡航,6232.720546615667,6252.297397273619,直连,,1693,PASS,worst_obstruction_endpoint_distance,7.600169114693159,1649.2264926496591,True,,端点最大距离且全时段按遮挡计损仍满足双向预算
T025,巡航,6252.297397273619,6271.8742479315715,直连,,1694,PASS,worst_obstruction_endpoint_distance,8.930053702377293,1415.0965532947675,True,,端点最大距离且全时段按遮挡计损仍满足双向预算
T025,巡航,6271.8742479315715,6291.451098589523,直连,,1695,PASS,worst_obstruction_endpoint_distance,10.498709008550065,1181.281242448014,True,,端点最大距离且全时段按遮挡计损仍满足双向预算
T025,巡航,6291.451098589523,6311.027949247475,直连,,1696,PASS,worst_obstruction_endpoint_distance,12.409485773578538,948.0133859272303,True,,端点最大距离且全时段按遮挡计损仍满足双向预算
T025,巡航,6311.027949247475,6330.604799905426,直连,,1697,PASS,worst_obstruction_endpoint_distance,14.849596880380076,715.82838275658,True,,端点最大距离且全时段按遮挡计损仍满足双向预算
T025,巡航,6330.604799905426,6350.181650563378,直连,,1698,PASS,worst_obstruction_endpoint_distance,18.208050378198536,486.2798111658891,True,,端点最大距离且全时段按遮挡计损仍满足双向预算
T025,巡航,6350.181650563378,6369.75850122133,直连,,1699,PASS,worst_obstruction_endpoint_distance,23.439145992925262,266.2756531493173,True,,端点最大距离且全时段按遮挡计损仍满足双向预算
T025,下降,6369.75850122133,6389.139382568987,直连,,1700,PASS,worst_obstruction_endpoint_distance,29.982830377148545,125.356610107422,True,,端点最大距离且全时段按遮挡计损仍满足双向预算
T025,下降,6389.139382568987,6408.520263916643,直连,,1701,PASS,worst_obstruction_endpoint_distance,34.22675064092644,76.90440673828135,True,,端点最大距离且全时段按遮挡计损仍满足双向预算
T025,下降,6408.520263916643,6427.901145264299,直连,,1702,PASS,worst_obstruction_endpoint_distance,42.86345708049137,28.452203369140676,True,,端点最大距离且全时段按遮挡计损仍满足双向预算
T026,爬升,5772.0,5791.871088867188,直连,,1703,PASS,worst_obstruction_endpoint_distance,42.497163869641895,29.677722167968767,True,,端点最大距离且全时段按遮挡计损仍满足双向预算
T026,爬升,5791.871088867188,5811.742177734375,直连,,1704,PASS,worst_obstruction_endpoint_distance,33.95424061100921,79.35544433593753,True,,端点最大距离且全时段按遮挡计损仍满足双向预算
T026,爬升,5811.742177734375,5831.613266601563,直连,,1705,PASS,worst_obstruction_endpoint_distance,29.731748063926148,129.03316650390627,True,,端点最大距离且全时段按遮挡计损仍满足双向预算
T026,爬升,5831.613266601563,5851.48435546875,直连,,1706,PASS,worst_obstruction_endpoint_distance,26.902754877149746,178.710888671875,True,,端点最大距离且全时段按遮挡计损仍满足双向预算
T026,巡航,5851.48435546875,5871.042287651694,直连,,1707,PASS,worst_obstruction_endpoint_distance,21.226846823481353,343.5155626257681,True,,端点最大距离且全时段按遮挡计损仍满足双向预算
T026,巡航,5871.042287651694,5890.600219834638,直连,,1708,PASS,worst_obstruction_endpoint_distance,16.19159854535019,613.3506516465615,True,,端点最大距离且全时段按遮挡计损仍满足双向预算
T026,巡航,5890.600219834638,5910.158152017581,直连,,1709,PASS,worst_obstruction_endpoint_distance,12.879592400816222,898.0678270913432,True,,端点最大距离且全时段按遮挡计损仍满足双向预算
T026,巡航,5910.158152017581,5929.716084200526,直连,,1710,PASS,worst_obstruction_endpoint_distance,10.456716578783727,1187.0060413963242,True,,端点最大距离且全时段按遮挡计损仍满足双向预算
T026,巡航,5929.716084200526,5949.27401638347,直连,,1711,PASS,worst_obstruction_endpoint_distance,8.554100828864037,1477.691301536886,True,,端点最大距离且全时段按遮挡计损仍满足双向预算
T026,巡航,5949.27401638347,5968.831948566413,直连,,1712,PASS,worst_obstruction_endpoint_distance,6.989928674066292,1769.2627117074003,True,,端点最大距离且全时段按遮挡计损仍满足双向预算
T026,巡航,5968.831948566413,5988.389880749357,直连,,1713,PASS,worst_obstruction_endpoint_distance,5.662764533404953,2061.3442758330607,True,,端点最大距离且全时段按遮挡计损仍满足双向预算
T026,巡航,5988.389880749357,6007.9478129323015,直连,,1714,PASS,worst_obstruction_endpoint_distance,4.510582959293117,2353.74608317376,True,,端点最大距离且全时段按遮挡计损仍满足双向预算
T026,巡航,6007.9478129323015,6027.505745115245,直连,,1715,PASS,worst_obstruction_endpoint_distance,3.492790187069943,2646.361982925317,True,,端点最大距离且全时段按遮挡计损仍满足双向预算
T026,巡航,6027.505745115245,6047.063677298189,直连,,1716,PASS,worst_obstruction_endpoint_distance,2.5814050697037914,2939.128031468544,True,,端点最大距离且全时段按遮挡计损仍满足双向预算
T026,巡航,6047.063677298189,6066.621609481133,直连,,1717,PASS,worst_obstruction_endpoint_distance,1.756338916276647,3232.003426069633,True,,端点最大距离且全时段按遮挡计损仍满足双向预算
T026,巡航,6066.621609481133,6086.179541664077,直连,,1718,PASS,worst_obstruction_endpoint_distance,1.0026890572529226,3524.960911409265,True,,端点最大距离且全时段按遮挡计损仍满足双向预算
T026,巡航,6086.179541664077,6105.737473847021,直连,,1719,PASS,worst_obstruction_endpoint_distance,0.3090985653005305,3817.9815908238766,True,,端点最大距离且全时段按遮挡计损仍满足双向预算
T026,巡航,6105.737473847021,6125.295406029965,中继,R006,1720,PASS,worst_obstruction_endpoint_distance,7.766740961877289,810.8708909826305,True,,端点最大距离且全时段按遮挡计损仍满足双向预算
T026,巡航,6125.295406029965,6144.853338212909,中继,R006,1721,PASS,worst_obstruction_endpoint_distance,5.372637576100061,1068.2105908139624,True,,端点最大距离且全时段按遮挡计损仍满足双向预算
T026,巡航,6144.853338212909,6164.411270395853,中继,R006,1722,PASS,worst_obstruction_endpoint_distance,3.400857900205878,1340.4353214105083,True,,端点最大距离且全时段按遮挡计损仍满足双向预算
T026,巡航,6164.411270395853,6183.969202578797,中继,R007,1723,PASS,worst_obstruction_endpoint_distance,0.686319141278446,1832.1996727020219,True,,端点最大距离且全时段按遮挡计损仍满足双向预算
T026,巡航,6183.969202578797,6203.527134761741,中继,R007,1724,PASS,worst_obstruction_endpoint_distance,2.136735891699246,1550.429287953722,True,,端点最大距离且全时段按遮挡计损仍满足双向预算
T026,下降,6203.527134761741,6219.953495845725,中继,R007,1725,PASS,worst_obstruction_endpoint_distance,3.8138517105103347,1278.1922287465409,True,,端点最大距离且全时段按遮挡计损仍满足双向预算
T026,下降,6219.953495845725,6236.37985692971,中继,R007,1726,PASS,worst_obstruction_endpoint_distance,3.7791758730623286,1283.3052312874863,True,,端点最大距离且全时段按遮挡计损仍满足双向预算
T026,下降,6236.37985692971,6252.806218013694,中继,R007,1727,PASS,worst_obstruction_endpoint_distance,3.739130869061654,1289.235378966657,True,,端点最大距离且全时段按遮挡计损仍满足双向预算
T026,下降,6252.806218013694,6269.232579097678,中继,R007,1728,PASS,worst_obstruction_endpoint_distance,3.6938664514362216,1295.9714544759318,True,,端点最大距离且全时段按遮挡计损仍满足双向预算
T026,投送,6269.232579097678,6289.0325790976785,中继,R007,1729,PASS,exact_point,13.693866451436222,1295.9714544759318,,,独立计算 DEM 遮挡、自由空间损耗与双向预算
T026,投送,6289.0325790976785,6308.832579097678,中继,R007,1730,PASS,exact_point,13.693866451436222,1295.9714544759318,,,独立计算 DEM 遮挡、自由空间损耗与双向预算
T026,投送,6308.832579097678,6328.632579097678,中继,R007,1731,PASS,exact_point,13.693866451436222,1295.9714544759318,,,独立计算 DEM 遮挡、自由空间损耗与双向预算
T026,投送,6328.632579097678,6348.432579097678,中继,R007,1732,PASS,exact_point,13.693866451436222,1295.9714544759318,,,独立计算 DEM 遮挡、自由空间损耗与双向预算
T026,投送,6348.432579097678,6368.232579097678,中继,R007,1733,PASS,exact_point,13.693866451436222,1295.9714544759318,,,独立计算 DEM 遮挡、自由空间损耗与双向预算
T026,投送,6368.232579097678,6388.0325790976785,中继,R007,1734,PASS,exact_point,13.693866451436222,1295.9714544759318,,,独立计算 DEM 遮挡、自由空间损耗与双向预算
T026,投送,6388.0325790976785,6407.832579097678,中继,R007,1735,PASS,exact_point,13.693866451436222,1295.9714544759318,,,独立计算 DEM 遮挡、自由空间损耗与双向预算
T026,投送,6407.832579097678,6427.632579097678,中继,R007,1736,PASS,exact_point,13.693866451436222,1295.9714544759318,,,独立计算 DEM 遮挡、自由空间损耗与双向预算
T026,投送,6427.632579097678,6447.432579097678,中继,R007,1737,PASS,exact_point,13.693866451436222,1295.9714544759318,,,独立计算 DEM 遮挡、自由空间损耗与双向预算
T026,投送,6447.432579097678,6467.232579097678,中继,R007,1738,PASS,exact_point,13.693866451436222,1295.9714544759318,,,独立计算 DEM 遮挡、自由空间损耗与双向预算
T026,投送,6467.232579097678,6487.0325790976785,中继,R007,1739,PASS,exact_point,13.693866451436222,1295.9714544759318,,,独立计算 DEM 遮挡、自由空间损耗与双向预算
T026,投送,6487.0325790976785,6506.832579097678,中继,R007,1740,PASS,exact_point,13.693866451436222,1295.9714544759318,,,独立计算 DEM 遮挡、自由空间损耗与双向预算
T026,投送,6506.832579097678,6526.632579097678,中继,R007,1741,PASS,exact_point,13.693866451436222,1295.9714544759318,,,独立计算 DEM 遮挡、自由空间损耗与双向预算
T026,投送,6526.632579097678,6546.432579097678,中继,R007,1742,PASS,exact_point,13.693866451436222,1295.9714544759318,,,独立计算 DEM 遮挡、自由空间损耗与双向预算
T026,投送,6546.432579097678,6566.232579097678,中继,R007,1743,PASS,exact_point,13.693866451436222,1295.9714544759318,,,独立计算 DEM 遮挡、自由空间损耗与双向预算
T026,投送,6566.232579097678,6586.0325790976785,中继,R007,1744,PASS,exact_point,13.693866451436222,1295.9714544759318,,,独立计算 DEM 遮挡、自由空间损耗与双向预算
T026,投送,6586.0325790976785,6605.832579097678,中继,R007,1745,PASS,exact_point,13.693866451436222,1295.9714544759318,,,独立计算 DEM 遮挡、自由空间损耗与双向预算
T026,投送,6605.832579097678,6625.632579097678,中继,R007,1746,PASS,exact_point,13.693866451436222,1295.9714544759318,,,独立计算 DEM 遮挡、自由空间损耗与双向预算
T026,投送,6625.632579097678,6645.432579097678,中继,R007,1747,PASS,exact_point,13.693866451436222,1295.9714544759318,,,独立计算 DEM 遮挡、自由空间损耗与双向预算
T026,投送,6645.432579097678,6665.232579097678,中继,R007,1748,PASS,exact_point,13.693866451436222,1295.9714544759318,,,独立计算 DEM 遮挡、自由空间损耗与双向预算
T026,爬升,6665.232579097678,6682.754030920594,中继,R007,1749,PASS,worst_obstruction_endpoint_distance,3.6938664514362216,1295.9714544759318,True,,端点最大距离且全时段按遮挡计损仍满足双向预算
T026,爬升,6682.754030920594,6700.275482743511,中继,R007,1750,PASS,worst_obstruction_endpoint_distance,3.753066873679316,1287.1685343124955,True,,端点最大距离且全时段按遮挡计损仍满足双向预算
T026,爬升,6700.275482743511,6717.796934566428,中继,R007,1751,PASS,worst_obstruction_endpoint_distance,3.802898216986918,1279.8051322590784,True,,端点最大距离且全时段按遮挡计损仍满足双向预算
T026,巡航,6717.796934566428,6737.354866749372,中继,R007,1752,PASS,worst_obstruction_endpoint_distance,2.1367358916967873,1550.4292879541606,True,,端点最大距离且全时段按遮挡计损仍满足双向预算
T026,巡航,6737.354866749372,6756.912798932316,中继,R007,1753,PASS,worst_obstruction_endpoint_distance,0.686319141278446,1832.1996727020219,True,,端点最大距离且全时段按遮挡计损仍满足双向预算
T026,巡航,6756.912798932316,6776.47073111526,中继,R006,1754,PASS,worst_obstruction_endpoint_distance,3.400857900205878,1340.4353214105083,True,,端点最大距离且全时段按遮挡计损仍满足双向预算
T026,巡航,6776.47073111526,6796.028663298204,中继,R006,1755,PASS,worst_obstruction_endpoint_distance,5.372637576096679,1068.210590814378,True,,端点最大距离且全时段按遮挡计损仍满足双向预算
T026,巡航,6796.028663298204,6815.586595481148,中继,R006,1756,PASS,worst_obstruction_endpoint_distance,7.766740961877289,810.8708909826305,True,,端点最大距离且全时段按遮挡计损仍满足双向预算
T026,巡航,6815.586595481148,6835.144527664092,直连,,1757,PASS,worst_obstruction_endpoint_distance,0.3090985653005305,3817.9815908238766,True,,端点最大距离且全时段按遮挡计损仍满足双向预算
T026,巡航,6835.144527664092,6854.702459847035,直连,,1758,PASS,worst_obstruction_endpoint_distance,1.0026890572529226,3524.960911409265,True,,端点最大距离且全时段按遮挡计损仍满足双向预算
T026,巡航,6854.702459847035,6874.260392029979,直连,,1759,PASS,worst_obstruction_endpoint_distance,1.7563389162753964,3232.0034260700977,True,,端点最大距离且全时段按遮挡计损仍满足双向预算
T026,巡航,6874.260392029979,6893.8183242129235,直连,,1760,PASS,worst_obstruction_endpoint_distance,2.5814050697037914,2939.128031468544,True,,端点最大距离且全时段按遮挡计损仍满足双向预算
T026,巡航,6893.8183242129235,6913.376256395867,直连,,1761,PASS,worst_obstruction_endpoint_distance,3.492790187069943,2646.361982925317,True,,端点最大距离且全时段按遮挡计损仍满足双向预算
T026,巡航,6913.376256395867,6932.934188578811,直连,,1762,PASS,worst_obstruction_endpoint_distance,4.510582959293117,2353.74608317376,True,,端点最大距离且全时段按遮挡计损仍满足双向预算
T026,巡航,6932.934188578811,6952.492120761755,直连,,1763,PASS,worst_obstruction_endpoint_distance,5.662764533403006,2061.3442758335245,True,,端点最大距离且全时段按遮挡计损仍满足双向预算
T026,巡航,6952.492120761755,6972.050052944699,直连,,1764,PASS,worst_obstruction_endpoint_distance,6.989928674066292,1769.2627117074003,True,,端点最大距离且全时段按遮挡计损仍满足双向预算
T026,巡航,6972.050052944699,6991.607985127643,直连,,1765,PASS,worst_obstruction_endpoint_distance,8.554100828861323,1477.691301537348,True,,端点最大距离且全时段按遮挡计损仍满足双向预算
T026,巡航,6991.607985127643,7011.165917310587,直连,,1766,PASS,worst_obstruction_endpoint_distance,10.456716578783727,1187.0060413963242,True,,端点最大距离且全时段按遮挡计损仍满足双向预算
T026,巡航,7011.165917310587,7030.723849493531,直连,,1767,PASS,worst_obstruction_endpoint_distance,12.879592400811816,898.0678270917992,True,,端点最大距离且全时段按遮挡计损仍满足双向预算
T026,巡航,7030.723849493531,7050.281781676475,直连,,1768,PASS,worst_obstruction_endpoint_distance,16.19159854535019,613.3506516465615,True,,端点最大距离且全时段按遮挡计损仍满足双向预算
T026,巡航,7050.281781676475,7069.839713859419,直连,,1769,PASS,worst_obstruction_endpoint_distance,21.226846823471305,343.5155626261655,True,,端点最大距离且全时段按遮挡计损仍满足双向预算
T026,下降,7069.839713859419,7089.710802726606,直连,,1770,PASS,worst_obstruction_endpoint_distance,26.902754877149746,178.710888671875,True,,端点最大距离且全时段按遮挡计损仍满足双向预算
T026,下降,7089.710802726606,7109.581891593793,直连,,1771,PASS,worst_obstruction_endpoint_distance,29.087434584690158,138.96871093750144,True,,端点最大距离且全时段按遮挡计损仍满足双向预算
T026,下降,7109.581891593793,7129.452980460981,直连,,1772,PASS,worst_obstruction_endpoint_distance,32.0132188027426,99.22653320312611,True,,端点最大距离且全时段按遮挡计损仍满足双向预算
T026,下降,7129.452980460981,7149.324069328169,直连,,1773,PASS,worst_obstruction_endpoint_distance,36.457719961105596,59.48435546875072,True,,端点最大距离且全时段按遮挡计损仍满足双向预算
T026,下降,7149.324069328169,7169.195158195356,直连,,1774,PASS,worst_obstruction_endpoint_distance,45.92517525248826,20.0,True,,端点最大距离且全时段按遮挡计损仍满足双向预算
T027,爬升,5727.0,5743.34728881836,直连,,1775,PASS,worst_obstruction_endpoint_distance,42.68528468478428,29.041866455078775,True,,端点最大距离且全时段按遮挡计损仍满足双向预算
T027,爬升,5743.34728881836,5759.694577636719,直连,,1776,PASS,worst_obstruction_endpoint_distance,34.094563820666195,78.08373291015752,True,,端点最大距离且全时段按遮挡计损仍满足双向预算
T027,爬升,5759.694577636719,5776.041866455078,直连,,1777,PASS,worst_obstruction_endpoint_distance,29.861114895269864,127.12559936523354,True,,端点最大距离且全时段按遮挡计损仍满足双向预算
T027,爬升,5776.041866455078,5792.389155273438,直连,,1778,PASS,worst_obstruction_endpoint_distance,27.02726102514677,176.16746582031232,True,,端点最大距离且全时段按遮挡计损仍满足双向预算
T027,爬升,5792.389155273438,5808.736444091797,直连,,1779,PASS,worst_obstruction_endpoint_distance,24.894047506859238,225.20933227539103,True,,端点最大距离且全时段按遮挡计损仍满足双向预算
T027,巡航,5808.736444091797,5828.684875323222,直连,,1780,PASS,worst_obstruction_endpoint_distance,20.476569260061567,374.5073067081198,True,,端点最大距离且全时段按遮挡计损仍满足双向预算
T027,巡航,5828.684875323222,5848.633306554647,直连,,1781,PASS,worst_obstruction_endpoint_distance,15.829974101692486,639.4256493755012,True,,端点最大距离且全时段按遮挡计损仍满足双向预算
T027,巡航,5848.633306554647,5868.581737786071,直连,,1782,PASS,worst_obstruction_endpoint_distance,12.618260351929706,925.4985457841007,True,,端点最大距离且全时段按遮挡计损仍满足双向预算
T027,巡航,5868.581737786071,5888.5301690174965,直连,,1783,PASS,worst_obstruction_endpoint_distance,10.233476665807785,1217.9092389358796,True,,端点最大距离且全时段按遮挡计损仍满足双向预算
T027,巡航,5888.5301690174965,5908.478600248922,直连,,1784,PASS,worst_obstruction_endpoint_distance,8.349068263577223,1512.9875178566108,True,,端点最大距离且全时段按遮挡计损仍满足双向预算
T027,巡航,5908.478600248922,5928.427031480346,直连,,1785,PASS,worst_obstruction_endpoint_distance,6.794945300204006,1809.428778084995,True,,端点最大距离且全时段按遮挡计损仍满足双向预算
T027,巡航,5928.427031480346,5948.375462711771,直连,,1786,PASS,worst_obstruction_endpoint_distance,5.473895595477202,2106.657716764186,True,,端点最大距离且全时段按遮挡计损仍满足双向预算
T027,巡航,5948.375462711771,5968.323893943196,直连,,1787,PASS,worst_obstruction_endpoint_distance,4.325704959757758,2404.3822339864455,True,,端点最大距离且全时段按遮挡计损仍满足双向预算
T027,巡航,5968.323893943196,5988.272325174621,直连,,1788,PASS,worst_obstruction_endpoint_distance,3.3106586402651743,2702.4385427766797,True,,端点最大距离且全时段按遮挡计损仍满足双向预算
T027,巡航,5988.272325174621,6008.220756406046,直连,,1789,PASS,worst_obstruction_endpoint_distance,2.401243199064254,3000.7277761782934,True,,端点最大距离且全时段按遮挡计损仍满足双向预算
T027,巡航,6008.220756406046,6028.169187637471,直连,,1790,PASS,worst_obstruction_endpoint_distance,1.5776371600474448,3299.186756586918,True,,端点最大距离且全时段按遮挡计损仍满足双向预算
T027,巡航,6028.169187637471,6048.117618868896,直连,,1791,PASS,worst_obstruction_endpoint_distance,0.8250994230448754,3597.773239354705,True,,端点最大距离且全时段按遮挡计损仍满足双向预算
T027,巡航,6048.117618868896,6068.06605010032,直连,,1792,PASS,worst_obstruction_endpoint_distance,0.1323753731121542,3896.45791298493,True,,端点最大距离且全时段按遮挡计损仍满足双向预算
T027,巡航,6068.06605010032,6088.014481331746,中继,R006,1793,PASS,worst_obstruction_endpoint_distance,3.0919231118517416,1388.9691590915174,True,,端点最大距离且全时段按遮挡计损仍满足双向预算
T027,巡航,6088.014481331746,6107.96291256317,中继,R006,1794,PASS,worst_obstruction_endpoint_distance,1.871524577405495,1598.4995907465093,True,,端点最大距离且全时段按遮挡计损仍满足双向预算
T027,巡航,6107.96291256317,6127.911343794595,中继,R006,1795,PASS,worst_obstruction_endpoint_distance,0.682072816606933,1833.0956104889353,True,,端点最大距离且全时段按遮挡计损仍满足双向预算
T027,巡航,6127.911343794595,6147.85977502602,中继,R007,1796,PASS,worst_obstruction_endpoint_distance,0.7935438880098502,1809.720741284462,True,,端点最大距离且全时段按遮挡计损仍满足双向预算
T027,巡航,6147.85977502602,6167.808206257445,中继,R007,1797,PASS,worst_obstruction_endpoint_distance,2.18622543639502,1541.6205343153074,True,,端点最大距离且全时段按遮挡计损仍满足双向预算
T027,巡航,6167.808206257445,6187.75663748887,中继,R007,1798,PASS,worst_obstruction_endpoint_distance,3.752100501082751,1287.3117497629592,True,,端点最大距离且全时段按遮挡计损仍满足双向预算
T027,巡航,6187.75663748887,6207.705068720295,中继,R007,1799,PASS,worst_obstruction_endpoint_distance,5.465934903575743,1056.7980739955074,True,,端点最大距离且全时段按遮挡计损仍满足双向预算
T027,巡航,6207.705068720295,6227.65349995172,中继,R007,1800,PASS,worst_obstruction_endpoint_distance,7.163167460360086,869.2213505149701,True,,端点最大距离且全时段按遮挡计损仍满足双向预算
T027,巡航,6227.65349995172,6247.601931183144,中继,R007,1801,PASS,worst_obstruction_endpoint_distance,8.361635307260357,757.1937018024331,True,,端点最大距离且全时段按遮挡计损仍满足双向预算
T027,巡航,6247.601931183144,6267.5503624145695,中继,R007,1802,PASS,worst_obstruction_endpoint_distance,7.2174888770571215,863.8022171589038,True,,端点最大距离且全时段按遮挡计损仍满足双向预算
T027,巡航,6267.5503624145695,6287.498793645995,中继,R007,1803,PASS,worst_obstruction_endpoint_distance,5.527232666505114,1049.3663291862797,True,,端点最大距离且全时段按遮挡计损仍满足双向预算
T027,巡航,6287.498793645995,6307.447224877419,中继,R007,1804,PASS,worst_obstruction_endpoint_distance,3.809912144193447,1278.77209625438,True,,端点最大距离且全时段按遮挡计损仍满足双向预算
T027,巡航,6307.447224877419,6327.395656108844,中继,R007,1805,PASS,worst_obstruction_endpoint_distance,2.238018545490135,1532.4553547674145,True,,端点最大距离且全时段按遮挡计损仍满足双向预算
T027,巡航,6327.395656108844,6347.344087340269,中继,R007,1806,PASS,worst_obstruction_endpoint_distance,0.8394489047696396,1800.181577902523,True,,端点最大距离且全时段按遮挡计损仍满足双向预算
T027,下降,6347.344087340269,6360.945331643655,中继,R007,1807,PASS,worst_obstruction_endpoint_distance,0.8284758755184782,1802.4572144371425,True,,端点最大距离且全时段按遮挡计损仍满足双向预算
T027,下降,6360.945331643655,6374.54657594704,中继,R007,1808,PASS,worst_obstruction_endpoint_distance,0.8144482146368262,1805.3705241351129,True,,端点最大距离且全时段按遮挡计损仍满足双向预算
T027,下降,6374.54657594704,6388.147820250426,中继,R007,1809,PASS,worst_obstruction_endpoint_distance,0.7973955137346138,1808.9184260319166,True,,端点最大距离且全时段按遮挡计损仍满足双向预算
T027,投送,6388.147820250426,6408.147820250426,中继,R007,1810,PASS,exact_point,0.7973955137346138,1808.9184260319166,,,独立计算 DEM 遮挡、自由空间损耗与双向预算
T027,投送,6408.147820250426,6428.147820250426,中继,R007,1811,PASS,exact_point,0.7973955137346138,1808.9184260319166,,,独立计算 DEM 遮挡、自由空间损耗与双向预算
T027,投送,6428.147820250426,6448.147820250426,中继,R007,1812,PASS,exact_point,0.7973955137346138,1808.9184260319166,,,独立计算 DEM 遮挡、自由空间损耗与双向预算
T027,投送,6448.147820250426,6468.147820250426,中继,R007,1813,PASS,exact_point,0.7973955137346138,1808.9184260319166,,,独立计算 DEM 遮挡、自由空间损耗与双向预算
T027,投送,6468.147820250426,6488.147820250426,中继,R007,1814,PASS,exact_point,0.7973955137346138,1808.9184260319166,,,独立计算 DEM 遮挡、自由空间损耗与双向预算
T027,投送,6488.147820250426,6508.147820250426,中继,R007,1815,PASS,exact_point,0.7973955137346138,1808.9184260319166,,,独立计算 DEM 遮挡、自由空间损耗与双向预算
T027,投送,6508.147820250426,6528.147820250426,中继,R007,1816,PASS,exact_point,0.7973955137346138,1808.9184260319166,,,独立计算 DEM 遮挡、自由空间损耗与双向预算
T027,投送,6528.147820250426,6548.147820250426,中继,R007,1817,PASS,exact_point,0.7973955137346138,1808.9184260319166,,,独立计算 DEM 遮挡、自由空间损耗与双向预算
T027,投送,6548.147820250426,6568.147820250426,中继,R007,1818,PASS,exact_point,0.7973955137346138,1808.9184260319166,,,独立计算 DEM 遮挡、自由空间损耗与双向预算
T027,投送,6568.147820250426,6588.147820250426,中继,R007,1819,PASS,exact_point,0.7973955137346138,1808.9184260319166,,,独立计算 DEM 遮挡、自由空间损耗与双向预算
T027,投送,6588.147820250426,6608.147820250426,中继,R007,1820,PASS,exact_point,0.7973955137346138,1808.9184260319166,,,独立计算 DEM 遮挡、自由空间损耗与双向预算
T027,投送,6608.147820250426,6628.147820250426,中继,R007,1821,PASS,exact_point,0.7973955137346138,1808.9184260319166,,,独立计算 DEM 遮挡、自由空间损耗与双向预算
T027,爬升,6628.147820250426,6645.149375629657,中继,R007,1822,PASS,worst_obstruction_endpoint_distance,0.7973955137346138,1808.9184260319166,True,,端点最大距离且全时段按遮挡计损仍满足双向预算
T027,爬升,6645.149375629657,6662.1509310088895,中继,R007,1823,PASS,worst_obstruction_endpoint_distance,0.8218421697135057,1803.8343373937878,True,,端点最大距离且全时段按遮挡计损仍满足双向预算
T027,巡航,6662.1509310088895,6682.099362240314,中继,R007,1824,PASS,worst_obstruction_endpoint_distance,0.8394489047696396,1800.181577902523,True,,端点最大距离且全时段按遮挡计损仍满足双向预算
T027,巡航,6682.099362240314,6702.047793471739,中继,R007,1825,PASS,worst_obstruction_endpoint_distance,2.238018545490135,1532.4553547674145,True,,端点最大距离且全时段按遮挡计损仍满足双向预算
T027,巡航,6702.047793471739,6721.9962247031635,中继,R007,1826,PASS,worst_obstruction_endpoint_distance,3.809912144193447,1278.77209625438,True,,端点最大距离且全时段按遮挡计损仍满足双向预算
T027,巡航,6721.9962247031635,6741.944655934589,中继,R007,1827,PASS,worst_obstruction_endpoint_distance,5.527232666505114,1049.3663291862797,True,,端点最大距离且全时段按遮挡计损仍满足双向预算
T027,巡航,6741.944655934589,6761.893087166014,中继,R007,1828,PASS,worst_obstruction_endpoint_distance,7.2174888770571215,863.8022171589038,True,,端点最大距离且全时段按遮挡计损仍满足双向预算
T027,巡航,6761.893087166014,6781.841518397438,中继,R007,1829,PASS,worst_obstruction_endpoint_distance,8.361635307260357,757.1937018024331,True,,端点最大距离且全时段按遮挡计损仍满足双向预算
T027,巡航,6781.841518397438,6801.789949628863,中继,R007,1830,PASS,worst_obstruction_endpoint_distance,7.163167460360086,869.2213505149701,True,,端点最大距离且全时段按遮挡计损仍满足双向预算
T027,巡航,6801.789949628863,6821.738380860288,中继,R007,1831,PASS,worst_obstruction_endpoint_distance,5.465934903575743,1056.7980739955074,True,,端点最大距离且全时段按遮挡计损仍满足双向预算
T027,巡航,6821.738380860288,6841.686812091713,中继,R007,1832,PASS,worst_obstruction_endpoint_distance,3.752100501082751,1287.3117497629592,True,,端点最大距离且全时段按遮挡计损仍满足双向预算
T027,巡航,6841.686812091713,6861.635243323138,中继,R007,1833,PASS,worst_obstruction_endpoint_distance,2.18622543639502,1541.6205343153074,True,,端点最大距离且全时段按遮挡计损仍满足双向预算
T027,巡航,6861.635243323138,6881.583674554563,中继,R007,1834,PASS,worst_obstruction_endpoint_distance,0.7935438880098502,1809.720741284462,True,,端点最大距离且全时段按遮挡计损仍满足双向预算
T027,巡航,6881.583674554563,6901.532105785987,中继,R006,1835,PASS,worst_obstruction_endpoint_distance,0.682072816606933,1833.0956104889353,True,,端点最大距离且全时段按遮挡计损仍满足双向预算
T027,巡航,6901.532105785987,6921.480537017413,中继,R006,1836,PASS,worst_obstruction_endpoint_distance,1.871524577405495,1598.4995907465093,True,,端点最大距离且全时段按遮挡计损仍满足双向预算
T027,巡航,6921.480537017413,6941.428968248838,中继,R006,1837,PASS,worst_obstruction_endpoint_distance,3.0919231118517416,1388.9691590915174,True,,端点最大距离且全时段按遮挡计损仍满足双向预算
T027,巡航,6941.428968248838,6961.377399480262,直连,,1838,PASS,worst_obstruction_endpoint_distance,0.1323753731121542,3896.45791298493,True,,端点最大距离且全时段按遮挡计损仍满足双向预算
T027,巡航,6961.377399480262,6981.325830711688,直连,,1839,PASS,worst_obstruction_endpoint_distance,0.8250994230448754,3597.773239354705,True,,端点最大距离且全时段按遮挡计损仍满足双向预算
T027,巡航,6981.325830711688,7001.274261943112,直连,,1840,PASS,worst_obstruction_endpoint_distance,1.5776371600474448,3299.186756586918,True,,端点最大距离且全时段按遮挡计损仍满足双向预算
T027,巡航,7001.274261943112,7021.222693174537,直连,,1841,PASS,worst_obstruction_endpoint_distance,2.401243199064254,3000.7277761782934,True,,端点最大距离且全时段按遮挡计损仍满足双向预算
T027,巡航,7021.222693174537,7041.1711244059625,直连,,1842,PASS,worst_obstruction_endpoint_distance,3.3106586402651743,2702.4385427766797,True,,端点最大距离且全时段按遮挡计损仍满足双向预算
T027,巡航,7041.1711244059625,7061.119555637387,直连,,1843,PASS,worst_obstruction_endpoint_distance,4.325704959757758,2404.3822339864455,True,,端点最大距离且全时段按遮挡计损仍满足双向预算
T027,巡航,7061.119555637387,7081.067986868811,直连,,1844,PASS,worst_obstruction_endpoint_distance,5.473895595477202,2106.657716764186,True,,端点最大距离且全时段按遮挡计损仍满足双向预算
T027,巡航,7081.067986868811,7101.0164181002365,直连,,1845,PASS,worst_obstruction_endpoint_distance,6.794945300204006,1809.428778084995,True,,端点最大距离且全时段按遮挡计损仍满足双向预算
T027,巡航,7101.0164181002365,7120.964849331662,直连,,1846,PASS,worst_obstruction_endpoint_distance,8.349068263577223,1512.9875178566108,True,,端点最大距离且全时段按遮挡计损仍满足双向预算
T027,巡航,7120.964849331662,7140.913280563086,直连,,1847,PASS,worst_obstruction_endpoint_distance,10.233476665807785,1217.9092389358796,True,,端点最大距离且全时段按遮挡计损仍满足双向预算
T027,巡航,7140.913280563086,7160.861711794511,直连,,1848,PASS,worst_obstruction_endpoint_distance,12.618260351929706,925.4985457841007,True,,端点最大距离且全时段按遮挡计损仍满足双向预算
T027,巡航,7160.861711794511,7180.810143025936,直连,,1849,PASS,worst_obstruction_endpoint_distance,15.829974101692486,639.4256493755012,True,,端点最大距离且全时段按遮挡计损仍满足双向预算
T027,巡航,7180.810143025936,7200.758574257361,直连,,1850,PASS,worst_obstruction_endpoint_distance,20.476569260061567,374.5073067081198,True,,端点最大距离且全时段按遮挡计损仍满足双向预算
T027,下降,7200.758574257361,7220.375320839392,直连,,1851,PASS,worst_obstruction_endpoint_distance,24.894047506859238,225.20933227539103,True,,端点最大距离且全时段按遮挡计损仍满足双向预算
T027,下降,7220.375320839392,7239.992067421424,直连,,1852,PASS,worst_obstruction_endpoint_distance,27.0272610251467,176.16746582031374,True,,端点最大距离且全时段按遮挡计损仍满足双向预算
T027,下降,7239.992067421424,7259.608814003455,直连,,1853,PASS,worst_obstruction_endpoint_distance,29.86111489526982,127.12559936523417,True,,端点最大距离且全时段按遮挡计损仍满足双向预算
T027,下降,7259.608814003455,7279.225560585486,直连,,1854,PASS,worst_obstruction_endpoint_distance,34.09456382066654,78.0837329101546,True,,端点最大距离且全时段按遮挡计损仍满足双向预算
T027,下降,7279.225560585486,7298.842307167517,直连,,1855,PASS,worst_obstruction_endpoint_distance,42.68528468478472,29.041866455077297,True,,端点最大距离且全时段按遮挡计损仍满足双向预算
T028,爬升,5727.0,5743.34728881836,直连,,1856,PASS,worst_obstruction_endpoint_distance,42.68528468478428,29.041866455078775,True,,端点最大距离且全时段按遮挡计损仍满足双向预算
T028,爬升,5743.34728881836,5759.694577636719,直连,,1857,PASS,worst_obstruction_endpoint_distance,34.094563820666195,78.08373291015752,True,,端点最大距离且全时段按遮挡计损仍满足双向预算
T028,爬升,5759.694577636719,5776.041866455078,直连,,1858,PASS,worst_obstruction_endpoint_distance,29.861114895269864,127.12559936523354,True,,端点最大距离且全时段按遮挡计损仍满足双向预算
T028,爬升,5776.041866455078,5792.389155273438,直连,,1859,PASS,worst_obstruction_endpoint_distance,27.02726102514677,176.16746582031232,True,,端点最大距离且全时段按遮挡计损仍满足双向预算
T028,爬升,5792.389155273438,5808.736444091797,直连,,1860,PASS,worst_obstruction_endpoint_distance,24.894047506859238,225.20933227539103,True,,端点最大距离且全时段按遮挡计损仍满足双向预算
T028,巡航,5808.736444091797,5828.684875323222,直连,,1861,PASS,worst_obstruction_endpoint_distance,20.476569260061567,374.5073067081198,True,,端点最大距离且全时段按遮挡计损仍满足双向预算
T028,巡航,5828.684875323222,5848.633306554647,直连,,1862,PASS,worst_obstruction_endpoint_distance,15.829974101692486,639.4256493755012,True,,端点最大距离且全时段按遮挡计损仍满足双向预算
T028,巡航,5848.633306554647,5868.581737786071,直连,,1863,PASS,worst_obstruction_endpoint_distance,12.618260351929706,925.4985457841007,True,,端点最大距离且全时段按遮挡计损仍满足双向预算
T028,巡航,5868.581737786071,5888.5301690174965,直连,,1864,PASS,worst_obstruction_endpoint_distance,10.233476665807785,1217.9092389358796,True,,端点最大距离且全时段按遮挡计损仍满足双向预算
T028,巡航,5888.5301690174965,5908.478600248922,直连,,1865,PASS,worst_obstruction_endpoint_distance,8.349068263577223,1512.9875178566108,True,,端点最大距离且全时段按遮挡计损仍满足双向预算
T028,巡航,5908.478600248922,5928.427031480346,直连,,1866,PASS,worst_obstruction_endpoint_distance,6.794945300204006,1809.428778084995,True,,端点最大距离且全时段按遮挡计损仍满足双向预算
T028,巡航,5928.427031480346,5948.375462711771,直连,,1867,PASS,worst_obstruction_endpoint_distance,5.473895595477202,2106.657716764186,True,,端点最大距离且全时段按遮挡计损仍满足双向预算
T028,巡航,5948.375462711771,5968.323893943196,直连,,1868,PASS,worst_obstruction_endpoint_distance,4.325704959757758,2404.3822339864455,True,,端点最大距离且全时段按遮挡计损仍满足双向预算
T028,巡航,5968.323893943196,5988.272325174621,直连,,1869,PASS,worst_obstruction_endpoint_distance,3.3106586402651743,2702.4385427766797,True,,端点最大距离且全时段按遮挡计损仍满足双向预算
T028,巡航,5988.272325174621,6008.220756406046,直连,,1870,PASS,worst_obstruction_endpoint_distance,2.401243199064254,3000.7277761782934,True,,端点最大距离且全时段按遮挡计损仍满足双向预算
T028,巡航,6008.220756406046,6028.169187637471,直连,,1871,PASS,worst_obstruction_endpoint_distance,1.5776371600474448,3299.186756586918,True,,端点最大距离且全时段按遮挡计损仍满足双向预算
T028,巡航,6028.169187637471,6048.117618868896,直连,,1872,PASS,worst_obstruction_endpoint_distance,0.8250994230448754,3597.773239354705,True,,端点最大距离且全时段按遮挡计损仍满足双向预算
T028,巡航,6048.117618868896,6068.06605010032,直连,,1873,PASS,worst_obstruction_endpoint_distance,0.1323753731121542,3896.45791298493,True,,端点最大距离且全时段按遮挡计损仍满足双向预算
T028,巡航,6068.06605010032,6088.014481331746,中继,R006,1874,PASS,worst_obstruction_endpoint_distance,3.0919231118517416,1388.9691590915174,True,,端点最大距离且全时段按遮挡计损仍满足双向预算
T028,巡航,6088.014481331746,6107.96291256317,中继,R006,1875,PASS,worst_obstruction_endpoint_distance,1.871524577405495,1598.4995907465093,True,,端点最大距离且全时段按遮挡计损仍满足双向预算
T028,巡航,6107.96291256317,6127.911343794595,中继,R006,1876,PASS,worst_obstruction_endpoint_distance,0.682072816606933,1833.0956104889353,True,,端点最大距离且全时段按遮挡计损仍满足双向预算
T028,巡航,6127.911343794595,6147.85977502602,中继,R007,1877,PASS,worst_obstruction_endpoint_distance,0.7935438880098502,1809.720741284462,True,,端点最大距离且全时段按遮挡计损仍满足双向预算
T028,巡航,6147.85977502602,6167.808206257445,中继,R007,1878,PASS,worst_obstruction_endpoint_distance,2.18622543639502,1541.6205343153074,True,,端点最大距离且全时段按遮挡计损仍满足双向预算
T028,巡航,6167.808206257445,6187.75663748887,中继,R007,1879,PASS,worst_obstruction_endpoint_distance,3.752100501082751,1287.3117497629592,True,,端点最大距离且全时段按遮挡计损仍满足双向预算
T028,巡航,6187.75663748887,6207.705068720295,中继,R007,1880,PASS,worst_obstruction_endpoint_distance,5.465934903575743,1056.7980739955074,True,,端点最大距离且全时段按遮挡计损仍满足双向预算
T028,巡航,6207.705068720295,6227.65349995172,中继,R007,1881,PASS,worst_obstruction_endpoint_distance,7.163167460360086,869.2213505149701,True,,端点最大距离且全时段按遮挡计损仍满足双向预算
T028,巡航,6227.65349995172,6247.601931183144,中继,R007,1882,PASS,worst_obstruction_endpoint_distance,8.361635307260357,757.1937018024331,True,,端点最大距离且全时段按遮挡计损仍满足双向预算
T028,巡航,6247.601931183144,6267.5503624145695,中继,R007,1883,PASS,worst_obstruction_endpoint_distance,7.2174888770571215,863.8022171589038,True,,端点最大距离且全时段按遮挡计损仍满足双向预算
T028,巡航,6267.5503624145695,6287.498793645995,中继,R007,1884,PASS,worst_obstruction_endpoint_distance,5.527232666505114,1049.3663291862797,True,,端点最大距离且全时段按遮挡计损仍满足双向预算
T028,巡航,6287.498793645995,6307.447224877419,中继,R007,1885,PASS,worst_obstruction_endpoint_distance,3.809912144193447,1278.77209625438,True,,端点最大距离且全时段按遮挡计损仍满足双向预算
T028,巡航,6307.447224877419,6327.395656108844,中继,R007,1886,PASS,worst_obstruction_endpoint_distance,2.238018545490135,1532.4553547674145,True,,端点最大距离且全时段按遮挡计损仍满足双向预算
T028,巡航,6327.395656108844,6347.344087340269,中继,R007,1887,PASS,worst_obstruction_endpoint_distance,0.8394489047696396,1800.181577902523,True,,端点最大距离且全时段按遮挡计损仍满足双向预算
T028,下降,6347.344087340269,6360.945331643655,中继,R007,1888,PASS,worst_obstruction_endpoint_distance,0.8284758755184782,1802.4572144371425,True,,端点最大距离且全时段按遮挡计损仍满足双向预算
T028,下降,6360.945331643655,6374.54657594704,中继,R007,1889,PASS,worst_obstruction_endpoint_distance,0.8144482146368262,1805.3705241351129,True,,端点最大距离且全时段按遮挡计损仍满足双向预算
T028,下降,6374.54657594704,6388.147820250426,中继,R007,1890,PASS,worst_obstruction_endpoint_distance,0.7973955137346138,1808.9184260319166,True,,端点最大距离且全时段按遮挡计损仍满足双向预算
T028,投送,6388.147820250426,6407.238729341334,中继,R007,1891,PASS,exact_point,0.7973955137346138,1808.9184260319166,,,独立计算 DEM 遮挡、自由空间损耗与双向预算
T028,投送,6407.238729341334,6426.329638432244,中继,R007,1892,PASS,exact_point,0.7973955137346138,1808.9184260319166,,,独立计算 DEM 遮挡、自由空间损耗与双向预算
T028,投送,6426.329638432244,6445.420547523153,中继,R007,1893,PASS,exact_point,0.7973955137346138,1808.9184260319166,,,独立计算 DEM 遮挡、自由空间损耗与双向预算
T028,投送,6445.420547523153,6464.511456614062,中继,R007,1894,PASS,exact_point,0.7973955137346138,1808.9184260319166,,,独立计算 DEM 遮挡、自由空间损耗与双向预算
T028,投送,6464.511456614062,6483.602365704971,中继,R007,1895,PASS,exact_point,0.7973955137346138,1808.9184260319166,,,独立计算 DEM 遮挡、自由空间损耗与双向预算
T028,投送,6483.602365704971,6502.69327479588,中继,R007,1896,PASS,exact_point,0.7973955137346138,1808.9184260319166,,,独立计算 DEM 遮挡、自由空间损耗与双向预算
T028,投送,6502.69327479588,6521.784183886789,中继,R007,1897,PASS,exact_point,0.7973955137346138,1808.9184260319166,,,独立计算 DEM 遮挡、自由空间损耗与双向预算
T028,投送,6521.784183886789,6540.875092977698,中继,R007,1898,PASS,exact_point,0.7973955137346138,1808.9184260319166,,,独立计算 DEM 遮挡、自由空间损耗与双向预算
T028,投送,6540.875092977698,6559.966002068607,中继,R007,1899,PASS,exact_point,0.7973955137346138,1808.9184260319166,,,独立计算 DEM 遮挡、自由空间损耗与双向预算
T028,投送,6559.966002068607,6579.056911159516,中继,R007,1900,PASS,exact_point,0.7973955137346138,1808.9184260319166,,,独立计算 DEM 遮挡、自由空间损耗与双向预算
T028,投送,6579.056911159516,6598.147820250426,中继,R007,1901,PASS,exact_point,0.7973955137346138,1808.9184260319166,,,独立计算 DEM 遮挡、自由空间损耗与双向预算
T028,爬升,6598.147820250426,6615.149375629657,中继,R007,1902,PASS,worst_obstruction_endpoint_distance,0.7973955137346138,1808.9184260319166,True,,端点最大距离且全时段按遮挡计损仍满足双向预算
T028,爬升,6615.149375629657,6632.1509310088895,中继,R007,1903,PASS,worst_obstruction_endpoint_distance,0.8218421697135057,1803.8343373937878,True,,端点最大距离且全时段按遮挡计损仍满足双向预算
T028,巡航,6632.1509310088895,6652.099362240314,中继,R007,1904,PASS,worst_obstruction_endpoint_distance,0.8394489047696396,1800.181577902523,True,,端点最大距离且全时段按遮挡计损仍满足双向预算
T028,巡航,6652.099362240314,6672.047793471739,中继,R007,1905,PASS,worst_obstruction_endpoint_distance,2.238018545490135,1532.4553547674145,True,,端点最大距离且全时段按遮挡计损仍满足双向预算
T028,巡航,6672.047793471739,6691.9962247031635,中继,R007,1906,PASS,worst_obstruction_endpoint_distance,3.809912144193447,1278.77209625438,True,,端点最大距离且全时段按遮挡计损仍满足双向预算
T028,巡航,6691.9962247031635,6711.944655934589,中继,R007,1907,PASS,worst_obstruction_endpoint_distance,5.527232666505114,1049.3663291862797,True,,端点最大距离且全时段按遮挡计损仍满足双向预算
T028,巡航,6711.944655934589,6731.893087166014,中继,R007,1908,PASS,worst_obstruction_endpoint_distance,7.2174888770571215,863.8022171589038,True,,端点最大距离且全时段按遮挡计损仍满足双向预算
T028,巡航,6731.893087166014,6751.841518397438,中继,R007,1909,PASS,worst_obstruction_endpoint_distance,8.361635307260357,757.1937018024331,True,,端点最大距离且全时段按遮挡计损仍满足双向预算
T028,巡航,6751.841518397438,6771.789949628863,中继,R007,1910,PASS,worst_obstruction_endpoint_distance,7.163167460360086,869.2213505149701,True,,端点最大距离且全时段按遮挡计损仍满足双向预算
T028,巡航,6771.789949628863,6791.738380860288,中继,R007,1911,PASS,worst_obstruction_endpoint_distance,5.465934903575743,1056.7980739955074,True,,端点最大距离且全时段按遮挡计损仍满足双向预算
T028,巡航,6791.738380860288,6811.686812091713,中继,R007,1912,PASS,worst_obstruction_endpoint_distance,3.752100501082751,1287.3117497629592,True,,端点最大距离且全时段按遮挡计损仍满足双向预算
T028,巡航,6811.686812091713,6831.635243323138,中继,R007,1913,PASS,worst_obstruction_endpoint_distance,2.18622543639502,1541.6205343153074,True,,端点最大距离且全时段按遮挡计损仍满足双向预算
T028,巡航,6831.635243323138,6851.583674554563,中继,R007,1914,PASS,worst_obstruction_endpoint_distance,0.7935438880098502,1809.720741284462,True,,端点最大距离且全时段按遮挡计损仍满足双向预算
T028,巡航,6851.583674554563,6871.532105785987,中继,R006,1915,PASS,worst_obstruction_endpoint_distance,0.682072816606933,1833.0956104889353,True,,端点最大距离且全时段按遮挡计损仍满足双向预算
T028,巡航,6871.532105785987,6891.480537017413,中继,R006,1916,PASS,worst_obstruction_endpoint_distance,1.871524577405495,1598.4995907465093,True,,端点最大距离且全时段按遮挡计损仍满足双向预算
T028,巡航,6891.480537017413,6911.428968248838,中继,R006,1917,PASS,worst_obstruction_endpoint_distance,3.0919231118517416,1388.9691590915174,True,,端点最大距离且全时段按遮挡计损仍满足双向预算
T028,巡航,6911.428968248838,6931.377399480262,直连,,1918,PASS,worst_obstruction_endpoint_distance,0.1323753731121542,3896.45791298493,True,,端点最大距离且全时段按遮挡计损仍满足双向预算
T028,巡航,6931.377399480262,6951.325830711688,直连,,1919,PASS,worst_obstruction_endpoint_distance,0.8250994230448754,3597.773239354705,True,,端点最大距离且全时段按遮挡计损仍满足双向预算
T028,巡航,6951.325830711688,6971.274261943112,直连,,1920,PASS,worst_obstruction_endpoint_distance,1.5776371600474448,3299.186756586918,True,,端点最大距离且全时段按遮挡计损仍满足双向预算
T028,巡航,6971.274261943112,6991.222693174537,直连,,1921,PASS,worst_obstruction_endpoint_distance,2.401243199064254,3000.7277761782934,True,,端点最大距离且全时段按遮挡计损仍满足双向预算
T028,巡航,6991.222693174537,7011.1711244059625,直连,,1922,PASS,worst_obstruction_endpoint_distance,3.3106586402651743,2702.4385427766797,True,,端点最大距离且全时段按遮挡计损仍满足双向预算
T028,巡航,7011.1711244059625,7031.119555637387,直连,,1923,PASS,worst_obstruction_endpoint_distance,4.325704959757758,2404.3822339864455,True,,端点最大距离且全时段按遮挡计损仍满足双向预算
T028,巡航,7031.119555637387,7051.067986868811,直连,,1924,PASS,worst_obstruction_endpoint_distance,5.473895595477202,2106.657716764186,True,,端点最大距离且全时段按遮挡计损仍满足双向预算
T028,巡航,7051.067986868811,7071.0164181002365,直连,,1925,PASS,worst_obstruction_endpoint_distance,6.794945300204006,1809.428778084995,True,,端点最大距离且全时段按遮挡计损仍满足双向预算
T028,巡航,7071.0164181002365,7090.964849331662,直连,,1926,PASS,worst_obstruction_endpoint_distance,8.349068263577223,1512.9875178566108,True,,端点最大距离且全时段按遮挡计损仍满足双向预算
T028,巡航,7090.964849331662,7110.913280563086,直连,,1927,PASS,worst_obstruction_endpoint_distance,10.233476665807785,1217.9092389358796,True,,端点最大距离且全时段按遮挡计损仍满足双向预算
T028,巡航,7110.913280563086,7130.861711794511,直连,,1928,PASS,worst_obstruction_endpoint_distance,12.618260351929706,925.4985457841007,True,,端点最大距离且全时段按遮挡计损仍满足双向预算
T028,巡航,7130.861711794511,7150.810143025936,直连,,1929,PASS,worst_obstruction_endpoint_distance,15.829974101692486,639.4256493755012,True,,端点最大距离且全时段按遮挡计损仍满足双向预算
T028,巡航,7150.810143025936,7170.758574257361,直连,,1930,PASS,worst_obstruction_endpoint_distance,20.476569260061567,374.5073067081198,True,,端点最大距离且全时段按遮挡计损仍满足双向预算
T028,下降,7170.758574257361,7190.375320839392,直连,,1931,PASS,worst_obstruction_endpoint_distance,24.894047506859238,225.20933227539103,True,,端点最大距离且全时段按遮挡计损仍满足双向预算
T028,下降,7190.375320839392,7209.992067421424,直连,,1932,PASS,worst_obstruction_endpoint_distance,27.0272610251467,176.16746582031374,True,,端点最大距离且全时段按遮挡计损仍满足双向预算
T028,下降,7209.992067421424,7229.608814003455,直连,,1933,PASS,worst_obstruction_endpoint_distance,29.86111489526982,127.12559936523417,True,,端点最大距离且全时段按遮挡计损仍满足双向预算
T028,下降,7229.608814003455,7249.225560585486,直连,,1934,PASS,worst_obstruction_endpoint_distance,34.09456382066654,78.0837329101546,True,,端点最大距离且全时段按遮挡计损仍满足双向预算
T028,下降,7249.225560585486,7268.842307167517,直连,,1935,PASS,worst_obstruction_endpoint_distance,42.68528468478472,29.041866455077297,True,,端点最大距离且全时段按遮挡计损仍满足双向预算
T029,爬升,5906.0,5924.629083930122,直连,,1936,PASS,worst_obstruction_endpoint_distance,40.846971130325116,35.88725179036558,True,,端点最大距离且全时段按遮挡计损仍满足双向预算
T029,爬升,5924.629083930122,5943.258167860243,直连,,1937,PASS,worst_obstruction_endpoint_distance,32.69133428513673,91.77450358072844,True,,端点最大距离且全时段按遮挡计损仍满足双向预算
T029,爬升,5943.258167860243,5961.887251790365,直连,,1938,PASS,worst_obstruction_endpoint_distance,28.560414627442924,147.661755371094,True,,端点最大距离且全时段按遮挡计损仍满足双向预算
T029,巡航,5961.887251790365,5981.387932809506,直连,,1939,PASS,worst_obstruction_endpoint_distance,23.105539305523138,276.701678111109,True,,端点最大距离且全时段按遮挡计损仍满足双向预算
T029,巡航,5981.387932809506,6000.888613828649,直连,,1940,PASS,worst_obstruction_endpoint_distance,18.12842960559327,490.7578758212867,True,,端点最大距离且全时段按遮挡计损仍满足双向预算
T029,巡航,6000.888613828649,6020.389294847791,直连,,1941,PASS,worst_obstruction_endpoint_distance,14.83071939347792,717.3858209025456,True,,端点最大距离且全时段按遮挡计损仍满足双向预算
T029,巡航,6020.389294847791,6039.889975866932,直连,,1942,PASS,worst_obstruction_endpoint_distance,12.413199503853406,947.608140912613,True,,端点最大距离且全时段按遮挡计损仍满足双向预算
T029,巡航,6039.889975866932,6059.390656886075,直连,,1943,PASS,worst_obstruction_endpoint_distance,10.513129561117665,1179.3216739957807,True,,端点最大距离且全时段按遮挡计损仍满足双向预算
T029,巡航,6059.390656886075,6078.8913379052165,直连,,1944,PASS,worst_obstruction_endpoint_distance,8.950358587344866,1411.7923650909095,True,,端点最大距离且全时段按遮挡计损仍满足双向预算
T029,巡航,6078.8913379052165,6098.392018924358,直连,,1945,PASS,worst_obstruction_endpoint_distance,7.624045631567441,1644.6991830859633,True,,端点最大距离且全时段按遮挡计损仍满足双向预算
T029,巡航,6098.392018924358,6117.8926999435,直连,,1946,PASS,worst_obstruction_endpoint_distance,6.472419076072541,1877.8798611459722,True,,端点最大距离且全时段按遮挡计损仍满足双向预算
T029,巡航,6117.8926999435,6137.393380962642,直连,,1947,PASS,worst_obstruction_endpoint_distance,5.455007997216299,2111.243660095155,True,,端点最大距离且全时段按遮挡计损仍满足双向预算
T029,巡航,6137.393380962642,6156.894061981784,直连,,1948,PASS,worst_obstruction_endpoint_distance,4.543896491302121,2344.735904324178,True,,端点最大距离且全时段按遮挡计损仍满足双向预算
T029,巡航,6156.894061981784,6176.394743000926,直连,,1949,PASS,worst_obstruction_endpoint_distance,3.7190330961793165,2578.321698140954,True,,端点最大距离且全时段按遮挡计损仍满足双向预算
T029,巡航,6176.394743000926,6195.895424020068,直连,,1950,PASS,worst_obstruction_endpoint_distance,2.9655376322348275,2811.977728667235,True,,端点最大距离且全时段按遮挡计损仍满足双向预算
T029,下降,6195.895424020068,6212.547775094286,直连,,1951,PASS,worst_obstruction_endpoint_distance,2.9655376322348275,2811.977728667235,True,,端点最大距离且全时段按遮挡计损仍满足双向预算
T029,下降,6212.547775094286,6229.200126168505,直连,,1952,PASS,worst_obstruction_endpoint_distance,2.9713422573941983,2810.099161870278,True,,端点最大距离且全时段按遮挡计损仍满足双向预算
T029,投送,6229.200126168505,6249.200126168505,直连,,1953,PASS,exact_point,2.9752461696598544,2808.8364339208633,,,独立计算 DEM 遮挡、自由空间损耗与双向预算
T029,投送,6249.200126168505,6269.200126168505,直连,,1954,PASS,exact_point,2.9752461696598544,2808.8364339208633,,,独立计算 DEM 遮挡、自由空间损耗与双向预算
T029,投送,6269.200126168505,6289.200126168505,直连,,1955,PASS,exact_point,2.9752461696598544,2808.8364339208633,,,独立计算 DEM 遮挡、自由空间损耗与双向预算
T029,投送,6289.200126168505,6309.200126168505,直连,,1956,PASS,exact_point,2.9752461696598544,2808.8364339208633,,,独立计算 DEM 遮挡、自由空间损耗与双向预算
T029,投送,6309.200126168505,6329.200126168505,直连,,1957,PASS,exact_point,2.9752461696598544,2808.8364339208633,,,独立计算 DEM 遮挡、自由空间损耗与双向预算
T029,投送,6329.200126168505,6349.200126168505,直连,,1958,PASS,exact_point,2.9752461696598544,2808.8364339208633,,,独立计算 DEM 遮挡、自由空间损耗与双向预算
T029,投送,6349.200126168505,6369.200126168505,直连,,1959,PASS,exact_point,2.9752461696598544,2808.8364339208633,,,独立计算 DEM 遮挡、自由空间损耗与双向预算
T029,投送,6369.200126168505,6389.200126168505,直连,,1960,PASS,exact_point,2.9752461696598544,2808.8364339208633,,,独立计算 DEM 遮挡、自由空间损耗与双向预算
T029,投送,6389.200126168505,6409.200126168505,直连,,1961,PASS,exact_point,2.9752461696598544,2808.8364339208633,,,独立计算 DEM 遮挡、自由空间损耗与双向预算
T029,爬升,6409.200126168505,6423.077085397021,直连,,1962,PASS,worst_obstruction_endpoint_distance,2.9713422573941983,2810.099161870278,True,,端点最大距离且全时段按遮挡计损仍满足双向预算
T029,爬升,6423.077085397021,6436.954044625537,直连,,1963,PASS,worst_obstruction_endpoint_distance,2.9655376322348275,2811.977728667235,True,,端点最大距离且全时段按遮挡计损仍满足双向预算
T029,巡航,6436.954044625537,6456.454725644679,直连,,1964,PASS,worst_obstruction_endpoint_distance,2.9655376322348275,2811.977728667235,True,,端点最大距离且全时段按遮挡计损仍满足双向预算
T029,巡航,6456.454725644679,6475.955406663821,直连,,1965,PASS,worst_obstruction_endpoint_distance,3.7190330961792313,2578.3216981409755,True,,端点最大距离且全时段按遮挡计损仍满足双向预算
T029,巡航,6475.955406663821,6495.456087682963,直连,,1966,PASS,worst_obstruction_endpoint_distance,4.543896491302121,2344.735904324178,True,,端点最大距离且全时段按遮挡计损仍满足双向预算
T029,巡航,6495.456087682963,6514.9567687021045,直连,,1967,PASS,worst_obstruction_endpoint_distance,5.455007997216299,2111.243660095155,True,,端点最大距离且全时段按遮挡计损仍满足双向预算
T029,巡航,6514.9567687021045,6534.457449721246,直连,,1968,PASS,worst_obstruction_endpoint_distance,6.472419076072541,1877.8798611459722,True,,端点最大距离且全时段按遮挡计损仍满足双向预算
T029,巡航,6534.457449721246,6553.958130740389,直连,,1969,PASS,worst_obstruction_endpoint_distance,7.624045631567327,1644.699183085985,True,,端点最大距离且全时段按遮挡计损仍满足双向预算
T029,巡航,6553.958130740389,6573.45881175953,直连,,1970,PASS,worst_obstruction_endpoint_distance,8.950358587344866,1411.7923650909095,True,,端点最大距离且全时段按遮挡计损仍满足双向预算
T029,巡航,6573.45881175953,6592.959492778672,直连,,1971,PASS,worst_obstruction_endpoint_distance,10.513129561117822,1179.3216739957593,True,,端点最大距离且全时段按遮挡计损仍满足双向预算
T029,巡航,6592.959492778672,6612.460173797814,直连,,1972,PASS,worst_obstruction_endpoint_distance,12.413199503853406,947.608140912613,True,,端点最大距离且全时段按遮挡计损仍满足双向预算
T029,巡航,6612.460173797814,6631.960854816956,直连,,1973,PASS,worst_obstruction_endpoint_distance,14.83071939347792,717.3858209025456,True,,端点最大距离且全时段按遮挡计损仍满足双向预算
T029,巡航,6631.960854816956,6651.461535836098,直连,,1974,PASS,worst_obstruction_endpoint_distance,18.12842960560056,490.75787582087463,True,,端点最大距离且全时段按遮挡计损仍满足双向预算
T029,巡航,6651.461535836098,6670.96221685524,直连,,1975,PASS,worst_obstruction_endpoint_distance,23.105539305523138,276.701678111109,True,,端点最大距离且全时段按遮挡计损仍满足双向预算
T029,下降,6670.96221685524,6687.72839239235,直连,,1976,PASS,worst_obstruction_endpoint_distance,28.560414627442924,147.661755371094,True,,端点最大距离且全时段按遮挡计损仍满足双向预算
T029,下降,6687.72839239235,6704.494567929459,直连,,1977,PASS,worst_obstruction_endpoint_distance,31.460470195991547,105.74631652831937,True,,端点最大距离且全时段按遮挡计损仍满足双向预算
T029,下降,6704.494567929459,6721.260743466568,直连,,1978,PASS,worst_obstruction_endpoint_distance,35.845158843874174,63.830877685546994,True,,端点最大距离且全时段按遮挡计损仍满足双向预算
T029,下降,6721.260743466568,6738.026919003678,直连,,1979,PASS,worst_obstruction_endpoint_distance,45.130771734791296,21.91543884277462,True,,端点最大距离且全时段按遮挡计损仍满足双向预算
