sortie_id,stage,start_s,end_s,mode,relay_id,comm_row_index,status,method,margin_db,worst_distance_m,pessimistic_obstructed,witness_s,reason
T001,爬升,389.9999999999999,409.0400663248697,直连,,1,PASS,worst_obstruction_endpoint_distance,40.553569255917964,37.12019897460948,True,,端点最大距离且全时段按遮挡计损仍满足双向预算
T001,爬升,409.0400663248697,428.0801326497395,直连,,2,PASS,worst_obstruction_endpoint_distance,32.46103293889698,94.24039794921879,True,,端点最大距离且全时段按遮挡计损仍满足双向预算
T001,爬升,428.0801326497395,447.1201989746093,直连,,3,PASS,worst_obstruction_endpoint_distance,28.34551852982844,151.3605969238282,True,,端点最大距离且全时段按遮挡计损仍满足双向预算
T001,爬升,447.1201989746093,466.1602652994791,直连,,4,PASS,worst_obstruction_endpoint_distance,25.564454038992494,208.48079589843752,True,,端点最大距离且全时段按遮挡计损仍满足双向预算
T001,爬升,466.1602652994791,485.2003316243489,直连,,5,PASS,worst_obstruction_endpoint_distance,23.4611812166777,265.600994873047,True,,端点最大距离且全时段按遮挡计损仍满足双向预算
T001,巡航,485.2003316243489,504.9081935608007,直连,,6,PASS,worst_obstruction_endpoint_distance,19.961022984094825,397.40891843474714,True,,端点最大距离且全时段按遮挡计损仍满足双向预算
T001,巡航,504.9081935608007,524.6160554972525,直连,,7,PASS,worst_obstruction_endpoint_distance,15.71220980707109,648.1540930775991,True,,端点最大距离且全时段按遮挡计损仍满足双向预算
T001,巡航,524.6160554972525,544.3239174337044,直连,,8,PASS,worst_obstruction_endpoint_distance,12.615695694557388,925.7718553957753,True,,端点最大距离且全时段按遮挡计损仍满足双向预算
T001,巡航,544.3239174337044,564.0317793701563,直连,,9,PASS,worst_obstruction_endpoint_distance,10.276198059579158,1211.9336813788218,True,,端点最大距离且全时段按遮挡计损仍满足双向预算
T001,巡航,564.0317793701563,583.7396413066081,直连,,10,PASS,worst_obstruction_endpoint_distance,8.41374566235858,1501.763259580158,True,,端点最大距离且全时段按遮挡计损仍满足双向预算
T001,巡航,583.7396413066081,603.4475032430599,直连,,11,PASS,worst_obstruction_endpoint_distance,6.871828288485418,1793.4833279230154,True,,端点最大距离且全时段按遮挡计损仍满足双向预算
T001,巡航,603.4475032430599,623.1553651795118,直连,,12,PASS,worst_obstruction_endpoint_distance,5.5582357768518165,2086.3010154813837,True,,端点最大距离且全时段按遮挡计损仍满足双向预算
T001,巡航,623.1553651795118,642.8632271159636,直连,,13,PASS,worst_obstruction_endpoint_distance,4.4149250998654,2379.8111956219427,True,,端点最大距离且全时段按遮挡计损仍满足双向预算
T001,巡航,642.8632271159636,662.5710890524155,直连,,14,PASS,worst_obstruction_endpoint_distance,3.4032428294939336,2673.7858265695286,True,,端点最大距离且全时段按遮挡计损仍满足双向预算
T001,巡航,662.5710890524155,682.2789509888673,直连,,15,PASS,worst_obstruction_endpoint_distance,2.4962429037207414,2968.0869067243466,True,,端点最大距离且全时段按遮挡计损仍满足双向预算
T001,巡航,682.2789509888673,701.9868129253191,直连,,16,PASS,worst_obstruction_endpoint_distance,1.6744290534633564,3262.6260964629014,True,,端点最大距离且全时段按遮挡计损仍满足双向预算
T001,巡航,701.9868129253191,721.694674861771,直连,,17,PASS,worst_obstruction_endpoint_distance,0.9232572696648731,3557.344251646282,True,,端点最大距离且全时段按遮挡计损仍满足双向预算
T001,巡航,721.694674861771,741.4025367982229,直连,,18,PASS,worst_obstruction_endpoint_distance,0.2315979591948718,3852.200296462618,True,,端点最大距离且全时段按遮挡计损仍满足双向预算
T001,巡航,741.4025367982229,761.1103987346746,中继,R002,19,PASS,worst_obstruction_endpoint_distance,1.5293471153497364,1662.7287360181615,True,,端点最大距离且全时段按遮挡计损仍满足双向预算
T001,巡航,761.1103987346746,780.8182606711265,中继,R002,20,PASS,worst_obstruction_endpoint_distance,3.1918929171144725,1373.0745338103702,True,,端点最大距离且全时段按遮挡计损仍满足双向预算
T001,巡航,780.8182606711265,800.5261226075784,中继,R002,21,PASS,worst_obstruction_endpoint_distance,5.224083731909346,1086.6372077029318,True,,端点最大距离且全时段按遮挡计损仍满足双向预算
T001,巡航,800.5261226075784,820.2339845440301,中继,R002,22,PASS,worst_obstruction_endpoint_distance,7.809918002431388,806.8501018641134,True,,端点最大距离且全时段按遮挡计损仍满足双向预算
T001,巡航,820.2339845440301,839.9418464804821,中继,R002,23,PASS,worst_obstruction_endpoint_distance,11.23265745479327,544.0713855181892,True,,端点最大距离且全时段按遮挡计损仍满足双向预算
T001,巡航,839.9418464804821,859.6497084169339,中继,R002,24,PASS,worst_obstruction_endpoint_distance,15.30868289058364,340.2942523009908,True,,端点最大距离且全时段按遮挡计损仍满足双向预算
T001,巡航,859.6497084169339,879.3575703533858,中继,R002,25,PASS,worst_obstruction_endpoint_distance,11.478649442313184,528.878955160324,True,,端点最大距离且全时段按遮挡计损仍满足双向预算
T001,巡航,879.3575703533858,899.0654322898375,中继,R002,26,PASS,worst_obstruction_endpoint_distance,7.995048454551593,789.834928744089,True,,端点最大距离且全时段按遮挡计损仍满足双向预算
T001,巡航,899.0654322898375,918.7732942262894,中继,R002,27,PASS,worst_obstruction_endpoint_distance,5.366280347934946,1068.9927034665866,True,,端点最大距离且全时段按遮挡计损仍满足双向预算
T001,巡航,918.7732942262894,938.4811561627412,中继,R002,28,PASS,worst_obstruction_endpoint_distance,3.306027817586582,1355.1499936956816,True,,端点最大距离且全时段按遮挡计损仍满足双向预算
T001,巡航,938.4811561627412,958.189018099193,中继,R002,29,PASS,worst_obstruction_endpoint_distance,1.6242669914537942,1644.6572684634768,True,,端点最大距离且全时段按遮挡计损仍满足双向预算
T001,巡航,958.189018099193,977.8968800356449,中继,R002,30,PASS,worst_obstruction_endpoint_distance,0.2076130959518423,1936.0122613129108,True,,端点最大距离且全时段按遮挡计损仍满足双向预算
T001,下降,977.8968800356449,995.6970126853845,中继,R002,31,PASS,worst_obstruction_endpoint_distance,0.2076130959518423,1936.0122613129108,True,,端点最大距离且全时段按遮挡计损仍满足双向预算
T001,下降,995.6970126853845,1013.4971453351242,中继,R002,32,PASS,worst_obstruction_endpoint_distance,0.20735980617972416,1936.0687183109696,True,,端点最大距离且全时段按遮挡计损仍满足双向预算
T001,下降,1013.4971453351242,1031.2972779848637,中继,R002,33,PASS,worst_obstruction_endpoint_distance,0.20035561395789614,1937.6305694328028,True,,端点最大距离且全时段按遮挡计损仍满足双向预算
T001,投送,1031.2972779848637,1051.2972779848637,中继,R002,34,PASS,exact_point,0.20035561395789614,1937.6305694328028,,,独立计算 DEM 遮挡、自由空间损耗与双向预算
T001,投送,1051.2972779848637,1071.2972779848637,中继,R002,35,PASS,exact_point,0.20035561395789614,1937.6305694328028,,,独立计算 DEM 遮挡、自由空间损耗与双向预算
T001,投送,1071.2972779848637,1091.2972779848637,中继,R002,36,PASS,exact_point,0.20035561395789614,1937.6305694328028,,,独立计算 DEM 遮挡、自由空间损耗与双向预算
T001,投送,1091.2972779848637,1111.2972779848637,中继,R002,37,PASS,exact_point,0.20035561395789614,1937.6305694328028,,,独立计算 DEM 遮挡、自由空间损耗与双向预算
T001,投送,1111.2972779848637,1131.2972779848637,中继,R002,38,PASS,exact_point,0.20035561395789614,1937.6305694328028,,,独立计算 DEM 遮挡、自由空间损耗与双向预算
T001,投送,1131.2972779848637,1151.2972779848637,中继,R002,39,PASS,exact_point,0.20035561395789614,1937.6305694328028,,,独立计算 DEM 遮挡、自由空间损耗与双向预算
T001,投送,1151.2972779848637,1171.2972779848637,中继,R002,40,PASS,exact_point,0.20035561395789614,1937.6305694328028,,,独立计算 DEM 遮挡、自由空间损耗与双向预算
T001,投送,1171.2972779848637,1191.2972779848637,中继,R002,41,PASS,exact_point,0.20035561395789614,1937.6305694328028,,,独立计算 DEM 遮挡、自由空间损耗与双向预算
T001,投送,1191.2972779848637,1211.2972779848637,中继,R002,42,PASS,exact_point,0.20035561395789614,1937.6305694328028,,,独立计算 DEM 遮挡、自由空间损耗与双向预算
T001,投送,1211.2972779848637,1231.2972779848637,中继,R002,43,PASS,exact_point,0.20035561395789614,1937.6305694328028,,,独立计算 DEM 遮挡、自由空间损耗与双向预算
T001,投送,1231.2972779848637,1251.2972779848637,中继,R002,44,PASS,exact_point,0.20035561395789614,1937.6305694328028,,,独立计算 DEM 遮挡、自由空间损耗与双向预算
T001,投送,1251.2972779848637,1271.2972779848637,中继,R002,45,PASS,exact_point,0.20035561395789614,1937.6305694328028,,,独立计算 DEM 遮挡、自由空间损耗与双向预算
T001,爬升,1271.2972779848637,1286.1307218596467,中继,R002,46,PASS,worst_obstruction_endpoint_distance,0.20035561395789614,1937.6305694328028,True,,端点最大距离且全时段按遮挡计损仍满足双向预算
T001,爬升,1286.1307218596467,1300.9641657344298,中继,R002,47,PASS,worst_obstruction_endpoint_distance,0.20735980617972416,1936.0687183109696,True,,端点最大距离且全时段按遮挡计损仍满足双向预算
T001,爬升,1300.9641657344298,1315.7976096092127,中继,R002,48,PASS,worst_obstruction_endpoint_distance,0.2076130959518423,1936.0122613129108,True,,端点最大距离且全时段按遮挡计损仍满足双向预算
T001,巡航,1315.7976096092127,1335.5054715456645,中继,R002,49,PASS,worst_obstruction_endpoint_distance,0.2076130959518423,1936.0122613129108,True,,端点最大距离且全时段按遮挡计损仍满足双向预算
T001,巡航,1335.5054715456645,1355.2133334821165,中继,R002,50,PASS,worst_obstruction_endpoint_distance,1.6242669914537942,1644.6572684634768,True,,端点最大距离且全时段按遮挡计损仍满足双向预算
T001,巡航,1355.2133334821165,1374.9211954185682,中继,R002,51,PASS,worst_obstruction_endpoint_distance,3.306027817586582,1355.1499936956816,True,,端点最大距离且全时段按遮挡计损仍满足双向预算
T001,巡航,1374.9211954185682,1394.62905735502,中继,R002,52,PASS,worst_obstruction_endpoint_distance,5.366280347934946,1068.9927034665866,True,,端点最大距离且全时段按遮挡计损仍满足双向预算
T001,巡航,1394.62905735502,1414.336919291472,中继,R002,53,PASS,worst_obstruction_endpoint_distance,7.995048454551593,789.834928744089,True,,端点最大距离且全时段按遮挡计损仍满足双向预算
T001,巡航,1414.336919291472,1434.0447812279237,中继,R002,54,PASS,worst_obstruction_endpoint_distance,11.478649442313184,528.878955160324,True,,端点最大距离且全时段按遮挡计损仍满足双向预算
T001,巡航,1434.0447812279237,1453.7526431643755,中继,R002,55,PASS,worst_obstruction_endpoint_distance,15.30868289058364,340.2942523009908,True,,端点最大距离且全时段按遮挡计损仍满足双向预算
T001,巡航,1453.7526431643755,1473.4605051008275,中继,R002,56,PASS,worst_obstruction_endpoint_distance,11.23265745479327,544.0713855181892,True,,端点最大距离且全时段按遮挡计损仍满足双向预算
T001,巡航,1473.4605051008275,1493.1683670372793,中继,R002,57,PASS,worst_obstruction_endpoint_distance,7.809918002431388,806.8501018641134,True,,端点最大距离且全时段按遮挡计损仍满足双向预算
T001,巡航,1493.1683670372793,1512.876228973731,中继,R002,58,PASS,worst_obstruction_endpoint_distance,5.224083731909346,1086.6372077029318,True,,端点最大距离且全时段按遮挡计损仍满足双向预算
T001,巡航,1512.876228973731,1532.584090910183,中继,R002,59,PASS,worst_obstruction_endpoint_distance,3.1918929171144725,1373.0745338103702,True,,端点最大距离且全时段按遮挡计损仍满足双向预算
T001,巡航,1532.584090910183,1552.2919528466348,中继,R002,60,PASS,worst_obstruction_endpoint_distance,1.5293471153497364,1662.7287360181615,True,,端点最大距离且全时段按遮挡计损仍满足双向预算
T001,巡航,1552.2919528466348,1571.9998147830865,直连,,61,PASS,worst_obstruction_endpoint_distance,0.2315979591948718,3852.200296462618,True,,端点最大距离且全时段按遮挡计损仍满足双向预算
T001,巡航,1571.9998147830865,1591.7076767195385,直连,,62,PASS,worst_obstruction_endpoint_distance,0.9232572696648731,3557.344251646282,True,,端点最大距离且全时段按遮挡计损仍满足双向预算
T001,巡航,1591.7076767195385,1611.4155386559903,直连,,63,PASS,worst_obstruction_endpoint_distance,1.6744290534633564,3262.6260964629014,True,,端点最大距离且全时段按遮挡计损仍满足双向预算
T001,巡航,1611.4155386559903,1631.123400592442,直连,,64,PASS,worst_obstruction_endpoint_distance,2.4962429037207414,2968.0869067243466,True,,端点最大距离且全时段按遮挡计损仍满足双向预算
T001,巡航,1631.123400592442,1650.8312625288938,直连,,65,PASS,worst_obstruction_endpoint_distance,3.4032428294939336,2673.7858265695286,True,,端点最大距离且全时段按遮挡计损仍满足双向预算
T001,巡航,1650.8312625288938,1670.5391244653458,直连,,66,PASS,worst_obstruction_endpoint_distance,4.4149250998654,2379.8111956219427,True,,端点最大距离且全时段按遮挡计损仍满足双向预算
T001,巡航,1670.5391244653458,1690.2469864017976,直连,,67,PASS,worst_obstruction_endpoint_distance,5.5582357768518165,2086.3010154813837,True,,端点最大距离且全时段按遮挡计损仍满足双向预算
T001,巡航,1690.2469864017976,1709.9548483382496,直连,,68,PASS,worst_obstruction_endpoint_distance,6.871828288485418,1793.4833279230154,True,,端点最大距离且全时段按遮挡计损仍满足双向预算
T001,巡航,1709.9548483382496,1729.6627102747013,直连,,69,PASS,worst_obstruction_endpoint_distance,8.41374566235858,1501.763259580158,True,,端点最大距离且全时段按遮挡计损仍满足双向预算
T001,巡航,1729.6627102747013,1749.370572211153,直连,,70,PASS,worst_obstruction_endpoint_distance,10.276198059579158,1211.9336813788218,True,,端点最大距离且全时段按遮挡计损仍满足双向预算
T001,巡航,1749.370572211153,1769.078434147605,直连,,71,PASS,worst_obstruction_endpoint_distance,12.615695694557388,925.7718553957753,True,,端点最大距离且全时段按遮挡计损仍满足双向预算
T001,巡航,1769.078434147605,1788.7862960840569,直连,,72,PASS,worst_obstruction_endpoint_distance,15.71220980707109,648.1540930775991,True,,端点最大距离且全时段按遮挡计损仍满足双向预算
T001,巡航,1788.7862960840569,1808.4941580205086,直连,,73,PASS,worst_obstruction_endpoint_distance,19.961022984094825,397.40891843474714,True,,端点最大距离且全时段按遮挡计损仍满足双向预算
T001,下降,1808.4941580205086,1827.5342243453783,直连,,74,PASS,worst_obstruction_endpoint_distance,23.4611812166777,265.600994873047,True,,端点最大距离且全时段按遮挡计损仍满足双向预算
T001,下降,1827.5342243453783,1846.5742906702483,直连,,75,PASS,worst_obstruction_endpoint_distance,25.176612261026463,218.00082906087277,True,,端点最大距离且全时段按遮挡计损仍满足双向预算
T001,下降,1846.5742906702483,1865.6143569951182,直连,,76,PASS,worst_obstruction_endpoint_distance,27.316349549092152,170.40066324869798,True,,端点最大距离且全时段按遮挡计损仍满足双向预算
T001,下降,1865.6143569951182,1884.654423319988,直连,,77,PASS,worst_obstruction_endpoint_distance,30.161772645055848,122.80049743652324,True,,端点最大距离且全时段按遮挡计损仍满足双向预算
T001,下降,1884.654423319988,1903.6944896448576,直连,,78,PASS,worst_obstruction_endpoint_distance,34.42138005012991,75.20033162434902,True,,端点最大距离且全时段按遮挡计损仍满足双向预算
T001,下降,1903.6944896448576,1922.7345559697276,直连,,79,PASS,worst_obstruction_endpoint_distance,43.127541342509744,27.600165812174765,True,,端点最大距离且全时段按遮挡计损仍满足双向预算
T002,爬升,479.9999999999999,498.125425415039,直连,,80,PASS,worst_obstruction_endpoint_distance,43.878709413313516,25.31356353759776,True,,端点最大距离且全时段按遮挡计损仍满足双向预算
T002,爬升,498.125425415039,516.2508508300781,直连,,81,PASS,worst_obstruction_endpoint_distance,34.966344352585295,70.62712707519552,True,,端点最大距离且全时段按遮挡计损仍满足双向预算
T002,爬升,516.2508508300781,534.3762762451172,直连,,82,PASS,worst_obstruction_endpoint_distance,30.66105750651289,115.94069061279328,True,,端点最大距离且全时段按遮挡计损仍满足双向预算
T002,爬升,534.3762762451172,552.5017016601563,直连,,83,PASS,worst_obstruction_endpoint_distance,27.79555154865507,161.25425415039103,True,,端点最大距离且全时段按遮挡计损仍满足双向预算
T002,巡航,552.5017016601563,572.2651888835223,直连,,84,PASS,worst_obstruction_endpoint_distance,21.38103723570191,337.4713404244516,True,,端点最大距离且全时段按遮挡计损仍满足双向预算
T002,巡航,572.2651888835223,592.0286761068884,直连,,85,PASS,worst_obstruction_endpoint_distance,16.17615903644753,614.4418760035281,True,,端点最大距离且全时段按遮挡计损仍满足双向预算
T002,巡航,592.0286761068884,611.7921633302544,直连,,86,PASS,worst_obstruction_endpoint_distance,12.823774280234389,903.8576628091926,True,,端点最大距离且全时段按遮挡计损仍满足双向预算
T002,巡航,611.7921633302544,631.5556505536205,直连,,87,PASS,worst_obstruction_endpoint_distance,10.385900789493661,1196.723223014895,True,,端点最大距离且全时段按遮挡计损仍满足双向预算
T002,巡航,631.5556505536205,651.3191377769865,直连,,88,PASS,worst_obstruction_endpoint_distance,8.476180856524223,1491.0071135443768,True,,端点最大距离且全时段按遮挡计损仍满足双向预算
T002,巡航,651.3191377769865,671.0826250003527,直连,,89,PASS,worst_obstruction_endpoint_distance,6.908105372473543,1786.0083692495245,True,,端点最大距离且全时段按遮挡计损仍满足双向预算
T002,巡航,671.0826250003527,690.8461122237186,直连,,90,PASS,worst_obstruction_endpoint_distance,5.578572376014165,2081.421994615999,True,,端点最大距离且全时段按遮挡计损仍满足双向预算
T002,巡航,690.8461122237186,710.6095994470847,直连,,91,PASS,worst_obstruction_endpoint_distance,4.424847125248689,2377.0942527732964,True,,端点最大距离且全时段按遮挡计损仍满足双向预算
T002,巡航,710.6095994470847,730.3730866704508,直连,,92,PASS,worst_obstruction_endpoint_distance,3.4059931797055043,2672.939317626779,True,,端点最大距离且全时段按遮挡计损仍满足双向预算
T002,巡航,730.3730866704508,750.1365738938168,直连,,93,PASS,worst_obstruction_endpoint_distance,2.4938475922613463,2968.9055301769163,True,,端点最大距离且全时段按遮挡计损仍满足双向预算
T002,巡航,750.1365738938168,769.9000611171829,直连,,94,PASS,worst_obstruction_endpoint_distance,1.6682180133278024,3264.9599447416617,True,,端点最大距离且全时段按遮挡计损仍满足双向预算
T002,巡航,769.9000611171829,789.6635483405489,直连,,95,PASS,worst_obstruction_endpoint_distance,0.9141391873638156,3561.0805630696686,True,,端点最大距离且全时段按遮挡计损仍满足双向预算
T002,巡航,789.6635483405489,809.427035563915,直连,,96,PASS,worst_obstruction_endpoint_distance,0.2202145974620322,3857.2521378350943,True,,端点最大距离且全时段按遮挡计损仍满足双向预算
T002,巡航,809.427035563915,829.190522787281,中继,R001,97,PASS,worst_obstruction_endpoint_distance,1.7986941689042766,1611.9592170068474,True,,端点最大距离且全时段按遮挡计损仍满足双向预算
T002,巡航,829.190522787281,848.954010010647,中继,R001,98,PASS,worst_obstruction_endpoint_distance,3.548725382916672,1317.8090603809612,True,,端点最大距离且全时段按遮挡计损仍满足双向预算
T002,巡航,848.954010010647,868.7174972340131,中继,R001,99,PASS,worst_obstruction_endpoint_distance,5.731414163795407,1024.9862751293902,True,,端点最大距离且全时段按遮挡计损仍满足双向预算
T002,巡航,868.7174972340131,888.4809844573791,中继,R001,100,PASS,worst_obstruction_endpoint_distance,8.619096337392278,735.0788740248184,True,,端点最大距离且全时段按遮挡计损仍满足双向预算
T002,巡航,888.4809844573791,908.2444716807452,中继,R002,101,PASS,worst_obstruction_endpoint_distance,0.0883123486256494,1962.7868552554803,True,,端点最大距离且全时段按遮挡计损仍满足双向预算
T002,巡航,908.2444716807452,928.0079589041113,中继,R001,102,PASS,worst_obstruction_endpoint_distance,17.87171950183982,253.33942657084106,True,,端点最大距离且全时段按遮挡计损仍满足双向预算
T002,巡航,928.0079589041113,947.7714461274772,中继,R001,103,PASS,worst_obstruction_endpoint_distance,11.846499345070555,506.94844008022034,True,,端点最大距离且全时段按遮挡计损仍满足双向预算
T002,巡航,947.7714461274772,967.5349333508434,中继,R001,104,PASS,worst_obstruction_endpoint_distance,7.982943005401779,790.9364822770917,True,,端点最大距离且全时段按遮挡计损仍满足双向预算
T002,巡航,967.5349333508434,987.2984205742094,中继,R001,105,PASS,worst_obstruction_endpoint_distance,5.2641680033805756,1081.634069057801,True,,端点最大距离且全时段按遮挡计损仍满足双向预算
T002,巡航,987.2984205742094,1007.0619077975755,中继,R001,106,PASS,worst_obstruction_endpoint_distance,3.1810377706371042,1374.7915994615264,True,,端点最大距离且全时段按遮挡计损仍满足双向预算
T002,巡航,1007.0619077975755,1026.8253950209414,中继,R001,107,PASS,worst_obstruction_endpoint_distance,1.4960582519514247,1669.113407412768,True,,端点最大距离且全时段按遮挡计损仍满足双向预算
T002,巡航,1026.8253950209414,1046.5888822443076,中继,R001,108,PASS,worst_obstruction_endpoint_distance,0.08260871375279066,1964.076152778362,True,,端点最大距离且全时段按遮挡计损仍满足双向预算
T002,下降,1046.5888822443076,1061.497924602706,中继,R001,109,PASS,worst_obstruction_endpoint_distance,0.08260871375279066,1964.076152778362,True,,端点最大距离且全时段按遮挡计损仍满足双向预算
T002,下降,1061.497924602706,1076.4069669611044,中继,R001,110,PASS,worst_obstruction_endpoint_distance,0.08318935627910662,1963.944860755383,True,,端点最大距离且全时段按遮挡计损仍满足双向预算
T002,下降,1076.4069669611044,1091.3160093195029,中继,R001,111,PASS,worst_obstruction_endpoint_distance,0.0804771903531929,1964.5581975862738,True,,端点最大距离且全时段按遮挡计损仍满足双向预算
T002,投送,1091.3160093195029,1111.1160093195028,中继,R001,112,PASS,exact_point,0.0804771903531929,1964.5581975862738,,,独立计算 DEM 遮挡、自由空间损耗与双向预算
T002,投送,1111.1160093195028,1130.9160093195028,中继,R001,113,PASS,exact_point,0.0804771903531929,1964.5581975862738,,,独立计算 DEM 遮挡、自由空间损耗与双向预算
T002,投送,1130.9160093195028,1150.716009319503,中继,R001,114,PASS,exact_point,0.0804771903531929,1964.5581975862738,,,独立计算 DEM 遮挡、自由空间损耗与双向预算
T002,投送,1150.716009319503,1170.516009319503,中继,R001,115,PASS,exact_point,0.0804771903531929,1964.5581975862738,,,独立计算 DEM 遮挡、自由空间损耗与双向预算
T002,投送,1170.516009319503,1190.3160093195029,中继,R001,116,PASS,exact_point,0.0804771903531929,1964.5581975862738,,,独立计算 DEM 遮挡、自由空间损耗与双向预算
T002,投送,1190.3160093195029,1210.1160093195028,中继,R001,117,PASS,exact_point,0.0804771903531929,1964.5581975862738,,,独立计算 DEM 遮挡、自由空间损耗与双向预算
T002,投送,1210.1160093195028,1229.9160093195028,中继,R001,118,PASS,exact_point,0.0804771903531929,1964.5581975862738,,,独立计算 DEM 遮挡、自由空间损耗与双向预算
T002,投送,1229.9160093195028,1249.716009319503,中继,R001,119,PASS,exact_point,0.0804771903531929,1964.5581975862738,,,独立计算 DEM 遮挡、自由空间损耗与双向预算
T002,投送,1249.716009319503,1269.516009319503,中继,R001,120,PASS,exact_point,0.0804771903531929,1964.5581975862738,,,独立计算 DEM 遮挡、自由空间损耗与双向预算
T002,投送,1269.516009319503,1289.3160093195029,中继,R001,121,PASS,exact_point,0.0804771903531929,1964.5581975862738,,,独立计算 DEM 遮挡、自由空间损耗与双向预算
T002,投送,1289.3160093195029,1309.1160093195028,中继,R001,122,PASS,exact_point,0.0804771903531929,1964.5581975862738,,,独立计算 DEM 遮挡、自由空间损耗与双向预算
T002,投送,1309.1160093195028,1328.9160093195028,中继,R001,123,PASS,exact_point,0.0804771903531929,1964.5581975862738,,,独立计算 DEM 遮挡、自由空间损耗与双向预算
T002,投送,1328.9160093195028,1348.716009319503,中继,R001,124,PASS,exact_point,0.0804771903531929,1964.5581975862738,,,独立计算 DEM 遮挡、自由空间损耗与双向预算
T002,投送,1348.716009319503,1368.516009319503,中继,R001,125,PASS,exact_point,0.0804771903531929,1964.5581975862738,,,独立计算 DEM 遮挡、自由空间损耗与双向预算
T002,投送,1368.516009319503,1388.3160093195029,中继,R001,126,PASS,exact_point,0.0804771903531929,1964.5581975862738,,,独立计算 DEM 遮挡、自由空间损耗与双向预算
T002,投送,1388.3160093195029,1408.1160093195028,中继,R001,127,PASS,exact_point,0.0804771903531929,1964.5581975862738,,,独立计算 DEM 遮挡、自由空间损耗与双向预算
T002,投送,1408.1160093195028,1427.9160093195028,中继,R001,128,PASS,exact_point,0.0804771903531929,1964.5581975862738,,,独立计算 DEM 遮挡、自由空间损耗与双向预算
T002,投送,1427.9160093195028,1447.716009319503,中继,R001,129,PASS,exact_point,0.0804771903531929,1964.5581975862738,,,独立计算 DEM 遮挡、自由空间损耗与双向预算
T002,投送,1447.716009319503,1467.516009319503,中继,R001,130,PASS,exact_point,0.0804771903531929,1964.5581975862738,,,独立计算 DEM 遮挡、自由空间损耗与双向预算
T002,投送,1467.516009319503,1487.3160093195029,中继,R001,131,PASS,exact_point,0.0804771903531929,1964.5581975862738,,,独立计算 DEM 遮挡、自由空间损耗与双向预算
T002,爬升,1487.3160093195029,1505.206860149581,中继,R001,132,PASS,worst_obstruction_endpoint_distance,0.0804771903531929,1964.5581975862738,True,,端点最大距离且全时段按遮挡计损仍满足双向预算
T002,爬升,1505.206860149581,1523.097710979659,中继,R001,133,PASS,worst_obstruction_endpoint_distance,0.08260871375279066,1964.076152778362,True,,端点最大距离且全时段按遮挡计损仍满足双向预算
T002,巡航,1523.097710979659,1542.8611982030252,中继,R001,134,PASS,worst_obstruction_endpoint_distance,0.08260871375279066,1964.076152778362,True,,端点最大距离且全时段按遮挡计损仍满足双向预算
T002,巡航,1542.8611982030252,1562.6246854263911,中继,R001,135,PASS,worst_obstruction_endpoint_distance,1.4960582519514247,1669.113407412768,True,,端点最大距离且全时段按遮挡计损仍满足双向预算
T002,巡航,1562.6246854263911,1582.3881726497573,中继,R001,136,PASS,worst_obstruction_endpoint_distance,3.1810377706371042,1374.7915994615264,True,,端点最大距离且全时段按遮挡计损仍满足双向预算
T002,巡航,1582.3881726497573,1602.1516598731232,中继,R001,137,PASS,worst_obstruction_endpoint_distance,5.2641680033805756,1081.634069057801,True,,端点最大距离且全时段按遮挡计损仍满足双向预算
T002,巡航,1602.1516598731232,1621.9151470964894,中继,R001,138,PASS,worst_obstruction_endpoint_distance,7.982943005401779,790.9364822770917,True,,端点最大距离且全时段按遮挡计损仍满足双向预算
T002,巡航,1621.9151470964894,1641.6786343198553,中继,R001,139,PASS,worst_obstruction_endpoint_distance,11.846499345070555,506.94844008022034,True,,端点最大距离且全时段按遮挡计损仍满足双向预算
T002,巡航,1641.6786343198553,1661.4421215432214,中继,R001,140,PASS,worst_obstruction_endpoint_distance,17.87171950183982,253.33942657084106,True,,端点最大距离且全时段按遮挡计损仍满足双向预算
T002,巡航,1661.4421215432214,1681.2056087665874,中继,R001,141,PASS,worst_obstruction_endpoint_distance,12.810203579364014,453.71023806410597,True,,端点最大距离且全时段按遮挡计损仍满足双向预算
T002,巡航,1681.2056087665874,1700.9690959899535,中继,R001,142,PASS,worst_obstruction_endpoint_distance,8.619096337392278,735.0788740248184,True,,端点最大距离且全时段按遮挡计损仍满足双向预算
T002,巡航,1700.9690959899535,1720.7325832133197,中继,R001,143,PASS,worst_obstruction_endpoint_distance,5.731414163795407,1024.9862751293902,True,,端点最大距离且全时段按遮挡计损仍满足双向预算
T002,巡航,1720.7325832133197,1740.4960704366856,中继,R001,144,PASS,worst_obstruction_endpoint_distance,3.548725382916672,1317.8090603809612,True,,端点最大距离且全时段按遮挡计损仍满足双向预算
T002,巡航,1740.4960704366856,1760.2595576600518,中继,R001,145,PASS,worst_obstruction_endpoint_distance,1.7986941689042766,1611.9592170068474,True,,端点最大距离且全时段按遮挡计损仍满足双向预算
T002,巡航,1760.2595576600518,1780.0230448834177,直连,,146,PASS,worst_obstruction_endpoint_distance,0.2202145974620322,3857.2521378350943,True,,端点最大距离且全时段按遮挡计损仍满足双向预算
T002,巡航,1780.0230448834177,1799.7865321067839,直连,,147,PASS,worst_obstruction_endpoint_distance,0.9141391873638156,3561.0805630696686,True,,端点最大距离且全时段按遮挡计损仍满足双向预算
T002,巡航,1799.7865321067839,1819.5500193301498,直连,,148,PASS,worst_obstruction_endpoint_distance,1.6682180133278024,3264.9599447416617,True,,端点最大距离且全时段按遮挡计损仍满足双向预算
T002,巡航,1819.5500193301498,1839.313506553516,直连,,149,PASS,worst_obstruction_endpoint_distance,2.4938475922613463,2968.9055301769163,True,,端点最大距离且全时段按遮挡计损仍满足双向预算
T002,巡航,1839.313506553516,1859.0769937768819,直连,,150,PASS,worst_obstruction_endpoint_distance,3.4059931797055043,2672.939317626779,True,,端点最大距离且全时段按遮挡计损仍满足双向预算
T002,巡航,1859.0769937768819,1878.840481000248,直连,,151,PASS,worst_obstruction_endpoint_distance,4.424847125248689,2377.0942527732964,True,,端点最大距离且全时段按遮挡计损仍满足双向预算
T002,巡航,1878.840481000248,1898.6039682236142,直连,,152,PASS,worst_obstruction_endpoint_distance,5.578572376014165,2081.421994615999,True,,端点最大距离且全时段按遮挡计损仍满足双向预算
T002,巡航,1898.6039682236142,1918.36745544698,直连,,153,PASS,worst_obstruction_endpoint_distance,6.908105372473543,1786.0083692495245,True,,端点最大距离且全时段按遮挡计损仍满足双向预算
T002,巡航,1918.36745544698,1938.1309426703463,直连,,154,PASS,worst_obstruction_endpoint_distance,8.476180856524223,1491.0071135443768,True,,端点最大距离且全时段按遮挡计损仍满足双向预算
T002,巡航,1938.1309426703463,1957.8944298937122,直连,,155,PASS,worst_obstruction_endpoint_distance,10.385900789493661,1196.723223014895,True,,端点最大距离且全时段按遮挡计损仍满足双向预算
T002,巡航,1957.8944298937122,1977.6579171170783,直连,,156,PASS,worst_obstruction_endpoint_distance,12.823774280234389,903.8576628091926,True,,端点最大距离且全时段按遮挡计损仍满足双向预算
T002,巡航,1977.6579171170783,1997.4214043404445,直连,,157,PASS,worst_obstruction_endpoint_distance,16.17615903644753,614.4418760035281,True,,端点最大距离且全时段按遮挡计损仍满足双向预算
T002,巡航,1997.4214043404445,2017.1848915638104,直连,,158,PASS,worst_obstruction_endpoint_distance,21.38103723570191,337.4713404244516,True,,端点最大距离且全时段按遮挡计损仍满足双向预算
T002,下降,2017.1848915638104,2035.3103169788496,直连,,159,PASS,worst_obstruction_endpoint_distance,27.79555154865507,161.25425415039103,True,,端点最大距离且全时段按遮挡计损仍满足双向预算
T002,下降,2035.3103169788496,2053.4357423938886,直连,,160,PASS,worst_obstruction_endpoint_distance,30.007338421908955,125.00340332031266,True,,端点最大距离且全时段按遮挡计损仍满足双向预算
T002,下降,2053.4357423938886,2071.5611678089276,直连,,161,PASS,worst_obstruction_endpoint_distance,32.98215812469377,88.7525524902347,True,,端点最大距离且全时段按遮挡计损仍满足双向预算
T002,下降,2071.5611678089276,2089.686593223967,直连,,162,PASS,worst_obstruction_endpoint_distance,37.54230757016698,52.50170166015678,True,,端点最大距离且全时段按遮挡计损仍满足双向预算
T002,下降,2089.686593223967,2107.812018639006,直连,,163,PASS,worst_obstruction_endpoint_distance,45.92517525248826,20.0,True,,端点最大距离且全时段按遮挡计损仍满足双向预算
T003,爬升,390.0,408.3921013726129,直连,,164,PASS,worst_obstruction_endpoint_distance,41.02077101907942,35.176304117838754,True,,端点最大距离且全时段按遮挡计损仍满足双向预算
T003,爬升,408.3921013726129,426.78420274522574,直连,,165,PASS,worst_obstruction_endpoint_distance,32.82696128604417,90.35260823567731,True,,端点最大距离且全时段按遮挡计损仍满足双向预算
T003,爬升,426.78420274522574,445.17630411783864,直连,,166,PASS,worst_obstruction_endpoint_distance,28.68678949476505,145.52891235351603,True,,端点最大距离且全时段按遮挡计损仍满足双向预算
T003,巡航,445.17630411783864,464.1934668497458,直连,,167,PASS,worst_obstruction_endpoint_distance,21.836398531290612,320.2350261363581,True,,端点最大距离且全时段按遮挡计损仍满足双向预算
T003,巡航,464.1934668497458,483.2106295816529,直连,,168,PASS,worst_obstruction_endpoint_distance,16.546663988902537,588.7834023351405,True,,端点最大距离且全时段按遮挡计损仍满足双向预算
T003,巡航,483.2106295816529,502.22779231356003,直连,,169,PASS,worst_obstruction_endpoint_distance,13.174798895214863,868.0581392014765,True,,端点最大距离且全时段按遮挡计损仍满足双向预算
T003,巡航,502.22779231356003,521.2449550454671,直连,,170,PASS,worst_obstruction_endpoint_distance,10.729757922473041,1150.2728313183097,True,,端点最大距离且全时段按遮挡计损仍满足双向预算
T003,巡航,521.2449550454671,540.2621177773743,直连,,171,PASS,worst_obstruction_endpoint_distance,8.816655594821057,1433.6923851274319,True,,端点最大距离且全时段按遮挡计损仍满足双向预算
T003,巡航,540.2621177773743,559.2792805092814,直连,,172,PASS,worst_obstruction_endpoint_distance,7.246725157142279,1717.7205067016116,True,,端点最大距离且全时段按遮挡计损仍满足双向预算
T003,巡航,559.2792805092814,578.2964432411886,直连,,173,PASS,worst_obstruction_endpoint_distance,5.916067623284519,2002.0982089747577,True,,端点最大距离且全时段按遮挡计损仍满足双向预算
T003,巡航,578.2964432411886,597.3136059730957,直连,,174,PASS,worst_obstruction_endpoint_distance,4.761610048728812,2286.6950721260782,True,,端点最大距离且全时段按遮挡计损仍满足双向预算
T003,巡航,597.3136059730957,616.3307687050028,直连,,175,PASS,worst_obstruction_endpoint_distance,3.7422529026328704,2571.4383295456846,True,,端点最大距离且全时段按遮挡计损仍满足双向预算
T003,巡航,616.3307687050028,635.3479314369099,直连,,176,PASS,worst_obstruction_endpoint_distance,2.829746817360757,2856.284199392131,True,,端点最大距离且全时段按遮挡计损仍满足双向预算
T003,巡航,635.3479314369099,654.3650941688171,直连,,177,PASS,worst_obstruction_endpoint_distance,2.003850208797573,3141.204766965233,True,,端点最大距离且全时段按遮挡计损仍满足双向预算
T003,巡航,654.3650941688171,673.3822569007242,直连,,178,PASS,worst_obstruction_endpoint_distance,1.2495681126698628,3426.1813967707103,True,,端点最大距离且全时段按遮挡计损仍满足双向预算
T003,巡航,673.3822569007242,692.3994196326314,直连,,179,PASS,worst_obstruction_endpoint_distance,0.5554852276978011,3711.20117407028,True,,端点最大距离且全时段按遮挡计损仍满足双向预算
T003,巡航,692.3994196326314,711.4165823645385,中继,R001,180,PASS,worst_obstruction_endpoint_distance,1.0826492244121937,1750.476549554645,True,,端点最大距离且全时段按遮挡计损仍满足双向预算
T003,巡航,711.4165823645385,730.4337450964456,中继,R001,181,PASS,worst_obstruction_endpoint_distance,2.627258519793102,1465.2975798126802,True,,端点最大距离且全时段按遮挡计损仍满足双向预算
T003,巡航,730.4337450964456,749.4509078283527,中继,R002,182,PASS,worst_obstruction_endpoint_distance,0.012848229143784806,1979.914092432215,True,,端点最大距离且全时段按遮挡计损仍满足双向预算
T003,巡航,749.4509078283527,768.4680705602599,中继,R002,183,PASS,worst_obstruction_endpoint_distance,0.5345448573881413,1864.4962551646481,True,,端点最大距离且全时段按遮挡计损仍满足双向预算
T003,巡航,768.4680705602599,787.4852332921671,中继,R002,184,PASS,worst_obstruction_endpoint_distance,0.9005549694705337,1787.5615717791145,True,,端点最大距离且全时段按遮挡计损仍满足双向预算
T003,巡航,787.4852332921671,806.5023960240742,中继,R002,185,PASS,worst_obstruction_endpoint_distance,1.001908884717949,1766.8240980527955,True,,端点最大距离且全时段按遮挡计损仍满足双向预算
T003,巡航,806.5023960240742,825.5195587559813,中继,R002,186,PASS,worst_obstruction_endpoint_distance,0.7227307187954182,1824.5350987692664,True,,端点最大距离且全时段按遮挡计损仍满足双向预算
T003,下降,825.5195587559813,838.1653412266844,中继,R002,187,PASS,worst_obstruction_endpoint_distance,0.7150983708654053,1826.1390342629602,True,,端点最大距离且全时段按遮挡计损仍满足双向预算
T003,下降,838.1653412266844,850.8111236973876,中继,R002,188,PASS,worst_obstruction_endpoint_distance,0.7048814896830464,1828.2883158723741,True,,端点最大距离且全时段按遮挡计损仍满足双向预算
T003,投送,850.8111236973876,869.2726621589261,中继,R002,189,PASS,exact_point,0.7048814896830464,1828.2883158723741,,,独立计算 DEM 遮挡、自由空间损耗与双向预算
T003,投送,869.2726621589261,887.7342006204645,中继,R002,190,PASS,exact_point,0.7048814896830464,1828.2883158723741,,,独立计算 DEM 遮挡、自由空间损耗与双向预算
T003,投送,887.7342006204645,906.195739082003,中继,R002,191,PASS,exact_point,0.7048814896830464,1828.2883158723741,,,独立计算 DEM 遮挡、自由空间损耗与双向预算
T003,投送,906.195739082003,924.6572775435416,中继,R002,192,PASS,exact_point,0.7048814896830464,1828.2883158723741,,,独立计算 DEM 遮挡、自由空间损耗与双向预算
T003,投送,924.6572775435416,943.11881600508,中继,R002,193,PASS,exact_point,0.7048814896830464,1828.2883158723741,,,独立计算 DEM 遮挡、自由空间损耗与双向预算
T003,投送,943.11881600508,961.5803544666185,中继,R002,194,PASS,exact_point,0.7048814896830464,1828.2883158723741,,,独立计算 DEM 遮挡、自由空间损耗与双向预算
T003,投送,961.5803544666185,980.0418929281569,中继,R002,195,PASS,exact_point,0.7048814896830464,1828.2883158723741,,,独立计算 DEM 遮挡、自由空间损耗与双向预算
T003,投送,980.0418929281569,998.5034313896954,中继,R002,196,PASS,exact_point,0.7048814896830464,1828.2883158723741,,,独立计算 DEM 遮挡、自由空间损耗与双向预算
T003,投送,998.5034313896954,1016.9649698512338,中继,R002,197,PASS,exact_point,0.7048814896830464,1828.2883158723741,,,独立计算 DEM 遮挡、自由空间损耗与双向预算
T003,投送,1016.9649698512338,1035.4265083127723,中继,R002,198,PASS,exact_point,0.7048814896830464,1828.2883158723741,,,独立计算 DEM 遮挡、自由空间损耗与双向预算
T003,投送,1035.4265083127723,1053.8880467743109,中继,R002,199,PASS,exact_point,0.7048814896830464,1828.2883158723741,,,独立计算 DEM 遮挡、自由空间损耗与双向预算
T003,投送,1053.8880467743109,1072.3495852358492,中继,R002,200,PASS,exact_point,0.7048814896830464,1828.2883158723741,,,独立计算 DEM 遮挡、自由空间损耗与双向预算
T003,投送,1072.3495852358492,1090.8111236973878,中继,R002,201,PASS,exact_point,0.7048814896830464,1828.2883158723741,,,独立计算 DEM 遮挡、自由空间损耗与双向预算
T003,爬升,1090.8111236973878,1101.3492757563072,中继,R002,202,PASS,worst_obstruction_endpoint_distance,0.7048814896830464,1828.2883158723741,True,,端点最大距离且全时段按遮挡计损仍满足双向预算
T003,爬升,1101.3492757563072,1111.8874278152264,中继,R002,203,PASS,worst_obstruction_endpoint_distance,0.7150983708654053,1826.1390342629602,True,,端点最大距离且全时段按遮挡计损仍满足双向预算
T003,巡航,1111.8874278152264,1130.9045905471335,中继,R002,204,PASS,worst_obstruction_endpoint_distance,0.7227307187954182,1824.5350987692664,True,,端点最大距离且全时段按遮挡计损仍满足双向预算
T003,巡航,1130.9045905471335,1149.9217532790406,中继,R002,205,PASS,worst_obstruction_endpoint_distance,1.001908884717949,1766.8240980527955,True,,端点最大距离且全时段按遮挡计损仍满足双向预算
T003,巡航,1149.9217532790406,1168.9389160109479,中继,R002,206,PASS,worst_obstruction_endpoint_distance,0.9005549694705337,1787.5615717791145,True,,端点最大距离且全时段按遮挡计损仍满足双向预算
T003,巡航,1168.9389160109479,1187.956078742855,中继,R002,207,PASS,worst_obstruction_endpoint_distance,0.5345448573881413,1864.4962551646481,True,,端点最大距离且全时段按遮挡计损仍满足双向预算
T003,巡航,1187.956078742855,1206.973241474762,中继,R002,208,PASS,worst_obstruction_endpoint_distance,0.012848229143784806,1979.914092432215,True,,端点最大距离且全时段按遮挡计损仍满足双向预算
T003,巡航,1206.973241474762,1225.9904042066692,中继,R001,209,PASS,worst_obstruction_endpoint_distance,2.627258519793102,1465.2975798126802,True,,端点最大距离且全时段按遮挡计损仍满足双向预算
T003,巡航,1225.9904042066692,1245.0075669385762,中继,R001,210,PASS,worst_obstruction_endpoint_distance,1.0826492244121937,1750.476549554645,True,,端点最大距离且全时段按遮挡计损仍满足双向预算
T003,巡航,1245.0075669385762,1264.0247296704836,直连,,211,PASS,worst_obstruction_endpoint_distance,0.5554852276978011,3711.20117407028,True,,端点最大距离且全时段按遮挡计损仍满足双向预算
T003,巡航,1264.0247296704836,1283.0418924023907,直连,,212,PASS,worst_obstruction_endpoint_distance,1.2495681126698628,3426.1813967707103,True,,端点最大距离且全时段按遮挡计损仍满足双向预算
T003,巡航,1283.0418924023907,1302.0590551342978,直连,,213,PASS,worst_obstruction_endpoint_distance,2.003850208797573,3141.204766965233,True,,端点最大距离且全时段按遮挡计损仍满足双向预算
T003,巡航,1302.0590551342978,1321.0762178662048,直连,,214,PASS,worst_obstruction_endpoint_distance,2.829746817360757,2856.284199392131,True,,端点最大距离且全时段按遮挡计损仍满足双向预算
T003,巡航,1321.0762178662048,1340.093380598112,直连,,215,PASS,worst_obstruction_endpoint_distance,3.7422529026328704,2571.4383295456846,True,,端点最大距离且全时段按遮挡计损仍满足双向预算
T003,巡航,1340.093380598112,1359.1105433300193,直连,,216,PASS,worst_obstruction_endpoint_distance,4.761610048728812,2286.6950721260782,True,,端点最大距离且全时段按遮挡计损仍满足双向预算
T003,巡航,1359.1105433300193,1378.1277060619263,直连,,217,PASS,worst_obstruction_endpoint_distance,5.916067623284519,2002.0982089747577,True,,端点最大距离且全时段按遮挡计损仍满足双向预算
T003,巡航,1378.1277060619263,1397.1448687938334,直连,,218,PASS,worst_obstruction_endpoint_distance,7.246725157142279,1717.7205067016116,True,,端点最大距离且全时段按遮挡计损仍满足双向预算
T003,巡航,1397.1448687938334,1416.1620315257405,直连,,219,PASS,worst_obstruction_endpoint_distance,8.816655594821057,1433.6923851274319,True,,端点最大距离且全时段按遮挡计损仍满足双向预算
T003,巡航,1416.1620315257405,1435.1791942576479,直连,,220,PASS,worst_obstruction_endpoint_distance,10.729757922473041,1150.2728313183097,True,,端点最大距离且全时段按遮挡计损仍满足双向预算
T003,巡航,1435.1791942576479,1454.1963569895547,直连,,221,PASS,worst_obstruction_endpoint_distance,13.174798895214863,868.0581392014765,True,,端点最大距离且全时段按遮挡计损仍满足双向预算
T003,巡航,1454.1963569895547,1473.213519721462,直连,,222,PASS,worst_obstruction_endpoint_distance,16.546663988902537,588.7834023351405,True,,端点最大距离且全时段按遮挡计损仍满足双向预算
T003,巡航,1473.213519721462,1492.2306824533691,直连,,223,PASS,worst_obstruction_endpoint_distance,21.836398531290612,320.2350261363581,True,,端点最大距离且全时段按遮挡计损仍满足双向预算
T003,下降,1492.2306824533691,1508.7835736887207,直连,,224,PASS,worst_obstruction_endpoint_distance,28.68678949476505,145.52891235351603,True,,端点最大距离且全时段按遮挡计损仍满足双向预算
T003,下降,1508.7835736887207,1525.3364649240723,直连,,225,PASS,worst_obstruction_endpoint_distance,31.592866209766527,104.14668426513703,True,,端点最大距离且全时段按遮挡计损仍满足双向预算
T003,下降,1525.3364649240723,1541.8893561594239,直连,,226,PASS,worst_obstruction_endpoint_distance,35.99149976120049,62.76445617675802,True,,端点最大距离且全时段按遮挡计损仍满足双向预算
T003,下降,1541.8893561594239,1558.4422473947754,直连,,227,PASS,worst_obstruction_endpoint_distance,45.34471600699305,21.38222808837901,True,,端点最大距离且全时段按遮挡计损仍满足双向预算
T004,爬升,360.0,375.10452117919925,直连,,228,PASS,worst_obstruction_endpoint_distance,43.878709413313516,25.31356353759776,True,,端点最大距离且全时段按遮挡计损仍满足双向预算
T004,爬升,375.10452117919925,390.2090423583985,直连,,229,PASS,worst_obstruction_endpoint_distance,34.966344352585295,70.62712707519552,True,,端点最大距离且全时段按遮挡计损仍满足双向预算
T004,爬升,390.2090423583985,405.31356353759776,直连,,230,PASS,worst_obstruction_endpoint_distance,30.66105750651289,115.94069061279328,True,,端点最大距离且全时段按遮挡计损仍满足双向预算
T004,爬升,405.31356353759776,420.418084716797,直连,,231,PASS,worst_obstruction_endpoint_distance,27.79555154865507,161.25425415039103,True,,端点最大距离且全时段按遮挡计损仍满足双向预算
T004,巡航,420.418084716797,440.3409549016418,直连,,232,PASS,worst_obstruction_endpoint_distance,22.7466552490028,288.3739298263756,True,,端点最大距离且全时段按遮挡计损仍满足双向预算
T004,巡航,440.3409549016418,460.26382508648663,直连,,233,PASS,worst_obstruction_endpoint_distance,17.88669157215095,504.60805598923304,True,,端点最大距离且全时段按遮挡计损仍满足双向预算
T004,巡航,460.26382508648663,480.1866952713314,直连,,234,PASS,worst_obstruction_endpoint_distance,14.618523438123603,735.127359563481,True,,端点最大距离且全时段按遮挡计损仍满足双向预算
T004,巡航,480.1866952713314,500.10956545617626,直连,,235,PASS,worst_obstruction_endpoint_distance,12.212148575902788,969.7981012726779,True,,端点最大距离且全时段按遮挡计损仍满足双向预算
T004,巡航,500.10956545617626,520.032435641021,直连,,236,PASS,worst_obstruction_endpoint_distance,10.317391018752147,1206.1996756463072,True,,端点最大距离且全时段按遮挡计损仍满足双向预算
T004,巡航,520.032435641021,539.9553058258658,直连,,237,PASS,worst_obstruction_endpoint_distance,8.75754802231451,1443.481948508619,True,,端点最大距离且全时段按遮挡计损仍满足双向预算
T004,巡航,539.9553058258658,559.8781760107107,直连,,238,PASS,worst_obstruction_endpoint_distance,7.4330151706130465,1681.2720754402123,True,,端点最大距离且全时段按遮挡计损仍满足双向预算
T004,巡航,559.8781760107107,579.8010461955555,直连,,239,PASS,worst_obstruction_endpoint_distance,6.282549920454841,1919.381313205809,True,,端点最大距离且全时段按遮挡计损仍满足双向预算
T004,巡航,579.8010461955555,599.7239163804003,直连,,240,PASS,worst_obstruction_endpoint_distance,5.26593775247207,2157.7040198220166,True,,端点最大距离且全时段按遮挡计损仍满足双向预算
T004,巡航,599.7239163804003,619.6467865652451,直连,,241,PASS,worst_obstruction_endpoint_distance,4.355399068097427,2396.1765015691853,True,,端点最大距离且全时段按遮挡计损仍满足双向预算
T004,巡航,619.6467865652451,639.56965675009,直连,,242,PASS,worst_obstruction_endpoint_distance,3.530960231351557,2634.7580902299947,True,,端点最大距离且全时段按遮挡计损仍满足双向预算
T004,巡航,639.56965675009,659.4925269349347,直连,,243,PASS,worst_obstruction_endpoint_distance,2.777788098494426,2873.421608333201,True,,端点最大距离且全时段按遮挡计损仍满足双向预算
T004,巡航,659.4925269349347,679.4153971197795,直连,,244,PASS,worst_obstruction_endpoint_distance,2.0845697493750492,3112.1482069920535,True,,端点最大距离且全时段按遮挡计损仍满足双向预算
T004,巡航,679.4153971197795,699.3382673046244,直连,,245,PASS,worst_obstruction_endpoint_distance,1.4424825575907931,3350.924404276432,True,,端点最大距离且全时段按遮挡计损仍满足双向预算
T004,巡航,699.3382673046244,719.2611374894691,直连,,246,PASS,worst_obstruction_endpoint_distance,0.8445145458364891,3589.740302850707,True,,端点最大距离且全时段按遮挡计损仍满足双向预算
T004,巡航,719.2611374894691,739.184007674314,直连,,247,PASS,worst_obstruction_endpoint_distance,0.2850014159647145,3828.588473379334,True,,端点最大距离且全时段按遮挡计损仍满足双向预算
T004,巡航,739.184007674314,759.1068778591588,中继,R001,248,PASS,worst_obstruction_endpoint_distance,1.6464127694329704,1640.4693471173132,True,,端点最大距离且全时段按遮挡计损仍满足双向预算
T004,巡航,759.1068778591588,779.0297480440036,中继,R001,249,PASS,worst_obstruction_endpoint_distance,3.003955198122142,1403.1076690440416,True,,端点最大距离且全时段按遮挡计损仍满足双向预算
T004,巡航,779.0297480440036,798.9526182288483,中继,R001,250,PASS,worst_obstruction_endpoint_distance,4.608484030556156,1166.4457813686502,True,,端点最大距离且全时段按遮挡计损仍满足双向预算
T004,巡航,798.9526182288483,818.8754884136931,中继,R001,251,PASS,worst_obstruction_endpoint_distance,6.566618362481648,931.0174910596767,True,,端点最大距离且全时段按遮挡计损仍满足双向预算
T004,巡航,818.8754884136931,838.798358598538,中继,R002,252,PASS,worst_obstruction_endpoint_distance,0.0029638034739747354,1982.16849055346,True,,端点最大距离且全时段按遮挡计损仍满足双向预算
T004,巡航,838.798358598538,858.7212287833828,中继,R002,253,PASS,worst_obstruction_endpoint_distance,0.11776004815705221,1956.1437027502427,True,,端点最大距离且全时段按遮挡计损仍满足双向预算
T004,巡航,858.7212287833828,878.6440989682276,中继,R001,254,PASS,worst_obstruction_endpoint_distance,17.41694773027514,266.95703602075713,True,,端点最大距离且全时段按遮挡计损仍满足双向预算
T004,巡航,878.6440989682276,898.5669691530725,中继,R001,255,PASS,worst_obstruction_endpoint_distance,15.435011461473422,335.3807914117733,True,,端点最大距离且全时段按遮挡计损仍满足双向预算
T004,巡航,898.5669691530725,918.4898393379171,中继,R001,256,PASS,worst_obstruction_endpoint_distance,11.109087166752758,551.8669677532918,True,,端点最大距离且全时段按遮挡计损仍满足双向预算
T004,巡航,918.4898393379171,938.412709522762,中继,R001,257,PASS,worst_obstruction_endpoint_distance,8.085738358392959,781.631116825741,True,,端点最大距离且全时段按遮挡计损仍满足双向预算
T004,巡航,938.412709522762,958.3355797076068,中继,R001,258,PASS,worst_obstruction_endpoint_distance,5.810449516449253,1015.7019411850675,True,,端点最大距离且全时段按遮挡计损仍满足双向预算
T004,巡航,958.3355797076068,978.2584498924517,中继,R001,259,PASS,worst_obstruction_endpoint_distance,3.996008648377284,1251.6656269578361,True,,端点最大距离且全时段按遮挡计损仍满足双向预算
T004,巡航,978.2584498924517,998.1813200772965,中继,R001,260,PASS,worst_obstruction_endpoint_distance,2.4900846057931716,1488.6223254849551,True,,端点最大距离且全时段按遮挡计损仍满足双向预算
T004,巡航,998.1813200772965,1018.1041902621413,中继,R001,261,PASS,worst_obstruction_endpoint_distance,1.204138385441965,1726.1631417686265,True,,端点最大距离且全时段按遮挡计损仍满足双向预算
T004,巡航,1018.1041902621413,1038.027060446986,中继,R001,262,PASS,worst_obstruction_endpoint_distance,0.08260871375279066,1964.076152778362,True,,端点最大距离且全时段按遮挡计损仍满足双向预算
T004,下降,1038.027060446986,1055.9179112770644,中继,R001,263,PASS,worst_obstruction_endpoint_distance,0.08260871375279066,1964.076152778362,True,,端点最大距离且全时段按遮挡计损仍满足双向预算
T004,下降,1055.9179112770644,1073.8087621071425,中继,R001,264,PASS,worst_obstruction_endpoint_distance,0.0804771903531929,1964.5581975862738,True,,端点最大距离且全时段按遮挡计损仍满足双向预算
T004,投送,1073.8087621071425,1092.8996711980515,中继,R001,265,PASS,exact_point,0.0804771903531929,1964.5581975862738,,,独立计算 DEM 遮挡、自由空间损耗与双向预算
T004,投送,1092.8996711980515,1111.9905802889607,中继,R001,266,PASS,exact_point,0.0804771903531929,1964.5581975862738,,,独立计算 DEM 遮挡、自由空间损耗与双向预算
T004,投送,1111.9905802889607,1131.0814893798697,中继,R001,267,PASS,exact_point,0.0804771903531929,1964.5581975862738,,,独立计算 DEM 遮挡、自由空间损耗与双向预算
T004,投送,1131.0814893798697,1150.1723984707787,中继,R001,268,PASS,exact_point,0.0804771903531929,1964.5581975862738,,,独立计算 DEM 遮挡、自由空间损耗与双向预算
T004,投送,1150.1723984707787,1169.263307561688,中继,R001,269,PASS,exact_point,0.0804771903531929,1964.5581975862738,,,独立计算 DEM 遮挡、自由空间损耗与双向预算
T004,投送,1169.263307561688,1188.354216652597,中继,R001,270,PASS,exact_point,0.0804771903531929,1964.5581975862738,,,独立计算 DEM 遮挡、自由空间损耗与双向预算
T004,投送,1188.354216652597,1207.4451257435062,中继,R001,271,PASS,exact_point,0.0804771903531929,1964.5581975862738,,,独立计算 DEM 遮挡、自由空间损耗与双向预算
T004,投送,1207.4451257435062,1226.5360348344152,中继,R001,272,PASS,exact_point,0.0804771903531929,1964.5581975862738,,,独立计算 DEM 遮挡、自由空间损耗与双向预算
T004,投送,1226.5360348344152,1245.6269439253242,中继,R001,273,PASS,exact_point,0.0804771903531929,1964.5581975862738,,,独立计算 DEM 遮挡、自由空间损耗与双向预算
T004,投送,1245.6269439253242,1264.7178530162334,中继,R001,274,PASS,exact_point,0.0804771903531929,1964.5581975862738,,,独立计算 DEM 遮挡、自由空间损耗与双向预算
T004,投送,1264.7178530162334,1283.8087621071425,中继,R001,275,PASS,exact_point,0.0804771903531929,1964.5581975862738,,,独立计算 DEM 遮挡、自由空间损耗与双向预算
T004,爬升,1283.8087621071422,1298.7178044655407,中继,R001,276,PASS,worst_obstruction_endpoint_distance,0.0804771903531929,1964.5581975862738,True,,端点最大距离且全时段按遮挡计损仍满足双向预算
T004,爬升,1298.7178044655407,1313.626846823939,中继,R001,277,PASS,worst_obstruction_endpoint_distance,0.08260871375279066,1964.076152778362,True,,端点最大距离且全时段按遮挡计损仍满足双向预算
T004,巡航,1313.626846823939,1333.549717008784,中继,R001,278,PASS,worst_obstruction_endpoint_distance,0.08260871375279066,1964.076152778362,True,,端点最大距离且全时段按遮挡计损仍满足双向预算
T004,巡航,1333.549717008784,1353.4725871936287,中继,R001,279,PASS,worst_obstruction_endpoint_distance,1.204138385441965,1726.1631417686265,True,,端点最大距离且全时段按遮挡计损仍满足双向预算
T004,巡航,1353.4725871936287,1373.3954573784736,中继,R001,280,PASS,worst_obstruction_endpoint_distance,2.4900846057931716,1488.6223254849551,True,,端点最大距离且全时段按遮挡计损仍满足双向预算
T004,巡航,1373.3954573784736,1393.3183275633185,中继,R001,281,PASS,worst_obstruction_endpoint_distance,3.996008648377284,1251.6656269578361,True,,端点最大距离且全时段按遮挡计损仍满足双向预算
T004,巡航,1393.3183275633185,1413.2411977481631,中继,R001,282,PASS,worst_obstruction_endpoint_distance,5.810449516449253,1015.7019411850675,True,,端点最大距离且全时段按遮挡计损仍满足双向预算
T004,巡航,1413.2411977481631,1433.164067933008,中继,R001,283,PASS,worst_obstruction_endpoint_distance,8.085738358392959,781.631116825741,True,,端点最大距离且全时段按遮挡计损仍满足双向预算
T004,巡航,1433.164067933008,1453.086938117853,中继,R001,284,PASS,worst_obstruction_endpoint_distance,11.109087166752758,551.8669677532918,True,,端点最大距离且全时段按遮挡计损仍满足双向预算
T004,巡航,1453.086938117853,1473.0098083026976,中继,R001,285,PASS,worst_obstruction_endpoint_distance,15.435011461473422,335.3807914117733,True,,端点最大距离且全时段按遮挡计损仍满足双向预算
T004,巡航,1473.0098083026976,1492.9326784875425,中继,R001,286,PASS,worst_obstruction_endpoint_distance,17.41694773027514,266.95703602075713,True,,端点最大距离且全时段按遮挡计损仍满足双向预算
T004,巡航,1492.9326784875425,1512.8555486723872,中继,R002,287,PASS,worst_obstruction_endpoint_distance,0.11776004815705221,1956.1437027502427,True,,端点最大距离且全时段按遮挡计损仍满足双向预算
T004,巡航,1512.8555486723872,1532.778418857232,中继,R002,288,PASS,worst_obstruction_endpoint_distance,0.0029638034739747354,1982.16849055346,True,,端点最大距离且全时段按遮挡计损仍满足双向预算
T004,巡航,1532.778418857232,1552.701289042077,中继,R001,289,PASS,worst_obstruction_endpoint_distance,6.566618362481648,931.0174910596767,True,,端点最大距离且全时段按遮挡计损仍满足双向预算
T004,巡航,1552.701289042077,1572.6241592269216,中继,R001,290,PASS,worst_obstruction_endpoint_distance,4.608484030556156,1166.4457813686502,True,,端点最大距离且全时段按遮挡计损仍满足双向预算
T004,巡航,1572.6241592269216,1592.5470294117665,中继,R001,291,PASS,worst_obstruction_endpoint_distance,3.003955198122142,1403.1076690440416,True,,端点最大距离且全时段按遮挡计损仍满足双向预算
T004,巡航,1592.5470294117665,1612.4698995966114,中继,R001,292,PASS,worst_obstruction_endpoint_distance,1.6464127694329704,1640.4693471173132,True,,端点最大距离且全时段按遮挡计损仍满足双向预算
T004,巡航,1612.4698995966114,1632.392769781456,直连,,293,PASS,worst_obstruction_endpoint_distance,0.2850014159647145,3828.588473379334,True,,端点最大距离且全时段按遮挡计损仍满足双向预算
T004,巡航,1632.392769781456,1652.315639966301,直连,,294,PASS,worst_obstruction_endpoint_distance,0.8445145458364891,3589.740302850707,True,,端点最大距离且全时段按遮挡计损仍满足双向预算
T004,巡航,1652.315639966301,1672.2385101511459,直连,,295,PASS,worst_obstruction_endpoint_distance,1.4424825575907931,3350.924404276432,True,,端点最大距离且全时段按遮挡计损仍满足双向预算
T004,巡航,1672.2385101511459,1692.1613803359905,直连,,296,PASS,worst_obstruction_endpoint_distance,2.0845697493750492,3112.1482069920535,True,,端点最大距离且全时段按遮挡计损仍满足双向预算
T004,巡航,1692.1613803359905,1712.0842505208354,直连,,297,PASS,worst_obstruction_endpoint_distance,2.777788098494426,2873.421608333201,True,,端点最大距离且全时段按遮挡计损仍满足双向预算
T004,巡航,1712.0842505208354,1732.0071207056803,直连,,298,PASS,worst_obstruction_endpoint_distance,3.530960231351557,2634.7580902299947,True,,端点最大距离且全时段按遮挡计损仍满足双向预算
T004,巡航,1732.0071207056803,1751.929990890525,直连,,299,PASS,worst_obstruction_endpoint_distance,4.355399068097427,2396.1765015691853,True,,端点最大距离且全时段按遮挡计损仍满足双向预算
T004,巡航,1751.929990890525,1771.85286107537,直连,,300,PASS,worst_obstruction_endpoint_distance,5.26593775247207,2157.7040198220166,True,,端点最大距离且全时段按遮挡计损仍满足双向预算
T004,巡航,1771.85286107537,1791.7757312602148,直连,,301,PASS,worst_obstruction_endpoint_distance,6.282549920454841,1919.381313205809,True,,端点最大距离且全时段按遮挡计损仍满足双向预算
T004,巡航,1791.7757312602148,1811.6986014450595,直连,,302,PASS,worst_obstruction_endpoint_distance,7.4330151706130465,1681.2720754402123,True,,端点最大距离且全时段按遮挡计损仍满足双向预算
T004,巡航,1811.6986014450595,1831.6214716299041,直连,,303,PASS,worst_obstruction_endpoint_distance,8.75754802231451,1443.481948508619,True,,端点最大距离且全时段按遮挡计损仍满足双向预算
T004,巡航,1831.6214716299041,1851.544341814749,直连,,304,PASS,worst_obstruction_endpoint_distance,10.317391018752147,1206.1996756463072,True,,端点最大距离且全时段按遮挡计损仍满足双向预算
T004,巡航,1851.544341814749,1871.467211999594,直连,,305,PASS,worst_obstruction_endpoint_distance,12.212148575902788,969.7981012726779,True,,端点最大距离且全时段按遮挡计损仍满足双向预算
T004,巡航,1871.467211999594,1891.3900821844388,直连,,306,PASS,worst_obstruction_endpoint_distance,14.618523438123603,735.127359563481,True,,端点最大距离且全时段按遮挡计损仍满足双向预算
T004,巡航,1891.3900821844388,1911.3129523692837,直连,,307,PASS,worst_obstruction_endpoint_distance,17.88669157215095,504.60805598923304,True,,端点最大距离且全时段按遮挡计损仍满足双向预算
T004,巡航,1911.3129523692837,1931.2358225541284,直连,,308,PASS,worst_obstruction_endpoint_distance,22.7466552490028,288.3739298263756,True,,端点最大距离且全时段按遮挡计损仍满足双向预算
T004,下降,1931.2358225541284,1949.3612479691674,直连,,309,PASS,worst_obstruction_endpoint_distance,27.79555154865507,161.25425415039103,True,,端点最大距离且全时段按遮挡计损仍满足双向预算
T004,下降,1949.3612479691674,1967.4866733842066,直连,,310,PASS,worst_obstruction_endpoint_distance,30.66105750651286,115.94069061279356,True,,端点最大距离且全时段按遮挡计损仍满足双向预算
T004,下降,1967.4866733842066,1985.6120987992458,直连,,311,PASS,worst_obstruction_endpoint_distance,34.966344352585295,70.62712707519552,True,,端点最大距离且全时段按遮挡计损仍满足双向预算
T004,下降,1985.6120987992458,2003.7375242142848,直连,,312,PASS,worst_obstruction_endpoint_distance,43.878709413313615,25.313563537597474,True,,端点最大距离且全时段按遮挡计损仍满足双向预算
T005,爬升,360.0,379.8664866129558,直连,,313,PASS,worst_obstruction_endpoint_distance,39.99198992735825,39.59945983886735,True,,端点最大距离且全时段按遮挡计损仍满足双向预算
T005,爬升,379.8664866129558,399.7329732259115,直连,,314,PASS,worst_obstruction_endpoint_distance,32.015636315537805,99.19891967773452,True,,端点最大距离且全时段按遮挡计损仍满足双向预算
T005,爬升,399.7329732259115,419.59945983886723,直连,,315,PASS,worst_obstruction_endpoint_distance,27.92885384004063,158.7983795166017,True,,端点最大距离且全时段按遮挡计损仍满足双向预算
T005,爬升,419.59945983886723,439.465946451823,直连,,316,PASS,worst_obstruction_endpoint_distance,25.160808415575318,218.397839355469,True,,端点最大距离且全时段按遮挡计损仍满足双向预算
T005,巡航,439.465946451823,458.4317239116678,直连,,317,PASS,worst_obstruction_endpoint_distance,21.96778359151216,315.4275180539318,True,,端点最大距离且全时段按遮挡计损仍满足双向预算
T005,巡航,458.4317239116678,477.39750137151253,直连,,318,PASS,worst_obstruction_endpoint_distance,17.882328503398824,504.86159279270055,True,,端点最大距离且全时段按遮挡计损仍满足双向预算
T005,巡航,477.39750137151253,496.3632788313573,直连,,319,PASS,worst_obstruction_endpoint_distance,14.837244701752255,716.8470844118597,True,,端点最大距离且全时段按遮挡计损仍满足双向预算
T005,巡航,496.3632788313573,515.329056291202,直连,,320,PASS,worst_obstruction_endpoint_distance,12.51851331122657,936.1880488467178,True,,端点最大距离且全时段按遮挡计损仍满足双向预算
T005,巡航,515.329056291202,534.2948337510468,直连,,321,PASS,worst_obstruction_endpoint_distance,10.666243431867713,1158.7148868457655,True,,端点最大距离且全时段按遮挡计损仍满足双向预算
T005,巡航,534.2948337510468,553.2606112108916,直连,,322,PASS,worst_obstruction_endpoint_distance,9.130019333983796,1382.890494946619,True,,端点最大距离且全时段按遮挡计损仍满足双向预算
T005,巡航,553.2606112108916,572.2263886707364,直连,,323,PASS,worst_obstruction_endpoint_distance,7.81991678755827,1608.0254534211506,True,,端点最大距离且全时段按遮挡计损仍满足双向预算
T005,巡航,572.2263886707364,591.1921661305811,直连,,324,PASS,worst_obstruction_endpoint_distance,6.678894698588763,1833.7664525528055,True,,端点最大距离且全时段按遮挡计损仍满足双向预算
T005,巡航,591.1921661305811,610.1579435904259,直连,,325,PASS,worst_obstruction_endpoint_distance,5.6687922911599316,2059.914258406628,True,,端点最大距离且全时段按遮挡计损仍满足双向预算
T005,巡航,610.1579435904259,629.1237210502707,直连,,326,PASS,worst_obstruction_endpoint_distance,4.7629278771622126,2286.3481596831593,True,,端点最大距离且全时段按遮挡计损仍满足双向预算
T005,巡航,629.1237210502707,648.0894985101154,直连,,327,PASS,worst_obstruction_endpoint_distance,3.9419571187510485,2512.9908213933977,True,,端点最大距离且全时段按遮挡计损仍满足双向预算
T005,巡航,648.0894985101154,667.0552759699601,直连,,328,PASS,worst_obstruction_endpoint_distance,3.191428258256792,2739.790436392799,True,,端点最大距离且全时段按遮挡计损仍满足双向预算
T005,巡航,667.0552759699601,686.021053429805,直连,,329,PASS,worst_obstruction_endpoint_distance,2.500270302895842,2966.711008526461,True,,端点最大距离且全时段按遮挡计损仍满足双向预算
T005,巡航,686.021053429805,704.9868308896497,直连,,330,PASS,worst_obstruction_endpoint_distance,1.8598200342751454,3193.726755171166,True,,端点最大距离且全时段按遮挡计损仍满足双向预算
T005,下降,704.9868308896497,715.2463987607434,直连,,331,PASS,worst_obstruction_endpoint_distance,1.8598200342751454,3193.726755171166,True,,端点最大距离且全时段按遮挡计损仍满足双向预算
T005,下降,715.2463987607434,725.5059666318372,直连,,332,PASS,worst_obstruction_endpoint_distance,1.8643124438889203,3192.075361970319,True,,端点最大距离且全时段按遮挡计损仍满足双向预算
T005,投送,725.5059666318372,744.5968757227463,直连,,333,PASS,exact_point,1.8682481629573715,3190.6293079047914,,,独立计算 DEM 遮挡、自由空间损耗与双向预算
T005,投送,744.5968757227463,763.6877848136553,直连,,334,PASS,exact_point,1.8682481629573715,3190.6293079047914,,,独立计算 DEM 遮挡、自由空间损耗与双向预算
T005,投送,763.6877848136553,782.7786939045644,直连,,335,PASS,exact_point,1.8682481629573715,3190.6293079047914,,,独立计算 DEM 遮挡、自由空间损耗与双向预算
T005,投送,782.7786939045644,801.8696029954735,直连,,336,PASS,exact_point,1.8682481629573715,3190.6293079047914,,,独立计算 DEM 遮挡、自由空间损耗与双向预算
T005,投送,801.8696029954735,820.9605120863827,直连,,337,PASS,exact_point,1.8682481629573715,3190.6293079047914,,,独立计算 DEM 遮挡、自由空间损耗与双向预算
T005,投送,820.9605120863827,840.0514211772917,直连,,338,PASS,exact_point,1.8682481629573715,3190.6293079047914,,,独立计算 DEM 遮挡、自由空间损耗与双向预算
T005,投送,840.0514211772917,859.1423302682008,直连,,339,PASS,exact_point,1.8682481629573715,3190.6293079047914,,,独立计算 DEM 遮挡、自由空间损耗与双向预算
T005,投送,859.1423302682008,878.2332393591099,直连,,340,PASS,exact_point,1.8682481629573715,3190.6293079047914,,,独立计算 DEM 遮挡、自由空间损耗与双向预算
T005,投送,878.2332393591099,897.324148450019,直连,,341,PASS,exact_point,1.8682481629573715,3190.6293079047914,,,独立计算 DEM 遮挡、自由空间损耗与双向预算
T005,投送,897.324148450019,916.415057540928,直连,,342,PASS,exact_point,1.8682481629573715,3190.6293079047914,,,独立计算 DEM 遮挡、自由空间损耗与双向预算
T005,投送,916.415057540928,935.5059666318372,直连,,343,PASS,exact_point,1.8682481629573715,3190.6293079047914,,,独立计算 DEM 遮挡、自由空间损耗与双向预算
T005,爬升,935.5059666318372,952.6052464169934,直连,,344,PASS,worst_obstruction_endpoint_distance,1.8598200342751454,3193.726755171166,True,,端点最大距离且全时段按遮挡计损仍满足双向预算
T005,巡航,952.6052464169934,971.5710238768381,直连,,345,PASS,worst_obstruction_endpoint_distance,1.8598200342751454,3193.726755171166,True,,端点最大距离且全时段按遮挡计损仍满足双向预算
T005,巡航,971.5710238768381,990.536801336683,直连,,346,PASS,worst_obstruction_endpoint_distance,2.500270302895842,2966.711008526461,True,,端点最大距离且全时段按遮挡计损仍满足双向预算
T005,巡航,990.536801336683,1009.5025787965277,直连,,347,PASS,worst_obstruction_endpoint_distance,3.191428258256792,2739.790436392799,True,,端点最大距离且全时段按遮挡计损仍满足双向预算
T005,巡航,1009.5025787965277,1028.4683562563725,直连,,348,PASS,worst_obstruction_endpoint_distance,3.9419571187510485,2512.9908213933977,True,,端点最大距离且全时段按遮挡计损仍满足双向预算
T005,巡航,1028.4683562563725,1047.4341337162173,直连,,349,PASS,worst_obstruction_endpoint_distance,4.7629278771622126,2286.3481596831593,True,,端点最大距离且全时段按遮挡计损仍满足双向预算
T005,巡航,1047.4341337162173,1066.399911176062,直连,,350,PASS,worst_obstruction_endpoint_distance,5.6687922911599316,2059.914258406628,True,,端点最大距离且全时段按遮挡计损仍满足双向预算
T005,巡航,1066.399911176062,1085.3656886359067,直连,,351,PASS,worst_obstruction_endpoint_distance,6.678894698588763,1833.7664525528055,True,,端点最大距离且全时段按遮挡计损仍满足双向预算
T005,巡航,1085.3656886359067,1104.3314660957515,直连,,352,PASS,worst_obstruction_endpoint_distance,7.81991678755827,1608.0254534211506,True,,端点最大距离且全时段按遮挡计损仍满足双向预算
T005,巡航,1104.3314660957515,1123.2972435555962,直连,,353,PASS,worst_obstruction_endpoint_distance,9.130019333983796,1382.890494946619,True,,端点最大距离且全时段按遮挡计损仍满足双向预算
T005,巡航,1123.2972435555962,1142.263021015441,直连,,354,PASS,worst_obstruction_endpoint_distance,10.666243431867713,1158.7148868457655,True,,端点最大距离且全时段按遮挡计损仍满足双向预算
T005,巡航,1142.263021015441,1161.2287984752859,直连,,355,PASS,worst_obstruction_endpoint_distance,12.51851331122657,936.1880488467178,True,,端点最大距离且全时段按遮挡计损仍满足双向预算
T005,巡航,1161.2287984752859,1180.1945759351306,直连,,356,PASS,worst_obstruction_endpoint_distance,14.837244701752255,716.8470844118597,True,,端点最大距离且全时段按遮挡计损仍满足双向预算
T005,巡航,1180.1945759351306,1199.1603533949753,直连,,357,PASS,worst_obstruction_endpoint_distance,17.882328503398824,504.86159279270055,True,,端点最大距离且全时段按遮挡计损仍满足双向预算
T005,巡航,1199.1603533949753,1218.12613085482,直连,,358,PASS,worst_obstruction_endpoint_distance,21.96778359151216,315.4275180539318,True,,端点最大距离且全时段按遮挡计损仍满足双向预算
T005,下降,1218.12613085482,1237.1979580032576,直连,,359,PASS,worst_obstruction_endpoint_distance,25.160808415575318,218.397839355469,True,,端点最大距离且全时段按遮挡计损仍满足双向预算
T005,下降,1237.1979580032576,1256.269785151695,直连,,360,PASS,worst_obstruction_endpoint_distance,27.30017506799763,170.7182714843753,True,,端点最大距离且全时段按遮挡计损仍满足双向预算
T005,下降,1256.269785151695,1275.3416123001327,直连,,361,PASS,worst_obstruction_endpoint_distance,30.14494023426775,123.0387036132816,True,,端点最大距离且全时段按遮挡计损仍满足双向预算
T005,下降,1275.3416123001327,1294.4134394485702,直连,,362,PASS,worst_obstruction_endpoint_distance,34.40305698380588,75.35913574218736,True,,端点最大距离且全时段按遮挡计损仍满足双向预算
T005,下降,1294.4134394485702,1313.4852665970077,直连,,363,PASS,worst_obstruction_endpoint_distance,43.10258905170963,27.679567871093695,True,,端点最大距离且全时段按遮挡计损仍满足双向预算
T006,爬升,481.0,500.38088134765627,直连,,364,PASS,worst_obstruction_endpoint_distance,42.86345708049136,28.452203369140733,True,,端点最大距离且全时段按遮挡计损仍满足双向预算
T006,爬升,500.38088134765627,519.7617626953125,直连,,365,PASS,worst_obstruction_endpoint_distance,34.22675064092644,76.90440673828144,True,,端点最大距离且全时段按遮挡计损仍满足双向预算
T006,爬升,519.7617626953125,539.1426440429688,直连,,366,PASS,worst_obstruction_endpoint_distance,29.982830377148545,125.356610107422,True,,端点最大距离且全时段按遮挡计损仍满足双向预算
T006,巡航,539.1426440429688,557.6516664832141,直连,,367,PASS,worst_obstruction_endpoint_distance,22.2704985239005,304.6238004959094,True,,端点最大距离且全时段按遮挡计损仍满足双向预算
T006,巡航,557.6516664832141,576.1606889234595,直连,,368,PASS,worst_obstruction_endpoint_distance,16.83979160829456,569.2449386880037,True,,端点最大距离且全时段按遮挡计损仍满足双向预算
T006,巡航,576.1606889234595,594.6697113637048,直连,,369,PASS,worst_obstruction_endpoint_distance,13.436577431180993,842.286590702294,True,,端点最大距离且全时段按遮挡计损仍满足双向预算
T006,巡航,594.6697113637048,613.1787338039501,直连,,370,PASS,worst_obstruction_endpoint_distance,10.980093890191213,1117.5940057971984,True,,端点最大距离且全时段按遮挡计损仍满足双向预算
T006,巡航,613.1787338039501,631.6877562441954,直连,,371,PASS,worst_obstruction_endpoint_distance,9.06160871006314,1393.8252340138579,True,,端点最大距离且全时段按遮挡计损仍满足双向预算
T006,巡航,631.6877562441954,650.1967786844408,直连,,372,PASS,worst_obstruction_endpoint_distance,7.488730846575692,1670.5220634325021,True,,端点最大距离且全时段按遮挡计损仍满足双向预算
T006,巡航,650.1967786844408,668.7058011246861,直连,,373,PASS,worst_obstruction_endpoint_distance,6.156288066488344,1947.4860477341674,True,,端点最大距离且全时段按遮挡计损仍满足双向预算
T006,巡航,668.7058011246861,687.2148235649314,直连,,374,PASS,worst_obstruction_endpoint_distance,5.000668542679023,2224.6174071251694,True,,端点最大距离且全时段按遮挡计损仍满足双向预算
T006,巡航,687.2148235649314,705.7238460051767,直连,,375,PASS,worst_obstruction_endpoint_distance,3.9805132818098343,2501.8605217539953,True,,端点最大距离且全时段按遮挡计损仍满足双向预算
T006,巡航,705.7238460051767,724.2328684454221,直连,,376,PASS,worst_obstruction_endpoint_distance,3.067435566266326,2779.1819466890624,True,,端点最大距离且全时段按遮挡计损仍满足双向预算
T006,巡航,724.2328684454221,742.7418908856674,直连,,377,PASS,worst_obstruction_endpoint_distance,2.2411156161546586,3056.5603667445057,True,,端点最大距离且全时段按遮挡计损仍满足双向预算
T006,下降,742.7418908856674,757.5846592369044,直连,,378,PASS,worst_obstruction_endpoint_distance,2.2411156161546586,3056.5603667445057,True,,端点最大距离且全时段按遮挡计损仍满足双向预算
T006,下降,757.5846592369044,772.4274275881414,直连,,379,PASS,worst_obstruction_endpoint_distance,2.2441667585877525,3055.4868597560912,True,,端点最大距离且全时段按遮挡计损仍满足双向预算
T006,下降,772.4274275881414,787.2701959393784,直连,,380,PASS,worst_obstruction_endpoint_distance,2.246399680237957,3054.701472633553,True,,端点最大距离且全时段按遮挡计损仍满足双向预算
T006,投送,787.2701959393784,807.0701959393783,直连,,381,PASS,exact_point,2.2478131175972464,3054.2044276465326,,,独立计算 DEM 遮挡、自由空间损耗与双向预算
T006,投送,807.0701959393783,826.8701959393784,直连,,382,PASS,exact_point,2.2478131175972464,3054.2044276465326,,,独立计算 DEM 遮挡、自由空间损耗与双向预算
T006,投送,826.8701959393784,846.6701959393783,直连,,383,PASS,exact_point,2.2478131175972464,3054.2044276465326,,,独立计算 DEM 遮挡、自由空间损耗与双向预算
T006,投送,846.6701959393783,866.4701959393784,直连,,384,PASS,exact_point,2.2478131175972464,3054.2044276465326,,,独立计算 DEM 遮挡、自由空间损耗与双向预算
T006,投送,866.4701959393784,886.2701959393784,直连,,385,PASS,exact_point,2.2478131175972464,3054.2044276465326,,,独立计算 DEM 遮挡、自由空间损耗与双向预算
T006,投送,886.2701959393784,906.0701959393784,直连,,386,PASS,exact_point,2.2478131175972464,3054.2044276465326,,,独立计算 DEM 遮挡、自由空间损耗与双向预算
T006,投送,906.0701959393784,925.8701959393784,直连,,387,PASS,exact_point,2.2478131175972464,3054.2044276465326,,,独立计算 DEM 遮挡、自由空间损耗与双向预算
T006,投送,925.8701959393784,945.6701959393783,直连,,388,PASS,exact_point,2.2478131175972464,3054.2044276465326,,,独立计算 DEM 遮挡、自由空间损耗与双向预算
T006,投送,945.6701959393783,965.4701959393784,直连,,389,PASS,exact_point,2.2478131175972464,3054.2044276465326,,,独立计算 DEM 遮挡、自由空间损耗与双向预算
T006,投送,965.4701959393784,985.2701959393785,直连,,390,PASS,exact_point,2.2478131175972464,3054.2044276465326,,,独立计算 DEM 遮挡、自由空间损耗与双向预算
T006,投送,985.2701959393785,1005.0701959393784,直连,,391,PASS,exact_point,2.2478131175972464,3054.2044276465326,,,独立计算 DEM 遮挡、自由空间损耗与双向预算
T006,投送,1005.0701959393784,1024.8701959393784,直连,,392,PASS,exact_point,2.2478131175972464,3054.2044276465326,,,独立计算 DEM 遮挡、自由空间损耗与双向预算
T006,投送,1024.8701959393784,1044.6701959393786,直连,,393,PASS,exact_point,2.2478131175972464,3054.2044276465326,,,独立计算 DEM 遮挡、自由空间损耗与双向预算
T006,投送,1044.6701959393786,1064.4701959393785,直连,,394,PASS,exact_point,2.2478131175972464,3054.2044276465326,,,独立计算 DEM 遮挡、自由空间损耗与双向预算
T006,投送,1064.4701959393785,1084.2701959393785,直连,,395,PASS,exact_point,2.2478131175972464,3054.2044276465326,,,独立计算 DEM 遮挡、自由空间损耗与双向预算
T006,投送,1084.2701959393785,1104.0701959393784,直连,,396,PASS,exact_point,2.2478131175972464,3054.2044276465326,,,独立计算 DEM 遮挡、自由空间损耗与双向预算
T006,投送,1104.0701959393784,1123.8701959393784,直连,,397,PASS,exact_point,2.2478131175972464,3054.2044276465326,,,独立计算 DEM 遮挡、自由空间损耗与双向预算
T006,投送,1123.8701959393784,1143.6701959393786,直连,,398,PASS,exact_point,2.2478131175972464,3054.2044276465326,,,独立计算 DEM 遮挡、自由空间损耗与双向预算
T006,投送,1143.6701959393786,1163.4701959393785,直连,,399,PASS,exact_point,2.2478131175972464,3054.2044276465326,,,独立计算 DEM 遮挡、自由空间损耗与双向预算
T006,投送,1163.4701959393785,1183.2701959393785,直连,,400,PASS,exact_point,2.2478131175972464,3054.2044276465326,,,独立计算 DEM 遮挡、自由空间损耗与双向预算
T006,爬升,1183.2701959393785,1201.0815179608628,直连,,401,PASS,worst_obstruction_endpoint_distance,2.2453855868061083,3055.0581354130627,True,,端点最大距离且全时段按遮挡计损仍满足双向预算
T006,爬升,1201.0815179608628,1218.8928399823471,直连,,402,PASS,worst_obstruction_endpoint_distance,2.2411156161546586,3056.5603667445057,True,,端点最大距离且全时段按遮挡计损仍满足双向预算
T006,巡航,1218.8928399823471,1237.4018624225926,直连,,403,PASS,worst_obstruction_endpoint_distance,2.2411156161546586,3056.5603667445057,True,,端点最大距离且全时段按遮挡计损仍满足双向预算
T006,巡航,1237.4018624225926,1255.9108848628377,直连,,404,PASS,worst_obstruction_endpoint_distance,3.067435566266326,2779.1819466890624,True,,端点最大距离且全时段按遮挡计损仍满足双向预算
T006,巡航,1255.9108848628377,1274.4199073030832,直连,,405,PASS,worst_obstruction_endpoint_distance,3.9805132818098343,2501.8605217539953,True,,端点最大距离且全时段按遮挡计损仍满足双向预算
T006,巡航,1274.4199073030832,1292.9289297433286,直连,,406,PASS,worst_obstruction_endpoint_distance,5.000668542679023,2224.6174071251694,True,,端点最大距离且全时段按遮挡计损仍满足双向预算
T006,巡航,1292.9289297433286,1311.4379521835738,直连,,407,PASS,worst_obstruction_endpoint_distance,6.156288066488344,1947.4860477341674,True,,端点最大距离且全时段按遮挡计损仍满足双向预算
T006,巡航,1311.4379521835738,1329.9469746238192,直连,,408,PASS,worst_obstruction_endpoint_distance,7.488730846575692,1670.5220634325021,True,,端点最大距离且全时段按遮挡计损仍满足双向预算
T006,巡航,1329.9469746238192,1348.4559970640644,直连,,409,PASS,worst_obstruction_endpoint_distance,9.06160871006314,1393.8252340138579,True,,端点最大距离且全时段按遮挡计损仍满足双向预算
T006,巡航,1348.4559970640644,1366.9650195043098,直连,,410,PASS,worst_obstruction_endpoint_distance,10.980093890191213,1117.5940057971984,True,,端点最大距离且全时段按遮挡计损仍满足双向预算
T006,巡航,1366.9650195043098,1385.4740419445552,直连,,411,PASS,worst_obstruction_endpoint_distance,13.436577431180993,842.286590702294,True,,端点最大距离且全时段按遮挡计损仍满足双向预算
T006,巡航,1385.4740419445552,1403.9830643848004,直连,,412,PASS,worst_obstruction_endpoint_distance,16.83979160829456,569.2449386880037,True,,端点最大距离且全时段按遮挡计损仍满足双向预算
T006,巡航,1403.9830643848004,1422.4920868250458,直连,,413,PASS,worst_obstruction_endpoint_distance,22.2704985239005,304.6238004959094,True,,端点最大距离且全时段按遮挡计损仍满足双向预算
T006,下降,1422.4920868250458,1440.6616630884737,直连,,414,PASS,worst_obstruction_endpoint_distance,29.982830377148545,125.356610107422,True,,端点最大距离且全时段按遮挡计损仍满足双向预算
T006,下降,1440.6616630884737,1458.8312393519013,直连,,415,PASS,worst_obstruction_endpoint_distance,32.95627144019177,89.01745758056626,True,,端点最大距离且全时段按遮挡计损仍满足双向预算
T006,下降,1458.8312393519013,1477.000815615329,直连,,416,PASS,worst_obstruction_endpoint_distance,37.513139307574534,52.678305053711,True,,端点最大距离且全时段按遮挡计损仍满足双向预算
T006,下降,1477.000815615329,1495.1703918787568,直连,,417,PASS,worst_obstruction_endpoint_distance,45.92517525248826,20.0,True,,端点最大距离且全时段按遮挡计损仍满足双向预算
T007,爬升,360.99999999999994,377.1507344563802,直连,,418,PASS,worst_obstruction_endpoint_distance,42.86345708049136,28.452203369140733,True,,端点最大距离且全时段按遮挡计损仍满足双向预算
T007,爬升,377.1507344563802,393.30146891276036,直连,,419,PASS,worst_obstruction_endpoint_distance,34.226750640926454,76.9044067382813,True,,端点最大距离且全时段按遮挡计损仍满足双向预算
T007,爬升,393.30146891276036,409.4522033691406,直连,,420,PASS,worst_obstruction_endpoint_distance,29.982830377148545,125.356610107422,True,,端点最大距离且全时段按遮挡计损仍满足双向预算
T007,巡航,409.4522033691406,429.0290540270924,直连,,421,PASS,worst_obstruction_endpoint_distance,23.439145992925262,266.2756531493173,True,,端点最大距离且全时段按遮挡计损仍满足双向预算
T007,巡航,429.0290540270924,448.60590468504415,直连,,422,PASS,worst_obstruction_endpoint_distance,18.208050378198536,486.2798111658891,True,,端点最大距离且全时段按遮挡计损仍满足双向预算
T007,巡航,448.60590468504415,468.18275534299596,直连,,423,PASS,worst_obstruction_endpoint_distance,14.849596880380076,715.82838275658,True,,端点最大距离且全时段按遮挡计损仍满足双向预算
T007,巡航,468.18275534299596,487.75960600094777,直连,,424,PASS,worst_obstruction_endpoint_distance,12.409485773578538,948.0133859272303,True,,端点最大距离且全时段按遮挡计损仍满足双向预算
T007,巡航,487.75960600094777,507.3364566588996,直连,,425,PASS,worst_obstruction_endpoint_distance,10.498709008550065,1181.281242448014,True,,端点最大距离且全时段按遮挡计损仍满足双向预算
T007,巡航,507.3364566588996,526.9133073168514,直连,,426,PASS,worst_obstruction_endpoint_distance,8.930053702377293,1415.0965532947675,True,,端点最大距离且全时段按遮挡计损仍满足双向预算
T007,巡航,526.9133073168514,546.4901579748032,直连,,427,PASS,worst_obstruction_endpoint_distance,7.600169114693159,1649.2264926496591,True,,端点最大距离且全时段按遮挡计损仍满足双向预算
T007,巡航,546.4901579748032,566.067008632755,直连,,428,PASS,worst_obstruction_endpoint_distance,6.446214866248994,1883.5537370869965,True,,端点最大距离且全时段按遮挡计损仍满足双向预算
T007,巡航,566.067008632755,585.6438592907068,直连,,429,PASS,worst_obstruction_endpoint_distance,5.427203554487448,2118.012800824474,True,,端点最大距离且全时段按遮挡计损仍满足双向预算
T007,巡航,585.6438592907068,605.2207099486585,直连,,430,PASS,worst_obstruction_endpoint_distance,4.514945220631574,2352.5642724361696,True,,端点最大距离且全时段按遮挡计损仍满足双向预算
T007,巡航,605.2207099486585,624.7975606066103,直连,,431,PASS,worst_obstruction_endpoint_distance,3.6892321235043113,2587.183019222811,True,,端点最大距离且全时段按遮挡计损仍满足双向预算
T007,巡航,624.7975606066103,644.3744112645621,直连,,432,PASS,worst_obstruction_endpoint_distance,2.935089718870202,2821.852260748545,True,,端点最大距离且全时段按遮挡计损仍满足双向预算
T007,巡航,644.3744112645621,663.9512619225139,直连,,433,PASS,worst_obstruction_endpoint_distance,2.2411156161546586,3056.5603667445057,True,,端点最大距离且全时段按遮挡计损仍满足双向预算
T007,下降,663.9512619225139,681.7625839439984,直连,,434,PASS,worst_obstruction_endpoint_distance,2.2411156161546586,3056.5603667445057,True,,端点最大距离且全时段按遮挡计损仍满足双向预算
T007,下降,681.7625839439984,699.5739059654827,直连,,435,PASS,worst_obstruction_endpoint_distance,2.2453855868061083,3055.0581354130627,True,,端点最大距离且全时段按遮挡计损仍满足双向预算
T007,投送,699.5739059654827,718.6648150563918,直连,,436,PASS,exact_point,2.2478131175972464,3054.2044276465326,,,独立计算 DEM 遮挡、自由空间损耗与双向预算
T007,投送,718.6648150563918,737.7557241473008,直连,,437,PASS,exact_point,2.2478131175972464,3054.2044276465326,,,独立计算 DEM 遮挡、自由空间损耗与双向预算
T007,投送,737.7557241473008,756.84663323821,直连,,438,PASS,exact_point,2.2478131175972464,3054.2044276465326,,,独立计算 DEM 遮挡、自由空间损耗与双向预算
T007,投送,756.84663323821,775.9375423291191,直连,,439,PASS,exact_point,2.2478131175972464,3054.2044276465326,,,独立计算 DEM 遮挡、自由空间损耗与双向预算
T007,投送,775.9375423291191,795.0284514200282,直连,,440,PASS,exact_point,2.2478131175972464,3054.2044276465326,,,独立计算 DEM 遮挡、自由空间损耗与双向预算
T007,投送,795.0284514200282,814.1193605109372,直连,,441,PASS,exact_point,2.2478131175972464,3054.2044276465326,,,独立计算 DEM 遮挡、自由空间损耗与双向预算
T007,投送,814.1193605109372,833.2102696018463,直连,,442,PASS,exact_point,2.2478131175972464,3054.2044276465326,,,独立计算 DEM 遮挡、自由空间损耗与双向预算
T007,投送,833.2102696018463,852.3011786927555,直连,,443,PASS,exact_point,2.2478131175972464,3054.2044276465326,,,独立计算 DEM 遮挡、自由空间损耗与双向预算
T007,投送,852.3011786927555,871.3920877836645,直连,,444,PASS,exact_point,2.2478131175972464,3054.2044276465326,,,独立计算 DEM 遮挡、自由空间损耗与双向预算
T007,投送,871.3920877836645,890.4829968745736,直连,,445,PASS,exact_point,2.2478131175972464,3054.2044276465326,,,独立计算 DEM 遮挡、自由空间损耗与双向预算
T007,投送,890.4829968745736,909.5739059654827,直连,,446,PASS,exact_point,2.2478131175972464,3054.2044276465326,,,独立计算 DEM 遮挡、自由空间损耗与双向预算
T007,爬升,909.5739059654827,924.4166743167198,直连,,447,PASS,worst_obstruction_endpoint_distance,2.2453855868061083,3055.0581354130627,True,,端点最大距离且全时段按遮挡计损仍满足双向预算
T007,爬升,924.4166743167198,939.2594426679567,直连,,448,PASS,worst_obstruction_endpoint_distance,2.2411156161546586,3056.5603667445057,True,,端点最大距离且全时段按遮挡计损仍满足双向预算
T007,巡航,939.2594426679567,958.8362933259085,直连,,449,PASS,worst_obstruction_endpoint_distance,2.2411156161546586,3056.5603667445057,True,,端点最大距离且全时段按遮挡计损仍满足双向预算
T007,巡航,958.8362933259085,978.4131439838603,直连,,450,PASS,worst_obstruction_endpoint_distance,2.935089718870202,2821.852260748545,True,,端点最大距离且全时段按遮挡计损仍满足双向预算
T007,巡航,978.4131439838603,997.9899946418121,直连,,451,PASS,worst_obstruction_endpoint_distance,3.6892321235043113,2587.183019222811,True,,端点最大距离且全时段按遮挡计损仍满足双向预算
T007,巡航,997.9899946418121,1017.5668452997639,直连,,452,PASS,worst_obstruction_endpoint_distance,4.514945220631574,2352.5642724361696,True,,端点最大距离且全时段按遮挡计损仍满足双向预算
T007,巡航,1017.5668452997639,1037.1436959577156,直连,,453,PASS,worst_obstruction_endpoint_distance,5.427203554487448,2118.012800824474,True,,端点最大距离且全时段按遮挡计损仍满足双向预算
T007,巡航,1037.1436959577156,1056.7205466156674,直连,,454,PASS,worst_obstruction_endpoint_distance,6.446214866248994,1883.5537370869965,True,,端点最大距离且全时段按遮挡计损仍满足双向预算
T007,巡航,1056.7205466156674,1076.2973972736193,直连,,455,PASS,worst_obstruction_endpoint_distance,7.600169114693159,1649.2264926496591,True,,端点最大距离且全时段按遮挡计损仍满足双向预算
T007,巡航,1076.2973972736193,1095.874247931571,直连,,456,PASS,worst_obstruction_endpoint_distance,8.930053702377293,1415.0965532947675,True,,端点最大距离且全时段按遮挡计损仍满足双向预算
T007,巡航,1095.874247931571,1115.4510985895229,直连,,457,PASS,worst_obstruction_endpoint_distance,10.498709008550065,1181.281242448014,True,,端点最大距离且全时段按遮挡计损仍满足双向预算
T007,巡航,1115.4510985895229,1135.0279492474747,直连,,458,PASS,worst_obstruction_endpoint_distance,12.409485773578538,948.0133859272303,True,,端点最大距离且全时段按遮挡计损仍满足双向预算
T007,巡航,1135.0279492474747,1154.6047999054265,直连,,459,PASS,worst_obstruction_endpoint_distance,14.849596880380076,715.82838275658,True,,端点最大距离且全时段按遮挡计损仍满足双向预算
T007,巡航,1154.6047999054265,1174.1816505633783,直连,,460,PASS,worst_obstruction_endpoint_distance,18.208050378198536,486.2798111658891,True,,端点最大距离且全时段按遮挡计损仍满足双向预算
T007,巡航,1174.1816505633783,1193.75850122133,直连,,461,PASS,worst_obstruction_endpoint_distance,23.439145992925262,266.2756531493173,True,,端点最大距离且全时段按遮挡计损仍满足双向预算
T007,下降,1193.75850122133,1213.1393825689863,直连,,462,PASS,worst_obstruction_endpoint_distance,29.982830377148545,125.356610107422,True,,端点最大距离且全时段按遮挡计损仍满足双向预算
T007,下降,1213.1393825689863,1232.5202639166425,直连,,463,PASS,worst_obstruction_endpoint_distance,34.22675064092644,76.90440673828135,True,,端点最大距离且全时段按遮挡计损仍满足双向预算
T007,下降,1232.5202639166425,1251.9011452642987,直连,,464,PASS,worst_obstruction_endpoint_distance,42.86345708049137,28.452203369140676,True,,端点最大距离且全时段按遮挡计损仍满足双向预算
T008,爬升,625.0,644.8664866129558,直连,,465,PASS,worst_obstruction_endpoint_distance,39.99198992735825,39.59945983886735,True,,端点最大距离且全时段按遮挡计损仍满足双向预算
T008,爬升,644.8664866129558,664.7329732259116,直连,,466,PASS,worst_obstruction_endpoint_distance,32.01563631553779,99.19891967773466,True,,端点最大距离且全时段按遮挡计损仍满足双向预算
T008,爬升,664.7329732259116,684.5994598388672,直连,,467,PASS,worst_obstruction_endpoint_distance,27.92885384004063,158.7983795166017,True,,端点最大距离且全时段按遮挡计损仍满足双向预算
T008,爬升,684.5994598388672,704.465946451823,直连,,468,PASS,worst_obstruction_endpoint_distance,25.160808415575318,218.397839355469,True,,端点最大距离且全时段按遮挡计损仍满足双向预算
T008,巡航,704.465946451823,723.4317239116679,直连,,469,PASS,worst_obstruction_endpoint_distance,21.96778359151216,315.4275180539318,True,,端点最大距离且全时段按遮挡计损仍满足双向预算
T008,巡航,723.4317239116679,742.3975013715126,直连,,470,PASS,worst_obstruction_endpoint_distance,17.882328503398824,504.86159279270055,True,,端点最大距离且全时段按遮挡计损仍满足双向预算
T008,巡航,742.3975013715126,761.3632788313573,直连,,471,PASS,worst_obstruction_endpoint_distance,14.837244701752255,716.8470844118597,True,,端点最大距离且全时段按遮挡计损仍满足双向预算
T008,巡航,761.3632788313573,780.329056291202,直连,,472,PASS,worst_obstruction_endpoint_distance,12.51851331122657,936.1880488467178,True,,端点最大距离且全时段按遮挡计损仍满足双向预算
T008,巡航,780.329056291202,799.2948337510468,直连,,473,PASS,worst_obstruction_endpoint_distance,10.666243431867713,1158.7148868457655,True,,端点最大距离且全时段按遮挡计损仍满足双向预算
T008,巡航,799.2948337510468,818.2606112108916,直连,,474,PASS,worst_obstruction_endpoint_distance,9.130019333983796,1382.890494946619,True,,端点最大距离且全时段按遮挡计损仍满足双向预算
T008,巡航,818.2606112108916,837.2263886707364,直连,,475,PASS,worst_obstruction_endpoint_distance,7.81991678755827,1608.0254534211506,True,,端点最大距离且全时段按遮挡计损仍满足双向预算
T008,巡航,837.2263886707364,856.1921661305811,直连,,476,PASS,worst_obstruction_endpoint_distance,6.678894698588763,1833.7664525528055,True,,端点最大距离且全时段按遮挡计损仍满足双向预算
T008,巡航,856.1921661305811,875.1579435904259,直连,,477,PASS,worst_obstruction_endpoint_distance,5.6687922911599316,2059.914258406628,True,,端点最大距离且全时段按遮挡计损仍满足双向预算
T008,巡航,875.1579435904259,894.1237210502707,直连,,478,PASS,worst_obstruction_endpoint_distance,4.7629278771622126,2286.3481596831593,True,,端点最大距离且全时段按遮挡计损仍满足双向预算
T008,巡航,894.1237210502707,913.0894985101154,直连,,479,PASS,worst_obstruction_endpoint_distance,3.9419571187510485,2512.9908213933977,True,,端点最大距离且全时段按遮挡计损仍满足双向预算
T008,巡航,913.0894985101154,932.0552759699601,直连,,480,PASS,worst_obstruction_endpoint_distance,3.191428258256792,2739.790436392799,True,,端点最大距离且全时段按遮挡计损仍满足双向预算
T008,巡航,932.0552759699601,951.021053429805,直连,,481,PASS,worst_obstruction_endpoint_distance,2.500270302895842,2966.711008526461,True,,端点最大距离且全时段按遮挡计损仍满足双向预算
T008,巡航,951.021053429805,969.9868308896497,直连,,482,PASS,worst_obstruction_endpoint_distance,1.8598200342751454,3193.726755171166,True,,端点最大距离且全时段按遮挡计损仍满足双向预算
T008,下降,969.9868308896497,980.2463987607434,直连,,483,PASS,worst_obstruction_endpoint_distance,1.8598200342751454,3193.726755171166,True,,端点最大距离且全时段按遮挡计损仍满足双向预算
T008,下降,980.2463987607434,990.5059666318372,直连,,484,PASS,worst_obstruction_endpoint_distance,1.8643124438889203,3192.075361970319,True,,端点最大距离且全时段按遮挡计损仍满足双向预算
T008,投送,990.5059666318372,1009.5968757227463,直连,,485,PASS,exact_point,1.8682481629573715,3190.6293079047914,,,独立计算 DEM 遮挡、自由空间损耗与双向预算
T008,投送,1009.5968757227463,1028.6877848136553,直连,,486,PASS,exact_point,1.8682481629573715,3190.6293079047914,,,独立计算 DEM 遮挡、自由空间损耗与双向预算
T008,投送,1028.6877848136553,1047.7786939045645,直连,,487,PASS,exact_point,1.8682481629573715,3190.6293079047914,,,独立计算 DEM 遮挡、自由空间损耗与双向预算
T008,投送,1047.7786939045645,1066.8696029954735,直连,,488,PASS,exact_point,1.8682481629573715,3190.6293079047914,,,独立计算 DEM 遮挡、自由空间损耗与双向预算
T008,投送,1066.8696029954735,1085.9605120863826,直连,,489,PASS,exact_point,1.8682481629573715,3190.6293079047914,,,独立计算 DEM 遮挡、自由空间损耗与双向预算
T008,投送,1085.9605120863826,1105.0514211772916,直连,,490,PASS,exact_point,1.8682481629573715,3190.6293079047914,,,独立计算 DEM 遮挡、自由空间损耗与双向预算
T008,投送,1105.0514211772916,1124.1423302682008,直连,,491,PASS,exact_point,1.8682481629573715,3190.6293079047914,,,独立计算 DEM 遮挡、自由空间损耗与双向预算
T008,投送,1124.1423302682008,1143.23323935911,直连,,492,PASS,exact_point,1.8682481629573715,3190.6293079047914,,,独立计算 DEM 遮挡、自由空间损耗与双向预算
T008,投送,1143.23323935911,1162.324148450019,直连,,493,PASS,exact_point,1.8682481629573715,3190.6293079047914,,,独立计算 DEM 遮挡、自由空间损耗与双向预算
T008,投送,1162.324148450019,1181.415057540928,直连,,494,PASS,exact_point,1.8682481629573715,3190.6293079047914,,,独立计算 DEM 遮挡、自由空间损耗与双向预算
T008,投送,1181.415057540928,1200.505966631837,直连,,495,PASS,exact_point,1.8682481629573715,3190.6293079047914,,,独立计算 DEM 遮挡、自由空间损耗与双向预算
T008,爬升,1200.505966631837,1217.6052464169934,直连,,496,PASS,worst_obstruction_endpoint_distance,1.8598200342751454,3193.726755171166,True,,端点最大距离且全时段按遮挡计损仍满足双向预算
T008,巡航,1217.6052464169934,1236.5710238768381,直连,,497,PASS,worst_obstruction_endpoint_distance,1.8598200342751454,3193.726755171166,True,,端点最大距离且全时段按遮挡计损仍满足双向预算
T008,巡航,1236.5710238768381,1255.5368013366829,直连,,498,PASS,worst_obstruction_endpoint_distance,2.500270302895842,2966.711008526461,True,,端点最大距离且全时段按遮挡计损仍满足双向预算
T008,巡航,1255.5368013366829,1274.5025787965278,直连,,499,PASS,worst_obstruction_endpoint_distance,3.191428258256792,2739.790436392799,True,,端点最大距离且全时段按遮挡计损仍满足双向预算
T008,巡航,1274.5025787965278,1293.4683562563725,直连,,500,PASS,worst_obstruction_endpoint_distance,3.9419571187510485,2512.9908213933977,True,,端点最大距离且全时段按遮挡计损仍满足双向预算
T008,巡航,1293.4683562563725,1312.4341337162173,直连,,501,PASS,worst_obstruction_endpoint_distance,4.7629278771622126,2286.3481596831593,True,,端点最大距离且全时段按遮挡计损仍满足双向预算
T008,巡航,1312.4341337162173,1331.399911176062,直连,,502,PASS,worst_obstruction_endpoint_distance,5.6687922911599316,2059.914258406628,True,,端点最大距离且全时段按遮挡计损仍满足双向预算
T008,巡航,1331.399911176062,1350.3656886359067,直连,,503,PASS,worst_obstruction_endpoint_distance,6.678894698588763,1833.7664525528055,True,,端点最大距离且全时段按遮挡计损仍满足双向预算
T008,巡航,1350.3656886359067,1369.3314660957515,直连,,504,PASS,worst_obstruction_endpoint_distance,7.81991678755827,1608.0254534211506,True,,端点最大距离且全时段按遮挡计损仍满足双向预算
T008,巡航,1369.3314660957515,1388.2972435555962,直连,,505,PASS,worst_obstruction_endpoint_distance,9.130019333983796,1382.890494946619,True,,端点最大距离且全时段按遮挡计损仍满足双向预算
T008,巡航,1388.2972435555962,1407.263021015441,直连,,506,PASS,worst_obstruction_endpoint_distance,10.666243431867713,1158.7148868457655,True,,端点最大距离且全时段按遮挡计损仍满足双向预算
T008,巡航,1407.263021015441,1426.2287984752859,直连,,507,PASS,worst_obstruction_endpoint_distance,12.51851331122657,936.1880488467178,True,,端点最大距离且全时段按遮挡计损仍满足双向预算
T008,巡航,1426.2287984752859,1445.1945759351306,直连,,508,PASS,worst_obstruction_endpoint_distance,14.837244701752255,716.8470844118597,True,,端点最大距离且全时段按遮挡计损仍满足双向预算
T008,巡航,1445.1945759351306,1464.1603533949753,直连,,509,PASS,worst_obstruction_endpoint_distance,17.882328503398824,504.86159279270055,True,,端点最大距离且全时段按遮挡计损仍满足双向预算
T008,巡航,1464.1603533949753,1483.12613085482,直连,,510,PASS,worst_obstruction_endpoint_distance,21.96778359151216,315.4275180539318,True,,端点最大距离且全时段按遮挡计损仍满足双向预算
T008,下降,1483.12613085482,1502.1979580032576,直连,,511,PASS,worst_obstruction_endpoint_distance,25.160808415575318,218.397839355469,True,,端点最大距离且全时段按遮挡计损仍满足双向预算
T008,下降,1502.1979580032576,1521.269785151695,直连,,512,PASS,worst_obstruction_endpoint_distance,27.30017506799763,170.7182714843753,True,,端点最大距离且全时段按遮挡计损仍满足双向预算
T008,下降,1521.269785151695,1540.3416123001327,直连,,513,PASS,worst_obstruction_endpoint_distance,30.14494023426775,123.0387036132816,True,,端点最大距离且全时段按遮挡计损仍满足双向预算
T008,下降,1540.3416123001327,1559.4134394485702,直连,,514,PASS,worst_obstruction_endpoint_distance,34.40305698380588,75.35913574218736,True,,端点最大距离且全时段按遮挡计损仍满足双向预算
T008,下降,1559.4134394485702,1578.4852665970077,直连,,515,PASS,worst_obstruction_endpoint_distance,43.10258905170963,27.679567871093695,True,,端点最大距离且全时段按遮挡计损仍满足双向预算
T009,爬升,1582.0,1600.6290839301214,直连,,516,PASS,worst_obstruction_endpoint_distance,40.84697113032544,35.88725179036422,True,,端点最大距离且全时段按遮挡计损仍满足双向预算
T009,爬升,1600.6290839301214,1619.258167860243,直连,,517,PASS,worst_obstruction_endpoint_distance,32.69133428513666,91.77450358072912,True,,端点最大距离且全时段按遮挡计损仍满足双向预算
T009,爬升,1619.258167860243,1637.8872517903646,直连,,518,PASS,worst_obstruction_endpoint_distance,28.560414627442924,147.661755371094,True,,端点最大距离且全时段按遮挡计损仍满足双向预算
T009,巡航,1637.8872517903646,1657.3879328095065,直连,,519,PASS,worst_obstruction_endpoint_distance,23.105539305523138,276.701678111109,True,,端点最大距离且全时段按遮挡计损仍满足双向预算
T009,巡航,1657.3879328095065,1676.8886138286484,直连,,520,PASS,worst_obstruction_endpoint_distance,18.12842960560056,490.75787582087463,True,,端点最大距离且全时段按遮挡计损仍满足双向预算
T009,巡航,1676.8886138286484,1696.3892948477906,直连,,521,PASS,worst_obstruction_endpoint_distance,14.83071939347792,717.3858209025456,True,,端点最大距离且全时段按遮挡计损仍满足双向预算
T009,巡航,1696.3892948477906,1715.8899758669324,直连,,522,PASS,worst_obstruction_endpoint_distance,12.413199503853406,947.608140912613,True,,端点最大距离且全时段按遮挡计损仍满足双向预算
T009,巡航,1715.8899758669324,1735.3906568860743,直连,,523,PASS,worst_obstruction_endpoint_distance,10.513129561117665,1179.3216739957807,True,,端点最大距离且全时段按遮挡计损仍满足双向预算
T009,巡航,1735.3906568860743,1754.8913379052162,直连,,524,PASS,worst_obstruction_endpoint_distance,8.950358587344866,1411.7923650909095,True,,端点最大距离且全时段按遮挡计损仍满足双向预算
T009,巡航,1754.8913379052162,1774.3920189243581,直连,,525,PASS,worst_obstruction_endpoint_distance,7.624045631567441,1644.6991830859633,True,,端点最大距离且全时段按遮挡计损仍满足双向预算
T009,巡航,1774.3920189243581,1793.8926999435002,直连,,526,PASS,worst_obstruction_endpoint_distance,6.472419076072541,1877.8798611459722,True,,端点最大距离且全时段按遮挡计损仍满足双向预算
T009,巡航,1793.8926999435002,1813.3933809626421,直连,,527,PASS,worst_obstruction_endpoint_distance,5.4550079972161996,2111.243660095177,True,,端点最大距离且全时段按遮挡计损仍满足双向预算
T009,巡航,1813.3933809626421,1832.894061981784,直连,,528,PASS,worst_obstruction_endpoint_distance,4.543896491300529,2344.7359043246097,True,,端点最大距离且全时段按遮挡计损仍满足双向预算
T009,巡航,1832.894061981784,1852.394743000926,直连,,529,PASS,worst_obstruction_endpoint_distance,3.7190330961792313,2578.3216981409755,True,,端点最大距离且全时段按遮挡计损仍满足双向预算
T009,巡航,1852.394743000926,1871.8954240200678,直连,,530,PASS,worst_obstruction_endpoint_distance,2.9655376322348275,2811.977728667235,True,,端点最大距离且全时段按遮挡计损仍满足双向预算
T009,下降,1871.8954240200678,1888.5477750942866,直连,,531,PASS,worst_obstruction_endpoint_distance,2.9655376322348275,2811.977728667235,True,,端点最大距离且全时段按遮挡计损仍满足双向预算
T009,下降,1888.5477750942866,1905.2001261685054,直连,,532,PASS,worst_obstruction_endpoint_distance,2.9713422573941983,2810.099161870278,True,,端点最大距离且全时段按遮挡计损仍满足双向预算
T009,投送,1905.2001261685054,1925.2001261685054,直连,,533,PASS,exact_point,2.9752461696598544,2808.8364339208633,,,独立计算 DEM 遮挡、自由空间损耗与双向预算
T009,投送,1925.2001261685054,1945.2001261685054,直连,,534,PASS,exact_point,2.9752461696598544,2808.8364339208633,,,独立计算 DEM 遮挡、自由空间损耗与双向预算
T009,投送,1945.2001261685054,1965.2001261685054,直连,,535,PASS,exact_point,2.9752461696598544,2808.8364339208633,,,独立计算 DEM 遮挡、自由空间损耗与双向预算
T009,投送,1965.2001261685054,1985.2001261685054,直连,,536,PASS,exact_point,2.9752461696598544,2808.8364339208633,,,独立计算 DEM 遮挡、自由空间损耗与双向预算
T009,投送,1985.2001261685054,2005.2001261685054,直连,,537,PASS,exact_point,2.9752461696598544,2808.8364339208633,,,独立计算 DEM 遮挡、自由空间损耗与双向预算
T009,投送,2005.2001261685054,2025.2001261685054,直连,,538,PASS,exact_point,2.9752461696598544,2808.8364339208633,,,独立计算 DEM 遮挡、自由空间损耗与双向预算
T009,投送,2025.2001261685054,2045.2001261685054,直连,,539,PASS,exact_point,2.9752461696598544,2808.8364339208633,,,独立计算 DEM 遮挡、自由空间损耗与双向预算
T009,投送,2045.2001261685054,2065.2001261685054,直连,,540,PASS,exact_point,2.9752461696598544,2808.8364339208633,,,独立计算 DEM 遮挡、自由空间损耗与双向预算
T009,投送,2065.2001261685054,2085.2001261685054,直连,,541,PASS,exact_point,2.9752461696598544,2808.8364339208633,,,独立计算 DEM 遮挡、自由空间损耗与双向预算
T009,爬升,2085.2001261685054,2099.077085397021,直连,,542,PASS,worst_obstruction_endpoint_distance,2.9713422573941983,2810.099161870278,True,,端点最大距离且全时段按遮挡计损仍满足双向预算
T009,爬升,2099.077085397021,2112.954044625537,直连,,543,PASS,worst_obstruction_endpoint_distance,2.9655376322348275,2811.977728667235,True,,端点最大距离且全时段按遮挡计损仍满足双向预算
T009,巡航,2112.954044625537,2132.4547256446785,直连,,544,PASS,worst_obstruction_endpoint_distance,2.9655376322348275,2811.977728667235,True,,端点最大距离且全时段按遮挡计损仍满足双向预算
T009,巡航,2132.4547256446785,2151.9554066638207,直连,,545,PASS,worst_obstruction_endpoint_distance,3.7190330961792313,2578.3216981409755,True,,端点最大距离且全时段按遮挡计损仍满足双向预算
T009,巡航,2151.9554066638207,2171.456087682963,直连,,546,PASS,worst_obstruction_endpoint_distance,4.543896491300529,2344.7359043246097,True,,端点最大距离且全时段按遮挡计损仍满足双向预算
T009,巡航,2171.456087682963,2190.9567687021045,直连,,547,PASS,worst_obstruction_endpoint_distance,5.455007997216299,2111.243660095155,True,,端点最大距离且全时段按遮挡计损仍满足双向预算
T009,巡航,2190.9567687021045,2210.4574497212466,直连,,548,PASS,worst_obstruction_endpoint_distance,6.472419076072541,1877.8798611459722,True,,端点最大距离且全时段按遮挡计损仍满足双向预算
T009,巡航,2210.4574497212466,2229.9581307403887,直连,,549,PASS,worst_obstruction_endpoint_distance,7.624045631567441,1644.6991830859633,True,,端点最大距离且全时段按遮挡计损仍满足双向预算
T009,巡航,2229.9581307403887,2249.4588117595304,直连,,550,PASS,worst_obstruction_endpoint_distance,8.950358587344866,1411.7923650909095,True,,端点最大距离且全时段按遮挡计损仍满足双向预算
T009,巡航,2249.4588117595304,2268.959492778672,直连,,551,PASS,worst_obstruction_endpoint_distance,10.513129561117665,1179.3216739957807,True,,端点最大距离且全时段按遮挡计损仍满足双向预算
T009,巡航,2268.959492778672,2288.460173797814,直连,,552,PASS,worst_obstruction_endpoint_distance,12.413199503853406,947.608140912613,True,,端点最大距离且全时段按遮挡计损仍满足双向预算
T009,巡航,2288.460173797814,2307.9608548169563,直连,,553,PASS,worst_obstruction_endpoint_distance,14.83071939347792,717.3858209025456,True,,端点最大距离且全时段按遮挡计损仍满足双向预算
T009,巡航,2307.9608548169563,2327.461535836098,直连,,554,PASS,worst_obstruction_endpoint_distance,18.12842960560056,490.75787582087463,True,,端点最大距离且全时段按遮挡计损仍满足双向预算
T009,巡航,2327.461535836098,2346.96221685524,直连,,555,PASS,worst_obstruction_endpoint_distance,23.105539305522555,276.70167811112736,True,,端点最大距离且全时段按遮挡计损仍满足双向预算
T009,下降,2346.96221685524,2363.7283923923496,直连,,556,PASS,worst_obstruction_endpoint_distance,28.560414627442924,147.661755371094,True,,端点最大距离且全时段按遮挡计损仍满足双向预算
T009,下降,2363.7283923923496,2380.4945679294588,直连,,557,PASS,worst_obstruction_endpoint_distance,31.460470195991462,105.7463165283202,True,,端点最大距离且全时段按遮挡计损仍满足双向预算
T009,下降,2380.4945679294588,2397.2607434665683,直连,,558,PASS,worst_obstruction_endpoint_distance,35.8451588438741,63.83087768554756,True,,端点最大距离且全时段按遮挡计损仍满足双向预算
T009,下降,2397.2607434665683,2414.026919003678,直连,,559,PASS,worst_obstruction_endpoint_distance,45.13077173479164,21.915438842773767,True,,端点最大距离且全时段按遮挡计损仍满足双向预算
T010,爬升,1704.0,1720.1507344563802,直连,,560,PASS,worst_obstruction_endpoint_distance,42.86345708049137,28.452203369140676,True,,端点最大距离且全时段按遮挡计损仍满足双向预算
T010,爬升,1720.1507344563802,1736.3014689127604,直连,,561,PASS,worst_obstruction_endpoint_distance,34.22675064092644,76.90440673828135,True,,端点最大距离且全时段按遮挡计损仍满足双向预算
T010,爬升,1736.3014689127604,1752.4522033691405,直连,,562,PASS,worst_obstruction_endpoint_distance,29.982830377148545,125.356610107422,True,,端点最大距离且全时段按遮挡计损仍满足双向预算
T010,巡航,1752.4522033691405,1772.0290540270923,直连,,563,PASS,worst_obstruction_endpoint_distance,23.439145992925262,266.2756531493173,True,,端点最大距离且全时段按遮挡计损仍满足双向预算
T010,巡航,1772.0290540270923,1791.6059046850442,直连,,564,PASS,worst_obstruction_endpoint_distance,18.208050378198536,486.2798111658891,True,,端点最大距离且全时段按遮挡计损仍满足双向预算
T010,巡航,1791.6059046850442,1811.182755342996,直连,,565,PASS,worst_obstruction_endpoint_distance,14.849596880380076,715.82838275658,True,,端点最大距离且全时段按遮挡计损仍满足双向预算
T010,巡航,1811.182755342996,1830.7596060009478,直连,,566,PASS,worst_obstruction_endpoint_distance,12.409485773578538,948.0133859272303,True,,端点最大距离且全时段按遮挡计损仍满足双向预算
T010,巡航,1830.7596060009478,1850.3364566588996,直连,,567,PASS,worst_obstruction_endpoint_distance,10.498709008550065,1181.281242448014,True,,端点最大距离且全时段按遮挡计损仍满足双向预算
T010,巡航,1850.3364566588996,1869.9133073168514,直连,,568,PASS,worst_obstruction_endpoint_distance,8.930053702377293,1415.0965532947675,True,,端点最大距离且全时段按遮挡计损仍满足双向预算
T010,巡航,1869.9133073168514,1889.4901579748032,直连,,569,PASS,worst_obstruction_endpoint_distance,7.600169114693159,1649.2264926496591,True,,端点最大距离且全时段按遮挡计损仍满足双向预算
T010,巡航,1889.4901579748032,1909.067008632755,直连,,570,PASS,worst_obstruction_endpoint_distance,6.446214866248994,1883.5537370869965,True,,端点最大距离且全时段按遮挡计损仍满足双向预算
T010,巡航,1909.067008632755,1928.6438592907068,直连,,571,PASS,worst_obstruction_endpoint_distance,5.427203554487448,2118.012800824474,True,,端点最大距离且全时段按遮挡计损仍满足双向预算
T010,巡航,1928.6438592907068,1948.2207099486586,直连,,572,PASS,worst_obstruction_endpoint_distance,4.514945220631574,2352.5642724361696,True,,端点最大距离且全时段按遮挡计损仍满足双向预算
T010,巡航,1948.2207099486586,1967.7975606066102,直连,,573,PASS,worst_obstruction_endpoint_distance,3.6892321235043113,2587.183019222811,True,,端点最大距离且全时段按遮挡计损仍满足双向预算
T010,巡航,1967.7975606066102,1987.3744112645622,直连,,574,PASS,worst_obstruction_endpoint_distance,2.935089718870202,2821.852260748545,True,,端点最大距离且全时段按遮挡计损仍满足双向预算
T010,巡航,1987.3744112645622,2006.9512619225138,直连,,575,PASS,worst_obstruction_endpoint_distance,2.2411156161546586,3056.5603667445057,True,,端点最大距离且全时段按遮挡计损仍满足双向预算
T010,下降,2006.9512619225138,2024.7625839439984,直连,,576,PASS,worst_obstruction_endpoint_distance,2.2411156161546586,3056.5603667445057,True,,端点最大距离且全时段按遮挡计损仍满足双向预算
T010,下降,2024.7625839439984,2042.5739059654827,直连,,577,PASS,worst_obstruction_endpoint_distance,2.2453855868061083,3055.0581354130627,True,,端点最大距离且全时段按遮挡计损仍满足双向预算
T010,投送,2042.5739059654827,2062.5739059654825,直连,,578,PASS,exact_point,2.2478131175972464,3054.2044276465326,,,独立计算 DEM 遮挡、自由空间损耗与双向预算
T010,投送,2062.5739059654825,2082.5739059654825,直连,,579,PASS,exact_point,2.2478131175972464,3054.2044276465326,,,独立计算 DEM 遮挡、自由空间损耗与双向预算
T010,投送,2082.5739059654825,2102.5739059654825,直连,,580,PASS,exact_point,2.2478131175972464,3054.2044276465326,,,独立计算 DEM 遮挡、自由空间损耗与双向预算
T010,投送,2102.5739059654825,2122.5739059654825,直连,,581,PASS,exact_point,2.2478131175972464,3054.2044276465326,,,独立计算 DEM 遮挡、自由空间损耗与双向预算
T010,投送,2122.5739059654825,2142.5739059654825,直连,,582,PASS,exact_point,2.2478131175972464,3054.2044276465326,,,独立计算 DEM 遮挡、自由空间损耗与双向预算
T010,投送,2142.5739059654825,2162.5739059654825,直连,,583,PASS,exact_point,2.2478131175972464,3054.2044276465326,,,独立计算 DEM 遮挡、自由空间损耗与双向预算
T010,投送,2162.5739059654825,2182.5739059654825,直连,,584,PASS,exact_point,2.2478131175972464,3054.2044276465326,,,独立计算 DEM 遮挡、自由空间损耗与双向预算
T010,投送,2182.5739059654825,2202.5739059654825,直连,,585,PASS,exact_point,2.2478131175972464,3054.2044276465326,,,独立计算 DEM 遮挡、自由空间损耗与双向预算
T010,投送,2202.5739059654825,2222.5739059654825,直连,,586,PASS,exact_point,2.2478131175972464,3054.2044276465326,,,独立计算 DEM 遮挡、自由空间损耗与双向预算
T010,投送,2222.5739059654825,2242.5739059654825,直连,,587,PASS,exact_point,2.2478131175972464,3054.2044276465326,,,独立计算 DEM 遮挡、自由空间损耗与双向预算
T010,投送,2242.5739059654825,2262.5739059654825,直连,,588,PASS,exact_point,2.2478131175972464,3054.2044276465326,,,独立计算 DEM 遮挡、自由空间损耗与双向预算
T010,投送,2262.5739059654825,2282.5739059654825,直连,,589,PASS,exact_point,2.2478131175972464,3054.2044276465326,,,独立计算 DEM 遮挡、自由空间损耗与双向预算
T010,爬升,2282.5739059654825,2297.4166743167198,直连,,590,PASS,worst_obstruction_endpoint_distance,2.2453855868061083,3055.0581354130627,True,,端点最大距离且全时段按遮挡计损仍满足双向预算
T010,爬升,2297.4166743167198,2312.2594426679566,直连,,591,PASS,worst_obstruction_endpoint_distance,2.2411156161546586,3056.5603667445057,True,,端点最大距离且全时段按遮挡计损仍满足双向预算
T010,巡航,2312.2594426679566,2331.8362933259086,直连,,592,PASS,worst_obstruction_endpoint_distance,2.2411156161546586,3056.5603667445057,True,,端点最大距离且全时段按遮挡计损仍满足双向预算
T010,巡航,2331.8362933259086,2351.41314398386,直连,,593,PASS,worst_obstruction_endpoint_distance,2.935089718870202,2821.852260748545,True,,端点最大距离且全时段按遮挡计损仍满足双向预算
T010,巡航,2351.41314398386,2370.989994641812,直连,,594,PASS,worst_obstruction_endpoint_distance,3.6892321235043113,2587.183019222811,True,,端点最大距离且全时段按遮挡计损仍满足双向预算
T010,巡航,2370.989994641812,2390.566845299764,直连,,595,PASS,worst_obstruction_endpoint_distance,4.514945220631574,2352.5642724361696,True,,端点最大距离且全时段按遮挡计损仍满足双向预算
T010,巡航,2390.566845299764,2410.143695957716,直连,,596,PASS,worst_obstruction_endpoint_distance,5.427203554487448,2118.012800824474,True,,端点最大距离且全时段按遮挡计损仍满足双向预算
T010,巡航,2410.143695957716,2429.7205466156674,直连,,597,PASS,worst_obstruction_endpoint_distance,6.446214866248994,1883.5537370869965,True,,端点最大距离且全时段按遮挡计损仍满足双向预算
T010,巡航,2429.7205466156674,2449.297397273619,直连,,598,PASS,worst_obstruction_endpoint_distance,7.600169114693159,1649.2264926496591,True,,端点最大距离且全时段按遮挡计损仍满足双向预算
T010,巡航,2449.297397273619,2468.874247931571,直连,,599,PASS,worst_obstruction_endpoint_distance,8.930053702377293,1415.0965532947675,True,,端点最大距离且全时段按遮挡计损仍满足双向预算
T010,巡航,2468.874247931571,2488.451098589523,直连,,600,PASS,worst_obstruction_endpoint_distance,10.498709008550065,1181.281242448014,True,,端点最大距离且全时段按遮挡计损仍满足双向预算
T010,巡航,2488.451098589523,2508.0279492474747,直连,,601,PASS,worst_obstruction_endpoint_distance,12.409485773578538,948.0133859272303,True,,端点最大距离且全时段按遮挡计损仍满足双向预算
T010,巡航,2508.0279492474747,2527.6047999054263,直连,,602,PASS,worst_obstruction_endpoint_distance,14.849596880380076,715.82838275658,True,,端点最大距离且全时段按遮挡计损仍满足双向预算
T010,巡航,2527.6047999054263,2547.1816505633783,直连,,603,PASS,worst_obstruction_endpoint_distance,18.208050378198536,486.2798111658891,True,,端点最大距离且全时段按遮挡计损仍满足双向预算
T010,巡航,2547.1816505633783,2566.7585012213303,直连,,604,PASS,worst_obstruction_endpoint_distance,23.439145992925262,266.2756531493173,True,,端点最大距离且全时段按遮挡计损仍满足双向预算
T010,下降,2566.7585012213303,2586.1393825689865,直连,,605,PASS,worst_obstruction_endpoint_distance,29.982830377148545,125.356610107422,True,,端点最大距离且全时段按遮挡计损仍满足双向预算
T010,下降,2586.1393825689865,2605.5202639166428,直连,,606,PASS,worst_obstruction_endpoint_distance,34.22675064092644,76.90440673828135,True,,端点最大距离且全时段按遮挡计损仍满足双向预算
T010,下降,2605.5202639166428,2624.901145264299,直连,,607,PASS,worst_obstruction_endpoint_distance,42.86345708049137,28.452203369140676,True,,端点最大距离且全时段按遮挡计损仍满足双向预算
T011,爬升,1916.0,1935.3808813476562,直连,,608,PASS,worst_obstruction_endpoint_distance,42.86345708049143,28.452203369140477,True,,端点最大距离且全时段按遮挡计损仍满足双向预算
T011,爬升,1935.3808813476562,1954.7617626953124,直连,,609,PASS,worst_obstruction_endpoint_distance,34.22675064092648,76.90440673828095,True,,端点最大距离且全时段按遮挡计损仍满足双向预算
T011,爬升,1954.7617626953124,1974.1426440429689,直连,,610,PASS,worst_obstruction_endpoint_distance,29.982830377148545,125.356610107422,True,,端点最大距离且全时段按遮挡计损仍满足双向预算
T011,巡航,1974.1426440429689,1992.651666483214,直连,,611,PASS,worst_obstruction_endpoint_distance,22.2704985239005,304.6238004959094,True,,端点最大距离且全时段按遮挡计损仍满足双向预算
T011,巡航,1992.651666483214,2011.1606889234595,直连,,612,PASS,worst_obstruction_endpoint_distance,16.83979160829456,569.2449386880037,True,,端点最大距离且全时段按遮挡计损仍满足双向预算
T011,巡航,2011.1606889234595,2029.6697113637047,直连,,613,PASS,worst_obstruction_endpoint_distance,13.436577431180993,842.286590702294,True,,端点最大距离且全时段按遮挡计损仍满足双向预算
T011,巡航,2029.6697113637047,2048.1787338039503,直连,,614,PASS,worst_obstruction_endpoint_distance,10.980093890191213,1117.5940057971984,True,,端点最大距离且全时段按遮挡计损仍满足双向预算
T011,巡航,2048.1787338039503,2066.6877562441955,直连,,615,PASS,worst_obstruction_endpoint_distance,9.06160871006314,1393.8252340138579,True,,端点最大距离且全时段按遮挡计损仍满足双向预算
T011,巡航,2066.6877562441955,2085.1967786844407,直连,,616,PASS,worst_obstruction_endpoint_distance,7.488730846575692,1670.5220634325021,True,,端点最大距离且全时段按遮挡计损仍满足双向预算
T011,巡航,2085.1967786844407,2103.7058011246863,直连,,617,PASS,worst_obstruction_endpoint_distance,6.156288066488344,1947.4860477341674,True,,端点最大距离且全时段按遮挡计损仍满足双向预算
T011,巡航,2103.7058011246863,2122.2148235649315,直连,,618,PASS,worst_obstruction_endpoint_distance,5.000668542679023,2224.6174071251694,True,,端点最大距离且全时段按遮挡计损仍满足双向预算
T011,巡航,2122.2148235649315,2140.7238460051767,直连,,619,PASS,worst_obstruction_endpoint_distance,3.9805132818098343,2501.8605217539953,True,,端点最大距离且全时段按遮挡计损仍满足双向预算
T011,巡航,2140.7238460051767,2159.2328684454224,直连,,620,PASS,worst_obstruction_endpoint_distance,3.067435566266326,2779.1819466890624,True,,端点最大距离且全时段按遮挡计损仍满足双向预算
T011,巡航,2159.2328684454224,2177.7418908856675,直连,,621,PASS,worst_obstruction_endpoint_distance,2.2411156161546586,3056.5603667445057,True,,端点最大距离且全时段按遮挡计损仍满足双向预算
T011,下降,2177.7418908856675,2192.5846592369044,直连,,622,PASS,worst_obstruction_endpoint_distance,2.2411156161546586,3056.5603667445057,True,,端点最大距离且全时段按遮挡计损仍满足双向预算
T011,下降,2192.5846592369044,2207.4274275881417,直连,,623,PASS,worst_obstruction_endpoint_distance,2.2441667585877525,3055.4868597560912,True,,端点最大距离且全时段按遮挡计损仍满足双向预算
T011,下降,2207.4274275881417,2222.2701959393785,直连,,624,PASS,worst_obstruction_endpoint_distance,2.246399680237957,3054.701472633553,True,,端点最大距离且全时段按遮挡计损仍满足双向预算
T011,投送,2222.2701959393785,2241.32901946879,直连,,625,PASS,exact_point,2.2478131175972464,3054.2044276465326,,,独立计算 DEM 遮挡、自由空间损耗与双向预算
T011,投送,2241.32901946879,2260.387842998202,直连,,626,PASS,exact_point,2.2478131175972464,3054.2044276465326,,,独立计算 DEM 遮挡、自由空间损耗与双向预算
T011,投送,2260.387842998202,2279.4466665276136,直连,,627,PASS,exact_point,2.2478131175972464,3054.2044276465326,,,独立计算 DEM 遮挡、自由空间损耗与双向预算
T011,投送,2279.4466665276136,2298.5054900570253,直连,,628,PASS,exact_point,2.2478131175972464,3054.2044276465326,,,独立计算 DEM 遮挡、自由空间损耗与双向预算
T011,投送,2298.5054900570253,2317.5643135864375,直连,,629,PASS,exact_point,2.2478131175972464,3054.2044276465326,,,独立计算 DEM 遮挡、自由空间损耗与双向预算
T011,投送,2317.5643135864375,2336.623137115849,直连,,630,PASS,exact_point,2.2478131175972464,3054.2044276465326,,,独立计算 DEM 遮挡、自由空间损耗与双向预算
T011,投送,2336.623137115849,2355.681960645261,直连,,631,PASS,exact_point,2.2478131175972464,3054.2044276465326,,,独立计算 DEM 遮挡、自由空间损耗与双向预算
T011,投送,2355.681960645261,2374.7407841746726,直连,,632,PASS,exact_point,2.2478131175972464,3054.2044276465326,,,独立计算 DEM 遮挡、自由空间损耗与双向预算
T011,投送,2374.7407841746726,2393.7996077040843,直连,,633,PASS,exact_point,2.2478131175972464,3054.2044276465326,,,独立计算 DEM 遮挡、自由空间损耗与双向预算
T011,投送,2393.7996077040843,2412.858431233496,直连,,634,PASS,exact_point,2.2478131175972464,3054.2044276465326,,,独立计算 DEM 遮挡、自由空间损耗与双向预算
T011,投送,2412.858431233496,2431.9172547629078,直连,,635,PASS,exact_point,2.2478131175972464,3054.2044276465326,,,独立计算 DEM 遮挡、自由空间损耗与双向预算
T011,投送,2431.9172547629078,2450.9760782923195,直连,,636,PASS,exact_point,2.2478131175972464,3054.2044276465326,,,独立计算 DEM 遮挡、自由空间损耗与双向预算
T011,投送,2450.9760782923195,2470.034901821731,直连,,637,PASS,exact_point,2.2478131175972464,3054.2044276465326,,,独立计算 DEM 遮挡、自由空间损耗与双向预算
T011,投送,2470.034901821731,2489.093725351143,直连,,638,PASS,exact_point,2.2478131175972464,3054.2044276465326,,,独立计算 DEM 遮挡、自由空间损耗与双向预算
T011,投送,2489.093725351143,2508.152548880555,直连,,639,PASS,exact_point,2.2478131175972464,3054.2044276465326,,,独立计算 DEM 遮挡、自由空间损耗与双向预算
T011,投送,2508.152548880555,2527.2113724099668,直连,,640,PASS,exact_point,2.2478131175972464,3054.2044276465326,,,独立计算 DEM 遮挡、自由空间损耗与双向预算
T011,投送,2527.2113724099668,2546.2701959393785,直连,,641,PASS,exact_point,2.2478131175972464,3054.2044276465326,,,独立计算 DEM 遮挡、自由空间损耗与双向预算
T011,爬升,2546.2701959393785,2564.0815179608626,直连,,642,PASS,worst_obstruction_endpoint_distance,2.2453855868061083,3055.0581354130627,True,,端点最大距离且全时段按遮挡计损仍满足双向预算
T011,爬升,2564.0815179608626,2581.892839982347,直连,,643,PASS,worst_obstruction_endpoint_distance,2.2411156161546586,3056.5603667445057,True,,端点最大距离且全时段按遮挡计损仍满足双向预算
T011,巡航,2581.892839982347,2600.401862422593,直连,,644,PASS,worst_obstruction_endpoint_distance,2.2411156161546586,3056.5603667445057,True,,端点最大距离且全时段按遮挡计损仍满足双向预算
T011,巡航,2600.401862422593,2618.9108848628375,直连,,645,PASS,worst_obstruction_endpoint_distance,3.067435566266326,2779.1819466890624,True,,端点最大距离且全时段按遮挡计损仍满足双向预算
T011,巡航,2618.9108848628375,2637.419907303083,直连,,646,PASS,worst_obstruction_endpoint_distance,3.9805132818098343,2501.8605217539953,True,,端点最大距离且全时段按遮挡计损仍满足双向预算
T011,巡航,2637.419907303083,2655.928929743329,直连,,647,PASS,worst_obstruction_endpoint_distance,5.000668542679023,2224.6174071251694,True,,端点最大距离且全时段按遮挡计损仍满足双向预算
T011,巡航,2655.928929743329,2674.4379521835735,直连,,648,PASS,worst_obstruction_endpoint_distance,6.156288066488344,1947.4860477341674,True,,端点最大距离且全时段按遮挡计损仍满足双向预算
T011,巡航,2674.4379521835735,2692.946974623819,直连,,649,PASS,worst_obstruction_endpoint_distance,7.488730846575692,1670.5220634325021,True,,端点最大距离且全时段按遮挡计损仍满足双向预算
T011,巡航,2692.946974623819,2711.4559970640644,直连,,650,PASS,worst_obstruction_endpoint_distance,9.06160871006314,1393.8252340138579,True,,端点最大距离且全时段按遮挡计损仍满足双向预算
T011,巡航,2711.4559970640644,2729.9650195043096,直连,,651,PASS,worst_obstruction_endpoint_distance,10.980093890191213,1117.5940057971984,True,,端点最大距离且全时段按遮挡计损仍满足双向预算
T011,巡航,2729.9650195043096,2748.474041944555,直连,,652,PASS,worst_obstruction_endpoint_distance,13.436577431180993,842.286590702294,True,,端点最大距离且全时段按遮挡计损仍满足双向预算
T011,巡航,2748.474041944555,2766.9830643848004,直连,,653,PASS,worst_obstruction_endpoint_distance,16.83979160829456,569.2449386880037,True,,端点最大距离且全时段按遮挡计损仍满足双向预算
T011,巡航,2766.9830643848004,2785.4920868250456,直连,,654,PASS,worst_obstruction_endpoint_distance,22.2704985239005,304.6238004959094,True,,端点最大距离且全时段按遮挡计损仍满足双向预算
T011,下降,2785.4920868250456,2803.6616630884737,直连,,655,PASS,worst_obstruction_endpoint_distance,29.982830377148545,125.356610107422,True,,端点最大距离且全时段按遮挡计损仍满足双向预算
T011,下降,2803.6616630884737,2821.8312393519013,直连,,656,PASS,worst_obstruction_endpoint_distance,32.9562714401918,89.01745758056603,True,,端点最大距离且全时段按遮挡计损仍满足双向预算
T011,下降,2821.8312393519013,2840.000815615329,直连,,657,PASS,worst_obstruction_endpoint_distance,37.513139307574534,52.678305053711,True,,端点最大距离且全时段按遮挡计损仍满足双向预算
T011,下降,2840.000815615329,2858.170391878757,直连,,658,PASS,worst_obstruction_endpoint_distance,45.92517525248826,20.0,True,,端点最大距离且全时段按遮挡计损仍满足双向预算
T012,爬升,2522.0,2541.3436411539715,直连,,659,PASS,worst_obstruction_endpoint_distance,40.343037745338265,38.03092346191437,True,,端点最大距离且全时段按遮挡计损仍满足双向预算
T012,爬升,2541.3436411539715,2560.687282307943,直连,,660,PASS,worst_obstruction_endpoint_distance,32.29475651968478,96.06184692382868,True,,端点最大距离且全时段按遮挡计损仍满足双向预算
T012,爬升,2560.687282307943,2580.030923461914,直连,,661,PASS,worst_obstruction_endpoint_distance,28.190129900190215,154.0927703857417,True,,端点最大距离且全时段按遮挡计损仍满足双向预算
T012,爬升,2580.030923461914,2599.3745646158854,直连,,662,PASS,worst_obstruction_endpoint_distance,25.41399154248265,212.12369384765606,True,,端点最大距离且全时段按遮挡计损仍满足双向预算
T012,爬升,2599.3745646158854,2618.718205769857,直连,,663,PASS,worst_obstruction_endpoint_distance,23.31352727333625,270.15461730957037,True,,端点最大距离且全时段按遮挡计损仍满足双向预算
T012,爬升,2618.718205769857,2638.0618469238284,直连,,664,PASS,worst_obstruction_endpoint_distance,21.62338630671509,328.18554077148474,True,,端点最大距离且全时段按遮挡计损仍满足双向预算
T012,爬升,2638.0618469238284,2657.4054880777994,直连,,665,PASS,worst_obstruction_endpoint_distance,20.20915949345637,386.21646423339774,True,,端点最大距离且全时段按遮挡计损仍满足双向预算
T012,爬升,2657.4054880777994,2676.749129231771,直连,,666,PASS,worst_obstruction_endpoint_distance,18.993277511644692,444.24738769531206,True,,端点最大距离且全时段按遮挡计损仍满足双向预算
T012,巡航,2676.749129231771,2695.7651650036805,直连,,667,PASS,worst_obstruction_endpoint_distance,17.49412647354434,527.9374064998578,True,,端点最大距离且全时段按遮挡计损仍满足双向预算
T012,巡航,2695.7651650036805,2714.78120077559,直连,,668,PASS,worst_obstruction_endpoint_distance,14.762382856352005,723.0521394096111,True,,端点最大距离且全时段按遮挡计损仍满足双向预算
T012,巡航,2714.78120077559,2733.7972365475,直连,,669,PASS,worst_obstruction_endpoint_distance,12.262742934535737,964.1655536489214,True,,端点最大距离且全时段按遮挡计损仍满足双向预算
T012,巡航,2733.7972365475,2752.81327231941,直连,,670,PASS,worst_obstruction_endpoint_distance,10.187323229616496,1224.3979585073178,True,,端点最大距离且全时段按遮挡计损仍满足双向预算
T012,巡航,2752.81327231941,2771.8293080913195,直连,,671,PASS,worst_obstruction_endpoint_distance,8.459981738274593,1493.790425115221,True,,端点最大距离且全时段按遮挡计损仍满足双向预算
T012,巡航,2771.8293080913195,2790.845343863229,直连,,672,PASS,worst_obstruction_endpoint_distance,6.995338587207897,1768.1610885183502,True,,端点最大距离且全时段按遮挡计损仍满足双向预算
T012,巡航,2790.845343863229,2809.8613796351387,直连,,673,PASS,worst_obstruction_endpoint_distance,5.729752779457812,2045.507703028824,True,,端点最大距离且全时段按遮挡计损仍满足双向预算
T012,巡航,2809.8613796351387,2828.8774154070484,直连,,674,PASS,worst_obstruction_endpoint_distance,4.6181924565780434,2324.765411555552,True,,端点最大距离且全时段按遮挡计损仍满足双向预算
T012,巡航,2828.8774154070484,2847.893451178958,直连,,675,PASS,worst_obstruction_endpoint_distance,3.628554530062189,2605.31975039449,True,,端点最大距离且全时段按遮挡计损仍满足双向预算
T012,巡航,2847.893451178958,2866.909486950868,直连,,676,PASS,worst_obstruction_endpoint_distance,2.7374631875922546,2886.7927033719507,True,,端点最大距离且全时段按遮挡计损仍满足双向预算
T012,巡航,2866.909486950868,2885.9255227227777,直连,,677,PASS,worst_obstruction_endpoint_distance,1.9274962095368977,3168.939499280925,True,,端点最大距离且全时段按遮挡计损仍满足双向预算
T012,巡航,2885.9255227227777,2904.9415584946873,直连,,678,PASS,worst_obstruction_endpoint_distance,1.1853788074651561,3451.594894447965,True,,端点最大距离且全时段按遮挡计损仍满足双向预算
T012,巡航,2904.9415584946873,2923.957594266597,直连,,679,PASS,worst_obstruction_endpoint_distance,0.5007923438628978,3734.643411099761,True,,端点最大距离且全时段按遮挡计损仍满足双向预算
T012,巡航,2923.957594266597,2942.9736300385066,中继,R003,680,PASS,worst_obstruction_endpoint_distance,3.127627811019991,1383.2713044951424,True,,端点最大距离且全时段按遮挡计损仍满足双向预算
T012,巡航,2942.9736300385066,2961.989665810416,中继,R003,681,PASS,worst_obstruction_endpoint_distance,3.6420073331480154,1303.7321988789206,True,,端点最大距离且全时段按遮挡计损仍满足双向预算
T012,巡航,2961.989665810416,2981.005701582326,中继,R003,682,PASS,worst_obstruction_endpoint_distance,3.4895458213072885,1326.8183439139348,True,,端点最大距离且全时段按遮挡计损仍满足双向预算
T012,巡航,2981.005701582326,3000.0217373542355,中继,R003,683,PASS,worst_obstruction_endpoint_distance,2.860348621310692,1426.4985259531572,True,,端点最大距离且全时段按遮挡计损仍满足双向预算
T012,巡航,3000.0217373542355,3019.037773126145,中继,R003,684,PASS,worst_obstruction_endpoint_distance,2.01516137687652,1572.2828939986239,True,,端点最大距离且全时段按遮挡计损仍满足双向预算
T012,巡航,3019.037773126145,3038.0538088980547,中继,R003,685,PASS,worst_obstruction_endpoint_distance,1.071600826356132,1752.7045616393702,True,,端点最大距离且全时段按遮挡计损仍满足双向预算
T012,下降,3038.0538088980547,3057.32959991368,中继,R003,686,PASS,worst_obstruction_endpoint_distance,1.0686325652298336,1753.3036221923433,True,,端点最大距离且全时段按遮挡计损仍满足双向预算
T012,下降,3057.32959991368,3076.605390929305,中继,R003,687,PASS,worst_obstruction_endpoint_distance,1.0591142360136558,1755.2260123087,True,,端点最大距离且全时段按遮挡计损仍满足双向预算
T012,下降,3076.605390929305,3095.8811819449297,中继,R003,688,PASS,worst_obstruction_endpoint_distance,1.0430887776814899,1758.467391926386,True,,端点最大距离且全时段按遮挡计损仍满足双向预算
T012,下降,3095.8811819449297,3115.156972960555,中继,R003,689,PASS,worst_obstruction_endpoint_distance,1.0206279905043374,1763.0204860246654,True,,端点最大距离且全时段按遮挡计损仍满足双向预算
T012,下降,3115.156972960555,3134.4327639761796,中继,R003,690,PASS,worst_obstruction_endpoint_distance,0.9918314733706666,1768.8751655523586,True,,端点最大距离且全时段按遮挡计损仍满足双向预算
T012,投送,3134.4327639761796,3153.523673067089,中继,R003,691,PASS,exact_point,0.9918314733706666,1768.8751655523586,,,独立计算 DEM 遮挡、自由空间损耗与双向预算
T012,投送,3153.523673067089,3172.614582157998,中继,R003,692,PASS,exact_point,0.9918314733706666,1768.8751655523586,,,独立计算 DEM 遮挡、自由空间损耗与双向预算
T012,投送,3172.614582157998,3191.705491248907,中继,R003,693,PASS,exact_point,0.9918314733706666,1768.8751655523586,,,独立计算 DEM 遮挡、自由空间损耗与双向预算
T012,投送,3191.705491248907,3210.796400339816,中继,R003,694,PASS,exact_point,0.9918314733706666,1768.8751655523586,,,独立计算 DEM 遮挡、自由空间损耗与双向预算
T012,投送,3210.796400339816,3229.8873094307255,中继,R003,695,PASS,exact_point,0.9918314733706666,1768.8751655523586,,,独立计算 DEM 遮挡、自由空间损耗与双向预算
T012,投送,3229.8873094307255,3248.9782185216345,中继,R003,696,PASS,exact_point,0.9918314733706666,1768.8751655523586,,,独立计算 DEM 遮挡、自由空间损耗与双向预算
T012,投送,3248.9782185216345,3268.0691276125435,中继,R003,697,PASS,exact_point,0.9918314733706666,1768.8751655523586,,,独立计算 DEM 遮挡、自由空间损耗与双向预算
T012,投送,3268.0691276125435,3287.1600367034525,中继,R003,698,PASS,exact_point,0.9918314733706666,1768.8751655523586,,,独立计算 DEM 遮挡、自由空间损耗与双向预算
T012,投送,3287.1600367034525,3306.2509457943615,中继,R003,699,PASS,exact_point,0.9918314733706666,1768.8751655523586,,,独立计算 DEM 遮挡、自由空间损耗与双向预算
T012,投送,3306.2509457943615,3325.3418548852705,中继,R003,700,PASS,exact_point,0.9918314733706666,1768.8751655523586,,,独立计算 DEM 遮挡、自由空间损耗与双向预算
T012,投送,3325.3418548852705,3344.4327639761796,中继,R003,701,PASS,exact_point,0.9918314733706666,1768.8751655523586,,,独立计算 DEM 遮挡、自由空间损耗与双向预算
T012,爬升,3344.4327639761796,3360.4959231558673,中继,R003,702,PASS,worst_obstruction_endpoint_distance,0.9918314733706666,1768.8751655523586,True,,端点最大距离且全时段按遮挡计损仍满足双向预算
T012,爬升,3360.4959231558673,3376.5590823355546,中继,R003,703,PASS,worst_obstruction_endpoint_distance,1.0206279905043374,1763.0204860246654,True,,端点最大距离且全时段按遮挡计损仍满足双向预算
T012,爬升,3376.5590823355546,3392.6222415152424,中继,R003,704,PASS,worst_obstruction_endpoint_distance,1.0430887776814899,1758.467391926386,True,,端点最大距离且全时段按遮挡计损仍满足双向预算
T012,爬升,3392.6222415152424,3408.6854006949297,中继,R003,705,PASS,worst_obstruction_endpoint_distance,1.0591142360136558,1755.2260123086999,True,,端点最大距离且全时段按遮挡计损仍满足双向预算
T012,爬升,3408.6854006949297,3424.748559874617,中继,R003,706,PASS,worst_obstruction_endpoint_distance,1.0686325652298336,1753.3036221923433,True,,端点最大距离且全时段按遮挡计损仍满足双向预算
T012,巡航,3424.748559874617,3443.7645956465267,中继,R003,707,PASS,worst_obstruction_endpoint_distance,1.071600826356132,1752.7045616393702,True,,端点最大距离且全时段按遮挡计损仍满足双向预算
T012,巡航,3443.7645956465267,3462.7806314184363,中继,R003,708,PASS,worst_obstruction_endpoint_distance,2.01516137687652,1572.2828939986239,True,,端点最大距离且全时段按遮挡计损仍满足双向预算
T012,巡航,3462.7806314184363,3481.796667190346,中继,R003,709,PASS,worst_obstruction_endpoint_distance,2.860348621310692,1426.4985259531572,True,,端点最大距离且全时段按遮挡计损仍满足双向预算
T012,巡航,3481.796667190346,3500.8127029622556,中继,R003,710,PASS,worst_obstruction_endpoint_distance,3.4895458213072885,1326.8183439139348,True,,端点最大距离且全时段按遮挡计损仍满足双向预算
T012,巡航,3500.8127029622556,3519.828738734165,中继,R003,711,PASS,worst_obstruction_endpoint_distance,3.6420073331480154,1303.7321988789206,True,,端点最大距离且全时段按遮挡计损仍满足双向预算
T012,巡航,3519.828738734165,3538.8447745060753,中继,R003,712,PASS,worst_obstruction_endpoint_distance,3.127627811019991,1383.2713044951424,True,,端点最大距离且全时段按遮挡计损仍满足双向预算
T012,巡航,3538.8447745060753,3557.860810277985,直连,,713,PASS,worst_obstruction_endpoint_distance,0.5007923438628978,3734.643411099761,True,,端点最大距离且全时段按遮挡计损仍满足双向预算
T012,巡航,3557.860810277985,3576.8768460498945,直连,,714,PASS,worst_obstruction_endpoint_distance,1.1853788074652982,3451.594894447908,True,,端点最大距离且全时段按遮挡计损仍满足双向预算
T012,巡航,3576.8768460498945,3595.892881821804,直连,,715,PASS,worst_obstruction_endpoint_distance,1.9274962095368977,3168.939499280925,True,,端点最大距离且全时段按遮挡计损仍满足双向预算
T012,巡航,3595.892881821804,3614.9089175937142,直连,,716,PASS,worst_obstruction_endpoint_distance,2.7374631875922546,2886.7927033719507,True,,端点最大距离且全时段按遮挡计损仍满足双向预算
T012,巡航,3614.9089175937142,3633.924953365624,直连,,717,PASS,worst_obstruction_endpoint_distance,3.628554530062189,2605.31975039449,True,,端点最大距离且全时段按遮挡计损仍满足双向预算
T012,巡航,3633.924953365624,3652.9409891375335,直连,,718,PASS,worst_obstruction_endpoint_distance,4.6181924565780434,2324.765411555552,True,,端点最大距离且全时段按遮挡计损仍满足双向预算
T012,巡航,3652.9409891375335,3671.957024909443,直连,,719,PASS,worst_obstruction_endpoint_distance,5.729752779458053,2045.5077030287673,True,,端点最大距离且全时段按遮挡计损仍满足双向预算
T012,巡航,3671.957024909443,3690.9730606813528,直连,,720,PASS,worst_obstruction_endpoint_distance,6.995338587207897,1768.1610885183502,True,,端点最大距离且全时段按遮挡计损仍满足双向预算
T012,巡航,3690.9730606813528,3709.9890964532624,直连,,721,PASS,worst_obstruction_endpoint_distance,8.459981738274593,1493.790425115221,True,,端点最大距离且全时段按遮挡计损仍满足双向预算
T012,巡航,3709.9890964532624,3729.005132225172,直连,,722,PASS,worst_obstruction_endpoint_distance,10.187323229616496,1224.3979585073178,True,,端点最大距离且全时段按遮挡计损仍满足双向预算
T012,巡航,3729.005132225172,3748.0211679970816,直连,,723,PASS,worst_obstruction_endpoint_distance,12.262742934535737,964.1655536489214,True,,端点最大距离且全时段按遮挡计损仍满足双向预算
T012,巡航,3748.0211679970816,3767.0372037689913,直连,,724,PASS,worst_obstruction_endpoint_distance,14.762382856352005,723.0521394096111,True,,端点最大距离且全时段按遮挡计损仍满足双向预算
T012,巡航,3767.0372037689913,3786.053239540901,直连,,725,PASS,worst_obstruction_endpoint_distance,17.49412647354434,527.9374064998578,True,,端点最大距离且全时段按遮挡计损仍满足双向预算
T012,下降,3786.053239540901,3804.6231350487137,直连,,726,PASS,worst_obstruction_endpoint_distance,18.993277511644692,444.24738769531206,True,,端点最大距离且全时段按遮挡计损仍满足双向预算
T012,下降,3804.6231350487137,3823.193030556526,直连,,727,PASS,worst_obstruction_endpoint_distance,19.9519850689598,397.82264892578013,True,,端点最大距离且全时段按遮挡计损仍满足双向预算
T012,下降,3823.193030556526,3841.762926064339,直连,,728,PASS,worst_obstruction_endpoint_distance,21.029791679401242,351.39791015624945,True,,端点最大距离且全时段按遮挡计损仍满足双向预算
T012,下降,3841.762926064339,3860.3328215721513,直连,,729,PASS,worst_obstruction_endpoint_distance,22.260542446450856,304.9731713867175,True,,端点最大距离且全时段按遮挡计损仍满足双向预算
T012,下降,3860.3328215721513,3878.9027170799636,直连,,730,PASS,worst_obstruction_endpoint_distance,23.694936979399586,258.5484326171868,True,,端点最大距离且全时段按遮挡计损仍满足双向预算
T012,下降,3878.9027170799636,3897.472612587776,直连,,731,PASS,worst_obstruction_endpoint_distance,25.41399154248265,212.12369384765606,True,,端点最大距离且全时段按遮挡计损仍满足双向预算
T012,下降,3897.472612587776,3916.042508095589,直连,,732,PASS,worst_obstruction_endpoint_distance,27.559379771700407,165.69895507812532,True,,端点最大距离且全时段按遮挡计损仍满足双向预算
T012,下降,3916.042508095589,3934.6124036034016,直连,,733,PASS,worst_obstruction_endpoint_distance,30.414843731611242,119.2742163085934,True,,端点最大距离且全时段按遮挡计损仍满足双向预算
T012,下降,3934.6124036034016,3953.182299111214,直连,,734,PASS,worst_obstruction_endpoint_distance,34.69724633677501,72.84947753906152,True,,端点最大距离且全时段按遮挡计损仍满足双向预算
T012,下降,3953.182299111214,3971.7521946190263,直连,,735,PASS,worst_obstruction_endpoint_distance,43.50556111298056,26.424738769530734,True,,端点最大距离且全时段按遮挡计损仍满足双向预算
T013,爬升,2502.0,2519.107585313585,直连,,736,PASS,worst_obstruction_endpoint_distance,42.02857583418874,31.322755940754746,True,,端点最大距离且全时段按遮挡计损仍满足双向预算
T013,爬升,2519.107585313585,2536.21517062717,直连,,737,PASS,worst_obstruction_endpoint_distance,33.6013896877198,82.6455118815108,True,,端点最大距离且全时段按遮挡计损仍满足双向预算
T013,爬升,2536.21517062717,2553.322755940755,直连,,738,PASS,worst_obstruction_endpoint_distance,29.405736324095642,133.96826782226555,True,,端点最大距离且全时段按遮挡计损仍满足双向预算
T013,爬升,2553.322755940755,2570.4303412543404,直连,,739,PASS,worst_obstruction_endpoint_distance,26.58868754837124,185.2910237630216,True,,端点最大距离且全时段按遮挡计损仍满足双向预算
T013,爬升,2570.4303412543404,2587.5379265679253,直连,,740,PASS,worst_obstruction_endpoint_distance,24.464974504050502,236.61377970377634,True,,端点最大距离且全时段按遮挡计损仍满足双向预算
T013,爬升,2587.5379265679253,2604.64551188151,直连,,741,PASS,worst_obstruction_endpoint_distance,22.759839664518097,287.93653564453103,True,,端点最大距离且全时段按遮挡计损仍满足双向预算
T013,巡航,2604.64551188151,2624.5808238659233,直连,,742,PASS,worst_obstruction_endpoint_distance,20.480295098117907,374.3466951408415,True,,端点最大距离且全时段按遮挡计损仍满足双向预算
T013,巡航,2624.5808238659233,2644.5161358503365,直连,,743,PASS,worst_obstruction_endpoint_distance,17.00674319609881,558.4079574778261,True,,端点最大距离且全时段按遮挡计损仍满足双向预算
T013,巡航,2644.5161358503365,2664.45144783475,直连,,744,PASS,worst_obstruction_endpoint_distance,14.17905786455536,773.2783748392534,True,,端点最大距离且全时段按遮挡计损仍满足双向预算
T013,巡航,2664.45144783475,2684.3867598191628,直连,,745,PASS,worst_obstruction_endpoint_distance,11.952053336171133,999.277460078685,True,,端点最大距离且全时段按遮挡计损仍满足双向预算
T013,巡航,2684.3867598191628,2704.3220718035764,直连,,746,PASS,worst_obstruction_endpoint_distance,10.145642631642374,1230.2875430794097,True,,端点最大距离且全时段按遮挡计损仍满足双向预算
T013,巡航,2704.3220718035764,2724.257383787989,直连,,747,PASS,worst_obstruction_endpoint_distance,8.635319525677161,1463.9383300872823,True,,端点最大距离且全时段按遮挡计损仍满足双向预算
T013,巡航,2724.257383787989,2744.1926957724027,直连,,748,PASS,worst_obstruction_endpoint_distance,7.341187842489873,1699.140791444107,True,,端点最大距离且全时段按遮挡计损仍满足双向预算
T013,巡航,2744.1926957724027,2764.128007756816,直连,,749,PASS,worst_obstruction_endpoint_distance,6.210677820494141,1935.3292803054635,True,,端点最大距离且全时段按遮挡计损仍满足双向预算
T013,巡航,2764.128007756816,2784.063319741229,直连,,750,PASS,worst_obstruction_endpoint_distance,5.20785024110161,2172.1821784725635,True,,端点最大距离且全时段按遮挡计损仍满足双向预算
T013,巡航,2784.063319741229,2803.998631725642,直连,,751,PASS,worst_obstruction_endpoint_distance,4.307223717296679,2409.5035606837673,True,,端点最大距离且全时段按遮挡计损仍满足双向预算
T013,巡航,2803.998631725642,2823.9339437100552,直连,,752,PASS,worst_obstruction_endpoint_distance,3.4901469519361115,2647.1674296556093,True,,端点最大距离且全时段按遮挡计损仍满足双向预算
T013,巡航,2823.9339437100552,2843.8692556944684,直连,,753,PASS,worst_obstruction_endpoint_distance,2.74259042177637,2885.089147932696,True,,端点最大距离且全时段按遮挡计损仍满足双向预算
T013,巡航,2843.8692556944684,2863.8045676788815,直连,,754,PASS,worst_obstruction_endpoint_distance,2.053752024020639,3123.2097882813323,True,,端点最大距离且全时段按遮挡计损仍满足双向预算
T013,巡航,2863.8045676788815,2883.7398796632947,直连,,755,PASS,worst_obstruction_endpoint_distance,1.4151462453782386,3361.487077309897,True,,端点最大距离且全时段按遮挡计损仍满足双向预算
T013,巡航,2883.7398796632947,2903.675191647708,直连,,756,PASS,worst_obstruction_endpoint_distance,0.8199907753844542,3599.8899093492196,True,,端点最大距离且全时段按遮挡计损仍满足双向预算
T013,巡航,2903.675191647708,2923.610503632121,直连,,757,PASS,worst_obstruction_endpoint_distance,0.26278211209398705,3838.3948920289236,True,,端点最大距离且全时段按遮挡计损仍满足双向预算
T013,巡航,2923.610503632121,2943.545815616534,中继,R003,758,PASS,worst_obstruction_endpoint_distance,10.118541759621053,618.5312841328039,True,,端点最大距离且全时段按遮挡计损仍满足双向预算
T013,巡航,2943.545815616534,2963.4811276009473,中继,R003,759,PASS,worst_obstruction_endpoint_distance,13.927638211711155,398.9393242537665,True,,端点最大距离且全时段按遮挡计损仍满足双向预算
T013,巡航,2963.4811276009473,2983.4164395853604,中继,R003,760,PASS,worst_obstruction_endpoint_distance,18.490042596505376,235.93188006197872,True,,端点最大距离且全时段按遮挡计损仍满足双向预算
T013,巡航,2983.4164395853604,3003.3517515697736,中继,R003,761,PASS,worst_obstruction_endpoint_distance,13.500443868742849,419.0506945919927,True,,端点最大距离且全时段按遮挡计损仍满足双向预算
T013,下降,3003.3517515697736,3020.15905869868,中继,R003,762,PASS,worst_obstruction_endpoint_distance,13.1511283549915,436.24688662675135,True,,端点最大距离且全时段按遮挡计损仍满足双向预算
T013,下降,3020.15905869868,3036.9663658275863,中继,R003,763,PASS,worst_obstruction_endpoint_distance,12.753667451270502,456.6730528579534,True,,端点最大距离且全时段按遮挡计损仍满足双向预算
T013,投送,3036.9663658275863,3054.9663658275863,中继,R003,764,PASS,exact_point,22.753667451270502,456.6730528579534,,,独立计算 DEM 遮挡、自由空间损耗与双向预算
T013,投送,3054.9663658275863,3072.9663658275863,中继,R003,765,PASS,exact_point,22.753667451270502,456.6730528579534,,,独立计算 DEM 遮挡、自由空间损耗与双向预算
T013,投送,3072.9663658275863,3090.9663658275863,中继,R003,766,PASS,exact_point,22.753667451270502,456.6730528579534,,,独立计算 DEM 遮挡、自由空间损耗与双向预算
T013,投送,3090.9663658275863,3108.9663658275863,中继,R003,767,PASS,exact_point,22.753667451270502,456.6730528579534,,,独立计算 DEM 遮挡、自由空间损耗与双向预算
T013,投送,3108.9663658275863,3126.9663658275863,中继,R003,768,PASS,exact_point,22.753667451270502,456.6730528579534,,,独立计算 DEM 遮挡、自由空间损耗与双向预算
T013,投送,3126.9663658275863,3144.9663658275863,中继,R003,769,PASS,exact_point,22.753667451270502,456.6730528579534,,,独立计算 DEM 遮挡、自由空间损耗与双向预算
T013,投送,3144.9663658275863,3162.9663658275863,中继,R003,770,PASS,exact_point,22.753667451270502,456.6730528579534,,,独立计算 DEM 遮挡、自由空间损耗与双向预算
T013,投送,3162.9663658275863,3180.9663658275863,中继,R003,771,PASS,exact_point,22.753667451270502,456.6730528579534,,,独立计算 DEM 遮挡、自由空间损耗与双向预算
T013,投送,3180.9663658275863,3198.9663658275863,中继,R003,772,PASS,exact_point,22.753667451270502,456.6730528579534,,,独立计算 DEM 遮挡、自由空间损耗与双向预算
T013,投送,3198.9663658275863,3216.9663658275863,中继,R003,773,PASS,exact_point,22.753667451270502,456.6730528579534,,,独立计算 DEM 遮挡、自由空间损耗与双向预算
T013,爬升,3216.9663658275863,3230.9724551016748,中继,R003,774,PASS,worst_obstruction_endpoint_distance,12.753667451270502,456.6730528579534,True,,端点最大距离且全时段按遮挡计损仍满足双向预算
T013,爬升,3230.9724551016748,3244.9785443757632,中继,R003,775,PASS,worst_obstruction_endpoint_distance,13.1511283549915,436.24688662675135,True,,端点最大距离且全时段按遮挡计损仍满足双向预算
T013,巡航,3244.9785443757632,3264.9138563601764,中继,R003,776,PASS,worst_obstruction_endpoint_distance,13.500443868742849,419.0506945919927,True,,端点最大距离且全时段按遮挡计损仍满足双向预算
T013,巡航,3264.9138563601764,3284.8491683445895,中继,R003,777,PASS,worst_obstruction_endpoint_distance,18.490042596505376,235.93188006197872,True,,端点最大距离且全时段按遮挡计损仍满足双向预算
T013,巡航,3284.8491683445895,3304.7844803290027,中继,R003,778,PASS,worst_obstruction_endpoint_distance,13.927638211711155,398.9393242537665,True,,端点最大距离且全时段按遮挡计损仍满足双向预算
T013,巡航,3304.7844803290027,3324.719792313416,中继,R003,779,PASS,worst_obstruction_endpoint_distance,10.118541759621053,618.5312841328039,True,,端点最大距离且全时段按遮挡计损仍满足双向预算
T013,巡航,3324.719792313416,3344.655104297829,直连,,780,PASS,worst_obstruction_endpoint_distance,0.26278211209398705,3838.3948920289236,True,,端点最大距离且全时段按遮挡计损仍满足双向预算
T013,巡航,3344.655104297829,3364.5904162822426,直连,,781,PASS,worst_obstruction_endpoint_distance,0.8199907753844542,3599.8899093492196,True,,端点最大距离且全时段按遮挡计损仍满足双向预算
T013,巡航,3364.5904162822426,3384.5257282666553,直连,,782,PASS,worst_obstruction_endpoint_distance,1.4151462453782386,3361.487077309897,True,,端点最大距离且全时段按遮挡计损仍满足双向预算
T013,巡航,3384.5257282666553,3404.461040251069,直连,,783,PASS,worst_obstruction_endpoint_distance,2.053752024020639,3123.2097882813323,True,,端点最大距离且全时段按遮挡计损仍满足双向预算
T013,巡航,3404.461040251069,3424.3963522354816,直连,,784,PASS,worst_obstruction_endpoint_distance,2.74259042177637,2885.089147932696,True,,端点最大距离且全时段按遮挡计损仍满足双向预算
T013,巡航,3424.3963522354816,3444.331664219895,直连,,785,PASS,worst_obstruction_endpoint_distance,3.4901469519361115,2647.1674296556093,True,,端点最大距离且全时段按遮挡计损仍满足双向预算
T013,巡航,3444.331664219895,3464.266976204308,直连,,786,PASS,worst_obstruction_endpoint_distance,4.307223717296679,2409.5035606837673,True,,端点最大距离且全时段按遮挡计损仍满足双向预算
T013,巡航,3464.266976204308,3484.2022881887215,直连,,787,PASS,worst_obstruction_endpoint_distance,5.20785024110161,2172.1821784725635,True,,端点最大距离且全时段按遮挡计损仍满足双向预算
T013,巡航,3484.2022881887215,3504.137600173134,直连,,788,PASS,worst_obstruction_endpoint_distance,6.210677820494141,1935.3292803054635,True,,端点最大距离且全时段按遮挡计损仍满足双向预算
T013,巡航,3504.137600173134,3524.0729121575478,直连,,789,PASS,worst_obstruction_endpoint_distance,7.341187842489873,1699.140791444107,True,,端点最大距离且全时段按遮挡计损仍满足双向预算
T013,巡航,3524.0729121575478,3544.008224141961,直连,,790,PASS,worst_obstruction_endpoint_distance,8.635319525677161,1463.9383300872823,True,,端点最大距离且全时段按遮挡计损仍满足双向预算
T013,巡航,3544.008224141961,3563.943536126374,直连,,791,PASS,worst_obstruction_endpoint_distance,10.145642631643526,1230.287543079246,True,,端点最大距离且全时段按遮挡计损仍满足双向预算
T013,巡航,3563.943536126374,3583.878848110787,直连,,792,PASS,worst_obstruction_endpoint_distance,11.952053336171133,999.277460078685,True,,端点最大距离且全时段按遮挡计损仍满足双向预算
T013,巡航,3583.878848110787,3603.8141600952004,直连,,793,PASS,worst_obstruction_endpoint_distance,14.17905786455536,773.2783748392534,True,,端点最大距离且全时段按遮挡计损仍满足双向预算
T013,巡航,3603.8141600952004,3623.7494720796135,直连,,794,PASS,worst_obstruction_endpoint_distance,17.00674319609881,558.4079574778261,True,,端点最大距离且全时段按遮挡计损仍满足双向预算
T013,巡航,3623.7494720796135,3643.6847840640266,直连,,795,PASS,worst_obstruction_endpoint_distance,20.480295098117907,374.3466951408415,True,,端点最大距离且全时段按遮挡计损仍满足双向预算
T013,下降,3643.6847840640266,3661.281157529428,直连,,796,PASS,worst_obstruction_endpoint_distance,22.759839664518097,287.93653564453103,True,,端点最大距离且全时段按遮挡计损仍满足双向预算
T013,下降,3661.281157529428,3678.8775309948305,直连,,797,PASS,worst_obstruction_endpoint_distance,24.199915310578675,243.94560198102727,True,,端点最大距离且全时段按遮挡计损仍满足双向预算
T013,下降,3678.8775309948305,3696.473904460232,直连,,798,PASS,worst_obstruction_endpoint_distance,25.92714420559217,199.95466831752123,True,,端点最大距离且全时段按遮挡计损仍满足双向预算
T013,下降,3696.473904460232,3714.0702779256335,直连,,799,PASS,worst_obstruction_endpoint_distance,28.08530264362895,155.9637346540174,True,,端点最大距离且全时段按遮挡计损仍满足双向预算
T013,下降,3714.0702779256335,3731.6666513910354,直连,,800,PASS,worst_obstruction_endpoint_distance,30.963524322055974,111.97280099051358,True,,端点最大距离且全时段按遮挡计损仍满足双向预算
T013,下降,3731.6666513910354,3749.2630248564374,直连,,801,PASS,worst_obstruction_endpoint_distance,35.29791337339611,67.9818673270087,True,,端点最大距离且全时段按遮挡计损仍满足双向预算
T013,下降,3749.2630248564374,3766.859398321839,直连,,802,PASS,worst_obstruction_endpoint_distance,44.344832168047475,23.990933663503824,True,,端点最大距离且全时段按遮挡计损仍满足双向预算
T014,爬升,2568.0,2586.098788248698,直连,,803,PASS,worst_obstruction_endpoint_distance,43.90158967207108,25.24697062174485,True,,端点最大距离且全时段按遮挡计损仍满足双向预算
T014,爬升,2586.098788248698,2604.197576497396,直连,,804,PASS,worst_obstruction_endpoint_distance,34.98273932171074,70.49394124348967,True,,端点最大距离且全时段按遮挡计损仍满足双向预算
T014,爬升,2604.197576497396,2622.296364746094,直连,,805,PASS,worst_obstruction_endpoint_distance,30.67603717313169,115.74091186523452,True,,端点最大距离且全时段按遮挡计损仍满足双向预算
T014,爬升,2622.296364746094,2640.3951529947917,直连,,806,PASS,worst_obstruction_endpoint_distance,27.809911405017885,160.98788248697934,True,,端点最大距离且全时段按遮挡计损仍满足双向预算
T014,爬升,2640.3951529947917,2658.4939412434896,直连,,807,PASS,worst_obstruction_endpoint_distance,25.658533931909105,206.23485310872417,True,,端点最大距离且全时段按遮挡计损仍满足双向预算
T014,爬升,2658.4939412434896,2676.5927294921876,直连,,808,PASS,worst_obstruction_endpoint_distance,23.935643142447674,251.481823730469,True,,端点最大距离且全时段按遮挡计损仍满足双向预算
T014,巡航,2676.5927294921876,2695.6093061241936,直连,,809,PASS,worst_obstruction_endpoint_distance,20.343794916914376,380.27608351961703,True,,端点最大距离且全时段按遮挡计损仍满足双向预算
T014,巡航,2695.6093061241936,2714.625882756199,直连,,810,PASS,worst_obstruction_endpoint_distance,16.049514949605253,623.466338937083,True,,端点最大距离且全时段按遮挡计损仍满足双向预算
T014,巡航,2714.625882756199,2733.642459388205,直连,,811,PASS,worst_obstruction_endpoint_distance,12.939131831411018,891.9328651522274,True,,端点最大距离且全时段按遮挡计损仍满足双向预算
T014,巡航,2733.642459388205,2752.659036020211,直连,,812,PASS,worst_obstruction_endpoint_distance,10.594093021855073,1168.3799810635858,True,,端点最大距离且全时段按遮挡计损仍满足双向预算
T014,巡航,2752.659036020211,2771.675612652217,直连,,813,PASS,worst_obstruction_endpoint_distance,8.72893580056764,1448.2447681320716,True,,端点最大距离且全时段按遮挡计损仍满足双向预算
T014,巡航,2771.675612652217,2790.692189284223,直连,,814,PASS,worst_obstruction_endpoint_distance,7.185509592415272,1729.8692496123044,True,,端点最大距离且全时段按遮挡计损仍满足双向预算
T014,巡航,2790.692189284223,2809.7087659162285,直连,,815,PASS,worst_obstruction_endpoint_distance,5.870993404915126,2012.5148240813007,True,,端点最大距离且全时段按遮挡计损仍满足双向预算
T014,巡航,2809.7087659162285,2828.725342548234,直连,,816,PASS,worst_obstruction_endpoint_distance,4.727077525390385,2295.804390099458,True,,端点最大距离且全时段按遮挡计损仍满足双向预算
T014,巡航,2828.725342548234,2847.74191918024,直连,,817,PASS,worst_obstruction_endpoint_distance,3.7149777055149116,2579.525782409383,True,,端点最大距离且全时段按遮挡计损仍满足双向预算
T014,巡航,2847.74191918024,2866.758495812246,直连,,818,PASS,worst_obstruction_endpoint_distance,2.807677788514951,2863.5506474809567,True,,端点最大距离且全时段按遮挡计损仍满足双向预算
T014,巡航,2866.758495812246,2885.7750724442517,直连,,819,PASS,worst_obstruction_endpoint_distance,1.9856412656795612,3147.7968395884704,True,,端点最大距离且全时段按遮挡计损仍满足双向预算
T014,巡航,2885.7750724442517,2904.7916490762577,直连,,820,PASS,worst_obstruction_endpoint_distance,1.2342997133882534,3432.2093700731825,True,,端点最大距离且全时段按遮挡计损仍满足双向预算
T014,巡航,2904.7916490762577,2923.8082257082633,直连,,821,PASS,worst_obstruction_endpoint_distance,0.5425080385621612,3716.750053578153,True,,端点最大距离且全时段按遮挡计损仍满足双向预算
T014,巡航,2923.8082257082633,2942.8248023402693,中继,R003,822,PASS,worst_obstruction_endpoint_distance,2.6367184328904614,1463.702574272917,True,,端点最大距离且全时段按遮挡计损仍满足双向预算
T014,巡航,2942.8248023402693,2961.8413789722754,中继,R003,823,PASS,worst_obstruction_endpoint_distance,3.0597232739024207,1394.1278229083944,True,,端点最大距离且全时段按遮挡计损仍满足双向预算
T014,巡航,2961.8413789722754,2980.857955604281,中继,R003,824,PASS,worst_obstruction_endpoint_distance,2.861993538800405,1426.2284039160454,True,,端点最大距离且全时段按遮挡计损仍满足双向预算
T014,巡航,2980.857955604281,2999.874532236287,中继,R003,825,PASS,worst_obstruction_endpoint_distance,2.284357046148841,1524.301601715459,True,,端点最大距离且全时段按遮挡计损仍满足双向预算
T014,下降,2999.874532236287,3011.744988168904,中继,R003,826,PASS,worst_obstruction_endpoint_distance,2.2664369073968516,1527.449683797634,True,,端点最大距离且全时段按遮挡计损仍满足双向预算
T014,下降,3011.744988168904,3023.6154441015215,中继,R003,827,PASS,worst_obstruction_endpoint_distance,2.246501178587579,1530.9594906028888,True,,端点最大距离且全时段按遮挡计损仍满足双向预算
T014,投送,3023.6154441015215,3042.8154441015213,中继,R003,828,PASS,exact_point,12.246501178587579,1530.9594906028888,,,独立计算 DEM 遮挡、自由空间损耗与双向预算
T014,投送,3042.8154441015213,3062.015444101521,中继,R003,829,PASS,exact_point,12.246501178587579,1530.9594906028888,,,独立计算 DEM 遮挡、自由空间损耗与双向预算
T014,投送,3062.015444101521,3081.2154441015214,中继,R003,830,PASS,exact_point,12.246501178587579,1530.9594906028888,,,独立计算 DEM 遮挡、自由空间损耗与双向预算
T014,投送,3081.2154441015214,3100.415444101521,中继,R003,831,PASS,exact_point,12.246501178587579,1530.9594906028888,,,独立计算 DEM 遮挡、自由空间损耗与双向预算
T014,投送,3100.415444101521,3119.6154441015215,中继,R003,832,PASS,exact_point,12.246501178587579,1530.9594906028888,,,独立计算 DEM 遮挡、自由空间损耗与双向预算
T014,投送,3119.6154441015215,3138.8154441015213,中继,R003,833,PASS,exact_point,12.246501178587579,1530.9594906028888,,,独立计算 DEM 遮挡、自由空间损耗与双向预算
T014,投送,3138.8154441015213,3158.015444101521,中继,R003,834,PASS,exact_point,12.246501178587579,1530.9594906028888,,,独立计算 DEM 遮挡、自由空间损耗与双向预算
T014,投送,3158.015444101521,3177.2154441015214,中继,R003,835,PASS,exact_point,12.246501178587579,1530.9594906028888,,,独立计算 DEM 遮挡、自由空间损耗与双向预算
T014,投送,3177.2154441015214,3196.415444101521,中继,R003,836,PASS,exact_point,12.246501178587579,1530.9594906028888,,,独立计算 DEM 遮挡、自由空间损耗与双向预算
T014,投送,3196.415444101521,3215.6154441015215,中继,R003,837,PASS,exact_point,12.246501178587579,1530.9594906028888,,,独立计算 DEM 遮挡、自由空间损耗与双向预算
T014,投送,3215.6154441015215,3234.8154441015213,中继,R003,838,PASS,exact_point,12.246501178587579,1530.9594906028888,,,独立计算 DEM 遮挡、自由空间损耗与双向预算
T014,投送,3234.8154441015213,3254.015444101521,中继,R003,839,PASS,exact_point,12.246501178587579,1530.9594906028888,,,独立计算 DEM 遮挡、自由空间损耗与双向预算
T014,投送,3254.015444101521,3273.215444101521,中继,R003,840,PASS,exact_point,12.246501178587579,1530.9594906028888,,,独立计算 DEM 遮挡、自由空间损耗与双向预算
T014,投送,3273.215444101521,3292.415444101521,中继,R003,841,PASS,exact_point,12.246501178587579,1530.9594906028888,,,独立计算 DEM 遮挡、自由空间损耗与双向预算
T014,投送,3292.415444101521,3311.6154441015215,中继,R003,842,PASS,exact_point,12.246501178587579,1530.9594906028888,,,独立计算 DEM 遮挡、自由空间损耗与双向预算
T014,爬升,3311.6154441015215,3330.6081735937087,中继,R003,843,PASS,worst_obstruction_endpoint_distance,2.246501178587579,1530.9594906028888,True,,端点最大距离且全时段按遮挡计损仍满足双向预算
T014,巡航,3330.6081735937087,3349.6247502257147,中继,R003,844,PASS,worst_obstruction_endpoint_distance,2.284357046148841,1524.301601715459,True,,端点最大距离且全时段按遮挡计损仍满足双向预算
T014,巡航,3349.6247502257147,3368.6413268577203,中继,R003,845,PASS,worst_obstruction_endpoint_distance,2.861993538800405,1426.2284039160454,True,,端点最大距离且全时段按遮挡计损仍满足双向预算
T014,巡航,3368.6413268577203,3387.6579034897263,中继,R003,846,PASS,worst_obstruction_endpoint_distance,3.0597232739024207,1394.1278229083944,True,,端点最大距离且全时段按遮挡计损仍满足双向预算
T014,巡航,3387.6579034897263,3406.674480121732,中继,R003,847,PASS,worst_obstruction_endpoint_distance,2.6367184328904614,1463.702574272917,True,,端点最大距离且全时段按遮挡计损仍满足双向预算
T014,巡航,3406.674480121732,3425.691056753738,直连,,848,PASS,worst_obstruction_endpoint_distance,0.5425080385621612,3716.750053578153,True,,端点最大距离且全时段按遮挡计损仍满足双向预算
T014,巡航,3425.691056753738,3444.707633385744,直连,,849,PASS,worst_obstruction_endpoint_distance,1.2342997133882534,3432.2093700731825,True,,端点最大距离且全时段按遮挡计损仍满足双向预算
T014,巡航,3444.707633385744,3463.7242100177496,直连,,850,PASS,worst_obstruction_endpoint_distance,1.9856412656795612,3147.7968395884704,True,,端点最大距离且全时段按遮挡计损仍满足双向预算
T014,巡航,3463.7242100177496,3482.740786649755,直连,,851,PASS,worst_obstruction_endpoint_distance,2.807677788514951,2863.5506474809567,True,,端点最大距离且全时段按遮挡计损仍满足双向预算
T014,巡航,3482.740786649755,3501.757363281761,直连,,852,PASS,worst_obstruction_endpoint_distance,3.7149777055149116,2579.525782409383,True,,端点最大距离且全时段按遮挡计损仍满足双向预算
T014,巡航,3501.757363281761,3520.773939913767,直连,,853,PASS,worst_obstruction_endpoint_distance,4.727077525390385,2295.804390099458,True,,端点最大距离且全时段按遮挡计损仍满足双向预算
T014,巡航,3520.773939913767,3539.7905165457732,直连,,854,PASS,worst_obstruction_endpoint_distance,5.870993404915126,2012.5148240813007,True,,端点最大距离且全时段按遮挡计损仍满足双向预算
T014,巡航,3539.7905165457732,3558.807093177779,直连,,855,PASS,worst_obstruction_endpoint_distance,7.185509592415272,1729.8692496123044,True,,端点最大距离且全时段按遮挡计损仍满足双向预算
T014,巡航,3558.807093177779,3577.8236698097844,直连,,856,PASS,worst_obstruction_endpoint_distance,8.72893580056764,1448.2447681320716,True,,端点最大距离且全时段按遮挡计损仍满足双向预算
T014,巡航,3577.8236698097844,3596.8402464417904,直连,,857,PASS,worst_obstruction_endpoint_distance,10.594093021855073,1168.3799810635858,True,,端点最大距离且全时段按遮挡计损仍满足双向预算
T014,巡航,3596.8402464417904,3615.8568230737965,直连,,858,PASS,worst_obstruction_endpoint_distance,12.939131831411018,891.9328651522274,True,,端点最大距离且全时段按遮挡计损仍满足双向预算
T014,巡航,3615.8568230737965,3634.8733997058025,直连,,859,PASS,worst_obstruction_endpoint_distance,16.049514949605253,623.466338937083,True,,端点最大距离且全时段按遮挡计损仍满足双向预算
T014,巡航,3634.8733997058025,3653.889976337808,直连,,860,PASS,worst_obstruction_endpoint_distance,20.343794916914376,380.27608351961703,True,,端点最大距离且全时段按遮挡计损仍满足双向预算
T014,下降,3653.889976337808,3673.281535175699,直连,,861,PASS,worst_obstruction_endpoint_distance,23.935643142447674,251.481823730469,True,,端点最大距离且全时段按遮挡计损仍满足双向预算
T014,下降,3673.281535175699,3692.6730940135894,直连,,862,PASS,worst_obstruction_endpoint_distance,25.3904782078655,212.6987060546872,True,,端点最大距离且全时段按遮挡计损仍满足双向预算
T014,下降,3692.6730940135894,3712.06465285148,直连,,863,PASS,worst_obstruction_endpoint_distance,27.1390049583151,173.9155883789063,True,,端点最大距离且全时段按遮挡计损仍满足双向预算
T014,下降,3712.06465285148,3731.4562116893703,直连,,864,PASS,worst_obstruction_endpoint_distance,29.330580819997408,135.13247070312542,True,,端点最大距离且全时段按遮挡计损仍满足双向预算
T014,下降,3731.4562116893703,3750.847770527261,直连,,865,PASS,worst_obstruction_endpoint_distance,32.26879911029705,96.3493530273445,True,,端点最大距离且全时段按遮挡计损仍满足双向预算
T014,下降,3750.847770527261,3770.239329365152,直连,,866,PASS,worst_obstruction_endpoint_distance,36.742418587609194,57.56623535156268,True,,端点最大距离且全时段按遮挡计损仍满足双向预算
T014,下降,3770.239329365152,3789.6308882030426,直连,,867,PASS,worst_obstruction_endpoint_distance,45.92517525248826,20.0,True,,端点最大距离且全时段按遮挡计损仍满足双向预算
T015,爬升,2522.0,2541.3436411539715,直连,,868,PASS,worst_obstruction_endpoint_distance,40.343037745338265,38.03092346191437,True,,端点最大距离且全时段按遮挡计损仍满足双向预算
T015,爬升,2541.3436411539715,2560.687282307943,直连,,869,PASS,worst_obstruction_endpoint_distance,32.29475651968478,96.06184692382868,True,,端点最大距离且全时段按遮挡计损仍满足双向预算
T015,爬升,2560.687282307943,2580.030923461914,直连,,870,PASS,worst_obstruction_endpoint_distance,28.190129900190215,154.0927703857417,True,,端点最大距离且全时段按遮挡计损仍满足双向预算
T015,爬升,2580.030923461914,2599.3745646158854,直连,,871,PASS,worst_obstruction_endpoint_distance,25.41399154248265,212.12369384765606,True,,端点最大距离且全时段按遮挡计损仍满足双向预算
T015,爬升,2599.3745646158854,2618.718205769857,直连,,872,PASS,worst_obstruction_endpoint_distance,23.31352727333625,270.15461730957037,True,,端点最大距离且全时段按遮挡计损仍满足双向预算
T015,爬升,2618.718205769857,2638.0618469238284,直连,,873,PASS,worst_obstruction_endpoint_distance,21.62338630671509,328.18554077148474,True,,端点最大距离且全时段按遮挡计损仍满足双向预算
T015,爬升,2638.0618469238284,2657.4054880777994,直连,,874,PASS,worst_obstruction_endpoint_distance,20.20915949345637,386.21646423339774,True,,端点最大距离且全时段按遮挡计损仍满足双向预算
T015,爬升,2657.4054880777994,2676.749129231771,直连,,875,PASS,worst_obstruction_endpoint_distance,18.993277511644692,444.24738769531206,True,,端点最大距离且全时段按遮挡计损仍满足双向预算
T015,巡航,2676.749129231771,2695.7651650036805,直连,,876,PASS,worst_obstruction_endpoint_distance,17.49412647354434,527.9374064998578,True,,端点最大距离且全时段按遮挡计损仍满足双向预算
T015,巡航,2695.7651650036805,2714.78120077559,直连,,877,PASS,worst_obstruction_endpoint_distance,14.762382856352005,723.0521394096111,True,,端点最大距离且全时段按遮挡计损仍满足双向预算
T015,巡航,2714.78120077559,2733.7972365475,直连,,878,PASS,worst_obstruction_endpoint_distance,12.262742934535737,964.1655536489214,True,,端点最大距离且全时段按遮挡计损仍满足双向预算
T015,巡航,2733.7972365475,2752.81327231941,直连,,879,PASS,worst_obstruction_endpoint_distance,10.187323229616496,1224.3979585073178,True,,端点最大距离且全时段按遮挡计损仍满足双向预算
T015,巡航,2752.81327231941,2771.8293080913195,直连,,880,PASS,worst_obstruction_endpoint_distance,8.459981738274593,1493.790425115221,True,,端点最大距离且全时段按遮挡计损仍满足双向预算
T015,巡航,2771.8293080913195,2790.845343863229,直连,,881,PASS,worst_obstruction_endpoint_distance,6.995338587207897,1768.1610885183502,True,,端点最大距离且全时段按遮挡计损仍满足双向预算
T015,巡航,2790.845343863229,2809.8613796351387,直连,,882,PASS,worst_obstruction_endpoint_distance,5.729752779457812,2045.507703028824,True,,端点最大距离且全时段按遮挡计损仍满足双向预算
T015,巡航,2809.8613796351387,2828.8774154070484,直连,,883,PASS,worst_obstruction_endpoint_distance,4.6181924565780434,2324.765411555552,True,,端点最大距离且全时段按遮挡计损仍满足双向预算
T015,巡航,2828.8774154070484,2847.893451178958,直连,,884,PASS,worst_obstruction_endpoint_distance,3.628554530062189,2605.31975039449,True,,端点最大距离且全时段按遮挡计损仍满足双向预算
T015,巡航,2847.893451178958,2866.909486950868,直连,,885,PASS,worst_obstruction_endpoint_distance,2.7374631875922546,2886.7927033719507,True,,端点最大距离且全时段按遮挡计损仍满足双向预算
T015,巡航,2866.909486950868,2885.9255227227777,直连,,886,PASS,worst_obstruction_endpoint_distance,1.9274962095368977,3168.939499280925,True,,端点最大距离且全时段按遮挡计损仍满足双向预算
T015,巡航,2885.9255227227777,2904.9415584946873,直连,,887,PASS,worst_obstruction_endpoint_distance,1.1853788074651561,3451.594894447965,True,,端点最大距离且全时段按遮挡计损仍满足双向预算
T015,巡航,2904.9415584946873,2923.957594266597,直连,,888,PASS,worst_obstruction_endpoint_distance,0.5007923438628978,3734.643411099761,True,,端点最大距离且全时段按遮挡计损仍满足双向预算
T015,巡航,2923.957594266597,2942.9736300385066,中继,R003,889,PASS,worst_obstruction_endpoint_distance,3.127627811019991,1383.2713044951424,True,,端点最大距离且全时段按遮挡计损仍满足双向预算
T015,巡航,2942.9736300385066,2961.989665810416,中继,R003,890,PASS,worst_obstruction_endpoint_distance,3.6420073331480154,1303.7321988789206,True,,端点最大距离且全时段按遮挡计损仍满足双向预算
T015,巡航,2961.989665810416,2981.005701582326,中继,R003,891,PASS,worst_obstruction_endpoint_distance,3.4895458213072885,1326.8183439139348,True,,端点最大距离且全时段按遮挡计损仍满足双向预算
T015,巡航,2981.005701582326,3000.0217373542355,中继,R003,892,PASS,worst_obstruction_endpoint_distance,2.860348621310692,1426.4985259531572,True,,端点最大距离且全时段按遮挡计损仍满足双向预算
T015,巡航,3000.0217373542355,3019.037773126145,中继,R003,893,PASS,worst_obstruction_endpoint_distance,2.01516137687652,1572.2828939986239,True,,端点最大距离且全时段按遮挡计损仍满足双向预算
T015,巡航,3019.037773126145,3038.0538088980547,中继,R003,894,PASS,worst_obstruction_endpoint_distance,1.071600826356132,1752.7045616393702,True,,端点最大距离且全时段按遮挡计损仍满足双向预算
T015,下降,3038.0538088980547,3057.32959991368,中继,R003,895,PASS,worst_obstruction_endpoint_distance,1.0686325652298336,1753.3036221923433,True,,端点最大距离且全时段按遮挡计损仍满足双向预算
T015,下降,3057.32959991368,3076.605390929305,中继,R003,896,PASS,worst_obstruction_endpoint_distance,1.0591142360136558,1755.2260123087,True,,端点最大距离且全时段按遮挡计损仍满足双向预算
T015,下降,3076.605390929305,3095.8811819449297,中继,R003,897,PASS,worst_obstruction_endpoint_distance,1.0430887776814899,1758.467391926386,True,,端点最大距离且全时段按遮挡计损仍满足双向预算
T015,下降,3095.8811819449297,3115.156972960555,中继,R003,898,PASS,worst_obstruction_endpoint_distance,1.0206279905043374,1763.0204860246654,True,,端点最大距离且全时段按遮挡计损仍满足双向预算
T015,下降,3115.156972960555,3134.4327639761796,中继,R003,899,PASS,worst_obstruction_endpoint_distance,0.9918314733706666,1768.8751655523586,True,,端点最大距离且全时段按遮挡计损仍满足双向预算
T015,投送,3134.4327639761796,3154.4327639761796,中继,R003,900,PASS,exact_point,0.9918314733706666,1768.8751655523586,,,独立计算 DEM 遮挡、自由空间损耗与双向预算
T015,投送,3154.4327639761796,3174.4327639761796,中继,R003,901,PASS,exact_point,0.9918314733706666,1768.8751655523586,,,独立计算 DEM 遮挡、自由空间损耗与双向预算
T015,投送,3174.4327639761796,3194.4327639761796,中继,R003,902,PASS,exact_point,0.9918314733706666,1768.8751655523586,,,独立计算 DEM 遮挡、自由空间损耗与双向预算
T015,投送,3194.4327639761796,3214.4327639761796,中继,R003,903,PASS,exact_point,0.9918314733706666,1768.8751655523586,,,独立计算 DEM 遮挡、自由空间损耗与双向预算
T015,投送,3214.4327639761796,3234.4327639761796,中继,R003,904,PASS,exact_point,0.9918314733706666,1768.8751655523586,,,独立计算 DEM 遮挡、自由空间损耗与双向预算
T015,投送,3234.4327639761796,3254.4327639761796,中继,R003,905,PASS,exact_point,0.9918314733706666,1768.8751655523586,,,独立计算 DEM 遮挡、自由空间损耗与双向预算
T015,投送,3254.4327639761796,3274.4327639761796,中继,R003,906,PASS,exact_point,0.9918314733706666,1768.8751655523586,,,独立计算 DEM 遮挡、自由空间损耗与双向预算
T015,投送,3274.4327639761796,3294.4327639761796,中继,R003,907,PASS,exact_point,0.9918314733706666,1768.8751655523586,,,独立计算 DEM 遮挡、自由空间损耗与双向预算
T015,投送,3294.4327639761796,3314.4327639761796,中继,R003,908,PASS,exact_point,0.9918314733706666,1768.8751655523586,,,独立计算 DEM 遮挡、自由空间损耗与双向预算
T015,爬升,3314.4327639761796,3330.4959231558673,中继,R003,909,PASS,worst_obstruction_endpoint_distance,0.9918314733706666,1768.8751655523586,True,,端点最大距离且全时段按遮挡计损仍满足双向预算
T015,爬升,3330.4959231558673,3346.5590823355546,中继,R003,910,PASS,worst_obstruction_endpoint_distance,1.0206279905043374,1763.0204860246654,True,,端点最大距离且全时段按遮挡计损仍满足双向预算
T015,爬升,3346.5590823355546,3362.6222415152424,中继,R003,911,PASS,worst_obstruction_endpoint_distance,1.0430887776814899,1758.467391926386,True,,端点最大距离且全时段按遮挡计损仍满足双向预算
T015,爬升,3362.6222415152424,3378.6854006949297,中继,R003,912,PASS,worst_obstruction_endpoint_distance,1.0591142360136558,1755.2260123086999,True,,端点最大距离且全时段按遮挡计损仍满足双向预算
T015,爬升,3378.6854006949297,3394.748559874617,中继,R003,913,PASS,worst_obstruction_endpoint_distance,1.0686325652298336,1753.3036221923433,True,,端点最大距离且全时段按遮挡计损仍满足双向预算
T015,巡航,3394.748559874617,3413.7645956465267,中继,R003,914,PASS,worst_obstruction_endpoint_distance,1.071600826356132,1752.7045616393702,True,,端点最大距离且全时段按遮挡计损仍满足双向预算
T015,巡航,3413.7645956465267,3432.7806314184363,中继,R003,915,PASS,worst_obstruction_endpoint_distance,2.01516137687652,1572.2828939986239,True,,端点最大距离且全时段按遮挡计损仍满足双向预算
T015,巡航,3432.7806314184363,3451.796667190346,中继,R003,916,PASS,worst_obstruction_endpoint_distance,2.860348621310692,1426.4985259531572,True,,端点最大距离且全时段按遮挡计损仍满足双向预算
T015,巡航,3451.796667190346,3470.8127029622556,中继,R003,917,PASS,worst_obstruction_endpoint_distance,3.4895458213072885,1326.8183439139348,True,,端点最大距离且全时段按遮挡计损仍满足双向预算
T015,巡航,3470.8127029622556,3489.828738734165,中继,R003,918,PASS,worst_obstruction_endpoint_distance,3.6420073331480154,1303.7321988789206,True,,端点最大距离且全时段按遮挡计损仍满足双向预算
T015,巡航,3489.828738734165,3508.8447745060753,中继,R003,919,PASS,worst_obstruction_endpoint_distance,3.127627811019991,1383.2713044951424,True,,端点最大距离且全时段按遮挡计损仍满足双向预算
T015,巡航,3508.8447745060753,3527.860810277985,直连,,920,PASS,worst_obstruction_endpoint_distance,0.5007923438628978,3734.643411099761,True,,端点最大距离且全时段按遮挡计损仍满足双向预算
T015,巡航,3527.860810277985,3546.8768460498945,直连,,921,PASS,worst_obstruction_endpoint_distance,1.1853788074652982,3451.594894447908,True,,端点最大距离且全时段按遮挡计损仍满足双向预算
T015,巡航,3546.8768460498945,3565.892881821804,直连,,922,PASS,worst_obstruction_endpoint_distance,1.9274962095368977,3168.939499280925,True,,端点最大距离且全时段按遮挡计损仍满足双向预算
T015,巡航,3565.892881821804,3584.9089175937142,直连,,923,PASS,worst_obstruction_endpoint_distance,2.7374631875922546,2886.7927033719507,True,,端点最大距离且全时段按遮挡计损仍满足双向预算
T015,巡航,3584.9089175937142,3603.924953365624,直连,,924,PASS,worst_obstruction_endpoint_distance,3.628554530062189,2605.31975039449,True,,端点最大距离且全时段按遮挡计损仍满足双向预算
T015,巡航,3603.924953365624,3622.9409891375335,直连,,925,PASS,worst_obstruction_endpoint_distance,4.6181924565780434,2324.765411555552,True,,端点最大距离且全时段按遮挡计损仍满足双向预算
T015,巡航,3622.9409891375335,3641.957024909443,直连,,926,PASS,worst_obstruction_endpoint_distance,5.729752779458053,2045.5077030287673,True,,端点最大距离且全时段按遮挡计损仍满足双向预算
T015,巡航,3641.957024909443,3660.9730606813528,直连,,927,PASS,worst_obstruction_endpoint_distance,6.995338587207897,1768.1610885183502,True,,端点最大距离且全时段按遮挡计损仍满足双向预算
T015,巡航,3660.9730606813528,3679.9890964532624,直连,,928,PASS,worst_obstruction_endpoint_distance,8.459981738274593,1493.790425115221,True,,端点最大距离且全时段按遮挡计损仍满足双向预算
T015,巡航,3679.9890964532624,3699.005132225172,直连,,929,PASS,worst_obstruction_endpoint_distance,10.187323229616496,1224.3979585073178,True,,端点最大距离且全时段按遮挡计损仍满足双向预算
T015,巡航,3699.005132225172,3718.0211679970816,直连,,930,PASS,worst_obstruction_endpoint_distance,12.262742934535737,964.1655536489214,True,,端点最大距离且全时段按遮挡计损仍满足双向预算
T015,巡航,3718.0211679970816,3737.0372037689913,直连,,931,PASS,worst_obstruction_endpoint_distance,14.762382856352005,723.0521394096111,True,,端点最大距离且全时段按遮挡计损仍满足双向预算
T015,巡航,3737.0372037689913,3756.053239540901,直连,,932,PASS,worst_obstruction_endpoint_distance,17.49412647354434,527.9374064998578,True,,端点最大距离且全时段按遮挡计损仍满足双向预算
T015,下降,3756.053239540901,3774.6231350487137,直连,,933,PASS,worst_obstruction_endpoint_distance,18.993277511644692,444.24738769531206,True,,端点最大距离且全时段按遮挡计损仍满足双向预算
T015,下降,3774.6231350487137,3793.193030556526,直连,,934,PASS,worst_obstruction_endpoint_distance,19.9519850689598,397.82264892578013,True,,端点最大距离且全时段按遮挡计损仍满足双向预算
T015,下降,3793.193030556526,3811.762926064339,直连,,935,PASS,worst_obstruction_endpoint_distance,21.029791679401242,351.39791015624945,True,,端点最大距离且全时段按遮挡计损仍满足双向预算
T015,下降,3811.762926064339,3830.3328215721513,直连,,936,PASS,worst_obstruction_endpoint_distance,22.260542446450856,304.9731713867175,True,,端点最大距离且全时段按遮挡计损仍满足双向预算
T015,下降,3830.3328215721513,3848.9027170799636,直连,,937,PASS,worst_obstruction_endpoint_distance,23.694936979399586,258.5484326171868,True,,端点最大距离且全时段按遮挡计损仍满足双向预算
T015,下降,3848.9027170799636,3867.472612587776,直连,,938,PASS,worst_obstruction_endpoint_distance,25.41399154248265,212.12369384765606,True,,端点最大距离且全时段按遮挡计损仍满足双向预算
T015,下降,3867.472612587776,3886.042508095589,直连,,939,PASS,worst_obstruction_endpoint_distance,27.559379771700407,165.69895507812532,True,,端点最大距离且全时段按遮挡计损仍满足双向预算
T015,下降,3886.042508095589,3904.6124036034016,直连,,940,PASS,worst_obstruction_endpoint_distance,30.414843731611242,119.2742163085934,True,,端点最大距离且全时段按遮挡计损仍满足双向预算
T015,下降,3904.6124036034016,3923.182299111214,直连,,941,PASS,worst_obstruction_endpoint_distance,34.69724633677501,72.84947753906152,True,,端点最大距离且全时段按遮挡计损仍满足双向预算
T015,下降,3923.182299111214,3941.7521946190263,直连,,942,PASS,worst_obstruction_endpoint_distance,43.50556111298056,26.424738769530734,True,,端点最大距离且全时段按遮挡计损仍满足双向预算
T016,爬升,2567.0,2584.107585313585,直连,,943,PASS,worst_obstruction_endpoint_distance,42.02857583418874,31.322755940754746,True,,端点最大距离且全时段按遮挡计损仍满足双向预算
T016,爬升,2584.107585313585,2601.21517062717,直连,,944,PASS,worst_obstruction_endpoint_distance,33.6013896877198,82.6455118815108,True,,端点最大距离且全时段按遮挡计损仍满足双向预算
T016,爬升,2601.21517062717,2618.322755940755,直连,,945,PASS,worst_obstruction_endpoint_distance,29.405736324095642,133.96826782226555,True,,端点最大距离且全时段按遮挡计损仍满足双向预算
T016,爬升,2618.322755940755,2635.4303412543404,直连,,946,PASS,worst_obstruction_endpoint_distance,26.58868754837124,185.2910237630216,True,,端点最大距离且全时段按遮挡计损仍满足双向预算
T016,爬升,2635.4303412543404,2652.5379265679253,直连,,947,PASS,worst_obstruction_endpoint_distance,24.464974504050502,236.61377970377634,True,,端点最大距离且全时段按遮挡计损仍满足双向预算
T016,爬升,2652.5379265679253,2669.64551188151,直连,,948,PASS,worst_obstruction_endpoint_distance,22.759839664518097,287.93653564453103,True,,端点最大距离且全时段按遮挡计损仍满足双向预算
T016,巡航,2669.64551188151,2689.5808238659233,直连,,949,PASS,worst_obstruction_endpoint_distance,20.480295098117907,374.3466951408415,True,,端点最大距离且全时段按遮挡计损仍满足双向预算
T016,巡航,2689.5808238659233,2709.5161358503365,直连,,950,PASS,worst_obstruction_endpoint_distance,17.00674319609881,558.4079574778261,True,,端点最大距离且全时段按遮挡计损仍满足双向预算
T016,巡航,2709.5161358503365,2729.45144783475,直连,,951,PASS,worst_obstruction_endpoint_distance,14.17905786455536,773.2783748392534,True,,端点最大距离且全时段按遮挡计损仍满足双向预算
T016,巡航,2729.45144783475,2749.3867598191628,直连,,952,PASS,worst_obstruction_endpoint_distance,11.952053336171133,999.277460078685,True,,端点最大距离且全时段按遮挡计损仍满足双向预算
T016,巡航,2749.3867598191628,2769.3220718035764,直连,,953,PASS,worst_obstruction_endpoint_distance,10.145642631642374,1230.2875430794097,True,,端点最大距离且全时段按遮挡计损仍满足双向预算
T016,巡航,2769.3220718035764,2789.257383787989,直连,,954,PASS,worst_obstruction_endpoint_distance,8.635319525677161,1463.9383300872823,True,,端点最大距离且全时段按遮挡计损仍满足双向预算
T016,巡航,2789.257383787989,2809.1926957724027,直连,,955,PASS,worst_obstruction_endpoint_distance,7.341187842489873,1699.140791444107,True,,端点最大距离且全时段按遮挡计损仍满足双向预算
T016,巡航,2809.1926957724027,2829.128007756816,直连,,956,PASS,worst_obstruction_endpoint_distance,6.210677820494141,1935.3292803054635,True,,端点最大距离且全时段按遮挡计损仍满足双向预算
T016,巡航,2829.128007756816,2849.063319741229,直连,,957,PASS,worst_obstruction_endpoint_distance,5.20785024110161,2172.1821784725635,True,,端点最大距离且全时段按遮挡计损仍满足双向预算
T016,巡航,2849.063319741229,2868.998631725642,直连,,958,PASS,worst_obstruction_endpoint_distance,4.307223717296679,2409.5035606837673,True,,端点最大距离且全时段按遮挡计损仍满足双向预算
T016,巡航,2868.998631725642,2888.9339437100552,直连,,959,PASS,worst_obstruction_endpoint_distance,3.4901469519361115,2647.1674296556093,True,,端点最大距离且全时段按遮挡计损仍满足双向预算
T016,巡航,2888.9339437100552,2908.8692556944684,直连,,960,PASS,worst_obstruction_endpoint_distance,2.74259042177637,2885.089147932696,True,,端点最大距离且全时段按遮挡计损仍满足双向预算
T016,巡航,2908.8692556944684,2928.8045676788815,直连,,961,PASS,worst_obstruction_endpoint_distance,2.053752024020639,3123.2097882813323,True,,端点最大距离且全时段按遮挡计损仍满足双向预算
T016,巡航,2928.8045676788815,2948.7398796632947,直连,,962,PASS,worst_obstruction_endpoint_distance,1.4151462453782386,3361.487077309897,True,,端点最大距离且全时段按遮挡计损仍满足双向预算
T016,巡航,2948.7398796632947,2968.675191647708,直连,,963,PASS,worst_obstruction_endpoint_distance,0.8199907753844542,3599.8899093492196,True,,端点最大距离且全时段按遮挡计损仍满足双向预算
T016,巡航,2968.675191647708,2988.610503632121,直连,,964,PASS,worst_obstruction_endpoint_distance,0.26278211209398705,3838.3948920289236,True,,端点最大距离且全时段按遮挡计损仍满足双向预算
T016,巡航,2988.610503632121,3008.545815616534,中继,R003,965,PASS,worst_obstruction_endpoint_distance,10.118541759621053,618.5312841328039,True,,端点最大距离且全时段按遮挡计损仍满足双向预算
T016,巡航,3008.545815616534,3028.4811276009473,中继,R003,966,PASS,worst_obstruction_endpoint_distance,13.927638211711155,398.9393242537665,True,,端点最大距离且全时段按遮挡计损仍满足双向预算
T016,巡航,3028.4811276009473,3048.4164395853604,中继,R003,967,PASS,worst_obstruction_endpoint_distance,18.490042596505376,235.93188006197872,True,,端点最大距离且全时段按遮挡计损仍满足双向预算
T016,巡航,3048.4164395853604,3068.3517515697736,中继,R003,968,PASS,worst_obstruction_endpoint_distance,13.500443868742849,419.0506945919927,True,,端点最大距离且全时段按遮挡计损仍满足双向预算
T016,下降,3068.3517515697736,3085.15905869868,中继,R003,969,PASS,worst_obstruction_endpoint_distance,13.1511283549915,436.24688662675135,True,,端点最大距离且全时段按遮挡计损仍满足双向预算
T016,下降,3085.15905869868,3101.9663658275863,中继,R003,970,PASS,worst_obstruction_endpoint_distance,12.753667451270502,456.6730528579534,True,,端点最大距离且全时段按遮挡计损仍满足双向预算
T016,投送,3101.9663658275863,3121.0572749184953,中继,R003,971,PASS,exact_point,22.753667451270502,456.6730528579534,,,独立计算 DEM 遮挡、自由空间损耗与双向预算
T016,投送,3121.0572749184953,3140.1481840094043,中继,R003,972,PASS,exact_point,22.753667451270502,456.6730528579534,,,独立计算 DEM 遮挡、自由空间损耗与双向预算
T016,投送,3140.1481840094043,3159.2390931003133,中继,R003,973,PASS,exact_point,22.753667451270502,456.6730528579534,,,独立计算 DEM 遮挡、自由空间损耗与双向预算
T016,投送,3159.2390931003133,3178.330002191223,中继,R003,974,PASS,exact_point,22.753667451270502,456.6730528579534,,,独立计算 DEM 遮挡、自由空间损耗与双向预算
T016,投送,3178.330002191223,3197.420911282132,中继,R003,975,PASS,exact_point,22.753667451270502,456.6730528579534,,,独立计算 DEM 遮挡、自由空间损耗与双向预算
T016,投送,3197.420911282132,3216.511820373041,中继,R003,976,PASS,exact_point,22.753667451270502,456.6730528579534,,,独立计算 DEM 遮挡、自由空间损耗与双向预算
T016,投送,3216.511820373041,3235.60272946395,中继,R003,977,PASS,exact_point,22.753667451270502,456.6730528579534,,,独立计算 DEM 遮挡、自由空间损耗与双向预算
T016,投送,3235.60272946395,3254.693638554859,中继,R003,978,PASS,exact_point,22.753667451270502,456.6730528579534,,,独立计算 DEM 遮挡、自由空间损耗与双向预算
T016,投送,3254.693638554859,3273.784547645768,中继,R003,979,PASS,exact_point,22.753667451270502,456.6730528579534,,,独立计算 DEM 遮挡、自由空间损耗与双向预算
T016,投送,3273.784547645768,3292.8754567366773,中继,R003,980,PASS,exact_point,22.753667451270502,456.6730528579534,,,独立计算 DEM 遮挡、自由空间损耗与双向预算
T016,投送,3292.8754567366773,3311.9663658275863,中继,R003,981,PASS,exact_point,22.753667451270502,456.6730528579534,,,独立计算 DEM 遮挡、自由空间损耗与双向预算
T016,爬升,3311.9663658275863,3325.9724551016748,中继,R003,982,PASS,worst_obstruction_endpoint_distance,12.753667451270502,456.6730528579534,True,,端点最大距离且全时段按遮挡计损仍满足双向预算
T016,爬升,3325.9724551016748,3339.9785443757632,中继,R003,983,PASS,worst_obstruction_endpoint_distance,13.1511283549915,436.24688662675135,True,,端点最大距离且全时段按遮挡计损仍满足双向预算
T016,巡航,3339.9785443757632,3359.9138563601764,中继,R003,984,PASS,worst_obstruction_endpoint_distance,13.500443868742849,419.0506945919927,True,,端点最大距离且全时段按遮挡计损仍满足双向预算
T016,巡航,3359.9138563601764,3379.8491683445895,中继,R003,985,PASS,worst_obstruction_endpoint_distance,18.490042596505376,235.93188006197872,True,,端点最大距离且全时段按遮挡计损仍满足双向预算
T016,巡航,3379.8491683445895,3399.7844803290027,中继,R003,986,PASS,worst_obstruction_endpoint_distance,13.927638211711155,398.9393242537665,True,,端点最大距离且全时段按遮挡计损仍满足双向预算
T016,巡航,3399.7844803290027,3419.719792313416,中继,R003,987,PASS,worst_obstruction_endpoint_distance,10.118541759621053,618.5312841328039,True,,端点最大距离且全时段按遮挡计损仍满足双向预算
T016,巡航,3419.719792313416,3439.655104297829,直连,,988,PASS,worst_obstruction_endpoint_distance,0.26278211209398705,3838.3948920289236,True,,端点最大距离且全时段按遮挡计损仍满足双向预算
T016,巡航,3439.655104297829,3459.5904162822426,直连,,989,PASS,worst_obstruction_endpoint_distance,0.8199907753844542,3599.8899093492196,True,,端点最大距离且全时段按遮挡计损仍满足双向预算
T016,巡航,3459.5904162822426,3479.5257282666553,直连,,990,PASS,worst_obstruction_endpoint_distance,1.4151462453782386,3361.487077309897,True,,端点最大距离且全时段按遮挡计损仍满足双向预算
T016,巡航,3479.5257282666553,3499.461040251069,直连,,991,PASS,worst_obstruction_endpoint_distance,2.053752024020639,3123.2097882813323,True,,端点最大距离且全时段按遮挡计损仍满足双向预算
T016,巡航,3499.461040251069,3519.3963522354816,直连,,992,PASS,worst_obstruction_endpoint_distance,2.74259042177637,2885.089147932696,True,,端点最大距离且全时段按遮挡计损仍满足双向预算
T016,巡航,3519.3963522354816,3539.331664219895,直连,,993,PASS,worst_obstruction_endpoint_distance,3.4901469519361115,2647.1674296556093,True,,端点最大距离且全时段按遮挡计损仍满足双向预算
T016,巡航,3539.331664219895,3559.266976204308,直连,,994,PASS,worst_obstruction_endpoint_distance,4.307223717296679,2409.5035606837673,True,,端点最大距离且全时段按遮挡计损仍满足双向预算
T016,巡航,3559.266976204308,3579.2022881887215,直连,,995,PASS,worst_obstruction_endpoint_distance,5.20785024110161,2172.1821784725635,True,,端点最大距离且全时段按遮挡计损仍满足双向预算
T016,巡航,3579.2022881887215,3599.137600173134,直连,,996,PASS,worst_obstruction_endpoint_distance,6.210677820494141,1935.3292803054635,True,,端点最大距离且全时段按遮挡计损仍满足双向预算
T016,巡航,3599.137600173134,3619.0729121575478,直连,,997,PASS,worst_obstruction_endpoint_distance,7.341187842489873,1699.140791444107,True,,端点最大距离且全时段按遮挡计损仍满足双向预算
T016,巡航,3619.0729121575478,3639.008224141961,直连,,998,PASS,worst_obstruction_endpoint_distance,8.635319525677161,1463.9383300872823,True,,端点最大距离且全时段按遮挡计损仍满足双向预算
T016,巡航,3639.008224141961,3658.943536126374,直连,,999,PASS,worst_obstruction_endpoint_distance,10.145642631643526,1230.287543079246,True,,端点最大距离且全时段按遮挡计损仍满足双向预算
T016,巡航,3658.943536126374,3678.878848110787,直连,,1000,PASS,worst_obstruction_endpoint_distance,11.952053336171133,999.277460078685,True,,端点最大距离且全时段按遮挡计损仍满足双向预算
T016,巡航,3678.878848110787,3698.8141600952004,直连,,1001,PASS,worst_obstruction_endpoint_distance,14.17905786455536,773.2783748392534,True,,端点最大距离且全时段按遮挡计损仍满足双向预算
T016,巡航,3698.8141600952004,3718.7494720796135,直连,,1002,PASS,worst_obstruction_endpoint_distance,17.00674319609881,558.4079574778261,True,,端点最大距离且全时段按遮挡计损仍满足双向预算
T016,巡航,3718.7494720796135,3738.6847840640266,直连,,1003,PASS,worst_obstruction_endpoint_distance,20.480295098117907,374.3466951408415,True,,端点最大距离且全时段按遮挡计损仍满足双向预算
T016,下降,3738.6847840640266,3756.281157529428,直连,,1004,PASS,worst_obstruction_endpoint_distance,22.759839664518097,287.93653564453103,True,,端点最大距离且全时段按遮挡计损仍满足双向预算
T016,下降,3756.281157529428,3773.8775309948305,直连,,1005,PASS,worst_obstruction_endpoint_distance,24.199915310578675,243.94560198102727,True,,端点最大距离且全时段按遮挡计损仍满足双向预算
T016,下降,3773.8775309948305,3791.473904460232,直连,,1006,PASS,worst_obstruction_endpoint_distance,25.92714420559217,199.95466831752123,True,,端点最大距离且全时段按遮挡计损仍满足双向预算
T016,下降,3791.473904460232,3809.0702779256335,直连,,1007,PASS,worst_obstruction_endpoint_distance,28.08530264362895,155.9637346540174,True,,端点最大距离且全时段按遮挡计损仍满足双向预算
T016,下降,3809.0702779256335,3826.6666513910354,直连,,1008,PASS,worst_obstruction_endpoint_distance,30.963524322055974,111.97280099051358,True,,端点最大距离且全时段按遮挡计损仍满足双向预算
T016,下降,3826.6666513910354,3844.2630248564374,直连,,1009,PASS,worst_obstruction_endpoint_distance,35.29791337339611,67.9818673270087,True,,端点最大距离且全时段按遮挡计损仍满足双向预算
T016,下降,3844.2630248564374,3861.859398321839,直连,,1010,PASS,worst_obstruction_endpoint_distance,44.344832168047475,23.990933663503824,True,,端点最大距离且全时段按遮挡计损仍满足双向预算
T017,爬升,2818.0,2836.2987226213727,直连,,1011,PASS,worst_obstruction_endpoint_distance,41.09022041847288,34.8961678641181,True,,端点最大距离且全时段按遮挡计损仍满足双向预算
T017,爬升,2836.2987226213727,2854.5974452427454,直连,,1012,PASS,worst_obstruction_endpoint_distance,32.88098978943424,89.7923357282362,True,,端点最大距离且全时段按遮挡计损仍满足双向预算
T017,爬升,2854.5974452427454,2872.896167864118,直连,,1013,PASS,worst_obstruction_endpoint_distance,28.737094664292826,144.68850359235432,True,,端点最大距离且全时段按遮挡计损仍满足双向预算
T017,爬升,2872.896167864118,2891.194890485491,直连,,1014,PASS,worst_obstruction_endpoint_distance,25.943231496630872,199.58467145647376,True,,端点最大距离且全时段按遮挡计损仍满足双向预算
T017,爬升,2891.194890485491,2909.493613106864,直连,,1015,PASS,worst_obstruction_endpoint_distance,23.832673396210197,254.48083932059183,True,,端点最大距离且全时段按遮挡计损仍满足双向预算
T017,爬升,2909.493613106864,2927.7923357282366,直连,,1016,PASS,worst_obstruction_endpoint_distance,22.136014487477,309.37700718470995,True,,端点最大距离且全时段按遮挡计损仍满足双向预算
T017,爬升,2927.7923357282366,2946.0910583496093,直连,,1017,PASS,worst_obstruction_endpoint_distance,20.717231343301734,364.273175048828,True,,端点最大距离且全时段按遮挡计损仍满足双向预算
T017,巡航,2946.0910583496093,2965.979339032121,直连,,1018,PASS,worst_obstruction_endpoint_distance,19.166172498751166,435.4919518029065,True,,端点最大距离且全时段按遮挡计损仍满足双向预算
T017,巡航,2965.979339032121,2985.867619714633,直连,,1019,PASS,worst_obstruction_endpoint_distance,16.376383700665244,600.4399405101009,True,,端点最大距离且全时段按遮挡计损仍满足双向预算
T017,巡航,2985.867619714633,3005.7559003971446,直连,,1020,PASS,worst_obstruction_endpoint_distance,13.84802665832207,803.3178650350284,True,,端点最大距离且全时段按遮挡计损仍满足双向预算
T017,巡航,3005.7559003971446,3025.644181079656,直连,,1021,PASS,worst_obstruction_endpoint_distance,11.75865515724007,1021.7767126231641,True,,端点最大距离且全时段按遮挡计损仍满足双向预算
T017,巡航,3025.644181079656,3045.532461762168,直连,,1022,PASS,worst_obstruction_endpoint_distance,10.023858998310331,1247.6587260477145,True,,端点最大距离且全时段按遮挡计损仍满足双向预算
T017,巡航,3045.532461762168,3065.4207424446795,直连,,1023,PASS,worst_obstruction_endpoint_distance,8.554852807753903,1477.5633762912782,True,,端点最大距离且全时段按遮挡计损仍满足双向预算
T017,巡航,3065.4207424446795,3085.3090231271913,直连,,1024,PASS,worst_obstruction_endpoint_distance,7.286519350126113,1709.8688117165054,True,,端点最大距离且全时段按遮挡计损仍满足双向预算
T017,巡航,3085.3090231271913,3105.197303809703,直连,,1025,PASS,worst_obstruction_endpoint_distance,6.173126013776965,1943.714424408792,True,,端点最大距离且全时段按遮挡计损仍满足双向预算
T017,巡航,3105.197303809703,3125.085584492215,直连,,1026,PASS,worst_obstruction_endpoint_distance,5.182207975643664,2178.604315170309,True,,端点最大距离且全时段按遮挡计损仍满足双向预算
T017,巡航,3125.085584492215,3144.9738651747266,直连,,1027,PASS,worst_obstruction_endpoint_distance,4.290189015092025,2414.23369799851,True,,端点最大距离且全时段按遮挡计损仍满足双向预算
T017,巡航,3144.9738651747266,3164.862145857238,直连,,1028,PASS,worst_obstruction_endpoint_distance,3.479529172961378,2650.405350710559,True,,端点最大距离且全时段按遮挡计损仍满足双向预算
T017,巡航,3164.862145857238,3184.7504265397497,直连,,1029,PASS,worst_obstruction_endpoint_distance,2.7368810245997395,2886.9861942255047,True,,端点最大距离且全时段按遮挡计损仍满足双向预算
T017,巡航,3184.7504265397497,3204.6387072222615,直连,,1030,PASS,worst_obstruction_endpoint_distance,2.0518792423324186,3123.883262266833,True,,端点最大距离且全时段按遮挡计损仍满足双向预算
T017,巡航,3204.6387072222615,3224.5269879047733,直连,,1031,PASS,worst_obstruction_endpoint_distance,1.4163281891577668,3361.0296896850055,True,,端点最大距离且全时段按遮挡计损仍满足双向预算
T017,巡航,3224.5269879047733,3244.415268587285,直连,,1032,PASS,worst_obstruction_endpoint_distance,0.8236439117575145,3598.3761756750528,True,,端点最大距离且全时段按遮挡计损仍满足双向预算
T017,巡航,3244.415268587285,3264.303549269797,直连,,1033,PASS,worst_obstruction_endpoint_distance,0.26846227199115447,3835.8855843779734,True,,端点最大距离且全时段按遮挡计损仍满足双向预算
T017,巡航,3264.303549269797,3284.1918299523086,中继,R004,1034,PASS,worst_obstruction_endpoint_distance,1.250327613390084,1717.0082330977298,True,,端点最大距离且全时段按遮挡计损仍满足双向预算
T017,巡航,3284.1918299523086,3304.08011063482,中继,R004,1035,PASS,worst_obstruction_endpoint_distance,2.5484738969831113,1478.6488962693352,True,,端点最大距离且全时段按遮挡计损仍满足双向预算
T017,巡航,3304.08011063482,3323.9683913173317,中继,R004,1036,PASS,worst_obstruction_endpoint_distance,4.074505373604097,1240.4049469435772,True,,端点最大距离且全时段按遮挡计损仍满足双向预算
T017,下降,3323.9683913173317,3340.3157088222147,中继,R004,1037,PASS,worst_obstruction_endpoint_distance,5.925312180250401,1002.3586655558703,True,,端点最大距离且全时段按遮挡计损仍满足双向预算
T017,下降,3340.3157088222147,3356.663026327097,中继,R004,1038,PASS,worst_obstruction_endpoint_distance,5.9229777164137545,1002.6281007700978,True,,端点最大距离且全时段按遮挡计损仍满足双向预算
T017,下降,3356.663026327097,3373.01034383198,中继,R004,1039,PASS,worst_obstruction_endpoint_distance,5.900223455630936,1005.258110028668,True,,端点最大距离且全时段按遮挡计损仍满足双向预算
T017,下降,3373.01034383198,3389.357661336863,中继,R004,1040,PASS,worst_obstruction_endpoint_distance,5.863329893920252,1009.5370532937532,True,,端点最大距离且全时段按遮挡计损仍满足双向预算
T017,投送,3389.357661336863,3408.448570427772,中继,R004,1041,PASS,exact_point,15.863329893920252,1009.5370532937532,,,独立计算 DEM 遮挡、自由空间损耗与双向预算
T017,投送,3408.448570427772,3427.539479518681,中继,R004,1042,PASS,exact_point,15.863329893920252,1009.5370532937532,,,独立计算 DEM 遮挡、自由空间损耗与双向预算
T017,投送,3427.539479518681,3446.63038860959,中继,R004,1043,PASS,exact_point,15.863329893920252,1009.5370532937532,,,独立计算 DEM 遮挡、自由空间损耗与双向预算
T017,投送,3446.63038860959,3465.7212977004992,中继,R004,1044,PASS,exact_point,15.863329893920252,1009.5370532937532,,,独立计算 DEM 遮挡、自由空间损耗与双向预算
T017,投送,3465.7212977004992,3484.8122067914082,中继,R004,1045,PASS,exact_point,15.863329893920252,1009.5370532937532,,,独立计算 DEM 遮挡、自由空间损耗与双向预算
T017,投送,3484.8122067914082,3503.9031158823173,中继,R004,1046,PASS,exact_point,15.863329893920252,1009.5370532937532,,,独立计算 DEM 遮挡、自由空间损耗与双向预算
T017,投送,3503.9031158823173,3522.9940249732267,中继,R004,1047,PASS,exact_point,15.863329893920252,1009.5370532937532,,,独立计算 DEM 遮挡、自由空间损耗与双向预算
T017,投送,3522.9940249732267,3542.0849340641357,中继,R004,1048,PASS,exact_point,15.863329893920252,1009.5370532937532,,,独立计算 DEM 遮挡、自由空间损耗与双向预算
T017,投送,3542.0849340641357,3561.1758431550447,中继,R004,1049,PASS,exact_point,15.863329893920252,1009.5370532937532,,,独立计算 DEM 遮挡、自由空间损耗与双向预算
T017,投送,3561.1758431550447,3580.266752245954,中继,R004,1050,PASS,exact_point,15.863329893920252,1009.5370532937532,,,独立计算 DEM 遮挡、自由空间损耗与双向预算
T017,投送,3580.266752245954,3599.357661336863,中继,R004,1051,PASS,exact_point,15.863329893920252,1009.5370532937532,,,独立计算 DEM 遮挡、自由空间损耗与双向预算
T017,爬升,3599.357661336863,3617.5213474533994,中继,R004,1052,PASS,worst_obstruction_endpoint_distance,5.863329893920252,1009.5370532937532,True,,端点最大距离且全时段按遮挡计损仍满足双向预算
T017,爬升,3617.5213474533994,3635.685033569936,中继,R004,1053,PASS,worst_obstruction_endpoint_distance,5.909393154225469,1004.1974184592474,True,,端点最大距离且全时段按遮挡计损仍满足双向预算
T017,爬升,3635.685033569936,3653.8487196864726,中继,R004,1054,PASS,worst_obstruction_endpoint_distance,5.925312180250401,1002.3586655558703,True,,端点最大距离且全时段按遮挡计损仍满足双向预算
T017,巡航,3653.8487196864726,3673.737000368984,中继,R004,1055,PASS,worst_obstruction_endpoint_distance,4.074505373604097,1240.4049469435772,True,,端点最大距离且全时段按遮挡计损仍满足双向预算
T017,巡航,3673.737000368984,3693.6252810514957,中继,R004,1056,PASS,worst_obstruction_endpoint_distance,2.5484738969831113,1478.6488962693352,True,,端点最大距离且全时段按遮挡计损仍满足双向预算
T017,巡航,3693.6252810514957,3713.5135617340075,中继,R004,1057,PASS,worst_obstruction_endpoint_distance,1.250327613390084,1717.0082330977298,True,,端点最大距离且全时段按遮挡计损仍满足双向预算
T017,巡航,3713.5135617340075,3733.4018424165192,直连,,1058,PASS,worst_obstruction_endpoint_distance,0.26846227199115447,3835.8855843779734,True,,端点最大距离且全时段按遮挡计损仍满足双向预算
T017,巡航,3733.4018424165192,3753.290123099031,直连,,1059,PASS,worst_obstruction_endpoint_distance,0.8236439117575145,3598.3761756750528,True,,端点最大距离且全时段按遮挡计损仍满足双向预算
T017,巡航,3753.290123099031,3773.1784037815423,直连,,1060,PASS,worst_obstruction_endpoint_distance,1.4163281891577668,3361.0296896850055,True,,端点最大距离且全时段按遮挡计损仍满足双向预算
T017,巡航,3773.1784037815423,3793.0666844640546,直连,,1061,PASS,worst_obstruction_endpoint_distance,2.0518792423324186,3123.883262266833,True,,端点最大距离且全时段按遮挡计损仍满足双向预算
T017,巡航,3793.0666844640546,3812.954965146566,直连,,1062,PASS,worst_obstruction_endpoint_distance,2.7368810245997395,2886.9861942255047,True,,端点最大距离且全时段按遮挡计损仍满足双向预算
T017,巡航,3812.954965146566,3832.8432458290777,直连,,1063,PASS,worst_obstruction_endpoint_distance,3.479529172961378,2650.405350710559,True,,端点最大距离且全时段按遮挡计损仍满足双向预算
T017,巡航,3832.8432458290777,3852.7315265115894,直连,,1064,PASS,worst_obstruction_endpoint_distance,4.290189015092025,2414.23369799851,True,,端点最大距离且全时段按遮挡计损仍满足双向预算
T017,巡航,3852.7315265115894,3872.619807194101,直连,,1065,PASS,worst_obstruction_endpoint_distance,5.182207975643664,2178.604315170309,True,,端点最大距离且全时段按遮挡计损仍满足双向预算
T017,巡航,3872.619807194101,3892.508087876613,直连,,1066,PASS,worst_obstruction_endpoint_distance,6.173126013776965,1943.714424408792,True,,端点最大距离且全时段按遮挡计损仍满足双向预算
T017,巡航,3892.508087876613,3912.3963685591243,直连,,1067,PASS,worst_obstruction_endpoint_distance,7.286519350126113,1709.8688117165054,True,,端点最大距离且全时段按遮挡计损仍满足双向预算
T017,巡航,3912.3963685591243,3932.284649241636,直连,,1068,PASS,worst_obstruction_endpoint_distance,8.554852807753903,1477.5633762912782,True,,端点最大距离且全时段按遮挡计损仍满足双向预算
T017,巡航,3932.284649241636,3952.172929924148,直连,,1069,PASS,worst_obstruction_endpoint_distance,10.023858998310331,1247.6587260477145,True,,端点最大距离且全时段按遮挡计损仍满足双向预算
T017,巡航,3952.172929924148,3972.0612106066596,直连,,1070,PASS,worst_obstruction_endpoint_distance,11.758655157239673,1021.7767126232106,True,,端点最大距离且全时段按遮挡计损仍满足双向预算
T017,巡航,3972.0612106066596,3991.9494912891714,直连,,1071,PASS,worst_obstruction_endpoint_distance,13.84802665832207,803.3178650350284,True,,端点最大距离且全时段按遮挡计损仍满足双向预算
T017,巡航,3991.9494912891714,4011.8377719716827,直连,,1072,PASS,worst_obstruction_endpoint_distance,16.376383700665244,600.4399405101009,True,,端点最大距离且全时段按遮挡计损仍满足双向预算
T017,巡航,4011.8377719716827,4031.726052654195,直连,,1073,PASS,worst_obstruction_endpoint_distance,19.166172498751166,435.4919518029065,True,,端点最大距离且全时段按遮挡计损仍满足双向预算
T017,下降,4031.726052654195,4050.939711406636,直连,,1074,PASS,worst_obstruction_endpoint_distance,20.717231343301734,364.273175048828,True,,端点最大距离且全时段按遮挡计损仍满足双向预算
T017,下降,4050.939711406636,4070.1533701590774,直连,,1075,PASS,worst_obstruction_endpoint_distance,21.945465831584315,316.2390281677254,True,,端点最大距离且全时段按遮挡计损仍满足双向预算
T017,下降,4070.1533701590774,4089.367028911519,直连,,1076,PASS,worst_obstruction_endpoint_distance,23.37644161219356,268.20488128662157,True,,端点最大距离且全时段按遮挡计损仍满足双向预算
T017,下降,4089.367028911519,4108.58068766396,直连,,1077,PASS,worst_obstruction_endpoint_distance,25.090583344521832,220.1707344055178,True,,端点最大距离且全时段按遮挡计损仍满足双向预算
T017,下降,4108.58068766396,4127.794346416402,直连,,1078,PASS,worst_obstruction_endpoint_distance,27.22831138255647,172.13658752441512,True,,端点最大距离且全时段按遮挡计损仍满足双向预算
T017,下降,4127.794346416402,4147.008005168844,直连,,1079,PASS,worst_obstruction_endpoint_distance,30.070168714278523,124.10244064331022,True,,端点最大距离且全时段按遮挡计损仍满足双向预算
T017,下降,4147.008005168844,4166.221663921285,直连,,1080,PASS,worst_obstruction_endpoint_distance,34.32170166595199,76.06829376220531,True,,端点最大距离且全时段按遮挡计损仍满足双向预算
T017,下降,4166.221663921285,4185.435322673726,直连,,1081,PASS,worst_obstruction_endpoint_distance,42.99202827701126,28.03414688110263,True,,端点最大距离且全时段按遮挡计损仍满足双向预算
T018,爬升,3491.0,3510.2136587524415,直连,,1082,PASS,worst_obstruction_endpoint_distance,42.992028277010945,28.034146881103652,True,,端点最大距离且全时段按遮挡计损仍满足双向预算
T018,爬升,3510.2136587524415,3529.427317504883,直连,,1083,PASS,worst_obstruction_endpoint_distance,34.321701665951764,76.0682937622073,True,,端点最大距离且全时段按遮挡计损仍满足双向预算
T018,爬升,3529.427317504883,3548.640976257324,直连,,1084,PASS,worst_obstruction_endpoint_distance,30.07016871427855,124.10244064330982,True,,端点最大距离且全时段按遮挡计损仍满足双向预算
T018,爬升,3548.640976257324,3567.854635009766,直连,,1085,PASS,worst_obstruction_endpoint_distance,27.228311382556498,172.1365875244146,True,,端点最大距离且全时段按遮挡计损仍满足双向预算
T018,爬升,3567.854635009766,3587.068293762207,直连,,1086,PASS,worst_obstruction_endpoint_distance,25.09058334452186,220.17073440551712,True,,端点最大距离且全时段按遮挡计损仍满足双向预算
T018,爬升,3587.068293762207,3606.2819525146483,直连,,1087,PASS,worst_obstruction_endpoint_distance,23.376441612193588,268.2048812866207,True,,端点最大距离且全时段按遮挡计损仍满足双向预算
T018,爬升,3606.2819525146483,3625.4956112670898,直连,,1088,PASS,worst_obstruction_endpoint_distance,21.945465831584343,316.23902816772437,True,,端点最大距离且全时段按遮挡计损仍满足双向预算
T018,爬升,3625.4956112670898,3644.7092700195312,直连,,1089,PASS,worst_obstruction_endpoint_distance,20.717231343301734,364.273175048828,True,,端点最大距离且全时段按遮挡计损仍满足双向预算
T018,巡航,3644.7092700195312,3663.603136667917,直连,,1090,PASS,worst_obstruction_endpoint_distance,18.661672477929415,461.5355244926001,True,,端点最大距离且全时段按遮挡计损仍满足双向预算
T018,巡航,3663.603136667917,3682.4970033163036,直连,,1091,PASS,worst_obstruction_endpoint_distance,15.375452699934556,673.7769091431577,True,,端点最大距离且全时段按遮挡计损仍满足双向预算
T018,巡航,3682.4970033163036,3701.3908699646895,直连,,1092,PASS,worst_obstruction_endpoint_distance,12.623190271631984,924.9734022323017,True,,端点最大距离且全时段按遮挡计损仍满足双向预算
T018,巡航,3701.3908699646895,3720.2847366130754,直连,,1093,PASS,worst_obstruction_endpoint_distance,10.429575041650054,1190.7209811695823,True,,端点最大距离且全时段按遮挡计损仍满足双向预算
T018,巡航,3720.2847366130754,3739.178603261462,直连,,1094,PASS,worst_obstruction_endpoint_distance,8.640222545108585,1463.112197944657,True,,端点最大距离且全时段按遮挡计损仍满足双向预算
T018,巡航,3739.178603261462,3758.072469909848,直连,,1095,PASS,worst_obstruction_endpoint_distance,7.139643736160679,1739.027987459995,True,,端点最大距离且全时段按遮挡计损仍满足双向预算
T018,巡航,3758.072469909848,3776.966336558234,直连,,1096,PASS,worst_obstruction_endpoint_distance,5.851560521092864,2017.0224508369258,True,,端点最大距离且全时段按遮挡计损仍满足双向预算
T018,巡航,3776.966336558234,3795.86020320662,直连,,1097,PASS,worst_obstruction_endpoint_distance,4.725048394892426,2296.340780852931,True,,端点最大距离且全时段按遮挡计损仍满足双向预算
T018,巡航,3795.86020320662,3814.7540698550065,直连,,1098,PASS,worst_obstruction_endpoint_distance,3.7249953747456317,2576.552461149355,True,,端点最大距离且全时段按遮挡计损仍满足双向预算
T018,巡航,3814.7540698550065,3833.6479365033924,直连,,1099,PASS,worst_obstruction_endpoint_distance,2.8263705191290995,2857.394683434026,True,,端点最大距离且全时段按遮挡计损仍满足双向预算
T018,巡航,3833.6479365033924,3852.5418031517784,直连,,1100,PASS,worst_obstruction_endpoint_distance,2.010784013786548,3138.6981946975716,True,,端点最大距离且全时段按遮挡计损仍满足双向预算
T018,巡航,3852.5418031517784,3871.4356698001648,直连,,1101,PASS,worst_obstruction_endpoint_distance,1.2643662606990915,3420.3491819541655,True,,端点最大距离且全时段按遮挡计损仍满足双向预算
T018,巡航,3871.4356698001648,3890.3295364485507,直连,,1102,PASS,worst_obstruction_endpoint_distance,0.5764172950555349,3702.2683430850543,True,,端点最大距离且全时段按遮挡计损仍满足双向预算
T018,巡航,3890.3295364485507,3909.223403096937,中继,R004,1103,PASS,worst_obstruction_endpoint_distance,0.5970868152485878,1851.1193369976415,True,,端点最大距离且全时段按遮挡计损仍满足双向预算
T018,巡航,3909.223403096937,3928.117269745323,中继,R004,1104,PASS,worst_obstruction_endpoint_distance,2.0387268612306,1568.0229513815293,True,,端点最大距离且全时段按遮挡计损仍满足双向预算
T018,巡航,3928.117269745323,3947.0111363937094,中继,R004,1105,PASS,worst_obstruction_endpoint_distance,3.76728039508761,1285.0639442954207,True,,端点最大距离且全时段按遮挡计损仍满足双向预算
T018,下降,3947.0111363937094,3963.358453898592,中继,R004,1106,PASS,worst_obstruction_endpoint_distance,5.925312180250401,1002.3586655558703,True,,端点最大距离且全时段按遮挡计损仍满足双向预算
T018,下降,3963.358453898592,3979.705771403475,中继,R004,1107,PASS,worst_obstruction_endpoint_distance,5.928065501282532,1002.0409804432401,True,,端点最大距离且全时段按遮挡计损仍满足双向预算
T018,下降,3979.705771403475,3996.0530889083575,中继,R004,1108,PASS,worst_obstruction_endpoint_distance,5.915590178121462,1003.4812205513703,True,,端点最大距离且全时段按遮挡计损仍满足双向预算
T018,下降,3996.0530889083575,4012.4004064132405,中继,R004,1109,PASS,worst_obstruction_endpoint_distance,5.8939662993288096,1005.9825405183378,True,,端点最大距离且全时段按遮挡计损仍满足双向预算
T018,下降,4012.4004064132405,4028.7477239181235,中继,R004,1110,PASS,worst_obstruction_endpoint_distance,5.863329893920252,1009.5370532937532,True,,端点最大距离且全时段按遮挡计损仍满足双向预算
T018,投送,4028.7477239181235,4048.384087554487,中继,R004,1111,PASS,exact_point,15.863329893920252,1009.5370532937532,,,独立计算 DEM 遮挡、自由空间损耗与双向预算
T018,投送,4048.384087554487,4068.0204511908505,中继,R004,1112,PASS,exact_point,15.863329893920252,1009.5370532937532,,,独立计算 DEM 遮挡、自由空间损耗与双向预算
T018,投送,4068.0204511908505,4087.6568148272145,中继,R004,1113,PASS,exact_point,15.863329893920252,1009.5370532937532,,,独立计算 DEM 遮挡、自由空间损耗与双向预算
T018,投送,4087.6568148272145,4107.2931784635775,中继,R004,1114,PASS,exact_point,15.863329893920252,1009.5370532937532,,,独立计算 DEM 遮挡、自由空间损耗与双向预算
T018,投送,4107.2931784635775,4126.9295420999415,中继,R004,1115,PASS,exact_point,15.863329893920252,1009.5370532937532,,,独立计算 DEM 遮挡、自由空间损耗与双向预算
T018,投送,4126.9295420999415,4146.565905736305,中继,R004,1116,PASS,exact_point,15.863329893920252,1009.5370532937532,,,独立计算 DEM 遮挡、自由空间损耗与双向预算
T018,投送,4146.565905736305,4166.2022693726685,中继,R004,1117,PASS,exact_point,15.863329893920252,1009.5370532937532,,,独立计算 DEM 遮挡、自由空间损耗与双向预算
T018,投送,4166.2022693726685,4185.8386330090325,中继,R004,1118,PASS,exact_point,15.863329893920252,1009.5370532937532,,,独立计算 DEM 遮挡、自由空间损耗与双向预算
T018,投送,4185.8386330090325,4205.4749966453965,中继,R004,1119,PASS,exact_point,15.863329893920252,1009.5370532937532,,,独立计算 DEM 遮挡、自由空间损耗与双向预算
T018,投送,4205.4749966453965,4225.1113602817595,中继,R004,1120,PASS,exact_point,15.863329893920252,1009.5370532937532,,,独立计算 DEM 遮挡、自由空间损耗与双向预算
T018,投送,4225.1113602817595,4244.7477239181235,中继,R004,1121,PASS,exact_point,15.863329893920252,1009.5370532937532,,,独立计算 DEM 遮挡、自由空间损耗与双向预算
T018,爬升,4244.7477239181235,4257.187592082186,中继,R004,1122,PASS,worst_obstruction_endpoint_distance,5.863329893920252,1009.5370532937532,True,,端点最大距离且全时段按遮挡计损仍满足双向预算
T018,爬升,4257.187592082186,4269.627460246248,中继,R004,1123,PASS,worst_obstruction_endpoint_distance,5.892679517396829,1006.1315840938256,True,,端点最大距离且全时段按遮挡计损仍满足双向预算
T018,巡航,4269.627460246248,4287.856404636299,中继,R004,1124,PASS,worst_obstruction_endpoint_distance,5.913881386311047,1003.6786567664515,True,,端点最大距离且全时段按遮挡计损仍满足双向预算
T018,巡航,4287.856404636299,4306.08534902635,中继,R004,1125,PASS,worst_obstruction_endpoint_distance,8.617009942779546,735.2554648955712,True,,端点最大距离且全时段按遮挡计损仍满足双向预算
T018,巡航,4306.08534902635,4324.314293416401,中继,R004,1126,PASS,worst_obstruction_endpoint_distance,12.455665987550589,472.6127774177759,True,,端点最大距离且全时段按遮挡计损仍满足双向预算
T018,巡航,4324.314293416401,4342.543237806451,中继,R004,1127,PASS,worst_obstruction_endpoint_distance,18.490533361971785,235.91854994232818,True,,端点最大距离且全时段按遮挡计损仍满足双向预算
T018,巡航,4342.543237806451,4360.7721821965015,中继,R004,1128,PASS,worst_obstruction_endpoint_distance,13.670906749096787,410.90688749500214,True,,端点最大距离且全时段按遮挡计损仍满足双向预算
T018,巡航,4360.7721821965015,4379.001126586552,中继,R004,1129,PASS,worst_obstruction_endpoint_distance,9.416192327506309,670.6240775175156,True,,端点最大距离且全时段按遮挡计损仍满足双向预算
T018,巡航,4379.001126586552,4397.230070976602,中继,R004,1130,PASS,worst_obstruction_endpoint_distance,6.500152363600563,938.1691332647781,True,,端点最大距离且全时段按遮挡计损仍满足双向预算
T018,巡航,4397.230070976602,4415.459015366653,中继,R004,1131,PASS,worst_obstruction_endpoint_distance,4.301894195271544,1208.3536229036254,True,,端点最大距离且全时段按遮挡计损仍满足双向预算
T018,巡航,4415.459015366653,4433.687959756704,中继,R004,1132,PASS,worst_obstruction_endpoint_distance,2.5421112172852816,1479.7324486090579,True,,端点最大距离且全时段按遮挡计损仍满足双向预算
T018,巡航,4433.687959756704,4451.916904146754,中继,R004,1133,PASS,worst_obstruction_endpoint_distance,1.0763295507118045,1751.750623535806,True,,端点最大距离且全时段按遮挡计损仍满足双向预算
T018,下降,4451.916904146754,4469.966739351832,中继,R004,1134,PASS,worst_obstruction_endpoint_distance,1.0679832049775655,1753.4347047053836,True,,端点最大距离且全时段按遮挡计损仍满足双向预算
T018,下降,4469.966739351832,4488.01657455691,中继,R004,1135,PASS,worst_obstruction_endpoint_distance,1.0559798351574585,1755.8595196313033,True,,端点最大距离且全时段按遮挡计损仍满足双向预算
T018,投送,4488.01657455691,4507.81657455691,中继,R004,1136,PASS,exact_point,11.055979835157459,1755.8595196313033,,,独立计算 DEM 遮挡、自由空间损耗与双向预算
T018,投送,4507.81657455691,4527.616574556911,中继,R004,1137,PASS,exact_point,11.055979835157459,1755.8595196313033,,,独立计算 DEM 遮挡、自由空间损耗与双向预算
T018,投送,4527.616574556911,4547.416574556911,中继,R004,1138,PASS,exact_point,11.055979835157459,1755.8595196313033,,,独立计算 DEM 遮挡、自由空间损耗与双向预算
T018,投送,4547.416574556911,4567.216574556911,中继,R004,1139,PASS,exact_point,11.055979835157459,1755.8595196313033,,,独立计算 DEM 遮挡、自由空间损耗与双向预算
T018,投送,4567.216574556911,4587.01657455691,中继,R004,1140,PASS,exact_point,11.055979835157459,1755.8595196313033,,,独立计算 DEM 遮挡、自由空间损耗与双向预算
T018,投送,4587.01657455691,4606.81657455691,中继,R004,1141,PASS,exact_point,11.055979835157459,1755.8595196313033,,,独立计算 DEM 遮挡、自由空间损耗与双向预算
T018,投送,4606.81657455691,4626.616574556911,中继,R004,1142,PASS,exact_point,11.055979835157459,1755.8595196313033,,,独立计算 DEM 遮挡、自由空间损耗与双向预算
T018,投送,4626.616574556911,4646.416574556911,中继,R004,1143,PASS,exact_point,11.055979835157459,1755.8595196313033,,,独立计算 DEM 遮挡、自由空间损耗与双向预算
T018,投送,4646.416574556911,4666.216574556911,中继,R004,1144,PASS,exact_point,11.055979835157459,1755.8595196313033,,,独立计算 DEM 遮挡、自由空间损耗与双向预算
T018,投送,4666.216574556911,4686.01657455691,中继,R004,1145,PASS,exact_point,11.055979835157459,1755.8595196313033,,,独立计算 DEM 遮挡、自由空间损耗与双向预算
T018,投送,4686.01657455691,4705.81657455691,中继,R004,1146,PASS,exact_point,11.055979835157459,1755.8595196313033,,,独立计算 DEM 遮挡、自由空间损耗与双向预算
T018,投送,4705.81657455691,4725.616574556911,中继,R004,1147,PASS,exact_point,11.055979835157459,1755.8595196313033,,,独立计算 DEM 遮挡、自由空间损耗与双向预算
T018,投送,4725.616574556911,4745.41657455691,中继,R004,1148,PASS,exact_point,11.055979835157459,1755.8595196313033,,,独立计算 DEM 遮挡、自由空间损耗与双向预算
T018,投送,4745.41657455691,4765.216574556911,中继,R004,1149,PASS,exact_point,11.055979835157459,1755.8595196313033,,,独立计算 DEM 遮挡、自由空间损耗与双向预算
T018,投送,4765.216574556911,4785.01657455691,中继,R004,1150,PASS,exact_point,11.055979835157459,1755.8595196313033,,,独立计算 DEM 遮挡、自由空间损耗与双向预算
T018,投送,4785.01657455691,4804.81657455691,中继,R004,1151,PASS,exact_point,11.055979835157459,1755.8595196313033,,,独立计算 DEM 遮挡、自由空间损耗与双向预算
T018,投送,4804.81657455691,4824.616574556911,中继,R004,1152,PASS,exact_point,11.055979835157459,1755.8595196313033,,,独立计算 DEM 遮挡、自由空间损耗与双向预算
T018,投送,4824.616574556911,4844.41657455691,中继,R004,1153,PASS,exact_point,11.055979835157459,1755.8595196313033,,,独立计算 DEM 遮挡、自由空间损耗与双向预算
T018,投送,4844.41657455691,4864.216574556911,中继,R004,1154,PASS,exact_point,11.055979835157459,1755.8595196313033,,,独立计算 DEM 遮挡、自由空间损耗与双向预算
T018,投送,4864.216574556911,4884.01657455691,中继,R004,1155,PASS,exact_point,11.055979835157459,1755.8595196313033,,,独立计算 DEM 遮挡、自由空间损耗与双向预算
T018,爬升,4884.01657455691,4901.880905611598,中继,R004,1156,PASS,worst_obstruction_endpoint_distance,1.0559798351574585,1755.8595196313033,True,,端点最大距离且全时段按遮挡计损仍满足双向预算
T018,爬升,4901.880905611598,4919.745236666286,中继,R004,1157,PASS,worst_obstruction_endpoint_distance,1.070294308703211,1752.9682204905325,True,,端点最大距离且全时段按遮挡计损仍满足双向预算
T018,爬升,4919.745236666286,4937.609567720973,中继,R004,1158,PASS,worst_obstruction_endpoint_distance,1.079003193774426,1751.2114922161775,True,,端点最大距离且全时段按遮挡计损仍满足双向预算
T018,爬升,4937.609567720973,4955.473898775661,中继,R004,1159,PASS,worst_obstruction_endpoint_distance,1.079490722717381,1751.1132014983284,True,,端点最大距离且全时段按遮挡计损仍满足双向预算
T018,爬升,4955.473898775661,4973.338229830348,中继,R004,1160,PASS,worst_obstruction_endpoint_distance,1.0712674676761509,1752.7718305681353,True,,端点最大距离且全时段按遮挡计损仍满足双向预算
T018,巡航,4973.338229830348,4992.707103742485,中继,R004,1161,PASS,worst_obstruction_endpoint_distance,1.0712674676761509,1752.7718305681353,True,,端点最大距离且全时段按遮挡计损仍满足双向预算
T018,巡航,4992.707103742485,5012.07597765462,中继,R004,1162,PASS,worst_obstruction_endpoint_distance,2.623672825457902,1465.9026063667584,True,,端点最大距离且全时段按遮挡计损仍满足双向预算
T018,巡航,5012.07597765462,5031.444851566756,中继,R004,1163,PASS,worst_obstruction_endpoint_distance,4.502054703899418,1180.826315405272,True,,端点最大距离且全时段按遮挡计损仍满足双向预算
T018,巡航,5031.444851566756,5050.813725478893,中继,R004,1164,PASS,worst_obstruction_endpoint_distance,6.868168733638754,899.24974141508,True,,端点最大距离且全时段按遮挡计损仍满足双向预算
T018,巡航,5050.813725478893,5070.182599391029,中继,R004,1165,PASS,worst_obstruction_endpoint_distance,10.015481333898364,625.9140373865304,True,,端点最大距离且全时段按遮挡计损仍满足双向预算
T018,巡航,5070.182599391029,5089.551473303165,中继,R004,1166,PASS,worst_obstruction_endpoint_distance,14.37103699044114,379.0852693535973,True,,端点最大距离且全时段按遮挡计损仍满足双向预算
T018,巡航,5089.551473303165,5108.920347215301,中继,R004,1167,PASS,worst_obstruction_endpoint_distance,14.069522297381894,392.475583151711,True,,端点最大距离且全时段按遮挡计损仍满足双向预算
T018,巡航,5108.920347215301,5128.2892211274375,中继,R004,1168,PASS,worst_obstruction_endpoint_distance,9.792259352295261,642.2081174014783,True,,端点最大距离且全时段按遮挡计损仍满足双向预算
T018,巡航,5128.2892211274375,5147.658095039573,中继,R004,1169,PASS,worst_obstruction_endpoint_distance,6.704821087598461,916.3211354232054,True,,端点最大距离且全时段按遮挡计损仍满足双向预算
T018,巡航,5147.658095039573,5167.02696895171,中继,R004,1170,PASS,worst_obstruction_endpoint_distance,4.375209083256834,1198.197210341921,True,,端点最大距离且全时段按遮挡计损仍满足双向预算
T018,巡航,5167.02696895171,5186.395842863845,中继,R004,1171,PASS,worst_obstruction_endpoint_distance,2.5205068448941716,1483.4175612415534,True,,端点最大距离且全时段按遮挡计损仍满足双向预算
T018,巡航,5186.395842863845,5205.764716775982,中继,R004,1172,PASS,worst_obstruction_endpoint_distance,0.9845112323786225,1770.3665557193347,True,,端点最大距离且全时段按遮挡计损仍满足双向预算
T018,巡航,5205.764716775982,5225.133590688118,直连,,1173,PASS,worst_obstruction_endpoint_distance,0.3511001857511502,3799.563867195433,True,,端点最大距离且全时段按遮挡计损仍满足双向预算
T018,巡航,5225.133590688118,5244.502464600254,直连,,1174,PASS,worst_obstruction_endpoint_distance,1.0373955454072217,3510.9042140003926,True,,端点最大距离且全时段按遮挡计损仍满足双向预算
T018,巡航,5244.502464600254,5263.87133851239,直连,,1175,PASS,worst_obstruction_endpoint_distance,1.7816975303946947,3222.581293521582,True,,端点最大距离且全时段按遮挡计损仍满足双向预算
T018,巡航,5263.87133851239,5283.240212424526,直连,,1176,PASS,worst_obstruction_endpoint_distance,2.5945176302470827,2934.6943556878236,True,,端点最大距离且全时段按遮挡计损仍满足双向预算
T018,巡航,5283.240212424526,5302.609086336663,直连,,1177,PASS,worst_obstruction_endpoint_distance,3.489431003683208,2647.3856356294796,True,,端点最大距离且全时段按遮挡计损仍满足双向预算
T018,巡航,5302.609086336663,5321.977960248798,直连,,1178,PASS,worst_obstruction_endpoint_distance,4.48434751456054,2360.8662437015696,True,,端点最大距离且全时段按遮挡计损仍满足双向预算
T018,巡航,5321.977960248798,5341.346834160935,直连,,1179,PASS,worst_obstruction_endpoint_distance,5.6034748051165195,2075.4631078491716,True,,端点最大距离且全时段按遮挡计损仍满足双向预算
T018,巡航,5341.346834160935,5360.71570807307,直连,,1180,PASS,worst_obstruction_endpoint_distance,6.88042209365949,1791.7097359553002,True,,端点最大距离且全时段按遮挡计损仍满足双向预算
T018,巡航,5360.71570807307,5380.0845819852075,直连,,1181,PASS,worst_obstruction_endpoint_distance,8.363152781545892,1510.5361360364743,True,,端点最大距离且全时段按遮挡计损仍满足双向预算
T018,巡航,5380.0845819852075,5399.453455897343,直连,,1182,PASS,worst_obstruction_endpoint_distance,10.121531530871934,1233.707434162586,True,,端点最大距离且全时段按遮挡计损仍满足双向预算
T018,巡航,5399.453455897343,5418.822329809479,直连,,1183,PASS,worst_obstruction_endpoint_distance,12.255496498365815,964.9702702284851,True,,端点最大距离且全时段按遮挡计损仍满足双向预算
T018,巡航,5418.822329809479,5438.191203721615,直连,,1184,PASS,worst_obstruction_endpoint_distance,14.877571997569547,713.5265841036068,True,,端点最大距离且全时段按遮挡计损仍满足双向预算
T018,巡航,5438.191203721615,5457.5600776337515,直连,,1185,PASS,worst_obstruction_endpoint_distance,17.86521275478823,505.85741518854684,True,,端点最大距离且全时段按遮挡计损仍满足双向预算
T018,下降,5457.5600776337515,5477.292083914824,直连,,1186,PASS,worst_obstruction_endpoint_distance,19.603583756332725,414.104138183594,True,,端点最大距离且全时段按遮挡计损仍满足双向预算
T018,下降,5477.292083914824,5497.024090195897,直连,,1187,PASS,worst_obstruction_endpoint_distance,20.473489357801128,374.6401256214496,True,,端点最大距离且全时段按遮挡计损仍满足双向预算
T018,下降,5497.024090195897,5516.756096476969,直连,,1188,PASS,worst_obstruction_endpoint_distance,21.4403139604089,335.17611305930336,True,,端点最大距离且全时段按遮挡计损仍满足双向预算
T018,下降,5516.756096476969,5536.488102758041,直连,,1189,PASS,worst_obstruction_endpoint_distance,22.52839324260283,295.71210049715893,True,,端点最大距离且全时段按遮挡计损仍满足双向预算
T018,下降,5536.488102758041,5556.220109039114,直连,,1190,PASS,worst_obstruction_endpoint_distance,23.772562496383983,256.24808793501455,True,,端点最大距离且全时段按遮挡计损仍满足双向预算
T018,下降,5556.220109039114,5575.952115320186,直连,,1191,PASS,worst_obstruction_endpoint_distance,25.22522763719563,216.78407537287006,True,,端点最大距离且全时段按遮挡计损仍满足双向预算
T018,下降,5575.952115320186,5595.684121601258,直连,,1192,PASS,worst_obstruction_endpoint_distance,26.970617636485343,177.3200628107257,True,,端点最大距离且全时段按遮挡计损仍满足双向预算
T018,下降,5595.684121601258,5615.416127882331,直连,,1193,PASS,worst_obstruction_endpoint_distance,29.15725854084033,137.85605024858125,True,,端点最大距离且全时段按遮挡计损仍满足双向预算
T018,下降,5615.416127882331,5635.1481341634035,直连,,1194,PASS,worst_obstruction_endpoint_distance,32.08657606883992,98.39203768643506,True,,端点最大距离且全时段按遮挡计损仍满足双向预算
T018,下降,5635.1481341634035,5654.880140444477,直连,,1195,PASS,worst_obstruction_endpoint_distance,36.53933743227307,58.928025124290684,True,,端点最大距离且全时段按遮挡计损仍满足双向预算
T018,下降,5654.880140444477,5674.612146725549,直连,,1196,PASS,worst_obstruction_endpoint_distance,45.92517525248826,20.0,True,,端点最大距离且全时段按遮挡计损仍满足双向预算
T019,爬升,3594.0,3612.0876724243167,直连,,1197,PASS,worst_obstruction_endpoint_distance,41.24926306189187,34.26301727294995,True,,端点最大距离且全时段按遮挡计损仍满足双向预算
T019,爬升,3612.0876724243167,3630.175344848633,直连,,1198,PASS,worst_obstruction_endpoint_distance,33.00435495025734,88.52603454589851,True,,端点最大距离且全时段按遮挡计损仍满足双向预算
T019,爬升,3630.175344848633,3648.2630172729496,直连,,1199,PASS,worst_obstruction_endpoint_distance,28.851876971718013,142.7890518188484,True,,端点最大距离且全时段按遮挡计损仍满足双向预算
T019,爬升,3648.2630172729496,3666.350689697266,直连,,1200,PASS,worst_obstruction_endpoint_distance,26.054155177428697,197.05206909179702,True,,端点最大距离且全时段按遮挡计损仍满足双向预算
T019,爬升,3666.350689697266,3684.438362121582,直连,,1201,PASS,worst_obstruction_endpoint_distance,23.941403967071793,251.31508636474558,True,,端点最大距离且全时段按遮挡计损仍满足双向预算
T019,爬升,3684.438362121582,3702.5260345458987,直连,,1202,PASS,worst_obstruction_endpoint_distance,22.24333053746038,305.5781036376955,True,,端点最大距离且全时段按遮挡计损仍满足双向预算
T019,爬升,3702.5260345458987,3720.613706970215,直连,,1203,PASS,worst_obstruction_endpoint_distance,20.823559347214356,359.84112091064407,True,,端点最大距离且全时段按遮挡计损仍满足双向预算
T019,爬升,3720.613706970215,3738.7013793945316,直连,,1204,PASS,worst_obstruction_endpoint_distance,19.603583756332725,414.104138183594,True,,端点最大距离且全时段按遮挡计损仍满足双向预算
T019,巡航,3738.7013793945316,3758.2264539027333,直连,,1205,PASS,worst_obstruction_endpoint_distance,18.39741098882675,475.7931759032307,True,,端点最大距离且全时段按遮挡计损仍满足双向预算
T019,巡航,3758.2264539027333,3777.751528410935,直连,,1206,PASS,worst_obstruction_endpoint_distance,16.02323156066953,625.3557972562114,True,,端点最大距离且全时段按遮挡计损仍满足双向预算
T019,巡航,3777.751528410935,3797.2766029191366,直连,,1207,PASS,worst_obstruction_endpoint_distance,13.713939458904292,815.815186202598,True,,端点最大距离且全时段按遮挡计损仍满足双向预算
T019,巡航,3797.2766029191366,3816.8016774273383,直连,,1208,PASS,worst_obstruction_endpoint_distance,11.73457387155004,1024.6134787645549,True,,端点最大距离且全时段按遮挡计损仍满足双向预算
T019,巡航,3816.8016774273383,3836.3267519355404,直连,,1209,PASS,worst_obstruction_endpoint_distance,10.059569536755163,1242.5397223605517,True,,端点最大距离且全时段按遮挡计损仍满足双向预算
T019,巡航,3836.3267519355404,3855.851826443742,直连,,1210,PASS,worst_obstruction_endpoint_distance,8.625895505130202,1465.527536545165,True,,端点最大距离且全时段按遮挡计损仍满足双向预算
T019,巡航,3855.851826443742,3875.3769009519438,直连,,1211,PASS,worst_obstruction_endpoint_distance,7.37994272538333,1691.5764177391372,True,,端点最大距离且全时段按遮挡计损仍满足双向预算
T019,巡航,3875.3769009519438,3894.9019754601454,直连,,1212,PASS,worst_obstruction_endpoint_distance,6.281536472192059,1919.6052749671428,True,,端点最大距离且全时段按遮挡计损仍满足双向预算
T019,巡航,3894.9019754601454,3914.427049968347,直连,,1213,PASS,worst_obstruction_endpoint_distance,5.301111871503167,2148.983914379498,True,,端点最大距离且全时段按遮挡计损仍满足双向预算
T019,巡航,3914.427049968347,3933.952124476549,直连,,1214,PASS,worst_obstruction_endpoint_distance,4.4167107952732465,2379.3219905663836,True,,端点最大距离且全时段按遮挡计损仍满足双向预算
T019,巡航,3933.952124476549,3953.4771989847504,直连,,1215,PASS,worst_obstruction_endpoint_distance,3.6117486322979744,2610.3655344174194,True,,端点最大距离且全时段按遮挡计损仍满足双向预算
T019,巡航,3953.4771989847504,3973.0022734929526,直连,,1216,PASS,worst_obstruction_endpoint_distance,2.8734694540850256,2841.9424923292363,True,,端点最大距离且全时段按遮挡计损仍满足双向预算
T019,巡航,3973.0022734929526,3992.527348001154,直连,,1217,PASS,worst_obstruction_endpoint_distance,2.191889165852203,3073.93231124083,True,,端点最大距离且全时段按遮挡计损仍满足双向预算
T019,巡航,3992.527348001154,4012.052422509356,直连,,1218,PASS,worst_obstruction_endpoint_distance,1.559066410352358,3306.248084524794,True,,端点最大距离且全时段按遮挡计损仍满足双向预算
T019,巡航,4012.052422509356,4031.5774970175576,直连,,1219,PASS,worst_obstruction_endpoint_distance,0.9685919145869804,3538.825618295985,True,,端点最大距离且全时段按遮挡计损仍满足双向预算
T019,巡航,4031.5774970175576,4051.1025715257592,直连,,1220,PASS,worst_obstruction_endpoint_distance,0.41522465241320106,3771.616488316685,True,,端点最大距离且全时段按遮挡计损仍满足双向预算
T019,巡航,4051.1025715257592,4070.6276460339614,中继,R004,1221,PASS,worst_obstruction_endpoint_distance,0.8490302798144427,1798.1968986308907,True,,端点最大距离且全时段按遮挡计损仍满足双向预算
T019,巡航,4070.6276460339614,4090.152720542163,中继,R004,1222,PASS,worst_obstruction_endpoint_distance,2.0466724140916455,1566.5892338167546,True,,端点最大距离且全时段按遮挡计损仍满足双向预算
T019,巡航,4090.152720542163,4109.677795050365,中继,R004,1223,PASS,worst_obstruction_endpoint_distance,3.4301584898653914,1335.9211753415657,True,,端点最大距离且全时段按遮挡计损仍满足双向预算
T019,巡航,4109.677795050365,4129.202869558567,中继,R004,1224,PASS,worst_obstruction_endpoint_distance,5.064546292495137,1106.7803593719177,True,,端点最大距离且全时段按遮挡计损仍满足双向预算
T019,巡航,4129.202869558567,4148.727944066768,中继,R004,1225,PASS,worst_obstruction_endpoint_distance,7.052567845391934,880.3601302922355,True,,端点最大距离且全时段按遮挡计损仍满足双向预算
T019,巡航,4148.727944066768,4168.25301857497,中继,R004,1226,PASS,worst_obstruction_endpoint_distance,9.561891354059668,659.468704394305,True,,端点最大距离且全时段按遮挡计损仍满足双向预算
T019,巡航,4168.25301857497,4187.778093083171,中继,R004,1227,PASS,worst_obstruction_endpoint_distance,12.837614657622282,452.2806684940842,True,,端点最大距离且全时段按遮挡计损仍满足双向预算
T019,巡航,4187.778093083171,4207.3031675913735,中继,R004,1228,PASS,worst_obstruction_endpoint_distance,16.70244194914028,289.845565882971,True,,端点最大距离且全时段按遮挡计损仍满足双向预算
T019,巡航,4207.3031675913735,4226.828242099575,中继,R004,1229,PASS,worst_obstruction_endpoint_distance,13.582992870799032,415.086983475622,True,,端点最大距离且全时段按遮挡计损仍满足双向预算
T019,巡航,4226.828242099575,4246.353316607777,中继,R004,1230,PASS,worst_obstruction_endpoint_distance,10.135028927687586,617.3583292313319,True,,端点最大距离且全时段按遮挡计损仍满足双向预算
T019,巡航,4246.353316607777,4265.878391115979,中继,R004,1231,PASS,worst_obstruction_endpoint_distance,7.496288825348643,836.5161250342817,True,,端点最大距离且全时段按遮挡计损仍满足双向预算
T019,巡航,4265.878391115979,4285.40346562418,中继,R004,1232,PASS,worst_obstruction_endpoint_distance,5.421987482213211,1062.158635121915,True,,端点最大距离且全时段按遮挡计损仍满足双向预算
T019,巡航,4285.40346562418,4304.928540132382,中继,R004,1233,PASS,worst_obstruction_endpoint_distance,3.7279916585073067,1290.889818240399,True,,端点最大距离且全时段按遮挡计损仍满足双向预算
T019,巡航,4304.928540132382,4324.453614640584,中继,R004,1234,PASS,worst_obstruction_endpoint_distance,2.30137989286807,1521.3171587343563,True,,端点最大距离且全时段按遮挡计损仍满足双向预算
T019,巡航,4324.453614640584,4343.978689148786,中继,R004,1235,PASS,worst_obstruction_endpoint_distance,1.0712674676761509,1752.7718305681353,True,,端点最大距离且全时段按遮挡计损仍满足双向预算
T019,下降,4343.978689148786,4361.843020203473,中继,R004,1236,PASS,worst_obstruction_endpoint_distance,1.0712674676761509,1752.7718305681353,True,,端点最大距离且全时段按遮挡计损仍满足双向预算
T019,下降,4361.843020203473,4379.707351258161,中继,R004,1237,PASS,worst_obstruction_endpoint_distance,1.079490722717381,1751.1132014983282,True,,端点最大距离且全时段按遮挡计损仍满足双向预算
T019,下降,4379.707351258161,4397.571682312848,中继,R004,1238,PASS,worst_obstruction_endpoint_distance,1.079003193774426,1751.2114922161775,True,,端点最大距离且全时段按遮挡计损仍满足双向预算
T019,下降,4397.571682312848,4415.436013367535,中继,R004,1239,PASS,worst_obstruction_endpoint_distance,1.070294308703211,1752.9682204905325,True,,端点最大距离且全时段按遮挡计损仍满足双向预算
T019,下降,4415.436013367535,4433.300344422223,中继,R004,1240,PASS,worst_obstruction_endpoint_distance,1.0559798351574585,1755.8595196313033,True,,端点最大距离且全时段按遮挡计损仍满足双向预算
T019,投送,4433.300344422223,4452.391253513132,中继,R004,1241,PASS,exact_point,11.055979835157459,1755.8595196313033,,,独立计算 DEM 遮挡、自由空间损耗与双向预算
T019,投送,4452.391253513132,4471.482162604041,中继,R004,1242,PASS,exact_point,11.055979835157459,1755.8595196313033,,,独立计算 DEM 遮挡、自由空间损耗与双向预算
T019,投送,4471.482162604041,4490.57307169495,中继,R004,1243,PASS,exact_point,11.055979835157459,1755.8595196313033,,,独立计算 DEM 遮挡、自由空间损耗与双向预算
T019,投送,4490.57307169495,4509.663980785859,中继,R004,1244,PASS,exact_point,11.055979835157459,1755.8595196313033,,,独立计算 DEM 遮挡、自由空间损耗与双向预算
T019,投送,4509.663980785859,4528.754889876769,中继,R004,1245,PASS,exact_point,11.055979835157459,1755.8595196313033,,,独立计算 DEM 遮挡、自由空间损耗与双向预算
T019,投送,4528.754889876769,4547.845798967677,中继,R004,1246,PASS,exact_point,11.055979835157459,1755.8595196313033,,,独立计算 DEM 遮挡、自由空间损耗与双向预算
T019,投送,4547.845798967677,4566.936708058587,中继,R004,1247,PASS,exact_point,11.055979835157459,1755.8595196313033,,,独立计算 DEM 遮挡、自由空间损耗与双向预算
T019,投送,4566.936708058587,4586.027617149496,中继,R004,1248,PASS,exact_point,11.055979835157459,1755.8595196313033,,,独立计算 DEM 遮挡、自由空间损耗与双向预算
T019,投送,4586.027617149496,4605.118526240405,中继,R004,1249,PASS,exact_point,11.055979835157459,1755.8595196313033,,,独立计算 DEM 遮挡、自由空间损耗与双向预算
T019,投送,4605.118526240405,4624.209435331314,中继,R004,1250,PASS,exact_point,11.055979835157459,1755.8595196313033,,,独立计算 DEM 遮挡、自由空间损耗与双向预算
T019,投送,4624.209435331314,4643.300344422223,中继,R004,1251,PASS,exact_point,11.055979835157459,1755.8595196313033,,,独立计算 DEM 遮挡、自由空间损耗与双向预算
T019,爬升,4643.300344422223,4661.90902260419,中继,R004,1252,PASS,worst_obstruction_endpoint_distance,1.0559798351574585,1755.8595196313033,True,,端点最大距离且全时段按遮挡计损仍满足双向预算
T019,爬升,4661.90902260419,4680.517700786156,中继,R004,1253,PASS,worst_obstruction_endpoint_distance,1.0729987463525248,1752.4225014587198,True,,端点最大距离且全时段按遮挡计损仍满足双向预算
T019,爬升,4680.517700786156,4699.126378968122,中继,R004,1254,PASS,worst_obstruction_endpoint_distance,1.0806658488908738,1750.876306966168,True,,端点最大距离且全时段按遮挡计损仍满足双向预算
T019,爬升,4699.126378968122,4717.735057150088,中继,R004,1255,PASS,worst_obstruction_endpoint_distance,1.0712674676761509,1752.7718305681353,True,,端点最大距离且全时段按遮挡计损仍满足双向预算
T019,巡航,4717.735057150088,4737.2601316582895,中继,R004,1256,PASS,worst_obstruction_endpoint_distance,1.0712674676761509,1752.7718305681353,True,,端点最大距离且全时段按遮挡计损仍满足双向预算
T019,巡航,4737.2601316582895,4756.785206166492,中继,R004,1257,PASS,worst_obstruction_endpoint_distance,2.30137989286807,1521.3171587343563,True,,端点最大距离且全时段按遮挡计损仍满足双向预算
T019,巡航,4756.785206166492,4776.310280674693,中继,R004,1258,PASS,worst_obstruction_endpoint_distance,3.7279916585073067,1290.889818240399,True,,端点最大距离且全时段按遮挡计损仍满足双向预算
T019,巡航,4776.310280674693,4795.835355182895,中继,R004,1259,PASS,worst_obstruction_endpoint_distance,5.421987482213211,1062.158635121915,True,,端点最大距离且全时段按遮挡计损仍满足双向预算
T019,巡航,4795.835355182895,4815.360429691096,中继,R004,1260,PASS,worst_obstruction_endpoint_distance,7.496288825348643,836.5161250342817,True,,端点最大距离且全时段按遮挡计损仍满足双向预算
T019,巡航,4815.360429691096,4834.885504199298,中继,R004,1261,PASS,worst_obstruction_endpoint_distance,10.135028927686776,617.3583292313892,True,,端点最大距离且全时段按遮挡计损仍满足双向预算
T019,巡航,4834.885504199298,4854.4105787075005,中继,R004,1262,PASS,worst_obstruction_endpoint_distance,13.582992870799032,415.086983475622,True,,端点最大距离且全时段按遮挡计损仍满足双向预算
T019,巡航,4854.4105787075005,4873.935653215702,中继,R004,1263,PASS,worst_obstruction_endpoint_distance,16.70244194914028,289.845565882971,True,,端点最大距离且全时段按遮挡计损仍满足双向预算
T019,巡航,4873.935653215702,4893.460727723904,中继,R004,1264,PASS,worst_obstruction_endpoint_distance,12.837614657622282,452.2806684940842,True,,端点最大距离且全时段按遮挡计损仍满足双向预算
T019,巡航,4893.460727723904,4912.985802232105,中继,R004,1265,PASS,worst_obstruction_endpoint_distance,9.561891354059668,659.468704394305,True,,端点最大距离且全时段按遮挡计损仍满足双向预算
T019,巡航,4912.985802232105,4932.510876740307,中继,R004,1266,PASS,worst_obstruction_endpoint_distance,7.052567845391934,880.3601302922355,True,,端点最大距离且全时段按遮挡计损仍满足双向预算
T019,巡航,4932.510876740307,4952.035951248508,中继,R004,1267,PASS,worst_obstruction_endpoint_distance,5.0645462924954785,1106.7803593718747,True,,端点最大距离且全时段按遮挡计损仍满足双向预算
T019,巡航,4952.035951248508,4971.5610257567105,中继,R004,1268,PASS,worst_obstruction_endpoint_distance,3.4301584898653914,1335.9211753415657,True,,端点最大距离且全时段按遮挡计损仍满足双向预算
T019,巡航,4971.5610257567105,4991.086100264913,中继,R004,1269,PASS,worst_obstruction_endpoint_distance,2.0466724140916455,1566.5892338167546,True,,端点最大距离且全时段按遮挡计损仍满足双向预算
T019,巡航,4991.086100264913,5010.611174773114,中继,R004,1270,PASS,worst_obstruction_endpoint_distance,0.8490302798144427,1798.1968986308907,True,,端点最大距离且全时段按遮挡计损仍满足双向预算
T019,巡航,5010.611174773114,5030.136249281316,直连,,1271,PASS,worst_obstruction_endpoint_distance,0.41522465241320106,3771.616488316685,True,,端点最大距离且全时段按遮挡计损仍满足双向预算
T019,巡航,5030.136249281316,5049.661323789518,直连,,1272,PASS,worst_obstruction_endpoint_distance,0.9685919145869804,3538.825618295985,True,,端点最大距离且全时段按遮挡计损仍满足双向预算
T019,巡航,5049.661323789518,5069.186398297719,直连,,1273,PASS,worst_obstruction_endpoint_distance,1.559066410352358,3306.248084524794,True,,端点最大距离且全时段按遮挡计损仍满足双向预算
T019,巡航,5069.186398297719,5088.7114728059205,直连,,1274,PASS,worst_obstruction_endpoint_distance,2.191889165852203,3073.93231124083,True,,端点最大距离且全时段按遮挡计损仍满足双向预算
T019,巡航,5088.7114728059205,5108.236547314123,直连,,1275,PASS,worst_obstruction_endpoint_distance,2.8734694540850256,2841.9424923292363,True,,端点最大距离且全时段按遮挡计损仍满足双向预算
T019,巡航,5108.236547314123,5127.761621822325,直连,,1276,PASS,worst_obstruction_endpoint_distance,3.6117486322979744,2610.3655344174194,True,,端点最大距离且全时段按遮挡计损仍满足双向预算
T019,巡航,5127.761621822325,5147.286696330526,直连,,1277,PASS,worst_obstruction_endpoint_distance,4.4167107952732465,2379.3219905663836,True,,端点最大距离且全时段按遮挡计损仍满足双向预算
T019,巡航,5147.286696330526,5166.811770838728,直连,,1278,PASS,worst_obstruction_endpoint_distance,5.301111871502968,2148.9839143795475,True,,端点最大距离且全时段按遮挡计损仍满足双向预算
T019,巡航,5166.811770838728,5186.33684534693,直连,,1279,PASS,worst_obstruction_endpoint_distance,6.281536472192059,1919.6052749671428,True,,端点最大距离且全时段按遮挡计损仍满足双向预算
T019,巡航,5186.33684534693,5205.861919855131,直连,,1280,PASS,worst_obstruction_endpoint_distance,7.37994272538333,1691.5764177391372,True,,端点最大距离且全时段按遮挡计损仍满足双向预算
T019,巡航,5205.861919855131,5225.386994363333,直连,,1281,PASS,worst_obstruction_endpoint_distance,8.625895505130202,1465.527536545165,True,,端点最大距离且全时段按遮挡计损仍满足双向预算
T019,巡航,5225.386994363333,5244.912068871535,直连,,1282,PASS,worst_obstruction_endpoint_distance,10.059569536755163,1242.5397223605517,True,,端点最大距离且全时段按遮挡计损仍满足双向预算
T019,巡航,5244.912068871535,5264.437143379737,直连,,1283,PASS,worst_obstruction_endpoint_distance,11.73457387155004,1024.6134787645549,True,,端点最大距离且全时段按遮挡计损仍满足双向预算
T019,巡航,5264.437143379737,5283.962217887938,直连,,1284,PASS,worst_obstruction_endpoint_distance,13.713939458904292,815.815186202598,True,,端点最大距离且全时段按遮挡计损仍满足双向预算
T019,巡航,5283.962217887938,5303.48729239614,直连,,1285,PASS,worst_obstruction_endpoint_distance,16.02323156066899,625.3557972562493,True,,端点最大距离且全时段按遮挡计损仍满足双向预算
T019,巡航,5303.48729239614,5323.012366904342,直连,,1286,PASS,worst_obstruction_endpoint_distance,18.39741098882675,475.7931759032307,True,,端点最大距离且全时段按遮挡计损仍满足双向预算
T019,下降,5323.012366904342,5342.3058841569455,直连,,1287,PASS,worst_obstruction_endpoint_distance,19.603583756332725,414.104138183594,True,,端点最大距离且全时段按遮挡计损仍满足双向预算
T019,下降,5342.3058841569455,5361.59940140955,直连,,1288,PASS,worst_obstruction_endpoint_distance,20.67923096631543,365.87034505208607,True,,端点最大距离且全时段按遮挡计损仍满足双向预算
T019,下降,5361.59940140955,5380.892918662154,直连,,1289,PASS,worst_obstruction_endpoint_distance,21.907165707290872,317.6365519205736,True,,端点最大距离且全时段按遮挡计损仍满足双向预算
T019,下降,5380.892918662154,5400.1864359147585,直连,,1290,PASS,worst_obstruction_endpoint_distance,23.337734390683906,269.4027587890634,True,,端点最大距离且全时段按遮挡计损仍满足双向预算
T019,下降,5400.1864359147585,5419.479953167363,直连,,1291,PASS,worst_obstruction_endpoint_distance,25.05129142823644,221.1689656575532,True,,端点最大距离且全时段按遮挡计损仍满足双向预算
T019,下降,5419.479953167363,5438.7734704199665,直连,,1292,PASS,worst_obstruction_endpoint_distance,27.18810853562924,172.93517252604073,True,,端点最大距离且全时段按遮挡计损仍满足双向预算
T019,下降,5438.7734704199665,5458.0669876725715,直连,,1293,PASS,worst_obstruction_endpoint_distance,30.02835001598521,124.70137939453286,True,,端点最大距离且全时段按遮挡计损仍满足双向预算
T019,下降,5458.0669876725715,5477.3605049251755,直连,,1294,PASS,worst_obstruction_endpoint_distance,34.276227532041716,76.4675862630204,True,,端点最大距离且全时段按遮挡计损仍满足双向预算
T019,下降,5477.3605049251755,5496.65402217778,直连,,1295,PASS,worst_obstruction_endpoint_distance,42.93039059934276,28.233793131510197,True,,端点最大距离且全时段按遮挡计损仍满足双向预算
T020,爬升,4127.0,4145.629083930122,直连,,1296,PASS,worst_obstruction_endpoint_distance,40.846971130325116,35.88725179036558,True,,端点最大距离且全时段按遮挡计损仍满足双向预算
T020,爬升,4145.629083930122,4164.258167860243,直连,,1297,PASS,worst_obstruction_endpoint_distance,32.69133428513673,91.77450358072844,True,,端点最大距离且全时段按遮挡计损仍满足双向预算
T020,爬升,4164.258167860243,4182.887251790365,直连,,1298,PASS,worst_obstruction_endpoint_distance,28.560414627442924,147.661755371094,True,,端点最大距离且全时段按遮挡计损仍满足双向预算
T020,巡航,4182.887251790365,4202.387932809506,直连,,1299,PASS,worst_obstruction_endpoint_distance,23.105539305523138,276.701678111109,True,,端点最大距离且全时段按遮挡计损仍满足双向预算
T020,巡航,4202.387932809506,4221.888613828649,直连,,1300,PASS,worst_obstruction_endpoint_distance,18.12842960559327,490.7578758212867,True,,端点最大距离且全时段按遮挡计损仍满足双向预算
T020,巡航,4221.888613828649,4241.389294847791,直连,,1301,PASS,worst_obstruction_endpoint_distance,14.83071939347792,717.3858209025456,True,,端点最大距离且全时段按遮挡计损仍满足双向预算
T020,巡航,4241.389294847791,4260.889975866932,直连,,1302,PASS,worst_obstruction_endpoint_distance,12.413199503853406,947.608140912613,True,,端点最大距离且全时段按遮挡计损仍满足双向预算
T020,巡航,4260.889975866932,4280.390656886075,直连,,1303,PASS,worst_obstruction_endpoint_distance,10.513129561117665,1179.3216739957807,True,,端点最大距离且全时段按遮挡计损仍满足双向预算
T020,巡航,4280.390656886075,4299.8913379052165,直连,,1304,PASS,worst_obstruction_endpoint_distance,8.950358587344866,1411.7923650909095,True,,端点最大距离且全时段按遮挡计损仍满足双向预算
T020,巡航,4299.8913379052165,4319.392018924358,直连,,1305,PASS,worst_obstruction_endpoint_distance,7.624045631567441,1644.6991830859633,True,,端点最大距离且全时段按遮挡计损仍满足双向预算
T020,巡航,4319.392018924358,4338.8926999435,直连,,1306,PASS,worst_obstruction_endpoint_distance,6.472419076072541,1877.8798611459722,True,,端点最大距离且全时段按遮挡计损仍满足双向预算
T020,巡航,4338.8926999435,4358.393380962642,直连,,1307,PASS,worst_obstruction_endpoint_distance,5.455007997216299,2111.243660095155,True,,端点最大距离且全时段按遮挡计损仍满足双向预算
T020,巡航,4358.393380962642,4377.894061981784,直连,,1308,PASS,worst_obstruction_endpoint_distance,4.543896491302121,2344.735904324178,True,,端点最大距离且全时段按遮挡计损仍满足双向预算
T020,巡航,4377.894061981784,4397.394743000926,直连,,1309,PASS,worst_obstruction_endpoint_distance,3.7190330961793165,2578.321698140954,True,,端点最大距离且全时段按遮挡计损仍满足双向预算
T020,巡航,4397.394743000926,4416.895424020068,直连,,1310,PASS,worst_obstruction_endpoint_distance,2.9655376322348275,2811.977728667235,True,,端点最大距离且全时段按遮挡计损仍满足双向预算
T020,下降,4416.895424020068,4433.547775094286,直连,,1311,PASS,worst_obstruction_endpoint_distance,2.9655376322348275,2811.977728667235,True,,端点最大距离且全时段按遮挡计损仍满足双向预算
T020,下降,4433.547775094286,4450.200126168505,直连,,1312,PASS,worst_obstruction_endpoint_distance,2.9713422573941983,2810.099161870278,True,,端点最大距离且全时段按遮挡计损仍满足双向预算
T020,投送,4450.200126168505,4469.2910352594145,直连,,1313,PASS,exact_point,2.9752461696598544,2808.8364339208633,,,独立计算 DEM 遮挡、自由空间损耗与双向预算
T020,投送,4469.2910352594145,4488.3819443503235,直连,,1314,PASS,exact_point,2.9752461696598544,2808.8364339208633,,,独立计算 DEM 遮挡、自由空间损耗与双向预算
T020,投送,4488.3819443503235,4507.4728534412325,直连,,1315,PASS,exact_point,2.9752461696598544,2808.8364339208633,,,独立计算 DEM 遮挡、自由空间损耗与双向预算
T020,投送,4507.4728534412325,4526.5637625321415,直连,,1316,PASS,exact_point,2.9752461696598544,2808.8364339208633,,,独立计算 DEM 遮挡、自由空间损耗与双向预算
T020,投送,4526.5637625321415,4545.654671623051,直连,,1317,PASS,exact_point,2.9752461696598544,2808.8364339208633,,,独立计算 DEM 遮挡、自由空间损耗与双向预算
T020,投送,4545.654671623051,4564.7455807139595,直连,,1318,PASS,exact_point,2.9752461696598544,2808.8364339208633,,,独立计算 DEM 遮挡、自由空间损耗与双向预算
T020,投送,4564.7455807139595,4583.836489804869,直连,,1319,PASS,exact_point,2.9752461696598544,2808.8364339208633,,,独立计算 DEM 遮挡、自由空间损耗与双向预算
T020,投送,4583.836489804869,4602.927398895778,直连,,1320,PASS,exact_point,2.9752461696598544,2808.8364339208633,,,独立计算 DEM 遮挡、自由空间损耗与双向预算
T020,投送,4602.927398895778,4622.018307986687,直连,,1321,PASS,exact_point,2.9752461696598544,2808.8364339208633,,,独立计算 DEM 遮挡、自由空间损耗与双向预算
T020,投送,4622.018307986687,4641.109217077596,直连,,1322,PASS,exact_point,2.9752461696598544,2808.8364339208633,,,独立计算 DEM 遮挡、自由空间损耗与双向预算
T020,投送,4641.109217077596,4660.200126168505,直连,,1323,PASS,exact_point,2.9752461696598544,2808.8364339208633,,,独立计算 DEM 遮挡、自由空间损耗与双向预算
T020,爬升,4660.200126168505,4674.077085397021,直连,,1324,PASS,worst_obstruction_endpoint_distance,2.9713422573941983,2810.099161870278,True,,端点最大距离且全时段按遮挡计损仍满足双向预算
T020,爬升,4674.077085397021,4687.954044625537,直连,,1325,PASS,worst_obstruction_endpoint_distance,2.9655376322348275,2811.977728667235,True,,端点最大距离且全时段按遮挡计损仍满足双向预算
T020,巡航,4687.954044625537,4707.454725644679,直连,,1326,PASS,worst_obstruction_endpoint_distance,2.9655376322348275,2811.977728667235,True,,端点最大距离且全时段按遮挡计损仍满足双向预算
T020,巡航,4707.454725644679,4726.955406663821,直连,,1327,PASS,worst_obstruction_endpoint_distance,3.7190330961792313,2578.3216981409755,True,,端点最大距离且全时段按遮挡计损仍满足双向预算
T020,巡航,4726.955406663821,4746.456087682963,直连,,1328,PASS,worst_obstruction_endpoint_distance,4.543896491302121,2344.735904324178,True,,端点最大距离且全时段按遮挡计损仍满足双向预算
T020,巡航,4746.456087682963,4765.9567687021045,直连,,1329,PASS,worst_obstruction_endpoint_distance,5.455007997216299,2111.243660095155,True,,端点最大距离且全时段按遮挡计损仍满足双向预算
T020,巡航,4765.9567687021045,4785.457449721246,直连,,1330,PASS,worst_obstruction_endpoint_distance,6.472419076072541,1877.8798611459722,True,,端点最大距离且全时段按遮挡计损仍满足双向预算
T020,巡航,4785.457449721246,4804.958130740389,直连,,1331,PASS,worst_obstruction_endpoint_distance,7.624045631567327,1644.699183085985,True,,端点最大距离且全时段按遮挡计损仍满足双向预算
T020,巡航,4804.958130740389,4824.45881175953,直连,,1332,PASS,worst_obstruction_endpoint_distance,8.950358587344866,1411.7923650909095,True,,端点最大距离且全时段按遮挡计损仍满足双向预算
T020,巡航,4824.45881175953,4843.959492778672,直连,,1333,PASS,worst_obstruction_endpoint_distance,10.513129561117822,1179.3216739957593,True,,端点最大距离且全时段按遮挡计损仍满足双向预算
T020,巡航,4843.959492778672,4863.460173797814,直连,,1334,PASS,worst_obstruction_endpoint_distance,12.413199503853406,947.608140912613,True,,端点最大距离且全时段按遮挡计损仍满足双向预算
T020,巡航,4863.460173797814,4882.960854816956,直连,,1335,PASS,worst_obstruction_endpoint_distance,14.83071939347792,717.3858209025456,True,,端点最大距离且全时段按遮挡计损仍满足双向预算
T020,巡航,4882.960854816956,4902.461535836098,直连,,1336,PASS,worst_obstruction_endpoint_distance,18.12842960560056,490.75787582087463,True,,端点最大距离且全时段按遮挡计损仍满足双向预算
T020,巡航,4902.461535836098,4921.96221685524,直连,,1337,PASS,worst_obstruction_endpoint_distance,23.105539305523138,276.701678111109,True,,端点最大距离且全时段按遮挡计损仍满足双向预算
T020,下降,4921.96221685524,4938.72839239235,直连,,1338,PASS,worst_obstruction_endpoint_distance,28.560414627442924,147.661755371094,True,,端点最大距离且全时段按遮挡计损仍满足双向预算
T020,下降,4938.72839239235,4955.494567929459,直连,,1339,PASS,worst_obstruction_endpoint_distance,31.460470195991547,105.74631652831937,True,,端点最大距离且全时段按遮挡计损仍满足双向预算
T020,下降,4955.494567929459,4972.260743466568,直连,,1340,PASS,worst_obstruction_endpoint_distance,35.845158843874174,63.830877685546994,True,,端点最大距离且全时段按遮挡计损仍满足双向预算
T020,下降,4972.260743466568,4989.026919003678,直连,,1341,PASS,worst_obstruction_endpoint_distance,45.130771734791296,21.91543884277462,True,,端点最大距离且全时段按遮挡计损仍满足双向预算
T021,爬升,4290.0,4308.298722621373,直连,,1342,PASS,worst_obstruction_endpoint_distance,41.090220418472924,34.8961678641179,True,,端点最大距离且全时段按遮挡计损仍满足双向预算
T021,爬升,4308.298722621373,4326.597445242745,直连,,1343,PASS,worst_obstruction_endpoint_distance,32.88098978943428,89.7923357282358,True,,端点最大距离且全时段按遮挡计损仍满足双向预算
T021,爬升,4326.597445242745,4344.896167864118,直连,,1344,PASS,worst_obstruction_endpoint_distance,28.737094664292854,144.6885035923537,True,,端点最大距离且全时段按遮挡计损仍满足双向预算
T021,爬升,4344.896167864118,4363.194890485491,直连,,1345,PASS,worst_obstruction_endpoint_distance,25.943231496630972,199.5846714564716,True,,端点最大距离且全时段按遮挡计损仍满足双向预算
T021,爬升,4363.194890485491,4381.493613106863,直连,,1346,PASS,worst_obstruction_endpoint_distance,23.832673396210268,254.4808393205895,True,,端点最大距离且全时段按遮挡计损仍满足双向预算
T021,爬升,4381.493613106863,4399.792335728236,直连,,1347,PASS,worst_obstruction_endpoint_distance,22.13601448747707,309.3770071847074,True,,端点最大距离且全时段按遮挡计损仍满足双向预算
T021,爬升,4399.792335728236,4418.09105834961,直连,,1348,PASS,worst_obstruction_endpoint_distance,20.717231343301734,364.273175048828,True,,端点最大距离且全时段按遮挡计损仍满足双向预算
T021,巡航,4418.09105834961,4437.979339032121,直连,,1349,PASS,worst_obstruction_endpoint_distance,19.166172498751166,435.4919518029065,True,,端点最大距离且全时段按遮挡计损仍满足双向预算
T021,巡航,4437.979339032121,4457.867619714632,直连,,1350,PASS,worst_obstruction_endpoint_distance,16.376383700665244,600.4399405101009,True,,端点最大距离且全时段按遮挡计损仍满足双向预算
T021,巡航,4457.867619714632,4477.755900397145,直连,,1351,PASS,worst_obstruction_endpoint_distance,13.84802665832207,803.3178650350284,True,,端点最大距离且全时段按遮挡计损仍满足双向预算
T021,巡航,4477.755900397145,4497.644181079656,直连,,1352,PASS,worst_obstruction_endpoint_distance,11.75865515724007,1021.7767126231641,True,,端点最大距离且全时段按遮挡计损仍满足双向预算
T021,巡航,4497.644181079656,4517.532461762168,直连,,1353,PASS,worst_obstruction_endpoint_distance,10.023858998310331,1247.6587260477145,True,,端点最大距离且全时段按遮挡计损仍满足双向预算
T021,巡航,4517.532461762168,4537.4207424446795,直连,,1354,PASS,worst_obstruction_endpoint_distance,8.554852807753903,1477.5633762912782,True,,端点最大距离且全时段按遮挡计损仍满足双向预算
T021,巡航,4537.4207424446795,4557.309023127191,直连,,1355,PASS,worst_obstruction_endpoint_distance,7.286519350126355,1709.868811716457,True,,端点最大距离且全时段按遮挡计损仍满足双向预算
T021,巡航,4557.309023127191,4577.197303809703,直连,,1356,PASS,worst_obstruction_endpoint_distance,6.173126013776965,1943.714424408792,True,,端点最大距离且全时段按遮挡计损仍满足双向预算
T021,巡航,4577.197303809703,4597.085584492214,直连,,1357,PASS,worst_obstruction_endpoint_distance,5.182207975643664,2178.604315170309,True,,端点最大距离且全时段按遮挡计损仍满足双向预算
T021,巡航,4597.085584492214,4616.973865174727,直连,,1358,PASS,worst_obstruction_endpoint_distance,4.290189015092025,2414.23369799851,True,,端点最大距离且全时段按遮挡计损仍满足双向预算
T021,巡航,4616.973865174727,4636.862145857238,直连,,1359,PASS,worst_obstruction_endpoint_distance,3.479529172961378,2650.405350710559,True,,端点最大距离且全时段按遮挡计损仍满足双向预算
T021,巡航,4636.862145857238,4656.75042653975,直连,,1360,PASS,worst_obstruction_endpoint_distance,2.7368810245997395,2886.9861942255047,True,,端点最大距离且全时段按遮挡计损仍满足双向预算
T021,巡航,4656.75042653975,4676.6387072222615,直连,,1361,PASS,worst_obstruction_endpoint_distance,2.0518792423324186,3123.883262266833,True,,端点最大距离且全时段按遮挡计损仍满足双向预算
T021,巡航,4676.6387072222615,4696.526987904774,直连,,1362,PASS,worst_obstruction_endpoint_distance,1.4163281891577668,3361.0296896850055,True,,端点最大距离且全时段按遮挡计损仍满足双向预算
T021,巡航,4696.526987904774,4716.415268587285,直连,,1363,PASS,worst_obstruction_endpoint_distance,0.8236439117576282,3598.3761756750037,True,,端点最大距离且全时段按遮挡计损仍满足双向预算
T021,巡航,4716.415268587285,4736.303549269796,直连,,1364,PASS,worst_obstruction_endpoint_distance,0.26846227199115447,3835.8855843779734,True,,端点最大距离且全时段按遮挡计损仍满足双向预算
T021,巡航,4736.303549269796,4756.191829952309,中继,R004,1365,PASS,worst_obstruction_endpoint_distance,1.250327613390084,1717.0082330977298,True,,端点最大距离且全时段按遮挡计损仍满足双向预算
T021,巡航,4756.191829952309,4776.08011063482,中继,R004,1366,PASS,worst_obstruction_endpoint_distance,2.5484738969831113,1478.6488962693352,True,,端点最大距离且全时段按遮挡计损仍满足双向预算
T021,巡航,4776.08011063482,4795.968391317332,中继,R004,1367,PASS,worst_obstruction_endpoint_distance,4.074505373604097,1240.4049469435772,True,,端点最大距离且全时段按遮挡计损仍满足双向预算
T021,下降,4795.968391317332,4812.315708822214,中继,R004,1368,PASS,worst_obstruction_endpoint_distance,5.925312180250401,1002.3586655558703,True,,端点最大距离且全时段按遮挡计损仍满足双向预算
T021,下降,4812.315708822214,4828.663026327097,中继,R004,1369,PASS,worst_obstruction_endpoint_distance,5.9229777164137545,1002.6281007700977,True,,端点最大距离且全时段按遮挡计损仍满足双向预算
T021,下降,4828.663026327097,4845.01034383198,中继,R004,1370,PASS,worst_obstruction_endpoint_distance,5.900223455630936,1005.258110028668,True,,端点最大距离且全时段按遮挡计损仍满足双向预算
T021,下降,4845.01034383198,4861.357661336863,中继,R004,1371,PASS,worst_obstruction_endpoint_distance,5.863329893920252,1009.5370532937532,True,,端点最大距离且全时段按遮挡计损仍满足双向预算
T021,投送,4861.357661336863,4880.448570427772,中继,R004,1372,PASS,exact_point,15.863329893920252,1009.5370532937532,,,独立计算 DEM 遮挡、自由空间损耗与双向预算
T021,投送,4880.448570427772,4899.539479518681,中继,R004,1373,PASS,exact_point,15.863329893920252,1009.5370532937532,,,独立计算 DEM 遮挡、自由空间损耗与双向预算
T021,投送,4899.539479518681,4918.63038860959,中继,R004,1374,PASS,exact_point,15.863329893920252,1009.5370532937532,,,独立计算 DEM 遮挡、自由空间损耗与双向预算
T021,投送,4918.63038860959,4937.721297700499,中继,R004,1375,PASS,exact_point,15.863329893920252,1009.5370532937532,,,独立计算 DEM 遮挡、自由空间损耗与双向预算
T021,投送,4937.721297700499,4956.812206791408,中继,R004,1376,PASS,exact_point,15.863329893920252,1009.5370532937532,,,独立计算 DEM 遮挡、自由空间损耗与双向预算
T021,投送,4956.812206791408,4975.903115882317,中继,R004,1377,PASS,exact_point,15.863329893920252,1009.5370532937532,,,独立计算 DEM 遮挡、自由空间损耗与双向预算
T021,投送,4975.903115882317,4994.994024973226,中继,R004,1378,PASS,exact_point,15.863329893920252,1009.5370532937532,,,独立计算 DEM 遮挡、自由空间损耗与双向预算
T021,投送,4994.994024973226,5014.084934064136,中继,R004,1379,PASS,exact_point,15.863329893920252,1009.5370532937532,,,独立计算 DEM 遮挡、自由空间损耗与双向预算
T021,投送,5014.084934064136,5033.175843155044,中继,R004,1380,PASS,exact_point,15.863329893920252,1009.5370532937532,,,独立计算 DEM 遮挡、自由空间损耗与双向预算
T021,投送,5033.175843155044,5052.266752245954,中继,R004,1381,PASS,exact_point,15.863329893920252,1009.5370532937532,,,独立计算 DEM 遮挡、自由空间损耗与双向预算
T021,投送,5052.266752245954,5071.357661336863,中继,R004,1382,PASS,exact_point,15.863329893920252,1009.5370532937532,,,独立计算 DEM 遮挡、自由空间损耗与双向预算
T021,爬升,5071.357661336863,5089.521347453399,中继,R004,1383,PASS,worst_obstruction_endpoint_distance,5.863329893920252,1009.5370532937532,True,,端点最大距离且全时段按遮挡计损仍满足双向预算
T021,爬升,5089.521347453399,5107.685033569936,中继,R004,1384,PASS,worst_obstruction_endpoint_distance,5.909393154225469,1004.1974184592474,True,,端点最大距离且全时段按遮挡计损仍满足双向预算
T021,爬升,5107.685033569936,5125.848719686473,中继,R004,1385,PASS,worst_obstruction_endpoint_distance,5.925312180250401,1002.3586655558703,True,,端点最大距离且全时段按遮挡计损仍满足双向预算
T021,巡航,5125.848719686473,5145.737000368984,中继,R004,1386,PASS,worst_obstruction_endpoint_distance,4.074505373604097,1240.4049469435772,True,,端点最大距离且全时段按遮挡计损仍满足双向预算
T021,巡航,5145.737000368984,5165.625281051496,中继,R004,1387,PASS,worst_obstruction_endpoint_distance,2.5484738969831113,1478.6488962693352,True,,端点最大距离且全时段按遮挡计损仍满足双向预算
T021,巡航,5165.625281051496,5185.513561734007,中继,R004,1388,PASS,worst_obstruction_endpoint_distance,1.250327613390084,1717.0082330977298,True,,端点最大距离且全时段按遮挡计损仍满足双向预算
T021,巡航,5185.513561734007,5205.401842416519,直连,,1389,PASS,worst_obstruction_endpoint_distance,0.26846227199115447,3835.8855843779734,True,,端点最大距离且全时段按遮挡计损仍满足双向预算
T021,巡航,5205.401842416519,5225.290123099031,直连,,1390,PASS,worst_obstruction_endpoint_distance,0.8236439117575145,3598.3761756750528,True,,端点最大距离且全时段按遮挡计损仍满足双向预算
T021,巡航,5225.290123099031,5245.178403781542,直连,,1391,PASS,worst_obstruction_endpoint_distance,1.4163281891577668,3361.0296896850055,True,,端点最大距离且全时段按遮挡计损仍满足双向预算
T021,巡航,5245.178403781542,5265.066684464055,直连,,1392,PASS,worst_obstruction_endpoint_distance,2.0518792423324186,3123.883262266833,True,,端点最大距离且全时段按遮挡计损仍满足双向预算
T021,巡航,5265.066684464055,5284.954965146566,直连,,1393,PASS,worst_obstruction_endpoint_distance,2.7368810245997395,2886.9861942255047,True,,端点最大距离且全时段按遮挡计损仍满足双向预算
T021,巡航,5284.954965146566,5304.843245829077,直连,,1394,PASS,worst_obstruction_endpoint_distance,3.479529172961378,2650.405350710559,True,,端点最大距离且全时段按遮挡计损仍满足双向预算
T021,巡航,5304.843245829077,5324.731526511589,直连,,1395,PASS,worst_obstruction_endpoint_distance,4.290189015092025,2414.23369799851,True,,端点最大距离且全时段按遮挡计损仍满足双向预算
T021,巡航,5324.731526511589,5344.619807194102,直连,,1396,PASS,worst_obstruction_endpoint_distance,5.182207975643664,2178.604315170309,True,,端点最大距离且全时段按遮挡计损仍满足双向预算
T021,巡航,5344.619807194102,5364.508087876613,直连,,1397,PASS,worst_obstruction_endpoint_distance,6.173126013776965,1943.714424408792,True,,端点最大距离且全时段按遮挡计损仍满足双向预算
T021,巡航,5364.508087876613,5384.396368559124,直连,,1398,PASS,worst_obstruction_endpoint_distance,7.286519350126113,1709.8688117165054,True,,端点最大距离且全时段按遮挡计损仍满足双向预算
T021,巡航,5384.396368559124,5404.284649241636,直连,,1399,PASS,worst_obstruction_endpoint_distance,8.554852807753903,1477.5633762912782,True,,端点最大距离且全时段按遮挡计损仍满足双向预算
T021,巡航,5404.284649241636,5424.172929924148,直连,,1400,PASS,worst_obstruction_endpoint_distance,10.023858998310331,1247.6587260477145,True,,端点最大距离且全时段按遮挡计损仍满足双向预算
T021,巡航,5424.172929924148,5444.06121060666,直连,,1401,PASS,worst_obstruction_endpoint_distance,11.758655157239673,1021.7767126232106,True,,端点最大距离且全时段按遮挡计损仍满足双向预算
T021,巡航,5444.06121060666,5463.949491289171,直连,,1402,PASS,worst_obstruction_endpoint_distance,13.84802665832207,803.3178650350284,True,,端点最大距离且全时段按遮挡计损仍满足双向预算
T021,巡航,5463.949491289171,5483.837771971683,直连,,1403,PASS,worst_obstruction_endpoint_distance,16.376383700665244,600.4399405101009,True,,端点最大距离且全时段按遮挡计损仍满足双向预算
T021,巡航,5483.837771971683,5503.726052654195,直连,,1404,PASS,worst_obstruction_endpoint_distance,19.166172498751166,435.4919518029065,True,,端点最大距离且全时段按遮挡计损仍满足双向预算
T021,下降,5503.726052654195,5522.939711406636,直连,,1405,PASS,worst_obstruction_endpoint_distance,20.717231343301734,364.273175048828,True,,端点最大距离且全时段按遮挡计损仍满足双向预算
T021,下降,5522.939711406636,5542.153370159078,直连,,1406,PASS,worst_obstruction_endpoint_distance,21.945465831584315,316.2390281677254,True,,端点最大距离且全时段按遮挡计损仍满足双向预算
T021,下降,5542.153370159078,5561.367028911519,直连,,1407,PASS,worst_obstruction_endpoint_distance,23.376441612193588,268.20488128662043,True,,端点最大距离且全时段按遮挡计损仍满足双向预算
T021,下降,5561.367028911519,5580.58068766396,直连,,1408,PASS,worst_obstruction_endpoint_distance,25.090583344521832,220.1707344055178,True,,端点最大距离且全时段按遮挡计损仍满足双向预算
T021,下降,5580.58068766396,5599.794346416402,直连,,1409,PASS,worst_obstruction_endpoint_distance,27.22831138255647,172.13658752441512,True,,端点最大距离且全时段按遮挡计损仍满足双向预算
T021,下降,5599.794346416402,5619.008005168844,直连,,1410,PASS,worst_obstruction_endpoint_distance,30.070168714278523,124.10244064331022,True,,端点最大距离且全时段按遮挡计损仍满足双向预算
T021,下降,5619.008005168844,5638.221663921285,直连,,1411,PASS,worst_obstruction_endpoint_distance,34.32170166595199,76.06829376220531,True,,端点最大距离且全时段按遮挡计损仍满足双向预算
T021,下降,5638.221663921285,5657.435322673726,直连,,1412,PASS,worst_obstruction_endpoint_distance,42.99202827701126,28.03414688110263,True,,端点最大距离且全时段按遮挡计损仍满足双向预算
T022,爬升,4340.0,4358.504135640463,直连,,1413,PASS,worst_obstruction_endpoint_distance,40.93817299698006,35.512406921388134,True,,端点最大距离且全时段按遮挡计损仍满足双向预算
T022,爬升,4358.504135640463,4377.008271280924,直连,,1414,PASS,worst_obstruction_endpoint_distance,32.76257917737007,91.02481384277351,True,,端点最大距离且全时段按遮挡计损仍满足双向预算
T022,爬升,4377.008271280924,4395.512406921387,直连,,1415,PASS,worst_obstruction_endpoint_distance,28.626816157375487,146.5372207641616,True,,端点最大距离且全时段按遮挡计损仍满足双向预算
T022,爬升,4395.512406921387,4414.016542561849,直连,,1416,PASS,worst_obstruction_endpoint_distance,25.836614075565635,202.04962768554702,True,,端点最大距离且全时段按遮挡计损仍满足双向预算
T022,爬升,4414.016542561849,4432.5206782023115,直连,,1417,PASS,worst_obstruction_endpoint_distance,23.728138223056888,257.56203460693513,True,,端点最大距离且全时段按遮挡计损仍满足双向预算
T022,爬升,4432.5206782023115,4451.024813842773,直连,,1418,PASS,worst_obstruction_endpoint_distance,22.032822874833954,313.0744415283205,True,,端点最大距离且全时段按遮挡计损仍满足双向预算
T022,爬升,4451.024813842773,4469.528949483236,直连,,1419,PASS,worst_obstruction_endpoint_distance,20.614978463875502,368.5868484497086,True,,端点最大距离且全时段按遮挡计损仍满足双向预算
T022,爬升,4469.528949483236,4488.033085123698,直连,,1420,PASS,worst_obstruction_endpoint_distance,19.396424967151802,424.099255371094,True,,端点最大距离且全时段按遮挡计损仍满足双向预算
T022,巡航,4488.033085123698,4507.110775825524,直连,,1421,PASS,worst_obstruction_endpoint_distance,17.766895121913237,511.6158636829078,True,,端点最大距离且全时段按遮挡计损仍满足双向预算
T022,巡航,4507.110775825524,4526.18846652735,直连,,1422,PASS,worst_obstruction_endpoint_distance,14.892076823385764,712.3360391482996,True,,端点最大距离且全时段按遮挡计损仍满足双向预算
T022,巡航,4526.18846652735,4545.266157229176,直连,,1423,PASS,worst_obstruction_endpoint_distance,12.322670535858677,957.5362658919046,True,,端点最大距离且全时段按遮挡计损仍满足双向预算
T022,巡航,4545.266157229176,4564.3438479310025,直连,,1424,PASS,worst_obstruction_endpoint_distance,10.213591886626759,1220.7006166374656,True,,端点最大距离且全时段按遮挡计损仍满足双向预算
T022,巡航,4564.3438479310025,4583.421538632829,直连,,1425,PASS,worst_obstruction_endpoint_distance,8.468328226484786,1492.3556940457386,True,,端点最大距离且全时段按遮挡计损仍满足双向预算
T022,巡航,4583.421538632829,4602.499229334655,直连,,1426,PASS,worst_obstruction_endpoint_distance,6.993215648778175,1768.5933016874653,True,,端点最大距离且全时段按遮挡计损仍满足双向预算
T022,巡航,4602.499229334655,4621.576920036481,直连,,1427,PASS,worst_obstruction_endpoint_distance,5.721044201132514,2047.5595823149097,True,,端点最大距离且全时段按遮挡计损仍满足双向预算
T022,巡航,4621.576920036481,4640.654610738307,直连,,1428,PASS,worst_obstruction_endpoint_distance,4.6050936964493445,2328.273920013661,True,,端点最大距离且全时段按遮挡计损仍满足双向预算
T022,巡航,4640.654610738307,4659.732301440134,直连,,1429,PASS,worst_obstruction_endpoint_distance,3.6123913546315833,2610.172384581751,True,,端点最大距离且全时段按遮挡计损仍满足双向预算
T022,巡航,4659.732301440134,4678.80999214196,直连,,1430,PASS,worst_obstruction_endpoint_distance,2.719080205408204,2892.908836272585,True,,端点最大距离且全时段按遮挡计损仍满足双向预算
T022,巡航,4678.80999214196,4697.887682843786,直连,,1431,PASS,worst_obstruction_endpoint_distance,1.907455621920647,3176.25950134185,True,,端点最大距离且全时段按遮挡计损仍满足双向预算
T022,巡航,4697.887682843786,4716.965373545612,直连,,1432,PASS,worst_obstruction_endpoint_distance,1.1640687134028127,3460.0734864853043,True,,端点最大距离且全时段按遮挡计损仍满足双向预算
T022,巡航,4716.965373545612,4736.043064247438,直连,,1433,PASS,worst_obstruction_endpoint_distance,0.4784889884004002,3744.2454341324783,True,,端点最大距离且全时段按遮挡计损仍满足双向预算
T022,巡航,4736.043064247438,4755.120754949265,中继,R005,1434,PASS,worst_obstruction_endpoint_distance,1.4478904620044801,1678.3952245974033,True,,端点最大距离且全时段按遮挡计损仍满足双向预算
T022,巡航,4755.120754949265,4774.198445651091,中继,R005,1435,PASS,worst_obstruction_endpoint_distance,0.20289480643654656,1937.0642143332168,True,,端点最大距离且全时段按遮挡计损仍满足双向预算
T022,巡航,4774.198445651091,4793.276136352917,中继,R004,1436,PASS,worst_obstruction_endpoint_distance,0.19081101792561128,1939.760928747007,True,,端点最大距离且全时段按遮挡计损仍满足双向预算
T022,巡航,4793.276136352917,4812.353827054743,中继,R004,1437,PASS,worst_obstruction_endpoint_distance,0.7852518787784533,1811.4492212518917,True,,端点最大距离且全时段按遮挡计损仍满足双向预算
T022,巡航,4812.353827054743,4831.4315177565695,中继,R004,1438,PASS,worst_obstruction_endpoint_distance,1.227278420368691,1721.5705994196408,True,,端点最大距离且全时段按遮挡计损仍满足双向预算
T022,巡航,4831.4315177565695,4850.509208458396,中继,R004,1439,PASS,worst_obstruction_endpoint_distance,1.4431868980968119,1679.304351630539,True,,端点最大距离且全时段按遮挡计损仍满足双向预算
T022,巡航,4850.509208458396,4869.586899160222,中继,R004,1440,PASS,worst_obstruction_endpoint_distance,1.183454725095828,1730.2785424355745,True,,端点最大距离且全时段按遮挡计损仍满足双向预算
T022,巡航,4869.586899160222,4888.664589862048,中继,R004,1441,PASS,worst_obstruction_endpoint_distance,0.7194476577621458,1825.2248602709064,True,,端点最大距离且全时段按遮挡计损仍满足双向预算
T022,下降,4888.664589862048,4908.124440936266,中继,R004,1442,PASS,worst_obstruction_endpoint_distance,0.7194476577621458,1825.2248602709064,True,,端点最大距离且全时段按遮挡计损仍满足双向预算
T022,下降,4908.124440936266,4927.584292010485,中继,R004,1443,PASS,worst_obstruction_endpoint_distance,0.7287252227213372,1823.2763434744863,True,,端点最大距离且全时段按遮挡计损仍满足双向预算
T022,投送,4927.584292010485,4946.045830472024,中继,R004,1444,PASS,exact_point,0.7318298297417414,1822.6247642738538,,,独立计算 DEM 遮挡、自由空间损耗与双向预算
T022,投送,4946.045830472024,4964.507368933562,中继,R004,1445,PASS,exact_point,0.7318298297417414,1822.6247642738538,,,独立计算 DEM 遮挡、自由空间损耗与双向预算
T022,投送,4964.507368933562,4982.968907395101,中继,R004,1446,PASS,exact_point,0.7318298297417414,1822.6247642738538,,,独立计算 DEM 遮挡、自由空间损耗与双向预算
T022,投送,4982.968907395101,5001.430445856639,中继,R004,1447,PASS,exact_point,0.7318298297417414,1822.6247642738538,,,独立计算 DEM 遮挡、自由空间损耗与双向预算
T022,投送,5001.430445856639,5019.8919843181775,中继,R004,1448,PASS,exact_point,0.7318298297417414,1822.6247642738538,,,独立计算 DEM 遮挡、自由空间损耗与双向预算
T022,投送,5019.8919843181775,5038.3535227797165,中继,R004,1449,PASS,exact_point,0.7318298297417414,1822.6247642738538,,,独立计算 DEM 遮挡、自由空间损耗与双向预算
T022,投送,5038.3535227797165,5056.815061241255,中继,R004,1450,PASS,exact_point,0.7318298297417414,1822.6247642738538,,,独立计算 DEM 遮挡、自由空间损耗与双向预算
T022,投送,5056.815061241255,5075.276599702793,中继,R004,1451,PASS,exact_point,0.7318298297417414,1822.6247642738538,,,独立计算 DEM 遮挡、自由空间损耗与双向预算
T022,投送,5075.276599702793,5093.738138164332,中继,R004,1452,PASS,exact_point,0.7318298297417414,1822.6247642738538,,,独立计算 DEM 遮挡、自由空间损耗与双向预算
T022,投送,5093.738138164332,5112.19967662587,中继,R004,1453,PASS,exact_point,0.7318298297417414,1822.6247642738538,,,独立计算 DEM 遮挡、自由空间损耗与双向预算
T022,投送,5112.19967662587,5130.661215087409,中继,R004,1454,PASS,exact_point,0.7318298297417414,1822.6247642738538,,,独立计算 DEM 遮挡、自由空间损耗与双向预算
T022,投送,5130.661215087409,5149.122753548947,中继,R004,1455,PASS,exact_point,0.7318298297417414,1822.6247642738538,,,独立计算 DEM 遮挡、自由空间损耗与双向预算
T022,投送,5149.122753548947,5167.584292010486,中继,R004,1456,PASS,exact_point,0.7318298297417414,1822.6247642738538,,,独立计算 DEM 遮挡、自由空间损耗与双向预算
T022,爬升,5167.584292010486,5183.800834572335,中继,R004,1457,PASS,worst_obstruction_endpoint_distance,0.7287252227213372,1823.2763434744863,True,,端点最大距离且全时段按遮挡计损仍满足双向预算
T022,爬升,5183.800834572335,5200.017377134183,中继,R004,1458,PASS,worst_obstruction_endpoint_distance,0.7194476577621458,1825.2248602709064,True,,端点最大距离且全时段按遮挡计损仍满足双向预算
T022,巡航,5200.017377134183,5219.09506783601,中继,R004,1459,PASS,worst_obstruction_endpoint_distance,0.7194476577621458,1825.2248602709064,True,,端点最大距离且全时段按遮挡计损仍满足双向预算
T022,巡航,5219.09506783601,5238.172758537836,中继,R004,1460,PASS,worst_obstruction_endpoint_distance,1.183454725095828,1730.2785424355745,True,,端点最大距离且全时段按遮挡计损仍满足双向预算
T022,巡航,5238.172758537836,5257.250449239662,中继,R004,1461,PASS,worst_obstruction_endpoint_distance,1.4431868980968119,1679.304351630539,True,,端点最大距离且全时段按遮挡计损仍满足双向预算
T022,巡航,5257.250449239662,5276.328139941488,中继,R004,1462,PASS,worst_obstruction_endpoint_distance,1.227278420368691,1721.5705994196408,True,,端点最大距离且全时段按遮挡计损仍满足双向预算
T022,巡航,5276.328139941488,5295.405830643314,中继,R004,1463,PASS,worst_obstruction_endpoint_distance,0.7852518787784533,1811.4492212518917,True,,端点最大距离且全时段按遮挡计损仍满足双向预算
T022,巡航,5295.405830643314,5314.483521345141,中继,R004,1464,PASS,worst_obstruction_endpoint_distance,0.19081101792561128,1939.760928747007,True,,端点最大距离且全时段按遮挡计损仍满足双向预算
T022,巡航,5314.483521345141,5333.561212046967,中继,R005,1465,PASS,worst_obstruction_endpoint_distance,0.20289480643654656,1937.0642143332168,True,,端点最大距离且全时段按遮挡计损仍满足双向预算
T022,巡航,5333.561212046967,5352.638902748793,中继,R005,1466,PASS,worst_obstruction_endpoint_distance,1.4478904620044801,1678.3952245974033,True,,端点最大距离且全时段按遮挡计损仍满足双向预算
T022,巡航,5352.638902748793,5371.716593450619,直连,,1467,PASS,worst_obstruction_endpoint_distance,0.4784889884004002,3744.2454341324783,True,,端点最大距离且全时段按遮挡计损仍满足双向预算
T022,巡航,5371.716593450619,5390.7942841524455,直连,,1468,PASS,worst_obstruction_endpoint_distance,1.1640687134028127,3460.0734864853043,True,,端点最大距离且全时段按遮挡计损仍满足双向预算
T022,巡航,5390.7942841524455,5409.871974854272,直连,,1469,PASS,worst_obstruction_endpoint_distance,1.907455621920647,3176.25950134185,True,,端点最大距离且全时段按遮挡计损仍满足双向预算
T022,巡航,5409.871974854272,5428.949665556098,直连,,1470,PASS,worst_obstruction_endpoint_distance,2.719080205408204,2892.908836272585,True,,端点最大距离且全时段按遮挡计损仍满足双向预算
T022,巡航,5428.949665556098,5448.027356257924,直连,,1471,PASS,worst_obstruction_endpoint_distance,3.6123913546315833,2610.172384581751,True,,端点最大距离且全时段按遮挡计损仍满足双向预算
T022,巡航,5448.027356257924,5467.10504695975,直连,,1472,PASS,worst_obstruction_endpoint_distance,4.6050936964493445,2328.273920013661,True,,端点最大距离且全时段按遮挡计损仍满足双向预算
T022,巡航,5467.10504695975,5486.1827376615765,直连,,1473,PASS,worst_obstruction_endpoint_distance,5.721044201132514,2047.5595823149097,True,,端点最大距离且全时段按遮挡计损仍满足双向预算
T022,巡航,5486.1827376615765,5505.260428363403,直连,,1474,PASS,worst_obstruction_endpoint_distance,6.993215648778175,1768.5933016874653,True,,端点最大距离且全时段按遮挡计损仍满足双向预算
T022,巡航,5505.260428363403,5524.338119065229,直连,,1475,PASS,worst_obstruction_endpoint_distance,8.468328226484786,1492.3556940457386,True,,端点最大距离且全时段按遮挡计损仍满足双向预算
T022,巡航,5524.338119065229,5543.415809767055,直连,,1476,PASS,worst_obstruction_endpoint_distance,10.213591886626759,1220.7006166374656,True,,端点最大距离且全时段按遮挡计损仍满足双向预算
T022,巡航,5543.415809767055,5562.493500468881,直连,,1477,PASS,worst_obstruction_endpoint_distance,12.322670535858677,957.5362658919046,True,,端点最大距离且全时段按遮挡计损仍满足双向预算
T022,巡航,5562.493500468881,5581.571191170708,直连,,1478,PASS,worst_obstruction_endpoint_distance,14.892076823385764,712.3360391482996,True,,端点最大距离且全时段按遮挡计损仍满足双向预算
T022,巡航,5581.571191170708,5600.648881872534,直连,,1479,PASS,worst_obstruction_endpoint_distance,17.766895121913237,511.6158636829078,True,,端点最大距离且全时段按遮挡计损仍满足双向预算
T022,下降,5600.648881872534,5620.3866265556935,直连,,1480,PASS,worst_obstruction_endpoint_distance,19.396424967151802,424.099255371094,True,,端点最大距离且全时段按遮挡计损仍满足双向预算
T022,下降,5620.3866265556935,5640.124371238853,直连,,1481,PASS,worst_obstruction_endpoint_distance,20.470828911636644,374.75489366319465,True,,端点最大距离且全时段按遮挡计损仍满足双向预算
T022,下降,5640.124371238853,5659.862115922013,直连,,1482,PASS,worst_obstruction_endpoint_distance,21.69714306922441,325.4105319552953,True,,端点最大距离且全时段按遮挡计损仍满足双向预算
T022,下降,5659.862115922013,5679.599860605173,直连,,1483,PASS,worst_obstruction_endpoint_distance,23.125511355694883,276.066170247396,True,,端点最大距离且全时段按遮挡计损仍满足双向预算
T022,下降,5679.599860605173,5699.337605288332,直连,,1484,PASS,worst_obstruction_endpoint_distance,24.83590922086259,226.72180853949664,True,,端点最大距离且全时段按遮挡计损仍满足双向预算
T022,下降,5699.337605288332,5719.075349971492,直连,,1485,PASS,worst_obstruction_endpoint_distance,26.967807178204254,177.3774468315973,True,,端点最大距离且全时段按遮挡计损仍满足双向预算
T022,下降,5719.075349971492,5738.813094654652,直连,,1486,PASS,worst_obstruction_endpoint_distance,29.79933095562555,128.03308512369802,True,,端点最大距离且全时段按遮挡计损仍满足双向预算
T022,下降,5738.813094654652,5758.550839337811,直连,,1487,PASS,worst_obstruction_endpoint_distance,34.02752517149321,78.68872341579868,True,,端点最大距离且全时段按遮挡计损仍满足双向预算
T022,下降,5758.550839337811,5778.288584020971,直连,,1488,PASS,worst_obstruction_endpoint_distance,42.595281820281926,29.34436170789934,True,,端点最大距离且全时段按遮挡计损仍满足双向预算
T023,爬升,4332.0,4351.866486612956,直连,,1489,PASS,worst_obstruction_endpoint_distance,39.991989927358276,39.59945983886726,True,,端点最大距离且全时段按遮挡计损仍满足双向预算
T023,爬升,4351.866486612956,4371.732973225911,直连,,1490,PASS,worst_obstruction_endpoint_distance,32.015636315537805,99.19891967773452,True,,端点最大距离且全时段按遮挡计损仍满足双向预算
T023,爬升,4371.732973225911,4391.599459838867,直连,,1491,PASS,worst_obstruction_endpoint_distance,27.92885384004063,158.79837951660176,True,,端点最大距离且全时段按遮挡计损仍满足双向预算
T023,爬升,4391.599459838867,4411.465946451823,直连,,1492,PASS,worst_obstruction_endpoint_distance,25.160808415575318,218.397839355469,True,,端点最大距离且全时段按遮挡计损仍满足双向预算
T023,巡航,4411.465946451823,4430.77655622912,直连,,1493,PASS,worst_obstruction_endpoint_distance,20.75321503615335,362.7671946009024,True,,端点最大距离且全时段按遮挡计损仍满足双向预算
T023,巡航,4430.77655622912,4450.087166006416,直连,,1494,PASS,worst_obstruction_endpoint_distance,16.110304248345813,619.1181641730701,True,,端点最大距离且全时段按遮挡计损仍满足双向预算
T023,巡航,4450.087166006416,4469.397775783713,直连,,1495,PASS,worst_obstruction_endpoint_distance,12.899596539616908,896.0019014636614,True,,端点最大距离且全时段按遮挡计损仍满足双向预算
T023,巡航,4469.397775783713,4488.708385561009,直连,,1496,PASS,worst_obstruction_endpoint_distance,10.515201150199815,1179.0404387173653,True,,端点最大距离且全时段按遮挡计损仍满足双向预算
T023,巡航,4488.708385561009,4508.018995338305,直连,,1497,PASS,worst_obstruction_endpoint_distance,8.63097956554033,1464.6699789789309,True,,端点最大距离且全时段按遮挡计损仍满足双向预算
T023,巡航,4508.018995338305,4527.329605115602,直连,,1498,PASS,worst_obstruction_endpoint_distance,7.076960051876313,1751.623470098632,True,,端点最大距离且全时段按遮挡计损仍满足双向预算
T023,巡航,4527.329605115602,4546.640214892898,直连,,1499,PASS,worst_obstruction_endpoint_distance,5.755973409622868,2039.3421138116032,True,,端点最大距离且全时段按遮挡计损仍满足双向预算
T023,巡航,4546.640214892898,4565.950824670195,直连,,1500,PASS,worst_obstruction_endpoint_distance,4.60782398366328,2327.542174874168,True,,端点最大距离且全时段按遮挡计损仍满足双向预算
T023,巡航,4565.950824670195,4585.261434447491,直连,,1501,PASS,worst_obstruction_endpoint_distance,3.592806045813731,2616.064551374272,True,,端点最大距离且全时段按遮挡计损仍满足双向预算
T023,巡航,4585.261434447491,4604.5720442247875,直连,,1502,PASS,worst_obstruction_endpoint_distance,2.6834109702721207,2904.813202356247,True,,端点最大距离且全时段按遮挡计损仍满足双向预算
T023,巡航,4604.5720442247875,4623.882654002085,直连,,1503,PASS,worst_obstruction_endpoint_distance,1.8598200342751454,3193.726755171166,True,,端点最大距离且全时段按遮挡计损仍满足双向预算
T023,下降,4623.882654002085,4634.142221873178,直连,,1504,PASS,worst_obstruction_endpoint_distance,1.8598200342751454,3193.726755171166,True,,端点最大距离且全时段按遮挡计损仍满足双向预算
T023,下降,4634.142221873178,4644.401789744272,直连,,1505,PASS,worst_obstruction_endpoint_distance,1.8643124438889203,3192.075361970319,True,,端点最大距离且全时段按遮挡计损仍满足双向预算
T023,投送,4644.401789744272,4663.492698835181,直连,,1506,PASS,exact_point,1.8682481629573715,3190.6293079047914,,,独立计算 DEM 遮挡、自由空间损耗与双向预算
T023,投送,4663.492698835181,4682.58360792609,直连,,1507,PASS,exact_point,1.8682481629573715,3190.6293079047914,,,独立计算 DEM 遮挡、自由空间损耗与双向预算
T023,投送,4682.58360792609,4701.674517016999,直连,,1508,PASS,exact_point,1.8682481629573715,3190.6293079047914,,,独立计算 DEM 遮挡、自由空间损耗与双向预算
T023,投送,4701.674517016999,4720.765426107908,直连,,1509,PASS,exact_point,1.8682481629573715,3190.6293079047914,,,独立计算 DEM 遮挡、自由空间损耗与双向预算
T023,投送,4720.765426107908,4739.856335198818,直连,,1510,PASS,exact_point,1.8682481629573715,3190.6293079047914,,,独立计算 DEM 遮挡、自由空间损耗与双向预算
T023,投送,4739.856335198818,4758.947244289726,直连,,1511,PASS,exact_point,1.8682481629573715,3190.6293079047914,,,独立计算 DEM 遮挡、自由空间损耗与双向预算
T023,投送,4758.947244289726,4778.038153380636,直连,,1512,PASS,exact_point,1.8682481629573715,3190.6293079047914,,,独立计算 DEM 遮挡、自由空间损耗与双向预算
T023,投送,4778.038153380636,4797.129062471545,直连,,1513,PASS,exact_point,1.8682481629573715,3190.6293079047914,,,独立计算 DEM 遮挡、自由空间损耗与双向预算
T023,投送,4797.129062471545,4816.219971562454,直连,,1514,PASS,exact_point,1.8682481629573715,3190.6293079047914,,,独立计算 DEM 遮挡、自由空间损耗与双向预算
T023,投送,4816.219971562454,4835.310880653363,直连,,1515,PASS,exact_point,1.8682481629573715,3190.6293079047914,,,独立计算 DEM 遮挡、自由空间损耗与双向预算
T023,投送,4835.310880653363,4854.401789744272,直连,,1516,PASS,exact_point,1.8682481629573715,3190.6293079047914,,,独立计算 DEM 遮挡、自由空间损耗与双向预算
T023,爬升,4854.401789744272,4871.501069529428,直连,,1517,PASS,worst_obstruction_endpoint_distance,1.8598200342751454,3193.726755171166,True,,端点最大距离且全时段按遮挡计损仍满足双向预算
T023,巡航,4871.501069529428,4890.811679306725,直连,,1518,PASS,worst_obstruction_endpoint_distance,1.8598200342751454,3193.726755171166,True,,端点最大距离且全时段按遮挡计损仍满足双向预算
T023,巡航,4890.811679306725,4910.122289084021,直连,,1519,PASS,worst_obstruction_endpoint_distance,2.6834109702721207,2904.813202356247,True,,端点最大距离且全时段按遮挡计损仍满足双向预算
T023,巡航,4910.122289084021,4929.432898861318,直连,,1520,PASS,worst_obstruction_endpoint_distance,3.592806045813731,2616.064551374272,True,,端点最大距离且全时段按遮挡计损仍满足双向预算
T023,巡航,4929.432898861318,4948.743508638614,直连,,1521,PASS,worst_obstruction_endpoint_distance,4.607823983663508,2327.5421748741096,True,,端点最大距离且全时段按遮挡计损仍满足双向预算
T023,巡航,4948.743508638614,4968.05411841591,直连,,1522,PASS,worst_obstruction_endpoint_distance,5.755973409622868,2039.3421138116032,True,,端点最大距离且全时段按遮挡计损仍满足双向预算
T023,巡航,4968.05411841591,4987.364728193207,直连,,1523,PASS,worst_obstruction_endpoint_distance,7.076960051876313,1751.623470098632,True,,端点最大距离且全时段按遮挡计损仍满足双向预算
T023,巡航,4987.364728193207,5006.675337970503,直连,,1524,PASS,worst_obstruction_endpoint_distance,8.63097956554033,1464.6699789789309,True,,端点最大距离且全时段按遮挡计损仍满足双向预算
T023,巡航,5006.675337970503,5025.9859477478,直连,,1525,PASS,worst_obstruction_endpoint_distance,10.515201150199815,1179.0404387173653,True,,端点最大距离且全时段按遮挡计损仍满足双向预算
T023,巡航,5025.9859477478,5045.296557525096,直连,,1526,PASS,worst_obstruction_endpoint_distance,12.899596539617463,896.001901463605,True,,端点最大距离且全时段按遮挡计损仍满足双向预算
T023,巡航,5045.296557525096,5064.607167302393,直连,,1527,PASS,worst_obstruction_endpoint_distance,16.110304248345813,619.1181641730701,True,,端点最大距离且全时段按遮挡计损仍满足双向预算
T023,巡航,5064.607167302393,5083.91777707969,直连,,1528,PASS,worst_obstruction_endpoint_distance,20.75321503615335,362.7671946009024,True,,端点最大距离且全时段按遮挡计损仍满足双向预算
T023,下降,5083.91777707969,5102.989604228127,直连,,1529,PASS,worst_obstruction_endpoint_distance,25.160808415575318,218.397839355469,True,,端点最大距离且全时段按遮挡计损仍满足双向预算
T023,下降,5102.989604228127,5122.0614313765645,直连,,1530,PASS,worst_obstruction_endpoint_distance,27.30017506799763,170.71827148437518,True,,端点最大距离且全时段按遮挡计损仍满足双向预算
T023,下降,5122.0614313765645,5141.133258525002,直连,,1531,PASS,worst_obstruction_endpoint_distance,30.14494023426778,123.03870361328137,True,,端点最大距离且全时段按遮挡计损仍满足双向预算
T023,下降,5141.133258525002,5160.2050856734395,直连,,1532,PASS,worst_obstruction_endpoint_distance,34.403056983805854,75.35913574218759,True,,端点最大距离且全时段按遮挡计损仍满足双向预算
T023,下降,5160.2050856734395,5179.276912821877,直连,,1533,PASS,worst_obstruction_endpoint_distance,43.1025890517096,27.67956787109378,True,,端点最大距离且全时段按遮挡计损仍满足双向预算
T024,爬升,6230.0,6249.616746582031,直连,,1534,PASS,worst_obstruction_endpoint_distance,42.68528468478472,29.041866455077297,True,,端点最大距离且全时段按遮挡计损仍满足双向预算
T024,爬升,6249.616746582031,6269.233493164063,直连,,1535,PASS,worst_obstruction_endpoint_distance,34.09456382066628,78.08373291015687,True,,端点最大距离且全时段按遮挡计损仍满足双向预算
T024,爬升,6269.233493164063,6288.850239746094,直连,,1536,PASS,worst_obstruction_endpoint_distance,29.861114895269665,127.12559936523644,True,,端点最大距离且全时段按遮挡计损仍满足双向预算
T024,爬升,6288.850239746094,6308.466986328125,直连,,1537,PASS,worst_obstruction_endpoint_distance,27.0272610251467,176.16746582031374,True,,端点最大距离且全时段按遮挡计损仍满足双向预算
T024,爬升,6308.466986328125,6328.083732910156,直连,,1538,PASS,worst_obstruction_endpoint_distance,24.894047506859238,225.20933227539103,True,,端点最大距离且全时段按遮挡计损仍满足双向预算
T024,巡航,6328.083732910156,6348.032164141581,直连,,1539,PASS,worst_obstruction_endpoint_distance,20.476569260061567,374.5073067081198,True,,端点最大距离且全时段按遮挡计损仍满足双向预算
T024,巡航,6348.032164141581,6367.9805953730065,直连,,1540,PASS,worst_obstruction_endpoint_distance,15.829974101692486,639.4256493755012,True,,端点最大距离且全时段按遮挡计损仍满足双向预算
T024,巡航,6367.9805953730065,6387.929026604431,直连,,1541,PASS,worst_obstruction_endpoint_distance,12.618260351929706,925.4985457841007,True,,端点最大距离且全时段按遮挡计损仍满足双向预算
T024,巡航,6387.929026604431,6407.877457835856,直连,,1542,PASS,worst_obstruction_endpoint_distance,10.233476665807785,1217.9092389358796,True,,端点最大距离且全时段按遮挡计损仍满足双向预算
T024,巡航,6407.877457835856,6427.8258890672805,直连,,1543,PASS,worst_obstruction_endpoint_distance,8.349068263577223,1512.9875178566108,True,,端点最大距离且全时段按遮挡计损仍满足双向预算
T024,巡航,6427.8258890672805,6447.774320298706,直连,,1544,PASS,worst_obstruction_endpoint_distance,6.794945300204006,1809.428778084995,True,,端点最大距离且全时段按遮挡计损仍满足双向预算
T024,巡航,6447.774320298706,6467.722751530131,直连,,1545,PASS,worst_obstruction_endpoint_distance,5.473895595477202,2106.657716764186,True,,端点最大距离且全时段按遮挡计损仍满足双向预算
T024,巡航,6467.722751530131,6487.671182761555,直连,,1546,PASS,worst_obstruction_endpoint_distance,4.325704959757758,2404.3822339864455,True,,端点最大距离且全时段按遮挡计损仍满足双向预算
T024,巡航,6487.671182761555,6507.619613992981,直连,,1547,PASS,worst_obstruction_endpoint_distance,3.3106586402651743,2702.4385427766797,True,,端点最大距离且全时段按遮挡计损仍满足双向预算
T024,巡航,6507.619613992981,6527.568045224405,直连,,1548,PASS,worst_obstruction_endpoint_distance,2.401243199064254,3000.7277761782934,True,,端点最大距离且全时段按遮挡计损仍满足双向预算
T024,巡航,6527.568045224405,6547.51647645583,直连,,1549,PASS,worst_obstruction_endpoint_distance,1.5776371600474448,3299.186756586918,True,,端点最大距离且全时段按遮挡计损仍满足双向预算
T024,巡航,6547.51647645583,6567.464907687255,直连,,1550,PASS,worst_obstruction_endpoint_distance,0.8250994230448754,3597.773239354705,True,,端点最大距离且全时段按遮挡计损仍满足双向预算
T024,巡航,6567.464907687255,6587.41333891868,直连,,1551,PASS,worst_obstruction_endpoint_distance,0.1323753731121542,3896.45791298493,True,,端点最大距离且全时段按遮挡计损仍满足双向预算
T024,巡航,6587.41333891868,6607.361770150104,中继,R006,1552,PASS,worst_obstruction_endpoint_distance,3.0919231118517416,1388.9691590915174,True,,端点最大距离且全时段按遮挡计损仍满足双向预算
T024,巡航,6607.361770150104,6627.31020138153,中继,R006,1553,PASS,worst_obstruction_endpoint_distance,1.871524577405495,1598.4995907465093,True,,端点最大距离且全时段按遮挡计损仍满足双向预算
T024,巡航,6627.31020138153,6647.258632612955,中继,R006,1554,PASS,worst_obstruction_endpoint_distance,0.682072816606933,1833.0956104889353,True,,端点最大距离且全时段按遮挡计损仍满足双向预算
T024,巡航,6647.258632612955,6667.207063844379,中继,R007,1555,PASS,worst_obstruction_endpoint_distance,0.7935438880098502,1809.720741284462,True,,端点最大距离且全时段按遮挡计损仍满足双向预算
T024,巡航,6667.207063844379,6687.1554950758045,中继,R007,1556,PASS,worst_obstruction_endpoint_distance,2.18622543639502,1541.6205343153074,True,,端点最大距离且全时段按遮挡计损仍满足双向预算
T024,巡航,6687.1554950758045,6707.103926307229,中继,R007,1557,PASS,worst_obstruction_endpoint_distance,3.752100501082751,1287.3117497629592,True,,端点最大距离且全时段按遮挡计损仍满足双向预算
T024,巡航,6707.103926307229,6727.052357538654,中继,R007,1558,PASS,worst_obstruction_endpoint_distance,5.465934903575743,1056.7980739955074,True,,端点最大距离且全时段按遮挡计损仍满足双向预算
T024,巡航,6727.052357538654,6747.000788770079,中继,R007,1559,PASS,worst_obstruction_endpoint_distance,7.163167460360086,869.2213505149701,True,,端点最大距离且全时段按遮挡计损仍满足双向预算
T024,巡航,6747.000788770079,6766.949220001504,中继,R007,1560,PASS,worst_obstruction_endpoint_distance,8.361635307260357,757.1937018024331,True,,端点最大距离且全时段按遮挡计损仍满足双向预算
T024,巡航,6766.949220001504,6786.897651232929,中继,R007,1561,PASS,worst_obstruction_endpoint_distance,7.2174888770571215,863.8022171589038,True,,端点最大距离且全时段按遮挡计损仍满足双向预算
T024,巡航,6786.897651232929,6806.8460824643535,中继,R007,1562,PASS,worst_obstruction_endpoint_distance,5.527232666505114,1049.3663291862797,True,,端点最大距离且全时段按遮挡计损仍满足双向预算
T024,巡航,6806.8460824643535,6826.794513695779,中继,R007,1563,PASS,worst_obstruction_endpoint_distance,3.809912144193447,1278.77209625438,True,,端点最大距离且全时段按遮挡计损仍满足双向预算
T024,巡航,6826.794513695779,6846.742944927204,中继,R007,1564,PASS,worst_obstruction_endpoint_distance,2.238018545490135,1532.4553547674145,True,,端点最大距离且全时段按遮挡计损仍满足双向预算
T024,巡航,6846.742944927204,6866.691376158628,中继,R007,1565,PASS,worst_obstruction_endpoint_distance,0.8394489047696396,1800.181577902523,True,,端点最大距离且全时段按遮挡计损仍满足双向预算
T024,下降,6866.691376158628,6883.69293153786,中继,R007,1566,PASS,worst_obstruction_endpoint_distance,0.8284758755184782,1802.4572144371423,True,,端点最大距离且全时段按遮挡计损仍满足双向预算
T024,下降,6883.69293153786,6900.694486917092,中继,R007,1567,PASS,worst_obstruction_endpoint_distance,0.8144482146368262,1805.3705241351129,True,,端点最大距离且全时段按遮挡计损仍满足双向预算
T024,下降,6900.694486917092,6917.696042296324,中继,R007,1568,PASS,worst_obstruction_endpoint_distance,0.7973955137346138,1808.9184260319166,True,,端点最大距离且全时段按遮挡计损仍满足双向预算
T024,投送,6917.696042296324,6936.754865825736,中继,R007,1569,PASS,exact_point,0.7973955137346138,1808.9184260319166,,,独立计算 DEM 遮挡、自由空间损耗与双向预算
T024,投送,6936.754865825736,6955.813689355147,中继,R007,1570,PASS,exact_point,0.7973955137346138,1808.9184260319166,,,独立计算 DEM 遮挡、自由空间损耗与双向预算
T024,投送,6955.813689355147,6974.872512884559,中继,R007,1571,PASS,exact_point,0.7973955137346138,1808.9184260319166,,,独立计算 DEM 遮挡、自由空间损耗与双向预算
T024,投送,6974.872512884559,6993.931336413971,中继,R007,1572,PASS,exact_point,0.7973955137346138,1808.9184260319166,,,独立计算 DEM 遮挡、自由空间损耗与双向预算
T024,投送,6993.931336413971,7012.990159943382,中继,R007,1573,PASS,exact_point,0.7973955137346138,1808.9184260319166,,,独立计算 DEM 遮挡、自由空间损耗与双向预算
T024,投送,7012.990159943382,7032.048983472794,中继,R007,1574,PASS,exact_point,0.7973955137346138,1808.9184260319166,,,独立计算 DEM 遮挡、自由空间损耗与双向预算
T024,投送,7032.048983472794,7051.107807002207,中继,R007,1575,PASS,exact_point,0.7973955137346138,1808.9184260319166,,,独立计算 DEM 遮挡、自由空间损耗与双向预算
T024,投送,7051.107807002207,7070.166630531618,中继,R007,1576,PASS,exact_point,0.7973955137346138,1808.9184260319166,,,独立计算 DEM 遮挡、自由空间损耗与双向预算
T024,投送,7070.166630531618,7089.22545406103,中继,R007,1577,PASS,exact_point,0.7973955137346138,1808.9184260319166,,,独立计算 DEM 遮挡、自由空间损耗与双向预算
T024,投送,7089.22545406103,7108.284277590441,中继,R007,1578,PASS,exact_point,0.7973955137346138,1808.9184260319166,,,独立计算 DEM 遮挡、自由空间损耗与双向预算
T024,投送,7108.284277590441,7127.343101119854,中继,R007,1579,PASS,exact_point,0.7973955137346138,1808.9184260319166,,,独立计算 DEM 遮挡、自由空间损耗与双向预算
T024,投送,7127.343101119854,7146.401924649265,中继,R007,1580,PASS,exact_point,0.7973955137346138,1808.9184260319166,,,独立计算 DEM 遮挡、自由空间损耗与双向预算
T024,投送,7146.401924649265,7165.460748178677,中继,R007,1581,PASS,exact_point,0.7973955137346138,1808.9184260319166,,,独立计算 DEM 遮挡、自由空间损耗与双向预算
T024,投送,7165.460748178677,7184.519571708089,中继,R007,1582,PASS,exact_point,0.7973955137346138,1808.9184260319166,,,独立计算 DEM 遮挡、自由空间损耗与双向预算
T024,投送,7184.519571708089,7203.5783952375,中继,R007,1583,PASS,exact_point,0.7973955137346138,1808.9184260319166,,,独立计算 DEM 遮挡、自由空间损耗与双向预算
T024,投送,7203.5783952375,7222.637218766912,中继,R007,1584,PASS,exact_point,0.7973955137346138,1808.9184260319166,,,独立计算 DEM 遮挡、自由空间损耗与双向预算
T024,投送,7222.637218766912,7241.696042296324,中继,R007,1585,PASS,exact_point,0.7973955137346138,1808.9184260319166,,,独立计算 DEM 遮挡、自由空间损耗与双向预算
T024,爬升,7241.696042296324,7255.297286599709,中继,R007,1586,PASS,worst_obstruction_endpoint_distance,0.7973955137346138,1808.9184260319166,True,,端点最大距离且全时段按遮挡计损仍满足双向预算
T024,爬升,7255.297286599709,7268.898530903095,中继,R007,1587,PASS,worst_obstruction_endpoint_distance,0.8144482146368262,1805.3705241351129,True,,端点最大距离且全时段按遮挡计损仍满足双向预算
T024,爬升,7268.898530903095,7282.49977520648,中继,R007,1588,PASS,worst_obstruction_endpoint_distance,0.8284758755184782,1802.4572144371423,True,,端点最大距离且全时段按遮挡计损仍满足双向预算
T024,巡航,7282.49977520648,7302.448206437905,中继,R007,1589,PASS,worst_obstruction_endpoint_distance,0.8394489047696396,1800.181577902523,True,,端点最大距离且全时段按遮挡计损仍满足双向预算
T024,巡航,7302.448206437905,7322.39663766933,中继,R007,1590,PASS,worst_obstruction_endpoint_distance,2.238018545490135,1532.4553547674145,True,,端点最大距离且全时段按遮挡计损仍满足双向预算
T024,巡航,7322.39663766933,7342.345068900755,中继,R007,1591,PASS,worst_obstruction_endpoint_distance,3.809912144193447,1278.77209625438,True,,端点最大距离且全时段按遮挡计损仍满足双向预算
T024,巡航,7342.345068900755,7362.29350013218,中继,R007,1592,PASS,worst_obstruction_endpoint_distance,5.527232666505114,1049.3663291862797,True,,端点最大距离且全时段按遮挡计损仍满足双向预算
T024,巡航,7362.29350013218,7382.241931363605,中继,R007,1593,PASS,worst_obstruction_endpoint_distance,7.2174888770571215,863.8022171589038,True,,端点最大距离且全时段按遮挡计损仍满足双向预算
T024,巡航,7382.241931363605,7402.19036259503,中继,R007,1594,PASS,worst_obstruction_endpoint_distance,8.361635307260357,757.1937018024331,True,,端点最大距离且全时段按遮挡计损仍满足双向预算
T024,巡航,7402.19036259503,7422.138793826454,中继,R007,1595,PASS,worst_obstruction_endpoint_distance,7.163167460360086,869.2213505149701,True,,端点最大距离且全时段按遮挡计损仍满足双向预算
T024,巡航,7422.138793826454,7442.08722505788,中继,R007,1596,PASS,worst_obstruction_endpoint_distance,5.465934903575743,1056.7980739955074,True,,端点最大距离且全时段按遮挡计损仍满足双向预算
T024,巡航,7442.08722505788,7462.035656289305,中继,R007,1597,PASS,worst_obstruction_endpoint_distance,3.752100501082751,1287.3117497629592,True,,端点最大距离且全时段按遮挡计损仍满足双向预算
T024,巡航,7462.035656289305,7481.984087520729,中继,R007,1598,PASS,worst_obstruction_endpoint_distance,2.18622543639502,1541.6205343153074,True,,端点最大距离且全时段按遮挡计损仍满足双向预算
T024,巡航,7481.984087520729,7501.932518752154,中继,R007,1599,PASS,worst_obstruction_endpoint_distance,0.7935438880098502,1809.720741284462,True,,端点最大距离且全时段按遮挡计损仍满足双向预算
T024,巡航,7501.932518752154,7521.880949983579,中继,R006,1600,PASS,worst_obstruction_endpoint_distance,0.682072816606933,1833.0956104889353,True,,端点最大距离且全时段按遮挡计损仍满足双向预算
T024,巡航,7521.880949983579,7541.829381215004,中继,R006,1601,PASS,worst_obstruction_endpoint_distance,1.871524577405495,1598.4995907465093,True,,端点最大距离且全时段按遮挡计损仍满足双向预算
T024,巡航,7541.829381215004,7561.7778124464285,中继,R006,1602,PASS,worst_obstruction_endpoint_distance,3.0919231118517416,1388.9691590915174,True,,端点最大距离且全时段按遮挡计损仍满足双向预算
T024,巡航,7561.7778124464285,7581.726243677854,直连,,1603,PASS,worst_obstruction_endpoint_distance,0.1323753731121542,3896.45791298493,True,,端点最大距离且全时段按遮挡计损仍满足双向预算
T024,巡航,7581.726243677854,7601.674674909278,直连,,1604,PASS,worst_obstruction_endpoint_distance,0.8250994230448754,3597.773239354705,True,,端点最大距离且全时段按遮挡计损仍满足双向预算
T024,巡航,7601.674674909278,7621.623106140703,直连,,1605,PASS,worst_obstruction_endpoint_distance,1.5776371600474448,3299.186756586918,True,,端点最大距离且全时段按遮挡计损仍满足双向预算
T024,巡航,7621.623106140703,7641.571537372129,直连,,1606,PASS,worst_obstruction_endpoint_distance,2.401243199064254,3000.7277761782934,True,,端点最大距离且全时段按遮挡计损仍满足双向预算
T024,巡航,7641.571537372129,7661.519968603553,直连,,1607,PASS,worst_obstruction_endpoint_distance,3.3106586402651743,2702.4385427766797,True,,端点最大距离且全时段按遮挡计损仍满足双向预算
T024,巡航,7661.519968603553,7681.468399834978,直连,,1608,PASS,worst_obstruction_endpoint_distance,4.325704959757758,2404.3822339864455,True,,端点最大距离且全时段按遮挡计损仍满足双向预算
T024,巡航,7681.468399834978,7701.416831066403,直连,,1609,PASS,worst_obstruction_endpoint_distance,5.473895595477202,2106.657716764186,True,,端点最大距离且全时段按遮挡计损仍满足双向预算
T024,巡航,7701.416831066403,7721.365262297828,直连,,1610,PASS,worst_obstruction_endpoint_distance,6.794945300204006,1809.428778084995,True,,端点最大距离且全时段按遮挡计损仍满足双向预算
T024,巡航,7721.365262297828,7741.313693529253,直连,,1611,PASS,worst_obstruction_endpoint_distance,8.349068263577223,1512.9875178566108,True,,端点最大距离且全时段按遮挡计损仍满足双向预算
T024,巡航,7741.313693529253,7761.262124760678,直连,,1612,PASS,worst_obstruction_endpoint_distance,10.233476665807785,1217.9092389358796,True,,端点最大距离且全时段按遮挡计损仍满足双向预算
T024,巡航,7761.262124760678,7781.210555992102,直连,,1613,PASS,worst_obstruction_endpoint_distance,12.618260351929706,925.4985457841007,True,,端点最大距离且全时段按遮挡计损仍满足双向预算
T024,巡航,7781.210555992102,7801.158987223527,直连,,1614,PASS,worst_obstruction_endpoint_distance,15.829974101692486,639.4256493755012,True,,端点最大距离且全时段按遮挡计损仍满足双向预算
T024,巡航,7801.158987223527,7821.1074184549525,直连,,1615,PASS,worst_obstruction_endpoint_distance,20.476569260061567,374.5073067081198,True,,端点最大距离且全时段按遮挡计损仍满足双向预算
T024,下降,7821.1074184549525,7838.622370760338,直连,,1616,PASS,worst_obstruction_endpoint_distance,24.894047506859238,225.20933227539103,True,,端点最大距离且全时段按遮挡计损仍满足双向预算
T024,下降,7838.622370760338,7856.137323065723,直连,,1617,PASS,worst_obstruction_endpoint_distance,26.362504444229174,190.17942766462062,True,,端点最大距离且全时段按遮挡计损仍满足双向预算
T024,下降,7856.137323065723,7873.652275371107,直连,,1618,PASS,worst_obstruction_endpoint_distance,28.130766268672517,155.14952305385026,True,,端点最大距离且全时段按遮挡计损仍满足双向预算
T024,下降,7873.652275371107,7891.167227676493,直连,,1619,PASS,worst_obstruction_endpoint_distance,30.35349628569311,120.1196184430816,True,,端点最大距离且全时段按遮挡计损仍满足双向预算
T024,下降,7891.167227676493,7908.682179981877,直连,,1620,PASS,worst_obstruction_endpoint_distance,33.348233904351076,85.08971383230943,True,,端点最大距离且全时段按遮挡计损仍满足双向预算
T024,下降,7908.682179981877,7926.197132287263,直连,,1621,PASS,worst_obstruction_endpoint_distance,37.955991362277445,50.0598092215408,True,,端点最大距离且全时段按遮挡计损仍满足双向预算
T024,下降,7926.197132287263,7943.712084592647,直连,,1622,PASS,worst_obstruction_endpoint_distance,45.92517525248826,20.0,True,,端点最大距离且全时段按遮挡计损仍满足双向预算
T025,爬升,6222.0,6240.035944417317,直连,,1623,PASS,worst_obstruction_endpoint_distance,43.955810044934495,25.08986104329321,True,,端点最大距离且全时段按遮挡计损仍满足双向预算
T025,爬升,6240.035944417317,6258.0718888346355,直连,,1624,PASS,worst_obstruction_endpoint_distance,35.021542284446866,70.1797220865887,True,,端点最大距离且全时段按遮挡计损仍满足双向预算
T025,爬升,6258.0718888346355,6276.107833251953,直连,,1625,PASS,worst_obstruction_endpoint_distance,30.7114807148575,115.26958312988188,True,,端点最大距离且全时段按遮挡计损仍满足双向预算
T025,爬升,6276.107833251953,6294.143777669271,直连,,1626,PASS,worst_obstruction_endpoint_distance,27.843884320576393,160.35944417317734,True,,端点最大距离且全时段按遮挡计损仍满足双向预算
T025,爬升,6294.143777669271,6312.179722086588,直连,,1627,PASS,worst_obstruction_endpoint_distance,25.691681627493523,205.44930521647058,True,,端点最大距离且全时段按遮挡计损仍满足双向预算
T025,爬升,6312.179722086588,6330.2156665039065,直连,,1628,PASS,worst_obstruction_endpoint_distance,23.968262608738172,250.53916625976603,True,,端点最大距离且全时段按遮挡计损仍满足双向预算
T025,巡航,6330.2156665039065,6349.99702356786,直连,,1629,PASS,worst_obstruction_endpoint_distance,20.16139188232583,388.3462932369524,True,,端点最大距离且全时段按遮挡计损仍满足双向预算
T025,巡航,6349.99702356786,6369.778380631814,直连,,1630,PASS,worst_obstruction_endpoint_distance,15.765903798404153,644.1597258386764,True,,端点最大距离且全时段按遮挡计损仍满足双向预算
T025,巡航,6369.778380631814,6389.559737695768,直连,,1631,PASS,worst_obstruction_endpoint_distance,12.62531864366639,924.7467764723526,True,,端点最大距离且全时段按遮挡计损仍满足双向预算
T025,巡航,6389.559737695768,6409.34109475972,直连,,1632,PASS,worst_obstruction_endpoint_distance,10.268298266887285,1213.0364331213775,True,,端点最大距离且全时段按遮挡计损仍满足双向预算
T025,巡航,6409.34109475972,6429.122451823674,直连,,1633,PASS,worst_obstruction_endpoint_distance,8.39730997944396,1504.6076282027716,True,,端点最大距离且全时段按遮挡计损仍满足双向预算
T025,巡航,6429.122451823674,6448.903808887628,直连,,1634,PASS,worst_obstruction_endpoint_distance,6.850635996686719,1797.864505710022,True,,端点最大距离且全时段按遮挡计损仍满足双向预算
T025,巡航,6448.903808887628,6468.685165951581,直连,,1635,PASS,worst_obstruction_endpoint_distance,5.5341333456205035,2092.098321356043,True,,端点最大距离且全时段按遮挡计损仍满足双向预算
T025,巡航,6468.685165951581,6488.466523015535,直连,,1636,PASS,worst_obstruction_endpoint_distance,4.388916634906977,2386.947827420809,True,,端点最大距离且全时段按遮挡计损仍满足双向预算
T025,巡航,6488.466523015535,6508.247880079489,直连,,1637,PASS,worst_obstruction_endpoint_distance,3.375919660747627,2682.209987066719,True,,端点最大距离且全时段按遮挡计损仍满足双向预算
T025,巡航,6508.247880079489,6528.0292371434425,直连,,1638,PASS,worst_obstruction_endpoint_distance,2.4679753448875914,2977.7620519260295,True,,端点最大距离且全时段按遮挡计损仍满足双向预算
T025,巡航,6528.0292371434425,6547.810594207396,直连,,1639,PASS,worst_obstruction_endpoint_distance,1.645460598805812,3273.5255001824776,True,,端点最大距离且全时段按遮挡计损仍满足双向预算
T025,巡航,6547.810594207396,6567.59195127135,直连,,1640,PASS,worst_obstruction_endpoint_distance,0.8937544946891762,3569.447786713983,True,,端点最大距离且全时段按遮挡计损仍满足双向预算
T025,巡航,6567.59195127135,6587.373308335304,直连,,1641,PASS,worst_obstruction_endpoint_distance,0.20167861880453586,3865.4924321610397,True,,端点最大距离且全时段按遮挡计损仍满足双向预算
T025,巡航,6587.373308335304,6607.154665399257,中继,R006,1642,PASS,worst_obstruction_endpoint_distance,8.915498169436432,710.4178251369547,True,,端点最大距离且全时段按遮挡计损仍满足双向预算
T025,巡航,6607.154665399257,6626.936022463211,中继,R006,1643,PASS,worst_obstruction_endpoint_distance,5.919360757851777,1003.0456998430258,True,,端点最大距离且全时段按遮挡计损仍满足双向预算
T025,巡航,6626.936022463211,6646.717379527165,中继,R006,1644,PASS,worst_obstruction_endpoint_distance,3.683401975513803,1297.533739429142,True,,端点最大距离且全时段按遮挡计损仍满足双向预算
T025,巡航,6646.717379527165,6666.498736591118,中继,R006,1645,PASS,worst_obstruction_endpoint_distance,1.9022745718798433,1592.850549555853,True,,端点最大距离且全时段按遮挡计损仍满足双向预算
T025,巡航,6666.498736591118,6686.280093655071,中继,R006,1646,PASS,worst_obstruction_endpoint_distance,0.422941462596242,1888.6073919071866,True,,端点最大距离且全时段按遮挡计损仍满足双向预算
T025,巡航,6686.280093655071,6706.061450719025,中继,R007,1647,PASS,worst_obstruction_endpoint_distance,1.3127262354054778,1704.7176061191228,True,,端点最大距离且全时段按遮挡计损仍满足双向预算
T025,巡航,6706.061450719025,6725.8428077829785,中继,R007,1648,PASS,worst_obstruction_endpoint_distance,2.1310599851746446,1551.4427670527323,True,,端点最大距离且全时段按遮挡计损仍满足双向预算
T025,巡航,6725.8428077829785,6745.624164846932,中继,R007,1649,PASS,worst_obstruction_endpoint_distance,2.7568539914342693,1443.597292027193,True,,端点最大距离且全时段按遮挡计损仍满足双向预算
T025,巡航,6745.624164846932,6765.405521910886,中继,R007,1650,PASS,worst_obstruction_endpoint_distance,3.009436570846745,1402.2224943312915,True,,端点最大距离且全时段按遮挡计损仍满足双向预算
T025,巡航,6765.405521910886,6785.18687897484,中继,R007,1651,PASS,worst_obstruction_endpoint_distance,2.5782083813780474,1473.5956784547577,True,,端点最大距离且全时段按遮挡计损仍满足双向预算
T025,巡航,6785.18687897484,6804.968236038793,中继,R007,1652,PASS,worst_obstruction_endpoint_distance,1.8755622343822864,1597.756696995542,True,,端点最大距离且全时段按遮挡计损仍满足双向预算
T025,巡航,6804.968236038793,6824.749593102747,中继,R007,1653,PASS,worst_obstruction_endpoint_distance,1.017815697403691,1763.5914042963925,True,,端点最大距离且全时段按遮挡计损仍满足双向预算
T025,巡航,6824.749593102747,6844.530950166701,中继,R007,1654,PASS,worst_obstruction_endpoint_distance,0.09820263924140704,1960.5531768111305,True,,端点最大距离且全时段按遮挡计损仍满足双向预算
T025,下降,6844.530950166701,6861.524866792677,中继,R007,1655,PASS,worst_obstruction_endpoint_distance,0.09089597645279923,1962.2031088782871,True,,端点最大距离且全时段按遮挡计损仍满足双向预算
T025,下降,6861.524866792677,6878.518783418654,中继,R007,1656,PASS,worst_obstruction_endpoint_distance,0.08100074457328788,1964.439784645317,True,,端点最大距离且全时段按遮挡计损仍满足双向预算
T025,下降,6878.518783418654,6895.51270004463,中继,R007,1657,PASS,worst_obstruction_endpoint_distance,0.06853462307819314,1967.2612028201515,True,,端点最大距离且全时段按遮挡计损仍满足双向预算
T025,下降,6895.51270004463,6912.5066166706065,中继,R007,1658,PASS,worst_obstruction_endpoint_distance,0.05351975134394138,1970.6648518618695,True,,端点最大距离且全时段按遮挡计损仍满足双向预算
T025,下降,6912.5066166706065,6929.500533296583,中继,R007,1659,PASS,worst_obstruction_endpoint_distance,0.035982598952486455,1974.647721044051,True,,端点最大距离且全时段按遮挡计损仍满足双向预算
T025,投送,6929.500533296583,6948.700533296584,中继,R007,1660,PASS,exact_point,0.035982598952486455,1974.647721044051,,,独立计算 DEM 遮挡、自由空间损耗与双向预算
T025,投送,6948.700533296584,6967.9005332965835,中继,R007,1661,PASS,exact_point,0.035982598952486455,1974.647721044051,,,独立计算 DEM 遮挡、自由空间损耗与双向预算
T025,投送,6967.9005332965835,6987.100533296583,中继,R007,1662,PASS,exact_point,0.035982598952486455,1974.647721044051,,,独立计算 DEM 遮挡、自由空间损耗与双向预算
T025,投送,6987.100533296583,7006.300533296583,中继,R007,1663,PASS,exact_point,0.035982598952486455,1974.647721044051,,,独立计算 DEM 遮挡、自由空间损耗与双向预算
T025,投送,7006.300533296583,7025.500533296583,中继,R007,1664,PASS,exact_point,0.035982598952486455,1974.647721044051,,,独立计算 DEM 遮挡、自由空间损耗与双向预算
T025,投送,7025.500533296583,7044.700533296584,中继,R007,1665,PASS,exact_point,0.035982598952486455,1974.647721044051,,,独立计算 DEM 遮挡、自由空间损耗与双向预算
T025,投送,7044.700533296584,7063.9005332965835,中继,R007,1666,PASS,exact_point,0.035982598952486455,1974.647721044051,,,独立计算 DEM 遮挡、自由空间损耗与双向预算
T025,投送,7063.9005332965835,7083.100533296583,中继,R007,1667,PASS,exact_point,0.035982598952486455,1974.647721044051,,,独立计算 DEM 遮挡、自由空间损耗与双向预算
T025,投送,7083.100533296583,7102.300533296583,中继,R007,1668,PASS,exact_point,0.035982598952486455,1974.647721044051,,,独立计算 DEM 遮挡、自由空间损耗与双向预算
T025,投送,7102.300533296583,7121.500533296583,中继,R007,1669,PASS,exact_point,0.035982598952486455,1974.647721044051,,,独立计算 DEM 遮挡、自由空间损耗与双向预算
T025,投送,7121.500533296583,7140.700533296584,中继,R007,1670,PASS,exact_point,0.035982598952486455,1974.647721044051,,,独立计算 DEM 遮挡、自由空间损耗与双向预算
T025,投送,7140.700533296584,7159.9005332965835,中继,R007,1671,PASS,exact_point,0.035982598952486455,1974.647721044051,,,独立计算 DEM 遮挡、自由空间损耗与双向预算
T025,投送,7159.9005332965835,7179.100533296583,中继,R007,1672,PASS,exact_point,0.035982598952486455,1974.647721044051,,,独立计算 DEM 遮挡、自由空间损耗与双向预算
T025,投送,7179.100533296583,7198.300533296583,中继,R007,1673,PASS,exact_point,0.035982598952486455,1974.647721044051,,,独立计算 DEM 遮挡、自由空间损耗与双向预算
T025,投送,7198.300533296583,7217.500533296583,中继,R007,1674,PASS,exact_point,0.035982598952486455,1974.647721044051,,,独立计算 DEM 遮挡、自由空间损耗与双向预算
T025,爬升,7217.500533296583,7234.49444992256,中继,R007,1675,PASS,worst_obstruction_endpoint_distance,0.035982598952486455,1974.647721044051,True,,端点最大距离且全时段按遮挡计损仍满足双向预算
T025,爬升,7234.49444992256,7251.488366548537,中继,R007,1676,PASS,worst_obstruction_endpoint_distance,0.05751103969893734,1969.7595116920877,True,,端点最大距离且全时段按遮挡计损仍满足双向预算
T025,爬升,7251.488366548537,7268.482283174513,中继,R007,1677,PASS,worst_obstruction_endpoint_distance,0.07508776444491616,1965.777546063408,True,,端点最大距离且全时段按遮挡计损仍满足双向预算
T025,爬升,7268.482283174513,7285.47619980049,中继,R007,1678,PASS,worst_obstruction_endpoint_distance,0.08866423352374397,1962.7073399621577,True,,端点最大距离且全时段按遮挡计损仍满足双向预算
T025,巡航,7285.47619980049,7305.257556864443,中继,R007,1679,PASS,worst_obstruction_endpoint_distance,0.09820263924140704,1960.5531768111305,True,,端点最大距离且全时段按遮挡计损仍满足双向预算
T025,巡航,7305.257556864443,7325.038913928397,中继,R007,1680,PASS,worst_obstruction_endpoint_distance,1.017815697403691,1763.5914042963925,True,,端点最大距离且全时段按遮挡计损仍满足双向预算
T025,巡航,7325.038913928397,7344.820270992351,中继,R007,1681,PASS,worst_obstruction_endpoint_distance,1.8755622343822864,1597.756696995542,True,,端点最大距离且全时段按遮挡计损仍满足双向预算
T025,巡航,7344.820270992351,7364.601628056304,中继,R007,1682,PASS,worst_obstruction_endpoint_distance,2.5782083813780474,1473.5956784547577,True,,端点最大距离且全时段按遮挡计损仍满足双向预算
T025,巡航,7364.601628056304,7384.382985120258,中继,R007,1683,PASS,worst_obstruction_endpoint_distance,3.009436570846745,1402.2224943312915,True,,端点最大距离且全时段按遮挡计损仍满足双向预算
T025,巡航,7384.382985120258,7404.164342184212,中继,R007,1684,PASS,worst_obstruction_endpoint_distance,2.7568539914342693,1443.597292027193,True,,端点最大距离且全时段按遮挡计损仍满足双向预算
T025,巡航,7404.164342184212,7423.945699248165,中继,R007,1685,PASS,worst_obstruction_endpoint_distance,2.1310599851746446,1551.4427670527323,True,,端点最大距离且全时段按遮挡计损仍满足双向预算
T025,巡航,7423.945699248165,7443.727056312118,中继,R007,1686,PASS,worst_obstruction_endpoint_distance,1.3127262354054778,1704.7176061191228,True,,端点最大距离且全时段按遮挡计损仍满足双向预算
T025,巡航,7443.727056312118,7463.508413376072,中继,R007,1687,PASS,worst_obstruction_endpoint_distance,0.4054463408422606,1892.4152591509098,True,,端点最大距离且全时段按遮挡计损仍满足双向预算
T025,巡航,7463.508413376072,7483.289770440026,中继,R006,1688,PASS,worst_obstruction_endpoint_distance,1.9022745718798433,1592.850549555853,True,,端点最大距离且全时段按遮挡计损仍满足双向预算
T025,巡航,7483.289770440026,7503.071127503979,中继,R006,1689,PASS,worst_obstruction_endpoint_distance,3.683401975513803,1297.533739429142,True,,端点最大距离且全时段按遮挡计损仍满足双向预算
T025,巡航,7503.071127503979,7522.852484567933,中继,R006,1690,PASS,worst_obstruction_endpoint_distance,5.919360757851777,1003.0456998430258,True,,端点最大距离且全时段按遮挡计损仍满足双向预算
T025,巡航,7522.852484567933,7542.633841631887,中继,R006,1691,PASS,worst_obstruction_endpoint_distance,8.915498169436432,710.4178251369547,True,,端点最大距离且全时段按遮挡计损仍满足双向预算
T025,巡航,7542.633841631887,7562.41519869584,直连,,1692,PASS,worst_obstruction_endpoint_distance,0.20167861880453586,3865.4924321610397,True,,端点最大距离且全时段按遮挡计损仍满足双向预算
T025,巡航,7562.41519869584,7582.196555759794,直连,,1693,PASS,worst_obstruction_endpoint_distance,0.8937544946891762,3569.447786713983,True,,端点最大距离且全时段按遮挡计损仍满足双向预算
T025,巡航,7582.196555759794,7601.977912823748,直连,,1694,PASS,worst_obstruction_endpoint_distance,1.645460598805812,3273.5255001824776,True,,端点最大距离且全时段按遮挡计损仍满足双向预算
T025,巡航,7601.977912823748,7621.7592698877015,直连,,1695,PASS,worst_obstruction_endpoint_distance,2.4679753448875914,2977.7620519260295,True,,端点最大距离且全时段按遮挡计损仍满足双向预算
T025,巡航,7621.7592698877015,7641.540626951655,直连,,1696,PASS,worst_obstruction_endpoint_distance,3.375919660747627,2682.209987066719,True,,端点最大距离且全时段按遮挡计损仍满足双向预算
T025,巡航,7641.540626951655,7661.321984015609,直连,,1697,PASS,worst_obstruction_endpoint_distance,4.388916634906977,2386.947827420809,True,,端点最大距离且全时段按遮挡计损仍满足双向预算
T025,巡航,7661.321984015609,7681.103341079563,直连,,1698,PASS,worst_obstruction_endpoint_distance,5.5341333456205035,2092.098321356043,True,,端点最大距离且全时段按遮挡计损仍满足双向预算
T025,巡航,7681.103341079563,7700.884698143516,直连,,1699,PASS,worst_obstruction_endpoint_distance,6.850635996686719,1797.864505710022,True,,端点最大距离且全时段按遮挡计损仍满足双向预算
T025,巡航,7700.884698143516,7720.666055207469,直连,,1700,PASS,worst_obstruction_endpoint_distance,8.39730997944396,1504.6076282027716,True,,端点最大距离且全时段按遮挡计损仍满足双向预算
T025,巡航,7720.666055207469,7740.447412271423,直连,,1701,PASS,worst_obstruction_endpoint_distance,10.268298266887285,1213.0364331213775,True,,端点最大距离且全时段按遮挡计损仍满足双向预算
T025,巡航,7740.447412271423,7760.2287693353765,直连,,1702,PASS,worst_obstruction_endpoint_distance,12.62531864366639,924.7467764723526,True,,端点最大距离且全时段按遮挡计损仍满足双向预算
T025,巡航,7760.2287693353765,7780.01012639933,直连,,1703,PASS,worst_obstruction_endpoint_distance,15.765903798404153,644.1597258386764,True,,端点最大距离且全时段按遮挡计损仍满足双向预算
T025,巡航,7780.01012639933,7799.791483463284,直连,,1704,PASS,worst_obstruction_endpoint_distance,20.16139188232583,388.3462932369524,True,,端点最大距离且全时段按遮挡计损仍满足双向预算
T025,下降,7799.791483463284,7819.115709624695,直连,,1705,PASS,worst_obstruction_endpoint_distance,23.968262608738172,250.53916625976603,True,,端点最大距离且全时段按遮挡计损仍满足双向预算
T025,下降,7819.115709624695,7838.4399357861075,直连,,1706,PASS,worst_obstruction_endpoint_distance,25.423536680378135,211.89071393694337,True,,端点最大距离且全时段按遮挡计损仍满足双向预算
T025,下降,7838.4399357861075,7857.76416194752,直连,,1707,PASS,worst_obstruction_endpoint_distance,27.17269827277147,173.24226161411883,True,,端点最大距离且全时段按遮挡计损仍满足双向预算
T025,下降,7857.76416194752,7877.088388108931,直连,,1708,PASS,worst_obstruction_endpoint_distance,29.365273470603157,134.59380929129435,True,,端点最大距离且全时段按遮挡计损仍满足双向预算
T025,下降,7877.088388108931,7896.412614270343,直连,,1709,PASS,worst_obstruction_endpoint_distance,32.30529590570579,95.94535696847169,True,,端点最大距离且全时段按遮挡计损仍满足双向预算
T025,下降,7896.412614270343,7915.736840431755,直连,,1710,PASS,worst_obstruction_endpoint_distance,36.78315195211816,57.29690464564899,True,,端点最大距离且全时段按遮挡计损仍满足双向预算
T025,下降,7915.736840431755,7935.061066593167,直连,,1711,PASS,worst_obstruction_endpoint_distance,45.92517525248826,20.0,True,,端点最大距离且全时段按遮挡计损仍满足双向预算
T026,爬升,6196.0,6212.559240722656,直连,,1712,PASS,worst_obstruction_endpoint_distance,42.49716386964229,29.677722167967403,True,,端点最大距离且全时段按遮挡计损仍满足双向预算
T026,爬升,6212.559240722656,6229.118481445313,直连,,1713,PASS,worst_obstruction_endpoint_distance,33.95424061100921,79.35544433593753,True,,端点最大距离且全时段按遮挡计损仍满足双向预算
T026,爬升,6229.118481445313,6245.677722167969,直连,,1714,PASS,worst_obstruction_endpoint_distance,29.731748063926233,129.0331665039049,True,,端点最大距离且全时段按遮挡计损仍满足双向预算
T026,爬升,6245.677722167969,6262.236962890625,直连,,1715,PASS,worst_obstruction_endpoint_distance,26.902754877149746,178.710888671875,True,,端点最大距离且全时段按遮挡计损仍满足双向预算
T026,巡航,6262.236962890625,6281.3697226348095,直连,,1716,PASS,worst_obstruction_endpoint_distance,22.66947572970483,290.9477291053595,True,,端点最大距离且全时段按遮挡计损仍满足双向预算
T026,巡航,6281.3697226348095,6300.502482378994,直连,,1717,PASS,worst_obstruction_endpoint_distance,18.0934747436215,492.7368253916223,True,,端点最大距离且全时段按遮挡计损仍满足双向预算
T026,巡航,6300.502482378994,6319.635242123178,直连,,1718,PASS,worst_obstruction_endpoint_distance,14.901227776279285,711.5859581284601,True,,端点最大距离且全时段按遮挡计损仍满足双向预算
T026,巡航,6319.635242123178,6338.768001867362,直连,,1719,PASS,worst_obstruction_endpoint_distance,12.523979777991926,935.5990440341031,True,,端点最大距离且全时段按遮挡计损仍满足双向预算
T026,巡航,6338.768001867362,6357.900761611547,直连,,1720,PASS,worst_obstruction_endpoint_distance,10.643201374601844,1161.792823730982,True,,端点最大距离且全时段按遮挡计损仍满足双向预算
T026,巡航,6357.900761611547,6377.033521355731,直连,,1721,PASS,worst_obstruction_endpoint_distance,9.091089751738082,1389.1024289204595,True,,端点最大距离且全时段按遮挡计损仍满足双向预算
T026,巡航,6377.033521355731,6396.166281099915,直连,,1722,PASS,worst_obstruction_endpoint_distance,7.771266584701294,1617.0573735878716,True,,端点最大距离且全时段按遮挡计损仍满足双向预算
T026,巡航,6396.166281099915,6415.299040844099,直连,,1723,PASS,worst_obstruction_endpoint_distance,6.623877638458708,1845.4185269473276,True,,端点最大距离且全时段按遮挡计损仍满足双向预算
T026,巡航,6415.299040844099,6434.431800588283,直连,,1724,PASS,worst_obstruction_endpoint_distance,5.609383533516066,2074.051717872369,True,,端点最大距离且全时段按遮挡计损仍满足双向预算
T026,巡航,6434.431800588283,6453.564560332467,直连,,1725,PASS,worst_obstruction_endpoint_distance,4.700364382916447,2302.8759228199197,True,,端点最大距离且全时段按遮挡计损仍满足双向预算
T026,巡航,6453.564560332467,6472.697320076652,直连,,1726,PASS,worst_obstruction_endpoint_distance,3.8770522521858055,2531.839351554418,True,,端点最大距离且全时段按遮挡计损仍满足双向预算
T026,巡航,6472.697320076652,6491.8300798208365,直连,,1727,PASS,worst_obstruction_endpoint_distance,3.124738455292942,2760.907366598639,True,,端点最大距离且全时段按遮挡计损仍满足双向预算
T026,巡航,6491.8300798208365,6510.962839565021,直连,,1728,PASS,worst_obstruction_endpoint_distance,2.43218892238626,2990.0559309954597,True,,端点最大距离且全时段按遮挡计损仍满足双向预算
T026,巡航,6510.962839565021,6530.095599309205,直连,,1729,PASS,worst_obstruction_endpoint_distance,1.7906329329594257,3219.267844201529,True,,端点最大距离且全时段按遮挡计损仍满足双向预算
T026,巡航,6530.095599309205,6549.228359053389,直连,,1730,PASS,worst_obstruction_endpoint_distance,1.193093802111946,3448.530474509302,True,,端点最大距离且全时段按遮挡计损仍满足双向预算
T026,巡航,6549.228359053389,6568.361118797573,直连,,1731,PASS,worst_obstruction_endpoint_distance,0.6339319019954246,3677.834337380098,True,,端点最大距离且全时段按遮挡计损仍满足双向预算
T026,巡航,6568.361118797573,6587.493878541758,直连,,1732,PASS,worst_obstruction_endpoint_distance,0.10852418084870408,3907.172173258838,True,,端点最大距离且全时段按遮挡计损仍满足双向预算
T026,巡航,6587.493878541758,6606.626638285942,中继,R006,1733,PASS,worst_obstruction_endpoint_distance,7.540151958523239,832.3024256997542,True,,端点最大距离且全时段按遮挡计损仍满足双向预算
T026,巡航,6606.626638285942,6625.759398030126,中继,R006,1734,PASS,worst_obstruction_endpoint_distance,5.65909143670558,1033.5564140079887,True,,端点最大距离且全时段按遮挡计损仍满足双向预算
T026,巡航,6625.759398030126,6644.89215777431,中继,R006,1735,PASS,worst_obstruction_endpoint_distance,4.04476646249104,1244.6591472092684,True,,端点最大距离且全时段按遮挡计损仍满足双向预算
T026,巡航,6644.89215777431,6664.0249175184945,中继,R007,1736,PASS,worst_obstruction_endpoint_distance,0.2300545847181752,1931.0166971121935,True,,端点最大距离且全时段按遮挡计损仍满足双向预算
T026,巡航,6664.0249175184945,6683.1576772626795,中继,R007,1737,PASS,worst_obstruction_endpoint_distance,1.2898599580212817,1709.2113197141653,True,,端点最大距离且全时段按遮挡计损仍满足双向预算
T026,巡航,6683.1576772626795,6702.290437006864,中继,R007,1738,PASS,worst_obstruction_endpoint_distance,2.4834052890514045,1489.7674936157314,True,,端点最大距离且全时段按遮挡计损仍满足双向预算
T026,下降,6702.290437006864,6719.81188882978,中继,R007,1739,PASS,worst_obstruction_endpoint_distance,3.802898216986918,1279.8051322590784,True,,端点最大距离且全时段按遮挡计损仍满足双向预算
T026,下降,6719.81188882978,6737.333340652696,中继,R007,1740,PASS,worst_obstruction_endpoint_distance,3.7530668736793302,1287.168534312495,True,,端点最大距离且全时段按遮挡计损仍满足双向预算
T026,下降,6737.333340652696,6754.854792475613,中继,R007,1741,PASS,worst_obstruction_endpoint_distance,3.6938664514362216,1295.9714544759318,True,,端点最大距离且全时段按遮挡计损仍满足双向预算
T026,投送,6754.854792475613,6773.945701566522,中继,R007,1742,PASS,exact_point,13.693866451436222,1295.9714544759318,,,独立计算 DEM 遮挡、自由空间损耗与双向预算
T026,投送,6773.945701566522,6793.036610657431,中继,R007,1743,PASS,exact_point,13.693866451436222,1295.9714544759318,,,独立计算 DEM 遮挡、自由空间损耗与双向预算
T026,投送,6793.036610657431,6812.127519748341,中继,R007,1744,PASS,exact_point,13.693866451436222,1295.9714544759318,,,独立计算 DEM 遮挡、自由空间损耗与双向预算
T026,投送,6812.127519748341,6831.21842883925,中继,R007,1745,PASS,exact_point,13.693866451436222,1295.9714544759318,,,独立计算 DEM 遮挡、自由空间损耗与双向预算
T026,投送,6831.21842883925,6850.309337930159,中继,R007,1746,PASS,exact_point,13.693866451436222,1295.9714544759318,,,独立计算 DEM 遮挡、自由空间损耗与双向预算
T026,投送,6850.309337930159,6869.400247021068,中继,R007,1747,PASS,exact_point,13.693866451436222,1295.9714544759318,,,独立计算 DEM 遮挡、自由空间损耗与双向预算
T026,投送,6869.400247021068,6888.491156111977,中继,R007,1748,PASS,exact_point,13.693866451436222,1295.9714544759318,,,独立计算 DEM 遮挡、自由空间损耗与双向预算
T026,投送,6888.491156111977,6907.582065202886,中继,R007,1749,PASS,exact_point,13.693866451436222,1295.9714544759318,,,独立计算 DEM 遮挡、自由空间损耗与双向预算
T026,投送,6907.582065202886,6926.672974293795,中继,R007,1750,PASS,exact_point,13.693866451436222,1295.9714544759318,,,独立计算 DEM 遮挡、自由空间损耗与双向预算
T026,投送,6926.672974293795,6945.763883384704,中继,R007,1751,PASS,exact_point,13.693866451436222,1295.9714544759318,,,独立计算 DEM 遮挡、自由空间损耗与双向预算
T026,投送,6945.763883384704,6964.854792475613,中继,R007,1752,PASS,exact_point,13.693866451436222,1295.9714544759318,,,独立计算 DEM 遮挡、自由空间损耗与双向预算
T026,爬升,6964.854792475613,6979.456002328044,中继,R007,1753,PASS,worst_obstruction_endpoint_distance,3.6938664514362216,1295.9714544759318,True,,端点最大距离且全时段按遮挡计损仍满足双向预算
T026,爬升,6979.456002328044,6994.057212180474,中继,R007,1754,PASS,worst_obstruction_endpoint_distance,3.753066873679316,1287.1685343124952,True,,端点最大距离且全时段按遮挡计损仍满足双向预算
T026,爬升,6994.057212180474,7008.658422032905,中继,R007,1755,PASS,worst_obstruction_endpoint_distance,3.802898216986918,1279.8051322590784,True,,端点最大距离且全时段按遮挡计损仍满足双向预算
T026,巡航,7008.658422032905,7027.791181777089,中继,R007,1756,PASS,worst_obstruction_endpoint_distance,2.4834052890514045,1489.7674936157314,True,,端点最大距离且全时段按遮挡计损仍满足双向预算
T026,巡航,7027.791181777089,7046.923941521273,中继,R007,1757,PASS,worst_obstruction_endpoint_distance,1.2898599580212817,1709.2113197141653,True,,端点最大距离且全时段按遮挡计损仍满足双向预算
T026,巡航,7046.923941521273,7066.056701265457,中继,R007,1758,PASS,worst_obstruction_endpoint_distance,0.2300545847181752,1931.0166971121935,True,,端点最大距离且全时段按遮挡计损仍满足双向预算
T026,巡航,7066.056701265457,7085.189461009642,中继,R006,1759,PASS,worst_obstruction_endpoint_distance,4.04476646249104,1244.6591472092684,True,,端点最大距离且全时段按遮挡计损仍满足双向预算
T026,巡航,7085.189461009642,7104.3222207538265,中继,R006,1760,PASS,worst_obstruction_endpoint_distance,5.65909143670558,1033.5564140079887,True,,端点最大距离且全时段按遮挡计损仍满足双向预算
T026,巡航,7104.3222207538265,7123.454980498011,中继,R006,1761,PASS,worst_obstruction_endpoint_distance,7.540151958523239,832.3024256997542,True,,端点最大距离且全时段按遮挡计损仍满足双向预算
T026,巡航,7123.454980498011,7142.587740242195,直连,,1762,PASS,worst_obstruction_endpoint_distance,0.10852418084870408,3907.172173258838,True,,端点最大距离且全时段按遮挡计损仍满足双向预算
T026,巡航,7142.587740242195,7161.720499986379,直连,,1763,PASS,worst_obstruction_endpoint_distance,0.6339319019954246,3677.834337380098,True,,端点最大距离且全时段按遮挡计损仍满足双向预算
T026,巡航,7161.720499986379,7180.853259730564,直连,,1764,PASS,worst_obstruction_endpoint_distance,1.193093802111946,3448.530474509302,True,,端点最大距离且全时段按遮挡计损仍满足双向预算
T026,巡航,7180.853259730564,7199.986019474748,直连,,1765,PASS,worst_obstruction_endpoint_distance,1.7906329329594257,3219.267844201529,True,,端点最大距离且全时段按遮挡计损仍满足双向预算
T026,巡航,7199.986019474748,7219.118779218932,直连,,1766,PASS,worst_obstruction_endpoint_distance,2.43218892238626,2990.0559309954597,True,,端点最大距离且全时段按遮挡计损仍满足双向预算
T026,巡航,7219.118779218932,7238.251538963116,直连,,1767,PASS,worst_obstruction_endpoint_distance,3.124738455292942,2760.907366598639,True,,端点最大距离且全时段按遮挡计损仍满足双向预算
T026,巡航,7238.251538963116,7257.3842987073,直连,,1768,PASS,worst_obstruction_endpoint_distance,3.8770522521858055,2531.839351554418,True,,端点最大距离且全时段按遮挡计损仍满足双向预算
T026,巡航,7257.3842987073,7276.517058451485,直连,,1769,PASS,worst_obstruction_endpoint_distance,4.700364382916447,2302.8759228199197,True,,端点最大距离且全时段按遮挡计损仍满足双向预算
T026,巡航,7276.517058451485,7295.649818195669,直连,,1770,PASS,worst_obstruction_endpoint_distance,5.609383533516066,2074.051717872369,True,,端点最大距离且全时段按遮挡计损仍满足双向预算
T026,巡航,7295.649818195669,7314.782577939854,直连,,1771,PASS,worst_obstruction_endpoint_distance,6.623877638458708,1845.4185269473276,True,,端点最大距离且全时段按遮挡计损仍满足双向预算
T026,巡航,7314.782577939854,7333.915337684038,直连,,1772,PASS,worst_obstruction_endpoint_distance,7.771266584701294,1617.0573735878716,True,,端点最大距离且全时段按遮挡计损仍满足双向预算
T026,巡航,7333.915337684038,7353.048097428222,直连,,1773,PASS,worst_obstruction_endpoint_distance,9.091089751738082,1389.1024289204595,True,,端点最大距离且全时段按遮挡计损仍满足双向预算
T026,巡航,7353.048097428222,7372.180857172407,直连,,1774,PASS,worst_obstruction_endpoint_distance,10.643201374601844,1161.792823730982,True,,端点最大距离且全时段按遮挡计损仍满足双向预算
T026,巡航,7372.180857172407,7391.31361691659,直连,,1775,PASS,worst_obstruction_endpoint_distance,12.523979777991926,935.5990440341031,True,,端点最大距离且全时段按遮挡计损仍满足双向预算
T026,巡航,7391.31361691659,7410.446376660775,直连,,1776,PASS,worst_obstruction_endpoint_distance,14.901227776279285,711.5859581284601,True,,端点最大距离且全时段按遮挡计损仍满足双向预算
T026,巡航,7410.446376660775,7429.579136404959,直连,,1777,PASS,worst_obstruction_endpoint_distance,18.0934747436215,492.7368253916223,True,,端点最大距离且全时段按遮挡计损仍满足双向预算
T026,巡航,7429.579136404959,7448.711896149143,直连,,1778,PASS,worst_obstruction_endpoint_distance,22.66947572970483,290.9477291053595,True,,端点最大距离且全时段按遮挡计损仍满足双向预算
T026,下降,7448.711896149143,7468.582985016331,直连,,1779,PASS,worst_obstruction_endpoint_distance,26.902754877149746,178.710888671875,True,,端点最大距离且全时段按遮挡计损仍满足双向预算
T026,下降,7468.582985016331,7488.4540738835185,直连,,1780,PASS,worst_obstruction_endpoint_distance,29.731748063926148,129.03316650390627,True,,端点最大距离且全时段按遮挡计损仍满足双向预算
T026,下降,7488.4540738835185,7508.325162750705,直连,,1781,PASS,worst_obstruction_endpoint_distance,33.95424061100921,79.3554443359375,True,,端点最大距离且全时段按遮挡计损仍满足双向预算
T026,下降,7508.325162750705,7528.196251617894,直连,,1782,PASS,worst_obstruction_endpoint_distance,42.49716386964124,29.677722167971012,True,,端点最大距离且全时段按遮挡计损仍满足双向预算
T027,爬升,6240.0,6258.035944417317,直连,,1783,PASS,worst_obstruction_endpoint_distance,41.28869254344205,34.107833251952115,True,,端点最大距离且全时段按遮挡计损仍满足双向预算
T027,爬升,6258.035944417317,6276.0718888346355,直连,,1784,PASS,worst_obstruction_endpoint_distance,33.034860771067855,88.21566650390696,True,,端点最大距离且全时段按遮挡计损仍满足双向预算
T027,爬升,6276.0718888346355,6294.107833251953,直连,,1785,PASS,worst_obstruction_endpoint_distance,28.88024287431658,142.32349975585907,True,,端点最大距离且全时段按遮挡计损仍满足双向预算
T027,爬升,6294.107833251953,6312.143777669271,直连,,1786,PASS,worst_obstruction_endpoint_distance,26.081559889107467,196.43133300781392,True,,端点最大距离且全时段按遮挡计损仍满足双向预算
T027,爬升,6312.143777669271,6330.179722086588,直连,,1787,PASS,worst_obstruction_endpoint_distance,23.968262608738172,250.53916625976603,True,,端点最大距离且全时段按遮挡计损仍满足双向预算
T027,巡航,6330.179722086588,6349.961079150542,直连,,1788,PASS,worst_obstruction_endpoint_distance,20.16139188232583,388.3462932369524,True,,端点最大距离且全时段按遮挡计损仍满足双向预算
T027,巡航,6349.961079150542,6369.742436214496,直连,,1789,PASS,worst_obstruction_endpoint_distance,15.765903798404153,644.1597258386764,True,,端点最大距离且全时段按遮挡计损仍满足双向预算
T027,巡航,6369.742436214496,6389.523793278449,直连,,1790,PASS,worst_obstruction_endpoint_distance,12.62531864366639,924.7467764723526,True,,端点最大距离且全时段按遮挡计损仍满足双向预算
T027,巡航,6389.523793278449,6409.305150342403,直连,,1791,PASS,worst_obstruction_endpoint_distance,10.268298266887285,1213.0364331213775,True,,端点最大距离且全时段按遮挡计损仍满足双向预算
T027,巡航,6409.305150342403,6429.086507406357,直连,,1792,PASS,worst_obstruction_endpoint_distance,8.39730997944396,1504.6076282027716,True,,端点最大距离且全时段按遮挡计损仍满足双向预算
T027,巡航,6429.086507406357,6448.86786447031,直连,,1793,PASS,worst_obstruction_endpoint_distance,6.850635996686719,1797.864505710022,True,,端点最大距离且全时段按遮挡计损仍满足双向预算
T027,巡航,6448.86786447031,6468.649221534264,直连,,1794,PASS,worst_obstruction_endpoint_distance,5.5341333456205035,2092.098321356043,True,,端点最大距离且全时段按遮挡计损仍满足双向预算
T027,巡航,6468.649221534264,6488.430578598218,直连,,1795,PASS,worst_obstruction_endpoint_distance,4.388916634906977,2386.947827420809,True,,端点最大距离且全时段按遮挡计损仍满足双向预算
T027,巡航,6488.430578598218,6508.2119356621715,直连,,1796,PASS,worst_obstruction_endpoint_distance,3.375919660747627,2682.209987066719,True,,端点最大距离且全时段按遮挡计损仍满足双向预算
T027,巡航,6508.2119356621715,6527.993292726125,直连,,1797,PASS,worst_obstruction_endpoint_distance,2.4679753448875914,2977.7620519260295,True,,端点最大距离且全时段按遮挡计损仍满足双向预算
T027,巡航,6527.993292726125,6547.774649790078,直连,,1798,PASS,worst_obstruction_endpoint_distance,1.645460598805812,3273.5255001824776,True,,端点最大距离且全时段按遮挡计损仍满足双向预算
T027,巡航,6547.774649790078,6567.556006854032,直连,,1799,PASS,worst_obstruction_endpoint_distance,0.8937544946891762,3569.447786713983,True,,端点最大距离且全时段按遮挡计损仍满足双向预算
T027,巡航,6567.556006854032,6587.337363917985,直连,,1800,PASS,worst_obstruction_endpoint_distance,0.20167861880453586,3865.4924321610397,True,,端点最大距离且全时段按遮挡计损仍满足双向预算
T027,巡航,6587.337363917985,6607.118720981939,中继,R006,1801,PASS,worst_obstruction_endpoint_distance,8.915498169436432,710.4178251369547,True,,端点最大距离且全时段按遮挡计损仍满足双向预算
T027,巡航,6607.118720981939,6626.900078045893,中继,R006,1802,PASS,worst_obstruction_endpoint_distance,5.919360757851777,1003.0456998430258,True,,端点最大距离且全时段按遮挡计损仍满足双向预算
T027,巡航,6626.900078045893,6646.6814351098465,中继,R006,1803,PASS,worst_obstruction_endpoint_distance,3.683401975513803,1297.533739429142,True,,端点最大距离且全时段按遮挡计损仍满足双向预算
T027,巡航,6646.6814351098465,6666.4627921738,中继,R006,1804,PASS,worst_obstruction_endpoint_distance,1.9022745718798433,1592.850549555853,True,,端点最大距离且全时段按遮挡计损仍满足双向预算
T027,巡航,6666.4627921738,6686.244149237754,中继,R007,1805,PASS,worst_obstruction_endpoint_distance,0.4054463408422606,1892.4152591509098,True,,端点最大距离且全时段按遮挡计损仍满足双向预算
T027,巡航,6686.244149237754,6706.0255063017075,中继,R007,1806,PASS,worst_obstruction_endpoint_distance,1.3127262354054778,1704.7176061191228,True,,端点最大距离且全时段按遮挡计损仍满足双向预算
T027,巡航,6706.0255063017075,6725.806863365661,中继,R007,1807,PASS,worst_obstruction_endpoint_distance,2.1310599851746446,1551.4427670527323,True,,端点最大距离且全时段按遮挡计损仍满足双向预算
T027,巡航,6725.806863365661,6745.588220429614,中继,R007,1808,PASS,worst_obstruction_endpoint_distance,2.7568539914342693,1443.597292027193,True,,端点最大距离且全时段按遮挡计损仍满足双向预算
T027,巡航,6745.588220429614,6765.369577493568,中继,R007,1809,PASS,worst_obstruction_endpoint_distance,3.009436570846745,1402.2224943312915,True,,端点最大距离且全时段按遮挡计损仍满足双向预算
T027,巡航,6765.369577493568,6785.150934557521,中继,R007,1810,PASS,worst_obstruction_endpoint_distance,2.5782083813780474,1473.5956784547577,True,,端点最大距离且全时段按遮挡计损仍满足双向预算
T027,巡航,6785.150934557521,6804.932291621475,中继,R007,1811,PASS,worst_obstruction_endpoint_distance,1.8755622343822864,1597.756696995542,True,,端点最大距离且全时段按遮挡计损仍满足双向预算
T027,巡航,6804.932291621475,6824.713648685429,中继,R007,1812,PASS,worst_obstruction_endpoint_distance,1.017815697403691,1763.5914042963925,True,,端点最大距离且全时段按遮挡计损仍满足双向预算
T027,巡航,6824.713648685429,6844.4950057493825,中继,R007,1813,PASS,worst_obstruction_endpoint_distance,0.09820263924140704,1960.5531768111305,True,,端点最大距离且全时段按遮挡计损仍满足双向预算
T027,下降,6844.4950057493825,6861.488922375359,中继,R007,1814,PASS,worst_obstruction_endpoint_distance,0.08866423352374397,1962.7073399621577,True,,端点最大距离且全时段按遮挡计损仍满足双向预算
T027,下降,6861.488922375359,6878.482839001335,中继,R007,1815,PASS,worst_obstruction_endpoint_distance,0.07508776444491616,1965.777546063408,True,,端点最大距离且全时段按遮挡计损仍满足双向预算
T027,下降,6878.482839001335,6895.476755627313,中继,R007,1816,PASS,worst_obstruction_endpoint_distance,0.05751103969893734,1969.759511692088,True,,端点最大距离且全时段按遮挡计损仍满足双向预算
T027,下降,6895.476755627313,6912.470672253289,中继,R007,1817,PASS,worst_obstruction_endpoint_distance,0.035982598952486455,1974.647721044051,True,,端点最大距离且全时段按遮挡计损仍满足双向预算
T027,投送,6912.470672253289,6932.470672253289,中继,R007,1818,PASS,exact_point,0.035982598952486455,1974.647721044051,,,独立计算 DEM 遮挡、自由空间损耗与双向预算
T027,投送,6932.470672253289,6952.470672253289,中继,R007,1819,PASS,exact_point,0.035982598952486455,1974.647721044051,,,独立计算 DEM 遮挡、自由空间损耗与双向预算
T027,投送,6952.470672253289,6972.470672253289,中继,R007,1820,PASS,exact_point,0.035982598952486455,1974.647721044051,,,独立计算 DEM 遮挡、自由空间损耗与双向预算
T027,投送,6972.470672253289,6992.470672253289,中继,R007,1821,PASS,exact_point,0.035982598952486455,1974.647721044051,,,独立计算 DEM 遮挡、自由空间损耗与双向预算
T027,投送,6992.470672253289,7012.470672253289,中继,R007,1822,PASS,exact_point,0.035982598952486455,1974.647721044051,,,独立计算 DEM 遮挡、自由空间损耗与双向预算
T027,投送,7012.470672253289,7032.470672253289,中继,R007,1823,PASS,exact_point,0.035982598952486455,1974.647721044051,,,独立计算 DEM 遮挡、自由空间损耗与双向预算
T027,投送,7032.470672253289,7052.470672253289,中继,R007,1824,PASS,exact_point,0.035982598952486455,1974.647721044051,,,独立计算 DEM 遮挡、自由空间损耗与双向预算
T027,投送,7052.470672253289,7072.470672253289,中继,R007,1825,PASS,exact_point,0.035982598952486455,1974.647721044051,,,独立计算 DEM 遮挡、自由空间损耗与双向预算
T027,投送,7072.470672253289,7092.470672253289,中继,R007,1826,PASS,exact_point,0.035982598952486455,1974.647721044051,,,独立计算 DEM 遮挡、自由空间损耗与双向预算
T027,投送,7092.470672253289,7112.470672253289,中继,R007,1827,PASS,exact_point,0.035982598952486455,1974.647721044051,,,独立计算 DEM 遮挡、自由空间损耗与双向预算
T027,投送,7112.470672253289,7132.470672253289,中继,R007,1828,PASS,exact_point,0.035982598952486455,1974.647721044051,,,独立计算 DEM 遮挡、自由空间损耗与双向预算
T027,投送,7132.470672253289,7152.470672253289,中继,R007,1829,PASS,exact_point,0.035982598952486455,1974.647721044051,,,独立计算 DEM 遮挡、自由空间损耗与双向预算
T027,爬升,7152.470672253289,7171.352801837707,中继,R007,1830,PASS,worst_obstruction_endpoint_distance,0.035982598952486455,1974.647721044051,True,,端点最大距离且全时段按遮挡计损仍满足双向预算
T027,爬升,7171.352801837707,7190.234931422126,中继,R007,1831,PASS,worst_obstruction_endpoint_distance,0.06381164088892888,1968.3311987061895,True,,端点最大距离且全时段按遮挡计损仍满足双向预算
T027,爬升,7190.234931422126,7209.117061006544,中继,R007,1832,PASS,worst_obstruction_endpoint_distance,0.08458577554370095,1963.6291452546216,True,,端点最大距离且全时段按遮挡计损仍满足双向预算
T027,巡航,7209.117061006544,7228.898418070497,中继,R007,1833,PASS,worst_obstruction_endpoint_distance,0.09820263924140704,1960.5531768111305,True,,端点最大距离且全时段按遮挡计损仍满足双向预算
T027,巡航,7228.898418070497,7248.679775134451,中继,R007,1834,PASS,worst_obstruction_endpoint_distance,1.017815697403691,1763.5914042963925,True,,端点最大距离且全时段按遮挡计损仍满足双向预算
T027,巡航,7248.679775134451,7268.461132198405,中继,R007,1835,PASS,worst_obstruction_endpoint_distance,1.8755622343822864,1597.756696995542,True,,端点最大距离且全时段按遮挡计损仍满足双向预算
T027,巡航,7268.461132198405,7288.2424892623585,中继,R007,1836,PASS,worst_obstruction_endpoint_distance,2.5782083813780474,1473.5956784547577,True,,端点最大距离且全时段按遮挡计损仍满足双向预算
T027,巡航,7288.2424892623585,7308.023846326312,中继,R007,1837,PASS,worst_obstruction_endpoint_distance,3.009436570846745,1402.2224943312915,True,,端点最大距离且全时段按遮挡计损仍满足双向预算
T027,巡航,7308.023846326312,7327.805203390266,中继,R007,1838,PASS,worst_obstruction_endpoint_distance,2.7568539914342693,1443.597292027193,True,,端点最大距离且全时段按遮挡计损仍满足双向预算
T027,巡航,7327.805203390266,7347.58656045422,中继,R007,1839,PASS,worst_obstruction_endpoint_distance,2.1310599851746446,1551.4427670527323,True,,端点最大距离且全时段按遮挡计损仍满足双向预算
T027,巡航,7347.58656045422,7367.367917518173,中继,R007,1840,PASS,worst_obstruction_endpoint_distance,1.3127262354054778,1704.7176061191228,True,,端点最大距离且全时段按遮挡计损仍满足双向预算
T027,巡航,7367.367917518173,7387.149274582127,中继,R006,1841,PASS,worst_obstruction_endpoint_distance,0.422941462596242,1888.6073919071866,True,,端点最大距离且全时段按遮挡计损仍满足双向预算
T027,巡航,7387.149274582127,7406.930631646081,中继,R006,1842,PASS,worst_obstruction_endpoint_distance,1.9022745718798433,1592.850549555853,True,,端点最大距离且全时段按遮挡计损仍满足双向预算
T027,巡航,7406.930631646081,7426.711988710034,中继,R006,1843,PASS,worst_obstruction_endpoint_distance,3.683401975513803,1297.533739429142,True,,端点最大距离且全时段按遮挡计损仍满足双向预算
T027,巡航,7426.711988710034,7446.493345773988,中继,R006,1844,PASS,worst_obstruction_endpoint_distance,5.919360757851777,1003.0456998430258,True,,端点最大距离且全时段按遮挡计损仍满足双向预算
T027,巡航,7446.493345773988,7466.274702837942,中继,R006,1845,PASS,worst_obstruction_endpoint_distance,8.915498169436432,710.4178251369547,True,,端点最大距离且全时段按遮挡计损仍满足双向预算
T027,巡航,7466.274702837942,7486.0560599018945,直连,,1846,PASS,worst_obstruction_endpoint_distance,0.20167861880453586,3865.4924321610397,True,,端点最大距离且全时段按遮挡计损仍满足双向预算
T027,巡航,7486.0560599018945,7505.837416965848,直连,,1847,PASS,worst_obstruction_endpoint_distance,0.8937544946891762,3569.447786713983,True,,端点最大距离且全时段按遮挡计损仍满足双向预算
T027,巡航,7505.837416965848,7525.618774029802,直连,,1848,PASS,worst_obstruction_endpoint_distance,1.645460598805812,3273.5255001824776,True,,端点最大距离且全时段按遮挡计损仍满足双向预算
T027,巡航,7525.618774029802,7545.400131093756,直连,,1849,PASS,worst_obstruction_endpoint_distance,2.4679753448875914,2977.7620519260295,True,,端点最大距离且全时段按遮挡计损仍满足双向预算
T027,巡航,7545.400131093756,7565.181488157709,直连,,1850,PASS,worst_obstruction_endpoint_distance,3.375919660747627,2682.209987066719,True,,端点最大距离且全时段按遮挡计损仍满足双向预算
T027,巡航,7565.181488157709,7584.962845221663,直连,,1851,PASS,worst_obstruction_endpoint_distance,4.388916634906977,2386.947827420809,True,,端点最大距离且全时段按遮挡计损仍满足双向预算
T027,巡航,7584.962845221663,7604.744202285617,直连,,1852,PASS,worst_obstruction_endpoint_distance,5.5341333456205035,2092.098321356043,True,,端点最大距离且全时段按遮挡计损仍满足双向预算
T027,巡航,7604.744202285617,7624.525559349569,直连,,1853,PASS,worst_obstruction_endpoint_distance,6.850635996686719,1797.864505710022,True,,端点最大距离且全时段按遮挡计损仍满足双向预算
T027,巡航,7624.525559349569,7644.306916413523,直连,,1854,PASS,worst_obstruction_endpoint_distance,8.39730997944396,1504.6076282027716,True,,端点最大距离且全时段按遮挡计损仍满足双向预算
T027,巡航,7644.306916413523,7664.088273477477,直连,,1855,PASS,worst_obstruction_endpoint_distance,10.268298266887285,1213.0364331213775,True,,端点最大距离且全时段按遮挡计损仍满足双向预算
T027,巡航,7664.088273477477,7683.8696305414305,直连,,1856,PASS,worst_obstruction_endpoint_distance,12.62531864366639,924.7467764723526,True,,端点最大距离且全时段按遮挡计损仍满足双向预算
T027,巡航,7683.8696305414305,7703.650987605384,直连,,1857,PASS,worst_obstruction_endpoint_distance,15.765903798404153,644.1597258386764,True,,端点最大距离且全时段按遮挡计损仍满足双向预算
T027,巡航,7703.650987605384,7723.432344669338,直连,,1858,PASS,worst_obstruction_endpoint_distance,20.16139188232583,388.3462932369524,True,,端点最大距离且全时段按遮挡计损仍满足双向预算
T027,下降,7723.432344669338,7741.468289086656,直连,,1859,PASS,worst_obstruction_endpoint_distance,23.968262608738172,250.53916625976603,True,,端点最大距离且全时段按遮挡计损仍满足双向预算
T027,下降,7741.468289086656,7759.504233503973,直连,,1860,PASS,worst_obstruction_endpoint_distance,25.691681627493523,205.44930521647058,True,,端点最大距离且全时段按遮挡计损仍满足双向预算
T027,下降,7759.504233503973,7777.540177921292,直连,,1861,PASS,worst_obstruction_endpoint_distance,27.843884320576393,160.35944417317734,True,,端点最大距离且全时段按遮挡计损仍满足双向预算
T027,下降,7777.540177921292,7795.576122338609,直连,,1862,PASS,worst_obstruction_endpoint_distance,30.7114807148575,115.26958312988188,True,,端点最大距离且全时段按遮挡计损仍满足双向预算
T027,下降,7795.576122338609,7813.612066755927,直连,,1863,PASS,worst_obstruction_endpoint_distance,35.021542284446866,70.1797220865887,True,,端点最大距离且全时段按遮挡计损仍满足双向预算
T027,下降,7813.612066755927,7831.648011173244,直连,,1864,PASS,worst_obstruction_endpoint_distance,43.95581004493451,25.089861043293183,True,,端点最大距离且全时段按遮挡计损仍满足双向预算
T028,爬升,6189.0,6205.34728881836,直连,,1865,PASS,worst_obstruction_endpoint_distance,42.68528468478428,29.041866455078775,True,,端点最大距离且全时段按遮挡计损仍满足双向预算
T028,爬升,6205.34728881836,6221.694577636718,直连,,1866,PASS,worst_obstruction_endpoint_distance,34.09456382066651,78.08373291015477,True,,端点最大距离且全时段按遮挡计损仍满足双向预算
T028,爬升,6221.694577636718,6238.041866455078,直连,,1867,PASS,worst_obstruction_endpoint_distance,29.861114895269864,127.12559936523354,True,,端点最大距离且全时段按遮挡计损仍满足双向预算
T028,爬升,6238.041866455078,6254.389155273438,直连,,1868,PASS,worst_obstruction_endpoint_distance,27.02726102514677,176.16746582031232,True,,端点最大距离且全时段按遮挡计损仍满足双向预算
T028,爬升,6254.389155273438,6270.736444091797,直连,,1869,PASS,worst_obstruction_endpoint_distance,24.894047506859238,225.20933227539103,True,,端点最大距离且全时段按遮挡计损仍满足双向预算
T028,巡航,6270.736444091797,6290.538195681815,直连,,1870,PASS,worst_obstruction_endpoint_distance,21.644516402094226,327.38813670127615,True,,端点最大距离且全时段按遮挡计损仍满足双向预算
T028,巡航,6290.538195681815,6310.339947271832,直连,,1871,PASS,worst_obstruction_endpoint_distance,17.52765791771968,525.9032593345657,True,,端点最大距离且全时段按遮挡计损仍满足双向预算
T028,巡航,6310.339947271832,6330.141698861849,直连,,1872,PASS,worst_obstruction_endpoint_distance,14.472488605631625,747.5914537516687,True,,端点最大距离且全时段按遮挡计损仍满足双向预算
T028,巡航,6330.141698861849,6349.943450451867,直连,,1873,PASS,worst_obstruction_endpoint_distance,12.149657674161418,976.8005030112829,True,,端点最大距离且全时段按遮挡计损仍满足双向预算
T028,巡航,6349.943450451867,6369.745202041884,直连,,1874,PASS,worst_obstruction_endpoint_distance,10.295371872402796,1209.2613286886824,True,,端点最大距离且全时段按遮挡计损仍满足双向预算
T028,巡航,6369.745202041884,6389.5469536319015,直连,,1875,PASS,worst_obstruction_endpoint_distance,8.758018973598169,1443.4036846490144,True,,端点最大距离且全时段按遮挡计损仍满足双向预算
T028,巡航,6389.5469536319015,6409.348705221919,直连,,1876,PASS,worst_obstruction_endpoint_distance,7.447223888085361,1678.5240332121805,True,,端点最大距离且全时段按遮挡计损仍满足双向预算
T028,巡航,6409.348705221919,6429.150456811935,直连,,1877,PASS,worst_obstruction_endpoint_distance,6.305747415786783,1914.2620407619952,True,,端点最大距离且全时段按遮挡计损仍满足双向预算
T028,巡航,6429.150456811935,6448.952208401953,直连,,1878,PASS,worst_obstruction_endpoint_distance,5.295331225516634,2150.4145853182317,True,,端点最大距离且全时段按遮挡计损仍满足双向预算
T028,巡航,6448.952208401953,6468.75395999197,直连,,1879,PASS,worst_obstruction_endpoint_distance,4.389241226516177,2386.858628870974,True,,端点最大距离且全时段按遮挡计损仍满足双向预算
T028,巡航,6468.75395999197,6488.555711581987,直连,,1880,PASS,worst_obstruction_endpoint_distance,3.5681029457611544,2623.5153586547776,True,,端点最大距离且全时段按遮挡计损仍满足双向预算
T028,巡航,6488.555711581987,6508.357463172005,直连,,1881,PASS,worst_obstruction_endpoint_distance,2.8174463188957475,2860.3319837737295,True,,端点最大距离且全时段按遮挡计损仍满足双向预算
T028,巡航,6508.357463172005,6528.159214762022,直连,,1882,PASS,worst_obstruction_endpoint_distance,2.126188720101837,3097.271827773278,True,,端点最大距离且全时段按遮挡计损仍满足双向预算
T028,巡航,6528.159214762022,6547.96096635204,直连,,1883,PASS,worst_obstruction_endpoint_distance,1.4856592555871657,3334.3086225260663,True,,端点最大距离且全时段按遮挡计损仍满足双向预算
T028,巡航,6547.96096635204,6567.762717942057,直连,,1884,PASS,worst_obstruction_endpoint_distance,0.8889491867091692,3571.423064102844,True,,端点最大距离且全时段按遮挡计损仍满足双向预算
T028,巡航,6567.762717942057,6587.564469532074,直连,,1885,PASS,worst_obstruction_endpoint_distance,0.3304664214118418,3808.600650209204,True,,端点最大距离且全时段按遮挡计损仍满足双向预算
T028,巡航,6587.564469532074,6607.366221122092,中继,R006,1886,PASS,worst_obstruction_endpoint_distance,3.6838893576352802,1297.4609343359575,True,,端点最大距离且全时段按遮挡计损仍满足双向预算
T028,巡航,6607.366221122092,6627.167972712109,中继,R006,1887,PASS,worst_obstruction_endpoint_distance,2.7344449424416126,1447.3264907303771,True,,端点最大距离且全时段按遮挡计损仍满足双向预算
T028,巡航,6627.167972712109,6646.969724302126,中继,R006,1888,PASS,worst_obstruction_endpoint_distance,1.7643695011399814,1618.341917775288,True,,端点最大距离且全时段按遮挡计损仍满足双向预算
T028,巡航,6646.969724302126,6666.771475892144,中继,R006,1889,PASS,worst_obstruction_endpoint_distance,0.8186182289970105,1804.5039906593663,True,,端点最大距离且全时段按遮挡计损仍满足双向预算
T028,巡航,6666.771475892144,6686.573227482161,中继,R007,1890,PASS,worst_obstruction_endpoint_distance,0.6404902535078492,1841.8923563332646,True,,端点最大距离且全时段按遮挡计损仍满足双向预算
T028,巡航,6686.573227482161,6706.374979072179,中继,R007,1891,PASS,worst_obstruction_endpoint_distance,1.717107524880987,1627.1716989170284,True,,端点最大距离且全时段按遮挡计损仍满足双向预算
T028,巡航,6706.374979072179,6726.176730662196,中继,R007,1892,PASS,worst_obstruction_endpoint_distance,2.901439677093805,1419.7660091050504,True,,端点最大距离且全时段按遮挡计损仍满足双向预算
T028,巡航,6726.176730662196,6745.978482252213,中继,R007,1893,PASS,worst_obstruction_endpoint_distance,4.1943962385888085,1223.401324537965,True,,端点最大距离且全时段按遮挡计损仍满足双向预算
T028,巡航,6745.978482252213,6765.780233842231,中继,R007,1894,PASS,worst_obstruction_endpoint_distance,5.569066160540828,1044.3244603909466,True,,端点最大距离且全时段按遮挡计损仍满足双向预算
T028,巡航,6765.780233842231,6785.581985432248,中继,R007,1895,PASS,worst_obstruction_endpoint_distance,6.9287740152047945,892.9971185155161,True,,端点最大距离且全时段按遮挡计损仍满足双向预算
T028,巡航,6785.581985432248,6805.383737022265,中继,R007,1896,PASS,worst_obstruction_endpoint_distance,8.041504549062907,785.6218086338419,True,,端点最大距离且全时段按遮挡计损仍满足双向预算
T028,巡航,6805.383737022265,6825.185488612283,中继,R007,1897,PASS,worst_obstruction_endpoint_distance,8.196959961646911,771.6862468004886,True,,端点最大距离且全时段按遮挡计损仍满足双向预算
T028,巡航,6825.185488612283,6844.9872402023,中继,R007,1898,PASS,worst_obstruction_endpoint_distance,7.171831731322925,868.3547249121223,True,,端点最大距离且全时段按遮挡计损仍满足双向预算
T028,巡航,6844.9872402023,6864.788991792318,中继,R007,1899,PASS,worst_obstruction_endpoint_distance,5.836385950059025,1012.6735359784033,True,,端点最大距离且全时段按遮挡计损仍满足双向预算
T028,巡航,6864.788991792318,6884.590743382335,中继,R007,1900,PASS,worst_obstruction_endpoint_distance,4.453882973218143,1187.3933426130177,True,,端点最大距离且全时段按遮挡计损仍满足双向预算
T028,巡航,6884.590743382335,6904.392494972352,中继,R007,1901,PASS,worst_obstruction_endpoint_distance,3.141754247094937,1381.0234274300049,True,,端点最大距离且全时段按遮挡计损仍满足双向预算
T028,巡航,6904.392494972352,6924.19424656237,中继,R007,1902,PASS,worst_obstruction_endpoint_distance,1.9361218424825637,1586.6555900874666,True,,端点最大距离且全时段按遮挡计损仍满足双向预算
T028,巡航,6924.19424656237,6943.995998152387,中继,R007,1903,PASS,worst_obstruction_endpoint_distance,0.8394489047696396,1800.181577902523,True,,端点最大距离且全时段按遮挡计损仍满足双向预算
T028,下降,6943.995998152387,6957.597242455772,中继,R007,1904,PASS,worst_obstruction_endpoint_distance,0.8284758755184782,1802.4572144371423,True,,端点最大距离且全时段按遮挡计损仍满足双向预算
T028,下降,6957.597242455772,6971.198486759158,中继,R007,1905,PASS,worst_obstruction_endpoint_distance,0.8144482146368262,1805.3705241351129,True,,端点最大距离且全时段按遮挡计损仍满足双向预算
T028,下降,6971.198486759158,6984.799731062543,中继,R007,1906,PASS,worst_obstruction_endpoint_distance,0.7973955137346138,1808.9184260319166,True,,端点最大距离且全时段按遮挡计损仍满足双向预算
T028,投送,6984.799731062543,7004.799731062543,中继,R007,1907,PASS,exact_point,0.7973955137346138,1808.9184260319166,,,独立计算 DEM 遮挡、自由空间损耗与双向预算
T028,投送,7004.799731062543,7024.799731062543,中继,R007,1908,PASS,exact_point,0.7973955137346138,1808.9184260319166,,,独立计算 DEM 遮挡、自由空间损耗与双向预算
T028,投送,7024.799731062543,7044.799731062543,中继,R007,1909,PASS,exact_point,0.7973955137346138,1808.9184260319166,,,独立计算 DEM 遮挡、自由空间损耗与双向预算
T028,投送,7044.799731062543,7064.799731062543,中继,R007,1910,PASS,exact_point,0.7973955137346138,1808.9184260319166,,,独立计算 DEM 遮挡、自由空间损耗与双向预算
T028,投送,7064.799731062543,7084.799731062543,中继,R007,1911,PASS,exact_point,0.7973955137346138,1808.9184260319166,,,独立计算 DEM 遮挡、自由空间损耗与双向预算
T028,投送,7084.799731062543,7104.799731062543,中继,R007,1912,PASS,exact_point,0.7973955137346138,1808.9184260319166,,,独立计算 DEM 遮挡、自由空间损耗与双向预算
T028,投送,7104.799731062543,7124.799731062543,中继,R007,1913,PASS,exact_point,0.7973955137346138,1808.9184260319166,,,独立计算 DEM 遮挡、自由空间损耗与双向预算
T028,投送,7124.799731062543,7144.799731062543,中继,R007,1914,PASS,exact_point,0.7973955137346138,1808.9184260319166,,,独立计算 DEM 遮挡、自由空间损耗与双向预算
T028,投送,7144.799731062543,7164.799731062543,中继,R007,1915,PASS,exact_point,0.7973955137346138,1808.9184260319166,,,独立计算 DEM 遮挡、自由空间损耗与双向预算
T028,爬升,7164.799731062543,7181.801286441775,中继,R007,1916,PASS,worst_obstruction_endpoint_distance,0.7973955137346138,1808.9184260319166,True,,端点最大距离且全时段按遮挡计损仍满足双向预算
T028,爬升,7181.801286441775,7198.802841821007,中继,R007,1917,PASS,worst_obstruction_endpoint_distance,0.8218421697135057,1803.8343373937876,True,,端点最大距离且全时段按遮挡计损仍满足双向预算
T028,巡航,7198.802841821007,7218.604593411024,中继,R007,1918,PASS,worst_obstruction_endpoint_distance,0.8394489047696396,1800.181577902523,True,,端点最大距离且全时段按遮挡计损仍满足双向预算
T028,巡航,7218.604593411024,7238.406345001042,中继,R007,1919,PASS,worst_obstruction_endpoint_distance,1.9361218424825637,1586.6555900874666,True,,端点最大距离且全时段按遮挡计损仍满足双向预算
T028,巡航,7238.406345001042,7258.208096591059,中继,R007,1920,PASS,worst_obstruction_endpoint_distance,3.141754247094937,1381.0234274300049,True,,端点最大距离且全时段按遮挡计损仍满足双向预算
T028,巡航,7258.208096591059,7278.009848181076,中继,R007,1921,PASS,worst_obstruction_endpoint_distance,4.453882973218143,1187.3933426130177,True,,端点最大距离且全时段按遮挡计损仍满足双向预算
T028,巡航,7278.009848181076,7297.811599771094,中继,R007,1922,PASS,worst_obstruction_endpoint_distance,5.836385950059025,1012.6735359784033,True,,端点最大距离且全时段按遮挡计损仍满足双向预算
T028,巡航,7297.811599771094,7317.613351361111,中继,R007,1923,PASS,worst_obstruction_endpoint_distance,7.171831731322925,868.3547249121223,True,,端点最大距离且全时段按遮挡计损仍满足双向预算
T028,巡航,7317.613351361111,7337.415102951129,中继,R007,1924,PASS,worst_obstruction_endpoint_distance,8.196959961646911,771.6862468004886,True,,端点最大距离且全时段按遮挡计损仍满足双向预算
T028,巡航,7337.415102951129,7357.216854541146,中继,R007,1925,PASS,worst_obstruction_endpoint_distance,8.041504549062907,785.6218086338419,True,,端点最大距离且全时段按遮挡计损仍满足双向预算
T028,巡航,7357.216854541146,7377.018606131163,中继,R007,1926,PASS,worst_obstruction_endpoint_distance,6.9287740152047945,892.9971185155161,True,,端点最大距离且全时段按遮挡计损仍满足双向预算
T028,巡航,7377.018606131163,7396.820357721181,中继,R007,1927,PASS,worst_obstruction_endpoint_distance,5.569066160540828,1044.3244603909466,True,,端点最大距离且全时段按遮挡计损仍满足双向预算
T028,巡航,7396.820357721181,7416.622109311198,中继,R007,1928,PASS,worst_obstruction_endpoint_distance,4.1943962385888085,1223.401324537965,True,,端点最大距离且全时段按遮挡计损仍满足双向预算
T028,巡航,7416.622109311198,7436.423860901215,中继,R007,1929,PASS,worst_obstruction_endpoint_distance,2.901439677093805,1419.7660091050504,True,,端点最大距离且全时段按遮挡计损仍满足双向预算
T028,巡航,7436.423860901215,7456.225612491233,中继,R007,1930,PASS,worst_obstruction_endpoint_distance,1.717107524880987,1627.1716989170284,True,,端点最大距离且全时段按遮挡计损仍满足双向预算
T028,巡航,7456.225612491233,7476.02736408125,中继,R007,1931,PASS,worst_obstruction_endpoint_distance,0.6404902535078492,1841.8923563332646,True,,端点最大距离且全时段按遮挡计损仍满足双向预算
T028,巡航,7476.02736408125,7495.829115671268,中继,R006,1932,PASS,worst_obstruction_endpoint_distance,0.8186182289970105,1804.5039906593663,True,,端点最大距离且全时段按遮挡计损仍满足双向预算
T028,巡航,7495.829115671268,7515.630867261285,中继,R006,1933,PASS,worst_obstruction_endpoint_distance,1.7643695011399814,1618.341917775288,True,,端点最大距离且全时段按遮挡计损仍满足双向预算
T028,巡航,7515.630867261285,7535.432618851302,中继,R006,1934,PASS,worst_obstruction_endpoint_distance,2.7344449424416126,1447.3264907303771,True,,端点最大距离且全时段按遮挡计损仍满足双向预算
T028,巡航,7535.432618851302,7555.23437044132,中继,R006,1935,PASS,worst_obstruction_endpoint_distance,3.6838893576352802,1297.4609343359575,True,,端点最大距离且全时段按遮挡计损仍满足双向预算
T028,巡航,7555.23437044132,7575.036122031337,直连,,1936,PASS,worst_obstruction_endpoint_distance,0.3304664214118418,3808.600650209204,True,,端点最大距离且全时段按遮挡计损仍满足双向预算
T028,巡航,7575.036122031337,7594.837873621354,直连,,1937,PASS,worst_obstruction_endpoint_distance,0.8889491867091692,3571.423064102844,True,,端点最大距离且全时段按遮挡计损仍满足双向预算
T028,巡航,7594.837873621354,7614.639625211372,直连,,1938,PASS,worst_obstruction_endpoint_distance,1.4856592555871657,3334.3086225260663,True,,端点最大距离且全时段按遮挡计损仍满足双向预算
T028,巡航,7614.639625211372,7634.441376801389,直连,,1939,PASS,worst_obstruction_endpoint_distance,2.126188720101837,3097.271827773278,True,,端点最大距离且全时段按遮挡计损仍满足双向预算
T028,巡航,7634.441376801389,7654.243128391406,直连,,1940,PASS,worst_obstruction_endpoint_distance,2.8174463188957475,2860.3319837737295,True,,端点最大距离且全时段按遮挡计损仍满足双向预算
T028,巡航,7654.243128391406,7674.044879981423,直连,,1941,PASS,worst_obstruction_endpoint_distance,3.5681029457611544,2623.5153586547776,True,,端点最大距离且全时段按遮挡计损仍满足双向预算
T028,巡航,7674.044879981423,7693.84663157144,直连,,1942,PASS,worst_obstruction_endpoint_distance,4.389241226516177,2386.858628870974,True,,端点最大距离且全时段按遮挡计损仍满足双向预算
T028,巡航,7693.84663157144,7713.648383161458,直连,,1943,PASS,worst_obstruction_endpoint_distance,5.295331225516634,2150.4145853182317,True,,端点最大距离且全时段按遮挡计损仍满足双向预算
T028,巡航,7713.648383161458,7733.450134751475,直连,,1944,PASS,worst_obstruction_endpoint_distance,6.305747415786726,1914.262040762008,True,,端点最大距离且全时段按遮挡计损仍满足双向预算
T028,巡航,7733.450134751475,7753.2518863414925,直连,,1945,PASS,worst_obstruction_endpoint_distance,7.447223888085361,1678.5240332121805,True,,端点最大距离且全时段按遮挡计损仍满足双向预算
T028,巡航,7753.2518863414925,7773.05363793151,直连,,1946,PASS,worst_obstruction_endpoint_distance,8.758018973598169,1443.4036846490144,True,,端点最大距离且全时段按遮挡计损仍满足双向预算
T028,巡航,7773.05363793151,7792.855389521527,直连,,1947,PASS,worst_obstruction_endpoint_distance,10.295371872402796,1209.2613286886824,True,,端点最大距离且全时段按遮挡计损仍满足双向预算
T028,巡航,7792.855389521527,7812.657141111545,直连,,1948,PASS,worst_obstruction_endpoint_distance,12.149657674161418,976.8005030112829,True,,端点最大距离且全时段按遮挡计损仍满足双向预算
T028,巡航,7812.657141111545,7832.458892701562,直连,,1949,PASS,worst_obstruction_endpoint_distance,14.472488605631625,747.5914537516687,True,,端点最大距离且全时段按遮挡计损仍满足双向预算
T028,巡航,7832.458892701562,7852.260644291579,直连,,1950,PASS,worst_obstruction_endpoint_distance,17.52765791771968,525.9032593345657,True,,端点最大距离且全时段按遮挡计损仍满足双向预算
T028,巡航,7852.260644291579,7872.062395881597,直连,,1951,PASS,worst_obstruction_endpoint_distance,21.644516402094226,327.38813670127615,True,,端点最大距离且全时段按遮挡计损仍满足双向预算
T028,下降,7872.062395881597,7891.6791424636285,直连,,1952,PASS,worst_obstruction_endpoint_distance,24.894047506859238,225.20933227539103,True,,端点最大距离且全时段按遮挡计损仍满足双向预算
T028,下降,7891.6791424636285,7911.295889045659,直连,,1953,PASS,worst_obstruction_endpoint_distance,27.027261025146785,176.16746582031192,True,,端点最大距离且全时段按遮挡计损仍满足双向预算
T028,下降,7911.295889045659,7930.91263562769,直连,,1954,PASS,worst_obstruction_endpoint_distance,29.861114895269765,127.12559936523508,True,,端点最大距离且全时段按遮挡计损仍满足双向预算
T028,下降,7930.91263562769,7950.529382209722,直连,,1955,PASS,worst_obstruction_endpoint_distance,34.094563820666124,78.08373291015823,True,,端点最大距离且全时段按遮挡计损仍满足双向预算
T028,下降,7950.529382209722,7970.146128791754,直连,,1956,PASS,worst_obstruction_endpoint_distance,42.68528468478418,29.041866455079116,True,,端点最大距离且全时段按遮挡计损仍满足双向预算
T029,爬升,6196.0,6212.559240722656,直连,,1957,PASS,worst_obstruction_endpoint_distance,42.49716386964229,29.677722167967403,True,,端点最大距离且全时段按遮挡计损仍满足双向预算
T029,爬升,6212.559240722656,6229.118481445313,直连,,1958,PASS,worst_obstruction_endpoint_distance,33.95424061100921,79.35544433593753,True,,端点最大距离且全时段按遮挡计损仍满足双向预算
T029,爬升,6229.118481445313,6245.677722167969,直连,,1959,PASS,worst_obstruction_endpoint_distance,29.731748063926233,129.0331665039049,True,,端点最大距离且全时段按遮挡计损仍满足双向预算
T029,爬升,6245.677722167969,6262.236962890625,直连,,1960,PASS,worst_obstruction_endpoint_distance,26.902754877149746,178.710888671875,True,,端点最大距离且全时段按遮挡计损仍满足双向预算
T029,巡航,6262.236962890625,6281.3697226348095,直连,,1961,PASS,worst_obstruction_endpoint_distance,22.66947572970483,290.9477291053595,True,,端点最大距离且全时段按遮挡计损仍满足双向预算
T029,巡航,6281.3697226348095,6300.502482378994,直连,,1962,PASS,worst_obstruction_endpoint_distance,18.0934747436215,492.7368253916223,True,,端点最大距离且全时段按遮挡计损仍满足双向预算
T029,巡航,6300.502482378994,6319.635242123178,直连,,1963,PASS,worst_obstruction_endpoint_distance,14.901227776279285,711.5859581284601,True,,端点最大距离且全时段按遮挡计损仍满足双向预算
T029,巡航,6319.635242123178,6338.768001867362,直连,,1964,PASS,worst_obstruction_endpoint_distance,12.523979777991926,935.5990440341031,True,,端点最大距离且全时段按遮挡计损仍满足双向预算
T029,巡航,6338.768001867362,6357.900761611547,直连,,1965,PASS,worst_obstruction_endpoint_distance,10.643201374601844,1161.792823730982,True,,端点最大距离且全时段按遮挡计损仍满足双向预算
T029,巡航,6357.900761611547,6377.033521355731,直连,,1966,PASS,worst_obstruction_endpoint_distance,9.091089751738082,1389.1024289204595,True,,端点最大距离且全时段按遮挡计损仍满足双向预算
T029,巡航,6377.033521355731,6396.166281099915,直连,,1967,PASS,worst_obstruction_endpoint_distance,7.771266584701294,1617.0573735878716,True,,端点最大距离且全时段按遮挡计损仍满足双向预算
T029,巡航,6396.166281099915,6415.299040844099,直连,,1968,PASS,worst_obstruction_endpoint_distance,6.623877638458708,1845.4185269473276,True,,端点最大距离且全时段按遮挡计损仍满足双向预算
T029,巡航,6415.299040844099,6434.431800588283,直连,,1969,PASS,worst_obstruction_endpoint_distance,5.609383533516066,2074.051717872369,True,,端点最大距离且全时段按遮挡计损仍满足双向预算
T029,巡航,6434.431800588283,6453.564560332467,直连,,1970,PASS,worst_obstruction_endpoint_distance,4.700364382916447,2302.8759228199197,True,,端点最大距离且全时段按遮挡计损仍满足双向预算
T029,巡航,6453.564560332467,6472.697320076652,直连,,1971,PASS,worst_obstruction_endpoint_distance,3.8770522521858055,2531.839351554418,True,,端点最大距离且全时段按遮挡计损仍满足双向预算
T029,巡航,6472.697320076652,6491.8300798208365,直连,,1972,PASS,worst_obstruction_endpoint_distance,3.124738455292942,2760.907366598639,True,,端点最大距离且全时段按遮挡计损仍满足双向预算
T029,巡航,6491.8300798208365,6510.962839565021,直连,,1973,PASS,worst_obstruction_endpoint_distance,2.43218892238626,2990.0559309954597,True,,端点最大距离且全时段按遮挡计损仍满足双向预算
T029,巡航,6510.962839565021,6530.095599309205,直连,,1974,PASS,worst_obstruction_endpoint_distance,1.7906329329594257,3219.267844201529,True,,端点最大距离且全时段按遮挡计损仍满足双向预算
T029,巡航,6530.095599309205,6549.228359053389,直连,,1975,PASS,worst_obstruction_endpoint_distance,1.193093802111946,3448.530474509302,True,,端点最大距离且全时段按遮挡计损仍满足双向预算
T029,巡航,6549.228359053389,6568.361118797573,直连,,1976,PASS,worst_obstruction_endpoint_distance,0.6339319019954246,3677.834337380098,True,,端点最大距离且全时段按遮挡计损仍满足双向预算
T029,巡航,6568.361118797573,6587.493878541758,直连,,1977,PASS,worst_obstruction_endpoint_distance,0.10852418084870408,3907.172173258838,True,,端点最大距离且全时段按遮挡计损仍满足双向预算
T029,巡航,6587.493878541758,6606.626638285942,中继,R006,1978,PASS,worst_obstruction_endpoint_distance,7.540151958523239,832.3024256997542,True,,端点最大距离且全时段按遮挡计损仍满足双向预算
T029,巡航,6606.626638285942,6625.759398030126,中继,R006,1979,PASS,worst_obstruction_endpoint_distance,5.65909143670558,1033.5564140079887,True,,端点最大距离且全时段按遮挡计损仍满足双向预算
T029,巡航,6625.759398030126,6644.89215777431,中继,R006,1980,PASS,worst_obstruction_endpoint_distance,4.04476646249104,1244.6591472092684,True,,端点最大距离且全时段按遮挡计损仍满足双向预算
T029,巡航,6644.89215777431,6664.0249175184945,中继,R007,1981,PASS,worst_obstruction_endpoint_distance,0.2300545847181752,1931.0166971121935,True,,端点最大距离且全时段按遮挡计损仍满足双向预算
T029,巡航,6664.0249175184945,6683.1576772626795,中继,R007,1982,PASS,worst_obstruction_endpoint_distance,1.2898599580212817,1709.2113197141653,True,,端点最大距离且全时段按遮挡计损仍满足双向预算
T029,巡航,6683.1576772626795,6702.290437006864,中继,R007,1983,PASS,worst_obstruction_endpoint_distance,2.4834052890514045,1489.7674936157314,True,,端点最大距离且全时段按遮挡计损仍满足双向预算
T029,下降,6702.290437006864,6719.81188882978,中继,R007,1984,PASS,worst_obstruction_endpoint_distance,3.802898216986918,1279.8051322590784,True,,端点最大距离且全时段按遮挡计损仍满足双向预算
T029,下降,6719.81188882978,6737.333340652696,中继,R007,1985,PASS,worst_obstruction_endpoint_distance,3.7530668736793302,1287.168534312495,True,,端点最大距离且全时段按遮挡计损仍满足双向预算
T029,下降,6737.333340652696,6754.854792475613,中继,R007,1986,PASS,worst_obstruction_endpoint_distance,3.6938664514362216,1295.9714544759318,True,,端点最大距离且全时段按遮挡计损仍满足双向预算
T029,投送,6754.854792475613,6774.854792475613,中继,R007,1987,PASS,exact_point,13.693866451436222,1295.9714544759318,,,独立计算 DEM 遮挡、自由空间损耗与双向预算
T029,投送,6774.854792475613,6794.854792475613,中继,R007,1988,PASS,exact_point,13.693866451436222,1295.9714544759318,,,独立计算 DEM 遮挡、自由空间损耗与双向预算
T029,投送,6794.854792475613,6814.854792475613,中继,R007,1989,PASS,exact_point,13.693866451436222,1295.9714544759318,,,独立计算 DEM 遮挡、自由空间损耗与双向预算
T029,投送,6814.854792475613,6834.854792475613,中继,R007,1990,PASS,exact_point,13.693866451436222,1295.9714544759318,,,独立计算 DEM 遮挡、自由空间损耗与双向预算
T029,投送,6834.854792475613,6854.854792475613,中继,R007,1991,PASS,exact_point,13.693866451436222,1295.9714544759318,,,独立计算 DEM 遮挡、自由空间损耗与双向预算
T029,投送,6854.854792475613,6874.854792475613,中继,R007,1992,PASS,exact_point,13.693866451436222,1295.9714544759318,,,独立计算 DEM 遮挡、自由空间损耗与双向预算
T029,投送,6874.854792475613,6894.854792475613,中继,R007,1993,PASS,exact_point,13.693866451436222,1295.9714544759318,,,独立计算 DEM 遮挡、自由空间损耗与双向预算
T029,投送,6894.854792475613,6914.854792475613,中继,R007,1994,PASS,exact_point,13.693866451436222,1295.9714544759318,,,独立计算 DEM 遮挡、自由空间损耗与双向预算
T029,投送,6914.854792475613,6934.854792475613,中继,R007,1995,PASS,exact_point,13.693866451436222,1295.9714544759318,,,独立计算 DEM 遮挡、自由空间损耗与双向预算
T029,爬升,6934.854792475613,6949.456002328044,中继,R007,1996,PASS,worst_obstruction_endpoint_distance,3.6938664514362216,1295.9714544759318,True,,端点最大距离且全时段按遮挡计损仍满足双向预算
T029,爬升,6949.456002328044,6964.057212180474,中继,R007,1997,PASS,worst_obstruction_endpoint_distance,3.753066873679316,1287.1685343124952,True,,端点最大距离且全时段按遮挡计损仍满足双向预算
T029,爬升,6964.057212180474,6978.658422032905,中继,R007,1998,PASS,worst_obstruction_endpoint_distance,3.802898216986918,1279.8051322590784,True,,端点最大距离且全时段按遮挡计损仍满足双向预算
T029,巡航,6978.658422032905,6997.791181777089,中继,R007,1999,PASS,worst_obstruction_endpoint_distance,2.4834052890514045,1489.7674936157314,True,,端点最大距离且全时段按遮挡计损仍满足双向预算
T029,巡航,6997.791181777089,7016.923941521273,中继,R007,2000,PASS,worst_obstruction_endpoint_distance,1.2898599580212817,1709.2113197141653,True,,端点最大距离且全时段按遮挡计损仍满足双向预算
T029,巡航,7016.923941521273,7036.056701265457,中继,R007,2001,PASS,worst_obstruction_endpoint_distance,0.2300545847181752,1931.0166971121935,True,,端点最大距离且全时段按遮挡计损仍满足双向预算
T029,巡航,7036.056701265457,7055.189461009642,中继,R006,2002,PASS,worst_obstruction_endpoint_distance,4.04476646249104,1244.6591472092684,True,,端点最大距离且全时段按遮挡计损仍满足双向预算
T029,巡航,7055.189461009642,7074.3222207538265,中继,R006,2003,PASS,worst_obstruction_endpoint_distance,5.65909143670558,1033.5564140079887,True,,端点最大距离且全时段按遮挡计损仍满足双向预算
T029,巡航,7074.3222207538265,7093.454980498011,中继,R006,2004,PASS,worst_obstruction_endpoint_distance,7.540151958523239,832.3024256997542,True,,端点最大距离且全时段按遮挡计损仍满足双向预算
T029,巡航,7093.454980498011,7112.587740242195,直连,,2005,PASS,worst_obstruction_endpoint_distance,0.10852418084870408,3907.172173258838,True,,端点最大距离且全时段按遮挡计损仍满足双向预算
T029,巡航,7112.587740242195,7131.720499986379,直连,,2006,PASS,worst_obstruction_endpoint_distance,0.6339319019954246,3677.834337380098,True,,端点最大距离且全时段按遮挡计损仍满足双向预算
T029,巡航,7131.720499986379,7150.853259730564,直连,,2007,PASS,worst_obstruction_endpoint_distance,1.193093802111946,3448.530474509302,True,,端点最大距离且全时段按遮挡计损仍满足双向预算
T029,巡航,7150.853259730564,7169.986019474748,直连,,2008,PASS,worst_obstruction_endpoint_distance,1.7906329329594257,3219.267844201529,True,,端点最大距离且全时段按遮挡计损仍满足双向预算
T029,巡航,7169.986019474748,7189.118779218932,直连,,2009,PASS,worst_obstruction_endpoint_distance,2.43218892238626,2990.0559309954597,True,,端点最大距离且全时段按遮挡计损仍满足双向预算
T029,巡航,7189.118779218932,7208.251538963116,直连,,2010,PASS,worst_obstruction_endpoint_distance,3.124738455292942,2760.907366598639,True,,端点最大距离且全时段按遮挡计损仍满足双向预算
T029,巡航,7208.251538963116,7227.3842987073,直连,,2011,PASS,worst_obstruction_endpoint_distance,3.8770522521858055,2531.839351554418,True,,端点最大距离且全时段按遮挡计损仍满足双向预算
T029,巡航,7227.3842987073,7246.517058451485,直连,,2012,PASS,worst_obstruction_endpoint_distance,4.700364382916447,2302.8759228199197,True,,端点最大距离且全时段按遮挡计损仍满足双向预算
T029,巡航,7246.517058451485,7265.649818195669,直连,,2013,PASS,worst_obstruction_endpoint_distance,5.609383533516066,2074.051717872369,True,,端点最大距离且全时段按遮挡计损仍满足双向预算
T029,巡航,7265.649818195669,7284.782577939854,直连,,2014,PASS,worst_obstruction_endpoint_distance,6.623877638458708,1845.4185269473276,True,,端点最大距离且全时段按遮挡计损仍满足双向预算
T029,巡航,7284.782577939854,7303.915337684038,直连,,2015,PASS,worst_obstruction_endpoint_distance,7.771266584701294,1617.0573735878716,True,,端点最大距离且全时段按遮挡计损仍满足双向预算
T029,巡航,7303.915337684038,7323.048097428222,直连,,2016,PASS,worst_obstruction_endpoint_distance,9.091089751738082,1389.1024289204595,True,,端点最大距离且全时段按遮挡计损仍满足双向预算
T029,巡航,7323.048097428222,7342.180857172407,直连,,2017,PASS,worst_obstruction_endpoint_distance,10.643201374601844,1161.792823730982,True,,端点最大距离且全时段按遮挡计损仍满足双向预算
T029,巡航,7342.180857172407,7361.31361691659,直连,,2018,PASS,worst_obstruction_endpoint_distance,12.523979777991926,935.5990440341031,True,,端点最大距离且全时段按遮挡计损仍满足双向预算
T029,巡航,7361.31361691659,7380.446376660775,直连,,2019,PASS,worst_obstruction_endpoint_distance,14.901227776279285,711.5859581284601,True,,端点最大距离且全时段按遮挡计损仍满足双向预算
T029,巡航,7380.446376660775,7399.579136404959,直连,,2020,PASS,worst_obstruction_endpoint_distance,18.0934747436215,492.7368253916223,True,,端点最大距离且全时段按遮挡计损仍满足双向预算
T029,巡航,7399.579136404959,7418.711896149143,直连,,2021,PASS,worst_obstruction_endpoint_distance,22.66947572970483,290.9477291053595,True,,端点最大距离且全时段按遮挡计损仍满足双向预算
T029,下降,7418.711896149143,7438.582985016331,直连,,2022,PASS,worst_obstruction_endpoint_distance,26.902754877149746,178.710888671875,True,,端点最大距离且全时段按遮挡计损仍满足双向预算
T029,下降,7438.582985016331,7458.4540738835185,直连,,2023,PASS,worst_obstruction_endpoint_distance,29.731748063926148,129.03316650390627,True,,端点最大距离且全时段按遮挡计损仍满足双向预算
T029,下降,7458.4540738835185,7478.325162750705,直连,,2024,PASS,worst_obstruction_endpoint_distance,33.95424061100921,79.3554443359375,True,,端点最大距离且全时段按遮挡计损仍满足双向预算
T029,下降,7478.325162750705,7498.196251617894,直连,,2025,PASS,worst_obstruction_endpoint_distance,42.49716386964124,29.677722167971012,True,,端点最大距离且全时段按遮挡计损仍满足双向预算
T030,爬升,6196.0,6212.559240722656,直连,,2026,PASS,worst_obstruction_endpoint_distance,42.49716386964229,29.677722167967403,True,,端点最大距离且全时段按遮挡计损仍满足双向预算
T030,爬升,6212.559240722656,6229.118481445313,直连,,2027,PASS,worst_obstruction_endpoint_distance,33.95424061100921,79.35544433593753,True,,端点最大距离且全时段按遮挡计损仍满足双向预算
T030,爬升,6229.118481445313,6245.677722167969,直连,,2028,PASS,worst_obstruction_endpoint_distance,29.731748063926233,129.0331665039049,True,,端点最大距离且全时段按遮挡计损仍满足双向预算
T030,爬升,6245.677722167969,6262.236962890625,直连,,2029,PASS,worst_obstruction_endpoint_distance,26.902754877149746,178.710888671875,True,,端点最大距离且全时段按遮挡计损仍满足双向预算
T030,巡航,6262.236962890625,6281.3697226348095,直连,,2030,PASS,worst_obstruction_endpoint_distance,22.66947572970483,290.9477291053595,True,,端点最大距离且全时段按遮挡计损仍满足双向预算
T030,巡航,6281.3697226348095,6300.502482378994,直连,,2031,PASS,worst_obstruction_endpoint_distance,18.0934747436215,492.7368253916223,True,,端点最大距离且全时段按遮挡计损仍满足双向预算
T030,巡航,6300.502482378994,6319.635242123178,直连,,2032,PASS,worst_obstruction_endpoint_distance,14.901227776279285,711.5859581284601,True,,端点最大距离且全时段按遮挡计损仍满足双向预算
T030,巡航,6319.635242123178,6338.768001867362,直连,,2033,PASS,worst_obstruction_endpoint_distance,12.523979777991926,935.5990440341031,True,,端点最大距离且全时段按遮挡计损仍满足双向预算
T030,巡航,6338.768001867362,6357.900761611547,直连,,2034,PASS,worst_obstruction_endpoint_distance,10.643201374601844,1161.792823730982,True,,端点最大距离且全时段按遮挡计损仍满足双向预算
T030,巡航,6357.900761611547,6377.033521355731,直连,,2035,PASS,worst_obstruction_endpoint_distance,9.091089751738082,1389.1024289204595,True,,端点最大距离且全时段按遮挡计损仍满足双向预算
T030,巡航,6377.033521355731,6396.166281099915,直连,,2036,PASS,worst_obstruction_endpoint_distance,7.771266584701294,1617.0573735878716,True,,端点最大距离且全时段按遮挡计损仍满足双向预算
T030,巡航,6396.166281099915,6415.299040844099,直连,,2037,PASS,worst_obstruction_endpoint_distance,6.623877638458708,1845.4185269473276,True,,端点最大距离且全时段按遮挡计损仍满足双向预算
T030,巡航,6415.299040844099,6434.431800588283,直连,,2038,PASS,worst_obstruction_endpoint_distance,5.609383533516066,2074.051717872369,True,,端点最大距离且全时段按遮挡计损仍满足双向预算
T030,巡航,6434.431800588283,6453.564560332467,直连,,2039,PASS,worst_obstruction_endpoint_distance,4.700364382916447,2302.8759228199197,True,,端点最大距离且全时段按遮挡计损仍满足双向预算
T030,巡航,6453.564560332467,6472.697320076652,直连,,2040,PASS,worst_obstruction_endpoint_distance,3.8770522521858055,2531.839351554418,True,,端点最大距离且全时段按遮挡计损仍满足双向预算
T030,巡航,6472.697320076652,6491.8300798208365,直连,,2041,PASS,worst_obstruction_endpoint_distance,3.124738455292942,2760.907366598639,True,,端点最大距离且全时段按遮挡计损仍满足双向预算
T030,巡航,6491.8300798208365,6510.962839565021,直连,,2042,PASS,worst_obstruction_endpoint_distance,2.43218892238626,2990.0559309954597,True,,端点最大距离且全时段按遮挡计损仍满足双向预算
T030,巡航,6510.962839565021,6530.095599309205,直连,,2043,PASS,worst_obstruction_endpoint_distance,1.7906329329594257,3219.267844201529,True,,端点最大距离且全时段按遮挡计损仍满足双向预算
T030,巡航,6530.095599309205,6549.228359053389,直连,,2044,PASS,worst_obstruction_endpoint_distance,1.193093802111946,3448.530474509302,True,,端点最大距离且全时段按遮挡计损仍满足双向预算
T030,巡航,6549.228359053389,6568.361118797573,直连,,2045,PASS,worst_obstruction_endpoint_distance,0.6339319019954246,3677.834337380098,True,,端点最大距离且全时段按遮挡计损仍满足双向预算
T030,巡航,6568.361118797573,6587.493878541758,直连,,2046,PASS,worst_obstruction_endpoint_distance,0.10852418084870408,3907.172173258838,True,,端点最大距离且全时段按遮挡计损仍满足双向预算
T030,巡航,6587.493878541758,6606.626638285942,中继,R006,2047,PASS,worst_obstruction_endpoint_distance,7.540151958523239,832.3024256997542,True,,端点最大距离且全时段按遮挡计损仍满足双向预算
T030,巡航,6606.626638285942,6625.759398030126,中继,R006,2048,PASS,worst_obstruction_endpoint_distance,5.65909143670558,1033.5564140079887,True,,端点最大距离且全时段按遮挡计损仍满足双向预算
T030,巡航,6625.759398030126,6644.89215777431,中继,R006,2049,PASS,worst_obstruction_endpoint_distance,4.04476646249104,1244.6591472092684,True,,端点最大距离且全时段按遮挡计损仍满足双向预算
T030,巡航,6644.89215777431,6664.0249175184945,中继,R007,2050,PASS,worst_obstruction_endpoint_distance,0.2300545847181752,1931.0166971121935,True,,端点最大距离且全时段按遮挡计损仍满足双向预算
T030,巡航,6664.0249175184945,6683.1576772626795,中继,R007,2051,PASS,worst_obstruction_endpoint_distance,1.2898599580212817,1709.2113197141653,True,,端点最大距离且全时段按遮挡计损仍满足双向预算
T030,巡航,6683.1576772626795,6702.290437006864,中继,R007,2052,PASS,worst_obstruction_endpoint_distance,2.4834052890514045,1489.7674936157314,True,,端点最大距离且全时段按遮挡计损仍满足双向预算
T030,下降,6702.290437006864,6719.81188882978,中继,R007,2053,PASS,worst_obstruction_endpoint_distance,3.802898216986918,1279.8051322590784,True,,端点最大距离且全时段按遮挡计损仍满足双向预算
T030,下降,6719.81188882978,6737.333340652696,中继,R007,2054,PASS,worst_obstruction_endpoint_distance,3.7530668736793302,1287.168534312495,True,,端点最大距离且全时段按遮挡计损仍满足双向预算
T030,下降,6737.333340652696,6754.854792475613,中继,R007,2055,PASS,worst_obstruction_endpoint_distance,3.6938664514362216,1295.9714544759318,True,,端点最大距离且全时段按遮挡计损仍满足双向预算
T030,投送,6754.854792475613,6774.854792475613,中继,R007,2056,PASS,exact_point,13.693866451436222,1295.9714544759318,,,独立计算 DEM 遮挡、自由空间损耗与双向预算
T030,投送,6774.854792475613,6794.854792475613,中继,R007,2057,PASS,exact_point,13.693866451436222,1295.9714544759318,,,独立计算 DEM 遮挡、自由空间损耗与双向预算
T030,投送,6794.854792475613,6814.854792475613,中继,R007,2058,PASS,exact_point,13.693866451436222,1295.9714544759318,,,独立计算 DEM 遮挡、自由空间损耗与双向预算
T030,投送,6814.854792475613,6834.854792475613,中继,R007,2059,PASS,exact_point,13.693866451436222,1295.9714544759318,,,独立计算 DEM 遮挡、自由空间损耗与双向预算
T030,投送,6834.854792475613,6854.854792475613,中继,R007,2060,PASS,exact_point,13.693866451436222,1295.9714544759318,,,独立计算 DEM 遮挡、自由空间损耗与双向预算
T030,投送,6854.854792475613,6874.854792475613,中继,R007,2061,PASS,exact_point,13.693866451436222,1295.9714544759318,,,独立计算 DEM 遮挡、自由空间损耗与双向预算
T030,投送,6874.854792475613,6894.854792475613,中继,R007,2062,PASS,exact_point,13.693866451436222,1295.9714544759318,,,独立计算 DEM 遮挡、自由空间损耗与双向预算
T030,投送,6894.854792475613,6914.854792475613,中继,R007,2063,PASS,exact_point,13.693866451436222,1295.9714544759318,,,独立计算 DEM 遮挡、自由空间损耗与双向预算
T030,投送,6914.854792475613,6934.854792475613,中继,R007,2064,PASS,exact_point,13.693866451436222,1295.9714544759318,,,独立计算 DEM 遮挡、自由空间损耗与双向预算
T030,爬升,6934.854792475613,6949.456002328044,中继,R007,2065,PASS,worst_obstruction_endpoint_distance,3.6938664514362216,1295.9714544759318,True,,端点最大距离且全时段按遮挡计损仍满足双向预算
T030,爬升,6949.456002328044,6964.057212180474,中继,R007,2066,PASS,worst_obstruction_endpoint_distance,3.753066873679316,1287.1685343124952,True,,端点最大距离且全时段按遮挡计损仍满足双向预算
T030,爬升,6964.057212180474,6978.658422032905,中继,R007,2067,PASS,worst_obstruction_endpoint_distance,3.802898216986918,1279.8051322590784,True,,端点最大距离且全时段按遮挡计损仍满足双向预算
T030,巡航,6978.658422032905,6997.791181777089,中继,R007,2068,PASS,worst_obstruction_endpoint_distance,2.4834052890514045,1489.7674936157314,True,,端点最大距离且全时段按遮挡计损仍满足双向预算
T030,巡航,6997.791181777089,7016.923941521273,中继,R007,2069,PASS,worst_obstruction_endpoint_distance,1.2898599580212817,1709.2113197141653,True,,端点最大距离且全时段按遮挡计损仍满足双向预算
T030,巡航,7016.923941521273,7036.056701265457,中继,R007,2070,PASS,worst_obstruction_endpoint_distance,0.2300545847181752,1931.0166971121935,True,,端点最大距离且全时段按遮挡计损仍满足双向预算
T030,巡航,7036.056701265457,7055.189461009642,中继,R006,2071,PASS,worst_obstruction_endpoint_distance,4.04476646249104,1244.6591472092684,True,,端点最大距离且全时段按遮挡计损仍满足双向预算
T030,巡航,7055.189461009642,7074.3222207538265,中继,R006,2072,PASS,worst_obstruction_endpoint_distance,5.65909143670558,1033.5564140079887,True,,端点最大距离且全时段按遮挡计损仍满足双向预算
T030,巡航,7074.3222207538265,7093.454980498011,中继,R006,2073,PASS,worst_obstruction_endpoint_distance,7.540151958523239,832.3024256997542,True,,端点最大距离且全时段按遮挡计损仍满足双向预算
T030,巡航,7093.454980498011,7112.587740242195,直连,,2074,PASS,worst_obstruction_endpoint_distance,0.10852418084870408,3907.172173258838,True,,端点最大距离且全时段按遮挡计损仍满足双向预算
T030,巡航,7112.587740242195,7131.720499986379,直连,,2075,PASS,worst_obstruction_endpoint_distance,0.6339319019954246,3677.834337380098,True,,端点最大距离且全时段按遮挡计损仍满足双向预算
T030,巡航,7131.720499986379,7150.853259730564,直连,,2076,PASS,worst_obstruction_endpoint_distance,1.193093802111946,3448.530474509302,True,,端点最大距离且全时段按遮挡计损仍满足双向预算
T030,巡航,7150.853259730564,7169.986019474748,直连,,2077,PASS,worst_obstruction_endpoint_distance,1.7906329329594257,3219.267844201529,True,,端点最大距离且全时段按遮挡计损仍满足双向预算
T030,巡航,7169.986019474748,7189.118779218932,直连,,2078,PASS,worst_obstruction_endpoint_distance,2.43218892238626,2990.0559309954597,True,,端点最大距离且全时段按遮挡计损仍满足双向预算
T030,巡航,7189.118779218932,7208.251538963116,直连,,2079,PASS,worst_obstruction_endpoint_distance,3.124738455292942,2760.907366598639,True,,端点最大距离且全时段按遮挡计损仍满足双向预算
T030,巡航,7208.251538963116,7227.3842987073,直连,,2080,PASS,worst_obstruction_endpoint_distance,3.8770522521858055,2531.839351554418,True,,端点最大距离且全时段按遮挡计损仍满足双向预算
T030,巡航,7227.3842987073,7246.517058451485,直连,,2081,PASS,worst_obstruction_endpoint_distance,4.700364382916447,2302.8759228199197,True,,端点最大距离且全时段按遮挡计损仍满足双向预算
T030,巡航,7246.517058451485,7265.649818195669,直连,,2082,PASS,worst_obstruction_endpoint_distance,5.609383533516066,2074.051717872369,True,,端点最大距离且全时段按遮挡计损仍满足双向预算
T030,巡航,7265.649818195669,7284.782577939854,直连,,2083,PASS,worst_obstruction_endpoint_distance,6.623877638458708,1845.4185269473276,True,,端点最大距离且全时段按遮挡计损仍满足双向预算
T030,巡航,7284.782577939854,7303.915337684038,直连,,2084,PASS,worst_obstruction_endpoint_distance,7.771266584701294,1617.0573735878716,True,,端点最大距离且全时段按遮挡计损仍满足双向预算
T030,巡航,7303.915337684038,7323.048097428222,直连,,2085,PASS,worst_obstruction_endpoint_distance,9.091089751738082,1389.1024289204595,True,,端点最大距离且全时段按遮挡计损仍满足双向预算
T030,巡航,7323.048097428222,7342.180857172407,直连,,2086,PASS,worst_obstruction_endpoint_distance,10.643201374601844,1161.792823730982,True,,端点最大距离且全时段按遮挡计损仍满足双向预算
T030,巡航,7342.180857172407,7361.31361691659,直连,,2087,PASS,worst_obstruction_endpoint_distance,12.523979777991926,935.5990440341031,True,,端点最大距离且全时段按遮挡计损仍满足双向预算
T030,巡航,7361.31361691659,7380.446376660775,直连,,2088,PASS,worst_obstruction_endpoint_distance,14.901227776279285,711.5859581284601,True,,端点最大距离且全时段按遮挡计损仍满足双向预算
T030,巡航,7380.446376660775,7399.579136404959,直连,,2089,PASS,worst_obstruction_endpoint_distance,18.0934747436215,492.7368253916223,True,,端点最大距离且全时段按遮挡计损仍满足双向预算
T030,巡航,7399.579136404959,7418.711896149143,直连,,2090,PASS,worst_obstruction_endpoint_distance,22.66947572970483,290.9477291053595,True,,端点最大距离且全时段按遮挡计损仍满足双向预算
T030,下降,7418.711896149143,7438.582985016331,直连,,2091,PASS,worst_obstruction_endpoint_distance,26.902754877149746,178.710888671875,True,,端点最大距离且全时段按遮挡计损仍满足双向预算
T030,下降,7438.582985016331,7458.4540738835185,直连,,2092,PASS,worst_obstruction_endpoint_distance,29.731748063926148,129.03316650390627,True,,端点最大距离且全时段按遮挡计损仍满足双向预算
T030,下降,7458.4540738835185,7478.325162750705,直连,,2093,PASS,worst_obstruction_endpoint_distance,33.95424061100921,79.3554443359375,True,,端点最大距离且全时段按遮挡计损仍满足双向预算
T030,下降,7478.325162750705,7498.196251617894,直连,,2094,PASS,worst_obstruction_endpoint_distance,42.49716386964124,29.677722167971012,True,,端点最大距离且全时段按遮挡计损仍满足双向预算
T031,爬升,6267.0,6283.559240722656,直连,,2095,PASS,worst_obstruction_endpoint_distance,42.49716386964229,29.677722167967403,True,,端点最大距离且全时段按遮挡计损仍满足双向预算
T031,爬升,6283.559240722656,6300.118481445313,直连,,2096,PASS,worst_obstruction_endpoint_distance,33.95424061100921,79.35544433593753,True,,端点最大距离且全时段按遮挡计损仍满足双向预算
T031,爬升,6300.118481445313,6316.677722167969,直连,,2097,PASS,worst_obstruction_endpoint_distance,29.731748063926233,129.0331665039049,True,,端点最大距离且全时段按遮挡计损仍满足双向预算
T031,爬升,6316.677722167969,6333.236962890625,直连,,2098,PASS,worst_obstruction_endpoint_distance,26.902754877149746,178.710888671875,True,,端点最大距离且全时段按遮挡计损仍满足双向预算
T031,巡航,6333.236962890625,6352.794895073569,直连,,2099,PASS,worst_obstruction_endpoint_distance,21.226846823481353,343.5155626257681,True,,端点最大距离且全时段按遮挡计损仍满足双向预算
T031,巡航,6352.794895073569,6372.352827256513,直连,,2100,PASS,worst_obstruction_endpoint_distance,16.19159854535019,613.3506516465615,True,,端点最大距离且全时段按遮挡计损仍满足双向预算
T031,巡航,6372.352827256513,6391.910759439457,直连,,2101,PASS,worst_obstruction_endpoint_distance,12.879592400811816,898.0678270917992,True,,端点最大距离且全时段按遮挡计损仍满足双向预算
T031,巡航,6391.910759439457,6411.468691622401,直连,,2102,PASS,worst_obstruction_endpoint_distance,10.456716578783727,1187.0060413963242,True,,端点最大距离且全时段按遮挡计损仍满足双向预算
T031,巡航,6411.468691622401,6431.026623805345,直连,,2103,PASS,worst_obstruction_endpoint_distance,8.554100828864037,1477.691301536886,True,,端点最大距离且全时段按遮挡计损仍满足双向预算
T031,巡航,6431.026623805345,6450.584555988288,直连,,2104,PASS,worst_obstruction_endpoint_distance,6.989928674066292,1769.2627117074003,True,,端点最大距离且全时段按遮挡计损仍满足双向预算
T031,巡航,6450.584555988288,6470.142488171233,直连,,2105,PASS,worst_obstruction_endpoint_distance,5.662764533403006,2061.3442758335245,True,,端点最大距离且全时段按遮挡计损仍满足双向预算
T031,巡航,6470.142488171233,6489.7004203541765,直连,,2106,PASS,worst_obstruction_endpoint_distance,4.510582959293117,2353.74608317376,True,,端点最大距离且全时段按遮挡计损仍满足双向预算
T031,巡航,6489.7004203541765,6509.25835253712,直连,,2107,PASS,worst_obstruction_endpoint_distance,3.492790187069943,2646.361982925317,True,,端点最大距离且全时段按遮挡计损仍满足双向预算
T031,巡航,6509.25835253712,6528.816284720064,直连,,2108,PASS,worst_obstruction_endpoint_distance,2.5814050697037914,2939.128031468544,True,,端点最大距离且全时段按遮挡计损仍满足双向预算
T031,巡航,6528.816284720064,6548.374216903008,直连,,2109,PASS,worst_obstruction_endpoint_distance,1.756338916276647,3232.003426069633,True,,端点最大距离且全时段按遮挡计损仍满足双向预算
T031,巡航,6548.374216903008,6567.932149085952,直连,,2110,PASS,worst_obstruction_endpoint_distance,1.0026890572529226,3524.960911409265,True,,端点最大距离且全时段按遮挡计损仍满足双向预算
T031,巡航,6567.932149085952,6587.490081268896,直连,,2111,PASS,worst_obstruction_endpoint_distance,0.3090985653005305,3817.9815908238766,True,,端点最大距离且全时段按遮挡计损仍满足双向预算
T031,巡航,6587.490081268896,6607.04801345184,中继,R006,2112,PASS,worst_obstruction_endpoint_distance,7.766740961877289,810.8708909826305,True,,端点最大距离且全时段按遮挡计损仍满足双向预算
T031,巡航,6607.04801345184,6626.605945634784,中继,R006,2113,PASS,worst_obstruction_endpoint_distance,5.372637576100061,1068.2105908139624,True,,端点最大距离且全时段按遮挡计损仍满足双向预算
T031,巡航,6626.605945634784,6646.163877817728,中继,R006,2114,PASS,worst_obstruction_endpoint_distance,3.400857900205878,1340.4353214105083,True,,端点最大距离且全时段按遮挡计损仍满足双向预算
T031,巡航,6646.163877817728,6665.721810000672,中继,R007,2115,PASS,worst_obstruction_endpoint_distance,0.686319141278446,1832.1996727020219,True,,端点最大距离且全时段按遮挡计损仍满足双向预算
T031,巡航,6665.721810000672,6685.279742183616,中继,R007,2116,PASS,worst_obstruction_endpoint_distance,2.136735891699246,1550.429287953722,True,,端点最大距离且全时段按遮挡计损仍满足双向预算
T031,下降,6685.279742183616,6702.801194006533,中继,R007,2117,PASS,worst_obstruction_endpoint_distance,3.802898216986918,1279.8051322590784,True,,端点最大距离且全时段按遮挡计损仍满足双向预算
T031,下降,6702.801194006533,6720.322645829449,中继,R007,2118,PASS,worst_obstruction_endpoint_distance,3.753066873679316,1287.1685343124955,True,,端点最大距离且全时段按遮挡计损仍满足双向预算
T031,下降,6720.322645829449,6737.844097652365,中继,R007,2119,PASS,worst_obstruction_endpoint_distance,3.6938664514362216,1295.9714544759318,True,,端点最大距离且全时段按遮挡计损仍满足双向预算
T031,投送,6737.844097652365,6756.935006743275,中继,R007,2120,PASS,exact_point,13.693866451436222,1295.9714544759318,,,独立计算 DEM 遮挡、自由空间损耗与双向预算
T031,投送,6756.935006743275,6776.025915834184,中继,R007,2121,PASS,exact_point,13.693866451436222,1295.9714544759318,,,独立计算 DEM 遮挡、自由空间损耗与双向预算
T031,投送,6776.025915834184,6795.116824925093,中继,R007,2122,PASS,exact_point,13.693866451436222,1295.9714544759318,,,独立计算 DEM 遮挡、自由空间损耗与双向预算
T031,投送,6795.116824925093,6814.207734016002,中继,R007,2123,PASS,exact_point,13.693866451436222,1295.9714544759318,,,独立计算 DEM 遮挡、自由空间损耗与双向预算
T031,投送,6814.207734016002,6833.298643106911,中继,R007,2124,PASS,exact_point,13.693866451436222,1295.9714544759318,,,独立计算 DEM 遮挡、自由空间损耗与双向预算
T031,投送,6833.298643106911,6852.38955219782,中继,R007,2125,PASS,exact_point,13.693866451436222,1295.9714544759318,,,独立计算 DEM 遮挡、自由空间损耗与双向预算
T031,投送,6852.38955219782,6871.480461288729,中继,R007,2126,PASS,exact_point,13.693866451436222,1295.9714544759318,,,独立计算 DEM 遮挡、自由空间损耗与双向预算
T031,投送,6871.480461288729,6890.571370379638,中继,R007,2127,PASS,exact_point,13.693866451436222,1295.9714544759318,,,独立计算 DEM 遮挡、自由空间损耗与双向预算
T031,投送,6890.571370379638,6909.662279470547,中继,R007,2128,PASS,exact_point,13.693866451436222,1295.9714544759318,,,独立计算 DEM 遮挡、自由空间损耗与双向预算
T031,投送,6909.662279470547,6928.753188561456,中继,R007,2129,PASS,exact_point,13.693866451436222,1295.9714544759318,,,独立计算 DEM 遮挡、自由空间损耗与双向预算
T031,投送,6928.753188561456,6947.844097652365,中继,R007,2130,PASS,exact_point,13.693866451436222,1295.9714544759318,,,独立计算 DEM 遮挡、自由空间损耗与双向预算
T031,爬升,6947.844097652365,6962.445307504797,中继,R007,2131,PASS,worst_obstruction_endpoint_distance,3.6938664514362216,1295.9714544759318,True,,端点最大距离且全时段按遮挡计损仍满足双向预算
T031,爬升,6962.445307504797,6977.046517357227,中继,R007,2132,PASS,worst_obstruction_endpoint_distance,3.7530668736793302,1287.1685343124948,True,,端点最大距离且全时段按遮挡计损仍满足双向预算
T031,爬升,6977.046517357227,6991.647727209657,中继,R007,2133,PASS,worst_obstruction_endpoint_distance,3.802898216986918,1279.8051322590784,True,,端点最大距离且全时段按遮挡计损仍满足双向预算
T031,巡航,6991.647727209657,7011.205659392601,中继,R007,2134,PASS,worst_obstruction_endpoint_distance,2.136735891699246,1550.429287953722,True,,端点最大距离且全时段按遮挡计损仍满足双向预算
T031,巡航,7011.205659392601,7030.763591575545,中继,R007,2135,PASS,worst_obstruction_endpoint_distance,0.686319141278446,1832.1996727020219,True,,端点最大距离且全时段按遮挡计损仍满足双向预算
T031,巡航,7030.763591575545,7050.321523758489,中继,R006,2136,PASS,worst_obstruction_endpoint_distance,3.400857900205878,1340.4353214105083,True,,端点最大距离且全时段按遮挡计损仍满足双向预算
T031,巡航,7050.321523758489,7069.879455941433,中继,R006,2137,PASS,worst_obstruction_endpoint_distance,5.372637576100061,1068.2105908139624,True,,端点最大距离且全时段按遮挡计损仍满足双向预算
T031,巡航,7069.879455941433,7089.437388124377,中继,R006,2138,PASS,worst_obstruction_endpoint_distance,7.766740961877289,810.8708909826305,True,,端点最大距离且全时段按遮挡计损仍满足双向预算
T031,巡航,7089.437388124377,7108.995320307321,直连,,2139,PASS,worst_obstruction_endpoint_distance,0.3090985653005305,3817.9815908238766,True,,端点最大距离且全时段按遮挡计损仍满足双向预算
T031,巡航,7108.995320307321,7128.553252490265,直连,,2140,PASS,worst_obstruction_endpoint_distance,1.0026890572529226,3524.960911409265,True,,端点最大距离且全时段按遮挡计损仍满足双向预算
T031,巡航,7128.553252490265,7148.111184673209,直连,,2141,PASS,worst_obstruction_endpoint_distance,1.756338916276647,3232.003426069633,True,,端点最大距离且全时段按遮挡计损仍满足双向预算
T031,巡航,7148.111184673209,7167.669116856153,直连,,2142,PASS,worst_obstruction_endpoint_distance,2.5814050697037914,2939.128031468544,True,,端点最大距离且全时段按遮挡计损仍满足双向预算
T031,巡航,7167.669116856153,7187.2270490390965,直连,,2143,PASS,worst_obstruction_endpoint_distance,3.492790187069943,2646.361982925317,True,,端点最大距离且全时段按遮挡计损仍满足双向预算
T031,巡航,7187.2270490390965,7206.784981222041,直连,,2144,PASS,worst_obstruction_endpoint_distance,4.510582959293117,2353.74608317376,True,,端点最大距离且全时段按遮挡计损仍满足双向预算
T031,巡航,7206.784981222041,7226.342913404985,直连,,2145,PASS,worst_obstruction_endpoint_distance,5.662764533404953,2061.3442758330607,True,,端点最大距离且全时段按遮挡计损仍满足双向预算
T031,巡航,7226.342913404985,7245.900845587928,直连,,2146,PASS,worst_obstruction_endpoint_distance,6.989928674066292,1769.2627117074003,True,,端点最大距离且全时段按遮挡计损仍满足双向预算
T031,巡航,7245.900845587928,7265.458777770873,直连,,2147,PASS,worst_obstruction_endpoint_distance,8.554100828864037,1477.691301536886,True,,端点最大距离且全时段按遮挡计损仍满足双向预算
T031,巡航,7265.458777770873,7285.016709953816,直连,,2148,PASS,worst_obstruction_endpoint_distance,10.456716578783727,1187.0060413963242,True,,端点最大距离且全时段按遮挡计损仍满足双向预算
T031,巡航,7285.016709953816,7304.57464213676,直连,,2149,PASS,worst_obstruction_endpoint_distance,12.879592400811816,898.0678270917992,True,,端点最大距离且全时段按遮挡计损仍满足双向预算
T031,巡航,7304.57464213676,7324.132574319704,直连,,2150,PASS,worst_obstruction_endpoint_distance,16.19159854535019,613.3506516465615,True,,端点最大距离且全时段按遮挡计损仍满足双向预算
T031,巡航,7324.132574319704,7343.690506502648,直连,,2151,PASS,worst_obstruction_endpoint_distance,21.226846823481353,343.5155626257681,True,,端点最大距离且全时段按遮挡计损仍满足双向预算
T031,下降,7343.690506502648,7363.561595369836,直连,,2152,PASS,worst_obstruction_endpoint_distance,26.902754877149746,178.710888671875,True,,端点最大距离且全时段按遮挡计损仍满足双向预算
T031,下降,7363.561595369836,7383.432684237023,直连,,2153,PASS,worst_obstruction_endpoint_distance,29.73174806392629,129.033166503904,True,,端点最大距离且全时段按遮挡计损仍满足双向预算
T031,下降,7383.432684237023,7403.30377310421,直连,,2154,PASS,worst_obstruction_endpoint_distance,33.95424061100921,79.3554443359375,True,,端点最大距离且全时段按遮挡计损仍满足双向预算
T031,下降,7403.30377310421,7423.174861971398,直连,,2155,PASS,worst_obstruction_endpoint_distance,42.497163869641895,29.67772216796874,True,,端点最大距离且全时段按遮挡计损仍满足双向预算
