sortie_id,stage,start_s,end_s,mode,relay_id,comm_row_index,status,method,margin_db,worst_distance_m,pessimistic_obstructed,witness_s,reason
T001,爬升,389.99999999999994,406.1507344563802,直连,,1,PASS,worst_obstruction_endpoint_distance,42.86345708049136,28.452203369140733,True,,端点最大距离且全时段按遮挡计损仍满足双向预算
T001,爬升,406.1507344563802,422.30146891276036,直连,,2,PASS,worst_obstruction_endpoint_distance,34.226750640926454,76.9044067382813,True,,端点最大距离且全时段按遮挡计损仍满足双向预算
T001,爬升,422.30146891276036,438.4522033691406,直连,,3,PASS,worst_obstruction_endpoint_distance,29.982830377148545,125.356610107422,True,,端点最大距离且全时段按遮挡计损仍满足双向预算
T001,巡航,438.4522033691406,458.0290540270924,直连,,4,PASS,worst_obstruction_endpoint_distance,23.439145992925262,266.2756531493173,True,,端点最大距离且全时段按遮挡计损仍满足双向预算
T001,巡航,458.0290540270924,477.60590468504415,直连,,5,PASS,worst_obstruction_endpoint_distance,18.208050378198536,486.2798111658891,True,,端点最大距离且全时段按遮挡计损仍满足双向预算
T001,巡航,477.60590468504415,497.18275534299596,直连,,6,PASS,worst_obstruction_endpoint_distance,14.849596880380076,715.82838275658,True,,端点最大距离且全时段按遮挡计损仍满足双向预算
T001,巡航,497.18275534299596,516.7596060009478,直连,,7,PASS,worst_obstruction_endpoint_distance,12.409485773578538,948.0133859272303,True,,端点最大距离且全时段按遮挡计损仍满足双向预算
T001,巡航,516.7596060009478,536.3364566588996,直连,,8,PASS,worst_obstruction_endpoint_distance,10.498709008550065,1181.281242448014,True,,端点最大距离且全时段按遮挡计损仍满足双向预算
T001,巡航,536.3364566588996,555.9133073168514,直连,,9,PASS,worst_obstruction_endpoint_distance,8.930053702377293,1415.0965532947675,True,,端点最大距离且全时段按遮挡计损仍满足双向预算
T001,巡航,555.9133073168514,575.4901579748032,直连,,10,PASS,worst_obstruction_endpoint_distance,7.600169114693159,1649.2264926496591,True,,端点最大距离且全时段按遮挡计损仍满足双向预算
T001,巡航,575.4901579748032,595.067008632755,直连,,11,PASS,worst_obstruction_endpoint_distance,6.446214866248994,1883.5537370869965,True,,端点最大距离且全时段按遮挡计损仍满足双向预算
T001,巡航,595.067008632755,614.6438592907068,直连,,12,PASS,worst_obstruction_endpoint_distance,5.427203554487448,2118.012800824474,True,,端点最大距离且全时段按遮挡计损仍满足双向预算
T001,巡航,614.6438592907068,634.2207099486585,直连,,13,PASS,worst_obstruction_endpoint_distance,4.514945220631574,2352.5642724361696,True,,端点最大距离且全时段按遮挡计损仍满足双向预算
T001,巡航,634.2207099486585,653.7975606066103,直连,,14,PASS,worst_obstruction_endpoint_distance,3.6892321235043113,2587.183019222811,True,,端点最大距离且全时段按遮挡计损仍满足双向预算
T001,巡航,653.7975606066103,673.3744112645621,直连,,15,PASS,worst_obstruction_endpoint_distance,2.935089718870202,2821.852260748545,True,,端点最大距离且全时段按遮挡计损仍满足双向预算
T001,巡航,673.3744112645621,692.9512619225139,直连,,16,PASS,worst_obstruction_endpoint_distance,2.2411156161546586,3056.5603667445057,True,,端点最大距离且全时段按遮挡计损仍满足双向预算
T001,下降,692.9512619225139,710.7625839439984,直连,,17,PASS,worst_obstruction_endpoint_distance,2.2411156161546586,3056.5603667445057,True,,端点最大距离且全时段按遮挡计损仍满足双向预算
T001,下降,710.7625839439984,728.5739059654827,直连,,18,PASS,worst_obstruction_endpoint_distance,2.2453855868061083,3055.0581354130627,True,,端点最大距离且全时段按遮挡计损仍满足双向预算
T001,投送,728.5739059654827,748.5739059654827,直连,,19,PASS,exact_point,2.2478131175972464,3054.2044276465326,,,独立计算 DEM 遮挡、自由空间损耗与双向预算
T001,投送,748.5739059654827,768.5739059654827,直连,,20,PASS,exact_point,2.2478131175972464,3054.2044276465326,,,独立计算 DEM 遮挡、自由空间损耗与双向预算
T001,投送,768.5739059654827,788.5739059654827,直连,,21,PASS,exact_point,2.2478131175972464,3054.2044276465326,,,独立计算 DEM 遮挡、自由空间损耗与双向预算
T001,投送,788.5739059654827,808.5739059654827,直连,,22,PASS,exact_point,2.2478131175972464,3054.2044276465326,,,独立计算 DEM 遮挡、自由空间损耗与双向预算
T001,投送,808.5739059654827,828.5739059654827,直连,,23,PASS,exact_point,2.2478131175972464,3054.2044276465326,,,独立计算 DEM 遮挡、自由空间损耗与双向预算
T001,投送,828.5739059654827,848.5739059654827,直连,,24,PASS,exact_point,2.2478131175972464,3054.2044276465326,,,独立计算 DEM 遮挡、自由空间损耗与双向预算
T001,投送,848.5739059654827,868.5739059654827,直连,,25,PASS,exact_point,2.2478131175972464,3054.2044276465326,,,独立计算 DEM 遮挡、自由空间损耗与双向预算
T001,投送,868.5739059654827,888.5739059654827,直连,,26,PASS,exact_point,2.2478131175972464,3054.2044276465326,,,独立计算 DEM 遮挡、自由空间损耗与双向预算
T001,投送,888.5739059654827,908.5739059654827,直连,,27,PASS,exact_point,2.2478131175972464,3054.2044276465326,,,独立计算 DEM 遮挡、自由空间损耗与双向预算
T001,投送,908.5739059654827,928.5739059654827,直连,,28,PASS,exact_point,2.2478131175972464,3054.2044276465326,,,独立计算 DEM 遮挡、自由空间损耗与双向预算
T001,投送,928.5739059654827,948.5739059654827,直连,,29,PASS,exact_point,2.2478131175972464,3054.2044276465326,,,独立计算 DEM 遮挡、自由空间损耗与双向预算
T001,投送,948.5739059654827,968.5739059654827,直连,,30,PASS,exact_point,2.2478131175972464,3054.2044276465326,,,独立计算 DEM 遮挡、自由空间损耗与双向预算
T001,爬升,968.5739059654827,983.4166743167198,直连,,31,PASS,worst_obstruction_endpoint_distance,2.2453855868061083,3055.0581354130627,True,,端点最大距离且全时段按遮挡计损仍满足双向预算
T001,爬升,983.4166743167198,998.2594426679567,直连,,32,PASS,worst_obstruction_endpoint_distance,2.2411156161546586,3056.5603667445057,True,,端点最大距离且全时段按遮挡计损仍满足双向预算
T001,巡航,998.2594426679567,1017.8362933259085,直连,,33,PASS,worst_obstruction_endpoint_distance,2.2411156161546586,3056.5603667445057,True,,端点最大距离且全时段按遮挡计损仍满足双向预算
T001,巡航,1017.8362933259085,1037.4131439838602,直连,,34,PASS,worst_obstruction_endpoint_distance,2.935089718870202,2821.852260748545,True,,端点最大距离且全时段按遮挡计损仍满足双向预算
T001,巡航,1037.4131439838602,1056.989994641812,直连,,35,PASS,worst_obstruction_endpoint_distance,3.6892321235043113,2587.183019222811,True,,端点最大距离且全时段按遮挡计损仍满足双向预算
T001,巡航,1056.989994641812,1076.5668452997638,直连,,36,PASS,worst_obstruction_endpoint_distance,4.514945220631574,2352.5642724361696,True,,端点最大距离且全时段按遮挡计损仍满足双向预算
T001,巡航,1076.5668452997638,1096.1436959577156,直连,,37,PASS,worst_obstruction_endpoint_distance,5.427203554487448,2118.012800824474,True,,端点最大距离且全时段按遮挡计损仍满足双向预算
T001,巡航,1096.1436959577156,1115.7205466156674,直连,,38,PASS,worst_obstruction_endpoint_distance,6.446214866248994,1883.5537370869965,True,,端点最大距离且全时段按遮挡计损仍满足双向预算
T001,巡航,1115.7205466156674,1135.2973972736193,直连,,39,PASS,worst_obstruction_endpoint_distance,7.600169114693159,1649.2264926496591,True,,端点最大距离且全时段按遮挡计损仍满足双向预算
T001,巡航,1135.2973972736193,1154.874247931571,直连,,40,PASS,worst_obstruction_endpoint_distance,8.930053702377293,1415.0965532947675,True,,端点最大距离且全时段按遮挡计损仍满足双向预算
T001,巡航,1154.874247931571,1174.4510985895229,直连,,41,PASS,worst_obstruction_endpoint_distance,10.498709008550065,1181.281242448014,True,,端点最大距离且全时段按遮挡计损仍满足双向预算
T001,巡航,1174.4510985895229,1194.0279492474747,直连,,42,PASS,worst_obstruction_endpoint_distance,12.409485773578538,948.0133859272303,True,,端点最大距离且全时段按遮挡计损仍满足双向预算
T001,巡航,1194.0279492474747,1213.6047999054265,直连,,43,PASS,worst_obstruction_endpoint_distance,14.849596880380076,715.82838275658,True,,端点最大距离且全时段按遮挡计损仍满足双向预算
T001,巡航,1213.6047999054265,1233.1816505633783,直连,,44,PASS,worst_obstruction_endpoint_distance,18.208050378198536,486.2798111658891,True,,端点最大距离且全时段按遮挡计损仍满足双向预算
T001,巡航,1233.1816505633783,1252.75850122133,直连,,45,PASS,worst_obstruction_endpoint_distance,23.439145992925262,266.2756531493173,True,,端点最大距离且全时段按遮挡计损仍满足双向预算
T001,下降,1252.75850122133,1272.1393825689863,直连,,46,PASS,worst_obstruction_endpoint_distance,29.982830377148545,125.356610107422,True,,端点最大距离且全时段按遮挡计损仍满足双向预算
T001,下降,1272.1393825689863,1291.5202639166425,直连,,47,PASS,worst_obstruction_endpoint_distance,34.22675064092644,76.90440673828135,True,,端点最大距离且全时段按遮挡计损仍满足双向预算
T001,下降,1291.5202639166425,1310.9011452642987,直连,,48,PASS,worst_obstruction_endpoint_distance,42.86345708049137,28.452203369140676,True,,端点最大距离且全时段按遮挡计损仍满足双向预算
T002,爬升,360.0,378.1254254150391,直连,,49,PASS,worst_obstruction_endpoint_distance,43.878709413313516,25.31356353759776,True,,端点最大距离且全时段按遮挡计损仍满足双向预算
T002,爬升,378.1254254150391,396.2508508300782,直连,,50,PASS,worst_obstruction_endpoint_distance,34.966344352585295,70.62712707519552,True,,端点最大距离且全时段按遮挡计损仍满足双向预算
T002,爬升,396.2508508300782,414.3762762451173,直连,,51,PASS,worst_obstruction_endpoint_distance,30.66105750651289,115.94069061279328,True,,端点最大距离且全时段按遮挡计损仍满足双向预算
T002,爬升,414.3762762451173,432.5017016601564,直连,,52,PASS,worst_obstruction_endpoint_distance,27.79555154865507,161.25425415039103,True,,端点最大距离且全时段按遮挡计损仍满足双向预算
T002,巡航,432.5017016601564,452.26518888352246,直连,,53,PASS,worst_obstruction_endpoint_distance,21.38103723570191,337.4713404244516,True,,端点最大距离且全时段按遮挡计损仍满足双向预算
T002,巡航,452.26518888352246,472.0286761068885,直连,,54,PASS,worst_obstruction_endpoint_distance,16.17615903644753,614.4418760035281,True,,端点最大距离且全时段按遮挡计损仍满足双向预算
T002,巡航,472.0286761068885,491.7921633302546,直连,,55,PASS,worst_obstruction_endpoint_distance,12.823774280234389,903.8576628091926,True,,端点最大距离且全时段按遮挡计损仍满足双向预算
T002,巡航,491.7921633302546,511.55565055362064,直连,,56,PASS,worst_obstruction_endpoint_distance,10.385900789493661,1196.723223014895,True,,端点最大距离且全时段按遮挡计损仍满足双向预算
T002,巡航,511.55565055362064,531.3191377769867,直连,,57,PASS,worst_obstruction_endpoint_distance,8.476180856524223,1491.0071135443768,True,,端点最大距离且全时段按遮挡计损仍满足双向预算
T002,巡航,531.3191377769867,551.0826250003528,直连,,58,PASS,worst_obstruction_endpoint_distance,6.908105372473543,1786.0083692495245,True,,端点最大距离且全时段按遮挡计损仍满足双向预算
T002,巡航,551.0826250003528,570.8461122237188,直连,,59,PASS,worst_obstruction_endpoint_distance,5.578572376014165,2081.421994615999,True,,端点最大距离且全时段按遮挡计损仍满足双向预算
T002,巡航,570.8461122237188,590.6095994470849,直连,,60,PASS,worst_obstruction_endpoint_distance,4.424847125248689,2377.0942527732964,True,,端点最大距离且全时段按遮挡计损仍满足双向预算
T002,巡航,590.6095994470849,610.3730866704509,直连,,61,PASS,worst_obstruction_endpoint_distance,3.4059931797055043,2672.939317626779,True,,端点最大距离且全时段按遮挡计损仍满足双向预算
T002,巡航,610.3730866704509,630.136573893817,直连,,62,PASS,worst_obstruction_endpoint_distance,2.4938475922613463,2968.9055301769163,True,,端点最大距离且全时段按遮挡计损仍满足双向预算
T002,巡航,630.136573893817,649.900061117183,直连,,63,PASS,worst_obstruction_endpoint_distance,1.6682180133278024,3264.9599447416617,True,,端点最大距离且全时段按遮挡计损仍满足双向预算
T002,巡航,649.900061117183,669.6635483405491,直连,,64,PASS,worst_obstruction_endpoint_distance,0.9141391873638156,3561.0805630696686,True,,端点最大距离且全时段按遮挡计损仍满足双向预算
T002,巡航,669.6635483405491,689.4270355639151,直连,,65,PASS,worst_obstruction_endpoint_distance,0.2202145974620322,3857.2521378350943,True,,端点最大距离且全时段按遮挡计损仍满足双向预算
T002,巡航,689.4270355639151,709.1905227872812,中继,R001,66,PASS,worst_obstruction_endpoint_distance,1.7986941689042766,1611.9592170068474,True,,端点最大距离且全时段按遮挡计损仍满足双向预算
T002,巡航,709.1905227872812,728.9540100106472,中继,R001,67,PASS,worst_obstruction_endpoint_distance,3.548725382916672,1317.8090603809612,True,,端点最大距离且全时段按遮挡计损仍满足双向预算
T002,巡航,728.9540100106472,748.7174972340133,中继,R001,68,PASS,worst_obstruction_endpoint_distance,5.731414163795407,1024.9862751293902,True,,端点最大距离且全时段按遮挡计损仍满足双向预算
T002,巡航,748.7174972340133,768.4809844573793,中继,R001,69,PASS,worst_obstruction_endpoint_distance,8.619096337392278,735.0788740248184,True,,端点最大距离且全时段按遮挡计损仍满足双向预算
T002,巡航,768.4809844573793,788.2444716807454,中继,R001,70,PASS,worst_obstruction_endpoint_distance,12.810203579364014,453.71023806410597,True,,端点最大距离且全时段按遮挡计损仍满足双向预算
T002,巡航,788.2444716807454,808.0079589041114,中继,R001,71,PASS,worst_obstruction_endpoint_distance,17.87171950183982,253.33942657084106,True,,端点最大距离且全时段按遮挡计损仍满足双向预算
T002,巡航,808.0079589041114,827.7714461274775,中继,R001,72,PASS,worst_obstruction_endpoint_distance,11.846499345070555,506.94844008022034,True,,端点最大距离且全时段按遮挡计损仍满足双向预算
T002,巡航,827.7714461274775,847.5349333508436,中继,R001,73,PASS,worst_obstruction_endpoint_distance,7.982943005401779,790.9364822770917,True,,端点最大距离且全时段按遮挡计损仍满足双向预算
T002,巡航,847.5349333508436,867.2984205742096,中继,R001,74,PASS,worst_obstruction_endpoint_distance,5.2641680033805756,1081.634069057801,True,,端点最大距离且全时段按遮挡计损仍满足双向预算
T002,巡航,867.2984205742096,887.0619077975757,中继,R001,75,PASS,worst_obstruction_endpoint_distance,3.1810377706371042,1374.7915994615264,True,,端点最大距离且全时段按遮挡计损仍满足双向预算
T002,巡航,887.0619077975757,906.8253950209418,中继,R001,76,PASS,worst_obstruction_endpoint_distance,1.4960582519514247,1669.113407412768,True,,端点最大距离且全时段按遮挡计损仍满足双向预算
T002,巡航,906.8253950209418,926.5888822443078,中继,R001,77,PASS,worst_obstruction_endpoint_distance,0.08260871375279066,1964.076152778362,True,,端点最大距离且全时段按遮挡计损仍满足双向预算
T002,下降,926.5888822443078,941.4979246027062,中继,R001,78,PASS,worst_obstruction_endpoint_distance,0.08260871375279066,1964.076152778362,True,,端点最大距离且全时段按遮挡计损仍满足双向预算
T002,下降,941.4979246027062,956.4069669611046,中继,R001,79,PASS,worst_obstruction_endpoint_distance,0.08318935627910662,1963.944860755383,True,,端点最大距离且全时段按遮挡计损仍满足双向预算
T002,下降,956.4069669611046,971.316009319503,中继,R001,80,PASS,worst_obstruction_endpoint_distance,0.0804771903531929,1964.5581975862738,True,,端点最大距离且全时段按遮挡计损仍满足双向预算
T002,投送,971.316009319503,990.7006247041184,中继,R001,81,PASS,exact_point,0.0804771903531929,1964.5581975862738,,,独立计算 DEM 遮挡、自由空间损耗与双向预算
T002,投送,990.7006247041184,1010.0852400887337,中继,R001,82,PASS,exact_point,0.0804771903531929,1964.5581975862738,,,独立计算 DEM 遮挡、自由空间损耗与双向预算
T002,投送,1010.0852400887337,1029.469855473349,中继,R001,83,PASS,exact_point,0.0804771903531929,1964.5581975862738,,,独立计算 DEM 遮挡、自由空间损耗与双向预算
T002,投送,1029.469855473349,1048.8544708579645,中继,R001,84,PASS,exact_point,0.0804771903531929,1964.5581975862738,,,独立计算 DEM 遮挡、自由空间损耗与双向预算
T002,投送,1048.8544708579645,1068.2390862425798,中继,R001,85,PASS,exact_point,0.0804771903531929,1964.5581975862738,,,独立计算 DEM 遮挡、自由空间损耗与双向预算
T002,投送,1068.2390862425798,1087.6237016271953,中继,R001,86,PASS,exact_point,0.0804771903531929,1964.5581975862738,,,独立计算 DEM 遮挡、自由空间损耗与双向预算
T002,投送,1087.6237016271953,1107.0083170118105,中继,R001,87,PASS,exact_point,0.0804771903531929,1964.5581975862738,,,独立计算 DEM 遮挡、自由空间损耗与双向预算
T002,投送,1107.0083170118105,1126.392932396426,中继,R001,88,PASS,exact_point,0.0804771903531929,1964.5581975862738,,,独立计算 DEM 遮挡、自由空间损耗与双向预算
T002,投送,1126.392932396426,1145.7775477810414,中继,R001,89,PASS,exact_point,0.0804771903531929,1964.5581975862738,,,独立计算 DEM 遮挡、自由空间损耗与双向预算
T002,投送,1145.7775477810414,1165.1621631656567,中继,R001,90,PASS,exact_point,0.0804771903531929,1964.5581975862738,,,独立计算 DEM 遮挡、自由空间损耗与双向预算
T002,投送,1165.1621631656567,1184.5467785502722,中继,R001,91,PASS,exact_point,0.0804771903531929,1964.5581975862738,,,独立计算 DEM 遮挡、自由空间损耗与双向预算
T002,投送,1184.5467785502722,1203.9313939348874,中继,R001,92,PASS,exact_point,0.0804771903531929,1964.5581975862738,,,独立计算 DEM 遮挡、自由空间损耗与双向预算
T002,投送,1203.9313939348874,1223.3160093195029,中继,R001,93,PASS,exact_point,0.0804771903531929,1964.5581975862738,,,独立计算 DEM 遮挡、自由空间损耗与双向预算
T002,爬升,1223.3160093195029,1241.206860149581,中继,R001,94,PASS,worst_obstruction_endpoint_distance,0.0804771903531929,1964.5581975862738,True,,端点最大距离且全时段按遮挡计损仍满足双向预算
T002,爬升,1241.206860149581,1259.097710979659,中继,R001,95,PASS,worst_obstruction_endpoint_distance,0.08260871375279066,1964.076152778362,True,,端点最大距离且全时段按遮挡计损仍满足双向预算
T002,巡航,1259.097710979659,1278.8611982030252,中继,R001,96,PASS,worst_obstruction_endpoint_distance,0.08260871375279066,1964.076152778362,True,,端点最大距离且全时段按遮挡计损仍满足双向预算
T002,巡航,1278.8611982030252,1298.6246854263911,中继,R001,97,PASS,worst_obstruction_endpoint_distance,1.4960582519514247,1669.113407412768,True,,端点最大距离且全时段按遮挡计损仍满足双向预算
T002,巡航,1298.6246854263911,1318.3881726497573,中继,R001,98,PASS,worst_obstruction_endpoint_distance,3.1810377706371042,1374.7915994615264,True,,端点最大距离且全时段按遮挡计损仍满足双向预算
T002,巡航,1318.3881726497573,1338.1516598731232,中继,R001,99,PASS,worst_obstruction_endpoint_distance,5.2641680033805756,1081.634069057801,True,,端点最大距离且全时段按遮挡计损仍满足双向预算
T002,巡航,1338.1516598731232,1357.9151470964894,中继,R001,100,PASS,worst_obstruction_endpoint_distance,7.982943005401779,790.9364822770917,True,,端点最大距离且全时段按遮挡计损仍满足双向预算
T002,巡航,1357.9151470964894,1377.6786343198553,中继,R001,101,PASS,worst_obstruction_endpoint_distance,11.846499345070555,506.94844008022034,True,,端点最大距离且全时段按遮挡计损仍满足双向预算
T002,巡航,1377.6786343198553,1397.4421215432214,中继,R001,102,PASS,worst_obstruction_endpoint_distance,17.87171950183982,253.33942657084106,True,,端点最大距离且全时段按遮挡计损仍满足双向预算
T002,巡航,1397.4421215432214,1417.2056087665874,中继,R001,103,PASS,worst_obstruction_endpoint_distance,12.810203579364014,453.71023806410597,True,,端点最大距离且全时段按遮挡计损仍满足双向预算
T002,巡航,1417.2056087665874,1436.9690959899535,中继,R001,104,PASS,worst_obstruction_endpoint_distance,8.619096337392278,735.0788740248184,True,,端点最大距离且全时段按遮挡计损仍满足双向预算
T002,巡航,1436.9690959899535,1456.7325832133197,中继,R001,105,PASS,worst_obstruction_endpoint_distance,5.731414163795407,1024.9862751293902,True,,端点最大距离且全时段按遮挡计损仍满足双向预算
T002,巡航,1456.7325832133197,1476.4960704366856,中继,R001,106,PASS,worst_obstruction_endpoint_distance,3.548725382916672,1317.8090603809612,True,,端点最大距离且全时段按遮挡计损仍满足双向预算
T002,巡航,1476.4960704366856,1496.2595576600518,中继,R001,107,PASS,worst_obstruction_endpoint_distance,1.7986941689042766,1611.9592170068474,True,,端点最大距离且全时段按遮挡计损仍满足双向预算
T002,巡航,1496.2595576600518,1516.0230448834177,直连,,108,PASS,worst_obstruction_endpoint_distance,0.2202145974620322,3857.2521378350943,True,,端点最大距离且全时段按遮挡计损仍满足双向预算
T002,巡航,1516.0230448834177,1535.7865321067839,直连,,109,PASS,worst_obstruction_endpoint_distance,0.9141391873638156,3561.0805630696686,True,,端点最大距离且全时段按遮挡计损仍满足双向预算
T002,巡航,1535.7865321067839,1555.5500193301498,直连,,110,PASS,worst_obstruction_endpoint_distance,1.6682180133278024,3264.9599447416617,True,,端点最大距离且全时段按遮挡计损仍满足双向预算
T002,巡航,1555.5500193301498,1575.313506553516,直连,,111,PASS,worst_obstruction_endpoint_distance,2.4938475922613463,2968.9055301769163,True,,端点最大距离且全时段按遮挡计损仍满足双向预算
T002,巡航,1575.313506553516,1595.0769937768819,直连,,112,PASS,worst_obstruction_endpoint_distance,3.4059931797055043,2672.939317626779,True,,端点最大距离且全时段按遮挡计损仍满足双向预算
T002,巡航,1595.0769937768819,1614.840481000248,直连,,113,PASS,worst_obstruction_endpoint_distance,4.424847125248689,2377.0942527732964,True,,端点最大距离且全时段按遮挡计损仍满足双向预算
T002,巡航,1614.840481000248,1634.6039682236142,直连,,114,PASS,worst_obstruction_endpoint_distance,5.578572376014165,2081.421994615999,True,,端点最大距离且全时段按遮挡计损仍满足双向预算
T002,巡航,1634.6039682236142,1654.36745544698,直连,,115,PASS,worst_obstruction_endpoint_distance,6.908105372473543,1786.0083692495245,True,,端点最大距离且全时段按遮挡计损仍满足双向预算
T002,巡航,1654.36745544698,1674.1309426703463,直连,,116,PASS,worst_obstruction_endpoint_distance,8.476180856524223,1491.0071135443768,True,,端点最大距离且全时段按遮挡计损仍满足双向预算
T002,巡航,1674.1309426703463,1693.8944298937122,直连,,117,PASS,worst_obstruction_endpoint_distance,10.385900789493661,1196.723223014895,True,,端点最大距离且全时段按遮挡计损仍满足双向预算
T002,巡航,1693.8944298937122,1713.6579171170783,直连,,118,PASS,worst_obstruction_endpoint_distance,12.823774280234389,903.8576628091926,True,,端点最大距离且全时段按遮挡计损仍满足双向预算
T002,巡航,1713.6579171170783,1733.4214043404445,直连,,119,PASS,worst_obstruction_endpoint_distance,16.17615903644753,614.4418760035281,True,,端点最大距离且全时段按遮挡计损仍满足双向预算
T002,巡航,1733.4214043404445,1753.1848915638104,直连,,120,PASS,worst_obstruction_endpoint_distance,21.38103723570191,337.4713404244516,True,,端点最大距离且全时段按遮挡计损仍满足双向预算
T002,下降,1753.1848915638104,1771.3103169788496,直连,,121,PASS,worst_obstruction_endpoint_distance,27.79555154865507,161.25425415039103,True,,端点最大距离且全时段按遮挡计损仍满足双向预算
T002,下降,1771.3103169788496,1789.4357423938886,直连,,122,PASS,worst_obstruction_endpoint_distance,30.007338421908955,125.00340332031266,True,,端点最大距离且全时段按遮挡计损仍满足双向预算
T002,下降,1789.4357423938886,1807.5611678089278,直连,,123,PASS,worst_obstruction_endpoint_distance,32.98215812469377,88.7525524902347,True,,端点最大距离且全时段按遮挡计损仍满足双向预算
T002,下降,1807.5611678089278,1825.6865932239668,直连,,124,PASS,worst_obstruction_endpoint_distance,37.542307570167054,52.5017016601563,True,,端点最大距离且全时段按遮挡计损仍满足双向预算
T002,下降,1825.6865932239668,1843.812018639006,直连,,125,PASS,worst_obstruction_endpoint_distance,45.92517525248826,20.0,True,,端点最大距离且全时段按遮挡计损仍满足双向预算
T003,爬升,330.0000000000001,349.04006632486994,直连,,126,PASS,worst_obstruction_endpoint_distance,40.553569255917964,37.12019897460948,True,,端点最大距离且全时段按遮挡计损仍满足双向预算
T003,爬升,349.04006632486994,368.0801326497397,直连,,127,PASS,worst_obstruction_endpoint_distance,32.46103293889698,94.24039794921879,True,,端点最大距离且全时段按遮挡计损仍满足双向预算
T003,爬升,368.0801326497397,387.12019897460954,直连,,128,PASS,worst_obstruction_endpoint_distance,28.34551852982844,151.3605969238282,True,,端点最大距离且全时段按遮挡计损仍满足双向预算
T003,爬升,387.12019897460954,406.1602652994793,直连,,129,PASS,worst_obstruction_endpoint_distance,25.564454038992494,208.48079589843752,True,,端点最大距离且全时段按遮挡计损仍满足双向预算
T003,爬升,406.1602652994793,425.20033162434913,直连,,130,PASS,worst_obstruction_endpoint_distance,23.4611812166777,265.600994873047,True,,端点最大距离且全时段按遮挡计损仍满足双向预算
T003,巡航,425.20033162434913,445.0671279312562,直连,,131,PASS,worst_obstruction_endpoint_distance,20.894790328997573,356.90221381991495,True,,端点最大距离且全时段按遮挡计损仍满足双向预算
T003,巡航,445.0671279312562,464.93392423816334,直连,,132,PASS,worst_obstruction_endpoint_distance,17.20528742500065,545.7885080189652,True,,端点最大距离且全时段按遮挡计损仍满足双向预算
T003,巡航,464.93392423816334,484.8007205450704,直连,,133,PASS,worst_obstruction_endpoint_distance,14.296085646278357,762.9296194575144,True,,端点最大距离且全时段按遮挡计损仍满足双向预算
T003,巡航,484.8007205450704,504.66751685197755,直连,,134,PASS,worst_obstruction_endpoint_distance,12.033918957441117,989.9033874624408,True,,端点最大距离且全时段按遮挡计损仍满足双向预算
T003,巡航,504.66751685197755,524.5343131588846,直连,,135,PASS,worst_obstruction_endpoint_distance,10.209756808323448,1221.2397112269364,True,,端点最大距离且全时段按遮挡计损仍满足双向预算
T003,巡航,524.5343131588846,544.4011094657917,直连,,136,PASS,worst_obstruction_endpoint_distance,8.689356980005087,1454.8590143208378,True,,端点最大距离且全时段按遮挡计损仍满足双向预算
T003,巡航,544.4011094657917,564.2679057726989,直连,,137,PASS,worst_obstruction_endpoint_distance,7.388993559797996,1689.814686386292,True,,端点最大距离且全时段按遮挡计损仍满足双向预算
T003,巡航,564.2679057726989,584.1347020796059,直连,,138,PASS,worst_obstruction_endpoint_distance,6.254374162377076,1925.617615365827,True,,端点最大距离且全时段按遮挡计损仍满足双向预算
T003,巡航,584.1347020796059,604.001498386513,直连,,139,PASS,worst_obstruction_endpoint_distance,5.24869916063092,2161.9905944271386,True,,端点最大距离且全时段按遮挡计损仍满足双向预算
T003,巡航,604.001498386513,623.8682946934201,直连,,140,PASS,worst_obstruction_endpoint_distance,4.346020689563744,2398.765112235806,True,,端点最大距离且全时段按遮挡计损仍满足双向预算
T003,巡航,623.8682946934201,643.7350910003272,直连,,141,PASS,worst_obstruction_endpoint_distance,3.527417473998611,2635.8329614131303,True,,端点最大距离且全时段按遮挡计损仍满足双向预算
T003,巡航,643.7350910003272,663.6018873072344,直连,,142,PASS,worst_obstruction_endpoint_distance,2.7786952265281855,2873.1215325440335,True,,端点最大距离且全时段按遮挡计损仍满足双向预算
T003,巡航,663.6018873072344,683.4686836141414,直连,,143,PASS,worst_obstruction_endpoint_distance,2.0889467853018147,3110.5803131519438,True,,端点最大距离且全时段按遮挡计损仍满足双向预算
T003,巡航,683.4686836141414,703.3354799210485,直连,,144,PASS,worst_obstruction_endpoint_distance,1.4496171379887812,3348.1730886966884,True,,端点最大距离且全时段按遮挡计损仍满足双向预算
T003,巡航,703.3354799210485,723.2022762279555,直连,,145,PASS,worst_obstruction_endpoint_distance,0.8538765378947204,3585.873224569018,True,,端点最大距离且全时段按遮挡计损仍满足双向预算
T003,巡航,723.2022762279555,743.0690725348627,直连,,146,PASS,worst_obstruction_endpoint_distance,0.29618822235622133,3823.66069846629,True,,端点最大距离且全时段按遮挡计损仍满足双向预算
T003,巡航,743.0690725348627,762.9358688417699,中继,R002,147,PASS,worst_obstruction_endpoint_distance,1.3835741730115672,1690.8693413795186,True,,端点最大距离且全时段按遮挡计损仍满足双向预算
T003,巡航,762.9358688417699,782.8026651486769,中继,R002,148,PASS,worst_obstruction_endpoint_distance,2.6770556574254982,1456.9209066308943,True,,端点最大距离且全时段按遮挡计损仍满足双向预算
T003,巡航,782.8026651486769,802.669461455584,中继,R002,149,PASS,worst_obstruction_endpoint_distance,4.185243235825936,1224.6911979120187,True,,端点最大距离且全时段按遮挡计损仍满足双向预算
T003,巡航,802.669461455584,822.536257762491,中继,R002,150,PASS,worst_obstruction_endpoint_distance,5.985962807569464,995.3839137800908,True,,端点最大距离且全时段按遮挡计损仍满足双向预算
T003,巡航,822.536257762491,842.4030540693982,中继,R002,151,PASS,worst_obstruction_endpoint_distance,8.197830232644165,771.6089326110572,True,,端点最大距离且全时段按遮挡计损仍满足双向预算
T003,巡航,842.4030540693982,862.2698503763053,中继,R002,152,PASS,worst_obstruction_endpoint_distance,10.981430839844137,560.0376393263105,True,,端点最大距离且全时段按遮挡计损仍满足双向预算
T003,巡航,862.2698503763053,882.1366466832123,中继,R002,153,PASS,worst_obstruction_endpoint_distance,14.314919900488547,381.5423614006788,True,,端点最大距离且全时段按遮挡计损仍满足双向预算
T003,巡航,882.1366466832123,902.0034429901195,中继,R002,154,PASS,worst_obstruction_endpoint_distance,14.17181813737426,387.88041484111227,True,,端点最大距离且全时段按遮挡计损仍满足双向预算
T003,巡航,902.0034429901195,921.8702392970266,中继,R002,155,PASS,worst_obstruction_endpoint_distance,10.848436209082337,568.6786815156489,True,,端点最大距离且全时段按遮挡计损仍满足双向预算
T003,巡航,921.8702392970266,941.7370356039337,中继,R002,156,PASS,worst_obstruction_endpoint_distance,8.092403677470699,781.031544118226,True,,端点最大距离且全时段按遮挡计损仍满足双向预算
T003,巡航,941.7370356039337,961.6038319108408,中继,R002,157,PASS,worst_obstruction_endpoint_distance,5.90129009220982,1005.1346708321878,True,,端点最大距离且全时段按遮挡计损仍满足双向预算
T003,巡航,961.6038319108408,981.470628217748,中继,R002,158,PASS,worst_obstruction_endpoint_distance,4.115208160866501,1234.6059061960495,True,,端点最大距离且全时段按遮挡计损仍满足双向预算
T003,巡航,981.470628217748,1001.337424524655,中继,R002,159,PASS,worst_obstruction_endpoint_distance,2.617597935197807,1466.9282137253392,True,,端点最大距离且全时段按遮挡计损仍满足双向预算
T003,巡航,1001.337424524655,1021.204220831562,中继,R002,160,PASS,worst_obstruction_endpoint_distance,1.332027185657438,1700.9337518953137,True,,端点最大距离且全时段按遮挡计损仍满足双向预算
T003,巡航,1021.204220831562,1041.0710171384692,中继,R002,161,PASS,worst_obstruction_endpoint_distance,0.2076130959518423,1936.0122613129108,True,,端点最大距离且全时段按遮挡计损仍满足双向预算
T003,下降,1041.0710171384692,1058.8711497882089,中继,R002,162,PASS,worst_obstruction_endpoint_distance,0.2076130959518423,1936.0122613129108,True,,端点最大距离且全时段按遮挡计损仍满足双向预算
T003,下降,1058.8711497882089,1076.6712824379483,中继,R002,163,PASS,worst_obstruction_endpoint_distance,0.20735980617972416,1936.0687183109696,True,,端点最大距离且全时段按遮挡计损仍满足双向预算
T003,下降,1076.6712824379483,1094.471415087688,中继,R002,164,PASS,worst_obstruction_endpoint_distance,0.20035561395789614,1937.6305694328028,True,,端点最大距离且全时段按遮挡计损仍满足双向预算
T003,投送,1094.471415087688,1114.471415087688,中继,R002,165,PASS,exact_point,0.20035561395789614,1937.6305694328028,,,独立计算 DEM 遮挡、自由空间损耗与双向预算
T003,投送,1114.471415087688,1134.471415087688,中继,R002,166,PASS,exact_point,0.20035561395789614,1937.6305694328028,,,独立计算 DEM 遮挡、自由空间损耗与双向预算
T003,投送,1134.471415087688,1154.471415087688,中继,R002,167,PASS,exact_point,0.20035561395789614,1937.6305694328028,,,独立计算 DEM 遮挡、自由空间损耗与双向预算
T003,投送,1154.471415087688,1174.471415087688,中继,R002,168,PASS,exact_point,0.20035561395789614,1937.6305694328028,,,独立计算 DEM 遮挡、自由空间损耗与双向预算
T003,投送,1174.471415087688,1194.471415087688,中继,R002,169,PASS,exact_point,0.20035561395789614,1937.6305694328028,,,独立计算 DEM 遮挡、自由空间损耗与双向预算
T003,投送,1194.471415087688,1214.471415087688,中继,R002,170,PASS,exact_point,0.20035561395789614,1937.6305694328028,,,独立计算 DEM 遮挡、自由空间损耗与双向预算
T003,投送,1214.471415087688,1234.471415087688,中继,R002,171,PASS,exact_point,0.20035561395789614,1937.6305694328028,,,独立计算 DEM 遮挡、自由空间损耗与双向预算
T003,投送,1234.471415087688,1254.471415087688,中继,R002,172,PASS,exact_point,0.20035561395789614,1937.6305694328028,,,独立计算 DEM 遮挡、自由空间损耗与双向预算
T003,投送,1254.471415087688,1274.471415087688,中继,R002,173,PASS,exact_point,0.20035561395789614,1937.6305694328028,,,独立计算 DEM 遮挡、自由空间损耗与双向预算
T003,爬升,1274.471415087688,1289.304858962471,中继,R002,174,PASS,worst_obstruction_endpoint_distance,0.20035561395789614,1937.6305694328028,True,,端点最大距离且全时段按遮挡计损仍满足双向预算
T003,爬升,1289.304858962471,1304.138302837254,中继,R002,175,PASS,worst_obstruction_endpoint_distance,0.20735980617972416,1936.0687183109696,True,,端点最大距离且全时段按遮挡计损仍满足双向预算
T003,爬升,1304.138302837254,1318.971746712037,中继,R002,176,PASS,worst_obstruction_endpoint_distance,0.2076130959518423,1936.0122613129108,True,,端点最大距离且全时段按遮挡计损仍满足双向预算
T003,巡航,1318.971746712037,1338.8385430189442,中继,R002,177,PASS,worst_obstruction_endpoint_distance,0.2076130959518423,1936.0122613129108,True,,端点最大距离且全时段按遮挡计损仍满足双向预算
T003,巡航,1338.8385430189442,1358.7053393258511,中继,R002,178,PASS,worst_obstruction_endpoint_distance,1.332027185657438,1700.9337518953137,True,,端点最大距离且全时段按遮挡计损仍满足双向预算
T003,巡航,1358.7053393258511,1378.5721356327583,中继,R002,179,PASS,worst_obstruction_endpoint_distance,2.617597935197807,1466.9282137253392,True,,端点最大距离且全时段按遮挡计损仍满足双向预算
T003,巡航,1378.5721356327583,1398.4389319396653,中继,R002,180,PASS,worst_obstruction_endpoint_distance,4.115208160866501,1234.6059061960495,True,,端点最大距离且全时段按遮挡计损仍满足双向预算
T003,巡航,1398.4389319396653,1418.3057282465725,中继,R002,181,PASS,worst_obstruction_endpoint_distance,5.90129009220982,1005.1346708321878,True,,端点最大距离且全时段按遮挡计损仍满足双向预算
T003,巡航,1418.3057282465725,1438.1725245534797,中继,R002,182,PASS,worst_obstruction_endpoint_distance,8.092403677470699,781.031544118226,True,,端点最大距离且全时段按遮挡计损仍满足双向预算
T003,巡航,1438.1725245534797,1458.0393208603866,中继,R002,183,PASS,worst_obstruction_endpoint_distance,10.848436209082337,568.6786815156489,True,,端点最大距离且全时段按遮挡计损仍满足双向预算
T003,巡航,1458.0393208603866,1477.9061171672938,中继,R002,184,PASS,worst_obstruction_endpoint_distance,14.17181813737426,387.88041484111227,True,,端点最大距离且全时段按遮挡计损仍满足双向预算
T003,巡航,1477.9061171672938,1497.7729134742008,中继,R002,185,PASS,worst_obstruction_endpoint_distance,14.314919900488547,381.5423614006788,True,,端点最大距离且全时段按遮挡计损仍满足双向预算
T003,巡航,1497.7729134742008,1517.639709781108,中继,R002,186,PASS,worst_obstruction_endpoint_distance,10.981430839844137,560.0376393263105,True,,端点最大距离且全时段按遮挡计损仍满足双向预算
T003,巡航,1517.639709781108,1537.5065060880152,中继,R002,187,PASS,worst_obstruction_endpoint_distance,8.197830232644165,771.6089326110572,True,,端点最大距离且全时段按遮挡计损仍满足双向预算
T003,巡航,1537.5065060880152,1557.3733023949221,中继,R002,188,PASS,worst_obstruction_endpoint_distance,5.985962807569464,995.3839137800908,True,,端点最大距离且全时段按遮挡计损仍满足双向预算
T003,巡航,1557.3733023949221,1577.2400987018293,中继,R002,189,PASS,worst_obstruction_endpoint_distance,4.185243235825936,1224.6911979120187,True,,端点最大距离且全时段按遮挡计损仍满足双向预算
T003,巡航,1577.2400987018293,1597.1068950087365,中继,R002,190,PASS,worst_obstruction_endpoint_distance,2.6770556574254982,1456.9209066308943,True,,端点最大距离且全时段按遮挡计损仍满足双向预算
T003,巡航,1597.1068950087365,1616.9736913156435,中继,R002,191,PASS,worst_obstruction_endpoint_distance,1.3835741730115672,1690.8693413795186,True,,端点最大距离且全时段按遮挡计损仍满足双向预算
T003,巡航,1616.9736913156435,1636.8404876225507,直连,,192,PASS,worst_obstruction_endpoint_distance,0.29618822235622133,3823.66069846629,True,,端点最大距离且全时段按遮挡计损仍满足双向预算
T003,巡航,1636.8404876225507,1656.7072839294578,直连,,193,PASS,worst_obstruction_endpoint_distance,0.8538765378947204,3585.873224569018,True,,端点最大距离且全时段按遮挡计损仍满足双向预算
T003,巡航,1656.7072839294578,1676.5740802363648,直连,,194,PASS,worst_obstruction_endpoint_distance,1.4496171379887812,3348.1730886966884,True,,端点最大距离且全时段按遮挡计损仍满足双向预算
T003,巡航,1676.5740802363648,1696.440876543272,直连,,195,PASS,worst_obstruction_endpoint_distance,2.0889467853018147,3110.5803131519438,True,,端点最大距离且全时段按遮挡计损仍满足双向预算
T003,巡航,1696.440876543272,1716.307672850179,直连,,196,PASS,worst_obstruction_endpoint_distance,2.7786952265281855,2873.1215325440335,True,,端点最大距离且全时段按遮挡计损仍满足双向预算
T003,巡航,1716.307672850179,1736.1744691570862,直连,,197,PASS,worst_obstruction_endpoint_distance,3.527417473998611,2635.8329614131303,True,,端点最大距离且全时段按遮挡计损仍满足双向预算
T003,巡航,1736.1744691570862,1756.041265463993,直连,,198,PASS,worst_obstruction_endpoint_distance,4.346020689563744,2398.765112235806,True,,端点最大距离且全时段按遮挡计损仍满足双向预算
T003,巡航,1756.041265463993,1775.9080617709003,直连,,199,PASS,worst_obstruction_endpoint_distance,5.24869916063092,2161.9905944271386,True,,端点最大距离且全时段按遮挡计损仍满足双向预算
T003,巡航,1775.9080617709003,1795.7748580778075,直连,,200,PASS,worst_obstruction_endpoint_distance,6.254374162377076,1925.617615365827,True,,端点最大距离且全时段按遮挡计损仍满足双向预算
T003,巡航,1795.7748580778075,1815.6416543847145,直连,,201,PASS,worst_obstruction_endpoint_distance,7.388993559797996,1689.814686386292,True,,端点最大距离且全时段按遮挡计损仍满足双向预算
T003,巡航,1815.6416543847145,1835.5084506916216,直连,,202,PASS,worst_obstruction_endpoint_distance,8.689356980005087,1454.8590143208378,True,,端点最大距离且全时段按遮挡计损仍满足双向预算
T003,巡航,1835.5084506916216,1855.3752469985288,直连,,203,PASS,worst_obstruction_endpoint_distance,10.209756808323448,1221.2397112269364,True,,端点最大距离且全时段按遮挡计损仍满足双向预算
T003,巡航,1855.3752469985288,1875.2420433054358,直连,,204,PASS,worst_obstruction_endpoint_distance,12.033918957441117,989.9033874624408,True,,端点最大距离且全时段按遮挡计损仍满足双向预算
T003,巡航,1875.2420433054358,1895.108839612343,直连,,205,PASS,worst_obstruction_endpoint_distance,14.296085646278357,762.9296194575144,True,,端点最大距离且全时段按遮挡计损仍满足双向预算
T003,巡航,1895.108839612343,1914.97563591925,直连,,206,PASS,worst_obstruction_endpoint_distance,17.20528742500065,545.7885080189652,True,,端点最大距离且全时段按遮挡计损仍满足双向预算
T003,巡航,1914.97563591925,1934.8424322261571,直连,,207,PASS,worst_obstruction_endpoint_distance,20.894790328997573,356.90221381991495,True,,端点最大距离且全时段按遮挡计损仍满足双向预算
T003,下降,1934.8424322261571,1953.8824985510269,直连,,208,PASS,worst_obstruction_endpoint_distance,23.4611812166777,265.600994873047,True,,端点最大距离且全时段按遮挡计损仍满足双向预算
T003,下降,1953.8824985510269,1972.9225648758968,直连,,209,PASS,worst_obstruction_endpoint_distance,25.176612261026477,218.00082906087272,True,,端点最大距离且全时段按遮挡计损仍满足双向预算
T003,下降,1972.9225648758968,1991.9626312007665,直连,,210,PASS,worst_obstruction_endpoint_distance,27.316349549092166,170.4006632486978,True,,端点最大距离且全时段按遮挡计损仍满足双向预算
T003,下降,1991.9626312007665,2011.0026975256362,直连,,211,PASS,worst_obstruction_endpoint_distance,30.161772645055834,122.80049743652347,True,,端点最大距离且全时段按遮挡计损仍满足双向预算
T003,下降,2011.0026975256362,2030.0427638505062,直连,,212,PASS,worst_obstruction_endpoint_distance,34.4213800501299,75.20033162434919,True,,端点最大距离且全时段按遮挡计损仍满足双向预算
T003,下降,2030.0427638505062,2049.082830175376,直连,,213,PASS,worst_obstruction_endpoint_distance,43.127541342509886,27.60016581217431,True,,端点最大距离且全时段按遮挡计损仍满足双向预算
T004,爬升,392.0,411.0400663248698,直连,,214,PASS,worst_obstruction_endpoint_distance,40.553569255917964,37.12019897460948,True,,端点最大距离且全时段按遮挡计损仍满足双向预算
T004,爬升,411.0400663248698,430.0801326497396,直连,,215,PASS,worst_obstruction_endpoint_distance,32.46103293889698,94.24039794921879,True,,端点最大距离且全时段按遮挡计损仍满足双向预算
T004,爬升,430.0801326497396,449.1201989746094,直连,,216,PASS,worst_obstruction_endpoint_distance,28.34551852982844,151.3605969238282,True,,端点最大距离且全时段按遮挡计损仍满足双向预算
T004,爬升,449.1201989746094,468.1602652994792,直连,,217,PASS,worst_obstruction_endpoint_distance,25.564454038992494,208.48079589843752,True,,端点最大距离且全时段按遮挡计损仍满足双向预算
T004,爬升,468.1602652994792,487.200331624349,直连,,218,PASS,worst_obstruction_endpoint_distance,23.4611812166777,265.600994873047,True,,端点最大距离且全时段按遮挡计损仍满足双向预算
T004,巡航,487.200331624349,506.90819356080084,直连,,219,PASS,worst_obstruction_endpoint_distance,19.961022984094825,397.40891843474714,True,,端点最大距离且全时段按遮挡计损仍满足双向预算
T004,巡航,506.90819356080084,526.6160554972528,直连,,220,PASS,worst_obstruction_endpoint_distance,15.71220980707109,648.1540930775991,True,,端点最大距离且全时段按遮挡计损仍满足双向预算
T004,巡航,526.6160554972528,546.3239174337045,直连,,221,PASS,worst_obstruction_endpoint_distance,12.615695694557388,925.7718553957753,True,,端点最大距离且全时段按遮挡计损仍满足双向预算
T004,巡航,546.3239174337045,566.0317793701564,直连,,222,PASS,worst_obstruction_endpoint_distance,10.276198059579158,1211.9336813788218,True,,端点最大距离且全时段按遮挡计损仍满足双向预算
T004,巡航,566.0317793701564,585.7396413066083,直连,,223,PASS,worst_obstruction_endpoint_distance,8.41374566235858,1501.763259580158,True,,端点最大距离且全时段按遮挡计损仍满足双向预算
T004,巡航,585.7396413066083,605.44750324306,直连,,224,PASS,worst_obstruction_endpoint_distance,6.871828288485418,1793.4833279230154,True,,端点最大距离且全时段按遮挡计损仍满足双向预算
T004,巡航,605.44750324306,625.1553651795119,直连,,225,PASS,worst_obstruction_endpoint_distance,5.5582357768518165,2086.3010154813837,True,,端点最大距离且全时段按遮挡计损仍满足双向预算
T004,巡航,625.1553651795119,644.8632271159638,直连,,226,PASS,worst_obstruction_endpoint_distance,4.4149250998654,2379.8111956219427,True,,端点最大距离且全时段按遮挡计损仍满足双向预算
T004,巡航,644.8632271159638,664.5710890524156,直连,,227,PASS,worst_obstruction_endpoint_distance,3.4032428294939336,2673.7858265695286,True,,端点最大距离且全时段按遮挡计损仍满足双向预算
T004,巡航,664.5710890524156,684.2789509888675,直连,,228,PASS,worst_obstruction_endpoint_distance,2.4962429037207414,2968.0869067243466,True,,端点最大距离且全时段按遮挡计损仍满足双向预算
T004,巡航,684.2789509888675,703.9868129253193,直连,,229,PASS,worst_obstruction_endpoint_distance,1.6744290534633564,3262.6260964629014,True,,端点最大距离且全时段按遮挡计损仍满足双向预算
T004,巡航,703.9868129253193,723.6946748617711,直连,,230,PASS,worst_obstruction_endpoint_distance,0.9232572696648731,3557.344251646282,True,,端点最大距离且全时段按遮挡计损仍满足双向预算
T004,巡航,723.6946748617711,743.4025367982229,直连,,231,PASS,worst_obstruction_endpoint_distance,0.2315979591948718,3852.200296462618,True,,端点最大距离且全时段按遮挡计损仍满足双向预算
T004,巡航,743.4025367982229,763.1103987346748,中继,R002,232,PASS,worst_obstruction_endpoint_distance,1.5293471153497364,1662.7287360181615,True,,端点最大距离且全时段按遮挡计损仍满足双向预算
T004,巡航,763.1103987346748,782.8182606711266,中继,R002,233,PASS,worst_obstruction_endpoint_distance,3.1918929171144725,1373.0745338103702,True,,端点最大距离且全时段按遮挡计损仍满足双向预算
T004,巡航,782.8182606711266,802.5261226075785,中继,R002,234,PASS,worst_obstruction_endpoint_distance,5.224083731909346,1086.6372077029318,True,,端点最大距离且全时段按遮挡计损仍满足双向预算
T004,巡航,802.5261226075785,822.2339845440304,中继,R002,235,PASS,worst_obstruction_endpoint_distance,7.809918002431388,806.8501018641134,True,,端点最大距离且全时段按遮挡计损仍满足双向预算
T004,巡航,822.2339845440304,841.9418464804821,中继,R002,236,PASS,worst_obstruction_endpoint_distance,11.23265745479327,544.0713855181892,True,,端点最大距离且全时段按遮挡计损仍满足双向预算
T004,巡航,841.9418464804821,861.6497084169339,中继,R002,237,PASS,worst_obstruction_endpoint_distance,15.30868289058364,340.2942523009908,True,,端点最大距离且全时段按遮挡计损仍满足双向预算
T004,巡航,861.6497084169339,881.3575703533859,中继,R002,238,PASS,worst_obstruction_endpoint_distance,11.478649442313184,528.878955160324,True,,端点最大距离且全时段按遮挡计损仍满足双向预算
T004,巡航,881.3575703533859,901.0654322898376,中继,R002,239,PASS,worst_obstruction_endpoint_distance,7.995048454551593,789.834928744089,True,,端点最大距离且全时段按遮挡计损仍满足双向预算
T004,巡航,901.0654322898376,920.7732942262895,中继,R002,240,PASS,worst_obstruction_endpoint_distance,5.366280347934946,1068.9927034665866,True,,端点最大距离且全时段按遮挡计损仍满足双向预算
T004,巡航,920.7732942262895,940.4811561627414,中继,R002,241,PASS,worst_obstruction_endpoint_distance,3.306027817586582,1355.1499936956816,True,,端点最大距离且全时段按遮挡计损仍满足双向预算
T004,巡航,940.4811561627414,960.1890180991932,中继,R002,242,PASS,worst_obstruction_endpoint_distance,1.6242669914537942,1644.6572684634768,True,,端点最大距离且全时段按遮挡计损仍满足双向预算
T004,巡航,960.1890180991932,979.896880035645,中继,R002,243,PASS,worst_obstruction_endpoint_distance,0.2076130959518423,1936.0122613129108,True,,端点最大距离且全时段按遮挡计损仍满足双向预算
T004,下降,979.896880035645,997.6970126853846,中继,R002,244,PASS,worst_obstruction_endpoint_distance,0.2076130959518423,1936.0122613129108,True,,端点最大距离且全时段按遮挡计损仍满足双向预算
T004,下降,997.6970126853846,1015.4971453351243,中继,R002,245,PASS,worst_obstruction_endpoint_distance,0.20735980617972416,1936.0687183109696,True,,端点最大距离且全时段按遮挡计损仍满足双向预算
T004,下降,1015.4971453351243,1033.2972779848637,中继,R002,246,PASS,worst_obstruction_endpoint_distance,0.20035561395789614,1937.6305694328028,True,,端点最大距离且全时段按遮挡计损仍满足双向预算
T004,投送,1033.2972779848637,1052.388187075773,中继,R002,247,PASS,exact_point,0.20035561395789614,1937.6305694328028,,,独立计算 DEM 遮挡、自由空间损耗与双向预算
T004,投送,1052.388187075773,1071.479096166682,中继,R002,248,PASS,exact_point,0.20035561395789614,1937.6305694328028,,,独立计算 DEM 遮挡、自由空间损耗与双向预算
T004,投送,1071.479096166682,1090.570005257591,中继,R002,249,PASS,exact_point,0.20035561395789614,1937.6305694328028,,,独立计算 DEM 遮挡、自由空间损耗与双向预算
T004,投送,1090.570005257591,1109.6609143485002,中继,R002,250,PASS,exact_point,0.20035561395789614,1937.6305694328028,,,独立计算 DEM 遮挡、自由空间损耗与双向预算
T004,投送,1109.6609143485002,1128.7518234394092,中继,R002,251,PASS,exact_point,0.20035561395789614,1937.6305694328028,,,独立计算 DEM 遮挡、自由空间损耗与双向预算
T004,投送,1128.7518234394092,1147.8427325303182,中继,R002,252,PASS,exact_point,0.20035561395789614,1937.6305694328028,,,独立计算 DEM 遮挡、自由空间损耗与双向预算
T004,投送,1147.8427325303182,1166.9336416212275,中继,R002,253,PASS,exact_point,0.20035561395789614,1937.6305694328028,,,独立计算 DEM 遮挡、自由空间损耗与双向预算
T004,投送,1166.9336416212275,1186.0245507121365,中继,R002,254,PASS,exact_point,0.20035561395789614,1937.6305694328028,,,独立计算 DEM 遮挡、自由空间损耗与双向预算
T004,投送,1186.0245507121365,1205.1154598030455,中继,R002,255,PASS,exact_point,0.20035561395789614,1937.6305694328028,,,独立计算 DEM 遮挡、自由空间损耗与双向预算
T004,投送,1205.1154598030455,1224.2063688939547,中继,R002,256,PASS,exact_point,0.20035561395789614,1937.6305694328028,,,独立计算 DEM 遮挡、自由空间损耗与双向预算
T004,投送,1224.2063688939547,1243.2972779848637,中继,R002,257,PASS,exact_point,0.20035561395789614,1937.6305694328028,,,独立计算 DEM 遮挡、自由空间损耗与双向预算
T004,爬升,1243.2972779848637,1258.1307218596467,中继,R002,258,PASS,worst_obstruction_endpoint_distance,0.20035561395789614,1937.6305694328028,True,,端点最大距离且全时段按遮挡计损仍满足双向预算
T004,爬升,1258.1307218596467,1272.9641657344298,中继,R002,259,PASS,worst_obstruction_endpoint_distance,0.20735980617972416,1936.0687183109696,True,,端点最大距离且全时段按遮挡计损仍满足双向预算
T004,爬升,1272.9641657344298,1287.7976096092127,中继,R002,260,PASS,worst_obstruction_endpoint_distance,0.2076130959518423,1936.0122613129108,True,,端点最大距离且全时段按遮挡计损仍满足双向预算
T004,巡航,1287.7976096092127,1307.5054715456645,中继,R002,261,PASS,worst_obstruction_endpoint_distance,0.2076130959518423,1936.0122613129108,True,,端点最大距离且全时段按遮挡计损仍满足双向预算
T004,巡航,1307.5054715456645,1327.2133334821165,中继,R002,262,PASS,worst_obstruction_endpoint_distance,1.6242669914537942,1644.6572684634768,True,,端点最大距离且全时段按遮挡计损仍满足双向预算
T004,巡航,1327.2133334821165,1346.9211954185682,中继,R002,263,PASS,worst_obstruction_endpoint_distance,3.306027817586582,1355.1499936956816,True,,端点最大距离且全时段按遮挡计损仍满足双向预算
T004,巡航,1346.9211954185682,1366.62905735502,中继,R002,264,PASS,worst_obstruction_endpoint_distance,5.366280347934946,1068.9927034665866,True,,端点最大距离且全时段按遮挡计损仍满足双向预算
T004,巡航,1366.62905735502,1386.336919291472,中继,R002,265,PASS,worst_obstruction_endpoint_distance,7.995048454551593,789.834928744089,True,,端点最大距离且全时段按遮挡计损仍满足双向预算
T004,巡航,1386.336919291472,1406.0447812279237,中继,R002,266,PASS,worst_obstruction_endpoint_distance,11.478649442313184,528.878955160324,True,,端点最大距离且全时段按遮挡计损仍满足双向预算
T004,巡航,1406.0447812279237,1425.7526431643755,中继,R002,267,PASS,worst_obstruction_endpoint_distance,15.30868289058364,340.2942523009908,True,,端点最大距离且全时段按遮挡计损仍满足双向预算
T004,巡航,1425.7526431643755,1445.4605051008275,中继,R002,268,PASS,worst_obstruction_endpoint_distance,11.23265745479327,544.0713855181892,True,,端点最大距离且全时段按遮挡计损仍满足双向预算
T004,巡航,1445.4605051008275,1465.1683670372793,中继,R002,269,PASS,worst_obstruction_endpoint_distance,7.809918002431388,806.8501018641134,True,,端点最大距离且全时段按遮挡计损仍满足双向预算
T004,巡航,1465.1683670372793,1484.876228973731,中继,R002,270,PASS,worst_obstruction_endpoint_distance,5.224083731909346,1086.6372077029318,True,,端点最大距离且全时段按遮挡计损仍满足双向预算
T004,巡航,1484.876228973731,1504.584090910183,中继,R002,271,PASS,worst_obstruction_endpoint_distance,3.1918929171144725,1373.0745338103702,True,,端点最大距离且全时段按遮挡计损仍满足双向预算
T004,巡航,1504.584090910183,1524.2919528466348,中继,R002,272,PASS,worst_obstruction_endpoint_distance,1.5293471153497364,1662.7287360181615,True,,端点最大距离且全时段按遮挡计损仍满足双向预算
T004,巡航,1524.2919528466348,1543.9998147830865,直连,,273,PASS,worst_obstruction_endpoint_distance,0.2315979591948718,3852.200296462618,True,,端点最大距离且全时段按遮挡计损仍满足双向预算
T004,巡航,1543.9998147830865,1563.7076767195385,直连,,274,PASS,worst_obstruction_endpoint_distance,0.9232572696648731,3557.344251646282,True,,端点最大距离且全时段按遮挡计损仍满足双向预算
T004,巡航,1563.7076767195385,1583.4155386559903,直连,,275,PASS,worst_obstruction_endpoint_distance,1.6744290534633564,3262.6260964629014,True,,端点最大距离且全时段按遮挡计损仍满足双向预算
T004,巡航,1583.4155386559903,1603.123400592442,直连,,276,PASS,worst_obstruction_endpoint_distance,2.4962429037207414,2968.0869067243466,True,,端点最大距离且全时段按遮挡计损仍满足双向预算
T004,巡航,1603.123400592442,1622.8312625288938,直连,,277,PASS,worst_obstruction_endpoint_distance,3.4032428294939336,2673.7858265695286,True,,端点最大距离且全时段按遮挡计损仍满足双向预算
T004,巡航,1622.8312625288938,1642.5391244653458,直连,,278,PASS,worst_obstruction_endpoint_distance,4.4149250998654,2379.8111956219427,True,,端点最大距离且全时段按遮挡计损仍满足双向预算
T004,巡航,1642.5391244653458,1662.2469864017976,直连,,279,PASS,worst_obstruction_endpoint_distance,5.5582357768518165,2086.3010154813837,True,,端点最大距离且全时段按遮挡计损仍满足双向预算
T004,巡航,1662.2469864017976,1681.9548483382496,直连,,280,PASS,worst_obstruction_endpoint_distance,6.871828288485418,1793.4833279230154,True,,端点最大距离且全时段按遮挡计损仍满足双向预算
T004,巡航,1681.9548483382496,1701.6627102747013,直连,,281,PASS,worst_obstruction_endpoint_distance,8.41374566235858,1501.763259580158,True,,端点最大距离且全时段按遮挡计损仍满足双向预算
T004,巡航,1701.6627102747013,1721.370572211153,直连,,282,PASS,worst_obstruction_endpoint_distance,10.276198059579158,1211.9336813788218,True,,端点最大距离且全时段按遮挡计损仍满足双向预算
T004,巡航,1721.370572211153,1741.078434147605,直连,,283,PASS,worst_obstruction_endpoint_distance,12.615695694557388,925.7718553957753,True,,端点最大距离且全时段按遮挡计损仍满足双向预算
T004,巡航,1741.078434147605,1760.7862960840569,直连,,284,PASS,worst_obstruction_endpoint_distance,15.71220980707109,648.1540930775991,True,,端点最大距离且全时段按遮挡计损仍满足双向预算
T004,巡航,1760.7862960840569,1780.4941580205086,直连,,285,PASS,worst_obstruction_endpoint_distance,19.961022984094825,397.40891843474714,True,,端点最大距离且全时段按遮挡计损仍满足双向预算
T004,下降,1780.4941580205086,1799.5342243453783,直连,,286,PASS,worst_obstruction_endpoint_distance,23.4611812166777,265.600994873047,True,,端点最大距离且全时段按遮挡计损仍满足双向预算
T004,下降,1799.5342243453783,1818.5742906702483,直连,,287,PASS,worst_obstruction_endpoint_distance,25.176612261026463,218.00082906087277,True,,端点最大距离且全时段按遮挡计损仍满足双向预算
T004,下降,1818.5742906702483,1837.6143569951182,直连,,288,PASS,worst_obstruction_endpoint_distance,27.316349549092152,170.40066324869798,True,,端点最大距离且全时段按遮挡计损仍满足双向预算
T004,下降,1837.6143569951182,1856.654423319988,直连,,289,PASS,worst_obstruction_endpoint_distance,30.161772645055848,122.80049743652324,True,,端点最大距离且全时段按遮挡计损仍满足双向预算
T004,下降,1856.654423319988,1875.6944896448576,直连,,290,PASS,worst_obstruction_endpoint_distance,34.42138005012991,75.20033162434902,True,,端点最大距离且全时段按遮挡计损仍满足双向预算
T004,下降,1875.6944896448576,1894.7345559697276,直连,,291,PASS,worst_obstruction_endpoint_distance,43.127541342509744,27.600165812174765,True,,端点最大距离且全时段按遮挡计损仍满足双向预算
T005,爬升,412.0,428.5528912353516,直连,,292,PASS,worst_obstruction_endpoint_distance,45.34471600699308,21.38222808837895,True,,端点最大距离且全时段按遮挡计损仍满足双向预算
T005,爬升,428.5528912353516,445.1057824707032,直连,,293,PASS,worst_obstruction_endpoint_distance,35.99149976120049,62.76445617675802,True,,端点最大距离且全时段按遮挡计损仍满足双向预算
T005,爬升,445.1057824707032,461.65867370605486,直连,,294,PASS,worst_obstruction_endpoint_distance,31.592866209766527,104.14668426513711,True,,端点最大距离且全时段按遮挡计损仍满足双向预算
T005,爬升,461.65867370605486,478.21156494140644,直连,,295,PASS,worst_obstruction_endpoint_distance,28.68678949476505,145.52891235351603,True,,端点最大距离且全时段按遮挡计损仍满足双向预算
T005,巡航,478.21156494140644,497.2287276733136,直连,,296,PASS,worst_obstruction_endpoint_distance,21.836398531290612,320.2350261363581,True,,端点最大距离且全时段按遮挡计损仍满足双向预算
T005,巡航,497.2287276733136,516.2458904052207,直连,,297,PASS,worst_obstruction_endpoint_distance,16.546663988902537,588.7834023351405,True,,端点最大距离且全时段按遮挡计损仍满足双向预算
T005,巡航,516.2458904052207,535.2630531371278,直连,,298,PASS,worst_obstruction_endpoint_distance,13.174798895214863,868.0581392014765,True,,端点最大距离且全时段按遮挡计损仍满足双向预算
T005,巡航,535.2630531371278,554.2802158690349,直连,,299,PASS,worst_obstruction_endpoint_distance,10.729757922473041,1150.2728313183097,True,,端点最大距离且全时段按遮挡计损仍满足双向预算
T005,巡航,554.2802158690349,573.2973786009421,直连,,300,PASS,worst_obstruction_endpoint_distance,8.816655594821057,1433.6923851274319,True,,端点最大距离且全时段按遮挡计损仍满足双向预算
T005,巡航,573.2973786009421,592.3145413328492,直连,,301,PASS,worst_obstruction_endpoint_distance,7.246725157142279,1717.7205067016116,True,,端点最大距离且全时段按遮挡计损仍满足双向预算
T005,巡航,592.3145413328492,611.3317040647564,直连,,302,PASS,worst_obstruction_endpoint_distance,5.916067623284519,2002.0982089747577,True,,端点最大距离且全时段按遮挡计损仍满足双向预算
T005,巡航,611.3317040647564,630.3488667966635,直连,,303,PASS,worst_obstruction_endpoint_distance,4.761610048728812,2286.6950721260782,True,,端点最大距离且全时段按遮挡计损仍满足双向预算
T005,巡航,630.3488667966635,649.3660295285706,直连,,304,PASS,worst_obstruction_endpoint_distance,3.7422529026328704,2571.4383295456846,True,,端点最大距离且全时段按遮挡计损仍满足双向预算
T005,巡航,649.3660295285706,668.3831922604777,直连,,305,PASS,worst_obstruction_endpoint_distance,2.829746817360757,2856.284199392131,True,,端点最大距离且全时段按遮挡计损仍满足双向预算
T005,巡航,668.3831922604777,687.4003549923849,直连,,306,PASS,worst_obstruction_endpoint_distance,2.003850208797573,3141.204766965233,True,,端点最大距离且全时段按遮挡计损仍满足双向预算
T005,巡航,687.4003549923849,706.417517724292,直连,,307,PASS,worst_obstruction_endpoint_distance,1.2495681126698628,3426.1813967707103,True,,端点最大距离且全时段按遮挡计损仍满足双向预算
T005,巡航,706.417517724292,725.4346804561992,直连,,308,PASS,worst_obstruction_endpoint_distance,0.5554852276978011,3711.20117407028,True,,端点最大距离且全时段按遮挡计损仍满足双向预算
T005,巡航,725.4346804561992,744.4518431881063,中继,R001,309,PASS,worst_obstruction_endpoint_distance,1.0826492244121937,1750.476549554645,True,,端点最大距离且全时段按遮挡计损仍满足双向预算
T005,巡航,744.4518431881063,763.4690059200134,中继,R001,310,PASS,worst_obstruction_endpoint_distance,2.627258519793102,1465.2975798126802,True,,端点最大距离且全时段按遮挡计损仍满足双向预算
T005,巡航,763.4690059200134,782.4861686519205,中继,R001,311,PASS,worst_obstruction_endpoint_distance,4.506982815151915,1180.1565402670476,True,,端点最大距离且全时段按遮挡计损仍满足双向预算
T005,巡航,782.4861686519205,801.5033313838277,中继,R001,312,PASS,worst_obstruction_endpoint_distance,6.908444158041945,895.0896809442007,True,,端点最大距离且全时段按遮挡计损仍满足双向预算
T005,巡航,801.5033313838277,820.5204941157349,中继,R001,313,PASS,worst_obstruction_endpoint_distance,10.236317224428007,610.2009747603922,True,,端点最大距离且全时段按遮挡计损仍满足双向预算
T005,巡航,820.5204941157349,839.537656847642,中继,R002,314,PASS,worst_obstruction_endpoint_distance,1.001908884717949,1766.8240980527955,True,,端点最大距离且全时段按遮挡计损仍满足双向预算
T005,巡航,839.537656847642,858.5548195795491,中继,R002,315,PASS,worst_obstruction_endpoint_distance,0.7227307187954182,1824.5350987692664,True,,端点最大距离且全时段按遮挡计损仍满足双向预算
T005,下降,858.5548195795491,874.362047667928,中继,R002,316,PASS,worst_obstruction_endpoint_distance,0.7150983708654053,1826.1390342629602,True,,端点最大距离且全时段按遮挡计损仍满足双向预算
T005,下降,874.362047667928,890.1692757563069,中继,R002,317,PASS,worst_obstruction_endpoint_distance,0.7048814896830464,1828.2883158723741,True,,端点最大距离且全时段按遮挡计损仍满足双向预算
T005,投送,890.1692757563069,909.5538911409222,中继,R002,318,PASS,exact_point,0.7048814896830464,1828.2883158723741,,,独立计算 DEM 遮挡、自由空间损耗与双向预算
T005,投送,909.5538911409222,928.9385065255376,中继,R002,319,PASS,exact_point,0.7048814896830464,1828.2883158723741,,,独立计算 DEM 遮挡、自由空间损耗与双向预算
T005,投送,928.9385065255376,948.3231219101531,中继,R002,320,PASS,exact_point,0.7048814896830464,1828.2883158723741,,,独立计算 DEM 遮挡、自由空间损耗与双向预算
T005,投送,948.3231219101531,967.7077372947684,中继,R002,321,PASS,exact_point,0.7048814896830464,1828.2883158723741,,,独立计算 DEM 遮挡、自由空间损耗与双向预算
T005,投送,967.7077372947684,987.0923526793838,中继,R002,322,PASS,exact_point,0.7048814896830464,1828.2883158723741,,,独立计算 DEM 遮挡、自由空间损耗与双向预算
T005,投送,987.0923526793838,1006.4769680639992,中继,R002,323,PASS,exact_point,0.7048814896830464,1828.2883158723741,,,独立计算 DEM 遮挡、自由空间损耗与双向预算
T005,投送,1006.4769680639992,1025.8615834486145,中继,R002,324,PASS,exact_point,0.7048814896830464,1828.2883158723741,,,独立计算 DEM 遮挡、自由空间损耗与双向预算
T005,投送,1025.8615834486145,1045.24619883323,中继,R002,325,PASS,exact_point,0.7048814896830464,1828.2883158723741,,,独立计算 DEM 遮挡、自由空间损耗与双向预算
T005,投送,1045.24619883323,1064.6308142178455,中继,R002,326,PASS,exact_point,0.7048814896830464,1828.2883158723741,,,独立计算 DEM 遮挡、自由空间损耗与双向预算
T005,投送,1064.6308142178455,1084.0154296024607,中继,R002,327,PASS,exact_point,0.7048814896830464,1828.2883158723741,,,独立计算 DEM 遮挡、自由空间损耗与双向预算
T005,投送,1084.0154296024607,1103.4000449870762,中继,R002,328,PASS,exact_point,0.7048814896830464,1828.2883158723741,,,独立计算 DEM 遮挡、自由空间损耗与双向预算
T005,投送,1103.4000449870762,1122.7846603716914,中继,R002,329,PASS,exact_point,0.7048814896830464,1828.2883158723741,,,独立计算 DEM 遮挡、自由空间损耗与双向预算
T005,投送,1122.7846603716914,1142.169275756307,中继,R002,330,PASS,exact_point,0.7048814896830464,1828.2883158723741,,,独立计算 DEM 遮挡、自由空间损耗与双向预算
T005,爬升,1142.169275756307,1154.81505822701,中继,R002,331,PASS,worst_obstruction_endpoint_distance,0.7048814896830464,1828.2883158723741,True,,端点最大距离且全时段按遮挡计损仍满足双向预算
T005,爬升,1154.81505822701,1167.4608406977131,中继,R002,332,PASS,worst_obstruction_endpoint_distance,0.7150983708654053,1826.1390342629602,True,,端点最大距离且全时段按遮挡计损仍满足双向预算
T005,巡航,1167.4608406977131,1186.4780034296202,中继,R002,333,PASS,worst_obstruction_endpoint_distance,0.7227307187954182,1824.5350987692664,True,,端点最大距离且全时段按遮挡计损仍满足双向预算
T005,巡航,1186.4780034296202,1205.4951661615273,中继,R002,334,PASS,worst_obstruction_endpoint_distance,1.001908884717949,1766.8240980527955,True,,端点最大距离且全时段按遮挡计损仍满足双向预算
T005,巡航,1205.4951661615273,1224.5123288934346,中继,R002,335,PASS,worst_obstruction_endpoint_distance,0.9005549694705337,1787.5615717791145,True,,端点最大距离且全时段按遮挡计损仍满足双向预算
T005,巡航,1224.5123288934346,1243.5294916253417,中继,R002,336,PASS,worst_obstruction_endpoint_distance,0.5345448573881413,1864.4962551646481,True,,端点最大距离且全时段按遮挡计损仍满足双向预算
T005,巡航,1243.5294916253417,1262.5466543572488,中继,R002,337,PASS,worst_obstruction_endpoint_distance,0.012848229143784806,1979.914092432215,True,,端点最大距离且全时段按遮挡计损仍满足双向预算
T005,巡航,1262.5466543572488,1281.563817089156,中继,R001,338,PASS,worst_obstruction_endpoint_distance,2.627258519793102,1465.2975798126802,True,,端点最大距离且全时段按遮挡计损仍满足双向预算
T005,巡航,1281.563817089156,1300.580979821063,中继,R001,339,PASS,worst_obstruction_endpoint_distance,1.0826492244121937,1750.476549554645,True,,端点最大距离且全时段按遮挡计损仍满足双向预算
T005,巡航,1300.580979821063,1319.5981425529703,直连,,340,PASS,worst_obstruction_endpoint_distance,0.5554852276978011,3711.20117407028,True,,端点最大距离且全时段按遮挡计损仍满足双向预算
T005,巡航,1319.5981425529703,1338.6153052848774,直连,,341,PASS,worst_obstruction_endpoint_distance,1.2495681126698628,3426.1813967707103,True,,端点最大距离且全时段按遮挡计损仍满足双向预算
T005,巡航,1338.6153052848774,1357.6324680167845,直连,,342,PASS,worst_obstruction_endpoint_distance,2.003850208797573,3141.204766965233,True,,端点最大距离且全时段按遮挡计损仍满足双向预算
T005,巡航,1357.6324680167845,1376.6496307486916,直连,,343,PASS,worst_obstruction_endpoint_distance,2.829746817360757,2856.284199392131,True,,端点最大距离且全时段按遮挡计损仍满足双向预算
T005,巡航,1376.6496307486916,1395.6667934805987,直连,,344,PASS,worst_obstruction_endpoint_distance,3.7422529026328704,2571.4383295456846,True,,端点最大距离且全时段按遮挡计损仍满足双向预算
T005,巡航,1395.6667934805987,1414.683956212506,直连,,345,PASS,worst_obstruction_endpoint_distance,4.761610048728812,2286.6950721260782,True,,端点最大距离且全时段按遮挡计损仍满足双向预算
T005,巡航,1414.683956212506,1433.701118944413,直连,,346,PASS,worst_obstruction_endpoint_distance,5.916067623284519,2002.0982089747577,True,,端点最大距离且全时段按遮挡计损仍满足双向预算
T005,巡航,1433.701118944413,1452.7182816763202,直连,,347,PASS,worst_obstruction_endpoint_distance,7.246725157142279,1717.7205067016116,True,,端点最大距离且全时段按遮挡计损仍满足双向预算
T005,巡航,1452.7182816763202,1471.7354444082273,直连,,348,PASS,worst_obstruction_endpoint_distance,8.816655594821057,1433.6923851274319,True,,端点最大距离且全时段按遮挡计损仍满足双向预算
T005,巡航,1471.7354444082273,1490.7526071401344,直连,,349,PASS,worst_obstruction_endpoint_distance,10.729757922473041,1150.2728313183097,True,,端点最大距离且全时段按遮挡计损仍满足双向预算
T005,巡航,1490.7526071401344,1509.7697698720417,直连,,350,PASS,worst_obstruction_endpoint_distance,13.174798895214863,868.0581392014765,True,,端点最大距离且全时段按遮挡计损仍满足双向预算
T005,巡航,1509.7697698720417,1528.7869326039488,直连,,351,PASS,worst_obstruction_endpoint_distance,16.546663988902537,588.7834023351405,True,,端点最大距离且全时段按遮挡计损仍满足双向预算
T005,巡航,1528.7869326039488,1547.804095335856,直连,,352,PASS,worst_obstruction_endpoint_distance,21.836398531290612,320.2350261363581,True,,端点最大距离且全时段按遮挡计损仍满足双向预算
T005,下降,1547.804095335856,1564.3569865712075,直连,,353,PASS,worst_obstruction_endpoint_distance,28.68678949476505,145.52891235351603,True,,端点最大距离且全时段按遮挡计损仍满足双向预算
T005,下降,1564.3569865712075,1580.909877806559,直连,,354,PASS,worst_obstruction_endpoint_distance,30.928661726328315,112.42312988281282,True,,端点最大距离且全时段按遮挡计损仍满足双向预算
T005,下降,1580.909877806559,1597.4627690419106,直连,,355,PASS,worst_obstruction_endpoint_distance,33.95841153002604,79.3173474121096,True,,端点最大距离且全时段按遮挡计损仍满足双向预算
T005,下降,1597.4627690419106,1614.0156602772622,直连,,356,PASS,worst_obstruction_endpoint_distance,38.65076164524915,46.211564941406436,True,,端点最大距离且全时段按遮挡计损仍满足双向预算
T005,下降,1614.0156602772622,1630.5685515126138,直连,,357,PASS,worst_obstruction_endpoint_distance,45.92517525248826,20.0,True,,端点最大距离且全时段按遮挡计损仍满足双向预算
T006,爬升,387.0,405.3921013726129,直连,,358,PASS,worst_obstruction_endpoint_distance,41.02077101907942,35.176304117838754,True,,端点最大距离且全时段按遮挡计损仍满足双向预算
T006,爬升,405.3921013726129,423.78420274522574,直连,,359,PASS,worst_obstruction_endpoint_distance,32.82696128604417,90.35260823567731,True,,端点最大距离且全时段按遮挡计损仍满足双向预算
T006,爬升,423.78420274522574,442.17630411783864,直连,,360,PASS,worst_obstruction_endpoint_distance,28.68678949476505,145.52891235351603,True,,端点最大距离且全时段按遮挡计损仍满足双向预算
T006,巡航,442.17630411783864,461.1934668497458,直连,,361,PASS,worst_obstruction_endpoint_distance,21.836398531290612,320.2350261363581,True,,端点最大距离且全时段按遮挡计损仍满足双向预算
T006,巡航,461.1934668497458,480.2106295816529,直连,,362,PASS,worst_obstruction_endpoint_distance,16.546663988902537,588.7834023351405,True,,端点最大距离且全时段按遮挡计损仍满足双向预算
T006,巡航,480.2106295816529,499.22779231356003,直连,,363,PASS,worst_obstruction_endpoint_distance,13.174798895214863,868.0581392014765,True,,端点最大距离且全时段按遮挡计损仍满足双向预算
T006,巡航,499.22779231356003,518.2449550454671,直连,,364,PASS,worst_obstruction_endpoint_distance,10.729757922473041,1150.2728313183097,True,,端点最大距离且全时段按遮挡计损仍满足双向预算
T006,巡航,518.2449550454671,537.2621177773743,直连,,365,PASS,worst_obstruction_endpoint_distance,8.816655594821057,1433.6923851274319,True,,端点最大距离且全时段按遮挡计损仍满足双向预算
T006,巡航,537.2621177773743,556.2792805092814,直连,,366,PASS,worst_obstruction_endpoint_distance,7.246725157142279,1717.7205067016116,True,,端点最大距离且全时段按遮挡计损仍满足双向预算
T006,巡航,556.2792805092814,575.2964432411886,直连,,367,PASS,worst_obstruction_endpoint_distance,5.916067623284519,2002.0982089747577,True,,端点最大距离且全时段按遮挡计损仍满足双向预算
T006,巡航,575.2964432411886,594.3136059730957,直连,,368,PASS,worst_obstruction_endpoint_distance,4.761610048728812,2286.6950721260782,True,,端点最大距离且全时段按遮挡计损仍满足双向预算
T006,巡航,594.3136059730957,613.3307687050028,直连,,369,PASS,worst_obstruction_endpoint_distance,3.7422529026328704,2571.4383295456846,True,,端点最大距离且全时段按遮挡计损仍满足双向预算
T006,巡航,613.3307687050028,632.3479314369099,直连,,370,PASS,worst_obstruction_endpoint_distance,2.829746817360757,2856.284199392131,True,,端点最大距离且全时段按遮挡计损仍满足双向预算
T006,巡航,632.3479314369099,651.3650941688171,直连,,371,PASS,worst_obstruction_endpoint_distance,2.003850208797573,3141.204766965233,True,,端点最大距离且全时段按遮挡计损仍满足双向预算
T006,巡航,651.3650941688171,670.3822569007242,直连,,372,PASS,worst_obstruction_endpoint_distance,1.2495681126698628,3426.1813967707103,True,,端点最大距离且全时段按遮挡计损仍满足双向预算
T006,巡航,670.3822569007242,689.3994196326314,直连,,373,PASS,worst_obstruction_endpoint_distance,0.5554852276978011,3711.20117407028,True,,端点最大距离且全时段按遮挡计损仍满足双向预算
T006,巡航,689.3994196326314,708.4165823645385,中继,R001,374,PASS,worst_obstruction_endpoint_distance,1.0826492244121937,1750.476549554645,True,,端点最大距离且全时段按遮挡计损仍满足双向预算
T006,巡航,708.4165823645385,727.4337450964456,中继,R001,375,PASS,worst_obstruction_endpoint_distance,2.627258519793102,1465.2975798126802,True,,端点最大距离且全时段按遮挡计损仍满足双向预算
T006,巡航,727.4337450964456,746.4509078283527,中继,R001,376,PASS,worst_obstruction_endpoint_distance,4.506982815151915,1180.1565402670476,True,,端点最大距离且全时段按遮挡计损仍满足双向预算
T006,巡航,746.4509078283527,765.4680705602599,中继,R001,377,PASS,worst_obstruction_endpoint_distance,6.908444158041945,895.0896809442007,True,,端点最大距离且全时段按遮挡计损仍满足双向预算
T006,巡航,765.4680705602599,784.4852332921671,中继,R001,378,PASS,worst_obstruction_endpoint_distance,10.236317224428007,610.2009747603922,True,,端点最大距离且全时段按遮挡计损仍满足双向预算
T006,巡航,784.4852332921671,803.5023960240742,中继,R001,379,PASS,worst_obstruction_endpoint_distance,15.682545557046382,325.9578769273874,True,,端点最大距离且全时段按遮挡计损仍满足双向预算
T006,巡航,803.5023960240742,822.5195587559813,中继,R001,380,PASS,worst_obstruction_endpoint_distance,18.001870807399882,249.57163139740678,True,,端点最大距离且全时段按遮挡计损仍满足双向预算
T006,下降,822.5195587559813,835.1653412266844,中继,R001,381,PASS,worst_obstruction_endpoint_distance,18.001870807399882,249.57163139740678,True,,端点最大距离且全时段按遮挡计损仍满足双向预算
T006,下降,835.1653412266844,847.8111236973876,中继,R001,382,PASS,worst_obstruction_endpoint_distance,17.88703216847678,252.8931988527141,True,,端点最大距离且全时段按遮挡计损仍满足双向预算
T006,投送,847.8111236973876,867.8111236973876,中继,R001,383,PASS,exact_point,27.88703216847678,252.8931988527141,,,独立计算 DEM 遮挡、自由空间损耗与双向预算
T006,投送,867.8111236973876,887.8111236973876,中继,R001,384,PASS,exact_point,27.88703216847678,252.8931988527141,,,独立计算 DEM 遮挡、自由空间损耗与双向预算
T006,投送,887.8111236973876,907.8111236973876,中继,R001,385,PASS,exact_point,27.88703216847678,252.8931988527141,,,独立计算 DEM 遮挡、自由空间损耗与双向预算
T006,投送,907.8111236973876,927.8111236973876,中继,R001,386,PASS,exact_point,27.88703216847678,252.8931988527141,,,独立计算 DEM 遮挡、自由空间损耗与双向预算
T006,投送,927.8111236973876,947.8111236973876,中继,R001,387,PASS,exact_point,27.88703216847678,252.8931988527141,,,独立计算 DEM 遮挡、自由空间损耗与双向预算
T006,投送,947.8111236973876,967.8111236973876,中继,R001,388,PASS,exact_point,27.88703216847678,252.8931988527141,,,独立计算 DEM 遮挡、自由空间损耗与双向预算
T006,投送,967.8111236973876,987.8111236973876,中继,R001,389,PASS,exact_point,27.88703216847678,252.8931988527141,,,独立计算 DEM 遮挡、自由空间损耗与双向预算
T006,投送,987.8111236973876,1007.8111236973876,中继,R001,390,PASS,exact_point,27.88703216847678,252.8931988527141,,,独立计算 DEM 遮挡、自由空间损耗与双向预算
T006,投送,1007.8111236973876,1027.8111236973878,中继,R001,391,PASS,exact_point,27.88703216847678,252.8931988527141,,,独立计算 DEM 遮挡、自由空间损耗与双向预算
T006,爬升,1027.8111236973875,1038.3492757563067,中继,R001,392,PASS,worst_obstruction_endpoint_distance,17.88703216847678,252.8931988527141,True,,端点最大距离且全时段按遮挡计损仍满足双向预算
T006,爬升,1038.3492757563067,1048.8874278152261,中继,R001,393,PASS,worst_obstruction_endpoint_distance,18.001870807399882,249.57163139740678,True,,端点最大距离且全时段按遮挡计损仍满足双向预算
T006,巡航,1048.8874278152261,1067.904590547133,中继,R001,394,PASS,worst_obstruction_endpoint_distance,18.001870807399882,249.57163139740678,True,,端点最大距离且全时段按遮挡计损仍满足双向预算
T006,巡航,1067.904590547133,1086.9217532790403,中继,R001,395,PASS,worst_obstruction_endpoint_distance,15.682545557046382,325.9578769273874,True,,端点最大距离且全时段按遮挡计损仍满足双向预算
T006,巡航,1086.9217532790403,1105.9389160109474,中继,R001,396,PASS,worst_obstruction_endpoint_distance,10.236317224428007,610.2009747603922,True,,端点最大距离且全时段按遮挡计损仍满足双向预算
T006,巡航,1105.9389160109474,1124.9560787428545,中继,R001,397,PASS,worst_obstruction_endpoint_distance,6.908444158041945,895.0896809442007,True,,端点最大距离且全时段按遮挡计损仍满足双向预算
T006,巡航,1124.9560787428545,1143.9732414747616,中继,R001,398,PASS,worst_obstruction_endpoint_distance,4.506982815151915,1180.1565402670476,True,,端点最大距离且全时段按遮挡计损仍满足双向预算
T006,巡航,1143.9732414747616,1162.9904042066687,中继,R001,399,PASS,worst_obstruction_endpoint_distance,2.627258519793102,1465.2975798126802,True,,端点最大距离且全时段按遮挡计损仍满足双向预算
T006,巡航,1162.9904042066687,1182.007566938576,中继,R001,400,PASS,worst_obstruction_endpoint_distance,1.0826492244121937,1750.476549554645,True,,端点最大距离且全时段按遮挡计损仍满足双向预算
T006,巡航,1182.007566938576,1201.024729670483,直连,,401,PASS,worst_obstruction_endpoint_distance,0.5554852276978011,3711.20117407028,True,,端点最大距离且全时段按遮挡计损仍满足双向预算
T006,巡航,1201.024729670483,1220.0418924023902,直连,,402,PASS,worst_obstruction_endpoint_distance,1.2495681126698628,3426.1813967707103,True,,端点最大距离且全时段按遮挡计损仍满足双向预算
T006,巡航,1220.0418924023902,1239.0590551342973,直连,,403,PASS,worst_obstruction_endpoint_distance,2.003850208797573,3141.204766965233,True,,端点最大距离且全时段按遮挡计损仍满足双向预算
T006,巡航,1239.0590551342973,1258.0762178662044,直连,,404,PASS,worst_obstruction_endpoint_distance,2.829746817360757,2856.284199392131,True,,端点最大距离且全时段按遮挡计损仍满足双向预算
T006,巡航,1258.0762178662044,1277.0933805981117,直连,,405,PASS,worst_obstruction_endpoint_distance,3.7422529026328704,2571.4383295456846,True,,端点最大距离且全时段按遮挡计损仍满足双向预算
T006,巡航,1277.0933805981117,1296.1105433300188,直连,,406,PASS,worst_obstruction_endpoint_distance,4.761610048728812,2286.6950721260782,True,,端点最大距离且全时段按遮挡计损仍满足双向预算
T006,巡航,1296.1105433300188,1315.127706061926,直连,,407,PASS,worst_obstruction_endpoint_distance,5.916067623284519,2002.0982089747577,True,,端点最大距离且全时段按遮挡计损仍满足双向预算
T006,巡航,1315.127706061926,1334.144868793833,直连,,408,PASS,worst_obstruction_endpoint_distance,7.246725157142279,1717.7205067016116,True,,端点最大距离且全时段按遮挡计损仍满足双向预算
T006,巡航,1334.144868793833,1353.16203152574,直连,,409,PASS,worst_obstruction_endpoint_distance,8.816655594821057,1433.6923851274319,True,,端点最大距离且全时段按遮挡计损仍满足双向预算
T006,巡航,1353.16203152574,1372.1791942576474,直连,,410,PASS,worst_obstruction_endpoint_distance,10.729757922473041,1150.2728313183097,True,,端点最大距离且全时段按遮挡计损仍满足双向预算
T006,巡航,1372.1791942576474,1391.1963569895545,直连,,411,PASS,worst_obstruction_endpoint_distance,13.174798895214863,868.0581392014765,True,,端点最大距离且全时段按遮挡计损仍满足双向预算
T006,巡航,1391.1963569895545,1410.2135197214616,直连,,412,PASS,worst_obstruction_endpoint_distance,16.546663988902537,588.7834023351405,True,,端点最大距离且全时段按遮挡计损仍满足双向预算
T006,巡航,1410.2135197214616,1429.2306824533687,直连,,413,PASS,worst_obstruction_endpoint_distance,21.836398531290612,320.2350261363581,True,,端点最大距离且全时段按遮挡计损仍满足双向预算
T006,下降,1429.2306824533687,1445.7835736887203,直连,,414,PASS,worst_obstruction_endpoint_distance,28.68678949476505,145.52891235351603,True,,端点最大距离且全时段按遮挡计损仍满足双向预算
T006,下降,1445.7835736887203,1462.336464924072,直连,,415,PASS,worst_obstruction_endpoint_distance,31.592866209766527,104.14668426513717,True,,端点最大距离且全时段按遮挡计损仍满足双向预算
T006,下降,1462.336464924072,1478.8893561594236,直连,,416,PASS,worst_obstruction_endpoint_distance,35.991499761200544,62.76445617675773,True,,端点最大距离且全时段按遮挡计损仍满足双向预算
T006,下降,1478.8893561594236,1495.4422473947752,直连,,417,PASS,worst_obstruction_endpoint_distance,45.34471600699311,21.382228088378866,True,,端点最大距离且全时段按遮挡计损仍满足双向预算
T007,爬升,1856.0,1875.8664866129557,直连,,418,PASS,worst_obstruction_endpoint_distance,39.99198992735835,39.59945983886692,True,,端点最大距离且全时段按遮挡计损仍满足双向预算
T007,爬升,1875.8664866129557,1895.7329732259116,直连,,419,PASS,worst_obstruction_endpoint_distance,32.015636315537805,99.19891967773452,True,,端点最大距离且全时段按遮挡计损仍满足双向预算
T007,爬升,1895.7329732259116,1915.5994598388672,直连,,420,PASS,worst_obstruction_endpoint_distance,27.928853840040645,158.79837951660141,True,,端点最大距离且全时段按遮挡计损仍满足双向预算
T007,爬升,1915.5994598388672,1935.4659464518231,直连,,421,PASS,worst_obstruction_endpoint_distance,25.160808415575318,218.397839355469,True,,端点最大距离且全时段按遮挡计损仍满足双向预算
T007,巡航,1935.4659464518231,1954.7765562291195,直连,,422,PASS,worst_obstruction_endpoint_distance,20.75321503615335,362.7671946009024,True,,端点最大距离且全时段按遮挡计损仍满足双向预算
T007,巡航,1954.7765562291195,1974.087166006416,直连,,423,PASS,worst_obstruction_endpoint_distance,16.110304248345813,619.1181641730701,True,,端点最大距离且全时段按遮挡计损仍满足双向预算
T007,巡航,1974.087166006416,1993.3977757837124,直连,,424,PASS,worst_obstruction_endpoint_distance,12.899596539617463,896.001901463605,True,,端点最大距离且全时段按遮挡计损仍满足双向预算
T007,巡航,1993.3977757837124,2012.708385561009,直连,,425,PASS,worst_obstruction_endpoint_distance,10.515201150199815,1179.0404387173653,True,,端点最大距离且全时段按遮挡计损仍满足双向预算
T007,巡航,2012.708385561009,2032.0189953383056,直连,,426,PASS,worst_obstruction_endpoint_distance,8.63097956554033,1464.6699789789309,True,,端点最大距离且全时段按遮挡计损仍满足双向预算
T007,巡航,2032.0189953383056,2051.329605115602,直连,,427,PASS,worst_obstruction_endpoint_distance,7.076960051876313,1751.623470098632,True,,端点最大距离且全时段按遮挡计损仍满足双向预算
T007,巡航,2051.329605115602,2070.6402148928983,直连,,428,PASS,worst_obstruction_endpoint_distance,5.755973409622868,2039.3421138116032,True,,端点最大距离且全时段按遮挡计损仍满足双向预算
T007,巡航,2070.6402148928983,2089.950824670195,直连,,429,PASS,worst_obstruction_endpoint_distance,4.607823983663508,2327.5421748741096,True,,端点最大距离且全时段按遮挡计损仍满足双向预算
T007,巡航,2089.950824670195,2109.2614344474914,直连,,430,PASS,worst_obstruction_endpoint_distance,3.592806045813731,2616.064551374272,True,,端点最大距离且全时段按遮挡计损仍满足双向预算
T007,巡航,2109.2614344474914,2128.572044224788,直连,,431,PASS,worst_obstruction_endpoint_distance,2.6834109702721207,2904.813202356247,True,,端点最大距离且全时段按遮挡计损仍满足双向预算
T007,巡航,2128.572044224788,2147.8826540020846,直连,,432,PASS,worst_obstruction_endpoint_distance,1.8598200342751454,3193.726755171166,True,,端点最大距离且全时段按遮挡计损仍满足双向预算
T007,下降,2147.8826540020846,2158.142221873178,直连,,433,PASS,worst_obstruction_endpoint_distance,1.8598200342751454,3193.726755171166,True,,端点最大距离且全时段按遮挡计损仍满足双向预算
T007,下降,2158.142221873178,2168.401789744272,直连,,434,PASS,worst_obstruction_endpoint_distance,1.8643124438889203,3192.075361970319,True,,端点最大距离且全时段按遮挡计损仍满足双向预算
T007,投送,2168.401789744272,2187.492698835181,直连,,435,PASS,exact_point,1.8682481629573715,3190.6293079047914,,,独立计算 DEM 遮挡、自由空间损耗与双向预算
T007,投送,2187.492698835181,2206.58360792609,直连,,436,PASS,exact_point,1.8682481629573715,3190.6293079047914,,,独立计算 DEM 遮挡、自由空间损耗与双向预算
T007,投送,2206.58360792609,2225.674517016999,直连,,437,PASS,exact_point,1.8682481629573715,3190.6293079047914,,,独立计算 DEM 遮挡、自由空间损耗与双向预算
T007,投送,2225.674517016999,2244.7654261079083,直连,,438,PASS,exact_point,1.8682481629573715,3190.6293079047914,,,独立计算 DEM 遮挡、自由空间损耗与双向预算
T007,投送,2244.7654261079083,2263.8563351988173,直连,,439,PASS,exact_point,1.8682481629573715,3190.6293079047914,,,独立计算 DEM 遮挡、自由空间损耗与双向预算
T007,投送,2263.8563351988173,2282.9472442897263,直连,,440,PASS,exact_point,1.8682481629573715,3190.6293079047914,,,独立计算 DEM 遮挡、自由空间损耗与双向预算
T007,投送,2282.9472442897263,2302.0381533806353,直连,,441,PASS,exact_point,1.8682481629573715,3190.6293079047914,,,独立计算 DEM 遮挡、自由空间损耗与双向预算
T007,投送,2302.0381533806353,2321.129062471545,直连,,442,PASS,exact_point,1.8682481629573715,3190.6293079047914,,,独立计算 DEM 遮挡、自由空间损耗与双向预算
T007,投送,2321.129062471545,2340.219971562454,直连,,443,PASS,exact_point,1.8682481629573715,3190.6293079047914,,,独立计算 DEM 遮挡、自由空间损耗与双向预算
T007,投送,2340.219971562454,2359.310880653363,直连,,444,PASS,exact_point,1.8682481629573715,3190.6293079047914,,,独立计算 DEM 遮挡、自由空间损耗与双向预算
T007,投送,2359.310880653363,2378.401789744272,直连,,445,PASS,exact_point,1.8682481629573715,3190.6293079047914,,,独立计算 DEM 遮挡、自由空间损耗与双向预算
T007,爬升,2378.401789744272,2395.501069529428,直连,,446,PASS,worst_obstruction_endpoint_distance,1.8598200342751454,3193.726755171166,True,,端点最大距离且全时段按遮挡计损仍满足双向预算
T007,巡航,2395.501069529428,2414.8116793067247,直连,,447,PASS,worst_obstruction_endpoint_distance,1.8598200342751454,3193.726755171166,True,,端点最大距离且全时段按遮挡计损仍满足双向预算
T007,巡航,2414.8116793067247,2434.122289084021,直连,,448,PASS,worst_obstruction_endpoint_distance,2.6834109702721207,2904.813202356247,True,,端点最大距离且全时段按遮挡计损仍满足双向预算
T007,巡航,2434.122289084021,2453.4328988613174,直连,,449,PASS,worst_obstruction_endpoint_distance,3.592806045813731,2616.064551374272,True,,端点最大距离且全时段按遮挡计损仍满足双向预算
T007,巡航,2453.4328988613174,2472.743508638614,直连,,450,PASS,worst_obstruction_endpoint_distance,4.60782398366328,2327.542174874168,True,,端点最大距离且全时段按遮挡计损仍满足双向预算
T007,巡航,2472.743508638614,2492.0541184159106,直连,,451,PASS,worst_obstruction_endpoint_distance,5.755973409622868,2039.3421138116032,True,,端点最大距离且全时段按遮挡计损仍满足双向预算
T007,巡航,2492.0541184159106,2511.364728193207,直连,,452,PASS,worst_obstruction_endpoint_distance,7.076960051876313,1751.623470098632,True,,端点最大距离且全时段按遮挡计损仍满足双向预算
T007,巡航,2511.364728193207,2530.6753379705033,直连,,453,PASS,worst_obstruction_endpoint_distance,8.63097956554033,1464.6699789789309,True,,端点最大距离且全时段按遮挡计损仍满足双向预算
T007,巡航,2530.6753379705033,2549.9859477478,直连,,454,PASS,worst_obstruction_endpoint_distance,10.515201150199815,1179.0404387173653,True,,端点最大距离且全时段按遮挡计损仍满足双向预算
T007,巡航,2549.9859477478,2569.2965575250964,直连,,455,PASS,worst_obstruction_endpoint_distance,12.899596539616908,896.0019014636614,True,,端点最大距离且全时段按遮挡计损仍满足双向预算
T007,巡航,2569.2965575250964,2588.607167302393,直连,,456,PASS,worst_obstruction_endpoint_distance,16.110304248345813,619.1181641730701,True,,端点最大距离且全时段按遮挡计损仍满足双向预算
T007,巡航,2588.607167302393,2607.9177770796896,直连,,457,PASS,worst_obstruction_endpoint_distance,20.75321503615335,362.7671946009024,True,,端点最大距离且全时段按遮挡计损仍满足双向预算
T007,下降,2607.9177770796896,2626.989604228127,直连,,458,PASS,worst_obstruction_endpoint_distance,25.160808415575318,218.397839355469,True,,端点最大距离且全时段按遮挡计损仍满足双向预算
T007,下降,2626.989604228127,2646.0614313765645,直连,,459,PASS,worst_obstruction_endpoint_distance,27.30017506799763,170.71827148437518,True,,端点最大距离且全时段按遮挡计损仍满足双向预算
T007,下降,2646.0614313765645,2665.133258525002,直连,,460,PASS,worst_obstruction_endpoint_distance,30.14494023426778,123.03870361328137,True,,端点最大距离且全时段按遮挡计损仍满足双向预算
T007,下降,2665.133258525002,2684.2050856734395,直连,,461,PASS,worst_obstruction_endpoint_distance,34.403056983805854,75.35913574218759,True,,端点最大距离且全时段按遮挡计损仍满足双向预算
T007,下降,2684.2050856734395,2703.276912821877,直连,,462,PASS,worst_obstruction_endpoint_distance,43.1025890517096,27.67956787109378,True,,端点最大距离且全时段按遮挡计损仍满足双向预算
T008,爬升,2373.0,2392.3436411539715,直连,,463,PASS,worst_obstruction_endpoint_distance,40.343037745338265,38.03092346191437,True,,端点最大距离且全时段按遮挡计损仍满足双向预算
T008,爬升,2392.3436411539715,2411.687282307943,直连,,464,PASS,worst_obstruction_endpoint_distance,32.29475651968478,96.06184692382868,True,,端点最大距离且全时段按遮挡计损仍满足双向预算
T008,爬升,2411.687282307943,2431.0309234619144,直连,,465,PASS,worst_obstruction_endpoint_distance,28.190129900190144,154.09277038574305,True,,端点最大距离且全时段按遮挡计损仍满足双向预算
T008,爬升,2431.0309234619144,2450.3745646158854,直连,,466,PASS,worst_obstruction_endpoint_distance,25.41399154248265,212.12369384765606,True,,端点最大距离且全时段按遮挡计损仍满足双向预算
T008,爬升,2450.3745646158854,2469.718205769857,直连,,467,PASS,worst_obstruction_endpoint_distance,23.31352727333625,270.15461730957037,True,,端点最大距离且全时段按遮挡计损仍满足双向预算
T008,爬升,2469.718205769857,2489.0618469238284,直连,,468,PASS,worst_obstruction_endpoint_distance,21.62338630671509,328.18554077148474,True,,端点最大距离且全时段按遮挡计损仍满足双向预算
T008,爬升,2489.0618469238284,2508.4054880778,直连,,469,PASS,worst_obstruction_endpoint_distance,20.209159493456326,386.2164642333991,True,,端点最大距离且全时段按遮挡计损仍满足双向预算
T008,爬升,2508.4054880778,2527.749129231771,直连,,470,PASS,worst_obstruction_endpoint_distance,18.993277511644692,444.24738769531206,True,,端点最大距离且全时段按遮挡计损仍满足双向预算
T008,巡航,2527.749129231771,2547.385253126678,直连,,471,PASS,worst_obstruction_endpoint_distance,17.916649545737883,502.87064096726107,True,,端点最大距离且全时段按遮挡计损仍满足双向预算
T008,巡航,2547.385253126678,2567.0213770215846,直连,,472,PASS,worst_obstruction_endpoint_distance,15.71899076183928,647.6482855415965,True,,端点最大距离且全时段按遮挡计损仍满足双向预算
T008,巡航,2567.0213770215846,2586.6575009164912,直连,,473,PASS,worst_obstruction_endpoint_distance,13.5130486115427,834.9035885230084,True,,端点最大距离且全时段按遮挡计损仍满足双向预算
T008,巡航,2586.6575009164912,2606.2936248113983,直连,,474,PASS,worst_obstruction_endpoint_distance,11.588572854716219,1041.9817573440184,True,,端点最大距离且全时段按遮挡计损仍满足双向预算
T008,巡航,2606.2936248113983,2625.929748706305,直连,,475,PASS,worst_obstruction_endpoint_distance,9.944292824291068,1259.1402794336339,True,,端点最大距离且全时段按遮挡计损仍满足双向预算
T008,巡航,2625.929748706305,2645.5658726012116,直连,,476,PASS,worst_obstruction_endpoint_distance,8.529078472989426,1481.954379895724,True,,端点最大距离且全时段按遮挡计损仍满足双向预算
T008,巡航,2645.5658726012116,2665.201996496118,直连,,477,PASS,worst_obstruction_endpoint_distance,7.294937761347967,1708.2124004460284,True,,端点最大距离且全时段按遮挡计损仍满足双向预算
T008,巡航,2665.201996496118,2684.838120391025,直连,,478,PASS,worst_obstruction_endpoint_distance,6.2044935916322,1936.7076976478331,True,,端点最大距离且全时段按遮挡计损仍满足双向预算
T008,巡航,2684.838120391025,2704.474244285932,直连,,479,PASS,worst_obstruction_endpoint_distance,5.229668880125246,2166.7325832609313,True,,端点最大距离且全时段按遮挡计损仍满足双向预算
T008,巡航,2704.474244285932,2724.1103681808386,直连,,480,PASS,worst_obstruction_endpoint_distance,4.349346163073591,2397.8468985208874,True,,端点最大距离且全时段按遮挡计损仍满足双向预算
T008,巡航,2724.1103681808386,2743.746492075745,直连,,481,PASS,worst_obstruction_endpoint_distance,3.547441536545847,2629.763428575528,True,,端点最大距离且全时段按遮挡计损仍满足双向预算
T008,巡航,2743.746492075745,2763.3826159706523,直连,,482,PASS,worst_obstruction_endpoint_distance,2.811511051936634,2862.2871819484435,True,,端点最大距离且全时段按遮挡计损仍满足双向预算
T008,巡航,2763.3826159706523,2783.018739865559,直连,,483,PASS,worst_obstruction_endpoint_distance,2.131772647054248,3095.28131415617,True,,端点最大距离且全时段按遮挡计损仍满足双向预算
T008,巡航,2783.018739865559,2802.6548637604656,直连,,484,PASS,worst_obstruction_endpoint_distance,1.500420209250862,3328.6470518406963,True,,端点最大距离且全时段按遮挡计损仍满足双向预算
T008,巡航,2802.6548637604656,2822.290987655372,直连,,485,PASS,worst_obstruction_endpoint_distance,0.911137638147423,3562.3113645267736,True,,端点最大距离且全时段按遮挡计损仍满足双向预算
T008,巡航,2822.290987655372,2841.927111550279,直连,,486,PASS,worst_obstruction_endpoint_distance,0.35874972363353663,3796.2191190829435,True,,端点最大距离且全时段按遮挡计损仍满足双向预算
T008,巡航,2841.927111550279,2861.5632354451855,中继,R003,487,PASS,worst_obstruction_endpoint_distance,3.266702482514688,1361.299340639569,True,,端点最大距离且全时段按遮挡计损仍满足双向预算
T008,巡航,2861.5632354451855,2881.1993593400925,中继,R003,488,PASS,worst_obstruction_endpoint_distance,3.65634197875049,1301.5823757640605,True,,端点最大距离且全时段按遮挡计损仍满足双向预算
T008,巡航,2881.1993593400925,2900.835483234999,中继,R003,489,PASS,worst_obstruction_endpoint_distance,3.617802891321233,1307.3702970013408,True,,端点最大距离且全时段按遮挡计损仍满足双向预算
T008,巡航,2900.835483234999,2920.4716071299063,中继,R003,490,PASS,worst_obstruction_endpoint_distance,3.196495425185134,1372.3471572420888,True,,端点最大距离且全时段按遮挡计损仍满足双向预算
T008,巡航,2920.4716071299063,2940.107731024813,中继,R003,491,PASS,worst_obstruction_endpoint_distance,2.584175640430118,1472.5836569262096,True,,端点最大距离且全时段按遮挡计损仍满足双向预算
T008,巡航,2940.107731024813,2959.7438549197195,中继,R003,492,PASS,worst_obstruction_endpoint_distance,1.8553843634241076,1601.4727014364303,True,,端点最大距离且全时段按遮挡计损仍满足双向预算
T008,巡航,2959.7438549197195,2979.379978814626,中继,R003,493,PASS,worst_obstruction_endpoint_distance,1.071600826356132,1752.7045616393702,True,,端点最大距离且全时段按遮挡计损仍满足双向预算
T008,下降,2979.379978814626,2998.6557698302513,中继,R003,494,PASS,worst_obstruction_endpoint_distance,1.0686325652298336,1753.3036221923433,True,,端点最大距离且全时段按遮挡计损仍满足双向预算
T008,下降,2998.6557698302513,3017.931560845876,中继,R003,495,PASS,worst_obstruction_endpoint_distance,1.0591142360136558,1755.2260123087,True,,端点最大距离且全时段按遮挡计损仍满足双向预算
T008,下降,3017.931560845876,3037.207351861501,中继,R003,496,PASS,worst_obstruction_endpoint_distance,1.0430887776814899,1758.467391926386,True,,端点最大距离且全时段按遮挡计损仍满足双向预算
T008,下降,3037.207351861501,3056.483142877126,中继,R003,497,PASS,worst_obstruction_endpoint_distance,1.0206279905043374,1763.0204860246654,True,,端点最大距离且全时段按遮挡计损仍满足双向预算
T008,下降,3056.483142877126,3075.758933892751,中继,R003,498,PASS,worst_obstruction_endpoint_distance,0.9918314733706666,1768.8751655523586,True,,端点最大距离且全时段按遮挡计损仍满足双向预算
T008,投送,3075.758933892751,3095.758933892751,中继,R003,499,PASS,exact_point,0.9918314733706666,1768.8751655523586,,,独立计算 DEM 遮挡、自由空间损耗与双向预算
T008,投送,3095.758933892751,3115.758933892751,中继,R003,500,PASS,exact_point,0.9918314733706666,1768.8751655523586,,,独立计算 DEM 遮挡、自由空间损耗与双向预算
T008,投送,3115.758933892751,3135.758933892751,中继,R003,501,PASS,exact_point,0.9918314733706666,1768.8751655523586,,,独立计算 DEM 遮挡、自由空间损耗与双向预算
T008,投送,3135.758933892751,3155.758933892751,中继,R003,502,PASS,exact_point,0.9918314733706666,1768.8751655523586,,,独立计算 DEM 遮挡、自由空间损耗与双向预算
T008,投送,3155.758933892751,3175.758933892751,中继,R003,503,PASS,exact_point,0.9918314733706666,1768.8751655523586,,,独立计算 DEM 遮挡、自由空间损耗与双向预算
T008,投送,3175.758933892751,3195.758933892751,中继,R003,504,PASS,exact_point,0.9918314733706666,1768.8751655523586,,,独立计算 DEM 遮挡、自由空间损耗与双向预算
T008,投送,3195.758933892751,3215.758933892751,中继,R003,505,PASS,exact_point,0.9918314733706666,1768.8751655523586,,,独立计算 DEM 遮挡、自由空间损耗与双向预算
T008,投送,3215.758933892751,3235.758933892751,中继,R003,506,PASS,exact_point,0.9918314733706666,1768.8751655523586,,,独立计算 DEM 遮挡、自由空间损耗与双向预算
T008,投送,3235.758933892751,3255.758933892751,中继,R003,507,PASS,exact_point,0.9918314733706666,1768.8751655523586,,,独立计算 DEM 遮挡、自由空间损耗与双向预算
T008,爬升,3255.758933892751,3271.8220930724383,中继,R003,508,PASS,worst_obstruction_endpoint_distance,0.9918314733706666,1768.8751655523586,True,,端点最大距离且全时段按遮挡计损仍满足双向预算
T008,爬升,3271.8220930724383,3287.8852522521256,中继,R003,509,PASS,worst_obstruction_endpoint_distance,1.0206279905043374,1763.0204860246654,True,,端点最大距离且全时段按遮挡计损仍满足双向预算
T008,爬升,3287.8852522521256,3303.9484114318134,中继,R003,510,PASS,worst_obstruction_endpoint_distance,1.0430887776814899,1758.4673919263862,True,,端点最大距离且全时段按遮挡计损仍满足双向预算
T008,爬升,3303.9484114318134,3320.0115706115007,中继,R003,511,PASS,worst_obstruction_endpoint_distance,1.0591142360136558,1755.2260123087,True,,端点最大距离且全时段按遮挡计损仍满足双向预算
T008,爬升,3320.0115706115007,3336.0747297911885,中继,R003,512,PASS,worst_obstruction_endpoint_distance,1.0686325652298336,1753.3036221923433,True,,端点最大距离且全时段按遮挡计损仍满足双向预算
T008,巡航,3336.0747297911885,3355.710853686095,中继,R003,513,PASS,worst_obstruction_endpoint_distance,1.071600826356132,1752.7045616393702,True,,端点最大距离且全时段按遮挡计损仍满足双向预算
T008,巡航,3355.710853686095,3375.3469775810017,中继,R003,514,PASS,worst_obstruction_endpoint_distance,1.8553843634241076,1601.4727014364303,True,,端点最大距离且全时段按遮挡计损仍满足双向预算
T008,巡航,3375.3469775810017,3394.9831014759084,中继,R003,515,PASS,worst_obstruction_endpoint_distance,2.584175640430118,1472.5836569262096,True,,端点最大距离且全时段按遮挡计损仍满足双向预算
T008,巡航,3394.9831014759084,3414.619225370815,中继,R003,516,PASS,worst_obstruction_endpoint_distance,3.196495425185134,1372.3471572420888,True,,端点最大距离且全时段按遮挡计损仍满足双向预算
T008,巡航,3414.619225370815,3434.2553492657216,中继,R003,517,PASS,worst_obstruction_endpoint_distance,3.6178028913211904,1307.3702970013474,True,,端点最大距离且全时段按遮挡计损仍满足双向预算
T008,巡航,3434.2553492657216,3453.8914731606287,中继,R003,518,PASS,worst_obstruction_endpoint_distance,3.65634197875049,1301.5823757640605,True,,端点最大距离且全时段按遮挡计损仍满足双向预算
T008,巡航,3453.8914731606287,3473.5275970555354,中继,R003,519,PASS,worst_obstruction_endpoint_distance,3.266702482514688,1361.299340639569,True,,端点最大距离且全时段按遮挡计损仍满足双向预算
T008,巡航,3473.5275970555354,3493.1637209504424,直连,,520,PASS,worst_obstruction_endpoint_distance,0.35874972363353663,3796.2191190829435,True,,端点最大距离且全时段按遮挡计损仍满足双向预算
T008,巡航,3493.1637209504424,3512.799844845349,直连,,521,PASS,worst_obstruction_endpoint_distance,0.911137638147423,3562.3113645267736,True,,端点最大距离且全时段按遮挡计损仍满足双向预算
T008,巡航,3512.799844845349,3532.4359687402557,直连,,522,PASS,worst_obstruction_endpoint_distance,1.500420209250862,3328.6470518406963,True,,端点最大距离且全时段按遮挡计损仍满足双向预算
T008,巡航,3532.4359687402557,3552.0720926351623,直连,,523,PASS,worst_obstruction_endpoint_distance,2.131772647054248,3095.28131415617,True,,端点最大距离且全时段按遮挡计损仍满足双向预算
T008,巡航,3552.0720926351623,3571.708216530069,直连,,524,PASS,worst_obstruction_endpoint_distance,2.811511051936634,2862.2871819484435,True,,端点最大距离且全时段按遮挡计损仍满足双向预算
T008,巡航,3571.708216530069,3591.3443404249756,直连,,525,PASS,worst_obstruction_endpoint_distance,3.547441536545847,2629.763428575528,True,,端点最大距离且全时段按遮挡计损仍满足双向预算
T008,巡航,3591.3443404249756,3610.9804643198827,直连,,526,PASS,worst_obstruction_endpoint_distance,4.349346163073591,2397.8468985208874,True,,端点最大距离且全时段按遮挡计损仍满足双向预算
T008,巡航,3610.9804643198827,3630.6165882147893,直连,,527,PASS,worst_obstruction_endpoint_distance,5.229668880125246,2166.7325832609313,True,,端点最大距离且全时段按遮挡计损仍满足双向预算
T008,巡航,3630.6165882147893,3650.2527121096964,直连,,528,PASS,worst_obstruction_endpoint_distance,6.2044935916322,1936.7076976478331,True,,端点最大距离且全时段按遮挡计损仍满足双向预算
T008,巡航,3650.2527121096964,3669.888836004603,直连,,529,PASS,worst_obstruction_endpoint_distance,7.294937761347967,1708.2124004460284,True,,端点最大距离且全时段按遮挡计损仍满足双向预算
T008,巡航,3669.888836004603,3689.5249598995097,直连,,530,PASS,worst_obstruction_endpoint_distance,8.529078472989426,1481.954379895724,True,,端点最大距离且全时段按遮挡计损仍满足双向预算
T008,巡航,3689.5249598995097,3709.1610837944163,直连,,531,PASS,worst_obstruction_endpoint_distance,9.944292824291068,1259.1402794336339,True,,端点最大距离且全时段按遮挡计损仍满足双向预算
T008,巡航,3709.1610837944163,3728.797207689323,直连,,532,PASS,worst_obstruction_endpoint_distance,11.588572854716219,1041.9817573440184,True,,端点最大距离且全时段按遮挡计损仍满足双向预算
T008,巡航,3728.797207689323,3748.4333315842296,直连,,533,PASS,worst_obstruction_endpoint_distance,13.5130486115427,834.9035885230084,True,,端点最大距离且全时段按遮挡计损仍满足双向预算
T008,巡航,3748.4333315842296,3768.0694554791366,直连,,534,PASS,worst_obstruction_endpoint_distance,15.71899076183928,647.6482855415965,True,,端点最大距离且全时段按遮挡计损仍满足双向预算
T008,巡航,3768.0694554791366,3787.7055793740433,直连,,535,PASS,worst_obstruction_endpoint_distance,17.916649545737883,502.87064096726107,True,,端点最大距离且全时段按遮挡计损仍满足双向预算
T008,下降,3787.7055793740433,3806.275474881856,直连,,536,PASS,worst_obstruction_endpoint_distance,18.993277511644692,444.24738769531206,True,,端点最大距离且全时段按遮挡计损仍满足双向预算
T008,下降,3806.275474881856,3824.8453703896685,直连,,537,PASS,worst_obstruction_endpoint_distance,19.9519850689598,397.82264892578,True,,端点最大距离且全时段按遮挡计损仍满足双向预算
T008,下降,3824.8453703896685,3843.415265897481,直连,,538,PASS,worst_obstruction_endpoint_distance,21.029791679401256,351.3979101562492,True,,端点最大距离且全时段按遮挡计损仍满足双向预算
T008,下降,3843.415265897481,3861.985161405293,直连,,539,PASS,worst_obstruction_endpoint_distance,22.26054244645084,304.9731713867183,True,,端点最大距离且全时段按遮挡计损仍满足双向预算
T008,下降,3861.985161405293,3880.555056913106,直连,,540,PASS,worst_obstruction_endpoint_distance,23.694936979399557,258.5484326171874,True,,端点最大距离且全时段按遮挡计损仍满足双向预算
T008,下降,3880.555056913106,3899.1249524209184,直连,,541,PASS,worst_obstruction_endpoint_distance,25.413991542482677,212.1236938476555,True,,端点最大距离且全时段按遮挡计损仍满足双向预算
T008,下降,3899.1249524209184,3917.694847928731,直连,,542,PASS,worst_obstruction_endpoint_distance,27.55937977170045,165.69895507812458,True,,端点最大距离且全时段按遮挡计损仍满足双向预算
T008,下降,3917.694847928731,3936.2647434365435,直连,,543,PASS,worst_obstruction_endpoint_distance,30.414843731611313,119.2742163085926,True,,端点最大距离且全时段按遮挡计损仍满足双向预算
T008,下降,3936.2647434365435,3954.834638944356,直连,,544,PASS,worst_obstruction_endpoint_distance,34.697246336774995,72.8494775390617,True,,端点最大距离且全时段按遮挡计损仍满足双向预算
T008,下降,3954.834638944356,3973.4045344521683,直连,,545,PASS,worst_obstruction_endpoint_distance,43.5055611129805,26.424738769530904,True,,端点最大距离且全时段按遮挡计损仍满足双向预算
T009,爬升,2409.0,2427.5698955078124,直连,,546,PASS,worst_obstruction_endpoint_distance,43.50556111298056,26.424738769530762,True,,端点最大距离且全时段按遮挡计损仍满足双向预算
T009,爬升,2427.5698955078124,2446.139791015625,直连,,547,PASS,worst_obstruction_endpoint_distance,34.69724633677488,72.84947753906266,True,,端点最大距离且全时段按遮挡计损仍满足双向预算
T009,爬升,2446.139791015625,2464.7096865234375,直连,,548,PASS,worst_obstruction_endpoint_distance,30.414843731611242,119.2742163085934,True,,端点最大距离且全时段按遮挡计损仍满足双向预算
T009,爬升,2464.7096865234375,2483.27958203125,直连,,549,PASS,worst_obstruction_endpoint_distance,27.559379771700463,165.69895507812413,True,,端点最大距离且全时段按遮挡计损仍满足双向预算
T009,爬升,2483.27958203125,2501.8494775390627,直连,,550,PASS,worst_obstruction_endpoint_distance,25.41399154248265,212.12369384765606,True,,端点最大距离且全时段按遮挡计损仍满足双向预算
T009,爬升,2501.8494775390627,2520.419373046875,直连,,551,PASS,worst_obstruction_endpoint_distance,23.694936979399586,258.54843261718673,True,,端点最大距离且全时段按遮挡计损仍满足双向预算
T009,爬升,2520.419373046875,2538.9892685546874,直连,,552,PASS,worst_obstruction_endpoint_distance,22.260542446450856,304.9731713867175,True,,端点最大距离且全时段按遮挡计损仍满足双向预算
T009,爬升,2538.9892685546874,2557.5591640625003,直连,,553,PASS,worst_obstruction_endpoint_distance,21.029791679401242,351.3979101562494,True,,端点最大距离且全时段按遮挡计损仍满足双向预算
T009,爬升,2557.5591640625003,2576.1290595703126,直连,,554,PASS,worst_obstruction_endpoint_distance,19.951985068959786,397.82264892578024,True,,端点最大距离且全时段按遮挡计损仍满足双向预算
T009,爬升,2576.1290595703126,2594.6989550781254,直连,,555,PASS,worst_obstruction_endpoint_distance,18.993277511644692,444.24738769531206,True,,端点最大距离且全时段按遮挡计损仍满足双向预算
T009,巡航,2594.6989550781254,2613.714990850035,直连,,556,PASS,worst_obstruction_endpoint_distance,17.49412647354434,527.9374064998578,True,,端点最大距离且全时段按遮挡计损仍满足双向预算
T009,巡航,2613.714990850035,2632.7310266219447,直连,,557,PASS,worst_obstruction_endpoint_distance,14.762382856352005,723.0521394096111,True,,端点最大距离且全时段按遮挡计损仍满足双向预算
T009,巡航,2632.7310266219447,2651.7470623938543,直连,,558,PASS,worst_obstruction_endpoint_distance,12.262742934535737,964.1655536489214,True,,端点最大距离且全时段按遮挡计损仍满足双向预算
T009,巡航,2651.7470623938543,2670.763098165764,直连,,559,PASS,worst_obstruction_endpoint_distance,10.187323229616496,1224.3979585073178,True,,端点最大距离且全时段按遮挡计损仍满足双向预算
T009,巡航,2670.763098165764,2689.7791339376736,直连,,560,PASS,worst_obstruction_endpoint_distance,8.459981738274593,1493.790425115221,True,,端点最大距离且全时段按遮挡计损仍满足双向预算
T009,巡航,2689.7791339376736,2708.795169709583,直连,,561,PASS,worst_obstruction_endpoint_distance,6.995338587207897,1768.1610885183502,True,,端点最大距离且全时段按遮挡计损仍满足双向预算
T009,巡航,2708.795169709583,2727.811205481493,直连,,562,PASS,worst_obstruction_endpoint_distance,5.729752779458053,2045.5077030287673,True,,端点最大距离且全时段按遮挡计损仍满足双向预算
T009,巡航,2727.811205481493,2746.8272412534025,直连,,563,PASS,worst_obstruction_endpoint_distance,4.6181924565780434,2324.765411555552,True,,端点最大距离且全时段按遮挡计损仍满足双向预算
T009,巡航,2746.8272412534025,2765.8432770253125,直连,,564,PASS,worst_obstruction_endpoint_distance,3.628554530062189,2605.31975039449,True,,端点最大距离且全时段按遮挡计损仍满足双向预算
T009,巡航,2765.8432770253125,2784.859312797222,直连,,565,PASS,worst_obstruction_endpoint_distance,2.7374631875922546,2886.7927033719507,True,,端点最大距离且全时段按遮挡计损仍满足双向预算
T009,巡航,2784.859312797222,2803.875348569132,直连,,566,PASS,worst_obstruction_endpoint_distance,1.9274962095368977,3168.939499280925,True,,端点最大距离且全时段按遮挡计损仍满足双向预算
T009,巡航,2803.875348569132,2822.8913843410414,直连,,567,PASS,worst_obstruction_endpoint_distance,1.1853788074652982,3451.594894447908,True,,端点最大距离且全时段按遮挡计损仍满足双向预算
T009,巡航,2822.8913843410414,2841.907420112951,直连,,568,PASS,worst_obstruction_endpoint_distance,0.5007923438628978,3734.643411099761,True,,端点最大距离且全时段按遮挡计损仍满足双向预算
T009,巡航,2841.907420112951,2860.923455884861,中继,R003,569,PASS,worst_obstruction_endpoint_distance,3.127627811019991,1383.2713044951424,True,,端点最大距离且全时段按遮挡计损仍满足双向预算
T009,巡航,2860.923455884861,2879.9394916567708,中继,R003,570,PASS,worst_obstruction_endpoint_distance,3.6420073331480154,1303.7321988789206,True,,端点最大距离且全时段按遮挡计损仍满足双向预算
T009,巡航,2879.9394916567708,2898.9555274286804,中继,R003,571,PASS,worst_obstruction_endpoint_distance,3.4895458213072885,1326.8183439139348,True,,端点最大距离且全时段按遮挡计损仍满足双向预算
T009,巡航,2898.9555274286804,2917.97156320059,中继,R003,572,PASS,worst_obstruction_endpoint_distance,2.860348621310692,1426.4985259531572,True,,端点最大距离且全时段按遮挡计损仍满足双向预算
T009,巡航,2917.97156320059,2936.9875989724997,中继,R003,573,PASS,worst_obstruction_endpoint_distance,2.01516137687652,1572.2828939986239,True,,端点最大距离且全时段按遮挡计损仍满足双向预算
T009,巡航,2936.9875989724997,2956.0036347444093,中继,R003,574,PASS,worst_obstruction_endpoint_distance,1.071600826356132,1752.7045616393702,True,,端点最大距离且全时段按遮挡计损仍满足双向预算
T009,下降,2956.0036347444093,2973.2141624369315,中继,R003,575,PASS,worst_obstruction_endpoint_distance,1.0701501581061876,1752.997312906268,True,,端点最大距离且全时段按遮挡计损仍满足双向预算
T009,下降,2973.2141624369315,2990.4246901294537,中继,R003,576,PASS,worst_obstruction_endpoint_distance,1.0653534974675836,1753.965648417715,True,,端点最大距离且全时段按遮挡计损仍满足双向预算
T009,下降,2990.4246901294537,3007.6352178219763,中继,R003,577,PASS,worst_obstruction_endpoint_distance,1.057221914345746,1755.6084502843441,True,,端点最大距离且全时段按遮挡计损仍满足双向预算
T009,下降,3007.6352178219763,3024.8457455144985,中继,R003,578,PASS,worst_obstruction_endpoint_distance,1.0457741100916564,1757.9238276153656,True,,端点最大距离且全时段按遮挡计损仍满足双向预算
T009,下降,3024.8457455144985,3042.0562732070207,中继,R003,579,PASS,worst_obstruction_endpoint_distance,1.0310362747885051,1760.9091273525612,True,,端点最大距离且全时段按遮挡计损仍满足双向预算
T009,下降,3042.0562732070207,3059.266800899543,中继,R003,580,PASS,worst_obstruction_endpoint_distance,1.0130418890380497,1764.5609493573468,True,,端点最大距离且全时段按遮挡计损仍满足双向预算
T009,下降,3059.266800899543,3076.4773285920655,中继,R003,581,PASS,worst_obstruction_endpoint_distance,0.9918314733706666,1768.8751655523586,True,,端点最大距离且全时段按遮挡计损仍满足双向预算
T009,投送,3076.4773285920655,3095.861943976681,中继,R003,582,PASS,exact_point,0.9918314733706666,1768.8751655523586,,,独立计算 DEM 遮挡、自由空间损耗与双向预算
T009,投送,3095.861943976681,3115.246559361296,中继,R003,583,PASS,exact_point,0.9918314733706666,1768.8751655523586,,,独立计算 DEM 遮挡、自由空间损耗与双向预算
T009,投送,3115.246559361296,3134.6311747459113,中继,R003,584,PASS,exact_point,0.9918314733706666,1768.8751655523586,,,独立计算 DEM 遮挡、自由空间损耗与双向预算
T009,投送,3134.6311747459113,3154.0157901305265,中继,R003,585,PASS,exact_point,0.9918314733706666,1768.8751655523586,,,独立计算 DEM 遮挡、自由空间损耗与双向预算
T009,投送,3154.0157901305265,3173.400405515142,中继,R003,586,PASS,exact_point,0.9918314733706666,1768.8751655523586,,,独立计算 DEM 遮挡、自由空间损耗与双向预算
T009,投送,3173.400405515142,3192.785020899758,中继,R003,587,PASS,exact_point,0.9918314733706666,1768.8751655523586,,,独立计算 DEM 遮挡、自由空间损耗与双向预算
T009,投送,3192.785020899758,3212.169636284373,中继,R003,588,PASS,exact_point,0.9918314733706666,1768.8751655523586,,,独立计算 DEM 遮挡、自由空间损耗与双向预算
T009,投送,3212.169636284373,3231.5542516689884,中继,R003,589,PASS,exact_point,0.9918314733706666,1768.8751655523586,,,独立计算 DEM 遮挡、自由空间损耗与双向预算
T009,投送,3231.5542516689884,3250.9388670536036,中继,R003,590,PASS,exact_point,0.9918314733706666,1768.8751655523586,,,独立计算 DEM 遮挡、自由空间损耗与双向预算
T009,投送,3250.9388670536036,3270.323482438219,中继,R003,591,PASS,exact_point,0.9918314733706666,1768.8751655523586,,,独立计算 DEM 遮挡、自由空间损耗与双向预算
T009,投送,3270.323482438219,3289.7080978228346,中继,R003,592,PASS,exact_point,0.9918314733706666,1768.8751655523586,,,独立计算 DEM 遮挡、自由空间损耗与双向预算
T009,投送,3289.7080978228346,3309.09271320745,中继,R003,593,PASS,exact_point,0.9918314733706666,1768.8751655523586,,,独立计算 DEM 遮挡、自由空间损耗与双向预算
T009,投送,3309.09271320745,3328.4773285920655,中继,R003,594,PASS,exact_point,0.9918314733706666,1768.8751655523586,,,独立计算 DEM 遮挡、自由空间损耗与双向预算
T009,爬升,3328.4773285920655,3347.75311960769,中继,R003,595,PASS,worst_obstruction_endpoint_distance,0.9918314733706666,1768.8751655523586,True,,端点最大距离且全时段按遮挡计损仍满足双向预算
T009,爬升,3347.75311960769,3367.028910623315,中继,R003,596,PASS,worst_obstruction_endpoint_distance,1.0206279905043374,1763.0204860246654,True,,端点最大距离且全时段按遮挡计损仍满足双向预算
T009,爬升,3367.028910623315,3386.30470163894,中继,R003,597,PASS,worst_obstruction_endpoint_distance,1.0430887776814899,1758.4673919263862,True,,端点最大距离且全时段按遮挡计损仍满足双向预算
T009,爬升,3386.30470163894,3405.580492654565,中继,R003,598,PASS,worst_obstruction_endpoint_distance,1.0591142360136558,1755.2260123087,True,,端点最大距离且全时段按遮挡计损仍满足双向预算
T009,爬升,3405.580492654565,3424.8562836701904,中继,R003,599,PASS,worst_obstruction_endpoint_distance,1.0686325652298336,1753.3036221923433,True,,端点最大距离且全时段按遮挡计损仍满足双向预算
T009,巡航,3424.8562836701904,3443.8723194421,中继,R003,600,PASS,worst_obstruction_endpoint_distance,1.071600826356132,1752.7045616393702,True,,端点最大距离且全时段按遮挡计损仍满足双向预算
T009,巡航,3443.8723194421,3462.8883552140096,中继,R003,601,PASS,worst_obstruction_endpoint_distance,2.01516137687652,1572.2828939986239,True,,端点最大距离且全时段按遮挡计损仍满足双向预算
T009,巡航,3462.8883552140096,3481.9043909859192,中继,R003,602,PASS,worst_obstruction_endpoint_distance,2.860348621310692,1426.4985259531572,True,,端点最大距离且全时段按遮挡计损仍满足双向预算
T009,巡航,3481.9043909859192,3500.920426757829,中继,R003,603,PASS,worst_obstruction_endpoint_distance,3.4895458213072885,1326.8183439139348,True,,端点最大距离且全时段按遮挡计损仍满足双向预算
T009,巡航,3500.920426757829,3519.9364625297385,中继,R003,604,PASS,worst_obstruction_endpoint_distance,3.6420073331480154,1303.7321988789206,True,,端点最大距离且全时段按遮挡计损仍满足双向预算
T009,巡航,3519.9364625297385,3538.952498301648,中继,R003,605,PASS,worst_obstruction_endpoint_distance,3.127627811019991,1383.2713044951424,True,,端点最大距离且全时段按遮挡计损仍满足双向预算
T009,巡航,3538.952498301648,3557.9685340735577,直连,,606,PASS,worst_obstruction_endpoint_distance,0.5007923438628978,3734.643411099761,True,,端点最大距离且全时段按遮挡计损仍满足双向预算
T009,巡航,3557.9685340735577,3576.9845698454674,直连,,607,PASS,worst_obstruction_endpoint_distance,1.1853788074651561,3451.594894447965,True,,端点最大距离且全时段按遮挡计损仍满足双向预算
T009,巡航,3576.9845698454674,3596.000605617377,直连,,608,PASS,worst_obstruction_endpoint_distance,1.9274962095368977,3168.939499280925,True,,端点最大距离且全时段按遮挡计损仍满足双向预算
T009,巡航,3596.000605617377,3615.016641389287,直连,,609,PASS,worst_obstruction_endpoint_distance,2.7374631875922546,2886.7927033719507,True,,端点最大距离且全时段按遮挡计损仍满足双向预算
T009,巡航,3615.016641389287,3634.0326771611967,直连,,610,PASS,worst_obstruction_endpoint_distance,3.628554530062189,2605.31975039449,True,,端点最大距离且全时段按遮挡计损仍满足双向预算
T009,巡航,3634.0326771611967,3653.0487129331063,直连,,611,PASS,worst_obstruction_endpoint_distance,4.6181924565780434,2324.765411555552,True,,端点最大距离且全时段按遮挡计损仍满足双向预算
T009,巡航,3653.0487129331063,3672.064748705016,直连,,612,PASS,worst_obstruction_endpoint_distance,5.729752779457812,2045.507703028824,True,,端点最大距离且全时段按遮挡计损仍满足双向预算
T009,巡航,3672.064748705016,3691.080784476926,直连,,613,PASS,worst_obstruction_endpoint_distance,6.995338587207897,1768.1610885183502,True,,端点最大距离且全时段按遮挡计损仍满足双向预算
T009,巡航,3691.080784476926,3710.0968202488357,直连,,614,PASS,worst_obstruction_endpoint_distance,8.459981738274593,1493.790425115221,True,,端点最大距离且全时段按遮挡计损仍满足双向预算
T009,巡航,3710.0968202488357,3729.1128560207453,直连,,615,PASS,worst_obstruction_endpoint_distance,10.187323229616496,1224.3979585073178,True,,端点最大距离且全时段按遮挡计损仍满足双向预算
T009,巡航,3729.1128560207453,3748.128891792655,直连,,616,PASS,worst_obstruction_endpoint_distance,12.262742934535737,964.1655536489214,True,,端点最大距离且全时段按遮挡计损仍满足双向预算
T009,巡航,3748.128891792655,3767.1449275645646,直连,,617,PASS,worst_obstruction_endpoint_distance,14.762382856352005,723.0521394096111,True,,端点最大距离且全时段按遮挡计损仍满足双向预算
T009,巡航,3767.1449275645646,3786.160963336474,直连,,618,PASS,worst_obstruction_endpoint_distance,17.49412647354434,527.9374064998578,True,,端点最大距离且全时段按遮挡计损仍满足双向预算
T009,下降,3786.160963336474,3805.5046044904457,直连,,619,PASS,worst_obstruction_endpoint_distance,18.993277511644692,444.24738769531206,True,,端点最大距离且全时段按遮挡计损仍满足双向预算
T009,下降,3805.5046044904457,3824.848245644417,直连,,620,PASS,worst_obstruction_endpoint_distance,19.784670621030926,405.5601053873691,True,,端点最大距离且全时段按遮挡计损仍满足双向预算
T009,下降,3824.848245644417,3844.191886798388,直连,,621,PASS,worst_obstruction_endpoint_distance,20.65546433341744,366.87282307942627,True,,端点最大距离且全时段按遮挡计损仍满足双向预算
T009,下降,3844.191886798388,3863.5355279523596,直连,,622,PASS,worst_obstruction_endpoint_distance,21.623386306715105,328.1855407714843,True,,端点最大距离且全时段按遮挡计损仍满足双向预算
T009,下降,3863.5355279523596,3882.879169106331,直连,,623,PASS,worst_obstruction_endpoint_distance,22.712856056101472,289.4982584635414,True,,端点最大距离且全时段按遮挡计损仍满足双向预算
T009,下降,3882.879169106331,3902.222810260302,直连,,624,PASS,worst_obstruction_endpoint_distance,23.958844396637232,250.8109761555985,True,,端点最大距离且全时段按遮挡计损仍满足双向预算
T009,下降,3902.222810260302,3921.5664514142736,直连,,625,PASS,worst_obstruction_endpoint_distance,25.413991542482634,212.1236938476565,True,,端点最大距离且全时段按遮挡计损仍满足双向预算
T009,下降,3921.5664514142736,3940.910092568245,直连,,626,PASS,worst_obstruction_endpoint_distance,27.162969580851012,173.43641153971362,True,,端点最大距离且全时段按遮挡计损仍满足双向预算
T009,下降,3940.910092568245,3960.2537337222166,直连,,627,PASS,worst_obstruction_endpoint_distance,29.355255817877534,134.74912923177072,True,,端点最大距离且全时段按遮挡计损仍满足双向预算
T009,下降,3960.2537337222166,3979.597374876188,直连,,628,PASS,worst_obstruction_endpoint_distance,32.29475651968485,96.06184692382783,True,,端点最大距离且全时段按遮挡计损仍满足双向预算
T009,下降,3979.597374876188,3998.941016030159,直连,,629,PASS,worst_obstruction_endpoint_distance,36.771387107065834,57.374564615884935,True,,端点最大距离且全时段按遮挡计损仍满足双向预算
T009,下降,3998.941016030159,4018.2846571841305,直连,,630,PASS,worst_obstruction_endpoint_distance,45.92517525248826,20.0,True,,端点最大距离且全时段按遮挡计损仍满足双向预算
T010,爬升,2420.0,2437.107585313585,直连,,631,PASS,worst_obstruction_endpoint_distance,42.02857583418874,31.322755940754746,True,,端点最大距离且全时段按遮挡计损仍满足双向预算
T010,爬升,2437.107585313585,2454.21517062717,直连,,632,PASS,worst_obstruction_endpoint_distance,33.6013896877198,82.6455118815108,True,,端点最大距离且全时段按遮挡计损仍满足双向预算
T010,爬升,2454.21517062717,2471.322755940755,直连,,633,PASS,worst_obstruction_endpoint_distance,29.405736324095642,133.96826782226555,True,,端点最大距离且全时段按遮挡计损仍满足双向预算
T010,爬升,2471.322755940755,2488.4303412543404,直连,,634,PASS,worst_obstruction_endpoint_distance,26.58868754837124,185.2910237630216,True,,端点最大距离且全时段按遮挡计损仍满足双向预算
T010,爬升,2488.4303412543404,2505.5379265679253,直连,,635,PASS,worst_obstruction_endpoint_distance,24.464974504050502,236.61377970377634,True,,端点最大距离且全时段按遮挡计损仍满足双向预算
T010,爬升,2505.5379265679253,2522.64551188151,直连,,636,PASS,worst_obstruction_endpoint_distance,22.759839664518097,287.93653564453103,True,,端点最大距离且全时段按遮挡计损仍满足双向预算
T010,巡航,2522.64551188151,2542.5808238659233,直连,,637,PASS,worst_obstruction_endpoint_distance,20.480295098117907,374.3466951408415,True,,端点最大距离且全时段按遮挡计损仍满足双向预算
T010,巡航,2542.5808238659233,2562.5161358503365,直连,,638,PASS,worst_obstruction_endpoint_distance,17.00674319609881,558.4079574778261,True,,端点最大距离且全时段按遮挡计损仍满足双向预算
T010,巡航,2562.5161358503365,2582.45144783475,直连,,639,PASS,worst_obstruction_endpoint_distance,14.17905786455536,773.2783748392534,True,,端点最大距离且全时段按遮挡计损仍满足双向预算
T010,巡航,2582.45144783475,2602.3867598191628,直连,,640,PASS,worst_obstruction_endpoint_distance,11.952053336171133,999.277460078685,True,,端点最大距离且全时段按遮挡计损仍满足双向预算
T010,巡航,2602.3867598191628,2622.3220718035764,直连,,641,PASS,worst_obstruction_endpoint_distance,10.145642631642374,1230.2875430794097,True,,端点最大距离且全时段按遮挡计损仍满足双向预算
T010,巡航,2622.3220718035764,2642.257383787989,直连,,642,PASS,worst_obstruction_endpoint_distance,8.635319525677161,1463.9383300872823,True,,端点最大距离且全时段按遮挡计损仍满足双向预算
T010,巡航,2642.257383787989,2662.1926957724027,直连,,643,PASS,worst_obstruction_endpoint_distance,7.341187842489873,1699.140791444107,True,,端点最大距离且全时段按遮挡计损仍满足双向预算
T010,巡航,2662.1926957724027,2682.128007756816,直连,,644,PASS,worst_obstruction_endpoint_distance,6.210677820494141,1935.3292803054635,True,,端点最大距离且全时段按遮挡计损仍满足双向预算
T010,巡航,2682.128007756816,2702.063319741229,直连,,645,PASS,worst_obstruction_endpoint_distance,5.20785024110161,2172.1821784725635,True,,端点最大距离且全时段按遮挡计损仍满足双向预算
T010,巡航,2702.063319741229,2721.998631725642,直连,,646,PASS,worst_obstruction_endpoint_distance,4.307223717296679,2409.5035606837673,True,,端点最大距离且全时段按遮挡计损仍满足双向预算
T010,巡航,2721.998631725642,2741.9339437100552,直连,,647,PASS,worst_obstruction_endpoint_distance,3.4901469519361115,2647.1674296556093,True,,端点最大距离且全时段按遮挡计损仍满足双向预算
T010,巡航,2741.9339437100552,2761.8692556944684,直连,,648,PASS,worst_obstruction_endpoint_distance,2.74259042177637,2885.089147932696,True,,端点最大距离且全时段按遮挡计损仍满足双向预算
T010,巡航,2761.8692556944684,2781.8045676788815,直连,,649,PASS,worst_obstruction_endpoint_distance,2.053752024020639,3123.2097882813323,True,,端点最大距离且全时段按遮挡计损仍满足双向预算
T010,巡航,2781.8045676788815,2801.7398796632947,直连,,650,PASS,worst_obstruction_endpoint_distance,1.4151462453782386,3361.487077309897,True,,端点最大距离且全时段按遮挡计损仍满足双向预算
T010,巡航,2801.7398796632947,2821.675191647708,直连,,651,PASS,worst_obstruction_endpoint_distance,0.8199907753844542,3599.8899093492196,True,,端点最大距离且全时段按遮挡计损仍满足双向预算
T010,巡航,2821.675191647708,2841.610503632121,直连,,652,PASS,worst_obstruction_endpoint_distance,0.26278211209398705,3838.3948920289236,True,,端点最大距离且全时段按遮挡计损仍满足双向预算
T010,巡航,2841.610503632121,2861.545815616534,中继,R003,653,PASS,worst_obstruction_endpoint_distance,10.118541759621053,618.5312841328039,True,,端点最大距离且全时段按遮挡计损仍满足双向预算
T010,巡航,2861.545815616534,2881.4811276009473,中继,R003,654,PASS,worst_obstruction_endpoint_distance,13.927638211711155,398.9393242537665,True,,端点最大距离且全时段按遮挡计损仍满足双向预算
T010,巡航,2881.4811276009473,2901.4164395853604,中继,R003,655,PASS,worst_obstruction_endpoint_distance,18.490042596505376,235.93188006197872,True,,端点最大距离且全时段按遮挡计损仍满足双向预算
T010,巡航,2901.4164395853604,2921.3517515697736,中继,R003,656,PASS,worst_obstruction_endpoint_distance,13.500443868742849,419.0506945919927,True,,端点最大距离且全时段按遮挡计损仍满足双向预算
T010,下降,2921.3517515697736,2938.15905869868,中继,R003,657,PASS,worst_obstruction_endpoint_distance,13.1511283549915,436.24688662675135,True,,端点最大距离且全时段按遮挡计损仍满足双向预算
T010,下降,2938.15905869868,2954.9663658275863,中继,R003,658,PASS,worst_obstruction_endpoint_distance,12.753667451270502,456.6730528579534,True,,端点最大距离且全时段按遮挡计损仍满足双向预算
T010,投送,2954.9663658275863,2974.0572749184953,中继,R003,659,PASS,exact_point,22.753667451270502,456.6730528579534,,,独立计算 DEM 遮挡、自由空间损耗与双向预算
T010,投送,2974.0572749184953,2993.1481840094043,中继,R003,660,PASS,exact_point,22.753667451270502,456.6730528579534,,,独立计算 DEM 遮挡、自由空间损耗与双向预算
T010,投送,2993.1481840094043,3012.2390931003133,中继,R003,661,PASS,exact_point,22.753667451270502,456.6730528579534,,,独立计算 DEM 遮挡、自由空间损耗与双向预算
T010,投送,3012.2390931003133,3031.330002191223,中继,R003,662,PASS,exact_point,22.753667451270502,456.6730528579534,,,独立计算 DEM 遮挡、自由空间损耗与双向预算
T010,投送,3031.330002191223,3050.420911282132,中继,R003,663,PASS,exact_point,22.753667451270502,456.6730528579534,,,独立计算 DEM 遮挡、自由空间损耗与双向预算
T010,投送,3050.420911282132,3069.511820373041,中继,R003,664,PASS,exact_point,22.753667451270502,456.6730528579534,,,独立计算 DEM 遮挡、自由空间损耗与双向预算
T010,投送,3069.511820373041,3088.60272946395,中继,R003,665,PASS,exact_point,22.753667451270502,456.6730528579534,,,独立计算 DEM 遮挡、自由空间损耗与双向预算
T010,投送,3088.60272946395,3107.693638554859,中继,R003,666,PASS,exact_point,22.753667451270502,456.6730528579534,,,独立计算 DEM 遮挡、自由空间损耗与双向预算
T010,投送,3107.693638554859,3126.784547645768,中继,R003,667,PASS,exact_point,22.753667451270502,456.6730528579534,,,独立计算 DEM 遮挡、自由空间损耗与双向预算
T010,投送,3126.784547645768,3145.8754567366773,中继,R003,668,PASS,exact_point,22.753667451270502,456.6730528579534,,,独立计算 DEM 遮挡、自由空间损耗与双向预算
T010,投送,3145.8754567366773,3164.9663658275863,中继,R003,669,PASS,exact_point,22.753667451270502,456.6730528579534,,,独立计算 DEM 遮挡、自由空间损耗与双向预算
T010,爬升,3164.9663658275863,3178.9724551016748,中继,R003,670,PASS,worst_obstruction_endpoint_distance,12.753667451270502,456.6730528579534,True,,端点最大距离且全时段按遮挡计损仍满足双向预算
T010,爬升,3178.9724551016748,3192.9785443757632,中继,R003,671,PASS,worst_obstruction_endpoint_distance,13.1511283549915,436.24688662675135,True,,端点最大距离且全时段按遮挡计损仍满足双向预算
T010,巡航,3192.9785443757632,3212.9138563601764,中继,R003,672,PASS,worst_obstruction_endpoint_distance,13.500443868742849,419.0506945919927,True,,端点最大距离且全时段按遮挡计损仍满足双向预算
T010,巡航,3212.9138563601764,3232.8491683445895,中继,R003,673,PASS,worst_obstruction_endpoint_distance,18.490042596505376,235.93188006197872,True,,端点最大距离且全时段按遮挡计损仍满足双向预算
T010,巡航,3232.8491683445895,3252.7844803290027,中继,R003,674,PASS,worst_obstruction_endpoint_distance,13.927638211711155,398.9393242537665,True,,端点最大距离且全时段按遮挡计损仍满足双向预算
T010,巡航,3252.7844803290027,3272.719792313416,中继,R003,675,PASS,worst_obstruction_endpoint_distance,10.118541759621053,618.5312841328039,True,,端点最大距离且全时段按遮挡计损仍满足双向预算
T010,巡航,3272.719792313416,3292.655104297829,直连,,676,PASS,worst_obstruction_endpoint_distance,0.26278211209398705,3838.3948920289236,True,,端点最大距离且全时段按遮挡计损仍满足双向预算
T010,巡航,3292.655104297829,3312.5904162822426,直连,,677,PASS,worst_obstruction_endpoint_distance,0.8199907753844542,3599.8899093492196,True,,端点最大距离且全时段按遮挡计损仍满足双向预算
T010,巡航,3312.5904162822426,3332.5257282666553,直连,,678,PASS,worst_obstruction_endpoint_distance,1.4151462453782386,3361.487077309897,True,,端点最大距离且全时段按遮挡计损仍满足双向预算
T010,巡航,3332.5257282666553,3352.461040251069,直连,,679,PASS,worst_obstruction_endpoint_distance,2.053752024020639,3123.2097882813323,True,,端点最大距离且全时段按遮挡计损仍满足双向预算
T010,巡航,3352.461040251069,3372.3963522354816,直连,,680,PASS,worst_obstruction_endpoint_distance,2.74259042177637,2885.089147932696,True,,端点最大距离且全时段按遮挡计损仍满足双向预算
T010,巡航,3372.3963522354816,3392.331664219895,直连,,681,PASS,worst_obstruction_endpoint_distance,3.4901469519361115,2647.1674296556093,True,,端点最大距离且全时段按遮挡计损仍满足双向预算
T010,巡航,3392.331664219895,3412.266976204308,直连,,682,PASS,worst_obstruction_endpoint_distance,4.307223717296679,2409.5035606837673,True,,端点最大距离且全时段按遮挡计损仍满足双向预算
T010,巡航,3412.266976204308,3432.2022881887215,直连,,683,PASS,worst_obstruction_endpoint_distance,5.20785024110161,2172.1821784725635,True,,端点最大距离且全时段按遮挡计损仍满足双向预算
T010,巡航,3432.2022881887215,3452.137600173134,直连,,684,PASS,worst_obstruction_endpoint_distance,6.210677820494141,1935.3292803054635,True,,端点最大距离且全时段按遮挡计损仍满足双向预算
T010,巡航,3452.137600173134,3472.0729121575478,直连,,685,PASS,worst_obstruction_endpoint_distance,7.341187842489873,1699.140791444107,True,,端点最大距离且全时段按遮挡计损仍满足双向预算
T010,巡航,3472.0729121575478,3492.008224141961,直连,,686,PASS,worst_obstruction_endpoint_distance,8.635319525677161,1463.9383300872823,True,,端点最大距离且全时段按遮挡计损仍满足双向预算
T010,巡航,3492.008224141961,3511.943536126374,直连,,687,PASS,worst_obstruction_endpoint_distance,10.145642631643526,1230.287543079246,True,,端点最大距离且全时段按遮挡计损仍满足双向预算
T010,巡航,3511.943536126374,3531.878848110787,直连,,688,PASS,worst_obstruction_endpoint_distance,11.952053336171133,999.277460078685,True,,端点最大距离且全时段按遮挡计损仍满足双向预算
T010,巡航,3531.878848110787,3551.8141600952004,直连,,689,PASS,worst_obstruction_endpoint_distance,14.17905786455536,773.2783748392534,True,,端点最大距离且全时段按遮挡计损仍满足双向预算
T010,巡航,3551.8141600952004,3571.7494720796135,直连,,690,PASS,worst_obstruction_endpoint_distance,17.00674319609881,558.4079574778261,True,,端点最大距离且全时段按遮挡计损仍满足双向预算
T010,巡航,3571.7494720796135,3591.6847840640266,直连,,691,PASS,worst_obstruction_endpoint_distance,20.480295098117907,374.3466951408415,True,,端点最大距离且全时段按遮挡计损仍满足双向预算
T010,下降,3591.6847840640266,3609.281157529428,直连,,692,PASS,worst_obstruction_endpoint_distance,22.759839664518097,287.93653564453103,True,,端点最大距离且全时段按遮挡计损仍满足双向预算
T010,下降,3609.281157529428,3626.8775309948305,直连,,693,PASS,worst_obstruction_endpoint_distance,24.199915310578675,243.94560198102727,True,,端点最大距离且全时段按遮挡计损仍满足双向预算
T010,下降,3626.8775309948305,3644.473904460232,直连,,694,PASS,worst_obstruction_endpoint_distance,25.92714420559217,199.95466831752123,True,,端点最大距离且全时段按遮挡计损仍满足双向预算
T010,下降,3644.473904460232,3662.0702779256335,直连,,695,PASS,worst_obstruction_endpoint_distance,28.08530264362895,155.9637346540174,True,,端点最大距离且全时段按遮挡计损仍满足双向预算
T010,下降,3662.0702779256335,3679.6666513910354,直连,,696,PASS,worst_obstruction_endpoint_distance,30.963524322055974,111.97280099051358,True,,端点最大距离且全时段按遮挡计损仍满足双向预算
T010,下降,3679.6666513910354,3697.2630248564374,直连,,697,PASS,worst_obstruction_endpoint_distance,35.29791337339611,67.9818673270087,True,,端点最大距离且全时段按遮挡计损仍满足双向预算
T010,下降,3697.2630248564374,3714.859398321839,直连,,698,PASS,worst_obstruction_endpoint_distance,44.344832168047475,23.990933663503824,True,,端点最大距离且全时段按遮挡计损仍满足双向预算
T011,爬升,2420.0,2437.107585313585,直连,,699,PASS,worst_obstruction_endpoint_distance,42.02857583418874,31.322755940754746,True,,端点最大距离且全时段按遮挡计损仍满足双向预算
T011,爬升,2437.107585313585,2454.21517062717,直连,,700,PASS,worst_obstruction_endpoint_distance,33.6013896877198,82.6455118815108,True,,端点最大距离且全时段按遮挡计损仍满足双向预算
T011,爬升,2454.21517062717,2471.322755940755,直连,,701,PASS,worst_obstruction_endpoint_distance,29.405736324095642,133.96826782226555,True,,端点最大距离且全时段按遮挡计损仍满足双向预算
T011,爬升,2471.322755940755,2488.4303412543404,直连,,702,PASS,worst_obstruction_endpoint_distance,26.58868754837124,185.2910237630216,True,,端点最大距离且全时段按遮挡计损仍满足双向预算
T011,爬升,2488.4303412543404,2505.5379265679253,直连,,703,PASS,worst_obstruction_endpoint_distance,24.464974504050502,236.61377970377634,True,,端点最大距离且全时段按遮挡计损仍满足双向预算
T011,爬升,2505.5379265679253,2522.64551188151,直连,,704,PASS,worst_obstruction_endpoint_distance,22.759839664518097,287.93653564453103,True,,端点最大距离且全时段按遮挡计损仍满足双向预算
T011,巡航,2522.64551188151,2542.5808238659233,直连,,705,PASS,worst_obstruction_endpoint_distance,20.480295098117907,374.3466951408415,True,,端点最大距离且全时段按遮挡计损仍满足双向预算
T011,巡航,2542.5808238659233,2562.5161358503365,直连,,706,PASS,worst_obstruction_endpoint_distance,17.00674319609881,558.4079574778261,True,,端点最大距离且全时段按遮挡计损仍满足双向预算
T011,巡航,2562.5161358503365,2582.45144783475,直连,,707,PASS,worst_obstruction_endpoint_distance,14.17905786455536,773.2783748392534,True,,端点最大距离且全时段按遮挡计损仍满足双向预算
T011,巡航,2582.45144783475,2602.3867598191628,直连,,708,PASS,worst_obstruction_endpoint_distance,11.952053336171133,999.277460078685,True,,端点最大距离且全时段按遮挡计损仍满足双向预算
T011,巡航,2602.3867598191628,2622.3220718035764,直连,,709,PASS,worst_obstruction_endpoint_distance,10.145642631642374,1230.2875430794097,True,,端点最大距离且全时段按遮挡计损仍满足双向预算
T011,巡航,2622.3220718035764,2642.257383787989,直连,,710,PASS,worst_obstruction_endpoint_distance,8.635319525677161,1463.9383300872823,True,,端点最大距离且全时段按遮挡计损仍满足双向预算
T011,巡航,2642.257383787989,2662.1926957724027,直连,,711,PASS,worst_obstruction_endpoint_distance,7.341187842489873,1699.140791444107,True,,端点最大距离且全时段按遮挡计损仍满足双向预算
T011,巡航,2662.1926957724027,2682.128007756816,直连,,712,PASS,worst_obstruction_endpoint_distance,6.210677820494141,1935.3292803054635,True,,端点最大距离且全时段按遮挡计损仍满足双向预算
T011,巡航,2682.128007756816,2702.063319741229,直连,,713,PASS,worst_obstruction_endpoint_distance,5.20785024110161,2172.1821784725635,True,,端点最大距离且全时段按遮挡计损仍满足双向预算
T011,巡航,2702.063319741229,2721.998631725642,直连,,714,PASS,worst_obstruction_endpoint_distance,4.307223717296679,2409.5035606837673,True,,端点最大距离且全时段按遮挡计损仍满足双向预算
T011,巡航,2721.998631725642,2741.9339437100552,直连,,715,PASS,worst_obstruction_endpoint_distance,3.4901469519361115,2647.1674296556093,True,,端点最大距离且全时段按遮挡计损仍满足双向预算
T011,巡航,2741.9339437100552,2761.8692556944684,直连,,716,PASS,worst_obstruction_endpoint_distance,2.74259042177637,2885.089147932696,True,,端点最大距离且全时段按遮挡计损仍满足双向预算
T011,巡航,2761.8692556944684,2781.8045676788815,直连,,717,PASS,worst_obstruction_endpoint_distance,2.053752024020639,3123.2097882813323,True,,端点最大距离且全时段按遮挡计损仍满足双向预算
T011,巡航,2781.8045676788815,2801.7398796632947,直连,,718,PASS,worst_obstruction_endpoint_distance,1.4151462453782386,3361.487077309897,True,,端点最大距离且全时段按遮挡计损仍满足双向预算
T011,巡航,2801.7398796632947,2821.675191647708,直连,,719,PASS,worst_obstruction_endpoint_distance,0.8199907753844542,3599.8899093492196,True,,端点最大距离且全时段按遮挡计损仍满足双向预算
T011,巡航,2821.675191647708,2841.610503632121,直连,,720,PASS,worst_obstruction_endpoint_distance,0.26278211209398705,3838.3948920289236,True,,端点最大距离且全时段按遮挡计损仍满足双向预算
T011,巡航,2841.610503632121,2861.545815616534,中继,R003,721,PASS,worst_obstruction_endpoint_distance,10.118541759621053,618.5312841328039,True,,端点最大距离且全时段按遮挡计损仍满足双向预算
T011,巡航,2861.545815616534,2881.4811276009473,中继,R003,722,PASS,worst_obstruction_endpoint_distance,13.927638211711155,398.9393242537665,True,,端点最大距离且全时段按遮挡计损仍满足双向预算
T011,巡航,2881.4811276009473,2901.4164395853604,中继,R003,723,PASS,worst_obstruction_endpoint_distance,18.490042596505376,235.93188006197872,True,,端点最大距离且全时段按遮挡计损仍满足双向预算
T011,巡航,2901.4164395853604,2921.3517515697736,中继,R003,724,PASS,worst_obstruction_endpoint_distance,13.500443868742849,419.0506945919927,True,,端点最大距离且全时段按遮挡计损仍满足双向预算
T011,下降,2921.3517515697736,2938.15905869868,中继,R003,725,PASS,worst_obstruction_endpoint_distance,13.1511283549915,436.24688662675135,True,,端点最大距离且全时段按遮挡计损仍满足双向预算
T011,下降,2938.15905869868,2954.9663658275863,中继,R003,726,PASS,worst_obstruction_endpoint_distance,12.753667451270502,456.6730528579534,True,,端点最大距离且全时段按遮挡计损仍满足双向预算
T011,投送,2954.9663658275863,2972.9663658275863,中继,R003,727,PASS,exact_point,22.753667451270502,456.6730528579534,,,独立计算 DEM 遮挡、自由空间损耗与双向预算
T011,投送,2972.9663658275863,2990.9663658275863,中继,R003,728,PASS,exact_point,22.753667451270502,456.6730528579534,,,独立计算 DEM 遮挡、自由空间损耗与双向预算
T011,投送,2990.9663658275863,3008.9663658275863,中继,R003,729,PASS,exact_point,22.753667451270502,456.6730528579534,,,独立计算 DEM 遮挡、自由空间损耗与双向预算
T011,投送,3008.9663658275863,3026.9663658275863,中继,R003,730,PASS,exact_point,22.753667451270502,456.6730528579534,,,独立计算 DEM 遮挡、自由空间损耗与双向预算
T011,投送,3026.9663658275863,3044.9663658275863,中继,R003,731,PASS,exact_point,22.753667451270502,456.6730528579534,,,独立计算 DEM 遮挡、自由空间损耗与双向预算
T011,投送,3044.9663658275863,3062.9663658275863,中继,R003,732,PASS,exact_point,22.753667451270502,456.6730528579534,,,独立计算 DEM 遮挡、自由空间损耗与双向预算
T011,投送,3062.9663658275863,3080.9663658275863,中继,R003,733,PASS,exact_point,22.753667451270502,456.6730528579534,,,独立计算 DEM 遮挡、自由空间损耗与双向预算
T011,投送,3080.9663658275863,3098.9663658275863,中继,R003,734,PASS,exact_point,22.753667451270502,456.6730528579534,,,独立计算 DEM 遮挡、自由空间损耗与双向预算
T011,投送,3098.9663658275863,3116.9663658275863,中继,R003,735,PASS,exact_point,22.753667451270502,456.6730528579534,,,独立计算 DEM 遮挡、自由空间损耗与双向预算
T011,投送,3116.9663658275863,3134.9663658275863,中继,R003,736,PASS,exact_point,22.753667451270502,456.6730528579534,,,独立计算 DEM 遮挡、自由空间损耗与双向预算
T011,爬升,3134.9663658275863,3148.9724551016748,中继,R003,737,PASS,worst_obstruction_endpoint_distance,12.753667451270502,456.6730528579534,True,,端点最大距离且全时段按遮挡计损仍满足双向预算
T011,爬升,3148.9724551016748,3162.9785443757632,中继,R003,738,PASS,worst_obstruction_endpoint_distance,13.1511283549915,436.24688662675135,True,,端点最大距离且全时段按遮挡计损仍满足双向预算
T011,巡航,3162.9785443757632,3182.9138563601764,中继,R003,739,PASS,worst_obstruction_endpoint_distance,13.500443868742849,419.0506945919927,True,,端点最大距离且全时段按遮挡计损仍满足双向预算
T011,巡航,3182.9138563601764,3202.8491683445895,中继,R003,740,PASS,worst_obstruction_endpoint_distance,18.490042596505376,235.93188006197872,True,,端点最大距离且全时段按遮挡计损仍满足双向预算
T011,巡航,3202.8491683445895,3222.7844803290027,中继,R003,741,PASS,worst_obstruction_endpoint_distance,13.927638211711155,398.9393242537665,True,,端点最大距离且全时段按遮挡计损仍满足双向预算
T011,巡航,3222.7844803290027,3242.719792313416,中继,R003,742,PASS,worst_obstruction_endpoint_distance,10.118541759621053,618.5312841328039,True,,端点最大距离且全时段按遮挡计损仍满足双向预算
T011,巡航,3242.719792313416,3262.655104297829,直连,,743,PASS,worst_obstruction_endpoint_distance,0.26278211209398705,3838.3948920289236,True,,端点最大距离且全时段按遮挡计损仍满足双向预算
T011,巡航,3262.655104297829,3282.5904162822426,直连,,744,PASS,worst_obstruction_endpoint_distance,0.8199907753844542,3599.8899093492196,True,,端点最大距离且全时段按遮挡计损仍满足双向预算
T011,巡航,3282.5904162822426,3302.5257282666553,直连,,745,PASS,worst_obstruction_endpoint_distance,1.4151462453782386,3361.487077309897,True,,端点最大距离且全时段按遮挡计损仍满足双向预算
T011,巡航,3302.5257282666553,3322.461040251069,直连,,746,PASS,worst_obstruction_endpoint_distance,2.053752024020639,3123.2097882813323,True,,端点最大距离且全时段按遮挡计损仍满足双向预算
T011,巡航,3322.461040251069,3342.3963522354816,直连,,747,PASS,worst_obstruction_endpoint_distance,2.74259042177637,2885.089147932696,True,,端点最大距离且全时段按遮挡计损仍满足双向预算
T011,巡航,3342.3963522354816,3362.331664219895,直连,,748,PASS,worst_obstruction_endpoint_distance,3.4901469519361115,2647.1674296556093,True,,端点最大距离且全时段按遮挡计损仍满足双向预算
T011,巡航,3362.331664219895,3382.266976204308,直连,,749,PASS,worst_obstruction_endpoint_distance,4.307223717296679,2409.5035606837673,True,,端点最大距离且全时段按遮挡计损仍满足双向预算
T011,巡航,3382.266976204308,3402.2022881887215,直连,,750,PASS,worst_obstruction_endpoint_distance,5.20785024110161,2172.1821784725635,True,,端点最大距离且全时段按遮挡计损仍满足双向预算
T011,巡航,3402.2022881887215,3422.137600173134,直连,,751,PASS,worst_obstruction_endpoint_distance,6.210677820494141,1935.3292803054635,True,,端点最大距离且全时段按遮挡计损仍满足双向预算
T011,巡航,3422.137600173134,3442.0729121575478,直连,,752,PASS,worst_obstruction_endpoint_distance,7.341187842489873,1699.140791444107,True,,端点最大距离且全时段按遮挡计损仍满足双向预算
T011,巡航,3442.0729121575478,3462.008224141961,直连,,753,PASS,worst_obstruction_endpoint_distance,8.635319525677161,1463.9383300872823,True,,端点最大距离且全时段按遮挡计损仍满足双向预算
T011,巡航,3462.008224141961,3481.943536126374,直连,,754,PASS,worst_obstruction_endpoint_distance,10.145642631643526,1230.287543079246,True,,端点最大距离且全时段按遮挡计损仍满足双向预算
T011,巡航,3481.943536126374,3501.878848110787,直连,,755,PASS,worst_obstruction_endpoint_distance,11.952053336171133,999.277460078685,True,,端点最大距离且全时段按遮挡计损仍满足双向预算
T011,巡航,3501.878848110787,3521.8141600952004,直连,,756,PASS,worst_obstruction_endpoint_distance,14.17905786455536,773.2783748392534,True,,端点最大距离且全时段按遮挡计损仍满足双向预算
T011,巡航,3521.8141600952004,3541.7494720796135,直连,,757,PASS,worst_obstruction_endpoint_distance,17.00674319609881,558.4079574778261,True,,端点最大距离且全时段按遮挡计损仍满足双向预算
T011,巡航,3541.7494720796135,3561.6847840640266,直连,,758,PASS,worst_obstruction_endpoint_distance,20.480295098117907,374.3466951408415,True,,端点最大距离且全时段按遮挡计损仍满足双向预算
T011,下降,3561.6847840640266,3579.281157529428,直连,,759,PASS,worst_obstruction_endpoint_distance,22.759839664518097,287.93653564453103,True,,端点最大距离且全时段按遮挡计损仍满足双向预算
T011,下降,3579.281157529428,3596.8775309948305,直连,,760,PASS,worst_obstruction_endpoint_distance,24.199915310578675,243.94560198102727,True,,端点最大距离且全时段按遮挡计损仍满足双向预算
T011,下降,3596.8775309948305,3614.473904460232,直连,,761,PASS,worst_obstruction_endpoint_distance,25.92714420559217,199.95466831752123,True,,端点最大距离且全时段按遮挡计损仍满足双向预算
T011,下降,3614.473904460232,3632.0702779256335,直连,,762,PASS,worst_obstruction_endpoint_distance,28.08530264362895,155.9637346540174,True,,端点最大距离且全时段按遮挡计损仍满足双向预算
T011,下降,3632.0702779256335,3649.6666513910354,直连,,763,PASS,worst_obstruction_endpoint_distance,30.963524322055974,111.97280099051358,True,,端点最大距离且全时段按遮挡计损仍满足双向预算
T011,下降,3649.6666513910354,3667.2630248564374,直连,,764,PASS,worst_obstruction_endpoint_distance,35.29791337339611,67.9818673270087,True,,端点最大距离且全时段按遮挡计损仍满足双向预算
T011,下降,3667.2630248564374,3684.859398321839,直连,,765,PASS,worst_obstruction_endpoint_distance,44.344832168047475,23.990933663503824,True,,端点最大距离且全时段按遮挡计损仍满足双向预算
T012,爬升,2486.0,2504.098788248698,直连,,766,PASS,worst_obstruction_endpoint_distance,43.90158967207108,25.24697062174485,True,,端点最大距离且全时段按遮挡计损仍满足双向预算
T012,爬升,2504.098788248698,2522.197576497396,直连,,767,PASS,worst_obstruction_endpoint_distance,34.98273932171074,70.49394124348967,True,,端点最大距离且全时段按遮挡计损仍满足双向预算
T012,爬升,2522.197576497396,2540.296364746094,直连,,768,PASS,worst_obstruction_endpoint_distance,30.67603717313169,115.74091186523452,True,,端点最大距离且全时段按遮挡计损仍满足双向预算
T012,爬升,2540.296364746094,2558.3951529947917,直连,,769,PASS,worst_obstruction_endpoint_distance,27.809911405017885,160.98788248697934,True,,端点最大距离且全时段按遮挡计损仍满足双向预算
T012,爬升,2558.3951529947917,2576.4939412434896,直连,,770,PASS,worst_obstruction_endpoint_distance,25.658533931909105,206.23485310872417,True,,端点最大距离且全时段按遮挡计损仍满足双向预算
T012,爬升,2576.4939412434896,2594.5927294921876,直连,,771,PASS,worst_obstruction_endpoint_distance,23.935643142447674,251.481823730469,True,,端点最大距离且全时段按遮挡计损仍满足双向预算
T012,巡航,2594.5927294921876,2613.6093061241936,直连,,772,PASS,worst_obstruction_endpoint_distance,20.343794916914376,380.27608351961703,True,,端点最大距离且全时段按遮挡计损仍满足双向预算
T012,巡航,2613.6093061241936,2632.625882756199,直连,,773,PASS,worst_obstruction_endpoint_distance,16.049514949605253,623.466338937083,True,,端点最大距离且全时段按遮挡计损仍满足双向预算
T012,巡航,2632.625882756199,2651.642459388205,直连,,774,PASS,worst_obstruction_endpoint_distance,12.939131831411018,891.9328651522274,True,,端点最大距离且全时段按遮挡计损仍满足双向预算
T012,巡航,2651.642459388205,2670.659036020211,直连,,775,PASS,worst_obstruction_endpoint_distance,10.594093021855073,1168.3799810635858,True,,端点最大距离且全时段按遮挡计损仍满足双向预算
T012,巡航,2670.659036020211,2689.675612652217,直连,,776,PASS,worst_obstruction_endpoint_distance,8.72893580056764,1448.2447681320716,True,,端点最大距离且全时段按遮挡计损仍满足双向预算
T012,巡航,2689.675612652217,2708.692189284223,直连,,777,PASS,worst_obstruction_endpoint_distance,7.185509592415272,1729.8692496123044,True,,端点最大距离且全时段按遮挡计损仍满足双向预算
T012,巡航,2708.692189284223,2727.7087659162285,直连,,778,PASS,worst_obstruction_endpoint_distance,5.870993404915126,2012.5148240813007,True,,端点最大距离且全时段按遮挡计损仍满足双向预算
T012,巡航,2727.7087659162285,2746.725342548234,直连,,779,PASS,worst_obstruction_endpoint_distance,4.727077525390385,2295.804390099458,True,,端点最大距离且全时段按遮挡计损仍满足双向预算
T012,巡航,2746.725342548234,2765.74191918024,直连,,780,PASS,worst_obstruction_endpoint_distance,3.7149777055149116,2579.525782409383,True,,端点最大距离且全时段按遮挡计损仍满足双向预算
T012,巡航,2765.74191918024,2784.758495812246,直连,,781,PASS,worst_obstruction_endpoint_distance,2.807677788514951,2863.5506474809567,True,,端点最大距离且全时段按遮挡计损仍满足双向预算
T012,巡航,2784.758495812246,2803.7750724442517,直连,,782,PASS,worst_obstruction_endpoint_distance,1.9856412656795612,3147.7968395884704,True,,端点最大距离且全时段按遮挡计损仍满足双向预算
T012,巡航,2803.7750724442517,2822.7916490762577,直连,,783,PASS,worst_obstruction_endpoint_distance,1.2342997133882534,3432.2093700731825,True,,端点最大距离且全时段按遮挡计损仍满足双向预算
T012,巡航,2822.7916490762577,2841.8082257082633,直连,,784,PASS,worst_obstruction_endpoint_distance,0.5425080385621612,3716.750053578153,True,,端点最大距离且全时段按遮挡计损仍满足双向预算
T012,巡航,2841.8082257082633,2860.8248023402693,中继,R003,785,PASS,worst_obstruction_endpoint_distance,2.6367184328904614,1463.702574272917,True,,端点最大距离且全时段按遮挡计损仍满足双向预算
T012,巡航,2860.8248023402693,2879.8413789722754,中继,R003,786,PASS,worst_obstruction_endpoint_distance,3.0597232739024207,1394.1278229083944,True,,端点最大距离且全时段按遮挡计损仍满足双向预算
T012,巡航,2879.8413789722754,2898.857955604281,中继,R003,787,PASS,worst_obstruction_endpoint_distance,2.861993538800405,1426.2284039160454,True,,端点最大距离且全时段按遮挡计损仍满足双向预算
T012,巡航,2898.857955604281,2917.874532236287,中继,R003,788,PASS,worst_obstruction_endpoint_distance,2.284357046148841,1524.301601715459,True,,端点最大距离且全时段按遮挡计损仍满足双向预算
T012,下降,2917.874532236287,2929.744988168904,中继,R003,789,PASS,worst_obstruction_endpoint_distance,2.2664369073968516,1527.449683797634,True,,端点最大距离且全时段按遮挡计损仍满足双向预算
T012,下降,2929.744988168904,2941.6154441015215,中继,R003,790,PASS,worst_obstruction_endpoint_distance,2.246501178587579,1530.9594906028888,True,,端点最大距离且全时段按遮挡计损仍满足双向预算
T012,投送,2941.6154441015215,2961.0000594861367,中继,R003,791,PASS,exact_point,12.246501178587579,1530.9594906028888,,,独立计算 DEM 遮挡、自由空间损耗与双向预算
T012,投送,2961.0000594861367,2980.384674870752,中继,R003,792,PASS,exact_point,12.246501178587579,1530.9594906028888,,,独立计算 DEM 遮挡、自由空间损耗与双向预算
T012,投送,2980.384674870752,2999.769290255367,中继,R003,793,PASS,exact_point,12.246501178587579,1530.9594906028888,,,独立计算 DEM 遮挡、自由空间损耗与双向预算
T012,投送,2999.769290255367,3019.153905639983,中继,R003,794,PASS,exact_point,12.246501178587579,1530.9594906028888,,,独立计算 DEM 遮挡、自由空间损耗与双向预算
T012,投送,3019.153905639983,3038.538521024598,中继,R003,795,PASS,exact_point,12.246501178587579,1530.9594906028888,,,独立计算 DEM 遮挡、自由空间损耗与双向预算
T012,投送,3038.538521024598,3057.9231364092134,中继,R003,796,PASS,exact_point,12.246501178587579,1530.9594906028888,,,独立计算 DEM 遮挡、自由空间损耗与双向预算
T012,投送,3057.9231364092134,3077.307751793829,中继,R003,797,PASS,exact_point,12.246501178587579,1530.9594906028888,,,独立计算 DEM 遮挡、自由空间损耗与双向预算
T012,投送,3077.307751793829,3096.6923671784443,中继,R003,798,PASS,exact_point,12.246501178587579,1530.9594906028888,,,独立计算 DEM 遮挡、自由空间损耗与双向预算
T012,投送,3096.6923671784443,3116.0769825630596,中继,R003,799,PASS,exact_point,12.246501178587579,1530.9594906028888,,,独立计算 DEM 遮挡、自由空间损耗与双向预算
T012,投送,3116.0769825630596,3135.461597947675,中继,R003,800,PASS,exact_point,12.246501178587579,1530.9594906028888,,,独立计算 DEM 遮挡、自由空间损耗与双向预算
T012,投送,3135.461597947675,3154.8462133322905,中继,R003,801,PASS,exact_point,12.246501178587579,1530.9594906028888,,,独立计算 DEM 遮挡、自由空间损耗与双向预算
T012,投送,3154.8462133322905,3174.2308287169058,中继,R003,802,PASS,exact_point,12.246501178587579,1530.9594906028888,,,独立计算 DEM 遮挡、自由空间损耗与双向预算
T012,投送,3174.2308287169058,3193.6154441015215,中继,R003,803,PASS,exact_point,12.246501178587579,1530.9594906028888,,,独立计算 DEM 遮挡、自由空间损耗与双向预算
T012,爬升,3193.6154441015215,3212.6081735937087,中继,R003,804,PASS,worst_obstruction_endpoint_distance,2.246501178587579,1530.9594906028888,True,,端点最大距离且全时段按遮挡计损仍满足双向预算
T012,巡航,3212.6081735937087,3231.6247502257147,中继,R003,805,PASS,worst_obstruction_endpoint_distance,2.284357046148841,1524.301601715459,True,,端点最大距离且全时段按遮挡计损仍满足双向预算
T012,巡航,3231.6247502257147,3250.6413268577203,中继,R003,806,PASS,worst_obstruction_endpoint_distance,2.861993538800405,1426.2284039160454,True,,端点最大距离且全时段按遮挡计损仍满足双向预算
T012,巡航,3250.6413268577203,3269.6579034897263,中继,R003,807,PASS,worst_obstruction_endpoint_distance,3.0597232739024207,1394.1278229083944,True,,端点最大距离且全时段按遮挡计损仍满足双向预算
T012,巡航,3269.6579034897263,3288.674480121732,中继,R003,808,PASS,worst_obstruction_endpoint_distance,2.6367184328904614,1463.702574272917,True,,端点最大距离且全时段按遮挡计损仍满足双向预算
T012,巡航,3288.674480121732,3307.691056753738,直连,,809,PASS,worst_obstruction_endpoint_distance,0.5425080385621612,3716.750053578153,True,,端点最大距离且全时段按遮挡计损仍满足双向预算
T012,巡航,3307.691056753738,3326.707633385744,直连,,810,PASS,worst_obstruction_endpoint_distance,1.2342997133882534,3432.2093700731825,True,,端点最大距离且全时段按遮挡计损仍满足双向预算
T012,巡航,3326.707633385744,3345.7242100177496,直连,,811,PASS,worst_obstruction_endpoint_distance,1.9856412656795612,3147.7968395884704,True,,端点最大距离且全时段按遮挡计损仍满足双向预算
T012,巡航,3345.7242100177496,3364.740786649755,直连,,812,PASS,worst_obstruction_endpoint_distance,2.807677788514951,2863.5506474809567,True,,端点最大距离且全时段按遮挡计损仍满足双向预算
T012,巡航,3364.740786649755,3383.757363281761,直连,,813,PASS,worst_obstruction_endpoint_distance,3.7149777055149116,2579.525782409383,True,,端点最大距离且全时段按遮挡计损仍满足双向预算
T012,巡航,3383.757363281761,3402.773939913767,直连,,814,PASS,worst_obstruction_endpoint_distance,4.727077525390385,2295.804390099458,True,,端点最大距离且全时段按遮挡计损仍满足双向预算
T012,巡航,3402.773939913767,3421.7905165457732,直连,,815,PASS,worst_obstruction_endpoint_distance,5.870993404915126,2012.5148240813007,True,,端点最大距离且全时段按遮挡计损仍满足双向预算
T012,巡航,3421.7905165457732,3440.807093177779,直连,,816,PASS,worst_obstruction_endpoint_distance,7.185509592415272,1729.8692496123044,True,,端点最大距离且全时段按遮挡计损仍满足双向预算
T012,巡航,3440.807093177779,3459.8236698097844,直连,,817,PASS,worst_obstruction_endpoint_distance,8.72893580056764,1448.2447681320716,True,,端点最大距离且全时段按遮挡计损仍满足双向预算
T012,巡航,3459.8236698097844,3478.8402464417904,直连,,818,PASS,worst_obstruction_endpoint_distance,10.594093021855073,1168.3799810635858,True,,端点最大距离且全时段按遮挡计损仍满足双向预算
T012,巡航,3478.8402464417904,3497.8568230737965,直连,,819,PASS,worst_obstruction_endpoint_distance,12.939131831411018,891.9328651522274,True,,端点最大距离且全时段按遮挡计损仍满足双向预算
T012,巡航,3497.8568230737965,3516.8733997058025,直连,,820,PASS,worst_obstruction_endpoint_distance,16.049514949605253,623.466338937083,True,,端点最大距离且全时段按遮挡计损仍满足双向预算
T012,巡航,3516.8733997058025,3535.889976337808,直连,,821,PASS,worst_obstruction_endpoint_distance,20.343794916914376,380.27608351961703,True,,端点最大距离且全时段按遮挡计损仍满足双向预算
T012,下降,3535.889976337808,3555.281535175699,直连,,822,PASS,worst_obstruction_endpoint_distance,23.935643142447674,251.481823730469,True,,端点最大距离且全时段按遮挡计损仍满足双向预算
T012,下降,3555.281535175699,3574.6730940135894,直连,,823,PASS,worst_obstruction_endpoint_distance,25.3904782078655,212.6987060546872,True,,端点最大距离且全时段按遮挡计损仍满足双向预算
T012,下降,3574.6730940135894,3594.06465285148,直连,,824,PASS,worst_obstruction_endpoint_distance,27.1390049583151,173.9155883789063,True,,端点最大距离且全时段按遮挡计损仍满足双向预算
T012,下降,3594.06465285148,3613.4562116893703,直连,,825,PASS,worst_obstruction_endpoint_distance,29.330580819997408,135.13247070312542,True,,端点最大距离且全时段按遮挡计损仍满足双向预算
T012,下降,3613.4562116893703,3632.847770527261,直连,,826,PASS,worst_obstruction_endpoint_distance,32.26879911029705,96.3493530273445,True,,端点最大距离且全时段按遮挡计损仍满足双向预算
T012,下降,3632.847770527261,3652.239329365152,直连,,827,PASS,worst_obstruction_endpoint_distance,36.742418587609194,57.56623535156268,True,,端点最大距离且全时段按遮挡计损仍满足双向预算
T012,下降,3652.239329365152,3671.6308882030426,直连,,828,PASS,worst_obstruction_endpoint_distance,45.92517525248826,20.0,True,,端点最大距离且全时段按遮挡计损仍满足双向预算
T013,爬升,2739.0,2757.0876724243167,直连,,829,PASS,worst_obstruction_endpoint_distance,41.24926306189187,34.26301727294995,True,,端点最大距离且全时段按遮挡计损仍满足双向预算
T013,爬升,2757.0876724243167,2775.175344848633,直连,,830,PASS,worst_obstruction_endpoint_distance,33.00435495025734,88.52603454589851,True,,端点最大距离且全时段按遮挡计损仍满足双向预算
T013,爬升,2775.175344848633,2793.2630172729496,直连,,831,PASS,worst_obstruction_endpoint_distance,28.851876971718013,142.7890518188484,True,,端点最大距离且全时段按遮挡计损仍满足双向预算
T013,爬升,2793.2630172729496,2811.350689697266,直连,,832,PASS,worst_obstruction_endpoint_distance,26.054155177428697,197.05206909179702,True,,端点最大距离且全时段按遮挡计损仍满足双向预算
T013,爬升,2811.350689697266,2829.438362121582,直连,,833,PASS,worst_obstruction_endpoint_distance,23.941403967071793,251.31508636474558,True,,端点最大距离且全时段按遮挡计损仍满足双向预算
T013,爬升,2829.438362121582,2847.5260345458987,直连,,834,PASS,worst_obstruction_endpoint_distance,22.24333053746038,305.5781036376955,True,,端点最大距离且全时段按遮挡计损仍满足双向预算
T013,爬升,2847.5260345458987,2865.613706970215,直连,,835,PASS,worst_obstruction_endpoint_distance,20.823559347214356,359.84112091064407,True,,端点最大距离且全时段按遮挡计损仍满足双向预算
T013,爬升,2865.613706970215,2883.7013793945316,直连,,836,PASS,worst_obstruction_endpoint_distance,19.603583756332725,414.104138183594,True,,端点最大距离且全时段按遮挡计损仍满足双向预算
T013,巡航,2883.7013793945316,2903.2264539027333,直连,,837,PASS,worst_obstruction_endpoint_distance,18.39741098882675,475.7931759032307,True,,端点最大距离且全时段按遮挡计损仍满足双向预算
T013,巡航,2903.2264539027333,2922.751528410935,直连,,838,PASS,worst_obstruction_endpoint_distance,16.02323156066953,625.3557972562114,True,,端点最大距离且全时段按遮挡计损仍满足双向预算
T013,巡航,2922.751528410935,2942.2766029191366,直连,,839,PASS,worst_obstruction_endpoint_distance,13.713939458904292,815.815186202598,True,,端点最大距离且全时段按遮挡计损仍满足双向预算
T013,巡航,2942.2766029191366,2961.8016774273383,直连,,840,PASS,worst_obstruction_endpoint_distance,11.73457387155004,1024.6134787645549,True,,端点最大距离且全时段按遮挡计损仍满足双向预算
T013,巡航,2961.8016774273383,2981.3267519355404,直连,,841,PASS,worst_obstruction_endpoint_distance,10.059569536755163,1242.5397223605517,True,,端点最大距离且全时段按遮挡计损仍满足双向预算
T013,巡航,2981.3267519355404,3000.851826443742,直连,,842,PASS,worst_obstruction_endpoint_distance,8.625895505130202,1465.527536545165,True,,端点最大距离且全时段按遮挡计损仍满足双向预算
T013,巡航,3000.851826443742,3020.3769009519438,直连,,843,PASS,worst_obstruction_endpoint_distance,7.37994272538333,1691.5764177391372,True,,端点最大距离且全时段按遮挡计损仍满足双向预算
T013,巡航,3020.3769009519438,3039.9019754601454,直连,,844,PASS,worst_obstruction_endpoint_distance,6.281536472192059,1919.6052749671428,True,,端点最大距离且全时段按遮挡计损仍满足双向预算
T013,巡航,3039.9019754601454,3059.427049968347,直连,,845,PASS,worst_obstruction_endpoint_distance,5.301111871503167,2148.983914379498,True,,端点最大距离且全时段按遮挡计损仍满足双向预算
T013,巡航,3059.427049968347,3078.952124476549,直连,,846,PASS,worst_obstruction_endpoint_distance,4.4167107952732465,2379.3219905663836,True,,端点最大距离且全时段按遮挡计损仍满足双向预算
T013,巡航,3078.952124476549,3098.4771989847504,直连,,847,PASS,worst_obstruction_endpoint_distance,3.6117486322979744,2610.3655344174194,True,,端点最大距离且全时段按遮挡计损仍满足双向预算
T013,巡航,3098.4771989847504,3118.0022734929526,直连,,848,PASS,worst_obstruction_endpoint_distance,2.8734694540850256,2841.9424923292363,True,,端点最大距离且全时段按遮挡计损仍满足双向预算
T013,巡航,3118.0022734929526,3137.527348001154,直连,,849,PASS,worst_obstruction_endpoint_distance,2.191889165852203,3073.93231124083,True,,端点最大距离且全时段按遮挡计损仍满足双向预算
T013,巡航,3137.527348001154,3157.052422509356,直连,,850,PASS,worst_obstruction_endpoint_distance,1.559066410352358,3306.248084524794,True,,端点最大距离且全时段按遮挡计损仍满足双向预算
T013,巡航,3157.052422509356,3176.5774970175576,直连,,851,PASS,worst_obstruction_endpoint_distance,0.9685919145869804,3538.825618295985,True,,端点最大距离且全时段按遮挡计损仍满足双向预算
T013,巡航,3176.5774970175576,3196.1025715257592,直连,,852,PASS,worst_obstruction_endpoint_distance,0.41522465241320106,3771.616488316685,True,,端点最大距离且全时段按遮挡计损仍满足双向预算
T013,巡航,3196.1025715257592,3215.6276460339614,中继,R004,853,PASS,worst_obstruction_endpoint_distance,0.8490302798144427,1798.1968986308907,True,,端点最大距离且全时段按遮挡计损仍满足双向预算
T013,巡航,3215.6276460339614,3235.152720542163,中继,R004,854,PASS,worst_obstruction_endpoint_distance,2.0466724140916455,1566.5892338167546,True,,端点最大距离且全时段按遮挡计损仍满足双向预算
T013,巡航,3235.152720542163,3254.6777950503647,中继,R004,855,PASS,worst_obstruction_endpoint_distance,3.4301584898653914,1335.9211753415657,True,,端点最大距离且全时段按遮挡计损仍满足双向预算
T013,巡航,3254.6777950503647,3274.2028695585664,中继,R004,856,PASS,worst_obstruction_endpoint_distance,5.064546292495137,1106.7803593719177,True,,端点最大距离且全时段按遮挡计损仍满足双向预算
T013,巡航,3274.2028695585664,3293.727944066768,中继,R004,857,PASS,worst_obstruction_endpoint_distance,7.052567845391934,880.3601302922355,True,,端点最大距离且全时段按遮挡计损仍满足双向预算
T013,巡航,3293.727944066768,3313.25301857497,中继,R004,858,PASS,worst_obstruction_endpoint_distance,9.561891354059668,659.468704394305,True,,端点最大距离且全时段按遮挡计损仍满足双向预算
T013,巡航,3313.25301857497,3332.778093083172,中继,R004,859,PASS,worst_obstruction_endpoint_distance,12.837614657622282,452.2806684940842,True,,端点最大距离且全时段按遮挡计损仍满足双向预算
T013,巡航,3332.778093083172,3352.3031675913735,中继,R004,860,PASS,worst_obstruction_endpoint_distance,16.70244194914028,289.845565882971,True,,端点最大距离且全时段按遮挡计损仍满足双向预算
T013,巡航,3352.3031675913735,3371.828242099575,中继,R004,861,PASS,worst_obstruction_endpoint_distance,13.582992870799032,415.086983475622,True,,端点最大距离且全时段按遮挡计损仍满足双向预算
T013,巡航,3371.828242099575,3391.353316607777,中继,R004,862,PASS,worst_obstruction_endpoint_distance,10.135028927687586,617.3583292313319,True,,端点最大距离且全时段按遮挡计损仍满足双向预算
T013,巡航,3391.353316607777,3410.878391115979,中继,R004,863,PASS,worst_obstruction_endpoint_distance,7.496288825348643,836.5161250342817,True,,端点最大距离且全时段按遮挡计损仍满足双向预算
T013,巡航,3410.878391115979,3430.40346562418,中继,R004,864,PASS,worst_obstruction_endpoint_distance,5.421987482213211,1062.158635121915,True,,端点最大距离且全时段按遮挡计损仍满足双向预算
T013,巡航,3430.40346562418,3449.9285401323823,中继,R004,865,PASS,worst_obstruction_endpoint_distance,3.7279916585073067,1290.889818240399,True,,端点最大距离且全时段按遮挡计损仍满足双向预算
T013,巡航,3449.9285401323823,3469.453614640584,中继,R004,866,PASS,worst_obstruction_endpoint_distance,2.30137989286807,1521.3171587343563,True,,端点最大距离且全时段按遮挡计损仍满足双向预算
T013,巡航,3469.453614640584,3488.9786891487856,中继,R004,867,PASS,worst_obstruction_endpoint_distance,1.0712674676761509,1752.7718305681353,True,,端点最大距离且全时段按遮挡计损仍满足双向预算
T013,下降,3488.9786891487856,3506.8430202034733,中继,R004,868,PASS,worst_obstruction_endpoint_distance,1.0712674676761509,1752.7718305681353,True,,端点最大距离且全时段按遮挡计损仍满足双向预算
T013,下降,3506.8430202034733,3524.7073512581605,中继,R004,869,PASS,worst_obstruction_endpoint_distance,1.079490722717381,1751.1132014983282,True,,端点最大距离且全时段按遮挡计损仍满足双向预算
T013,下降,3524.7073512581605,3542.571682312848,中继,R004,870,PASS,worst_obstruction_endpoint_distance,1.079003193774426,1751.2114922161775,True,,端点最大距离且全时段按遮挡计损仍满足双向预算
T013,下降,3542.571682312848,3560.4360133675355,中继,R004,871,PASS,worst_obstruction_endpoint_distance,1.070294308703211,1752.9682204905325,True,,端点最大距离且全时段按遮挡计损仍满足双向预算
T013,下降,3560.4360133675355,3578.300344422223,中继,R004,872,PASS,worst_obstruction_endpoint_distance,1.0559798351574585,1755.8595196313033,True,,端点最大距离且全时段按遮挡计损仍满足双向预算
T013,投送,3578.300344422223,3597.391253513132,中继,R004,873,PASS,exact_point,11.055979835157459,1755.8595196313033,,,独立计算 DEM 遮挡、自由空间损耗与双向预算
T013,投送,3597.391253513132,3616.482162604041,中继,R004,874,PASS,exact_point,11.055979835157459,1755.8595196313033,,,独立计算 DEM 遮挡、自由空间损耗与双向预算
T013,投送,3616.482162604041,3635.57307169495,中继,R004,875,PASS,exact_point,11.055979835157459,1755.8595196313033,,,独立计算 DEM 遮挡、自由空间损耗与双向预算
T013,投送,3635.57307169495,3654.663980785859,中继,R004,876,PASS,exact_point,11.055979835157459,1755.8595196313033,,,独立计算 DEM 遮挡、自由空间损耗与双向预算
T013,投送,3654.663980785859,3673.7548898767686,中继,R004,877,PASS,exact_point,11.055979835157459,1755.8595196313033,,,独立计算 DEM 遮挡、自由空间损耗与双向预算
T013,投送,3673.7548898767686,3692.8457989676776,中继,R004,878,PASS,exact_point,11.055979835157459,1755.8595196313033,,,独立计算 DEM 遮挡、自由空间损耗与双向预算
T013,投送,3692.8457989676776,3711.9367080585866,中继,R004,879,PASS,exact_point,11.055979835157459,1755.8595196313033,,,独立计算 DEM 遮挡、自由空间损耗与双向预算
T013,投送,3711.9367080585866,3731.027617149496,中继,R004,880,PASS,exact_point,11.055979835157459,1755.8595196313033,,,独立计算 DEM 遮挡、自由空间损耗与双向预算
T013,投送,3731.027617149496,3750.118526240405,中继,R004,881,PASS,exact_point,11.055979835157459,1755.8595196313033,,,独立计算 DEM 遮挡、自由空间损耗与双向预算
T013,投送,3750.118526240405,3769.209435331314,中继,R004,882,PASS,exact_point,11.055979835157459,1755.8595196313033,,,独立计算 DEM 遮挡、自由空间损耗与双向预算
T013,投送,3769.209435331314,3788.300344422223,中继,R004,883,PASS,exact_point,11.055979835157459,1755.8595196313033,,,独立计算 DEM 遮挡、自由空间损耗与双向预算
T013,爬升,3788.300344422223,3806.9090226041894,中继,R004,884,PASS,worst_obstruction_endpoint_distance,1.0559798351574585,1755.8595196313033,True,,端点最大距离且全时段按遮挡计损仍满足双向预算
T013,爬升,3806.9090226041894,3825.5177007861557,中继,R004,885,PASS,worst_obstruction_endpoint_distance,1.0729987463525248,1752.4225014587198,True,,端点最大距离且全时段按遮挡计损仍满足双向预算
T013,爬升,3825.5177007861557,3844.1263789681216,中继,R004,886,PASS,worst_obstruction_endpoint_distance,1.0806658488908738,1750.876306966168,True,,端点最大距离且全时段按遮挡计损仍满足双向预算
T013,爬升,3844.1263789681216,3862.735057150088,中继,R004,887,PASS,worst_obstruction_endpoint_distance,1.0712674676761509,1752.7718305681353,True,,端点最大距离且全时段按遮挡计损仍满足双向预算
T013,巡航,3862.735057150088,3882.2601316582895,中继,R004,888,PASS,worst_obstruction_endpoint_distance,1.0712674676761509,1752.7718305681353,True,,端点最大距离且全时段按遮挡计损仍满足双向预算
T013,巡航,3882.2601316582895,3901.7852061664917,中继,R004,889,PASS,worst_obstruction_endpoint_distance,2.30137989286807,1521.3171587343563,True,,端点最大距离且全时段按遮挡计损仍满足双向预算
T013,巡航,3901.7852061664917,3921.310280674693,中继,R004,890,PASS,worst_obstruction_endpoint_distance,3.7279916585073067,1290.889818240399,True,,端点最大距离且全时段按遮挡计损仍满足双向预算
T013,巡航,3921.310280674693,3940.835355182895,中继,R004,891,PASS,worst_obstruction_endpoint_distance,5.421987482213211,1062.158635121915,True,,端点最大距离且全时段按遮挡计损仍满足双向预算
T013,巡航,3940.835355182895,3960.3604296910967,中继,R004,892,PASS,worst_obstruction_endpoint_distance,7.496288825348643,836.5161250342817,True,,端点最大距离且全时段按遮挡计损仍满足双向预算
T013,巡航,3960.3604296910967,3979.8855041992983,中继,R004,893,PASS,worst_obstruction_endpoint_distance,10.135028927687586,617.3583292313319,True,,端点最大距离且全时段按遮挡计损仍满足双向预算
T013,巡航,3979.8855041992983,3999.4105787075,中继,R004,894,PASS,worst_obstruction_endpoint_distance,13.582992870799032,415.086983475622,True,,端点最大距离且全时段按遮挡计损仍满足双向预算
T013,巡航,3999.4105787075,4018.9356532157017,中继,R004,895,PASS,worst_obstruction_endpoint_distance,16.70244194914028,289.845565882971,True,,端点最大距离且全时段按遮挡计损仍满足双向预算
T013,巡航,4018.9356532157017,4038.460727723904,中继,R004,896,PASS,worst_obstruction_endpoint_distance,12.837614657622282,452.2806684940842,True,,端点最大距离且全时段按遮挡计损仍满足双向预算
T013,巡航,4038.460727723904,4057.985802232105,中继,R004,897,PASS,worst_obstruction_endpoint_distance,9.561891354059668,659.468704394305,True,,端点最大距离且全时段按遮挡计损仍满足双向预算
T013,巡航,4057.985802232105,4077.510876740307,中继,R004,898,PASS,worst_obstruction_endpoint_distance,7.052567845391934,880.3601302922355,True,,端点最大距离且全时段按遮挡计损仍满足双向预算
T013,巡航,4077.510876740307,4097.035951248508,中继,R004,899,PASS,worst_obstruction_endpoint_distance,5.0645462924954785,1106.7803593718747,True,,端点最大距离且全时段按遮挡计损仍满足双向预算
T013,巡航,4097.035951248508,4116.5610257567105,中继,R004,900,PASS,worst_obstruction_endpoint_distance,3.4301584898653914,1335.9211753415657,True,,端点最大距离且全时段按遮挡计损仍满足双向预算
T013,巡航,4116.5610257567105,4136.086100264913,中继,R004,901,PASS,worst_obstruction_endpoint_distance,2.0466724140916455,1566.5892338167546,True,,端点最大距离且全时段按遮挡计损仍满足双向预算
T013,巡航,4136.086100264913,4155.611174773114,中继,R004,902,PASS,worst_obstruction_endpoint_distance,0.8490302798144427,1798.1968986308907,True,,端点最大距离且全时段按遮挡计损仍满足双向预算
T013,巡航,4155.611174773114,4175.136249281316,直连,,903,PASS,worst_obstruction_endpoint_distance,0.41522465241320106,3771.616488316685,True,,端点最大距离且全时段按遮挡计损仍满足双向预算
T013,巡航,4175.136249281316,4194.661323789518,直连,,904,PASS,worst_obstruction_endpoint_distance,0.9685919145869804,3538.825618295985,True,,端点最大距离且全时段按遮挡计损仍满足双向预算
T013,巡航,4194.661323789518,4214.186398297719,直连,,905,PASS,worst_obstruction_endpoint_distance,1.559066410352358,3306.248084524794,True,,端点最大距离且全时段按遮挡计损仍满足双向预算
T013,巡航,4214.186398297719,4233.7114728059205,直连,,906,PASS,worst_obstruction_endpoint_distance,2.191889165852203,3073.93231124083,True,,端点最大距离且全时段按遮挡计损仍满足双向预算
T013,巡航,4233.7114728059205,4253.236547314123,直连,,907,PASS,worst_obstruction_endpoint_distance,2.8734694540850256,2841.9424923292363,True,,端点最大距离且全时段按遮挡计损仍满足双向预算
T013,巡航,4253.236547314123,4272.761621822325,直连,,908,PASS,worst_obstruction_endpoint_distance,3.6117486322979744,2610.3655344174194,True,,端点最大距离且全时段按遮挡计损仍满足双向预算
T013,巡航,4272.761621822325,4292.286696330526,直连,,909,PASS,worst_obstruction_endpoint_distance,4.4167107952732465,2379.3219905663836,True,,端点最大距离且全时段按遮挡计损仍满足双向预算
T013,巡航,4292.286696330526,4311.811770838728,直连,,910,PASS,worst_obstruction_endpoint_distance,5.301111871503167,2148.983914379498,True,,端点最大距离且全时段按遮挡计损仍满足双向预算
T013,巡航,4311.811770838728,4331.33684534693,直连,,911,PASS,worst_obstruction_endpoint_distance,6.281536472192059,1919.6052749671428,True,,端点最大距离且全时段按遮挡计损仍满足双向预算
T013,巡航,4331.33684534693,4350.861919855131,直连,,912,PASS,worst_obstruction_endpoint_distance,7.37994272538333,1691.5764177391372,True,,端点最大距离且全时段按遮挡计损仍满足双向预算
T013,巡航,4350.861919855131,4370.386994363333,直连,,913,PASS,worst_obstruction_endpoint_distance,8.625895505130202,1465.527536545165,True,,端点最大距离且全时段按遮挡计损仍满足双向预算
T013,巡航,4370.386994363333,4389.912068871535,直连,,914,PASS,worst_obstruction_endpoint_distance,10.059569536755163,1242.5397223605517,True,,端点最大距离且全时段按遮挡计损仍满足双向预算
T013,巡航,4389.912068871535,4409.437143379737,直连,,915,PASS,worst_obstruction_endpoint_distance,11.73457387155004,1024.6134787645549,True,,端点最大距离且全时段按遮挡计损仍满足双向预算
T013,巡航,4409.437143379737,4428.962217887938,直连,,916,PASS,worst_obstruction_endpoint_distance,13.713939458904292,815.815186202598,True,,端点最大距离且全时段按遮挡计损仍满足双向预算
T013,巡航,4428.962217887938,4448.48729239614,直连,,917,PASS,worst_obstruction_endpoint_distance,16.02323156066899,625.3557972562493,True,,端点最大距离且全时段按遮挡计损仍满足双向预算
T013,巡航,4448.48729239614,4468.012366904342,直连,,918,PASS,worst_obstruction_endpoint_distance,18.39741098882675,475.7931759032307,True,,端点最大距离且全时段按遮挡计损仍满足双向预算
T013,下降,4468.012366904342,4487.3058841569455,直连,,919,PASS,worst_obstruction_endpoint_distance,19.603583756332725,414.104138183594,True,,端点最大距离且全时段按遮挡计损仍满足双向预算
T013,下降,4487.3058841569455,4506.59940140955,直连,,920,PASS,worst_obstruction_endpoint_distance,20.67923096631543,365.87034505208607,True,,端点最大距离且全时段按遮挡计损仍满足双向预算
T013,下降,4506.59940140955,4525.892918662154,直连,,921,PASS,worst_obstruction_endpoint_distance,21.907165707290872,317.6365519205736,True,,端点最大距离且全时段按遮挡计损仍满足双向预算
T013,下降,4525.892918662154,4545.1864359147585,直连,,922,PASS,worst_obstruction_endpoint_distance,23.337734390683906,269.4027587890634,True,,端点最大距离且全时段按遮挡计损仍满足双向预算
T013,下降,4545.1864359147585,4564.479953167363,直连,,923,PASS,worst_obstruction_endpoint_distance,25.05129142823644,221.1689656575532,True,,端点最大距离且全时段按遮挡计损仍满足双向预算
T013,下降,4564.479953167363,4583.7734704199665,直连,,924,PASS,worst_obstruction_endpoint_distance,27.18810853562924,172.93517252604073,True,,端点最大距离且全时段按遮挡计损仍满足双向预算
T013,下降,4583.7734704199665,4603.0669876725715,直连,,925,PASS,worst_obstruction_endpoint_distance,30.02835001598521,124.70137939453286,True,,端点最大距离且全时段按遮挡计损仍满足双向预算
T013,下降,4603.0669876725715,4622.3605049251755,直连,,926,PASS,worst_obstruction_endpoint_distance,34.276227532041716,76.4675862630204,True,,端点最大距离且全时段按遮挡计损仍满足双向预算
T013,下降,4622.3605049251755,4641.65402217778,直连,,927,PASS,worst_obstruction_endpoint_distance,42.93039059934276,28.233793131510197,True,,端点最大距离且全时段按遮挡计损仍满足双向预算
T014,爬升,2823.0,2841.2987226213727,直连,,928,PASS,worst_obstruction_endpoint_distance,41.09022041847288,34.8961678641181,True,,端点最大距离且全时段按遮挡计损仍满足双向预算
T014,爬升,2841.2987226213727,2859.5974452427454,直连,,929,PASS,worst_obstruction_endpoint_distance,32.88098978943424,89.7923357282362,True,,端点最大距离且全时段按遮挡计损仍满足双向预算
T014,爬升,2859.5974452427454,2877.896167864118,直连,,930,PASS,worst_obstruction_endpoint_distance,28.737094664292826,144.68850359235432,True,,端点最大距离且全时段按遮挡计损仍满足双向预算
T014,爬升,2877.896167864118,2896.194890485491,直连,,931,PASS,worst_obstruction_endpoint_distance,25.943231496630872,199.58467145647376,True,,端点最大距离且全时段按遮挡计损仍满足双向预算
T014,爬升,2896.194890485491,2914.493613106864,直连,,932,PASS,worst_obstruction_endpoint_distance,23.832673396210197,254.48083932059183,True,,端点最大距离且全时段按遮挡计损仍满足双向预算
T014,爬升,2914.493613106864,2932.7923357282366,直连,,933,PASS,worst_obstruction_endpoint_distance,22.136014487477,309.37700718470995,True,,端点最大距离且全时段按遮挡计损仍满足双向预算
T014,爬升,2932.7923357282366,2951.0910583496093,直连,,934,PASS,worst_obstruction_endpoint_distance,20.717231343301734,364.273175048828,True,,端点最大距离且全时段按遮挡计损仍满足双向预算
T014,巡航,2951.0910583496093,2969.984924997995,直连,,935,PASS,worst_obstruction_endpoint_distance,18.661672477929415,461.5355244926001,True,,端点最大距离且全时段按遮挡计损仍满足双向预算
T014,巡航,2969.984924997995,2988.8787916463816,直连,,936,PASS,worst_obstruction_endpoint_distance,15.375452699934556,673.7769091431577,True,,端点最大距离且全时段按遮挡计损仍满足双向预算
T014,巡航,2988.8787916463816,3007.7726582947676,直连,,937,PASS,worst_obstruction_endpoint_distance,12.623190271631984,924.9734022323017,True,,端点最大距离且全时段按遮挡计损仍满足双向预算
T014,巡航,3007.7726582947676,3026.666524943154,直连,,938,PASS,worst_obstruction_endpoint_distance,10.429575041650054,1190.7209811695823,True,,端点最大距离且全时段按遮挡计损仍满足双向预算
T014,巡航,3026.666524943154,3045.56039159154,直连,,939,PASS,worst_obstruction_endpoint_distance,8.640222545108585,1463.112197944657,True,,端点最大距离且全时段按遮挡计损仍满足双向预算
T014,巡航,3045.56039159154,3064.4542582399263,直连,,940,PASS,worst_obstruction_endpoint_distance,7.139643736160679,1739.027987459995,True,,端点最大距离且全时段按遮挡计损仍满足双向预算
T014,巡航,3064.4542582399263,3083.348124888312,直连,,941,PASS,worst_obstruction_endpoint_distance,5.851560521092864,2017.0224508369258,True,,端点最大距离且全时段按遮挡计损仍满足双向预算
T014,巡航,3083.348124888312,3102.241991536698,直连,,942,PASS,worst_obstruction_endpoint_distance,4.725048394892426,2296.340780852931,True,,端点最大距离且全时段按遮挡计损仍满足双向预算
T014,巡航,3102.241991536698,3121.1358581850845,直连,,943,PASS,worst_obstruction_endpoint_distance,3.7249953747456317,2576.552461149355,True,,端点最大距离且全时段按遮挡计损仍满足双向预算
T014,巡航,3121.1358581850845,3140.0297248334705,直连,,944,PASS,worst_obstruction_endpoint_distance,2.8263705191290995,2857.394683434026,True,,端点最大距离且全时段按遮挡计损仍满足双向预算
T014,巡航,3140.0297248334705,3158.9235914818564,直连,,945,PASS,worst_obstruction_endpoint_distance,2.010784013786548,3138.6981946975716,True,,端点最大距离且全时段按遮挡计损仍满足双向预算
T014,巡航,3158.9235914818564,3177.817458130243,直连,,946,PASS,worst_obstruction_endpoint_distance,1.2643662606990915,3420.3491819541655,True,,端点最大距离且全时段按遮挡计损仍满足双向预算
T014,巡航,3177.817458130243,3196.7113247786288,直连,,947,PASS,worst_obstruction_endpoint_distance,0.5764172950555349,3702.2683430850543,True,,端点最大距离且全时段按遮挡计损仍满足双向预算
T014,巡航,3196.7113247786288,3215.605191427015,中继,R004,948,PASS,worst_obstruction_endpoint_distance,0.5970868152485878,1851.1193369976415,True,,端点最大距离且全时段按遮挡计损仍满足双向预算
T014,巡航,3215.605191427015,3234.499058075401,中继,R004,949,PASS,worst_obstruction_endpoint_distance,2.0387268612306,1568.0229513815293,True,,端点最大距离且全时段按遮挡计损仍满足双向预算
T014,巡航,3234.499058075401,3253.3929247237875,中继,R004,950,PASS,worst_obstruction_endpoint_distance,3.76728039508761,1285.0639442954207,True,,端点最大距离且全时段按遮挡计损仍满足双向预算
T014,下降,3253.3929247237875,3269.74024222867,中继,R004,951,PASS,worst_obstruction_endpoint_distance,5.925312180250401,1002.3586655558703,True,,端点最大距离且全时段按遮挡计损仍满足双向预算
T014,下降,3269.74024222867,3286.087559733553,中继,R004,952,PASS,worst_obstruction_endpoint_distance,5.9229777164137545,1002.6281007700978,True,,端点最大距离且全时段按遮挡计损仍满足双向预算
T014,下降,3286.087559733553,3302.4348772384355,中继,R004,953,PASS,worst_obstruction_endpoint_distance,5.900223455630936,1005.258110028668,True,,端点最大距离且全时段按遮挡计损仍满足双向预算
T014,下降,3302.4348772384355,3318.7821947433185,中继,R004,954,PASS,worst_obstruction_endpoint_distance,5.863329893920252,1009.5370532937532,True,,端点最大距离且全时段按遮挡计损仍满足双向预算
T014,投送,3318.7821947433185,3337.8731038342275,中继,R004,955,PASS,exact_point,15.863329893920252,1009.5370532937532,,,独立计算 DEM 遮挡、自由空间损耗与双向预算
T014,投送,3337.8731038342275,3356.9640129251366,中继,R004,956,PASS,exact_point,15.863329893920252,1009.5370532937532,,,独立计算 DEM 遮挡、自由空间损耗与双向预算
T014,投送,3356.9640129251366,3376.0549220160456,中继,R004,957,PASS,exact_point,15.863329893920252,1009.5370532937532,,,独立计算 DEM 遮挡、自由空间损耗与双向预算
T014,投送,3376.0549220160456,3395.145831106955,中继,R004,958,PASS,exact_point,15.863329893920252,1009.5370532937532,,,独立计算 DEM 遮挡、自由空间损耗与双向预算
T014,投送,3395.145831106955,3414.236740197864,中继,R004,959,PASS,exact_point,15.863329893920252,1009.5370532937532,,,独立计算 DEM 遮挡、自由空间损耗与双向预算
T014,投送,3414.236740197864,3433.327649288773,中继,R004,960,PASS,exact_point,15.863329893920252,1009.5370532937532,,,独立计算 DEM 遮挡、自由空间损耗与双向预算
T014,投送,3433.327649288773,3452.418558379682,中继,R004,961,PASS,exact_point,15.863329893920252,1009.5370532937532,,,独立计算 DEM 遮挡、自由空间损耗与双向预算
T014,投送,3452.418558379682,3471.5094674705915,中继,R004,962,PASS,exact_point,15.863329893920252,1009.5370532937532,,,独立计算 DEM 遮挡、自由空间损耗与双向预算
T014,投送,3471.5094674705915,3490.6003765615005,中继,R004,963,PASS,exact_point,15.863329893920252,1009.5370532937532,,,独立计算 DEM 遮挡、自由空间损耗与双向预算
T014,投送,3490.6003765615005,3509.6912856524095,中继,R004,964,PASS,exact_point,15.863329893920252,1009.5370532937532,,,独立计算 DEM 遮挡、自由空间损耗与双向预算
T014,投送,3509.6912856524095,3528.7821947433185,中继,R004,965,PASS,exact_point,15.863329893920252,1009.5370532937532,,,独立计算 DEM 遮挡、自由空间损耗与双向预算
T014,爬升,3528.7821947433185,3546.9458808598547,中继,R004,966,PASS,worst_obstruction_endpoint_distance,5.863329893920252,1009.5370532937532,True,,端点最大距离且全时段按遮挡计损仍满足双向预算
T014,爬升,3546.9458808598547,3565.1095669763918,中继,R004,967,PASS,worst_obstruction_endpoint_distance,5.909393154225469,1004.1974184592474,True,,端点最大距离且全时段按遮挡计损仍满足双向预算
T014,爬升,3565.1095669763918,3583.273253092928,中继,R004,968,PASS,worst_obstruction_endpoint_distance,5.925312180250401,1002.3586655558703,True,,端点最大距离且全时段按遮挡计损仍满足双向预算
T014,巡航,3583.273253092928,3602.1671197413143,中继,R004,969,PASS,worst_obstruction_endpoint_distance,3.76728039508761,1285.0639442954207,True,,端点最大距离且全时段按遮挡计损仍满足双向预算
T014,巡航,3602.1671197413143,3621.0609863897002,中继,R004,970,PASS,worst_obstruction_endpoint_distance,2.0387268612306,1568.0229513815293,True,,端点最大距离且全时段按遮挡计损仍满足双向预算
T014,巡航,3621.0609863897002,3639.954853038086,中继,R004,971,PASS,worst_obstruction_endpoint_distance,0.5970868152485878,1851.1193369976415,True,,端点最大距离且全时段按遮挡计损仍满足双向预算
T014,巡航,3639.954853038086,3658.8487196864726,直连,,972,PASS,worst_obstruction_endpoint_distance,0.5764172950555349,3702.2683430850543,True,,端点最大距离且全时段按遮挡计损仍满足双向预算
T014,巡航,3658.8487196864726,3677.7425863348585,直连,,973,PASS,worst_obstruction_endpoint_distance,1.2643662606990915,3420.3491819541655,True,,端点最大距离且全时段按遮挡计损仍满足双向预算
T014,巡航,3677.7425863348585,3696.6364529832445,直连,,974,PASS,worst_obstruction_endpoint_distance,2.010784013786548,3138.6981946975716,True,,端点最大距离且全时段按遮挡计损仍满足双向预算
T014,巡航,3696.6364529832445,3715.530319631631,直连,,975,PASS,worst_obstruction_endpoint_distance,2.8263705191290995,2857.394683434026,True,,端点最大距离且全时段按遮挡计损仍满足双向预算
T014,巡航,3715.530319631631,3734.424186280017,直连,,976,PASS,worst_obstruction_endpoint_distance,3.7249953747456317,2576.552461149355,True,,端点最大距离且全时段按遮挡计损仍满足双向预算
T014,巡航,3734.424186280017,3753.3180529284027,直连,,977,PASS,worst_obstruction_endpoint_distance,4.725048394892241,2296.34078085298,True,,端点最大距离且全时段按遮挡计损仍满足双向预算
T014,巡航,3753.3180529284027,3772.211919576789,直连,,978,PASS,worst_obstruction_endpoint_distance,5.851560521092864,2017.0224508369258,True,,端点最大距离且全时段按遮挡计损仍满足双向预算
T014,巡航,3772.211919576789,3791.1057862251755,直连,,979,PASS,worst_obstruction_endpoint_distance,7.139643736160679,1739.027987459995,True,,端点最大距离且全时段按遮挡计损仍满足双向预算
T014,巡航,3791.1057862251755,3809.9996528735614,直连,,980,PASS,worst_obstruction_endpoint_distance,8.64022254510887,1463.1121979446089,True,,端点最大距离且全时段按遮挡计损仍满足双向预算
T014,巡航,3809.9996528735614,3828.8935195219474,直连,,981,PASS,worst_obstruction_endpoint_distance,10.429575041650054,1190.7209811695823,True,,端点最大距离且全时段按遮挡计损仍满足双向预算
T014,巡航,3828.8935195219474,3847.787386170334,直连,,982,PASS,worst_obstruction_endpoint_distance,12.623190271631984,924.9734022323017,True,,端点最大距离且全时段按遮挡计损仍满足双向预算
T014,巡航,3847.787386170334,3866.6812528187197,直连,,983,PASS,worst_obstruction_endpoint_distance,15.375452699934556,673.7769091431577,True,,端点最大距离且全时段按遮挡计损仍满足双向预算
T014,巡航,3866.6812528187197,3885.5751194671057,直连,,984,PASS,worst_obstruction_endpoint_distance,18.661672477929415,461.5355244926001,True,,端点最大距离且全时段按遮挡计损仍满足双向预算
T014,下降,3885.5751194671057,3904.7887782195476,直连,,985,PASS,worst_obstruction_endpoint_distance,20.717231343301734,364.273175048828,True,,端点最大距离且全时段按遮挡计损仍满足双向预算
T014,下降,3904.7887782195476,3924.0024369719886,直连,,986,PASS,worst_obstruction_endpoint_distance,21.94546583158437,316.23902816772323,True,,端点最大距离且全时段按遮挡计损仍满足双向预算
T014,下降,3924.0024369719886,3943.21609572443,直连,,987,PASS,worst_obstruction_endpoint_distance,23.376441612193588,268.2048812866207,True,,端点最大距离且全时段按遮挡计损仍满足双向预算
T014,下降,3943.21609572443,3962.4297544768715,直连,,988,PASS,worst_obstruction_endpoint_distance,25.09058334452186,220.17073440551707,True,,端点最大距离且全时段按遮挡计损仍满足双向预算
T014,下降,3962.4297544768715,3981.6434132293125,直连,,989,PASS,worst_obstruction_endpoint_distance,27.22831138255657,172.13658752441341,True,,端点最大距离且全时段按遮挡计损仍满足双向预算
T014,下降,3981.6434132293125,4000.8570719817544,直连,,990,PASS,worst_obstruction_endpoint_distance,30.07016871427848,124.1024406433109,True,,端点最大距离且全时段按遮挡计损仍满足双向预算
T014,下降,4000.8570719817544,4020.0707307341954,直连,,991,PASS,worst_obstruction_endpoint_distance,34.32170166595188,76.06829376220617,True,,端点最大距离且全时段按遮挡计损仍满足双向预算
T014,下降,4020.0707307341954,4039.284389486637,直连,,992,PASS,worst_obstruction_endpoint_distance,42.992028277010945,28.034146881103652,True,,端点最大距离且全时段按遮挡计损仍满足双向预算
T015,爬升,4152.0,4171.380881347656,直连,,993,PASS,worst_obstruction_endpoint_distance,42.86345708049137,28.452203369140676,True,,端点最大距离且全时段按遮挡计损仍满足双向预算
T015,爬升,4171.380881347656,4190.761762695312,直连,,994,PASS,worst_obstruction_endpoint_distance,34.22675064092644,76.90440673828135,True,,端点最大距离且全时段按遮挡计损仍满足双向预算
T015,爬升,4190.761762695312,4210.142644042969,直连,,995,PASS,worst_obstruction_endpoint_distance,29.982830377148545,125.356610107422,True,,端点最大距离且全时段按遮挡计损仍满足双向预算
T015,巡航,4210.142644042969,4228.651666483214,直连,,996,PASS,worst_obstruction_endpoint_distance,22.2704985239005,304.6238004959094,True,,端点最大距离且全时段按遮挡计损仍满足双向预算
T015,巡航,4228.651666483214,4247.160688923459,直连,,997,PASS,worst_obstruction_endpoint_distance,16.83979160829456,569.2449386880037,True,,端点最大距离且全时段按遮挡计损仍满足双向预算
T015,巡航,4247.160688923459,4265.669711363705,直连,,998,PASS,worst_obstruction_endpoint_distance,13.436577431180993,842.286590702294,True,,端点最大距离且全时段按遮挡计损仍满足双向预算
T015,巡航,4265.669711363705,4284.17873380395,直连,,999,PASS,worst_obstruction_endpoint_distance,10.980093890191213,1117.5940057971984,True,,端点最大距离且全时段按遮挡计损仍满足双向预算
T015,巡航,4284.17873380395,4302.687756244195,直连,,1000,PASS,worst_obstruction_endpoint_distance,9.06160871006314,1393.8252340138579,True,,端点最大距离且全时段按遮挡计损仍满足双向预算
T015,巡航,4302.687756244195,4321.196778684441,直连,,1001,PASS,worst_obstruction_endpoint_distance,7.488730846575692,1670.5220634325021,True,,端点最大距离且全时段按遮挡计损仍满足双向预算
T015,巡航,4321.196778684441,4339.705801124686,直连,,1002,PASS,worst_obstruction_endpoint_distance,6.156288066488344,1947.4860477341674,True,,端点最大距离且全时段按遮挡计损仍满足双向预算
T015,巡航,4339.705801124686,4358.214823564931,直连,,1003,PASS,worst_obstruction_endpoint_distance,5.000668542679023,2224.6174071251694,True,,端点最大距离且全时段按遮挡计损仍满足双向预算
T015,巡航,4358.214823564931,4376.723846005177,直连,,1004,PASS,worst_obstruction_endpoint_distance,3.9805132818098343,2501.8605217539953,True,,端点最大距离且全时段按遮挡计损仍满足双向预算
T015,巡航,4376.723846005177,4395.232868445422,直连,,1005,PASS,worst_obstruction_endpoint_distance,3.067435566266326,2779.1819466890624,True,,端点最大距离且全时段按遮挡计损仍满足双向预算
T015,巡航,4395.232868445422,4413.741890885667,直连,,1006,PASS,worst_obstruction_endpoint_distance,2.2411156161546586,3056.5603667445057,True,,端点最大距离且全时段按遮挡计损仍满足双向预算
T015,下降,4413.741890885667,4428.584659236904,直连,,1007,PASS,worst_obstruction_endpoint_distance,2.2411156161546586,3056.5603667445057,True,,端点最大距离且全时段按遮挡计损仍满足双向预算
T015,下降,4428.584659236904,4443.427427588142,直连,,1008,PASS,worst_obstruction_endpoint_distance,2.2441667585877525,3055.4868597560912,True,,端点最大距离且全时段按遮挡计损仍满足双向预算
T015,下降,4443.427427588142,4458.270195939378,直连,,1009,PASS,worst_obstruction_endpoint_distance,2.246399680237957,3054.701472633553,True,,端点最大距离且全时段按遮挡计损仍满足双向预算
T015,投送,4458.270195939378,4478.070195939378,直连,,1010,PASS,exact_point,2.2478131175972464,3054.2044276465326,,,独立计算 DEM 遮挡、自由空间损耗与双向预算
T015,投送,4478.070195939378,4497.870195939378,直连,,1011,PASS,exact_point,2.2478131175972464,3054.2044276465326,,,独立计算 DEM 遮挡、自由空间损耗与双向预算
T015,投送,4497.870195939378,4517.670195939379,直连,,1012,PASS,exact_point,2.2478131175972464,3054.2044276465326,,,独立计算 DEM 遮挡、自由空间损耗与双向预算
T015,投送,4517.670195939379,4537.470195939379,直连,,1013,PASS,exact_point,2.2478131175972464,3054.2044276465326,,,独立计算 DEM 遮挡、自由空间损耗与双向预算
T015,投送,4537.470195939379,4557.270195939378,直连,,1014,PASS,exact_point,2.2478131175972464,3054.2044276465326,,,独立计算 DEM 遮挡、自由空间损耗与双向预算
T015,投送,4557.270195939378,4577.070195939378,直连,,1015,PASS,exact_point,2.2478131175972464,3054.2044276465326,,,独立计算 DEM 遮挡、自由空间损耗与双向预算
T015,投送,4577.070195939378,4596.870195939378,直连,,1016,PASS,exact_point,2.2478131175972464,3054.2044276465326,,,独立计算 DEM 遮挡、自由空间损耗与双向预算
T015,投送,4596.870195939378,4616.670195939379,直连,,1017,PASS,exact_point,2.2478131175972464,3054.2044276465326,,,独立计算 DEM 遮挡、自由空间损耗与双向预算
T015,投送,4616.670195939379,4636.470195939379,直连,,1018,PASS,exact_point,2.2478131175972464,3054.2044276465326,,,独立计算 DEM 遮挡、自由空间损耗与双向预算
T015,投送,4636.470195939379,4656.270195939378,直连,,1019,PASS,exact_point,2.2478131175972464,3054.2044276465326,,,独立计算 DEM 遮挡、自由空间损耗与双向预算
T015,投送,4656.270195939378,4676.070195939378,直连,,1020,PASS,exact_point,2.2478131175972464,3054.2044276465326,,,独立计算 DEM 遮挡、自由空间损耗与双向预算
T015,投送,4676.070195939378,4695.870195939378,直连,,1021,PASS,exact_point,2.2478131175972464,3054.2044276465326,,,独立计算 DEM 遮挡、自由空间损耗与双向预算
T015,投送,4695.870195939378,4715.670195939379,直连,,1022,PASS,exact_point,2.2478131175972464,3054.2044276465326,,,独立计算 DEM 遮挡、自由空间损耗与双向预算
T015,投送,4715.670195939379,4735.470195939379,直连,,1023,PASS,exact_point,2.2478131175972464,3054.2044276465326,,,独立计算 DEM 遮挡、自由空间损耗与双向预算
T015,投送,4735.470195939379,4755.270195939378,直连,,1024,PASS,exact_point,2.2478131175972464,3054.2044276465326,,,独立计算 DEM 遮挡、自由空间损耗与双向预算
T015,投送,4755.270195939378,4775.070195939378,直连,,1025,PASS,exact_point,2.2478131175972464,3054.2044276465326,,,独立计算 DEM 遮挡、自由空间损耗与双向预算
T015,投送,4775.070195939378,4794.870195939378,直连,,1026,PASS,exact_point,2.2478131175972464,3054.2044276465326,,,独立计算 DEM 遮挡、自由空间损耗与双向预算
T015,投送,4794.870195939378,4814.670195939379,直连,,1027,PASS,exact_point,2.2478131175972464,3054.2044276465326,,,独立计算 DEM 遮挡、自由空间损耗与双向预算
T015,投送,4814.670195939379,4834.470195939379,直连,,1028,PASS,exact_point,2.2478131175972464,3054.2044276465326,,,独立计算 DEM 遮挡、自由空间损耗与双向预算
T015,投送,4834.470195939379,4854.270195939378,直连,,1029,PASS,exact_point,2.2478131175972464,3054.2044276465326,,,独立计算 DEM 遮挡、自由空间损耗与双向预算
T015,爬升,4854.270195939378,4872.081517960863,直连,,1030,PASS,worst_obstruction_endpoint_distance,2.2453855868061083,3055.0581354130627,True,,端点最大距离且全时段按遮挡计损仍满足双向预算
T015,爬升,4872.081517960863,4889.892839982347,直连,,1031,PASS,worst_obstruction_endpoint_distance,2.2411156161546586,3056.5603667445057,True,,端点最大距离且全时段按遮挡计损仍满足双向预算
T015,巡航,4889.892839982347,4908.401862422593,直连,,1032,PASS,worst_obstruction_endpoint_distance,2.2411156161546586,3056.5603667445057,True,,端点最大距离且全时段按遮挡计损仍满足双向预算
T015,巡航,4908.401862422593,4926.9108848628375,直连,,1033,PASS,worst_obstruction_endpoint_distance,3.067435566266326,2779.1819466890624,True,,端点最大距离且全时段按遮挡计损仍满足双向预算
T015,巡航,4926.9108848628375,4945.419907303083,直连,,1034,PASS,worst_obstruction_endpoint_distance,3.9805132818098343,2501.8605217539953,True,,端点最大距离且全时段按遮挡计损仍满足双向预算
T015,巡航,4945.419907303083,4963.928929743329,直连,,1035,PASS,worst_obstruction_endpoint_distance,5.000668542679023,2224.6174071251694,True,,端点最大距离且全时段按遮挡计损仍满足双向预算
T015,巡航,4963.928929743329,4982.4379521835735,直连,,1036,PASS,worst_obstruction_endpoint_distance,6.156288066488344,1947.4860477341674,True,,端点最大距离且全时段按遮挡计损仍满足双向预算
T015,巡航,4982.4379521835735,5000.946974623819,直连,,1037,PASS,worst_obstruction_endpoint_distance,7.488730846575692,1670.5220634325021,True,,端点最大距离且全时段按遮挡计损仍满足双向预算
T015,巡航,5000.946974623819,5019.455997064064,直连,,1038,PASS,worst_obstruction_endpoint_distance,9.06160871006314,1393.8252340138579,True,,端点最大距离且全时段按遮挡计损仍满足双向预算
T015,巡航,5019.455997064064,5037.96501950431,直连,,1039,PASS,worst_obstruction_endpoint_distance,10.980093890191213,1117.5940057971984,True,,端点最大距离且全时段按遮挡计损仍满足双向预算
T015,巡航,5037.96501950431,5056.474041944555,直连,,1040,PASS,worst_obstruction_endpoint_distance,13.436577431180993,842.286590702294,True,,端点最大距离且全时段按遮挡计损仍满足双向预算
T015,巡航,5056.474041944555,5074.9830643848,直连,,1041,PASS,worst_obstruction_endpoint_distance,16.83979160829456,569.2449386880037,True,,端点最大距离且全时段按遮挡计损仍满足双向预算
T015,巡航,5074.9830643848,5093.492086825046,直连,,1042,PASS,worst_obstruction_endpoint_distance,22.2704985239005,304.6238004959094,True,,端点最大距离且全时段按遮挡计损仍满足双向预算
T015,下降,5093.492086825046,5111.661663088474,直连,,1043,PASS,worst_obstruction_endpoint_distance,29.982830377148545,125.356610107422,True,,端点最大距离且全时段按遮挡计损仍满足双向预算
T015,下降,5111.661663088474,5129.831239351901,直连,,1044,PASS,worst_obstruction_endpoint_distance,32.9562714401918,89.01745758056603,True,,端点最大距离且全时段按遮挡计损仍满足双向预算
T015,下降,5129.831239351901,5148.000815615329,直连,,1045,PASS,worst_obstruction_endpoint_distance,37.51313930757439,52.67830505371191,True,,端点最大距离且全时段按遮挡计损仍满足双向预算
T015,下降,5148.000815615329,5166.170391878757,直连,,1046,PASS,worst_obstruction_endpoint_distance,45.92517525248826,20.0,True,,端点最大距离且全时段按遮挡计损仍满足双向预算
T016,爬升,4340.0,4358.504135640463,直连,,1047,PASS,worst_obstruction_endpoint_distance,40.93817299698006,35.512406921388134,True,,端点最大距离且全时段按遮挡计损仍满足双向预算
T016,爬升,4358.504135640463,4377.008271280924,直连,,1048,PASS,worst_obstruction_endpoint_distance,32.76257917737007,91.02481384277351,True,,端点最大距离且全时段按遮挡计损仍满足双向预算
T016,爬升,4377.008271280924,4395.512406921387,直连,,1049,PASS,worst_obstruction_endpoint_distance,28.626816157375487,146.5372207641616,True,,端点最大距离且全时段按遮挡计损仍满足双向预算
T016,爬升,4395.512406921387,4414.016542561849,直连,,1050,PASS,worst_obstruction_endpoint_distance,25.836614075565635,202.04962768554702,True,,端点最大距离且全时段按遮挡计损仍满足双向预算
T016,爬升,4414.016542561849,4432.5206782023115,直连,,1051,PASS,worst_obstruction_endpoint_distance,23.728138223056888,257.56203460693513,True,,端点最大距离且全时段按遮挡计损仍满足双向预算
T016,爬升,4432.5206782023115,4451.024813842773,直连,,1052,PASS,worst_obstruction_endpoint_distance,22.032822874833954,313.0744415283205,True,,端点最大距离且全时段按遮挡计损仍满足双向预算
T016,爬升,4451.024813842773,4469.528949483236,直连,,1053,PASS,worst_obstruction_endpoint_distance,20.614978463875502,368.5868484497086,True,,端点最大距离且全时段按遮挡计损仍满足双向预算
T016,爬升,4469.528949483236,4488.033085123698,直连,,1054,PASS,worst_obstruction_endpoint_distance,19.396424967151802,424.099255371094,True,,端点最大距离且全时段按遮挡计损仍满足双向预算
T016,巡航,4488.033085123698,4507.110775825524,直连,,1055,PASS,worst_obstruction_endpoint_distance,17.766895121913237,511.6158636829078,True,,端点最大距离且全时段按遮挡计损仍满足双向预算
T016,巡航,4507.110775825524,4526.18846652735,直连,,1056,PASS,worst_obstruction_endpoint_distance,14.892076823385764,712.3360391482996,True,,端点最大距离且全时段按遮挡计损仍满足双向预算
T016,巡航,4526.18846652735,4545.266157229176,直连,,1057,PASS,worst_obstruction_endpoint_distance,12.322670535858677,957.5362658919046,True,,端点最大距离且全时段按遮挡计损仍满足双向预算
T016,巡航,4545.266157229176,4564.3438479310025,直连,,1058,PASS,worst_obstruction_endpoint_distance,10.213591886626759,1220.7006166374656,True,,端点最大距离且全时段按遮挡计损仍满足双向预算
T016,巡航,4564.3438479310025,4583.421538632829,直连,,1059,PASS,worst_obstruction_endpoint_distance,8.468328226484786,1492.3556940457386,True,,端点最大距离且全时段按遮挡计损仍满足双向预算
T016,巡航,4583.421538632829,4602.499229334655,直连,,1060,PASS,worst_obstruction_endpoint_distance,6.993215648778175,1768.5933016874653,True,,端点最大距离且全时段按遮挡计损仍满足双向预算
T016,巡航,4602.499229334655,4621.576920036481,直连,,1061,PASS,worst_obstruction_endpoint_distance,5.721044201132514,2047.5595823149097,True,,端点最大距离且全时段按遮挡计损仍满足双向预算
T016,巡航,4621.576920036481,4640.654610738307,直连,,1062,PASS,worst_obstruction_endpoint_distance,4.6050936964493445,2328.273920013661,True,,端点最大距离且全时段按遮挡计损仍满足双向预算
T016,巡航,4640.654610738307,4659.732301440134,直连,,1063,PASS,worst_obstruction_endpoint_distance,3.6123913546315833,2610.172384581751,True,,端点最大距离且全时段按遮挡计损仍满足双向预算
T016,巡航,4659.732301440134,4678.80999214196,直连,,1064,PASS,worst_obstruction_endpoint_distance,2.719080205408204,2892.908836272585,True,,端点最大距离且全时段按遮挡计损仍满足双向预算
T016,巡航,4678.80999214196,4697.887682843786,直连,,1065,PASS,worst_obstruction_endpoint_distance,1.907455621920647,3176.25950134185,True,,端点最大距离且全时段按遮挡计损仍满足双向预算
T016,巡航,4697.887682843786,4716.965373545612,直连,,1066,PASS,worst_obstruction_endpoint_distance,1.1640687134028127,3460.0734864853043,True,,端点最大距离且全时段按遮挡计损仍满足双向预算
T016,巡航,4716.965373545612,4736.043064247438,直连,,1067,PASS,worst_obstruction_endpoint_distance,0.4784889884004002,3744.2454341324783,True,,端点最大距离且全时段按遮挡计损仍满足双向预算
T016,巡航,4736.043064247438,4755.120754949265,中继,R005,1068,PASS,worst_obstruction_endpoint_distance,1.4478904620044801,1678.3952245974033,True,,端点最大距离且全时段按遮挡计损仍满足双向预算
T016,巡航,4755.120754949265,4774.198445651091,中继,R005,1069,PASS,worst_obstruction_endpoint_distance,0.20289480643654656,1937.0642143332168,True,,端点最大距离且全时段按遮挡计损仍满足双向预算
T016,巡航,4774.198445651091,4793.276136352917,中继,R004,1070,PASS,worst_obstruction_endpoint_distance,0.19081101792561128,1939.760928747007,True,,端点最大距离且全时段按遮挡计损仍满足双向预算
T016,巡航,4793.276136352917,4812.353827054743,中继,R004,1071,PASS,worst_obstruction_endpoint_distance,0.7852518787784533,1811.4492212518917,True,,端点最大距离且全时段按遮挡计损仍满足双向预算
T016,巡航,4812.353827054743,4831.4315177565695,中继,R004,1072,PASS,worst_obstruction_endpoint_distance,1.227278420368691,1721.5705994196408,True,,端点最大距离且全时段按遮挡计损仍满足双向预算
T016,巡航,4831.4315177565695,4850.509208458396,中继,R004,1073,PASS,worst_obstruction_endpoint_distance,1.4431868980968119,1679.304351630539,True,,端点最大距离且全时段按遮挡计损仍满足双向预算
T016,巡航,4850.509208458396,4869.586899160222,中继,R004,1074,PASS,worst_obstruction_endpoint_distance,1.183454725095828,1730.2785424355745,True,,端点最大距离且全时段按遮挡计损仍满足双向预算
T016,巡航,4869.586899160222,4888.664589862048,中继,R004,1075,PASS,worst_obstruction_endpoint_distance,0.7194476577621458,1825.2248602709064,True,,端点最大距离且全时段按遮挡计损仍满足双向预算
T016,下降,4888.664589862048,4908.124440936266,中继,R004,1076,PASS,worst_obstruction_endpoint_distance,0.7194476577621458,1825.2248602709064,True,,端点最大距离且全时段按遮挡计损仍满足双向预算
T016,下降,4908.124440936266,4927.584292010485,中继,R004,1077,PASS,worst_obstruction_endpoint_distance,0.7287252227213372,1823.2763434744863,True,,端点最大距离且全时段按遮挡计损仍满足双向预算
T016,投送,4927.584292010485,4946.675201101394,中继,R004,1078,PASS,exact_point,0.7318298297417414,1822.6247642738538,,,独立计算 DEM 遮挡、自由空间损耗与双向预算
T016,投送,4946.675201101394,4965.766110192304,中继,R004,1079,PASS,exact_point,0.7318298297417414,1822.6247642738538,,,独立计算 DEM 遮挡、自由空间损耗与双向预算
T016,投送,4965.766110192304,4984.857019283213,中继,R004,1080,PASS,exact_point,0.7318298297417414,1822.6247642738538,,,独立计算 DEM 遮挡、自由空间损耗与双向预算
T016,投送,4984.857019283213,5003.947928374122,中继,R004,1081,PASS,exact_point,0.7318298297417414,1822.6247642738538,,,独立计算 DEM 遮挡、自由空间损耗与双向预算
T016,投送,5003.947928374122,5023.038837465031,中继,R004,1082,PASS,exact_point,0.7318298297417414,1822.6247642738538,,,独立计算 DEM 遮挡、自由空间损耗与双向预算
T016,投送,5023.038837465031,5042.12974655594,中继,R004,1083,PASS,exact_point,0.7318298297417414,1822.6247642738538,,,独立计算 DEM 遮挡、自由空间损耗与双向预算
T016,投送,5042.12974655594,5061.220655646849,中继,R004,1084,PASS,exact_point,0.7318298297417414,1822.6247642738538,,,独立计算 DEM 遮挡、自由空间损耗与双向预算
T016,投送,5061.220655646849,5080.311564737758,中继,R004,1085,PASS,exact_point,0.7318298297417414,1822.6247642738538,,,独立计算 DEM 遮挡、自由空间损耗与双向预算
T016,投送,5080.311564737758,5099.402473828667,中继,R004,1086,PASS,exact_point,0.7318298297417414,1822.6247642738538,,,独立计算 DEM 遮挡、自由空间损耗与双向预算
T016,投送,5099.402473828667,5118.493382919576,中继,R004,1087,PASS,exact_point,0.7318298297417414,1822.6247642738538,,,独立计算 DEM 遮挡、自由空间损耗与双向预算
T016,投送,5118.493382919576,5137.584292010486,中继,R004,1088,PASS,exact_point,0.7318298297417414,1822.6247642738538,,,独立计算 DEM 遮挡、自由空间损耗与双向预算
T016,爬升,5137.584292010486,5153.800834572335,中继,R004,1089,PASS,worst_obstruction_endpoint_distance,0.7287252227213372,1823.2763434744863,True,,端点最大距离且全时段按遮挡计损仍满足双向预算
T016,爬升,5153.800834572335,5170.017377134183,中继,R004,1090,PASS,worst_obstruction_endpoint_distance,0.7194476577621458,1825.2248602709064,True,,端点最大距离且全时段按遮挡计损仍满足双向预算
T016,巡航,5170.017377134183,5189.09506783601,中继,R004,1091,PASS,worst_obstruction_endpoint_distance,0.7194476577621458,1825.2248602709064,True,,端点最大距离且全时段按遮挡计损仍满足双向预算
T016,巡航,5189.09506783601,5208.172758537836,中继,R004,1092,PASS,worst_obstruction_endpoint_distance,1.183454725095828,1730.2785424355745,True,,端点最大距离且全时段按遮挡计损仍满足双向预算
T016,巡航,5208.172758537836,5227.250449239662,中继,R004,1093,PASS,worst_obstruction_endpoint_distance,1.4431868980968119,1679.304351630539,True,,端点最大距离且全时段按遮挡计损仍满足双向预算
T016,巡航,5227.250449239662,5246.328139941488,中继,R004,1094,PASS,worst_obstruction_endpoint_distance,1.227278420368691,1721.5705994196408,True,,端点最大距离且全时段按遮挡计损仍满足双向预算
T016,巡航,5246.328139941488,5265.405830643314,中继,R004,1095,PASS,worst_obstruction_endpoint_distance,0.7852518787784533,1811.4492212518917,True,,端点最大距离且全时段按遮挡计损仍满足双向预算
T016,巡航,5265.405830643314,5284.483521345141,中继,R004,1096,PASS,worst_obstruction_endpoint_distance,0.19081101792561128,1939.760928747007,True,,端点最大距离且全时段按遮挡计损仍满足双向预算
T016,巡航,5284.483521345141,5303.561212046967,中继,R005,1097,PASS,worst_obstruction_endpoint_distance,0.20289480643654656,1937.0642143332168,True,,端点最大距离且全时段按遮挡计损仍满足双向预算
T016,巡航,5303.561212046967,5322.638902748793,中继,R005,1098,PASS,worst_obstruction_endpoint_distance,1.4478904620044801,1678.3952245974033,True,,端点最大距离且全时段按遮挡计损仍满足双向预算
T016,巡航,5322.638902748793,5341.716593450619,直连,,1099,PASS,worst_obstruction_endpoint_distance,0.4784889884004002,3744.2454341324783,True,,端点最大距离且全时段按遮挡计损仍满足双向预算
T016,巡航,5341.716593450619,5360.7942841524455,直连,,1100,PASS,worst_obstruction_endpoint_distance,1.1640687134028127,3460.0734864853043,True,,端点最大距离且全时段按遮挡计损仍满足双向预算
T016,巡航,5360.7942841524455,5379.871974854272,直连,,1101,PASS,worst_obstruction_endpoint_distance,1.907455621920647,3176.25950134185,True,,端点最大距离且全时段按遮挡计损仍满足双向预算
T016,巡航,5379.871974854272,5398.949665556098,直连,,1102,PASS,worst_obstruction_endpoint_distance,2.719080205408204,2892.908836272585,True,,端点最大距离且全时段按遮挡计损仍满足双向预算
T016,巡航,5398.949665556098,5418.027356257924,直连,,1103,PASS,worst_obstruction_endpoint_distance,3.6123913546315833,2610.172384581751,True,,端点最大距离且全时段按遮挡计损仍满足双向预算
T016,巡航,5418.027356257924,5437.10504695975,直连,,1104,PASS,worst_obstruction_endpoint_distance,4.6050936964493445,2328.273920013661,True,,端点最大距离且全时段按遮挡计损仍满足双向预算
T016,巡航,5437.10504695975,5456.1827376615765,直连,,1105,PASS,worst_obstruction_endpoint_distance,5.721044201132514,2047.5595823149097,True,,端点最大距离且全时段按遮挡计损仍满足双向预算
T016,巡航,5456.1827376615765,5475.260428363403,直连,,1106,PASS,worst_obstruction_endpoint_distance,6.993215648778175,1768.5933016874653,True,,端点最大距离且全时段按遮挡计损仍满足双向预算
T016,巡航,5475.260428363403,5494.338119065229,直连,,1107,PASS,worst_obstruction_endpoint_distance,8.468328226484786,1492.3556940457386,True,,端点最大距离且全时段按遮挡计损仍满足双向预算
T016,巡航,5494.338119065229,5513.415809767055,直连,,1108,PASS,worst_obstruction_endpoint_distance,10.213591886626759,1220.7006166374656,True,,端点最大距离且全时段按遮挡计损仍满足双向预算
T016,巡航,5513.415809767055,5532.493500468881,直连,,1109,PASS,worst_obstruction_endpoint_distance,12.322670535858677,957.5362658919046,True,,端点最大距离且全时段按遮挡计损仍满足双向预算
T016,巡航,5532.493500468881,5551.571191170708,直连,,1110,PASS,worst_obstruction_endpoint_distance,14.892076823385764,712.3360391482996,True,,端点最大距离且全时段按遮挡计损仍满足双向预算
T016,巡航,5551.571191170708,5570.648881872534,直连,,1111,PASS,worst_obstruction_endpoint_distance,17.766895121913237,511.6158636829078,True,,端点最大距离且全时段按遮挡计损仍满足双向预算
T016,下降,5570.648881872534,5590.3866265556935,直连,,1112,PASS,worst_obstruction_endpoint_distance,19.396424967151802,424.099255371094,True,,端点最大距离且全时段按遮挡计损仍满足双向预算
T016,下降,5590.3866265556935,5610.124371238853,直连,,1113,PASS,worst_obstruction_endpoint_distance,20.470828911636644,374.75489366319465,True,,端点最大距离且全时段按遮挡计损仍满足双向预算
T016,下降,5610.124371238853,5629.862115922013,直连,,1114,PASS,worst_obstruction_endpoint_distance,21.69714306922441,325.4105319552953,True,,端点最大距离且全时段按遮挡计损仍满足双向预算
T016,下降,5629.862115922013,5649.599860605173,直连,,1115,PASS,worst_obstruction_endpoint_distance,23.125511355694883,276.066170247396,True,,端点最大距离且全时段按遮挡计损仍满足双向预算
T016,下降,5649.599860605173,5669.337605288332,直连,,1116,PASS,worst_obstruction_endpoint_distance,24.83590922086259,226.72180853949664,True,,端点最大距离且全时段按遮挡计损仍满足双向预算
T016,下降,5669.337605288332,5689.075349971492,直连,,1117,PASS,worst_obstruction_endpoint_distance,26.967807178204254,177.3774468315973,True,,端点最大距离且全时段按遮挡计损仍满足双向预算
T016,下降,5689.075349971492,5708.813094654652,直连,,1118,PASS,worst_obstruction_endpoint_distance,29.79933095562555,128.03308512369802,True,,端点最大距离且全时段按遮挡计损仍满足双向预算
T016,下降,5708.813094654652,5728.550839337811,直连,,1119,PASS,worst_obstruction_endpoint_distance,34.02752517149321,78.68872341579868,True,,端点最大距离且全时段按遮挡计损仍满足双向预算
T016,下降,5728.550839337811,5748.288584020971,直连,,1120,PASS,worst_obstruction_endpoint_distance,42.595281820281926,29.34436170789934,True,,端点最大距离且全时段按遮挡计损仍满足双向预算
T017,爬升,4499.0,4518.380881347656,直连,,1121,PASS,worst_obstruction_endpoint_distance,42.86345708049137,28.452203369140676,True,,端点最大距离且全时段按遮挡计损仍满足双向预算
T017,爬升,4518.380881347656,4537.761762695312,直连,,1122,PASS,worst_obstruction_endpoint_distance,34.22675064092644,76.90440673828135,True,,端点最大距离且全时段按遮挡计损仍满足双向预算
T017,爬升,4537.761762695312,4557.142644042969,直连,,1123,PASS,worst_obstruction_endpoint_distance,29.982830377148545,125.356610107422,True,,端点最大距离且全时段按遮挡计损仍满足双向预算
T017,巡航,4557.142644042969,4575.651666483214,直连,,1124,PASS,worst_obstruction_endpoint_distance,22.2704985239005,304.6238004959094,True,,端点最大距离且全时段按遮挡计损仍满足双向预算
T017,巡航,4575.651666483214,4594.160688923459,直连,,1125,PASS,worst_obstruction_endpoint_distance,16.83979160829456,569.2449386880037,True,,端点最大距离且全时段按遮挡计损仍满足双向预算
T017,巡航,4594.160688923459,4612.669711363705,直连,,1126,PASS,worst_obstruction_endpoint_distance,13.436577431180993,842.286590702294,True,,端点最大距离且全时段按遮挡计损仍满足双向预算
T017,巡航,4612.669711363705,4631.17873380395,直连,,1127,PASS,worst_obstruction_endpoint_distance,10.980093890191213,1117.5940057971984,True,,端点最大距离且全时段按遮挡计损仍满足双向预算
T017,巡航,4631.17873380395,4649.687756244195,直连,,1128,PASS,worst_obstruction_endpoint_distance,9.06160871006314,1393.8252340138579,True,,端点最大距离且全时段按遮挡计损仍满足双向预算
T017,巡航,4649.687756244195,4668.196778684441,直连,,1129,PASS,worst_obstruction_endpoint_distance,7.488730846575692,1670.5220634325021,True,,端点最大距离且全时段按遮挡计损仍满足双向预算
T017,巡航,4668.196778684441,4686.705801124686,直连,,1130,PASS,worst_obstruction_endpoint_distance,6.156288066488344,1947.4860477341674,True,,端点最大距离且全时段按遮挡计损仍满足双向预算
T017,巡航,4686.705801124686,4705.214823564931,直连,,1131,PASS,worst_obstruction_endpoint_distance,5.000668542679023,2224.6174071251694,True,,端点最大距离且全时段按遮挡计损仍满足双向预算
T017,巡航,4705.214823564931,4723.723846005177,直连,,1132,PASS,worst_obstruction_endpoint_distance,3.9805132818098343,2501.8605217539953,True,,端点最大距离且全时段按遮挡计损仍满足双向预算
T017,巡航,4723.723846005177,4742.232868445422,直连,,1133,PASS,worst_obstruction_endpoint_distance,3.067435566266326,2779.1819466890624,True,,端点最大距离且全时段按遮挡计损仍满足双向预算
T017,巡航,4742.232868445422,4760.741890885667,直连,,1134,PASS,worst_obstruction_endpoint_distance,2.2411156161546586,3056.5603667445057,True,,端点最大距离且全时段按遮挡计损仍满足双向预算
T017,下降,4760.741890885667,4775.584659236904,直连,,1135,PASS,worst_obstruction_endpoint_distance,2.2411156161546586,3056.5603667445057,True,,端点最大距离且全时段按遮挡计损仍满足双向预算
T017,下降,4775.584659236904,4790.427427588142,直连,,1136,PASS,worst_obstruction_endpoint_distance,2.2441667585877525,3055.4868597560912,True,,端点最大距离且全时段按遮挡计损仍满足双向预算
T017,下降,4790.427427588142,4805.270195939378,直连,,1137,PASS,worst_obstruction_endpoint_distance,2.246399680237957,3054.701472633553,True,,端点最大距离且全时段按遮挡计损仍满足双向预算
T017,投送,4805.270195939378,4825.070195939378,直连,,1138,PASS,exact_point,2.2478131175972464,3054.2044276465326,,,独立计算 DEM 遮挡、自由空间损耗与双向预算
T017,投送,4825.070195939378,4844.870195939378,直连,,1139,PASS,exact_point,2.2478131175972464,3054.2044276465326,,,独立计算 DEM 遮挡、自由空间损耗与双向预算
T017,投送,4844.870195939378,4864.670195939379,直连,,1140,PASS,exact_point,2.2478131175972464,3054.2044276465326,,,独立计算 DEM 遮挡、自由空间损耗与双向预算
T017,投送,4864.670195939379,4884.470195939379,直连,,1141,PASS,exact_point,2.2478131175972464,3054.2044276465326,,,独立计算 DEM 遮挡、自由空间损耗与双向预算
T017,投送,4884.470195939379,4904.270195939378,直连,,1142,PASS,exact_point,2.2478131175972464,3054.2044276465326,,,独立计算 DEM 遮挡、自由空间损耗与双向预算
T017,投送,4904.270195939378,4924.070195939378,直连,,1143,PASS,exact_point,2.2478131175972464,3054.2044276465326,,,独立计算 DEM 遮挡、自由空间损耗与双向预算
T017,投送,4924.070195939378,4943.870195939378,直连,,1144,PASS,exact_point,2.2478131175972464,3054.2044276465326,,,独立计算 DEM 遮挡、自由空间损耗与双向预算
T017,投送,4943.870195939378,4963.670195939379,直连,,1145,PASS,exact_point,2.2478131175972464,3054.2044276465326,,,独立计算 DEM 遮挡、自由空间损耗与双向预算
T017,投送,4963.670195939379,4983.470195939379,直连,,1146,PASS,exact_point,2.2478131175972464,3054.2044276465326,,,独立计算 DEM 遮挡、自由空间损耗与双向预算
T017,投送,4983.470195939379,5003.270195939378,直连,,1147,PASS,exact_point,2.2478131175972464,3054.2044276465326,,,独立计算 DEM 遮挡、自由空间损耗与双向预算
T017,投送,5003.270195939378,5023.070195939378,直连,,1148,PASS,exact_point,2.2478131175972464,3054.2044276465326,,,独立计算 DEM 遮挡、自由空间损耗与双向预算
T017,投送,5023.070195939378,5042.870195939378,直连,,1149,PASS,exact_point,2.2478131175972464,3054.2044276465326,,,独立计算 DEM 遮挡、自由空间损耗与双向预算
T017,投送,5042.870195939378,5062.670195939379,直连,,1150,PASS,exact_point,2.2478131175972464,3054.2044276465326,,,独立计算 DEM 遮挡、自由空间损耗与双向预算
T017,投送,5062.670195939379,5082.470195939379,直连,,1151,PASS,exact_point,2.2478131175972464,3054.2044276465326,,,独立计算 DEM 遮挡、自由空间损耗与双向预算
T017,投送,5082.470195939379,5102.270195939378,直连,,1152,PASS,exact_point,2.2478131175972464,3054.2044276465326,,,独立计算 DEM 遮挡、自由空间损耗与双向预算
T017,投送,5102.270195939378,5122.070195939378,直连,,1153,PASS,exact_point,2.2478131175972464,3054.2044276465326,,,独立计算 DEM 遮挡、自由空间损耗与双向预算
T017,投送,5122.070195939378,5141.870195939378,直连,,1154,PASS,exact_point,2.2478131175972464,3054.2044276465326,,,独立计算 DEM 遮挡、自由空间损耗与双向预算
T017,投送,5141.870195939378,5161.670195939379,直连,,1155,PASS,exact_point,2.2478131175972464,3054.2044276465326,,,独立计算 DEM 遮挡、自由空间损耗与双向预算
T017,投送,5161.670195939379,5181.470195939379,直连,,1156,PASS,exact_point,2.2478131175972464,3054.2044276465326,,,独立计算 DEM 遮挡、自由空间损耗与双向预算
T017,投送,5181.470195939379,5201.270195939378,直连,,1157,PASS,exact_point,2.2478131175972464,3054.2044276465326,,,独立计算 DEM 遮挡、自由空间损耗与双向预算
T017,爬升,5201.270195939378,5219.081517960863,直连,,1158,PASS,worst_obstruction_endpoint_distance,2.2453855868061083,3055.0581354130627,True,,端点最大距离且全时段按遮挡计损仍满足双向预算
T017,爬升,5219.081517960863,5236.892839982347,直连,,1159,PASS,worst_obstruction_endpoint_distance,2.2411156161546586,3056.5603667445057,True,,端点最大距离且全时段按遮挡计损仍满足双向预算
T017,巡航,5236.892839982347,5255.401862422593,直连,,1160,PASS,worst_obstruction_endpoint_distance,2.2411156161546586,3056.5603667445057,True,,端点最大距离且全时段按遮挡计损仍满足双向预算
T017,巡航,5255.401862422593,5273.9108848628375,直连,,1161,PASS,worst_obstruction_endpoint_distance,3.067435566266326,2779.1819466890624,True,,端点最大距离且全时段按遮挡计损仍满足双向预算
T017,巡航,5273.9108848628375,5292.419907303083,直连,,1162,PASS,worst_obstruction_endpoint_distance,3.9805132818098343,2501.8605217539953,True,,端点最大距离且全时段按遮挡计损仍满足双向预算
T017,巡航,5292.419907303083,5310.928929743329,直连,,1163,PASS,worst_obstruction_endpoint_distance,5.000668542679023,2224.6174071251694,True,,端点最大距离且全时段按遮挡计损仍满足双向预算
T017,巡航,5310.928929743329,5329.4379521835735,直连,,1164,PASS,worst_obstruction_endpoint_distance,6.156288066488344,1947.4860477341674,True,,端点最大距离且全时段按遮挡计损仍满足双向预算
T017,巡航,5329.4379521835735,5347.946974623819,直连,,1165,PASS,worst_obstruction_endpoint_distance,7.488730846575692,1670.5220634325021,True,,端点最大距离且全时段按遮挡计损仍满足双向预算
T017,巡航,5347.946974623819,5366.455997064064,直连,,1166,PASS,worst_obstruction_endpoint_distance,9.06160871006314,1393.8252340138579,True,,端点最大距离且全时段按遮挡计损仍满足双向预算
T017,巡航,5366.455997064064,5384.96501950431,直连,,1167,PASS,worst_obstruction_endpoint_distance,10.980093890191213,1117.5940057971984,True,,端点最大距离且全时段按遮挡计损仍满足双向预算
T017,巡航,5384.96501950431,5403.474041944555,直连,,1168,PASS,worst_obstruction_endpoint_distance,13.436577431180993,842.286590702294,True,,端点最大距离且全时段按遮挡计损仍满足双向预算
T017,巡航,5403.474041944555,5421.9830643848,直连,,1169,PASS,worst_obstruction_endpoint_distance,16.83979160829456,569.2449386880037,True,,端点最大距离且全时段按遮挡计损仍满足双向预算
T017,巡航,5421.9830643848,5440.492086825046,直连,,1170,PASS,worst_obstruction_endpoint_distance,22.2704985239005,304.6238004959094,True,,端点最大距离且全时段按遮挡计损仍满足双向预算
T017,下降,5440.492086825046,5458.661663088474,直连,,1171,PASS,worst_obstruction_endpoint_distance,29.982830377148545,125.356610107422,True,,端点最大距离且全时段按遮挡计损仍满足双向预算
T017,下降,5458.661663088474,5476.831239351901,直连,,1172,PASS,worst_obstruction_endpoint_distance,32.9562714401918,89.01745758056603,True,,端点最大距离且全时段按遮挡计损仍满足双向预算
T017,下降,5476.831239351901,5495.000815615329,直连,,1173,PASS,worst_obstruction_endpoint_distance,37.51313930757439,52.67830505371191,True,,端点最大距离且全时段按遮挡计损仍满足双向预算
T017,下降,5495.000815615329,5513.170391878757,直连,,1174,PASS,worst_obstruction_endpoint_distance,45.92517525248826,20.0,True,,端点最大距离且全时段按遮挡计损仍满足双向预算
T018,爬升,4370.0,4388.504135640463,直连,,1175,PASS,worst_obstruction_endpoint_distance,40.93817299698006,35.512406921388134,True,,端点最大距离且全时段按遮挡计损仍满足双向预算
T018,爬升,4388.504135640463,4407.008271280924,直连,,1176,PASS,worst_obstruction_endpoint_distance,32.76257917737007,91.02481384277351,True,,端点最大距离且全时段按遮挡计损仍满足双向预算
T018,爬升,4407.008271280924,4425.512406921387,直连,,1177,PASS,worst_obstruction_endpoint_distance,28.626816157375487,146.5372207641616,True,,端点最大距离且全时段按遮挡计损仍满足双向预算
T018,爬升,4425.512406921387,4444.016542561849,直连,,1178,PASS,worst_obstruction_endpoint_distance,25.836614075565635,202.04962768554702,True,,端点最大距离且全时段按遮挡计损仍满足双向预算
T018,爬升,4444.016542561849,4462.5206782023115,直连,,1179,PASS,worst_obstruction_endpoint_distance,23.728138223056888,257.56203460693513,True,,端点最大距离且全时段按遮挡计损仍满足双向预算
T018,爬升,4462.5206782023115,4481.024813842773,直连,,1180,PASS,worst_obstruction_endpoint_distance,22.032822874833954,313.0744415283205,True,,端点最大距离且全时段按遮挡计损仍满足双向预算
T018,爬升,4481.024813842773,4499.528949483236,直连,,1181,PASS,worst_obstruction_endpoint_distance,20.614978463875502,368.5868484497086,True,,端点最大距离且全时段按遮挡计损仍满足双向预算
T018,爬升,4499.528949483236,4518.033085123698,直连,,1182,PASS,worst_obstruction_endpoint_distance,19.396424967151802,424.099255371094,True,,端点最大距离且全时段按遮挡计损仍满足双向预算
T018,巡航,4518.033085123698,4537.110775825524,直连,,1183,PASS,worst_obstruction_endpoint_distance,17.766895121913237,511.6158636829078,True,,端点最大距离且全时段按遮挡计损仍满足双向预算
T018,巡航,4537.110775825524,4556.18846652735,直连,,1184,PASS,worst_obstruction_endpoint_distance,14.892076823385764,712.3360391482996,True,,端点最大距离且全时段按遮挡计损仍满足双向预算
T018,巡航,4556.18846652735,4575.266157229176,直连,,1185,PASS,worst_obstruction_endpoint_distance,12.322670535858677,957.5362658919046,True,,端点最大距离且全时段按遮挡计损仍满足双向预算
T018,巡航,4575.266157229176,4594.3438479310025,直连,,1186,PASS,worst_obstruction_endpoint_distance,10.213591886626759,1220.7006166374656,True,,端点最大距离且全时段按遮挡计损仍满足双向预算
T018,巡航,4594.3438479310025,4613.421538632829,直连,,1187,PASS,worst_obstruction_endpoint_distance,8.468328226484786,1492.3556940457386,True,,端点最大距离且全时段按遮挡计损仍满足双向预算
T018,巡航,4613.421538632829,4632.499229334655,直连,,1188,PASS,worst_obstruction_endpoint_distance,6.993215648778175,1768.5933016874653,True,,端点最大距离且全时段按遮挡计损仍满足双向预算
T018,巡航,4632.499229334655,4651.576920036481,直连,,1189,PASS,worst_obstruction_endpoint_distance,5.721044201132514,2047.5595823149097,True,,端点最大距离且全时段按遮挡计损仍满足双向预算
T018,巡航,4651.576920036481,4670.654610738307,直连,,1190,PASS,worst_obstruction_endpoint_distance,4.6050936964493445,2328.273920013661,True,,端点最大距离且全时段按遮挡计损仍满足双向预算
T018,巡航,4670.654610738307,4689.732301440134,直连,,1191,PASS,worst_obstruction_endpoint_distance,3.6123913546315833,2610.172384581751,True,,端点最大距离且全时段按遮挡计损仍满足双向预算
T018,巡航,4689.732301440134,4708.80999214196,直连,,1192,PASS,worst_obstruction_endpoint_distance,2.719080205408204,2892.908836272585,True,,端点最大距离且全时段按遮挡计损仍满足双向预算
T018,巡航,4708.80999214196,4727.887682843786,直连,,1193,PASS,worst_obstruction_endpoint_distance,1.907455621920647,3176.25950134185,True,,端点最大距离且全时段按遮挡计损仍满足双向预算
T018,巡航,4727.887682843786,4746.965373545612,直连,,1194,PASS,worst_obstruction_endpoint_distance,1.1640687134028127,3460.0734864853043,True,,端点最大距离且全时段按遮挡计损仍满足双向预算
T018,巡航,4746.965373545612,4766.043064247438,直连,,1195,PASS,worst_obstruction_endpoint_distance,0.4784889884004002,3744.2454341324783,True,,端点最大距离且全时段按遮挡计损仍满足双向预算
T018,巡航,4766.043064247438,4785.120754949265,中继,R005,1196,PASS,worst_obstruction_endpoint_distance,1.4478904620044801,1678.3952245974033,True,,端点最大距离且全时段按遮挡计损仍满足双向预算
T018,巡航,4785.120754949265,4804.198445651091,中继,R005,1197,PASS,worst_obstruction_endpoint_distance,0.20289480643654656,1937.0642143332168,True,,端点最大距离且全时段按遮挡计损仍满足双向预算
T018,巡航,4804.198445651091,4823.276136352917,中继,R004,1198,PASS,worst_obstruction_endpoint_distance,0.19081101792561128,1939.760928747007,True,,端点最大距离且全时段按遮挡计损仍满足双向预算
T018,巡航,4823.276136352917,4842.353827054743,中继,R004,1199,PASS,worst_obstruction_endpoint_distance,0.7852518787784533,1811.4492212518917,True,,端点最大距离且全时段按遮挡计损仍满足双向预算
T018,巡航,4842.353827054743,4861.4315177565695,中继,R004,1200,PASS,worst_obstruction_endpoint_distance,1.227278420368691,1721.5705994196408,True,,端点最大距离且全时段按遮挡计损仍满足双向预算
T018,巡航,4861.4315177565695,4880.509208458396,中继,R004,1201,PASS,worst_obstruction_endpoint_distance,1.4431868980968119,1679.304351630539,True,,端点最大距离且全时段按遮挡计损仍满足双向预算
T018,巡航,4880.509208458396,4899.586899160222,中继,R004,1202,PASS,worst_obstruction_endpoint_distance,1.183454725095828,1730.2785424355745,True,,端点最大距离且全时段按遮挡计损仍满足双向预算
T018,巡航,4899.586899160222,4918.664589862048,中继,R004,1203,PASS,worst_obstruction_endpoint_distance,0.7194476577621458,1825.2248602709064,True,,端点最大距离且全时段按遮挡计损仍满足双向预算
T018,下降,4918.664589862048,4938.124440936266,中继,R004,1204,PASS,worst_obstruction_endpoint_distance,0.7194476577621458,1825.2248602709064,True,,端点最大距离且全时段按遮挡计损仍满足双向预算
T018,下降,4938.124440936266,4957.584292010485,中继,R004,1205,PASS,worst_obstruction_endpoint_distance,0.7287252227213372,1823.2763434744863,True,,端点最大距离且全时段按遮挡计损仍满足双向预算
T018,投送,4957.584292010485,4975.584292010485,中继,R004,1206,PASS,exact_point,0.7318298297417414,1822.6247642738538,,,独立计算 DEM 遮挡、自由空间损耗与双向预算
T018,投送,4975.584292010485,4993.584292010485,中继,R004,1207,PASS,exact_point,0.7318298297417414,1822.6247642738538,,,独立计算 DEM 遮挡、自由空间损耗与双向预算
T018,投送,4993.584292010485,5011.584292010485,中继,R004,1208,PASS,exact_point,0.7318298297417414,1822.6247642738538,,,独立计算 DEM 遮挡、自由空间损耗与双向预算
T018,投送,5011.584292010485,5029.584292010485,中继,R004,1209,PASS,exact_point,0.7318298297417414,1822.6247642738538,,,独立计算 DEM 遮挡、自由空间损耗与双向预算
T018,投送,5029.584292010485,5047.584292010486,中继,R004,1210,PASS,exact_point,0.7318298297417414,1822.6247642738538,,,独立计算 DEM 遮挡、自由空间损耗与双向预算
T018,投送,5047.584292010486,5065.584292010486,中继,R004,1211,PASS,exact_point,0.7318298297417414,1822.6247642738538,,,独立计算 DEM 遮挡、自由空间损耗与双向预算
T018,投送,5065.584292010486,5083.584292010486,中继,R004,1212,PASS,exact_point,0.7318298297417414,1822.6247642738538,,,独立计算 DEM 遮挡、自由空间损耗与双向预算
T018,投送,5083.584292010486,5101.584292010486,中继,R004,1213,PASS,exact_point,0.7318298297417414,1822.6247642738538,,,独立计算 DEM 遮挡、自由空间损耗与双向预算
T018,投送,5101.584292010486,5119.584292010486,中继,R004,1214,PASS,exact_point,0.7318298297417414,1822.6247642738538,,,独立计算 DEM 遮挡、自由空间损耗与双向预算
T018,投送,5119.584292010486,5137.584292010486,中继,R004,1215,PASS,exact_point,0.7318298297417414,1822.6247642738538,,,独立计算 DEM 遮挡、自由空间损耗与双向预算
T018,爬升,5137.584292010486,5153.800834572335,中继,R004,1216,PASS,worst_obstruction_endpoint_distance,0.7287252227213372,1823.2763434744863,True,,端点最大距离且全时段按遮挡计损仍满足双向预算
T018,爬升,5153.800834572335,5170.017377134183,中继,R004,1217,PASS,worst_obstruction_endpoint_distance,0.7194476577621458,1825.2248602709064,True,,端点最大距离且全时段按遮挡计损仍满足双向预算
T018,巡航,5170.017377134183,5189.09506783601,中继,R004,1218,PASS,worst_obstruction_endpoint_distance,0.7194476577621458,1825.2248602709064,True,,端点最大距离且全时段按遮挡计损仍满足双向预算
T018,巡航,5189.09506783601,5208.172758537836,中继,R004,1219,PASS,worst_obstruction_endpoint_distance,1.183454725095828,1730.2785424355745,True,,端点最大距离且全时段按遮挡计损仍满足双向预算
T018,巡航,5208.172758537836,5227.250449239662,中继,R004,1220,PASS,worst_obstruction_endpoint_distance,1.4431868980968119,1679.304351630539,True,,端点最大距离且全时段按遮挡计损仍满足双向预算
T018,巡航,5227.250449239662,5246.328139941488,中继,R004,1221,PASS,worst_obstruction_endpoint_distance,1.227278420368691,1721.5705994196408,True,,端点最大距离且全时段按遮挡计损仍满足双向预算
T018,巡航,5246.328139941488,5265.405830643314,中继,R004,1222,PASS,worst_obstruction_endpoint_distance,0.7852518787784533,1811.4492212518917,True,,端点最大距离且全时段按遮挡计损仍满足双向预算
T018,巡航,5265.405830643314,5284.483521345141,中继,R004,1223,PASS,worst_obstruction_endpoint_distance,0.19081101792561128,1939.760928747007,True,,端点最大距离且全时段按遮挡计损仍满足双向预算
T018,巡航,5284.483521345141,5303.561212046967,中继,R005,1224,PASS,worst_obstruction_endpoint_distance,0.20289480643654656,1937.0642143332168,True,,端点最大距离且全时段按遮挡计损仍满足双向预算
T018,巡航,5303.561212046967,5322.638902748793,中继,R005,1225,PASS,worst_obstruction_endpoint_distance,1.4478904620044801,1678.3952245974033,True,,端点最大距离且全时段按遮挡计损仍满足双向预算
T018,巡航,5322.638902748793,5341.716593450619,直连,,1226,PASS,worst_obstruction_endpoint_distance,0.4784889884004002,3744.2454341324783,True,,端点最大距离且全时段按遮挡计损仍满足双向预算
T018,巡航,5341.716593450619,5360.7942841524455,直连,,1227,PASS,worst_obstruction_endpoint_distance,1.1640687134028127,3460.0734864853043,True,,端点最大距离且全时段按遮挡计损仍满足双向预算
T018,巡航,5360.7942841524455,5379.871974854272,直连,,1228,PASS,worst_obstruction_endpoint_distance,1.907455621920647,3176.25950134185,True,,端点最大距离且全时段按遮挡计损仍满足双向预算
T018,巡航,5379.871974854272,5398.949665556098,直连,,1229,PASS,worst_obstruction_endpoint_distance,2.719080205408204,2892.908836272585,True,,端点最大距离且全时段按遮挡计损仍满足双向预算
T018,巡航,5398.949665556098,5418.027356257924,直连,,1230,PASS,worst_obstruction_endpoint_distance,3.6123913546315833,2610.172384581751,True,,端点最大距离且全时段按遮挡计损仍满足双向预算
T018,巡航,5418.027356257924,5437.10504695975,直连,,1231,PASS,worst_obstruction_endpoint_distance,4.6050936964493445,2328.273920013661,True,,端点最大距离且全时段按遮挡计损仍满足双向预算
T018,巡航,5437.10504695975,5456.1827376615765,直连,,1232,PASS,worst_obstruction_endpoint_distance,5.721044201132514,2047.5595823149097,True,,端点最大距离且全时段按遮挡计损仍满足双向预算
T018,巡航,5456.1827376615765,5475.260428363403,直连,,1233,PASS,worst_obstruction_endpoint_distance,6.993215648778175,1768.5933016874653,True,,端点最大距离且全时段按遮挡计损仍满足双向预算
T018,巡航,5475.260428363403,5494.338119065229,直连,,1234,PASS,worst_obstruction_endpoint_distance,8.468328226484786,1492.3556940457386,True,,端点最大距离且全时段按遮挡计损仍满足双向预算
T018,巡航,5494.338119065229,5513.415809767055,直连,,1235,PASS,worst_obstruction_endpoint_distance,10.213591886626759,1220.7006166374656,True,,端点最大距离且全时段按遮挡计损仍满足双向预算
T018,巡航,5513.415809767055,5532.493500468881,直连,,1236,PASS,worst_obstruction_endpoint_distance,12.322670535858677,957.5362658919046,True,,端点最大距离且全时段按遮挡计损仍满足双向预算
T018,巡航,5532.493500468881,5551.571191170708,直连,,1237,PASS,worst_obstruction_endpoint_distance,14.892076823385764,712.3360391482996,True,,端点最大距离且全时段按遮挡计损仍满足双向预算
T018,巡航,5551.571191170708,5570.648881872534,直连,,1238,PASS,worst_obstruction_endpoint_distance,17.766895121913237,511.6158636829078,True,,端点最大距离且全时段按遮挡计损仍满足双向预算
T018,下降,5570.648881872534,5590.3866265556935,直连,,1239,PASS,worst_obstruction_endpoint_distance,19.396424967151802,424.099255371094,True,,端点最大距离且全时段按遮挡计损仍满足双向预算
T018,下降,5590.3866265556935,5610.124371238853,直连,,1240,PASS,worst_obstruction_endpoint_distance,20.470828911636644,374.75489366319465,True,,端点最大距离且全时段按遮挡计损仍满足双向预算
T018,下降,5610.124371238853,5629.862115922013,直连,,1241,PASS,worst_obstruction_endpoint_distance,21.69714306922441,325.4105319552953,True,,端点最大距离且全时段按遮挡计损仍满足双向预算
T018,下降,5629.862115922013,5649.599860605173,直连,,1242,PASS,worst_obstruction_endpoint_distance,23.125511355694883,276.066170247396,True,,端点最大距离且全时段按遮挡计损仍满足双向预算
T018,下降,5649.599860605173,5669.337605288332,直连,,1243,PASS,worst_obstruction_endpoint_distance,24.83590922086259,226.72180853949664,True,,端点最大距离且全时段按遮挡计损仍满足双向预算
T018,下降,5669.337605288332,5689.075349971492,直连,,1244,PASS,worst_obstruction_endpoint_distance,26.967807178204254,177.3774468315973,True,,端点最大距离且全时段按遮挡计损仍满足双向预算
T018,下降,5689.075349971492,5708.813094654652,直连,,1245,PASS,worst_obstruction_endpoint_distance,29.79933095562555,128.03308512369802,True,,端点最大距离且全时段按遮挡计损仍满足双向预算
T018,下降,5708.813094654652,5728.550839337811,直连,,1246,PASS,worst_obstruction_endpoint_distance,34.02752517149321,78.68872341579868,True,,端点最大距离且全时段按遮挡计损仍满足双向预算
T018,下降,5728.550839337811,5748.288584020971,直连,,1247,PASS,worst_obstruction_endpoint_distance,42.595281820281926,29.34436170789934,True,,端点最大距离且全时段按遮挡计损仍满足双向预算
T019,爬升,6192.0,6210.035944417317,直连,,1248,PASS,worst_obstruction_endpoint_distance,43.955810044934495,25.08986104329321,True,,端点最大距离且全时段按遮挡计损仍满足双向预算
T019,爬升,6210.035944417317,6228.0718888346355,直连,,1249,PASS,worst_obstruction_endpoint_distance,35.021542284446866,70.1797220865887,True,,端点最大距离且全时段按遮挡计损仍满足双向预算
T019,爬升,6228.0718888346355,6246.107833251953,直连,,1250,PASS,worst_obstruction_endpoint_distance,30.7114807148575,115.26958312988188,True,,端点最大距离且全时段按遮挡计损仍满足双向预算
T019,爬升,6246.107833251953,6264.143777669271,直连,,1251,PASS,worst_obstruction_endpoint_distance,27.843884320576393,160.35944417317734,True,,端点最大距离且全时段按遮挡计损仍满足双向预算
T019,爬升,6264.143777669271,6282.179722086588,直连,,1252,PASS,worst_obstruction_endpoint_distance,25.691681627493523,205.44930521647058,True,,端点最大距离且全时段按遮挡计损仍满足双向预算
T019,爬升,6282.179722086588,6300.2156665039065,直连,,1253,PASS,worst_obstruction_endpoint_distance,23.968262608738172,250.53916625976603,True,,端点最大距离且全时段按遮挡计损仍满足双向预算
T019,巡航,6300.2156665039065,6319.99702356786,直连,,1254,PASS,worst_obstruction_endpoint_distance,20.16139188232583,388.3462932369524,True,,端点最大距离且全时段按遮挡计损仍满足双向预算
T019,巡航,6319.99702356786,6339.778380631814,直连,,1255,PASS,worst_obstruction_endpoint_distance,15.765903798404153,644.1597258386764,True,,端点最大距离且全时段按遮挡计损仍满足双向预算
T019,巡航,6339.778380631814,6359.559737695768,直连,,1256,PASS,worst_obstruction_endpoint_distance,12.62531864366639,924.7467764723526,True,,端点最大距离且全时段按遮挡计损仍满足双向预算
T019,巡航,6359.559737695768,6379.34109475972,直连,,1257,PASS,worst_obstruction_endpoint_distance,10.268298266887285,1213.0364331213775,True,,端点最大距离且全时段按遮挡计损仍满足双向预算
T019,巡航,6379.34109475972,6399.122451823674,直连,,1258,PASS,worst_obstruction_endpoint_distance,8.39730997944396,1504.6076282027716,True,,端点最大距离且全时段按遮挡计损仍满足双向预算
T019,巡航,6399.122451823674,6418.903808887628,直连,,1259,PASS,worst_obstruction_endpoint_distance,6.850635996686719,1797.864505710022,True,,端点最大距离且全时段按遮挡计损仍满足双向预算
T019,巡航,6418.903808887628,6438.685165951581,直连,,1260,PASS,worst_obstruction_endpoint_distance,5.5341333456205035,2092.098321356043,True,,端点最大距离且全时段按遮挡计损仍满足双向预算
T019,巡航,6438.685165951581,6458.466523015535,直连,,1261,PASS,worst_obstruction_endpoint_distance,4.388916634906977,2386.947827420809,True,,端点最大距离且全时段按遮挡计损仍满足双向预算
T019,巡航,6458.466523015535,6478.247880079489,直连,,1262,PASS,worst_obstruction_endpoint_distance,3.375919660747627,2682.209987066719,True,,端点最大距离且全时段按遮挡计损仍满足双向预算
T019,巡航,6478.247880079489,6498.0292371434425,直连,,1263,PASS,worst_obstruction_endpoint_distance,2.4679753448875914,2977.7620519260295,True,,端点最大距离且全时段按遮挡计损仍满足双向预算
T019,巡航,6498.0292371434425,6517.810594207396,直连,,1264,PASS,worst_obstruction_endpoint_distance,1.645460598805812,3273.5255001824776,True,,端点最大距离且全时段按遮挡计损仍满足双向预算
T019,巡航,6517.810594207396,6537.59195127135,直连,,1265,PASS,worst_obstruction_endpoint_distance,0.8937544946891762,3569.447786713983,True,,端点最大距离且全时段按遮挡计损仍满足双向预算
T019,巡航,6537.59195127135,6557.373308335304,直连,,1266,PASS,worst_obstruction_endpoint_distance,0.20167861880453586,3865.4924321610397,True,,端点最大距离且全时段按遮挡计损仍满足双向预算
T019,巡航,6557.373308335304,6577.154665399257,中继,R006,1267,PASS,worst_obstruction_endpoint_distance,8.915498169436432,710.4178251369547,True,,端点最大距离且全时段按遮挡计损仍满足双向预算
T019,巡航,6577.154665399257,6596.936022463211,中继,R006,1268,PASS,worst_obstruction_endpoint_distance,5.919360757851777,1003.0456998430258,True,,端点最大距离且全时段按遮挡计损仍满足双向预算
T019,巡航,6596.936022463211,6616.717379527165,中继,R006,1269,PASS,worst_obstruction_endpoint_distance,3.683401975513803,1297.533739429142,True,,端点最大距离且全时段按遮挡计损仍满足双向预算
T019,巡航,6616.717379527165,6636.498736591118,中继,R006,1270,PASS,worst_obstruction_endpoint_distance,1.9022745718798433,1592.850549555853,True,,端点最大距离且全时段按遮挡计损仍满足双向预算
T019,巡航,6636.498736591118,6656.280093655071,中继,R006,1271,PASS,worst_obstruction_endpoint_distance,0.422941462596242,1888.6073919071866,True,,端点最大距离且全时段按遮挡计损仍满足双向预算
T019,巡航,6656.280093655071,6676.061450719025,中继,R007,1272,PASS,worst_obstruction_endpoint_distance,1.3127262354054778,1704.7176061191228,True,,端点最大距离且全时段按遮挡计损仍满足双向预算
T019,巡航,6676.061450719025,6695.8428077829785,中继,R007,1273,PASS,worst_obstruction_endpoint_distance,2.1310599851746446,1551.4427670527323,True,,端点最大距离且全时段按遮挡计损仍满足双向预算
T019,巡航,6695.8428077829785,6715.624164846932,中继,R007,1274,PASS,worst_obstruction_endpoint_distance,2.7568539914342693,1443.597292027193,True,,端点最大距离且全时段按遮挡计损仍满足双向预算
T019,巡航,6715.624164846932,6735.405521910886,中继,R007,1275,PASS,worst_obstruction_endpoint_distance,3.009436570846745,1402.2224943312915,True,,端点最大距离且全时段按遮挡计损仍满足双向预算
T019,巡航,6735.405521910886,6755.18687897484,中继,R007,1276,PASS,worst_obstruction_endpoint_distance,2.5782083813780474,1473.5956784547577,True,,端点最大距离且全时段按遮挡计损仍满足双向预算
T019,巡航,6755.18687897484,6774.968236038793,中继,R007,1277,PASS,worst_obstruction_endpoint_distance,1.8755622343822864,1597.756696995542,True,,端点最大距离且全时段按遮挡计损仍满足双向预算
T019,巡航,6774.968236038793,6794.749593102747,中继,R007,1278,PASS,worst_obstruction_endpoint_distance,1.017815697403691,1763.5914042963925,True,,端点最大距离且全时段按遮挡计损仍满足双向预算
T019,巡航,6794.749593102747,6814.530950166701,中继,R007,1279,PASS,worst_obstruction_endpoint_distance,0.09820263924140704,1960.5531768111305,True,,端点最大距离且全时段按遮挡计损仍满足双向预算
T019,下降,6814.530950166701,6831.524866792677,中继,R007,1280,PASS,worst_obstruction_endpoint_distance,0.09089597645279923,1962.2031088782871,True,,端点最大距离且全时段按遮挡计损仍满足双向预算
T019,下降,6831.524866792677,6848.518783418654,中继,R007,1281,PASS,worst_obstruction_endpoint_distance,0.08100074457328788,1964.439784645317,True,,端点最大距离且全时段按遮挡计损仍满足双向预算
T019,下降,6848.518783418654,6865.51270004463,中继,R007,1282,PASS,worst_obstruction_endpoint_distance,0.06853462307819314,1967.2612028201515,True,,端点最大距离且全时段按遮挡计损仍满足双向预算
T019,下降,6865.51270004463,6882.5066166706065,中继,R007,1283,PASS,worst_obstruction_endpoint_distance,0.05351975134394138,1970.6648518618695,True,,端点最大距离且全时段按遮挡计损仍满足双向预算
T019,下降,6882.5066166706065,6899.500533296583,中继,R007,1284,PASS,worst_obstruction_endpoint_distance,0.035982598952486455,1974.647721044051,True,,端点最大距离且全时段按遮挡计损仍满足双向预算
T019,投送,6899.500533296583,6918.885148681199,中继,R007,1285,PASS,exact_point,0.035982598952486455,1974.647721044051,,,独立计算 DEM 遮挡、自由空间损耗与双向预算
T019,投送,6918.885148681199,6938.269764065814,中继,R007,1286,PASS,exact_point,0.035982598952486455,1974.647721044051,,,独立计算 DEM 遮挡、自由空间损耗与双向预算
T019,投送,6938.269764065814,6957.65437945043,中继,R007,1287,PASS,exact_point,0.035982598952486455,1974.647721044051,,,独立计算 DEM 遮挡、自由空间损耗与双向预算
T019,投送,6957.65437945043,6977.038994835045,中继,R007,1288,PASS,exact_point,0.035982598952486455,1974.647721044051,,,独立计算 DEM 遮挡、自由空间损耗与双向预算
T019,投送,6977.038994835045,6996.42361021966,中继,R007,1289,PASS,exact_point,0.035982598952486455,1974.647721044051,,,独立计算 DEM 遮挡、自由空间损耗与双向预算
T019,投送,6996.42361021966,7015.808225604276,中继,R007,1290,PASS,exact_point,0.035982598952486455,1974.647721044051,,,独立计算 DEM 遮挡、自由空间损耗与双向预算
T019,投送,7015.808225604276,7035.1928409888915,中继,R007,1291,PASS,exact_point,0.035982598952486455,1974.647721044051,,,独立计算 DEM 遮挡、自由空间损耗与双向预算
T019,投送,7035.1928409888915,7054.577456373507,中继,R007,1292,PASS,exact_point,0.035982598952486455,1974.647721044051,,,独立计算 DEM 遮挡、自由空间损耗与双向预算
T019,投送,7054.577456373507,7073.962071758122,中继,R007,1293,PASS,exact_point,0.035982598952486455,1974.647721044051,,,独立计算 DEM 遮挡、自由空间损耗与双向预算
T019,投送,7073.962071758122,7093.346687142737,中继,R007,1294,PASS,exact_point,0.035982598952486455,1974.647721044051,,,独立计算 DEM 遮挡、自由空间损耗与双向预算
T019,投送,7093.346687142737,7112.731302527352,中继,R007,1295,PASS,exact_point,0.035982598952486455,1974.647721044051,,,独立计算 DEM 遮挡、自由空间损耗与双向预算
T019,投送,7112.731302527352,7132.115917911968,中继,R007,1296,PASS,exact_point,0.035982598952486455,1974.647721044051,,,独立计算 DEM 遮挡、自由空间损耗与双向预算
T019,投送,7132.115917911968,7151.500533296583,中继,R007,1297,PASS,exact_point,0.035982598952486455,1974.647721044051,,,独立计算 DEM 遮挡、自由空间损耗与双向预算
T019,爬升,7151.500533296583,7168.49444992256,中继,R007,1298,PASS,worst_obstruction_endpoint_distance,0.035982598952486455,1974.647721044051,True,,端点最大距离且全时段按遮挡计损仍满足双向预算
T019,爬升,7168.49444992256,7185.488366548537,中继,R007,1299,PASS,worst_obstruction_endpoint_distance,0.05751103969893734,1969.7595116920877,True,,端点最大距离且全时段按遮挡计损仍满足双向预算
T019,爬升,7185.488366548537,7202.482283174513,中继,R007,1300,PASS,worst_obstruction_endpoint_distance,0.07508776444491616,1965.777546063408,True,,端点最大距离且全时段按遮挡计损仍满足双向预算
T019,爬升,7202.482283174513,7219.47619980049,中继,R007,1301,PASS,worst_obstruction_endpoint_distance,0.08866423352374397,1962.7073399621577,True,,端点最大距离且全时段按遮挡计损仍满足双向预算
T019,巡航,7219.47619980049,7239.257556864443,中继,R007,1302,PASS,worst_obstruction_endpoint_distance,0.09820263924140704,1960.5531768111305,True,,端点最大距离且全时段按遮挡计损仍满足双向预算
T019,巡航,7239.257556864443,7259.038913928397,中继,R007,1303,PASS,worst_obstruction_endpoint_distance,1.017815697403691,1763.5914042963925,True,,端点最大距离且全时段按遮挡计损仍满足双向预算
T019,巡航,7259.038913928397,7278.820270992351,中继,R007,1304,PASS,worst_obstruction_endpoint_distance,1.8755622343822864,1597.756696995542,True,,端点最大距离且全时段按遮挡计损仍满足双向预算
T019,巡航,7278.820270992351,7298.601628056304,中继,R007,1305,PASS,worst_obstruction_endpoint_distance,2.5782083813780474,1473.5956784547577,True,,端点最大距离且全时段按遮挡计损仍满足双向预算
T019,巡航,7298.601628056304,7318.382985120258,中继,R007,1306,PASS,worst_obstruction_endpoint_distance,3.009436570846745,1402.2224943312915,True,,端点最大距离且全时段按遮挡计损仍满足双向预算
T019,巡航,7318.382985120258,7338.164342184212,中继,R007,1307,PASS,worst_obstruction_endpoint_distance,2.7568539914342693,1443.597292027193,True,,端点最大距离且全时段按遮挡计损仍满足双向预算
T019,巡航,7338.164342184212,7357.945699248165,中继,R007,1308,PASS,worst_obstruction_endpoint_distance,2.1310599851746446,1551.4427670527323,True,,端点最大距离且全时段按遮挡计损仍满足双向预算
T019,巡航,7357.945699248165,7377.727056312118,中继,R007,1309,PASS,worst_obstruction_endpoint_distance,1.3127262354054778,1704.7176061191228,True,,端点最大距离且全时段按遮挡计损仍满足双向预算
T019,巡航,7377.727056312118,7397.508413376072,中继,R006,1310,PASS,worst_obstruction_endpoint_distance,0.422941462596242,1888.6073919071866,True,,端点最大距离且全时段按遮挡计损仍满足双向预算
T019,巡航,7397.508413376072,7417.289770440026,中继,R006,1311,PASS,worst_obstruction_endpoint_distance,1.9022745718798433,1592.850549555853,True,,端点最大距离且全时段按遮挡计损仍满足双向预算
T019,巡航,7417.289770440026,7437.071127503979,中继,R006,1312,PASS,worst_obstruction_endpoint_distance,3.683401975513803,1297.533739429142,True,,端点最大距离且全时段按遮挡计损仍满足双向预算
T019,巡航,7437.071127503979,7456.852484567933,中继,R006,1313,PASS,worst_obstruction_endpoint_distance,5.919360757851777,1003.0456998430258,True,,端点最大距离且全时段按遮挡计损仍满足双向预算
T019,巡航,7456.852484567933,7476.633841631887,中继,R006,1314,PASS,worst_obstruction_endpoint_distance,8.915498169436432,710.4178251369547,True,,端点最大距离且全时段按遮挡计损仍满足双向预算
T019,巡航,7476.633841631887,7496.41519869584,直连,,1315,PASS,worst_obstruction_endpoint_distance,0.20167861880453586,3865.4924321610397,True,,端点最大距离且全时段按遮挡计损仍满足双向预算
T019,巡航,7496.41519869584,7516.196555759794,直连,,1316,PASS,worst_obstruction_endpoint_distance,0.8937544946891762,3569.447786713983,True,,端点最大距离且全时段按遮挡计损仍满足双向预算
T019,巡航,7516.196555759794,7535.977912823748,直连,,1317,PASS,worst_obstruction_endpoint_distance,1.645460598805812,3273.5255001824776,True,,端点最大距离且全时段按遮挡计损仍满足双向预算
T019,巡航,7535.977912823748,7555.7592698877015,直连,,1318,PASS,worst_obstruction_endpoint_distance,2.4679753448875914,2977.7620519260295,True,,端点最大距离且全时段按遮挡计损仍满足双向预算
T019,巡航,7555.7592698877015,7575.540626951655,直连,,1319,PASS,worst_obstruction_endpoint_distance,3.375919660747627,2682.209987066719,True,,端点最大距离且全时段按遮挡计损仍满足双向预算
T019,巡航,7575.540626951655,7595.321984015609,直连,,1320,PASS,worst_obstruction_endpoint_distance,4.388916634906977,2386.947827420809,True,,端点最大距离且全时段按遮挡计损仍满足双向预算
T019,巡航,7595.321984015609,7615.103341079563,直连,,1321,PASS,worst_obstruction_endpoint_distance,5.5341333456205035,2092.098321356043,True,,端点最大距离且全时段按遮挡计损仍满足双向预算
T019,巡航,7615.103341079563,7634.884698143516,直连,,1322,PASS,worst_obstruction_endpoint_distance,6.850635996686719,1797.864505710022,True,,端点最大距离且全时段按遮挡计损仍满足双向预算
T019,巡航,7634.884698143516,7654.666055207469,直连,,1323,PASS,worst_obstruction_endpoint_distance,8.39730997944396,1504.6076282027716,True,,端点最大距离且全时段按遮挡计损仍满足双向预算
T019,巡航,7654.666055207469,7674.447412271423,直连,,1324,PASS,worst_obstruction_endpoint_distance,10.268298266887285,1213.0364331213775,True,,端点最大距离且全时段按遮挡计损仍满足双向预算
T019,巡航,7674.447412271423,7694.2287693353765,直连,,1325,PASS,worst_obstruction_endpoint_distance,12.62531864366639,924.7467764723526,True,,端点最大距离且全时段按遮挡计损仍满足双向预算
T019,巡航,7694.2287693353765,7714.01012639933,直连,,1326,PASS,worst_obstruction_endpoint_distance,15.765903798404153,644.1597258386764,True,,端点最大距离且全时段按遮挡计损仍满足双向预算
T019,巡航,7714.01012639933,7733.791483463284,直连,,1327,PASS,worst_obstruction_endpoint_distance,20.16139188232583,388.3462932369524,True,,端点最大距离且全时段按遮挡计损仍满足双向预算
T019,下降,7733.791483463284,7753.115709624695,直连,,1328,PASS,worst_obstruction_endpoint_distance,23.968262608738172,250.53916625976603,True,,端点最大距离且全时段按遮挡计损仍满足双向预算
T019,下降,7753.115709624695,7772.4399357861075,直连,,1329,PASS,worst_obstruction_endpoint_distance,25.423536680378135,211.89071393694337,True,,端点最大距离且全时段按遮挡计损仍满足双向预算
T019,下降,7772.4399357861075,7791.76416194752,直连,,1330,PASS,worst_obstruction_endpoint_distance,27.17269827277147,173.24226161411883,True,,端点最大距离且全时段按遮挡计损仍满足双向预算
T019,下降,7791.76416194752,7811.088388108931,直连,,1331,PASS,worst_obstruction_endpoint_distance,29.365273470603157,134.59380929129435,True,,端点最大距离且全时段按遮挡计损仍满足双向预算
T019,下降,7811.088388108931,7830.412614270343,直连,,1332,PASS,worst_obstruction_endpoint_distance,32.30529590570579,95.94535696847169,True,,端点最大距离且全时段按遮挡计损仍满足双向预算
T019,下降,7830.412614270343,7849.736840431755,直连,,1333,PASS,worst_obstruction_endpoint_distance,36.78315195211816,57.29690464564899,True,,端点最大距离且全时段按遮挡计损仍满足双向预算
T019,下降,7849.736840431755,7869.061066593167,直连,,1334,PASS,worst_obstruction_endpoint_distance,45.92517525248826,20.0,True,,端点最大距离且全时段按遮挡计损仍满足双向预算
T020,爬升,6200.0,6219.616746582031,直连,,1335,PASS,worst_obstruction_endpoint_distance,42.68528468478472,29.041866455077297,True,,端点最大距离且全时段按遮挡计损仍满足双向预算
T020,爬升,6219.616746582031,6239.233493164063,直连,,1336,PASS,worst_obstruction_endpoint_distance,34.09456382066628,78.08373291015687,True,,端点最大距离且全时段按遮挡计损仍满足双向预算
T020,爬升,6239.233493164063,6258.850239746094,直连,,1337,PASS,worst_obstruction_endpoint_distance,29.861114895269665,127.12559936523644,True,,端点最大距离且全时段按遮挡计损仍满足双向预算
T020,爬升,6258.850239746094,6278.466986328125,直连,,1338,PASS,worst_obstruction_endpoint_distance,27.0272610251467,176.16746582031374,True,,端点最大距离且全时段按遮挡计损仍满足双向预算
T020,爬升,6278.466986328125,6298.083732910156,直连,,1339,PASS,worst_obstruction_endpoint_distance,24.894047506859238,225.20933227539103,True,,端点最大距离且全时段按遮挡计损仍满足双向预算
T020,巡航,6298.083732910156,6318.032164141581,直连,,1340,PASS,worst_obstruction_endpoint_distance,20.476569260061567,374.5073067081198,True,,端点最大距离且全时段按遮挡计损仍满足双向预算
T020,巡航,6318.032164141581,6337.9805953730065,直连,,1341,PASS,worst_obstruction_endpoint_distance,15.829974101692486,639.4256493755012,True,,端点最大距离且全时段按遮挡计损仍满足双向预算
T020,巡航,6337.9805953730065,6357.929026604431,直连,,1342,PASS,worst_obstruction_endpoint_distance,12.618260351929706,925.4985457841007,True,,端点最大距离且全时段按遮挡计损仍满足双向预算
T020,巡航,6357.929026604431,6377.877457835856,直连,,1343,PASS,worst_obstruction_endpoint_distance,10.233476665807785,1217.9092389358796,True,,端点最大距离且全时段按遮挡计损仍满足双向预算
T020,巡航,6377.877457835856,6397.8258890672805,直连,,1344,PASS,worst_obstruction_endpoint_distance,8.349068263577223,1512.9875178566108,True,,端点最大距离且全时段按遮挡计损仍满足双向预算
T020,巡航,6397.8258890672805,6417.774320298706,直连,,1345,PASS,worst_obstruction_endpoint_distance,6.794945300204006,1809.428778084995,True,,端点最大距离且全时段按遮挡计损仍满足双向预算
T020,巡航,6417.774320298706,6437.722751530131,直连,,1346,PASS,worst_obstruction_endpoint_distance,5.473895595477202,2106.657716764186,True,,端点最大距离且全时段按遮挡计损仍满足双向预算
T020,巡航,6437.722751530131,6457.671182761555,直连,,1347,PASS,worst_obstruction_endpoint_distance,4.325704959757758,2404.3822339864455,True,,端点最大距离且全时段按遮挡计损仍满足双向预算
T020,巡航,6457.671182761555,6477.619613992981,直连,,1348,PASS,worst_obstruction_endpoint_distance,3.3106586402651743,2702.4385427766797,True,,端点最大距离且全时段按遮挡计损仍满足双向预算
T020,巡航,6477.619613992981,6497.568045224405,直连,,1349,PASS,worst_obstruction_endpoint_distance,2.401243199064254,3000.7277761782934,True,,端点最大距离且全时段按遮挡计损仍满足双向预算
T020,巡航,6497.568045224405,6517.51647645583,直连,,1350,PASS,worst_obstruction_endpoint_distance,1.5776371600474448,3299.186756586918,True,,端点最大距离且全时段按遮挡计损仍满足双向预算
T020,巡航,6517.51647645583,6537.464907687255,直连,,1351,PASS,worst_obstruction_endpoint_distance,0.8250994230448754,3597.773239354705,True,,端点最大距离且全时段按遮挡计损仍满足双向预算
T020,巡航,6537.464907687255,6557.41333891868,直连,,1352,PASS,worst_obstruction_endpoint_distance,0.1323753731121542,3896.45791298493,True,,端点最大距离且全时段按遮挡计损仍满足双向预算
T020,巡航,6557.41333891868,6577.361770150104,中继,R006,1353,PASS,worst_obstruction_endpoint_distance,3.0919231118517416,1388.9691590915174,True,,端点最大距离且全时段按遮挡计损仍满足双向预算
T020,巡航,6577.361770150104,6597.31020138153,中继,R006,1354,PASS,worst_obstruction_endpoint_distance,1.871524577405495,1598.4995907465093,True,,端点最大距离且全时段按遮挡计损仍满足双向预算
T020,巡航,6597.31020138153,6617.258632612955,中继,R006,1355,PASS,worst_obstruction_endpoint_distance,0.682072816606933,1833.0956104889353,True,,端点最大距离且全时段按遮挡计损仍满足双向预算
T020,巡航,6617.258632612955,6637.207063844379,中继,R007,1356,PASS,worst_obstruction_endpoint_distance,0.7935438880098502,1809.720741284462,True,,端点最大距离且全时段按遮挡计损仍满足双向预算
T020,巡航,6637.207063844379,6657.1554950758045,中继,R007,1357,PASS,worst_obstruction_endpoint_distance,2.18622543639502,1541.6205343153074,True,,端点最大距离且全时段按遮挡计损仍满足双向预算
T020,巡航,6657.1554950758045,6677.103926307229,中继,R007,1358,PASS,worst_obstruction_endpoint_distance,3.752100501082751,1287.3117497629592,True,,端点最大距离且全时段按遮挡计损仍满足双向预算
T020,巡航,6677.103926307229,6697.052357538654,中继,R007,1359,PASS,worst_obstruction_endpoint_distance,5.465934903575743,1056.7980739955074,True,,端点最大距离且全时段按遮挡计损仍满足双向预算
T020,巡航,6697.052357538654,6717.000788770079,中继,R007,1360,PASS,worst_obstruction_endpoint_distance,7.163167460360086,869.2213505149701,True,,端点最大距离且全时段按遮挡计损仍满足双向预算
T020,巡航,6717.000788770079,6736.949220001504,中继,R007,1361,PASS,worst_obstruction_endpoint_distance,8.361635307260357,757.1937018024331,True,,端点最大距离且全时段按遮挡计损仍满足双向预算
T020,巡航,6736.949220001504,6756.897651232929,中继,R007,1362,PASS,worst_obstruction_endpoint_distance,7.2174888770571215,863.8022171589038,True,,端点最大距离且全时段按遮挡计损仍满足双向预算
T020,巡航,6756.897651232929,6776.8460824643535,中继,R007,1363,PASS,worst_obstruction_endpoint_distance,5.527232666505114,1049.3663291862797,True,,端点最大距离且全时段按遮挡计损仍满足双向预算
T020,巡航,6776.8460824643535,6796.794513695779,中继,R007,1364,PASS,worst_obstruction_endpoint_distance,3.809912144193447,1278.77209625438,True,,端点最大距离且全时段按遮挡计损仍满足双向预算
T020,巡航,6796.794513695779,6816.742944927203,中继,R007,1365,PASS,worst_obstruction_endpoint_distance,2.238018545490135,1532.4553547674145,True,,端点最大距离且全时段按遮挡计损仍满足双向预算
T020,巡航,6816.742944927203,6836.691376158628,中继,R007,1366,PASS,worst_obstruction_endpoint_distance,0.8394489047696396,1800.181577902523,True,,端点最大距离且全时段按遮挡计损仍满足双向预算
T020,下降,6836.691376158628,6853.69293153786,中继,R007,1367,PASS,worst_obstruction_endpoint_distance,0.8284758755184782,1802.4572144371423,True,,端点最大距离且全时段按遮挡计损仍满足双向预算
T020,下降,6853.69293153786,6870.694486917092,中继,R007,1368,PASS,worst_obstruction_endpoint_distance,0.8144482146368262,1805.3705241351129,True,,端点最大距离且全时段按遮挡计损仍满足双向预算
T020,下降,6870.694486917092,6887.696042296324,中继,R007,1369,PASS,worst_obstruction_endpoint_distance,0.7973955137346138,1808.9184260319166,True,,端点最大距离且全时段按遮挡计损仍满足双向预算
T020,投送,6887.696042296324,6907.080657680939,中继,R007,1370,PASS,exact_point,0.7973955137346138,1808.9184260319166,,,独立计算 DEM 遮挡、自由空间损耗与双向预算
T020,投送,6907.080657680939,6926.465273065554,中继,R007,1371,PASS,exact_point,0.7973955137346138,1808.9184260319166,,,独立计算 DEM 遮挡、自由空间损耗与双向预算
T020,投送,6926.465273065554,6945.84988845017,中继,R007,1372,PASS,exact_point,0.7973955137346138,1808.9184260319166,,,独立计算 DEM 遮挡、自由空间损耗与双向预算
T020,投送,6945.84988845017,6965.234503834785,中继,R007,1373,PASS,exact_point,0.7973955137346138,1808.9184260319166,,,独立计算 DEM 遮挡、自由空间损耗与双向预算
T020,投送,6965.234503834785,6984.619119219401,中继,R007,1374,PASS,exact_point,0.7973955137346138,1808.9184260319166,,,独立计算 DEM 遮挡、自由空间损耗与双向预算
T020,投送,6984.619119219401,7004.003734604016,中继,R007,1375,PASS,exact_point,0.7973955137346138,1808.9184260319166,,,独立计算 DEM 遮挡、自由空间损耗与双向预算
T020,投送,7004.003734604016,7023.3883499886315,中继,R007,1376,PASS,exact_point,0.7973955137346138,1808.9184260319166,,,独立计算 DEM 遮挡、自由空间损耗与双向预算
T020,投送,7023.3883499886315,7042.772965373247,中继,R007,1377,PASS,exact_point,0.7973955137346138,1808.9184260319166,,,独立计算 DEM 遮挡、自由空间损耗与双向预算
T020,投送,7042.772965373247,7062.157580757863,中继,R007,1378,PASS,exact_point,0.7973955137346138,1808.9184260319166,,,独立计算 DEM 遮挡、自由空间损耗与双向预算
T020,投送,7062.157580757863,7081.542196142478,中继,R007,1379,PASS,exact_point,0.7973955137346138,1808.9184260319166,,,独立计算 DEM 遮挡、自由空间损耗与双向预算
T020,投送,7081.542196142478,7100.926811527093,中继,R007,1380,PASS,exact_point,0.7973955137346138,1808.9184260319166,,,独立计算 DEM 遮挡、自由空间损耗与双向预算
T020,投送,7100.926811527093,7120.311426911709,中继,R007,1381,PASS,exact_point,0.7973955137346138,1808.9184260319166,,,独立计算 DEM 遮挡、自由空间损耗与双向预算
T020,投送,7120.311426911709,7139.696042296324,中继,R007,1382,PASS,exact_point,0.7973955137346138,1808.9184260319166,,,独立计算 DEM 遮挡、自由空间损耗与双向预算
T020,爬升,7139.696042296324,7153.297286599709,中继,R007,1383,PASS,worst_obstruction_endpoint_distance,0.7973955137346138,1808.9184260319166,True,,端点最大距离且全时段按遮挡计损仍满足双向预算
T020,爬升,7153.297286599709,7166.898530903095,中继,R007,1384,PASS,worst_obstruction_endpoint_distance,0.8144482146368262,1805.3705241351129,True,,端点最大距离且全时段按遮挡计损仍满足双向预算
T020,爬升,7166.898530903095,7180.49977520648,中继,R007,1385,PASS,worst_obstruction_endpoint_distance,0.8284758755184782,1802.4572144371423,True,,端点最大距离且全时段按遮挡计损仍满足双向预算
T020,巡航,7180.49977520648,7200.448206437905,中继,R007,1386,PASS,worst_obstruction_endpoint_distance,0.8394489047696396,1800.181577902523,True,,端点最大距离且全时段按遮挡计损仍满足双向预算
T020,巡航,7200.448206437905,7220.39663766933,中继,R007,1387,PASS,worst_obstruction_endpoint_distance,2.238018545490135,1532.4553547674145,True,,端点最大距离且全时段按遮挡计损仍满足双向预算
T020,巡航,7220.39663766933,7240.345068900755,中继,R007,1388,PASS,worst_obstruction_endpoint_distance,3.809912144193447,1278.77209625438,True,,端点最大距离且全时段按遮挡计损仍满足双向预算
T020,巡航,7240.345068900755,7260.29350013218,中继,R007,1389,PASS,worst_obstruction_endpoint_distance,5.527232666505114,1049.3663291862797,True,,端点最大距离且全时段按遮挡计损仍满足双向预算
T020,巡航,7260.29350013218,7280.241931363605,中继,R007,1390,PASS,worst_obstruction_endpoint_distance,7.2174888770571215,863.8022171589038,True,,端点最大距离且全时段按遮挡计损仍满足双向预算
T020,巡航,7280.241931363605,7300.19036259503,中继,R007,1391,PASS,worst_obstruction_endpoint_distance,8.361635307260357,757.1937018024331,True,,端点最大距离且全时段按遮挡计损仍满足双向预算
T020,巡航,7300.19036259503,7320.138793826454,中继,R007,1392,PASS,worst_obstruction_endpoint_distance,7.163167460360086,869.2213505149701,True,,端点最大距离且全时段按遮挡计损仍满足双向预算
T020,巡航,7320.138793826454,7340.08722505788,中继,R007,1393,PASS,worst_obstruction_endpoint_distance,5.465934903575743,1056.7980739955074,True,,端点最大距离且全时段按遮挡计损仍满足双向预算
T020,巡航,7340.08722505788,7360.035656289305,中继,R007,1394,PASS,worst_obstruction_endpoint_distance,3.752100501082751,1287.3117497629592,True,,端点最大距离且全时段按遮挡计损仍满足双向预算
T020,巡航,7360.035656289305,7379.984087520729,中继,R007,1395,PASS,worst_obstruction_endpoint_distance,2.18622543639502,1541.6205343153074,True,,端点最大距离且全时段按遮挡计损仍满足双向预算
T020,巡航,7379.984087520729,7399.932518752154,中继,R007,1396,PASS,worst_obstruction_endpoint_distance,0.7935438880098502,1809.720741284462,True,,端点最大距离且全时段按遮挡计损仍满足双向预算
T020,巡航,7399.932518752154,7419.880949983579,中继,R006,1397,PASS,worst_obstruction_endpoint_distance,0.682072816606933,1833.0956104889353,True,,端点最大距离且全时段按遮挡计损仍满足双向预算
T020,巡航,7419.880949983579,7439.829381215004,中继,R006,1398,PASS,worst_obstruction_endpoint_distance,1.871524577405495,1598.4995907465093,True,,端点最大距离且全时段按遮挡计损仍满足双向预算
T020,巡航,7439.829381215004,7459.7778124464285,中继,R006,1399,PASS,worst_obstruction_endpoint_distance,3.0919231118517416,1388.9691590915174,True,,端点最大距离且全时段按遮挡计损仍满足双向预算
T020,巡航,7459.7778124464285,7479.726243677854,直连,,1400,PASS,worst_obstruction_endpoint_distance,0.1323753731121542,3896.45791298493,True,,端点最大距离且全时段按遮挡计损仍满足双向预算
T020,巡航,7479.726243677854,7499.674674909278,直连,,1401,PASS,worst_obstruction_endpoint_distance,0.8250994230448754,3597.773239354705,True,,端点最大距离且全时段按遮挡计损仍满足双向预算
T020,巡航,7499.674674909278,7519.623106140703,直连,,1402,PASS,worst_obstruction_endpoint_distance,1.5776371600474448,3299.186756586918,True,,端点最大距离且全时段按遮挡计损仍满足双向预算
T020,巡航,7519.623106140703,7539.571537372129,直连,,1403,PASS,worst_obstruction_endpoint_distance,2.401243199064254,3000.7277761782934,True,,端点最大距离且全时段按遮挡计损仍满足双向预算
T020,巡航,7539.571537372129,7559.519968603553,直连,,1404,PASS,worst_obstruction_endpoint_distance,3.3106586402651743,2702.4385427766797,True,,端点最大距离且全时段按遮挡计损仍满足双向预算
T020,巡航,7559.519968603553,7579.468399834978,直连,,1405,PASS,worst_obstruction_endpoint_distance,4.325704959757758,2404.3822339864455,True,,端点最大距离且全时段按遮挡计损仍满足双向预算
T020,巡航,7579.468399834978,7599.416831066403,直连,,1406,PASS,worst_obstruction_endpoint_distance,5.473895595477202,2106.657716764186,True,,端点最大距离且全时段按遮挡计损仍满足双向预算
T020,巡航,7599.416831066403,7619.365262297828,直连,,1407,PASS,worst_obstruction_endpoint_distance,6.794945300204006,1809.428778084995,True,,端点最大距离且全时段按遮挡计损仍满足双向预算
T020,巡航,7619.365262297828,7639.313693529253,直连,,1408,PASS,worst_obstruction_endpoint_distance,8.349068263577223,1512.9875178566108,True,,端点最大距离且全时段按遮挡计损仍满足双向预算
T020,巡航,7639.313693529253,7659.262124760678,直连,,1409,PASS,worst_obstruction_endpoint_distance,10.233476665807785,1217.9092389358796,True,,端点最大距离且全时段按遮挡计损仍满足双向预算
T020,巡航,7659.262124760678,7679.210555992102,直连,,1410,PASS,worst_obstruction_endpoint_distance,12.618260351929706,925.4985457841007,True,,端点最大距离且全时段按遮挡计损仍满足双向预算
T020,巡航,7679.210555992102,7699.158987223527,直连,,1411,PASS,worst_obstruction_endpoint_distance,15.829974101692486,639.4256493755012,True,,端点最大距离且全时段按遮挡计损仍满足双向预算
T020,巡航,7699.158987223527,7719.1074184549525,直连,,1412,PASS,worst_obstruction_endpoint_distance,20.476569260061567,374.5073067081198,True,,端点最大距离且全时段按遮挡计损仍满足双向预算
T020,下降,7719.1074184549525,7736.622370760338,直连,,1413,PASS,worst_obstruction_endpoint_distance,24.894047506859238,225.20933227539103,True,,端点最大距离且全时段按遮挡计损仍满足双向预算
T020,下降,7736.622370760338,7754.137323065723,直连,,1414,PASS,worst_obstruction_endpoint_distance,26.362504444229174,190.17942766462062,True,,端点最大距离且全时段按遮挡计损仍满足双向预算
T020,下降,7754.137323065723,7771.652275371108,直连,,1415,PASS,worst_obstruction_endpoint_distance,28.130766268672517,155.14952305385026,True,,端点最大距离且全时段按遮挡计损仍满足双向预算
T020,下降,7771.652275371108,7789.167227676493,直连,,1416,PASS,worst_obstruction_endpoint_distance,30.35349628569324,120.11961844307979,True,,端点最大距离且全时段按遮挡计损仍满足双向预算
T020,下降,7789.167227676493,7806.682179981877,直连,,1417,PASS,worst_obstruction_endpoint_distance,33.348233904351076,85.08971383230943,True,,端点最大距离且全时段按遮挡计损仍满足双向预算
T020,下降,7806.682179981877,7824.197132287263,直连,,1418,PASS,worst_obstruction_endpoint_distance,37.955991362277445,50.0598092215408,True,,端点最大距离且全时段按遮挡计损仍满足双向预算
T020,下降,7824.197132287263,7841.712084592647,直连,,1419,PASS,worst_obstruction_endpoint_distance,45.92517525248826,20.0,True,,端点最大距离且全时段按遮挡计损仍满足双向预算
T021,爬升,8262.0,8280.035944417317,直连,,1420,PASS,worst_obstruction_endpoint_distance,43.95581004493437,25.08986104329358,True,,端点最大距离且全时段按遮挡计损仍满足双向预算
T021,爬升,8280.035944417317,8298.071888834635,直连,,1421,PASS,worst_obstruction_endpoint_distance,35.02154228444705,70.17972208658716,True,,端点最大距离且全时段按遮挡计损仍满足双向预算
T021,爬升,8298.071888834635,8316.107833251954,直连,,1422,PASS,worst_obstruction_endpoint_distance,30.71148071485723,115.26958312988529,True,,端点最大距离且全时段按遮挡计损仍满足双向预算
T021,爬升,8316.107833251954,8334.143777669271,直连,,1423,PASS,worst_obstruction_endpoint_distance,27.843884320576308,160.35944417317887,True,,端点最大距离且全时段按遮挡计损仍满足双向预算
T021,爬升,8334.143777669271,8352.179722086588,直连,,1424,PASS,worst_obstruction_endpoint_distance,25.691681627493438,205.44930521647245,True,,端点最大距离且全时段按遮挡计损仍满足双向预算
T021,爬升,8352.179722086588,8370.215666503906,直连,,1425,PASS,worst_obstruction_endpoint_distance,23.968262608738172,250.53916625976603,True,,端点最大距离且全时段按遮挡计损仍满足双向预算
T021,巡航,8370.215666503906,8389.99702356786,直连,,1426,PASS,worst_obstruction_endpoint_distance,20.16139188232583,388.3462932369524,True,,端点最大距离且全时段按遮挡计损仍满足双向预算
T021,巡航,8389.99702356786,8409.778380631813,直连,,1427,PASS,worst_obstruction_endpoint_distance,15.765903798404153,644.1597258386764,True,,端点最大距离且全时段按遮挡计损仍满足双向预算
T021,巡航,8409.778380631813,8429.559737695767,直连,,1428,PASS,worst_obstruction_endpoint_distance,12.62531864366639,924.7467764723526,True,,端点最大距离且全时段按遮挡计损仍满足双向预算
T021,巡航,8429.559737695767,8449.34109475972,直连,,1429,PASS,worst_obstruction_endpoint_distance,10.268298266887285,1213.0364331213775,True,,端点最大距离且全时段按遮挡计损仍满足双向预算
T021,巡航,8449.34109475972,8469.122451823674,直连,,1430,PASS,worst_obstruction_endpoint_distance,8.39730997944396,1504.6076282027716,True,,端点最大距离且全时段按遮挡计损仍满足双向预算
T021,巡航,8469.122451823674,8488.903808887628,直连,,1431,PASS,worst_obstruction_endpoint_distance,6.850635996686719,1797.864505710022,True,,端点最大距离且全时段按遮挡计损仍满足双向预算
T021,巡航,8488.903808887628,8508.685165951581,直连,,1432,PASS,worst_obstruction_endpoint_distance,5.5341333456205035,2092.098321356043,True,,端点最大距离且全时段按遮挡计损仍满足双向预算
T021,巡航,8508.685165951581,8528.466523015535,直连,,1433,PASS,worst_obstruction_endpoint_distance,4.388916634906977,2386.947827420809,True,,端点最大距离且全时段按遮挡计损仍满足双向预算
T021,巡航,8528.466523015535,8548.247880079489,直连,,1434,PASS,worst_obstruction_endpoint_distance,3.375919660747627,2682.209987066719,True,,端点最大距离且全时段按遮挡计损仍满足双向预算
T021,巡航,8548.247880079489,8568.029237143443,直连,,1435,PASS,worst_obstruction_endpoint_distance,2.4679753448875914,2977.7620519260295,True,,端点最大距离且全时段按遮挡计损仍满足双向预算
T021,巡航,8568.029237143443,8587.810594207396,直连,,1436,PASS,worst_obstruction_endpoint_distance,1.645460598805812,3273.5255001824776,True,,端点最大距离且全时段按遮挡计损仍满足双向预算
T021,巡航,8587.810594207396,8607.59195127135,直连,,1437,PASS,worst_obstruction_endpoint_distance,0.8937544946891762,3569.447786713983,True,,端点最大距离且全时段按遮挡计损仍满足双向预算
T021,巡航,8607.59195127135,8627.373308335304,直连,,1438,PASS,worst_obstruction_endpoint_distance,0.20167861880452165,3865.492432161046,True,,端点最大距离且全时段按遮挡计损仍满足双向预算
T021,巡航,8627.373308335304,8647.154665399257,中继,R006,1439,PASS,worst_obstruction_endpoint_distance,8.915498169436432,710.4178251369547,True,,端点最大距离且全时段按遮挡计损仍满足双向预算
T021,巡航,8647.154665399257,8666.936022463211,中继,R006,1440,PASS,worst_obstruction_endpoint_distance,5.919360757851777,1003.0456998430258,True,,端点最大距离且全时段按遮挡计损仍满足双向预算
T021,巡航,8666.936022463211,8686.717379527165,中继,R006,1441,PASS,worst_obstruction_endpoint_distance,3.683401975513803,1297.533739429142,True,,端点最大距离且全时段按遮挡计损仍满足双向预算
T021,巡航,8686.717379527165,8706.498736591118,中继,R006,1442,PASS,worst_obstruction_endpoint_distance,1.9022745718798433,1592.850549555853,True,,端点最大距离且全时段按遮挡计损仍满足双向预算
T021,巡航,8706.498736591118,8726.280093655072,中继,R006,1443,PASS,worst_obstruction_endpoint_distance,0.422941462596242,1888.6073919071866,True,,端点最大距离且全时段按遮挡计损仍满足双向预算
T021,巡航,8726.280093655072,8746.061450719026,中继,R007,1444,PASS,worst_obstruction_endpoint_distance,1.3127262354054778,1704.7176061191228,True,,端点最大距离且全时段按遮挡计损仍满足双向预算
T021,巡航,8746.061450719026,8765.842807782978,中继,R007,1445,PASS,worst_obstruction_endpoint_distance,2.1310599851746446,1551.4427670527323,True,,端点最大距离且全时段按遮挡计损仍满足双向预算
T021,巡航,8765.842807782978,8785.624164846933,中继,R007,1446,PASS,worst_obstruction_endpoint_distance,2.7568539914342693,1443.597292027193,True,,端点最大距离且全时段按遮挡计损仍满足双向预算
T021,巡航,8785.624164846933,8805.405521910885,中继,R007,1447,PASS,worst_obstruction_endpoint_distance,3.009436570846745,1402.2224943312915,True,,端点最大距离且全时段按遮挡计损仍满足双向预算
T021,巡航,8805.405521910885,8825.186878974839,中继,R007,1448,PASS,worst_obstruction_endpoint_distance,2.5782083813780474,1473.5956784547577,True,,端点最大距离且全时段按遮挡计损仍满足双向预算
T021,巡航,8825.186878974839,8844.968236038792,中继,R007,1449,PASS,worst_obstruction_endpoint_distance,1.8755622343822864,1597.756696995542,True,,端点最大距离且全时段按遮挡计损仍满足双向预算
T021,巡航,8844.968236038792,8864.749593102746,中继,R007,1450,PASS,worst_obstruction_endpoint_distance,1.017815697403691,1763.5914042963925,True,,端点最大距离且全时段按遮挡计损仍满足双向预算
T021,巡航,8864.749593102746,8884.5309501667,中继,R007,1451,PASS,worst_obstruction_endpoint_distance,0.09820263924140704,1960.5531768111305,True,,端点最大距离且全时段按遮挡计损仍满足双向预算
T021,下降,8884.5309501667,8901.524866792677,中继,R007,1452,PASS,worst_obstruction_endpoint_distance,0.09089597645279923,1962.2031088782874,True,,端点最大距离且全时段按遮挡计损仍满足双向预算
T021,下降,8901.524866792677,8918.518783418654,中继,R007,1453,PASS,worst_obstruction_endpoint_distance,0.08100074457328788,1964.4397846453173,True,,端点最大距离且全时段按遮挡计损仍满足双向预算
T021,下降,8918.518783418654,8935.51270004463,中继,R007,1454,PASS,worst_obstruction_endpoint_distance,0.06853462307819314,1967.2612028201515,True,,端点最大距离且全时段按遮挡计损仍满足双向预算
T021,下降,8935.51270004463,8952.506616670607,中继,R007,1455,PASS,worst_obstruction_endpoint_distance,0.05351975134392717,1970.6648518618697,True,,端点最大距离且全时段按遮挡计损仍满足双向预算
T021,下降,8952.506616670607,8969.500533296583,中继,R007,1456,PASS,worst_obstruction_endpoint_distance,0.035982598952486455,1974.647721044051,True,,端点最大距离且全时段按遮挡计损仍满足双向预算
T021,投送,8969.500533296583,8988.559356825996,中继,R007,1457,PASS,exact_point,0.035982598952486455,1974.647721044051,,,独立计算 DEM 遮挡、自由空间损耗与双向预算
T021,投送,8988.559356825996,9007.618180355406,中继,R007,1458,PASS,exact_point,0.035982598952486455,1974.647721044051,,,独立计算 DEM 遮挡、自由空间损耗与双向预算
T021,投送,9007.618180355406,9026.677003884819,中继,R007,1459,PASS,exact_point,0.035982598952486455,1974.647721044051,,,独立计算 DEM 遮挡、自由空间损耗与双向预算
T021,投送,9026.677003884819,9045.73582741423,中继,R007,1460,PASS,exact_point,0.035982598952486455,1974.647721044051,,,独立计算 DEM 遮挡、自由空间损耗与双向预算
T021,投送,9045.73582741423,9064.794650943642,中继,R007,1461,PASS,exact_point,0.035982598952486455,1974.647721044051,,,独立计算 DEM 遮挡、自由空间损耗与双向预算
T021,投送,9064.794650943642,9083.853474473053,中继,R007,1462,PASS,exact_point,0.035982598952486455,1974.647721044051,,,独立计算 DEM 遮挡、自由空间损耗与双向预算
T021,投送,9083.853474473053,9102.912298002466,中继,R007,1463,PASS,exact_point,0.035982598952486455,1974.647721044051,,,独立计算 DEM 遮挡、自由空间损耗与双向预算
T021,投送,9102.912298002466,9121.971121531878,中继,R007,1464,PASS,exact_point,0.035982598952486455,1974.647721044051,,,独立计算 DEM 遮挡、自由空间损耗与双向预算
T021,投送,9121.971121531878,9141.02994506129,中继,R007,1465,PASS,exact_point,0.035982598952486455,1974.647721044051,,,独立计算 DEM 遮挡、自由空间损耗与双向预算
T021,投送,9141.02994506129,9160.0887685907,中继,R007,1466,PASS,exact_point,0.035982598952486455,1974.647721044051,,,独立计算 DEM 遮挡、自由空间损耗与双向预算
T021,投送,9160.0887685907,9179.147592120113,中继,R007,1467,PASS,exact_point,0.035982598952486455,1974.647721044051,,,独立计算 DEM 遮挡、自由空间损耗与双向预算
T021,投送,9179.147592120113,9198.206415649525,中继,R007,1468,PASS,exact_point,0.035982598952486455,1974.647721044051,,,独立计算 DEM 遮挡、自由空间损耗与双向预算
T021,投送,9198.206415649525,9217.265239178936,中继,R007,1469,PASS,exact_point,0.035982598952486455,1974.647721044051,,,独立计算 DEM 遮挡、自由空间损耗与双向预算
T021,投送,9217.265239178936,9236.324062708349,中继,R007,1470,PASS,exact_point,0.035982598952486455,1974.647721044051,,,独立计算 DEM 遮挡、自由空间损耗与双向预算
T021,投送,9236.324062708349,9255.38288623776,中继,R007,1471,PASS,exact_point,0.035982598952486455,1974.647721044051,,,独立计算 DEM 遮挡、自由空间损耗与双向预算
T021,投送,9255.38288623776,9274.441709767172,中继,R007,1472,PASS,exact_point,0.035982598952486455,1974.647721044051,,,独立计算 DEM 遮挡、自由空间损耗与双向预算
T021,投送,9274.441709767172,9293.500533296583,中继,R007,1473,PASS,exact_point,0.035982598952486455,1974.647721044051,,,独立计算 DEM 遮挡、自由空间损耗与双向预算
T021,爬升,9293.500533296583,9310.49444992256,中继,R007,1474,PASS,worst_obstruction_endpoint_distance,0.035982598952486455,1974.647721044051,True,,端点最大距离且全时段按遮挡计损仍满足双向预算
T021,爬升,9310.49444992256,9327.488366548536,中继,R007,1475,PASS,worst_obstruction_endpoint_distance,0.05751103969893734,1969.7595116920877,True,,端点最大距离且全时段按遮挡计损仍满足双向预算
T021,爬升,9327.488366548536,9344.482283174513,中继,R007,1476,PASS,worst_obstruction_endpoint_distance,0.07508776444491616,1965.7775460634082,True,,端点最大距离且全时段按遮挡计损仍满足双向预算
T021,爬升,9344.482283174513,9361.47619980049,中继,R007,1477,PASS,worst_obstruction_endpoint_distance,0.08866423352374397,1962.7073399621577,True,,端点最大距离且全时段按遮挡计损仍满足双向预算
T021,巡航,9361.47619980049,9381.257556864444,中继,R007,1478,PASS,worst_obstruction_endpoint_distance,0.09820263924140704,1960.5531768111305,True,,端点最大距离且全时段按遮挡计损仍满足双向预算
T021,巡航,9381.257556864444,9401.038913928398,中继,R007,1479,PASS,worst_obstruction_endpoint_distance,1.017815697403691,1763.5914042963925,True,,端点最大距离且全时段按遮挡计损仍满足双向预算
T021,巡航,9401.038913928398,9420.82027099235,中继,R007,1480,PASS,worst_obstruction_endpoint_distance,1.8755622343822864,1597.756696995542,True,,端点最大距离且全时段按遮挡计损仍满足双向预算
T021,巡航,9420.82027099235,9440.601628056305,中继,R007,1481,PASS,worst_obstruction_endpoint_distance,2.5782083813780474,1473.5956784547577,True,,端点最大距离且全时段按遮挡计损仍满足双向预算
T021,巡航,9440.601628056305,9460.382985120257,中继,R007,1482,PASS,worst_obstruction_endpoint_distance,3.009436570846745,1402.2224943312915,True,,端点最大距离且全时段按遮挡计损仍满足双向预算
T021,巡航,9460.382985120257,9480.16434218421,中继,R007,1483,PASS,worst_obstruction_endpoint_distance,2.7568539914342693,1443.597292027193,True,,端点最大距离且全时段按遮挡计损仍满足双向预算
T021,巡航,9480.16434218421,9499.945699248165,中继,R007,1484,PASS,worst_obstruction_endpoint_distance,2.1310599851746446,1551.4427670527323,True,,端点最大距离且全时段按遮挡计损仍满足双向预算
T021,巡航,9499.945699248165,9519.727056312118,中继,R007,1485,PASS,worst_obstruction_endpoint_distance,1.3127262354054778,1704.7176061191228,True,,端点最大距离且全时段按遮挡计损仍满足双向预算
T021,巡航,9519.727056312118,9539.508413376072,中继,R007,1486,PASS,worst_obstruction_endpoint_distance,0.4054463408422606,1892.4152591509098,True,,端点最大距离且全时段按遮挡计损仍满足双向预算
T021,巡航,9539.508413376072,9559.289770440026,中继,R006,1487,PASS,worst_obstruction_endpoint_distance,1.9022745718798433,1592.850549555853,True,,端点最大距离且全时段按遮挡计损仍满足双向预算
T021,巡航,9559.289770440026,9579.07112750398,中继,R006,1488,PASS,worst_obstruction_endpoint_distance,3.683401975513803,1297.533739429142,True,,端点最大距离且全时段按遮挡计损仍满足双向预算
T021,巡航,9579.07112750398,9598.852484567933,中继,R006,1489,PASS,worst_obstruction_endpoint_distance,5.919360757851777,1003.0456998430258,True,,端点最大距离且全时段按遮挡计损仍满足双向预算
T021,巡航,9598.852484567933,9618.633841631887,中继,R006,1490,PASS,worst_obstruction_endpoint_distance,8.915498169436432,710.4178251369547,True,,端点最大距离且全时段按遮挡计损仍满足双向预算
T021,巡航,9618.633841631887,9638.41519869584,直连,,1491,PASS,worst_obstruction_endpoint_distance,0.20167861880453586,3865.4924321610397,True,,端点最大距离且全时段按遮挡计损仍满足双向预算
T021,巡航,9638.41519869584,9658.196555759794,直连,,1492,PASS,worst_obstruction_endpoint_distance,0.8937544946891762,3569.447786713983,True,,端点最大距离且全时段按遮挡计损仍满足双向预算
T021,巡航,9658.196555759794,9677.977912823748,直连,,1493,PASS,worst_obstruction_endpoint_distance,1.645460598805812,3273.5255001824776,True,,端点最大距离且全时段按遮挡计损仍满足双向预算
T021,巡航,9677.977912823748,9697.759269887702,直连,,1494,PASS,worst_obstruction_endpoint_distance,2.4679753448875914,2977.7620519260295,True,,端点最大距离且全时段按遮挡计损仍满足双向预算
T021,巡航,9697.759269887702,9717.540626951655,直连,,1495,PASS,worst_obstruction_endpoint_distance,3.375919660747627,2682.209987066719,True,,端点最大距离且全时段按遮挡计损仍满足双向预算
T021,巡航,9717.540626951655,9737.321984015609,直连,,1496,PASS,worst_obstruction_endpoint_distance,4.388916634906977,2386.947827420809,True,,端点最大距离且全时段按遮挡计损仍满足双向预算
T021,巡航,9737.321984015609,9757.103341079563,直连,,1497,PASS,worst_obstruction_endpoint_distance,5.5341333456205035,2092.098321356043,True,,端点最大距离且全时段按遮挡计损仍满足双向预算
T021,巡航,9757.103341079563,9776.884698143516,直连,,1498,PASS,worst_obstruction_endpoint_distance,6.850635996686719,1797.864505710022,True,,端点最大距离且全时段按遮挡计损仍满足双向预算
T021,巡航,9776.884698143516,9796.66605520747,直连,,1499,PASS,worst_obstruction_endpoint_distance,8.39730997944396,1504.6076282027716,True,,端点最大距离且全时段按遮挡计损仍满足双向预算
T021,巡航,9796.66605520747,9816.447412271424,直连,,1500,PASS,worst_obstruction_endpoint_distance,10.268298266887285,1213.0364331213775,True,,端点最大距离且全时段按遮挡计损仍满足双向预算
T021,巡航,9816.447412271424,9836.228769335377,直连,,1501,PASS,worst_obstruction_endpoint_distance,12.62531864366639,924.7467764723526,True,,端点最大距离且全时段按遮挡计损仍满足双向预算
T021,巡航,9836.228769335377,9856.010126399331,直连,,1502,PASS,worst_obstruction_endpoint_distance,15.765903798404153,644.1597258386764,True,,端点最大距离且全时段按遮挡计损仍满足双向预算
T021,巡航,9856.010126399331,9875.791483463283,直连,,1503,PASS,worst_obstruction_endpoint_distance,20.16139188233373,388.3462932365988,True,,端点最大距离且全时段按遮挡计损仍满足双向预算
T021,下降,9875.791483463283,9895.115709624695,直连,,1504,PASS,worst_obstruction_endpoint_distance,23.968262608738172,250.53916625976603,True,,端点最大距离且全时段按遮挡计损仍满足双向预算
T021,下降,9895.115709624695,9914.439935786108,直连,,1505,PASS,worst_obstruction_endpoint_distance,25.423536680378206,211.89071393694178,True,,端点最大距离且全时段按遮挡计损仍满足双向预算
T021,下降,9914.439935786108,9933.76416194752,直连,,1506,PASS,worst_obstruction_endpoint_distance,27.17269827277154,173.24226161411758,True,,端点最大距离且全时段按遮挡计损仍满足双向预算
T021,下降,9933.76416194752,9953.088388108932,直连,,1507,PASS,worst_obstruction_endpoint_distance,29.365273470603228,134.59380929129333,True,,端点最大距离且全时段按遮挡计损仍满足双向预算
T021,下降,9953.088388108932,9972.412614270343,直连,,1508,PASS,worst_obstruction_endpoint_distance,32.30529590570602,95.9453569684691,True,,端点最大距离且全时段按遮挡计损仍满足双向预算
T021,下降,9972.412614270343,9991.736840431755,直连,,1509,PASS,worst_obstruction_endpoint_distance,36.783151952118246,57.29690464564848,True,,端点最大距离且全时段按遮挡计损仍满足双向预算
T021,下降,9991.736840431755,10011.061066593167,直连,,1510,PASS,worst_obstruction_endpoint_distance,45.92517525248826,20.0,True,,端点最大距离且全时段按遮挡计损仍满足双向预算
T022,爬升,8230.0,8246.76617553711,直连,,1511,PASS,worst_obstruction_endpoint_distance,45.13077173479127,21.91543884277465,True,,端点最大距离且全时段按遮挡计损仍满足双向预算
T022,爬升,8246.76617553711,8263.532351074218,直连,,1512,PASS,worst_obstruction_endpoint_distance,35.845158843874486,63.83087768554475,True,,端点最大距离且全时段按遮挡计损仍满足双向预算
T022,爬升,8263.532351074218,8280.298526611328,直连,,1513,PASS,worst_obstruction_endpoint_distance,31.460470195991547,105.74631652831937,True,,端点最大距离且全时段按遮挡计损仍满足双向预算
T022,爬升,8280.298526611328,8297.064702148438,直连,,1514,PASS,worst_obstruction_endpoint_distance,28.560414627442924,147.661755371094,True,,端点最大距离且全时段按遮挡计损仍满足双向预算
T022,巡航,8297.064702148438,8315.785355926813,直连,,1515,PASS,worst_obstruction_endpoint_distance,21.91728608925837,317.2666725711304,True,,端点最大距离且全时段按遮挡计损仍满足双向预算
T022,巡航,8315.785355926813,8334.50600970519,直连,,1516,PASS,worst_obstruction_endpoint_distance,16.66663440279322,580.7069692195184,True,,端点最大距离且全时段按遮挡计损仍满足双向预算
T022,巡航,8334.50600970519,8353.226663483567,直连,,1517,PASS,worst_obstruction_endpoint_distance,13.303683384721793,855.2726592881538,True,,端点最大距离且全时段按遮挡计损仍满足双向预算
T022,巡航,8353.226663483567,8371.947317261942,直连,,1518,PASS,worst_obstruction_endpoint_distance,10.861916747871135,1132.9035062187145,True,,端点最大距离且全时段按遮挡计损仍满足双向预算
T022,巡航,8371.947317261942,8390.667971040319,直连,,1519,PASS,worst_obstruction_endpoint_distance,8.950358587344866,1411.7923650909095,True,,端点最大距离且全时段按遮挡计损仍满足双向预算
T022,巡航,8390.667971040319,8409.388624818695,直连,,1520,PASS,worst_obstruction_endpoint_distance,7.381274715503494,1691.317032642597,True,,端点最大距离且全时段按遮挡计损仍满足双向预算
T022,巡航,8409.388624818695,8428.109278597072,直连,,1521,PASS,worst_obstruction_endpoint_distance,6.051130303594704,1971.2070471504326,True,,端点最大距离且全时段按遮挡计损仍满足双向预算
T022,巡航,8428.109278597072,8446.829932375447,直连,,1522,PASS,worst_obstruction_endpoint_distance,4.897006846639741,2251.326150430654,True,,端点最大距离且全时段按遮挡计损仍满足双向预算
T022,巡航,8446.829932375447,8465.550586153824,直连,,1523,PASS,worst_obstruction_endpoint_distance,3.87787926451351,2531.5982982180185,True,,端点最大距离且全时段按遮挡计损仍满足双向预算
T022,巡航,8465.550586153824,8484.2712399322,直连,,1524,PASS,worst_obstruction_endpoint_distance,2.9655376322348275,2811.977728667235,True,,端点最大距离且全时段按遮挡计损仍满足双向预算
T022,下降,8484.2712399322,8498.148199160716,直连,,1525,PASS,worst_obstruction_endpoint_distance,2.9655376322348275,2811.977728667235,True,,端点最大距离且全时段按遮挡计损仍满足双向预算
T022,下降,8498.148199160716,8512.025158389231,直连,,1526,PASS,worst_obstruction_endpoint_distance,2.9696182473843464,2810.656976913882,True,,端点最大距离且全时段按遮挡计损仍满足双向预算
T022,下降,8512.025158389231,8525.902117617747,直连,,1527,PASS,worst_obstruction_endpoint_distance,2.9728550566591423,2809.6097766786506,True,,端点最大距离且全时段按遮挡计损仍满足双向预算
T022,投送,8525.902117617747,8545.286733002362,直连,,1528,PASS,exact_point,2.9752461696598544,2808.8364339208633,,,独立计算 DEM 遮挡、自由空间损耗与双向预算
T022,投送,8545.286733002362,8564.671348386977,直连,,1529,PASS,exact_point,2.9752461696598544,2808.8364339208633,,,独立计算 DEM 遮挡、自由空间损耗与双向预算
T022,投送,8564.671348386977,8584.055963771592,直连,,1530,PASS,exact_point,2.9752461696598544,2808.8364339208633,,,独立计算 DEM 遮挡、自由空间损耗与双向预算
T022,投送,8584.055963771592,8603.44057915621,直连,,1531,PASS,exact_point,2.9752461696598544,2808.8364339208633,,,独立计算 DEM 遮挡、自由空间损耗与双向预算
T022,投送,8603.44057915621,8622.825194540825,直连,,1532,PASS,exact_point,2.9752461696598544,2808.8364339208633,,,独立计算 DEM 遮挡、自由空间损耗与双向预算
T022,投送,8622.825194540825,8642.20980992544,直连,,1533,PASS,exact_point,2.9752461696598544,2808.8364339208633,,,独立计算 DEM 遮挡、自由空间损耗与双向预算
T022,投送,8642.20980992544,8661.594425310055,直连,,1534,PASS,exact_point,2.9752461696598544,2808.8364339208633,,,独立计算 DEM 遮挡、自由空间损耗与双向预算
T022,投送,8661.594425310055,8680.97904069467,直连,,1535,PASS,exact_point,2.9752461696598544,2808.8364339208633,,,独立计算 DEM 遮挡、自由空间损耗与双向预算
T022,投送,8680.97904069467,8700.363656079286,直连,,1536,PASS,exact_point,2.9752461696598544,2808.8364339208633,,,独立计算 DEM 遮挡、自由空间损耗与双向预算
T022,投送,8700.363656079286,8719.7482714639,直连,,1537,PASS,exact_point,2.9752461696598544,2808.8364339208633,,,独立计算 DEM 遮挡、自由空间损耗与双向预算
T022,投送,8719.7482714639,8739.132886848516,直连,,1538,PASS,exact_point,2.9752461696598544,2808.8364339208633,,,独立计算 DEM 遮挡、自由空间损耗与双向预算
T022,投送,8739.132886848516,8758.517502233131,直连,,1539,PASS,exact_point,2.9752461696598544,2808.8364339208633,,,独立计算 DEM 遮挡、自由空间损耗与双向预算
T022,投送,8758.517502233131,8777.902117617747,直连,,1540,PASS,exact_point,2.9752461696598544,2808.8364339208633,,,独立计算 DEM 遮挡、自由空间损耗与双向预算
T022,爬升,8777.902117617747,8794.554468691966,直连,,1541,PASS,worst_obstruction_endpoint_distance,2.9713422573941983,2810.099161870278,True,,端点最大距离且全时段按遮挡计损仍满足双向预算
T022,爬升,8794.554468691966,8811.206819766185,直连,,1542,PASS,worst_obstruction_endpoint_distance,2.9655376322348275,2811.977728667235,True,,端点最大距离且全时段按遮挡计损仍满足双向预算
T022,巡航,8811.206819766185,8829.927473544562,直连,,1543,PASS,worst_obstruction_endpoint_distance,2.9655376322348275,2811.977728667235,True,,端点最大距离且全时段按遮挡计损仍满足双向预算
T022,巡航,8829.927473544562,8848.648127322936,直连,,1544,PASS,worst_obstruction_endpoint_distance,3.87787926451351,2531.5982982180185,True,,端点最大距离且全时段按遮挡计损仍满足双向预算
T022,巡航,8848.648127322936,8867.368781101313,直连,,1545,PASS,worst_obstruction_endpoint_distance,4.897006846639741,2251.326150430654,True,,端点最大距离且全时段按遮挡计损仍满足双向预算
T022,巡航,8867.368781101313,8886.08943487969,直连,,1546,PASS,worst_obstruction_endpoint_distance,6.051130303594704,1971.2070471504326,True,,端点最大距离且全时段按遮挡计损仍满足双向预算
T022,巡航,8886.08943487969,8904.810088658065,直连,,1547,PASS,worst_obstruction_endpoint_distance,7.381274715503494,1691.317032642597,True,,端点最大距离且全时段按遮挡计损仍满足双向预算
T022,巡航,8904.810088658065,8923.530742436442,直连,,1548,PASS,worst_obstruction_endpoint_distance,8.950358587342222,1411.7923650913392,True,,端点最大距离且全时段按遮挡计损仍满足双向预算
T022,巡航,8923.530742436442,8942.251396214819,直连,,1549,PASS,worst_obstruction_endpoint_distance,10.861916747871135,1132.9035062187145,True,,端点最大距离且全时段按遮挡计损仍满足双向预算
T022,巡航,8942.251396214819,8960.972049993195,直连,,1550,PASS,worst_obstruction_endpoint_distance,13.303683384721793,855.2726592881538,True,,端点最大距离且全时段按遮挡计损仍满足双向预算
T022,巡航,8960.972049993195,8979.69270377157,直连,,1551,PASS,worst_obstruction_endpoint_distance,16.66663440279322,580.7069692195184,True,,端点最大距离且全时段按遮挡计损仍满足双向预算
T022,巡航,8979.69270377157,8998.413357549947,直连,,1552,PASS,worst_obstruction_endpoint_distance,21.91728608924737,317.26667257153207,True,,端点最大距离且全时段按遮挡计损仍满足双向预算
T022,下降,8998.413357549947,9015.179533087057,直连,,1553,PASS,worst_obstruction_endpoint_distance,28.560414627442924,147.661755371094,True,,端点最大距离且全时段按遮挡计损仍满足双向预算
T022,下降,9015.179533087057,9031.945708624165,直连,,1554,PASS,worst_obstruction_endpoint_distance,30.797824156687028,114.12940429687376,True,,端点最大距离且全时段按遮挡计损仍满足双向预算
T022,下降,9031.945708624165,9048.711884161276,直连,,1555,PASS,worst_obstruction_endpoint_distance,33.8193918960518,80.59705322265711,True,,端点最大距离且全时段按遮挡计损仍满足双向预算
T022,下降,9048.711884161276,9065.478059698386,直连,,1556,PASS,worst_obstruction_endpoint_distance,38.49186887424462,47.06470214843688,True,,端点最大距离且全时段按遮挡计损仍满足双向预算
T022,下降,9065.478059698386,9082.244235235494,直连,,1557,PASS,worst_obstruction_endpoint_distance,45.92517525248826,20.0,True,,端点最大距离且全时段按遮挡计损仍满足双向预算
T023,爬升,8827.0,8843.559240722656,直连,,1558,PASS,worst_obstruction_endpoint_distance,42.49716386964229,29.677722167967403,True,,端点最大距离且全时段按遮挡计损仍满足双向预算
T023,爬升,8843.559240722656,8860.118481445312,直连,,1559,PASS,worst_obstruction_endpoint_distance,33.95424061100951,79.3554443359348,True,,端点最大距离且全时段按遮挡计损仍满足双向预算
T023,爬升,8860.118481445312,8876.67772216797,直连,,1560,PASS,worst_obstruction_endpoint_distance,29.731748063926048,129.03316650390764,True,,端点最大距离且全时段按遮挡计损仍满足双向预算
T023,爬升,8876.67772216797,8893.236962890625,直连,,1561,PASS,worst_obstruction_endpoint_distance,26.902754877149746,178.710888671875,True,,端点最大距离且全时段按遮挡计损仍满足双向预算
T023,巡航,8893.236962890625,8912.794895073568,直连,,1562,PASS,worst_obstruction_endpoint_distance,21.226846823481353,343.5155626257681,True,,端点最大距离且全时段按遮挡计损仍满足双向预算
T023,巡航,8912.794895073568,8932.352827256513,直连,,1563,PASS,worst_obstruction_endpoint_distance,16.19159854535019,613.3506516465615,True,,端点最大距离且全时段按遮挡计损仍满足双向预算
T023,巡航,8932.352827256513,8951.910759439457,直连,,1564,PASS,worst_obstruction_endpoint_distance,12.879592400811816,898.0678270917992,True,,端点最大距离且全时段按遮挡计损仍满足双向预算
T023,巡航,8951.910759439457,8971.4686916224,直连,,1565,PASS,worst_obstruction_endpoint_distance,10.456716578783727,1187.0060413963242,True,,端点最大距离且全时段按遮挡计损仍满足双向预算
T023,巡航,8971.4686916224,8991.026623805345,直连,,1566,PASS,worst_obstruction_endpoint_distance,8.554100828864037,1477.691301536886,True,,端点最大距离且全时段按遮挡计损仍满足双向预算
T023,巡航,8991.026623805345,9010.58455598829,直连,,1567,PASS,worst_obstruction_endpoint_distance,6.989928674066292,1769.2627117074003,True,,端点最大距离且全时段按遮挡计损仍满足双向预算
T023,巡航,9010.58455598829,9030.142488171232,直连,,1568,PASS,worst_obstruction_endpoint_distance,5.662764533404953,2061.3442758330607,True,,端点最大距离且全时段按遮挡计损仍满足双向预算
T023,巡航,9030.142488171232,9049.700420354176,直连,,1569,PASS,worst_obstruction_endpoint_distance,4.510582959293117,2353.74608317376,True,,端点最大距离且全时段按遮挡计损仍满足双向预算
T023,巡航,9049.700420354176,9069.258352537121,直连,,1570,PASS,worst_obstruction_endpoint_distance,3.492790187068408,2646.3619829257814,True,,端点最大距离且全时段按遮挡计损仍满足双向预算
T023,巡航,9069.258352537121,9088.816284720064,直连,,1571,PASS,worst_obstruction_endpoint_distance,2.5814050697037914,2939.128031468544,True,,端点最大距离且全时段按遮挡计损仍满足双向预算
T023,巡航,9088.816284720064,9108.374216903008,直连,,1572,PASS,worst_obstruction_endpoint_distance,1.7563389162753964,3232.0034260700977,True,,端点最大距离且全时段按遮挡计损仍满足双向预算
T023,巡航,9108.374216903008,9127.932149085953,直连,,1573,PASS,worst_obstruction_endpoint_distance,1.0026890572529226,3524.960911409265,True,,端点最大距离且全时段按遮挡计损仍满足双向预算
T023,巡航,9127.932149085953,9147.490081268896,直连,,1574,PASS,worst_obstruction_endpoint_distance,0.30909856529946467,3817.9815908243413,True,,端点最大距离且全时段按遮挡计损仍满足双向预算
T023,巡航,9147.490081268896,9167.04801345184,中继,R006,1575,PASS,worst_obstruction_endpoint_distance,7.766740961877289,810.8708909826305,True,,端点最大距离且全时段按遮挡计损仍满足双向预算
T023,巡航,9167.04801345184,9186.605945634783,中继,R006,1576,PASS,worst_obstruction_endpoint_distance,5.372637576100061,1068.2105908139624,True,,端点最大距离且全时段按遮挡计损仍满足双向预算
T023,巡航,9186.605945634783,9206.163877817728,中继,R006,1577,PASS,worst_obstruction_endpoint_distance,3.400857900205878,1340.4353214105083,True,,端点最大距离且全时段按遮挡计损仍满足双向预算
T023,巡航,9206.163877817728,9225.721810000672,中继,R006,1578,PASS,worst_obstruction_endpoint_distance,1.7551595487279883,1620.0588123631724,True,,端点最大距离且全时段按遮挡计损仍满足双向预算
T023,巡航,9225.721810000672,9245.279742183615,中继,R006,1579,PASS,worst_obstruction_endpoint_distance,0.35324022906780783,1903.8237786669126,True,,端点最大距离且全时段按遮挡计损仍满足双向预算
T023,下降,9245.279742183615,9262.801194006532,中继,R006,1580,PASS,worst_obstruction_endpoint_distance,0.35324022906780783,1903.8237786669126,True,,端点最大距离且全时段按遮挡计损仍满足双向预算
T023,下降,9262.801194006532,9280.322645829448,中继,R006,1581,PASS,worst_obstruction_endpoint_distance,0.3549927805486419,1903.4396829972059,True,,端点最大距离且全时段按遮挡计损仍满足双向预算
T023,下降,9280.322645829448,9297.844097652365,中继,R006,1582,PASS,worst_obstruction_endpoint_distance,0.34897343139013515,1904.7592299267517,True,,端点最大距离且全时段按遮挡计损仍满足双向预算
T023,投送,9297.844097652365,9316.935006743275,中继,R006,1583,PASS,exact_point,10.348973431390135,1904.7592299267517,,,独立计算 DEM 遮挡、自由空间损耗与双向预算
T023,投送,9316.935006743275,9336.025915834183,中继,R006,1584,PASS,exact_point,10.348973431390135,1904.7592299267517,,,独立计算 DEM 遮挡、自由空间损耗与双向预算
T023,投送,9336.025915834183,9355.116824925093,中继,R006,1585,PASS,exact_point,10.348973431390135,1904.7592299267517,,,独立计算 DEM 遮挡、自由空间损耗与双向预算
T023,投送,9355.116824925093,9374.207734016001,中继,R006,1586,PASS,exact_point,10.348973431390135,1904.7592299267517,,,独立计算 DEM 遮挡、自由空间损耗与双向预算
T023,投送,9374.207734016001,9393.298643106911,中继,R006,1587,PASS,exact_point,10.348973431390135,1904.7592299267517,,,独立计算 DEM 遮挡、自由空间损耗与双向预算
T023,投送,9393.298643106911,9412.38955219782,中继,R006,1588,PASS,exact_point,10.348973431390135,1904.7592299267517,,,独立计算 DEM 遮挡、自由空间损耗与双向预算
T023,投送,9412.38955219782,9431.48046128873,中继,R006,1589,PASS,exact_point,10.348973431390135,1904.7592299267517,,,独立计算 DEM 遮挡、自由空间损耗与双向预算
T023,投送,9431.48046128873,9450.57137037964,中继,R006,1590,PASS,exact_point,10.348973431390135,1904.7592299267517,,,独立计算 DEM 遮挡、自由空间损耗与双向预算
T023,投送,9450.57137037964,9469.662279470547,中继,R006,1591,PASS,exact_point,10.348973431390135,1904.7592299267517,,,独立计算 DEM 遮挡、自由空间损耗与双向预算
T023,投送,9469.662279470547,9488.753188561457,中继,R006,1592,PASS,exact_point,10.348973431390135,1904.7592299267517,,,独立计算 DEM 遮挡、自由空间损耗与双向预算
T023,投送,9488.753188561457,9507.844097652365,中继,R006,1593,PASS,exact_point,10.348973431390135,1904.7592299267517,,,独立计算 DEM 遮挡、自由空间损耗与双向预算
T023,爬升,9507.844097652365,9522.445307504797,中继,R006,1594,PASS,worst_obstruction_endpoint_distance,0.34897343139013515,1904.7592299267517,True,,端点最大距离且全时段按遮挡计损仍满足双向预算
T023,爬升,9522.445307504797,9537.046517357227,中继,R006,1595,PASS,worst_obstruction_endpoint_distance,0.3549927805486419,1903.4396829972059,True,,端点最大距离且全时段按遮挡计损仍满足双向预算
T023,爬升,9537.046517357227,9551.647727209658,中继,R006,1596,PASS,worst_obstruction_endpoint_distance,0.35324022906780783,1903.8237786669126,True,,端点最大距离且全时段按遮挡计损仍满足双向预算
T023,巡航,9551.647727209658,9571.2056593926,中继,R006,1597,PASS,worst_obstruction_endpoint_distance,0.35324022906780783,1903.8237786669126,True,,端点最大距离且全时段按遮挡计损仍满足双向预算
T023,巡航,9571.2056593926,9590.763591575545,中继,R006,1598,PASS,worst_obstruction_endpoint_distance,1.7551595487279883,1620.0588123631724,True,,端点最大距离且全时段按遮挡计损仍满足双向预算
T023,巡航,9590.763591575545,9610.321523758488,中继,R006,1599,PASS,worst_obstruction_endpoint_distance,3.400857900205878,1340.4353214105083,True,,端点最大距离且全时段按遮挡计损仍满足双向预算
T023,巡航,9610.321523758488,9629.879455941433,中继,R006,1600,PASS,worst_obstruction_endpoint_distance,5.372637576096679,1068.210590814378,True,,端点最大距离且全时段按遮挡计损仍满足双向预算
T023,巡航,9629.879455941433,9649.437388124377,中继,R006,1601,PASS,worst_obstruction_endpoint_distance,7.766740961877289,810.8708909826305,True,,端点最大距离且全时段按遮挡计损仍满足双向预算
T023,巡航,9649.437388124377,9668.99532030732,直连,,1602,PASS,worst_obstruction_endpoint_distance,0.30909856529946467,3817.9815908243413,True,,端点最大距离且全时段按遮挡计损仍满足双向预算
T023,巡航,9668.99532030732,9688.553252490265,直连,,1603,PASS,worst_obstruction_endpoint_distance,1.0026890572529226,3524.960911409265,True,,端点最大距离且全时段按遮挡计损仍满足双向预算
T023,巡航,9688.553252490265,9708.11118467321,直连,,1604,PASS,worst_obstruction_endpoint_distance,1.7563389162753964,3232.0034260700977,True,,端点最大距离且全时段按遮挡计损仍满足双向预算
T023,巡航,9708.11118467321,9727.669116856152,直连,,1605,PASS,worst_obstruction_endpoint_distance,2.5814050697037914,2939.128031468544,True,,端点最大距离且全时段按遮挡计损仍满足双向预算
T023,巡航,9727.669116856152,9747.227049039097,直连,,1606,PASS,worst_obstruction_endpoint_distance,3.492790187068408,2646.3619829257814,True,,端点最大距离且全时段按遮挡计损仍满足双向预算
T023,巡航,9747.227049039097,9766.784981222041,直连,,1607,PASS,worst_obstruction_endpoint_distance,4.510582959293117,2353.74608317376,True,,端点最大距离且全时段按遮挡计损仍满足双向预算
T023,巡航,9766.784981222041,9786.342913404984,直连,,1608,PASS,worst_obstruction_endpoint_distance,5.662764533404953,2061.3442758330607,True,,端点最大距离且全时段按遮挡计损仍满足双向预算
T023,巡航,9786.342913404984,9805.900845587928,直连,,1609,PASS,worst_obstruction_endpoint_distance,6.989928674066292,1769.2627117074003,True,,端点最大距离且全时段按遮挡计损仍满足双向预算
T023,巡航,9805.900845587928,9825.458777770873,直连,,1610,PASS,worst_obstruction_endpoint_distance,8.554100828864037,1477.691301536886,True,,端点最大距离且全时段按遮挡计损仍满足双向预算
T023,巡航,9825.458777770873,9845.016709953816,直连,,1611,PASS,worst_obstruction_endpoint_distance,10.456716578783727,1187.0060413963242,True,,端点最大距离且全时段按遮挡计损仍满足双向预算
T023,巡航,9845.016709953816,9864.57464213676,直连,,1612,PASS,worst_obstruction_endpoint_distance,12.879592400811816,898.0678270917992,True,,端点最大距离且全时段按遮挡计损仍满足双向预算
T023,巡航,9864.57464213676,9884.132574319705,直连,,1613,PASS,worst_obstruction_endpoint_distance,16.19159854535019,613.3506516465615,True,,端点最大距离且全时段按遮挡计损仍满足双向预算
T023,巡航,9884.132574319705,9903.690506502648,直连,,1614,PASS,worst_obstruction_endpoint_distance,21.226846823481353,343.5155626257681,True,,端点最大距离且全时段按遮挡计损仍满足双向预算
T023,下降,9903.690506502648,9923.561595369836,直连,,1615,PASS,worst_obstruction_endpoint_distance,26.902754877149746,178.710888671875,True,,端点最大距离且全时段按遮挡计损仍满足双向预算
T023,下降,9923.561595369836,9943.432684237023,直连,,1616,PASS,worst_obstruction_endpoint_distance,29.73174806392629,129.033166503904,True,,端点最大距离且全时段按遮挡计损仍满足双向预算
T023,下降,9943.432684237023,9963.30377310421,直连,,1617,PASS,worst_obstruction_endpoint_distance,33.95424061100921,79.3554443359375,True,,端点最大距离且全时段按遮挡计损仍满足双向预算
T023,下降,9963.30377310421,9983.174861971398,直连,,1618,PASS,worst_obstruction_endpoint_distance,42.49716386964124,29.677722167971012,True,,端点最大距离且全时段按遮挡计损仍满足双向预算
T024,爬升,10452.0,10471.61674658203,直连,,1619,PASS,worst_obstruction_endpoint_distance,42.68528468478472,29.041866455077297,True,,端点最大距离且全时段按遮挡计损仍满足双向预算
T024,爬升,10471.61674658203,10491.233493164062,直连,,1620,PASS,worst_obstruction_endpoint_distance,34.09456382066654,78.0837329101546,True,,端点最大距离且全时段按遮挡计损仍满足双向预算
T024,爬升,10491.233493164062,10510.850239746094,直连,,1621,PASS,worst_obstruction_endpoint_distance,29.861114895269665,127.12559936523644,True,,端点最大距离且全时段按遮挡计损仍满足双向预算
T024,爬升,10510.850239746094,10530.466986328125,直连,,1622,PASS,worst_obstruction_endpoint_distance,27.0272610251467,176.16746582031374,True,,端点最大距离且全时段按遮挡计损仍满足双向预算
T024,爬升,10530.466986328125,10550.083732910156,直连,,1623,PASS,worst_obstruction_endpoint_distance,24.894047506859238,225.20933227539103,True,,端点最大距离且全时段按遮挡计损仍满足双向预算
T024,巡航,10550.083732910156,10570.032164141581,直连,,1624,PASS,worst_obstruction_endpoint_distance,20.476569260061567,374.5073067081198,True,,端点最大距离且全时段按遮挡计损仍满足双向预算
T024,巡航,10570.032164141581,10589.980595373007,直连,,1625,PASS,worst_obstruction_endpoint_distance,15.829974101692486,639.4256493755012,True,,端点最大距离且全时段按遮挡计损仍满足双向预算
T024,巡航,10589.980595373007,10609.929026604432,直连,,1626,PASS,worst_obstruction_endpoint_distance,12.618260351929706,925.4985457841007,True,,端点最大距离且全时段按遮挡计损仍满足双向预算
T024,巡航,10609.929026604432,10629.877457835855,直连,,1627,PASS,worst_obstruction_endpoint_distance,10.233476665807785,1217.9092389358796,True,,端点最大距离且全时段按遮挡计损仍满足双向预算
T024,巡航,10629.877457835855,10649.82588906728,直连,,1628,PASS,worst_obstruction_endpoint_distance,8.349068263577223,1512.9875178566108,True,,端点最大距离且全时段按遮挡计损仍满足双向预算
T024,巡航,10649.82588906728,10669.774320298706,直连,,1629,PASS,worst_obstruction_endpoint_distance,6.794945300204006,1809.428778084995,True,,端点最大距离且全时段按遮挡计损仍满足双向预算
T024,巡航,10669.774320298706,10689.722751530131,直连,,1630,PASS,worst_obstruction_endpoint_distance,5.473895595477202,2106.657716764186,True,,端点最大距离且全时段按遮挡计损仍满足双向预算
T024,巡航,10689.722751530131,10709.671182761556,直连,,1631,PASS,worst_obstruction_endpoint_distance,4.325704959757758,2404.3822339864455,True,,端点最大距离且全时段按遮挡计损仍满足双向预算
T024,巡航,10709.671182761556,10729.61961399298,直连,,1632,PASS,worst_obstruction_endpoint_distance,3.3106586402651743,2702.4385427766797,True,,端点最大距离且全时段按遮挡计损仍满足双向预算
T024,巡航,10729.61961399298,10749.568045224405,直连,,1633,PASS,worst_obstruction_endpoint_distance,2.401243199064254,3000.7277761782934,True,,端点最大距离且全时段按遮挡计损仍满足双向预算
T024,巡航,10749.568045224405,10769.51647645583,直连,,1634,PASS,worst_obstruction_endpoint_distance,1.5776371600474448,3299.186756586918,True,,端点最大距离且全时段按遮挡计损仍满足双向预算
T024,巡航,10769.51647645583,10789.464907687256,直连,,1635,PASS,worst_obstruction_endpoint_distance,0.8250994230448754,3597.773239354705,True,,端点最大距离且全时段按遮挡计损仍满足双向预算
T024,巡航,10789.464907687256,10809.413338918679,直连,,1636,PASS,worst_obstruction_endpoint_distance,0.1323753731121542,3896.45791298493,True,,端点最大距离且全时段按遮挡计损仍满足双向预算
T024,巡航,10809.413338918679,10829.361770150104,中继,R006,1637,PASS,worst_obstruction_endpoint_distance,3.0919231118530917,1388.9691590913012,True,,端点最大距离且全时段按遮挡计损仍满足双向预算
T024,巡航,10829.361770150104,10849.31020138153,中继,R006,1638,PASS,worst_obstruction_endpoint_distance,1.871524577405495,1598.4995907465093,True,,端点最大距离且全时段按遮挡计损仍满足双向预算
T024,巡航,10849.31020138153,10869.258632612955,中继,R006,1639,PASS,worst_obstruction_endpoint_distance,0.682072816606933,1833.0956104889353,True,,端点最大距离且全时段按遮挡计损仍满足双向预算
T024,巡航,10869.258632612955,10889.20706384438,中继,R007,1640,PASS,worst_obstruction_endpoint_distance,0.7935438880098502,1809.720741284462,True,,端点最大距离且全时段按遮挡计损仍满足双向预算
T024,巡航,10889.20706384438,10909.155495075804,中继,R007,1641,PASS,worst_obstruction_endpoint_distance,2.18622543639502,1541.6205343153074,True,,端点最大距离且全时段按遮挡计损仍满足双向预算
T024,巡航,10909.155495075804,10929.103926307229,中继,R007,1642,PASS,worst_obstruction_endpoint_distance,3.752100501082751,1287.3117497629592,True,,端点最大距离且全时段按遮挡计损仍满足双向预算
T024,巡航,10929.103926307229,10949.052357538654,中继,R007,1643,PASS,worst_obstruction_endpoint_distance,5.465934903575743,1056.7980739955074,True,,端点最大距离且全时段按遮挡计损仍满足双向预算
T024,巡航,10949.052357538654,10969.00078877008,中继,R007,1644,PASS,worst_obstruction_endpoint_distance,7.163167460360086,869.2213505149701,True,,端点最大距离且全时段按遮挡计损仍满足双向预算
T024,巡航,10969.00078877008,10988.949220001505,中继,R007,1645,PASS,worst_obstruction_endpoint_distance,8.361635307260357,757.1937018024331,True,,端点最大距离且全时段按遮挡计损仍满足双向预算
T024,巡航,10988.949220001505,11008.897651232928,中继,R007,1646,PASS,worst_obstruction_endpoint_distance,7.2174888770571215,863.8022171589038,True,,端点最大距离且全时段按遮挡计损仍满足双向预算
T024,巡航,11008.897651232928,11028.846082464353,中继,R007,1647,PASS,worst_obstruction_endpoint_distance,5.527232666505114,1049.3663291862797,True,,端点最大距离且全时段按遮挡计损仍满足双向预算
T024,巡航,11028.846082464353,11048.794513695779,中继,R007,1648,PASS,worst_obstruction_endpoint_distance,3.809912144193447,1278.77209625438,True,,端点最大距离且全时段按遮挡计损仍满足双向预算
T024,巡航,11048.794513695779,11068.742944927204,中继,R007,1649,PASS,worst_obstruction_endpoint_distance,2.238018545490135,1532.4553547674145,True,,端点最大距离且全时段按遮挡计损仍满足双向预算
T024,巡航,11068.742944927204,11088.69137615863,中继,R007,1650,PASS,worst_obstruction_endpoint_distance,0.8394489047696396,1800.181577902523,True,,端点最大距离且全时段按遮挡计损仍满足双向预算
T024,下降,11088.69137615863,11105.69293153786,中继,R007,1651,PASS,worst_obstruction_endpoint_distance,0.8284758755184782,1802.4572144371423,True,,端点最大距离且全时段按遮挡计损仍满足双向预算
T024,下降,11105.69293153786,11122.694486917091,中继,R007,1652,PASS,worst_obstruction_endpoint_distance,0.8144482146368262,1805.3705241351126,True,,端点最大距离且全时段按遮挡计损仍满足双向预算
T024,下降,11122.694486917091,11139.696042296324,中继,R007,1653,PASS,worst_obstruction_endpoint_distance,0.7973955137346138,1808.9184260319166,True,,端点最大距离且全时段按遮挡计损仍满足双向预算
T024,投送,11139.696042296324,11158.896042296325,中继,R007,1654,PASS,exact_point,0.7973955137346138,1808.9184260319166,,,独立计算 DEM 遮挡、自由空间损耗与双向预算
T024,投送,11158.896042296325,11178.096042296324,中继,R007,1655,PASS,exact_point,0.7973955137346138,1808.9184260319166,,,独立计算 DEM 遮挡、自由空间损耗与双向预算
T024,投送,11178.096042296324,11197.296042296324,中继,R007,1656,PASS,exact_point,0.7973955137346138,1808.9184260319166,,,独立计算 DEM 遮挡、自由空间损耗与双向预算
T024,投送,11197.296042296324,11216.496042296323,中继,R007,1657,PASS,exact_point,0.7973955137346138,1808.9184260319166,,,独立计算 DEM 遮挡、自由空间损耗与双向预算
T024,投送,11216.496042296323,11235.696042296324,中继,R007,1658,PASS,exact_point,0.7973955137346138,1808.9184260319166,,,独立计算 DEM 遮挡、自由空间损耗与双向预算
T024,投送,11235.696042296324,11254.896042296325,中继,R007,1659,PASS,exact_point,0.7973955137346138,1808.9184260319166,,,独立计算 DEM 遮挡、自由空间损耗与双向预算
T024,投送,11254.896042296325,11274.096042296324,中继,R007,1660,PASS,exact_point,0.7973955137346138,1808.9184260319166,,,独立计算 DEM 遮挡、自由空间损耗与双向预算
T024,投送,11274.096042296324,11293.296042296324,中继,R007,1661,PASS,exact_point,0.7973955137346138,1808.9184260319166,,,独立计算 DEM 遮挡、自由空间损耗与双向预算
T024,投送,11293.296042296324,11312.496042296323,中继,R007,1662,PASS,exact_point,0.7973955137346138,1808.9184260319166,,,独立计算 DEM 遮挡、自由空间损耗与双向预算
T024,投送,11312.496042296323,11331.696042296324,中继,R007,1663,PASS,exact_point,0.7973955137346138,1808.9184260319166,,,独立计算 DEM 遮挡、自由空间损耗与双向预算
T024,投送,11331.696042296324,11350.896042296325,中继,R007,1664,PASS,exact_point,0.7973955137346138,1808.9184260319166,,,独立计算 DEM 遮挡、自由空间损耗与双向预算
T024,投送,11350.896042296325,11370.096042296324,中继,R007,1665,PASS,exact_point,0.7973955137346138,1808.9184260319166,,,独立计算 DEM 遮挡、自由空间损耗与双向预算
T024,投送,11370.096042296324,11389.296042296324,中继,R007,1666,PASS,exact_point,0.7973955137346138,1808.9184260319166,,,独立计算 DEM 遮挡、自由空间损耗与双向预算
T024,投送,11389.296042296324,11408.496042296323,中继,R007,1667,PASS,exact_point,0.7973955137346138,1808.9184260319166,,,独立计算 DEM 遮挡、自由空间损耗与双向预算
T024,投送,11408.496042296323,11427.696042296324,中继,R007,1668,PASS,exact_point,0.7973955137346138,1808.9184260319166,,,独立计算 DEM 遮挡、自由空间损耗与双向预算
T024,爬升,11427.696042296324,11441.297286599709,中继,R007,1669,PASS,worst_obstruction_endpoint_distance,0.7973955137346138,1808.9184260319166,True,,端点最大距离且全时段按遮挡计损仍满足双向预算
T024,爬升,11441.297286599709,11454.898530903094,中继,R007,1670,PASS,worst_obstruction_endpoint_distance,0.8144482146368262,1805.370524135113,True,,端点最大距离且全时段按遮挡计损仍满足双向预算
T024,爬升,11454.898530903094,11468.499775206481,中继,R007,1671,PASS,worst_obstruction_endpoint_distance,0.8284758755184782,1802.4572144371425,True,,端点最大距离且全时段按遮挡计损仍满足双向预算
T024,巡航,11468.499775206481,11488.448206437904,中继,R007,1672,PASS,worst_obstruction_endpoint_distance,0.8394489047696396,1800.181577902523,True,,端点最大距离且全时段按遮挡计损仍满足双向预算
T024,巡航,11488.448206437904,11508.39663766933,中继,R007,1673,PASS,worst_obstruction_endpoint_distance,2.238018545490135,1532.4553547674145,True,,端点最大距离且全时段按遮挡计损仍满足双向预算
T024,巡航,11508.39663766933,11528.345068900755,中继,R007,1674,PASS,worst_obstruction_endpoint_distance,3.809912144193447,1278.77209625438,True,,端点最大距离且全时段按遮挡计损仍满足双向预算
T024,巡航,11528.345068900755,11548.29350013218,中继,R007,1675,PASS,worst_obstruction_endpoint_distance,5.527232666505114,1049.3663291862797,True,,端点最大距离且全时段按遮挡计损仍满足双向预算
T024,巡航,11548.29350013218,11568.241931363606,中继,R007,1676,PASS,worst_obstruction_endpoint_distance,7.2174888770571215,863.8022171589038,True,,端点最大距离且全时段按遮挡计损仍满足双向预算
T024,巡航,11568.241931363606,11588.190362595029,中继,R007,1677,PASS,worst_obstruction_endpoint_distance,8.361635307260357,757.1937018024331,True,,端点最大距离且全时段按遮挡计损仍满足双向预算
T024,巡航,11588.190362595029,11608.138793826454,中继,R007,1678,PASS,worst_obstruction_endpoint_distance,7.163167460360086,869.2213505149701,True,,端点最大距离且全时段按遮挡计损仍满足双向预算
T024,巡航,11608.138793826454,11628.08722505788,中继,R007,1679,PASS,worst_obstruction_endpoint_distance,5.465934903575743,1056.7980739955074,True,,端点最大距离且全时段按遮挡计损仍满足双向预算
T024,巡航,11628.08722505788,11648.035656289305,中继,R007,1680,PASS,worst_obstruction_endpoint_distance,3.752100501082751,1287.3117497629592,True,,端点最大距离且全时段按遮挡计损仍满足双向预算
T024,巡航,11648.035656289305,11667.98408752073,中继,R007,1681,PASS,worst_obstruction_endpoint_distance,2.18622543639502,1541.6205343153074,True,,端点最大距离且全时段按遮挡计损仍满足双向预算
T024,巡航,11667.98408752073,11687.932518752154,中继,R007,1682,PASS,worst_obstruction_endpoint_distance,0.7935438880098502,1809.720741284462,True,,端点最大距离且全时段按遮挡计损仍满足双向预算
T024,巡航,11687.932518752154,11707.880949983579,中继,R006,1683,PASS,worst_obstruction_endpoint_distance,0.682072816606933,1833.0956104889353,True,,端点最大距离且全时段按遮挡计损仍满足双向预算
T024,巡航,11707.880949983579,11727.829381215004,中继,R006,1684,PASS,worst_obstruction_endpoint_distance,1.871524577405495,1598.4995907465093,True,,端点最大距离且全时段按遮挡计损仍满足双向预算
T024,巡航,11727.829381215004,11747.77781244643,中继,R006,1685,PASS,worst_obstruction_endpoint_distance,3.0919231118517416,1388.9691590915174,True,,端点最大距离且全时段按遮挡计损仍满足双向预算
T024,巡航,11747.77781244643,11767.726243677855,直连,,1686,PASS,worst_obstruction_endpoint_distance,0.1323753731121542,3896.45791298493,True,,端点最大距离且全时段按遮挡计损仍满足双向预算
T024,巡航,11767.726243677855,11787.674674909278,直连,,1687,PASS,worst_obstruction_endpoint_distance,0.8250994230448754,3597.773239354705,True,,端点最大距离且全时段按遮挡计损仍满足双向预算
T024,巡航,11787.674674909278,11807.623106140703,直连,,1688,PASS,worst_obstruction_endpoint_distance,1.5776371600474448,3299.186756586918,True,,端点最大距离且全时段按遮挡计损仍满足双向预算
T024,巡航,11807.623106140703,11827.571537372129,直连,,1689,PASS,worst_obstruction_endpoint_distance,2.401243199064254,3000.7277761782934,True,,端点最大距离且全时段按遮挡计损仍满足双向预算
T024,巡航,11827.571537372129,11847.519968603554,直连,,1690,PASS,worst_obstruction_endpoint_distance,3.3106586402651743,2702.4385427766797,True,,端点最大距离且全时段按遮挡计损仍满足双向预算
T024,巡航,11847.519968603554,11867.468399834977,直连,,1691,PASS,worst_obstruction_endpoint_distance,4.325704959757758,2404.3822339864455,True,,端点最大距离且全时段按遮挡计损仍满足双向预算
T024,巡航,11867.468399834977,11887.416831066403,直连,,1692,PASS,worst_obstruction_endpoint_distance,5.473895595477202,2106.657716764186,True,,端点最大距离且全时段按遮挡计损仍满足双向预算
T024,巡航,11887.416831066403,11907.365262297828,直连,,1693,PASS,worst_obstruction_endpoint_distance,6.794945300204006,1809.428778084995,True,,端点最大距离且全时段按遮挡计损仍满足双向预算
T024,巡航,11907.365262297828,11927.313693529253,直连,,1694,PASS,worst_obstruction_endpoint_distance,8.349068263577223,1512.9875178566108,True,,端点最大距离且全时段按遮挡计损仍满足双向预算
T024,巡航,11927.313693529253,11947.262124760677,直连,,1695,PASS,worst_obstruction_endpoint_distance,10.233476665807785,1217.9092389358796,True,,端点最大距离且全时段按遮挡计损仍满足双向预算
T024,巡航,11947.262124760677,11967.210555992102,直连,,1696,PASS,worst_obstruction_endpoint_distance,12.618260351929706,925.4985457841007,True,,端点最大距离且全时段按遮挡计损仍满足双向预算
T024,巡航,11967.210555992102,11987.158987223527,直连,,1697,PASS,worst_obstruction_endpoint_distance,15.829974101692486,639.4256493755012,True,,端点最大距离且全时段按遮挡计损仍满足双向预算
T024,巡航,11987.158987223527,12007.107418454952,直连,,1698,PASS,worst_obstruction_endpoint_distance,20.476569260061567,374.5073067081198,True,,端点最大距离且全时段按遮挡计损仍满足双向预算
T024,下降,12007.107418454952,12024.622370760337,直连,,1699,PASS,worst_obstruction_endpoint_distance,24.894047506859238,225.20933227539103,True,,端点最大距离且全时段按遮挡计损仍满足双向预算
T024,下降,12024.622370760337,12042.137323065723,直连,,1700,PASS,worst_obstruction_endpoint_distance,26.362504444229103,190.17942766462244,True,,端点最大距离且全时段按遮挡计损仍满足双向预算
T024,下降,12042.137323065723,12059.652275371107,直连,,1701,PASS,worst_obstruction_endpoint_distance,28.130766268672517,155.14952305385026,True,,端点最大距离且全时段按遮挡计损仍满足双向预算
T024,下降,12059.652275371107,12077.167227676493,直连,,1702,PASS,worst_obstruction_endpoint_distance,30.35349628569311,120.1196184430816,True,,端点最大距离且全时段按遮挡计损仍满足双向预算
T024,下降,12077.167227676493,12094.682179981877,直连,,1703,PASS,worst_obstruction_endpoint_distance,33.348233904351076,85.08971383230943,True,,端点最大距离且全时段按遮挡计损仍满足双向预算
T024,下降,12094.682179981877,12112.197132287263,直连,,1704,PASS,worst_obstruction_endpoint_distance,37.955991362277445,50.0598092215408,True,,端点最大距离且全时段按遮挡计损仍满足双向预算
T024,下降,12112.197132287263,12129.712084592647,直连,,1705,PASS,worst_obstruction_endpoint_distance,45.92517525248826,20.0,True,,端点最大距离且全时段按遮挡计损仍满足双向预算
T025,爬升,10509.0,10528.871088867187,直连,,1706,PASS,worst_obstruction_endpoint_distance,42.49716386964255,29.677722167966493,True,,端点最大距离且全时段按遮挡计损仍满足双向预算
T025,爬升,10528.871088867187,10548.742177734375,直连,,1707,PASS,worst_obstruction_endpoint_distance,33.95424061100921,79.35544433593753,True,,端点最大距离且全时段按遮挡计损仍满足双向预算
T025,爬升,10548.742177734375,10568.613266601562,直连,,1708,PASS,worst_obstruction_endpoint_distance,29.73174806392629,129.033166503904,True,,端点最大距离且全时段按遮挡计损仍满足双向预算
T025,爬升,10568.613266601562,10588.48435546875,直连,,1709,PASS,worst_obstruction_endpoint_distance,26.902754877149746,178.710888671875,True,,端点最大距离且全时段按遮挡计损仍满足双向预算
T025,巡航,10588.48435546875,10608.042287651693,直连,,1710,PASS,worst_obstruction_endpoint_distance,21.226846823481353,343.5155626257681,True,,端点最大距离且全时段按遮挡计损仍满足双向预算
T025,巡航,10608.042287651693,10627.600219834638,直连,,1711,PASS,worst_obstruction_endpoint_distance,16.19159854535019,613.3506516465615,True,,端点最大距离且全时段按遮挡计损仍满足双向预算
T025,巡航,10627.600219834638,10647.158152017582,直连,,1712,PASS,worst_obstruction_endpoint_distance,12.879592400811816,898.0678270917992,True,,端点最大距离且全时段按遮挡计损仍满足双向预算
T025,巡航,10647.158152017582,10666.716084200525,直连,,1713,PASS,worst_obstruction_endpoint_distance,10.456716578783727,1187.0060413963242,True,,端点最大距离且全时段按遮挡计损仍满足双向预算
T025,巡航,10666.716084200525,10686.27401638347,直连,,1714,PASS,worst_obstruction_endpoint_distance,8.554100828864037,1477.691301536886,True,,端点最大距离且全时段按遮挡计损仍满足双向预算
T025,巡航,10686.27401638347,10705.831948566414,直连,,1715,PASS,worst_obstruction_endpoint_distance,6.989928674066292,1769.2627117074003,True,,端点最大距离且全时段按遮挡计损仍满足双向预算
T025,巡航,10705.831948566414,10725.389880749357,直连,,1716,PASS,worst_obstruction_endpoint_distance,5.662764533404953,2061.3442758330607,True,,端点最大距离且全时段按遮挡计损仍满足双向预算
T025,巡航,10725.389880749357,10744.947812932302,直连,,1717,PASS,worst_obstruction_endpoint_distance,4.510582959293117,2353.74608317376,True,,端点最大距离且全时段按遮挡计损仍满足双向预算
T025,巡航,10744.947812932302,10764.505745115246,直连,,1718,PASS,worst_obstruction_endpoint_distance,3.492790187068408,2646.3619829257814,True,,端点最大距离且全时段按遮挡计损仍满足双向预算
T025,巡航,10764.505745115246,10784.063677298189,直连,,1719,PASS,worst_obstruction_endpoint_distance,2.5814050697037914,2939.128031468544,True,,端点最大距离且全时段按遮挡计损仍满足双向预算
T025,巡航,10784.063677298189,10803.621609481133,直连,,1720,PASS,worst_obstruction_endpoint_distance,1.7563389162753964,3232.0034260700977,True,,端点最大距离且全时段按遮挡计损仍满足双向预算
T025,巡航,10803.621609481133,10823.179541664078,直连,,1721,PASS,worst_obstruction_endpoint_distance,1.0026890572529226,3524.960911409265,True,,端点最大距离且全时段按遮挡计损仍满足双向预算
T025,巡航,10823.179541664078,10842.73747384702,直连,,1722,PASS,worst_obstruction_endpoint_distance,0.30909856529946467,3817.9815908243413,True,,端点最大距离且全时段按遮挡计损仍满足双向预算
T025,巡航,10842.73747384702,10862.295406029965,中继,R006,1723,PASS,worst_obstruction_endpoint_distance,7.766740961877289,810.8708909826305,True,,端点最大距离且全时段按遮挡计损仍满足双向预算
T025,巡航,10862.295406029965,10881.853338212908,中继,R006,1724,PASS,worst_obstruction_endpoint_distance,5.372637576100061,1068.2105908139624,True,,端点最大距离且全时段按遮挡计损仍满足双向预算
T025,巡航,10881.853338212908,10901.411270395853,中继,R006,1725,PASS,worst_obstruction_endpoint_distance,3.400857900205878,1340.4353214105083,True,,端点最大距离且全时段按遮挡计损仍满足双向预算
T025,巡航,10901.411270395853,10920.969202578797,中继,R007,1726,PASS,worst_obstruction_endpoint_distance,0.686319141278446,1832.1996727020219,True,,端点最大距离且全时段按遮挡计损仍满足双向预算
T025,巡航,10920.969202578797,10940.52713476174,中继,R007,1727,PASS,worst_obstruction_endpoint_distance,2.136735891699246,1550.429287953722,True,,端点最大距离且全时段按遮挡计损仍满足双向预算
T025,下降,10940.52713476174,10956.953495845724,中继,R007,1728,PASS,worst_obstruction_endpoint_distance,3.8138517105103347,1278.1922287465409,True,,端点最大距离且全时段按遮挡计损仍满足双向预算
T025,下降,10956.953495845724,10973.379856929709,中继,R007,1729,PASS,worst_obstruction_endpoint_distance,3.7791758730623286,1283.3052312874863,True,,端点最大距离且全时段按遮挡计损仍满足双向预算
T025,下降,10973.379856929709,10989.806218013693,中继,R007,1730,PASS,worst_obstruction_endpoint_distance,3.739130869061654,1289.235378966657,True,,端点最大距离且全时段按遮挡计损仍满足双向预算
T025,下降,10989.806218013693,11006.232579097677,中继,R007,1731,PASS,worst_obstruction_endpoint_distance,3.6938664514362216,1295.9714544759318,True,,端点最大距离且全时段按遮挡计损仍满足双向预算
T025,投送,11006.232579097677,11025.29140262709,中继,R007,1732,PASS,exact_point,13.693866451436222,1295.9714544759318,,,独立计算 DEM 遮挡、自由空间损耗与双向预算
T025,投送,11025.29140262709,11044.3502261565,中继,R007,1733,PASS,exact_point,13.693866451436222,1295.9714544759318,,,独立计算 DEM 遮挡、自由空间损耗与双向预算
T025,投送,11044.3502261565,11063.409049685913,中继,R007,1734,PASS,exact_point,13.693866451436222,1295.9714544759318,,,独立计算 DEM 遮挡、自由空间损耗与双向预算
T025,投送,11063.409049685913,11082.467873215326,中继,R007,1735,PASS,exact_point,13.693866451436222,1295.9714544759318,,,独立计算 DEM 遮挡、自由空间损耗与双向预算
T025,投送,11082.467873215326,11101.526696744737,中继,R007,1736,PASS,exact_point,13.693866451436222,1295.9714544759318,,,独立计算 DEM 遮挡、自由空间损耗与双向预算
T025,投送,11101.526696744737,11120.585520274148,中继,R007,1737,PASS,exact_point,13.693866451436222,1295.9714544759318,,,独立计算 DEM 遮挡、自由空间损耗与双向预算
T025,投送,11120.585520274148,11139.64434380356,中继,R007,1738,PASS,exact_point,13.693866451436222,1295.9714544759318,,,独立计算 DEM 遮挡、自由空间损耗与双向预算
T025,投送,11139.64434380356,11158.703167332973,中继,R007,1739,PASS,exact_point,13.693866451436222,1295.9714544759318,,,独立计算 DEM 遮挡、自由空间损耗与双向预算
T025,投送,11158.703167332973,11177.761990862384,中继,R007,1740,PASS,exact_point,13.693866451436222,1295.9714544759318,,,独立计算 DEM 遮挡、自由空间损耗与双向预算
T025,投送,11177.761990862384,11196.820814391796,中继,R007,1741,PASS,exact_point,13.693866451436222,1295.9714544759318,,,独立计算 DEM 遮挡、自由空间损耗与双向预算
T025,投送,11196.820814391796,11215.879637921207,中继,R007,1742,PASS,exact_point,13.693866451436222,1295.9714544759318,,,独立计算 DEM 遮挡、自由空间损耗与双向预算
T025,投送,11215.879637921207,11234.93846145062,中继,R007,1743,PASS,exact_point,13.693866451436222,1295.9714544759318,,,独立计算 DEM 遮挡、自由空间损耗与双向预算
T025,投送,11234.93846145062,11253.99728498003,中继,R007,1744,PASS,exact_point,13.693866451436222,1295.9714544759318,,,独立计算 DEM 遮挡、自由空间损耗与双向预算
T025,投送,11253.99728498003,11273.056108509443,中继,R007,1745,PASS,exact_point,13.693866451436222,1295.9714544759318,,,独立计算 DEM 遮挡、自由空间损耗与双向预算
T025,投送,11273.056108509443,11292.114932038854,中继,R007,1746,PASS,exact_point,13.693866451436222,1295.9714544759318,,,独立计算 DEM 遮挡、自由空间损耗与双向预算
T025,投送,11292.114932038854,11311.173755568267,中继,R007,1747,PASS,exact_point,13.693866451436222,1295.9714544759318,,,独立计算 DEM 遮挡、自由空间损耗与双向预算
T025,投送,11311.173755568267,11330.232579097677,中继,R007,1748,PASS,exact_point,13.693866451436222,1295.9714544759318,,,独立计算 DEM 遮挡、自由空间损耗与双向预算
T025,爬升,11330.232579097677,11347.754030920594,中继,R007,1749,PASS,worst_obstruction_endpoint_distance,3.6938664514362216,1295.9714544759318,True,,端点最大距离且全时段按遮挡计损仍满足双向预算
T025,爬升,11347.754030920594,11365.275482743511,中继,R007,1750,PASS,worst_obstruction_endpoint_distance,3.753066873679316,1287.1685343124952,True,,端点最大距离且全时段按遮挡计损仍满足双向预算
T025,爬升,11365.275482743511,11382.796934566428,中继,R007,1751,PASS,worst_obstruction_endpoint_distance,3.802898216986918,1279.8051322590784,True,,端点最大距离且全时段按遮挡计损仍满足双向预算
T025,巡航,11382.796934566428,11402.354866749372,中继,R007,1752,PASS,worst_obstruction_endpoint_distance,2.1367358916967873,1550.4292879541606,True,,端点最大距离且全时段按遮挡计损仍满足双向预算
T025,巡航,11402.354866749372,11421.912798932315,中继,R007,1753,PASS,worst_obstruction_endpoint_distance,0.686319141278446,1832.1996727020219,True,,端点最大距离且全时段按遮挡计损仍满足双向预算
T025,巡航,11421.912798932315,11441.47073111526,中继,R006,1754,PASS,worst_obstruction_endpoint_distance,3.400857900205878,1340.4353214105083,True,,端点最大距离且全时段按遮挡计损仍满足双向预算
T025,巡航,11441.47073111526,11461.028663298204,中继,R006,1755,PASS,worst_obstruction_endpoint_distance,5.372637576096679,1068.210590814378,True,,端点最大距离且全时段按遮挡计损仍满足双向预算
T025,巡航,11461.028663298204,11480.586595481147,中继,R006,1756,PASS,worst_obstruction_endpoint_distance,7.766740961877289,810.8708909826305,True,,端点最大距离且全时段按遮挡计损仍满足双向预算
T025,巡航,11480.586595481147,11500.144527664092,直连,,1757,PASS,worst_obstruction_endpoint_distance,0.30909856529946467,3817.9815908243413,True,,端点最大距离且全时段按遮挡计损仍满足双向预算
T025,巡航,11500.144527664092,11519.702459847036,直连,,1758,PASS,worst_obstruction_endpoint_distance,1.0026890572529226,3524.960911409265,True,,端点最大距离且全时段按遮挡计损仍满足双向预算
T025,巡航,11519.702459847036,11539.260392029979,直连,,1759,PASS,worst_obstruction_endpoint_distance,1.756338916276647,3232.003426069633,True,,端点最大距离且全时段按遮挡计损仍满足双向预算
T025,巡航,11539.260392029979,11558.818324212923,直连,,1760,PASS,worst_obstruction_endpoint_distance,2.5814050697037914,2939.128031468544,True,,端点最大距离且全时段按遮挡计损仍满足双向预算
T025,巡航,11558.818324212923,11578.376256395868,直连,,1761,PASS,worst_obstruction_endpoint_distance,3.492790187069943,2646.361982925317,True,,端点最大距离且全时段按遮挡计损仍满足双向预算
T025,巡航,11578.376256395868,11597.93418857881,直连,,1762,PASS,worst_obstruction_endpoint_distance,4.510582959293117,2353.74608317376,True,,端点最大距离且全时段按遮挡计损仍满足双向预算
T025,巡航,11597.93418857881,11617.492120761755,直连,,1763,PASS,worst_obstruction_endpoint_distance,5.662764533403006,2061.3442758335245,True,,端点最大距离且全时段按遮挡计损仍满足双向预算
T025,巡航,11617.492120761755,11637.050052944698,直连,,1764,PASS,worst_obstruction_endpoint_distance,6.989928674066292,1769.2627117074003,True,,端点最大距离且全时段按遮挡计损仍满足双向预算
T025,巡航,11637.050052944698,11656.607985127643,直连,,1765,PASS,worst_obstruction_endpoint_distance,8.554100828861323,1477.691301537348,True,,端点最大距离且全时段按遮挡计损仍满足双向预算
T025,巡航,11656.607985127643,11676.165917310587,直连,,1766,PASS,worst_obstruction_endpoint_distance,10.456716578783727,1187.0060413963242,True,,端点最大距离且全时段按遮挡计损仍满足双向预算
T025,巡航,11676.165917310587,11695.72384949353,直连,,1767,PASS,worst_obstruction_endpoint_distance,12.879592400811816,898.0678270917992,True,,端点最大距离且全时段按遮挡计损仍满足双向预算
T025,巡航,11695.72384949353,11715.281781676475,直连,,1768,PASS,worst_obstruction_endpoint_distance,16.19159854535019,613.3506516465615,True,,端点最大距离且全时段按遮挡计损仍满足双向预算
T025,巡航,11715.281781676475,11734.83971385942,直连,,1769,PASS,worst_obstruction_endpoint_distance,21.226846823471305,343.5155626261655,True,,端点最大距离且全时段按遮挡计损仍满足双向预算
T025,下降,11734.83971385942,11754.710802726606,直连,,1770,PASS,worst_obstruction_endpoint_distance,26.902754877149746,178.710888671875,True,,端点最大距离且全时段按遮挡计损仍满足双向预算
T025,下降,11754.710802726606,11774.581891593794,直连,,1771,PASS,worst_obstruction_endpoint_distance,29.087434584690158,138.96871093750144,True,,端点最大距离且全时段按遮挡计损仍满足双向预算
T025,下降,11774.581891593794,11794.452980460981,直连,,1772,PASS,worst_obstruction_endpoint_distance,32.013218802742756,99.22653320312429,True,,端点最大距离且全时段按遮挡计损仍满足双向预算
T025,下降,11794.452980460981,11814.32406932817,直连,,1773,PASS,worst_obstruction_endpoint_distance,36.457719961105596,59.48435546875072,True,,端点最大距离且全时段按遮挡计损仍满足双向预算
T025,下降,11814.32406932817,11834.195158195356,直连,,1774,PASS,worst_obstruction_endpoint_distance,45.92517525248826,20.0,True,,端点最大距离且全时段按遮挡计损仍满足双向预算
T026,爬升,12621.0,12639.125425415039,直连,,1775,PASS,worst_obstruction_endpoint_distance,43.878709413313516,25.31356353759776,True,,端点最大距离且全时段按遮挡计损仍满足双向预算
T026,爬升,12639.125425415039,12657.250850830078,直连,,1776,PASS,worst_obstruction_endpoint_distance,34.966344352585295,70.62712707519552,True,,端点最大距离且全时段按遮挡计损仍满足双向预算
T026,爬升,12657.250850830078,12675.376276245117,直连,,1777,PASS,worst_obstruction_endpoint_distance,30.66105750651289,115.94069061279328,True,,端点最大距离且全时段按遮挡计损仍满足双向预算
T026,爬升,12675.376276245117,12693.501701660156,直连,,1778,PASS,worst_obstruction_endpoint_distance,27.79555154865507,161.25425415039103,True,,端点最大距离且全时段按遮挡计损仍满足双向预算
T026,巡航,12693.501701660156,12713.265188883523,直连,,1779,PASS,worst_obstruction_endpoint_distance,21.381037235701385,337.4713404244718,True,,端点最大距离且全时段按遮挡计损仍满足双向预算
T026,巡航,12713.265188883523,12733.02867610689,直连,,1780,PASS,worst_obstruction_endpoint_distance,16.17615903644753,614.4418760035281,True,,端点最大距离且全时段按遮挡计损仍满足双向预算
T026,巡航,12733.02867610689,12752.792163330254,直连,,1781,PASS,worst_obstruction_endpoint_distance,12.823774280234389,903.8576628091926,True,,端点最大距离且全时段按遮挡计损仍满足双向预算
T026,巡航,12752.792163330254,12772.55565055362,直连,,1782,PASS,worst_obstruction_endpoint_distance,10.385900789493661,1196.723223014895,True,,端点最大距离且全时段按遮挡计损仍满足双向预算
T026,巡航,12772.55565055362,12792.319137776987,直连,,1783,PASS,worst_obstruction_endpoint_distance,8.476180856524223,1491.0071135443768,True,,端点最大距离且全时段按遮挡计损仍满足双向预算
T026,巡航,12792.319137776987,12812.082625000352,直连,,1784,PASS,worst_obstruction_endpoint_distance,6.908105372473543,1786.0083692495245,True,,端点最大距离且全时段按遮挡计损仍满足双向预算
T026,巡航,12812.082625000352,12831.846112223719,直连,,1785,PASS,worst_obstruction_endpoint_distance,5.578572376014165,2081.421994615999,True,,端点最大距离且全时段按遮挡计损仍满足双向预算
T026,巡航,12831.846112223719,12851.609599447085,直连,,1786,PASS,worst_obstruction_endpoint_distance,4.424847125248689,2377.0942527732964,True,,端点最大距离且全时段按遮挡计损仍满足双向预算
T026,巡航,12851.609599447085,12871.37308667045,直连,,1787,PASS,worst_obstruction_endpoint_distance,3.4059931797055043,2672.939317626779,True,,端点最大距离且全时段按遮挡计损仍满足双向预算
T026,巡航,12871.37308667045,12891.136573893817,直连,,1788,PASS,worst_obstruction_endpoint_distance,2.4938475922613463,2968.9055301769163,True,,端点最大距离且全时段按遮挡计损仍满足双向预算
T026,巡航,12891.136573893817,12910.900061117183,直连,,1789,PASS,worst_obstruction_endpoint_distance,1.6682180133278024,3264.9599447416617,True,,端点最大距离且全时段按遮挡计损仍满足双向预算
T026,巡航,12910.900061117183,12930.663548340548,直连,,1790,PASS,worst_obstruction_endpoint_distance,0.9141391873638156,3561.0805630696686,True,,端点最大距离且全时段按遮挡计损仍满足双向预算
T026,巡航,12930.663548340548,12950.427035563915,直连,,1791,PASS,worst_obstruction_endpoint_distance,0.2202145974620322,3857.2521378350943,True,,端点最大距离且全时段按遮挡计损仍满足双向预算
T026,巡航,12950.427035563915,12970.190522787281,中继,R008,1792,PASS,worst_obstruction_endpoint_distance,1.7986941689042766,1611.9592170068474,True,,端点最大距离且全时段按遮挡计损仍满足双向预算
T026,巡航,12970.190522787281,12989.954010010648,中继,R008,1793,PASS,worst_obstruction_endpoint_distance,3.548725382916672,1317.8090603809612,True,,端点最大距离且全时段按遮挡计损仍满足双向预算
T026,巡航,12989.954010010648,13009.717497234013,中继,R008,1794,PASS,worst_obstruction_endpoint_distance,5.731414163795407,1024.9862751293902,True,,端点最大距离且全时段按遮挡计损仍满足双向预算
T026,巡航,13009.717497234013,13029.48098445738,中继,R008,1795,PASS,worst_obstruction_endpoint_distance,8.619096337392278,735.0788740248184,True,,端点最大距离且全时段按遮挡计损仍满足双向预算
T026,巡航,13029.48098445738,13049.244471680746,中继,R008,1796,PASS,worst_obstruction_endpoint_distance,12.810203579364014,453.71023806410597,True,,端点最大距离且全时段按遮挡计损仍满足双向预算
T026,巡航,13049.244471680746,13069.00795890411,中继,R008,1797,PASS,worst_obstruction_endpoint_distance,17.87171950183982,253.33942657084106,True,,端点最大距离且全时段按遮挡计损仍满足双向预算
T026,巡航,13069.00795890411,13088.771446127477,中继,R008,1798,PASS,worst_obstruction_endpoint_distance,11.846499345070555,506.94844008022034,True,,端点最大距离且全时段按遮挡计损仍满足双向预算
T026,巡航,13088.771446127477,13108.534933350844,中继,R008,1799,PASS,worst_obstruction_endpoint_distance,7.982943005401779,790.9364822770917,True,,端点最大距离且全时段按遮挡计损仍满足双向预算
T026,巡航,13108.534933350844,13128.298420574209,中继,R008,1800,PASS,worst_obstruction_endpoint_distance,5.264168003380689,1081.6340690577874,True,,端点最大距离且全时段按遮挡计损仍满足双向预算
T026,巡航,13128.298420574209,13148.061907797575,中继,R008,1801,PASS,worst_obstruction_endpoint_distance,3.1810377706371042,1374.7915994615264,True,,端点最大距离且全时段按遮挡计损仍满足双向预算
T026,巡航,13148.061907797575,13167.825395020942,中继,R008,1802,PASS,worst_obstruction_endpoint_distance,1.49605825195151,1669.113407412751,True,,端点最大距离且全时段按遮挡计损仍满足双向预算
T026,巡航,13167.825395020942,13187.588882244308,中继,R008,1803,PASS,worst_obstruction_endpoint_distance,0.08260871375279066,1964.076152778362,True,,端点最大距离且全时段按遮挡计损仍满足双向预算
T026,下降,13187.588882244308,13202.497924602707,中继,R008,1804,PASS,worst_obstruction_endpoint_distance,0.08260871375279066,1964.076152778362,True,,端点最大距离且全时段按遮挡计损仍满足双向预算
T026,下降,13202.497924602707,13217.406966961105,中继,R008,1805,PASS,worst_obstruction_endpoint_distance,0.08318935627910662,1963.944860755383,True,,端点最大距离且全时段按遮挡计损仍满足双向预算
T026,下降,13217.406966961105,13232.316009319504,中继,R008,1806,PASS,worst_obstruction_endpoint_distance,0.0804771903531929,1964.5581975862738,True,,端点最大距离且全时段按遮挡计损仍满足双向预算
T026,投送,13232.316009319504,13252.116009319503,中继,R008,1807,PASS,exact_point,0.0804771903531929,1964.5581975862738,,,独立计算 DEM 遮挡、自由空间损耗与双向预算
T026,投送,13252.116009319503,13271.916009319502,中继,R008,1808,PASS,exact_point,0.0804771903531929,1964.5581975862738,,,独立计算 DEM 遮挡、自由空间损耗与双向预算
T026,投送,13271.916009319502,13291.716009319503,中继,R008,1809,PASS,exact_point,0.0804771903531929,1964.5581975862738,,,独立计算 DEM 遮挡、自由空间损耗与双向预算
T026,投送,13291.716009319503,13311.516009319503,中继,R008,1810,PASS,exact_point,0.0804771903531929,1964.5581975862738,,,独立计算 DEM 遮挡、自由空间损耗与双向预算
T026,投送,13311.516009319503,13331.316009319504,中继,R008,1811,PASS,exact_point,0.0804771903531929,1964.5581975862738,,,独立计算 DEM 遮挡、自由空间损耗与双向预算
T026,投送,13331.316009319504,13351.116009319503,中继,R008,1812,PASS,exact_point,0.0804771903531929,1964.5581975862738,,,独立计算 DEM 遮挡、自由空间损耗与双向预算
T026,投送,13351.116009319503,13370.916009319502,中继,R008,1813,PASS,exact_point,0.0804771903531929,1964.5581975862738,,,独立计算 DEM 遮挡、自由空间损耗与双向预算
T026,投送,13370.916009319502,13390.716009319503,中继,R008,1814,PASS,exact_point,0.0804771903531929,1964.5581975862738,,,独立计算 DEM 遮挡、自由空间损耗与双向预算
T026,投送,13390.716009319503,13410.516009319503,中继,R008,1815,PASS,exact_point,0.0804771903531929,1964.5581975862738,,,独立计算 DEM 遮挡、自由空间损耗与双向预算
T026,投送,13410.516009319503,13430.316009319504,中继,R008,1816,PASS,exact_point,0.0804771903531929,1964.5581975862738,,,独立计算 DEM 遮挡、自由空间损耗与双向预算
T026,投送,13430.316009319504,13450.116009319503,中继,R008,1817,PASS,exact_point,0.0804771903531929,1964.5581975862738,,,独立计算 DEM 遮挡、自由空间损耗与双向预算
T026,投送,13450.116009319503,13469.916009319502,中继,R008,1818,PASS,exact_point,0.0804771903531929,1964.5581975862738,,,独立计算 DEM 遮挡、自由空间损耗与双向预算
T026,投送,13469.916009319502,13489.716009319503,中继,R008,1819,PASS,exact_point,0.0804771903531929,1964.5581975862738,,,独立计算 DEM 遮挡、自由空间损耗与双向预算
T026,投送,13489.716009319503,13509.516009319503,中继,R008,1820,PASS,exact_point,0.0804771903531929,1964.5581975862738,,,独立计算 DEM 遮挡、自由空间损耗与双向预算
T026,投送,13509.516009319503,13529.316009319504,中继,R008,1821,PASS,exact_point,0.0804771903531929,1964.5581975862738,,,独立计算 DEM 遮挡、自由空间损耗与双向预算
T026,投送,13529.316009319504,13549.116009319503,中继,R008,1822,PASS,exact_point,0.0804771903531929,1964.5581975862738,,,独立计算 DEM 遮挡、自由空间损耗与双向预算
T026,投送,13549.116009319503,13568.916009319502,中继,R008,1823,PASS,exact_point,0.0804771903531929,1964.5581975862738,,,独立计算 DEM 遮挡、自由空间损耗与双向预算
T026,投送,13568.916009319502,13588.716009319503,中继,R008,1824,PASS,exact_point,0.0804771903531929,1964.5581975862738,,,独立计算 DEM 遮挡、自由空间损耗与双向预算
T026,投送,13588.716009319503,13608.516009319503,中继,R008,1825,PASS,exact_point,0.0804771903531929,1964.5581975862738,,,独立计算 DEM 遮挡、自由空间损耗与双向预算
T026,投送,13608.516009319503,13628.316009319504,中继,R008,1826,PASS,exact_point,0.0804771903531929,1964.5581975862738,,,独立计算 DEM 遮挡、自由空间损耗与双向预算
T026,爬升,13628.316009319504,13646.206860149581,中继,R008,1827,PASS,worst_obstruction_endpoint_distance,0.0804771903531929,1964.5581975862738,True,,端点最大距离且全时段按遮挡计损仍满足双向预算
T026,爬升,13646.206860149581,13664.097710979659,中继,R008,1828,PASS,worst_obstruction_endpoint_distance,0.08260871375279066,1964.076152778362,True,,端点最大距离且全时段按遮挡计损仍满足双向预算
T026,巡航,13664.097710979659,13683.861198203025,中继,R008,1829,PASS,worst_obstruction_endpoint_distance,0.08260871375279066,1964.076152778362,True,,端点最大距离且全时段按遮挡计损仍满足双向预算
T026,巡航,13683.861198203025,13703.624685426392,中继,R008,1830,PASS,worst_obstruction_endpoint_distance,1.49605825195151,1669.113407412751,True,,端点最大距离且全时段按遮挡计损仍满足双向预算
T026,巡航,13703.624685426392,13723.388172649757,中继,R008,1831,PASS,worst_obstruction_endpoint_distance,3.1810377706371042,1374.7915994615264,True,,端点最大距离且全时段按遮挡计损仍满足双向预算
T026,巡航,13723.388172649757,13743.151659873123,中继,R008,1832,PASS,worst_obstruction_endpoint_distance,5.2641680033805756,1081.634069057801,True,,端点最大距离且全时段按遮挡计损仍满足双向预算
T026,巡航,13743.151659873123,13762.91514709649,中继,R008,1833,PASS,worst_obstruction_endpoint_distance,7.982943005401779,790.9364822770917,True,,端点最大距离且全时段按遮挡计损仍满足双向预算
T026,巡航,13762.91514709649,13782.678634319855,中继,R008,1834,PASS,worst_obstruction_endpoint_distance,11.846499345070555,506.94844008022034,True,,端点最大距离且全时段按遮挡计损仍满足双向预算
T026,巡航,13782.678634319855,13802.442121543221,中继,R008,1835,PASS,worst_obstruction_endpoint_distance,17.87171950183982,253.33942657084106,True,,端点最大距离且全时段按遮挡计损仍满足双向预算
T026,巡航,13802.442121543221,13822.205608766588,中继,R008,1836,PASS,worst_obstruction_endpoint_distance,12.810203579364014,453.71023806410597,True,,端点最大距离且全时段按遮挡计损仍满足双向预算
T026,巡航,13822.205608766588,13841.969095989953,中继,R008,1837,PASS,worst_obstruction_endpoint_distance,8.619096337392278,735.0788740248184,True,,端点最大距离且全时段按遮挡计损仍满足双向预算
T026,巡航,13841.969095989953,13861.73258321332,中继,R008,1838,PASS,worst_obstruction_endpoint_distance,5.731414163795407,1024.9862751293902,True,,端点最大距离且全时段按遮挡计损仍满足双向预算
T026,巡航,13861.73258321332,13881.496070436686,中继,R008,1839,PASS,worst_obstruction_endpoint_distance,3.548725382916672,1317.8090603809612,True,,端点最大距离且全时段按遮挡计损仍满足双向预算
T026,巡航,13881.496070436686,13901.259557660052,中继,R008,1840,PASS,worst_obstruction_endpoint_distance,1.7986941689042766,1611.9592170068474,True,,端点最大距离且全时段按遮挡计损仍满足双向预算
T026,巡航,13901.259557660052,13921.023044883417,直连,,1841,PASS,worst_obstruction_endpoint_distance,0.2202145974620322,3857.2521378350943,True,,端点最大距离且全时段按遮挡计损仍满足双向预算
T026,巡航,13921.023044883417,13940.786532106784,直连,,1842,PASS,worst_obstruction_endpoint_distance,0.9141391873638156,3561.0805630696686,True,,端点最大距离且全时段按遮挡计损仍满足双向预算
T026,巡航,13940.786532106784,13960.55001933015,直连,,1843,PASS,worst_obstruction_endpoint_distance,1.6682180133278024,3264.9599447416617,True,,端点最大距离且全时段按遮挡计损仍满足双向预算
T026,巡航,13960.55001933015,13980.313506553515,直连,,1844,PASS,worst_obstruction_endpoint_distance,2.4938475922613463,2968.9055301769163,True,,端点最大距离且全时段按遮挡计损仍满足双向预算
T026,巡航,13980.313506553515,14000.076993776882,直连,,1845,PASS,worst_obstruction_endpoint_distance,3.4059931797055043,2672.939317626779,True,,端点最大距离且全时段按遮挡计损仍满足双向预算
T026,巡航,14000.076993776882,14019.840481000248,直连,,1846,PASS,worst_obstruction_endpoint_distance,4.424847125248689,2377.0942527732964,True,,端点最大距离且全时段按遮挡计损仍满足双向预算
T026,巡航,14019.840481000248,14039.603968223615,直连,,1847,PASS,worst_obstruction_endpoint_distance,5.578572376014165,2081.421994615999,True,,端点最大距离且全时段按遮挡计损仍满足双向预算
T026,巡航,14039.603968223615,14059.36745544698,直连,,1848,PASS,worst_obstruction_endpoint_distance,6.908105372473543,1786.0083692495245,True,,端点最大距离且全时段按遮挡计损仍满足双向预算
T026,巡航,14059.36745544698,14079.130942670346,直连,,1849,PASS,worst_obstruction_endpoint_distance,8.476180856524223,1491.0071135443768,True,,端点最大距离且全时段按遮挡计损仍满足双向预算
T026,巡航,14079.130942670346,14098.894429893713,直连,,1850,PASS,worst_obstruction_endpoint_distance,10.385900789493661,1196.723223014895,True,,端点最大距离且全时段按遮挡计损仍满足双向预算
T026,巡航,14098.894429893713,14118.657917117078,直连,,1851,PASS,worst_obstruction_endpoint_distance,12.823774280234389,903.8576628091926,True,,端点最大距离且全时段按遮挡计损仍满足双向预算
T026,巡航,14118.657917117078,14138.421404340444,直连,,1852,PASS,worst_obstruction_endpoint_distance,16.17615903644753,614.4418760035281,True,,端点最大距离且全时段按遮挡计损仍满足双向预算
T026,巡航,14138.421404340444,14158.184891563811,直连,,1853,PASS,worst_obstruction_endpoint_distance,21.381037235701385,337.4713404244718,True,,端点最大距离且全时段按遮挡计损仍满足双向预算
T026,下降,14158.184891563811,14176.31031697885,直连,,1854,PASS,worst_obstruction_endpoint_distance,27.79555154865507,161.25425415039103,True,,端点最大距离且全时段按遮挡计损仍满足双向预算
T026,下降,14176.31031697885,14194.435742393889,直连,,1855,PASS,worst_obstruction_endpoint_distance,30.00733842190894,125.00340332031283,True,,端点最大距离且全时段按遮挡计损仍满足双向预算
T026,下降,14194.435742393889,14212.561167808928,直连,,1856,PASS,worst_obstruction_endpoint_distance,32.9821581246938,88.75255249023462,True,,端点最大距离且全时段按遮挡计损仍满足双向预算
T026,下降,14212.561167808928,14230.686593223967,直连,,1857,PASS,worst_obstruction_endpoint_distance,37.54230757016704,52.501701660156414,True,,端点最大距离且全时段按遮挡计损仍满足双向预算
T026,下降,14230.686593223967,14248.812018639006,直连,,1858,PASS,worst_obstruction_endpoint_distance,45.92517525248826,20.0,True,,端点最大距离且全时段按遮挡计损仍满足双向预算
T027,爬升,12760.0,12779.071827148438,直连,,1859,PASS,worst_obstruction_endpoint_distance,43.102589051709,27.679567871095628,True,,端点最大距离且全时段按遮挡计损仍满足双向预算
T027,爬升,12779.071827148438,12798.143654296875,直连,,1860,PASS,worst_obstruction_endpoint_distance,34.40305698380595,75.35913574218671,True,,端点最大距离且全时段按遮挡计损仍满足双向预算
T027,爬升,12798.143654296875,12817.215481445313,直连,,1861,PASS,worst_obstruction_endpoint_distance,30.144940234267708,123.03870361328234,True,,端点最大距离且全时段按遮挡计损仍满足双向预算
T027,爬升,12817.215481445313,12836.28730859375,直连,,1862,PASS,worst_obstruction_endpoint_distance,27.300175067997714,170.71827148437342,True,,端点最大距离且全时段按遮挡计损仍满足双向预算
T027,爬升,12836.28730859375,12855.359135742188,直连,,1863,PASS,worst_obstruction_endpoint_distance,25.160808415575318,218.397839355469,True,,端点最大距离且全时段按遮挡计损仍满足双向预算
T027,巡航,12855.359135742188,12874.669745519484,直连,,1864,PASS,worst_obstruction_endpoint_distance,20.75321503615335,362.7671946009024,True,,端点最大距离且全时段按遮挡计损仍满足双向预算
T027,巡航,12874.669745519484,12893.98035529678,直连,,1865,PASS,worst_obstruction_endpoint_distance,16.110304248345813,619.1181641730701,True,,端点最大距离且全时段按遮挡计损仍满足双向预算
T027,巡航,12893.98035529678,12913.290965074077,直连,,1866,PASS,worst_obstruction_endpoint_distance,12.899596539617463,896.001901463605,True,,端点最大距离且全时段按遮挡计损仍满足双向预算
T027,巡航,12913.290965074077,12932.601574851373,直连,,1867,PASS,worst_obstruction_endpoint_distance,10.515201150200241,1179.040438717308,True,,端点最大距离且全时段按遮挡计损仍满足双向预算
T027,巡航,12932.601574851373,12951.91218462867,直连,,1868,PASS,worst_obstruction_endpoint_distance,8.63097956554033,1464.6699789789309,True,,端点最大距离且全时段按遮挡计损仍满足双向预算
T027,巡航,12951.91218462867,12971.222794405967,直连,,1869,PASS,worst_obstruction_endpoint_distance,7.076960051876313,1751.623470098632,True,,端点最大距离且全时段按遮挡计损仍满足双向预算
T027,巡航,12971.222794405967,12990.533404183263,直连,,1870,PASS,worst_obstruction_endpoint_distance,5.755973409622868,2039.3421138116032,True,,端点最大距离且全时段按遮挡计损仍满足双向预算
T027,巡航,12990.533404183263,13009.84401396056,直连,,1871,PASS,worst_obstruction_endpoint_distance,4.607823983663508,2327.5421748741096,True,,端点最大距离且全时段按遮挡计损仍满足双向预算
T027,巡航,13009.84401396056,13029.154623737855,直连,,1872,PASS,worst_obstruction_endpoint_distance,3.59280604581393,2616.064551374214,True,,端点最大距离且全时段按遮挡计损仍满足双向预算
T027,巡航,13029.154623737855,13048.465233515153,直连,,1873,PASS,worst_obstruction_endpoint_distance,2.6834109702721207,2904.813202356247,True,,端点最大距离且全时段按遮挡计损仍满足双向预算
T027,巡航,13048.465233515153,13067.77584329245,直连,,1874,PASS,worst_obstruction_endpoint_distance,1.8598200342751454,3193.726755171166,True,,端点最大距离且全时段按遮挡计损仍满足双向预算
T027,下降,13067.77584329245,13080.600303131316,直连,,1875,PASS,worst_obstruction_endpoint_distance,1.8598200342751454,3193.726755171166,True,,端点最大距离且全时段按遮挡计损仍满足双向预算
T027,下降,13080.600303131316,13093.424762970184,直连,,1876,PASS,worst_obstruction_endpoint_distance,1.8643124438889203,3192.075361970319,True,,端点最大距离且全时段按遮挡计损仍满足双向预算
T027,投送,13093.424762970184,13112.483586499595,直连,,1877,PASS,exact_point,1.8682481629573715,3190.6293079047914,,,独立计算 DEM 遮挡、自由空间损耗与双向预算
T027,投送,13112.483586499595,13131.542410029007,直连,,1878,PASS,exact_point,1.8682481629573715,3190.6293079047914,,,独立计算 DEM 遮挡、自由空间损耗与双向预算
T027,投送,13131.542410029007,13150.601233558418,直连,,1879,PASS,exact_point,1.8682481629573715,3190.6293079047914,,,独立计算 DEM 遮挡、自由空间损耗与双向预算
T027,投送,13150.601233558418,13169.66005708783,直连,,1880,PASS,exact_point,1.8682481629573715,3190.6293079047914,,,独立计算 DEM 遮挡、自由空间损耗与双向预算
T027,投送,13169.66005708783,13188.718880617242,直连,,1881,PASS,exact_point,1.8682481629573715,3190.6293079047914,,,独立计算 DEM 遮挡、自由空间损耗与双向预算
T027,投送,13188.718880617242,13207.777704146654,直连,,1882,PASS,exact_point,1.8682481629573715,3190.6293079047914,,,独立计算 DEM 遮挡、自由空间损耗与双向预算
T027,投送,13207.777704146654,13226.836527676065,直连,,1883,PASS,exact_point,1.8682481629573715,3190.6293079047914,,,独立计算 DEM 遮挡、自由空间损耗与双向预算
T027,投送,13226.836527676065,13245.895351205478,直连,,1884,PASS,exact_point,1.8682481629573715,3190.6293079047914,,,独立计算 DEM 遮挡、自由空间损耗与双向预算
T027,投送,13245.895351205478,13264.954174734889,直连,,1885,PASS,exact_point,1.8682481629573715,3190.6293079047914,,,独立计算 DEM 遮挡、自由空间损耗与双向预算
T027,投送,13264.954174734889,13284.012998264301,直连,,1886,PASS,exact_point,1.8682481629573715,3190.6293079047914,,,独立计算 DEM 遮挡、自由空间损耗与双向预算
T027,投送,13284.012998264301,13303.071821793712,直连,,1887,PASS,exact_point,1.8682481629573715,3190.6293079047914,,,独立计算 DEM 遮挡、自由空间损耗与双向预算
T027,投送,13303.071821793712,13322.130645323125,直连,,1888,PASS,exact_point,1.8682481629573715,3190.6293079047914,,,独立计算 DEM 遮挡、自由空间损耗与双向预算
T027,投送,13322.130645323125,13341.189468852535,直连,,1889,PASS,exact_point,1.8682481629573715,3190.6293079047914,,,独立计算 DEM 遮挡、自由空间损耗与双向预算
T027,投送,13341.189468852535,13360.248292381948,直连,,1890,PASS,exact_point,1.8682481629573715,3190.6293079047914,,,独立计算 DEM 遮挡、自由空间损耗与双向预算
T027,投送,13360.248292381948,13379.30711591136,直连,,1891,PASS,exact_point,1.8682481629573715,3190.6293079047914,,,独立计算 DEM 遮挡、自由空间损耗与双向预算
T027,投送,13379.30711591136,13398.365939440771,直连,,1892,PASS,exact_point,1.8682481629573715,3190.6293079047914,,,独立计算 DEM 遮挡、自由空间损耗与双向预算
T027,投送,13398.365939440771,13417.424762970184,直连,,1893,PASS,exact_point,1.8682481629573715,3190.6293079047914,,,独立计算 DEM 遮挡、自由空间损耗与双向预算
T027,爬升,13417.424762970184,13427.684330841277,直连,,1894,PASS,worst_obstruction_endpoint_distance,1.8643124438889203,3192.075361970319,True,,端点最大距离且全时段按遮挡计损仍满足双向预算
T027,爬升,13427.684330841277,13437.94389871237,直连,,1895,PASS,worst_obstruction_endpoint_distance,1.8598200342751454,3193.726755171166,True,,端点最大距离且全时段按遮挡计损仍满足双向预算
T027,巡航,13437.94389871237,13457.254508489666,直连,,1896,PASS,worst_obstruction_endpoint_distance,1.8598200342751454,3193.726755171166,True,,端点最大距离且全时段按遮挡计损仍满足双向预算
T027,巡航,13457.254508489666,13476.565118266964,直连,,1897,PASS,worst_obstruction_endpoint_distance,2.6834109702721207,2904.813202356247,True,,端点最大距离且全时段按遮挡计损仍满足双向预算
T027,巡航,13476.565118266964,13495.87572804426,直连,,1898,PASS,worst_obstruction_endpoint_distance,3.59280604581393,2616.064551374214,True,,端点最大距离且全时段按遮挡计损仍满足双向预算
T027,巡航,13495.87572804426,13515.186337821557,直连,,1899,PASS,worst_obstruction_endpoint_distance,4.607823983663508,2327.5421748741096,True,,端点最大距离且全时段按遮挡计损仍满足双向预算
T027,巡航,13515.186337821557,13534.496947598853,直连,,1900,PASS,worst_obstruction_endpoint_distance,5.755973409622868,2039.3421138116032,True,,端点最大距离且全时段按遮挡计损仍满足双向预算
T027,巡航,13534.496947598853,13553.807557376149,直连,,1901,PASS,worst_obstruction_endpoint_distance,7.076960051876313,1751.623470098632,True,,端点最大距离且全时段按遮挡计损仍满足双向预算
T027,巡航,13553.807557376149,13573.118167153447,直连,,1902,PASS,worst_obstruction_endpoint_distance,8.63097956554033,1464.6699789789309,True,,端点最大距离且全时段按遮挡计损仍满足双向预算
T027,巡航,13573.118167153447,13592.428776930743,直连,,1903,PASS,worst_obstruction_endpoint_distance,10.515201150200241,1179.040438717308,True,,端点最大距离且全时段按遮挡计损仍满足双向预算
T027,巡航,13592.428776930743,13611.73938670804,直连,,1904,PASS,worst_obstruction_endpoint_distance,12.899596539617463,896.001901463605,True,,端点最大距离且全时段按遮挡计损仍满足双向预算
T027,巡航,13611.73938670804,13631.049996485335,直连,,1905,PASS,worst_obstruction_endpoint_distance,16.110304248345813,619.1181641730701,True,,端点最大距离且全时段按遮挡计损仍满足双向预算
T027,巡航,13631.049996485335,13650.360606262631,直连,,1906,PASS,worst_obstruction_endpoint_distance,20.75321503615335,362.7671946009024,True,,端点最大距离且全时段按遮挡计损仍满足双向预算
T027,下降,13650.360606262631,13670.227092875588,直连,,1907,PASS,worst_obstruction_endpoint_distance,25.160808415575318,218.397839355469,True,,端点最大距离且全时段按遮挡计损仍满足双向预算
T027,下降,13670.227092875588,13690.093579488544,直连,,1908,PASS,worst_obstruction_endpoint_distance,26.90499199995554,178.6648661295563,True,,端点最大距离且全时段按遮挡计损仍满足双向预算
T027,下降,13690.093579488544,13709.9600661015,直连,,1909,PASS,worst_obstruction_endpoint_distance,29.08973610815741,138.9318929036436,True,,端点最大距离且全时段按遮挡计损仍满足双向预算
T027,下降,13709.9600661015,13729.826552714456,直连,,1910,PASS,worst_obstruction_endpoint_distance,32.01563631553782,99.1989196777345,True,,端点最大距离且全时段按遮挡计损仍满足双向预算
T027,下降,13729.826552714456,13749.69303932741,直连,,1911,PASS,worst_obstruction_endpoint_distance,36.460408456856925,59.46594645182179,True,,端点最大距离且全时段按遮挡计损仍满足双向预算
T027,下降,13749.69303932741,13769.559525940367,直连,,1912,PASS,worst_obstruction_endpoint_distance,45.92517525248826,20.0,True,,端点最大距离且全时段按遮挡计损仍满足双向预算
T028,爬升,14250.0,14269.293517252605,直连,,1913,PASS,worst_obstruction_endpoint_distance,42.93039059934205,28.23379313151247,True,,端点最大距离且全时段按遮挡计损仍满足双向预算
T028,爬升,14269.293517252605,14288.587034505208,直连,,1914,PASS,worst_obstruction_endpoint_distance,34.276227532041716,76.4675862630204,True,,端点最大距离且全时段按遮挡计损仍满足双向预算
T028,爬升,14288.587034505208,14307.880551757813,直连,,1915,PASS,worst_obstruction_endpoint_distance,30.02835001598521,124.70137939453286,True,,端点最大距离且全时段按遮挡计损仍满足双向预算
T028,爬升,14307.880551757813,14327.174069010416,直连,,1916,PASS,worst_obstruction_endpoint_distance,27.18810853562924,172.9351725260408,True,,端点最大距离且全时段按遮挡计损仍满足双向预算
T028,爬升,14327.174069010416,14346.467586263021,直连,,1917,PASS,worst_obstruction_endpoint_distance,25.05129142823644,221.16896565755326,True,,端点最大距离且全时段按遮挡计损仍满足双向预算
T028,爬升,14346.467586263021,14365.761103515624,直连,,1918,PASS,worst_obstruction_endpoint_distance,23.337734390683977,269.4027587890611,True,,端点最大距离且全时段按遮挡计损仍满足双向预算
T028,爬升,14365.761103515624,14385.05462076823,直连,,1919,PASS,worst_obstruction_endpoint_distance,21.907165707290872,317.6365519205736,True,,端点最大距离且全时段按遮挡计损仍满足双向预算
T028,爬升,14385.05462076823,14404.348138020834,直连,,1920,PASS,worst_obstruction_endpoint_distance,20.67923096631543,365.87034505208607,True,,端点最大距离且全时段按遮挡计损仍满足双向预算
T028,爬升,14404.348138020834,14423.641655273437,直连,,1921,PASS,worst_obstruction_endpoint_distance,19.603583756332725,414.104138183594,True,,端点最大距离且全时段按遮挡计损仍满足双向预算
T028,巡航,14423.641655273437,14443.010529185574,直连,,1922,PASS,worst_obstruction_endpoint_distance,17.86521275478823,505.85741518854684,True,,端点最大距离且全时段按遮挡计损仍满足双向预算
T028,巡航,14443.010529185574,14462.37940309771,直连,,1923,PASS,worst_obstruction_endpoint_distance,14.877571997569547,713.5265841036068,True,,端点最大距离且全时段按遮挡计损仍满足双向预算
T028,巡航,14462.37940309771,14481.748277009847,直连,,1924,PASS,worst_obstruction_endpoint_distance,12.255496498365815,964.9702702284851,True,,端点最大距离且全时段按遮挡计损仍满足双向预算
T028,巡航,14481.748277009847,14501.117150921982,直连,,1925,PASS,worst_obstruction_endpoint_distance,10.121531530871934,1233.707434162586,True,,端点最大距离且全时段按遮挡计损仍满足双向预算
T028,巡航,14501.117150921982,14520.486024834117,直连,,1926,PASS,worst_obstruction_endpoint_distance,8.363152781545892,1510.5361360364743,True,,端点最大距离且全时段按遮挡计损仍满足双向预算
T028,巡航,14520.486024834117,14539.854898746255,直连,,1927,PASS,worst_obstruction_endpoint_distance,6.88042209365949,1791.7097359553002,True,,端点最大距离且全时段按遮挡计损仍满足双向预算
T028,巡航,14539.854898746255,14559.22377265839,直连,,1928,PASS,worst_obstruction_endpoint_distance,5.6034748051165195,2075.4631078491716,True,,端点最大距离且全时段按遮挡计损仍满足双向预算
T028,巡航,14559.22377265839,14578.592646570527,直连,,1929,PASS,worst_obstruction_endpoint_distance,4.484347514560369,2360.8662437016196,True,,端点最大距离且全时段按遮挡计损仍满足双向预算
T028,巡航,14578.592646570527,14597.961520482662,直连,,1930,PASS,worst_obstruction_endpoint_distance,3.489431003683208,2647.3856356294796,True,,端点最大距离且全时段按遮挡计损仍满足双向预算
T028,巡航,14597.961520482662,14617.3303943948,直连,,1931,PASS,worst_obstruction_endpoint_distance,2.5945176302470827,2934.6943556878236,True,,端点最大距离且全时段按遮挡计损仍满足双向预算
T028,巡航,14617.3303943948,14636.699268306935,直连,,1932,PASS,worst_obstruction_endpoint_distance,1.7816975303945526,3222.5812935216322,True,,端点最大距离且全时段按遮挡计损仍满足双向预算
T028,巡航,14636.699268306935,14656.068142219072,直连,,1933,PASS,worst_obstruction_endpoint_distance,1.0373955454072217,3510.9042140003926,True,,端点最大距离且全时段按遮挡计损仍满足双向预算
T028,巡航,14656.068142219072,14675.437016131207,直连,,1934,PASS,worst_obstruction_endpoint_distance,0.3511001857511502,3799.563867195433,True,,端点最大距离且全时段按遮挡计损仍满足双向预算
T028,巡航,14675.437016131207,14694.805890043343,中继,R009,1935,PASS,worst_obstruction_endpoint_distance,0.9845112323786225,1770.3665557193347,True,,端点最大距离且全时段按遮挡计损仍满足双向预算
T028,巡航,14694.805890043343,14714.17476395548,中继,R009,1936,PASS,worst_obstruction_endpoint_distance,2.5205068448939016,1483.4175612415986,True,,端点最大距离且全时段按遮挡计损仍满足双向预算
T028,巡航,14714.17476395548,14733.543637867615,中继,R009,1937,PASS,worst_obstruction_endpoint_distance,4.375209083256834,1198.197210341921,True,,端点最大距离且全时段按遮挡计损仍满足双向预算
T028,巡航,14733.543637867615,14752.912511779752,中继,R009,1938,PASS,worst_obstruction_endpoint_distance,6.704821087598461,916.3211354232054,True,,端点最大距离且全时段按遮挡计损仍满足双向预算
T028,巡航,14752.912511779752,14772.281385691887,中继,R009,1939,PASS,worst_obstruction_endpoint_distance,9.792259352295744,642.2081174014426,True,,端点最大距离且全时段按遮挡计损仍满足双向预算
T028,巡航,14772.281385691887,14791.650259604025,中继,R009,1940,PASS,worst_obstruction_endpoint_distance,14.069522297381894,392.475583151711,True,,端点最大距离且全时段按遮挡计损仍满足双向预算
T028,巡航,14791.650259604025,14811.01913351616,中继,R009,1941,PASS,worst_obstruction_endpoint_distance,14.37103699044114,379.0852693535973,True,,端点最大距离且全时段按遮挡计损仍满足双向预算
T028,巡航,14811.01913351616,14830.388007428297,中继,R009,1942,PASS,worst_obstruction_endpoint_distance,10.015481333897569,625.9140373865876,True,,端点最大距离且全时段按遮挡计损仍满足双向预算
T028,巡航,14830.388007428297,14849.756881340432,中继,R009,1943,PASS,worst_obstruction_endpoint_distance,6.868168733638754,899.24974141508,True,,端点最大距离且全时段按遮挡计损仍满足双向预算
T028,巡航,14849.756881340432,14869.125755252568,中继,R009,1944,PASS,worst_obstruction_endpoint_distance,4.502054703899418,1180.826315405272,True,,端点最大距离且全时段按遮挡计损仍满足双向预算
T028,巡航,14869.125755252568,14888.494629164705,中继,R009,1945,PASS,worst_obstruction_endpoint_distance,2.623672825457575,1465.902606366813,True,,端点最大距离且全时段按遮挡计损仍满足双向预算
T028,巡航,14888.494629164705,14907.86350307684,中继,R009,1946,PASS,worst_obstruction_endpoint_distance,1.0712674676761509,1752.7718305681353,True,,端点最大距离且全时段按遮挡计损仍满足双向预算
T028,下降,14907.86350307684,14926.472181258807,中继,R009,1947,PASS,worst_obstruction_endpoint_distance,1.0712674676761509,1752.7718305681353,True,,端点最大距离且全时段按遮挡计损仍满足双向预算
T028,下降,14926.472181258807,14945.080859440774,中继,R009,1948,PASS,worst_obstruction_endpoint_distance,1.0785113452195105,1751.3106594017013,True,,端点最大距离且全时段按遮挡计损仍满足双向预算
T028,下降,14945.080859440774,14963.68953762274,中继,R009,1949,PASS,worst_obstruction_endpoint_distance,1.0812441152334031,1750.759745603046,True,,端点最大距离且全时段按遮挡计损仍满足双向预算
T028,下降,14963.68953762274,14982.298215804705,中继,R009,1950,PASS,worst_obstruction_endpoint_distance,1.0767256110411552,1751.670748803328,True,,端点最大距离且全时段按遮挡计损仍满足双向预算
T028,下降,14982.298215804705,15000.906893986672,中继,R009,1951,PASS,worst_obstruction_endpoint_distance,1.0682966095587574,1753.3714383529295,True,,端点最大距离且全时段按遮挡计损仍满足双向预算
T028,下降,15000.906893986672,15019.515572168639,中继,R009,1952,PASS,worst_obstruction_endpoint_distance,1.0559798351574585,1755.8595196313033,True,,端点最大距离且全时段按遮挡计损仍满足双向预算
T028,投送,15019.515572168639,15039.315572168638,中继,R009,1953,PASS,exact_point,11.055979835157459,1755.8595196313033,,,独立计算 DEM 遮挡、自由空间损耗与双向预算
T028,投送,15039.315572168638,15059.115572168637,中继,R009,1954,PASS,exact_point,11.055979835157459,1755.8595196313033,,,独立计算 DEM 遮挡、自由空间损耗与双向预算
T028,投送,15059.115572168637,15078.915572168638,中继,R009,1955,PASS,exact_point,11.055979835157459,1755.8595196313033,,,独立计算 DEM 遮挡、自由空间损耗与双向预算
T028,投送,15078.915572168638,15098.715572168638,中继,R009,1956,PASS,exact_point,11.055979835157459,1755.8595196313033,,,独立计算 DEM 遮挡、自由空间损耗与双向预算
T028,投送,15098.715572168638,15118.515572168639,中继,R009,1957,PASS,exact_point,11.055979835157459,1755.8595196313033,,,独立计算 DEM 遮挡、自由空间损耗与双向预算
T028,投送,15118.515572168639,15138.315572168638,中继,R009,1958,PASS,exact_point,11.055979835157459,1755.8595196313033,,,独立计算 DEM 遮挡、自由空间损耗与双向预算
T028,投送,15138.315572168638,15158.115572168637,中继,R009,1959,PASS,exact_point,11.055979835157459,1755.8595196313033,,,独立计算 DEM 遮挡、自由空间损耗与双向预算
T028,投送,15158.115572168637,15177.915572168638,中继,R009,1960,PASS,exact_point,11.055979835157459,1755.8595196313033,,,独立计算 DEM 遮挡、自由空间损耗与双向预算
T028,投送,15177.915572168638,15197.715572168638,中继,R009,1961,PASS,exact_point,11.055979835157459,1755.8595196313033,,,独立计算 DEM 遮挡、自由空间损耗与双向预算
T028,投送,15197.715572168638,15217.515572168639,中继,R009,1962,PASS,exact_point,11.055979835157459,1755.8595196313033,,,独立计算 DEM 遮挡、自由空间损耗与双向预算
T028,投送,15217.515572168639,15237.315572168638,中继,R009,1963,PASS,exact_point,11.055979835157459,1755.8595196313033,,,独立计算 DEM 遮挡、自由空间损耗与双向预算
T028,投送,15237.315572168638,15257.115572168637,中继,R009,1964,PASS,exact_point,11.055979835157459,1755.8595196313033,,,独立计算 DEM 遮挡、自由空间损耗与双向预算
T028,投送,15257.115572168637,15276.915572168638,中继,R009,1965,PASS,exact_point,11.055979835157459,1755.8595196313033,,,独立计算 DEM 遮挡、自由空间损耗与双向预算
T028,投送,15276.915572168638,15296.715572168638,中继,R009,1966,PASS,exact_point,11.055979835157459,1755.8595196313033,,,独立计算 DEM 遮挡、自由空间损耗与双向预算
T028,投送,15296.715572168638,15316.515572168639,中继,R009,1967,PASS,exact_point,11.055979835157459,1755.8595196313033,,,独立计算 DEM 遮挡、自由空间损耗与双向预算
T028,投送,15316.515572168639,15336.315572168638,中继,R009,1968,PASS,exact_point,11.055979835157459,1755.8595196313033,,,独立计算 DEM 遮挡、自由空间损耗与双向预算
T028,投送,15336.315572168638,15356.115572168637,中继,R009,1969,PASS,exact_point,11.055979835157459,1755.8595196313033,,,独立计算 DEM 遮挡、自由空间损耗与双向预算
T028,投送,15356.115572168637,15375.915572168638,中继,R009,1970,PASS,exact_point,11.055979835157459,1755.8595196313033,,,独立计算 DEM 遮挡、自由空间损耗与双向预算
T028,投送,15375.915572168638,15395.715572168638,中继,R009,1971,PASS,exact_point,11.055979835157459,1755.8595196313033,,,独立计算 DEM 遮挡、自由空间损耗与双向预算
T028,投送,15395.715572168638,15415.515572168639,中继,R009,1972,PASS,exact_point,11.055979835157459,1755.8595196313033,,,独立计算 DEM 遮挡、自由空间损耗与双向预算
T028,爬升,15415.515572168639,15433.379903223326,中继,R009,1973,PASS,worst_obstruction_endpoint_distance,1.0559798351574585,1755.8595196313033,True,,端点最大距离且全时段按遮挡计损仍满足双向预算
T028,爬升,15433.379903223326,15451.244234278012,中继,R009,1974,PASS,worst_obstruction_endpoint_distance,1.070294308703211,1752.9682204905328,True,,端点最大距离且全时段按遮挡计损仍满足双向预算
T028,爬升,15451.244234278012,15469.1085653327,中继,R009,1975,PASS,worst_obstruction_endpoint_distance,1.0790031937744118,1751.2114922161777,True,,端点最大距离且全时段按遮挡计损仍满足双向预算
T028,爬升,15469.1085653327,15486.972896387388,中继,R009,1976,PASS,worst_obstruction_endpoint_distance,1.079490722717381,1751.1132014983282,True,,端点最大距离且全时段按遮挡计损仍满足双向预算
T028,爬升,15486.972896387388,15504.837227442076,中继,R009,1977,PASS,worst_obstruction_endpoint_distance,1.0712674676761509,1752.7718305681353,True,,端点最大距离且全时段按遮挡计损仍满足双向预算
T028,巡航,15504.837227442076,15524.206101354212,中继,R009,1978,PASS,worst_obstruction_endpoint_distance,1.0712674676761509,1752.7718305681353,True,,端点最大距离且全时段按遮挡计损仍满足双向预算
T028,巡航,15524.206101354212,15543.574975266347,中继,R009,1979,PASS,worst_obstruction_endpoint_distance,2.623672825457902,1465.9026063667584,True,,端点最大距离且全时段按遮挡计损仍满足双向预算
T028,巡航,15543.574975266347,15562.943849178484,中继,R009,1980,PASS,worst_obstruction_endpoint_distance,4.502054703899418,1180.826315405272,True,,端点最大距离且全时段按遮挡计损仍满足双向预算
T028,巡航,15562.943849178484,15582.31272309062,中继,R009,1981,PASS,worst_obstruction_endpoint_distance,6.868168733638754,899.24974141508,True,,端点最大距离且全时段按遮挡计损仍满足双向预算
T028,巡航,15582.31272309062,15601.681597002756,中继,R009,1982,PASS,worst_obstruction_endpoint_distance,10.015481333897569,625.9140373865876,True,,端点最大距离且全时段按遮挡计损仍满足双向预算
T028,巡航,15601.681597002756,15621.050470914892,中继,R009,1983,PASS,worst_obstruction_endpoint_distance,14.37103699044114,379.0852693535973,True,,端点最大距离且全时段按遮挡计损仍满足双向预算
T028,巡航,15621.050470914892,15640.419344827029,中继,R009,1984,PASS,worst_obstruction_endpoint_distance,14.069522297381894,392.475583151711,True,,端点最大距离且全时段按遮挡计损仍满足双向预算
T028,巡航,15640.419344827029,15659.788218739164,中继,R009,1985,PASS,worst_obstruction_endpoint_distance,9.792259352295744,642.2081174014426,True,,端点最大距离且全时段按遮挡计损仍满足双向预算
T028,巡航,15659.788218739164,15679.157092651301,中继,R009,1986,PASS,worst_obstruction_endpoint_distance,6.704821087598461,916.3211354232054,True,,端点最大距离且全时段按遮挡计损仍满足双向预算
T028,巡航,15679.157092651301,15698.525966563437,中继,R009,1987,PASS,worst_obstruction_endpoint_distance,4.375209083256834,1198.197210341921,True,,端点最大距离且全时段按遮挡计损仍满足双向预算
T028,巡航,15698.525966563437,15717.894840475572,中继,R009,1988,PASS,worst_obstruction_endpoint_distance,2.5205068448941716,1483.4175612415534,True,,端点最大距离且全时段按遮挡计损仍满足双向预算
T028,巡航,15717.894840475572,15737.26371438771,中继,R009,1989,PASS,worst_obstruction_endpoint_distance,0.9845112323786225,1770.3665557193347,True,,端点最大距离且全时段按遮挡计损仍满足双向预算
T028,巡航,15737.26371438771,15756.632588299844,直连,,1990,PASS,worst_obstruction_endpoint_distance,0.3511001857511502,3799.563867195433,True,,端点最大距离且全时段按遮挡计损仍满足双向预算
T028,巡航,15756.632588299844,15776.001462211982,直连,,1991,PASS,worst_obstruction_endpoint_distance,1.0373955454072217,3510.9042140003926,True,,端点最大距离且全时段按遮挡计损仍满足双向预算
T028,巡航,15776.001462211982,15795.370336124117,直连,,1992,PASS,worst_obstruction_endpoint_distance,1.7816975303945526,3222.5812935216322,True,,端点最大距离且全时段按遮挡计损仍满足双向预算
T028,巡航,15795.370336124117,15814.739210036254,直连,,1993,PASS,worst_obstruction_endpoint_distance,2.5945176302470827,2934.6943556878236,True,,端点最大距离且全时段按遮挡计损仍满足双向预算
T028,巡航,15814.739210036254,15834.10808394839,直连,,1994,PASS,worst_obstruction_endpoint_distance,3.489431003683208,2647.3856356294796,True,,端点最大距离且全时段按遮挡计损仍满足双向预算
T028,巡航,15834.10808394839,15853.476957860526,直连,,1995,PASS,worst_obstruction_endpoint_distance,4.484347514560369,2360.8662437016196,True,,端点最大距离且全时段按遮挡计损仍满足双向预算
T028,巡航,15853.476957860526,15872.845831772662,直连,,1996,PASS,worst_obstruction_endpoint_distance,5.6034748051165195,2075.4631078491716,True,,端点最大距离且全时段按遮挡计损仍满足双向预算
T028,巡航,15872.845831772662,15892.214705684797,直连,,1997,PASS,worst_obstruction_endpoint_distance,6.88042209365949,1791.7097359553002,True,,端点最大距离且全时段按遮挡计损仍满足双向预算
T028,巡航,15892.214705684797,15911.583579596934,直连,,1998,PASS,worst_obstruction_endpoint_distance,8.363152781545608,1510.536136036523,True,,端点最大距离且全时段按遮挡计损仍满足双向预算
T028,巡航,15911.583579596934,15930.952453509071,直连,,1999,PASS,worst_obstruction_endpoint_distance,10.121531530871934,1233.707434162586,True,,端点最大距离且全时段按遮挡计损仍满足双向预算
T028,巡航,15930.952453509071,15950.321327421207,直连,,2000,PASS,worst_obstruction_endpoint_distance,12.255496498365815,964.9702702284851,True,,端点最大距离且全时段按遮挡计损仍满足双向预算
T028,巡航,15950.321327421207,15969.690201333342,直连,,2001,PASS,worst_obstruction_endpoint_distance,14.877571997569547,713.5265841036068,True,,端点最大距离且全时段按遮挡计损仍满足双向预算
T028,巡航,15969.690201333342,15989.05907524548,直连,,2002,PASS,worst_obstruction_endpoint_distance,17.86521275478823,505.85741518854684,True,,端点最大距离且全时段按遮挡计损仍满足双向预算
T028,下降,15989.05907524548,16008.791081526551,直连,,2003,PASS,worst_obstruction_endpoint_distance,19.603583756332725,414.104138183594,True,,端点最大距离且全时段按遮挡计损仍满足双向预算
T028,下降,16008.791081526551,16028.523087807624,直连,,2004,PASS,worst_obstruction_endpoint_distance,20.473489357801128,374.6401256214494,True,,端点最大距离且全时段按遮挡计损仍满足双向预算
T028,下降,16028.523087807624,16048.255094088696,直连,,2005,PASS,worst_obstruction_endpoint_distance,21.440313960408872,335.17611305930484,True,,端点最大距离且全时段按遮挡计损仍满足双向预算
T028,下降,16048.255094088696,16067.987100369768,直连,,2006,PASS,worst_obstruction_endpoint_distance,22.52839324260279,295.7121004971603,True,,端点最大距离且全时段按遮挡计损仍满足双向预算
T028,下降,16067.987100369768,16087.71910665084,直连,,2007,PASS,worst_obstruction_endpoint_distance,23.772562496383955,256.2480879350157,True,,端点最大距离且全时段按遮挡计损仍满足双向预算
T028,下降,16087.71910665084,16107.451112931914,直连,,2008,PASS,worst_obstruction_endpoint_distance,25.225227637195587,216.7840753728711,True,,端点最大距离且全时段按遮挡计损仍满足双向预算
T028,下降,16107.451112931914,16127.183119212987,直连,,2009,PASS,worst_obstruction_endpoint_distance,26.970617636485485,177.32006281072285,True,,端点最大距离且全时段按遮挡计损仍满足双向预算
T028,下降,16127.183119212987,16146.915125494059,直连,,2010,PASS,worst_obstruction_endpoint_distance,29.157258540840516,137.8560502485783,True,,端点最大距离且全时段按遮挡计损仍满足双向预算
T028,下降,16146.915125494059,16166.647131775131,直连,,2011,PASS,worst_obstruction_endpoint_distance,32.08657606884003,98.39203768643375,True,,端点最大距离且全时段按遮挡计损仍满足双向预算
T028,下降,16166.647131775131,16186.379138056203,直连,,2012,PASS,worst_obstruction_endpoint_distance,36.5393374322733,58.92802512428915,True,,端点最大距离且全时段按遮挡计损仍满足双向预算
T028,下降,16186.379138056203,16206.111144337276,直连,,2013,PASS,worst_obstruction_endpoint_distance,45.92517525248826,20.0,True,,端点最大距离且全时段按遮挡计损仍满足双向预算
T029,爬升,14817.0,14836.213658752442,直连,,2014,PASS,worst_obstruction_endpoint_distance,42.99202827701062,28.034146881104675,True,,端点最大距离且全时段按遮挡计损仍满足双向预算
T029,爬升,14836.213658752442,14855.427317504882,直连,,2015,PASS,worst_obstruction_endpoint_distance,34.32170166595205,76.06829376220475,True,,端点最大距离且全时段按遮挡计损仍满足双向预算
T029,爬升,14855.427317504882,14874.640976257324,直连,,2016,PASS,worst_obstruction_endpoint_distance,30.070168714278594,124.10244064330936,True,,端点最大距离且全时段按遮挡计损仍满足双向预算
T029,爬升,14874.640976257324,14893.854635009766,直连,,2017,PASS,worst_obstruction_endpoint_distance,27.228311382556527,172.13658752441404,True,,端点最大距离且全时段按遮挡计损仍满足双向预算
T029,爬升,14893.854635009766,14913.068293762208,直连,,2018,PASS,worst_obstruction_endpoint_distance,25.09058334452179,220.17073440551866,True,,端点最大距离且全时段按遮挡计损仍满足双向预算
T029,爬升,14913.068293762208,14932.281952514648,直连,,2019,PASS,worst_obstruction_endpoint_distance,23.376441612193645,268.20488128661873,True,,端点最大距离且全时段按遮挡计损仍满足双向预算
T029,爬升,14932.281952514648,14951.49561126709,直连,,2020,PASS,worst_obstruction_endpoint_distance,21.94546583158437,316.23902816772335,True,,端点最大距离且全时段按遮挡计损仍满足双向预算
T029,爬升,14951.49561126709,14970.709270019532,直连,,2021,PASS,worst_obstruction_endpoint_distance,20.717231343301734,364.273175048828,True,,端点最大距离且全时段按遮挡计损仍满足双向预算
T029,巡航,14970.709270019532,14989.603136667918,直连,,2022,PASS,worst_obstruction_endpoint_distance,18.661672477929415,461.5355244926001,True,,端点最大距离且全时段按遮挡计损仍满足双向预算
T029,巡航,14989.603136667918,15008.497003316303,直连,,2023,PASS,worst_obstruction_endpoint_distance,15.375452699935096,673.7769091431159,True,,端点最大距离且全时段按遮挡计损仍满足双向预算
T029,巡航,15008.497003316303,15027.390869964689,直连,,2024,PASS,worst_obstruction_endpoint_distance,12.623190271631984,924.9734022323017,True,,端点最大距离且全时段按遮挡计损仍满足双向预算
T029,巡航,15027.390869964689,15046.284736613075,直连,,2025,PASS,worst_obstruction_endpoint_distance,10.429575041650054,1190.7209811695823,True,,端点最大距离且全时段按遮挡计损仍满足双向预算
T029,巡航,15046.284736613075,15065.178603261462,直连,,2026,PASS,worst_obstruction_endpoint_distance,8.640222545108585,1463.112197944657,True,,端点最大距离且全时段按遮挡计损仍满足双向预算
T029,巡航,15065.178603261462,15084.072469909848,直连,,2027,PASS,worst_obstruction_endpoint_distance,7.139643736160679,1739.027987459995,True,,端点最大距离且全时段按遮挡计损仍满足双向预算
T029,巡航,15084.072469909848,15102.966336558235,直连,,2028,PASS,worst_obstruction_endpoint_distance,5.851560521092864,2017.0224508369258,True,,端点最大距离且全时段按遮挡计损仍满足双向预算
T029,巡航,15102.966336558235,15121.860203206621,直连,,2029,PASS,worst_obstruction_endpoint_distance,4.725048394891331,2296.3407808532197,True,,端点最大距离且全时段按遮挡计损仍满足双向预算
T029,巡航,15121.860203206621,15140.754069855006,直连,,2030,PASS,worst_obstruction_endpoint_distance,3.7249953747456317,2576.552461149355,True,,端点最大距离且全时段按遮挡计损仍满足双向预算
T029,巡航,15140.754069855006,15159.647936503392,直连,,2031,PASS,worst_obstruction_endpoint_distance,2.8263705191290995,2857.394683434026,True,,端点最大距离且全时段按遮挡计损仍满足双向预算
T029,巡航,15159.647936503392,15178.541803151778,直连,,2032,PASS,worst_obstruction_endpoint_distance,2.010784013786548,3138.6981946975716,True,,端点最大距离且全时段按遮挡计损仍满足双向预算
T029,巡航,15178.541803151778,15197.435669800165,直连,,2033,PASS,worst_obstruction_endpoint_distance,1.2643662606990915,3420.3491819541655,True,,端点最大距离且全时段按遮挡计损仍满足双向预算
T029,巡航,15197.435669800165,15216.329536448551,直连,,2034,PASS,worst_obstruction_endpoint_distance,0.5764172950555349,3702.2683430850543,True,,端点最大距离且全时段按遮挡计损仍满足双向预算
T029,巡航,15216.329536448551,15235.223403096938,中继,R009,2035,PASS,worst_obstruction_endpoint_distance,0.5970868152485878,1851.1193369976415,True,,端点最大距离且全时段按遮挡计损仍满足双向预算
T029,巡航,15235.223403096938,15254.117269745322,中继,R009,2036,PASS,worst_obstruction_endpoint_distance,2.03872686123087,1568.0229513814809,True,,端点最大距离且全时段按遮挡计损仍满足双向预算
T029,巡航,15254.117269745322,15273.011136393709,中继,R009,2037,PASS,worst_obstruction_endpoint_distance,3.76728039508761,1285.0639442954207,True,,端点最大距离且全时段按遮挡计损仍满足双向预算
T029,下降,15273.011136393709,15289.358453898592,中继,R009,2038,PASS,worst_obstruction_endpoint_distance,5.925312180250401,1002.3586655558703,True,,端点最大距离且全时段按遮挡计损仍满足双向预算
T029,下降,15289.358453898592,15305.705771403475,中继,R009,2039,PASS,worst_obstruction_endpoint_distance,5.928065501282532,1002.0409804432402,True,,端点最大距离且全时段按遮挡计损仍满足双向预算
T029,下降,15305.705771403475,15322.053088908358,中继,R009,2040,PASS,worst_obstruction_endpoint_distance,5.915590178121462,1003.4812205513704,True,,端点最大距离且全时段按遮挡计损仍满足双向预算
T029,下降,15322.053088908358,15338.40040641324,中继,R009,2041,PASS,worst_obstruction_endpoint_distance,5.8939662993288096,1005.9825405183379,True,,端点最大距离且全时段按遮挡计损仍满足双向预算
T029,下降,15338.40040641324,15354.747723918123,中继,R009,2042,PASS,worst_obstruction_endpoint_distance,5.863329893920252,1009.5370532937532,True,,端点最大距离且全时段按遮挡计损仍满足双向预算
T029,投送,15354.747723918123,15373.947723918123,中继,R009,2043,PASS,exact_point,15.863329893920252,1009.5370532937532,,,独立计算 DEM 遮挡、自由空间损耗与双向预算
T029,投送,15373.947723918123,15393.147723918124,中继,R009,2044,PASS,exact_point,15.863329893920252,1009.5370532937532,,,独立计算 DEM 遮挡、自由空间损耗与双向预算
T029,投送,15393.147723918124,15412.347723918123,中继,R009,2045,PASS,exact_point,15.863329893920252,1009.5370532937532,,,独立计算 DEM 遮挡、自由空间损耗与双向预算
T029,投送,15412.347723918123,15431.547723918124,中继,R009,2046,PASS,exact_point,15.863329893920252,1009.5370532937532,,,独立计算 DEM 遮挡、自由空间损耗与双向预算
T029,投送,15431.547723918124,15450.747723918123,中继,R009,2047,PASS,exact_point,15.863329893920252,1009.5370532937532,,,独立计算 DEM 遮挡、自由空间损耗与双向预算
T029,投送,15450.747723918123,15469.947723918123,中继,R009,2048,PASS,exact_point,15.863329893920252,1009.5370532937532,,,独立计算 DEM 遮挡、自由空间损耗与双向预算
T029,投送,15469.947723918123,15489.147723918124,中继,R009,2049,PASS,exact_point,15.863329893920252,1009.5370532937532,,,独立计算 DEM 遮挡、自由空间损耗与双向预算
T029,投送,15489.147723918124,15508.347723918123,中继,R009,2050,PASS,exact_point,15.863329893920252,1009.5370532937532,,,独立计算 DEM 遮挡、自由空间损耗与双向预算
T029,投送,15508.347723918123,15527.547723918124,中继,R009,2051,PASS,exact_point,15.863329893920252,1009.5370532937532,,,独立计算 DEM 遮挡、自由空间损耗与双向预算
T029,投送,15527.547723918124,15546.747723918123,中继,R009,2052,PASS,exact_point,15.863329893920252,1009.5370532937532,,,独立计算 DEM 遮挡、自由空间损耗与双向预算
T029,投送,15546.747723918123,15565.947723918123,中继,R009,2053,PASS,exact_point,15.863329893920252,1009.5370532937532,,,独立计算 DEM 遮挡、自由空间损耗与双向预算
T029,投送,15565.947723918123,15585.147723918124,中继,R009,2054,PASS,exact_point,15.863329893920252,1009.5370532937532,,,独立计算 DEM 遮挡、自由空间损耗与双向预算
T029,投送,15585.147723918124,15604.347723918123,中继,R009,2055,PASS,exact_point,15.863329893920252,1009.5370532937532,,,独立计算 DEM 遮挡、自由空间损耗与双向预算
T029,投送,15604.347723918123,15623.547723918124,中继,R009,2056,PASS,exact_point,15.863329893920252,1009.5370532937532,,,独立计算 DEM 遮挡、自由空间损耗与双向预算
T029,投送,15623.547723918124,15642.747723918123,中继,R009,2057,PASS,exact_point,15.863329893920252,1009.5370532937532,,,独立计算 DEM 遮挡、自由空间损耗与双向预算
T029,爬升,15642.747723918123,15659.095041423006,中继,R009,2058,PASS,worst_obstruction_endpoint_distance,5.863329893920252,1009.5370532937532,True,,端点最大距离且全时段按遮挡计损仍满足双向预算
T029,爬升,15659.095041423006,15675.442358927889,中继,R009,2059,PASS,worst_obstruction_endpoint_distance,5.900223455630936,1005.2581100286679,True,,端点最大距离且全时段按遮挡计损仍满足双向预算
T029,爬升,15675.442358927889,15691.789676432772,中继,R009,2060,PASS,worst_obstruction_endpoint_distance,5.9229777164137545,1002.6281007700978,True,,端点最大距离且全时段按遮挡计损仍满足双向预算
T029,爬升,15691.789676432772,15708.136993937655,中继,R009,2061,PASS,worst_obstruction_endpoint_distance,5.925312180250401,1002.3586655558703,True,,端点最大距离且全时段按遮挡计损仍满足双向预算
T029,巡航,15708.136993937655,15727.030860586041,中继,R009,2062,PASS,worst_obstruction_endpoint_distance,3.76728039508761,1285.0639442954207,True,,端点最大距离且全时段按遮挡计损仍满足双向预算
T029,巡航,15727.030860586041,15745.924727234427,中继,R009,2063,PASS,worst_obstruction_endpoint_distance,2.0387268612306,1568.0229513815293,True,,端点最大距离且全时段按遮挡计损仍满足双向预算
T029,巡航,15745.924727234427,15764.818593882814,中继,R009,2064,PASS,worst_obstruction_endpoint_distance,0.5970868152485878,1851.1193369976415,True,,端点最大距离且全时段按遮挡计损仍满足双向预算
T029,巡航,15764.818593882814,15783.712460531198,直连,,2065,PASS,worst_obstruction_endpoint_distance,0.5764172950555349,3702.2683430850543,True,,端点最大距离且全时段按遮挡计损仍满足双向预算
T029,巡航,15783.712460531198,15802.606327179585,直连,,2066,PASS,worst_obstruction_endpoint_distance,1.2643662606990915,3420.3491819541655,True,,端点最大距离且全时段按遮挡计损仍满足双向预算
T029,巡航,15802.606327179585,15821.500193827971,直连,,2067,PASS,worst_obstruction_endpoint_distance,2.010784013786406,3138.698194697621,True,,端点最大距离且全时段按遮挡计损仍满足双向预算
T029,巡航,15821.500193827971,15840.394060476357,直连,,2068,PASS,worst_obstruction_endpoint_distance,2.8263705191290995,2857.394683434026,True,,端点最大距离且全时段按遮挡计损仍满足双向预算
T029,巡航,15840.394060476357,15859.287927124744,直连,,2069,PASS,worst_obstruction_endpoint_distance,3.7249953747456317,2576.552461149355,True,,端点最大距离且全时段按遮挡计损仍满足双向预算
T029,巡航,15859.287927124744,15878.18179377313,直连,,2070,PASS,worst_obstruction_endpoint_distance,4.725048394892241,2296.34078085298,True,,端点最大距离且全时段按遮挡计损仍满足双向预算
T029,巡航,15878.18179377313,15897.075660421517,直连,,2071,PASS,worst_obstruction_endpoint_distance,5.851560521092864,2017.0224508369258,True,,端点最大距离且全时段按遮挡计损仍满足双向预算
T029,巡航,15897.075660421517,15915.969527069901,直连,,2072,PASS,worst_obstruction_endpoint_distance,7.139643736160679,1739.027987459995,True,,端点最大距离且全时段按遮挡计损仍满足双向预算
T029,巡航,15915.969527069901,15934.863393718288,直连,,2073,PASS,worst_obstruction_endpoint_distance,8.640222545108585,1463.112197944657,True,,端点最大距离且全时段按遮挡计损仍满足双向预算
T029,巡航,15934.863393718288,15953.757260366674,直连,,2074,PASS,worst_obstruction_endpoint_distance,10.429575041650054,1190.7209811695823,True,,端点最大距离且全时段按遮挡计损仍满足双向预算
T029,巡航,15953.757260366674,15972.65112701506,直连,,2075,PASS,worst_obstruction_endpoint_distance,12.623190271631984,924.9734022323017,True,,端点最大距离且全时段按遮挡计损仍满足双向预算
T029,巡航,15972.65112701506,15991.544993663447,直连,,2076,PASS,worst_obstruction_endpoint_distance,15.375452699934556,673.7769091431577,True,,端点最大距离且全时段按遮挡计损仍满足双向预算
T029,巡航,15991.544993663447,16010.438860311833,直连,,2077,PASS,worst_obstruction_endpoint_distance,18.661672477929415,461.5355244926001,True,,端点最大距离且全时段按遮挡计损仍满足双向预算
T029,下降,16010.438860311833,16029.652519064273,直连,,2078,PASS,worst_obstruction_endpoint_distance,20.717231343301734,364.273175048828,True,,端点最大距离且全时段按遮挡计损仍满足双向预算
T029,下降,16029.652519064273,16048.866177816715,直连,,2079,PASS,worst_obstruction_endpoint_distance,21.685531081553222,325.8458575439478,True,,端点最大距离且全时段按遮挡计损仍满足双向预算
T029,下降,16048.866177816715,16068.079836569157,直连,,2080,PASS,worst_obstruction_endpoint_distance,22.775479585213574,287.4185400390639,True,,端点最大距离且全时段按遮挡计损仍满足双向预算
T029,下降,16068.079836569157,16087.293495321599,直连,,2081,PASS,worst_obstruction_endpoint_distance,24.022094414388135,248.99122253418,True,,端点最大距离且全时段按遮挡计损仍满足双向预算
T029,下降,16087.293495321599,16106.50715407404,直连,,2082,PASS,worst_obstruction_endpoint_distance,25.47809664075433,210.5639050292961,True,,端点最大距离且全时段按遮挡计损仍满足双向预算
T029,下降,16106.50715407404,16125.720812826481,直连,,2083,PASS,worst_obstruction_endpoint_distance,27.22831138255644,172.1365875244158,True,,端点最大距离且全时段按遮挡计损仍满足双向预算
T029,下降,16125.720812826481,16144.934471578923,直连,,2084,PASS,worst_obstruction_endpoint_distance,29.422544809792385,133.70927001953197,True,,端点最大距离且全时段按遮挡计损仍满足双向预算
T029,下降,16144.934471578923,16164.148130331363,直连,,2085,PASS,worst_obstruction_endpoint_distance,32.36556220348396,95.28195251464803,True,,端点最大距离且全时段按遮挡计损仍满足双向预算
T029,下降,16164.148130331363,16183.361789083805,直连,,2086,PASS,worst_obstruction_endpoint_distance,36.85045764910586,56.85463500976783,True,,端点最大距离且全时段按遮挡计损仍满足双向预算
T029,下降,16183.361789083805,16202.575447836247,直连,,2087,PASS,worst_obstruction_endpoint_distance,45.92517525248826,20.0,True,,端点最大距离且全时段按遮挡计损仍满足双向预算
T030,爬升,16533.0,16551.0987882487,直连,,2088,PASS,worst_obstruction_endpoint_distance,43.90158967207003,25.24697062174789,True,,端点最大距离且全时段按遮挡计损仍满足双向预算
T030,爬升,16551.0987882487,16569.197576497394,直连,,2089,PASS,worst_obstruction_endpoint_distance,34.98273932171111,70.49394124348663,True,,端点最大距离且全时段按遮挡计损仍满足双向预算
T030,爬升,16569.197576497394,16587.296364746093,直连,,2090,PASS,worst_obstruction_endpoint_distance,30.67603717313169,115.74091186523452,True,,端点最大距离且全时段按遮挡计损仍满足双向预算
T030,爬升,16587.296364746093,16605.39515299479,直连,,2091,PASS,worst_obstruction_endpoint_distance,27.80991140501773,160.98788248698236,True,,端点最大距离且全时段按遮挡计损仍满足双向预算
T030,爬升,16605.39515299479,16623.49394124349,直连,,2092,PASS,worst_obstruction_endpoint_distance,25.65853393190885,206.23485310873025,True,,端点最大距离且全时段按遮挡计损仍满足双向预算
T030,爬升,16623.49394124349,16641.592729492186,直连,,2093,PASS,worst_obstruction_endpoint_distance,23.935643142447674,251.481823730469,True,,端点最大距离且全时段按遮挡计损仍满足双向预算
T030,巡航,16641.592729492186,16660.60930612419,直连,,2094,PASS,worst_obstruction_endpoint_distance,20.343794916914376,380.27608351961703,True,,端点最大距离且全时段按遮挡计损仍满足双向预算
T030,巡航,16660.60930612419,16679.625882756198,直连,,2095,PASS,worst_obstruction_endpoint_distance,16.049514949605253,623.466338937083,True,,端点最大距离且全时段按遮挡计损仍满足双向预算
T030,巡航,16679.625882756198,16698.642459388204,直连,,2096,PASS,worst_obstruction_endpoint_distance,12.939131831411018,891.9328651522274,True,,端点最大距离且全时段按遮挡计损仍满足双向预算
T030,巡航,16698.642459388204,16717.65903602021,直连,,2097,PASS,worst_obstruction_endpoint_distance,10.594093021855073,1168.3799810635858,True,,端点最大距离且全时段按遮挡计损仍满足双向预算
T030,巡航,16717.65903602021,16736.675612652216,直连,,2098,PASS,worst_obstruction_endpoint_distance,8.72893580056764,1448.2447681320716,True,,端点最大距离且全时段按遮挡计损仍满足双向预算
T030,巡航,16736.675612652216,16755.692189284222,直连,,2099,PASS,worst_obstruction_endpoint_distance,7.185509592415272,1729.8692496123044,True,,端点最大距离且全时段按遮挡计损仍满足双向预算
T030,巡航,16755.692189284222,16774.708765916228,直连,,2100,PASS,worst_obstruction_endpoint_distance,5.870993404915126,2012.5148240813007,True,,端点最大距离且全时段按遮挡计损仍满足双向预算
T030,巡航,16774.708765916228,16793.725342548234,直连,,2101,PASS,worst_obstruction_endpoint_distance,4.727077525390385,2295.804390099458,True,,端点最大距离且全时段按遮挡计损仍满足双向预算
T030,巡航,16793.725342548234,16812.74191918024,直连,,2102,PASS,worst_obstruction_endpoint_distance,3.7149777055149116,2579.525782409383,True,,端点最大距离且全时段按遮挡计损仍满足双向预算
T030,巡航,16812.74191918024,16831.758495812246,直连,,2103,PASS,worst_obstruction_endpoint_distance,2.807677788514951,2863.5506474809567,True,,端点最大距离且全时段按遮挡计损仍满足双向预算
T030,巡航,16831.758495812246,16850.775072444252,直连,,2104,PASS,worst_obstruction_endpoint_distance,1.9856412656795612,3147.7968395884704,True,,端点最大距离且全时段按遮挡计损仍满足双向预算
T030,巡航,16850.775072444252,16869.79164907626,直连,,2105,PASS,worst_obstruction_endpoint_distance,1.2342997133882534,3432.2093700731825,True,,端点最大距离且全时段按遮挡计损仍满足双向预算
T030,巡航,16869.79164907626,16888.808225708264,直连,,2106,PASS,worst_obstruction_endpoint_distance,0.5425080385621612,3716.750053578153,True,,端点最大距离且全时段按遮挡计损仍满足双向预算
T030,巡航,16888.808225708264,16907.82480234027,中继,R010,2107,PASS,worst_obstruction_endpoint_distance,4.840037703985303,1135.7607943963674,True,,端点最大距离且全时段按遮挡计损仍满足双向预算
T030,巡航,16907.82480234027,16926.841378972276,中继,R010,2108,PASS,worst_obstruction_endpoint_distance,3.0451968529420697,1396.461335368327,True,,端点最大距离且全时段按遮挡计损仍满足双向预算
T030,巡航,16926.841378972276,16945.857955604282,中继,R010,2109,PASS,worst_obstruction_endpoint_distance,1.516292876532276,1665.229571059125,True,,端点最大距离且全时段按遮挡计损仍满足双向预算
T030,巡航,16945.857955604282,16964.87453223629,中继,R010,2110,PASS,worst_obstruction_endpoint_distance,0.1955043984916074,1938.7130709678047,True,,端点最大距离且全时段按遮挡计损仍满足双向预算
T030,下降,16964.87453223629,16976.744988168903,中继,R010,2111,PASS,worst_obstruction_endpoint_distance,0.1955043984916074,1938.7130709678047,True,,端点最大距离且全时段按遮挡计损仍满足双向预算
T030,下降,16976.744988168903,16988.61544410152,中继,R010,2112,PASS,worst_obstruction_endpoint_distance,0.19764940600036596,1938.2343588466367,True,,端点最大距离且全时段按遮挡计损仍满足双向预算
T030,投送,16988.61544410152,17008.251807737885,中继,R010,2113,PASS,exact_point,10.198491868675788,1938.046374542734,,,独立计算 DEM 遮挡、自由空间损耗与双向预算
T030,投送,17008.251807737885,17027.88817137425,中继,R010,2114,PASS,exact_point,10.198491868675788,1938.046374542734,,,独立计算 DEM 遮挡、自由空间损耗与双向预算
T030,投送,17027.88817137425,17047.524535010612,中继,R010,2115,PASS,exact_point,10.198491868675788,1938.046374542734,,,独立计算 DEM 遮挡、自由空间损耗与双向预算
T030,投送,17047.524535010612,17067.160898646976,中继,R010,2116,PASS,exact_point,10.198491868675788,1938.046374542734,,,独立计算 DEM 遮挡、自由空间损耗与双向预算
T030,投送,17067.160898646976,17086.79726228334,中继,R010,2117,PASS,exact_point,10.198491868675788,1938.046374542734,,,独立计算 DEM 遮挡、自由空间损耗与双向预算
T030,投送,17086.79726228334,17106.433625919704,中继,R010,2118,PASS,exact_point,10.198491868675788,1938.046374542734,,,独立计算 DEM 遮挡、自由空间损耗与双向预算
T030,投送,17106.433625919704,17126.06998955607,中继,R010,2119,PASS,exact_point,10.198491868675788,1938.046374542734,,,独立计算 DEM 遮挡、自由空间损耗与双向预算
T030,投送,17126.06998955607,17145.70635319243,中继,R010,2120,PASS,exact_point,10.198491868675788,1938.046374542734,,,独立计算 DEM 遮挡、自由空间损耗与双向预算
T030,投送,17145.70635319243,17165.342716828793,中继,R010,2121,PASS,exact_point,10.198491868675788,1938.046374542734,,,独立计算 DEM 遮挡、自由空间损耗与双向预算
T030,投送,17165.342716828793,17184.979080465157,中继,R010,2122,PASS,exact_point,10.198491868675788,1938.046374542734,,,独立计算 DEM 遮挡、自由空间损耗与双向预算
T030,投送,17184.979080465157,17204.61544410152,中继,R010,2123,PASS,exact_point,10.198491868675788,1938.046374542734,,,独立计算 DEM 遮挡、自由空间损耗与双向预算
T030,爬升,17204.61544410152,17223.608173593708,中继,R010,2124,PASS,worst_obstruction_endpoint_distance,0.1955043984916074,1938.7130709678047,True,,端点最大距离且全时段按遮挡计损仍满足双向预算
T030,巡航,17223.608173593708,17242.624750225714,中继,R010,2125,PASS,worst_obstruction_endpoint_distance,0.1955043984916074,1938.7130709678047,True,,端点最大距离且全时段按遮挡计损仍满足双向预算
T030,巡航,17242.624750225714,17261.64132685772,中继,R010,2126,PASS,worst_obstruction_endpoint_distance,1.516292876532276,1665.229571059125,True,,端点最大距离且全时段按遮挡计损仍满足双向预算
T030,巡航,17261.64132685772,17280.657903489726,中继,R010,2127,PASS,worst_obstruction_endpoint_distance,3.0451968529420697,1396.461335368327,True,,端点最大距离且全时段按遮挡计损仍满足双向预算
T030,巡航,17280.657903489726,17299.674480121732,中继,R010,2128,PASS,worst_obstruction_endpoint_distance,4.840037703985303,1135.7607943963674,True,,端点最大距离且全时段按遮挡计损仍满足双向预算
T030,巡航,17299.674480121732,17318.691056753738,直连,,2129,PASS,worst_obstruction_endpoint_distance,0.5425080385621612,3716.750053578153,True,,端点最大距离且全时段按遮挡计损仍满足双向预算
T030,巡航,17318.691056753738,17337.707633385744,直连,,2130,PASS,worst_obstruction_endpoint_distance,1.2342997133882534,3432.2093700731825,True,,端点最大距离且全时段按遮挡计损仍满足双向预算
T030,巡航,17337.707633385744,17356.72421001775,直连,,2131,PASS,worst_obstruction_endpoint_distance,1.9856412656795612,3147.7968395884704,True,,端点最大距离且全时段按遮挡计损仍满足双向预算
T030,巡航,17356.72421001775,17375.740786649756,直连,,2132,PASS,worst_obstruction_endpoint_distance,2.807677788514951,2863.5506474809567,True,,端点最大距离且全时段按遮挡计损仍满足双向预算
T030,巡航,17375.740786649756,17394.757363281762,直连,,2133,PASS,worst_obstruction_endpoint_distance,3.714977705515082,2579.525782409333,True,,端点最大距离且全时段按遮挡计损仍满足双向预算
T030,巡航,17394.757363281762,17413.773939913768,直连,,2134,PASS,worst_obstruction_endpoint_distance,4.727077525390385,2295.804390099458,True,,端点最大距离且全时段按遮挡计损仍满足双向预算
T030,巡航,17413.773939913768,17432.790516545774,直连,,2135,PASS,worst_obstruction_endpoint_distance,5.870993404915339,2012.514824081251,True,,端点最大距离且全时段按遮挡计损仍满足双向预算
T030,巡航,17432.790516545774,17451.80709317778,直连,,2136,PASS,worst_obstruction_endpoint_distance,7.185509592415528,1729.8692496122549,True,,端点最大距离且全时段按遮挡计损仍满足双向预算
T030,巡航,17451.80709317778,17470.823669809786,直连,,2137,PASS,worst_obstruction_endpoint_distance,8.72893580056764,1448.2447681320716,True,,端点最大距离且全时段按遮挡计损仍满足双向预算
T030,巡航,17470.823669809786,17489.84024644179,直连,,2138,PASS,worst_obstruction_endpoint_distance,10.594093021855429,1168.379981063537,True,,端点最大距离且全时段按遮挡计损仍满足双向预算
T030,巡航,17489.84024644179,17508.856823073795,直连,,2139,PASS,worst_obstruction_endpoint_distance,12.939131831411018,891.9328651522274,True,,端点最大距离且全时段按遮挡计损仍满足双向预算
T030,巡航,17508.856823073795,17527.8733997058,直连,,2140,PASS,worst_obstruction_endpoint_distance,16.049514949605253,623.466338937083,True,,端点最大距离且全时段按遮挡计损仍满足双向预算
T030,巡航,17527.8733997058,17546.889976337807,直连,,2141,PASS,worst_obstruction_endpoint_distance,20.343794916914376,380.27608351961703,True,,端点最大距离且全时段按遮挡计损仍满足双向预算
T030,下降,17546.889976337807,17566.281535175698,直连,,2142,PASS,worst_obstruction_endpoint_distance,23.935643142447674,251.481823730469,True,,端点最大距离且全时段按遮挡计损仍满足双向预算
T030,下降,17566.281535175698,17585.67309401359,直连,,2143,PASS,worst_obstruction_endpoint_distance,25.390478207865513,212.69870605468668,True,,端点最大距离且全时段按遮挡计损仍满足双向预算
T030,下降,17585.67309401359,17605.06465285148,直连,,2144,PASS,worst_obstruction_endpoint_distance,27.139004958315198,173.91558837890437,True,,端点最大距离且全时段按遮挡计损仍满足双向预算
T030,下降,17605.06465285148,17624.456211689372,直连,,2145,PASS,worst_obstruction_endpoint_distance,29.33058081999762,135.132470703122,True,,端点最大距离且全时段按遮挡计损仍满足双向预算
T030,下降,17624.456211689372,17643.84777052726,直连,,2146,PASS,worst_obstruction_endpoint_distance,32.26879911029749,96.3493530273397,True,,端点最大距离且全时段按遮挡计损仍满足双向预算
T030,下降,17643.84777052726,17663.23932936515,直连,,2147,PASS,worst_obstruction_endpoint_distance,36.742418587608896,57.56623535156464,True,,端点最大距离且全时段按遮挡计损仍满足双向预算
T030,下降,17663.23932936515,17682.630888203043,直连,,2148,PASS,worst_obstruction_endpoint_distance,45.92517525248826,20.0,True,,端点最大距离且全时段按遮挡计损仍满足双向预算
T031,爬升,17066.0,17082.76617553711,直连,,2149,PASS,worst_obstruction_endpoint_distance,45.13077173479263,21.915438842771238,True,,端点最大距离且全时段按遮挡计损仍满足双向预算
T031,爬升,17082.76617553711,17099.53235107422,直连,,2150,PASS,worst_obstruction_endpoint_distance,35.84515884387355,63.83087768555157,True,,端点最大距离且全时段按遮挡计损仍满足双向预算
T031,爬升,17099.53235107422,17116.29852661133,直连,,2151,PASS,worst_obstruction_endpoint_distance,31.460470195991263,105.74631652832278,True,,端点最大距离且全时段按遮挡计损仍满足双向预算
T031,爬升,17116.29852661133,17133.064702148436,直连,,2152,PASS,worst_obstruction_endpoint_distance,28.560414627442924,147.661755371094,True,,端点最大距离且全时段按遮挡计损仍满足双向预算
T031,巡航,17133.064702148436,17151.785355926815,直连,,2153,PASS,worst_obstruction_endpoint_distance,21.91728608924737,317.26667257153207,True,,端点最大距离且全时段按遮挡计损仍满足双向预算
T031,巡航,17151.785355926815,17170.50600970519,直连,,2154,PASS,worst_obstruction_endpoint_distance,16.66663440279322,580.7069692195184,True,,端点最大距离且全时段按遮挡计损仍满足双向预算
T031,巡航,17170.50600970519,17189.226663483565,直连,,2155,PASS,worst_obstruction_endpoint_distance,13.303683384721793,855.2726592881538,True,,端点最大距离且全时段按遮挡计损仍满足双向预算
T031,巡航,17189.226663483565,17207.947317261944,直连,,2156,PASS,worst_obstruction_endpoint_distance,10.861916747870978,1132.9035062187359,True,,端点最大距离且全时段按遮挡计损仍满足双向预算
T031,巡航,17207.947317261944,17226.66797104032,直连,,2157,PASS,worst_obstruction_endpoint_distance,8.950358587344866,1411.7923650909095,True,,端点最大距离且全时段按遮挡计损仍满足双向预算
T031,巡航,17226.66797104032,17245.388624818694,直连,,2158,PASS,worst_obstruction_endpoint_distance,7.381274715503594,1691.3170326425754,True,,端点最大距离且全时段按遮挡计损仍满足双向预算
T031,巡航,17245.388624818694,17264.109278597072,直连,,2159,PASS,worst_obstruction_endpoint_distance,6.051130303594704,1971.2070471504326,True,,端点最大距离且全时段按遮挡计损仍满足双向预算
T031,巡航,17264.109278597072,17282.829932375447,直连,,2160,PASS,worst_obstruction_endpoint_distance,4.897006846639741,2251.326150430654,True,,端点最大距离且全时段按遮挡计损仍满足双向预算
T031,巡航,17282.829932375447,17301.550586153822,直连,,2161,PASS,worst_obstruction_endpoint_distance,3.87787926451351,2531.5982982180185,True,,端点最大距离且全时段按遮挡计损仍满足双向预算
T031,巡航,17301.550586153822,17320.2712399322,直连,,2162,PASS,worst_obstruction_endpoint_distance,2.9655376322348275,2811.977728667235,True,,端点最大距离且全时段按遮挡计损仍满足双向预算
T031,下降,17320.2712399322,17334.148199160714,直连,,2163,PASS,worst_obstruction_endpoint_distance,2.9655376322348275,2811.977728667235,True,,端点最大距离且全时段按遮挡计损仍满足双向预算
T031,下降,17334.148199160714,17348.02515838923,直连,,2164,PASS,worst_obstruction_endpoint_distance,2.9696182473843464,2810.656976913882,True,,端点最大距离且全时段按遮挡计损仍满足双向预算
T031,下降,17348.02515838923,17361.90211761775,直连,,2165,PASS,worst_obstruction_endpoint_distance,2.9728550566591423,2809.6097766786506,True,,端点最大距离且全时段按遮挡计损仍满足双向预算
T031,投送,17361.90211761775,17381.538481254112,直连,,2166,PASS,exact_point,2.9752461696598544,2808.8364339208633,,,独立计算 DEM 遮挡、自由空间损耗与双向预算
T031,投送,17381.538481254112,17401.174844890473,直连,,2167,PASS,exact_point,2.9752461696598544,2808.8364339208633,,,独立计算 DEM 遮挡、自由空间损耗与双向预算
T031,投送,17401.174844890473,17420.811208526837,直连,,2168,PASS,exact_point,2.9752461696598544,2808.8364339208633,,,独立计算 DEM 遮挡、自由空间损耗与双向预算
T031,投送,17420.811208526837,17440.4475721632,直连,,2169,PASS,exact_point,2.9752461696598544,2808.8364339208633,,,独立计算 DEM 遮挡、自由空间损耗与双向预算
T031,投送,17440.4475721632,17460.083935799565,直连,,2170,PASS,exact_point,2.9752461696598544,2808.8364339208633,,,独立计算 DEM 遮挡、自由空间损耗与双向预算
T031,投送,17460.083935799565,17479.72029943593,直连,,2171,PASS,exact_point,2.9752461696598544,2808.8364339208633,,,独立计算 DEM 遮挡、自由空间损耗与双向预算
T031,投送,17479.72029943593,17499.356663072293,直连,,2172,PASS,exact_point,2.9752461696598544,2808.8364339208633,,,独立计算 DEM 遮挡、自由空间损耗与双向预算
T031,投送,17499.356663072293,17518.993026708657,直连,,2173,PASS,exact_point,2.9752461696598544,2808.8364339208633,,,独立计算 DEM 遮挡、自由空间损耗与双向预算
T031,投送,17518.993026708657,17538.62939034502,直连,,2174,PASS,exact_point,2.9752461696598544,2808.8364339208633,,,独立计算 DEM 遮挡、自由空间损耗与双向预算
T031,投送,17538.62939034502,17558.265753981384,直连,,2175,PASS,exact_point,2.9752461696598544,2808.8364339208633,,,独立计算 DEM 遮挡、自由空间损耗与双向预算
T031,投送,17558.265753981384,17577.90211761775,直连,,2176,PASS,exact_point,2.9752461696598544,2808.8364339208633,,,独立计算 DEM 遮挡、自由空间损耗与双向预算
T031,爬升,17577.90211761775,17594.554468691967,直连,,2177,PASS,worst_obstruction_endpoint_distance,2.9713422573941983,2810.0991618702783,True,,端点最大距离且全时段按遮挡计损仍满足双向预算
T031,爬升,17594.554468691967,17611.206819766183,直连,,2178,PASS,worst_obstruction_endpoint_distance,2.9655376322348275,2811.977728667235,True,,端点最大距离且全时段按遮挡计损仍满足双向预算
T031,巡航,17611.206819766183,17629.92747354456,直连,,2179,PASS,worst_obstruction_endpoint_distance,2.9655376322348275,2811.977728667235,True,,端点最大距离且全时段按遮挡计损仍满足双向预算
T031,巡航,17629.92747354456,17648.648127322936,直连,,2180,PASS,worst_obstruction_endpoint_distance,3.87787926451351,2531.5982982180185,True,,端点最大距离且全时段按遮挡计损仍满足双向预算
T031,巡航,17648.648127322936,17667.368781101315,直连,,2181,PASS,worst_obstruction_endpoint_distance,4.897006846639741,2251.326150430654,True,,端点最大距离且全时段按遮挡计损仍满足双向预算
T031,巡航,17667.368781101315,17686.08943487969,直连,,2182,PASS,worst_obstruction_endpoint_distance,6.051130303596594,1971.2070471500017,True,,端点最大距离且全时段按遮挡计损仍满足双向预算
T031,巡航,17686.08943487969,17704.810088658065,直连,,2183,PASS,worst_obstruction_endpoint_distance,7.381274715503594,1691.3170326425754,True,,端点最大距离且全时段按遮挡计损仍满足双向预算
T031,巡航,17704.810088658065,17723.530742436444,直连,,2184,PASS,worst_obstruction_endpoint_distance,8.950358587344866,1411.7923650909095,True,,端点最大距离且全时段按遮挡计损仍满足双向预算
T031,巡航,17723.530742436444,17742.25139621482,直连,,2185,PASS,worst_obstruction_endpoint_distance,10.861916747871135,1132.9035062187145,True,,端点最大距离且全时段按遮挡计损仍满足双向预算
T031,巡航,17742.25139621482,17760.972049993194,直连,,2186,PASS,worst_obstruction_endpoint_distance,13.303683384721793,855.2726592881538,True,,端点最大距离且全时段按遮挡计损仍满足双向预算
T031,巡航,17760.972049993194,17779.692703771572,直连,,2187,PASS,worst_obstruction_endpoint_distance,16.66663440279322,580.7069692195184,True,,端点最大距离且全时段按遮挡计损仍满足双向预算
T031,巡航,17779.692703771572,17798.413357549947,直连,,2188,PASS,worst_obstruction_endpoint_distance,21.91728608925837,317.2666725711304,True,,端点最大距离且全时段按遮挡计损仍满足双向预算
T031,下降,17798.413357549947,17815.179533087055,直连,,2189,PASS,worst_obstruction_endpoint_distance,28.560414627442924,147.661755371094,True,,端点最大距离且全时段按遮挡计损仍满足双向预算
T031,下降,17815.179533087055,17831.945708624167,直连,,2190,PASS,worst_obstruction_endpoint_distance,30.797824156686687,114.12940429687808,True,,端点最大距离且全时段按遮挡计损仍满足双向预算
T031,下降,17831.945708624167,17848.711884161276,直连,,2191,PASS,worst_obstruction_endpoint_distance,33.819391896052025,80.59705322265495,True,,端点最大距离且全时段按遮挡计损仍满足双向预算
T031,下降,17848.711884161276,17865.478059698384,直连,,2192,PASS,worst_obstruction_endpoint_distance,38.49186887424422,47.06470214843904,True,,端点最大距离且全时段按遮挡计损仍满足双向预算
T031,下降,17865.478059698384,17882.244235235496,直连,,2193,PASS,worst_obstruction_endpoint_distance,45.92517525248826,20.0,True,,端点最大距离且全时段按遮挡计损仍满足双向预算
