运输架次编号,通信阶段,开始时刻（s）,结束时刻（s）,保障方式,中继架次编号
T001,爬升,389.99999999999994,406.1507344563802,直连,
T001,爬升,406.1507344563802,422.30146891276036,直连,
T001,爬升,422.30146891276036,438.4522033691406,直连,
T001,巡航,438.4522033691406,458.0290540270924,直连,
T001,巡航,458.0290540270924,477.60590468504415,直连,
T001,巡航,477.60590468504415,497.18275534299596,直连,
T001,巡航,497.18275534299596,516.7596060009478,直连,
T001,巡航,516.7596060009478,536.3364566588996,直连,
T001,巡航,536.3364566588996,555.9133073168514,直连,
T001,巡航,555.9133073168514,575.4901579748032,直连,
T001,巡航,575.4901579748032,595.067008632755,直连,
T001,巡航,595.067008632755,614.6438592907068,直连,
T001,巡航,614.6438592907068,634.2207099486585,直连,
T001,巡航,634.2207099486585,653.7975606066103,直连,
T001,巡航,653.7975606066103,673.3744112645621,直连,
T001,巡航,673.3744112645621,692.9512619225139,直连,
T001,下降,692.9512619225139,710.7625839439984,直连,
T001,下降,710.7625839439984,728.5739059654827,直连,
T001,投送,728.5739059654827,748.5739059654827,直连,
T001,投送,748.5739059654827,768.5739059654827,直连,
T001,投送,768.5739059654827,788.5739059654827,直连,
T001,投送,788.5739059654827,808.5739059654827,直连,
T001,投送,808.5739059654827,828.5739059654827,直连,
T001,投送,828.5739059654827,848.5739059654827,直连,
T001,投送,848.5739059654827,868.5739059654827,直连,
T001,投送,868.5739059654827,888.5739059654827,直连,
T001,投送,888.5739059654827,908.5739059654827,直连,
T001,投送,908.5739059654827,928.5739059654827,直连,
T001,投送,928.5739059654827,948.5739059654827,直连,
T001,投送,948.5739059654827,968.5739059654827,直连,
T001,爬升,968.5739059654827,983.4166743167198,直连,
T001,爬升,983.4166743167198,998.2594426679567,直连,
T001,巡航,998.2594426679567,1017.8362933259085,直连,
T001,巡航,1017.8362933259085,1037.4131439838602,直连,
T001,巡航,1037.4131439838602,1056.989994641812,直连,
T001,巡航,1056.989994641812,1076.5668452997638,直连,
T001,巡航,1076.5668452997638,1096.1436959577156,直连,
T001,巡航,1096.1436959577156,1115.7205466156674,直连,
T001,巡航,1115.7205466156674,1135.2973972736193,直连,
T001,巡航,1135.2973972736193,1154.874247931571,直连,
T001,巡航,1154.874247931571,1174.4510985895229,直连,
T001,巡航,1174.4510985895229,1194.0279492474747,直连,
T001,巡航,1194.0279492474747,1213.6047999054265,直连,
T001,巡航,1213.6047999054265,1233.1816505633783,直连,
T001,巡航,1233.1816505633783,1252.75850122133,直连,
T001,下降,1252.75850122133,1272.1393825689863,直连,
T001,下降,1272.1393825689863,1291.5202639166425,直连,
T001,下降,1291.5202639166425,1310.9011452642987,直连,
T002,爬升,360.0,378.1254254150391,直连,
T002,爬升,378.1254254150391,396.2508508300782,直连,
T002,爬升,396.2508508300782,414.3762762451173,直连,
T002,爬升,414.3762762451173,432.5017016601564,直连,
T002,巡航,432.5017016601564,452.26518888352246,直连,
T002,巡航,452.26518888352246,472.0286761068885,直连,
T002,巡航,472.0286761068885,491.7921633302546,直连,
T002,巡航,491.7921633302546,511.55565055362064,直连,
T002,巡航,511.55565055362064,531.3191377769867,直连,
T002,巡航,531.3191377769867,551.0826250003528,直连,
T002,巡航,551.0826250003528,570.8461122237188,直连,
T002,巡航,570.8461122237188,590.6095994470849,直连,
T002,巡航,590.6095994470849,610.3730866704509,直连,
T002,巡航,610.3730866704509,630.136573893817,直连,
T002,巡航,630.136573893817,649.900061117183,直连,
T002,巡航,649.900061117183,669.6635483405491,直连,
T002,巡航,669.6635483405491,689.4270355639151,直连,
T002,巡航,689.4270355639151,709.1905227872812,中继,R001
T002,巡航,709.1905227872812,728.9540100106472,中继,R001
T002,巡航,728.9540100106472,748.7174972340133,中继,R001
T002,巡航,748.7174972340133,768.4809844573793,中继,R001
T002,巡航,768.4809844573793,788.2444716807454,中继,R001
T002,巡航,788.2444716807454,808.0079589041114,中继,R001
T002,巡航,808.0079589041114,827.7714461274775,中继,R001
T002,巡航,827.7714461274775,847.5349333508436,中继,R001
T002,巡航,847.5349333508436,867.2984205742096,中继,R001
T002,巡航,867.2984205742096,887.0619077975757,中继,R001
T002,巡航,887.0619077975757,906.8253950209418,中继,R001
T002,巡航,906.8253950209418,926.5888822443078,中继,R001
T002,下降,926.5888822443078,941.4979246027062,中继,R001
T002,下降,941.4979246027062,956.4069669611046,中继,R001
T002,下降,956.4069669611046,971.316009319503,中继,R001
T002,投送,971.316009319503,990.7006247041184,中继,R001
T002,投送,990.7006247041184,1010.0852400887337,中继,R001
T002,投送,1010.0852400887337,1029.469855473349,中继,R001
T002,投送,1029.469855473349,1048.8544708579645,中继,R001
T002,投送,1048.8544708579645,1068.2390862425798,中继,R001
T002,投送,1068.2390862425798,1087.6237016271953,中继,R001
T002,投送,1087.6237016271953,1107.0083170118105,中继,R001
T002,投送,1107.0083170118105,1126.392932396426,中继,R001
T002,投送,1126.392932396426,1145.7775477810414,中继,R001
T002,投送,1145.7775477810414,1165.1621631656567,中继,R001
T002,投送,1165.1621631656567,1184.5467785502722,中继,R001
T002,投送,1184.5467785502722,1203.9313939348874,中继,R001
T002,投送,1203.9313939348874,1223.3160093195029,中继,R001
T002,爬升,1223.3160093195029,1241.206860149581,中继,R001
T002,爬升,1241.206860149581,1259.097710979659,中继,R001
T002,巡航,1259.097710979659,1278.8611982030252,中继,R001
T002,巡航,1278.8611982030252,1298.6246854263911,中继,R001
T002,巡航,1298.6246854263911,1318.3881726497573,中继,R001
T002,巡航,1318.3881726497573,1338.1516598731232,中继,R001
T002,巡航,1338.1516598731232,1357.9151470964894,中继,R001
T002,巡航,1357.9151470964894,1377.6786343198553,中继,R001
T002,巡航,1377.6786343198553,1397.4421215432214,中继,R001
T002,巡航,1397.4421215432214,1417.2056087665874,中继,R001
T002,巡航,1417.2056087665874,1436.9690959899535,中继,R001
T002,巡航,1436.9690959899535,1456.7325832133197,中继,R001
T002,巡航,1456.7325832133197,1476.4960704366856,中继,R001
T002,巡航,1476.4960704366856,1496.2595576600518,中继,R001
T002,巡航,1496.2595576600518,1516.0230448834177,直连,
T002,巡航,1516.0230448834177,1535.7865321067839,直连,
T002,巡航,1535.7865321067839,1555.5500193301498,直连,
T002,巡航,1555.5500193301498,1575.313506553516,直连,
T002,巡航,1575.313506553516,1595.0769937768819,直连,
T002,巡航,1595.0769937768819,1614.840481000248,直连,
T002,巡航,1614.840481000248,1634.6039682236142,直连,
T002,巡航,1634.6039682236142,1654.36745544698,直连,
T002,巡航,1654.36745544698,1674.1309426703463,直连,
T002,巡航,1674.1309426703463,1693.8944298937122,直连,
T002,巡航,1693.8944298937122,1713.6579171170783,直连,
T002,巡航,1713.6579171170783,1733.4214043404445,直连,
T002,巡航,1733.4214043404445,1753.1848915638104,直连,
T002,下降,1753.1848915638104,1771.3103169788496,直连,
T002,下降,1771.3103169788496,1789.4357423938886,直连,
T002,下降,1789.4357423938886,1807.5611678089278,直连,
T002,下降,1807.5611678089278,1825.6865932239668,直连,
T002,下降,1825.6865932239668,1843.812018639006,直连,
T003,爬升,330.0000000000001,349.04006632486994,直连,
T003,爬升,349.04006632486994,368.0801326497397,直连,
T003,爬升,368.0801326497397,387.12019897460954,直连,
T003,爬升,387.12019897460954,406.1602652994793,直连,
T003,爬升,406.1602652994793,425.20033162434913,直连,
T003,巡航,425.20033162434913,445.0671279312562,直连,
T003,巡航,445.0671279312562,464.93392423816334,直连,
T003,巡航,464.93392423816334,484.8007205450704,直连,
T003,巡航,484.8007205450704,504.66751685197755,直连,
T003,巡航,504.66751685197755,524.5343131588846,直连,
T003,巡航,524.5343131588846,544.4011094657917,直连,
T003,巡航,544.4011094657917,564.2679057726989,直连,
T003,巡航,564.2679057726989,584.1347020796059,直连,
T003,巡航,584.1347020796059,604.001498386513,直连,
T003,巡航,604.001498386513,623.8682946934201,直连,
T003,巡航,623.8682946934201,643.7350910003272,直连,
T003,巡航,643.7350910003272,663.6018873072344,直连,
T003,巡航,663.6018873072344,683.4686836141414,直连,
T003,巡航,683.4686836141414,703.3354799210485,直连,
T003,巡航,703.3354799210485,723.2022762279555,直连,
T003,巡航,723.2022762279555,743.0690725348627,直连,
T003,巡航,743.0690725348627,762.9358688417699,中继,R002
T003,巡航,762.9358688417699,782.8026651486769,中继,R002
T003,巡航,782.8026651486769,802.669461455584,中继,R002
T003,巡航,802.669461455584,822.536257762491,中继,R002
T003,巡航,822.536257762491,842.4030540693982,中继,R002
T003,巡航,842.4030540693982,862.2698503763053,中继,R002
T003,巡航,862.2698503763053,882.1366466832123,中继,R002
T003,巡航,882.1366466832123,902.0034429901195,中继,R002
T003,巡航,902.0034429901195,921.8702392970266,中继,R002
T003,巡航,921.8702392970266,941.7370356039337,中继,R002
T003,巡航,941.7370356039337,961.6038319108408,中继,R002
T003,巡航,961.6038319108408,981.470628217748,中继,R002
T003,巡航,981.470628217748,1001.337424524655,中继,R002
T003,巡航,1001.337424524655,1021.204220831562,中继,R002
T003,巡航,1021.204220831562,1041.0710171384692,中继,R002
T003,下降,1041.0710171384692,1058.8711497882089,中继,R002
T003,下降,1058.8711497882089,1076.6712824379483,中继,R002
T003,下降,1076.6712824379483,1094.471415087688,中继,R002
T003,投送,1094.471415087688,1114.471415087688,中继,R002
T003,投送,1114.471415087688,1134.471415087688,中继,R002
T003,投送,1134.471415087688,1154.471415087688,中继,R002
T003,投送,1154.471415087688,1174.471415087688,中继,R002
T003,投送,1174.471415087688,1194.471415087688,中继,R002
T003,投送,1194.471415087688,1214.471415087688,中继,R002
T003,投送,1214.471415087688,1234.471415087688,中继,R002
T003,投送,1234.471415087688,1254.471415087688,中继,R002
T003,投送,1254.471415087688,1274.471415087688,中继,R002
T003,爬升,1274.471415087688,1289.304858962471,中继,R002
T003,爬升,1289.304858962471,1304.138302837254,中继,R002
T003,爬升,1304.138302837254,1318.971746712037,中继,R002
T003,巡航,1318.971746712037,1338.8385430189442,中继,R002
T003,巡航,1338.8385430189442,1358.7053393258511,中继,R002
T003,巡航,1358.7053393258511,1378.5721356327583,中继,R002
T003,巡航,1378.5721356327583,1398.4389319396653,中继,R002
T003,巡航,1398.4389319396653,1418.3057282465725,中继,R002
T003,巡航,1418.3057282465725,1438.1725245534797,中继,R002
T003,巡航,1438.1725245534797,1458.0393208603866,中继,R002
T003,巡航,1458.0393208603866,1477.9061171672938,中继,R002
T003,巡航,1477.9061171672938,1497.7729134742008,中继,R002
T003,巡航,1497.7729134742008,1517.639709781108,中继,R002
T003,巡航,1517.639709781108,1537.5065060880152,中继,R002
T003,巡航,1537.5065060880152,1557.3733023949221,中继,R002
T003,巡航,1557.3733023949221,1577.2400987018293,中继,R002
T003,巡航,1577.2400987018293,1597.1068950087365,中继,R002
T003,巡航,1597.1068950087365,1616.9736913156435,中继,R002
T003,巡航,1616.9736913156435,1636.8404876225507,直连,
T003,巡航,1636.8404876225507,1656.7072839294578,直连,
T003,巡航,1656.7072839294578,1676.5740802363648,直连,
T003,巡航,1676.5740802363648,1696.440876543272,直连,
T003,巡航,1696.440876543272,1716.307672850179,直连,
T003,巡航,1716.307672850179,1736.1744691570862,直连,
T003,巡航,1736.1744691570862,1756.041265463993,直连,
T003,巡航,1756.041265463993,1775.9080617709003,直连,
T003,巡航,1775.9080617709003,1795.7748580778075,直连,
T003,巡航,1795.7748580778075,1815.6416543847145,直连,
T003,巡航,1815.6416543847145,1835.5084506916216,直连,
T003,巡航,1835.5084506916216,1855.3752469985288,直连,
T003,巡航,1855.3752469985288,1875.2420433054358,直连,
T003,巡航,1875.2420433054358,1895.108839612343,直连,
T003,巡航,1895.108839612343,1914.97563591925,直连,
T003,巡航,1914.97563591925,1934.8424322261571,直连,
T003,下降,1934.8424322261571,1953.8824985510269,直连,
T003,下降,1953.8824985510269,1972.9225648758968,直连,
T003,下降,1972.9225648758968,1991.9626312007665,直连,
T003,下降,1991.9626312007665,2011.0026975256362,直连,
T003,下降,2011.0026975256362,2030.0427638505062,直连,
T003,下降,2030.0427638505062,2049.082830175376,直连,
T004,爬升,392.0,411.0400663248698,直连,
T004,爬升,411.0400663248698,430.0801326497396,直连,
T004,爬升,430.0801326497396,449.1201989746094,直连,
T004,爬升,449.1201989746094,468.1602652994792,直连,
T004,爬升,468.1602652994792,487.200331624349,直连,
T004,巡航,487.200331624349,506.90819356080084,直连,
T004,巡航,506.90819356080084,526.6160554972528,直连,
T004,巡航,526.6160554972528,546.3239174337045,直连,
T004,巡航,546.3239174337045,566.0317793701564,直连,
T004,巡航,566.0317793701564,585.7396413066083,直连,
T004,巡航,585.7396413066083,605.44750324306,直连,
T004,巡航,605.44750324306,625.1553651795119,直连,
T004,巡航,625.1553651795119,644.8632271159638,直连,
T004,巡航,644.8632271159638,664.5710890524156,直连,
T004,巡航,664.5710890524156,684.2789509888675,直连,
T004,巡航,684.2789509888675,703.9868129253193,直连,
T004,巡航,703.9868129253193,723.6946748617711,直连,
T004,巡航,723.6946748617711,743.4025367982229,直连,
T004,巡航,743.4025367982229,763.1103987346748,中继,R002
T004,巡航,763.1103987346748,782.8182606711266,中继,R002
T004,巡航,782.8182606711266,802.5261226075785,中继,R002
T004,巡航,802.5261226075785,822.2339845440304,中继,R002
T004,巡航,822.2339845440304,841.9418464804821,中继,R002
T004,巡航,841.9418464804821,861.6497084169339,中继,R002
T004,巡航,861.6497084169339,881.3575703533859,中继,R002
T004,巡航,881.3575703533859,901.0654322898376,中继,R002
T004,巡航,901.0654322898376,920.7732942262895,中继,R002
T004,巡航,920.7732942262895,940.4811561627414,中继,R002
T004,巡航,940.4811561627414,960.1890180991932,中继,R002
T004,巡航,960.1890180991932,979.896880035645,中继,R002
T004,下降,979.896880035645,997.6970126853846,中继,R002
T004,下降,997.6970126853846,1015.4971453351243,中继,R002
T004,下降,1015.4971453351243,1033.2972779848637,中继,R002
T004,投送,1033.2972779848637,1052.388187075773,中继,R002
T004,投送,1052.388187075773,1071.479096166682,中继,R002
T004,投送,1071.479096166682,1090.570005257591,中继,R002
T004,投送,1090.570005257591,1109.6609143485002,中继,R002
T004,投送,1109.6609143485002,1128.7518234394092,中继,R002
T004,投送,1128.7518234394092,1147.8427325303182,中继,R002
T004,投送,1147.8427325303182,1166.9336416212275,中继,R002
T004,投送,1166.9336416212275,1186.0245507121365,中继,R002
T004,投送,1186.0245507121365,1205.1154598030455,中继,R002
T004,投送,1205.1154598030455,1224.2063688939547,中继,R002
T004,投送,1224.2063688939547,1243.2972779848637,中继,R002
T004,爬升,1243.2972779848637,1258.1307218596467,中继,R002
T004,爬升,1258.1307218596467,1272.9641657344298,中继,R002
T004,爬升,1272.9641657344298,1287.7976096092127,中继,R002
T004,巡航,1287.7976096092127,1307.5054715456645,中继,R002
T004,巡航,1307.5054715456645,1327.2133334821165,中继,R002
T004,巡航,1327.2133334821165,1346.9211954185682,中继,R002
T004,巡航,1346.9211954185682,1366.62905735502,中继,R002
T004,巡航,1366.62905735502,1386.336919291472,中继,R002
T004,巡航,1386.336919291472,1406.0447812279237,中继,R002
T004,巡航,1406.0447812279237,1425.7526431643755,中继,R002
T004,巡航,1425.7526431643755,1445.4605051008275,中继,R002
T004,巡航,1445.4605051008275,1465.1683670372793,中继,R002
T004,巡航,1465.1683670372793,1484.876228973731,中继,R002
T004,巡航,1484.876228973731,1504.584090910183,中继,R002
T004,巡航,1504.584090910183,1524.2919528466348,中继,R002
T004,巡航,1524.2919528466348,1543.9998147830865,直连,
T004,巡航,1543.9998147830865,1563.7076767195385,直连,
T004,巡航,1563.7076767195385,1583.4155386559903,直连,
T004,巡航,1583.4155386559903,1603.123400592442,直连,
T004,巡航,1603.123400592442,1622.8312625288938,直连,
T004,巡航,1622.8312625288938,1642.5391244653458,直连,
T004,巡航,1642.5391244653458,1662.2469864017976,直连,
T004,巡航,1662.2469864017976,1681.9548483382496,直连,
T004,巡航,1681.9548483382496,1701.6627102747013,直连,
T004,巡航,1701.6627102747013,1721.370572211153,直连,
T004,巡航,1721.370572211153,1741.078434147605,直连,
T004,巡航,1741.078434147605,1760.7862960840569,直连,
T004,巡航,1760.7862960840569,1780.4941580205086,直连,
T004,下降,1780.4941580205086,1799.5342243453783,直连,
T004,下降,1799.5342243453783,1818.5742906702483,直连,
T004,下降,1818.5742906702483,1837.6143569951182,直连,
T004,下降,1837.6143569951182,1856.654423319988,直连,
T004,下降,1856.654423319988,1875.6944896448576,直连,
T004,下降,1875.6944896448576,1894.7345559697276,直连,
T005,爬升,412.0,428.5528912353516,直连,
T005,爬升,428.5528912353516,445.1057824707032,直连,
T005,爬升,445.1057824707032,461.65867370605486,直连,
T005,爬升,461.65867370605486,478.21156494140644,直连,
T005,巡航,478.21156494140644,497.2287276733136,直连,
T005,巡航,497.2287276733136,516.2458904052207,直连,
T005,巡航,516.2458904052207,535.2630531371278,直连,
T005,巡航,535.2630531371278,554.2802158690349,直连,
T005,巡航,554.2802158690349,573.2973786009421,直连,
T005,巡航,573.2973786009421,592.3145413328492,直连,
T005,巡航,592.3145413328492,611.3317040647564,直连,
T005,巡航,611.3317040647564,630.3488667966635,直连,
T005,巡航,630.3488667966635,649.3660295285706,直连,
T005,巡航,649.3660295285706,668.3831922604777,直连,
T005,巡航,668.3831922604777,687.4003549923849,直连,
T005,巡航,687.4003549923849,706.417517724292,直连,
T005,巡航,706.417517724292,725.4346804561992,直连,
T005,巡航,725.4346804561992,744.4518431881063,中继,R001
T005,巡航,744.4518431881063,763.4690059200134,中继,R001
T005,巡航,763.4690059200134,782.4861686519205,中继,R001
T005,巡航,782.4861686519205,801.5033313838277,中继,R001
T005,巡航,801.5033313838277,820.5204941157349,中继,R001
T005,巡航,820.5204941157349,839.537656847642,中继,R002
T005,巡航,839.537656847642,858.5548195795491,中继,R002
T005,下降,858.5548195795491,874.362047667928,中继,R002
T005,下降,874.362047667928,890.1692757563069,中继,R002
T005,投送,890.1692757563069,909.5538911409222,中继,R002
T005,投送,909.5538911409222,928.9385065255376,中继,R002
T005,投送,928.9385065255376,948.3231219101531,中继,R002
T005,投送,948.3231219101531,967.7077372947684,中继,R002
T005,投送,967.7077372947684,987.0923526793838,中继,R002
T005,投送,987.0923526793838,1006.4769680639992,中继,R002
T005,投送,1006.4769680639992,1025.8615834486145,中继,R002
T005,投送,1025.8615834486145,1045.24619883323,中继,R002
T005,投送,1045.24619883323,1064.6308142178455,中继,R002
T005,投送,1064.6308142178455,1084.0154296024607,中继,R002
T005,投送,1084.0154296024607,1103.4000449870762,中继,R002
T005,投送,1103.4000449870762,1122.7846603716914,中继,R002
T005,投送,1122.7846603716914,1142.169275756307,中继,R002
T005,爬升,1142.169275756307,1154.81505822701,中继,R002
T005,爬升,1154.81505822701,1167.4608406977131,中继,R002
T005,巡航,1167.4608406977131,1186.4780034296202,中继,R002
T005,巡航,1186.4780034296202,1205.4951661615273,中继,R002
T005,巡航,1205.4951661615273,1224.5123288934346,中继,R002
T005,巡航,1224.5123288934346,1243.5294916253417,中继,R002
T005,巡航,1243.5294916253417,1262.5466543572488,中继,R002
T005,巡航,1262.5466543572488,1281.563817089156,中继,R001
T005,巡航,1281.563817089156,1300.580979821063,中继,R001
T005,巡航,1300.580979821063,1319.5981425529703,直连,
T005,巡航,1319.5981425529703,1338.6153052848774,直连,
T005,巡航,1338.6153052848774,1357.6324680167845,直连,
T005,巡航,1357.6324680167845,1376.6496307486916,直连,
T005,巡航,1376.6496307486916,1395.6667934805987,直连,
T005,巡航,1395.6667934805987,1414.683956212506,直连,
T005,巡航,1414.683956212506,1433.701118944413,直连,
T005,巡航,1433.701118944413,1452.7182816763202,直连,
T005,巡航,1452.7182816763202,1471.7354444082273,直连,
T005,巡航,1471.7354444082273,1490.7526071401344,直连,
T005,巡航,1490.7526071401344,1509.7697698720417,直连,
T005,巡航,1509.7697698720417,1528.7869326039488,直连,
T005,巡航,1528.7869326039488,1547.804095335856,直连,
T005,下降,1547.804095335856,1564.3569865712075,直连,
T005,下降,1564.3569865712075,1580.909877806559,直连,
T005,下降,1580.909877806559,1597.4627690419106,直连,
T005,下降,1597.4627690419106,1614.0156602772622,直连,
T005,下降,1614.0156602772622,1630.5685515126138,直连,
T006,爬升,387.0,405.3921013726129,直连,
T006,爬升,405.3921013726129,423.78420274522574,直连,
T006,爬升,423.78420274522574,442.17630411783864,直连,
T006,巡航,442.17630411783864,461.1934668497458,直连,
T006,巡航,461.1934668497458,480.2106295816529,直连,
T006,巡航,480.2106295816529,499.22779231356003,直连,
T006,巡航,499.22779231356003,518.2449550454671,直连,
T006,巡航,518.2449550454671,537.2621177773743,直连,
T006,巡航,537.2621177773743,556.2792805092814,直连,
T006,巡航,556.2792805092814,575.2964432411886,直连,
T006,巡航,575.2964432411886,594.3136059730957,直连,
T006,巡航,594.3136059730957,613.3307687050028,直连,
T006,巡航,613.3307687050028,632.3479314369099,直连,
T006,巡航,632.3479314369099,651.3650941688171,直连,
T006,巡航,651.3650941688171,670.3822569007242,直连,
T006,巡航,670.3822569007242,689.3994196326314,直连,
T006,巡航,689.3994196326314,708.4165823645385,中继,R001
T006,巡航,708.4165823645385,727.4337450964456,中继,R001
T006,巡航,727.4337450964456,746.4509078283527,中继,R001
T006,巡航,746.4509078283527,765.4680705602599,中继,R001
T006,巡航,765.4680705602599,784.4852332921671,中继,R001
T006,巡航,784.4852332921671,803.5023960240742,中继,R001
T006,巡航,803.5023960240742,822.5195587559813,中继,R001
T006,下降,822.5195587559813,835.1653412266844,中继,R001
T006,下降,835.1653412266844,847.8111236973876,中继,R001
T006,投送,847.8111236973876,867.8111236973876,中继,R001
T006,投送,867.8111236973876,887.8111236973876,中继,R001
T006,投送,887.8111236973876,907.8111236973876,中继,R001
T006,投送,907.8111236973876,927.8111236973876,中继,R001
T006,投送,927.8111236973876,947.8111236973876,中继,R001
T006,投送,947.8111236973876,967.8111236973876,中继,R001
T006,投送,967.8111236973876,987.8111236973876,中继,R001
T006,投送,987.8111236973876,1007.8111236973876,中继,R001
T006,投送,1007.8111236973876,1027.8111236973878,中继,R001
T006,爬升,1027.8111236973875,1038.3492757563067,中继,R001
T006,爬升,1038.3492757563067,1048.8874278152261,中继,R001
T006,巡航,1048.8874278152261,1067.904590547133,中继,R001
T006,巡航,1067.904590547133,1086.9217532790403,中继,R001
T006,巡航,1086.9217532790403,1105.9389160109474,中继,R001
T006,巡航,1105.9389160109474,1124.9560787428545,中继,R001
T006,巡航,1124.9560787428545,1143.9732414747616,中继,R001
T006,巡航,1143.9732414747616,1162.9904042066687,中继,R001
T006,巡航,1162.9904042066687,1182.007566938576,中继,R001
T006,巡航,1182.007566938576,1201.024729670483,直连,
T006,巡航,1201.024729670483,1220.0418924023902,直连,
T006,巡航,1220.0418924023902,1239.0590551342973,直连,
T006,巡航,1239.0590551342973,1258.0762178662044,直连,
T006,巡航,1258.0762178662044,1277.0933805981117,直连,
T006,巡航,1277.0933805981117,1296.1105433300188,直连,
T006,巡航,1296.1105433300188,1315.127706061926,直连,
T006,巡航,1315.127706061926,1334.144868793833,直连,
T006,巡航,1334.144868793833,1353.16203152574,直连,
T006,巡航,1353.16203152574,1372.1791942576474,直连,
T006,巡航,1372.1791942576474,1391.1963569895545,直连,
T006,巡航,1391.1963569895545,1410.2135197214616,直连,
T006,巡航,1410.2135197214616,1429.2306824533687,直连,
T006,下降,1429.2306824533687,1445.7835736887203,直连,
T006,下降,1445.7835736887203,1462.336464924072,直连,
T006,下降,1462.336464924072,1478.8893561594236,直连,
T006,下降,1478.8893561594236,1495.4422473947752,直连,
T007,爬升,1856.0,1875.8664866129557,直连,
T007,爬升,1875.8664866129557,1895.7329732259116,直连,
T007,爬升,1895.7329732259116,1915.5994598388672,直连,
T007,爬升,1915.5994598388672,1935.4659464518231,直连,
T007,巡航,1935.4659464518231,1954.7765562291195,直连,
T007,巡航,1954.7765562291195,1974.087166006416,直连,
T007,巡航,1974.087166006416,1993.3977757837124,直连,
T007,巡航,1993.3977757837124,2012.708385561009,直连,
T007,巡航,2012.708385561009,2032.0189953383056,直连,
T007,巡航,2032.0189953383056,2051.329605115602,直连,
T007,巡航,2051.329605115602,2070.6402148928983,直连,
T007,巡航,2070.6402148928983,2089.950824670195,直连,
T007,巡航,2089.950824670195,2109.2614344474914,直连,
T007,巡航,2109.2614344474914,2128.572044224788,直连,
T007,巡航,2128.572044224788,2147.8826540020846,直连,
T007,下降,2147.8826540020846,2158.142221873178,直连,
T007,下降,2158.142221873178,2168.401789744272,直连,
T007,投送,2168.401789744272,2187.492698835181,直连,
T007,投送,2187.492698835181,2206.58360792609,直连,
T007,投送,2206.58360792609,2225.674517016999,直连,
T007,投送,2225.674517016999,2244.7654261079083,直连,
T007,投送,2244.7654261079083,2263.8563351988173,直连,
T007,投送,2263.8563351988173,2282.9472442897263,直连,
T007,投送,2282.9472442897263,2302.0381533806353,直连,
T007,投送,2302.0381533806353,2321.129062471545,直连,
T007,投送,2321.129062471545,2340.219971562454,直连,
T007,投送,2340.219971562454,2359.310880653363,直连,
T007,投送,2359.310880653363,2378.401789744272,直连,
T007,爬升,2378.401789744272,2395.501069529428,直连,
T007,巡航,2395.501069529428,2414.8116793067247,直连,
T007,巡航,2414.8116793067247,2434.122289084021,直连,
T007,巡航,2434.122289084021,2453.4328988613174,直连,
T007,巡航,2453.4328988613174,2472.743508638614,直连,
T007,巡航,2472.743508638614,2492.0541184159106,直连,
T007,巡航,2492.0541184159106,2511.364728193207,直连,
T007,巡航,2511.364728193207,2530.6753379705033,直连,
T007,巡航,2530.6753379705033,2549.9859477478,直连,
T007,巡航,2549.9859477478,2569.2965575250964,直连,
T007,巡航,2569.2965575250964,2588.607167302393,直连,
T007,巡航,2588.607167302393,2607.9177770796896,直连,
T007,下降,2607.9177770796896,2626.989604228127,直连,
T007,下降,2626.989604228127,2646.0614313765645,直连,
T007,下降,2646.0614313765645,2665.133258525002,直连,
T007,下降,2665.133258525002,2684.2050856734395,直连,
T007,下降,2684.2050856734395,2703.276912821877,直连,
T008,爬升,2373.0,2392.3436411539715,直连,
T008,爬升,2392.3436411539715,2411.687282307943,直连,
T008,爬升,2411.687282307943,2431.0309234619144,直连,
T008,爬升,2431.0309234619144,2450.3745646158854,直连,
T008,爬升,2450.3745646158854,2469.718205769857,直连,
T008,爬升,2469.718205769857,2489.0618469238284,直连,
T008,爬升,2489.0618469238284,2508.4054880778,直连,
T008,爬升,2508.4054880778,2527.749129231771,直连,
T008,巡航,2527.749129231771,2547.385253126678,直连,
T008,巡航,2547.385253126678,2567.0213770215846,直连,
T008,巡航,2567.0213770215846,2586.6575009164912,直连,
T008,巡航,2586.6575009164912,2606.2936248113983,直连,
T008,巡航,2606.2936248113983,2625.929748706305,直连,
T008,巡航,2625.929748706305,2645.5658726012116,直连,
T008,巡航,2645.5658726012116,2665.201996496118,直连,
T008,巡航,2665.201996496118,2684.838120391025,直连,
T008,巡航,2684.838120391025,2704.474244285932,直连,
T008,巡航,2704.474244285932,2724.1103681808386,直连,
T008,巡航,2724.1103681808386,2743.746492075745,直连,
T008,巡航,2743.746492075745,2763.3826159706523,直连,
T008,巡航,2763.3826159706523,2783.018739865559,直连,
T008,巡航,2783.018739865559,2802.6548637604656,直连,
T008,巡航,2802.6548637604656,2822.290987655372,直连,
T008,巡航,2822.290987655372,2841.927111550279,直连,
T008,巡航,2841.927111550279,2861.5632354451855,中继,R003
T008,巡航,2861.5632354451855,2881.1993593400925,中继,R003
T008,巡航,2881.1993593400925,2900.835483234999,中继,R003
T008,巡航,2900.835483234999,2920.4716071299063,中继,R003
T008,巡航,2920.4716071299063,2940.107731024813,中继,R003
T008,巡航,2940.107731024813,2959.7438549197195,中继,R003
T008,巡航,2959.7438549197195,2979.379978814626,中继,R003
T008,下降,2979.379978814626,2998.6557698302513,中继,R003
T008,下降,2998.6557698302513,3017.931560845876,中继,R003
T008,下降,3017.931560845876,3037.207351861501,中继,R003
T008,下降,3037.207351861501,3056.483142877126,中继,R003
T008,下降,3056.483142877126,3075.758933892751,中继,R003
T008,投送,3075.758933892751,3095.758933892751,中继,R003
T008,投送,3095.758933892751,3115.758933892751,中继,R003
T008,投送,3115.758933892751,3135.758933892751,中继,R003
T008,投送,3135.758933892751,3155.758933892751,中继,R003
T008,投送,3155.758933892751,3175.758933892751,中继,R003
T008,投送,3175.758933892751,3195.758933892751,中继,R003
T008,投送,3195.758933892751,3215.758933892751,中继,R003
T008,投送,3215.758933892751,3235.758933892751,中继,R003
T008,投送,3235.758933892751,3255.758933892751,中继,R003
T008,爬升,3255.758933892751,3271.8220930724383,中继,R003
T008,爬升,3271.8220930724383,3287.8852522521256,中继,R003
T008,爬升,3287.8852522521256,3303.9484114318134,中继,R003
T008,爬升,3303.9484114318134,3320.0115706115007,中继,R003
T008,爬升,3320.0115706115007,3336.0747297911885,中继,R003
T008,巡航,3336.0747297911885,3355.710853686095,中继,R003
T008,巡航,3355.710853686095,3375.3469775810017,中继,R003
T008,巡航,3375.3469775810017,3394.9831014759084,中继,R003
T008,巡航,3394.9831014759084,3414.619225370815,中继,R003
T008,巡航,3414.619225370815,3434.2553492657216,中继,R003
T008,巡航,3434.2553492657216,3453.8914731606287,中继,R003
T008,巡航,3453.8914731606287,3473.5275970555354,中继,R003
T008,巡航,3473.5275970555354,3493.1637209504424,直连,
T008,巡航,3493.1637209504424,3512.799844845349,直连,
T008,巡航,3512.799844845349,3532.4359687402557,直连,
T008,巡航,3532.4359687402557,3552.0720926351623,直连,
T008,巡航,3552.0720926351623,3571.708216530069,直连,
T008,巡航,3571.708216530069,3591.3443404249756,直连,
T008,巡航,3591.3443404249756,3610.9804643198827,直连,
T008,巡航,3610.9804643198827,3630.6165882147893,直连,
T008,巡航,3630.6165882147893,3650.2527121096964,直连,
T008,巡航,3650.2527121096964,3669.888836004603,直连,
T008,巡航,3669.888836004603,3689.5249598995097,直连,
T008,巡航,3689.5249598995097,3709.1610837944163,直连,
T008,巡航,3709.1610837944163,3728.797207689323,直连,
T008,巡航,3728.797207689323,3748.4333315842296,直连,
T008,巡航,3748.4333315842296,3768.0694554791366,直连,
T008,巡航,3768.0694554791366,3787.7055793740433,直连,
T008,下降,3787.7055793740433,3806.275474881856,直连,
T008,下降,3806.275474881856,3824.8453703896685,直连,
T008,下降,3824.8453703896685,3843.415265897481,直连,
T008,下降,3843.415265897481,3861.985161405293,直连,
T008,下降,3861.985161405293,3880.555056913106,直连,
T008,下降,3880.555056913106,3899.1249524209184,直连,
T008,下降,3899.1249524209184,3917.694847928731,直连,
T008,下降,3917.694847928731,3936.2647434365435,直连,
T008,下降,3936.2647434365435,3954.834638944356,直连,
T008,下降,3954.834638944356,3973.4045344521683,直连,
T009,爬升,2409.0,2427.5698955078124,直连,
T009,爬升,2427.5698955078124,2446.139791015625,直连,
T009,爬升,2446.139791015625,2464.7096865234375,直连,
T009,爬升,2464.7096865234375,2483.27958203125,直连,
T009,爬升,2483.27958203125,2501.8494775390627,直连,
T009,爬升,2501.8494775390627,2520.419373046875,直连,
T009,爬升,2520.419373046875,2538.9892685546874,直连,
T009,爬升,2538.9892685546874,2557.5591640625003,直连,
T009,爬升,2557.5591640625003,2576.1290595703126,直连,
T009,爬升,2576.1290595703126,2594.6989550781254,直连,
T009,巡航,2594.6989550781254,2613.714990850035,直连,
T009,巡航,2613.714990850035,2632.7310266219447,直连,
T009,巡航,2632.7310266219447,2651.7470623938543,直连,
T009,巡航,2651.7470623938543,2670.763098165764,直连,
T009,巡航,2670.763098165764,2689.7791339376736,直连,
T009,巡航,2689.7791339376736,2708.795169709583,直连,
T009,巡航,2708.795169709583,2727.811205481493,直连,
T009,巡航,2727.811205481493,2746.8272412534025,直连,
T009,巡航,2746.8272412534025,2765.8432770253125,直连,
T009,巡航,2765.8432770253125,2784.859312797222,直连,
T009,巡航,2784.859312797222,2803.875348569132,直连,
T009,巡航,2803.875348569132,2822.8913843410414,直连,
T009,巡航,2822.8913843410414,2841.907420112951,直连,
T009,巡航,2841.907420112951,2860.923455884861,中继,R003
T009,巡航,2860.923455884861,2879.9394916567708,中继,R003
T009,巡航,2879.9394916567708,2898.9555274286804,中继,R003
T009,巡航,2898.9555274286804,2917.97156320059,中继,R003
T009,巡航,2917.97156320059,2936.9875989724997,中继,R003
T009,巡航,2936.9875989724997,2956.0036347444093,中继,R003
T009,下降,2956.0036347444093,2973.2141624369315,中继,R003
T009,下降,2973.2141624369315,2990.4246901294537,中继,R003
T009,下降,2990.4246901294537,3007.6352178219763,中继,R003
T009,下降,3007.6352178219763,3024.8457455144985,中继,R003
T009,下降,3024.8457455144985,3042.0562732070207,中继,R003
T009,下降,3042.0562732070207,3059.266800899543,中继,R003
T009,下降,3059.266800899543,3076.4773285920655,中继,R003
T009,投送,3076.4773285920655,3095.861943976681,中继,R003
T009,投送,3095.861943976681,3115.246559361296,中继,R003
T009,投送,3115.246559361296,3134.6311747459113,中继,R003
T009,投送,3134.6311747459113,3154.0157901305265,中继,R003
T009,投送,3154.0157901305265,3173.400405515142,中继,R003
T009,投送,3173.400405515142,3192.785020899758,中继,R003
T009,投送,3192.785020899758,3212.169636284373,中继,R003
T009,投送,3212.169636284373,3231.5542516689884,中继,R003
T009,投送,3231.5542516689884,3250.9388670536036,中继,R003
T009,投送,3250.9388670536036,3270.323482438219,中继,R003
T009,投送,3270.323482438219,3289.7080978228346,中继,R003
T009,投送,3289.7080978228346,3309.09271320745,中继,R003
T009,投送,3309.09271320745,3328.4773285920655,中继,R003
T009,爬升,3328.4773285920655,3347.75311960769,中继,R003
T009,爬升,3347.75311960769,3367.028910623315,中继,R003
T009,爬升,3367.028910623315,3386.30470163894,中继,R003
T009,爬升,3386.30470163894,3405.580492654565,中继,R003
T009,爬升,3405.580492654565,3424.8562836701904,中继,R003
T009,巡航,3424.8562836701904,3443.8723194421,中继,R003
T009,巡航,3443.8723194421,3462.8883552140096,中继,R003
T009,巡航,3462.8883552140096,3481.9043909859192,中继,R003
T009,巡航,3481.9043909859192,3500.920426757829,中继,R003
T009,巡航,3500.920426757829,3519.9364625297385,中继,R003
T009,巡航,3519.9364625297385,3538.952498301648,中继,R003
T009,巡航,3538.952498301648,3557.9685340735577,直连,
T009,巡航,3557.9685340735577,3576.9845698454674,直连,
T009,巡航,3576.9845698454674,3596.000605617377,直连,
T009,巡航,3596.000605617377,3615.016641389287,直连,
T009,巡航,3615.016641389287,3634.0326771611967,直连,
T009,巡航,3634.0326771611967,3653.0487129331063,直连,
T009,巡航,3653.0487129331063,3672.064748705016,直连,
T009,巡航,3672.064748705016,3691.080784476926,直连,
T009,巡航,3691.080784476926,3710.0968202488357,直连,
T009,巡航,3710.0968202488357,3729.1128560207453,直连,
T009,巡航,3729.1128560207453,3748.128891792655,直连,
T009,巡航,3748.128891792655,3767.1449275645646,直连,
T009,巡航,3767.1449275645646,3786.160963336474,直连,
T009,下降,3786.160963336474,3805.5046044904457,直连,
T009,下降,3805.5046044904457,3824.848245644417,直连,
T009,下降,3824.848245644417,3844.191886798388,直连,
T009,下降,3844.191886798388,3863.5355279523596,直连,
T009,下降,3863.5355279523596,3882.879169106331,直连,
T009,下降,3882.879169106331,3902.222810260302,直连,
T009,下降,3902.222810260302,3921.5664514142736,直连,
T009,下降,3921.5664514142736,3940.910092568245,直连,
T009,下降,3940.910092568245,3960.2537337222166,直连,
T009,下降,3960.2537337222166,3979.597374876188,直连,
T009,下降,3979.597374876188,3998.941016030159,直连,
T009,下降,3998.941016030159,4018.2846571841305,直连,
T010,爬升,2420.0,2437.107585313585,直连,
T010,爬升,2437.107585313585,2454.21517062717,直连,
T010,爬升,2454.21517062717,2471.322755940755,直连,
T010,爬升,2471.322755940755,2488.4303412543404,直连,
T010,爬升,2488.4303412543404,2505.5379265679253,直连,
T010,爬升,2505.5379265679253,2522.64551188151,直连,
T010,巡航,2522.64551188151,2542.5808238659233,直连,
T010,巡航,2542.5808238659233,2562.5161358503365,直连,
T010,巡航,2562.5161358503365,2582.45144783475,直连,
T010,巡航,2582.45144783475,2602.3867598191628,直连,
T010,巡航,2602.3867598191628,2622.3220718035764,直连,
T010,巡航,2622.3220718035764,2642.257383787989,直连,
T010,巡航,2642.257383787989,2662.1926957724027,直连,
T010,巡航,2662.1926957724027,2682.128007756816,直连,
T010,巡航,2682.128007756816,2702.063319741229,直连,
T010,巡航,2702.063319741229,2721.998631725642,直连,
T010,巡航,2721.998631725642,2741.9339437100552,直连,
T010,巡航,2741.9339437100552,2761.8692556944684,直连,
T010,巡航,2761.8692556944684,2781.8045676788815,直连,
T010,巡航,2781.8045676788815,2801.7398796632947,直连,
T010,巡航,2801.7398796632947,2821.675191647708,直连,
T010,巡航,2821.675191647708,2841.610503632121,直连,
T010,巡航,2841.610503632121,2861.545815616534,中继,R003
T010,巡航,2861.545815616534,2881.4811276009473,中继,R003
T010,巡航,2881.4811276009473,2901.4164395853604,中继,R003
T010,巡航,2901.4164395853604,2921.3517515697736,中继,R003
T010,下降,2921.3517515697736,2938.15905869868,中继,R003
T010,下降,2938.15905869868,2954.9663658275863,中继,R003
T010,投送,2954.9663658275863,2974.0572749184953,中继,R003
T010,投送,2974.0572749184953,2993.1481840094043,中继,R003
T010,投送,2993.1481840094043,3012.2390931003133,中继,R003
T010,投送,3012.2390931003133,3031.330002191223,中继,R003
T010,投送,3031.330002191223,3050.420911282132,中继,R003
T010,投送,3050.420911282132,3069.511820373041,中继,R003
T010,投送,3069.511820373041,3088.60272946395,中继,R003
T010,投送,3088.60272946395,3107.693638554859,中继,R003
T010,投送,3107.693638554859,3126.784547645768,中继,R003
T010,投送,3126.784547645768,3145.8754567366773,中继,R003
T010,投送,3145.8754567366773,3164.9663658275863,中继,R003
T010,爬升,3164.9663658275863,3178.9724551016748,中继,R003
T010,爬升,3178.9724551016748,3192.9785443757632,中继,R003
T010,巡航,3192.9785443757632,3212.9138563601764,中继,R003
T010,巡航,3212.9138563601764,3232.8491683445895,中继,R003
T010,巡航,3232.8491683445895,3252.7844803290027,中继,R003
T010,巡航,3252.7844803290027,3272.719792313416,中继,R003
T010,巡航,3272.719792313416,3292.655104297829,直连,
T010,巡航,3292.655104297829,3312.5904162822426,直连,
T010,巡航,3312.5904162822426,3332.5257282666553,直连,
T010,巡航,3332.5257282666553,3352.461040251069,直连,
T010,巡航,3352.461040251069,3372.3963522354816,直连,
T010,巡航,3372.3963522354816,3392.331664219895,直连,
T010,巡航,3392.331664219895,3412.266976204308,直连,
T010,巡航,3412.266976204308,3432.2022881887215,直连,
T010,巡航,3432.2022881887215,3452.137600173134,直连,
T010,巡航,3452.137600173134,3472.0729121575478,直连,
T010,巡航,3472.0729121575478,3492.008224141961,直连,
T010,巡航,3492.008224141961,3511.943536126374,直连,
T010,巡航,3511.943536126374,3531.878848110787,直连,
T010,巡航,3531.878848110787,3551.8141600952004,直连,
T010,巡航,3551.8141600952004,3571.7494720796135,直连,
T010,巡航,3571.7494720796135,3591.6847840640266,直连,
T010,下降,3591.6847840640266,3609.281157529428,直连,
T010,下降,3609.281157529428,3626.8775309948305,直连,
T010,下降,3626.8775309948305,3644.473904460232,直连,
T010,下降,3644.473904460232,3662.0702779256335,直连,
T010,下降,3662.0702779256335,3679.6666513910354,直连,
T010,下降,3679.6666513910354,3697.2630248564374,直连,
T010,下降,3697.2630248564374,3714.859398321839,直连,
T011,爬升,2420.0,2437.107585313585,直连,
T011,爬升,2437.107585313585,2454.21517062717,直连,
T011,爬升,2454.21517062717,2471.322755940755,直连,
T011,爬升,2471.322755940755,2488.4303412543404,直连,
T011,爬升,2488.4303412543404,2505.5379265679253,直连,
T011,爬升,2505.5379265679253,2522.64551188151,直连,
T011,巡航,2522.64551188151,2542.5808238659233,直连,
T011,巡航,2542.5808238659233,2562.5161358503365,直连,
T011,巡航,2562.5161358503365,2582.45144783475,直连,
T011,巡航,2582.45144783475,2602.3867598191628,直连,
T011,巡航,2602.3867598191628,2622.3220718035764,直连,
T011,巡航,2622.3220718035764,2642.257383787989,直连,
T011,巡航,2642.257383787989,2662.1926957724027,直连,
T011,巡航,2662.1926957724027,2682.128007756816,直连,
T011,巡航,2682.128007756816,2702.063319741229,直连,
T011,巡航,2702.063319741229,2721.998631725642,直连,
T011,巡航,2721.998631725642,2741.9339437100552,直连,
T011,巡航,2741.9339437100552,2761.8692556944684,直连,
T011,巡航,2761.8692556944684,2781.8045676788815,直连,
T011,巡航,2781.8045676788815,2801.7398796632947,直连,
T011,巡航,2801.7398796632947,2821.675191647708,直连,
T011,巡航,2821.675191647708,2841.610503632121,直连,
T011,巡航,2841.610503632121,2861.545815616534,中继,R003
T011,巡航,2861.545815616534,2881.4811276009473,中继,R003
T011,巡航,2881.4811276009473,2901.4164395853604,中继,R003
T011,巡航,2901.4164395853604,2921.3517515697736,中继,R003
T011,下降,2921.3517515697736,2938.15905869868,中继,R003
T011,下降,2938.15905869868,2954.9663658275863,中继,R003
T011,投送,2954.9663658275863,2972.9663658275863,中继,R003
T011,投送,2972.9663658275863,2990.9663658275863,中继,R003
T011,投送,2990.9663658275863,3008.9663658275863,中继,R003
T011,投送,3008.9663658275863,3026.9663658275863,中继,R003
T011,投送,3026.9663658275863,3044.9663658275863,中继,R003
T011,投送,3044.9663658275863,3062.9663658275863,中继,R003
T011,投送,3062.9663658275863,3080.9663658275863,中继,R003
T011,投送,3080.9663658275863,3098.9663658275863,中继,R003
T011,投送,3098.9663658275863,3116.9663658275863,中继,R003
T011,投送,3116.9663658275863,3134.9663658275863,中继,R003
T011,爬升,3134.9663658275863,3148.9724551016748,中继,R003
T011,爬升,3148.9724551016748,3162.9785443757632,中继,R003
T011,巡航,3162.9785443757632,3182.9138563601764,中继,R003
T011,巡航,3182.9138563601764,3202.8491683445895,中继,R003
T011,巡航,3202.8491683445895,3222.7844803290027,中继,R003
T011,巡航,3222.7844803290027,3242.719792313416,中继,R003
T011,巡航,3242.719792313416,3262.655104297829,直连,
T011,巡航,3262.655104297829,3282.5904162822426,直连,
T011,巡航,3282.5904162822426,3302.5257282666553,直连,
T011,巡航,3302.5257282666553,3322.461040251069,直连,
T011,巡航,3322.461040251069,3342.3963522354816,直连,
T011,巡航,3342.3963522354816,3362.331664219895,直连,
T011,巡航,3362.331664219895,3382.266976204308,直连,
T011,巡航,3382.266976204308,3402.2022881887215,直连,
T011,巡航,3402.2022881887215,3422.137600173134,直连,
T011,巡航,3422.137600173134,3442.0729121575478,直连,
T011,巡航,3442.0729121575478,3462.008224141961,直连,
T011,巡航,3462.008224141961,3481.943536126374,直连,
T011,巡航,3481.943536126374,3501.878848110787,直连,
T011,巡航,3501.878848110787,3521.8141600952004,直连,
T011,巡航,3521.8141600952004,3541.7494720796135,直连,
T011,巡航,3541.7494720796135,3561.6847840640266,直连,
T011,下降,3561.6847840640266,3579.281157529428,直连,
T011,下降,3579.281157529428,3596.8775309948305,直连,
T011,下降,3596.8775309948305,3614.473904460232,直连,
T011,下降,3614.473904460232,3632.0702779256335,直连,
T011,下降,3632.0702779256335,3649.6666513910354,直连,
T011,下降,3649.6666513910354,3667.2630248564374,直连,
T011,下降,3667.2630248564374,3684.859398321839,直连,
T012,爬升,2486.0,2504.098788248698,直连,
T012,爬升,2504.098788248698,2522.197576497396,直连,
T012,爬升,2522.197576497396,2540.296364746094,直连,
T012,爬升,2540.296364746094,2558.3951529947917,直连,
T012,爬升,2558.3951529947917,2576.4939412434896,直连,
T012,爬升,2576.4939412434896,2594.5927294921876,直连,
T012,巡航,2594.5927294921876,2613.6093061241936,直连,
T012,巡航,2613.6093061241936,2632.625882756199,直连,
T012,巡航,2632.625882756199,2651.642459388205,直连,
T012,巡航,2651.642459388205,2670.659036020211,直连,
T012,巡航,2670.659036020211,2689.675612652217,直连,
T012,巡航,2689.675612652217,2708.692189284223,直连,
T012,巡航,2708.692189284223,2727.7087659162285,直连,
T012,巡航,2727.7087659162285,2746.725342548234,直连,
T012,巡航,2746.725342548234,2765.74191918024,直连,
T012,巡航,2765.74191918024,2784.758495812246,直连,
T012,巡航,2784.758495812246,2803.7750724442517,直连,
T012,巡航,2803.7750724442517,2822.7916490762577,直连,
T012,巡航,2822.7916490762577,2841.8082257082633,直连,
T012,巡航,2841.8082257082633,2860.8248023402693,中继,R003
T012,巡航,2860.8248023402693,2879.8413789722754,中继,R003
T012,巡航,2879.8413789722754,2898.857955604281,中继,R003
T012,巡航,2898.857955604281,2917.874532236287,中继,R003
T012,下降,2917.874532236287,2929.744988168904,中继,R003
T012,下降,2929.744988168904,2941.6154441015215,中继,R003
T012,投送,2941.6154441015215,2961.0000594861367,中继,R003
T012,投送,2961.0000594861367,2980.384674870752,中继,R003
T012,投送,2980.384674870752,2999.769290255367,中继,R003
T012,投送,2999.769290255367,3019.153905639983,中继,R003
T012,投送,3019.153905639983,3038.538521024598,中继,R003
T012,投送,3038.538521024598,3057.9231364092134,中继,R003
T012,投送,3057.9231364092134,3077.307751793829,中继,R003
T012,投送,3077.307751793829,3096.6923671784443,中继,R003
T012,投送,3096.6923671784443,3116.0769825630596,中继,R003
T012,投送,3116.0769825630596,3135.461597947675,中继,R003
T012,投送,3135.461597947675,3154.8462133322905,中继,R003
T012,投送,3154.8462133322905,3174.2308287169058,中继,R003
T012,投送,3174.2308287169058,3193.6154441015215,中继,R003
T012,爬升,3193.6154441015215,3212.6081735937087,中继,R003
T012,巡航,3212.6081735937087,3231.6247502257147,中继,R003
T012,巡航,3231.6247502257147,3250.6413268577203,中继,R003
T012,巡航,3250.6413268577203,3269.6579034897263,中继,R003
T012,巡航,3269.6579034897263,3288.674480121732,中继,R003
T012,巡航,3288.674480121732,3307.691056753738,直连,
T012,巡航,3307.691056753738,3326.707633385744,直连,
T012,巡航,3326.707633385744,3345.7242100177496,直连,
T012,巡航,3345.7242100177496,3364.740786649755,直连,
T012,巡航,3364.740786649755,3383.757363281761,直连,
T012,巡航,3383.757363281761,3402.773939913767,直连,
T012,巡航,3402.773939913767,3421.7905165457732,直连,
T012,巡航,3421.7905165457732,3440.807093177779,直连,
T012,巡航,3440.807093177779,3459.8236698097844,直连,
T012,巡航,3459.8236698097844,3478.8402464417904,直连,
T012,巡航,3478.8402464417904,3497.8568230737965,直连,
T012,巡航,3497.8568230737965,3516.8733997058025,直连,
T012,巡航,3516.8733997058025,3535.889976337808,直连,
T012,下降,3535.889976337808,3555.281535175699,直连,
T012,下降,3555.281535175699,3574.6730940135894,直连,
T012,下降,3574.6730940135894,3594.06465285148,直连,
T012,下降,3594.06465285148,3613.4562116893703,直连,
T012,下降,3613.4562116893703,3632.847770527261,直连,
T012,下降,3632.847770527261,3652.239329365152,直连,
T012,下降,3652.239329365152,3671.6308882030426,直连,
T013,爬升,2739.0,2757.0876724243167,直连,
T013,爬升,2757.0876724243167,2775.175344848633,直连,
T013,爬升,2775.175344848633,2793.2630172729496,直连,
T013,爬升,2793.2630172729496,2811.350689697266,直连,
T013,爬升,2811.350689697266,2829.438362121582,直连,
T013,爬升,2829.438362121582,2847.5260345458987,直连,
T013,爬升,2847.5260345458987,2865.613706970215,直连,
T013,爬升,2865.613706970215,2883.7013793945316,直连,
T013,巡航,2883.7013793945316,2903.2264539027333,直连,
T013,巡航,2903.2264539027333,2922.751528410935,直连,
T013,巡航,2922.751528410935,2942.2766029191366,直连,
T013,巡航,2942.2766029191366,2961.8016774273383,直连,
T013,巡航,2961.8016774273383,2981.3267519355404,直连,
T013,巡航,2981.3267519355404,3000.851826443742,直连,
T013,巡航,3000.851826443742,3020.3769009519438,直连,
T013,巡航,3020.3769009519438,3039.9019754601454,直连,
T013,巡航,3039.9019754601454,3059.427049968347,直连,
T013,巡航,3059.427049968347,3078.952124476549,直连,
T013,巡航,3078.952124476549,3098.4771989847504,直连,
T013,巡航,3098.4771989847504,3118.0022734929526,直连,
T013,巡航,3118.0022734929526,3137.527348001154,直连,
T013,巡航,3137.527348001154,3157.052422509356,直连,
T013,巡航,3157.052422509356,3176.5774970175576,直连,
T013,巡航,3176.5774970175576,3196.1025715257592,直连,
T013,巡航,3196.1025715257592,3215.6276460339614,中继,R004
T013,巡航,3215.6276460339614,3235.152720542163,中继,R004
T013,巡航,3235.152720542163,3254.6777950503647,中继,R004
T013,巡航,3254.6777950503647,3274.2028695585664,中继,R004
T013,巡航,3274.2028695585664,3293.727944066768,中继,R004
T013,巡航,3293.727944066768,3313.25301857497,中继,R004
T013,巡航,3313.25301857497,3332.778093083172,中继,R004
T013,巡航,3332.778093083172,3352.3031675913735,中继,R004
T013,巡航,3352.3031675913735,3371.828242099575,中继,R004
T013,巡航,3371.828242099575,3391.353316607777,中继,R004
T013,巡航,3391.353316607777,3410.878391115979,中继,R004
T013,巡航,3410.878391115979,3430.40346562418,中继,R004
T013,巡航,3430.40346562418,3449.9285401323823,中继,R004
T013,巡航,3449.9285401323823,3469.453614640584,中继,R004
T013,巡航,3469.453614640584,3488.9786891487856,中继,R004
T013,下降,3488.9786891487856,3506.8430202034733,中继,R004
T013,下降,3506.8430202034733,3524.7073512581605,中继,R004
T013,下降,3524.7073512581605,3542.571682312848,中继,R004
T013,下降,3542.571682312848,3560.4360133675355,中继,R004
T013,下降,3560.4360133675355,3578.300344422223,中继,R004
T013,投送,3578.300344422223,3597.391253513132,中继,R004
T013,投送,3597.391253513132,3616.482162604041,中继,R004
T013,投送,3616.482162604041,3635.57307169495,中继,R004
T013,投送,3635.57307169495,3654.663980785859,中继,R004
T013,投送,3654.663980785859,3673.7548898767686,中继,R004
T013,投送,3673.7548898767686,3692.8457989676776,中继,R004
T013,投送,3692.8457989676776,3711.9367080585866,中继,R004
T013,投送,3711.9367080585866,3731.027617149496,中继,R004
T013,投送,3731.027617149496,3750.118526240405,中继,R004
T013,投送,3750.118526240405,3769.209435331314,中继,R004
T013,投送,3769.209435331314,3788.300344422223,中继,R004
T013,爬升,3788.300344422223,3806.9090226041894,中继,R004
T013,爬升,3806.9090226041894,3825.5177007861557,中继,R004
T013,爬升,3825.5177007861557,3844.1263789681216,中继,R004
T013,爬升,3844.1263789681216,3862.735057150088,中继,R004
T013,巡航,3862.735057150088,3882.2601316582895,中继,R004
T013,巡航,3882.2601316582895,3901.7852061664917,中继,R004
T013,巡航,3901.7852061664917,3921.310280674693,中继,R004
T013,巡航,3921.310280674693,3940.835355182895,中继,R004
T013,巡航,3940.835355182895,3960.3604296910967,中继,R004
T013,巡航,3960.3604296910967,3979.8855041992983,中继,R004
T013,巡航,3979.8855041992983,3999.4105787075,中继,R004
T013,巡航,3999.4105787075,4018.9356532157017,中继,R004
T013,巡航,4018.9356532157017,4038.460727723904,中继,R004
T013,巡航,4038.460727723904,4057.985802232105,中继,R004
T013,巡航,4057.985802232105,4077.510876740307,中继,R004
T013,巡航,4077.510876740307,4097.035951248508,中继,R004
T013,巡航,4097.035951248508,4116.5610257567105,中继,R004
T013,巡航,4116.5610257567105,4136.086100264913,中继,R004
T013,巡航,4136.086100264913,4155.611174773114,中继,R004
T013,巡航,4155.611174773114,4175.136249281316,直连,
T013,巡航,4175.136249281316,4194.661323789518,直连,
T013,巡航,4194.661323789518,4214.186398297719,直连,
T013,巡航,4214.186398297719,4233.7114728059205,直连,
T013,巡航,4233.7114728059205,4253.236547314123,直连,
T013,巡航,4253.236547314123,4272.761621822325,直连,
T013,巡航,4272.761621822325,4292.286696330526,直连,
T013,巡航,4292.286696330526,4311.811770838728,直连,
T013,巡航,4311.811770838728,4331.33684534693,直连,
T013,巡航,4331.33684534693,4350.861919855131,直连,
T013,巡航,4350.861919855131,4370.386994363333,直连,
T013,巡航,4370.386994363333,4389.912068871535,直连,
T013,巡航,4389.912068871535,4409.437143379737,直连,
T013,巡航,4409.437143379737,4428.962217887938,直连,
T013,巡航,4428.962217887938,4448.48729239614,直连,
T013,巡航,4448.48729239614,4468.012366904342,直连,
T013,下降,4468.012366904342,4487.3058841569455,直连,
T013,下降,4487.3058841569455,4506.59940140955,直连,
T013,下降,4506.59940140955,4525.892918662154,直连,
T013,下降,4525.892918662154,4545.1864359147585,直连,
T013,下降,4545.1864359147585,4564.479953167363,直连,
T013,下降,4564.479953167363,4583.7734704199665,直连,
T013,下降,4583.7734704199665,4603.0669876725715,直连,
T013,下降,4603.0669876725715,4622.3605049251755,直连,
T013,下降,4622.3605049251755,4641.65402217778,直连,
T014,爬升,2823.0,2841.2987226213727,直连,
T014,爬升,2841.2987226213727,2859.5974452427454,直连,
T014,爬升,2859.5974452427454,2877.896167864118,直连,
T014,爬升,2877.896167864118,2896.194890485491,直连,
T014,爬升,2896.194890485491,2914.493613106864,直连,
T014,爬升,2914.493613106864,2932.7923357282366,直连,
T014,爬升,2932.7923357282366,2951.0910583496093,直连,
T014,巡航,2951.0910583496093,2969.984924997995,直连,
T014,巡航,2969.984924997995,2988.8787916463816,直连,
T014,巡航,2988.8787916463816,3007.7726582947676,直连,
T014,巡航,3007.7726582947676,3026.666524943154,直连,
T014,巡航,3026.666524943154,3045.56039159154,直连,
T014,巡航,3045.56039159154,3064.4542582399263,直连,
T014,巡航,3064.4542582399263,3083.348124888312,直连,
T014,巡航,3083.348124888312,3102.241991536698,直连,
T014,巡航,3102.241991536698,3121.1358581850845,直连,
T014,巡航,3121.1358581850845,3140.0297248334705,直连,
T014,巡航,3140.0297248334705,3158.9235914818564,直连,
T014,巡航,3158.9235914818564,3177.817458130243,直连,
T014,巡航,3177.817458130243,3196.7113247786288,直连,
T014,巡航,3196.7113247786288,3215.605191427015,中继,R004
T014,巡航,3215.605191427015,3234.499058075401,中继,R004
T014,巡航,3234.499058075401,3253.3929247237875,中继,R004
T014,下降,3253.3929247237875,3269.74024222867,中继,R004
T014,下降,3269.74024222867,3286.087559733553,中继,R004
T014,下降,3286.087559733553,3302.4348772384355,中继,R004
T014,下降,3302.4348772384355,3318.7821947433185,中继,R004
T014,投送,3318.7821947433185,3337.8731038342275,中继,R004
T014,投送,3337.8731038342275,3356.9640129251366,中继,R004
T014,投送,3356.9640129251366,3376.0549220160456,中继,R004
T014,投送,3376.0549220160456,3395.145831106955,中继,R004
T014,投送,3395.145831106955,3414.236740197864,中继,R004
T014,投送,3414.236740197864,3433.327649288773,中继,R004
T014,投送,3433.327649288773,3452.418558379682,中继,R004
T014,投送,3452.418558379682,3471.5094674705915,中继,R004
T014,投送,3471.5094674705915,3490.6003765615005,中继,R004
T014,投送,3490.6003765615005,3509.6912856524095,中继,R004
T014,投送,3509.6912856524095,3528.7821947433185,中继,R004
T014,爬升,3528.7821947433185,3546.9458808598547,中继,R004
T014,爬升,3546.9458808598547,3565.1095669763918,中继,R004
T014,爬升,3565.1095669763918,3583.273253092928,中继,R004
T014,巡航,3583.273253092928,3602.1671197413143,中继,R004
T014,巡航,3602.1671197413143,3621.0609863897002,中继,R004
T014,巡航,3621.0609863897002,3639.954853038086,中继,R004
T014,巡航,3639.954853038086,3658.8487196864726,直连,
T014,巡航,3658.8487196864726,3677.7425863348585,直连,
T014,巡航,3677.7425863348585,3696.6364529832445,直连,
T014,巡航,3696.6364529832445,3715.530319631631,直连,
T014,巡航,3715.530319631631,3734.424186280017,直连,
T014,巡航,3734.424186280017,3753.3180529284027,直连,
T014,巡航,3753.3180529284027,3772.211919576789,直连,
T014,巡航,3772.211919576789,3791.1057862251755,直连,
T014,巡航,3791.1057862251755,3809.9996528735614,直连,
T014,巡航,3809.9996528735614,3828.8935195219474,直连,
T014,巡航,3828.8935195219474,3847.787386170334,直连,
T014,巡航,3847.787386170334,3866.6812528187197,直连,
T014,巡航,3866.6812528187197,3885.5751194671057,直连,
T014,下降,3885.5751194671057,3904.7887782195476,直连,
T014,下降,3904.7887782195476,3924.0024369719886,直连,
T014,下降,3924.0024369719886,3943.21609572443,直连,
T014,下降,3943.21609572443,3962.4297544768715,直连,
T014,下降,3962.4297544768715,3981.6434132293125,直连,
T014,下降,3981.6434132293125,4000.8570719817544,直连,
T014,下降,4000.8570719817544,4020.0707307341954,直连,
T014,下降,4020.0707307341954,4039.284389486637,直连,
T015,爬升,4152.0,4171.380881347656,直连,
T015,爬升,4171.380881347656,4190.761762695312,直连,
T015,爬升,4190.761762695312,4210.142644042969,直连,
T015,巡航,4210.142644042969,4228.651666483214,直连,
T015,巡航,4228.651666483214,4247.160688923459,直连,
T015,巡航,4247.160688923459,4265.669711363705,直连,
T015,巡航,4265.669711363705,4284.17873380395,直连,
T015,巡航,4284.17873380395,4302.687756244195,直连,
T015,巡航,4302.687756244195,4321.196778684441,直连,
T015,巡航,4321.196778684441,4339.705801124686,直连,
T015,巡航,4339.705801124686,4358.214823564931,直连,
T015,巡航,4358.214823564931,4376.723846005177,直连,
T015,巡航,4376.723846005177,4395.232868445422,直连,
T015,巡航,4395.232868445422,4413.741890885667,直连,
T015,下降,4413.741890885667,4428.584659236904,直连,
T015,下降,4428.584659236904,4443.427427588142,直连,
T015,下降,4443.427427588142,4458.270195939378,直连,
T015,投送,4458.270195939378,4478.070195939378,直连,
T015,投送,4478.070195939378,4497.870195939378,直连,
T015,投送,4497.870195939378,4517.670195939379,直连,
T015,投送,4517.670195939379,4537.470195939379,直连,
T015,投送,4537.470195939379,4557.270195939378,直连,
T015,投送,4557.270195939378,4577.070195939378,直连,
T015,投送,4577.070195939378,4596.870195939378,直连,
T015,投送,4596.870195939378,4616.670195939379,直连,
T015,投送,4616.670195939379,4636.470195939379,直连,
T015,投送,4636.470195939379,4656.270195939378,直连,
T015,投送,4656.270195939378,4676.070195939378,直连,
T015,投送,4676.070195939378,4695.870195939378,直连,
T015,投送,4695.870195939378,4715.670195939379,直连,
T015,投送,4715.670195939379,4735.470195939379,直连,
T015,投送,4735.470195939379,4755.270195939378,直连,
T015,投送,4755.270195939378,4775.070195939378,直连,
T015,投送,4775.070195939378,4794.870195939378,直连,
T015,投送,4794.870195939378,4814.670195939379,直连,
T015,投送,4814.670195939379,4834.470195939379,直连,
T015,投送,4834.470195939379,4854.270195939378,直连,
T015,爬升,4854.270195939378,4872.081517960863,直连,
T015,爬升,4872.081517960863,4889.892839982347,直连,
T015,巡航,4889.892839982347,4908.401862422593,直连,
T015,巡航,4908.401862422593,4926.9108848628375,直连,
T015,巡航,4926.9108848628375,4945.419907303083,直连,
T015,巡航,4945.419907303083,4963.928929743329,直连,
T015,巡航,4963.928929743329,4982.4379521835735,直连,
T015,巡航,4982.4379521835735,5000.946974623819,直连,
T015,巡航,5000.946974623819,5019.455997064064,直连,
T015,巡航,5019.455997064064,5037.96501950431,直连,
T015,巡航,5037.96501950431,5056.474041944555,直连,
T015,巡航,5056.474041944555,5074.9830643848,直连,
T015,巡航,5074.9830643848,5093.492086825046,直连,
T015,下降,5093.492086825046,5111.661663088474,直连,
T015,下降,5111.661663088474,5129.831239351901,直连,
T015,下降,5129.831239351901,5148.000815615329,直连,
T015,下降,5148.000815615329,5166.170391878757,直连,
T016,爬升,4340.0,4358.504135640463,直连,
T016,爬升,4358.504135640463,4377.008271280924,直连,
T016,爬升,4377.008271280924,4395.512406921387,直连,
T016,爬升,4395.512406921387,4414.016542561849,直连,
T016,爬升,4414.016542561849,4432.5206782023115,直连,
T016,爬升,4432.5206782023115,4451.024813842773,直连,
T016,爬升,4451.024813842773,4469.528949483236,直连,
T016,爬升,4469.528949483236,4488.033085123698,直连,
T016,巡航,4488.033085123698,4507.110775825524,直连,
T016,巡航,4507.110775825524,4526.18846652735,直连,
T016,巡航,4526.18846652735,4545.266157229176,直连,
T016,巡航,4545.266157229176,4564.3438479310025,直连,
T016,巡航,4564.3438479310025,4583.421538632829,直连,
T016,巡航,4583.421538632829,4602.499229334655,直连,
T016,巡航,4602.499229334655,4621.576920036481,直连,
T016,巡航,4621.576920036481,4640.654610738307,直连,
T016,巡航,4640.654610738307,4659.732301440134,直连,
T016,巡航,4659.732301440134,4678.80999214196,直连,
T016,巡航,4678.80999214196,4697.887682843786,直连,
T016,巡航,4697.887682843786,4716.965373545612,直连,
T016,巡航,4716.965373545612,4736.043064247438,直连,
T016,巡航,4736.043064247438,4755.120754949265,中继,R005
T016,巡航,4755.120754949265,4774.198445651091,中继,R005
T016,巡航,4774.198445651091,4793.276136352917,中继,R004
T016,巡航,4793.276136352917,4812.353827054743,中继,R004
T016,巡航,4812.353827054743,4831.4315177565695,中继,R004
T016,巡航,4831.4315177565695,4850.509208458396,中继,R004
T016,巡航,4850.509208458396,4869.586899160222,中继,R004
T016,巡航,4869.586899160222,4888.664589862048,中继,R004
T016,下降,4888.664589862048,4908.124440936266,中继,R004
T016,下降,4908.124440936266,4927.584292010485,中继,R004
T016,投送,4927.584292010485,4946.675201101394,中继,R004
T016,投送,4946.675201101394,4965.766110192304,中继,R004
T016,投送,4965.766110192304,4984.857019283213,中继,R004
T016,投送,4984.857019283213,5003.947928374122,中继,R004
T016,投送,5003.947928374122,5023.038837465031,中继,R004
T016,投送,5023.038837465031,5042.12974655594,中继,R004
T016,投送,5042.12974655594,5061.220655646849,中继,R004
T016,投送,5061.220655646849,5080.311564737758,中继,R004
T016,投送,5080.311564737758,5099.402473828667,中继,R004
T016,投送,5099.402473828667,5118.493382919576,中继,R004
T016,投送,5118.493382919576,5137.584292010486,中继,R004
T016,爬升,5137.584292010486,5153.800834572335,中继,R004
T016,爬升,5153.800834572335,5170.017377134183,中继,R004
T016,巡航,5170.017377134183,5189.09506783601,中继,R004
T016,巡航,5189.09506783601,5208.172758537836,中继,R004
T016,巡航,5208.172758537836,5227.250449239662,中继,R004
T016,巡航,5227.250449239662,5246.328139941488,中继,R004
T016,巡航,5246.328139941488,5265.405830643314,中继,R004
T016,巡航,5265.405830643314,5284.483521345141,中继,R004
T016,巡航,5284.483521345141,5303.561212046967,中继,R005
T016,巡航,5303.561212046967,5322.638902748793,中继,R005
T016,巡航,5322.638902748793,5341.716593450619,直连,
T016,巡航,5341.716593450619,5360.7942841524455,直连,
T016,巡航,5360.7942841524455,5379.871974854272,直连,
T016,巡航,5379.871974854272,5398.949665556098,直连,
T016,巡航,5398.949665556098,5418.027356257924,直连,
T016,巡航,5418.027356257924,5437.10504695975,直连,
T016,巡航,5437.10504695975,5456.1827376615765,直连,
T016,巡航,5456.1827376615765,5475.260428363403,直连,
T016,巡航,5475.260428363403,5494.338119065229,直连,
T016,巡航,5494.338119065229,5513.415809767055,直连,
T016,巡航,5513.415809767055,5532.493500468881,直连,
T016,巡航,5532.493500468881,5551.571191170708,直连,
T016,巡航,5551.571191170708,5570.648881872534,直连,
T016,下降,5570.648881872534,5590.3866265556935,直连,
T016,下降,5590.3866265556935,5610.124371238853,直连,
T016,下降,5610.124371238853,5629.862115922013,直连,
T016,下降,5629.862115922013,5649.599860605173,直连,
T016,下降,5649.599860605173,5669.337605288332,直连,
T016,下降,5669.337605288332,5689.075349971492,直连,
T016,下降,5689.075349971492,5708.813094654652,直连,
T016,下降,5708.813094654652,5728.550839337811,直连,
T016,下降,5728.550839337811,5748.288584020971,直连,
T017,爬升,4499.0,4518.380881347656,直连,
T017,爬升,4518.380881347656,4537.761762695312,直连,
T017,爬升,4537.761762695312,4557.142644042969,直连,
T017,巡航,4557.142644042969,4575.651666483214,直连,
T017,巡航,4575.651666483214,4594.160688923459,直连,
T017,巡航,4594.160688923459,4612.669711363705,直连,
T017,巡航,4612.669711363705,4631.17873380395,直连,
T017,巡航,4631.17873380395,4649.687756244195,直连,
T017,巡航,4649.687756244195,4668.196778684441,直连,
T017,巡航,4668.196778684441,4686.705801124686,直连,
T017,巡航,4686.705801124686,4705.214823564931,直连,
T017,巡航,4705.214823564931,4723.723846005177,直连,
T017,巡航,4723.723846005177,4742.232868445422,直连,
T017,巡航,4742.232868445422,4760.741890885667,直连,
T017,下降,4760.741890885667,4775.584659236904,直连,
T017,下降,4775.584659236904,4790.427427588142,直连,
T017,下降,4790.427427588142,4805.270195939378,直连,
T017,投送,4805.270195939378,4825.070195939378,直连,
T017,投送,4825.070195939378,4844.870195939378,直连,
T017,投送,4844.870195939378,4864.670195939379,直连,
T017,投送,4864.670195939379,4884.470195939379,直连,
T017,投送,4884.470195939379,4904.270195939378,直连,
T017,投送,4904.270195939378,4924.070195939378,直连,
T017,投送,4924.070195939378,4943.870195939378,直连,
T017,投送,4943.870195939378,4963.670195939379,直连,
T017,投送,4963.670195939379,4983.470195939379,直连,
T017,投送,4983.470195939379,5003.270195939378,直连,
T017,投送,5003.270195939378,5023.070195939378,直连,
T017,投送,5023.070195939378,5042.870195939378,直连,
T017,投送,5042.870195939378,5062.670195939379,直连,
T017,投送,5062.670195939379,5082.470195939379,直连,
T017,投送,5082.470195939379,5102.270195939378,直连,
T017,投送,5102.270195939378,5122.070195939378,直连,
T017,投送,5122.070195939378,5141.870195939378,直连,
T017,投送,5141.870195939378,5161.670195939379,直连,
T017,投送,5161.670195939379,5181.470195939379,直连,
T017,投送,5181.470195939379,5201.270195939378,直连,
T017,爬升,5201.270195939378,5219.081517960863,直连,
T017,爬升,5219.081517960863,5236.892839982347,直连,
T017,巡航,5236.892839982347,5255.401862422593,直连,
T017,巡航,5255.401862422593,5273.9108848628375,直连,
T017,巡航,5273.9108848628375,5292.419907303083,直连,
T017,巡航,5292.419907303083,5310.928929743329,直连,
T017,巡航,5310.928929743329,5329.4379521835735,直连,
T017,巡航,5329.4379521835735,5347.946974623819,直连,
T017,巡航,5347.946974623819,5366.455997064064,直连,
T017,巡航,5366.455997064064,5384.96501950431,直连,
T017,巡航,5384.96501950431,5403.474041944555,直连,
T017,巡航,5403.474041944555,5421.9830643848,直连,
T017,巡航,5421.9830643848,5440.492086825046,直连,
T017,下降,5440.492086825046,5458.661663088474,直连,
T017,下降,5458.661663088474,5476.831239351901,直连,
T017,下降,5476.831239351901,5495.000815615329,直连,
T017,下降,5495.000815615329,5513.170391878757,直连,
T018,爬升,4370.0,4388.504135640463,直连,
T018,爬升,4388.504135640463,4407.008271280924,直连,
T018,爬升,4407.008271280924,4425.512406921387,直连,
T018,爬升,4425.512406921387,4444.016542561849,直连,
T018,爬升,4444.016542561849,4462.5206782023115,直连,
T018,爬升,4462.5206782023115,4481.024813842773,直连,
T018,爬升,4481.024813842773,4499.528949483236,直连,
T018,爬升,4499.528949483236,4518.033085123698,直连,
T018,巡航,4518.033085123698,4537.110775825524,直连,
T018,巡航,4537.110775825524,4556.18846652735,直连,
T018,巡航,4556.18846652735,4575.266157229176,直连,
T018,巡航,4575.266157229176,4594.3438479310025,直连,
T018,巡航,4594.3438479310025,4613.421538632829,直连,
T018,巡航,4613.421538632829,4632.499229334655,直连,
T018,巡航,4632.499229334655,4651.576920036481,直连,
T018,巡航,4651.576920036481,4670.654610738307,直连,
T018,巡航,4670.654610738307,4689.732301440134,直连,
T018,巡航,4689.732301440134,4708.80999214196,直连,
T018,巡航,4708.80999214196,4727.887682843786,直连,
T018,巡航,4727.887682843786,4746.965373545612,直连,
T018,巡航,4746.965373545612,4766.043064247438,直连,
T018,巡航,4766.043064247438,4785.120754949265,中继,R005
T018,巡航,4785.120754949265,4804.198445651091,中继,R005
T018,巡航,4804.198445651091,4823.276136352917,中继,R004
T018,巡航,4823.276136352917,4842.353827054743,中继,R004
T018,巡航,4842.353827054743,4861.4315177565695,中继,R004
T018,巡航,4861.4315177565695,4880.509208458396,中继,R004
T018,巡航,4880.509208458396,4899.586899160222,中继,R004
T018,巡航,4899.586899160222,4918.664589862048,中继,R004
T018,下降,4918.664589862048,4938.124440936266,中继,R004
T018,下降,4938.124440936266,4957.584292010485,中继,R004
T018,投送,4957.584292010485,4975.584292010485,中继,R004
T018,投送,4975.584292010485,4993.584292010485,中继,R004
T018,投送,4993.584292010485,5011.584292010485,中继,R004
T018,投送,5011.584292010485,5029.584292010485,中继,R004
T018,投送,5029.584292010485,5047.584292010486,中继,R004
T018,投送,5047.584292010486,5065.584292010486,中继,R004
T018,投送,5065.584292010486,5083.584292010486,中继,R004
T018,投送,5083.584292010486,5101.584292010486,中继,R004
T018,投送,5101.584292010486,5119.584292010486,中继,R004
T018,投送,5119.584292010486,5137.584292010486,中继,R004
T018,爬升,5137.584292010486,5153.800834572335,中继,R004
T018,爬升,5153.800834572335,5170.017377134183,中继,R004
T018,巡航,5170.017377134183,5189.09506783601,中继,R004
T018,巡航,5189.09506783601,5208.172758537836,中继,R004
T018,巡航,5208.172758537836,5227.250449239662,中继,R004
T018,巡航,5227.250449239662,5246.328139941488,中继,R004
T018,巡航,5246.328139941488,5265.405830643314,中继,R004
T018,巡航,5265.405830643314,5284.483521345141,中继,R004
T018,巡航,5284.483521345141,5303.561212046967,中继,R005
T018,巡航,5303.561212046967,5322.638902748793,中继,R005
T018,巡航,5322.638902748793,5341.716593450619,直连,
T018,巡航,5341.716593450619,5360.7942841524455,直连,
T018,巡航,5360.7942841524455,5379.871974854272,直连,
T018,巡航,5379.871974854272,5398.949665556098,直连,
T018,巡航,5398.949665556098,5418.027356257924,直连,
T018,巡航,5418.027356257924,5437.10504695975,直连,
T018,巡航,5437.10504695975,5456.1827376615765,直连,
T018,巡航,5456.1827376615765,5475.260428363403,直连,
T018,巡航,5475.260428363403,5494.338119065229,直连,
T018,巡航,5494.338119065229,5513.415809767055,直连,
T018,巡航,5513.415809767055,5532.493500468881,直连,
T018,巡航,5532.493500468881,5551.571191170708,直连,
T018,巡航,5551.571191170708,5570.648881872534,直连,
T018,下降,5570.648881872534,5590.3866265556935,直连,
T018,下降,5590.3866265556935,5610.124371238853,直连,
T018,下降,5610.124371238853,5629.862115922013,直连,
T018,下降,5629.862115922013,5649.599860605173,直连,
T018,下降,5649.599860605173,5669.337605288332,直连,
T018,下降,5669.337605288332,5689.075349971492,直连,
T018,下降,5689.075349971492,5708.813094654652,直连,
T018,下降,5708.813094654652,5728.550839337811,直连,
T018,下降,5728.550839337811,5748.288584020971,直连,
T019,爬升,6192.0,6210.035944417317,直连,
T019,爬升,6210.035944417317,6228.0718888346355,直连,
T019,爬升,6228.0718888346355,6246.107833251953,直连,
T019,爬升,6246.107833251953,6264.143777669271,直连,
T019,爬升,6264.143777669271,6282.179722086588,直连,
T019,爬升,6282.179722086588,6300.2156665039065,直连,
T019,巡航,6300.2156665039065,6319.99702356786,直连,
T019,巡航,6319.99702356786,6339.778380631814,直连,
T019,巡航,6339.778380631814,6359.559737695768,直连,
T019,巡航,6359.559737695768,6379.34109475972,直连,
T019,巡航,6379.34109475972,6399.122451823674,直连,
T019,巡航,6399.122451823674,6418.903808887628,直连,
T019,巡航,6418.903808887628,6438.685165951581,直连,
T019,巡航,6438.685165951581,6458.466523015535,直连,
T019,巡航,6458.466523015535,6478.247880079489,直连,
T019,巡航,6478.247880079489,6498.0292371434425,直连,
T019,巡航,6498.0292371434425,6517.810594207396,直连,
T019,巡航,6517.810594207396,6537.59195127135,直连,
T019,巡航,6537.59195127135,6557.373308335304,直连,
T019,巡航,6557.373308335304,6577.154665399257,中继,R006
T019,巡航,6577.154665399257,6596.936022463211,中继,R006
T019,巡航,6596.936022463211,6616.717379527165,中继,R006
T019,巡航,6616.717379527165,6636.498736591118,中继,R006
T019,巡航,6636.498736591118,6656.280093655071,中继,R006
T019,巡航,6656.280093655071,6676.061450719025,中继,R007
T019,巡航,6676.061450719025,6695.8428077829785,中继,R007
T019,巡航,6695.8428077829785,6715.624164846932,中继,R007
T019,巡航,6715.624164846932,6735.405521910886,中继,R007
T019,巡航,6735.405521910886,6755.18687897484,中继,R007
T019,巡航,6755.18687897484,6774.968236038793,中继,R007
T019,巡航,6774.968236038793,6794.749593102747,中继,R007
T019,巡航,6794.749593102747,6814.530950166701,中继,R007
T019,下降,6814.530950166701,6831.524866792677,中继,R007
T019,下降,6831.524866792677,6848.518783418654,中继,R007
T019,下降,6848.518783418654,6865.51270004463,中继,R007
T019,下降,6865.51270004463,6882.5066166706065,中继,R007
T019,下降,6882.5066166706065,6899.500533296583,中继,R007
T019,投送,6899.500533296583,6918.885148681199,中继,R007
T019,投送,6918.885148681199,6938.269764065814,中继,R007
T019,投送,6938.269764065814,6957.65437945043,中继,R007
T019,投送,6957.65437945043,6977.038994835045,中继,R007
T019,投送,6977.038994835045,6996.42361021966,中继,R007
T019,投送,6996.42361021966,7015.808225604276,中继,R007
T019,投送,7015.808225604276,7035.1928409888915,中继,R007
T019,投送,7035.1928409888915,7054.577456373507,中继,R007
T019,投送,7054.577456373507,7073.962071758122,中继,R007
T019,投送,7073.962071758122,7093.346687142737,中继,R007
T019,投送,7093.346687142737,7112.731302527352,中继,R007
T019,投送,7112.731302527352,7132.115917911968,中继,R007
T019,投送,7132.115917911968,7151.500533296583,中继,R007
T019,爬升,7151.500533296583,7168.49444992256,中继,R007
T019,爬升,7168.49444992256,7185.488366548537,中继,R007
T019,爬升,7185.488366548537,7202.482283174513,中继,R007
T019,爬升,7202.482283174513,7219.47619980049,中继,R007
T019,巡航,7219.47619980049,7239.257556864443,中继,R007
T019,巡航,7239.257556864443,7259.038913928397,中继,R007
T019,巡航,7259.038913928397,7278.820270992351,中继,R007
T019,巡航,7278.820270992351,7298.601628056304,中继,R007
T019,巡航,7298.601628056304,7318.382985120258,中继,R007
T019,巡航,7318.382985120258,7338.164342184212,中继,R007
T019,巡航,7338.164342184212,7357.945699248165,中继,R007
T019,巡航,7357.945699248165,7377.727056312118,中继,R007
T019,巡航,7377.727056312118,7397.508413376072,中继,R006
T019,巡航,7397.508413376072,7417.289770440026,中继,R006
T019,巡航,7417.289770440026,7437.071127503979,中继,R006
T019,巡航,7437.071127503979,7456.852484567933,中继,R006
T019,巡航,7456.852484567933,7476.633841631887,中继,R006
T019,巡航,7476.633841631887,7496.41519869584,直连,
T019,巡航,7496.41519869584,7516.196555759794,直连,
T019,巡航,7516.196555759794,7535.977912823748,直连,
T019,巡航,7535.977912823748,7555.7592698877015,直连,
T019,巡航,7555.7592698877015,7575.540626951655,直连,
T019,巡航,7575.540626951655,7595.321984015609,直连,
T019,巡航,7595.321984015609,7615.103341079563,直连,
T019,巡航,7615.103341079563,7634.884698143516,直连,
T019,巡航,7634.884698143516,7654.666055207469,直连,
T019,巡航,7654.666055207469,7674.447412271423,直连,
T019,巡航,7674.447412271423,7694.2287693353765,直连,
T019,巡航,7694.2287693353765,7714.01012639933,直连,
T019,巡航,7714.01012639933,7733.791483463284,直连,
T019,下降,7733.791483463284,7753.115709624695,直连,
T019,下降,7753.115709624695,7772.4399357861075,直连,
T019,下降,7772.4399357861075,7791.76416194752,直连,
T019,下降,7791.76416194752,7811.088388108931,直连,
T019,下降,7811.088388108931,7830.412614270343,直连,
T019,下降,7830.412614270343,7849.736840431755,直连,
T019,下降,7849.736840431755,7869.061066593167,直连,
T020,爬升,6200.0,6219.616746582031,直连,
T020,爬升,6219.616746582031,6239.233493164063,直连,
T020,爬升,6239.233493164063,6258.850239746094,直连,
T020,爬升,6258.850239746094,6278.466986328125,直连,
T020,爬升,6278.466986328125,6298.083732910156,直连,
T020,巡航,6298.083732910156,6318.032164141581,直连,
T020,巡航,6318.032164141581,6337.9805953730065,直连,
T020,巡航,6337.9805953730065,6357.929026604431,直连,
T020,巡航,6357.929026604431,6377.877457835856,直连,
T020,巡航,6377.877457835856,6397.8258890672805,直连,
T020,巡航,6397.8258890672805,6417.774320298706,直连,
T020,巡航,6417.774320298706,6437.722751530131,直连,
T020,巡航,6437.722751530131,6457.671182761555,直连,
T020,巡航,6457.671182761555,6477.619613992981,直连,
T020,巡航,6477.619613992981,6497.568045224405,直连,
T020,巡航,6497.568045224405,6517.51647645583,直连,
T020,巡航,6517.51647645583,6537.464907687255,直连,
T020,巡航,6537.464907687255,6557.41333891868,直连,
T020,巡航,6557.41333891868,6577.361770150104,中继,R006
T020,巡航,6577.361770150104,6597.31020138153,中继,R006
T020,巡航,6597.31020138153,6617.258632612955,中继,R006
T020,巡航,6617.258632612955,6637.207063844379,中继,R007
T020,巡航,6637.207063844379,6657.1554950758045,中继,R007
T020,巡航,6657.1554950758045,6677.103926307229,中继,R007
T020,巡航,6677.103926307229,6697.052357538654,中继,R007
T020,巡航,6697.052357538654,6717.000788770079,中继,R007
T020,巡航,6717.000788770079,6736.949220001504,中继,R007
T020,巡航,6736.949220001504,6756.897651232929,中继,R007
T020,巡航,6756.897651232929,6776.8460824643535,中继,R007
T020,巡航,6776.8460824643535,6796.794513695779,中继,R007
T020,巡航,6796.794513695779,6816.742944927203,中继,R007
T020,巡航,6816.742944927203,6836.691376158628,中继,R007
T020,下降,6836.691376158628,6853.69293153786,中继,R007
T020,下降,6853.69293153786,6870.694486917092,中继,R007
T020,下降,6870.694486917092,6887.696042296324,中继,R007
T020,投送,6887.696042296324,6907.080657680939,中继,R007
T020,投送,6907.080657680939,6926.465273065554,中继,R007
T020,投送,6926.465273065554,6945.84988845017,中继,R007
T020,投送,6945.84988845017,6965.234503834785,中继,R007
T020,投送,6965.234503834785,6984.619119219401,中继,R007
T020,投送,6984.619119219401,7004.003734604016,中继,R007
T020,投送,7004.003734604016,7023.3883499886315,中继,R007
T020,投送,7023.3883499886315,7042.772965373247,中继,R007
T020,投送,7042.772965373247,7062.157580757863,中继,R007
T020,投送,7062.157580757863,7081.542196142478,中继,R007
T020,投送,7081.542196142478,7100.926811527093,中继,R007
T020,投送,7100.926811527093,7120.311426911709,中继,R007
T020,投送,7120.311426911709,7139.696042296324,中继,R007
T020,爬升,7139.696042296324,7153.297286599709,中继,R007
T020,爬升,7153.297286599709,7166.898530903095,中继,R007
T020,爬升,7166.898530903095,7180.49977520648,中继,R007
T020,巡航,7180.49977520648,7200.448206437905,中继,R007
T020,巡航,7200.448206437905,7220.39663766933,中继,R007
T020,巡航,7220.39663766933,7240.345068900755,中继,R007
T020,巡航,7240.345068900755,7260.29350013218,中继,R007
T020,巡航,7260.29350013218,7280.241931363605,中继,R007
T020,巡航,7280.241931363605,7300.19036259503,中继,R007
T020,巡航,7300.19036259503,7320.138793826454,中继,R007
T020,巡航,7320.138793826454,7340.08722505788,中继,R007
T020,巡航,7340.08722505788,7360.035656289305,中继,R007
T020,巡航,7360.035656289305,7379.984087520729,中继,R007
T020,巡航,7379.984087520729,7399.932518752154,中继,R007
T020,巡航,7399.932518752154,7419.880949983579,中继,R006
T020,巡航,7419.880949983579,7439.829381215004,中继,R006
T020,巡航,7439.829381215004,7459.7778124464285,中继,R006
T020,巡航,7459.7778124464285,7479.726243677854,直连,
T020,巡航,7479.726243677854,7499.674674909278,直连,
T020,巡航,7499.674674909278,7519.623106140703,直连,
T020,巡航,7519.623106140703,7539.571537372129,直连,
T020,巡航,7539.571537372129,7559.519968603553,直连,
T020,巡航,7559.519968603553,7579.468399834978,直连,
T020,巡航,7579.468399834978,7599.416831066403,直连,
T020,巡航,7599.416831066403,7619.365262297828,直连,
T020,巡航,7619.365262297828,7639.313693529253,直连,
T020,巡航,7639.313693529253,7659.262124760678,直连,
T020,巡航,7659.262124760678,7679.210555992102,直连,
T020,巡航,7679.210555992102,7699.158987223527,直连,
T020,巡航,7699.158987223527,7719.1074184549525,直连,
T020,下降,7719.1074184549525,7736.622370760338,直连,
T020,下降,7736.622370760338,7754.137323065723,直连,
T020,下降,7754.137323065723,7771.652275371108,直连,
T020,下降,7771.652275371108,7789.167227676493,直连,
T020,下降,7789.167227676493,7806.682179981877,直连,
T020,下降,7806.682179981877,7824.197132287263,直连,
T020,下降,7824.197132287263,7841.712084592647,直连,
T021,爬升,8262.0,8280.035944417317,直连,
T021,爬升,8280.035944417317,8298.071888834635,直连,
T021,爬升,8298.071888834635,8316.107833251954,直连,
T021,爬升,8316.107833251954,8334.143777669271,直连,
T021,爬升,8334.143777669271,8352.179722086588,直连,
T021,爬升,8352.179722086588,8370.215666503906,直连,
T021,巡航,8370.215666503906,8389.99702356786,直连,
T021,巡航,8389.99702356786,8409.778380631813,直连,
T021,巡航,8409.778380631813,8429.559737695767,直连,
T021,巡航,8429.559737695767,8449.34109475972,直连,
T021,巡航,8449.34109475972,8469.122451823674,直连,
T021,巡航,8469.122451823674,8488.903808887628,直连,
T021,巡航,8488.903808887628,8508.685165951581,直连,
T021,巡航,8508.685165951581,8528.466523015535,直连,
T021,巡航,8528.466523015535,8548.247880079489,直连,
T021,巡航,8548.247880079489,8568.029237143443,直连,
T021,巡航,8568.029237143443,8587.810594207396,直连,
T021,巡航,8587.810594207396,8607.59195127135,直连,
T021,巡航,8607.59195127135,8627.373308335304,直连,
T021,巡航,8627.373308335304,8647.154665399257,中继,R006
T021,巡航,8647.154665399257,8666.936022463211,中继,R006
T021,巡航,8666.936022463211,8686.717379527165,中继,R006
T021,巡航,8686.717379527165,8706.498736591118,中继,R006
T021,巡航,8706.498736591118,8726.280093655072,中继,R006
T021,巡航,8726.280093655072,8746.061450719026,中继,R007
T021,巡航,8746.061450719026,8765.842807782978,中继,R007
T021,巡航,8765.842807782978,8785.624164846933,中继,R007
T021,巡航,8785.624164846933,8805.405521910885,中继,R007
T021,巡航,8805.405521910885,8825.186878974839,中继,R007
T021,巡航,8825.186878974839,8844.968236038792,中继,R007
T021,巡航,8844.968236038792,8864.749593102746,中继,R007
T021,巡航,8864.749593102746,8884.5309501667,中继,R007
T021,下降,8884.5309501667,8901.524866792677,中继,R007
T021,下降,8901.524866792677,8918.518783418654,中继,R007
T021,下降,8918.518783418654,8935.51270004463,中继,R007
T021,下降,8935.51270004463,8952.506616670607,中继,R007
T021,下降,8952.506616670607,8969.500533296583,中继,R007
T021,投送,8969.500533296583,8988.559356825996,中继,R007
T021,投送,8988.559356825996,9007.618180355406,中继,R007
T021,投送,9007.618180355406,9026.677003884819,中继,R007
T021,投送,9026.677003884819,9045.73582741423,中继,R007
T021,投送,9045.73582741423,9064.794650943642,中继,R007
T021,投送,9064.794650943642,9083.853474473053,中继,R007
T021,投送,9083.853474473053,9102.912298002466,中继,R007
T021,投送,9102.912298002466,9121.971121531878,中继,R007
T021,投送,9121.971121531878,9141.02994506129,中继,R007
T021,投送,9141.02994506129,9160.0887685907,中继,R007
T021,投送,9160.0887685907,9179.147592120113,中继,R007
T021,投送,9179.147592120113,9198.206415649525,中继,R007
T021,投送,9198.206415649525,9217.265239178936,中继,R007
T021,投送,9217.265239178936,9236.324062708349,中继,R007
T021,投送,9236.324062708349,9255.38288623776,中继,R007
T021,投送,9255.38288623776,9274.441709767172,中继,R007
T021,投送,9274.441709767172,9293.500533296583,中继,R007
T021,爬升,9293.500533296583,9310.49444992256,中继,R007
T021,爬升,9310.49444992256,9327.488366548536,中继,R007
T021,爬升,9327.488366548536,9344.482283174513,中继,R007
T021,爬升,9344.482283174513,9361.47619980049,中继,R007
T021,巡航,9361.47619980049,9381.257556864444,中继,R007
T021,巡航,9381.257556864444,9401.038913928398,中继,R007
T021,巡航,9401.038913928398,9420.82027099235,中继,R007
T021,巡航,9420.82027099235,9440.601628056305,中继,R007
T021,巡航,9440.601628056305,9460.382985120257,中继,R007
T021,巡航,9460.382985120257,9480.16434218421,中继,R007
T021,巡航,9480.16434218421,9499.945699248165,中继,R007
T021,巡航,9499.945699248165,9519.727056312118,中继,R007
T021,巡航,9519.727056312118,9539.508413376072,中继,R007
T021,巡航,9539.508413376072,9559.289770440026,中继,R006
T021,巡航,9559.289770440026,9579.07112750398,中继,R006
T021,巡航,9579.07112750398,9598.852484567933,中继,R006
T021,巡航,9598.852484567933,9618.633841631887,中继,R006
T021,巡航,9618.633841631887,9638.41519869584,直连,
T021,巡航,9638.41519869584,9658.196555759794,直连,
T021,巡航,9658.196555759794,9677.977912823748,直连,
T021,巡航,9677.977912823748,9697.759269887702,直连,
T021,巡航,9697.759269887702,9717.540626951655,直连,
T021,巡航,9717.540626951655,9737.321984015609,直连,
T021,巡航,9737.321984015609,9757.103341079563,直连,
T021,巡航,9757.103341079563,9776.884698143516,直连,
T021,巡航,9776.884698143516,9796.66605520747,直连,
T021,巡航,9796.66605520747,9816.447412271424,直连,
T021,巡航,9816.447412271424,9836.228769335377,直连,
T021,巡航,9836.228769335377,9856.010126399331,直连,
T021,巡航,9856.010126399331,9875.791483463283,直连,
T021,下降,9875.791483463283,9895.115709624695,直连,
T021,下降,9895.115709624695,9914.439935786108,直连,
T021,下降,9914.439935786108,9933.76416194752,直连,
T021,下降,9933.76416194752,9953.088388108932,直连,
T021,下降,9953.088388108932,9972.412614270343,直连,
T021,下降,9972.412614270343,9991.736840431755,直连,
T021,下降,9991.736840431755,10011.061066593167,直连,
T022,爬升,8230.0,8246.76617553711,直连,
T022,爬升,8246.76617553711,8263.532351074218,直连,
T022,爬升,8263.532351074218,8280.298526611328,直连,
T022,爬升,8280.298526611328,8297.064702148438,直连,
T022,巡航,8297.064702148438,8315.785355926813,直连,
T022,巡航,8315.785355926813,8334.50600970519,直连,
T022,巡航,8334.50600970519,8353.226663483567,直连,
T022,巡航,8353.226663483567,8371.947317261942,直连,
T022,巡航,8371.947317261942,8390.667971040319,直连,
T022,巡航,8390.667971040319,8409.388624818695,直连,
T022,巡航,8409.388624818695,8428.109278597072,直连,
T022,巡航,8428.109278597072,8446.829932375447,直连,
T022,巡航,8446.829932375447,8465.550586153824,直连,
T022,巡航,8465.550586153824,8484.2712399322,直连,
T022,下降,8484.2712399322,8498.148199160716,直连,
T022,下降,8498.148199160716,8512.025158389231,直连,
T022,下降,8512.025158389231,8525.902117617747,直连,
T022,投送,8525.902117617747,8545.286733002362,直连,
T022,投送,8545.286733002362,8564.671348386977,直连,
T022,投送,8564.671348386977,8584.055963771592,直连,
T022,投送,8584.055963771592,8603.44057915621,直连,
T022,投送,8603.44057915621,8622.825194540825,直连,
T022,投送,8622.825194540825,8642.20980992544,直连,
T022,投送,8642.20980992544,8661.594425310055,直连,
T022,投送,8661.594425310055,8680.97904069467,直连,
T022,投送,8680.97904069467,8700.363656079286,直连,
T022,投送,8700.363656079286,8719.7482714639,直连,
T022,投送,8719.7482714639,8739.132886848516,直连,
T022,投送,8739.132886848516,8758.517502233131,直连,
T022,投送,8758.517502233131,8777.902117617747,直连,
T022,爬升,8777.902117617747,8794.554468691966,直连,
T022,爬升,8794.554468691966,8811.206819766185,直连,
T022,巡航,8811.206819766185,8829.927473544562,直连,
T022,巡航,8829.927473544562,8848.648127322936,直连,
T022,巡航,8848.648127322936,8867.368781101313,直连,
T022,巡航,8867.368781101313,8886.08943487969,直连,
T022,巡航,8886.08943487969,8904.810088658065,直连,
T022,巡航,8904.810088658065,8923.530742436442,直连,
T022,巡航,8923.530742436442,8942.251396214819,直连,
T022,巡航,8942.251396214819,8960.972049993195,直连,
T022,巡航,8960.972049993195,8979.69270377157,直连,
T022,巡航,8979.69270377157,8998.413357549947,直连,
T022,下降,8998.413357549947,9015.179533087057,直连,
T022,下降,9015.179533087057,9031.945708624165,直连,
T022,下降,9031.945708624165,9048.711884161276,直连,
T022,下降,9048.711884161276,9065.478059698386,直连,
T022,下降,9065.478059698386,9082.244235235494,直连,
T023,爬升,8827.0,8843.559240722656,直连,
T023,爬升,8843.559240722656,8860.118481445312,直连,
T023,爬升,8860.118481445312,8876.67772216797,直连,
T023,爬升,8876.67772216797,8893.236962890625,直连,
T023,巡航,8893.236962890625,8912.794895073568,直连,
T023,巡航,8912.794895073568,8932.352827256513,直连,
T023,巡航,8932.352827256513,8951.910759439457,直连,
T023,巡航,8951.910759439457,8971.4686916224,直连,
T023,巡航,8971.4686916224,8991.026623805345,直连,
T023,巡航,8991.026623805345,9010.58455598829,直连,
T023,巡航,9010.58455598829,9030.142488171232,直连,
T023,巡航,9030.142488171232,9049.700420354176,直连,
T023,巡航,9049.700420354176,9069.258352537121,直连,
T023,巡航,9069.258352537121,9088.816284720064,直连,
T023,巡航,9088.816284720064,9108.374216903008,直连,
T023,巡航,9108.374216903008,9127.932149085953,直连,
T023,巡航,9127.932149085953,9147.490081268896,直连,
T023,巡航,9147.490081268896,9167.04801345184,中继,R006
T023,巡航,9167.04801345184,9186.605945634783,中继,R006
T023,巡航,9186.605945634783,9206.163877817728,中继,R006
T023,巡航,9206.163877817728,9225.721810000672,中继,R006
T023,巡航,9225.721810000672,9245.279742183615,中继,R006
T023,下降,9245.279742183615,9262.801194006532,中继,R006
T023,下降,9262.801194006532,9280.322645829448,中继,R006
T023,下降,9280.322645829448,9297.844097652365,中继,R006
T023,投送,9297.844097652365,9316.935006743275,中继,R006
T023,投送,9316.935006743275,9336.025915834183,中继,R006
T023,投送,9336.025915834183,9355.116824925093,中继,R006
T023,投送,9355.116824925093,9374.207734016001,中继,R006
T023,投送,9374.207734016001,9393.298643106911,中继,R006
T023,投送,9393.298643106911,9412.38955219782,中继,R006
T023,投送,9412.38955219782,9431.48046128873,中继,R006
T023,投送,9431.48046128873,9450.57137037964,中继,R006
T023,投送,9450.57137037964,9469.662279470547,中继,R006
T023,投送,9469.662279470547,9488.753188561457,中继,R006
T023,投送,9488.753188561457,9507.844097652365,中继,R006
T023,爬升,9507.844097652365,9522.445307504797,中继,R006
T023,爬升,9522.445307504797,9537.046517357227,中继,R006
T023,爬升,9537.046517357227,9551.647727209658,中继,R006
T023,巡航,9551.647727209658,9571.2056593926,中继,R006
T023,巡航,9571.2056593926,9590.763591575545,中继,R006
T023,巡航,9590.763591575545,9610.321523758488,中继,R006
T023,巡航,9610.321523758488,9629.879455941433,中继,R006
T023,巡航,9629.879455941433,9649.437388124377,中继,R006
T023,巡航,9649.437388124377,9668.99532030732,直连,
T023,巡航,9668.99532030732,9688.553252490265,直连,
T023,巡航,9688.553252490265,9708.11118467321,直连,
T023,巡航,9708.11118467321,9727.669116856152,直连,
T023,巡航,9727.669116856152,9747.227049039097,直连,
T023,巡航,9747.227049039097,9766.784981222041,直连,
T023,巡航,9766.784981222041,9786.342913404984,直连,
T023,巡航,9786.342913404984,9805.900845587928,直连,
T023,巡航,9805.900845587928,9825.458777770873,直连,
T023,巡航,9825.458777770873,9845.016709953816,直连,
T023,巡航,9845.016709953816,9864.57464213676,直连,
T023,巡航,9864.57464213676,9884.132574319705,直连,
T023,巡航,9884.132574319705,9903.690506502648,直连,
T023,下降,9903.690506502648,9923.561595369836,直连,
T023,下降,9923.561595369836,9943.432684237023,直连,
T023,下降,9943.432684237023,9963.30377310421,直连,
T023,下降,9963.30377310421,9983.174861971398,直连,
T024,爬升,10452.0,10471.61674658203,直连,
T024,爬升,10471.61674658203,10491.233493164062,直连,
T024,爬升,10491.233493164062,10510.850239746094,直连,
T024,爬升,10510.850239746094,10530.466986328125,直连,
T024,爬升,10530.466986328125,10550.083732910156,直连,
T024,巡航,10550.083732910156,10570.032164141581,直连,
T024,巡航,10570.032164141581,10589.980595373007,直连,
T024,巡航,10589.980595373007,10609.929026604432,直连,
T024,巡航,10609.929026604432,10629.877457835855,直连,
T024,巡航,10629.877457835855,10649.82588906728,直连,
T024,巡航,10649.82588906728,10669.774320298706,直连,
T024,巡航,10669.774320298706,10689.722751530131,直连,
T024,巡航,10689.722751530131,10709.671182761556,直连,
T024,巡航,10709.671182761556,10729.61961399298,直连,
T024,巡航,10729.61961399298,10749.568045224405,直连,
T024,巡航,10749.568045224405,10769.51647645583,直连,
T024,巡航,10769.51647645583,10789.464907687256,直连,
T024,巡航,10789.464907687256,10809.413338918679,直连,
T024,巡航,10809.413338918679,10829.361770150104,中继,R006
T024,巡航,10829.361770150104,10849.31020138153,中继,R006
T024,巡航,10849.31020138153,10869.258632612955,中继,R006
T024,巡航,10869.258632612955,10889.20706384438,中继,R007
T024,巡航,10889.20706384438,10909.155495075804,中继,R007
T024,巡航,10909.155495075804,10929.103926307229,中继,R007
T024,巡航,10929.103926307229,10949.052357538654,中继,R007
T024,巡航,10949.052357538654,10969.00078877008,中继,R007
T024,巡航,10969.00078877008,10988.949220001505,中继,R007
T024,巡航,10988.949220001505,11008.897651232928,中继,R007
T024,巡航,11008.897651232928,11028.846082464353,中继,R007
T024,巡航,11028.846082464353,11048.794513695779,中继,R007
T024,巡航,11048.794513695779,11068.742944927204,中继,R007
T024,巡航,11068.742944927204,11088.69137615863,中继,R007
T024,下降,11088.69137615863,11105.69293153786,中继,R007
T024,下降,11105.69293153786,11122.694486917091,中继,R007
T024,下降,11122.694486917091,11139.696042296324,中继,R007
T024,投送,11139.696042296324,11158.896042296325,中继,R007
T024,投送,11158.896042296325,11178.096042296324,中继,R007
T024,投送,11178.096042296324,11197.296042296324,中继,R007
T024,投送,11197.296042296324,11216.496042296323,中继,R007
T024,投送,11216.496042296323,11235.696042296324,中继,R007
T024,投送,11235.696042296324,11254.896042296325,中继,R007
T024,投送,11254.896042296325,11274.096042296324,中继,R007
T024,投送,11274.096042296324,11293.296042296324,中继,R007
T024,投送,11293.296042296324,11312.496042296323,中继,R007
T024,投送,11312.496042296323,11331.696042296324,中继,R007
T024,投送,11331.696042296324,11350.896042296325,中继,R007
T024,投送,11350.896042296325,11370.096042296324,中继,R007
T024,投送,11370.096042296324,11389.296042296324,中继,R007
T024,投送,11389.296042296324,11408.496042296323,中继,R007
T024,投送,11408.496042296323,11427.696042296324,中继,R007
T024,爬升,11427.696042296324,11441.297286599709,中继,R007
T024,爬升,11441.297286599709,11454.898530903094,中继,R007
T024,爬升,11454.898530903094,11468.499775206481,中继,R007
T024,巡航,11468.499775206481,11488.448206437904,中继,R007
T024,巡航,11488.448206437904,11508.39663766933,中继,R007
T024,巡航,11508.39663766933,11528.345068900755,中继,R007
T024,巡航,11528.345068900755,11548.29350013218,中继,R007
T024,巡航,11548.29350013218,11568.241931363606,中继,R007
T024,巡航,11568.241931363606,11588.190362595029,中继,R007
T024,巡航,11588.190362595029,11608.138793826454,中继,R007
T024,巡航,11608.138793826454,11628.08722505788,中继,R007
T024,巡航,11628.08722505788,11648.035656289305,中继,R007
T024,巡航,11648.035656289305,11667.98408752073,中继,R007
T024,巡航,11667.98408752073,11687.932518752154,中继,R007
T024,巡航,11687.932518752154,11707.880949983579,中继,R006
T024,巡航,11707.880949983579,11727.829381215004,中继,R006
T024,巡航,11727.829381215004,11747.77781244643,中继,R006
T024,巡航,11747.77781244643,11767.726243677855,直连,
T024,巡航,11767.726243677855,11787.674674909278,直连,
T024,巡航,11787.674674909278,11807.623106140703,直连,
T024,巡航,11807.623106140703,11827.571537372129,直连,
T024,巡航,11827.571537372129,11847.519968603554,直连,
T024,巡航,11847.519968603554,11867.468399834977,直连,
T024,巡航,11867.468399834977,11887.416831066403,直连,
T024,巡航,11887.416831066403,11907.365262297828,直连,
T024,巡航,11907.365262297828,11927.313693529253,直连,
T024,巡航,11927.313693529253,11947.262124760677,直连,
T024,巡航,11947.262124760677,11967.210555992102,直连,
T024,巡航,11967.210555992102,11987.158987223527,直连,
T024,巡航,11987.158987223527,12007.107418454952,直连,
T024,下降,12007.107418454952,12024.622370760337,直连,
T024,下降,12024.622370760337,12042.137323065723,直连,
T024,下降,12042.137323065723,12059.652275371107,直连,
T024,下降,12059.652275371107,12077.167227676493,直连,
T024,下降,12077.167227676493,12094.682179981877,直连,
T024,下降,12094.682179981877,12112.197132287263,直连,
T024,下降,12112.197132287263,12129.712084592647,直连,
T025,爬升,10509.0,10528.871088867187,直连,
T025,爬升,10528.871088867187,10548.742177734375,直连,
T025,爬升,10548.742177734375,10568.613266601562,直连,
T025,爬升,10568.613266601562,10588.48435546875,直连,
T025,巡航,10588.48435546875,10608.042287651693,直连,
T025,巡航,10608.042287651693,10627.600219834638,直连,
T025,巡航,10627.600219834638,10647.158152017582,直连,
T025,巡航,10647.158152017582,10666.716084200525,直连,
T025,巡航,10666.716084200525,10686.27401638347,直连,
T025,巡航,10686.27401638347,10705.831948566414,直连,
T025,巡航,10705.831948566414,10725.389880749357,直连,
T025,巡航,10725.389880749357,10744.947812932302,直连,
T025,巡航,10744.947812932302,10764.505745115246,直连,
T025,巡航,10764.505745115246,10784.063677298189,直连,
T025,巡航,10784.063677298189,10803.621609481133,直连,
T025,巡航,10803.621609481133,10823.179541664078,直连,
T025,巡航,10823.179541664078,10842.73747384702,直连,
T025,巡航,10842.73747384702,10862.295406029965,中继,R006
T025,巡航,10862.295406029965,10881.853338212908,中继,R006
T025,巡航,10881.853338212908,10901.411270395853,中继,R006
T025,巡航,10901.411270395853,10920.969202578797,中继,R007
T025,巡航,10920.969202578797,10940.52713476174,中继,R007
T025,下降,10940.52713476174,10956.953495845724,中继,R007
T025,下降,10956.953495845724,10973.379856929709,中继,R007
T025,下降,10973.379856929709,10989.806218013693,中继,R007
T025,下降,10989.806218013693,11006.232579097677,中继,R007
T025,投送,11006.232579097677,11025.29140262709,中继,R007
T025,投送,11025.29140262709,11044.3502261565,中继,R007
T025,投送,11044.3502261565,11063.409049685913,中继,R007
T025,投送,11063.409049685913,11082.467873215326,中继,R007
T025,投送,11082.467873215326,11101.526696744737,中继,R007
T025,投送,11101.526696744737,11120.585520274148,中继,R007
T025,投送,11120.585520274148,11139.64434380356,中继,R007
T025,投送,11139.64434380356,11158.703167332973,中继,R007
T025,投送,11158.703167332973,11177.761990862384,中继,R007
T025,投送,11177.761990862384,11196.820814391796,中继,R007
T025,投送,11196.820814391796,11215.879637921207,中继,R007
T025,投送,11215.879637921207,11234.93846145062,中继,R007
T025,投送,11234.93846145062,11253.99728498003,中继,R007
T025,投送,11253.99728498003,11273.056108509443,中继,R007
T025,投送,11273.056108509443,11292.114932038854,中继,R007
T025,投送,11292.114932038854,11311.173755568267,中继,R007
T025,投送,11311.173755568267,11330.232579097677,中继,R007
T025,爬升,11330.232579097677,11347.754030920594,中继,R007
T025,爬升,11347.754030920594,11365.275482743511,中继,R007
T025,爬升,11365.275482743511,11382.796934566428,中继,R007
T025,巡航,11382.796934566428,11402.354866749372,中继,R007
T025,巡航,11402.354866749372,11421.912798932315,中继,R007
T025,巡航,11421.912798932315,11441.47073111526,中继,R006
T025,巡航,11441.47073111526,11461.028663298204,中继,R006
T025,巡航,11461.028663298204,11480.586595481147,中继,R006
T025,巡航,11480.586595481147,11500.144527664092,直连,
T025,巡航,11500.144527664092,11519.702459847036,直连,
T025,巡航,11519.702459847036,11539.260392029979,直连,
T025,巡航,11539.260392029979,11558.818324212923,直连,
T025,巡航,11558.818324212923,11578.376256395868,直连,
T025,巡航,11578.376256395868,11597.93418857881,直连,
T025,巡航,11597.93418857881,11617.492120761755,直连,
T025,巡航,11617.492120761755,11637.050052944698,直连,
T025,巡航,11637.050052944698,11656.607985127643,直连,
T025,巡航,11656.607985127643,11676.165917310587,直连,
T025,巡航,11676.165917310587,11695.72384949353,直连,
T025,巡航,11695.72384949353,11715.281781676475,直连,
T025,巡航,11715.281781676475,11734.83971385942,直连,
T025,下降,11734.83971385942,11754.710802726606,直连,
T025,下降,11754.710802726606,11774.581891593794,直连,
T025,下降,11774.581891593794,11794.452980460981,直连,
T025,下降,11794.452980460981,11814.32406932817,直连,
T025,下降,11814.32406932817,11834.195158195356,直连,
T026,爬升,12621.0,12639.125425415039,直连,
T026,爬升,12639.125425415039,12657.250850830078,直连,
T026,爬升,12657.250850830078,12675.376276245117,直连,
T026,爬升,12675.376276245117,12693.501701660156,直连,
T026,巡航,12693.501701660156,12713.265188883523,直连,
T026,巡航,12713.265188883523,12733.02867610689,直连,
T026,巡航,12733.02867610689,12752.792163330254,直连,
T026,巡航,12752.792163330254,12772.55565055362,直连,
T026,巡航,12772.55565055362,12792.319137776987,直连,
T026,巡航,12792.319137776987,12812.082625000352,直连,
T026,巡航,12812.082625000352,12831.846112223719,直连,
T026,巡航,12831.846112223719,12851.609599447085,直连,
T026,巡航,12851.609599447085,12871.37308667045,直连,
T026,巡航,12871.37308667045,12891.136573893817,直连,
T026,巡航,12891.136573893817,12910.900061117183,直连,
T026,巡航,12910.900061117183,12930.663548340548,直连,
T026,巡航,12930.663548340548,12950.427035563915,直连,
T026,巡航,12950.427035563915,12970.190522787281,中继,R008
T026,巡航,12970.190522787281,12989.954010010648,中继,R008
T026,巡航,12989.954010010648,13009.717497234013,中继,R008
T026,巡航,13009.717497234013,13029.48098445738,中继,R008
T026,巡航,13029.48098445738,13049.244471680746,中继,R008
T026,巡航,13049.244471680746,13069.00795890411,中继,R008
T026,巡航,13069.00795890411,13088.771446127477,中继,R008
T026,巡航,13088.771446127477,13108.534933350844,中继,R008
T026,巡航,13108.534933350844,13128.298420574209,中继,R008
T026,巡航,13128.298420574209,13148.061907797575,中继,R008
T026,巡航,13148.061907797575,13167.825395020942,中继,R008
T026,巡航,13167.825395020942,13187.588882244308,中继,R008
T026,下降,13187.588882244308,13202.497924602707,中继,R008
T026,下降,13202.497924602707,13217.406966961105,中继,R008
T026,下降,13217.406966961105,13232.316009319504,中继,R008
T026,投送,13232.316009319504,13252.116009319503,中继,R008
T026,投送,13252.116009319503,13271.916009319502,中继,R008
T026,投送,13271.916009319502,13291.716009319503,中继,R008
T026,投送,13291.716009319503,13311.516009319503,中继,R008
T026,投送,13311.516009319503,13331.316009319504,中继,R008
T026,投送,13331.316009319504,13351.116009319503,中继,R008
T026,投送,13351.116009319503,13370.916009319502,中继,R008
T026,投送,13370.916009319502,13390.716009319503,中继,R008
T026,投送,13390.716009319503,13410.516009319503,中继,R008
T026,投送,13410.516009319503,13430.316009319504,中继,R008
T026,投送,13430.316009319504,13450.116009319503,中继,R008
T026,投送,13450.116009319503,13469.916009319502,中继,R008
T026,投送,13469.916009319502,13489.716009319503,中继,R008
T026,投送,13489.716009319503,13509.516009319503,中继,R008
T026,投送,13509.516009319503,13529.316009319504,中继,R008
T026,投送,13529.316009319504,13549.116009319503,中继,R008
T026,投送,13549.116009319503,13568.916009319502,中继,R008
T026,投送,13568.916009319502,13588.716009319503,中继,R008
T026,投送,13588.716009319503,13608.516009319503,中继,R008
T026,投送,13608.516009319503,13628.316009319504,中继,R008
T026,爬升,13628.316009319504,13646.206860149581,中继,R008
T026,爬升,13646.206860149581,13664.097710979659,中继,R008
T026,巡航,13664.097710979659,13683.861198203025,中继,R008
T026,巡航,13683.861198203025,13703.624685426392,中继,R008
T026,巡航,13703.624685426392,13723.388172649757,中继,R008
T026,巡航,13723.388172649757,13743.151659873123,中继,R008
T026,巡航,13743.151659873123,13762.91514709649,中继,R008
T026,巡航,13762.91514709649,13782.678634319855,中继,R008
T026,巡航,13782.678634319855,13802.442121543221,中继,R008
T026,巡航,13802.442121543221,13822.205608766588,中继,R008
T026,巡航,13822.205608766588,13841.969095989953,中继,R008
T026,巡航,13841.969095989953,13861.73258321332,中继,R008
T026,巡航,13861.73258321332,13881.496070436686,中继,R008
T026,巡航,13881.496070436686,13901.259557660052,中继,R008
T026,巡航,13901.259557660052,13921.023044883417,直连,
T026,巡航,13921.023044883417,13940.786532106784,直连,
T026,巡航,13940.786532106784,13960.55001933015,直连,
T026,巡航,13960.55001933015,13980.313506553515,直连,
T026,巡航,13980.313506553515,14000.076993776882,直连,
T026,巡航,14000.076993776882,14019.840481000248,直连,
T026,巡航,14019.840481000248,14039.603968223615,直连,
T026,巡航,14039.603968223615,14059.36745544698,直连,
T026,巡航,14059.36745544698,14079.130942670346,直连,
T026,巡航,14079.130942670346,14098.894429893713,直连,
T026,巡航,14098.894429893713,14118.657917117078,直连,
T026,巡航,14118.657917117078,14138.421404340444,直连,
T026,巡航,14138.421404340444,14158.184891563811,直连,
T026,下降,14158.184891563811,14176.31031697885,直连,
T026,下降,14176.31031697885,14194.435742393889,直连,
T026,下降,14194.435742393889,14212.561167808928,直连,
T026,下降,14212.561167808928,14230.686593223967,直连,
T026,下降,14230.686593223967,14248.812018639006,直连,
T027,爬升,12760.0,12779.071827148438,直连,
T027,爬升,12779.071827148438,12798.143654296875,直连,
T027,爬升,12798.143654296875,12817.215481445313,直连,
T027,爬升,12817.215481445313,12836.28730859375,直连,
T027,爬升,12836.28730859375,12855.359135742188,直连,
T027,巡航,12855.359135742188,12874.669745519484,直连,
T027,巡航,12874.669745519484,12893.98035529678,直连,
T027,巡航,12893.98035529678,12913.290965074077,直连,
T027,巡航,12913.290965074077,12932.601574851373,直连,
T027,巡航,12932.601574851373,12951.91218462867,直连,
T027,巡航,12951.91218462867,12971.222794405967,直连,
T027,巡航,12971.222794405967,12990.533404183263,直连,
T027,巡航,12990.533404183263,13009.84401396056,直连,
T027,巡航,13009.84401396056,13029.154623737855,直连,
T027,巡航,13029.154623737855,13048.465233515153,直连,
T027,巡航,13048.465233515153,13067.77584329245,直连,
T027,下降,13067.77584329245,13080.600303131316,直连,
T027,下降,13080.600303131316,13093.424762970184,直连,
T027,投送,13093.424762970184,13112.483586499595,直连,
T027,投送,13112.483586499595,13131.542410029007,直连,
T027,投送,13131.542410029007,13150.601233558418,直连,
T027,投送,13150.601233558418,13169.66005708783,直连,
T027,投送,13169.66005708783,13188.718880617242,直连,
T027,投送,13188.718880617242,13207.777704146654,直连,
T027,投送,13207.777704146654,13226.836527676065,直连,
T027,投送,13226.836527676065,13245.895351205478,直连,
T027,投送,13245.895351205478,13264.954174734889,直连,
T027,投送,13264.954174734889,13284.012998264301,直连,
T027,投送,13284.012998264301,13303.071821793712,直连,
T027,投送,13303.071821793712,13322.130645323125,直连,
T027,投送,13322.130645323125,13341.189468852535,直连,
T027,投送,13341.189468852535,13360.248292381948,直连,
T027,投送,13360.248292381948,13379.30711591136,直连,
T027,投送,13379.30711591136,13398.365939440771,直连,
T027,投送,13398.365939440771,13417.424762970184,直连,
T027,爬升,13417.424762970184,13427.684330841277,直连,
T027,爬升,13427.684330841277,13437.94389871237,直连,
T027,巡航,13437.94389871237,13457.254508489666,直连,
T027,巡航,13457.254508489666,13476.565118266964,直连,
T027,巡航,13476.565118266964,13495.87572804426,直连,
T027,巡航,13495.87572804426,13515.186337821557,直连,
T027,巡航,13515.186337821557,13534.496947598853,直连,
T027,巡航,13534.496947598853,13553.807557376149,直连,
T027,巡航,13553.807557376149,13573.118167153447,直连,
T027,巡航,13573.118167153447,13592.428776930743,直连,
T027,巡航,13592.428776930743,13611.73938670804,直连,
T027,巡航,13611.73938670804,13631.049996485335,直连,
T027,巡航,13631.049996485335,13650.360606262631,直连,
T027,下降,13650.360606262631,13670.227092875588,直连,
T027,下降,13670.227092875588,13690.093579488544,直连,
T027,下降,13690.093579488544,13709.9600661015,直连,
T027,下降,13709.9600661015,13729.826552714456,直连,
T027,下降,13729.826552714456,13749.69303932741,直连,
T027,下降,13749.69303932741,13769.559525940367,直连,
T028,爬升,14250.0,14269.293517252605,直连,
T028,爬升,14269.293517252605,14288.587034505208,直连,
T028,爬升,14288.587034505208,14307.880551757813,直连,
T028,爬升,14307.880551757813,14327.174069010416,直连,
T028,爬升,14327.174069010416,14346.467586263021,直连,
T028,爬升,14346.467586263021,14365.761103515624,直连,
T028,爬升,14365.761103515624,14385.05462076823,直连,
T028,爬升,14385.05462076823,14404.348138020834,直连,
T028,爬升,14404.348138020834,14423.641655273437,直连,
T028,巡航,14423.641655273437,14443.010529185574,直连,
T028,巡航,14443.010529185574,14462.37940309771,直连,
T028,巡航,14462.37940309771,14481.748277009847,直连,
T028,巡航,14481.748277009847,14501.117150921982,直连,
T028,巡航,14501.117150921982,14520.486024834117,直连,
T028,巡航,14520.486024834117,14539.854898746255,直连,
T028,巡航,14539.854898746255,14559.22377265839,直连,
T028,巡航,14559.22377265839,14578.592646570527,直连,
T028,巡航,14578.592646570527,14597.961520482662,直连,
T028,巡航,14597.961520482662,14617.3303943948,直连,
T028,巡航,14617.3303943948,14636.699268306935,直连,
T028,巡航,14636.699268306935,14656.068142219072,直连,
T028,巡航,14656.068142219072,14675.437016131207,直连,
T028,巡航,14675.437016131207,14694.805890043343,中继,R009
T028,巡航,14694.805890043343,14714.17476395548,中继,R009
T028,巡航,14714.17476395548,14733.543637867615,中继,R009
T028,巡航,14733.543637867615,14752.912511779752,中继,R009
T028,巡航,14752.912511779752,14772.281385691887,中继,R009
T028,巡航,14772.281385691887,14791.650259604025,中继,R009
T028,巡航,14791.650259604025,14811.01913351616,中继,R009
T028,巡航,14811.01913351616,14830.388007428297,中继,R009
T028,巡航,14830.388007428297,14849.756881340432,中继,R009
T028,巡航,14849.756881340432,14869.125755252568,中继,R009
T028,巡航,14869.125755252568,14888.494629164705,中继,R009
T028,巡航,14888.494629164705,14907.86350307684,中继,R009
T028,下降,14907.86350307684,14926.472181258807,中继,R009
T028,下降,14926.472181258807,14945.080859440774,中继,R009
T028,下降,14945.080859440774,14963.68953762274,中继,R009
T028,下降,14963.68953762274,14982.298215804705,中继,R009
T028,下降,14982.298215804705,15000.906893986672,中继,R009
T028,下降,15000.906893986672,15019.515572168639,中继,R009
T028,投送,15019.515572168639,15039.315572168638,中继,R009
T028,投送,15039.315572168638,15059.115572168637,中继,R009
T028,投送,15059.115572168637,15078.915572168638,中继,R009
T028,投送,15078.915572168638,15098.715572168638,中继,R009
T028,投送,15098.715572168638,15118.515572168639,中继,R009
T028,投送,15118.515572168639,15138.315572168638,中继,R009
T028,投送,15138.315572168638,15158.115572168637,中继,R009
T028,投送,15158.115572168637,15177.915572168638,中继,R009
T028,投送,15177.915572168638,15197.715572168638,中继,R009
T028,投送,15197.715572168638,15217.515572168639,中继,R009
T028,投送,15217.515572168639,15237.315572168638,中继,R009
T028,投送,15237.315572168638,15257.115572168637,中继,R009
T028,投送,15257.115572168637,15276.915572168638,中继,R009
T028,投送,15276.915572168638,15296.715572168638,中继,R009
T028,投送,15296.715572168638,15316.515572168639,中继,R009
T028,投送,15316.515572168639,15336.315572168638,中继,R009
T028,投送,15336.315572168638,15356.115572168637,中继,R009
T028,投送,15356.115572168637,15375.915572168638,中继,R009
T028,投送,15375.915572168638,15395.715572168638,中继,R009
T028,投送,15395.715572168638,15415.515572168639,中继,R009
T028,爬升,15415.515572168639,15433.379903223326,中继,R009
T028,爬升,15433.379903223326,15451.244234278012,中继,R009
T028,爬升,15451.244234278012,15469.1085653327,中继,R009
T028,爬升,15469.1085653327,15486.972896387388,中继,R009
T028,爬升,15486.972896387388,15504.837227442076,中继,R009
T028,巡航,15504.837227442076,15524.206101354212,中继,R009
T028,巡航,15524.206101354212,15543.574975266347,中继,R009
T028,巡航,15543.574975266347,15562.943849178484,中继,R009
T028,巡航,15562.943849178484,15582.31272309062,中继,R009
T028,巡航,15582.31272309062,15601.681597002756,中继,R009
T028,巡航,15601.681597002756,15621.050470914892,中继,R009
T028,巡航,15621.050470914892,15640.419344827029,中继,R009
T028,巡航,15640.419344827029,15659.788218739164,中继,R009
T028,巡航,15659.788218739164,15679.157092651301,中继,R009
T028,巡航,15679.157092651301,15698.525966563437,中继,R009
T028,巡航,15698.525966563437,15717.894840475572,中继,R009
T028,巡航,15717.894840475572,15737.26371438771,中继,R009
T028,巡航,15737.26371438771,15756.632588299844,直连,
T028,巡航,15756.632588299844,15776.001462211982,直连,
T028,巡航,15776.001462211982,15795.370336124117,直连,
T028,巡航,15795.370336124117,15814.739210036254,直连,
T028,巡航,15814.739210036254,15834.10808394839,直连,
T028,巡航,15834.10808394839,15853.476957860526,直连,
T028,巡航,15853.476957860526,15872.845831772662,直连,
T028,巡航,15872.845831772662,15892.214705684797,直连,
T028,巡航,15892.214705684797,15911.583579596934,直连,
T028,巡航,15911.583579596934,15930.952453509071,直连,
T028,巡航,15930.952453509071,15950.321327421207,直连,
T028,巡航,15950.321327421207,15969.690201333342,直连,
T028,巡航,15969.690201333342,15989.05907524548,直连,
T028,下降,15989.05907524548,16008.791081526551,直连,
T028,下降,16008.791081526551,16028.523087807624,直连,
T028,下降,16028.523087807624,16048.255094088696,直连,
T028,下降,16048.255094088696,16067.987100369768,直连,
T028,下降,16067.987100369768,16087.71910665084,直连,
T028,下降,16087.71910665084,16107.451112931914,直连,
T028,下降,16107.451112931914,16127.183119212987,直连,
T028,下降,16127.183119212987,16146.915125494059,直连,
T028,下降,16146.915125494059,16166.647131775131,直连,
T028,下降,16166.647131775131,16186.379138056203,直连,
T028,下降,16186.379138056203,16206.111144337276,直连,
T029,爬升,14817.0,14836.213658752442,直连,
T029,爬升,14836.213658752442,14855.427317504882,直连,
T029,爬升,14855.427317504882,14874.640976257324,直连,
T029,爬升,14874.640976257324,14893.854635009766,直连,
T029,爬升,14893.854635009766,14913.068293762208,直连,
T029,爬升,14913.068293762208,14932.281952514648,直连,
T029,爬升,14932.281952514648,14951.49561126709,直连,
T029,爬升,14951.49561126709,14970.709270019532,直连,
T029,巡航,14970.709270019532,14989.603136667918,直连,
T029,巡航,14989.603136667918,15008.497003316303,直连,
T029,巡航,15008.497003316303,15027.390869964689,直连,
T029,巡航,15027.390869964689,15046.284736613075,直连,
T029,巡航,15046.284736613075,15065.178603261462,直连,
T029,巡航,15065.178603261462,15084.072469909848,直连,
T029,巡航,15084.072469909848,15102.966336558235,直连,
T029,巡航,15102.966336558235,15121.860203206621,直连,
T029,巡航,15121.860203206621,15140.754069855006,直连,
T029,巡航,15140.754069855006,15159.647936503392,直连,
T029,巡航,15159.647936503392,15178.541803151778,直连,
T029,巡航,15178.541803151778,15197.435669800165,直连,
T029,巡航,15197.435669800165,15216.329536448551,直连,
T029,巡航,15216.329536448551,15235.223403096938,中继,R009
T029,巡航,15235.223403096938,15254.117269745322,中继,R009
T029,巡航,15254.117269745322,15273.011136393709,中继,R009
T029,下降,15273.011136393709,15289.358453898592,中继,R009
T029,下降,15289.358453898592,15305.705771403475,中继,R009
T029,下降,15305.705771403475,15322.053088908358,中继,R009
T029,下降,15322.053088908358,15338.40040641324,中继,R009
T029,下降,15338.40040641324,15354.747723918123,中继,R009
T029,投送,15354.747723918123,15373.947723918123,中继,R009
T029,投送,15373.947723918123,15393.147723918124,中继,R009
T029,投送,15393.147723918124,15412.347723918123,中继,R009
T029,投送,15412.347723918123,15431.547723918124,中继,R009
T029,投送,15431.547723918124,15450.747723918123,中继,R009
T029,投送,15450.747723918123,15469.947723918123,中继,R009
T029,投送,15469.947723918123,15489.147723918124,中继,R009
T029,投送,15489.147723918124,15508.347723918123,中继,R009
T029,投送,15508.347723918123,15527.547723918124,中继,R009
T029,投送,15527.547723918124,15546.747723918123,中继,R009
T029,投送,15546.747723918123,15565.947723918123,中继,R009
T029,投送,15565.947723918123,15585.147723918124,中继,R009
T029,投送,15585.147723918124,15604.347723918123,中继,R009
T029,投送,15604.347723918123,15623.547723918124,中继,R009
T029,投送,15623.547723918124,15642.747723918123,中继,R009
T029,爬升,15642.747723918123,15659.095041423006,中继,R009
T029,爬升,15659.095041423006,15675.442358927889,中继,R009
T029,爬升,15675.442358927889,15691.789676432772,中继,R009
T029,爬升,15691.789676432772,15708.136993937655,中继,R009
T029,巡航,15708.136993937655,15727.030860586041,中继,R009
T029,巡航,15727.030860586041,15745.924727234427,中继,R009
T029,巡航,15745.924727234427,15764.818593882814,中继,R009
T029,巡航,15764.818593882814,15783.712460531198,直连,
T029,巡航,15783.712460531198,15802.606327179585,直连,
T029,巡航,15802.606327179585,15821.500193827971,直连,
T029,巡航,15821.500193827971,15840.394060476357,直连,
T029,巡航,15840.394060476357,15859.287927124744,直连,
T029,巡航,15859.287927124744,15878.18179377313,直连,
T029,巡航,15878.18179377313,15897.075660421517,直连,
T029,巡航,15897.075660421517,15915.969527069901,直连,
T029,巡航,15915.969527069901,15934.863393718288,直连,
T029,巡航,15934.863393718288,15953.757260366674,直连,
T029,巡航,15953.757260366674,15972.65112701506,直连,
T029,巡航,15972.65112701506,15991.544993663447,直连,
T029,巡航,15991.544993663447,16010.438860311833,直连,
T029,下降,16010.438860311833,16029.652519064273,直连,
T029,下降,16029.652519064273,16048.866177816715,直连,
T029,下降,16048.866177816715,16068.079836569157,直连,
T029,下降,16068.079836569157,16087.293495321599,直连,
T029,下降,16087.293495321599,16106.50715407404,直连,
T029,下降,16106.50715407404,16125.720812826481,直连,
T029,下降,16125.720812826481,16144.934471578923,直连,
T029,下降,16144.934471578923,16164.148130331363,直连,
T029,下降,16164.148130331363,16183.361789083805,直连,
T029,下降,16183.361789083805,16202.575447836247,直连,
T030,爬升,16533.0,16551.0987882487,直连,
T030,爬升,16551.0987882487,16569.197576497394,直连,
T030,爬升,16569.197576497394,16587.296364746093,直连,
T030,爬升,16587.296364746093,16605.39515299479,直连,
T030,爬升,16605.39515299479,16623.49394124349,直连,
T030,爬升,16623.49394124349,16641.592729492186,直连,
T030,巡航,16641.592729492186,16660.60930612419,直连,
T030,巡航,16660.60930612419,16679.625882756198,直连,
T030,巡航,16679.625882756198,16698.642459388204,直连,
T030,巡航,16698.642459388204,16717.65903602021,直连,
T030,巡航,16717.65903602021,16736.675612652216,直连,
T030,巡航,16736.675612652216,16755.692189284222,直连,
T030,巡航,16755.692189284222,16774.708765916228,直连,
T030,巡航,16774.708765916228,16793.725342548234,直连,
T030,巡航,16793.725342548234,16812.74191918024,直连,
T030,巡航,16812.74191918024,16831.758495812246,直连,
T030,巡航,16831.758495812246,16850.775072444252,直连,
T030,巡航,16850.775072444252,16869.79164907626,直连,
T030,巡航,16869.79164907626,16888.808225708264,直连,
T030,巡航,16888.808225708264,16907.82480234027,中继,R010
T030,巡航,16907.82480234027,16926.841378972276,中继,R010
T030,巡航,16926.841378972276,16945.857955604282,中继,R010
T030,巡航,16945.857955604282,16964.87453223629,中继,R010
T030,下降,16964.87453223629,16976.744988168903,中继,R010
T030,下降,16976.744988168903,16988.61544410152,中继,R010
T030,投送,16988.61544410152,17008.251807737885,中继,R010
T030,投送,17008.251807737885,17027.88817137425,中继,R010
T030,投送,17027.88817137425,17047.524535010612,中继,R010
T030,投送,17047.524535010612,17067.160898646976,中继,R010
T030,投送,17067.160898646976,17086.79726228334,中继,R010
T030,投送,17086.79726228334,17106.433625919704,中继,R010
T030,投送,17106.433625919704,17126.06998955607,中继,R010
T030,投送,17126.06998955607,17145.70635319243,中继,R010
T030,投送,17145.70635319243,17165.342716828793,中继,R010
T030,投送,17165.342716828793,17184.979080465157,中继,R010
T030,投送,17184.979080465157,17204.61544410152,中继,R010
T030,爬升,17204.61544410152,17223.608173593708,中继,R010
T030,巡航,17223.608173593708,17242.624750225714,中继,R010
T030,巡航,17242.624750225714,17261.64132685772,中继,R010
T030,巡航,17261.64132685772,17280.657903489726,中继,R010
T030,巡航,17280.657903489726,17299.674480121732,中继,R010
T030,巡航,17299.674480121732,17318.691056753738,直连,
T030,巡航,17318.691056753738,17337.707633385744,直连,
T030,巡航,17337.707633385744,17356.72421001775,直连,
T030,巡航,17356.72421001775,17375.740786649756,直连,
T030,巡航,17375.740786649756,17394.757363281762,直连,
T030,巡航,17394.757363281762,17413.773939913768,直连,
T030,巡航,17413.773939913768,17432.790516545774,直连,
T030,巡航,17432.790516545774,17451.80709317778,直连,
T030,巡航,17451.80709317778,17470.823669809786,直连,
T030,巡航,17470.823669809786,17489.84024644179,直连,
T030,巡航,17489.84024644179,17508.856823073795,直连,
T030,巡航,17508.856823073795,17527.8733997058,直连,
T030,巡航,17527.8733997058,17546.889976337807,直连,
T030,下降,17546.889976337807,17566.281535175698,直连,
T030,下降,17566.281535175698,17585.67309401359,直连,
T030,下降,17585.67309401359,17605.06465285148,直连,
T030,下降,17605.06465285148,17624.456211689372,直连,
T030,下降,17624.456211689372,17643.84777052726,直连,
T030,下降,17643.84777052726,17663.23932936515,直连,
T030,下降,17663.23932936515,17682.630888203043,直连,
T031,爬升,17066.0,17082.76617553711,直连,
T031,爬升,17082.76617553711,17099.53235107422,直连,
T031,爬升,17099.53235107422,17116.29852661133,直连,
T031,爬升,17116.29852661133,17133.064702148436,直连,
T031,巡航,17133.064702148436,17151.785355926815,直连,
T031,巡航,17151.785355926815,17170.50600970519,直连,
T031,巡航,17170.50600970519,17189.226663483565,直连,
T031,巡航,17189.226663483565,17207.947317261944,直连,
T031,巡航,17207.947317261944,17226.66797104032,直连,
T031,巡航,17226.66797104032,17245.388624818694,直连,
T031,巡航,17245.388624818694,17264.109278597072,直连,
T031,巡航,17264.109278597072,17282.829932375447,直连,
T031,巡航,17282.829932375447,17301.550586153822,直连,
T031,巡航,17301.550586153822,17320.2712399322,直连,
T031,下降,17320.2712399322,17334.148199160714,直连,
T031,下降,17334.148199160714,17348.02515838923,直连,
T031,下降,17348.02515838923,17361.90211761775,直连,
T031,投送,17361.90211761775,17381.538481254112,直连,
T031,投送,17381.538481254112,17401.174844890473,直连,
T031,投送,17401.174844890473,17420.811208526837,直连,
T031,投送,17420.811208526837,17440.4475721632,直连,
T031,投送,17440.4475721632,17460.083935799565,直连,
T031,投送,17460.083935799565,17479.72029943593,直连,
T031,投送,17479.72029943593,17499.356663072293,直连,
T031,投送,17499.356663072293,17518.993026708657,直连,
T031,投送,17518.993026708657,17538.62939034502,直连,
T031,投送,17538.62939034502,17558.265753981384,直连,
T031,投送,17558.265753981384,17577.90211761775,直连,
T031,爬升,17577.90211761775,17594.554468691967,直连,
T031,爬升,17594.554468691967,17611.206819766183,直连,
T031,巡航,17611.206819766183,17629.92747354456,直连,
T031,巡航,17629.92747354456,17648.648127322936,直连,
T031,巡航,17648.648127322936,17667.368781101315,直连,
T031,巡航,17667.368781101315,17686.08943487969,直连,
T031,巡航,17686.08943487969,17704.810088658065,直连,
T031,巡航,17704.810088658065,17723.530742436444,直连,
T031,巡航,17723.530742436444,17742.25139621482,直连,
T031,巡航,17742.25139621482,17760.972049993194,直连,
T031,巡航,17760.972049993194,17779.692703771572,直连,
T031,巡航,17779.692703771572,17798.413357549947,直连,
T031,下降,17798.413357549947,17815.179533087055,直连,
T031,下降,17815.179533087055,17831.945708624167,直连,
T031,下降,17831.945708624167,17848.711884161276,直连,
T031,下降,17848.711884161276,17865.478059698384,直连,
T031,下降,17865.478059698384,17882.244235235496,直连,
