sortie_id,stage,start_s,end_s,mode,relay_id,comm_row_index,status,method,margin_db,worst_distance_m,pessimistic_obstructed,witness_s,reason
T001,爬升,360.0,375.10452117919925,直连,,1,PASS,worst_obstruction_endpoint_distance,43.878709413313516,25.31356353759776,True,,端点最大距离且全时段按遮挡计损仍满足双向预算
T001,爬升,375.10452117919925,390.2090423583985,直连,,2,PASS,worst_obstruction_endpoint_distance,34.966344352585295,70.62712707519552,True,,端点最大距离且全时段按遮挡计损仍满足双向预算
T001,爬升,390.2090423583985,405.31356353759776,直连,,3,PASS,worst_obstruction_endpoint_distance,30.66105750651289,115.94069061279328,True,,端点最大距离且全时段按遮挡计损仍满足双向预算
T001,爬升,405.31356353759776,420.418084716797,直连,,4,PASS,worst_obstruction_endpoint_distance,27.79555154865507,161.25425415039103,True,,端点最大距离且全时段按遮挡计损仍满足双向预算
T001,巡航,420.418084716797,440.18157194016305,直连,,5,PASS,worst_obstruction_endpoint_distance,21.38103723570191,337.4713404244516,True,,端点最大距离且全时段按遮挡计损仍满足双向预算
T001,巡航,440.18157194016305,459.9450591635291,直连,,6,PASS,worst_obstruction_endpoint_distance,16.17615903644753,614.4418760035281,True,,端点最大距离且全时段按遮挡计损仍满足双向预算
T001,巡航,459.9450591635291,479.7085463868952,直连,,7,PASS,worst_obstruction_endpoint_distance,12.823774280234389,903.8576628091926,True,,端点最大距离且全时段按遮挡计损仍满足双向预算
T001,巡航,479.7085463868952,499.47203361026124,直连,,8,PASS,worst_obstruction_endpoint_distance,10.385900789493661,1196.723223014895,True,,端点最大距离且全时段按遮挡计损仍满足双向预算
T001,巡航,499.47203361026124,519.2355208336273,直连,,9,PASS,worst_obstruction_endpoint_distance,8.476180856524223,1491.0071135443768,True,,端点最大距离且全时段按遮挡计损仍满足双向预算
T001,巡航,519.2355208336273,538.9990080569934,直连,,10,PASS,worst_obstruction_endpoint_distance,6.908105372473543,1786.0083692495245,True,,端点最大距离且全时段按遮挡计损仍满足双向预算
T001,巡航,538.9990080569934,558.7624952803594,直连,,11,PASS,worst_obstruction_endpoint_distance,5.578572376014165,2081.421994615999,True,,端点最大距离且全时段按遮挡计损仍满足双向预算
T001,巡航,558.7624952803594,578.5259825037255,直连,,12,PASS,worst_obstruction_endpoint_distance,4.424847125248689,2377.0942527732964,True,,端点最大距离且全时段按遮挡计损仍满足双向预算
T001,巡航,578.5259825037255,598.2894697270915,直连,,13,PASS,worst_obstruction_endpoint_distance,3.4059931797055043,2672.939317626779,True,,端点最大距离且全时段按遮挡计损仍满足双向预算
T001,巡航,598.2894697270915,618.0529569504575,直连,,14,PASS,worst_obstruction_endpoint_distance,2.4938475922613463,2968.9055301769163,True,,端点最大距离且全时段按遮挡计损仍满足双向预算
T001,巡航,618.0529569504575,637.8164441738236,直连,,15,PASS,worst_obstruction_endpoint_distance,1.6682180133278024,3264.9599447416617,True,,端点最大距离且全时段按遮挡计损仍满足双向预算
T001,巡航,637.8164441738236,657.5799313971897,直连,,16,PASS,worst_obstruction_endpoint_distance,0.9141391873638156,3561.0805630696686,True,,端点最大距离且全时段按遮挡计损仍满足双向预算
T001,巡航,657.5799313971897,677.3434186205557,直连,,17,PASS,worst_obstruction_endpoint_distance,0.2202145974620322,3857.2521378350943,True,,端点最大距离且全时段按遮挡计损仍满足双向预算
T001,巡航,677.3434186205557,697.1069058439218,中继,R001,18,PASS,worst_obstruction_endpoint_distance,1.7986941689042766,1611.9592170068474,True,,端点最大距离且全时段按遮挡计损仍满足双向预算
T001,巡航,697.1069058439218,716.8703930672878,中继,R001,19,PASS,worst_obstruction_endpoint_distance,3.548725382916672,1317.8090603809612,True,,端点最大距离且全时段按遮挡计损仍满足双向预算
T001,巡航,716.8703930672878,736.6338802906539,中继,R001,20,PASS,worst_obstruction_endpoint_distance,5.731414163795407,1024.9862751293902,True,,端点最大距离且全时段按遮挡计损仍满足双向预算
T001,巡航,736.6338802906539,756.39736751402,中继,R001,21,PASS,worst_obstruction_endpoint_distance,8.619096337392278,735.0788740248184,True,,端点最大距离且全时段按遮挡计损仍满足双向预算
T001,巡航,756.39736751402,776.160854737386,中继,R002,22,PASS,worst_obstruction_endpoint_distance,0.0883123486256494,1962.7868552554803,True,,端点最大距离且全时段按遮挡计损仍满足双向预算
T001,巡航,776.160854737386,795.924341960752,中继,R001,23,PASS,worst_obstruction_endpoint_distance,17.87171950183982,253.33942657084106,True,,端点最大距离且全时段按遮挡计损仍满足双向预算
T001,巡航,795.924341960752,815.6878291841181,中继,R001,24,PASS,worst_obstruction_endpoint_distance,11.846499345070555,506.94844008022034,True,,端点最大距离且全时段按遮挡计损仍满足双向预算
T001,巡航,815.6878291841181,835.4513164074842,中继,R001,25,PASS,worst_obstruction_endpoint_distance,7.982943005401779,790.9364822770917,True,,端点最大距离且全时段按遮挡计损仍满足双向预算
T001,巡航,835.4513164074842,855.2148036308502,中继,R001,26,PASS,worst_obstruction_endpoint_distance,5.2641680033805756,1081.634069057801,True,,端点最大距离且全时段按遮挡计损仍满足双向预算
T001,巡航,855.2148036308502,874.9782908542163,中继,R001,27,PASS,worst_obstruction_endpoint_distance,3.1810377706371042,1374.7915994615264,True,,端点最大距离且全时段按遮挡计损仍满足双向预算
T001,巡航,874.9782908542163,894.7417780775824,中继,R001,28,PASS,worst_obstruction_endpoint_distance,1.4960582519514247,1669.113407412768,True,,端点最大距离且全时段按遮挡计损仍满足双向预算
T001,巡航,894.7417780775824,914.5052653009484,中继,R001,29,PASS,worst_obstruction_endpoint_distance,0.08260871375279066,1964.076152778362,True,,端点最大距离且全时段按遮挡计损仍满足双向预算
T001,下降,914.5052653009484,932.3961161310265,中继,R001,30,PASS,worst_obstruction_endpoint_distance,0.08260871375279066,1964.076152778362,True,,端点最大距离且全时段按遮挡计损仍满足双向预算
T001,下降,932.3961161310265,950.2869669611046,中继,R001,31,PASS,worst_obstruction_endpoint_distance,0.0804771903531929,1964.5581975862738,True,,端点最大距离且全时段按遮挡计损仍满足双向预算
T001,投送,950.2869669611046,969.3778760520137,中继,R001,32,PASS,exact_point,0.0804771903531929,1964.5581975862738,,,独立计算 DEM 遮挡、自由空间损耗与双向预算
T001,投送,969.3778760520137,988.4687851429227,中继,R001,33,PASS,exact_point,0.0804771903531929,1964.5581975862738,,,独立计算 DEM 遮挡、自由空间损耗与双向预算
T001,投送,988.4687851429227,1007.5596942338318,中继,R001,34,PASS,exact_point,0.0804771903531929,1964.5581975862738,,,独立计算 DEM 遮挡、自由空间损耗与双向预算
T001,投送,1007.5596942338318,1026.6506033247408,中继,R001,35,PASS,exact_point,0.0804771903531929,1964.5581975862738,,,独立计算 DEM 遮挡、自由空间损耗与双向预算
T001,投送,1026.6506033247408,1045.74151241565,中继,R001,36,PASS,exact_point,0.0804771903531929,1964.5581975862738,,,独立计算 DEM 遮挡、自由空间损耗与双向预算
T001,投送,1045.74151241565,1064.832421506559,中继,R001,37,PASS,exact_point,0.0804771903531929,1964.5581975862738,,,独立计算 DEM 遮挡、自由空间损耗与双向预算
T001,投送,1064.832421506559,1083.923330597468,中继,R001,38,PASS,exact_point,0.0804771903531929,1964.5581975862738,,,独立计算 DEM 遮挡、自由空间损耗与双向预算
T001,投送,1083.923330597468,1103.0142396883773,中继,R001,39,PASS,exact_point,0.0804771903531929,1964.5581975862738,,,独立计算 DEM 遮挡、自由空间损耗与双向预算
T001,投送,1103.0142396883773,1122.1051487792863,中继,R001,40,PASS,exact_point,0.0804771903531929,1964.5581975862738,,,独立计算 DEM 遮挡、自由空间损耗与双向预算
T001,投送,1122.1051487792863,1141.1960578701955,中继,R001,41,PASS,exact_point,0.0804771903531929,1964.5581975862738,,,独立计算 DEM 遮挡、自由空间损耗与双向预算
T001,投送,1141.1960578701955,1160.2869669611046,中继,R001,42,PASS,exact_point,0.0804771903531929,1964.5581975862738,,,独立计算 DEM 遮挡、自由空间损耗与双向预算
T001,爬升,1160.2869669611046,1175.196009319503,中继,R001,43,PASS,worst_obstruction_endpoint_distance,0.0804771903531929,1964.5581975862738,True,,端点最大距离且全时段按遮挡计损仍满足双向预算
T001,爬升,1175.196009319503,1190.1050516779014,中继,R001,44,PASS,worst_obstruction_endpoint_distance,0.08260871375279066,1964.076152778362,True,,端点最大距离且全时段按遮挡计损仍满足双向预算
T001,巡航,1190.1050516779014,1209.8685389012676,中继,R001,45,PASS,worst_obstruction_endpoint_distance,0.08260871375279066,1964.076152778362,True,,端点最大距离且全时段按遮挡计损仍满足双向预算
T001,巡航,1209.8685389012676,1229.6320261246335,中继,R001,46,PASS,worst_obstruction_endpoint_distance,1.4960582519514247,1669.113407412768,True,,端点最大距离且全时段按遮挡计损仍满足双向预算
T001,巡航,1229.6320261246335,1249.3955133479997,中继,R001,47,PASS,worst_obstruction_endpoint_distance,3.1810377706371042,1374.7915994615264,True,,端点最大距离且全时段按遮挡计损仍满足双向预算
T001,巡航,1249.3955133479997,1269.1590005713656,中继,R001,48,PASS,worst_obstruction_endpoint_distance,5.2641680033805756,1081.634069057801,True,,端点最大距离且全时段按遮挡计损仍满足双向预算
T001,巡航,1269.1590005713656,1288.9224877947318,中继,R001,49,PASS,worst_obstruction_endpoint_distance,7.982943005401779,790.9364822770917,True,,端点最大距离且全时段按遮挡计损仍满足双向预算
T001,巡航,1288.9224877947318,1308.6859750180977,中继,R001,50,PASS,worst_obstruction_endpoint_distance,11.846499345070555,506.94844008022034,True,,端点最大距离且全时段按遮挡计损仍满足双向预算
T001,巡航,1308.6859750180977,1328.4494622414638,中继,R001,51,PASS,worst_obstruction_endpoint_distance,17.87171950183982,253.33942657084106,True,,端点最大距离且全时段按遮挡计损仍满足双向预算
T001,巡航,1328.4494622414638,1348.2129494648298,中继,R002,52,PASS,worst_obstruction_endpoint_distance,0.0883123486256494,1962.7868552554803,True,,端点最大距离且全时段按遮挡计损仍满足双向预算
T001,巡航,1348.2129494648298,1367.976436688196,中继,R001,53,PASS,worst_obstruction_endpoint_distance,8.619096337392278,735.0788740248184,True,,端点最大距离且全时段按遮挡计损仍满足双向预算
T001,巡航,1367.976436688196,1387.739923911562,中继,R001,54,PASS,worst_obstruction_endpoint_distance,5.731414163795407,1024.9862751293902,True,,端点最大距离且全时段按遮挡计损仍满足双向预算
T001,巡航,1387.739923911562,1407.503411134928,中继,R001,55,PASS,worst_obstruction_endpoint_distance,3.548725382916672,1317.8090603809612,True,,端点最大距离且全时段按遮挡计损仍满足双向预算
T001,巡航,1407.503411134928,1427.2668983582942,中继,R001,56,PASS,worst_obstruction_endpoint_distance,1.7986941689042766,1611.9592170068474,True,,端点最大距离且全时段按遮挡计损仍满足双向预算
T001,巡航,1427.2668983582942,1447.03038558166,直连,,57,PASS,worst_obstruction_endpoint_distance,0.2202145974620322,3857.2521378350943,True,,端点最大距离且全时段按遮挡计损仍满足双向预算
T001,巡航,1447.03038558166,1466.7938728050262,直连,,58,PASS,worst_obstruction_endpoint_distance,0.9141391873638156,3561.0805630696686,True,,端点最大距离且全时段按遮挡计损仍满足双向预算
T001,巡航,1466.7938728050262,1486.5573600283922,直连,,59,PASS,worst_obstruction_endpoint_distance,1.6682180133278024,3264.9599447416617,True,,端点最大距离且全时段按遮挡计损仍满足双向预算
T001,巡航,1486.5573600283922,1506.3208472517583,直连,,60,PASS,worst_obstruction_endpoint_distance,2.4938475922613463,2968.9055301769163,True,,端点最大距离且全时段按遮挡计损仍满足双向预算
T001,巡航,1506.3208472517583,1526.0843344751243,直连,,61,PASS,worst_obstruction_endpoint_distance,3.4059931797055043,2672.939317626779,True,,端点最大距离且全时段按遮挡计损仍满足双向预算
T001,巡航,1526.0843344751243,1545.8478216984904,直连,,62,PASS,worst_obstruction_endpoint_distance,4.424847125248689,2377.0942527732964,True,,端点最大距离且全时段按遮挡计损仍满足双向预算
T001,巡航,1545.8478216984904,1565.6113089218566,直连,,63,PASS,worst_obstruction_endpoint_distance,5.578572376014165,2081.421994615999,True,,端点最大距离且全时段按遮挡计损仍满足双向预算
T001,巡航,1565.6113089218566,1585.3747961452225,直连,,64,PASS,worst_obstruction_endpoint_distance,6.908105372473543,1786.0083692495245,True,,端点最大距离且全时段按遮挡计损仍满足双向预算
T001,巡航,1585.3747961452225,1605.1382833685886,直连,,65,PASS,worst_obstruction_endpoint_distance,8.476180856524223,1491.0071135443768,True,,端点最大距离且全时段按遮挡计损仍满足双向预算
T001,巡航,1605.1382833685886,1624.9017705919546,直连,,66,PASS,worst_obstruction_endpoint_distance,10.385900789493661,1196.723223014895,True,,端点最大距离且全时段按遮挡计损仍满足双向预算
T001,巡航,1624.9017705919546,1644.6652578153207,直连,,67,PASS,worst_obstruction_endpoint_distance,12.823774280234389,903.8576628091926,True,,端点最大距离且全时段按遮挡计损仍满足双向预算
T001,巡航,1644.6652578153207,1664.4287450386869,直连,,68,PASS,worst_obstruction_endpoint_distance,16.17615903644753,614.4418760035281,True,,端点最大距离且全时段按遮挡计损仍满足双向预算
T001,巡航,1664.4287450386869,1684.1922322620528,直连,,69,PASS,worst_obstruction_endpoint_distance,21.38103723570191,337.4713404244516,True,,端点最大距离且全时段按遮挡计损仍满足双向预算
T001,下降,1684.1922322620528,1702.3176576770918,直连,,70,PASS,worst_obstruction_endpoint_distance,27.79555154865507,161.25425415039103,True,,端点最大距离且全时段按遮挡计损仍满足双向预算
T001,下降,1702.3176576770918,1720.443083092131,直连,,71,PASS,worst_obstruction_endpoint_distance,30.661057506512876,115.94069061279339,True,,端点最大距离且全时段按遮挡计损仍满足双向预算
T001,下降,1720.443083092131,1738.56850850717,直连,,72,PASS,worst_obstruction_endpoint_distance,34.96634435258534,70.62712707519523,True,,端点最大距离且全时段按遮挡计损仍满足双向预算
T001,下降,1738.56850850717,1756.693933922209,直连,,73,PASS,worst_obstruction_endpoint_distance,43.87870941331357,25.313563537597616,True,,端点最大距离且全时段按遮挡计损仍满足双向预算
T002,爬升,360.0,378.3921013726129,直连,,74,PASS,worst_obstruction_endpoint_distance,41.02077101907942,35.176304117838754,True,,端点最大距离且全时段按遮挡计损仍满足双向预算
T002,爬升,378.3921013726129,396.78420274522574,直连,,75,PASS,worst_obstruction_endpoint_distance,32.82696128604417,90.35260823567731,True,,端点最大距离且全时段按遮挡计损仍满足双向预算
T002,爬升,396.78420274522574,415.17630411783864,直连,,76,PASS,worst_obstruction_endpoint_distance,28.68678949476505,145.52891235351603,True,,端点最大距离且全时段按遮挡计损仍满足双向预算
T002,巡航,415.17630411783864,434.9858486302419,直连,,77,PASS,worst_obstruction_endpoint_distance,23.042299255937408,278.72363386755046,True,,端点最大距离且全时段按遮挡计损仍满足双向预算
T002,巡航,434.9858486302419,454.79539314264514,直连,,78,PASS,worst_obstruction_endpoint_distance,18.015089112510367,497.2036437048075,True,,端点最大距离且全时段按遮挡计损仍满足双向预算
T002,巡航,454.79539314264514,474.60493765504845,直连,,79,PASS,worst_obstruction_endpoint_distance,14.70504532792016,727.8409593044431,True,,端点最大距离且全时段按遮挡计损仍满足双向预算
T002,巡航,474.60493765504845,494.4144821674517,直连,,80,PASS,worst_obstruction_endpoint_distance,12.28290326468398,961.9302782739034,True,,端点最大距离且全时段按遮挡计损仍满足双向预算
T002,巡航,494.4144821674517,514.224026679855,直连,,81,PASS,worst_obstruction_endpoint_distance,10.380636014729802,1197.4488122550842,True,,端点最大距离且全时段按遮挡计损仍满足双向预算
T002,巡航,514.224026679855,534.0335711922583,直连,,82,PASS,worst_obstruction_endpoint_distance,8.816655594821057,1433.6923851274319,True,,端点最大距离且全时段按遮挡计损仍满足双向预算
T002,巡航,534.0335711922583,553.8431157046615,直连,,83,PASS,worst_obstruction_endpoint_distance,7.4896079025761395,1670.3533913111703,True,,端点最大距离且全时段按遮挡计损仍满足双向预算
T002,巡航,553.8431157046615,573.6526602170647,直连,,84,PASS,worst_obstruction_endpoint_distance,6.337502248523691,1907.2764477258506,True,,端点最大距离且全时段按遮挡计损仍满足双向预算
T002,巡航,573.6526602170647,593.462204729468,直连,,85,PASS,worst_obstruction_endpoint_distance,5.3197616826318495,2144.374697604016,True,,端点最大距离且全时段按遮挡计损仍满足双向预算
T002,巡航,593.462204729468,613.2717492418712,直连,,86,PASS,worst_obstruction_endpoint_distance,4.408413986194461,2381.5958177008238,True,,端点最大距离且全时段按遮挡计损仍满足双向预算
T002,巡航,613.2717492418712,633.0812937542745,直连,,87,PASS,worst_obstruction_endpoint_distance,3.583375562031563,2618.9064193951385,True,,端点最大距离且全时段按遮挡计损仍满足双向预算
T002,巡航,633.0812937542745,652.8908382666777,直连,,88,PASS,worst_obstruction_endpoint_distance,2.829746817360757,2856.284199392131,True,,端点最大距离且全时段按遮挡计损仍满足双向预算
T002,巡航,652.8908382666777,672.7003827790811,直连,,89,PASS,worst_obstruction_endpoint_distance,2.136172771691605,3093.7136941443528,True,,端点最大距离且全时段按遮挡计损仍满足双向预算
T002,巡航,672.7003827790811,692.5099272914842,直连,,90,PASS,worst_obstruction_endpoint_distance,1.493803130317545,3331.183845792561,True,,端点最大距离且全时段按遮挡计损仍满足双向预算
T002,巡航,692.5099272914842,712.3194718038876,直连,,91,PASS,worst_obstruction_endpoint_distance,0.8956071136859975,3568.6865380824115,True,,端点最大距离且全时段按遮挡计损仍满足双向预算
T002,巡航,712.3194718038876,732.1290163162909,直连,,92,PASS,worst_obstruction_endpoint_distance,0.335907286108295,3806.2156795435512,True,,端点最大距离且全时段按遮挡计损仍满足双向预算
T002,巡航,732.1290163162909,751.9385608286941,中继,R001,93,PASS,worst_obstruction_endpoint_distance,1.5676432757999663,1655.4138885016293,True,,端点最大距离且全时段按遮挡计损仍满足双向预算
T002,巡航,751.9385608286941,771.7481053410974,中继,R001,94,PASS,worst_obstruction_endpoint_distance,2.9136544864661573,1417.770821093222,True,,端点最大距离且全时段按遮挡计损仍满足双向预算
T002,巡航,771.7481053410974,791.5576498535006,中继,R002,95,PASS,worst_obstruction_endpoint_distance,0.012848229143784806,1979.914092432215,True,,端点最大距离且全时段按遮挡计损仍满足双向预算
T002,巡航,791.5576498535006,811.367194365904,中继,R002,96,PASS,worst_obstruction_endpoint_distance,0.4569733433405929,1881.2221825775448,True,,端点最大距离且全时段按遮挡计损仍满足双向预算
T002,巡航,811.367194365904,831.1767388783071,中继,R002,97,PASS,worst_obstruction_endpoint_distance,0.7990355974087606,1808.5768953858048,True,,端点最大距离且全时段按遮挡计损仍满足双向预算
T002,巡航,831.1767388783071,850.9862833907105,中继,R002,98,PASS,worst_obstruction_endpoint_distance,1.0099117981508812,1765.1969500075706,True,,端点最大距离且全时段按遮挡计损仍满足双向预算
T002,巡航,850.9862833907105,870.7958279031137,中继,R002,99,PASS,worst_obstruction_endpoint_distance,0.9696939973808156,1773.3891965316298,True,,端点最大距离且全时段按遮挡计损仍满足双向预算
T002,巡航,870.7958279031137,890.605372415517,中继,R002,100,PASS,worst_obstruction_endpoint_distance,0.7227307187954182,1824.5350987692664,True,,端点最大距离且全时段按遮挡计损仍满足双向预算
T002,下降,890.605372415517,903.2511548862201,中继,R002,101,PASS,worst_obstruction_endpoint_distance,0.7150983708654053,1826.1390342629602,True,,端点最大距离且全时段按遮挡计损仍满足双向预算
T002,下降,903.2511548862201,915.8969373569233,中继,R002,102,PASS,worst_obstruction_endpoint_distance,0.7048814896830464,1828.2883158723741,True,,端点最大距离且全时段按遮挡计损仍满足双向预算
T002,投送,915.8969373569233,934.9878464478325,中继,R002,103,PASS,exact_point,0.7048814896830464,1828.2883158723741,,,独立计算 DEM 遮挡、自由空间损耗与双向预算
T002,投送,934.9878464478325,954.0787555387416,中继,R002,104,PASS,exact_point,0.7048814896830464,1828.2883158723741,,,独立计算 DEM 遮挡、自由空间损耗与双向预算
T002,投送,954.0787555387416,973.1696646296506,中继,R002,105,PASS,exact_point,0.7048814896830464,1828.2883158723741,,,独立计算 DEM 遮挡、自由空间损耗与双向预算
T002,投送,973.1696646296506,992.2605737205597,中继,R002,106,PASS,exact_point,0.7048814896830464,1828.2883158723741,,,独立计算 DEM 遮挡、自由空间损耗与双向预算
T002,投送,992.2605737205597,1011.3514828114688,中继,R002,107,PASS,exact_point,0.7048814896830464,1828.2883158723741,,,独立计算 DEM 遮挡、自由空间损耗与双向预算
T002,投送,1011.3514828114688,1030.442391902378,中继,R002,108,PASS,exact_point,0.7048814896830464,1828.2883158723741,,,独立计算 DEM 遮挡、自由空间损耗与双向预算
T002,投送,1030.442391902378,1049.533300993287,中继,R002,109,PASS,exact_point,0.7048814896830464,1828.2883158723741,,,独立计算 DEM 遮挡、自由空间损耗与双向预算
T002,投送,1049.533300993287,1068.6242100841962,中继,R002,110,PASS,exact_point,0.7048814896830464,1828.2883158723741,,,独立计算 DEM 遮挡、自由空间损耗与双向预算
T002,投送,1068.6242100841962,1087.7151191751052,中继,R002,111,PASS,exact_point,0.7048814896830464,1828.2883158723741,,,独立计算 DEM 遮挡、自由空间损耗与双向预算
T002,投送,1087.7151191751052,1106.8060282660144,中继,R002,112,PASS,exact_point,0.7048814896830464,1828.2883158723741,,,独立计算 DEM 遮挡、自由空间损耗与双向预算
T002,投送,1106.8060282660144,1125.8969373569234,中继,R002,113,PASS,exact_point,0.7048814896830464,1828.2883158723741,,,独立计算 DEM 遮挡、自由空间损耗与双向预算
T002,爬升,1125.8969373569234,1136.4350894158429,中继,R002,114,PASS,worst_obstruction_endpoint_distance,0.7048814896830464,1828.2883158723741,True,,端点最大距离且全时段按遮挡计损仍满足双向预算
T002,爬升,1136.4350894158429,1146.973241474762,中继,R002,115,PASS,worst_obstruction_endpoint_distance,0.7150983708654053,1826.1390342629602,True,,端点最大距离且全时段按遮挡计损仍满足双向预算
T002,巡航,1146.973241474762,1166.7827859871654,中继,R002,116,PASS,worst_obstruction_endpoint_distance,0.7227307187954182,1824.5350987692664,True,,端点最大距离且全时段按遮挡计损仍满足双向预算
T002,巡航,1166.7827859871654,1186.5923304995686,中继,R002,117,PASS,worst_obstruction_endpoint_distance,0.9696939973808156,1773.3891965316298,True,,端点最大距离且全时段按遮挡计损仍满足双向预算
T002,巡航,1186.5923304995686,1206.401875011972,中继,R002,118,PASS,worst_obstruction_endpoint_distance,1.0099117981508812,1765.1969500075706,True,,端点最大距离且全时段按遮挡计损仍满足双向预算
T002,巡航,1206.401875011972,1226.211419524375,中继,R002,119,PASS,worst_obstruction_endpoint_distance,0.7990355974087606,1808.5768953858048,True,,端点最大距离且全时段按遮挡计损仍满足双向预算
T002,巡航,1226.211419524375,1246.0209640367784,中继,R002,120,PASS,worst_obstruction_endpoint_distance,0.4569733433405929,1881.2221825775448,True,,端点最大距离且全时段按遮挡计损仍满足双向预算
T002,巡航,1246.0209640367784,1265.8305085491816,中继,R002,121,PASS,worst_obstruction_endpoint_distance,0.012848229143784806,1979.914092432215,True,,端点最大距离且全时段按遮挡计损仍满足双向预算
T002,巡航,1265.8305085491816,1285.640053061585,中继,R001,122,PASS,worst_obstruction_endpoint_distance,2.9136544864661573,1417.770821093222,True,,端点最大距离且全时段按遮挡计损仍满足双向预算
T002,巡航,1285.640053061585,1305.4495975739883,中继,R001,123,PASS,worst_obstruction_endpoint_distance,1.5676432757999663,1655.4138885016293,True,,端点最大距离且全时段按遮挡计损仍满足双向预算
T002,巡航,1305.4495975739883,1325.2591420863914,直连,,124,PASS,worst_obstruction_endpoint_distance,0.335907286108295,3806.2156795435512,True,,端点最大距离且全时段按遮挡计损仍满足双向预算
T002,巡航,1325.2591420863914,1345.0686865987948,直连,,125,PASS,worst_obstruction_endpoint_distance,0.8956071136859407,3568.6865380824365,True,,端点最大距离且全时段按遮挡计损仍满足双向预算
T002,巡航,1345.0686865987948,1364.878231111198,直连,,126,PASS,worst_obstruction_endpoint_distance,1.493803130317545,3331.183845792561,True,,端点最大距离且全时段按遮挡计损仍满足双向预算
T002,巡航,1364.878231111198,1384.6877756236013,直连,,127,PASS,worst_obstruction_endpoint_distance,2.136172771691605,3093.7136941443528,True,,端点最大距离且全时段按遮挡计损仍满足双向预算
T002,巡航,1384.6877756236013,1404.4973201360046,直连,,128,PASS,worst_obstruction_endpoint_distance,2.829746817360757,2856.284199392131,True,,端点最大距离且全时段按遮挡计损仍满足双向预算
T002,巡航,1404.4973201360046,1424.3068646484078,直连,,129,PASS,worst_obstruction_endpoint_distance,3.583375562031563,2618.9064193951385,True,,端点最大距离且全时段按遮挡计损仍满足双向预算
T002,巡航,1424.3068646484078,1444.1164091608111,直连,,130,PASS,worst_obstruction_endpoint_distance,4.408413986194461,2381.5958177008238,True,,端点最大距离且全时段按遮挡计损仍满足双向预算
T002,巡航,1444.1164091608111,1463.9259536732143,直连,,131,PASS,worst_obstruction_endpoint_distance,5.3197616826318495,2144.374697604016,True,,端点最大距离且全时段按遮挡计损仍满足双向预算
T002,巡航,1463.9259536732143,1483.7354981856176,直连,,132,PASS,worst_obstruction_endpoint_distance,6.337502248523691,1907.2764477258506,True,,端点最大距离且全时段按遮挡计损仍满足双向预算
T002,巡航,1483.7354981856176,1503.545042698021,直连,,133,PASS,worst_obstruction_endpoint_distance,7.4896079025761395,1670.3533913111703,True,,端点最大距离且全时段按遮挡计损仍满足双向预算
T002,巡航,1503.545042698021,1523.3545872104241,直连,,134,PASS,worst_obstruction_endpoint_distance,8.816655594821057,1433.6923851274319,True,,端点最大距离且全时段按遮挡计损仍满足双向预算
T002,巡航,1523.3545872104241,1543.1641317228275,直连,,135,PASS,worst_obstruction_endpoint_distance,10.380636014729802,1197.4488122550842,True,,端点最大距离且全时段按遮挡计损仍满足双向预算
T002,巡航,1543.1641317228275,1562.9736762352306,直连,,136,PASS,worst_obstruction_endpoint_distance,12.28290326468398,961.9302782739034,True,,端点最大距离且全时段按遮挡计损仍满足双向预算
T002,巡航,1562.9736762352306,1582.783220747634,直连,,137,PASS,worst_obstruction_endpoint_distance,14.70504532792016,727.8409593044431,True,,端点最大距离且全时段按遮挡计损仍满足双向预算
T002,巡航,1582.783220747634,1602.5927652600371,直连,,138,PASS,worst_obstruction_endpoint_distance,18.015089112510367,497.2036437048075,True,,端点最大距离且全时段按遮挡计损仍满足双向预算
T002,巡航,1602.5927652600371,1622.4023097724405,直连,,139,PASS,worst_obstruction_endpoint_distance,23.042299255937408,278.72363386755046,True,,端点最大距离且全时段按遮挡计损仍满足双向预算
T002,下降,1622.4023097724405,1638.955201007792,直连,,140,PASS,worst_obstruction_endpoint_distance,28.68678949476505,145.52891235351603,True,,端点最大距离且全时段按遮挡计损仍满足双向预算
T002,下降,1638.955201007792,1655.5080922431437,直连,,141,PASS,worst_obstruction_endpoint_distance,31.592866209766527,104.14668426513703,True,,端点最大距离且全时段按遮挡计损仍满足双向预算
T002,下降,1655.5080922431437,1672.0609834784952,直连,,142,PASS,worst_obstruction_endpoint_distance,35.99149976120049,62.76445617675802,True,,端点最大距离且全时段按遮挡计损仍满足双向预算
T002,下降,1672.0609834784952,1688.6138747138468,直连,,143,PASS,worst_obstruction_endpoint_distance,45.34471600699305,21.38222808837901,True,,端点最大距离且全时段按遮挡计损仍满足双向预算
T003,爬升,359.99999999999994,378.6290839301215,直连,,144,PASS,worst_obstruction_endpoint_distance,40.84697113032533,35.88725179036473,True,,端点最大距离且全时段按遮挡计损仍满足双向预算
T003,爬升,378.6290839301215,397.258167860243,直连,,145,PASS,worst_obstruction_endpoint_distance,32.69133428513665,91.77450358072929,True,,端点最大距离且全时段按遮挡计损仍满足双向预算
T003,爬升,397.258167860243,415.8872517903646,直连,,146,PASS,worst_obstruction_endpoint_distance,28.560414627442924,147.661755371094,True,,端点最大距离且全时段按遮挡计损仍满足双向预算
T003,巡航,415.8872517903646,435.38793280950654,直连,,147,PASS,worst_obstruction_endpoint_distance,23.105539305522555,276.70167811112736,True,,端点最大距离且全时段按遮挡计损仍满足双向预算
T003,巡航,435.38793280950654,454.8886138286485,直连,,148,PASS,worst_obstruction_endpoint_distance,18.12842960559327,490.7578758212867,True,,端点最大距离且全时段按遮挡计损仍满足双向预算
T003,巡航,454.8886138286485,474.38929484779044,直连,,149,PASS,worst_obstruction_endpoint_distance,14.83071939347792,717.3858209025456,True,,端点最大距离且全时段按遮挡计损仍满足双向预算
T003,巡航,474.38929484779044,493.8899758669324,直连,,150,PASS,worst_obstruction_endpoint_distance,12.413199503853406,947.608140912613,True,,端点最大距离且全时段按遮挡计损仍满足双向预算
T003,巡航,493.8899758669324,513.3906568860743,直连,,151,PASS,worst_obstruction_endpoint_distance,10.513129561117665,1179.3216739957807,True,,端点最大距离且全时段按遮挡计损仍满足双向预算
T003,巡航,513.3906568860743,532.8913379052162,直连,,152,PASS,worst_obstruction_endpoint_distance,8.950358587344866,1411.7923650909095,True,,端点最大距离且全时段按遮挡计损仍满足双向预算
T003,巡航,532.8913379052162,552.3920189243582,直连,,153,PASS,worst_obstruction_endpoint_distance,7.624045631567327,1644.699183085985,True,,端点最大距离且全时段按遮挡计损仍满足双向预算
T003,巡航,552.3920189243582,571.8926999435001,直连,,154,PASS,worst_obstruction_endpoint_distance,6.472419076072541,1877.8798611459722,True,,端点最大距离且全时段按遮挡计损仍满足双向预算
T003,巡航,571.8926999435001,591.3933809626421,直连,,155,PASS,worst_obstruction_endpoint_distance,5.4550079972161996,2111.243660095177,True,,端点最大距离且全时段按遮挡计损仍满足双向预算
T003,巡航,591.3933809626421,610.894061981784,直连,,156,PASS,worst_obstruction_endpoint_distance,4.543896491300529,2344.7359043246097,True,,端点最大距离且全时段按遮挡计损仍满足双向预算
T003,巡航,610.894061981784,630.3947430009259,直连,,157,PASS,worst_obstruction_endpoint_distance,3.7190330961793165,2578.321698140954,True,,端点最大距离且全时段按遮挡计损仍满足双向预算
T003,巡航,630.3947430009259,649.8954240200679,直连,,158,PASS,worst_obstruction_endpoint_distance,2.9655376322348275,2811.977728667235,True,,端点最大距离且全时段按遮挡计损仍满足双向预算
T003,下降,649.8954240200679,666.5477750942866,直连,,159,PASS,worst_obstruction_endpoint_distance,2.9655376322348275,2811.977728667235,True,,端点最大距离且全时段按遮挡计损仍满足双向预算
T003,下降,666.5477750942866,683.2001261685054,直连,,160,PASS,worst_obstruction_endpoint_distance,2.9713422573941983,2810.099161870278,True,,端点最大距离且全时段按遮挡计损仍满足双向预算
T003,投送,683.2001261685054,702.2910352594146,直连,,161,PASS,exact_point,2.9752461696598544,2808.8364339208633,,,独立计算 DEM 遮挡、自由空间损耗与双向预算
T003,投送,702.2910352594146,721.3819443503236,直连,,162,PASS,exact_point,2.9752461696598544,2808.8364339208633,,,独立计算 DEM 遮挡、自由空间损耗与双向预算
T003,投送,721.3819443503236,740.4728534412327,直连,,163,PASS,exact_point,2.9752461696598544,2808.8364339208633,,,独立计算 DEM 遮挡、自由空间损耗与双向预算
T003,投送,740.4728534412327,759.5637625321418,直连,,164,PASS,exact_point,2.9752461696598544,2808.8364339208633,,,独立计算 DEM 遮挡、自由空间损耗与双向预算
T003,投送,759.5637625321418,778.654671623051,直连,,165,PASS,exact_point,2.9752461696598544,2808.8364339208633,,,独立计算 DEM 遮挡、自由空间损耗与双向预算
T003,投送,778.654671623051,797.74558071396,直连,,166,PASS,exact_point,2.9752461696598544,2808.8364339208633,,,独立计算 DEM 遮挡、自由空间损耗与双向预算
T003,投送,797.74558071396,816.8364898048691,直连,,167,PASS,exact_point,2.9752461696598544,2808.8364339208633,,,独立计算 DEM 遮挡、自由空间损耗与双向预算
T003,投送,816.8364898048691,835.9273988957782,直连,,168,PASS,exact_point,2.9752461696598544,2808.8364339208633,,,独立计算 DEM 遮挡、自由空间损耗与双向预算
T003,投送,835.9273988957782,855.0183079866872,直连,,169,PASS,exact_point,2.9752461696598544,2808.8364339208633,,,独立计算 DEM 遮挡、自由空间损耗与双向预算
T003,投送,855.0183079866872,874.1092170775963,直连,,170,PASS,exact_point,2.9752461696598544,2808.8364339208633,,,独立计算 DEM 遮挡、自由空间损耗与双向预算
T003,投送,874.1092170775963,893.2001261685054,直连,,171,PASS,exact_point,2.9752461696598544,2808.8364339208633,,,独立计算 DEM 遮挡、自由空间损耗与双向预算
T003,爬升,893.2001261685054,907.0770853970212,直连,,172,PASS,worst_obstruction_endpoint_distance,2.9713422573941983,2810.099161870278,True,,端点最大距离且全时段按遮挡计损仍满足双向预算
T003,爬升,907.0770853970212,920.9540446255368,直连,,173,PASS,worst_obstruction_endpoint_distance,2.9655376322348275,2811.977728667235,True,,端点最大距离且全时段按遮挡计损仍满足双向预算
T003,巡航,920.9540446255368,940.4547256446787,直连,,174,PASS,worst_obstruction_endpoint_distance,2.9655376322348275,2811.977728667235,True,,端点最大距离且全时段按遮挡计损仍满足双向预算
T003,巡航,940.4547256446787,959.9554066638207,直连,,175,PASS,worst_obstruction_endpoint_distance,3.7190330961792313,2578.3216981409755,True,,端点最大距离且全时段按遮挡计损仍满足双向预算
T003,巡航,959.9554066638207,979.4560876829626,直连,,176,PASS,worst_obstruction_endpoint_distance,4.543896491302121,2344.735904324178,True,,端点最大距离且全时段按遮挡计损仍满足双向预算
T003,巡航,979.4560876829626,998.9567687021046,直连,,177,PASS,worst_obstruction_endpoint_distance,5.4550079972161996,2111.243660095177,True,,端点最大距离且全时段按遮挡计损仍满足双向预算
T003,巡航,998.9567687021046,1018.4574497212465,直连,,178,PASS,worst_obstruction_endpoint_distance,6.472419076072541,1877.8798611459722,True,,端点最大距离且全时段按遮挡计损仍满足双向预算
T003,巡航,1018.4574497212465,1037.9581307403885,直连,,179,PASS,worst_obstruction_endpoint_distance,7.624045631567327,1644.699183085985,True,,端点最大距离且全时段按遮挡计损仍满足双向预算
T003,巡航,1037.9581307403885,1057.4588117595304,直连,,180,PASS,worst_obstruction_endpoint_distance,8.950358587344866,1411.7923650909095,True,,端点最大距离且全时段按遮挡计损仍满足双向预算
T003,巡航,1057.4588117595304,1076.9594927786723,直连,,181,PASS,worst_obstruction_endpoint_distance,10.513129561117822,1179.3216739957593,True,,端点最大距离且全时段按遮挡计损仍满足双向预算
T003,巡航,1076.9594927786723,1096.4601737978142,直连,,182,PASS,worst_obstruction_endpoint_distance,12.413199503853406,947.608140912613,True,,端点最大距离且全时段按遮挡计损仍满足双向预算
T003,巡航,1096.4601737978142,1115.9608548169563,直连,,183,PASS,worst_obstruction_endpoint_distance,14.83071939347792,717.3858209025456,True,,端点最大距离且全时段按遮挡计损仍满足双向预算
T003,巡航,1115.9608548169563,1135.4615358360982,直连,,184,PASS,worst_obstruction_endpoint_distance,18.12842960560056,490.75787582087463,True,,端点最大距离且全时段按遮挡计损仍满足双向预算
T003,巡航,1135.4615358360982,1154.96221685524,直连,,185,PASS,worst_obstruction_endpoint_distance,23.105539305523138,276.701678111109,True,,端点最大距离且全时段按遮挡计损仍满足双向预算
T003,下降,1154.96221685524,1171.7283923923494,直连,,186,PASS,worst_obstruction_endpoint_distance,28.560414627442924,147.661755371094,True,,端点最大距离且全时段按遮挡计损仍满足双向预算
T003,下降,1171.7283923923494,1188.4945679294588,直连,,187,PASS,worst_obstruction_endpoint_distance,31.460470195991434,105.74631652832062,True,,端点最大距离且全时段按遮挡计损仍满足双向预算
T003,下降,1188.4945679294588,1205.2607434665683,直连,,188,PASS,worst_obstruction_endpoint_distance,35.845158843874145,63.83087768554728,True,,端点最大距离且全时段按遮挡计损仍满足双向预算
T003,下降,1205.2607434665683,1222.0269190036777,直连,,189,PASS,worst_obstruction_endpoint_distance,45.13077173479178,21.91543884277337,True,,端点最大距离且全时段按遮挡计损仍满足双向预算
T004,爬升,360.0,379.0400663248698,直连,,190,PASS,worst_obstruction_endpoint_distance,40.553569255917964,37.12019897460948,True,,端点最大距离且全时段按遮挡计损仍满足双向预算
T004,爬升,379.0400663248698,398.0801326497396,直连,,191,PASS,worst_obstruction_endpoint_distance,32.46103293889698,94.24039794921879,True,,端点最大距离且全时段按遮挡计损仍满足双向预算
T004,爬升,398.0801326497396,417.1201989746094,直连,,192,PASS,worst_obstruction_endpoint_distance,28.34551852982844,151.3605969238282,True,,端点最大距离且全时段按遮挡计损仍满足双向预算
T004,爬升,417.1201989746094,436.1602652994792,直连,,193,PASS,worst_obstruction_endpoint_distance,25.564454038992494,208.48079589843752,True,,端点最大距离且全时段按遮挡计损仍满足双向预算
T004,爬升,436.1602652994792,455.200331624349,直连,,194,PASS,worst_obstruction_endpoint_distance,23.4611812166777,265.600994873047,True,,端点最大距离且全时段按遮挡计损仍满足双向预算
T004,巡航,455.200331624349,474.90819356080084,直连,,195,PASS,worst_obstruction_endpoint_distance,19.961022984094825,397.40891843474714,True,,端点最大距离且全时段按遮挡计损仍满足双向预算
T004,巡航,474.90819356080084,494.6160554972527,直连,,196,PASS,worst_obstruction_endpoint_distance,15.71220980707109,648.1540930775991,True,,端点最大距离且全时段按遮挡计损仍满足双向预算
T004,巡航,494.6160554972527,514.3239174337045,直连,,197,PASS,worst_obstruction_endpoint_distance,12.615695694557388,925.7718553957753,True,,端点最大距离且全时段按遮挡计损仍满足双向预算
T004,巡航,514.3239174337045,534.0317793701564,直连,,198,PASS,worst_obstruction_endpoint_distance,10.276198059579158,1211.9336813788218,True,,端点最大距离且全时段按遮挡计损仍满足双向预算
T004,巡航,534.0317793701564,553.7396413066083,直连,,199,PASS,worst_obstruction_endpoint_distance,8.41374566235858,1501.763259580158,True,,端点最大距离且全时段按遮挡计损仍满足双向预算
T004,巡航,553.7396413066083,573.44750324306,直连,,200,PASS,worst_obstruction_endpoint_distance,6.871828288485418,1793.4833279230154,True,,端点最大距离且全时段按遮挡计损仍满足双向预算
T004,巡航,573.44750324306,593.1553651795119,直连,,201,PASS,worst_obstruction_endpoint_distance,5.5582357768518165,2086.3010154813837,True,,端点最大距离且全时段按遮挡计损仍满足双向预算
T004,巡航,593.1553651795119,612.8632271159638,直连,,202,PASS,worst_obstruction_endpoint_distance,4.4149250998654,2379.8111956219427,True,,端点最大距离且全时段按遮挡计损仍满足双向预算
T004,巡航,612.8632271159638,632.5710890524156,直连,,203,PASS,worst_obstruction_endpoint_distance,3.4032428294939336,2673.7858265695286,True,,端点最大距离且全时段按遮挡计损仍满足双向预算
T004,巡航,632.5710890524156,652.2789509888675,直连,,204,PASS,worst_obstruction_endpoint_distance,2.4962429037207414,2968.0869067243466,True,,端点最大距离且全时段按遮挡计损仍满足双向预算
T004,巡航,652.2789509888675,671.9868129253193,直连,,205,PASS,worst_obstruction_endpoint_distance,1.6744290534633564,3262.6260964629014,True,,端点最大距离且全时段按遮挡计损仍满足双向预算
T004,巡航,671.9868129253193,691.6946748617711,直连,,206,PASS,worst_obstruction_endpoint_distance,0.9232572696648731,3557.344251646282,True,,端点最大距离且全时段按遮挡计损仍满足双向预算
T004,巡航,691.6946748617711,711.4025367982229,直连,,207,PASS,worst_obstruction_endpoint_distance,0.2315979591948718,3852.200296462618,True,,端点最大距离且全时段按遮挡计损仍满足双向预算
T004,巡航,711.4025367982229,731.1103987346748,中继,R002,208,PASS,worst_obstruction_endpoint_distance,1.5293471153497364,1662.7287360181615,True,,端点最大距离且全时段按遮挡计损仍满足双向预算
T004,巡航,731.1103987346748,750.8182606711266,中继,R002,209,PASS,worst_obstruction_endpoint_distance,3.1918929171144725,1373.0745338103702,True,,端点最大距离且全时段按遮挡计损仍满足双向预算
T004,巡航,750.8182606711266,770.5261226075785,中继,R002,210,PASS,worst_obstruction_endpoint_distance,5.224083731909346,1086.6372077029318,True,,端点最大距离且全时段按遮挡计损仍满足双向预算
T004,巡航,770.5261226075785,790.2339845440304,中继,R002,211,PASS,worst_obstruction_endpoint_distance,7.809918002431388,806.8501018641134,True,,端点最大距离且全时段按遮挡计损仍满足双向预算
T004,巡航,790.2339845440304,809.9418464804821,中继,R002,212,PASS,worst_obstruction_endpoint_distance,11.23265745479327,544.0713855181892,True,,端点最大距离且全时段按遮挡计损仍满足双向预算
T004,巡航,809.9418464804821,829.6497084169339,中继,R002,213,PASS,worst_obstruction_endpoint_distance,15.30868289058364,340.2942523009908,True,,端点最大距离且全时段按遮挡计损仍满足双向预算
T004,巡航,829.6497084169339,849.3575703533859,中继,R002,214,PASS,worst_obstruction_endpoint_distance,11.478649442313184,528.878955160324,True,,端点最大距离且全时段按遮挡计损仍满足双向预算
T004,巡航,849.3575703533859,869.0654322898376,中继,R002,215,PASS,worst_obstruction_endpoint_distance,7.995048454551593,789.834928744089,True,,端点最大距离且全时段按遮挡计损仍满足双向预算
T004,巡航,869.0654322898376,888.7732942262895,中继,R002,216,PASS,worst_obstruction_endpoint_distance,5.366280347934946,1068.9927034665866,True,,端点最大距离且全时段按遮挡计损仍满足双向预算
T004,巡航,888.7732942262895,908.4811561627414,中继,R002,217,PASS,worst_obstruction_endpoint_distance,3.306027817586582,1355.1499936956816,True,,端点最大距离且全时段按遮挡计损仍满足双向预算
T004,巡航,908.4811561627414,928.1890180991932,中继,R002,218,PASS,worst_obstruction_endpoint_distance,1.6242669914537942,1644.6572684634768,True,,端点最大距离且全时段按遮挡计损仍满足双向预算
T004,巡航,928.1890180991932,947.896880035645,中继,R002,219,PASS,worst_obstruction_endpoint_distance,0.2076130959518423,1936.0122613129108,True,,端点最大距离且全时段按遮挡计损仍满足双向预算
T004,下降,947.896880035645,965.6970126853846,中继,R002,220,PASS,worst_obstruction_endpoint_distance,0.2076130959518423,1936.0122613129108,True,,端点最大距离且全时段按遮挡计损仍满足双向预算
T004,下降,965.6970126853846,983.4971453351243,中继,R002,221,PASS,worst_obstruction_endpoint_distance,0.20735980617972416,1936.0687183109696,True,,端点最大距离且全时段按遮挡计损仍满足双向预算
T004,下降,983.4971453351243,1001.2972779848639,中继,R002,222,PASS,worst_obstruction_endpoint_distance,0.20035561395789614,1937.6305694328028,True,,端点最大距离且全时段按遮挡计损仍满足双向预算
T004,投送,1001.2972779848639,1020.388187075773,中继,R002,223,PASS,exact_point,0.20035561395789614,1937.6305694328028,,,独立计算 DEM 遮挡、自由空间损耗与双向预算
T004,投送,1020.388187075773,1039.479096166682,中继,R002,224,PASS,exact_point,0.20035561395789614,1937.6305694328028,,,独立计算 DEM 遮挡、自由空间损耗与双向预算
T004,投送,1039.479096166682,1058.570005257591,中继,R002,225,PASS,exact_point,0.20035561395789614,1937.6305694328028,,,独立计算 DEM 遮挡、自由空间损耗与双向预算
T004,投送,1058.570005257591,1077.6609143485002,中继,R002,226,PASS,exact_point,0.20035561395789614,1937.6305694328028,,,独立计算 DEM 遮挡、自由空间损耗与双向预算
T004,投送,1077.6609143485002,1096.7518234394092,中继,R002,227,PASS,exact_point,0.20035561395789614,1937.6305694328028,,,独立计算 DEM 遮挡、自由空间损耗与双向预算
T004,投送,1096.7518234394092,1115.8427325303182,中继,R002,228,PASS,exact_point,0.20035561395789614,1937.6305694328028,,,独立计算 DEM 遮挡、自由空间损耗与双向预算
T004,投送,1115.8427325303182,1134.9336416212275,中继,R002,229,PASS,exact_point,0.20035561395789614,1937.6305694328028,,,独立计算 DEM 遮挡、自由空间损耗与双向预算
T004,投送,1134.9336416212275,1154.0245507121365,中继,R002,230,PASS,exact_point,0.20035561395789614,1937.6305694328028,,,独立计算 DEM 遮挡、自由空间损耗与双向预算
T004,投送,1154.0245507121365,1173.1154598030455,中继,R002,231,PASS,exact_point,0.20035561395789614,1937.6305694328028,,,独立计算 DEM 遮挡、自由空间损耗与双向预算
T004,投送,1173.1154598030455,1192.2063688939547,中继,R002,232,PASS,exact_point,0.20035561395789614,1937.6305694328028,,,独立计算 DEM 遮挡、自由空间损耗与双向预算
T004,投送,1192.2063688939547,1211.2972779848637,中继,R002,233,PASS,exact_point,0.20035561395789614,1937.6305694328028,,,独立计算 DEM 遮挡、自由空间损耗与双向预算
T004,爬升,1211.2972779848637,1226.1307218596467,中继,R002,234,PASS,worst_obstruction_endpoint_distance,0.20035561395789614,1937.6305694328028,True,,端点最大距离且全时段按遮挡计损仍满足双向预算
T004,爬升,1226.1307218596467,1240.9641657344298,中继,R002,235,PASS,worst_obstruction_endpoint_distance,0.20735980617972416,1936.0687183109696,True,,端点最大距离且全时段按遮挡计损仍满足双向预算
T004,爬升,1240.9641657344298,1255.7976096092127,中继,R002,236,PASS,worst_obstruction_endpoint_distance,0.2076130959518423,1936.0122613129108,True,,端点最大距离且全时段按遮挡计损仍满足双向预算
T004,巡航,1255.7976096092127,1275.5054715456645,中继,R002,237,PASS,worst_obstruction_endpoint_distance,0.2076130959518423,1936.0122613129108,True,,端点最大距离且全时段按遮挡计损仍满足双向预算
T004,巡航,1275.5054715456645,1295.2133334821165,中继,R002,238,PASS,worst_obstruction_endpoint_distance,1.6242669914537942,1644.6572684634768,True,,端点最大距离且全时段按遮挡计损仍满足双向预算
T004,巡航,1295.2133334821165,1314.9211954185682,中继,R002,239,PASS,worst_obstruction_endpoint_distance,3.306027817586582,1355.1499936956816,True,,端点最大距离且全时段按遮挡计损仍满足双向预算
T004,巡航,1314.9211954185682,1334.62905735502,中继,R002,240,PASS,worst_obstruction_endpoint_distance,5.366280347934946,1068.9927034665866,True,,端点最大距离且全时段按遮挡计损仍满足双向预算
T004,巡航,1334.62905735502,1354.336919291472,中继,R002,241,PASS,worst_obstruction_endpoint_distance,7.995048454551593,789.834928744089,True,,端点最大距离且全时段按遮挡计损仍满足双向预算
T004,巡航,1354.336919291472,1374.0447812279237,中继,R002,242,PASS,worst_obstruction_endpoint_distance,11.478649442313184,528.878955160324,True,,端点最大距离且全时段按遮挡计损仍满足双向预算
T004,巡航,1374.0447812279237,1393.7526431643755,中继,R002,243,PASS,worst_obstruction_endpoint_distance,15.30868289058364,340.2942523009908,True,,端点最大距离且全时段按遮挡计损仍满足双向预算
T004,巡航,1393.7526431643755,1413.4605051008275,中继,R002,244,PASS,worst_obstruction_endpoint_distance,11.23265745479327,544.0713855181892,True,,端点最大距离且全时段按遮挡计损仍满足双向预算
T004,巡航,1413.4605051008275,1433.1683670372793,中继,R002,245,PASS,worst_obstruction_endpoint_distance,7.809918002431388,806.8501018641134,True,,端点最大距离且全时段按遮挡计损仍满足双向预算
T004,巡航,1433.1683670372793,1452.876228973731,中继,R002,246,PASS,worst_obstruction_endpoint_distance,5.224083731909346,1086.6372077029318,True,,端点最大距离且全时段按遮挡计损仍满足双向预算
T004,巡航,1452.876228973731,1472.584090910183,中继,R002,247,PASS,worst_obstruction_endpoint_distance,3.1918929171144725,1373.0745338103702,True,,端点最大距离且全时段按遮挡计损仍满足双向预算
T004,巡航,1472.584090910183,1492.2919528466348,中继,R002,248,PASS,worst_obstruction_endpoint_distance,1.5293471153497364,1662.7287360181615,True,,端点最大距离且全时段按遮挡计损仍满足双向预算
T004,巡航,1492.2919528466348,1511.9998147830865,直连,,249,PASS,worst_obstruction_endpoint_distance,0.2315979591948718,3852.200296462618,True,,端点最大距离且全时段按遮挡计损仍满足双向预算
T004,巡航,1511.9998147830865,1531.7076767195385,直连,,250,PASS,worst_obstruction_endpoint_distance,0.9232572696648731,3557.344251646282,True,,端点最大距离且全时段按遮挡计损仍满足双向预算
T004,巡航,1531.7076767195385,1551.4155386559903,直连,,251,PASS,worst_obstruction_endpoint_distance,1.6744290534633564,3262.6260964629014,True,,端点最大距离且全时段按遮挡计损仍满足双向预算
T004,巡航,1551.4155386559903,1571.123400592442,直连,,252,PASS,worst_obstruction_endpoint_distance,2.4962429037207414,2968.0869067243466,True,,端点最大距离且全时段按遮挡计损仍满足双向预算
T004,巡航,1571.123400592442,1590.8312625288938,直连,,253,PASS,worst_obstruction_endpoint_distance,3.4032428294939336,2673.7858265695286,True,,端点最大距离且全时段按遮挡计损仍满足双向预算
T004,巡航,1590.8312625288938,1610.5391244653458,直连,,254,PASS,worst_obstruction_endpoint_distance,4.4149250998654,2379.8111956219427,True,,端点最大距离且全时段按遮挡计损仍满足双向预算
T004,巡航,1610.5391244653458,1630.2469864017976,直连,,255,PASS,worst_obstruction_endpoint_distance,5.5582357768518165,2086.3010154813837,True,,端点最大距离且全时段按遮挡计损仍满足双向预算
T004,巡航,1630.2469864017976,1649.9548483382496,直连,,256,PASS,worst_obstruction_endpoint_distance,6.871828288485418,1793.4833279230154,True,,端点最大距离且全时段按遮挡计损仍满足双向预算
T004,巡航,1649.9548483382496,1669.6627102747013,直连,,257,PASS,worst_obstruction_endpoint_distance,8.41374566235858,1501.763259580158,True,,端点最大距离且全时段按遮挡计损仍满足双向预算
T004,巡航,1669.6627102747013,1689.370572211153,直连,,258,PASS,worst_obstruction_endpoint_distance,10.276198059579158,1211.9336813788218,True,,端点最大距离且全时段按遮挡计损仍满足双向预算
T004,巡航,1689.370572211153,1709.078434147605,直连,,259,PASS,worst_obstruction_endpoint_distance,12.615695694557388,925.7718553957753,True,,端点最大距离且全时段按遮挡计损仍满足双向预算
T004,巡航,1709.078434147605,1728.7862960840569,直连,,260,PASS,worst_obstruction_endpoint_distance,15.71220980707109,648.1540930775991,True,,端点最大距离且全时段按遮挡计损仍满足双向预算
T004,巡航,1728.7862960840569,1748.4941580205086,直连,,261,PASS,worst_obstruction_endpoint_distance,19.961022984094825,397.40891843474714,True,,端点最大距离且全时段按遮挡计损仍满足双向预算
T004,下降,1748.4941580205086,1767.5342243453783,直连,,262,PASS,worst_obstruction_endpoint_distance,23.4611812166777,265.600994873047,True,,端点最大距离且全时段按遮挡计损仍满足双向预算
T004,下降,1767.5342243453783,1786.5742906702483,直连,,263,PASS,worst_obstruction_endpoint_distance,25.176612261026463,218.00082906087277,True,,端点最大距离且全时段按遮挡计损仍满足双向预算
T004,下降,1786.5742906702483,1805.6143569951182,直连,,264,PASS,worst_obstruction_endpoint_distance,27.316349549092152,170.40066324869798,True,,端点最大距离且全时段按遮挡计损仍满足双向预算
T004,下降,1805.6143569951182,1824.654423319988,直连,,265,PASS,worst_obstruction_endpoint_distance,30.161772645055848,122.80049743652324,True,,端点最大距离且全时段按遮挡计损仍满足双向预算
T004,下降,1824.654423319988,1843.6944896448576,直连,,266,PASS,worst_obstruction_endpoint_distance,34.42138005012991,75.20033162434902,True,,端点最大距离且全时段按遮挡计损仍满足双向预算
T004,下降,1843.6944896448576,1862.7345559697276,直连,,267,PASS,worst_obstruction_endpoint_distance,43.127541342509744,27.600165812174765,True,,端点最大距离且全时段按遮挡计损仍满足双向预算
T005,爬升,420.00000000000006,439.0718271484376,直连,,268,PASS,worst_obstruction_endpoint_distance,43.10258905170957,27.679567871093866,True,,端点最大距离且全时段按遮挡计损仍满足双向预算
T005,爬升,439.0718271484376,458.14365429687507,直连,,269,PASS,worst_obstruction_endpoint_distance,34.40305698380587,75.35913574218756,True,,端点最大距离且全时段按遮挡计损仍满足双向预算
T005,爬升,458.14365429687507,477.2154814453126,直连,,270,PASS,worst_obstruction_endpoint_distance,30.144940234267764,123.03870361328143,True,,端点最大距离且全时段按遮挡计损仍满足双向预算
T005,爬升,477.2154814453126,496.28730859375014,直连,,271,PASS,worst_obstruction_endpoint_distance,27.30017506799763,170.7182714843753,True,,端点最大距离且全时段按遮挡计损仍满足双向预算
T005,爬升,496.28730859375014,515.3591357421876,直连,,272,PASS,worst_obstruction_endpoint_distance,25.160808415575318,218.397839355469,True,,端点最大距离且全时段按遮挡计损仍满足双向预算
T005,巡航,515.3591357421876,534.6697455194841,直连,,273,PASS,worst_obstruction_endpoint_distance,20.75321503615335,362.7671946009024,True,,端点最大距离且全时段按遮挡计损仍满足双向预算
T005,巡航,534.6697455194841,553.9803552967805,直连,,274,PASS,worst_obstruction_endpoint_distance,16.110304248345813,619.1181641730701,True,,端点最大距离且全时段按遮挡计损仍满足双向预算
T005,巡航,553.9803552967805,573.2909650740771,直连,,275,PASS,worst_obstruction_endpoint_distance,12.899596539616908,896.0019014636614,True,,端点最大距离且全时段按遮挡计损仍满足双向预算
T005,巡航,573.2909650740771,592.6015748513736,直连,,276,PASS,worst_obstruction_endpoint_distance,10.515201150199815,1179.0404387173653,True,,端点最大距离且全时段按遮挡计损仍满足双向预算
T005,巡航,592.6015748513736,611.91218462867,直连,,277,PASS,worst_obstruction_endpoint_distance,8.63097956554033,1464.6699789789309,True,,端点最大距离且全时段按遮挡计损仍满足双向预算
T005,巡航,611.91218462867,631.2227944059665,直连,,278,PASS,worst_obstruction_endpoint_distance,7.076960051876313,1751.623470098632,True,,端点最大距离且全时段按遮挡计损仍满足双向预算
T005,巡航,631.2227944059665,650.533404183263,直连,,279,PASS,worst_obstruction_endpoint_distance,5.755973409622868,2039.3421138116032,True,,端点最大距离且全时段按遮挡计损仍满足双向预算
T005,巡航,650.533404183263,669.8440139605596,直连,,280,PASS,worst_obstruction_endpoint_distance,4.607823983663508,2327.5421748741096,True,,端点最大距离且全时段按遮挡计损仍满足双向预算
T005,巡航,669.8440139605596,689.154623737856,直连,,281,PASS,worst_obstruction_endpoint_distance,3.592806045813731,2616.064551374272,True,,端点最大距离且全时段按遮挡计损仍满足双向预算
T005,巡航,689.154623737856,708.4652335151525,直连,,282,PASS,worst_obstruction_endpoint_distance,2.6834109702721207,2904.813202356247,True,,端点最大距离且全时段按遮挡计损仍满足双向预算
T005,巡航,708.4652335151525,727.7758432924489,直连,,283,PASS,worst_obstruction_endpoint_distance,1.8598200342751454,3193.726755171166,True,,端点最大距离且全时段按遮挡计损仍满足双向预算
T005,下降,727.7758432924489,740.6003031313162,直连,,284,PASS,worst_obstruction_endpoint_distance,1.8598200342751454,3193.726755171166,True,,端点最大距离且全时段按遮挡计损仍满足双向预算
T005,下降,740.6003031313162,753.4247629701833,直连,,285,PASS,worst_obstruction_endpoint_distance,1.8643124438889203,3192.075361970319,True,,端点最大距离且全时段按遮挡计损仍满足双向预算
T005,投送,753.4247629701833,772.483586499595,直连,,286,PASS,exact_point,1.8682481629573715,3190.6293079047914,,,独立计算 DEM 遮挡、自由空间损耗与双向预算
T005,投送,772.483586499595,791.5424100290069,直连,,287,PASS,exact_point,1.8682481629573715,3190.6293079047914,,,独立计算 DEM 遮挡、自由空间损耗与双向预算
T005,投送,791.5424100290069,810.6012335584186,直连,,288,PASS,exact_point,1.8682481629573715,3190.6293079047914,,,独立计算 DEM 遮挡、自由空间损耗与双向预算
T005,投送,810.6012335584186,829.6600570878304,直连,,289,PASS,exact_point,1.8682481629573715,3190.6293079047914,,,独立计算 DEM 遮挡、自由空间损耗与双向预算
T005,投送,829.6600570878304,848.7188806172421,直连,,290,PASS,exact_point,1.8682481629573715,3190.6293079047914,,,独立计算 DEM 遮挡、自由空间损耗与双向预算
T005,投送,848.7188806172421,867.777704146654,直连,,291,PASS,exact_point,1.8682481629573715,3190.6293079047914,,,独立计算 DEM 遮挡、自由空间损耗与双向预算
T005,投送,867.777704146654,886.8365276760657,直连,,292,PASS,exact_point,1.8682481629573715,3190.6293079047914,,,独立计算 DEM 遮挡、自由空间损耗与双向预算
T005,投送,886.8365276760657,905.8953512054775,直连,,293,PASS,exact_point,1.8682481629573715,3190.6293079047914,,,独立计算 DEM 遮挡、自由空间损耗与双向预算
T005,投送,905.8953512054775,924.9541747348892,直连,,294,PASS,exact_point,1.8682481629573715,3190.6293079047914,,,独立计算 DEM 遮挡、自由空间损耗与双向预算
T005,投送,924.9541747348892,944.012998264301,直连,,295,PASS,exact_point,1.8682481629573715,3190.6293079047914,,,独立计算 DEM 遮挡、自由空间损耗与双向预算
T005,投送,944.012998264301,963.0718217937127,直连,,296,PASS,exact_point,1.8682481629573715,3190.6293079047914,,,独立计算 DEM 遮挡、自由空间损耗与双向预算
T005,投送,963.0718217937127,982.1306453231246,直连,,297,PASS,exact_point,1.8682481629573715,3190.6293079047914,,,独立计算 DEM 遮挡、自由空间损耗与双向预算
T005,投送,982.1306453231246,1001.1894688525363,直连,,298,PASS,exact_point,1.8682481629573715,3190.6293079047914,,,独立计算 DEM 遮挡、自由空间损耗与双向预算
T005,投送,1001.1894688525363,1020.248292381948,直连,,299,PASS,exact_point,1.8682481629573715,3190.6293079047914,,,独立计算 DEM 遮挡、自由空间损耗与双向预算
T005,投送,1020.248292381948,1039.3071159113597,直连,,300,PASS,exact_point,1.8682481629573715,3190.6293079047914,,,独立计算 DEM 遮挡、自由空间损耗与双向预算
T005,投送,1039.3071159113597,1058.3659394407716,直连,,301,PASS,exact_point,1.8682481629573715,3190.6293079047914,,,独立计算 DEM 遮挡、自由空间损耗与双向预算
T005,投送,1058.3659394407716,1077.4247629701833,直连,,302,PASS,exact_point,1.8682481629573715,3190.6293079047914,,,独立计算 DEM 遮挡、自由空间损耗与双向预算
T005,爬升,1077.4247629701833,1087.6843308412772,直连,,303,PASS,worst_obstruction_endpoint_distance,1.8643124438889203,3192.075361970319,True,,端点最大距离且全时段按遮挡计损仍满足双向预算
T005,爬升,1087.6843308412772,1097.9438987123708,直连,,304,PASS,worst_obstruction_endpoint_distance,1.8598200342751454,3193.726755171166,True,,端点最大距离且全时段按遮挡计损仍满足双向预算
T005,巡航,1097.9438987123708,1117.2545084896674,直连,,305,PASS,worst_obstruction_endpoint_distance,1.8598200342751454,3193.726755171166,True,,端点最大距离且全时段按遮挡计损仍满足双向预算
T005,巡航,1117.2545084896674,1136.5651182669637,直连,,306,PASS,worst_obstruction_endpoint_distance,2.6834109702721207,2904.813202356247,True,,端点最大距离且全时段按遮挡计损仍满足双向预算
T005,巡航,1136.5651182669637,1155.8757280442603,直连,,307,PASS,worst_obstruction_endpoint_distance,3.592806045813731,2616.064551374272,True,,端点最大距离且全时段按遮挡计损仍满足双向预算
T005,巡航,1155.8757280442603,1175.186337821557,直连,,308,PASS,worst_obstruction_endpoint_distance,4.607823983663508,2327.5421748741096,True,,端点最大距离且全时段按遮挡计损仍满足双向预算
T005,巡航,1175.186337821557,1194.4969475988532,直连,,309,PASS,worst_obstruction_endpoint_distance,5.755973409622868,2039.3421138116032,True,,端点最大距离且全时段按遮挡计损仍满足双向预算
T005,巡航,1194.4969475988532,1213.8075573761498,直连,,310,PASS,worst_obstruction_endpoint_distance,7.076960051876313,1751.623470098632,True,,端点最大距离且全时段按遮挡计损仍满足双向预算
T005,巡航,1213.8075573761498,1233.1181671534464,直连,,311,PASS,worst_obstruction_endpoint_distance,8.63097956554033,1464.6699789789309,True,,端点最大距离且全时段按遮挡计损仍满足双向预算
T005,巡航,1233.1181671534464,1252.4287769307427,直连,,312,PASS,worst_obstruction_endpoint_distance,10.515201150199815,1179.0404387173653,True,,端点最大距离且全时段按遮挡计损仍满足双向预算
T005,巡航,1252.4287769307427,1271.7393867080393,直连,,313,PASS,worst_obstruction_endpoint_distance,12.899596539616908,896.0019014636614,True,,端点最大距离且全时段按遮挡计损仍满足双向预算
T005,巡航,1271.7393867080393,1291.0499964853357,直连,,314,PASS,worst_obstruction_endpoint_distance,16.110304248345813,619.1181641730701,True,,端点最大距离且全时段按遮挡计损仍满足双向预算
T005,巡航,1291.0499964853357,1310.3606062626322,直连,,315,PASS,worst_obstruction_endpoint_distance,20.75321503615335,362.7671946009024,True,,端点最大距离且全时段按遮挡计损仍满足双向预算
T005,下降,1310.3606062626322,1330.227092875588,直连,,316,PASS,worst_obstruction_endpoint_distance,25.160808415575318,218.397839355469,True,,端点最大距离且全时段按遮挡计损仍满足双向预算
T005,下降,1330.227092875588,1350.0935794885438,直连,,317,PASS,worst_obstruction_endpoint_distance,26.904991999955485,178.66486612955765,True,,端点最大距离且全时段按遮挡计损仍满足双向预算
T005,下降,1350.0935794885438,1369.9600661014995,直连,,318,PASS,worst_obstruction_endpoint_distance,29.08973610815727,138.93189290364586,True,,端点最大距离且全时段按遮挡计损仍满足双向预算
T005,下降,1369.9600661014995,1389.8265527144551,直连,,319,PASS,worst_obstruction_endpoint_distance,32.01563631553782,99.1989196777345,True,,端点最大距离且全时段按遮挡计损仍满足双向预算
T005,下降,1389.8265527144551,1409.693039327411,直连,,320,PASS,worst_obstruction_endpoint_distance,36.460408456856726,59.46594645182313,True,,端点最大距离且全时段按遮挡计损仍满足双向预算
T005,下降,1409.693039327411,1429.5595259403667,直连,,321,PASS,worst_obstruction_endpoint_distance,45.92517525248826,20.0,True,,端点最大距离且全时段按遮挡计损仍满足双向预算
T006,爬升,329.99999999999994,348.6290839301215,直连,,322,PASS,worst_obstruction_endpoint_distance,40.84697113032533,35.88725179036473,True,,端点最大距离且全时段按遮挡计损仍满足双向预算
T006,爬升,348.6290839301215,367.258167860243,直连,,323,PASS,worst_obstruction_endpoint_distance,32.69133428513665,91.77450358072929,True,,端点最大距离且全时段按遮挡计损仍满足双向预算
T006,爬升,367.258167860243,385.8872517903646,直连,,324,PASS,worst_obstruction_endpoint_distance,28.560414627442924,147.661755371094,True,,端点最大距离且全时段按遮挡计损仍满足双向预算
T006,巡航,385.8872517903646,405.38793280950654,直连,,325,PASS,worst_obstruction_endpoint_distance,23.105539305522555,276.70167811112736,True,,端点最大距离且全时段按遮挡计损仍满足双向预算
T006,巡航,405.38793280950654,424.8886138286485,直连,,326,PASS,worst_obstruction_endpoint_distance,18.12842960559327,490.7578758212867,True,,端点最大距离且全时段按遮挡计损仍满足双向预算
T006,巡航,424.8886138286485,444.38929484779044,直连,,327,PASS,worst_obstruction_endpoint_distance,14.83071939347792,717.3858209025456,True,,端点最大距离且全时段按遮挡计损仍满足双向预算
T006,巡航,444.38929484779044,463.8899758669324,直连,,328,PASS,worst_obstruction_endpoint_distance,12.413199503853406,947.608140912613,True,,端点最大距离且全时段按遮挡计损仍满足双向预算
T006,巡航,463.8899758669324,483.39065688607434,直连,,329,PASS,worst_obstruction_endpoint_distance,10.513129561117665,1179.3216739957807,True,,端点最大距离且全时段按遮挡计损仍满足双向预算
T006,巡航,483.39065688607434,502.89133790521623,直连,,330,PASS,worst_obstruction_endpoint_distance,8.950358587344866,1411.7923650909095,True,,端点最大距离且全时段按遮挡计损仍满足双向预算
T006,巡航,502.89133790521623,522.3920189243582,直连,,331,PASS,worst_obstruction_endpoint_distance,7.624045631567327,1644.699183085985,True,,端点最大距离且全时段按遮挡计损仍满足双向预算
T006,巡航,522.3920189243582,541.8926999435001,直连,,332,PASS,worst_obstruction_endpoint_distance,6.472419076072541,1877.8798611459722,True,,端点最大距离且全时段按遮挡计损仍满足双向预算
T006,巡航,541.8926999435001,561.3933809626421,直连,,333,PASS,worst_obstruction_endpoint_distance,5.4550079972161996,2111.243660095177,True,,端点最大距离且全时段按遮挡计损仍满足双向预算
T006,巡航,561.3933809626421,580.894061981784,直连,,334,PASS,worst_obstruction_endpoint_distance,4.543896491300529,2344.7359043246097,True,,端点最大距离且全时段按遮挡计损仍满足双向预算
T006,巡航,580.894061981784,600.3947430009259,直连,,335,PASS,worst_obstruction_endpoint_distance,3.7190330961793165,2578.321698140954,True,,端点最大距离且全时段按遮挡计损仍满足双向预算
T006,巡航,600.3947430009259,619.8954240200679,直连,,336,PASS,worst_obstruction_endpoint_distance,2.9655376322348275,2811.977728667235,True,,端点最大距离且全时段按遮挡计损仍满足双向预算
T006,下降,619.8954240200679,636.5477750942866,直连,,337,PASS,worst_obstruction_endpoint_distance,2.9655376322348275,2811.977728667235,True,,端点最大距离且全时段按遮挡计损仍满足双向预算
T006,下降,636.5477750942866,653.2001261685054,直连,,338,PASS,worst_obstruction_endpoint_distance,2.9713422573941983,2810.099161870278,True,,端点最大距离且全时段按遮挡计损仍满足双向预算
T006,投送,653.2001261685054,673.2001261685054,直连,,339,PASS,exact_point,2.9752461696598544,2808.8364339208633,,,独立计算 DEM 遮挡、自由空间损耗与双向预算
T006,投送,673.2001261685054,693.2001261685054,直连,,340,PASS,exact_point,2.9752461696598544,2808.8364339208633,,,独立计算 DEM 遮挡、自由空间损耗与双向预算
T006,投送,693.2001261685054,713.2001261685054,直连,,341,PASS,exact_point,2.9752461696598544,2808.8364339208633,,,独立计算 DEM 遮挡、自由空间损耗与双向预算
T006,投送,713.2001261685054,733.2001261685054,直连,,342,PASS,exact_point,2.9752461696598544,2808.8364339208633,,,独立计算 DEM 遮挡、自由空间损耗与双向预算
T006,投送,733.2001261685054,753.2001261685054,直连,,343,PASS,exact_point,2.9752461696598544,2808.8364339208633,,,独立计算 DEM 遮挡、自由空间损耗与双向预算
T006,投送,753.2001261685054,773.2001261685054,直连,,344,PASS,exact_point,2.9752461696598544,2808.8364339208633,,,独立计算 DEM 遮挡、自由空间损耗与双向预算
T006,投送,773.2001261685054,793.2001261685054,直连,,345,PASS,exact_point,2.9752461696598544,2808.8364339208633,,,独立计算 DEM 遮挡、自由空间损耗与双向预算
T006,投送,793.2001261685054,813.2001261685054,直连,,346,PASS,exact_point,2.9752461696598544,2808.8364339208633,,,独立计算 DEM 遮挡、自由空间损耗与双向预算
T006,投送,813.2001261685054,833.2001261685054,直连,,347,PASS,exact_point,2.9752461696598544,2808.8364339208633,,,独立计算 DEM 遮挡、自由空间损耗与双向预算
T006,爬升,833.2001261685054,847.0770853970212,直连,,348,PASS,worst_obstruction_endpoint_distance,2.9713422573941983,2810.099161870278,True,,端点最大距离且全时段按遮挡计损仍满足双向预算
T006,爬升,847.0770853970212,860.9540446255368,直连,,349,PASS,worst_obstruction_endpoint_distance,2.9655376322348275,2811.977728667235,True,,端点最大距离且全时段按遮挡计损仍满足双向预算
T006,巡航,860.9540446255368,880.4547256446787,直连,,350,PASS,worst_obstruction_endpoint_distance,2.9655376322348275,2811.977728667235,True,,端点最大距离且全时段按遮挡计损仍满足双向预算
T006,巡航,880.4547256446787,899.9554066638207,直连,,351,PASS,worst_obstruction_endpoint_distance,3.7190330961792313,2578.3216981409755,True,,端点最大距离且全时段按遮挡计损仍满足双向预算
T006,巡航,899.9554066638207,919.4560876829626,直连,,352,PASS,worst_obstruction_endpoint_distance,4.543896491302121,2344.735904324178,True,,端点最大距离且全时段按遮挡计损仍满足双向预算
T006,巡航,919.4560876829626,938.9567687021046,直连,,353,PASS,worst_obstruction_endpoint_distance,5.4550079972161996,2111.243660095177,True,,端点最大距离且全时段按遮挡计损仍满足双向预算
T006,巡航,938.9567687021046,958.4574497212465,直连,,354,PASS,worst_obstruction_endpoint_distance,6.472419076072541,1877.8798611459722,True,,端点最大距离且全时段按遮挡计损仍满足双向预算
T006,巡航,958.4574497212465,977.9581307403885,直连,,355,PASS,worst_obstruction_endpoint_distance,7.624045631567327,1644.699183085985,True,,端点最大距离且全时段按遮挡计损仍满足双向预算
T006,巡航,977.9581307403885,997.4588117595304,直连,,356,PASS,worst_obstruction_endpoint_distance,8.950358587344866,1411.7923650909095,True,,端点最大距离且全时段按遮挡计损仍满足双向预算
T006,巡航,997.4588117595304,1016.9594927786723,直连,,357,PASS,worst_obstruction_endpoint_distance,10.513129561117822,1179.3216739957593,True,,端点最大距离且全时段按遮挡计损仍满足双向预算
T006,巡航,1016.9594927786723,1036.4601737978142,直连,,358,PASS,worst_obstruction_endpoint_distance,12.413199503853406,947.608140912613,True,,端点最大距离且全时段按遮挡计损仍满足双向预算
T006,巡航,1036.4601737978142,1055.9608548169563,直连,,359,PASS,worst_obstruction_endpoint_distance,14.83071939347792,717.3858209025456,True,,端点最大距离且全时段按遮挡计损仍满足双向预算
T006,巡航,1055.9608548169563,1075.4615358360982,直连,,360,PASS,worst_obstruction_endpoint_distance,18.12842960560056,490.75787582087463,True,,端点最大距离且全时段按遮挡计损仍满足双向预算
T006,巡航,1075.4615358360982,1094.96221685524,直连,,361,PASS,worst_obstruction_endpoint_distance,23.105539305523138,276.701678111109,True,,端点最大距离且全时段按遮挡计损仍满足双向预算
T006,下降,1094.96221685524,1111.7283923923494,直连,,362,PASS,worst_obstruction_endpoint_distance,28.560414627442924,147.661755371094,True,,端点最大距离且全时段按遮挡计损仍满足双向预算
T006,下降,1111.7283923923494,1128.4945679294588,直连,,363,PASS,worst_obstruction_endpoint_distance,31.460470195991434,105.74631652832062,True,,端点最大距离且全时段按遮挡计损仍满足双向预算
T006,下降,1128.4945679294588,1145.2607434665683,直连,,364,PASS,worst_obstruction_endpoint_distance,35.845158843874145,63.83087768554728,True,,端点最大距离且全时段按遮挡计损仍满足双向预算
T006,下降,1145.2607434665683,1162.0269190036777,直连,,365,PASS,worst_obstruction_endpoint_distance,45.13077173479178,21.91543884277337,True,,端点最大距离且全时段按遮挡计损仍满足双向预算
T007,爬升,361.0,380.8664866129558,直连,,366,PASS,worst_obstruction_endpoint_distance,39.99198992735825,39.59945983886735,True,,端点最大距离且全时段按遮挡计损仍满足双向预算
T007,爬升,380.8664866129558,400.7329732259115,直连,,367,PASS,worst_obstruction_endpoint_distance,32.015636315537805,99.19891967773452,True,,端点最大距离且全时段按遮挡计损仍满足双向预算
T007,爬升,400.7329732259115,420.59945983886723,直连,,368,PASS,worst_obstruction_endpoint_distance,27.92885384004063,158.7983795166017,True,,端点最大距离且全时段按遮挡计损仍满足双向预算
T007,爬升,420.59945983886723,440.465946451823,直连,,369,PASS,worst_obstruction_endpoint_distance,25.160808415575318,218.397839355469,True,,端点最大距离且全时段按遮挡计损仍满足双向预算
T007,巡航,440.465946451823,459.4317239116678,直连,,370,PASS,worst_obstruction_endpoint_distance,21.96778359151216,315.4275180539318,True,,端点最大距离且全时段按遮挡计损仍满足双向预算
T007,巡航,459.4317239116678,478.39750137151253,直连,,371,PASS,worst_obstruction_endpoint_distance,17.882328503398824,504.86159279270055,True,,端点最大距离且全时段按遮挡计损仍满足双向预算
T007,巡航,478.39750137151253,497.3632788313573,直连,,372,PASS,worst_obstruction_endpoint_distance,14.837244701752255,716.8470844118597,True,,端点最大距离且全时段按遮挡计损仍满足双向预算
T007,巡航,497.3632788313573,516.329056291202,直连,,373,PASS,worst_obstruction_endpoint_distance,12.51851331122657,936.1880488467178,True,,端点最大距离且全时段按遮挡计损仍满足双向预算
T007,巡航,516.329056291202,535.2948337510468,直连,,374,PASS,worst_obstruction_endpoint_distance,10.666243431867713,1158.7148868457655,True,,端点最大距离且全时段按遮挡计损仍满足双向预算
T007,巡航,535.2948337510468,554.2606112108916,直连,,375,PASS,worst_obstruction_endpoint_distance,9.130019333983796,1382.890494946619,True,,端点最大距离且全时段按遮挡计损仍满足双向预算
T007,巡航,554.2606112108916,573.2263886707364,直连,,376,PASS,worst_obstruction_endpoint_distance,7.81991678755827,1608.0254534211506,True,,端点最大距离且全时段按遮挡计损仍满足双向预算
T007,巡航,573.2263886707364,592.1921661305811,直连,,377,PASS,worst_obstruction_endpoint_distance,6.678894698588763,1833.7664525528055,True,,端点最大距离且全时段按遮挡计损仍满足双向预算
T007,巡航,592.1921661305811,611.1579435904259,直连,,378,PASS,worst_obstruction_endpoint_distance,5.6687922911599316,2059.914258406628,True,,端点最大距离且全时段按遮挡计损仍满足双向预算
T007,巡航,611.1579435904259,630.1237210502707,直连,,379,PASS,worst_obstruction_endpoint_distance,4.7629278771622126,2286.3481596831593,True,,端点最大距离且全时段按遮挡计损仍满足双向预算
T007,巡航,630.1237210502707,649.0894985101154,直连,,380,PASS,worst_obstruction_endpoint_distance,3.9419571187510485,2512.9908213933977,True,,端点最大距离且全时段按遮挡计损仍满足双向预算
T007,巡航,649.0894985101154,668.0552759699601,直连,,381,PASS,worst_obstruction_endpoint_distance,3.191428258256792,2739.790436392799,True,,端点最大距离且全时段按遮挡计损仍满足双向预算
T007,巡航,668.0552759699601,687.021053429805,直连,,382,PASS,worst_obstruction_endpoint_distance,2.500270302895842,2966.711008526461,True,,端点最大距离且全时段按遮挡计损仍满足双向预算
T007,巡航,687.021053429805,705.9868308896497,直连,,383,PASS,worst_obstruction_endpoint_distance,1.8598200342751454,3193.726755171166,True,,端点最大距离且全时段按遮挡计损仍满足双向预算
T007,下降,705.9868308896497,716.2463987607434,直连,,384,PASS,worst_obstruction_endpoint_distance,1.8598200342751454,3193.726755171166,True,,端点最大距离且全时段按遮挡计损仍满足双向预算
T007,下降,716.2463987607434,726.5059666318372,直连,,385,PASS,worst_obstruction_endpoint_distance,1.8643124438889203,3192.075361970319,True,,端点最大距离且全时段按遮挡计损仍满足双向预算
T007,投送,726.5059666318372,745.5968757227463,直连,,386,PASS,exact_point,1.8682481629573715,3190.6293079047914,,,独立计算 DEM 遮挡、自由空间损耗与双向预算
T007,投送,745.5968757227463,764.6877848136553,直连,,387,PASS,exact_point,1.8682481629573715,3190.6293079047914,,,独立计算 DEM 遮挡、自由空间损耗与双向预算
T007,投送,764.6877848136553,783.7786939045644,直连,,388,PASS,exact_point,1.8682481629573715,3190.6293079047914,,,独立计算 DEM 遮挡、自由空间损耗与双向预算
T007,投送,783.7786939045644,802.8696029954735,直连,,389,PASS,exact_point,1.8682481629573715,3190.6293079047914,,,独立计算 DEM 遮挡、自由空间损耗与双向预算
T007,投送,802.8696029954735,821.9605120863827,直连,,390,PASS,exact_point,1.8682481629573715,3190.6293079047914,,,独立计算 DEM 遮挡、自由空间损耗与双向预算
T007,投送,821.9605120863827,841.0514211772917,直连,,391,PASS,exact_point,1.8682481629573715,3190.6293079047914,,,独立计算 DEM 遮挡、自由空间损耗与双向预算
T007,投送,841.0514211772917,860.1423302682008,直连,,392,PASS,exact_point,1.8682481629573715,3190.6293079047914,,,独立计算 DEM 遮挡、自由空间损耗与双向预算
T007,投送,860.1423302682008,879.2332393591099,直连,,393,PASS,exact_point,1.8682481629573715,3190.6293079047914,,,独立计算 DEM 遮挡、自由空间损耗与双向预算
T007,投送,879.2332393591099,898.324148450019,直连,,394,PASS,exact_point,1.8682481629573715,3190.6293079047914,,,独立计算 DEM 遮挡、自由空间损耗与双向预算
T007,投送,898.324148450019,917.415057540928,直连,,395,PASS,exact_point,1.8682481629573715,3190.6293079047914,,,独立计算 DEM 遮挡、自由空间损耗与双向预算
T007,投送,917.415057540928,936.5059666318372,直连,,396,PASS,exact_point,1.8682481629573715,3190.6293079047914,,,独立计算 DEM 遮挡、自由空间损耗与双向预算
T007,爬升,936.5059666318372,953.6052464169934,直连,,397,PASS,worst_obstruction_endpoint_distance,1.8598200342751454,3193.726755171166,True,,端点最大距离且全时段按遮挡计损仍满足双向预算
T007,巡航,953.6052464169934,972.5710238768381,直连,,398,PASS,worst_obstruction_endpoint_distance,1.8598200342751454,3193.726755171166,True,,端点最大距离且全时段按遮挡计损仍满足双向预算
T007,巡航,972.5710238768381,991.536801336683,直连,,399,PASS,worst_obstruction_endpoint_distance,2.500270302895842,2966.711008526461,True,,端点最大距离且全时段按遮挡计损仍满足双向预算
T007,巡航,991.536801336683,1010.5025787965277,直连,,400,PASS,worst_obstruction_endpoint_distance,3.191428258256792,2739.790436392799,True,,端点最大距离且全时段按遮挡计损仍满足双向预算
T007,巡航,1010.5025787965277,1029.4683562563725,直连,,401,PASS,worst_obstruction_endpoint_distance,3.9419571187510485,2512.9908213933977,True,,端点最大距离且全时段按遮挡计损仍满足双向预算
T007,巡航,1029.4683562563725,1048.4341337162173,直连,,402,PASS,worst_obstruction_endpoint_distance,4.7629278771622126,2286.3481596831593,True,,端点最大距离且全时段按遮挡计损仍满足双向预算
T007,巡航,1048.4341337162173,1067.399911176062,直连,,403,PASS,worst_obstruction_endpoint_distance,5.6687922911599316,2059.914258406628,True,,端点最大距离且全时段按遮挡计损仍满足双向预算
T007,巡航,1067.399911176062,1086.3656886359067,直连,,404,PASS,worst_obstruction_endpoint_distance,6.678894698588763,1833.7664525528055,True,,端点最大距离且全时段按遮挡计损仍满足双向预算
T007,巡航,1086.3656886359067,1105.3314660957515,直连,,405,PASS,worst_obstruction_endpoint_distance,7.81991678755827,1608.0254534211506,True,,端点最大距离且全时段按遮挡计损仍满足双向预算
T007,巡航,1105.3314660957515,1124.2972435555962,直连,,406,PASS,worst_obstruction_endpoint_distance,9.130019333983796,1382.890494946619,True,,端点最大距离且全时段按遮挡计损仍满足双向预算
T007,巡航,1124.2972435555962,1143.263021015441,直连,,407,PASS,worst_obstruction_endpoint_distance,10.666243431867713,1158.7148868457655,True,,端点最大距离且全时段按遮挡计损仍满足双向预算
T007,巡航,1143.263021015441,1162.2287984752859,直连,,408,PASS,worst_obstruction_endpoint_distance,12.51851331122657,936.1880488467178,True,,端点最大距离且全时段按遮挡计损仍满足双向预算
T007,巡航,1162.2287984752859,1181.1945759351306,直连,,409,PASS,worst_obstruction_endpoint_distance,14.837244701752255,716.8470844118597,True,,端点最大距离且全时段按遮挡计损仍满足双向预算
T007,巡航,1181.1945759351306,1200.1603533949753,直连,,410,PASS,worst_obstruction_endpoint_distance,17.882328503398824,504.86159279270055,True,,端点最大距离且全时段按遮挡计损仍满足双向预算
T007,巡航,1200.1603533949753,1219.12613085482,直连,,411,PASS,worst_obstruction_endpoint_distance,21.96778359151216,315.4275180539318,True,,端点最大距离且全时段按遮挡计损仍满足双向预算
T007,下降,1219.12613085482,1238.1979580032576,直连,,412,PASS,worst_obstruction_endpoint_distance,25.160808415575318,218.397839355469,True,,端点最大距离且全时段按遮挡计损仍满足双向预算
T007,下降,1238.1979580032576,1257.269785151695,直连,,413,PASS,worst_obstruction_endpoint_distance,27.30017506799763,170.7182714843753,True,,端点最大距离且全时段按遮挡计损仍满足双向预算
T007,下降,1257.269785151695,1276.3416123001327,直连,,414,PASS,worst_obstruction_endpoint_distance,30.14494023426775,123.0387036132816,True,,端点最大距离且全时段按遮挡计损仍满足双向预算
T007,下降,1276.3416123001327,1295.4134394485702,直连,,415,PASS,worst_obstruction_endpoint_distance,34.40305698380588,75.35913574218736,True,,端点最大距离且全时段按遮挡计损仍满足双向预算
T007,下降,1295.4134394485702,1314.4852665970077,直连,,416,PASS,worst_obstruction_endpoint_distance,43.10258905170963,27.679567871093695,True,,端点最大距离且全时段按遮挡计损仍满足双向预算
T008,爬升,492.0,511.38088134765627,直连,,417,PASS,worst_obstruction_endpoint_distance,42.86345708049136,28.452203369140733,True,,端点最大距离且全时段按遮挡计损仍满足双向预算
T008,爬升,511.38088134765627,530.7617626953125,直连,,418,PASS,worst_obstruction_endpoint_distance,34.22675064092644,76.90440673828144,True,,端点最大距离且全时段按遮挡计损仍满足双向预算
T008,爬升,530.7617626953125,550.1426440429688,直连,,419,PASS,worst_obstruction_endpoint_distance,29.982830377148545,125.356610107422,True,,端点最大距离且全时段按遮挡计损仍满足双向预算
T008,巡航,550.1426440429688,568.6516664832141,直连,,420,PASS,worst_obstruction_endpoint_distance,22.2704985239005,304.6238004959094,True,,端点最大距离且全时段按遮挡计损仍满足双向预算
T008,巡航,568.6516664832141,587.1606889234595,直连,,421,PASS,worst_obstruction_endpoint_distance,16.83979160829456,569.2449386880037,True,,端点最大距离且全时段按遮挡计损仍满足双向预算
T008,巡航,587.1606889234595,605.6697113637048,直连,,422,PASS,worst_obstruction_endpoint_distance,13.436577431180993,842.286590702294,True,,端点最大距离且全时段按遮挡计损仍满足双向预算
T008,巡航,605.6697113637048,624.1787338039501,直连,,423,PASS,worst_obstruction_endpoint_distance,10.980093890191213,1117.5940057971984,True,,端点最大距离且全时段按遮挡计损仍满足双向预算
T008,巡航,624.1787338039501,642.6877562441954,直连,,424,PASS,worst_obstruction_endpoint_distance,9.06160871006314,1393.8252340138579,True,,端点最大距离且全时段按遮挡计损仍满足双向预算
T008,巡航,642.6877562441954,661.1967786844408,直连,,425,PASS,worst_obstruction_endpoint_distance,7.488730846575692,1670.5220634325021,True,,端点最大距离且全时段按遮挡计损仍满足双向预算
T008,巡航,661.1967786844408,679.7058011246861,直连,,426,PASS,worst_obstruction_endpoint_distance,6.156288066488344,1947.4860477341674,True,,端点最大距离且全时段按遮挡计损仍满足双向预算
T008,巡航,679.7058011246861,698.2148235649314,直连,,427,PASS,worst_obstruction_endpoint_distance,5.000668542679023,2224.6174071251694,True,,端点最大距离且全时段按遮挡计损仍满足双向预算
T008,巡航,698.2148235649314,716.7238460051767,直连,,428,PASS,worst_obstruction_endpoint_distance,3.9805132818098343,2501.8605217539953,True,,端点最大距离且全时段按遮挡计损仍满足双向预算
T008,巡航,716.7238460051767,735.2328684454221,直连,,429,PASS,worst_obstruction_endpoint_distance,3.067435566266326,2779.1819466890624,True,,端点最大距离且全时段按遮挡计损仍满足双向预算
T008,巡航,735.2328684454221,753.7418908856674,直连,,430,PASS,worst_obstruction_endpoint_distance,2.2411156161546586,3056.5603667445057,True,,端点最大距离且全时段按遮挡计损仍满足双向预算
T008,下降,753.7418908856674,768.5846592369044,直连,,431,PASS,worst_obstruction_endpoint_distance,2.2411156161546586,3056.5603667445057,True,,端点最大距离且全时段按遮挡计损仍满足双向预算
T008,下降,768.5846592369044,783.4274275881414,直连,,432,PASS,worst_obstruction_endpoint_distance,2.2441667585877525,3055.4868597560912,True,,端点最大距离且全时段按遮挡计损仍满足双向预算
T008,下降,783.4274275881414,798.2701959393784,直连,,433,PASS,worst_obstruction_endpoint_distance,2.246399680237957,3054.701472633553,True,,端点最大距离且全时段按遮挡计损仍满足双向预算
T008,投送,798.2701959393784,818.0701959393783,直连,,434,PASS,exact_point,2.2478131175972464,3054.2044276465326,,,独立计算 DEM 遮挡、自由空间损耗与双向预算
T008,投送,818.0701959393783,837.8701959393784,直连,,435,PASS,exact_point,2.2478131175972464,3054.2044276465326,,,独立计算 DEM 遮挡、自由空间损耗与双向预算
T008,投送,837.8701959393784,857.6701959393783,直连,,436,PASS,exact_point,2.2478131175972464,3054.2044276465326,,,独立计算 DEM 遮挡、自由空间损耗与双向预算
T008,投送,857.6701959393783,877.4701959393784,直连,,437,PASS,exact_point,2.2478131175972464,3054.2044276465326,,,独立计算 DEM 遮挡、自由空间损耗与双向预算
T008,投送,877.4701959393784,897.2701959393784,直连,,438,PASS,exact_point,2.2478131175972464,3054.2044276465326,,,独立计算 DEM 遮挡、自由空间损耗与双向预算
T008,投送,897.2701959393784,917.0701959393784,直连,,439,PASS,exact_point,2.2478131175972464,3054.2044276465326,,,独立计算 DEM 遮挡、自由空间损耗与双向预算
T008,投送,917.0701959393784,936.8701959393784,直连,,440,PASS,exact_point,2.2478131175972464,3054.2044276465326,,,独立计算 DEM 遮挡、自由空间损耗与双向预算
T008,投送,936.8701959393784,956.6701959393783,直连,,441,PASS,exact_point,2.2478131175972464,3054.2044276465326,,,独立计算 DEM 遮挡、自由空间损耗与双向预算
T008,投送,956.6701959393783,976.4701959393784,直连,,442,PASS,exact_point,2.2478131175972464,3054.2044276465326,,,独立计算 DEM 遮挡、自由空间损耗与双向预算
T008,投送,976.4701959393784,996.2701959393785,直连,,443,PASS,exact_point,2.2478131175972464,3054.2044276465326,,,独立计算 DEM 遮挡、自由空间损耗与双向预算
T008,投送,996.2701959393785,1016.0701959393784,直连,,444,PASS,exact_point,2.2478131175972464,3054.2044276465326,,,独立计算 DEM 遮挡、自由空间损耗与双向预算
T008,投送,1016.0701959393784,1035.8701959393784,直连,,445,PASS,exact_point,2.2478131175972464,3054.2044276465326,,,独立计算 DEM 遮挡、自由空间损耗与双向预算
T008,投送,1035.8701959393784,1055.6701959393786,直连,,446,PASS,exact_point,2.2478131175972464,3054.2044276465326,,,独立计算 DEM 遮挡、自由空间损耗与双向预算
T008,投送,1055.6701959393786,1075.4701959393785,直连,,447,PASS,exact_point,2.2478131175972464,3054.2044276465326,,,独立计算 DEM 遮挡、自由空间损耗与双向预算
T008,投送,1075.4701959393785,1095.2701959393785,直连,,448,PASS,exact_point,2.2478131175972464,3054.2044276465326,,,独立计算 DEM 遮挡、自由空间损耗与双向预算
T008,投送,1095.2701959393785,1115.0701959393784,直连,,449,PASS,exact_point,2.2478131175972464,3054.2044276465326,,,独立计算 DEM 遮挡、自由空间损耗与双向预算
T008,投送,1115.0701959393784,1134.8701959393784,直连,,450,PASS,exact_point,2.2478131175972464,3054.2044276465326,,,独立计算 DEM 遮挡、自由空间损耗与双向预算
T008,投送,1134.8701959393784,1154.6701959393786,直连,,451,PASS,exact_point,2.2478131175972464,3054.2044276465326,,,独立计算 DEM 遮挡、自由空间损耗与双向预算
T008,投送,1154.6701959393786,1174.4701959393785,直连,,452,PASS,exact_point,2.2478131175972464,3054.2044276465326,,,独立计算 DEM 遮挡、自由空间损耗与双向预算
T008,投送,1174.4701959393785,1194.2701959393785,直连,,453,PASS,exact_point,2.2478131175972464,3054.2044276465326,,,独立计算 DEM 遮挡、自由空间损耗与双向预算
T008,爬升,1194.2701959393785,1212.0815179608628,直连,,454,PASS,worst_obstruction_endpoint_distance,2.2453855868061083,3055.0581354130627,True,,端点最大距离且全时段按遮挡计损仍满足双向预算
T008,爬升,1212.0815179608628,1229.8928399823471,直连,,455,PASS,worst_obstruction_endpoint_distance,2.2411156161546586,3056.5603667445057,True,,端点最大距离且全时段按遮挡计损仍满足双向预算
T008,巡航,1229.8928399823471,1248.4018624225926,直连,,456,PASS,worst_obstruction_endpoint_distance,2.2411156161546586,3056.5603667445057,True,,端点最大距离且全时段按遮挡计损仍满足双向预算
T008,巡航,1248.4018624225926,1266.9108848628377,直连,,457,PASS,worst_obstruction_endpoint_distance,3.067435566266326,2779.1819466890624,True,,端点最大距离且全时段按遮挡计损仍满足双向预算
T008,巡航,1266.9108848628377,1285.4199073030832,直连,,458,PASS,worst_obstruction_endpoint_distance,3.9805132818098343,2501.8605217539953,True,,端点最大距离且全时段按遮挡计损仍满足双向预算
T008,巡航,1285.4199073030832,1303.9289297433286,直连,,459,PASS,worst_obstruction_endpoint_distance,5.000668542679023,2224.6174071251694,True,,端点最大距离且全时段按遮挡计损仍满足双向预算
T008,巡航,1303.9289297433286,1322.4379521835738,直连,,460,PASS,worst_obstruction_endpoint_distance,6.156288066488344,1947.4860477341674,True,,端点最大距离且全时段按遮挡计损仍满足双向预算
T008,巡航,1322.4379521835738,1340.9469746238192,直连,,461,PASS,worst_obstruction_endpoint_distance,7.488730846575692,1670.5220634325021,True,,端点最大距离且全时段按遮挡计损仍满足双向预算
T008,巡航,1340.9469746238192,1359.4559970640644,直连,,462,PASS,worst_obstruction_endpoint_distance,9.06160871006314,1393.8252340138579,True,,端点最大距离且全时段按遮挡计损仍满足双向预算
T008,巡航,1359.4559970640644,1377.9650195043098,直连,,463,PASS,worst_obstruction_endpoint_distance,10.980093890191213,1117.5940057971984,True,,端点最大距离且全时段按遮挡计损仍满足双向预算
T008,巡航,1377.9650195043098,1396.4740419445552,直连,,464,PASS,worst_obstruction_endpoint_distance,13.436577431180993,842.286590702294,True,,端点最大距离且全时段按遮挡计损仍满足双向预算
T008,巡航,1396.4740419445552,1414.9830643848004,直连,,465,PASS,worst_obstruction_endpoint_distance,16.83979160829456,569.2449386880037,True,,端点最大距离且全时段按遮挡计损仍满足双向预算
T008,巡航,1414.9830643848004,1433.4920868250458,直连,,466,PASS,worst_obstruction_endpoint_distance,22.2704985239005,304.6238004959094,True,,端点最大距离且全时段按遮挡计损仍满足双向预算
T008,下降,1433.4920868250458,1451.6616630884737,直连,,467,PASS,worst_obstruction_endpoint_distance,29.982830377148545,125.356610107422,True,,端点最大距离且全时段按遮挡计损仍满足双向预算
T008,下降,1451.6616630884737,1469.8312393519013,直连,,468,PASS,worst_obstruction_endpoint_distance,32.95627144019177,89.01745758056626,True,,端点最大距离且全时段按遮挡计损仍满足双向预算
T008,下降,1469.8312393519013,1488.000815615329,直连,,469,PASS,worst_obstruction_endpoint_distance,37.513139307574534,52.678305053711,True,,端点最大距离且全时段按遮挡计损仍满足双向预算
T008,下降,1488.000815615329,1506.1703918787568,直连,,470,PASS,worst_obstruction_endpoint_distance,45.92517525248826,20.0,True,,端点最大距离且全时段按遮挡计损仍满足双向预算
T009,爬升,2147.0,2163.15073445638,直连,,471,PASS,worst_obstruction_endpoint_distance,42.86345708049137,28.452203369140676,True,,端点最大距离且全时段按遮挡计损仍满足双向预算
T009,爬升,2163.15073445638,2179.3014689127604,直连,,472,PASS,worst_obstruction_endpoint_distance,34.22675064092644,76.90440673828135,True,,端点最大距离且全时段按遮挡计损仍满足双向预算
T009,爬升,2179.3014689127604,2195.4522033691405,直连,,473,PASS,worst_obstruction_endpoint_distance,29.982830377148545,125.356610107422,True,,端点最大距离且全时段按遮挡计损仍满足双向预算
T009,巡航,2195.4522033691405,2213.961225809386,直连,,474,PASS,worst_obstruction_endpoint_distance,22.2704985239005,304.6238004959094,True,,端点最大距离且全时段按遮挡计损仍满足双向预算
T009,巡航,2213.961225809386,2232.4702482496314,直连,,475,PASS,worst_obstruction_endpoint_distance,16.83979160829456,569.2449386880037,True,,端点最大距离且全时段按遮挡计损仍满足双向预算
T009,巡航,2232.4702482496314,2250.9792706898766,直连,,476,PASS,worst_obstruction_endpoint_distance,13.436577431180993,842.286590702294,True,,端点最大距离且全时段按遮挡计损仍满足双向预算
T009,巡航,2250.9792706898766,2269.4882931301217,直连,,477,PASS,worst_obstruction_endpoint_distance,10.980093890191213,1117.5940057971984,True,,端点最大距离且全时段按遮挡计损仍满足双向预算
T009,巡航,2269.4882931301217,2287.9973155703674,直连,,478,PASS,worst_obstruction_endpoint_distance,9.06160871006314,1393.8252340138579,True,,端点最大距离且全时段按遮挡计损仍满足双向预算
T009,巡航,2287.9973155703674,2306.5063380106126,直连,,479,PASS,worst_obstruction_endpoint_distance,7.488730846575692,1670.5220634325021,True,,端点最大距离且全时段按遮挡计损仍满足双向预算
T009,巡航,2306.5063380106126,2325.0153604508578,直连,,480,PASS,worst_obstruction_endpoint_distance,6.156288066488344,1947.4860477341674,True,,端点最大距离且全时段按遮挡计损仍满足双向预算
T009,巡航,2325.0153604508578,2343.5243828911034,直连,,481,PASS,worst_obstruction_endpoint_distance,5.000668542679023,2224.6174071251694,True,,端点最大距离且全时段按遮挡计损仍满足双向预算
T009,巡航,2343.5243828911034,2362.0334053313486,直连,,482,PASS,worst_obstruction_endpoint_distance,3.9805132818098343,2501.8605217539953,True,,端点最大距离且全时段按遮挡计损仍满足双向预算
T009,巡航,2362.0334053313486,2380.542427771594,直连,,483,PASS,worst_obstruction_endpoint_distance,3.067435566266326,2779.1819466890624,True,,端点最大距离且全时段按遮挡计损仍满足双向预算
T009,巡航,2380.542427771594,2399.0514502118394,直连,,484,PASS,worst_obstruction_endpoint_distance,2.2411156161546586,3056.5603667445057,True,,端点最大距离且全时段按遮挡计损仍满足双向预算
T009,下降,2399.0514502118394,2416.862772233324,直连,,485,PASS,worst_obstruction_endpoint_distance,2.2411156161546586,3056.5603667445057,True,,端点最大距离且全时段按遮挡计损仍满足双向预算
T009,下降,2416.862772233324,2434.674094254808,直连,,486,PASS,worst_obstruction_endpoint_distance,2.2453855868061083,3055.0581354130627,True,,端点最大距离且全时段按遮挡计损仍满足双向预算
T009,投送,2434.674094254808,2454.674094254808,直连,,487,PASS,exact_point,2.2478131175972464,3054.2044276465326,,,独立计算 DEM 遮挡、自由空间损耗与双向预算
T009,投送,2454.674094254808,2474.674094254808,直连,,488,PASS,exact_point,2.2478131175972464,3054.2044276465326,,,独立计算 DEM 遮挡、自由空间损耗与双向预算
T009,投送,2474.674094254808,2494.674094254808,直连,,489,PASS,exact_point,2.2478131175972464,3054.2044276465326,,,独立计算 DEM 遮挡、自由空间损耗与双向预算
T009,投送,2494.674094254808,2514.674094254808,直连,,490,PASS,exact_point,2.2478131175972464,3054.2044276465326,,,独立计算 DEM 遮挡、自由空间损耗与双向预算
T009,投送,2514.674094254808,2534.674094254808,直连,,491,PASS,exact_point,2.2478131175972464,3054.2044276465326,,,独立计算 DEM 遮挡、自由空间损耗与双向预算
T009,投送,2534.674094254808,2554.674094254808,直连,,492,PASS,exact_point,2.2478131175972464,3054.2044276465326,,,独立计算 DEM 遮挡、自由空间损耗与双向预算
T009,投送,2554.674094254808,2574.674094254808,直连,,493,PASS,exact_point,2.2478131175972464,3054.2044276465326,,,独立计算 DEM 遮挡、自由空间损耗与双向预算
T009,投送,2574.674094254808,2594.674094254808,直连,,494,PASS,exact_point,2.2478131175972464,3054.2044276465326,,,独立计算 DEM 遮挡、自由空间损耗与双向预算
T009,投送,2594.674094254808,2614.674094254808,直连,,495,PASS,exact_point,2.2478131175972464,3054.2044276465326,,,独立计算 DEM 遮挡、自由空间损耗与双向预算
T009,投送,2614.674094254808,2634.674094254808,直连,,496,PASS,exact_point,2.2478131175972464,3054.2044276465326,,,独立计算 DEM 遮挡、自由空间损耗与双向预算
T009,投送,2634.674094254808,2654.674094254808,直连,,497,PASS,exact_point,2.2478131175972464,3054.2044276465326,,,独立计算 DEM 遮挡、自由空间损耗与双向预算
T009,投送,2654.674094254808,2674.674094254808,直连,,498,PASS,exact_point,2.2478131175972464,3054.2044276465326,,,独立计算 DEM 遮挡、自由空间损耗与双向预算
T009,爬升,2674.674094254808,2689.516862606045,直连,,499,PASS,worst_obstruction_endpoint_distance,2.2453855868061083,3055.0581354130627,True,,端点最大距离且全时段按遮挡计损仍满足双向预算
T009,爬升,2689.516862606045,2704.359630957282,直连,,500,PASS,worst_obstruction_endpoint_distance,2.2411156161546586,3056.5603667445057,True,,端点最大距离且全时段按遮挡计损仍满足双向预算
T009,巡航,2704.359630957282,2722.8686533975274,直连,,501,PASS,worst_obstruction_endpoint_distance,2.2411156161546586,3056.5603667445057,True,,端点最大距离且全时段按遮挡计损仍满足双向预算
T009,巡航,2722.8686533975274,2741.3776758377726,直连,,502,PASS,worst_obstruction_endpoint_distance,3.067435566266326,2779.1819466890624,True,,端点最大距离且全时段按遮挡计损仍满足双向预算
T009,巡航,2741.3776758377726,2759.8866982780182,直连,,503,PASS,worst_obstruction_endpoint_distance,3.9805132818098343,2501.8605217539953,True,,端点最大距离且全时段按遮挡计损仍满足双向预算
T009,巡航,2759.8866982780182,2778.3957207182634,直连,,504,PASS,worst_obstruction_endpoint_distance,5.000668542679023,2224.6174071251694,True,,端点最大距离且全时段按遮挡计损仍满足双向预算
T009,巡航,2778.3957207182634,2796.9047431585086,直连,,505,PASS,worst_obstruction_endpoint_distance,6.156288066488344,1947.4860477341674,True,,端点最大距离且全时段按遮挡计损仍满足双向预算
T009,巡航,2796.9047431585086,2815.4137655987543,直连,,506,PASS,worst_obstruction_endpoint_distance,7.488730846575692,1670.5220634325021,True,,端点最大距离且全时段按遮挡计损仍满足双向预算
T009,巡航,2815.4137655987543,2833.9227880389994,直连,,507,PASS,worst_obstruction_endpoint_distance,9.06160871006314,1393.8252340138579,True,,端点最大距离且全时段按遮挡计损仍满足双向预算
T009,巡航,2833.9227880389994,2852.4318104792446,直连,,508,PASS,worst_obstruction_endpoint_distance,10.980093890191213,1117.5940057971984,True,,端点最大距离且全时段按遮挡计损仍满足双向预算
T009,巡航,2852.4318104792446,2870.9408329194903,直连,,509,PASS,worst_obstruction_endpoint_distance,13.436577431180993,842.286590702294,True,,端点最大距离且全时段按遮挡计损仍满足双向预算
T009,巡航,2870.9408329194903,2889.449855359735,直连,,510,PASS,worst_obstruction_endpoint_distance,16.83979160829456,569.2449386880037,True,,端点最大距离且全时段按遮挡计损仍满足双向预算
T009,巡航,2889.449855359735,2907.9588777999807,直连,,511,PASS,worst_obstruction_endpoint_distance,22.2704985239005,304.6238004959094,True,,端点最大距离且全时段按遮挡计损仍满足双向预算
T009,下降,2907.9588777999807,2927.339759147637,直连,,512,PASS,worst_obstruction_endpoint_distance,29.982830377148545,125.356610107422,True,,端点最大距离且全时段按遮挡计损仍满足双向预算
T009,下降,2927.339759147637,2946.720640495293,直连,,513,PASS,worst_obstruction_endpoint_distance,34.22675064092644,76.90440673828135,True,,端点最大距离且全时段按遮挡计损仍满足双向预算
T009,下降,2946.720640495293,2966.1015218429493,直连,,514,PASS,worst_obstruction_endpoint_distance,42.86345708049137,28.452203369140676,True,,端点最大距离且全时段按遮挡计损仍满足双向预算
T010,爬升,2340.0,2358.5698955078124,直连,,515,PASS,worst_obstruction_endpoint_distance,43.50556111298056,26.424738769530762,True,,端点最大距离且全时段按遮挡计损仍满足双向预算
T010,爬升,2358.5698955078124,2377.139791015625,直连,,516,PASS,worst_obstruction_endpoint_distance,34.69724633677488,72.84947753906266,True,,端点最大距离且全时段按遮挡计损仍满足双向预算
T010,爬升,2377.139791015625,2395.7096865234375,直连,,517,PASS,worst_obstruction_endpoint_distance,30.414843731611242,119.2742163085934,True,,端点最大距离且全时段按遮挡计损仍满足双向预算
T010,爬升,2395.7096865234375,2414.27958203125,直连,,518,PASS,worst_obstruction_endpoint_distance,27.559379771700463,165.69895507812413,True,,端点最大距离且全时段按遮挡计损仍满足双向预算
T010,爬升,2414.27958203125,2432.8494775390627,直连,,519,PASS,worst_obstruction_endpoint_distance,25.41399154248265,212.12369384765606,True,,端点最大距离且全时段按遮挡计损仍满足双向预算
T010,爬升,2432.8494775390627,2451.419373046875,直连,,520,PASS,worst_obstruction_endpoint_distance,23.694936979399586,258.54843261718673,True,,端点最大距离且全时段按遮挡计损仍满足双向预算
T010,爬升,2451.419373046875,2469.9892685546874,直连,,521,PASS,worst_obstruction_endpoint_distance,22.260542446450856,304.9731713867175,True,,端点最大距离且全时段按遮挡计损仍满足双向预算
T010,爬升,2469.9892685546874,2488.5591640625003,直连,,522,PASS,worst_obstruction_endpoint_distance,21.029791679401242,351.3979101562494,True,,端点最大距离且全时段按遮挡计损仍满足双向预算
T010,爬升,2488.5591640625003,2507.1290595703126,直连,,523,PASS,worst_obstruction_endpoint_distance,19.951985068959786,397.82264892578024,True,,端点最大距离且全时段按遮挡计损仍满足双向预算
T010,爬升,2507.1290595703126,2525.6989550781254,直连,,524,PASS,worst_obstruction_endpoint_distance,18.993277511644692,444.24738769531206,True,,端点最大距离且全时段按遮挡计损仍满足双向预算
T010,巡航,2525.6989550781254,2544.714990850035,直连,,525,PASS,worst_obstruction_endpoint_distance,17.49412647354434,527.9374064998578,True,,端点最大距离且全时段按遮挡计损仍满足双向预算
T010,巡航,2544.714990850035,2563.7310266219447,直连,,526,PASS,worst_obstruction_endpoint_distance,14.762382856352005,723.0521394096111,True,,端点最大距离且全时段按遮挡计损仍满足双向预算
T010,巡航,2563.7310266219447,2582.7470623938543,直连,,527,PASS,worst_obstruction_endpoint_distance,12.262742934535737,964.1655536489214,True,,端点最大距离且全时段按遮挡计损仍满足双向预算
T010,巡航,2582.7470623938543,2601.763098165764,直连,,528,PASS,worst_obstruction_endpoint_distance,10.187323229616496,1224.3979585073178,True,,端点最大距离且全时段按遮挡计损仍满足双向预算
T010,巡航,2601.763098165764,2620.7791339376736,直连,,529,PASS,worst_obstruction_endpoint_distance,8.459981738274593,1493.790425115221,True,,端点最大距离且全时段按遮挡计损仍满足双向预算
T010,巡航,2620.7791339376736,2639.795169709583,直连,,530,PASS,worst_obstruction_endpoint_distance,6.995338587207897,1768.1610885183502,True,,端点最大距离且全时段按遮挡计损仍满足双向预算
T010,巡航,2639.795169709583,2658.811205481493,直连,,531,PASS,worst_obstruction_endpoint_distance,5.729752779458053,2045.5077030287673,True,,端点最大距离且全时段按遮挡计损仍满足双向预算
T010,巡航,2658.811205481493,2677.8272412534025,直连,,532,PASS,worst_obstruction_endpoint_distance,4.6181924565780434,2324.765411555552,True,,端点最大距离且全时段按遮挡计损仍满足双向预算
T010,巡航,2677.8272412534025,2696.8432770253125,直连,,533,PASS,worst_obstruction_endpoint_distance,3.628554530062189,2605.31975039449,True,,端点最大距离且全时段按遮挡计损仍满足双向预算
T010,巡航,2696.8432770253125,2715.859312797222,直连,,534,PASS,worst_obstruction_endpoint_distance,2.7374631875922546,2886.7927033719507,True,,端点最大距离且全时段按遮挡计损仍满足双向预算
T010,巡航,2715.859312797222,2734.875348569132,直连,,535,PASS,worst_obstruction_endpoint_distance,1.9274962095368977,3168.939499280925,True,,端点最大距离且全时段按遮挡计损仍满足双向预算
T010,巡航,2734.875348569132,2753.8913843410414,直连,,536,PASS,worst_obstruction_endpoint_distance,1.1853788074652982,3451.594894447908,True,,端点最大距离且全时段按遮挡计损仍满足双向预算
T010,巡航,2753.8913843410414,2772.907420112951,直连,,537,PASS,worst_obstruction_endpoint_distance,0.5007923438628978,3734.643411099761,True,,端点最大距离且全时段按遮挡计损仍满足双向预算
T010,巡航,2772.907420112951,2791.923455884861,中继,R003,538,PASS,worst_obstruction_endpoint_distance,3.127627811019991,1383.2713044951424,True,,端点最大距离且全时段按遮挡计损仍满足双向预算
T010,巡航,2791.923455884861,2810.9394916567708,中继,R003,539,PASS,worst_obstruction_endpoint_distance,3.6420073331480154,1303.7321988789206,True,,端点最大距离且全时段按遮挡计损仍满足双向预算
T010,巡航,2810.9394916567708,2829.9555274286804,中继,R003,540,PASS,worst_obstruction_endpoint_distance,3.4895458213072885,1326.8183439139348,True,,端点最大距离且全时段按遮挡计损仍满足双向预算
T010,巡航,2829.9555274286804,2848.97156320059,中继,R003,541,PASS,worst_obstruction_endpoint_distance,2.860348621310692,1426.4985259531572,True,,端点最大距离且全时段按遮挡计损仍满足双向预算
T010,巡航,2848.97156320059,2867.9875989724997,中继,R003,542,PASS,worst_obstruction_endpoint_distance,2.01516137687652,1572.2828939986239,True,,端点最大距离且全时段按遮挡计损仍满足双向预算
T010,巡航,2867.9875989724997,2887.0036347444093,中继,R003,543,PASS,worst_obstruction_endpoint_distance,1.071600826356132,1752.7045616393702,True,,端点最大距离且全时段按遮挡计损仍满足双向预算
T010,下降,2887.0036347444093,2904.2141624369315,中继,R003,544,PASS,worst_obstruction_endpoint_distance,1.0701501581061876,1752.997312906268,True,,端点最大距离且全时段按遮挡计损仍满足双向预算
T010,下降,2904.2141624369315,2921.4246901294537,中继,R003,545,PASS,worst_obstruction_endpoint_distance,1.0653534974675836,1753.965648417715,True,,端点最大距离且全时段按遮挡计损仍满足双向预算
T010,下降,2921.4246901294537,2938.6352178219763,中继,R003,546,PASS,worst_obstruction_endpoint_distance,1.057221914345746,1755.6084502843441,True,,端点最大距离且全时段按遮挡计损仍满足双向预算
T010,下降,2938.6352178219763,2955.8457455144985,中继,R003,547,PASS,worst_obstruction_endpoint_distance,1.0457741100916564,1757.9238276153656,True,,端点最大距离且全时段按遮挡计损仍满足双向预算
T010,下降,2955.8457455144985,2973.0562732070207,中继,R003,548,PASS,worst_obstruction_endpoint_distance,1.0310362747885051,1760.9091273525612,True,,端点最大距离且全时段按遮挡计损仍满足双向预算
T010,下降,2973.0562732070207,2990.266800899543,中继,R003,549,PASS,worst_obstruction_endpoint_distance,1.0130418890380497,1764.5609493573468,True,,端点最大距离且全时段按遮挡计损仍满足双向预算
T010,下降,2990.266800899543,3007.4773285920655,中继,R003,550,PASS,worst_obstruction_endpoint_distance,0.9918314733706666,1768.8751655523586,True,,端点最大距离且全时段按遮挡计损仍满足双向预算
T010,投送,3007.4773285920655,3026.861943976681,中继,R003,551,PASS,exact_point,0.9918314733706666,1768.8751655523586,,,独立计算 DEM 遮挡、自由空间损耗与双向预算
T010,投送,3026.861943976681,3046.246559361296,中继,R003,552,PASS,exact_point,0.9918314733706666,1768.8751655523586,,,独立计算 DEM 遮挡、自由空间损耗与双向预算
T010,投送,3046.246559361296,3065.6311747459113,中继,R003,553,PASS,exact_point,0.9918314733706666,1768.8751655523586,,,独立计算 DEM 遮挡、自由空间损耗与双向预算
T010,投送,3065.6311747459113,3085.0157901305265,中继,R003,554,PASS,exact_point,0.9918314733706666,1768.8751655523586,,,独立计算 DEM 遮挡、自由空间损耗与双向预算
T010,投送,3085.0157901305265,3104.400405515142,中继,R003,555,PASS,exact_point,0.9918314733706666,1768.8751655523586,,,独立计算 DEM 遮挡、自由空间损耗与双向预算
T010,投送,3104.400405515142,3123.785020899758,中继,R003,556,PASS,exact_point,0.9918314733706666,1768.8751655523586,,,独立计算 DEM 遮挡、自由空间损耗与双向预算
T010,投送,3123.785020899758,3143.169636284373,中继,R003,557,PASS,exact_point,0.9918314733706666,1768.8751655523586,,,独立计算 DEM 遮挡、自由空间损耗与双向预算
T010,投送,3143.169636284373,3162.5542516689884,中继,R003,558,PASS,exact_point,0.9918314733706666,1768.8751655523586,,,独立计算 DEM 遮挡、自由空间损耗与双向预算
T010,投送,3162.5542516689884,3181.9388670536036,中继,R003,559,PASS,exact_point,0.9918314733706666,1768.8751655523586,,,独立计算 DEM 遮挡、自由空间损耗与双向预算
T010,投送,3181.9388670536036,3201.323482438219,中继,R003,560,PASS,exact_point,0.9918314733706666,1768.8751655523586,,,独立计算 DEM 遮挡、自由空间损耗与双向预算
T010,投送,3201.323482438219,3220.7080978228346,中继,R003,561,PASS,exact_point,0.9918314733706666,1768.8751655523586,,,独立计算 DEM 遮挡、自由空间损耗与双向预算
T010,投送,3220.7080978228346,3240.09271320745,中继,R003,562,PASS,exact_point,0.9918314733706666,1768.8751655523586,,,独立计算 DEM 遮挡、自由空间损耗与双向预算
T010,投送,3240.09271320745,3259.4773285920655,中继,R003,563,PASS,exact_point,0.9918314733706666,1768.8751655523586,,,独立计算 DEM 遮挡、自由空间损耗与双向预算
T010,爬升,3259.4773285920655,3278.75311960769,中继,R003,564,PASS,worst_obstruction_endpoint_distance,0.9918314733706666,1768.8751655523586,True,,端点最大距离且全时段按遮挡计损仍满足双向预算
T010,爬升,3278.75311960769,3298.028910623315,中继,R003,565,PASS,worst_obstruction_endpoint_distance,1.0206279905043374,1763.0204860246654,True,,端点最大距离且全时段按遮挡计损仍满足双向预算
T010,爬升,3298.028910623315,3317.30470163894,中继,R003,566,PASS,worst_obstruction_endpoint_distance,1.0430887776814899,1758.4673919263862,True,,端点最大距离且全时段按遮挡计损仍满足双向预算
T010,爬升,3317.30470163894,3336.580492654565,中继,R003,567,PASS,worst_obstruction_endpoint_distance,1.0591142360136558,1755.2260123087,True,,端点最大距离且全时段按遮挡计损仍满足双向预算
T010,爬升,3336.580492654565,3355.8562836701904,中继,R003,568,PASS,worst_obstruction_endpoint_distance,1.0686325652298336,1753.3036221923433,True,,端点最大距离且全时段按遮挡计损仍满足双向预算
T010,巡航,3355.8562836701904,3374.8723194421,中继,R003,569,PASS,worst_obstruction_endpoint_distance,1.071600826356132,1752.7045616393702,True,,端点最大距离且全时段按遮挡计损仍满足双向预算
T010,巡航,3374.8723194421,3393.8883552140096,中继,R003,570,PASS,worst_obstruction_endpoint_distance,2.01516137687652,1572.2828939986239,True,,端点最大距离且全时段按遮挡计损仍满足双向预算
T010,巡航,3393.8883552140096,3412.9043909859192,中继,R003,571,PASS,worst_obstruction_endpoint_distance,2.860348621310692,1426.4985259531572,True,,端点最大距离且全时段按遮挡计损仍满足双向预算
T010,巡航,3412.9043909859192,3431.920426757829,中继,R003,572,PASS,worst_obstruction_endpoint_distance,3.4895458213072885,1326.8183439139348,True,,端点最大距离且全时段按遮挡计损仍满足双向预算
T010,巡航,3431.920426757829,3450.9364625297385,中继,R003,573,PASS,worst_obstruction_endpoint_distance,3.6420073331480154,1303.7321988789206,True,,端点最大距离且全时段按遮挡计损仍满足双向预算
T010,巡航,3450.9364625297385,3469.952498301648,中继,R003,574,PASS,worst_obstruction_endpoint_distance,3.127627811019991,1383.2713044951424,True,,端点最大距离且全时段按遮挡计损仍满足双向预算
T010,巡航,3469.952498301648,3488.9685340735577,直连,,575,PASS,worst_obstruction_endpoint_distance,0.5007923438628978,3734.643411099761,True,,端点最大距离且全时段按遮挡计损仍满足双向预算
T010,巡航,3488.9685340735577,3507.9845698454674,直连,,576,PASS,worst_obstruction_endpoint_distance,1.1853788074651561,3451.594894447965,True,,端点最大距离且全时段按遮挡计损仍满足双向预算
T010,巡航,3507.9845698454674,3527.000605617377,直连,,577,PASS,worst_obstruction_endpoint_distance,1.9274962095368977,3168.939499280925,True,,端点最大距离且全时段按遮挡计损仍满足双向预算
T010,巡航,3527.000605617377,3546.016641389287,直连,,578,PASS,worst_obstruction_endpoint_distance,2.7374631875922546,2886.7927033719507,True,,端点最大距离且全时段按遮挡计损仍满足双向预算
T010,巡航,3546.016641389287,3565.0326771611967,直连,,579,PASS,worst_obstruction_endpoint_distance,3.628554530062189,2605.31975039449,True,,端点最大距离且全时段按遮挡计损仍满足双向预算
T010,巡航,3565.0326771611967,3584.0487129331063,直连,,580,PASS,worst_obstruction_endpoint_distance,4.6181924565780434,2324.765411555552,True,,端点最大距离且全时段按遮挡计损仍满足双向预算
T010,巡航,3584.0487129331063,3603.064748705016,直连,,581,PASS,worst_obstruction_endpoint_distance,5.729752779457812,2045.507703028824,True,,端点最大距离且全时段按遮挡计损仍满足双向预算
T010,巡航,3603.064748705016,3622.080784476926,直连,,582,PASS,worst_obstruction_endpoint_distance,6.995338587207897,1768.1610885183502,True,,端点最大距离且全时段按遮挡计损仍满足双向预算
T010,巡航,3622.080784476926,3641.0968202488357,直连,,583,PASS,worst_obstruction_endpoint_distance,8.459981738274593,1493.790425115221,True,,端点最大距离且全时段按遮挡计损仍满足双向预算
T010,巡航,3641.0968202488357,3660.1128560207453,直连,,584,PASS,worst_obstruction_endpoint_distance,10.187323229616496,1224.3979585073178,True,,端点最大距离且全时段按遮挡计损仍满足双向预算
T010,巡航,3660.1128560207453,3679.128891792655,直连,,585,PASS,worst_obstruction_endpoint_distance,12.262742934535737,964.1655536489214,True,,端点最大距离且全时段按遮挡计损仍满足双向预算
T010,巡航,3679.128891792655,3698.1449275645646,直连,,586,PASS,worst_obstruction_endpoint_distance,14.762382856352005,723.0521394096111,True,,端点最大距离且全时段按遮挡计损仍满足双向预算
T010,巡航,3698.1449275645646,3717.160963336474,直连,,587,PASS,worst_obstruction_endpoint_distance,17.49412647354434,527.9374064998578,True,,端点最大距离且全时段按遮挡计损仍满足双向预算
T010,下降,3717.160963336474,3736.5046044904457,直连,,588,PASS,worst_obstruction_endpoint_distance,18.993277511644692,444.24738769531206,True,,端点最大距离且全时段按遮挡计损仍满足双向预算
T010,下降,3736.5046044904457,3755.848245644417,直连,,589,PASS,worst_obstruction_endpoint_distance,19.784670621030926,405.5601053873691,True,,端点最大距离且全时段按遮挡计损仍满足双向预算
T010,下降,3755.848245644417,3775.191886798388,直连,,590,PASS,worst_obstruction_endpoint_distance,20.65546433341744,366.87282307942627,True,,端点最大距离且全时段按遮挡计损仍满足双向预算
T010,下降,3775.191886798388,3794.5355279523596,直连,,591,PASS,worst_obstruction_endpoint_distance,21.623386306715105,328.1855407714843,True,,端点最大距离且全时段按遮挡计损仍满足双向预算
T010,下降,3794.5355279523596,3813.879169106331,直连,,592,PASS,worst_obstruction_endpoint_distance,22.712856056101472,289.4982584635414,True,,端点最大距离且全时段按遮挡计损仍满足双向预算
T010,下降,3813.879169106331,3833.222810260302,直连,,593,PASS,worst_obstruction_endpoint_distance,23.958844396637232,250.8109761555985,True,,端点最大距离且全时段按遮挡计损仍满足双向预算
T010,下降,3833.222810260302,3852.5664514142736,直连,,594,PASS,worst_obstruction_endpoint_distance,25.413991542482634,212.1236938476565,True,,端点最大距离且全时段按遮挡计损仍满足双向预算
T010,下降,3852.5664514142736,3871.910092568245,直连,,595,PASS,worst_obstruction_endpoint_distance,27.162969580851012,173.43641153971362,True,,端点最大距离且全时段按遮挡计损仍满足双向预算
T010,下降,3871.910092568245,3891.2537337222166,直连,,596,PASS,worst_obstruction_endpoint_distance,29.355255817877534,134.74912923177072,True,,端点最大距离且全时段按遮挡计损仍满足双向预算
T010,下降,3891.2537337222166,3910.597374876188,直连,,597,PASS,worst_obstruction_endpoint_distance,32.29475651968485,96.06184692382783,True,,端点最大距离且全时段按遮挡计损仍满足双向预算
T010,下降,3910.597374876188,3929.941016030159,直连,,598,PASS,worst_obstruction_endpoint_distance,36.771387107065834,57.374564615884935,True,,端点最大距离且全时段按遮挡计损仍满足双向预算
T010,下降,3929.941016030159,3949.2846571841305,直连,,599,PASS,worst_obstruction_endpoint_distance,45.92517525248826,20.0,True,,端点最大距离且全时段按遮挡计损仍满足双向预算
T011,爬升,2355.0,2373.098788248698,直连,,600,PASS,worst_obstruction_endpoint_distance,41.240813379711284,34.296364746093815,True,,端点最大距离且全时段按遮挡计损仍满足双向预算
T011,爬升,2373.098788248698,2391.197576497396,直连,,601,PASS,worst_obstruction_endpoint_distance,32.99781352057414,88.59272949218763,True,,端点最大距离且全时段按遮挡计损仍满足双向预算
T011,爬升,2391.197576497396,2409.296364746094,直连,,602,PASS,worst_obstruction_endpoint_distance,28.845793500078102,142.88909423828142,True,,端点最大距离且全时段按遮挡计损仍满足双向预算
T011,爬升,2409.296364746094,2427.3951529947917,直连,,603,PASS,worst_obstruction_endpoint_distance,26.04827745221246,197.1854589843752,True,,端点最大距离且全时段按遮挡计损仍满足双向预算
T011,爬升,2427.3951529947917,2445.4939412434896,直连,,604,PASS,worst_obstruction_endpoint_distance,23.935643142447674,251.481823730469,True,,端点最大距离且全时段按遮挡计损仍满足双向预算
T011,巡航,2445.4939412434896,2464.736905692543,直连,,605,PASS,worst_obstruction_endpoint_distance,21.280089398434257,341.4163289887746,True,,端点最大距离且全时段按遮挡计损仍满足双向预算
T011,巡航,2464.736905692543,2483.9798701415966,直连,,606,PASS,worst_obstruction_endpoint_distance,17.528335105557886,525.8622593422102,True,,端点最大距离且全时段按遮挡计损仍满足双向预算
T011,巡航,2483.9798701415966,2503.22283459065,直连,,607,PASS,worst_obstruction_endpoint_distance,14.596648283036245,736.98108928749,True,,端点最大距离且全时段按遮挡计损仍满足双向预算
T011,巡航,2503.22283459065,2522.4657990397036,直连,,608,PASS,worst_obstruction_endpoint_distance,12.324947391904615,957.2852971823368,True,,端点最大距离且全时段按遮挡计损仍满足双向预算
T011,巡航,2522.4657990397036,2541.7087634887575,直连,,609,PASS,worst_obstruction_endpoint_distance,10.49600906489232,1181.6484919391153,True,,端点最大距离且全时段按遮挡计损仍满足双向预算
T011,巡航,2541.7087634887575,2560.9517279378106,直连,,610,PASS,worst_obstruction_endpoint_distance,8.972909007143471,1408.131805218969,True,,端点最大距离且全时段按遮挡计损仍满足双向预算
T011,巡航,2560.9517279378106,2580.1946923868645,直连,,611,PASS,worst_obstruction_endpoint_distance,7.670879657102262,1635.8548857719554,True,,端点最大距离且全时段按遮挡计损仍满足双向预算
T011,巡航,2580.1946923868645,2599.437656835918,直连,,612,PASS,worst_obstruction_endpoint_distance,6.535163356767683,1864.363494011997,True,,端点最大距离且全时段按遮挡计损仍满足双向预算
T011,巡航,2599.437656835918,2618.6806212849715,直连,,613,PASS,worst_obstruction_endpoint_distance,5.5287290721480105,2093.4004089930254,True,,端点最大距离且全时段按遮挡计损仍满足双向预算
T011,巡航,2618.6806212849715,2637.923585734025,直连,,614,PASS,worst_obstruction_endpoint_distance,4.625503827358557,2322.809357439291,True,,端点最大距离且全时段按遮挡计损仍满足双向预算
T011,巡航,2637.923585734025,2657.1665501830785,直连,,615,PASS,worst_obstruction_endpoint_distance,3.8064940772127898,2552.4900300899626,True,,端点最大距离且全时段按遮挡计损仍满足双向预算
T011,巡航,2657.1665501830785,2676.409514632132,直连,,616,PASS,worst_obstruction_endpoint_distance,3.05746148982098,2782.375136547519,True,,端点最大距离且全时段按遮挡计损仍满足双向预算
T011,巡航,2676.409514632132,2695.6524790811854,直连,,617,PASS,worst_obstruction_endpoint_distance,2.3674708480467643,3012.4178746170383,True,,端点最大距离且全时段按遮挡计损仍满足双向预算
T011,巡航,2695.6524790811854,2714.8954435302394,直连,,618,PASS,worst_obstruction_endpoint_distance,1.7279485949484865,3242.5846953030627,True,,端点最大距离且全时段按遮挡计损仍满足双向预算
T011,巡航,2714.8954435302394,2734.1384079792924,直连,,619,PASS,worst_obstruction_endpoint_distance,1.1320523341021271,3472.850927578586,True,,端点最大距离且全时段按遮挡计损仍满足双向预算
T011,巡航,2734.1384079792924,2753.3813724283464,直连,,620,PASS,worst_obstruction_endpoint_distance,0.5742364376337576,3703.1980271406564,True,,端点最大距离且全时段按遮挡计损仍满足双向预算
T011,巡航,2753.3813724283464,2772.6243368773994,直连,,621,PASS,worst_obstruction_endpoint_distance,0.04994523170643106,3933.61178757134,True,,端点最大距离且全时段按遮挡计损仍满足双向预算
T011,巡航,2772.6243368773994,2791.8673013264533,中继,R003,622,PASS,worst_obstruction_endpoint_distance,2.9875252820413323,1405.7642487413252,True,,端点最大距离且全时段按遮挡计损仍满足双向预算
T011,巡航,2791.8673013264533,2811.110265775507,中继,R003,623,PASS,worst_obstruction_endpoint_distance,3.075496452645453,1391.5984477866273,True,,端点最大距离且全时段按遮挡计损仍满足双向预算
T011,巡航,2811.110265775507,2830.3532302245603,中继,R003,624,PASS,worst_obstruction_endpoint_distance,2.7720400370589147,1441.0755720656903,True,,端点最大距离且全时段按遮挡计损仍满足双向预算
T011,巡航,2830.3532302245603,2849.596194673614,中继,R003,625,PASS,worst_obstruction_endpoint_distance,2.284357046148841,1524.301601715459,True,,端点最大距离且全时段按遮挡计损仍满足双向预算
T011,下降,2849.596194673614,2868.5889241658015,中继,R003,626,PASS,worst_obstruction_endpoint_distance,2.246501178587579,1530.9594906028888,True,,端点最大距离且全时段按遮挡计损仍满足双向预算
T011,投送,2868.5889241658015,2887.6798332567105,中继,R003,627,PASS,exact_point,12.246501178587579,1530.9594906028888,,,独立计算 DEM 遮挡、自由空间损耗与双向预算
T011,投送,2887.6798332567105,2906.7707423476195,中继,R003,628,PASS,exact_point,12.246501178587579,1530.9594906028888,,,独立计算 DEM 遮挡、自由空间损耗与双向预算
T011,投送,2906.7707423476195,2925.8616514385285,中继,R003,629,PASS,exact_point,12.246501178587579,1530.9594906028888,,,独立计算 DEM 遮挡、自由空间损耗与双向预算
T011,投送,2925.8616514385285,2944.9525605294375,中继,R003,630,PASS,exact_point,12.246501178587579,1530.9594906028888,,,独立计算 DEM 遮挡、自由空间损耗与双向预算
T011,投送,2944.9525605294375,2964.043469620347,中继,R003,631,PASS,exact_point,12.246501178587579,1530.9594906028888,,,独立计算 DEM 遮挡、自由空间损耗与双向预算
T011,投送,2964.043469620347,2983.134378711256,中继,R003,632,PASS,exact_point,12.246501178587579,1530.9594906028888,,,独立计算 DEM 遮挡、自由空间损耗与双向预算
T011,投送,2983.134378711256,3002.225287802165,中继,R003,633,PASS,exact_point,12.246501178587579,1530.9594906028888,,,独立计算 DEM 遮挡、自由空间损耗与双向预算
T011,投送,3002.225287802165,3021.3161968930744,中继,R003,634,PASS,exact_point,12.246501178587579,1530.9594906028888,,,独立计算 DEM 遮挡、自由空间损耗与双向预算
T011,投送,3021.3161968930744,3040.4071059839835,中继,R003,635,PASS,exact_point,12.246501178587579,1530.9594906028888,,,独立计算 DEM 遮挡、自由空间损耗与双向预算
T011,投送,3040.4071059839835,3059.4980150748925,中继,R003,636,PASS,exact_point,12.246501178587579,1530.9594906028888,,,独立计算 DEM 遮挡、自由空间损耗与双向预算
T011,投送,3059.4980150748925,3078.5889241658015,中继,R003,637,PASS,exact_point,12.246501178587579,1530.9594906028888,,,独立计算 DEM 遮挡、自由空间损耗与双向预算
T011,爬升,3078.5889241658015,3094.416198742624,中继,R003,638,PASS,worst_obstruction_endpoint_distance,2.246501178587579,1530.9594906028888,True,,端点最大距离且全时段按遮挡计损仍满足双向预算
T011,巡航,3094.416198742624,3113.659163191678,中继,R003,639,PASS,worst_obstruction_endpoint_distance,2.284357046148841,1524.301601715459,True,,端点最大距离且全时段按遮挡计损仍满足双向预算
T011,巡航,3113.659163191678,3132.902127640731,中继,R003,640,PASS,worst_obstruction_endpoint_distance,2.7720400370589147,1441.0755720656903,True,,端点最大距离且全时段按遮挡计损仍满足双向预算
T011,巡航,3132.902127640731,3152.145092089785,中继,R003,641,PASS,worst_obstruction_endpoint_distance,3.075496452645453,1391.5984477866273,True,,端点最大距离且全时段按遮挡计损仍满足双向预算
T011,巡航,3152.145092089785,3171.3880565388386,中继,R003,642,PASS,worst_obstruction_endpoint_distance,2.9875252820413323,1405.7642487413252,True,,端点最大距离且全时段按遮挡计损仍满足双向预算
T011,巡航,3171.3880565388386,3190.631020987892,直连,,643,PASS,worst_obstruction_endpoint_distance,0.04994523170643106,3933.61178757134,True,,端点最大距离且全时段按遮挡计损仍满足双向预算
T011,巡航,3190.631020987892,3209.8739854369455,直连,,644,PASS,worst_obstruction_endpoint_distance,0.5742364376337576,3703.1980271406564,True,,端点最大距离且全时段按遮挡计损仍满足双向预算
T011,巡航,3209.8739854369455,3229.116949885999,直连,,645,PASS,worst_obstruction_endpoint_distance,1.1320523341021271,3472.850927578586,True,,端点最大距离且全时段按遮挡计损仍满足双向预算
T011,巡航,3229.116949885999,3248.3599143350525,直连,,646,PASS,worst_obstruction_endpoint_distance,1.7279485949484865,3242.5846953030627,True,,端点最大距离且全时段按遮挡计损仍满足双向预算
T011,巡航,3248.3599143350525,3267.602878784106,直连,,647,PASS,worst_obstruction_endpoint_distance,2.3674708480466222,3012.4178746170883,True,,端点最大距离且全时段按遮挡计损仍满足双向预算
T011,巡航,3267.602878784106,3286.84584323316,直连,,648,PASS,worst_obstruction_endpoint_distance,3.05746148982098,2782.375136547519,True,,端点最大距离且全时段按遮挡计损仍满足双向预算
T011,巡航,3286.84584323316,3306.088807682213,直连,,649,PASS,worst_obstruction_endpoint_distance,3.8064940772127898,2552.4900300899626,True,,端点最大距离且全时段按遮挡计损仍满足双向预算
T011,巡航,3306.088807682213,3325.331772131267,直连,,650,PASS,worst_obstruction_endpoint_distance,4.625503827358557,2322.809357439291,True,,端点最大距离且全时段按遮挡计损仍满足双向预算
T011,巡航,3325.331772131267,3344.5747365803204,直连,,651,PASS,worst_obstruction_endpoint_distance,5.5287290721480105,2093.4004089930254,True,,端点最大距离且全时段按遮挡计损仍满足双向预算
T011,巡航,3344.5747365803204,3363.817701029374,直连,,652,PASS,worst_obstruction_endpoint_distance,6.535163356767683,1864.363494011997,True,,端点最大距离且全时段按遮挡计损仍满足双向预算
T011,巡航,3363.817701029374,3383.0606654784274,直连,,653,PASS,worst_obstruction_endpoint_distance,7.670879657102262,1635.8548857719554,True,,端点最大距离且全时段按遮挡计损仍满足双向预算
T011,巡航,3383.0606654784274,3402.303629927481,直连,,654,PASS,worst_obstruction_endpoint_distance,8.972909007143471,1408.131805218969,True,,端点最大距离且全时段按遮挡计损仍满足双向预算
T011,巡航,3402.303629927481,3421.5465943765344,直连,,655,PASS,worst_obstruction_endpoint_distance,10.49600906489232,1181.6484919391153,True,,端点最大距离且全时段按遮挡计损仍满足双向预算
T011,巡航,3421.5465943765344,3440.789558825588,直连,,656,PASS,worst_obstruction_endpoint_distance,12.324947391904615,957.2852971823368,True,,端点最大距离且全时段按遮挡计损仍满足双向预算
T011,巡航,3440.789558825588,3460.0325232746413,直连,,657,PASS,worst_obstruction_endpoint_distance,14.596648283036245,736.98108928749,True,,端点最大距离且全时段按遮挡计损仍满足双向预算
T011,巡航,3460.0325232746413,3479.275487723695,直连,,658,PASS,worst_obstruction_endpoint_distance,17.528335105557886,525.8622593422102,True,,端点最大距离且全时段按遮挡计损仍满足双向预算
T011,巡航,3479.275487723695,3498.5184521727488,直连,,659,PASS,worst_obstruction_endpoint_distance,21.280089398434257,341.4163289887746,True,,端点最大距离且全时段按遮挡计损仍满足双向预算
T011,下降,3498.5184521727488,3516.6172404214467,直连,,660,PASS,worst_obstruction_endpoint_distance,23.935643142447674,251.481823730469,True,,端点最大距离且全时段按遮挡计损仍满足双向预算
T011,下降,3516.6172404214467,3534.7160286701446,直连,,661,PASS,worst_obstruction_endpoint_distance,25.658533931909105,206.23485310872417,True,,端点最大距离且全时段按遮挡计损仍满足双向预算
T011,下降,3534.7160286701446,3552.8148169188426,直连,,662,PASS,worst_obstruction_endpoint_distance,27.809911405017885,160.98788248697934,True,,端点最大距离且全时段按遮挡计损仍满足双向预算
T011,下降,3552.8148169188426,3570.9136051675405,直连,,663,PASS,worst_obstruction_endpoint_distance,30.67603717313169,115.74091186523452,True,,端点最大距离且全时段按遮挡计损仍满足双向预算
T011,下降,3570.9136051675405,3589.0123934162384,直连,,664,PASS,worst_obstruction_endpoint_distance,34.98273932171074,70.49394124348967,True,,端点最大距离且全时段按遮挡计损仍满足双向预算
T011,下降,3589.0123934162384,3607.1111816649363,直连,,665,PASS,worst_obstruction_endpoint_distance,43.90158967207108,25.246970621744822,True,,端点最大距离且全时段按遮挡计损仍满足双向预算
T012,爬升,2390.0,2407.596373465402,直连,,666,PASS,worst_obstruction_endpoint_distance,44.34483216804708,23.990933663504933,True,,端点最大距离且全时段按遮挡计损仍满足双向预算
T012,爬升,2407.596373465402,2425.1927469308034,直连,,667,PASS,worst_obstruction_endpoint_distance,35.29791337339611,67.98186732700873,True,,端点最大距离且全时段按遮挡计损仍满足双向预算
T012,爬升,2425.1927469308034,2442.7891203962054,直连,,668,PASS,worst_obstruction_endpoint_distance,30.96352432205596,111.97280099051363,True,,端点最大距离且全时段按遮挡计损仍满足双向预算
T012,爬升,2442.7891203962054,2460.3854938616073,直连,,669,PASS,worst_obstruction_endpoint_distance,28.08530264362888,155.96373465401854,True,,端点最大距离且全时段按遮挡计损仍满足双向预算
T012,爬升,2460.3854938616073,2477.981867327009,直连,,670,PASS,worst_obstruction_endpoint_distance,25.92714420559213,199.95466831752236,True,,端点最大距离且全时段按遮挡计损仍满足双向预算
T012,爬升,2477.981867327009,2495.5782407924107,直连,,671,PASS,worst_obstruction_endpoint_distance,24.199915310578675,243.9456019810272,True,,端点最大距离且全时段按遮挡计损仍满足双向预算
T012,爬升,2495.5782407924107,2513.174614257812,直连,,672,PASS,worst_obstruction_endpoint_distance,22.759839664518097,287.93653564453103,True,,端点最大距离且全时段按遮挡计损仍满足双向预算
T012,巡航,2513.174614257812,2533.109926242226,直连,,673,PASS,worst_obstruction_endpoint_distance,19.58226210365403,415.12190732371414,True,,端点最大距离且全时段按遮挡计损仍满足双向预算
T012,巡航,2533.109926242226,2553.0452382266385,直连,,674,PASS,worst_obstruction_endpoint_distance,15.505503268057225,663.7638481291795,True,,端点最大距离且全时段按遮挡计损仍满足双向预算
T012,巡航,2553.0452382266385,2572.980550211052,直连,,675,PASS,worst_obstruction_endpoint_distance,12.463229440911974,942.1656929588921,True,,端点最大距离且全时段按遮挡计损仍满足双向预算
T012,巡航,2572.980550211052,2592.915862195465,直连,,676,PASS,worst_obstruction_endpoint_distance,10.145642631643526,1230.287543079246,True,,端点最大距离且全时段按遮挡计损仍满足双向预算
T012,巡航,2592.915862195465,2612.8511741798784,直连,,677,PASS,worst_obstruction_endpoint_distance,8.293936099781448,1522.621483851366,True,,端点最大距离且全时段按遮挡计损仍满足双向预算
T012,巡航,2612.8511741798784,2632.7864861642915,直连,,678,PASS,worst_obstruction_endpoint_distance,6.758027590343033,1817.1357754107732,True,,端点最大距离且全时段按遮挡计损仍满足双向预算
T012,巡航,2632.7864861642915,2652.7217981487047,直连,,679,PASS,worst_obstruction_endpoint_distance,5.448118714902037,2112.9188740298164,True,,端点最大距离且全时段按遮挡计损仍满足双向预算
T012,巡航,2652.7217981487047,2672.657110133118,直连,,680,PASS,worst_obstruction_endpoint_distance,4.307223717296679,2409.5035606837673,True,,端点最大距离且全时段按遮挡计损仍满足双向预算
T012,巡航,2672.657110133118,2692.592422117531,直连,,681,PASS,worst_obstruction_endpoint_distance,3.2972090851020823,2706.626340747146,True,,端点最大距离且全时段按遮挡计损仍满足双向预算
T012,巡航,2692.592422117531,2712.527734101944,直连,,682,PASS,worst_obstruction_endpoint_distance,2.3914077795581505,3004.1275583214433,True,,端点最大距离且全时段按遮挡计损仍满足双向预算
T012,巡航,2712.527734101944,2732.4630460863573,直连,,683,PASS,worst_obstruction_endpoint_distance,1.5704838890166855,3301.9049234751205,True,,端点最大距离且全时段按遮挡计损仍满足双向预算
T012,巡航,2732.4630460863573,2752.3983580707704,直连,,684,PASS,worst_obstruction_endpoint_distance,0.8199907753844542,3599.8899093492196,True,,端点最大距离且全时段按遮挡计损仍满足双向预算
T012,巡航,2752.3983580707704,2772.3336700551836,直连,,685,PASS,worst_obstruction_endpoint_distance,0.1288606994990289,3898.0349015831453,True,,端点最大距离且全时段按遮挡计损仍满足双向预算
T012,巡航,2772.3336700551836,2792.2689820395967,中继,R003,686,PASS,worst_obstruction_endpoint_distance,10.948992185168862,562.133087686103,True,,端点最大距离且全时段按遮挡计损仍满足双向预算
T012,巡航,2792.2689820395967,2812.20429402401,中继,R003,687,PASS,worst_obstruction_endpoint_distance,16.38604170257858,300.598405903194,True,,端点最大距离且全时段按遮挡计损仍满足双向预算
T012,巡航,2812.20429402401,2832.139606008423,中继,R003,688,PASS,worst_obstruction_endpoint_distance,13.500443868742849,419.0506945919927,True,,端点最大距离且全时段按遮挡计损仍满足双向预算
T012,下降,2832.139606008423,2846.1456952825115,中继,R003,689,PASS,worst_obstruction_endpoint_distance,13.27367326566123,430.13530956377593,True,,端点最大距离且全时段按遮挡计损仍满足双向预算
T012,下降,2846.1456952825115,2860.1517845566,中继,R003,690,PASS,worst_obstruction_endpoint_distance,13.023244393741194,442.7173463091875,True,,端点最大距离且全时段按遮挡计损仍满足双向预算
T012,下降,2860.1517845566,2874.157873830689,中继,R003,691,PASS,worst_obstruction_endpoint_distance,12.753667451270502,456.6730528579534,True,,端点最大距离且全时段按遮挡计损仍满足双向预算
T012,投送,2874.157873830689,2893.542489215304,中继,R003,692,PASS,exact_point,22.753667451270502,456.6730528579534,,,独立计算 DEM 遮挡、自由空间损耗与双向预算
T012,投送,2893.542489215304,2912.9271045999194,中继,R003,693,PASS,exact_point,22.753667451270502,456.6730528579534,,,独立计算 DEM 遮挡、自由空间损耗与双向预算
T012,投送,2912.9271045999194,2932.3117199845346,中继,R003,694,PASS,exact_point,22.753667451270502,456.6730528579534,,,独立计算 DEM 遮挡、自由空间损耗与双向预算
T012,投送,2932.3117199845346,2951.6963353691503,中继,R003,695,PASS,exact_point,22.753667451270502,456.6730528579534,,,独立计算 DEM 遮挡、自由空间损耗与双向预算
T012,投送,2951.6963353691503,2971.0809507537656,中继,R003,696,PASS,exact_point,22.753667451270502,456.6730528579534,,,独立计算 DEM 遮挡、自由空间损耗与双向预算
T012,投送,2971.0809507537656,2990.465566138381,中继,R003,697,PASS,exact_point,22.753667451270502,456.6730528579534,,,独立计算 DEM 遮挡、自由空间损耗与双向预算
T012,投送,2990.465566138381,3009.8501815229965,中继,R003,698,PASS,exact_point,22.753667451270502,456.6730528579534,,,独立计算 DEM 遮挡、自由空间损耗与双向预算
T012,投送,3009.8501815229965,3029.234796907612,中继,R003,699,PASS,exact_point,22.753667451270502,456.6730528579534,,,独立计算 DEM 遮挡、自由空间损耗与双向预算
T012,投送,3029.234796907612,3048.619412292227,中继,R003,700,PASS,exact_point,22.753667451270502,456.6730528579534,,,独立计算 DEM 遮挡、自由空间损耗与双向预算
T012,投送,3048.619412292227,3068.0040276768423,中继,R003,701,PASS,exact_point,22.753667451270502,456.6730528579534,,,独立计算 DEM 遮挡、自由空间损耗与双向预算
T012,投送,3068.0040276768423,3087.388643061458,中继,R003,702,PASS,exact_point,22.753667451270502,456.6730528579534,,,独立计算 DEM 遮挡、自由空间损耗与双向预算
T012,投送,3087.388643061458,3106.773258446073,中继,R003,703,PASS,exact_point,22.753667451270502,456.6730528579534,,,独立计算 DEM 遮挡、自由空间损耗与双向预算
T012,投送,3106.773258446073,3126.157873830689,中继,R003,704,PASS,exact_point,22.753667451270502,456.6730528579534,,,独立计算 DEM 遮挡、自由空间损耗与双向预算
T012,爬升,3126.157873830689,3142.965180959595,中继,R003,705,PASS,worst_obstruction_endpoint_distance,12.753667451270502,456.6730528579534,True,,端点最大距离且全时段按遮挡计损仍满足双向预算
T012,爬升,3142.965180959595,3159.772488088501,中继,R003,706,PASS,worst_obstruction_endpoint_distance,13.151128354991485,436.24688662675163,True,,端点最大距离且全时段按遮挡计损仍满足双向预算
T012,巡航,3159.772488088501,3179.7078000729143,中继,R003,707,PASS,worst_obstruction_endpoint_distance,13.500443868742849,419.0506945919927,True,,端点最大距离且全时段按遮挡计损仍满足双向预算
T012,巡航,3179.7078000729143,3199.6431120573275,中继,R003,708,PASS,worst_obstruction_endpoint_distance,16.38604170257858,300.598405903194,True,,端点最大距离且全时段按遮挡计损仍满足双向预算
T012,巡航,3199.6431120573275,3219.5784240417406,中继,R003,709,PASS,worst_obstruction_endpoint_distance,10.948992185168862,562.133087686103,True,,端点最大距离且全时段按遮挡计损仍满足双向预算
T012,巡航,3219.5784240417406,3239.5137360261538,直连,,710,PASS,worst_obstruction_endpoint_distance,0.1288606994990289,3898.0349015831453,True,,端点最大距离且全时段按遮挡计损仍满足双向预算
T012,巡航,3239.5137360261538,3259.449048010567,直连,,711,PASS,worst_obstruction_endpoint_distance,0.8199907753844542,3599.8899093492196,True,,端点最大距离且全时段按遮挡计损仍满足双向预算
T012,巡航,3259.449048010567,3279.38435999498,直连,,712,PASS,worst_obstruction_endpoint_distance,1.5704838890166855,3301.9049234751205,True,,端点最大距离且全时段按遮挡计损仍满足双向预算
T012,巡航,3279.38435999498,3299.319671979393,直连,,713,PASS,worst_obstruction_endpoint_distance,2.3914077795581505,3004.1275583214433,True,,端点最大距离且全时段按遮挡计损仍满足双向预算
T012,巡航,3299.319671979393,3319.2549839638064,直连,,714,PASS,worst_obstruction_endpoint_distance,3.2972090851020823,2706.626340747146,True,,端点最大距离且全时段按遮挡计损仍满足双向预算
T012,巡航,3319.2549839638064,3339.1902959482195,直连,,715,PASS,worst_obstruction_endpoint_distance,4.307223717296679,2409.5035606837673,True,,端点最大距离且全时段按遮挡计损仍满足双向预算
T012,巡航,3339.1902959482195,3359.125607932633,直连,,716,PASS,worst_obstruction_endpoint_distance,5.448118714902037,2112.9188740298164,True,,端点最大距离且全时段按遮挡计损仍满足双向预算
T012,巡航,3359.125607932633,3379.060919917046,直连,,717,PASS,worst_obstruction_endpoint_distance,6.758027590343033,1817.1357754107732,True,,端点最大距离且全时段按遮挡计损仍满足双向预算
T012,巡航,3379.060919917046,3398.9962319014594,直连,,718,PASS,worst_obstruction_endpoint_distance,8.293936099781448,1522.621483851366,True,,端点最大距离且全时段按遮挡计损仍满足双向预算
T012,巡航,3398.9962319014594,3418.931543885872,直连,,719,PASS,worst_obstruction_endpoint_distance,10.145642631643526,1230.287543079246,True,,端点最大距离且全时段按遮挡计损仍满足双向预算
T012,巡航,3418.931543885872,3438.8668558702857,直连,,720,PASS,worst_obstruction_endpoint_distance,12.463229440911974,942.1656929588921,True,,端点最大距离且全时段按遮挡计损仍满足双向预算
T012,巡航,3438.8668558702857,3458.8021678546984,直连,,721,PASS,worst_obstruction_endpoint_distance,15.505503268057225,663.7638481291795,True,,端点最大距离且全时段按遮挡计损仍满足双向预算
T012,巡航,3458.8021678546984,3478.737479839112,直连,,722,PASS,worst_obstruction_endpoint_distance,19.58226210365403,415.12190732371414,True,,端点最大距离且全时段按遮挡计损仍满足双向预算
T012,下降,3478.737479839112,3497.983513316895,直连,,723,PASS,worst_obstruction_endpoint_distance,22.759839664518097,287.93653564453103,True,,端点最大距离且全时段按遮挡计损仍满足双向预算
T012,下降,3497.983513316895,3517.229546794678,直连,,724,PASS,worst_obstruction_endpoint_distance,24.00629760355062,249.44446868896512,True,,端点最大距离且全时段按遮挡计损仍满足双向预算
T012,下降,3517.229546794678,3536.4755802724612,直连,,725,PASS,worst_obstruction_endpoint_distance,25.462085680333843,210.9524017333992,True,,端点最大距离且全时段按遮挡计损仍满足双向预算
T012,下降,3536.4755802724612,3555.7216137502446,直连,,726,PASS,worst_obstruction_endpoint_distance,27.21199066951951,172.46033477783237,True,,端点最大距离且全时段按遮挡计损仍满足双向预算
T012,下降,3555.7216137502446,3574.967647228028,直连,,727,PASS,worst_obstruction_endpoint_distance,29.405736324095642,133.96826782226555,True,,端点最大距离且全时段按遮挡计损仍满足双向预算
T012,下降,3574.967647228028,3594.213680705811,直连,,728,PASS,worst_obstruction_endpoint_distance,32.347872576052,95.47620086669869,True,,端点最大距离且全时段按遮挡计损仍满足双向预算
T012,下降,3594.213680705811,3613.459714183594,直连,,729,PASS,worst_obstruction_endpoint_distance,36.83069612741413,56.984133911132744,True,,端点最大距离且全时段按遮挡计损仍满足双向预算
T012,下降,3613.459714183594,3632.7057476613772,直连,,730,PASS,worst_obstruction_endpoint_distance,45.92517525248826,20.0,True,,端点最大距离且全时段按遮挡计损仍满足双向预算
T013,爬升,2461.0,2479.0876724243167,直连,,731,PASS,worst_obstruction_endpoint_distance,41.24926306189187,34.26301727294995,True,,端点最大距离且全时段按遮挡计损仍满足双向预算
T013,爬升,2479.0876724243167,2497.175344848633,直连,,732,PASS,worst_obstruction_endpoint_distance,33.00435495025734,88.52603454589851,True,,端点最大距离且全时段按遮挡计损仍满足双向预算
T013,爬升,2497.175344848633,2515.2630172729496,直连,,733,PASS,worst_obstruction_endpoint_distance,28.851876971718013,142.7890518188484,True,,端点最大距离且全时段按遮挡计损仍满足双向预算
T013,爬升,2515.2630172729496,2533.350689697266,直连,,734,PASS,worst_obstruction_endpoint_distance,26.054155177428697,197.05206909179702,True,,端点最大距离且全时段按遮挡计损仍满足双向预算
T013,爬升,2533.350689697266,2551.438362121582,直连,,735,PASS,worst_obstruction_endpoint_distance,23.941403967071793,251.31508636474558,True,,端点最大距离且全时段按遮挡计损仍满足双向预算
T013,爬升,2551.438362121582,2569.5260345458987,直连,,736,PASS,worst_obstruction_endpoint_distance,22.24333053746038,305.5781036376955,True,,端点最大距离且全时段按遮挡计损仍满足双向预算
T013,爬升,2569.5260345458987,2587.613706970215,直连,,737,PASS,worst_obstruction_endpoint_distance,20.823559347214356,359.84112091064407,True,,端点最大距离且全时段按遮挡计损仍满足双向预算
T013,爬升,2587.613706970215,2605.7013793945316,直连,,738,PASS,worst_obstruction_endpoint_distance,19.603583756332725,414.104138183594,True,,端点最大距离且全时段按遮挡计损仍满足双向预算
T013,巡航,2605.7013793945316,2625.2264539027333,直连,,739,PASS,worst_obstruction_endpoint_distance,18.39741098882675,475.7931759032307,True,,端点最大距离且全时段按遮挡计损仍满足双向预算
T013,巡航,2625.2264539027333,2644.751528410935,直连,,740,PASS,worst_obstruction_endpoint_distance,16.02323156066953,625.3557972562114,True,,端点最大距离且全时段按遮挡计损仍满足双向预算
T013,巡航,2644.751528410935,2664.2766029191366,直连,,741,PASS,worst_obstruction_endpoint_distance,13.713939458904292,815.815186202598,True,,端点最大距离且全时段按遮挡计损仍满足双向预算
T013,巡航,2664.2766029191366,2683.8016774273383,直连,,742,PASS,worst_obstruction_endpoint_distance,11.73457387155004,1024.6134787645549,True,,端点最大距离且全时段按遮挡计损仍满足双向预算
T013,巡航,2683.8016774273383,2703.3267519355404,直连,,743,PASS,worst_obstruction_endpoint_distance,10.059569536755163,1242.5397223605517,True,,端点最大距离且全时段按遮挡计损仍满足双向预算
T013,巡航,2703.3267519355404,2722.851826443742,直连,,744,PASS,worst_obstruction_endpoint_distance,8.625895505130202,1465.527536545165,True,,端点最大距离且全时段按遮挡计损仍满足双向预算
T013,巡航,2722.851826443742,2742.3769009519438,直连,,745,PASS,worst_obstruction_endpoint_distance,7.37994272538333,1691.5764177391372,True,,端点最大距离且全时段按遮挡计损仍满足双向预算
T013,巡航,2742.3769009519438,2761.9019754601454,直连,,746,PASS,worst_obstruction_endpoint_distance,6.281536472192059,1919.6052749671428,True,,端点最大距离且全时段按遮挡计损仍满足双向预算
T013,巡航,2761.9019754601454,2781.427049968347,直连,,747,PASS,worst_obstruction_endpoint_distance,5.301111871503167,2148.983914379498,True,,端点最大距离且全时段按遮挡计损仍满足双向预算
T013,巡航,2781.427049968347,2800.952124476549,直连,,748,PASS,worst_obstruction_endpoint_distance,4.4167107952732465,2379.3219905663836,True,,端点最大距离且全时段按遮挡计损仍满足双向预算
T013,巡航,2800.952124476549,2820.4771989847504,直连,,749,PASS,worst_obstruction_endpoint_distance,3.6117486322979744,2610.3655344174194,True,,端点最大距离且全时段按遮挡计损仍满足双向预算
T013,巡航,2820.4771989847504,2840.0022734929526,直连,,750,PASS,worst_obstruction_endpoint_distance,2.8734694540850256,2841.9424923292363,True,,端点最大距离且全时段按遮挡计损仍满足双向预算
T013,巡航,2840.0022734929526,2859.527348001154,直连,,751,PASS,worst_obstruction_endpoint_distance,2.191889165852203,3073.93231124083,True,,端点最大距离且全时段按遮挡计损仍满足双向预算
T013,巡航,2859.527348001154,2879.052422509356,直连,,752,PASS,worst_obstruction_endpoint_distance,1.559066410352358,3306.248084524794,True,,端点最大距离且全时段按遮挡计损仍满足双向预算
T013,巡航,2879.052422509356,2898.5774970175576,直连,,753,PASS,worst_obstruction_endpoint_distance,0.9685919145869804,3538.825618295985,True,,端点最大距离且全时段按遮挡计损仍满足双向预算
T013,巡航,2898.5774970175576,2918.1025715257592,直连,,754,PASS,worst_obstruction_endpoint_distance,0.41522465241320106,3771.616488316685,True,,端点最大距离且全时段按遮挡计损仍满足双向预算
T013,巡航,2918.1025715257592,2937.6276460339614,中继,R004,755,PASS,worst_obstruction_endpoint_distance,0.8490302798144427,1798.1968986308907,True,,端点最大距离且全时段按遮挡计损仍满足双向预算
T013,巡航,2937.6276460339614,2957.152720542163,中继,R004,756,PASS,worst_obstruction_endpoint_distance,2.0466724140916455,1566.5892338167546,True,,端点最大距离且全时段按遮挡计损仍满足双向预算
T013,巡航,2957.152720542163,2976.6777950503647,中继,R004,757,PASS,worst_obstruction_endpoint_distance,3.4301584898653914,1335.9211753415657,True,,端点最大距离且全时段按遮挡计损仍满足双向预算
T013,巡航,2976.6777950503647,2996.2028695585664,中继,R004,758,PASS,worst_obstruction_endpoint_distance,5.064546292495137,1106.7803593719177,True,,端点最大距离且全时段按遮挡计损仍满足双向预算
T013,巡航,2996.2028695585664,3015.727944066768,中继,R004,759,PASS,worst_obstruction_endpoint_distance,7.052567845391934,880.3601302922355,True,,端点最大距离且全时段按遮挡计损仍满足双向预算
T013,巡航,3015.727944066768,3035.25301857497,中继,R004,760,PASS,worst_obstruction_endpoint_distance,9.561891354059668,659.468704394305,True,,端点最大距离且全时段按遮挡计损仍满足双向预算
T013,巡航,3035.25301857497,3054.778093083172,中继,R004,761,PASS,worst_obstruction_endpoint_distance,12.837614657622282,452.2806684940842,True,,端点最大距离且全时段按遮挡计损仍满足双向预算
T013,巡航,3054.778093083172,3074.3031675913735,中继,R004,762,PASS,worst_obstruction_endpoint_distance,16.70244194914028,289.845565882971,True,,端点最大距离且全时段按遮挡计损仍满足双向预算
T013,巡航,3074.3031675913735,3093.828242099575,中继,R004,763,PASS,worst_obstruction_endpoint_distance,13.582992870799032,415.086983475622,True,,端点最大距离且全时段按遮挡计损仍满足双向预算
T013,巡航,3093.828242099575,3113.353316607777,中继,R004,764,PASS,worst_obstruction_endpoint_distance,10.135028927687586,617.3583292313319,True,,端点最大距离且全时段按遮挡计损仍满足双向预算
T013,巡航,3113.353316607777,3132.878391115979,中继,R004,765,PASS,worst_obstruction_endpoint_distance,7.496288825348643,836.5161250342817,True,,端点最大距离且全时段按遮挡计损仍满足双向预算
T013,巡航,3132.878391115979,3152.40346562418,中继,R004,766,PASS,worst_obstruction_endpoint_distance,5.421987482213211,1062.158635121915,True,,端点最大距离且全时段按遮挡计损仍满足双向预算
T013,巡航,3152.40346562418,3171.9285401323823,中继,R004,767,PASS,worst_obstruction_endpoint_distance,3.7279916585073067,1290.889818240399,True,,端点最大距离且全时段按遮挡计损仍满足双向预算
T013,巡航,3171.9285401323823,3191.453614640584,中继,R004,768,PASS,worst_obstruction_endpoint_distance,2.30137989286807,1521.3171587343563,True,,端点最大距离且全时段按遮挡计损仍满足双向预算
T013,巡航,3191.453614640584,3210.9786891487856,中继,R004,769,PASS,worst_obstruction_endpoint_distance,1.0712674676761509,1752.7718305681353,True,,端点最大距离且全时段按遮挡计损仍满足双向预算
T013,下降,3210.9786891487856,3228.8430202034733,中继,R004,770,PASS,worst_obstruction_endpoint_distance,1.0712674676761509,1752.7718305681353,True,,端点最大距离且全时段按遮挡计损仍满足双向预算
T013,下降,3228.8430202034733,3246.7073512581605,中继,R004,771,PASS,worst_obstruction_endpoint_distance,1.079490722717381,1751.1132014983282,True,,端点最大距离且全时段按遮挡计损仍满足双向预算
T013,下降,3246.7073512581605,3264.571682312848,中继,R004,772,PASS,worst_obstruction_endpoint_distance,1.079003193774426,1751.2114922161775,True,,端点最大距离且全时段按遮挡计损仍满足双向预算
T013,下降,3264.571682312848,3282.4360133675355,中继,R004,773,PASS,worst_obstruction_endpoint_distance,1.070294308703211,1752.9682204905325,True,,端点最大距离且全时段按遮挡计损仍满足双向预算
T013,下降,3282.4360133675355,3300.300344422223,中继,R004,774,PASS,worst_obstruction_endpoint_distance,1.0559798351574585,1755.8595196313033,True,,端点最大距离且全时段按遮挡计损仍满足双向预算
T013,投送,3300.300344422223,3319.391253513132,中继,R004,775,PASS,exact_point,11.055979835157459,1755.8595196313033,,,独立计算 DEM 遮挡、自由空间损耗与双向预算
T013,投送,3319.391253513132,3338.482162604041,中继,R004,776,PASS,exact_point,11.055979835157459,1755.8595196313033,,,独立计算 DEM 遮挡、自由空间损耗与双向预算
T013,投送,3338.482162604041,3357.57307169495,中继,R004,777,PASS,exact_point,11.055979835157459,1755.8595196313033,,,独立计算 DEM 遮挡、自由空间损耗与双向预算
T013,投送,3357.57307169495,3376.663980785859,中继,R004,778,PASS,exact_point,11.055979835157459,1755.8595196313033,,,独立计算 DEM 遮挡、自由空间损耗与双向预算
T013,投送,3376.663980785859,3395.7548898767686,中继,R004,779,PASS,exact_point,11.055979835157459,1755.8595196313033,,,独立计算 DEM 遮挡、自由空间损耗与双向预算
T013,投送,3395.7548898767686,3414.8457989676776,中继,R004,780,PASS,exact_point,11.055979835157459,1755.8595196313033,,,独立计算 DEM 遮挡、自由空间损耗与双向预算
T013,投送,3414.8457989676776,3433.9367080585866,中继,R004,781,PASS,exact_point,11.055979835157459,1755.8595196313033,,,独立计算 DEM 遮挡、自由空间损耗与双向预算
T013,投送,3433.9367080585866,3453.027617149496,中继,R004,782,PASS,exact_point,11.055979835157459,1755.8595196313033,,,独立计算 DEM 遮挡、自由空间损耗与双向预算
T013,投送,3453.027617149496,3472.118526240405,中继,R004,783,PASS,exact_point,11.055979835157459,1755.8595196313033,,,独立计算 DEM 遮挡、自由空间损耗与双向预算
T013,投送,3472.118526240405,3491.209435331314,中继,R004,784,PASS,exact_point,11.055979835157459,1755.8595196313033,,,独立计算 DEM 遮挡、自由空间损耗与双向预算
T013,投送,3491.209435331314,3510.300344422223,中继,R004,785,PASS,exact_point,11.055979835157459,1755.8595196313033,,,独立计算 DEM 遮挡、自由空间损耗与双向预算
T013,爬升,3510.300344422223,3528.9090226041894,中继,R004,786,PASS,worst_obstruction_endpoint_distance,1.0559798351574585,1755.8595196313033,True,,端点最大距离且全时段按遮挡计损仍满足双向预算
T013,爬升,3528.9090226041894,3547.5177007861557,中继,R004,787,PASS,worst_obstruction_endpoint_distance,1.0729987463525248,1752.4225014587198,True,,端点最大距离且全时段按遮挡计损仍满足双向预算
T013,爬升,3547.5177007861557,3566.1263789681216,中继,R004,788,PASS,worst_obstruction_endpoint_distance,1.0806658488908738,1750.876306966168,True,,端点最大距离且全时段按遮挡计损仍满足双向预算
T013,爬升,3566.1263789681216,3584.735057150088,中继,R004,789,PASS,worst_obstruction_endpoint_distance,1.0712674676761509,1752.7718305681353,True,,端点最大距离且全时段按遮挡计损仍满足双向预算
T013,巡航,3584.735057150088,3604.2601316582895,中继,R004,790,PASS,worst_obstruction_endpoint_distance,1.0712674676761509,1752.7718305681353,True,,端点最大距离且全时段按遮挡计损仍满足双向预算
T013,巡航,3604.2601316582895,3623.7852061664917,中继,R004,791,PASS,worst_obstruction_endpoint_distance,2.30137989286807,1521.3171587343563,True,,端点最大距离且全时段按遮挡计损仍满足双向预算
T013,巡航,3623.7852061664917,3643.310280674693,中继,R004,792,PASS,worst_obstruction_endpoint_distance,3.7279916585073067,1290.889818240399,True,,端点最大距离且全时段按遮挡计损仍满足双向预算
T013,巡航,3643.310280674693,3662.835355182895,中继,R004,793,PASS,worst_obstruction_endpoint_distance,5.421987482213211,1062.158635121915,True,,端点最大距离且全时段按遮挡计损仍满足双向预算
T013,巡航,3662.835355182895,3682.3604296910967,中继,R004,794,PASS,worst_obstruction_endpoint_distance,7.496288825348643,836.5161250342817,True,,端点最大距离且全时段按遮挡计损仍满足双向预算
T013,巡航,3682.3604296910967,3701.8855041992983,中继,R004,795,PASS,worst_obstruction_endpoint_distance,10.135028927687586,617.3583292313319,True,,端点最大距离且全时段按遮挡计损仍满足双向预算
T013,巡航,3701.8855041992983,3721.4105787075,中继,R004,796,PASS,worst_obstruction_endpoint_distance,13.582992870799032,415.086983475622,True,,端点最大距离且全时段按遮挡计损仍满足双向预算
T013,巡航,3721.4105787075,3740.9356532157017,中继,R004,797,PASS,worst_obstruction_endpoint_distance,16.70244194914028,289.845565882971,True,,端点最大距离且全时段按遮挡计损仍满足双向预算
T013,巡航,3740.9356532157017,3760.460727723904,中继,R004,798,PASS,worst_obstruction_endpoint_distance,12.837614657622282,452.2806684940842,True,,端点最大距离且全时段按遮挡计损仍满足双向预算
T013,巡航,3760.460727723904,3779.985802232105,中继,R004,799,PASS,worst_obstruction_endpoint_distance,9.561891354059668,659.468704394305,True,,端点最大距离且全时段按遮挡计损仍满足双向预算
T013,巡航,3779.985802232105,3799.510876740307,中继,R004,800,PASS,worst_obstruction_endpoint_distance,7.052567845391934,880.3601302922355,True,,端点最大距离且全时段按遮挡计损仍满足双向预算
T013,巡航,3799.510876740307,3819.035951248509,中继,R004,801,PASS,worst_obstruction_endpoint_distance,5.0645462924954785,1106.7803593718747,True,,端点最大距离且全时段按遮挡计损仍满足双向预算
T013,巡航,3819.035951248509,3838.5610257567105,中继,R004,802,PASS,worst_obstruction_endpoint_distance,3.4301584898653914,1335.9211753415657,True,,端点最大距离且全时段按遮挡计损仍满足双向预算
T013,巡航,3838.5610257567105,3858.086100264912,中继,R004,803,PASS,worst_obstruction_endpoint_distance,2.0466724140916455,1566.5892338167546,True,,端点最大距离且全时段按遮挡计损仍满足双向预算
T013,巡航,3858.086100264912,3877.611174773114,中继,R004,804,PASS,worst_obstruction_endpoint_distance,0.8490302798144427,1798.1968986308907,True,,端点最大距离且全时段按遮挡计损仍满足双向预算
T013,巡航,3877.611174773114,3897.136249281316,直连,,805,PASS,worst_obstruction_endpoint_distance,0.41522465241320106,3771.616488316685,True,,端点最大距离且全时段按遮挡计损仍满足双向预算
T013,巡航,3897.136249281316,3916.6613237895176,直连,,806,PASS,worst_obstruction_endpoint_distance,0.9685919145869804,3538.825618295985,True,,端点最大距离且全时段按遮挡计损仍满足双向预算
T013,巡航,3916.6613237895176,3936.1863982977193,直连,,807,PASS,worst_obstruction_endpoint_distance,1.559066410352358,3306.248084524794,True,,端点最大距离且全时段按遮挡计损仍满足双向预算
T013,巡航,3936.1863982977193,3955.711472805921,直连,,808,PASS,worst_obstruction_endpoint_distance,2.191889165852203,3073.93231124083,True,,端点最大距离且全时段按遮挡计损仍满足双向预算
T013,巡航,3955.711472805921,3975.2365473141226,直连,,809,PASS,worst_obstruction_endpoint_distance,2.8734694540850256,2841.9424923292363,True,,端点最大距离且全时段按遮挡计损仍满足双向预算
T013,巡航,3975.2365473141226,3994.7616218223247,直连,,810,PASS,worst_obstruction_endpoint_distance,3.6117486322979744,2610.3655344174194,True,,端点最大距离且全时段按遮挡计损仍满足双向预算
T013,巡航,3994.7616218223247,4014.286696330526,直连,,811,PASS,worst_obstruction_endpoint_distance,4.4167107952732465,2379.3219905663836,True,,端点最大距离且全时段按遮挡计损仍满足双向预算
T013,巡航,4014.286696330526,4033.811770838728,直连,,812,PASS,worst_obstruction_endpoint_distance,5.301111871503167,2148.983914379498,True,,端点最大距离且全时段按遮挡计损仍满足双向预算
T013,巡航,4033.811770838728,4053.3368453469297,直连,,813,PASS,worst_obstruction_endpoint_distance,6.281536472192059,1919.6052749671428,True,,端点最大距离且全时段按遮挡计损仍满足双向预算
T013,巡航,4053.3368453469297,4072.8619198551314,直连,,814,PASS,worst_obstruction_endpoint_distance,7.37994272538333,1691.5764177391372,True,,端点最大距离且全时段按遮挡计损仍满足双向预算
T013,巡航,4072.8619198551314,4092.386994363333,直连,,815,PASS,worst_obstruction_endpoint_distance,8.625895505130202,1465.527536545165,True,,端点最大距离且全时段按遮挡计损仍满足双向预算
T013,巡航,4092.386994363333,4111.912068871535,直连,,816,PASS,worst_obstruction_endpoint_distance,10.059569536755163,1242.5397223605517,True,,端点最大距离且全时段按遮挡计损仍满足双向预算
T013,巡航,4111.912068871535,4131.437143379737,直连,,817,PASS,worst_obstruction_endpoint_distance,11.73457387155004,1024.6134787645549,True,,端点最大距离且全时段按遮挡计损仍满足双向预算
T013,巡航,4131.437143379737,4150.962217887938,直连,,818,PASS,worst_obstruction_endpoint_distance,13.713939458904292,815.815186202598,True,,端点最大距离且全时段按遮挡计损仍满足双向预算
T013,巡航,4150.962217887938,4170.48729239614,直连,,819,PASS,worst_obstruction_endpoint_distance,16.02323156066899,625.3557972562493,True,,端点最大距离且全时段按遮挡计损仍满足双向预算
T013,巡航,4170.48729239614,4190.012366904342,直连,,820,PASS,worst_obstruction_endpoint_distance,18.39741098882675,475.7931759032307,True,,端点最大距离且全时段按遮挡计损仍满足双向预算
T013,下降,4190.012366904342,4209.3058841569455,直连,,821,PASS,worst_obstruction_endpoint_distance,19.603583756332725,414.104138183594,True,,端点最大距离且全时段按遮挡计损仍满足双向预算
T013,下降,4209.3058841569455,4228.59940140955,直连,,822,PASS,worst_obstruction_endpoint_distance,20.67923096631543,365.87034505208607,True,,端点最大距离且全时段按遮挡计损仍满足双向预算
T013,下降,4228.59940140955,4247.892918662154,直连,,823,PASS,worst_obstruction_endpoint_distance,21.907165707290872,317.6365519205736,True,,端点最大距离且全时段按遮挡计损仍满足双向预算
T013,下降,4247.892918662154,4267.1864359147585,直连,,824,PASS,worst_obstruction_endpoint_distance,23.337734390683906,269.4027587890634,True,,端点最大距离且全时段按遮挡计损仍满足双向预算
T013,下降,4267.1864359147585,4286.479953167363,直连,,825,PASS,worst_obstruction_endpoint_distance,25.05129142823644,221.1689656575532,True,,端点最大距离且全时段按遮挡计损仍满足双向预算
T013,下降,4286.479953167363,4305.7734704199665,直连,,826,PASS,worst_obstruction_endpoint_distance,27.18810853562924,172.93517252604073,True,,端点最大距离且全时段按遮挡计损仍满足双向预算
T013,下降,4305.7734704199665,4325.0669876725715,直连,,827,PASS,worst_obstruction_endpoint_distance,30.02835001598521,124.70137939453286,True,,端点最大距离且全时段按遮挡计损仍满足双向预算
T013,下降,4325.0669876725715,4344.3605049251755,直连,,828,PASS,worst_obstruction_endpoint_distance,34.276227532041716,76.4675862630204,True,,端点最大距离且全时段按遮挡计损仍满足双向预算
T013,下降,4344.3605049251755,4363.65402217778,直连,,829,PASS,worst_obstruction_endpoint_distance,42.93039059934276,28.233793131510197,True,,端点最大距离且全时段按遮挡计损仍满足双向预算
T014,爬升,2545.0,2563.2987226213727,直连,,830,PASS,worst_obstruction_endpoint_distance,41.09022041847288,34.8961678641181,True,,端点最大距离且全时段按遮挡计损仍满足双向预算
T014,爬升,2563.2987226213727,2581.5974452427454,直连,,831,PASS,worst_obstruction_endpoint_distance,32.88098978943424,89.7923357282362,True,,端点最大距离且全时段按遮挡计损仍满足双向预算
T014,爬升,2581.5974452427454,2599.896167864118,直连,,832,PASS,worst_obstruction_endpoint_distance,28.737094664292826,144.68850359235432,True,,端点最大距离且全时段按遮挡计损仍满足双向预算
T014,爬升,2599.896167864118,2618.194890485491,直连,,833,PASS,worst_obstruction_endpoint_distance,25.943231496630872,199.58467145647376,True,,端点最大距离且全时段按遮挡计损仍满足双向预算
T014,爬升,2618.194890485491,2636.493613106864,直连,,834,PASS,worst_obstruction_endpoint_distance,23.832673396210197,254.48083932059183,True,,端点最大距离且全时段按遮挡计损仍满足双向预算
T014,爬升,2636.493613106864,2654.7923357282366,直连,,835,PASS,worst_obstruction_endpoint_distance,22.136014487477,309.37700718470995,True,,端点最大距离且全时段按遮挡计损仍满足双向预算
T014,爬升,2654.7923357282366,2673.0910583496093,直连,,836,PASS,worst_obstruction_endpoint_distance,20.717231343301734,364.273175048828,True,,端点最大距离且全时段按遮挡计损仍满足双向预算
T014,巡航,2673.0910583496093,2691.984924997995,直连,,837,PASS,worst_obstruction_endpoint_distance,18.661672477929415,461.5355244926001,True,,端点最大距离且全时段按遮挡计损仍满足双向预算
T014,巡航,2691.984924997995,2710.8787916463816,直连,,838,PASS,worst_obstruction_endpoint_distance,15.375452699934556,673.7769091431577,True,,端点最大距离且全时段按遮挡计损仍满足双向预算
T014,巡航,2710.8787916463816,2729.7726582947676,直连,,839,PASS,worst_obstruction_endpoint_distance,12.623190271631984,924.9734022323017,True,,端点最大距离且全时段按遮挡计损仍满足双向预算
T014,巡航,2729.7726582947676,2748.666524943154,直连,,840,PASS,worst_obstruction_endpoint_distance,10.429575041650054,1190.7209811695823,True,,端点最大距离且全时段按遮挡计损仍满足双向预算
T014,巡航,2748.666524943154,2767.56039159154,直连,,841,PASS,worst_obstruction_endpoint_distance,8.640222545108585,1463.112197944657,True,,端点最大距离且全时段按遮挡计损仍满足双向预算
T014,巡航,2767.56039159154,2786.4542582399263,直连,,842,PASS,worst_obstruction_endpoint_distance,7.139643736160679,1739.027987459995,True,,端点最大距离且全时段按遮挡计损仍满足双向预算
T014,巡航,2786.4542582399263,2805.348124888312,直连,,843,PASS,worst_obstruction_endpoint_distance,5.851560521092864,2017.0224508369258,True,,端点最大距离且全时段按遮挡计损仍满足双向预算
T014,巡航,2805.348124888312,2824.241991536698,直连,,844,PASS,worst_obstruction_endpoint_distance,4.725048394892426,2296.340780852931,True,,端点最大距离且全时段按遮挡计损仍满足双向预算
T014,巡航,2824.241991536698,2843.1358581850845,直连,,845,PASS,worst_obstruction_endpoint_distance,3.7249953747456317,2576.552461149355,True,,端点最大距离且全时段按遮挡计损仍满足双向预算
T014,巡航,2843.1358581850845,2862.0297248334705,直连,,846,PASS,worst_obstruction_endpoint_distance,2.8263705191290995,2857.394683434026,True,,端点最大距离且全时段按遮挡计损仍满足双向预算
T014,巡航,2862.0297248334705,2880.9235914818564,直连,,847,PASS,worst_obstruction_endpoint_distance,2.010784013786548,3138.6981946975716,True,,端点最大距离且全时段按遮挡计损仍满足双向预算
T014,巡航,2880.9235914818564,2899.817458130243,直连,,848,PASS,worst_obstruction_endpoint_distance,1.2643662606990915,3420.3491819541655,True,,端点最大距离且全时段按遮挡计损仍满足双向预算
T014,巡航,2899.817458130243,2918.7113247786288,直连,,849,PASS,worst_obstruction_endpoint_distance,0.5764172950555349,3702.2683430850543,True,,端点最大距离且全时段按遮挡计损仍满足双向预算
T014,巡航,2918.7113247786288,2937.605191427015,中继,R004,850,PASS,worst_obstruction_endpoint_distance,0.5970868152485878,1851.1193369976415,True,,端点最大距离且全时段按遮挡计损仍满足双向预算
T014,巡航,2937.605191427015,2956.499058075401,中继,R004,851,PASS,worst_obstruction_endpoint_distance,2.0387268612306,1568.0229513815293,True,,端点最大距离且全时段按遮挡计损仍满足双向预算
T014,巡航,2956.499058075401,2975.3929247237875,中继,R004,852,PASS,worst_obstruction_endpoint_distance,3.76728039508761,1285.0639442954207,True,,端点最大距离且全时段按遮挡计损仍满足双向预算
T014,下降,2975.3929247237875,2991.74024222867,中继,R004,853,PASS,worst_obstruction_endpoint_distance,5.925312180250401,1002.3586655558703,True,,端点最大距离且全时段按遮挡计损仍满足双向预算
T014,下降,2991.74024222867,3008.087559733553,中继,R004,854,PASS,worst_obstruction_endpoint_distance,5.9229777164137545,1002.6281007700978,True,,端点最大距离且全时段按遮挡计损仍满足双向预算
T014,下降,3008.087559733553,3024.4348772384355,中继,R004,855,PASS,worst_obstruction_endpoint_distance,5.900223455630936,1005.258110028668,True,,端点最大距离且全时段按遮挡计损仍满足双向预算
T014,下降,3024.4348772384355,3040.7821947433185,中继,R004,856,PASS,worst_obstruction_endpoint_distance,5.863329893920252,1009.5370532937532,True,,端点最大距离且全时段按遮挡计损仍满足双向预算
T014,投送,3040.7821947433185,3059.8731038342275,中继,R004,857,PASS,exact_point,15.863329893920252,1009.5370532937532,,,独立计算 DEM 遮挡、自由空间损耗与双向预算
T014,投送,3059.8731038342275,3078.9640129251366,中继,R004,858,PASS,exact_point,15.863329893920252,1009.5370532937532,,,独立计算 DEM 遮挡、自由空间损耗与双向预算
T014,投送,3078.9640129251366,3098.0549220160456,中继,R004,859,PASS,exact_point,15.863329893920252,1009.5370532937532,,,独立计算 DEM 遮挡、自由空间损耗与双向预算
T014,投送,3098.0549220160456,3117.145831106955,中继,R004,860,PASS,exact_point,15.863329893920252,1009.5370532937532,,,独立计算 DEM 遮挡、自由空间损耗与双向预算
T014,投送,3117.145831106955,3136.236740197864,中继,R004,861,PASS,exact_point,15.863329893920252,1009.5370532937532,,,独立计算 DEM 遮挡、自由空间损耗与双向预算
T014,投送,3136.236740197864,3155.327649288773,中继,R004,862,PASS,exact_point,15.863329893920252,1009.5370532937532,,,独立计算 DEM 遮挡、自由空间损耗与双向预算
T014,投送,3155.327649288773,3174.418558379682,中继,R004,863,PASS,exact_point,15.863329893920252,1009.5370532937532,,,独立计算 DEM 遮挡、自由空间损耗与双向预算
T014,投送,3174.418558379682,3193.5094674705915,中继,R004,864,PASS,exact_point,15.863329893920252,1009.5370532937532,,,独立计算 DEM 遮挡、自由空间损耗与双向预算
T014,投送,3193.5094674705915,3212.6003765615005,中继,R004,865,PASS,exact_point,15.863329893920252,1009.5370532937532,,,独立计算 DEM 遮挡、自由空间损耗与双向预算
T014,投送,3212.6003765615005,3231.6912856524095,中继,R004,866,PASS,exact_point,15.863329893920252,1009.5370532937532,,,独立计算 DEM 遮挡、自由空间损耗与双向预算
T014,投送,3231.6912856524095,3250.7821947433185,中继,R004,867,PASS,exact_point,15.863329893920252,1009.5370532937532,,,独立计算 DEM 遮挡、自由空间损耗与双向预算
T014,爬升,3250.7821947433185,3268.9458808598547,中继,R004,868,PASS,worst_obstruction_endpoint_distance,5.863329893920252,1009.5370532937532,True,,端点最大距离且全时段按遮挡计损仍满足双向预算
T014,爬升,3268.9458808598547,3287.1095669763918,中继,R004,869,PASS,worst_obstruction_endpoint_distance,5.909393154225469,1004.1974184592474,True,,端点最大距离且全时段按遮挡计损仍满足双向预算
T014,爬升,3287.1095669763918,3305.273253092928,中继,R004,870,PASS,worst_obstruction_endpoint_distance,5.925312180250401,1002.3586655558703,True,,端点最大距离且全时段按遮挡计损仍满足双向预算
T014,巡航,3305.273253092928,3324.1671197413143,中继,R004,871,PASS,worst_obstruction_endpoint_distance,3.76728039508761,1285.0639442954207,True,,端点最大距离且全时段按遮挡计损仍满足双向预算
T014,巡航,3324.1671197413143,3343.0609863897002,中继,R004,872,PASS,worst_obstruction_endpoint_distance,2.0387268612306,1568.0229513815293,True,,端点最大距离且全时段按遮挡计损仍满足双向预算
T014,巡航,3343.0609863897002,3361.954853038086,中继,R004,873,PASS,worst_obstruction_endpoint_distance,0.5970868152485878,1851.1193369976415,True,,端点最大距离且全时段按遮挡计损仍满足双向预算
T014,巡航,3361.954853038086,3380.8487196864726,直连,,874,PASS,worst_obstruction_endpoint_distance,0.5764172950555349,3702.2683430850543,True,,端点最大距离且全时段按遮挡计损仍满足双向预算
T014,巡航,3380.8487196864726,3399.7425863348585,直连,,875,PASS,worst_obstruction_endpoint_distance,1.2643662606990915,3420.3491819541655,True,,端点最大距离且全时段按遮挡计损仍满足双向预算
T014,巡航,3399.7425863348585,3418.6364529832445,直连,,876,PASS,worst_obstruction_endpoint_distance,2.010784013786548,3138.6981946975716,True,,端点最大距离且全时段按遮挡计损仍满足双向预算
T014,巡航,3418.6364529832445,3437.530319631631,直连,,877,PASS,worst_obstruction_endpoint_distance,2.8263705191290995,2857.394683434026,True,,端点最大距离且全时段按遮挡计损仍满足双向预算
T014,巡航,3437.530319631631,3456.424186280017,直连,,878,PASS,worst_obstruction_endpoint_distance,3.7249953747456317,2576.552461149355,True,,端点最大距离且全时段按遮挡计损仍满足双向预算
T014,巡航,3456.424186280017,3475.3180529284027,直连,,879,PASS,worst_obstruction_endpoint_distance,4.725048394892241,2296.34078085298,True,,端点最大距离且全时段按遮挡计损仍满足双向预算
T014,巡航,3475.3180529284027,3494.211919576789,直连,,880,PASS,worst_obstruction_endpoint_distance,5.851560521092864,2017.0224508369258,True,,端点最大距离且全时段按遮挡计损仍满足双向预算
T014,巡航,3494.211919576789,3513.1057862251755,直连,,881,PASS,worst_obstruction_endpoint_distance,7.139643736160679,1739.027987459995,True,,端点最大距离且全时段按遮挡计损仍满足双向预算
T014,巡航,3513.1057862251755,3531.9996528735614,直连,,882,PASS,worst_obstruction_endpoint_distance,8.64022254510887,1463.1121979446089,True,,端点最大距离且全时段按遮挡计损仍满足双向预算
T014,巡航,3531.9996528735614,3550.8935195219474,直连,,883,PASS,worst_obstruction_endpoint_distance,10.429575041650054,1190.7209811695823,True,,端点最大距离且全时段按遮挡计损仍满足双向预算
T014,巡航,3550.8935195219474,3569.787386170334,直连,,884,PASS,worst_obstruction_endpoint_distance,12.623190271631984,924.9734022323017,True,,端点最大距离且全时段按遮挡计损仍满足双向预算
T014,巡航,3569.787386170334,3588.6812528187197,直连,,885,PASS,worst_obstruction_endpoint_distance,15.375452699934556,673.7769091431577,True,,端点最大距离且全时段按遮挡计损仍满足双向预算
T014,巡航,3588.6812528187197,3607.5751194671057,直连,,886,PASS,worst_obstruction_endpoint_distance,18.661672477929415,461.5355244926001,True,,端点最大距离且全时段按遮挡计损仍满足双向预算
T014,下降,3607.5751194671057,3626.7887782195476,直连,,887,PASS,worst_obstruction_endpoint_distance,20.717231343301734,364.273175048828,True,,端点最大距离且全时段按遮挡计损仍满足双向预算
T014,下降,3626.7887782195476,3646.0024369719886,直连,,888,PASS,worst_obstruction_endpoint_distance,21.94546583158437,316.23902816772323,True,,端点最大距离且全时段按遮挡计损仍满足双向预算
T014,下降,3646.0024369719886,3665.21609572443,直连,,889,PASS,worst_obstruction_endpoint_distance,23.376441612193588,268.2048812866207,True,,端点最大距离且全时段按遮挡计损仍满足双向预算
T014,下降,3665.21609572443,3684.4297544768715,直连,,890,PASS,worst_obstruction_endpoint_distance,25.09058334452186,220.17073440551707,True,,端点最大距离且全时段按遮挡计损仍满足双向预算
T014,下降,3684.4297544768715,3703.6434132293125,直连,,891,PASS,worst_obstruction_endpoint_distance,27.22831138255657,172.13658752441341,True,,端点最大距离且全时段按遮挡计损仍满足双向预算
T014,下降,3703.6434132293125,3722.8570719817544,直连,,892,PASS,worst_obstruction_endpoint_distance,30.07016871427848,124.1024406433109,True,,端点最大距离且全时段按遮挡计损仍满足双向预算
T014,下降,3722.8570719817544,3742.0707307341954,直连,,893,PASS,worst_obstruction_endpoint_distance,34.32170166595188,76.06829376220617,True,,端点最大距离且全时段按遮挡计损仍满足双向预算
T014,下降,3742.0707307341954,3761.284389486637,直连,,894,PASS,worst_obstruction_endpoint_distance,42.992028277010945,28.034146881103652,True,,端点最大距离且全时段按遮挡计损仍满足双向预算
T015,爬升,4266.0,4284.504135640463,直连,,895,PASS,worst_obstruction_endpoint_distance,40.93817299698006,35.512406921388134,True,,端点最大距离且全时段按遮挡计损仍满足双向预算
T015,爬升,4284.504135640463,4303.008271280924,直连,,896,PASS,worst_obstruction_endpoint_distance,32.76257917737007,91.02481384277351,True,,端点最大距离且全时段按遮挡计损仍满足双向预算
T015,爬升,4303.008271280924,4321.512406921387,直连,,897,PASS,worst_obstruction_endpoint_distance,28.626816157375487,146.5372207641616,True,,端点最大距离且全时段按遮挡计损仍满足双向预算
T015,爬升,4321.512406921387,4340.016542561849,直连,,898,PASS,worst_obstruction_endpoint_distance,25.836614075565635,202.04962768554702,True,,端点最大距离且全时段按遮挡计损仍满足双向预算
T015,爬升,4340.016542561849,4358.5206782023115,直连,,899,PASS,worst_obstruction_endpoint_distance,23.728138223056888,257.56203460693513,True,,端点最大距离且全时段按遮挡计损仍满足双向预算
T015,爬升,4358.5206782023115,4377.024813842773,直连,,900,PASS,worst_obstruction_endpoint_distance,22.032822874833954,313.0744415283205,True,,端点最大距离且全时段按遮挡计损仍满足双向预算
T015,爬升,4377.024813842773,4395.528949483236,直连,,901,PASS,worst_obstruction_endpoint_distance,20.614978463875502,368.5868484497086,True,,端点最大距离且全时段按遮挡计损仍满足双向预算
T015,爬升,4395.528949483236,4414.033085123698,直连,,902,PASS,worst_obstruction_endpoint_distance,19.396424967151802,424.099255371094,True,,端点最大距离且全时段按遮挡计损仍满足双向预算
T015,巡航,4414.033085123698,4433.294215159196,直连,,903,PASS,worst_obstruction_endpoint_distance,18.26694608916199,482.9936864612807,True,,端点最大距离且全时段按遮挡计损仍满足双向预算
T015,巡航,4433.294215159196,4452.5553451946935,直连,,904,PASS,worst_obstruction_endpoint_distance,15.995764197007787,627.3364881998474,True,,端点最大距离且全时段按遮挡计损仍满足双向预算
T015,巡航,4452.5553451946935,4471.816475230191,直连,,905,PASS,worst_obstruction_endpoint_distance,13.74596424994661,812.8128217511918,True,,端点最大距离且全时段按遮挡计损仍满足双向预算
T015,巡航,4471.816475230191,4491.077605265688,直连,,906,PASS,worst_obstruction_endpoint_distance,11.79795076223219,1017.1645601815749,True,,端点最大距离且全时段按遮挡计损仍满足双向预算
T015,巡航,4491.077605265688,4510.338735301186,直连,,907,PASS,worst_obstruction_endpoint_distance,10.140421384238124,1231.0273137854615,True,,端点最大距离且全时段按遮挡计损仍满足双向预算
T015,巡航,4510.338735301186,4529.599865336683,直连,,908,PASS,worst_obstruction_endpoint_distance,8.717220954588996,1450.1993647745833,True,,端点最大距离且全时段按遮挡计损仍满足双向预算
T015,巡航,4529.599865336683,4548.860995372181,直连,,909,PASS,worst_obstruction_endpoint_distance,7.477959966071879,1672.594868284282,True,,端点最大距离且全时段按遮挡计损仍满足双向预算
T015,巡航,4548.860995372181,4568.122125407679,直连,,910,PASS,worst_obstruction_endpoint_distance,6.384059952816699,1897.0805029672351,True,,端点最大距离且全时段按遮挡计损仍满足双向预算
T015,巡航,4568.122125407679,4587.3832554431765,直连,,911,PASS,worst_obstruction_endpoint_distance,5.406802530840267,2122.9933399745287,True,,端点最大距离且全时段按遮挡计损仍满足双向预算
T015,巡航,4587.3832554431765,4606.644385478674,直连,,912,PASS,worst_obstruction_endpoint_distance,4.524706971568108,2349.921797406128,True,,端点最大距离且全时段按遮挡计损仍满足双向预算
T015,巡航,4606.644385478674,4625.905515514171,直连,,913,PASS,worst_obstruction_endpoint_distance,3.721472632026277,2577.5976473811083,True,,端点最大距离且全时段按遮挡计损仍满足双向预算
T015,巡航,4625.905515514171,4645.166645549669,直连,,914,PASS,worst_obstruction_endpoint_distance,2.9845203486506193,2805.8389574517014,True,,端点最大距离且全时段按遮挡计损仍满足双向预算
T015,巡航,4645.166645549669,4664.427775585167,直连,,915,PASS,worst_obstruction_endpoint_distance,2.3039804143037372,3034.518137041327,True,,端点最大距离且全时段按遮挡计损仍满足双向预算
T015,巡航,4664.427775585167,4683.688905620665,直连,,916,PASS,worst_obstruction_endpoint_distance,1.6719880028574607,3263.5431418049566,True,,端点最大距离且全时段按遮挡计损仍满足双向预算
T015,巡航,4683.688905620665,4702.950035656162,直连,,917,PASS,worst_obstruction_endpoint_distance,1.0821865422595636,3492.8459454035633,True,,端点最大距离且全时段按遮挡计损仍满足双向预算
T015,巡航,4702.950035656162,4722.2111656916595,直连,,918,PASS,worst_obstruction_endpoint_distance,0.5293722208087246,3722.375209961339,True,,端点最大距离且全时段按遮挡计损仍满足双向预算
T015,巡航,4722.2111656916595,4741.472295727157,直连,,919,PASS,worst_obstruction_endpoint_distance,0.009235394013643372,3952.09147852823,True,,端点最大距离且全时段按遮挡计损仍满足双向预算
T015,巡航,4741.472295727157,4760.733425762654,中继,R005,920,PASS,worst_obstruction_endpoint_distance,10.631011336525901,583.0934883002474,True,,端点最大距离且全时段按遮挡计损仍满足双向预算
T015,巡航,4760.733425762654,4779.994555798153,中继,R005,921,PASS,worst_obstruction_endpoint_distance,7.986039140627014,790.6545986698939,True,,端点最大距离且全时段按遮挡计损仍满足双向预算
T015,巡航,4779.994555798153,4799.25568583365,中继,R004,922,PASS,worst_obstruction_endpoint_distance,0.4099473841189365,1891.434860281678,True,,端点最大距离且全时段按遮挡计损仍满足双向预算
T015,巡航,4799.25568583365,4818.516815869148,中继,R004,923,PASS,worst_obstruction_endpoint_distance,0.8647419414481163,1794.9471308953948,True,,端点最大距离且全时段按遮挡计损仍满足双向预算
T015,巡航,4818.516815869148,4837.777945904645,中继,R004,924,PASS,worst_obstruction_endpoint_distance,1.21384065212996,1724.2360685940218,True,,端点最大距离且全时段按遮挡计损仍满足双向预算
T015,巡航,4837.777945904645,4857.0390759401425,中继,R004,925,PASS,worst_obstruction_endpoint_distance,1.426391378243082,1682.5546895366613,True,,端点最大距离且全时段按遮挡计损仍满足双向预算
T015,巡航,4857.0390759401425,4876.30020597564,中继,R004,926,PASS,worst_obstruction_endpoint_distance,1.3706997866708264,1693.3774375183502,True,,端点最大距离且全时段按遮挡计损仍满足双向预算
T015,巡航,4876.30020597564,4895.561336011138,中继,R004,927,PASS,worst_obstruction_endpoint_distance,1.1083852893084156,1745.2976094260764,True,,端点最大距离且全时段按遮挡计损仍满足双向预算
T015,巡航,4895.561336011138,4914.822466046636,中继,R004,928,PASS,worst_obstruction_endpoint_distance,0.7194476577621458,1825.2248602709064,True,,端点最大距离且全时段按遮挡计损仍满足双向预算
T015,下降,4914.822466046636,4934.282317120855,中继,R004,929,PASS,worst_obstruction_endpoint_distance,0.7194476577621458,1825.2248602709064,True,,端点最大距离且全时段按遮挡计损仍满足双向预算
T015,下降,4934.282317120855,4953.742168195073,中继,R004,930,PASS,worst_obstruction_endpoint_distance,0.7287252227213372,1823.2763434744863,True,,端点最大距离且全时段按遮挡计损仍满足双向预算
T015,投送,4953.742168195073,4972.833077285982,中继,R004,931,PASS,exact_point,0.7318298297417414,1822.6247642738538,,,独立计算 DEM 遮挡、自由空间损耗与双向预算
T015,投送,4972.833077285982,4991.923986376891,中继,R004,932,PASS,exact_point,0.7318298297417414,1822.6247642738538,,,独立计算 DEM 遮挡、自由空间损耗与双向预算
T015,投送,4991.923986376891,5011.014895467801,中继,R004,933,PASS,exact_point,0.7318298297417414,1822.6247642738538,,,独立计算 DEM 遮挡、自由空间损耗与双向预算
T015,投送,5011.014895467801,5030.105804558709,中继,R004,934,PASS,exact_point,0.7318298297417414,1822.6247642738538,,,独立计算 DEM 遮挡、自由空间损耗与双向预算
T015,投送,5030.105804558709,5049.196713649619,中继,R004,935,PASS,exact_point,0.7318298297417414,1822.6247642738538,,,独立计算 DEM 遮挡、自由空间损耗与双向预算
T015,投送,5049.196713649619,5068.287622740528,中继,R004,936,PASS,exact_point,0.7318298297417414,1822.6247642738538,,,独立计算 DEM 遮挡、自由空间损耗与双向预算
T015,投送,5068.287622740528,5087.378531831437,中继,R004,937,PASS,exact_point,0.7318298297417414,1822.6247642738538,,,独立计算 DEM 遮挡、自由空间损耗与双向预算
T015,投送,5087.378531831437,5106.469440922346,中继,R004,938,PASS,exact_point,0.7318298297417414,1822.6247642738538,,,独立计算 DEM 遮挡、自由空间损耗与双向预算
T015,投送,5106.469440922346,5125.560350013255,中继,R004,939,PASS,exact_point,0.7318298297417414,1822.6247642738538,,,独立计算 DEM 遮挡、自由空间损耗与双向预算
T015,投送,5125.560350013255,5144.651259104164,中继,R004,940,PASS,exact_point,0.7318298297417414,1822.6247642738538,,,独立计算 DEM 遮挡、自由空间损耗与双向预算
T015,投送,5144.651259104164,5163.742168195073,中继,R004,941,PASS,exact_point,0.7318298297417414,1822.6247642738538,,,独立计算 DEM 遮挡、自由空间损耗与双向预算
T015,爬升,5163.742168195073,5179.958710756922,中继,R004,942,PASS,worst_obstruction_endpoint_distance,0.7287252227213372,1823.2763434744866,True,,端点最大距离且全时段按遮挡计损仍满足双向预算
T015,爬升,5179.958710756922,5196.175253318771,中继,R004,943,PASS,worst_obstruction_endpoint_distance,0.7194476577621458,1825.2248602709064,True,,端点最大距离且全时段按遮挡计损仍满足双向预算
T015,巡航,5196.175253318771,5215.436383354268,中继,R004,944,PASS,worst_obstruction_endpoint_distance,0.7194476577621458,1825.2248602709064,True,,端点最大距离且全时段按遮挡计损仍满足双向预算
T015,巡航,5215.436383354268,5234.697513389766,中继,R004,945,PASS,worst_obstruction_endpoint_distance,1.1083852893084156,1745.2976094260764,True,,端点最大距离且全时段按遮挡计损仍满足双向预算
T015,巡航,5234.697513389766,5253.958643425263,中继,R005,946,PASS,worst_obstruction_endpoint_distance,0.31868432407806324,1911.4130292935956,True,,端点最大距离且全时段按遮挡计损仍满足双向预算
T015,巡航,5253.958643425263,5273.219773460762,中继,R005,947,PASS,worst_obstruction_endpoint_distance,1.4215685097340724,1683.4891929266453,True,,端点最大距离且全时段按遮挡计损仍满足双向预算
T015,巡航,5273.219773460762,5292.480903496259,中继,R005,948,PASS,worst_obstruction_endpoint_distance,2.6791044757940483,1456.5772902114215,True,,端点最大距离且全时段按遮挡计损仍满足双向预算
T015,巡航,5292.480903496259,5311.7420335317565,中继,R005,949,PASS,worst_obstruction_endpoint_distance,4.138942470962704,1231.2369339525665,True,,端点最大距离且全时段按遮挡计损仍满足双向预算
T015,巡航,5311.7420335317565,5331.003163567254,中继,R005,950,PASS,worst_obstruction_endpoint_distance,5.872066810682199,1008.522096043745,True,,端点最大距离且全时段按遮挡计损仍满足双向预算
T015,巡航,5331.003163567254,5350.264293602751,中继,R005,951,PASS,worst_obstruction_endpoint_distance,7.986039140627014,790.6545986698939,True,,端点最大距离且全时段按遮挡计损仍满足双向预算
T015,巡航,5350.264293602751,5369.52542363825,中继,R005,952,PASS,worst_obstruction_endpoint_distance,10.631011336525901,583.0934883002474,True,,端点最大距离且全时段按遮挡计损仍满足双向预算
T015,巡航,5369.52542363825,5388.786553673746,直连,,953,PASS,worst_obstruction_endpoint_distance,0.009235394013728637,3952.0914785281925,True,,端点最大距离且全时段按遮挡计损仍满足双向预算
T015,巡航,5388.786553673746,5408.047683709245,直连,,954,PASS,worst_obstruction_endpoint_distance,0.5293722208087246,3722.375209961339,True,,端点最大距离且全时段按遮挡计损仍满足双向预算
T015,巡航,5408.047683709245,5427.308813744742,直连,,955,PASS,worst_obstruction_endpoint_distance,1.0821865422595636,3492.8459454035633,True,,端点最大距离且全时段按遮挡计损仍满足双向预算
T015,巡航,5427.308813744742,5446.56994378024,直连,,956,PASS,worst_obstruction_endpoint_distance,1.6719880028574607,3263.5431418049566,True,,端点最大距离且全时段按遮挡计损仍满足双向预算
T015,巡航,5446.56994378024,5465.831073815737,直连,,957,PASS,worst_obstruction_endpoint_distance,2.3039804143037372,3034.518137041327,True,,端点最大距离且全时段按遮挡计损仍满足双向预算
T015,巡航,5465.831073815737,5485.092203851234,直连,,958,PASS,worst_obstruction_endpoint_distance,2.9845203486506193,2805.8389574517014,True,,端点最大距离且全时段按遮挡计损仍满足双向预算
T015,巡航,5485.092203851234,5504.353333886733,直连,,959,PASS,worst_obstruction_endpoint_distance,3.721472632026277,2577.5976473811083,True,,端点最大距离且全时段按遮挡计损仍满足双向预算
T015,巡航,5504.353333886733,5523.61446392223,直连,,960,PASS,worst_obstruction_endpoint_distance,4.524706971568108,2349.921797406128,True,,端点最大距离且全时段按遮挡计损仍满足双向预算
T015,巡航,5523.61446392223,5542.875593957728,直连,,961,PASS,worst_obstruction_endpoint_distance,5.406802530840267,2122.9933399745287,True,,端点最大距离且全时段按遮挡计损仍满足双向预算
T015,巡航,5542.875593957728,5562.136723993225,直连,,962,PASS,worst_obstruction_endpoint_distance,6.384059952816699,1897.0805029672351,True,,端点最大距离且全时段按遮挡计损仍满足双向预算
T015,巡航,5562.136723993225,5581.397854028723,直连,,963,PASS,worst_obstruction_endpoint_distance,7.477959966071879,1672.594868284282,True,,端点最大距离且全时段按遮挡计损仍满足双向预算
T015,巡航,5581.397854028723,5600.658984064221,直连,,964,PASS,worst_obstruction_endpoint_distance,8.717220954588996,1450.1993647745833,True,,端点最大距离且全时段按遮挡计损仍满足双向预算
T015,巡航,5600.658984064221,5619.9201140997175,直连,,965,PASS,worst_obstruction_endpoint_distance,10.140421384238124,1231.0273137854615,True,,端点最大距离且全时段按遮挡计损仍满足双向预算
T015,巡航,5619.9201140997175,5639.181244135216,直连,,966,PASS,worst_obstruction_endpoint_distance,11.79795076223219,1017.1645601815749,True,,端点最大距离且全时段按遮挡计损仍满足双向预算
T015,巡航,5639.181244135216,5658.442374170713,直连,,967,PASS,worst_obstruction_endpoint_distance,13.74596424994661,812.8128217511918,True,,端点最大距离且全时段按遮挡计损仍满足双向预算
T015,巡航,5658.442374170713,5677.703504206211,直连,,968,PASS,worst_obstruction_endpoint_distance,15.995764197007787,627.3364881998474,True,,端点最大距离且全时段按遮挡计损仍满足双向预算
T015,巡航,5677.703504206211,5696.964634241708,直连,,969,PASS,worst_obstruction_endpoint_distance,18.26694608916199,482.9936864612807,True,,端点最大距离且全时段按遮挡计损仍满足双向预算
T015,下降,5696.964634241708,5716.702378924868,直连,,970,PASS,worst_obstruction_endpoint_distance,19.396424967151802,424.099255371094,True,,端点最大距离且全时段按遮挡计损仍满足双向预算
T015,下降,5716.702378924868,5736.4401236080275,直连,,971,PASS,worst_obstruction_endpoint_distance,20.47082891163663,374.7548936631949,True,,端点最大距离且全时段按遮挡计损仍满足双向预算
T015,下降,5736.4401236080275,5756.177868291188,直连,,972,PASS,worst_obstruction_endpoint_distance,21.697143069224396,325.4105319552958,True,,端点最大距离且全时段按遮挡计损仍满足双向预算
T015,下降,5756.177868291188,5775.915612974348,直连,,973,PASS,worst_obstruction_endpoint_distance,23.125511355694925,276.0661702473945,True,,端点最大距离且全时段按遮挡计损仍满足双向预算
T015,下降,5775.915612974348,5795.6533576575075,直连,,974,PASS,worst_obstruction_endpoint_distance,24.835909220862632,226.72180853949538,True,,端点最大距离且全时段按遮挡计损仍满足双向预算
T015,下降,5795.6533576575075,5815.391102340667,直连,,975,PASS,worst_obstruction_endpoint_distance,26.967807178204296,177.37744683159633,True,,端点最大距离且全时段按遮挡计损仍满足双向预算
T015,下降,5815.391102340667,5835.128847023827,直连,,976,PASS,worst_obstruction_endpoint_distance,29.799330955625607,128.03308512369722,True,,端点最大距离且全时段按遮挡计损仍满足双向预算
T015,下降,5835.128847023827,5854.866591706987,直连,,977,PASS,worst_obstruction_endpoint_distance,34.02752517149327,78.68872341579817,True,,端点最大距离且全时段按遮挡计损仍满足双向预算
T015,下降,5854.866591706987,5874.604336390146,直连,,978,PASS,worst_obstruction_endpoint_distance,42.59528182028201,29.344361707899054,True,,端点最大距离且全时段按遮挡计损仍满足双向预算
T016,爬升,4396.0,4414.504135640463,直连,,979,PASS,worst_obstruction_endpoint_distance,40.93817299698006,35.512406921388134,True,,端点最大距离且全时段按遮挡计损仍满足双向预算
T016,爬升,4414.504135640463,4433.008271280924,直连,,980,PASS,worst_obstruction_endpoint_distance,32.76257917737007,91.02481384277351,True,,端点最大距离且全时段按遮挡计损仍满足双向预算
T016,爬升,4433.008271280924,4451.512406921387,直连,,981,PASS,worst_obstruction_endpoint_distance,28.626816157375487,146.5372207641616,True,,端点最大距离且全时段按遮挡计损仍满足双向预算
T016,爬升,4451.512406921387,4470.016542561849,直连,,982,PASS,worst_obstruction_endpoint_distance,25.836614075565635,202.04962768554702,True,,端点最大距离且全时段按遮挡计损仍满足双向预算
T016,爬升,4470.016542561849,4488.5206782023115,直连,,983,PASS,worst_obstruction_endpoint_distance,23.728138223056888,257.56203460693513,True,,端点最大距离且全时段按遮挡计损仍满足双向预算
T016,爬升,4488.5206782023115,4507.024813842773,直连,,984,PASS,worst_obstruction_endpoint_distance,22.032822874833954,313.0744415283205,True,,端点最大距离且全时段按遮挡计损仍满足双向预算
T016,爬升,4507.024813842773,4525.528949483236,直连,,985,PASS,worst_obstruction_endpoint_distance,20.614978463875502,368.5868484497086,True,,端点最大距离且全时段按遮挡计损仍满足双向预算
T016,爬升,4525.528949483236,4544.033085123698,直连,,986,PASS,worst_obstruction_endpoint_distance,19.396424967151802,424.099255371094,True,,端点最大距离且全时段按遮挡计损仍满足双向预算
T016,巡航,4544.033085123698,4563.110775825524,直连,,987,PASS,worst_obstruction_endpoint_distance,17.766895121913237,511.6158636829078,True,,端点最大距离且全时段按遮挡计损仍满足双向预算
T016,巡航,4563.110775825524,4582.18846652735,直连,,988,PASS,worst_obstruction_endpoint_distance,14.892076823385764,712.3360391482996,True,,端点最大距离且全时段按遮挡计损仍满足双向预算
T016,巡航,4582.18846652735,4601.266157229176,直连,,989,PASS,worst_obstruction_endpoint_distance,12.322670535858677,957.5362658919046,True,,端点最大距离且全时段按遮挡计损仍满足双向预算
T016,巡航,4601.266157229176,4620.3438479310025,直连,,990,PASS,worst_obstruction_endpoint_distance,10.213591886626759,1220.7006166374656,True,,端点最大距离且全时段按遮挡计损仍满足双向预算
T016,巡航,4620.3438479310025,4639.421538632829,直连,,991,PASS,worst_obstruction_endpoint_distance,8.468328226484786,1492.3556940457386,True,,端点最大距离且全时段按遮挡计损仍满足双向预算
T016,巡航,4639.421538632829,4658.499229334655,直连,,992,PASS,worst_obstruction_endpoint_distance,6.993215648778175,1768.5933016874653,True,,端点最大距离且全时段按遮挡计损仍满足双向预算
T016,巡航,4658.499229334655,4677.576920036481,直连,,993,PASS,worst_obstruction_endpoint_distance,5.721044201132514,2047.5595823149097,True,,端点最大距离且全时段按遮挡计损仍满足双向预算
T016,巡航,4677.576920036481,4696.654610738307,直连,,994,PASS,worst_obstruction_endpoint_distance,4.6050936964493445,2328.273920013661,True,,端点最大距离且全时段按遮挡计损仍满足双向预算
T016,巡航,4696.654610738307,4715.732301440134,直连,,995,PASS,worst_obstruction_endpoint_distance,3.6123913546315833,2610.172384581751,True,,端点最大距离且全时段按遮挡计损仍满足双向预算
T016,巡航,4715.732301440134,4734.80999214196,直连,,996,PASS,worst_obstruction_endpoint_distance,2.719080205408204,2892.908836272585,True,,端点最大距离且全时段按遮挡计损仍满足双向预算
T016,巡航,4734.80999214196,4753.887682843786,直连,,997,PASS,worst_obstruction_endpoint_distance,1.907455621920647,3176.25950134185,True,,端点最大距离且全时段按遮挡计损仍满足双向预算
T016,巡航,4753.887682843786,4772.965373545612,直连,,998,PASS,worst_obstruction_endpoint_distance,1.1640687134028127,3460.0734864853043,True,,端点最大距离且全时段按遮挡计损仍满足双向预算
T016,巡航,4772.965373545612,4792.043064247438,直连,,999,PASS,worst_obstruction_endpoint_distance,0.4784889884004002,3744.2454341324783,True,,端点最大距离且全时段按遮挡计损仍满足双向预算
T016,巡航,4792.043064247438,4811.120754949265,中继,R005,1000,PASS,worst_obstruction_endpoint_distance,12.738799266517844,457.4554383442125,True,,端点最大距离且全时段按遮挡计损仍满足双向预算
T016,巡航,4811.120754949265,4830.198445651091,中继,R005,1001,PASS,worst_obstruction_endpoint_distance,9.045142755798594,699.8929525750792,True,,端点最大距离且全时段按遮挡计损仍满足双向预算
T016,巡航,4830.198445651091,4849.276136352917,中继,R005,1002,PASS,worst_obstruction_endpoint_distance,6.241301973292337,966.548518797224,True,,端点最大距离且全时段按遮挡计损仍满足双向预算
T016,巡航,4849.276136352917,4868.353827054743,中继,R005,1003,PASS,worst_obstruction_endpoint_distance,4.063908730771459,1241.919144085208,True,,端点最大距离且全时段按遮挡计损仍满足双向预算
T016,巡航,4868.353827054743,4887.4315177565695,中继,R005,1004,PASS,worst_obstruction_endpoint_distance,2.301594546558249,1521.2795630106461,True,,端点最大距离且全时段按遮挡计损仍满足双向预算
T016,巡航,4887.4315177565695,4906.509208458396,中继,R005,1005,PASS,worst_obstruction_endpoint_distance,0.8269401069682516,1802.77593847744,True,,端点最大距离且全时段按遮挡计损仍满足双向预算
T016,巡航,4906.509208458396,4925.586899160222,中继,R004,1006,PASS,worst_obstruction_endpoint_distance,1.183454725095828,1730.2785424355745,True,,端点最大距离且全时段按遮挡计损仍满足双向预算
T016,巡航,4925.586899160222,4944.664589862048,中继,R004,1007,PASS,worst_obstruction_endpoint_distance,0.7194476577621458,1825.2248602709064,True,,端点最大距离且全时段按遮挡计损仍满足双向预算
T016,下降,4944.664589862048,4964.124440936266,中继,R004,1008,PASS,worst_obstruction_endpoint_distance,0.7194476577621458,1825.2248602709064,True,,端点最大距离且全时段按遮挡计损仍满足双向预算
T016,下降,4964.124440936266,4983.584292010485,中继,R004,1009,PASS,worst_obstruction_endpoint_distance,0.7287252227213372,1823.2763434744863,True,,端点最大距离且全时段按遮挡计损仍满足双向预算
T016,投送,4983.584292010485,5001.584292010485,中继,R004,1010,PASS,exact_point,0.7318298297417414,1822.6247642738538,,,独立计算 DEM 遮挡、自由空间损耗与双向预算
T016,投送,5001.584292010485,5019.584292010485,中继,R004,1011,PASS,exact_point,0.7318298297417414,1822.6247642738538,,,独立计算 DEM 遮挡、自由空间损耗与双向预算
T016,投送,5019.584292010485,5037.584292010485,中继,R004,1012,PASS,exact_point,0.7318298297417414,1822.6247642738538,,,独立计算 DEM 遮挡、自由空间损耗与双向预算
T016,投送,5037.584292010485,5055.584292010485,中继,R004,1013,PASS,exact_point,0.7318298297417414,1822.6247642738538,,,独立计算 DEM 遮挡、自由空间损耗与双向预算
T016,投送,5055.584292010485,5073.584292010486,中继,R004,1014,PASS,exact_point,0.7318298297417414,1822.6247642738538,,,独立计算 DEM 遮挡、自由空间损耗与双向预算
T016,投送,5073.584292010486,5091.584292010486,中继,R004,1015,PASS,exact_point,0.7318298297417414,1822.6247642738538,,,独立计算 DEM 遮挡、自由空间损耗与双向预算
T016,投送,5091.584292010486,5109.584292010486,中继,R004,1016,PASS,exact_point,0.7318298297417414,1822.6247642738538,,,独立计算 DEM 遮挡、自由空间损耗与双向预算
T016,投送,5109.584292010486,5127.584292010486,中继,R004,1017,PASS,exact_point,0.7318298297417414,1822.6247642738538,,,独立计算 DEM 遮挡、自由空间损耗与双向预算
T016,投送,5127.584292010486,5145.584292010486,中继,R004,1018,PASS,exact_point,0.7318298297417414,1822.6247642738538,,,独立计算 DEM 遮挡、自由空间损耗与双向预算
T016,投送,5145.584292010486,5163.584292010486,中继,R004,1019,PASS,exact_point,0.7318298297417414,1822.6247642738538,,,独立计算 DEM 遮挡、自由空间损耗与双向预算
T016,爬升,5163.584292010486,5179.800834572335,中继,R004,1020,PASS,worst_obstruction_endpoint_distance,0.7287252227213372,1823.2763434744863,True,,端点最大距离且全时段按遮挡计损仍满足双向预算
T016,爬升,5179.800834572335,5196.017377134183,中继,R004,1021,PASS,worst_obstruction_endpoint_distance,0.7194476577621458,1825.2248602709064,True,,端点最大距离且全时段按遮挡计损仍满足双向预算
T016,巡航,5196.017377134183,5215.09506783601,中继,R004,1022,PASS,worst_obstruction_endpoint_distance,0.7194476577621458,1825.2248602709064,True,,端点最大距离且全时段按遮挡计损仍满足双向预算
T016,巡航,5215.09506783601,5234.172758537836,中继,R004,1023,PASS,worst_obstruction_endpoint_distance,1.183454725095828,1730.2785424355745,True,,端点最大距离且全时段按遮挡计损仍满足双向预算
T016,巡航,5234.172758537836,5253.250449239662,中继,R005,1024,PASS,worst_obstruction_endpoint_distance,0.8269401069682516,1802.77593847744,True,,端点最大距离且全时段按遮挡计损仍满足双向预算
T016,巡航,5253.250449239662,5272.328139941488,中继,R005,1025,PASS,worst_obstruction_endpoint_distance,2.301594546558249,1521.2795630106461,True,,端点最大距离且全时段按遮挡计损仍满足双向预算
T016,巡航,5272.328139941488,5291.405830643314,中继,R005,1026,PASS,worst_obstruction_endpoint_distance,4.063908730771459,1241.919144085208,True,,端点最大距离且全时段按遮挡计损仍满足双向预算
T016,巡航,5291.405830643314,5310.483521345141,中继,R005,1027,PASS,worst_obstruction_endpoint_distance,6.241301973292337,966.548518797224,True,,端点最大距离且全时段按遮挡计损仍满足双向预算
T016,巡航,5310.483521345141,5329.561212046967,中继,R005,1028,PASS,worst_obstruction_endpoint_distance,9.045142755798594,699.8929525750792,True,,端点最大距离且全时段按遮挡计损仍满足双向预算
T016,巡航,5329.561212046967,5348.638902748793,中继,R005,1029,PASS,worst_obstruction_endpoint_distance,12.738799266517844,457.4554383442125,True,,端点最大距离且全时段按遮挡计损仍满足双向预算
T016,巡航,5348.638902748793,5367.716593450619,直连,,1030,PASS,worst_obstruction_endpoint_distance,0.4784889884004002,3744.2454341324783,True,,端点最大距离且全时段按遮挡计损仍满足双向预算
T016,巡航,5367.716593450619,5386.7942841524455,直连,,1031,PASS,worst_obstruction_endpoint_distance,1.1640687134028127,3460.0734864853043,True,,端点最大距离且全时段按遮挡计损仍满足双向预算
T016,巡航,5386.7942841524455,5405.871974854272,直连,,1032,PASS,worst_obstruction_endpoint_distance,1.907455621920647,3176.25950134185,True,,端点最大距离且全时段按遮挡计损仍满足双向预算
T016,巡航,5405.871974854272,5424.949665556098,直连,,1033,PASS,worst_obstruction_endpoint_distance,2.719080205408204,2892.908836272585,True,,端点最大距离且全时段按遮挡计损仍满足双向预算
T016,巡航,5424.949665556098,5444.027356257924,直连,,1034,PASS,worst_obstruction_endpoint_distance,3.6123913546315833,2610.172384581751,True,,端点最大距离且全时段按遮挡计损仍满足双向预算
T016,巡航,5444.027356257924,5463.10504695975,直连,,1035,PASS,worst_obstruction_endpoint_distance,4.6050936964493445,2328.273920013661,True,,端点最大距离且全时段按遮挡计损仍满足双向预算
T016,巡航,5463.10504695975,5482.1827376615765,直连,,1036,PASS,worst_obstruction_endpoint_distance,5.721044201132514,2047.5595823149097,True,,端点最大距离且全时段按遮挡计损仍满足双向预算
T016,巡航,5482.1827376615765,5501.260428363403,直连,,1037,PASS,worst_obstruction_endpoint_distance,6.993215648778175,1768.5933016874653,True,,端点最大距离且全时段按遮挡计损仍满足双向预算
T016,巡航,5501.260428363403,5520.338119065229,直连,,1038,PASS,worst_obstruction_endpoint_distance,8.468328226484786,1492.3556940457386,True,,端点最大距离且全时段按遮挡计损仍满足双向预算
T016,巡航,5520.338119065229,5539.415809767055,直连,,1039,PASS,worst_obstruction_endpoint_distance,10.213591886626759,1220.7006166374656,True,,端点最大距离且全时段按遮挡计损仍满足双向预算
T016,巡航,5539.415809767055,5558.493500468881,直连,,1040,PASS,worst_obstruction_endpoint_distance,12.322670535858677,957.5362658919046,True,,端点最大距离且全时段按遮挡计损仍满足双向预算
T016,巡航,5558.493500468881,5577.571191170708,直连,,1041,PASS,worst_obstruction_endpoint_distance,14.892076823385764,712.3360391482996,True,,端点最大距离且全时段按遮挡计损仍满足双向预算
T016,巡航,5577.571191170708,5596.648881872534,直连,,1042,PASS,worst_obstruction_endpoint_distance,17.766895121913237,511.6158636829078,True,,端点最大距离且全时段按遮挡计损仍满足双向预算
T016,下降,5596.648881872534,5616.3866265556935,直连,,1043,PASS,worst_obstruction_endpoint_distance,19.396424967151802,424.099255371094,True,,端点最大距离且全时段按遮挡计损仍满足双向预算
T016,下降,5616.3866265556935,5636.124371238853,直连,,1044,PASS,worst_obstruction_endpoint_distance,20.470828911636644,374.75489366319465,True,,端点最大距离且全时段按遮挡计损仍满足双向预算
T016,下降,5636.124371238853,5655.862115922013,直连,,1045,PASS,worst_obstruction_endpoint_distance,21.69714306922441,325.4105319552953,True,,端点最大距离且全时段按遮挡计损仍满足双向预算
T016,下降,5655.862115922013,5675.599860605173,直连,,1046,PASS,worst_obstruction_endpoint_distance,23.125511355694883,276.066170247396,True,,端点最大距离且全时段按遮挡计损仍满足双向预算
T016,下降,5675.599860605173,5695.337605288332,直连,,1047,PASS,worst_obstruction_endpoint_distance,24.83590922086259,226.72180853949664,True,,端点最大距离且全时段按遮挡计损仍满足双向预算
T016,下降,5695.337605288332,5715.075349971492,直连,,1048,PASS,worst_obstruction_endpoint_distance,26.967807178204254,177.3774468315973,True,,端点最大距离且全时段按遮挡计损仍满足双向预算
T016,下降,5715.075349971492,5734.813094654652,直连,,1049,PASS,worst_obstruction_endpoint_distance,29.79933095562555,128.03308512369802,True,,端点最大距离且全时段按遮挡计损仍满足双向预算
T016,下降,5734.813094654652,5754.550839337811,直连,,1050,PASS,worst_obstruction_endpoint_distance,34.02752517149321,78.68872341579868,True,,端点最大距离且全时段按遮挡计损仍满足双向预算
T016,下降,5754.550839337811,5774.288584020971,直连,,1051,PASS,worst_obstruction_endpoint_distance,42.595281820281926,29.34436170789934,True,,端点最大距离且全时段按遮挡计损仍满足双向预算
T017,爬升,6224.0,6243.871088867188,直连,,1052,PASS,worst_obstruction_endpoint_distance,42.497163869641895,29.677722167968767,True,,端点最大距离且全时段按遮挡计损仍满足双向预算
T017,爬升,6243.871088867188,6263.742177734375,直连,,1053,PASS,worst_obstruction_endpoint_distance,33.95424061100921,79.35544433593753,True,,端点最大距离且全时段按遮挡计损仍满足双向预算
T017,爬升,6263.742177734375,6283.613266601563,直连,,1054,PASS,worst_obstruction_endpoint_distance,29.731748063926148,129.03316650390627,True,,端点最大距离且全时段按遮挡计损仍满足双向预算
T017,爬升,6283.613266601563,6303.48435546875,直连,,1055,PASS,worst_obstruction_endpoint_distance,26.902754877149746,178.710888671875,True,,端点最大距离且全时段按遮挡计损仍满足双向预算
T017,巡航,6303.48435546875,6323.042287651694,直连,,1056,PASS,worst_obstruction_endpoint_distance,21.226846823481353,343.5155626257681,True,,端点最大距离且全时段按遮挡计损仍满足双向预算
T017,巡航,6323.042287651694,6342.600219834638,直连,,1057,PASS,worst_obstruction_endpoint_distance,16.19159854535019,613.3506516465615,True,,端点最大距离且全时段按遮挡计损仍满足双向预算
T017,巡航,6342.600219834638,6362.158152017581,直连,,1058,PASS,worst_obstruction_endpoint_distance,12.879592400816222,898.0678270913432,True,,端点最大距离且全时段按遮挡计损仍满足双向预算
T017,巡航,6362.158152017581,6381.716084200526,直连,,1059,PASS,worst_obstruction_endpoint_distance,10.456716578783727,1187.0060413963242,True,,端点最大距离且全时段按遮挡计损仍满足双向预算
T017,巡航,6381.716084200526,6401.27401638347,直连,,1060,PASS,worst_obstruction_endpoint_distance,8.554100828864037,1477.691301536886,True,,端点最大距离且全时段按遮挡计损仍满足双向预算
T017,巡航,6401.27401638347,6420.831948566413,直连,,1061,PASS,worst_obstruction_endpoint_distance,6.989928674066292,1769.2627117074003,True,,端点最大距离且全时段按遮挡计损仍满足双向预算
T017,巡航,6420.831948566413,6440.389880749357,直连,,1062,PASS,worst_obstruction_endpoint_distance,5.662764533404953,2061.3442758330607,True,,端点最大距离且全时段按遮挡计损仍满足双向预算
T017,巡航,6440.389880749357,6459.9478129323015,直连,,1063,PASS,worst_obstruction_endpoint_distance,4.510582959293117,2353.74608317376,True,,端点最大距离且全时段按遮挡计损仍满足双向预算
T017,巡航,6459.9478129323015,6479.505745115245,直连,,1064,PASS,worst_obstruction_endpoint_distance,3.492790187069943,2646.361982925317,True,,端点最大距离且全时段按遮挡计损仍满足双向预算
T017,巡航,6479.505745115245,6499.063677298189,直连,,1065,PASS,worst_obstruction_endpoint_distance,2.5814050697037914,2939.128031468544,True,,端点最大距离且全时段按遮挡计损仍满足双向预算
T017,巡航,6499.063677298189,6518.621609481133,直连,,1066,PASS,worst_obstruction_endpoint_distance,1.756338916276647,3232.003426069633,True,,端点最大距离且全时段按遮挡计损仍满足双向预算
T017,巡航,6518.621609481133,6538.179541664077,直连,,1067,PASS,worst_obstruction_endpoint_distance,1.0026890572529226,3524.960911409265,True,,端点最大距离且全时段按遮挡计损仍满足双向预算
T017,巡航,6538.179541664077,6557.737473847021,直连,,1068,PASS,worst_obstruction_endpoint_distance,0.3090985653005305,3817.9815908238766,True,,端点最大距离且全时段按遮挡计损仍满足双向预算
T017,巡航,6557.737473847021,6577.295406029965,中继,R006,1069,PASS,worst_obstruction_endpoint_distance,8.081424527802142,782.0194088495538,True,,端点最大距离且全时段按遮挡计损仍满足双向预算
T017,巡航,6577.295406029965,6596.853338212909,中继,R006,1070,PASS,worst_obstruction_endpoint_distance,10.673868485573152,580.2235261198753,True,,端点最大距离且全时段按遮挡计损仍满足双向预算
T017,巡航,6596.853338212909,6616.411270395853,中继,R006,1071,PASS,worst_obstruction_endpoint_distance,11.127602816759634,550.691809792669,True,,端点最大距离且全时段按遮挡计损仍满足双向预算
T017,巡航,6616.411270395853,6635.969202578797,中继,R006,1072,PASS,worst_obstruction_endpoint_distance,8.583734102898092,738.0776477016811,True,,端点最大距离且全时段按遮挡计损仍满足双向预算
T017,巡航,6635.969202578797,6655.527134761741,中继,R006,1073,PASS,worst_obstruction_endpoint_distance,6.130368386555162,978.9721542379075,True,,端点最大距离且全时段按遮挡计损仍满足双向预算
T017,下降,6655.527134761741,6671.953495845725,中继,R006,1074,PASS,worst_obstruction_endpoint_distance,6.130368386555162,978.9721542379075,True,,端点最大距离且全时段按遮挡计损仍满足双向预算
T017,下降,6671.953495845725,6688.37985692971,中继,R006,1075,PASS,worst_obstruction_endpoint_distance,6.14101222200523,977.7732400071485,True,,端点最大距离且全时段按遮挡计损仍满足双向预算
T017,下降,6688.37985692971,6704.806218013694,中继,R006,1076,PASS,worst_obstruction_endpoint_distance,6.132916306772174,978.68502450936,True,,端点最大距离且全时段按遮挡计损仍满足双向预算
T017,下降,6704.806218013694,6721.232579097678,中继,R006,1077,PASS,worst_obstruction_endpoint_distance,6.114231144583172,980.7926464971222,True,,端点最大距离且全时段按遮挡计损仍满足双向预算
T017,投送,6721.232579097678,6740.617194482294,中继,R006,1078,PASS,exact_point,16.114231144583172,980.7926464971222,,,独立计算 DEM 遮挡、自由空间损耗与双向预算
T017,投送,6740.617194482294,6760.001809866909,中继,R006,1079,PASS,exact_point,16.114231144583172,980.7926464971222,,,独立计算 DEM 遮挡、自由空间损耗与双向预算
T017,投送,6760.001809866909,6779.386425251524,中继,R006,1080,PASS,exact_point,16.114231144583172,980.7926464971222,,,独立计算 DEM 遮挡、自由空间损耗与双向预算
T017,投送,6779.386425251524,6798.771040636139,中继,R006,1081,PASS,exact_point,16.114231144583172,980.7926464971222,,,独立计算 DEM 遮挡、自由空间损耗与双向预算
T017,投送,6798.771040636139,6818.1556560207555,中继,R006,1082,PASS,exact_point,16.114231144583172,980.7926464971222,,,独立计算 DEM 遮挡、自由空间损耗与双向预算
T017,投送,6818.1556560207555,6837.540271405371,中继,R006,1083,PASS,exact_point,16.114231144583172,980.7926464971222,,,独立计算 DEM 遮挡、自由空间损耗与双向预算
T017,投送,6837.540271405371,6856.924886789986,中继,R006,1084,PASS,exact_point,16.114231144583172,980.7926464971222,,,独立计算 DEM 遮挡、自由空间损耗与双向预算
T017,投送,6856.924886789986,6876.309502174601,中继,R006,1085,PASS,exact_point,16.114231144583172,980.7926464971222,,,独立计算 DEM 遮挡、自由空间损耗与双向预算
T017,投送,6876.309502174601,6895.6941175592165,中继,R006,1086,PASS,exact_point,16.114231144583172,980.7926464971222,,,独立计算 DEM 遮挡、自由空间损耗与双向预算
T017,投送,6895.6941175592165,6915.078732943832,中继,R006,1087,PASS,exact_point,16.114231144583172,980.7926464971222,,,独立计算 DEM 遮挡、自由空间损耗与双向预算
T017,投送,6915.078732943832,6934.463348328447,中继,R006,1088,PASS,exact_point,16.114231144583172,980.7926464971222,,,独立计算 DEM 遮挡、自由空间损耗与双向预算
T017,投送,6934.463348328447,6953.847963713062,中继,R006,1089,PASS,exact_point,16.114231144583172,980.7926464971222,,,独立计算 DEM 遮挡、自由空间损耗与双向预算
T017,投送,6953.847963713062,6973.232579097678,中继,R006,1090,PASS,exact_point,16.114231144583172,980.7926464971222,,,独立计算 DEM 遮挡、自由空间损耗与双向预算
T017,爬升,6973.232579097678,6990.754030920594,中继,R006,1091,PASS,worst_obstruction_endpoint_distance,6.114231144583172,980.7926464971222,True,,端点最大距离且全时段按遮挡计损仍满足双向预算
T017,爬升,6990.754030920594,7008.275482743511,中继,R006,1092,PASS,worst_obstruction_endpoint_distance,6.136985020436583,978.226688425628,True,,端点最大距离且全时段按遮挡计损仍满足双向预算
T017,爬升,7008.275482743511,7025.796934566428,中继,R006,1093,PASS,worst_obstruction_endpoint_distance,6.130368386555162,978.9721542379075,True,,端点最大距离且全时段按遮挡计损仍满足双向预算
T017,巡航,7025.796934566428,7045.354866749372,中继,R006,1094,PASS,worst_obstruction_endpoint_distance,6.130368386555162,978.9721542379075,True,,端点最大距离且全时段按遮挡计损仍满足双向预算
T017,巡航,7045.354866749372,7064.912798932316,中继,R006,1095,PASS,worst_obstruction_endpoint_distance,8.583734102902099,738.0776477013404,True,,端点最大距离且全时段按遮挡计损仍满足双向预算
T017,巡航,7064.912798932316,7084.47073111526,中继,R006,1096,PASS,worst_obstruction_endpoint_distance,11.127602816759634,550.691809792669,True,,端点最大距离且全时段按遮挡计损仍满足双向预算
T017,巡航,7084.47073111526,7104.028663298204,中继,R006,1097,PASS,worst_obstruction_endpoint_distance,10.673868485573152,580.2235261198753,True,,端点最大距离且全时段按遮挡计损仍满足双向预算
T017,巡航,7104.028663298204,7123.586595481148,中继,R006,1098,PASS,worst_obstruction_endpoint_distance,8.081424527802142,782.0194088495538,True,,端点最大距离且全时段按遮挡计损仍满足双向预算
T017,巡航,7123.586595481148,7143.144527664092,直连,,1099,PASS,worst_obstruction_endpoint_distance,0.3090985653005305,3817.9815908238766,True,,端点最大距离且全时段按遮挡计损仍满足双向预算
T017,巡航,7143.144527664092,7162.702459847035,直连,,1100,PASS,worst_obstruction_endpoint_distance,1.0026890572529226,3524.960911409265,True,,端点最大距离且全时段按遮挡计损仍满足双向预算
T017,巡航,7162.702459847035,7182.260392029979,直连,,1101,PASS,worst_obstruction_endpoint_distance,1.7563389162753964,3232.0034260700977,True,,端点最大距离且全时段按遮挡计损仍满足双向预算
T017,巡航,7182.260392029979,7201.8183242129235,直连,,1102,PASS,worst_obstruction_endpoint_distance,2.5814050697037914,2939.128031468544,True,,端点最大距离且全时段按遮挡计损仍满足双向预算
T017,巡航,7201.8183242129235,7221.376256395867,直连,,1103,PASS,worst_obstruction_endpoint_distance,3.492790187069943,2646.361982925317,True,,端点最大距离且全时段按遮挡计损仍满足双向预算
T017,巡航,7221.376256395867,7240.934188578811,直连,,1104,PASS,worst_obstruction_endpoint_distance,4.510582959293117,2353.74608317376,True,,端点最大距离且全时段按遮挡计损仍满足双向预算
T017,巡航,7240.934188578811,7260.492120761755,直连,,1105,PASS,worst_obstruction_endpoint_distance,5.662764533403006,2061.3442758335245,True,,端点最大距离且全时段按遮挡计损仍满足双向预算
T017,巡航,7260.492120761755,7280.050052944699,直连,,1106,PASS,worst_obstruction_endpoint_distance,6.989928674066292,1769.2627117074003,True,,端点最大距离且全时段按遮挡计损仍满足双向预算
T017,巡航,7280.050052944699,7299.607985127643,直连,,1107,PASS,worst_obstruction_endpoint_distance,8.554100828861323,1477.691301537348,True,,端点最大距离且全时段按遮挡计损仍满足双向预算
T017,巡航,7299.607985127643,7319.165917310587,直连,,1108,PASS,worst_obstruction_endpoint_distance,10.456716578783727,1187.0060413963242,True,,端点最大距离且全时段按遮挡计损仍满足双向预算
T017,巡航,7319.165917310587,7338.723849493531,直连,,1109,PASS,worst_obstruction_endpoint_distance,12.879592400811816,898.0678270917992,True,,端点最大距离且全时段按遮挡计损仍满足双向预算
T017,巡航,7338.723849493531,7358.281781676475,直连,,1110,PASS,worst_obstruction_endpoint_distance,16.19159854535019,613.3506516465615,True,,端点最大距离且全时段按遮挡计损仍满足双向预算
T017,巡航,7358.281781676475,7377.839713859419,直连,,1111,PASS,worst_obstruction_endpoint_distance,21.226846823471305,343.5155626261655,True,,端点最大距离且全时段按遮挡计损仍满足双向预算
T017,下降,7377.839713859419,7397.710802726606,直连,,1112,PASS,worst_obstruction_endpoint_distance,26.902754877149746,178.710888671875,True,,端点最大距离且全时段按遮挡计损仍满足双向预算
T017,下降,7397.710802726606,7417.581891593793,直连,,1113,PASS,worst_obstruction_endpoint_distance,29.087434584690158,138.96871093750144,True,,端点最大距离且全时段按遮挡计损仍满足双向预算
T017,下降,7417.581891593793,7437.452980460981,直连,,1114,PASS,worst_obstruction_endpoint_distance,32.0132188027426,99.22653320312611,True,,端点最大距离且全时段按遮挡计损仍满足双向预算
T017,下降,7437.452980460981,7457.324069328169,直连,,1115,PASS,worst_obstruction_endpoint_distance,36.457719961105596,59.48435546875072,True,,端点最大距离且全时段按遮挡计损仍满足双向预算
T017,下降,7457.324069328169,7477.195158195356,直连,,1116,PASS,worst_obstruction_endpoint_distance,45.92517525248826,20.0,True,,端点最大距离且全时段按遮挡计损仍满足双向预算
T018,爬升,6236.0,6254.035944417317,直连,,1117,PASS,worst_obstruction_endpoint_distance,43.955810044934495,25.08986104329321,True,,端点最大距离且全时段按遮挡计损仍满足双向预算
T018,爬升,6254.035944417317,6272.0718888346355,直连,,1118,PASS,worst_obstruction_endpoint_distance,35.021542284446866,70.1797220865887,True,,端点最大距离且全时段按遮挡计损仍满足双向预算
T018,爬升,6272.0718888346355,6290.107833251953,直连,,1119,PASS,worst_obstruction_endpoint_distance,30.7114807148575,115.26958312988188,True,,端点最大距离且全时段按遮挡计损仍满足双向预算
T018,爬升,6290.107833251953,6308.143777669271,直连,,1120,PASS,worst_obstruction_endpoint_distance,27.843884320576393,160.35944417317734,True,,端点最大距离且全时段按遮挡计损仍满足双向预算
T018,爬升,6308.143777669271,6326.179722086588,直连,,1121,PASS,worst_obstruction_endpoint_distance,25.691681627493523,205.44930521647058,True,,端点最大距离且全时段按遮挡计损仍满足双向预算
T018,爬升,6326.179722086588,6344.2156665039065,直连,,1122,PASS,worst_obstruction_endpoint_distance,23.968262608738172,250.53916625976603,True,,端点最大距离且全时段按遮挡计损仍满足双向预算
T018,巡航,6344.2156665039065,6363.99702356786,直连,,1123,PASS,worst_obstruction_endpoint_distance,20.16139188232583,388.3462932369524,True,,端点最大距离且全时段按遮挡计损仍满足双向预算
T018,巡航,6363.99702356786,6383.778380631814,直连,,1124,PASS,worst_obstruction_endpoint_distance,15.765903798404153,644.1597258386764,True,,端点最大距离且全时段按遮挡计损仍满足双向预算
T018,巡航,6383.778380631814,6403.559737695768,直连,,1125,PASS,worst_obstruction_endpoint_distance,12.62531864366639,924.7467764723526,True,,端点最大距离且全时段按遮挡计损仍满足双向预算
T018,巡航,6403.559737695768,6423.34109475972,直连,,1126,PASS,worst_obstruction_endpoint_distance,10.268298266887285,1213.0364331213775,True,,端点最大距离且全时段按遮挡计损仍满足双向预算
T018,巡航,6423.34109475972,6443.122451823674,直连,,1127,PASS,worst_obstruction_endpoint_distance,8.39730997944396,1504.6076282027716,True,,端点最大距离且全时段按遮挡计损仍满足双向预算
T018,巡航,6443.122451823674,6462.903808887628,直连,,1128,PASS,worst_obstruction_endpoint_distance,6.850635996686719,1797.864505710022,True,,端点最大距离且全时段按遮挡计损仍满足双向预算
T018,巡航,6462.903808887628,6482.685165951581,直连,,1129,PASS,worst_obstruction_endpoint_distance,5.5341333456205035,2092.098321356043,True,,端点最大距离且全时段按遮挡计损仍满足双向预算
T018,巡航,6482.685165951581,6502.466523015535,直连,,1130,PASS,worst_obstruction_endpoint_distance,4.388916634906977,2386.947827420809,True,,端点最大距离且全时段按遮挡计损仍满足双向预算
T018,巡航,6502.466523015535,6522.247880079489,直连,,1131,PASS,worst_obstruction_endpoint_distance,3.375919660747627,2682.209987066719,True,,端点最大距离且全时段按遮挡计损仍满足双向预算
T018,巡航,6522.247880079489,6542.0292371434425,直连,,1132,PASS,worst_obstruction_endpoint_distance,2.4679753448875914,2977.7620519260295,True,,端点最大距离且全时段按遮挡计损仍满足双向预算
T018,巡航,6542.0292371434425,6561.810594207396,直连,,1133,PASS,worst_obstruction_endpoint_distance,1.645460598805812,3273.5255001824776,True,,端点最大距离且全时段按遮挡计损仍满足双向预算
T018,巡航,6561.810594207396,6581.59195127135,直连,,1134,PASS,worst_obstruction_endpoint_distance,0.8937544946891762,3569.447786713983,True,,端点最大距离且全时段按遮挡计损仍满足双向预算
T018,巡航,6581.59195127135,6601.373308335304,直连,,1135,PASS,worst_obstruction_endpoint_distance,0.20167861880453586,3865.4924321610397,True,,端点最大距离且全时段按遮挡计损仍满足双向预算
T018,巡航,6601.373308335304,6621.154665399257,中继,R006,1136,PASS,worst_obstruction_endpoint_distance,9.941152874824155,631.2932046734205,True,,端点最大距离且全时段按遮挡计损仍满足双向预算
T018,巡航,6621.154665399257,6640.936022463211,中继,R006,1137,PASS,worst_obstruction_endpoint_distance,14.675917256011417,366.0099530460137,True,,端点最大距离且全时段按遮挡计损仍满足双向预算
T018,巡航,6640.936022463211,6660.717379527165,中继,R006,1138,PASS,worst_obstruction_endpoint_distance,14.704469244905482,364.8087916933112,True,,端点最大距离且全时段按遮挡计损仍满足双向预算
T018,巡航,6660.717379527165,6680.498736591118,中继,R006,1139,PASS,worst_obstruction_endpoint_distance,9.960327261135205,629.9011412930425,True,,端点最大距离且全时段按遮挡计损仍满足双向预算
T018,巡航,6680.498736591118,6700.280093655071,中继,R006,1140,PASS,worst_obstruction_endpoint_distance,6.7208489640163975,914.6318277807537,True,,端点最大距离且全时段按遮挡计损仍满足双向预算
T018,巡航,6700.280093655071,6720.061450719025,中继,R006,1141,PASS,worst_obstruction_endpoint_distance,4.324873136838022,1205.1610897540988,True,,端点最大距离且全时段按遮挡计损仍满足双向预算
T018,巡航,6720.061450719025,6739.8428077829785,中继,R006,1142,PASS,worst_obstruction_endpoint_distance,2.434847908948825,1498.1191753019084,True,,端点最大距离且全时段按遮挡计损仍满足双向预算
T018,巡航,6739.8428077829785,6759.624164846932,中继,R006,1143,PASS,worst_obstruction_endpoint_distance,0.8774860047650606,1792.315489482002,True,,端点最大距离且全时段按遮挡计损仍满足双向预算
T018,巡航,6759.624164846932,6779.405521910886,中继,R007,1144,PASS,worst_obstruction_endpoint_distance,3.009436570846745,1402.2224943312915,True,,端点最大距离且全时段按遮挡计损仍满足双向预算
T018,巡航,6779.405521910886,6799.18687897484,中继,R007,1145,PASS,worst_obstruction_endpoint_distance,2.5782083813780474,1473.5956784547577,True,,端点最大距离且全时段按遮挡计损仍满足双向预算
T018,巡航,6799.18687897484,6818.968236038793,中继,R007,1146,PASS,worst_obstruction_endpoint_distance,1.8755622343822864,1597.756696995542,True,,端点最大距离且全时段按遮挡计损仍满足双向预算
T018,巡航,6818.968236038793,6838.749593102747,中继,R007,1147,PASS,worst_obstruction_endpoint_distance,1.017815697403691,1763.5914042963925,True,,端点最大距离且全时段按遮挡计损仍满足双向预算
T018,巡航,6838.749593102747,6858.530950166701,中继,R007,1148,PASS,worst_obstruction_endpoint_distance,0.09820263924140704,1960.5531768111305,True,,端点最大距离且全时段按遮挡计损仍满足双向预算
T018,下降,6858.530950166701,6875.524866792677,中继,R007,1149,PASS,worst_obstruction_endpoint_distance,0.09089597645279923,1962.2031088782871,True,,端点最大距离且全时段按遮挡计损仍满足双向预算
T018,下降,6875.524866792677,6892.518783418654,中继,R007,1150,PASS,worst_obstruction_endpoint_distance,0.08100074457328788,1964.439784645317,True,,端点最大距离且全时段按遮挡计损仍满足双向预算
T018,下降,6892.518783418654,6909.51270004463,中继,R007,1151,PASS,worst_obstruction_endpoint_distance,0.06853462307819314,1967.2612028201515,True,,端点最大距离且全时段按遮挡计损仍满足双向预算
T018,下降,6909.51270004463,6926.5066166706065,中继,R007,1152,PASS,worst_obstruction_endpoint_distance,0.05351975134394138,1970.6648518618695,True,,端点最大距离且全时段按遮挡计损仍满足双向预算
T018,下降,6926.5066166706065,6943.500533296583,中继,R007,1153,PASS,worst_obstruction_endpoint_distance,0.035982598952486455,1974.647721044051,True,,端点最大距离且全时段按遮挡计损仍满足双向预算
T018,投送,6943.500533296583,6962.885148681199,中继,R007,1154,PASS,exact_point,0.035982598952486455,1974.647721044051,,,独立计算 DEM 遮挡、自由空间损耗与双向预算
T018,投送,6962.885148681199,6982.269764065814,中继,R007,1155,PASS,exact_point,0.035982598952486455,1974.647721044051,,,独立计算 DEM 遮挡、自由空间损耗与双向预算
T018,投送,6982.269764065814,7001.65437945043,中继,R007,1156,PASS,exact_point,0.035982598952486455,1974.647721044051,,,独立计算 DEM 遮挡、自由空间损耗与双向预算
T018,投送,7001.65437945043,7021.038994835045,中继,R007,1157,PASS,exact_point,0.035982598952486455,1974.647721044051,,,独立计算 DEM 遮挡、自由空间损耗与双向预算
T018,投送,7021.038994835045,7040.42361021966,中继,R007,1158,PASS,exact_point,0.035982598952486455,1974.647721044051,,,独立计算 DEM 遮挡、自由空间损耗与双向预算
T018,投送,7040.42361021966,7059.808225604276,中继,R007,1159,PASS,exact_point,0.035982598952486455,1974.647721044051,,,独立计算 DEM 遮挡、自由空间损耗与双向预算
T018,投送,7059.808225604276,7079.1928409888915,中继,R007,1160,PASS,exact_point,0.035982598952486455,1974.647721044051,,,独立计算 DEM 遮挡、自由空间损耗与双向预算
T018,投送,7079.1928409888915,7098.577456373507,中继,R007,1161,PASS,exact_point,0.035982598952486455,1974.647721044051,,,独立计算 DEM 遮挡、自由空间损耗与双向预算
T018,投送,7098.577456373507,7117.962071758122,中继,R007,1162,PASS,exact_point,0.035982598952486455,1974.647721044051,,,独立计算 DEM 遮挡、自由空间损耗与双向预算
T018,投送,7117.962071758122,7137.346687142737,中继,R007,1163,PASS,exact_point,0.035982598952486455,1974.647721044051,,,独立计算 DEM 遮挡、自由空间损耗与双向预算
T018,投送,7137.346687142737,7156.731302527352,中继,R007,1164,PASS,exact_point,0.035982598952486455,1974.647721044051,,,独立计算 DEM 遮挡、自由空间损耗与双向预算
T018,投送,7156.731302527352,7176.115917911968,中继,R007,1165,PASS,exact_point,0.035982598952486455,1974.647721044051,,,独立计算 DEM 遮挡、自由空间损耗与双向预算
T018,投送,7176.115917911968,7195.500533296583,中继,R007,1166,PASS,exact_point,0.035982598952486455,1974.647721044051,,,独立计算 DEM 遮挡、自由空间损耗与双向预算
T018,爬升,7195.500533296583,7212.49444992256,中继,R007,1167,PASS,worst_obstruction_endpoint_distance,0.035982598952486455,1974.647721044051,True,,端点最大距离且全时段按遮挡计损仍满足双向预算
T018,爬升,7212.49444992256,7229.488366548537,中继,R007,1168,PASS,worst_obstruction_endpoint_distance,0.05751103969893734,1969.7595116920877,True,,端点最大距离且全时段按遮挡计损仍满足双向预算
T018,爬升,7229.488366548537,7246.482283174513,中继,R007,1169,PASS,worst_obstruction_endpoint_distance,0.07508776444491616,1965.777546063408,True,,端点最大距离且全时段按遮挡计损仍满足双向预算
T018,爬升,7246.482283174513,7263.47619980049,中继,R007,1170,PASS,worst_obstruction_endpoint_distance,0.08866423352374397,1962.7073399621577,True,,端点最大距离且全时段按遮挡计损仍满足双向预算
T018,巡航,7263.47619980049,7283.257556864443,中继,R007,1171,PASS,worst_obstruction_endpoint_distance,0.09820263924140704,1960.5531768111305,True,,端点最大距离且全时段按遮挡计损仍满足双向预算
T018,巡航,7283.257556864443,7303.038913928397,中继,R007,1172,PASS,worst_obstruction_endpoint_distance,1.017815697403691,1763.5914042963925,True,,端点最大距离且全时段按遮挡计损仍满足双向预算
T018,巡航,7303.038913928397,7322.820270992351,中继,R007,1173,PASS,worst_obstruction_endpoint_distance,1.8755622343822864,1597.756696995542,True,,端点最大距离且全时段按遮挡计损仍满足双向预算
T018,巡航,7322.820270992351,7342.601628056304,中继,R007,1174,PASS,worst_obstruction_endpoint_distance,2.5782083813780474,1473.5956784547577,True,,端点最大距离且全时段按遮挡计损仍满足双向预算
T018,巡航,7342.601628056304,7362.382985120258,中继,R007,1175,PASS,worst_obstruction_endpoint_distance,3.009436570846745,1402.2224943312915,True,,端点最大距离且全时段按遮挡计损仍满足双向预算
T018,巡航,7362.382985120258,7382.164342184212,中继,R006,1176,PASS,worst_obstruction_endpoint_distance,0.8774860047650606,1792.315489482002,True,,端点最大距离且全时段按遮挡计损仍满足双向预算
T018,巡航,7382.164342184212,7401.945699248165,中继,R006,1177,PASS,worst_obstruction_endpoint_distance,2.434847908948825,1498.1191753019084,True,,端点最大距离且全时段按遮挡计损仍满足双向预算
T018,巡航,7401.945699248165,7421.727056312118,中继,R006,1178,PASS,worst_obstruction_endpoint_distance,4.324873136838022,1205.1610897540988,True,,端点最大距离且全时段按遮挡计损仍满足双向预算
T018,巡航,7421.727056312118,7441.508413376072,中继,R006,1179,PASS,worst_obstruction_endpoint_distance,6.7208489640163975,914.6318277807537,True,,端点最大距离且全时段按遮挡计损仍满足双向预算
T018,巡航,7441.508413376072,7461.289770440026,中继,R006,1180,PASS,worst_obstruction_endpoint_distance,9.960327261135205,629.9011412930425,True,,端点最大距离且全时段按遮挡计损仍满足双向预算
T018,巡航,7461.289770440026,7481.071127503979,中继,R006,1181,PASS,worst_obstruction_endpoint_distance,14.704469244905482,364.8087916933112,True,,端点最大距离且全时段按遮挡计损仍满足双向预算
T018,巡航,7481.071127503979,7500.852484567933,中继,R006,1182,PASS,worst_obstruction_endpoint_distance,14.675917256011417,366.0099530460137,True,,端点最大距离且全时段按遮挡计损仍满足双向预算
T018,巡航,7500.852484567933,7520.633841631887,中继,R006,1183,PASS,worst_obstruction_endpoint_distance,9.941152874824155,631.2932046734205,True,,端点最大距离且全时段按遮挡计损仍满足双向预算
T018,巡航,7520.633841631887,7540.41519869584,直连,,1184,PASS,worst_obstruction_endpoint_distance,0.20167861880453586,3865.4924321610397,True,,端点最大距离且全时段按遮挡计损仍满足双向预算
T018,巡航,7540.41519869584,7560.196555759794,直连,,1185,PASS,worst_obstruction_endpoint_distance,0.8937544946891762,3569.447786713983,True,,端点最大距离且全时段按遮挡计损仍满足双向预算
T018,巡航,7560.196555759794,7579.977912823748,直连,,1186,PASS,worst_obstruction_endpoint_distance,1.645460598805812,3273.5255001824776,True,,端点最大距离且全时段按遮挡计损仍满足双向预算
T018,巡航,7579.977912823748,7599.7592698877015,直连,,1187,PASS,worst_obstruction_endpoint_distance,2.4679753448875914,2977.7620519260295,True,,端点最大距离且全时段按遮挡计损仍满足双向预算
T018,巡航,7599.7592698877015,7619.540626951655,直连,,1188,PASS,worst_obstruction_endpoint_distance,3.375919660747627,2682.209987066719,True,,端点最大距离且全时段按遮挡计损仍满足双向预算
T018,巡航,7619.540626951655,7639.321984015609,直连,,1189,PASS,worst_obstruction_endpoint_distance,4.388916634906977,2386.947827420809,True,,端点最大距离且全时段按遮挡计损仍满足双向预算
T018,巡航,7639.321984015609,7659.103341079563,直连,,1190,PASS,worst_obstruction_endpoint_distance,5.5341333456205035,2092.098321356043,True,,端点最大距离且全时段按遮挡计损仍满足双向预算
T018,巡航,7659.103341079563,7678.884698143516,直连,,1191,PASS,worst_obstruction_endpoint_distance,6.850635996686719,1797.864505710022,True,,端点最大距离且全时段按遮挡计损仍满足双向预算
T018,巡航,7678.884698143516,7698.666055207469,直连,,1192,PASS,worst_obstruction_endpoint_distance,8.39730997944396,1504.6076282027716,True,,端点最大距离且全时段按遮挡计损仍满足双向预算
T018,巡航,7698.666055207469,7718.447412271423,直连,,1193,PASS,worst_obstruction_endpoint_distance,10.268298266887285,1213.0364331213775,True,,端点最大距离且全时段按遮挡计损仍满足双向预算
T018,巡航,7718.447412271423,7738.2287693353765,直连,,1194,PASS,worst_obstruction_endpoint_distance,12.62531864366639,924.7467764723526,True,,端点最大距离且全时段按遮挡计损仍满足双向预算
T018,巡航,7738.2287693353765,7758.01012639933,直连,,1195,PASS,worst_obstruction_endpoint_distance,15.765903798404153,644.1597258386764,True,,端点最大距离且全时段按遮挡计损仍满足双向预算
T018,巡航,7758.01012639933,7777.791483463284,直连,,1196,PASS,worst_obstruction_endpoint_distance,20.16139188232583,388.3462932369524,True,,端点最大距离且全时段按遮挡计损仍满足双向预算
T018,下降,7777.791483463284,7797.115709624695,直连,,1197,PASS,worst_obstruction_endpoint_distance,23.968262608738172,250.53916625976603,True,,端点最大距离且全时段按遮挡计损仍满足双向预算
T018,下降,7797.115709624695,7816.4399357861075,直连,,1198,PASS,worst_obstruction_endpoint_distance,25.423536680378135,211.89071393694337,True,,端点最大距离且全时段按遮挡计损仍满足双向预算
T018,下降,7816.4399357861075,7835.76416194752,直连,,1199,PASS,worst_obstruction_endpoint_distance,27.17269827277147,173.24226161411883,True,,端点最大距离且全时段按遮挡计损仍满足双向预算
T018,下降,7835.76416194752,7855.088388108931,直连,,1200,PASS,worst_obstruction_endpoint_distance,29.365273470603157,134.59380929129435,True,,端点最大距离且全时段按遮挡计损仍满足双向预算
T018,下降,7855.088388108931,7874.412614270343,直连,,1201,PASS,worst_obstruction_endpoint_distance,32.30529590570579,95.94535696847169,True,,端点最大距离且全时段按遮挡计损仍满足双向预算
T018,下降,7874.412614270343,7893.736840431755,直连,,1202,PASS,worst_obstruction_endpoint_distance,36.78315195211816,57.29690464564899,True,,端点最大距离且全时段按遮挡计损仍满足双向预算
T018,下降,7893.736840431755,7913.061066593167,直连,,1203,PASS,worst_obstruction_endpoint_distance,45.92517525248826,20.0,True,,端点最大距离且全时段按遮挡计损仍满足双向预算
T019,爬升,6299.0,6315.34728881836,直连,,1204,PASS,worst_obstruction_endpoint_distance,42.68528468478428,29.041866455078775,True,,端点最大距离且全时段按遮挡计损仍满足双向预算
T019,爬升,6315.34728881836,6331.694577636719,直连,,1205,PASS,worst_obstruction_endpoint_distance,34.094563820666195,78.08373291015752,True,,端点最大距离且全时段按遮挡计损仍满足双向预算
T019,爬升,6331.694577636719,6348.041866455078,直连,,1206,PASS,worst_obstruction_endpoint_distance,29.861114895269864,127.12559936523354,True,,端点最大距离且全时段按遮挡计损仍满足双向预算
T019,爬升,6348.041866455078,6364.389155273438,直连,,1207,PASS,worst_obstruction_endpoint_distance,27.02726102514677,176.16746582031232,True,,端点最大距离且全时段按遮挡计损仍满足双向预算
T019,爬升,6364.389155273438,6380.736444091797,直连,,1208,PASS,worst_obstruction_endpoint_distance,24.894047506859238,225.20933227539103,True,,端点最大距离且全时段按遮挡计损仍满足双向预算
T019,巡航,6380.736444091797,6400.684875323222,直连,,1209,PASS,worst_obstruction_endpoint_distance,20.476569260061567,374.5073067081198,True,,端点最大距离且全时段按遮挡计损仍满足双向预算
T019,巡航,6400.684875323222,6420.633306554647,直连,,1210,PASS,worst_obstruction_endpoint_distance,15.829974101692486,639.4256493755012,True,,端点最大距离且全时段按遮挡计损仍满足双向预算
T019,巡航,6420.633306554647,6440.581737786071,直连,,1211,PASS,worst_obstruction_endpoint_distance,12.618260351929706,925.4985457841007,True,,端点最大距离且全时段按遮挡计损仍满足双向预算
T019,巡航,6440.581737786071,6460.5301690174965,直连,,1212,PASS,worst_obstruction_endpoint_distance,10.233476665807785,1217.9092389358796,True,,端点最大距离且全时段按遮挡计损仍满足双向预算
T019,巡航,6460.5301690174965,6480.478600248922,直连,,1213,PASS,worst_obstruction_endpoint_distance,8.349068263577223,1512.9875178566108,True,,端点最大距离且全时段按遮挡计损仍满足双向预算
T019,巡航,6480.478600248922,6500.427031480346,直连,,1214,PASS,worst_obstruction_endpoint_distance,6.794945300204006,1809.428778084995,True,,端点最大距离且全时段按遮挡计损仍满足双向预算
T019,巡航,6500.427031480346,6520.375462711771,直连,,1215,PASS,worst_obstruction_endpoint_distance,5.473895595477202,2106.657716764186,True,,端点最大距离且全时段按遮挡计损仍满足双向预算
T019,巡航,6520.375462711771,6540.323893943196,直连,,1216,PASS,worst_obstruction_endpoint_distance,4.325704959757758,2404.3822339864455,True,,端点最大距离且全时段按遮挡计损仍满足双向预算
T019,巡航,6540.323893943196,6560.272325174621,直连,,1217,PASS,worst_obstruction_endpoint_distance,3.3106586402651743,2702.4385427766797,True,,端点最大距离且全时段按遮挡计损仍满足双向预算
T019,巡航,6560.272325174621,6580.220756406046,直连,,1218,PASS,worst_obstruction_endpoint_distance,2.401243199064254,3000.7277761782934,True,,端点最大距离且全时段按遮挡计损仍满足双向预算
T019,巡航,6580.220756406046,6600.169187637471,直连,,1219,PASS,worst_obstruction_endpoint_distance,1.5776371600474448,3299.186756586918,True,,端点最大距离且全时段按遮挡计损仍满足双向预算
T019,巡航,6600.169187637471,6620.117618868896,直连,,1220,PASS,worst_obstruction_endpoint_distance,0.8250994230448754,3597.773239354705,True,,端点最大距离且全时段按遮挡计损仍满足双向预算
T019,巡航,6620.117618868896,6640.06605010032,直连,,1221,PASS,worst_obstruction_endpoint_distance,0.1323753731121542,3896.45791298493,True,,端点最大距离且全时段按遮挡计损仍满足双向预算
T019,巡航,6640.06605010032,6660.014481331746,中继,R006,1222,PASS,worst_obstruction_endpoint_distance,3.44893160150383,1333.0369210576005,True,,端点最大距离且全时段按遮挡计损仍满足双向预算
T019,巡航,6660.014481331746,6679.96291256317,中继,R006,1223,PASS,worst_obstruction_endpoint_distance,3.6883399634194802,1296.7962922298093,True,,端点最大距离且全时段按遮挡计损仍满足双向预算
T019,巡航,6679.96291256317,6699.911343794595,中继,R006,1224,PASS,worst_obstruction_endpoint_distance,3.152216567478817,1379.360959706343,True,,端点最大距离且全时段按遮挡计损仍满足双向预算
T019,巡航,6699.911343794595,6719.85977502602,中继,R006,1225,PASS,worst_obstruction_endpoint_distance,2.323466342154134,1517.4536729833121,True,,端点最大距离且全时段按遮挡计损仍满足双向预算
T019,巡航,6719.85977502602,6739.808206257445,中继,R006,1226,PASS,worst_obstruction_endpoint_distance,1.3491856219107774,1697.5769794053315,True,,端点最大距离且全时段按遮挡计损仍满足双向预算
T019,巡航,6739.808206257445,6759.75663748887,中继,R006,1227,PASS,worst_obstruction_endpoint_distance,0.3348299206298293,1907.8633366231968,True,,端点最大距离且全时段按遮挡计损仍满足双向预算
T019,巡航,6759.75663748887,6779.705068720295,中继,R007,1228,PASS,worst_obstruction_endpoint_distance,5.465934903575743,1056.7980739955074,True,,端点最大距离且全时段按遮挡计损仍满足双向预算
T019,巡航,6779.705068720295,6799.65349995172,中继,R007,1229,PASS,worst_obstruction_endpoint_distance,7.163167460360086,869.2213505149701,True,,端点最大距离且全时段按遮挡计损仍满足双向预算
T019,巡航,6799.65349995172,6819.601931183144,中继,R007,1230,PASS,worst_obstruction_endpoint_distance,8.361635307260357,757.1937018024331,True,,端点最大距离且全时段按遮挡计损仍满足双向预算
T019,巡航,6819.601931183144,6839.5503624145695,中继,R007,1231,PASS,worst_obstruction_endpoint_distance,7.2174888770571215,863.8022171589038,True,,端点最大距离且全时段按遮挡计损仍满足双向预算
T019,巡航,6839.5503624145695,6859.498793645995,中继,R007,1232,PASS,worst_obstruction_endpoint_distance,5.527232666505114,1049.3663291862797,True,,端点最大距离且全时段按遮挡计损仍满足双向预算
T019,巡航,6859.498793645995,6879.447224877419,中继,R007,1233,PASS,worst_obstruction_endpoint_distance,3.809912144193447,1278.77209625438,True,,端点最大距离且全时段按遮挡计损仍满足双向预算
T019,巡航,6879.447224877419,6899.395656108844,中继,R007,1234,PASS,worst_obstruction_endpoint_distance,2.238018545490135,1532.4553547674145,True,,端点最大距离且全时段按遮挡计损仍满足双向预算
T019,巡航,6899.395656108844,6919.344087340269,中继,R007,1235,PASS,worst_obstruction_endpoint_distance,0.8394489047696396,1800.181577902523,True,,端点最大距离且全时段按遮挡计损仍满足双向预算
T019,下降,6919.344087340269,6932.945331643655,中继,R007,1236,PASS,worst_obstruction_endpoint_distance,0.8284758755184782,1802.4572144371425,True,,端点最大距离且全时段按遮挡计损仍满足双向预算
T019,下降,6932.945331643655,6946.54657594704,中继,R007,1237,PASS,worst_obstruction_endpoint_distance,0.8144482146368262,1805.3705241351129,True,,端点最大距离且全时段按遮挡计损仍满足双向预算
T019,下降,6946.54657594704,6960.147820250426,中继,R007,1238,PASS,worst_obstruction_endpoint_distance,0.7973955137346138,1808.9184260319166,True,,端点最大距离且全时段按遮挡计损仍满足双向预算
T019,投送,6960.147820250426,6979.238729341334,中继,R007,1239,PASS,exact_point,0.7973955137346138,1808.9184260319166,,,独立计算 DEM 遮挡、自由空间损耗与双向预算
T019,投送,6979.238729341334,6998.329638432244,中继,R007,1240,PASS,exact_point,0.7973955137346138,1808.9184260319166,,,独立计算 DEM 遮挡、自由空间损耗与双向预算
T019,投送,6998.329638432244,7017.420547523153,中继,R007,1241,PASS,exact_point,0.7973955137346138,1808.9184260319166,,,独立计算 DEM 遮挡、自由空间损耗与双向预算
T019,投送,7017.420547523153,7036.511456614062,中继,R007,1242,PASS,exact_point,0.7973955137346138,1808.9184260319166,,,独立计算 DEM 遮挡、自由空间损耗与双向预算
T019,投送,7036.511456614062,7055.602365704971,中继,R007,1243,PASS,exact_point,0.7973955137346138,1808.9184260319166,,,独立计算 DEM 遮挡、自由空间损耗与双向预算
T019,投送,7055.602365704971,7074.69327479588,中继,R007,1244,PASS,exact_point,0.7973955137346138,1808.9184260319166,,,独立计算 DEM 遮挡、自由空间损耗与双向预算
T019,投送,7074.69327479588,7093.784183886789,中继,R007,1245,PASS,exact_point,0.7973955137346138,1808.9184260319166,,,独立计算 DEM 遮挡、自由空间损耗与双向预算
T019,投送,7093.784183886789,7112.875092977698,中继,R007,1246,PASS,exact_point,0.7973955137346138,1808.9184260319166,,,独立计算 DEM 遮挡、自由空间损耗与双向预算
T019,投送,7112.875092977698,7131.966002068607,中继,R007,1247,PASS,exact_point,0.7973955137346138,1808.9184260319166,,,独立计算 DEM 遮挡、自由空间损耗与双向预算
T019,投送,7131.966002068607,7151.056911159516,中继,R007,1248,PASS,exact_point,0.7973955137346138,1808.9184260319166,,,独立计算 DEM 遮挡、自由空间损耗与双向预算
T019,投送,7151.056911159516,7170.147820250426,中继,R007,1249,PASS,exact_point,0.7973955137346138,1808.9184260319166,,,独立计算 DEM 遮挡、自由空间损耗与双向预算
T019,爬升,7170.147820250426,7187.149375629657,中继,R007,1250,PASS,worst_obstruction_endpoint_distance,0.7973955137346138,1808.9184260319166,True,,端点最大距离且全时段按遮挡计损仍满足双向预算
T019,爬升,7187.149375629657,7204.1509310088895,中继,R007,1251,PASS,worst_obstruction_endpoint_distance,0.8218421697135057,1803.8343373937878,True,,端点最大距离且全时段按遮挡计损仍满足双向预算
T019,巡航,7204.1509310088895,7224.099362240314,中继,R007,1252,PASS,worst_obstruction_endpoint_distance,0.8394489047696396,1800.181577902523,True,,端点最大距离且全时段按遮挡计损仍满足双向预算
T019,巡航,7224.099362240314,7244.047793471739,中继,R007,1253,PASS,worst_obstruction_endpoint_distance,2.238018545490135,1532.4553547674145,True,,端点最大距离且全时段按遮挡计损仍满足双向预算
T019,巡航,7244.047793471739,7263.9962247031635,中继,R007,1254,PASS,worst_obstruction_endpoint_distance,3.809912144193447,1278.77209625438,True,,端点最大距离且全时段按遮挡计损仍满足双向预算
T019,巡航,7263.9962247031635,7283.944655934589,中继,R007,1255,PASS,worst_obstruction_endpoint_distance,5.527232666505114,1049.3663291862797,True,,端点最大距离且全时段按遮挡计损仍满足双向预算
T019,巡航,7283.944655934589,7303.893087166014,中继,R007,1256,PASS,worst_obstruction_endpoint_distance,7.2174888770571215,863.8022171589038,True,,端点最大距离且全时段按遮挡计损仍满足双向预算
T019,巡航,7303.893087166014,7323.841518397438,中继,R007,1257,PASS,worst_obstruction_endpoint_distance,8.361635307260357,757.1937018024331,True,,端点最大距离且全时段按遮挡计损仍满足双向预算
T019,巡航,7323.841518397438,7343.789949628863,中继,R007,1258,PASS,worst_obstruction_endpoint_distance,7.163167460360086,869.2213505149701,True,,端点最大距离且全时段按遮挡计损仍满足双向预算
T019,巡航,7343.789949628863,7363.738380860288,中继,R007,1259,PASS,worst_obstruction_endpoint_distance,5.465934903575743,1056.7980739955074,True,,端点最大距离且全时段按遮挡计损仍满足双向预算
T019,巡航,7363.738380860288,7383.686812091713,中继,R006,1260,PASS,worst_obstruction_endpoint_distance,0.3348299206298293,1907.8633366231968,True,,端点最大距离且全时段按遮挡计损仍满足双向预算
T019,巡航,7383.686812091713,7403.635243323138,中继,R006,1261,PASS,worst_obstruction_endpoint_distance,1.3491856219107774,1697.5769794053315,True,,端点最大距离且全时段按遮挡计损仍满足双向预算
T019,巡航,7403.635243323138,7423.583674554563,中继,R006,1262,PASS,worst_obstruction_endpoint_distance,2.323466342154134,1517.4536729833121,True,,端点最大距离且全时段按遮挡计损仍满足双向预算
T019,巡航,7423.583674554563,7443.532105785987,中继,R006,1263,PASS,worst_obstruction_endpoint_distance,3.152216567478817,1379.360959706343,True,,端点最大距离且全时段按遮挡计损仍满足双向预算
T019,巡航,7443.532105785987,7463.480537017413,中继,R006,1264,PASS,worst_obstruction_endpoint_distance,3.6883399634194802,1296.7962922298093,True,,端点最大距离且全时段按遮挡计损仍满足双向预算
T019,巡航,7463.480537017413,7483.428968248838,中继,R006,1265,PASS,worst_obstruction_endpoint_distance,3.44893160150383,1333.0369210576005,True,,端点最大距离且全时段按遮挡计损仍满足双向预算
T019,巡航,7483.428968248838,7503.377399480262,直连,,1266,PASS,worst_obstruction_endpoint_distance,0.1323753731121542,3896.45791298493,True,,端点最大距离且全时段按遮挡计损仍满足双向预算
T019,巡航,7503.377399480262,7523.325830711688,直连,,1267,PASS,worst_obstruction_endpoint_distance,0.8250994230448754,3597.773239354705,True,,端点最大距离且全时段按遮挡计损仍满足双向预算
T019,巡航,7523.325830711688,7543.274261943112,直连,,1268,PASS,worst_obstruction_endpoint_distance,1.5776371600474448,3299.186756586918,True,,端点最大距离且全时段按遮挡计损仍满足双向预算
T019,巡航,7543.274261943112,7563.222693174537,直连,,1269,PASS,worst_obstruction_endpoint_distance,2.401243199064254,3000.7277761782934,True,,端点最大距离且全时段按遮挡计损仍满足双向预算
T019,巡航,7563.222693174537,7583.1711244059625,直连,,1270,PASS,worst_obstruction_endpoint_distance,3.3106586402651743,2702.4385427766797,True,,端点最大距离且全时段按遮挡计损仍满足双向预算
T019,巡航,7583.1711244059625,7603.119555637387,直连,,1271,PASS,worst_obstruction_endpoint_distance,4.325704959757758,2404.3822339864455,True,,端点最大距离且全时段按遮挡计损仍满足双向预算
T019,巡航,7603.119555637387,7623.067986868811,直连,,1272,PASS,worst_obstruction_endpoint_distance,5.473895595477202,2106.657716764186,True,,端点最大距离且全时段按遮挡计损仍满足双向预算
T019,巡航,7623.067986868811,7643.0164181002365,直连,,1273,PASS,worst_obstruction_endpoint_distance,6.794945300204006,1809.428778084995,True,,端点最大距离且全时段按遮挡计损仍满足双向预算
T019,巡航,7643.0164181002365,7662.964849331662,直连,,1274,PASS,worst_obstruction_endpoint_distance,8.349068263577223,1512.9875178566108,True,,端点最大距离且全时段按遮挡计损仍满足双向预算
T019,巡航,7662.964849331662,7682.913280563086,直连,,1275,PASS,worst_obstruction_endpoint_distance,10.233476665807785,1217.9092389358796,True,,端点最大距离且全时段按遮挡计损仍满足双向预算
T019,巡航,7682.913280563086,7702.861711794511,直连,,1276,PASS,worst_obstruction_endpoint_distance,12.618260351929706,925.4985457841007,True,,端点最大距离且全时段按遮挡计损仍满足双向预算
T019,巡航,7702.861711794511,7722.810143025936,直连,,1277,PASS,worst_obstruction_endpoint_distance,15.829974101692486,639.4256493755012,True,,端点最大距离且全时段按遮挡计损仍满足双向预算
T019,巡航,7722.810143025936,7742.758574257361,直连,,1278,PASS,worst_obstruction_endpoint_distance,20.476569260061567,374.5073067081198,True,,端点最大距离且全时段按遮挡计损仍满足双向预算
T019,下降,7742.758574257361,7762.375320839392,直连,,1279,PASS,worst_obstruction_endpoint_distance,24.894047506859238,225.20933227539103,True,,端点最大距离且全时段按遮挡计损仍满足双向预算
T019,下降,7762.375320839392,7781.992067421424,直连,,1280,PASS,worst_obstruction_endpoint_distance,27.0272610251467,176.16746582031374,True,,端点最大距离且全时段按遮挡计损仍满足双向预算
T019,下降,7781.992067421424,7801.608814003455,直连,,1281,PASS,worst_obstruction_endpoint_distance,29.86111489526982,127.12559936523417,True,,端点最大距离且全时段按遮挡计损仍满足双向预算
T019,下降,7801.608814003455,7821.225560585486,直连,,1282,PASS,worst_obstruction_endpoint_distance,34.09456382066654,78.0837329101546,True,,端点最大距离且全时段按遮挡计损仍满足双向预算
T019,下降,7821.225560585486,7840.842307167517,直连,,1283,PASS,worst_obstruction_endpoint_distance,42.68528468478472,29.041866455077297,True,,端点最大距离且全时段按遮挡计损仍满足双向预算
T020,爬升,8426.0,8445.293517252605,直连,,1284,PASS,worst_obstruction_endpoint_distance,42.93039059934205,28.23379313151247,True,,端点最大距离且全时段按遮挡计损仍满足双向预算
T020,爬升,8445.293517252605,8464.587034505208,直连,,1285,PASS,worst_obstruction_endpoint_distance,34.276227532041716,76.4675862630204,True,,端点最大距离且全时段按遮挡计损仍满足双向预算
T020,爬升,8464.587034505208,8483.880551757813,直连,,1286,PASS,worst_obstruction_endpoint_distance,30.02835001598521,124.70137939453286,True,,端点最大距离且全时段按遮挡计损仍满足双向预算
T020,爬升,8483.880551757813,8503.174069010416,直连,,1287,PASS,worst_obstruction_endpoint_distance,27.18810853562924,172.9351725260408,True,,端点最大距离且全时段按遮挡计损仍满足双向预算
T020,爬升,8503.174069010416,8522.467586263021,直连,,1288,PASS,worst_obstruction_endpoint_distance,25.05129142823644,221.16896565755326,True,,端点最大距离且全时段按遮挡计损仍满足双向预算
T020,爬升,8522.467586263021,8541.761103515624,直连,,1289,PASS,worst_obstruction_endpoint_distance,23.337734390683977,269.4027587890611,True,,端点最大距离且全时段按遮挡计损仍满足双向预算
T020,爬升,8541.761103515624,8561.05462076823,直连,,1290,PASS,worst_obstruction_endpoint_distance,21.907165707290872,317.6365519205736,True,,端点最大距离且全时段按遮挡计损仍满足双向预算
T020,爬升,8561.05462076823,8580.348138020834,直连,,1291,PASS,worst_obstruction_endpoint_distance,20.67923096631543,365.87034505208607,True,,端点最大距离且全时段按遮挡计损仍满足双向预算
T020,爬升,8580.348138020834,8599.641655273437,直连,,1292,PASS,worst_obstruction_endpoint_distance,19.603583756332725,414.104138183594,True,,端点最大距离且全时段按遮挡计损仍满足双向预算
T020,巡航,8599.641655273437,8619.010529185574,直连,,1293,PASS,worst_obstruction_endpoint_distance,17.86521275478823,505.85741518854684,True,,端点最大距离且全时段按遮挡计损仍满足双向预算
T020,巡航,8619.010529185574,8638.37940309771,直连,,1294,PASS,worst_obstruction_endpoint_distance,14.877571997569547,713.5265841036068,True,,端点最大距离且全时段按遮挡计损仍满足双向预算
T020,巡航,8638.37940309771,8657.748277009847,直连,,1295,PASS,worst_obstruction_endpoint_distance,12.255496498365815,964.9702702284851,True,,端点最大距离且全时段按遮挡计损仍满足双向预算
T020,巡航,8657.748277009847,8677.117150921982,直连,,1296,PASS,worst_obstruction_endpoint_distance,10.121531530871934,1233.707434162586,True,,端点最大距离且全时段按遮挡计损仍满足双向预算
T020,巡航,8677.117150921982,8696.486024834117,直连,,1297,PASS,worst_obstruction_endpoint_distance,8.363152781545892,1510.5361360364743,True,,端点最大距离且全时段按遮挡计损仍满足双向预算
T020,巡航,8696.486024834117,8715.854898746255,直连,,1298,PASS,worst_obstruction_endpoint_distance,6.88042209365949,1791.7097359553002,True,,端点最大距离且全时段按遮挡计损仍满足双向预算
T020,巡航,8715.854898746255,8735.22377265839,直连,,1299,PASS,worst_obstruction_endpoint_distance,5.6034748051165195,2075.4631078491716,True,,端点最大距离且全时段按遮挡计损仍满足双向预算
T020,巡航,8735.22377265839,8754.592646570527,直连,,1300,PASS,worst_obstruction_endpoint_distance,4.484347514560369,2360.8662437016196,True,,端点最大距离且全时段按遮挡计损仍满足双向预算
T020,巡航,8754.592646570527,8773.961520482662,直连,,1301,PASS,worst_obstruction_endpoint_distance,3.489431003683208,2647.3856356294796,True,,端点最大距离且全时段按遮挡计损仍满足双向预算
T020,巡航,8773.961520482662,8793.3303943948,直连,,1302,PASS,worst_obstruction_endpoint_distance,2.5945176302470827,2934.6943556878236,True,,端点最大距离且全时段按遮挡计损仍满足双向预算
T020,巡航,8793.3303943948,8812.699268306935,直连,,1303,PASS,worst_obstruction_endpoint_distance,1.7816975303945526,3222.5812935216322,True,,端点最大距离且全时段按遮挡计损仍满足双向预算
T020,巡航,8812.699268306935,8832.068142219072,直连,,1304,PASS,worst_obstruction_endpoint_distance,1.0373955454072217,3510.9042140003926,True,,端点最大距离且全时段按遮挡计损仍满足双向预算
T020,巡航,8832.068142219072,8851.437016131207,直连,,1305,PASS,worst_obstruction_endpoint_distance,0.3511001857511502,3799.563867195433,True,,端点最大距离且全时段按遮挡计损仍满足双向预算
T020,巡航,8851.437016131207,8870.805890043343,中继,R008,1306,PASS,worst_obstruction_endpoint_distance,0.9845112323786225,1770.3665557193347,True,,端点最大距离且全时段按遮挡计损仍满足双向预算
T020,巡航,8870.805890043343,8890.17476395548,中继,R008,1307,PASS,worst_obstruction_endpoint_distance,2.5205068448939016,1483.4175612415986,True,,端点最大距离且全时段按遮挡计损仍满足双向预算
T020,巡航,8890.17476395548,8909.543637867615,中继,R008,1308,PASS,worst_obstruction_endpoint_distance,4.375209083256834,1198.197210341921,True,,端点最大距离且全时段按遮挡计损仍满足双向预算
T020,巡航,8909.543637867615,8928.912511779752,中继,R008,1309,PASS,worst_obstruction_endpoint_distance,6.704821087598461,916.3211354232054,True,,端点最大距离且全时段按遮挡计损仍满足双向预算
T020,巡航,8928.912511779752,8948.281385691887,中继,R008,1310,PASS,worst_obstruction_endpoint_distance,9.792259352295744,642.2081174014426,True,,端点最大距离且全时段按遮挡计损仍满足双向预算
T020,巡航,8948.281385691887,8967.650259604025,中继,R008,1311,PASS,worst_obstruction_endpoint_distance,14.069522297381894,392.475583151711,True,,端点最大距离且全时段按遮挡计损仍满足双向预算
T020,巡航,8967.650259604025,8987.01913351616,中继,R008,1312,PASS,worst_obstruction_endpoint_distance,14.37103699044114,379.0852693535973,True,,端点最大距离且全时段按遮挡计损仍满足双向预算
T020,巡航,8987.01913351616,9006.388007428297,中继,R008,1313,PASS,worst_obstruction_endpoint_distance,10.015481333897569,625.9140373865876,True,,端点最大距离且全时段按遮挡计损仍满足双向预算
T020,巡航,9006.388007428297,9025.756881340432,中继,R008,1314,PASS,worst_obstruction_endpoint_distance,6.868168733638754,899.24974141508,True,,端点最大距离且全时段按遮挡计损仍满足双向预算
T020,巡航,9025.756881340432,9045.125755252568,中继,R008,1315,PASS,worst_obstruction_endpoint_distance,4.502054703899418,1180.826315405272,True,,端点最大距离且全时段按遮挡计损仍满足双向预算
T020,巡航,9045.125755252568,9064.494629164705,中继,R008,1316,PASS,worst_obstruction_endpoint_distance,2.623672825457575,1465.902606366813,True,,端点最大距离且全时段按遮挡计损仍满足双向预算
T020,巡航,9064.494629164705,9083.86350307684,中继,R008,1317,PASS,worst_obstruction_endpoint_distance,1.0712674676761509,1752.7718305681353,True,,端点最大距离且全时段按遮挡计损仍满足双向预算
T020,下降,9083.86350307684,9102.472181258807,中继,R008,1318,PASS,worst_obstruction_endpoint_distance,1.0712674676761509,1752.7718305681353,True,,端点最大距离且全时段按遮挡计损仍满足双向预算
T020,下降,9102.472181258807,9121.080859440774,中继,R008,1319,PASS,worst_obstruction_endpoint_distance,1.0785113452195105,1751.3106594017013,True,,端点最大距离且全时段按遮挡计损仍满足双向预算
T020,下降,9121.080859440774,9139.68953762274,中继,R008,1320,PASS,worst_obstruction_endpoint_distance,1.0812441152334031,1750.759745603046,True,,端点最大距离且全时段按遮挡计损仍满足双向预算
T020,下降,9139.68953762274,9158.298215804705,中继,R008,1321,PASS,worst_obstruction_endpoint_distance,1.0767256110411552,1751.670748803328,True,,端点最大距离且全时段按遮挡计损仍满足双向预算
T020,下降,9158.298215804705,9176.906893986672,中继,R008,1322,PASS,worst_obstruction_endpoint_distance,1.0682966095587574,1753.3714383529295,True,,端点最大距离且全时段按遮挡计损仍满足双向预算
T020,下降,9176.906893986672,9195.515572168639,中继,R008,1323,PASS,worst_obstruction_endpoint_distance,1.0559798351574585,1755.8595196313033,True,,端点最大距离且全时段按遮挡计损仍满足双向预算
T020,投送,9195.515572168639,9215.315572168638,中继,R008,1324,PASS,exact_point,11.055979835157459,1755.8595196313033,,,独立计算 DEM 遮挡、自由空间损耗与双向预算
T020,投送,9215.315572168638,9235.115572168637,中继,R008,1325,PASS,exact_point,11.055979835157459,1755.8595196313033,,,独立计算 DEM 遮挡、自由空间损耗与双向预算
T020,投送,9235.115572168637,9254.915572168638,中继,R008,1326,PASS,exact_point,11.055979835157459,1755.8595196313033,,,独立计算 DEM 遮挡、自由空间损耗与双向预算
T020,投送,9254.915572168638,9274.715572168638,中继,R008,1327,PASS,exact_point,11.055979835157459,1755.8595196313033,,,独立计算 DEM 遮挡、自由空间损耗与双向预算
T020,投送,9274.715572168638,9294.515572168639,中继,R008,1328,PASS,exact_point,11.055979835157459,1755.8595196313033,,,独立计算 DEM 遮挡、自由空间损耗与双向预算
T020,投送,9294.515572168639,9314.315572168638,中继,R008,1329,PASS,exact_point,11.055979835157459,1755.8595196313033,,,独立计算 DEM 遮挡、自由空间损耗与双向预算
T020,投送,9314.315572168638,9334.115572168637,中继,R008,1330,PASS,exact_point,11.055979835157459,1755.8595196313033,,,独立计算 DEM 遮挡、自由空间损耗与双向预算
T020,投送,9334.115572168637,9353.915572168638,中继,R008,1331,PASS,exact_point,11.055979835157459,1755.8595196313033,,,独立计算 DEM 遮挡、自由空间损耗与双向预算
T020,投送,9353.915572168638,9373.715572168638,中继,R008,1332,PASS,exact_point,11.055979835157459,1755.8595196313033,,,独立计算 DEM 遮挡、自由空间损耗与双向预算
T020,投送,9373.715572168638,9393.515572168639,中继,R008,1333,PASS,exact_point,11.055979835157459,1755.8595196313033,,,独立计算 DEM 遮挡、自由空间损耗与双向预算
T020,投送,9393.515572168639,9413.315572168638,中继,R008,1334,PASS,exact_point,11.055979835157459,1755.8595196313033,,,独立计算 DEM 遮挡、自由空间损耗与双向预算
T020,投送,9413.315572168638,9433.115572168637,中继,R008,1335,PASS,exact_point,11.055979835157459,1755.8595196313033,,,独立计算 DEM 遮挡、自由空间损耗与双向预算
T020,投送,9433.115572168637,9452.915572168638,中继,R008,1336,PASS,exact_point,11.055979835157459,1755.8595196313033,,,独立计算 DEM 遮挡、自由空间损耗与双向预算
T020,投送,9452.915572168638,9472.715572168638,中继,R008,1337,PASS,exact_point,11.055979835157459,1755.8595196313033,,,独立计算 DEM 遮挡、自由空间损耗与双向预算
T020,投送,9472.715572168638,9492.515572168639,中继,R008,1338,PASS,exact_point,11.055979835157459,1755.8595196313033,,,独立计算 DEM 遮挡、自由空间损耗与双向预算
T020,投送,9492.515572168639,9512.315572168638,中继,R008,1339,PASS,exact_point,11.055979835157459,1755.8595196313033,,,独立计算 DEM 遮挡、自由空间损耗与双向预算
T020,投送,9512.315572168638,9532.115572168637,中继,R008,1340,PASS,exact_point,11.055979835157459,1755.8595196313033,,,独立计算 DEM 遮挡、自由空间损耗与双向预算
T020,投送,9532.115572168637,9551.915572168638,中继,R008,1341,PASS,exact_point,11.055979835157459,1755.8595196313033,,,独立计算 DEM 遮挡、自由空间损耗与双向预算
T020,投送,9551.915572168638,9571.715572168638,中继,R008,1342,PASS,exact_point,11.055979835157459,1755.8595196313033,,,独立计算 DEM 遮挡、自由空间损耗与双向预算
T020,投送,9571.715572168638,9591.515572168639,中继,R008,1343,PASS,exact_point,11.055979835157459,1755.8595196313033,,,独立计算 DEM 遮挡、自由空间损耗与双向预算
T020,爬升,9591.515572168639,9609.379903223326,中继,R008,1344,PASS,worst_obstruction_endpoint_distance,1.0559798351574585,1755.8595196313033,True,,端点最大距离且全时段按遮挡计损仍满足双向预算
T020,爬升,9609.379903223326,9627.244234278012,中继,R008,1345,PASS,worst_obstruction_endpoint_distance,1.070294308703211,1752.9682204905328,True,,端点最大距离且全时段按遮挡计损仍满足双向预算
T020,爬升,9627.244234278012,9645.1085653327,中继,R008,1346,PASS,worst_obstruction_endpoint_distance,1.0790031937744118,1751.2114922161777,True,,端点最大距离且全时段按遮挡计损仍满足双向预算
T020,爬升,9645.1085653327,9662.972896387388,中继,R008,1347,PASS,worst_obstruction_endpoint_distance,1.079490722717381,1751.1132014983282,True,,端点最大距离且全时段按遮挡计损仍满足双向预算
T020,爬升,9662.972896387388,9680.837227442076,中继,R008,1348,PASS,worst_obstruction_endpoint_distance,1.0712674676761509,1752.7718305681353,True,,端点最大距离且全时段按遮挡计损仍满足双向预算
T020,巡航,9680.837227442076,9700.206101354212,中继,R008,1349,PASS,worst_obstruction_endpoint_distance,1.0712674676761509,1752.7718305681353,True,,端点最大距离且全时段按遮挡计损仍满足双向预算
T020,巡航,9700.206101354212,9719.574975266347,中继,R008,1350,PASS,worst_obstruction_endpoint_distance,2.623672825457902,1465.9026063667584,True,,端点最大距离且全时段按遮挡计损仍满足双向预算
T020,巡航,9719.574975266347,9738.943849178484,中继,R008,1351,PASS,worst_obstruction_endpoint_distance,4.502054703899418,1180.826315405272,True,,端点最大距离且全时段按遮挡计损仍满足双向预算
T020,巡航,9738.943849178484,9758.31272309062,中继,R008,1352,PASS,worst_obstruction_endpoint_distance,6.868168733638754,899.24974141508,True,,端点最大距离且全时段按遮挡计损仍满足双向预算
T020,巡航,9758.31272309062,9777.681597002756,中继,R008,1353,PASS,worst_obstruction_endpoint_distance,10.015481333897569,625.9140373865876,True,,端点最大距离且全时段按遮挡计损仍满足双向预算
T020,巡航,9777.681597002756,9797.050470914892,中继,R008,1354,PASS,worst_obstruction_endpoint_distance,14.37103699044114,379.0852693535973,True,,端点最大距离且全时段按遮挡计损仍满足双向预算
T020,巡航,9797.050470914892,9816.419344827029,中继,R008,1355,PASS,worst_obstruction_endpoint_distance,14.069522297381894,392.475583151711,True,,端点最大距离且全时段按遮挡计损仍满足双向预算
T020,巡航,9816.419344827029,9835.788218739164,中继,R008,1356,PASS,worst_obstruction_endpoint_distance,9.792259352295744,642.2081174014426,True,,端点最大距离且全时段按遮挡计损仍满足双向预算
T020,巡航,9835.788218739164,9855.157092651301,中继,R008,1357,PASS,worst_obstruction_endpoint_distance,6.704821087598461,916.3211354232054,True,,端点最大距离且全时段按遮挡计损仍满足双向预算
T020,巡航,9855.157092651301,9874.525966563437,中继,R008,1358,PASS,worst_obstruction_endpoint_distance,4.375209083256834,1198.197210341921,True,,端点最大距离且全时段按遮挡计损仍满足双向预算
T020,巡航,9874.525966563437,9893.894840475572,中继,R008,1359,PASS,worst_obstruction_endpoint_distance,2.5205068448941716,1483.4175612415534,True,,端点最大距离且全时段按遮挡计损仍满足双向预算
T020,巡航,9893.894840475572,9913.26371438771,中继,R008,1360,PASS,worst_obstruction_endpoint_distance,0.9845112323786225,1770.3665557193347,True,,端点最大距离且全时段按遮挡计损仍满足双向预算
T020,巡航,9913.26371438771,9932.632588299844,直连,,1361,PASS,worst_obstruction_endpoint_distance,0.3511001857511502,3799.563867195433,True,,端点最大距离且全时段按遮挡计损仍满足双向预算
T020,巡航,9932.632588299844,9952.001462211982,直连,,1362,PASS,worst_obstruction_endpoint_distance,1.0373955454072217,3510.9042140003926,True,,端点最大距离且全时段按遮挡计损仍满足双向预算
T020,巡航,9952.001462211982,9971.370336124117,直连,,1363,PASS,worst_obstruction_endpoint_distance,1.7816975303945526,3222.5812935216322,True,,端点最大距离且全时段按遮挡计损仍满足双向预算
T020,巡航,9971.370336124117,9990.739210036254,直连,,1364,PASS,worst_obstruction_endpoint_distance,2.5945176302470827,2934.6943556878236,True,,端点最大距离且全时段按遮挡计损仍满足双向预算
T020,巡航,9990.739210036254,10010.10808394839,直连,,1365,PASS,worst_obstruction_endpoint_distance,3.489431003683208,2647.3856356294796,True,,端点最大距离且全时段按遮挡计损仍满足双向预算
T020,巡航,10010.10808394839,10029.476957860526,直连,,1366,PASS,worst_obstruction_endpoint_distance,4.484347514560369,2360.8662437016196,True,,端点最大距离且全时段按遮挡计损仍满足双向预算
T020,巡航,10029.476957860526,10048.845831772662,直连,,1367,PASS,worst_obstruction_endpoint_distance,5.6034748051165195,2075.4631078491716,True,,端点最大距离且全时段按遮挡计损仍满足双向预算
T020,巡航,10048.845831772662,10068.214705684797,直连,,1368,PASS,worst_obstruction_endpoint_distance,6.88042209365949,1791.7097359553002,True,,端点最大距离且全时段按遮挡计损仍满足双向预算
T020,巡航,10068.214705684797,10087.583579596934,直连,,1369,PASS,worst_obstruction_endpoint_distance,8.363152781545608,1510.536136036523,True,,端点最大距离且全时段按遮挡计损仍满足双向预算
T020,巡航,10087.583579596934,10106.952453509071,直连,,1370,PASS,worst_obstruction_endpoint_distance,10.121531530871934,1233.707434162586,True,,端点最大距离且全时段按遮挡计损仍满足双向预算
T020,巡航,10106.952453509071,10126.321327421207,直连,,1371,PASS,worst_obstruction_endpoint_distance,12.255496498365815,964.9702702284851,True,,端点最大距离且全时段按遮挡计损仍满足双向预算
T020,巡航,10126.321327421207,10145.690201333342,直连,,1372,PASS,worst_obstruction_endpoint_distance,14.877571997569547,713.5265841036068,True,,端点最大距离且全时段按遮挡计损仍满足双向预算
T020,巡航,10145.690201333342,10165.05907524548,直连,,1373,PASS,worst_obstruction_endpoint_distance,17.86521275478823,505.85741518854684,True,,端点最大距离且全时段按遮挡计损仍满足双向预算
T020,下降,10165.05907524548,10184.791081526551,直连,,1374,PASS,worst_obstruction_endpoint_distance,19.603583756332725,414.104138183594,True,,端点最大距离且全时段按遮挡计损仍满足双向预算
T020,下降,10184.791081526551,10204.523087807624,直连,,1375,PASS,worst_obstruction_endpoint_distance,20.473489357801128,374.6401256214494,True,,端点最大距离且全时段按遮挡计损仍满足双向预算
T020,下降,10204.523087807624,10224.255094088696,直连,,1376,PASS,worst_obstruction_endpoint_distance,21.440313960408872,335.17611305930484,True,,端点最大距离且全时段按遮挡计损仍满足双向预算
T020,下降,10224.255094088696,10243.987100369768,直连,,1377,PASS,worst_obstruction_endpoint_distance,22.52839324260279,295.7121004971603,True,,端点最大距离且全时段按遮挡计损仍满足双向预算
T020,下降,10243.987100369768,10263.71910665084,直连,,1378,PASS,worst_obstruction_endpoint_distance,23.772562496383955,256.2480879350157,True,,端点最大距离且全时段按遮挡计损仍满足双向预算
T020,下降,10263.71910665084,10283.451112931914,直连,,1379,PASS,worst_obstruction_endpoint_distance,25.225227637195587,216.7840753728711,True,,端点最大距离且全时段按遮挡计损仍满足双向预算
T020,下降,10283.451112931914,10303.183119212987,直连,,1380,PASS,worst_obstruction_endpoint_distance,26.970617636485485,177.32006281072285,True,,端点最大距离且全时段按遮挡计损仍满足双向预算
T020,下降,10303.183119212987,10322.915125494059,直连,,1381,PASS,worst_obstruction_endpoint_distance,29.157258540840516,137.8560502485783,True,,端点最大距离且全时段按遮挡计损仍满足双向预算
T020,下降,10322.915125494059,10342.647131775131,直连,,1382,PASS,worst_obstruction_endpoint_distance,32.08657606884003,98.39203768643375,True,,端点最大距离且全时段按遮挡计损仍满足双向预算
T020,下降,10342.647131775131,10362.379138056203,直连,,1383,PASS,worst_obstruction_endpoint_distance,36.5393374322733,58.92802512428915,True,,端点最大距离且全时段按遮挡计损仍满足双向预算
T020,下降,10362.379138056203,10382.111144337276,直连,,1384,PASS,worst_obstruction_endpoint_distance,45.92517525248826,20.0,True,,端点最大距离且全时段按遮挡计损仍满足双向预算
T021,爬升,8452.0,8471.213658752442,直连,,1385,PASS,worst_obstruction_endpoint_distance,42.99202827701062,28.034146881104675,True,,端点最大距离且全时段按遮挡计损仍满足双向预算
T021,爬升,8471.213658752442,8490.427317504882,直连,,1386,PASS,worst_obstruction_endpoint_distance,34.32170166595205,76.06829376220475,True,,端点最大距离且全时段按遮挡计损仍满足双向预算
T021,爬升,8490.427317504882,8509.640976257324,直连,,1387,PASS,worst_obstruction_endpoint_distance,30.070168714278594,124.10244064330936,True,,端点最大距离且全时段按遮挡计损仍满足双向预算
T021,爬升,8509.640976257324,8528.854635009766,直连,,1388,PASS,worst_obstruction_endpoint_distance,27.228311382556527,172.13658752441404,True,,端点最大距离且全时段按遮挡计损仍满足双向预算
T021,爬升,8528.854635009766,8548.068293762208,直连,,1389,PASS,worst_obstruction_endpoint_distance,25.09058334452179,220.17073440551866,True,,端点最大距离且全时段按遮挡计损仍满足双向预算
T021,爬升,8548.068293762208,8567.281952514648,直连,,1390,PASS,worst_obstruction_endpoint_distance,23.376441612193645,268.20488128661873,True,,端点最大距离且全时段按遮挡计损仍满足双向预算
T021,爬升,8567.281952514648,8586.49561126709,直连,,1391,PASS,worst_obstruction_endpoint_distance,21.94546583158437,316.23902816772335,True,,端点最大距离且全时段按遮挡计损仍满足双向预算
T021,爬升,8586.49561126709,8605.709270019532,直连,,1392,PASS,worst_obstruction_endpoint_distance,20.717231343301734,364.273175048828,True,,端点最大距离且全时段按遮挡计损仍满足双向预算
T021,巡航,8605.709270019532,8624.603136667918,直连,,1393,PASS,worst_obstruction_endpoint_distance,18.661672477929415,461.5355244926001,True,,端点最大距离且全时段按遮挡计损仍满足双向预算
T021,巡航,8624.603136667918,8643.497003316303,直连,,1394,PASS,worst_obstruction_endpoint_distance,15.375452699935096,673.7769091431159,True,,端点最大距离且全时段按遮挡计损仍满足双向预算
T021,巡航,8643.497003316303,8662.390869964689,直连,,1395,PASS,worst_obstruction_endpoint_distance,12.623190271631984,924.9734022323017,True,,端点最大距离且全时段按遮挡计损仍满足双向预算
T021,巡航,8662.390869964689,8681.284736613075,直连,,1396,PASS,worst_obstruction_endpoint_distance,10.429575041650054,1190.7209811695823,True,,端点最大距离且全时段按遮挡计损仍满足双向预算
T021,巡航,8681.284736613075,8700.178603261462,直连,,1397,PASS,worst_obstruction_endpoint_distance,8.640222545108585,1463.112197944657,True,,端点最大距离且全时段按遮挡计损仍满足双向预算
T021,巡航,8700.178603261462,8719.072469909848,直连,,1398,PASS,worst_obstruction_endpoint_distance,7.139643736160679,1739.027987459995,True,,端点最大距离且全时段按遮挡计损仍满足双向预算
T021,巡航,8719.072469909848,8737.966336558235,直连,,1399,PASS,worst_obstruction_endpoint_distance,5.851560521092864,2017.0224508369258,True,,端点最大距离且全时段按遮挡计损仍满足双向预算
T021,巡航,8737.966336558235,8756.860203206621,直连,,1400,PASS,worst_obstruction_endpoint_distance,4.725048394891331,2296.3407808532197,True,,端点最大距离且全时段按遮挡计损仍满足双向预算
T021,巡航,8756.860203206621,8775.754069855006,直连,,1401,PASS,worst_obstruction_endpoint_distance,3.7249953747456317,2576.552461149355,True,,端点最大距离且全时段按遮挡计损仍满足双向预算
T021,巡航,8775.754069855006,8794.647936503392,直连,,1402,PASS,worst_obstruction_endpoint_distance,2.8263705191290995,2857.394683434026,True,,端点最大距离且全时段按遮挡计损仍满足双向预算
T021,巡航,8794.647936503392,8813.541803151778,直连,,1403,PASS,worst_obstruction_endpoint_distance,2.010784013786548,3138.6981946975716,True,,端点最大距离且全时段按遮挡计损仍满足双向预算
T021,巡航,8813.541803151778,8832.435669800165,直连,,1404,PASS,worst_obstruction_endpoint_distance,1.2643662606990915,3420.3491819541655,True,,端点最大距离且全时段按遮挡计损仍满足双向预算
T021,巡航,8832.435669800165,8851.329536448551,直连,,1405,PASS,worst_obstruction_endpoint_distance,0.5764172950555349,3702.2683430850543,True,,端点最大距离且全时段按遮挡计损仍满足双向预算
T021,巡航,8851.329536448551,8870.223403096938,中继,R008,1406,PASS,worst_obstruction_endpoint_distance,0.5970868152485878,1851.1193369976415,True,,端点最大距离且全时段按遮挡计损仍满足双向预算
T021,巡航,8870.223403096938,8889.117269745322,中继,R008,1407,PASS,worst_obstruction_endpoint_distance,2.03872686123087,1568.0229513814809,True,,端点最大距离且全时段按遮挡计损仍满足双向预算
T021,巡航,8889.117269745322,8908.011136393709,中继,R008,1408,PASS,worst_obstruction_endpoint_distance,3.76728039508761,1285.0639442954207,True,,端点最大距离且全时段按遮挡计损仍满足双向预算
T021,下降,8908.011136393709,8924.358453898592,中继,R008,1409,PASS,worst_obstruction_endpoint_distance,5.925312180250401,1002.3586655558703,True,,端点最大距离且全时段按遮挡计损仍满足双向预算
T021,下降,8924.358453898592,8940.705771403475,中继,R008,1410,PASS,worst_obstruction_endpoint_distance,5.928065501282532,1002.0409804432402,True,,端点最大距离且全时段按遮挡计损仍满足双向预算
T021,下降,8940.705771403475,8957.053088908358,中继,R008,1411,PASS,worst_obstruction_endpoint_distance,5.915590178121462,1003.4812205513704,True,,端点最大距离且全时段按遮挡计损仍满足双向预算
T021,下降,8957.053088908358,8973.40040641324,中继,R008,1412,PASS,worst_obstruction_endpoint_distance,5.8939662993288096,1005.9825405183379,True,,端点最大距离且全时段按遮挡计损仍满足双向预算
T021,下降,8973.40040641324,8989.747723918123,中继,R008,1413,PASS,worst_obstruction_endpoint_distance,5.863329893920252,1009.5370532937532,True,,端点最大距离且全时段按遮挡计损仍满足双向预算
T021,投送,8989.747723918123,9008.947723918123,中继,R008,1414,PASS,exact_point,15.863329893920252,1009.5370532937532,,,独立计算 DEM 遮挡、自由空间损耗与双向预算
T021,投送,9008.947723918123,9028.147723918124,中继,R008,1415,PASS,exact_point,15.863329893920252,1009.5370532937532,,,独立计算 DEM 遮挡、自由空间损耗与双向预算
T021,投送,9028.147723918124,9047.347723918123,中继,R008,1416,PASS,exact_point,15.863329893920252,1009.5370532937532,,,独立计算 DEM 遮挡、自由空间损耗与双向预算
T021,投送,9047.347723918123,9066.547723918124,中继,R008,1417,PASS,exact_point,15.863329893920252,1009.5370532937532,,,独立计算 DEM 遮挡、自由空间损耗与双向预算
T021,投送,9066.547723918124,9085.747723918123,中继,R008,1418,PASS,exact_point,15.863329893920252,1009.5370532937532,,,独立计算 DEM 遮挡、自由空间损耗与双向预算
T021,投送,9085.747723918123,9104.947723918123,中继,R008,1419,PASS,exact_point,15.863329893920252,1009.5370532937532,,,独立计算 DEM 遮挡、自由空间损耗与双向预算
T021,投送,9104.947723918123,9124.147723918124,中继,R008,1420,PASS,exact_point,15.863329893920252,1009.5370532937532,,,独立计算 DEM 遮挡、自由空间损耗与双向预算
T021,投送,9124.147723918124,9143.347723918123,中继,R008,1421,PASS,exact_point,15.863329893920252,1009.5370532937532,,,独立计算 DEM 遮挡、自由空间损耗与双向预算
T021,投送,9143.347723918123,9162.547723918124,中继,R008,1422,PASS,exact_point,15.863329893920252,1009.5370532937532,,,独立计算 DEM 遮挡、自由空间损耗与双向预算
T021,投送,9162.547723918124,9181.747723918123,中继,R008,1423,PASS,exact_point,15.863329893920252,1009.5370532937532,,,独立计算 DEM 遮挡、自由空间损耗与双向预算
T021,投送,9181.747723918123,9200.947723918123,中继,R008,1424,PASS,exact_point,15.863329893920252,1009.5370532937532,,,独立计算 DEM 遮挡、自由空间损耗与双向预算
T021,投送,9200.947723918123,9220.147723918124,中继,R008,1425,PASS,exact_point,15.863329893920252,1009.5370532937532,,,独立计算 DEM 遮挡、自由空间损耗与双向预算
T021,投送,9220.147723918124,9239.347723918123,中继,R008,1426,PASS,exact_point,15.863329893920252,1009.5370532937532,,,独立计算 DEM 遮挡、自由空间损耗与双向预算
T021,投送,9239.347723918123,9258.547723918124,中继,R008,1427,PASS,exact_point,15.863329893920252,1009.5370532937532,,,独立计算 DEM 遮挡、自由空间损耗与双向预算
T021,投送,9258.547723918124,9277.747723918123,中继,R008,1428,PASS,exact_point,15.863329893920252,1009.5370532937532,,,独立计算 DEM 遮挡、自由空间损耗与双向预算
T021,爬升,9277.747723918123,9294.095041423006,中继,R008,1429,PASS,worst_obstruction_endpoint_distance,5.863329893920252,1009.5370532937532,True,,端点最大距离且全时段按遮挡计损仍满足双向预算
T021,爬升,9294.095041423006,9310.442358927889,中继,R008,1430,PASS,worst_obstruction_endpoint_distance,5.900223455630936,1005.2581100286679,True,,端点最大距离且全时段按遮挡计损仍满足双向预算
T021,爬升,9310.442358927889,9326.789676432772,中继,R008,1431,PASS,worst_obstruction_endpoint_distance,5.9229777164137545,1002.6281007700978,True,,端点最大距离且全时段按遮挡计损仍满足双向预算
T021,爬升,9326.789676432772,9343.136993937655,中继,R008,1432,PASS,worst_obstruction_endpoint_distance,5.925312180250401,1002.3586655558703,True,,端点最大距离且全时段按遮挡计损仍满足双向预算
T021,巡航,9343.136993937655,9362.030860586041,中继,R008,1433,PASS,worst_obstruction_endpoint_distance,3.76728039508761,1285.0639442954207,True,,端点最大距离且全时段按遮挡计损仍满足双向预算
T021,巡航,9362.030860586041,9380.924727234427,中继,R008,1434,PASS,worst_obstruction_endpoint_distance,2.0387268612306,1568.0229513815293,True,,端点最大距离且全时段按遮挡计损仍满足双向预算
T021,巡航,9380.924727234427,9399.818593882814,中继,R008,1435,PASS,worst_obstruction_endpoint_distance,0.5970868152485878,1851.1193369976415,True,,端点最大距离且全时段按遮挡计损仍满足双向预算
T021,巡航,9399.818593882814,9418.712460531198,直连,,1436,PASS,worst_obstruction_endpoint_distance,0.5764172950555349,3702.2683430850543,True,,端点最大距离且全时段按遮挡计损仍满足双向预算
T021,巡航,9418.712460531198,9437.606327179585,直连,,1437,PASS,worst_obstruction_endpoint_distance,1.2643662606990915,3420.3491819541655,True,,端点最大距离且全时段按遮挡计损仍满足双向预算
T021,巡航,9437.606327179585,9456.500193827971,直连,,1438,PASS,worst_obstruction_endpoint_distance,2.010784013786406,3138.698194697621,True,,端点最大距离且全时段按遮挡计损仍满足双向预算
T021,巡航,9456.500193827971,9475.394060476357,直连,,1439,PASS,worst_obstruction_endpoint_distance,2.8263705191290995,2857.394683434026,True,,端点最大距离且全时段按遮挡计损仍满足双向预算
T021,巡航,9475.394060476357,9494.287927124744,直连,,1440,PASS,worst_obstruction_endpoint_distance,3.7249953747456317,2576.552461149355,True,,端点最大距离且全时段按遮挡计损仍满足双向预算
T021,巡航,9494.287927124744,9513.18179377313,直连,,1441,PASS,worst_obstruction_endpoint_distance,4.725048394892241,2296.34078085298,True,,端点最大距离且全时段按遮挡计损仍满足双向预算
T021,巡航,9513.18179377313,9532.075660421517,直连,,1442,PASS,worst_obstruction_endpoint_distance,5.851560521092864,2017.0224508369258,True,,端点最大距离且全时段按遮挡计损仍满足双向预算
T021,巡航,9532.075660421517,9550.969527069901,直连,,1443,PASS,worst_obstruction_endpoint_distance,7.139643736160679,1739.027987459995,True,,端点最大距离且全时段按遮挡计损仍满足双向预算
T021,巡航,9550.969527069901,9569.863393718288,直连,,1444,PASS,worst_obstruction_endpoint_distance,8.640222545108585,1463.112197944657,True,,端点最大距离且全时段按遮挡计损仍满足双向预算
T021,巡航,9569.863393718288,9588.757260366674,直连,,1445,PASS,worst_obstruction_endpoint_distance,10.429575041650054,1190.7209811695823,True,,端点最大距离且全时段按遮挡计损仍满足双向预算
T021,巡航,9588.757260366674,9607.65112701506,直连,,1446,PASS,worst_obstruction_endpoint_distance,12.623190271631984,924.9734022323017,True,,端点最大距离且全时段按遮挡计损仍满足双向预算
T021,巡航,9607.65112701506,9626.544993663447,直连,,1447,PASS,worst_obstruction_endpoint_distance,15.375452699934556,673.7769091431577,True,,端点最大距离且全时段按遮挡计损仍满足双向预算
T021,巡航,9626.544993663447,9645.438860311833,直连,,1448,PASS,worst_obstruction_endpoint_distance,18.661672477929415,461.5355244926001,True,,端点最大距离且全时段按遮挡计损仍满足双向预算
T021,下降,9645.438860311833,9664.652519064273,直连,,1449,PASS,worst_obstruction_endpoint_distance,20.717231343301734,364.273175048828,True,,端点最大距离且全时段按遮挡计损仍满足双向预算
T021,下降,9664.652519064273,9683.866177816715,直连,,1450,PASS,worst_obstruction_endpoint_distance,21.685531081553222,325.8458575439478,True,,端点最大距离且全时段按遮挡计损仍满足双向预算
T021,下降,9683.866177816715,9703.079836569157,直连,,1451,PASS,worst_obstruction_endpoint_distance,22.775479585213574,287.4185400390639,True,,端点最大距离且全时段按遮挡计损仍满足双向预算
T021,下降,9703.079836569157,9722.293495321599,直连,,1452,PASS,worst_obstruction_endpoint_distance,24.022094414388135,248.99122253418,True,,端点最大距离且全时段按遮挡计损仍满足双向预算
T021,下降,9722.293495321599,9741.50715407404,直连,,1453,PASS,worst_obstruction_endpoint_distance,25.47809664075433,210.5639050292961,True,,端点最大距离且全时段按遮挡计损仍满足双向预算
T021,下降,9741.50715407404,9760.720812826481,直连,,1454,PASS,worst_obstruction_endpoint_distance,27.22831138255644,172.1365875244158,True,,端点最大距离且全时段按遮挡计损仍满足双向预算
T021,下降,9760.720812826481,9779.934471578923,直连,,1455,PASS,worst_obstruction_endpoint_distance,29.422544809792385,133.70927001953197,True,,端点最大距离且全时段按遮挡计损仍满足双向预算
T021,下降,9779.934471578923,9799.148130331363,直连,,1456,PASS,worst_obstruction_endpoint_distance,32.36556220348396,95.28195251464803,True,,端点最大距离且全时段按遮挡计损仍满足双向预算
T021,下降,9799.148130331363,9818.361789083805,直连,,1457,PASS,worst_obstruction_endpoint_distance,36.85045764910586,56.85463500976783,True,,端点最大距离且全时段按遮挡计损仍满足双向预算
T021,下降,9818.361789083805,9837.575447836247,直连,,1458,PASS,worst_obstruction_endpoint_distance,45.92517525248826,20.0,True,,端点最大距离且全时段按遮挡计损仍满足双向预算
T022,爬升,8803.0,8821.392101372612,直连,,1459,PASS,worst_obstruction_endpoint_distance,41.02077101907989,35.17630411783688,True,,端点最大距离且全时段按遮挡计损仍满足双向预算
T022,爬升,8821.392101372612,8839.784202745226,直连,,1460,PASS,worst_obstruction_endpoint_distance,32.826961286043996,90.35260823567918,True,,端点最大距离且全时段按遮挡计损仍满足双向预算
T022,爬升,8839.784202745226,8858.176304117838,直连,,1461,PASS,worst_obstruction_endpoint_distance,28.68678949476505,145.52891235351603,True,,端点最大距离且全时段按遮挡计损仍满足双向预算
T022,巡航,8858.176304117838,8877.193466849745,直连,,1462,PASS,worst_obstruction_endpoint_distance,21.836398531290612,320.2350261363581,True,,端点最大距离且全时段按遮挡计损仍满足双向预算
T022,巡航,8877.193466849745,8896.210629581652,直连,,1463,PASS,worst_obstruction_endpoint_distance,16.546663988902537,588.7834023351405,True,,端点最大距离且全时段按遮挡计损仍满足双向预算
T022,巡航,8896.210629581652,8915.22779231356,直连,,1464,PASS,worst_obstruction_endpoint_distance,13.174798895214863,868.0581392014765,True,,端点最大距离且全时段按遮挡计损仍满足双向预算
T022,巡航,8915.22779231356,8934.244955045468,直连,,1465,PASS,worst_obstruction_endpoint_distance,10.729757922473041,1150.2728313183097,True,,端点最大距离且全时段按遮挡计损仍满足双向预算
T022,巡航,8934.244955045468,8953.262117777374,直连,,1466,PASS,worst_obstruction_endpoint_distance,8.816655594821057,1433.6923851274319,True,,端点最大距离且全时段按遮挡计损仍满足双向预算
T022,巡航,8953.262117777374,8972.279280509281,直连,,1467,PASS,worst_obstruction_endpoint_distance,7.246725157142279,1717.7205067016116,True,,端点最大距离且全时段按遮挡计损仍满足双向预算
T022,巡航,8972.279280509281,8991.296443241188,直连,,1468,PASS,worst_obstruction_endpoint_distance,5.916067623284519,2002.0982089747577,True,,端点最大距离且全时段按遮挡计损仍满足双向预算
T022,巡航,8991.296443241188,9010.313605973095,直连,,1469,PASS,worst_obstruction_endpoint_distance,4.761610048728812,2286.6950721260782,True,,端点最大距离且全时段按遮挡计损仍满足双向预算
T022,巡航,9010.313605973095,9029.330768705004,直连,,1470,PASS,worst_obstruction_endpoint_distance,3.7422529026328704,2571.4383295456846,True,,端点最大距离且全时段按遮挡计损仍满足双向预算
T022,巡航,9029.330768705004,9048.34793143691,直连,,1471,PASS,worst_obstruction_endpoint_distance,2.829746817360757,2856.284199392131,True,,端点最大距离且全时段按遮挡计损仍满足双向预算
T022,巡航,9048.34793143691,9067.365094168817,直连,,1472,PASS,worst_obstruction_endpoint_distance,2.003850208797573,3141.204766965233,True,,端点最大距离且全时段按遮挡计损仍满足双向预算
T022,巡航,9067.365094168817,9086.382256900724,直连,,1473,PASS,worst_obstruction_endpoint_distance,1.2495681126698628,3426.1813967707103,True,,端点最大距离且全时段按遮挡计损仍满足双向预算
T022,巡航,9086.382256900724,9105.399419632631,直连,,1474,PASS,worst_obstruction_endpoint_distance,0.5554852276978011,3711.20117407028,True,,端点最大距离且全时段按遮挡计损仍满足双向预算
T022,巡航,9105.399419632631,9124.416582364538,中继,R009,1475,PASS,worst_obstruction_endpoint_distance,3.383597521355128,1343.1016487213733,True,,端点最大距离且全时段按遮挡计损仍满足双向预算
T022,巡航,9124.416582364538,9143.433745096445,中继,R009,1476,PASS,worst_obstruction_endpoint_distance,4.1506121429035545,1229.5838524514456,True,,端点最大距离且全时段按遮挡计损仍满足双向预算
T022,巡航,9143.433745096445,9162.450907828352,中继,R009,1477,PASS,worst_obstruction_endpoint_distance,4.435093195223942,1189.964755289993,True,,端点最大距离且全时段按遮挡计损仍满足双向预算
T022,巡航,9162.450907828352,9181.46807056026,中继,R009,1478,PASS,worst_obstruction_endpoint_distance,3.8715822908103377,1269.7249214082633,True,,端点最大距离且全时段按遮挡计损仍满足双向预算
T022,巡航,9181.46807056026,9200.485233292167,中继,R009,1479,PASS,worst_obstruction_endpoint_distance,2.9986219399854264,1403.96946139346,True,,端点最大距离且全时段按遮挡计损仍满足双向预算
T022,巡航,9200.485233292167,9219.502396024074,中继,R009,1480,PASS,worst_obstruction_endpoint_distance,1.978896038724102,1578.8612150130898,True,,端点最大距离且全时段按遮挡计损仍满足双向预算
T022,巡航,9219.502396024074,9238.519558755981,中继,R009,1481,PASS,worst_obstruction_endpoint_distance,0.9253038754699503,1782.4754806974124,True,,端点最大距离且全时段按遮挡计损仍满足双向预算
T022,下降,9238.519558755981,9251.165341226684,中继,R009,1482,PASS,worst_obstruction_endpoint_distance,0.9242987628482382,1782.6817568926647,True,,端点最大距离且全时段按遮挡计损仍满足双向预算
T022,下降,9251.165341226684,9263.811123697387,中继,R009,1483,PASS,worst_obstruction_endpoint_distance,0.9205636411224134,1783.4485137247634,True,,端点最大距离且全时段按遮挡计损仍满足双向预算
T022,投送,9263.811123697387,9283.811123697387,中继,R009,1484,PASS,exact_point,0.9205636411224134,1783.4485137247634,,,独立计算 DEM 遮挡、自由空间损耗与双向预算
T022,投送,9283.811123697387,9303.811123697387,中继,R009,1485,PASS,exact_point,0.9205636411224134,1783.4485137247634,,,独立计算 DEM 遮挡、自由空间损耗与双向预算
T022,投送,9303.811123697387,9323.811123697387,中继,R009,1486,PASS,exact_point,0.9205636411224134,1783.4485137247634,,,独立计算 DEM 遮挡、自由空间损耗与双向预算
T022,投送,9323.811123697387,9343.811123697387,中继,R009,1487,PASS,exact_point,0.9205636411224134,1783.4485137247634,,,独立计算 DEM 遮挡、自由空间损耗与双向预算
T022,投送,9343.811123697387,9363.811123697387,中继,R009,1488,PASS,exact_point,0.9205636411224134,1783.4485137247634,,,独立计算 DEM 遮挡、自由空间损耗与双向预算
T022,投送,9363.811123697387,9383.811123697387,中继,R009,1489,PASS,exact_point,0.9205636411224134,1783.4485137247634,,,独立计算 DEM 遮挡、自由空间损耗与双向预算
T022,投送,9383.811123697387,9403.811123697387,中继,R009,1490,PASS,exact_point,0.9205636411224134,1783.4485137247634,,,独立计算 DEM 遮挡、自由空间损耗与双向预算
T022,投送,9403.811123697387,9423.811123697387,中继,R009,1491,PASS,exact_point,0.9205636411224134,1783.4485137247634,,,独立计算 DEM 遮挡、自由空间损耗与双向预算
T022,投送,9423.811123697387,9443.811123697387,中继,R009,1492,PASS,exact_point,0.9205636411224134,1783.4485137247634,,,独立计算 DEM 遮挡、自由空间损耗与双向预算
T022,爬升,9443.811123697387,9454.349275756307,中继,R009,1493,PASS,worst_obstruction_endpoint_distance,0.9205636411224134,1783.4485137247634,True,,端点最大距离且全时段按遮挡计损仍满足双向预算
T022,爬升,9454.349275756307,9464.887427815225,中继,R009,1494,PASS,worst_obstruction_endpoint_distance,0.9242987628482382,1782.6817568926647,True,,端点最大距离且全时段按遮挡计损仍满足双向预算
T022,巡航,9464.887427815225,9483.904590547134,中继,R009,1495,PASS,worst_obstruction_endpoint_distance,0.9253038754699503,1782.4754806974124,True,,端点最大距离且全时段按遮挡计损仍满足双向预算
T022,巡航,9483.904590547134,9502.92175327904,中继,R009,1496,PASS,worst_obstruction_endpoint_distance,1.978896038724102,1578.8612150130898,True,,端点最大距离且全时段按遮挡计损仍满足双向预算
T022,巡航,9502.92175327904,9521.938916010948,中继,R009,1497,PASS,worst_obstruction_endpoint_distance,2.9986219399857816,1403.9694613934025,True,,端点最大距离且全时段按遮挡计损仍满足双向预算
T022,巡航,9521.938916010948,9540.956078742855,中继,R009,1498,PASS,worst_obstruction_endpoint_distance,3.8715822908103377,1269.7249214082633,True,,端点最大距离且全时段按遮挡计损仍满足双向预算
T022,巡航,9540.956078742855,9559.973241474761,中继,R009,1499,PASS,worst_obstruction_endpoint_distance,4.435093195223942,1189.964755289993,True,,端点最大距离且全时段按遮挡计损仍满足双向预算
T022,巡航,9559.973241474761,9578.990404206668,中继,R009,1500,PASS,worst_obstruction_endpoint_distance,4.1506121429035545,1229.5838524514456,True,,端点最大距离且全时段按遮挡计损仍满足双向预算
T022,巡航,9578.990404206668,9598.007566938577,中继,R009,1501,PASS,worst_obstruction_endpoint_distance,3.383597521355341,1343.1016487213396,True,,端点最大距离且全时段按遮挡计损仍满足双向预算
T022,巡航,9598.007566938577,9617.024729670484,直连,,1502,PASS,worst_obstruction_endpoint_distance,0.5554852276978579,3711.201174070255,True,,端点最大距离且全时段按遮挡计损仍满足双向预算
T022,巡航,9617.024729670484,9636.04189240239,直连,,1503,PASS,worst_obstruction_endpoint_distance,1.2495681126698628,3426.1813967707103,True,,端点最大距离且全时段按遮挡计损仍满足双向预算
T022,巡航,9636.04189240239,9655.059055134298,直连,,1504,PASS,worst_obstruction_endpoint_distance,2.003850208797573,3141.204766965233,True,,端点最大距离且全时段按遮挡计损仍满足双向预算
T022,巡航,9655.059055134298,9674.076217866204,直连,,1505,PASS,worst_obstruction_endpoint_distance,2.829746817360757,2856.284199392131,True,,端点最大距离且全时段按遮挡计损仍满足双向预算
T022,巡航,9674.076217866204,9693.093380598111,直连,,1506,PASS,worst_obstruction_endpoint_distance,3.7422529026328704,2571.4383295456846,True,,端点最大距离且全时段按遮挡计损仍满足双向预算
T022,巡航,9693.093380598111,9712.110543330018,直连,,1507,PASS,worst_obstruction_endpoint_distance,4.761610048728812,2286.6950721260782,True,,端点最大距离且全时段按遮挡计损仍满足双向预算
T022,巡航,9712.110543330018,9731.127706061925,直连,,1508,PASS,worst_obstruction_endpoint_distance,5.916067623284519,2002.0982089747577,True,,端点最大距离且全时段按遮挡计损仍满足双向预算
T022,巡航,9731.127706061925,9750.144868793834,直连,,1509,PASS,worst_obstruction_endpoint_distance,7.246725157142279,1717.7205067016116,True,,端点最大距离且全时段按遮挡计损仍满足双向预算
T022,巡航,9750.144868793834,9769.16203152574,直连,,1510,PASS,worst_obstruction_endpoint_distance,8.816655594821057,1433.6923851274319,True,,端点最大距离且全时段按遮挡计损仍满足双向预算
T022,巡航,9769.16203152574,9788.179194257647,直连,,1511,PASS,worst_obstruction_endpoint_distance,10.729757922473041,1150.2728313183097,True,,端点最大距离且全时段按遮挡计损仍满足双向预算
T022,巡航,9788.179194257647,9807.196356989554,直连,,1512,PASS,worst_obstruction_endpoint_distance,13.174798895214863,868.0581392014765,True,,端点最大距离且全时段按遮挡计损仍满足双向预算
T022,巡航,9807.196356989554,9826.213519721461,直连,,1513,PASS,worst_obstruction_endpoint_distance,16.546663988902537,588.7834023351405,True,,端点最大距离且全时段按遮挡计损仍满足双向预算
T022,巡航,9826.213519721461,9845.230682453368,直连,,1514,PASS,worst_obstruction_endpoint_distance,21.836398531290612,320.2350261363581,True,,端点最大距离且全时段按遮挡计损仍满足双向预算
T022,下降,9845.230682453368,9861.783573688721,直连,,1515,PASS,worst_obstruction_endpoint_distance,28.68678949476505,145.52891235351603,True,,端点最大距离且全时段按遮挡计损仍满足双向预算
T022,下降,9861.783573688721,9878.336464924072,直连,,1516,PASS,worst_obstruction_endpoint_distance,31.59286620976681,104.14668426513362,True,,端点最大距离且全时段按遮挡计损仍满足双向预算
T022,下降,9878.336464924072,9894.889356159423,直连,,1517,PASS,worst_obstruction_endpoint_distance,35.991499761200814,62.76445617675574,True,,端点最大距离且全时段按遮挡计损仍满足双向预算
T022,下降,9894.889356159423,9911.442247394774,直连,,1518,PASS,worst_obstruction_endpoint_distance,45.34471600699351,21.38222808837787,True,,端点最大距离且全时段按遮挡计损仍满足双向预算
T023,爬升,10258.0,10277.871088867187,直连,,1519,PASS,worst_obstruction_endpoint_distance,42.49716386964255,29.677722167966493,True,,端点最大距离且全时段按遮挡计损仍满足双向预算
T023,爬升,10277.871088867187,10297.742177734375,直连,,1520,PASS,worst_obstruction_endpoint_distance,33.95424061100921,79.35544433593753,True,,端点最大距离且全时段按遮挡计损仍满足双向预算
T023,爬升,10297.742177734375,10317.613266601562,直连,,1521,PASS,worst_obstruction_endpoint_distance,29.73174806392629,129.033166503904,True,,端点最大距离且全时段按遮挡计损仍满足双向预算
T023,爬升,10317.613266601562,10337.48435546875,直连,,1522,PASS,worst_obstruction_endpoint_distance,26.902754877149746,178.710888671875,True,,端点最大距离且全时段按遮挡计损仍满足双向预算
T023,巡航,10337.48435546875,10357.042287651693,直连,,1523,PASS,worst_obstruction_endpoint_distance,21.226846823481353,343.5155626257681,True,,端点最大距离且全时段按遮挡计损仍满足双向预算
T023,巡航,10357.042287651693,10376.600219834638,直连,,1524,PASS,worst_obstruction_endpoint_distance,16.19159854535019,613.3506516465615,True,,端点最大距离且全时段按遮挡计损仍满足双向预算
T023,巡航,10376.600219834638,10396.158152017582,直连,,1525,PASS,worst_obstruction_endpoint_distance,12.879592400811816,898.0678270917992,True,,端点最大距离且全时段按遮挡计损仍满足双向预算
T023,巡航,10396.158152017582,10415.716084200525,直连,,1526,PASS,worst_obstruction_endpoint_distance,10.456716578783727,1187.0060413963242,True,,端点最大距离且全时段按遮挡计损仍满足双向预算
T023,巡航,10415.716084200525,10435.27401638347,直连,,1527,PASS,worst_obstruction_endpoint_distance,8.554100828864037,1477.691301536886,True,,端点最大距离且全时段按遮挡计损仍满足双向预算
T023,巡航,10435.27401638347,10454.831948566414,直连,,1528,PASS,worst_obstruction_endpoint_distance,6.989928674066292,1769.2627117074003,True,,端点最大距离且全时段按遮挡计损仍满足双向预算
T023,巡航,10454.831948566414,10474.389880749357,直连,,1529,PASS,worst_obstruction_endpoint_distance,5.662764533404953,2061.3442758330607,True,,端点最大距离且全时段按遮挡计损仍满足双向预算
T023,巡航,10474.389880749357,10493.947812932302,直连,,1530,PASS,worst_obstruction_endpoint_distance,4.510582959293117,2353.74608317376,True,,端点最大距离且全时段按遮挡计损仍满足双向预算
T023,巡航,10493.947812932302,10513.505745115246,直连,,1531,PASS,worst_obstruction_endpoint_distance,3.492790187068408,2646.3619829257814,True,,端点最大距离且全时段按遮挡计损仍满足双向预算
T023,巡航,10513.505745115246,10533.063677298189,直连,,1532,PASS,worst_obstruction_endpoint_distance,2.5814050697037914,2939.128031468544,True,,端点最大距离且全时段按遮挡计损仍满足双向预算
T023,巡航,10533.063677298189,10552.621609481133,直连,,1533,PASS,worst_obstruction_endpoint_distance,1.7563389162753964,3232.0034260700977,True,,端点最大距离且全时段按遮挡计损仍满足双向预算
T023,巡航,10552.621609481133,10572.179541664078,直连,,1534,PASS,worst_obstruction_endpoint_distance,1.0026890572529226,3524.960911409265,True,,端点最大距离且全时段按遮挡计损仍满足双向预算
T023,巡航,10572.179541664078,10591.73747384702,直连,,1535,PASS,worst_obstruction_endpoint_distance,0.30909856529946467,3817.9815908243413,True,,端点最大距离且全时段按遮挡计损仍满足双向预算
T023,巡航,10591.73747384702,10611.295406029965,中继,R009,1536,PASS,worst_obstruction_endpoint_distance,4.75048596588492,1147.5310881707333,True,,端点最大距离且全时段按遮挡计损仍满足双向预算
T023,巡航,10611.295406029965,10630.853338212908,中继,R009,1537,PASS,worst_obstruction_endpoint_distance,5.7218340997577855,1026.1174029361243,True,,端点最大距离且全时段按遮挡计损仍满足双向预算
T023,巡航,10630.853338212908,10650.411270395853,中继,R009,1538,PASS,worst_obstruction_endpoint_distance,5.769233556951519,1020.5330653172732,True,,端点最大距离且全时段按遮挡计损仍满足双向预算
T023,巡航,10650.411270395853,10669.969202578797,中继,R009,1539,PASS,worst_obstruction_endpoint_distance,4.8265356948934794,1137.5276805044516,True,,端点最大距离且全时段按遮挡计损仍满足双向预算
T023,巡航,10669.969202578797,10689.52713476174,中继,R009,1540,PASS,worst_obstruction_endpoint_distance,3.594074017058716,1310.9467687492518,True,,端点最大距离且全时段按遮挡计损仍满足双向预算
T023,下降,10689.52713476174,10705.953495845724,中继,R009,1541,PASS,worst_obstruction_endpoint_distance,3.594074017058716,1310.9467687492518,True,,端点最大距离且全时段按遮挡计损仍满足双向预算
T023,下降,10705.953495845724,10722.379856929709,中继,R009,1542,PASS,worst_obstruction_endpoint_distance,3.595570509310747,1310.72092513708,True,,端点最大距离且全时段按遮挡计损仍满足双向预算
T023,下降,10722.379856929709,10738.806218013693,中继,R009,1543,PASS,worst_obstruction_endpoint_distance,3.5881400722092565,1311.8426750959086,True,,端点最大距离且全时段按遮挡计损仍满足双向预算
T023,下降,10738.806218013693,10755.232579097677,中继,R009,1544,PASS,worst_obstruction_endpoint_distance,3.5752875711909837,1313.7852440642905,True,,端点最大距离且全时段按遮挡计损仍满足双向预算
T023,投送,10755.232579097677,10774.29140262709,中继,R009,1545,PASS,exact_point,3.5752875711909837,1313.7852440642905,,,独立计算 DEM 遮挡、自由空间损耗与双向预算
T023,投送,10774.29140262709,10793.3502261565,中继,R009,1546,PASS,exact_point,3.5752875711909837,1313.7852440642905,,,独立计算 DEM 遮挡、自由空间损耗与双向预算
T023,投送,10793.3502261565,10812.409049685913,中继,R009,1547,PASS,exact_point,3.5752875711909837,1313.7852440642905,,,独立计算 DEM 遮挡、自由空间损耗与双向预算
T023,投送,10812.409049685913,10831.467873215326,中继,R009,1548,PASS,exact_point,3.5752875711909837,1313.7852440642905,,,独立计算 DEM 遮挡、自由空间损耗与双向预算
T023,投送,10831.467873215326,10850.526696744737,中继,R009,1549,PASS,exact_point,3.5752875711909837,1313.7852440642905,,,独立计算 DEM 遮挡、自由空间损耗与双向预算
T023,投送,10850.526696744737,10869.585520274148,中继,R009,1550,PASS,exact_point,3.5752875711909837,1313.7852440642905,,,独立计算 DEM 遮挡、自由空间损耗与双向预算
T023,投送,10869.585520274148,10888.64434380356,中继,R009,1551,PASS,exact_point,3.5752875711909837,1313.7852440642905,,,独立计算 DEM 遮挡、自由空间损耗与双向预算
T023,投送,10888.64434380356,10907.703167332973,中继,R009,1552,PASS,exact_point,3.5752875711909837,1313.7852440642905,,,独立计算 DEM 遮挡、自由空间损耗与双向预算
T023,投送,10907.703167332973,10926.761990862384,中继,R009,1553,PASS,exact_point,3.5752875711909837,1313.7852440642905,,,独立计算 DEM 遮挡、自由空间损耗与双向预算
T023,投送,10926.761990862384,10945.820814391796,中继,R009,1554,PASS,exact_point,3.5752875711909837,1313.7852440642905,,,独立计算 DEM 遮挡、自由空间损耗与双向预算
T023,投送,10945.820814391796,10964.879637921207,中继,R009,1555,PASS,exact_point,3.5752875711909837,1313.7852440642905,,,独立计算 DEM 遮挡、自由空间损耗与双向预算
T023,投送,10964.879637921207,10983.93846145062,中继,R009,1556,PASS,exact_point,3.5752875711909837,1313.7852440642905,,,独立计算 DEM 遮挡、自由空间损耗与双向预算
T023,投送,10983.93846145062,11002.99728498003,中继,R009,1557,PASS,exact_point,3.5752875711909837,1313.7852440642905,,,独立计算 DEM 遮挡、自由空间损耗与双向预算
T023,投送,11002.99728498003,11022.056108509443,中继,R009,1558,PASS,exact_point,3.5752875711909837,1313.7852440642905,,,独立计算 DEM 遮挡、自由空间损耗与双向预算
T023,投送,11022.056108509443,11041.114932038854,中继,R009,1559,PASS,exact_point,3.5752875711909837,1313.7852440642905,,,独立计算 DEM 遮挡、自由空间损耗与双向预算
T023,投送,11041.114932038854,11060.173755568267,中继,R009,1560,PASS,exact_point,3.5752875711909837,1313.7852440642905,,,独立计算 DEM 遮挡、自由空间损耗与双向预算
T023,投送,11060.173755568267,11079.232579097677,中继,R009,1561,PASS,exact_point,3.5752875711909837,1313.7852440642905,,,独立计算 DEM 遮挡、自由空间损耗与双向预算
T023,爬升,11079.232579097677,11096.754030920594,中继,R009,1562,PASS,worst_obstruction_endpoint_distance,3.5752875711909837,1313.7852440642905,True,,端点最大距离且全时段按遮挡计损仍满足双向预算
T023,爬升,11096.754030920594,11114.275482743511,中继,R009,1563,PASS,worst_obstruction_endpoint_distance,3.5912211322182515,1311.3774205978848,True,,端点最大距离且全时段按遮挡计损仍满足双向预算
T023,爬升,11114.275482743511,11131.796934566428,中继,R009,1564,PASS,worst_obstruction_endpoint_distance,3.594074017058716,1310.9467687492518,True,,端点最大距离且全时段按遮挡计损仍满足双向预算
T023,巡航,11131.796934566428,11151.354866749372,中继,R009,1565,PASS,worst_obstruction_endpoint_distance,3.594074017058716,1310.9467687492518,True,,端点最大距离且全时段按遮挡计损仍满足双向预算
T023,巡航,11151.354866749372,11170.912798932315,中继,R009,1566,PASS,worst_obstruction_endpoint_distance,4.8265356948951705,1137.5276805042306,True,,端点最大距离且全时段按遮挡计损仍满足双向预算
T023,巡航,11170.912798932315,11190.47073111526,中继,R009,1567,PASS,worst_obstruction_endpoint_distance,5.769233556951519,1020.5330653172732,True,,端点最大距离且全时段按遮挡计损仍满足双向预算
T023,巡航,11190.47073111526,11210.028663298204,中继,R009,1568,PASS,worst_obstruction_endpoint_distance,5.7218340997577855,1026.1174029361243,True,,端点最大距离且全时段按遮挡计损仍满足双向预算
T023,巡航,11210.028663298204,11229.586595481147,中继,R009,1569,PASS,worst_obstruction_endpoint_distance,4.75048596588492,1147.5310881707333,True,,端点最大距离且全时段按遮挡计损仍满足双向预算
T023,巡航,11229.586595481147,11249.144527664092,直连,,1570,PASS,worst_obstruction_endpoint_distance,0.30909856529946467,3817.9815908243413,True,,端点最大距离且全时段按遮挡计损仍满足双向预算
T023,巡航,11249.144527664092,11268.702459847036,直连,,1571,PASS,worst_obstruction_endpoint_distance,1.0026890572529226,3524.960911409265,True,,端点最大距离且全时段按遮挡计损仍满足双向预算
T023,巡航,11268.702459847036,11288.260392029979,直连,,1572,PASS,worst_obstruction_endpoint_distance,1.756338916276647,3232.003426069633,True,,端点最大距离且全时段按遮挡计损仍满足双向预算
T023,巡航,11288.260392029979,11307.818324212923,直连,,1573,PASS,worst_obstruction_endpoint_distance,2.5814050697037914,2939.128031468544,True,,端点最大距离且全时段按遮挡计损仍满足双向预算
T023,巡航,11307.818324212923,11327.376256395868,直连,,1574,PASS,worst_obstruction_endpoint_distance,3.492790187069943,2646.361982925317,True,,端点最大距离且全时段按遮挡计损仍满足双向预算
T023,巡航,11327.376256395868,11346.93418857881,直连,,1575,PASS,worst_obstruction_endpoint_distance,4.510582959293117,2353.74608317376,True,,端点最大距离且全时段按遮挡计损仍满足双向预算
T023,巡航,11346.93418857881,11366.492120761755,直连,,1576,PASS,worst_obstruction_endpoint_distance,5.662764533403006,2061.3442758335245,True,,端点最大距离且全时段按遮挡计损仍满足双向预算
T023,巡航,11366.492120761755,11386.050052944698,直连,,1577,PASS,worst_obstruction_endpoint_distance,6.989928674066292,1769.2627117074003,True,,端点最大距离且全时段按遮挡计损仍满足双向预算
T023,巡航,11386.050052944698,11405.607985127643,直连,,1578,PASS,worst_obstruction_endpoint_distance,8.554100828861323,1477.691301537348,True,,端点最大距离且全时段按遮挡计损仍满足双向预算
T023,巡航,11405.607985127643,11425.165917310587,直连,,1579,PASS,worst_obstruction_endpoint_distance,10.456716578783727,1187.0060413963242,True,,端点最大距离且全时段按遮挡计损仍满足双向预算
T023,巡航,11425.165917310587,11444.72384949353,直连,,1580,PASS,worst_obstruction_endpoint_distance,12.879592400811816,898.0678270917992,True,,端点最大距离且全时段按遮挡计损仍满足双向预算
T023,巡航,11444.72384949353,11464.281781676475,直连,,1581,PASS,worst_obstruction_endpoint_distance,16.19159854535019,613.3506516465615,True,,端点最大距离且全时段按遮挡计损仍满足双向预算
T023,巡航,11464.281781676475,11483.83971385942,直连,,1582,PASS,worst_obstruction_endpoint_distance,21.226846823471305,343.5155626261655,True,,端点最大距离且全时段按遮挡计损仍满足双向预算
T023,下降,11483.83971385942,11503.710802726606,直连,,1583,PASS,worst_obstruction_endpoint_distance,26.902754877149746,178.710888671875,True,,端点最大距离且全时段按遮挡计损仍满足双向预算
T023,下降,11503.710802726606,11523.581891593794,直连,,1584,PASS,worst_obstruction_endpoint_distance,29.087434584690158,138.96871093750144,True,,端点最大距离且全时段按遮挡计损仍满足双向预算
T023,下降,11523.581891593794,11543.452980460981,直连,,1585,PASS,worst_obstruction_endpoint_distance,32.013218802742756,99.22653320312429,True,,端点最大距离且全时段按遮挡计损仍满足双向预算
T023,下降,11543.452980460981,11563.32406932817,直连,,1586,PASS,worst_obstruction_endpoint_distance,36.457719961105596,59.48435546875072,True,,端点最大距离且全时段按遮挡计损仍满足双向预算
T023,下降,11563.32406932817,11583.195158195356,直连,,1587,PASS,worst_obstruction_endpoint_distance,45.92517525248826,20.0,True,,端点最大距离且全时段按遮挡计损仍满足双向预算
T024,爬升,11021.0,11040.61674658203,直连,,1588,PASS,worst_obstruction_endpoint_distance,42.68528468478472,29.041866455077297,True,,端点最大距离且全时段按遮挡计损仍满足双向预算
T024,爬升,11040.61674658203,11060.233493164062,直连,,1589,PASS,worst_obstruction_endpoint_distance,34.09456382066654,78.0837329101546,True,,端点最大距离且全时段按遮挡计损仍满足双向预算
T024,爬升,11060.233493164062,11079.850239746094,直连,,1590,PASS,worst_obstruction_endpoint_distance,29.861114895269665,127.12559936523644,True,,端点最大距离且全时段按遮挡计损仍满足双向预算
T024,爬升,11079.850239746094,11099.466986328125,直连,,1591,PASS,worst_obstruction_endpoint_distance,27.0272610251467,176.16746582031374,True,,端点最大距离且全时段按遮挡计损仍满足双向预算
T024,爬升,11099.466986328125,11119.083732910156,直连,,1592,PASS,worst_obstruction_endpoint_distance,24.894047506859238,225.20933227539103,True,,端点最大距离且全时段按遮挡计损仍满足双向预算
T024,巡航,11119.083732910156,11139.032164141581,直连,,1593,PASS,worst_obstruction_endpoint_distance,20.476569260061567,374.5073067081198,True,,端点最大距离且全时段按遮挡计损仍满足双向预算
T024,巡航,11139.032164141581,11158.980595373007,直连,,1594,PASS,worst_obstruction_endpoint_distance,15.829974101692486,639.4256493755012,True,,端点最大距离且全时段按遮挡计损仍满足双向预算
T024,巡航,11158.980595373007,11178.929026604432,直连,,1595,PASS,worst_obstruction_endpoint_distance,12.618260351929706,925.4985457841007,True,,端点最大距离且全时段按遮挡计损仍满足双向预算
T024,巡航,11178.929026604432,11198.877457835855,直连,,1596,PASS,worst_obstruction_endpoint_distance,10.233476665807785,1217.9092389358796,True,,端点最大距离且全时段按遮挡计损仍满足双向预算
T024,巡航,11198.877457835855,11218.82588906728,直连,,1597,PASS,worst_obstruction_endpoint_distance,8.349068263577223,1512.9875178566108,True,,端点最大距离且全时段按遮挡计损仍满足双向预算
T024,巡航,11218.82588906728,11238.774320298706,直连,,1598,PASS,worst_obstruction_endpoint_distance,6.794945300204006,1809.428778084995,True,,端点最大距离且全时段按遮挡计损仍满足双向预算
T024,巡航,11238.774320298706,11258.722751530131,直连,,1599,PASS,worst_obstruction_endpoint_distance,5.473895595477202,2106.657716764186,True,,端点最大距离且全时段按遮挡计损仍满足双向预算
T024,巡航,11258.722751530131,11278.671182761556,直连,,1600,PASS,worst_obstruction_endpoint_distance,4.325704959757758,2404.3822339864455,True,,端点最大距离且全时段按遮挡计损仍满足双向预算
T024,巡航,11278.671182761556,11298.61961399298,直连,,1601,PASS,worst_obstruction_endpoint_distance,3.3106586402651743,2702.4385427766797,True,,端点最大距离且全时段按遮挡计损仍满足双向预算
T024,巡航,11298.61961399298,11318.568045224405,直连,,1602,PASS,worst_obstruction_endpoint_distance,2.401243199064254,3000.7277761782934,True,,端点最大距离且全时段按遮挡计损仍满足双向预算
T024,巡航,11318.568045224405,11338.51647645583,直连,,1603,PASS,worst_obstruction_endpoint_distance,1.5776371600474448,3299.186756586918,True,,端点最大距离且全时段按遮挡计损仍满足双向预算
T024,巡航,11338.51647645583,11358.464907687256,直连,,1604,PASS,worst_obstruction_endpoint_distance,0.8250994230448754,3597.773239354705,True,,端点最大距离且全时段按遮挡计损仍满足双向预算
T024,巡航,11358.464907687256,11378.413338918679,直连,,1605,PASS,worst_obstruction_endpoint_distance,0.1323753731121542,3896.45791298493,True,,端点最大距离且全时段按遮挡计损仍满足双向预算
T024,巡航,11378.413338918679,11398.361770150104,中继,R009,1606,PASS,worst_obstruction_endpoint_distance,0.914101059081986,1784.7759507080286,True,,端点最大距离且全时段按遮挡计损仍满足双向预算
T024,巡航,11398.361770150104,11418.31020138153,中继,R009,1607,PASS,worst_obstruction_endpoint_distance,0.86657236942699,1794.5689111134643,True,,端点最大距离且全时段按遮挡计损仍满足双向预算
T024,巡航,11418.31020138153,11438.258632612955,中继,R009,1608,PASS,worst_obstruction_endpoint_distance,0.49689652502375736,1872.5953130058556,True,,端点最大距离且全时段按遮挡计损仍满足双向预算
T024,巡航,11438.258632612955,11458.20706384438,中继,R010,1609,PASS,worst_obstruction_endpoint_distance,0.7935438880098502,1809.720741284462,True,,端点最大距离且全时段按遮挡计损仍满足双向预算
T024,巡航,11458.20706384438,11478.155495075804,中继,R010,1610,PASS,worst_obstruction_endpoint_distance,2.18622543639502,1541.6205343153074,True,,端点最大距离且全时段按遮挡计损仍满足双向预算
T024,巡航,11478.155495075804,11498.103926307229,中继,R010,1611,PASS,worst_obstruction_endpoint_distance,3.752100501082751,1287.3117497629592,True,,端点最大距离且全时段按遮挡计损仍满足双向预算
T024,巡航,11498.103926307229,11518.052357538654,中继,R010,1612,PASS,worst_obstruction_endpoint_distance,5.465934903575743,1056.7980739955074,True,,端点最大距离且全时段按遮挡计损仍满足双向预算
T024,巡航,11518.052357538654,11538.00078877008,中继,R010,1613,PASS,worst_obstruction_endpoint_distance,7.163167460360086,869.2213505149701,True,,端点最大距离且全时段按遮挡计损仍满足双向预算
T024,巡航,11538.00078877008,11557.949220001505,中继,R010,1614,PASS,worst_obstruction_endpoint_distance,8.361635307260357,757.1937018024331,True,,端点最大距离且全时段按遮挡计损仍满足双向预算
T024,巡航,11557.949220001505,11577.897651232928,中继,R010,1615,PASS,worst_obstruction_endpoint_distance,7.2174888770571215,863.8022171589038,True,,端点最大距离且全时段按遮挡计损仍满足双向预算
T024,巡航,11577.897651232928,11597.846082464353,中继,R010,1616,PASS,worst_obstruction_endpoint_distance,5.527232666505114,1049.3663291862797,True,,端点最大距离且全时段按遮挡计损仍满足双向预算
T024,巡航,11597.846082464353,11617.794513695779,中继,R010,1617,PASS,worst_obstruction_endpoint_distance,3.809912144193447,1278.77209625438,True,,端点最大距离且全时段按遮挡计损仍满足双向预算
T024,巡航,11617.794513695779,11637.742944927204,中继,R010,1618,PASS,worst_obstruction_endpoint_distance,2.238018545490135,1532.4553547674145,True,,端点最大距离且全时段按遮挡计损仍满足双向预算
T024,巡航,11637.742944927204,11657.69137615863,中继,R010,1619,PASS,worst_obstruction_endpoint_distance,0.8394489047696396,1800.181577902523,True,,端点最大距离且全时段按遮挡计损仍满足双向预算
T024,下降,11657.69137615863,11674.69293153786,中继,R010,1620,PASS,worst_obstruction_endpoint_distance,0.8284758755184782,1802.4572144371423,True,,端点最大距离且全时段按遮挡计损仍满足双向预算
T024,下降,11674.69293153786,11691.694486917091,中继,R010,1621,PASS,worst_obstruction_endpoint_distance,0.8144482146368262,1805.3705241351126,True,,端点最大距离且全时段按遮挡计损仍满足双向预算
T024,下降,11691.694486917091,11708.696042296324,中继,R010,1622,PASS,worst_obstruction_endpoint_distance,0.7973955137346138,1808.9184260319166,True,,端点最大距离且全时段按遮挡计损仍满足双向预算
T024,投送,11708.696042296324,11727.896042296325,中继,R010,1623,PASS,exact_point,0.7973955137346138,1808.9184260319166,,,独立计算 DEM 遮挡、自由空间损耗与双向预算
T024,投送,11727.896042296325,11747.096042296324,中继,R010,1624,PASS,exact_point,0.7973955137346138,1808.9184260319166,,,独立计算 DEM 遮挡、自由空间损耗与双向预算
T024,投送,11747.096042296324,11766.296042296324,中继,R010,1625,PASS,exact_point,0.7973955137346138,1808.9184260319166,,,独立计算 DEM 遮挡、自由空间损耗与双向预算
T024,投送,11766.296042296324,11785.496042296323,中继,R010,1626,PASS,exact_point,0.7973955137346138,1808.9184260319166,,,独立计算 DEM 遮挡、自由空间损耗与双向预算
T024,投送,11785.496042296323,11804.696042296324,中继,R010,1627,PASS,exact_point,0.7973955137346138,1808.9184260319166,,,独立计算 DEM 遮挡、自由空间损耗与双向预算
T024,投送,11804.696042296324,11823.896042296325,中继,R010,1628,PASS,exact_point,0.7973955137346138,1808.9184260319166,,,独立计算 DEM 遮挡、自由空间损耗与双向预算
T024,投送,11823.896042296325,11843.096042296324,中继,R010,1629,PASS,exact_point,0.7973955137346138,1808.9184260319166,,,独立计算 DEM 遮挡、自由空间损耗与双向预算
T024,投送,11843.096042296324,11862.296042296324,中继,R010,1630,PASS,exact_point,0.7973955137346138,1808.9184260319166,,,独立计算 DEM 遮挡、自由空间损耗与双向预算
T024,投送,11862.296042296324,11881.496042296323,中继,R010,1631,PASS,exact_point,0.7973955137346138,1808.9184260319166,,,独立计算 DEM 遮挡、自由空间损耗与双向预算
T024,投送,11881.496042296323,11900.696042296324,中继,R010,1632,PASS,exact_point,0.7973955137346138,1808.9184260319166,,,独立计算 DEM 遮挡、自由空间损耗与双向预算
T024,投送,11900.696042296324,11919.896042296325,中继,R010,1633,PASS,exact_point,0.7973955137346138,1808.9184260319166,,,独立计算 DEM 遮挡、自由空间损耗与双向预算
T024,投送,11919.896042296325,11939.096042296324,中继,R010,1634,PASS,exact_point,0.7973955137346138,1808.9184260319166,,,独立计算 DEM 遮挡、自由空间损耗与双向预算
T024,投送,11939.096042296324,11958.296042296324,中继,R010,1635,PASS,exact_point,0.7973955137346138,1808.9184260319166,,,独立计算 DEM 遮挡、自由空间损耗与双向预算
T024,投送,11958.296042296324,11977.496042296323,中继,R010,1636,PASS,exact_point,0.7973955137346138,1808.9184260319166,,,独立计算 DEM 遮挡、自由空间损耗与双向预算
T024,投送,11977.496042296323,11996.696042296324,中继,R010,1637,PASS,exact_point,0.7973955137346138,1808.9184260319166,,,独立计算 DEM 遮挡、自由空间损耗与双向预算
T024,爬升,11996.696042296324,12010.297286599709,中继,R010,1638,PASS,worst_obstruction_endpoint_distance,0.7973955137346138,1808.9184260319166,True,,端点最大距离且全时段按遮挡计损仍满足双向预算
T024,爬升,12010.297286599709,12023.898530903094,中继,R010,1639,PASS,worst_obstruction_endpoint_distance,0.8144482146368262,1805.370524135113,True,,端点最大距离且全时段按遮挡计损仍满足双向预算
T024,爬升,12023.898530903094,12037.499775206481,中继,R010,1640,PASS,worst_obstruction_endpoint_distance,0.8284758755184782,1802.4572144371425,True,,端点最大距离且全时段按遮挡计损仍满足双向预算
T024,巡航,12037.499775206481,12057.448206437904,中继,R010,1641,PASS,worst_obstruction_endpoint_distance,0.8394489047696396,1800.181577902523,True,,端点最大距离且全时段按遮挡计损仍满足双向预算
T024,巡航,12057.448206437904,12077.39663766933,中继,R010,1642,PASS,worst_obstruction_endpoint_distance,2.238018545490135,1532.4553547674145,True,,端点最大距离且全时段按遮挡计损仍满足双向预算
T024,巡航,12077.39663766933,12097.345068900755,中继,R010,1643,PASS,worst_obstruction_endpoint_distance,3.809912144193447,1278.77209625438,True,,端点最大距离且全时段按遮挡计损仍满足双向预算
T024,巡航,12097.345068900755,12117.29350013218,中继,R010,1644,PASS,worst_obstruction_endpoint_distance,5.527232666505114,1049.3663291862797,True,,端点最大距离且全时段按遮挡计损仍满足双向预算
T024,巡航,12117.29350013218,12137.241931363606,中继,R010,1645,PASS,worst_obstruction_endpoint_distance,7.2174888770571215,863.8022171589038,True,,端点最大距离且全时段按遮挡计损仍满足双向预算
T024,巡航,12137.241931363606,12157.190362595029,中继,R010,1646,PASS,worst_obstruction_endpoint_distance,8.361635307260357,757.1937018024331,True,,端点最大距离且全时段按遮挡计损仍满足双向预算
T024,巡航,12157.190362595029,12177.138793826454,中继,R010,1647,PASS,worst_obstruction_endpoint_distance,7.163167460360086,869.2213505149701,True,,端点最大距离且全时段按遮挡计损仍满足双向预算
T024,巡航,12177.138793826454,12197.08722505788,中继,R010,1648,PASS,worst_obstruction_endpoint_distance,5.465934903575743,1056.7980739955074,True,,端点最大距离且全时段按遮挡计损仍满足双向预算
T024,巡航,12197.08722505788,12217.035656289305,中继,R010,1649,PASS,worst_obstruction_endpoint_distance,3.752100501082751,1287.3117497629592,True,,端点最大距离且全时段按遮挡计损仍满足双向预算
T024,巡航,12217.035656289305,12236.98408752073,中继,R010,1650,PASS,worst_obstruction_endpoint_distance,2.18622543639502,1541.6205343153074,True,,端点最大距离且全时段按遮挡计损仍满足双向预算
T024,巡航,12236.98408752073,12256.932518752154,中继,R010,1651,PASS,worst_obstruction_endpoint_distance,0.7935438880098502,1809.720741284462,True,,端点最大距离且全时段按遮挡计损仍满足双向预算
T024,巡航,12256.932518752154,12276.880949983579,中继,R009,1652,PASS,worst_obstruction_endpoint_distance,0.49689652502375736,1872.5953130058556,True,,端点最大距离且全时段按遮挡计损仍满足双向预算
T024,巡航,12276.880949983579,12296.829381215004,中继,R009,1653,PASS,worst_obstruction_endpoint_distance,0.86657236942699,1794.5689111134643,True,,端点最大距离且全时段按遮挡计损仍满足双向预算
T024,巡航,12296.829381215004,12316.77781244643,中继,R009,1654,PASS,worst_obstruction_endpoint_distance,0.914101059081986,1784.7759507080286,True,,端点最大距离且全时段按遮挡计损仍满足双向预算
T024,巡航,12316.77781244643,12336.726243677855,直连,,1655,PASS,worst_obstruction_endpoint_distance,0.1323753731121542,3896.45791298493,True,,端点最大距离且全时段按遮挡计损仍满足双向预算
T024,巡航,12336.726243677855,12356.674674909278,直连,,1656,PASS,worst_obstruction_endpoint_distance,0.8250994230448754,3597.773239354705,True,,端点最大距离且全时段按遮挡计损仍满足双向预算
T024,巡航,12356.674674909278,12376.623106140703,直连,,1657,PASS,worst_obstruction_endpoint_distance,1.5776371600474448,3299.186756586918,True,,端点最大距离且全时段按遮挡计损仍满足双向预算
T024,巡航,12376.623106140703,12396.571537372129,直连,,1658,PASS,worst_obstruction_endpoint_distance,2.401243199064254,3000.7277761782934,True,,端点最大距离且全时段按遮挡计损仍满足双向预算
T024,巡航,12396.571537372129,12416.519968603554,直连,,1659,PASS,worst_obstruction_endpoint_distance,3.3106586402651743,2702.4385427766797,True,,端点最大距离且全时段按遮挡计损仍满足双向预算
T024,巡航,12416.519968603554,12436.468399834977,直连,,1660,PASS,worst_obstruction_endpoint_distance,4.325704959757758,2404.3822339864455,True,,端点最大距离且全时段按遮挡计损仍满足双向预算
T024,巡航,12436.468399834977,12456.416831066403,直连,,1661,PASS,worst_obstruction_endpoint_distance,5.473895595477202,2106.657716764186,True,,端点最大距离且全时段按遮挡计损仍满足双向预算
T024,巡航,12456.416831066403,12476.365262297828,直连,,1662,PASS,worst_obstruction_endpoint_distance,6.794945300204006,1809.428778084995,True,,端点最大距离且全时段按遮挡计损仍满足双向预算
T024,巡航,12476.365262297828,12496.313693529253,直连,,1663,PASS,worst_obstruction_endpoint_distance,8.349068263577223,1512.9875178566108,True,,端点最大距离且全时段按遮挡计损仍满足双向预算
T024,巡航,12496.313693529253,12516.262124760677,直连,,1664,PASS,worst_obstruction_endpoint_distance,10.233476665807785,1217.9092389358796,True,,端点最大距离且全时段按遮挡计损仍满足双向预算
T024,巡航,12516.262124760677,12536.210555992102,直连,,1665,PASS,worst_obstruction_endpoint_distance,12.618260351929706,925.4985457841007,True,,端点最大距离且全时段按遮挡计损仍满足双向预算
T024,巡航,12536.210555992102,12556.158987223527,直连,,1666,PASS,worst_obstruction_endpoint_distance,15.829974101692486,639.4256493755012,True,,端点最大距离且全时段按遮挡计损仍满足双向预算
T024,巡航,12556.158987223527,12576.107418454952,直连,,1667,PASS,worst_obstruction_endpoint_distance,20.476569260061567,374.5073067081198,True,,端点最大距离且全时段按遮挡计损仍满足双向预算
T024,下降,12576.107418454952,12593.622370760337,直连,,1668,PASS,worst_obstruction_endpoint_distance,24.894047506859238,225.20933227539103,True,,端点最大距离且全时段按遮挡计损仍满足双向预算
T024,下降,12593.622370760337,12611.137323065723,直连,,1669,PASS,worst_obstruction_endpoint_distance,26.362504444229103,190.17942766462244,True,,端点最大距离且全时段按遮挡计损仍满足双向预算
T024,下降,12611.137323065723,12628.652275371107,直连,,1670,PASS,worst_obstruction_endpoint_distance,28.130766268672517,155.14952305385026,True,,端点最大距离且全时段按遮挡计损仍满足双向预算
T024,下降,12628.652275371107,12646.167227676493,直连,,1671,PASS,worst_obstruction_endpoint_distance,30.35349628569311,120.1196184430816,True,,端点最大距离且全时段按遮挡计损仍满足双向预算
T024,下降,12646.167227676493,12663.682179981877,直连,,1672,PASS,worst_obstruction_endpoint_distance,33.348233904351076,85.08971383230943,True,,端点最大距离且全时段按遮挡计损仍满足双向预算
T024,下降,12663.682179981877,12681.197132287263,直连,,1673,PASS,worst_obstruction_endpoint_distance,37.955991362277445,50.0598092215408,True,,端点最大距离且全时段按遮挡计损仍满足双向预算
T024,下降,12681.197132287263,12698.712084592647,直连,,1674,PASS,worst_obstruction_endpoint_distance,45.92517525248826,20.0,True,,端点最大距离且全时段按遮挡计损仍满足双向预算
T025,爬升,15416.0,15434.035944417317,直连,,1675,PASS,worst_obstruction_endpoint_distance,43.95581004493437,25.08986104329358,True,,端点最大距离且全时段按遮挡计损仍满足双向预算
T025,爬升,15434.035944417317,15452.071888834635,直连,,1676,PASS,worst_obstruction_endpoint_distance,35.02154228444705,70.17972208658716,True,,端点最大距离且全时段按遮挡计损仍满足双向预算
T025,爬升,15452.071888834635,15470.107833251954,直连,,1677,PASS,worst_obstruction_endpoint_distance,30.71148071485723,115.26958312988529,True,,端点最大距离且全时段按遮挡计损仍满足双向预算
T025,爬升,15470.107833251954,15488.143777669271,直连,,1678,PASS,worst_obstruction_endpoint_distance,27.843884320576308,160.35944417317887,True,,端点最大距离且全时段按遮挡计损仍满足双向预算
T025,爬升,15488.143777669271,15506.179722086588,直连,,1679,PASS,worst_obstruction_endpoint_distance,25.691681627493438,205.44930521647245,True,,端点最大距离且全时段按遮挡计损仍满足双向预算
T025,爬升,15506.179722086588,15524.215666503906,直连,,1680,PASS,worst_obstruction_endpoint_distance,23.968262608738172,250.53916625976603,True,,端点最大距离且全时段按遮挡计损仍满足双向预算
T025,巡航,15524.215666503906,15543.99702356786,直连,,1681,PASS,worst_obstruction_endpoint_distance,20.16139188232583,388.3462932369524,True,,端点最大距离且全时段按遮挡计损仍满足双向预算
T025,巡航,15543.99702356786,15563.778380631813,直连,,1682,PASS,worst_obstruction_endpoint_distance,15.765903798404153,644.1597258386764,True,,端点最大距离且全时段按遮挡计损仍满足双向预算
T025,巡航,15563.778380631813,15583.559737695767,直连,,1683,PASS,worst_obstruction_endpoint_distance,12.62531864366639,924.7467764723526,True,,端点最大距离且全时段按遮挡计损仍满足双向预算
T025,巡航,15583.559737695767,15603.34109475972,直连,,1684,PASS,worst_obstruction_endpoint_distance,10.268298266887285,1213.0364331213775,True,,端点最大距离且全时段按遮挡计损仍满足双向预算
T025,巡航,15603.34109475972,15623.122451823674,直连,,1685,PASS,worst_obstruction_endpoint_distance,8.39730997944396,1504.6076282027716,True,,端点最大距离且全时段按遮挡计损仍满足双向预算
T025,巡航,15623.122451823674,15642.903808887628,直连,,1686,PASS,worst_obstruction_endpoint_distance,6.850635996686719,1797.864505710022,True,,端点最大距离且全时段按遮挡计损仍满足双向预算
T025,巡航,15642.903808887628,15662.685165951581,直连,,1687,PASS,worst_obstruction_endpoint_distance,5.5341333456205035,2092.098321356043,True,,端点最大距离且全时段按遮挡计损仍满足双向预算
T025,巡航,15662.685165951581,15682.466523015535,直连,,1688,PASS,worst_obstruction_endpoint_distance,4.388916634906977,2386.947827420809,True,,端点最大距离且全时段按遮挡计损仍满足双向预算
T025,巡航,15682.466523015535,15702.247880079489,直连,,1689,PASS,worst_obstruction_endpoint_distance,3.375919660747627,2682.209987066719,True,,端点最大距离且全时段按遮挡计损仍满足双向预算
T025,巡航,15702.247880079489,15722.029237143443,直连,,1690,PASS,worst_obstruction_endpoint_distance,2.4679753448875914,2977.7620519260295,True,,端点最大距离且全时段按遮挡计损仍满足双向预算
T025,巡航,15722.029237143443,15741.810594207396,直连,,1691,PASS,worst_obstruction_endpoint_distance,1.645460598805812,3273.5255001824776,True,,端点最大距离且全时段按遮挡计损仍满足双向预算
T025,巡航,15741.810594207396,15761.59195127135,直连,,1692,PASS,worst_obstruction_endpoint_distance,0.8937544946891762,3569.447786713983,True,,端点最大距离且全时段按遮挡计损仍满足双向预算
T025,巡航,15761.59195127135,15781.373308335304,直连,,1693,PASS,worst_obstruction_endpoint_distance,0.20167861880452165,3865.492432161046,True,,端点最大距离且全时段按遮挡计损仍满足双向预算
T025,巡航,15781.373308335304,15801.154665399257,中继,R009,1694,PASS,worst_obstruction_endpoint_distance,8.642003386475835,733.1428255343743,True,,端点最大距离且全时段按遮挡计损仍满足双向预算
T025,巡航,15801.154665399257,15820.936022463211,中继,R009,1695,PASS,worst_obstruction_endpoint_distance,12.134332444855858,490.4244752299845,True,,端点最大距离且全时段按遮挡计损仍满足双向预算
T025,巡航,15820.936022463211,15840.717379527165,中继,R009,1696,PASS,worst_obstruction_endpoint_distance,13.520124603870883,418.1022725278625,True,,端点最大距离且全时段按遮挡计损仍满足双向预算
T025,巡航,15840.717379527165,15860.498736591118,中继,R009,1697,PASS,worst_obstruction_endpoint_distance,9.859604710360003,637.2480611258784,True,,端点最大距离且全时段按遮挡计损仍满足双向预算
T025,巡航,15860.498736591118,15880.280093655072,中继,R009,1698,PASS,worst_obstruction_endpoint_distance,6.842484620191485,901.9127517704584,True,,端点最大距离且全时段按遮挡计损仍满足双向预算
T025,巡航,15880.280093655072,15900.061450719026,中继,R010,1699,PASS,worst_obstruction_endpoint_distance,1.3127262354054778,1704.7176061191228,True,,端点最大距离且全时段按遮挡计损仍满足双向预算
T025,巡航,15900.061450719026,15919.842807782978,中继,R010,1700,PASS,worst_obstruction_endpoint_distance,2.1310599851746446,1551.4427670527323,True,,端点最大距离且全时段按遮挡计损仍满足双向预算
T025,巡航,15919.842807782978,15939.624164846933,中继,R010,1701,PASS,worst_obstruction_endpoint_distance,2.7568539914342693,1443.597292027193,True,,端点最大距离且全时段按遮挡计损仍满足双向预算
T025,巡航,15939.624164846933,15959.405521910885,中继,R010,1702,PASS,worst_obstruction_endpoint_distance,3.009436570846745,1402.2224943312915,True,,端点最大距离且全时段按遮挡计损仍满足双向预算
T025,巡航,15959.405521910885,15979.186878974839,中继,R010,1703,PASS,worst_obstruction_endpoint_distance,2.5782083813780474,1473.5956784547577,True,,端点最大距离且全时段按遮挡计损仍满足双向预算
T025,巡航,15979.186878974839,15998.968236038792,中继,R010,1704,PASS,worst_obstruction_endpoint_distance,1.8755622343822864,1597.756696995542,True,,端点最大距离且全时段按遮挡计损仍满足双向预算
T025,巡航,15998.968236038792,16018.749593102746,中继,R010,1705,PASS,worst_obstruction_endpoint_distance,1.017815697403691,1763.5914042963925,True,,端点最大距离且全时段按遮挡计损仍满足双向预算
T025,巡航,16018.749593102746,16038.5309501667,中继,R010,1706,PASS,worst_obstruction_endpoint_distance,0.09820263924140704,1960.5531768111305,True,,端点最大距离且全时段按遮挡计损仍满足双向预算
T025,下降,16038.5309501667,16055.524866792677,中继,R010,1707,PASS,worst_obstruction_endpoint_distance,0.09089597645279923,1962.2031088782874,True,,端点最大距离且全时段按遮挡计损仍满足双向预算
T025,下降,16055.524866792677,16072.518783418654,中继,R010,1708,PASS,worst_obstruction_endpoint_distance,0.08100074457328788,1964.4397846453173,True,,端点最大距离且全时段按遮挡计损仍满足双向预算
T025,下降,16072.518783418654,16089.51270004463,中继,R010,1709,PASS,worst_obstruction_endpoint_distance,0.06853462307819314,1967.2612028201515,True,,端点最大距离且全时段按遮挡计损仍满足双向预算
T025,下降,16089.51270004463,16106.506616670607,中继,R010,1710,PASS,worst_obstruction_endpoint_distance,0.05351975134392717,1970.6648518618697,True,,端点最大距离且全时段按遮挡计损仍满足双向预算
T025,下降,16106.506616670607,16123.500533296583,中继,R010,1711,PASS,worst_obstruction_endpoint_distance,0.035982598952486455,1974.647721044051,True,,端点最大距离且全时段按遮挡计损仍满足双向预算
T025,投送,16123.500533296583,16142.559356825996,中继,R010,1712,PASS,exact_point,0.035982598952486455,1974.647721044051,,,独立计算 DEM 遮挡、自由空间损耗与双向预算
T025,投送,16142.559356825996,16161.618180355406,中继,R010,1713,PASS,exact_point,0.035982598952486455,1974.647721044051,,,独立计算 DEM 遮挡、自由空间损耗与双向预算
T025,投送,16161.618180355406,16180.677003884819,中继,R010,1714,PASS,exact_point,0.035982598952486455,1974.647721044051,,,独立计算 DEM 遮挡、自由空间损耗与双向预算
T025,投送,16180.677003884819,16199.73582741423,中继,R010,1715,PASS,exact_point,0.035982598952486455,1974.647721044051,,,独立计算 DEM 遮挡、自由空间损耗与双向预算
T025,投送,16199.73582741423,16218.794650943642,中继,R010,1716,PASS,exact_point,0.035982598952486455,1974.647721044051,,,独立计算 DEM 遮挡、自由空间损耗与双向预算
T025,投送,16218.794650943642,16237.853474473053,中继,R010,1717,PASS,exact_point,0.035982598952486455,1974.647721044051,,,独立计算 DEM 遮挡、自由空间损耗与双向预算
T025,投送,16237.853474473053,16256.912298002466,中继,R010,1718,PASS,exact_point,0.035982598952486455,1974.647721044051,,,独立计算 DEM 遮挡、自由空间损耗与双向预算
T025,投送,16256.912298002466,16275.971121531878,中继,R010,1719,PASS,exact_point,0.035982598952486455,1974.647721044051,,,独立计算 DEM 遮挡、自由空间损耗与双向预算
T025,投送,16275.971121531878,16295.02994506129,中继,R010,1720,PASS,exact_point,0.035982598952486455,1974.647721044051,,,独立计算 DEM 遮挡、自由空间损耗与双向预算
T025,投送,16295.02994506129,16314.0887685907,中继,R010,1721,PASS,exact_point,0.035982598952486455,1974.647721044051,,,独立计算 DEM 遮挡、自由空间损耗与双向预算
T025,投送,16314.0887685907,16333.147592120113,中继,R010,1722,PASS,exact_point,0.035982598952486455,1974.647721044051,,,独立计算 DEM 遮挡、自由空间损耗与双向预算
T025,投送,16333.147592120113,16352.206415649525,中继,R010,1723,PASS,exact_point,0.035982598952486455,1974.647721044051,,,独立计算 DEM 遮挡、自由空间损耗与双向预算
T025,投送,16352.206415649525,16371.265239178936,中继,R010,1724,PASS,exact_point,0.035982598952486455,1974.647721044051,,,独立计算 DEM 遮挡、自由空间损耗与双向预算
T025,投送,16371.265239178936,16390.324062708347,中继,R010,1725,PASS,exact_point,0.035982598952486455,1974.647721044051,,,独立计算 DEM 遮挡、自由空间损耗与双向预算
T025,投送,16390.324062708347,16409.38288623776,中继,R010,1726,PASS,exact_point,0.035982598952486455,1974.647721044051,,,独立计算 DEM 遮挡、自由空间损耗与双向预算
T025,投送,16409.38288623776,16428.441709767172,中继,R010,1727,PASS,exact_point,0.035982598952486455,1974.647721044051,,,独立计算 DEM 遮挡、自由空间损耗与双向预算
T025,投送,16428.441709767172,16447.500533296585,中继,R010,1728,PASS,exact_point,0.035982598952486455,1974.647721044051,,,独立计算 DEM 遮挡、自由空间损耗与双向预算
T025,爬升,16447.500533296585,16464.49444992256,中继,R010,1729,PASS,worst_obstruction_endpoint_distance,0.035982598952486455,1974.647721044051,True,,端点最大距离且全时段按遮挡计损仍满足双向预算
T025,爬升,16464.49444992256,16481.488366548536,中继,R010,1730,PASS,worst_obstruction_endpoint_distance,0.05751103969893734,1969.7595116920882,True,,端点最大距离且全时段按遮挡计损仍满足双向预算
T025,爬升,16481.488366548536,16498.48228317451,中继,R010,1731,PASS,worst_obstruction_endpoint_distance,0.07508776444490195,1965.7775460634084,True,,端点最大距离且全时段按遮挡计损仍满足双向预算
T025,爬升,16498.48228317451,16515.47619980049,中继,R010,1732,PASS,worst_obstruction_endpoint_distance,0.08866423352374397,1962.7073399621581,True,,端点最大距离且全时段按遮挡计损仍满足双向预算
T025,巡航,16515.47619980049,16535.257556864442,中继,R010,1733,PASS,worst_obstruction_endpoint_distance,0.09820263924140704,1960.5531768111305,True,,端点最大距离且全时段按遮挡计损仍满足双向预算
T025,巡航,16535.257556864442,16555.038913928398,中继,R010,1734,PASS,worst_obstruction_endpoint_distance,1.017815697402483,1763.591404296638,True,,端点最大距离且全时段按遮挡计损仍满足双向预算
T025,巡航,16555.038913928398,16574.82027099235,中继,R010,1735,PASS,worst_obstruction_endpoint_distance,1.8755622343822864,1597.756696995542,True,,端点最大距离且全时段按遮挡计损仍满足双向预算
T025,巡航,16574.82027099235,16594.601628056305,中继,R010,1736,PASS,worst_obstruction_endpoint_distance,2.5782083813780474,1473.5956784547577,True,,端点最大距离且全时段按遮挡计损仍满足双向预算
T025,巡航,16594.601628056305,16614.382985120257,中继,R010,1737,PASS,worst_obstruction_endpoint_distance,3.009436570846745,1402.2224943312915,True,,端点最大距离且全时段按遮挡计损仍满足双向预算
T025,巡航,16614.382985120257,16634.164342184213,中继,R010,1738,PASS,worst_obstruction_endpoint_distance,2.7568539914342693,1443.597292027193,True,,端点最大距离且全时段按遮挡计损仍满足双向预算
T025,巡航,16634.164342184213,16653.945699248165,中继,R009,1739,PASS,worst_obstruction_endpoint_distance,2.6084266096501807,1468.4779434653346,True,,端点最大距离且全时段按遮挡计损仍满足双向预算
T025,巡航,16653.945699248165,16673.72705631212,中继,R009,1740,PASS,worst_obstruction_endpoint_distance,4.4941404239833105,1181.9027335123694,True,,端点最大距离且全时段按遮挡计损仍满足双向预算
T025,巡航,16673.72705631212,16693.508413376072,中继,R009,1741,PASS,worst_obstruction_endpoint_distance,6.842484620191485,901.9127517704584,True,,端点最大距离且全时段按遮挡计损仍满足双向预算
T025,巡航,16693.508413376072,16713.289770440027,中继,R009,1742,PASS,worst_obstruction_endpoint_distance,9.859604710360003,637.2480611258784,True,,端点最大距离且全时段按遮挡计损仍满足双向预算
T025,巡航,16713.289770440027,16733.07112750398,中继,R009,1743,PASS,worst_obstruction_endpoint_distance,13.520124603870883,418.1022725278625,True,,端点最大距离且全时段按遮挡计损仍满足双向预算
T025,巡航,16733.07112750398,16752.852484567935,中继,R009,1744,PASS,worst_obstruction_endpoint_distance,12.134332444850557,490.4244752302833,True,,端点最大距离且全时段按遮挡计损仍满足双向预算
T025,巡航,16752.852484567935,16772.633841631887,中继,R009,1745,PASS,worst_obstruction_endpoint_distance,8.642003386475466,733.1428255344055,True,,端点最大距离且全时段按遮挡计损仍满足双向预算
T025,巡航,16772.633841631887,16792.41519869584,直连,,1746,PASS,worst_obstruction_endpoint_distance,0.20167861880453586,3865.4924321610397,True,,端点最大距离且全时段按遮挡计损仍满足双向预算
T025,巡航,16792.41519869584,16812.196555759794,直连,,1747,PASS,worst_obstruction_endpoint_distance,0.8937544946880536,3569.4477867144446,True,,端点最大距离且全时段按遮挡计损仍满足双向预算
T025,巡航,16812.196555759794,16831.97791282375,直连,,1748,PASS,worst_obstruction_endpoint_distance,1.645460598805812,3273.5255001824776,True,,端点最大距离且全时段按遮挡计损仍满足双向预算
T025,巡航,16831.97791282375,16851.7592698877,直连,,1749,PASS,worst_obstruction_endpoint_distance,2.4679753448875914,2977.7620519260295,True,,端点最大距离且全时段按遮挡计损仍满足双向预算
T025,巡航,16851.7592698877,16871.540626951653,直连,,1750,PASS,worst_obstruction_endpoint_distance,3.375919660747627,2682.209987066719,True,,端点最大距离且全时段按遮挡计损仍满足双向预算
T025,巡航,16871.540626951653,16891.32198401561,直连,,1751,PASS,worst_obstruction_endpoint_distance,4.388916634906977,2386.947827420809,True,,端点最大距离且全时段按遮挡计损仍满足双向预算
T025,巡航,16891.32198401561,16911.10334107956,直连,,1752,PASS,worst_obstruction_endpoint_distance,5.5341333456205035,2092.098321356043,True,,端点最大距离且全时段按遮挡计损仍满足双向预算
T025,巡航,16911.10334107956,16930.884698143516,直连,,1753,PASS,worst_obstruction_endpoint_distance,6.850635996686719,1797.864505710022,True,,端点最大距离且全时段按遮挡计损仍满足双向预算
T025,巡航,16930.884698143516,16950.666055207468,直连,,1754,PASS,worst_obstruction_endpoint_distance,8.39730997944396,1504.6076282027716,True,,端点最大距离且全时段按遮挡计损仍满足双向预算
T025,巡航,16950.666055207468,16970.447412271424,直连,,1755,PASS,worst_obstruction_endpoint_distance,10.268298266887285,1213.0364331213775,True,,端点最大距离且全时段按遮挡计损仍满足双向预算
T025,巡航,16970.447412271424,16990.228769335376,直连,,1756,PASS,worst_obstruction_endpoint_distance,12.62531864366639,924.7467764723526,True,,端点最大距离且全时段按遮挡计损仍满足双向预算
T025,巡航,16990.228769335376,17010.01012639933,直连,,1757,PASS,worst_obstruction_endpoint_distance,15.765903798404153,644.1597258386764,True,,端点最大距离且全时段按遮挡计损仍满足双向预算
T025,巡航,17010.01012639933,17029.791483463283,直连,,1758,PASS,worst_obstruction_endpoint_distance,20.16139188233373,388.3462932365988,True,,端点最大距离且全时段按遮挡计损仍满足双向预算
T025,下降,17029.791483463283,17049.115709624697,直连,,1759,PASS,worst_obstruction_endpoint_distance,23.968262608738172,250.53916625976603,True,,端点最大距离且全时段按遮挡计损仍满足双向预算
T025,下降,17049.115709624697,17068.439935786108,直连,,1760,PASS,worst_obstruction_endpoint_distance,25.423536680378348,211.89071393693814,True,,端点最大距离且全时段按遮挡计损仍满足双向预算
T025,下降,17068.439935786108,17087.764161947518,直连,,1761,PASS,worst_obstruction_endpoint_distance,27.17269827277154,173.24226161411758,True,,端点最大距离且全时段按遮挡计损仍满足双向预算
T025,下降,17087.764161947518,17107.088388108932,直连,,1762,PASS,worst_obstruction_endpoint_distance,29.365273470602986,134.59380929129696,True,,端点最大距离且全时段按遮挡计损仍满足双向预算
T025,下降,17107.088388108932,17126.412614270343,直连,,1763,PASS,worst_obstruction_endpoint_distance,32.30529590570602,95.9453569684691,True,,端点最大距离且全时段按遮挡计损仍满足双向预算
T025,下降,17126.412614270343,17145.736840431753,直连,,1764,PASS,worst_obstruction_endpoint_distance,36.783151952118246,57.29690464564848,True,,端点最大距离且全时段按遮挡计损仍满足双向预算
T025,下降,17145.736840431753,17165.061066593167,直连,,1765,PASS,worst_obstruction_endpoint_distance,45.92517525248826,20.0,True,,端点最大距离且全时段按遮挡计损仍满足双向预算
T026,爬升,17721.0,17740.04006632487,直连,,1766,PASS,worst_obstruction_endpoint_distance,40.55356925591849,37.120198974607234,True,,端点最大距离且全时段按遮挡计损仍满足双向预算
T026,爬升,17740.04006632487,17759.08013264974,直连,,1767,PASS,worst_obstruction_endpoint_distance,32.461032938897375,94.24039794921444,True,,端点最大距离且全时段按遮挡计损仍满足双向预算
T026,爬升,17759.08013264974,17778.120198974608,直连,,1768,PASS,worst_obstruction_endpoint_distance,28.345518529828823,151.36059692382167,True,,端点最大距离且全时段按遮挡计损仍满足双向预算
T026,爬升,17778.120198974608,17797.16026529948,直连,,1769,PASS,worst_obstruction_endpoint_distance,25.56445403899241,208.4807958984398,True,,端点最大距离且全时段按遮挡计损仍满足双向预算
T026,爬升,17797.16026529948,17816.20033162435,直连,,1770,PASS,worst_obstruction_endpoint_distance,23.4611812166777,265.600994873047,True,,端点最大距离且全时段按遮挡计损仍满足双向预算
T026,巡航,17816.20033162435,17835.9081935608,直连,,1771,PASS,worst_obstruction_endpoint_distance,19.961022984094825,397.40891843474714,True,,端点最大距离且全时段按遮挡计损仍满足双向预算
T026,巡航,17835.9081935608,17855.616055497252,直连,,1772,PASS,worst_obstruction_endpoint_distance,15.71220980707109,648.1540930775991,True,,端点最大距离且全时段按遮挡计损仍满足双向预算
T026,巡航,17855.616055497252,17875.323917433703,直连,,1773,PASS,worst_obstruction_endpoint_distance,12.615695694557772,925.7718553957345,True,,端点最大距离且全时段按遮挡计损仍满足双向预算
T026,巡航,17875.323917433703,17895.031779370158,直连,,1774,PASS,worst_obstruction_endpoint_distance,10.276198059579158,1211.9336813788218,True,,端点最大距离且全时段按遮挡计损仍满足双向预算
T026,巡航,17895.031779370158,17914.73964130661,直连,,1775,PASS,worst_obstruction_endpoint_distance,8.41374566235858,1501.763259580158,True,,端点最大距离且全时段按遮挡计损仍满足双向预算
T026,巡航,17914.73964130661,17934.44750324306,直连,,1776,PASS,worst_obstruction_endpoint_distance,6.871828288485418,1793.4833279230154,True,,端点最大距离且全时段按遮挡计损仍满足双向预算
T026,巡航,17934.44750324306,17954.15536517951,直连,,1777,PASS,worst_obstruction_endpoint_distance,5.5582357768518165,2086.3010154813837,True,,端点最大距离且全时段按遮挡计损仍满足双向预算
T026,巡航,17954.15536517951,17973.863227115962,直连,,1778,PASS,worst_obstruction_endpoint_distance,4.414925099865556,2379.8111956219004,True,,端点最大距离且全时段按遮挡计损仍满足双向预算
T026,巡航,17973.863227115962,17993.571089052417,直连,,1779,PASS,worst_obstruction_endpoint_distance,3.4032428294939336,2673.7858265695286,True,,端点最大距离且全时段按遮挡计损仍满足双向预算
T026,巡航,17993.571089052417,18013.278950988868,直连,,1780,PASS,worst_obstruction_endpoint_distance,2.4962429037207414,2968.0869067243466,True,,端点最大距离且全时段按遮挡计损仍满足双向预算
T026,巡航,18013.278950988868,18032.98681292532,直连,,1781,PASS,worst_obstruction_endpoint_distance,1.6744290534633564,3262.6260964629014,True,,端点最大距离且全时段按遮挡计损仍满足双向预算
T026,巡航,18032.98681292532,18052.69467486177,直连,,1782,PASS,worst_obstruction_endpoint_distance,0.9232572696648731,3557.344251646282,True,,端点最大距离且全时段按遮挡计损仍满足双向预算
T026,巡航,18052.69467486177,18072.40253679822,直连,,1783,PASS,worst_obstruction_endpoint_distance,0.23159795919497128,3852.2002964625754,True,,端点最大距离且全时段按遮挡计损仍满足双向预算
T026,巡航,18072.40253679822,18092.110398734676,中继,R011,1784,PASS,worst_obstruction_endpoint_distance,1.5293471153495517,1662.7287360181963,True,,端点最大距离且全时段按遮挡计损仍满足双向预算
T026,巡航,18092.110398734676,18111.818260671127,中继,R011,1785,PASS,worst_obstruction_endpoint_distance,3.1918929171144725,1373.0745338103702,True,,端点最大距离且全时段按遮挡计损仍满足双向预算
T026,巡航,18111.818260671127,18131.526122607578,中继,R011,1786,PASS,worst_obstruction_endpoint_distance,5.224083731909346,1086.6372077029318,True,,端点最大距离且全时段按遮挡计损仍满足双向预算
T026,巡航,18131.526122607578,18151.23398454403,中继,R011,1787,PASS,worst_obstruction_endpoint_distance,7.809918002431388,806.8501018641134,True,,端点最大距离且全时段按遮挡计损仍满足双向预算
T026,巡航,18151.23398454403,18170.941846480484,中继,R011,1788,PASS,worst_obstruction_endpoint_distance,11.23265745479327,544.0713855181892,True,,端点最大距离且全时段按遮挡计损仍满足双向预算
T026,巡航,18170.941846480484,18190.649708416935,中继,R011,1789,PASS,worst_obstruction_endpoint_distance,15.30868289058364,340.2942523009908,True,,端点最大距离且全时段按遮挡计损仍满足双向预算
T026,巡航,18190.649708416935,18210.357570353386,中继,R011,1790,PASS,worst_obstruction_endpoint_distance,11.478649442313184,528.878955160324,True,,端点最大距离且全时段按遮挡计损仍满足双向预算
T026,巡航,18210.357570353386,18230.065432289837,中继,R011,1791,PASS,worst_obstruction_endpoint_distance,7.995048454551593,789.834928744089,True,,端点最大距离且全时段按遮挡计损仍满足双向预算
T026,巡航,18230.065432289837,18249.77329422629,中继,R011,1792,PASS,worst_obstruction_endpoint_distance,5.366280347934946,1068.9927034665866,True,,端点最大距离且全时段按遮挡计损仍满足双向预算
T026,巡航,18249.77329422629,18269.481156162743,中继,R011,1793,PASS,worst_obstruction_endpoint_distance,3.306027817586582,1355.1499936956816,True,,端点最大距离且全时段按遮挡计损仍满足双向预算
T026,巡航,18269.481156162743,18289.189018099194,中继,R011,1794,PASS,worst_obstruction_endpoint_distance,1.6242669914537942,1644.6572684634768,True,,端点最大距离且全时段按遮挡计损仍满足双向预算
T026,巡航,18289.189018099194,18308.896880035645,中继,R011,1795,PASS,worst_obstruction_endpoint_distance,0.2076130959518423,1936.0122613129108,True,,端点最大距离且全时段按遮挡计损仍满足双向预算
T026,下降,18308.896880035645,18326.697012685385,中继,R011,1796,PASS,worst_obstruction_endpoint_distance,0.2076130959518423,1936.0122613129108,True,,端点最大距离且全时段按遮挡计损仍满足双向预算
T026,下降,18326.697012685385,18344.497145335125,中继,R011,1797,PASS,worst_obstruction_endpoint_distance,0.20735980617972416,1936.0687183109696,True,,端点最大距离且全时段按遮挡计损仍满足双向预算
T026,下降,18344.497145335125,18362.297277984864,中继,R011,1798,PASS,worst_obstruction_endpoint_distance,0.20035561395789614,1937.6305694328028,True,,端点最大距离且全时段按遮挡计损仍满足双向预算
T026,投送,18362.297277984864,18382.297277984864,中继,R012,1799,PASS,exact_point,3.39937676301723,4239.5515479062415,,,独立计算 DEM 遮挡、自由空间损耗与双向预算
T026,投送,18382.297277984864,18402.297277984864,中继,R012,1800,PASS,exact_point,3.39937676301723,4239.5515479062415,,,独立计算 DEM 遮挡、自由空间损耗与双向预算
T026,投送,18402.297277984864,18422.297277984864,中继,R012,1801,PASS,exact_point,3.39937676301723,4239.5515479062415,,,独立计算 DEM 遮挡、自由空间损耗与双向预算
T026,投送,18422.297277984864,18442.297277984864,中继,R012,1802,PASS,exact_point,3.39937676301723,4239.5515479062415,,,独立计算 DEM 遮挡、自由空间损耗与双向预算
T026,投送,18442.297277984864,18462.297277984864,中继,R012,1803,PASS,exact_point,3.39937676301723,4239.5515479062415,,,独立计算 DEM 遮挡、自由空间损耗与双向预算
T026,投送,18462.297277984864,18482.297277984864,中继,R012,1804,PASS,exact_point,3.39937676301723,4239.5515479062415,,,独立计算 DEM 遮挡、自由空间损耗与双向预算
T026,投送,18482.297277984864,18502.297277984864,中继,R012,1805,PASS,exact_point,3.39937676301723,4239.5515479062415,,,独立计算 DEM 遮挡、自由空间损耗与双向预算
T026,投送,18502.297277984864,18522.297277984864,中继,R012,1806,PASS,exact_point,3.39937676301723,4239.5515479062415,,,独立计算 DEM 遮挡、自由空间损耗与双向预算
T026,投送,18522.297277984864,18542.297277984864,中继,R012,1807,PASS,exact_point,3.39937676301723,4239.5515479062415,,,独立计算 DEM 遮挡、自由空间损耗与双向预算
T026,爬升,18542.297277984864,18557.13072185965,中继,R011,1808,PASS,worst_obstruction_endpoint_distance,0.20035561395789614,1937.6305694328028,True,,端点最大距离且全时段按遮挡计损仍满足双向预算
T026,爬升,18557.13072185965,18571.96416573443,中继,R011,1809,PASS,worst_obstruction_endpoint_distance,0.20735980617972416,1936.0687183109696,True,,端点最大距离且全时段按遮挡计损仍满足双向预算
T026,爬升,18571.96416573443,18586.797609609213,中继,R011,1810,PASS,worst_obstruction_endpoint_distance,0.2076130959518423,1936.0122613129108,True,,端点最大距离且全时段按遮挡计损仍满足双向预算
T026,巡航,18586.797609609213,18606.505471545664,中继,R011,1811,PASS,worst_obstruction_endpoint_distance,0.2076130959518423,1936.0122613129108,True,,端点最大距离且全时段按遮挡计损仍满足双向预算
T026,巡航,18606.505471545664,18626.213333482116,中继,R011,1812,PASS,worst_obstruction_endpoint_distance,1.6242669914537942,1644.6572684634768,True,,端点最大距离且全时段按遮挡计损仍满足双向预算
T026,巡航,18626.213333482116,18645.921195418567,中继,R011,1813,PASS,worst_obstruction_endpoint_distance,3.306027817586582,1355.1499936956816,True,,端点最大距离且全时段按遮挡计损仍满足双向预算
T026,巡航,18645.921195418567,18665.62905735502,中继,R011,1814,PASS,worst_obstruction_endpoint_distance,5.36628034793452,1068.9927034666387,True,,端点最大距离且全时段按遮挡计损仍满足双向预算
T026,巡航,18665.62905735502,18685.336919291472,中继,R011,1815,PASS,worst_obstruction_endpoint_distance,7.995048454551593,789.834928744089,True,,端点最大距离且全时段按遮挡计损仍满足双向预算
T026,巡航,18685.336919291472,18705.044781227924,中继,R011,1816,PASS,worst_obstruction_endpoint_distance,11.478649442313184,528.878955160324,True,,端点最大距离且全时段按遮挡计损仍满足双向预算
T026,巡航,18705.044781227924,18724.752643164375,中继,R011,1817,PASS,worst_obstruction_endpoint_distance,15.30868289058364,340.2942523009908,True,,端点最大距离且全时段按遮挡计损仍满足双向预算
T026,巡航,18724.752643164375,18744.460505100826,中继,R011,1818,PASS,worst_obstruction_endpoint_distance,11.232657454793497,544.0713855181754,True,,端点最大距离且全时段按遮挡计损仍满足双向预算
T026,巡航,18744.460505100826,18764.16836703728,中继,R011,1819,PASS,worst_obstruction_endpoint_distance,7.809918002431388,806.8501018641134,True,,端点最大距离且全时段按遮挡计损仍满足双向预算
T026,巡航,18764.16836703728,18783.87622897373,中继,R011,1820,PASS,worst_obstruction_endpoint_distance,5.224083731909346,1086.6372077029318,True,,端点最大距离且全时段按遮挡计损仍满足双向预算
T026,巡航,18783.87622897373,18803.584090910183,中继,R011,1821,PASS,worst_obstruction_endpoint_distance,3.1918929171144725,1373.0745338103702,True,,端点最大距离且全时段按遮挡计损仍满足双向预算
T026,巡航,18803.584090910183,18823.291952846634,中继,R011,1822,PASS,worst_obstruction_endpoint_distance,1.5293471153497364,1662.7287360181615,True,,端点最大距离且全时段按遮挡计损仍满足双向预算
T026,巡航,18823.291952846634,18842.999814783085,直连,,1823,PASS,worst_obstruction_endpoint_distance,0.2315979591948718,3852.200296462618,True,,端点最大距离且全时段按遮挡计损仍满足双向预算
T026,巡航,18842.999814783085,18862.70767671954,直连,,1824,PASS,worst_obstruction_endpoint_distance,0.9232572696647594,3557.3442516463247,True,,端点最大距离且全时段按遮挡计损仍满足双向预算
T026,巡航,18862.70767671954,18882.41553865599,直连,,1825,PASS,worst_obstruction_endpoint_distance,1.6744290534633564,3262.6260964629014,True,,端点最大距离且全时段按遮挡计损仍满足双向预算
T026,巡航,18882.41553865599,18902.12340059244,直连,,1826,PASS,worst_obstruction_endpoint_distance,2.4962429037207414,2968.0869067243466,True,,端点最大距离且全时段按遮挡计损仍满足双向预算
T026,巡航,18902.12340059244,18921.831262528893,直连,,1827,PASS,worst_obstruction_endpoint_distance,3.4032428294939336,2673.7858265695286,True,,端点最大距离且全时段按遮挡计损仍满足双向预算
T026,巡航,18921.831262528893,18941.539124465347,直连,,1828,PASS,worst_obstruction_endpoint_distance,4.4149250998654,2379.8111956219427,True,,端点最大距离且全时段按遮挡计损仍满足双向预算
T026,巡航,18941.539124465347,18961.2469864018,直连,,1829,PASS,worst_obstruction_endpoint_distance,5.5582357768518165,2086.3010154813837,True,,端点最大距离且全时段按遮挡计损仍满足双向预算
T026,巡航,18961.2469864018,18980.95484833825,直连,,1830,PASS,worst_obstruction_endpoint_distance,6.871828288485418,1793.4833279230154,True,,端点最大距离且全时段按遮挡计损仍满足双向预算
T026,巡航,18980.95484833825,19000.6627102747,直连,,1831,PASS,worst_obstruction_endpoint_distance,8.41374566235858,1501.763259580158,True,,端点最大距离且全时段按遮挡计损仍满足双向预算
T026,巡航,19000.6627102747,19020.37057221115,直连,,1832,PASS,worst_obstruction_endpoint_distance,10.276198059579158,1211.9336813788218,True,,端点最大距离且全时段按遮挡计损仍满足双向预算
T026,巡航,19020.37057221115,19040.078434147606,直连,,1833,PASS,worst_obstruction_endpoint_distance,12.615695694557388,925.7718553957753,True,,端点最大距离且全时段按遮挡计损仍满足双向预算
T026,巡航,19040.078434147606,19059.786296084058,直连,,1834,PASS,worst_obstruction_endpoint_distance,15.71220980707109,648.1540930775991,True,,端点最大距离且全时段按遮挡计损仍满足双向预算
T026,巡航,19059.786296084058,19079.49415802051,直连,,1835,PASS,worst_obstruction_endpoint_distance,19.961022984094825,397.40891843474714,True,,端点最大距离且全时段按遮挡计损仍满足双向预算
T026,下降,19079.49415802051,19098.534224345378,直连,,1836,PASS,worst_obstruction_endpoint_distance,23.4611812166777,265.600994873047,True,,端点最大距离且全时段按遮挡计损仍满足双向预算
T026,下降,19098.534224345378,19117.574290670247,直连,,1837,PASS,worst_obstruction_endpoint_distance,25.17661226102642,218.00082906087403,True,,端点最大距离且全时段按遮挡计损仍满足双向预算
T026,下降,19117.574290670247,19136.614356995116,直连,,1838,PASS,worst_obstruction_endpoint_distance,27.316349549091996,170.40066324870105,True,,端点最大距离且全时段按遮挡计损仍满足双向预算
T026,下降,19136.614356995116,19155.65442331999,直连,,1839,PASS,worst_obstruction_endpoint_distance,30.16177264505552,122.80049743652802,True,,端点最大距离且全时段按遮挡计损仍满足双向预算
T026,下降,19155.65442331999,19174.69448964486,直连,,1840,PASS,worst_obstruction_endpoint_distance,34.42138005013027,75.20033162434598,True,,端点最大距离且全时段按遮挡计损仍满足双向预算
T026,下降,19174.69448964486,19193.734555969728,直连,,1841,PASS,worst_obstruction_endpoint_distance,43.1275413425103,27.600165812173003,True,,端点最大距离且全时段按遮挡计损仍满足双向预算
T027,爬升,17767.0,17785.0987882487,直连,,1842,PASS,worst_obstruction_endpoint_distance,41.24081337971073,34.296364746096,True,,端点最大距离且全时段按遮挡计损仍满足双向预算
T027,爬升,17785.0987882487,17803.197576497398,直连,,1843,PASS,worst_obstruction_endpoint_distance,32.997813520573715,88.59272949219198,True,,端点最大距离且全时段按遮挡计损仍满足双向预算
T027,爬升,17803.197576497398,17821.296364746093,直连,,1844,PASS,worst_obstruction_endpoint_distance,28.845793500078372,142.88909423827704,True,,端点最大距离且全时段按遮挡计损仍满足双向预算
T027,爬升,17821.296364746093,17839.39515299479,直连,,1845,PASS,worst_obstruction_endpoint_distance,26.04827745221256,197.18545898437304,True,,端点最大距离且全时段按遮挡计损仍满足双向预算
T027,爬升,17839.39515299479,17857.49394124349,直连,,1846,PASS,worst_obstruction_endpoint_distance,23.935643142447674,251.481823730469,True,,端点最大距离且全时段按遮挡计损仍满足双向预算
T027,巡航,17857.49394124349,17876.510517875497,直连,,1847,PASS,worst_obstruction_endpoint_distance,20.343794916914376,380.27608351961703,True,,端点最大距离且全时段按遮挡计损仍满足双向预算
T027,巡航,17876.510517875497,17895.527094507503,直连,,1848,PASS,worst_obstruction_endpoint_distance,16.049514949605253,623.466338937083,True,,端点最大距离且全时段按遮挡计损仍满足双向预算
T027,巡航,17895.527094507503,17914.54367113951,直连,,1849,PASS,worst_obstruction_endpoint_distance,12.939131831411018,891.9328651522274,True,,端点最大距离且全时段按遮挡计损仍满足双向预算
T027,巡航,17914.54367113951,17933.560247771515,直连,,1850,PASS,worst_obstruction_endpoint_distance,10.594093021855073,1168.3799810635858,True,,端点最大距离且全时段按遮挡计损仍满足双向预算
T027,巡航,17933.560247771515,17952.57682440352,直连,,1851,PASS,worst_obstruction_endpoint_distance,8.72893580056764,1448.2447681320716,True,,端点最大距离且全时段按遮挡计损仍满足双向预算
T027,巡航,17952.57682440352,17971.593401035523,直连,,1852,PASS,worst_obstruction_endpoint_distance,7.185509592415528,1729.8692496122549,True,,端点最大距离且全时段按遮挡计损仍满足双向预算
T027,巡航,17971.593401035523,17990.60997766753,直连,,1853,PASS,worst_obstruction_endpoint_distance,5.870993404915339,2012.514824081251,True,,端点最大距离且全时段按遮挡计损仍满足双向预算
T027,巡航,17990.60997766753,18009.626554299535,直连,,1854,PASS,worst_obstruction_endpoint_distance,4.727077525390385,2295.804390099458,True,,端点最大距离且全时段按遮挡计损仍满足双向预算
T027,巡航,18009.626554299535,18028.64313093154,直连,,1855,PASS,worst_obstruction_endpoint_distance,3.714977705515082,2579.525782409333,True,,端点最大距离且全时段按遮挡计损仍满足双向预算
T027,巡航,18028.64313093154,18047.659707563547,直连,,1856,PASS,worst_obstruction_endpoint_distance,2.807677788514951,2863.5506474809567,True,,端点最大距离且全时段按遮挡计损仍满足双向预算
T027,巡航,18047.659707563547,18066.676284195553,直连,,1857,PASS,worst_obstruction_endpoint_distance,1.9856412656795612,3147.7968395884704,True,,端点最大距离且全时段按遮挡计损仍满足双向预算
T027,巡航,18066.676284195553,18085.69286082756,直连,,1858,PASS,worst_obstruction_endpoint_distance,1.2342997133882534,3432.2093700731825,True,,端点最大距离且全时段按遮挡计损仍满足双向预算
T027,巡航,18085.69286082756,18104.709437459565,直连,,1859,PASS,worst_obstruction_endpoint_distance,0.5425080385621612,3716.750053578153,True,,端点最大距离且全时段按遮挡计损仍满足双向预算
T027,巡航,18104.709437459565,18123.72601409157,中继,R012,1860,PASS,worst_obstruction_endpoint_distance,2.6367184328904614,1463.702574272917,True,,端点最大距离且全时段按遮挡计损仍满足双向预算
T027,巡航,18123.72601409157,18142.742590723577,中继,R012,1861,PASS,worst_obstruction_endpoint_distance,3.0597232739024207,1394.1278229083944,True,,端点最大距离且全时段按遮挡计损仍满足双向预算
T027,巡航,18142.742590723577,18161.759167355583,中继,R012,1862,PASS,worst_obstruction_endpoint_distance,2.861993538800405,1426.2284039160454,True,,端点最大距离且全时段按遮挡计损仍满足双向预算
T027,巡航,18161.759167355583,18180.77574398759,中继,R012,1863,PASS,worst_obstruction_endpoint_distance,2.284357046148841,1524.301601715459,True,,端点最大距离且全时段按遮挡计损仍满足双向预算
T027,下降,18180.77574398759,18199.768473479777,中继,R012,1864,PASS,worst_obstruction_endpoint_distance,2.246501178587579,1530.9594906028888,True,,端点最大距离且全时段按遮挡计损仍满足双向预算
T027,投送,18199.768473479777,18219.768473479777,中继,R012,1865,PASS,exact_point,12.246501178587579,1530.9594906028888,,,独立计算 DEM 遮挡、自由空间损耗与双向预算
T027,投送,18219.768473479777,18239.768473479777,中继,R012,1866,PASS,exact_point,12.246501178587579,1530.9594906028888,,,独立计算 DEM 遮挡、自由空间损耗与双向预算
T027,投送,18239.768473479777,18259.768473479777,中继,R012,1867,PASS,exact_point,12.246501178587579,1530.9594906028888,,,独立计算 DEM 遮挡、自由空间损耗与双向预算
T027,投送,18259.768473479777,18279.768473479777,中继,R012,1868,PASS,exact_point,12.246501178587579,1530.9594906028888,,,独立计算 DEM 遮挡、自由空间损耗与双向预算
T027,投送,18279.768473479777,18299.768473479777,中继,R012,1869,PASS,exact_point,12.246501178587579,1530.9594906028888,,,独立计算 DEM 遮挡、自由空间损耗与双向预算
T027,投送,18299.768473479777,18319.768473479777,中继,R012,1870,PASS,exact_point,12.246501178587579,1530.9594906028888,,,独立计算 DEM 遮挡、自由空间损耗与双向预算
T027,投送,18319.768473479777,18339.768473479777,中继,R012,1871,PASS,exact_point,12.246501178587579,1530.9594906028888,,,独立计算 DEM 遮挡、自由空间损耗与双向预算
T027,投送,18339.768473479777,18359.768473479777,中继,R012,1872,PASS,exact_point,12.246501178587579,1530.9594906028888,,,独立计算 DEM 遮挡、自由空间损耗与双向预算
T027,投送,18359.768473479777,18379.768473479777,中继,R012,1873,PASS,exact_point,12.246501178587579,1530.9594906028888,,,独立计算 DEM 遮挡、自由空间损耗与双向预算
T027,爬升,18379.768473479777,18395.5957480566,中继,R012,1874,PASS,worst_obstruction_endpoint_distance,2.246501178587579,1530.9594906028888,True,,端点最大距离且全时段按遮挡计损仍满足双向预算
T027,巡航,18395.5957480566,18414.612324688605,中继,R012,1875,PASS,worst_obstruction_endpoint_distance,2.284357046148841,1524.301601715459,True,,端点最大距离且全时段按遮挡计损仍满足双向预算
T027,巡航,18414.612324688605,18433.62890132061,中继,R012,1876,PASS,worst_obstruction_endpoint_distance,2.861993538800405,1426.2284039160454,True,,端点最大距离且全时段按遮挡计损仍满足双向预算
T027,巡航,18433.62890132061,18452.645477952618,中继,R011,1877,PASS,worst_obstruction_endpoint_distance,0.09758597269323843,1960.692373891571,True,,端点最大距离且全时段按遮挡计损仍满足双向预算
T027,巡航,18452.645477952618,18471.662054584624,中继,R012,1878,PASS,worst_obstruction_endpoint_distance,2.6367184328904614,1463.702574272917,True,,端点最大距离且全时段按遮挡计损仍满足双向预算
T027,巡航,18471.662054584624,18490.67863121663,直连,,1879,PASS,worst_obstruction_endpoint_distance,0.5425080385621612,3716.750053578153,True,,端点最大距离且全时段按遮挡计损仍满足双向预算
T027,巡航,18490.67863121663,18509.695207848636,直连,,1880,PASS,worst_obstruction_endpoint_distance,1.2342997133882534,3432.2093700731825,True,,端点最大距离且全时段按遮挡计损仍满足双向预算
T027,巡航,18509.695207848636,18528.71178448064,直连,,1881,PASS,worst_obstruction_endpoint_distance,1.9856412656795612,3147.7968395884704,True,,端点最大距离且全时段按遮挡计损仍满足双向预算
T027,巡航,18528.71178448064,18547.728361112648,直连,,1882,PASS,worst_obstruction_endpoint_distance,2.807677788514951,2863.5506474809567,True,,端点最大距离且全时段按遮挡计损仍满足双向预算
T027,巡航,18547.728361112648,18566.744937744654,直连,,1883,PASS,worst_obstruction_endpoint_distance,3.714977705515082,2579.525782409333,True,,端点最大距离且全时段按遮挡计损仍满足双向预算
T027,巡航,18566.744937744654,18585.76151437666,直连,,1884,PASS,worst_obstruction_endpoint_distance,4.727077525390385,2295.804390099458,True,,端点最大距离且全时段按遮挡计损仍满足双向预算
T027,巡航,18585.76151437666,18604.778091008662,直连,,1885,PASS,worst_obstruction_endpoint_distance,5.870993404915339,2012.514824081251,True,,端点最大距离且全时段按遮挡计损仍满足双向预算
T027,巡航,18604.778091008662,18623.79466764067,直连,,1886,PASS,worst_obstruction_endpoint_distance,7.185509592415272,1729.8692496123044,True,,端点最大距离且全时段按遮挡计损仍满足双向预算
T027,巡航,18623.79466764067,18642.811244272674,直连,,1887,PASS,worst_obstruction_endpoint_distance,8.72893580056764,1448.2447681320716,True,,端点最大距离且全时段按遮挡计损仍满足双向预算
T027,巡航,18642.811244272674,18661.82782090468,直连,,1888,PASS,worst_obstruction_endpoint_distance,10.594093021855073,1168.3799810635858,True,,端点最大距离且全时段按遮挡计损仍满足双向预算
T027,巡航,18661.82782090468,18680.844397536686,直连,,1889,PASS,worst_obstruction_endpoint_distance,12.939131831411018,891.9328651522274,True,,端点最大距离且全时段按遮挡计损仍满足双向预算
T027,巡航,18680.844397536686,18699.860974168692,直连,,1890,PASS,worst_obstruction_endpoint_distance,16.049514949605253,623.466338937083,True,,端点最大距离且全时段按遮挡计损仍满足双向预算
T027,巡航,18699.860974168692,18718.8775508007,直连,,1891,PASS,worst_obstruction_endpoint_distance,20.343794916914376,380.27608351961703,True,,端点最大距离且全时段按遮挡计损仍满足双向预算
T027,下降,18718.8775508007,18736.976339049397,直连,,1892,PASS,worst_obstruction_endpoint_distance,23.935643142447674,251.481823730469,True,,端点最大距离且全时段按遮挡计损仍满足双向预算
T027,下降,18736.976339049397,18755.075127298096,直连,,1893,PASS,worst_obstruction_endpoint_distance,25.65853393190916,206.23485310872263,True,,端点最大距离且全时段按遮挡计损仍满足双向预算
T027,下降,18755.075127298096,18773.17391554679,直连,,1894,PASS,worst_obstruction_endpoint_distance,27.809911405018056,160.98788248697628,True,,端点最大距离且全时段按遮挡计损仍满足双向预算
T027,下降,18773.17391554679,18791.27270379549,直连,,1895,PASS,worst_obstruction_endpoint_distance,30.67603717313135,115.74091186523907,True,,端点最大距离且全时段按遮挡计损仍满足双向预算
T027,下降,18791.27270379549,18809.37149204419,直连,,1896,PASS,worst_obstruction_endpoint_distance,34.98273932171037,70.49394124349269,True,,端点最大距离且全时段按遮挡计损仍满足双向预算
T027,下降,18809.37149204419,18827.470280292888,直连,,1897,PASS,worst_obstruction_endpoint_distance,43.90158967207057,25.246970621746357,True,,端点最大距离且全时段按遮挡计损仍满足双向预算
T028,爬升,19524.0,19541.107585313584,直连,,1898,PASS,worst_obstruction_endpoint_distance,42.02857583418913,31.32275594075338,True,,端点最大距离且全时段按遮挡计损仍满足双向预算
T028,爬升,19541.107585313584,19558.21517062717,直连,,1899,PASS,worst_obstruction_endpoint_distance,33.60138968772023,82.64551188150674,True,,端点最大距离且全时段按遮挡计损仍满足双向预算
T028,爬升,19558.21517062717,19575.322755940757,直连,,1900,PASS,worst_obstruction_endpoint_distance,29.405736324095272,133.968267822271,True,,端点最大距离且全时段按遮挡计损仍满足双向预算
T028,爬升,19575.322755940757,19592.43034125434,直连,,1901,PASS,worst_obstruction_endpoint_distance,26.588687548371112,185.29102376302433,True,,端点最大距离且全时段按遮挡计损仍满足双向预算
T028,爬升,19592.43034125434,19609.537926567926,直连,,1902,PASS,worst_obstruction_endpoint_distance,24.464974504050446,236.6137797037777,True,,端点最大距离且全时段按遮挡计损仍满足双向预算
T028,爬升,19609.537926567926,19626.64551188151,直连,,1903,PASS,worst_obstruction_endpoint_distance,22.759839664518097,287.93653564453103,True,,端点最大距离且全时段按遮挡计损仍满足双向预算
T028,巡航,19626.64551188151,19646.580823865923,直连,,1904,PASS,worst_obstruction_endpoint_distance,19.58226210365403,415.12190732371414,True,,端点最大距离且全时段按遮挡计损仍满足双向预算
T028,巡航,19646.580823865923,19666.516135850336,直连,,1905,PASS,worst_obstruction_endpoint_distance,15.505503268057225,663.7638481291795,True,,端点最大距离且全时段按遮挡计损仍满足双向预算
T028,巡航,19666.516135850336,19686.45144783475,直连,,1906,PASS,worst_obstruction_endpoint_distance,12.463229440912471,942.1656929588383,True,,端点最大距离且全时段按遮挡计损仍满足双向预算
T028,巡航,19686.45144783475,19706.386759819165,直连,,1907,PASS,worst_obstruction_endpoint_distance,10.145642631642374,1230.2875430794097,True,,端点最大距离且全时段按遮挡计损仍满足双向预算
T028,巡航,19706.386759819165,19726.322071803577,直连,,1908,PASS,worst_obstruction_endpoint_distance,8.29393609978112,1522.6214838514215,True,,端点最大距离且全时段按遮挡计损仍满足双向预算
T028,巡航,19726.322071803577,19746.25738378799,直连,,1909,PASS,worst_obstruction_endpoint_distance,6.758027590343033,1817.1357754107732,True,,端点最大距离且全时段按遮挡计损仍满足双向预算
T028,巡航,19746.25738378799,19766.192695772403,直连,,1910,PASS,worst_obstruction_endpoint_distance,5.448118714902037,2112.9188740298164,True,,端点最大距离且全时段按遮挡计损仍满足双向预算
T028,巡航,19766.192695772403,19786.128007756815,直连,,1911,PASS,worst_obstruction_endpoint_distance,4.307223717296679,2409.5035606837673,True,,端点最大距离且全时段按遮挡计损仍满足双向预算
T028,巡航,19786.128007756815,19806.063319741228,直连,,1912,PASS,worst_obstruction_endpoint_distance,3.2972090851020823,2706.626340747146,True,,端点最大距离且全时段按遮挡计损仍满足双向预算
T028,巡航,19806.063319741228,19825.99863172564,直连,,1913,PASS,worst_obstruction_endpoint_distance,2.3914077795581505,3004.1275583214433,True,,端点最大距离且全时段按遮挡计损仍满足双向预算
T028,巡航,19825.99863172564,19845.933943710053,直连,,1914,PASS,worst_obstruction_endpoint_distance,1.5704838890168276,3301.904923475064,True,,端点最大距离且全时段按遮挡计损仍满足双向预算
T028,巡航,19845.933943710053,19865.86925569447,直连,,1915,PASS,worst_obstruction_endpoint_distance,0.8199907753844542,3599.8899093492196,True,,端点最大距离且全时段按遮挡计损仍满足双向预算
T028,巡航,19865.86925569447,19885.804567678882,直连,,1916,PASS,worst_obstruction_endpoint_distance,0.1288606994989152,3898.034901583201,True,,端点最大距离且全时段按遮挡计损仍满足双向预算
T028,巡航,19885.804567678882,19905.739879663295,中继,R012,1917,PASS,worst_obstruction_endpoint_distance,10.948992185169729,562.133087686047,True,,端点最大距离且全时段按遮挡计损仍满足双向预算
T028,巡航,19905.739879663295,19925.675191647708,中继,R012,1918,PASS,worst_obstruction_endpoint_distance,16.38604170257858,300.598405903194,True,,端点最大距离且全时段按遮挡计损仍满足双向预算
T028,巡航,19925.675191647708,19945.61050363212,中继,R012,1919,PASS,worst_obstruction_endpoint_distance,13.500443868742849,419.0506945919927,True,,端点最大距离且全时段按遮挡计损仍满足双向预算
T028,下降,19945.61050363212,19962.417810761028,中继,R012,1920,PASS,worst_obstruction_endpoint_distance,13.1511283549915,436.24688662675135,True,,端点最大距离且全时段按遮挡计损仍满足双向预算
T028,下降,19962.417810761028,19979.225117889935,中继,R012,1921,PASS,worst_obstruction_endpoint_distance,12.753667451270502,456.6730528579534,True,,端点最大距离且全时段按遮挡计损仍满足双向预算
T028,投送,19979.225117889935,19999.225117889935,中继,R012,1922,PASS,exact_point,22.753667451270502,456.6730528579534,,,独立计算 DEM 遮挡、自由空间损耗与双向预算
T028,投送,19999.225117889935,20019.225117889935,中继,R012,1923,PASS,exact_point,22.753667451270502,456.6730528579534,,,独立计算 DEM 遮挡、自由空间损耗与双向预算
T028,投送,20019.225117889935,20039.225117889935,中继,R012,1924,PASS,exact_point,22.753667451270502,456.6730528579534,,,独立计算 DEM 遮挡、自由空间损耗与双向预算
T028,投送,20039.225117889935,20059.225117889935,中继,R012,1925,PASS,exact_point,22.753667451270502,456.6730528579534,,,独立计算 DEM 遮挡、自由空间损耗与双向预算
T028,投送,20059.225117889935,20079.225117889935,中继,R012,1926,PASS,exact_point,22.753667451270502,456.6730528579534,,,独立计算 DEM 遮挡、自由空间损耗与双向预算
T028,投送,20079.225117889935,20099.225117889935,中继,R012,1927,PASS,exact_point,22.753667451270502,456.6730528579534,,,独立计算 DEM 遮挡、自由空间损耗与双向预算
T028,投送,20099.225117889935,20119.225117889935,中继,R012,1928,PASS,exact_point,22.753667451270502,456.6730528579534,,,独立计算 DEM 遮挡、自由空间损耗与双向预算
T028,投送,20119.225117889935,20139.225117889935,中继,R012,1929,PASS,exact_point,22.753667451270502,456.6730528579534,,,独立计算 DEM 遮挡、自由空间损耗与双向预算
T028,投送,20139.225117889935,20159.225117889935,中继,R012,1930,PASS,exact_point,22.753667451270502,456.6730528579534,,,独立计算 DEM 遮挡、自由空间损耗与双向预算
T028,爬升,20159.225117889935,20173.231207164023,中继,R012,1931,PASS,worst_obstruction_endpoint_distance,12.753667451270502,456.6730528579534,True,,端点最大距离且全时段按遮挡计损仍满足双向预算
T028,爬升,20173.231207164023,20187.23729643811,中继,R012,1932,PASS,worst_obstruction_endpoint_distance,13.1511283549915,436.24688662675135,True,,端点最大距离且全时段按遮挡计损仍满足双向预算
T028,巡航,20187.23729643811,20207.172608422523,中继,R012,1933,PASS,worst_obstruction_endpoint_distance,13.500443868742849,419.0506945919927,True,,端点最大距离且全时段按遮挡计损仍满足双向预算
T028,巡航,20207.172608422523,20227.107920406936,中继,R012,1934,PASS,worst_obstruction_endpoint_distance,16.38604170257858,300.598405903194,True,,端点最大距离且全时段按遮挡计损仍满足双向预算
T028,巡航,20227.107920406936,20247.04323239135,中继,R012,1935,PASS,worst_obstruction_endpoint_distance,10.948992185169729,562.133087686047,True,,端点最大距离且全时段按遮挡计损仍满足双向预算
T028,巡航,20247.04323239135,20266.978544375765,直连,,1936,PASS,worst_obstruction_endpoint_distance,0.1288606994989152,3898.034901583201,True,,端点最大距离且全时段按遮挡计损仍满足双向预算
T028,巡航,20266.978544375765,20286.913856360177,直连,,1937,PASS,worst_obstruction_endpoint_distance,0.8199907753848663,3599.8899093490513,True,,端点最大距离且全时段按遮挡计损仍满足双向预算
T028,巡航,20286.913856360177,20306.84916834459,直连,,1938,PASS,worst_obstruction_endpoint_distance,1.5704838890168276,3301.904923475064,True,,端点最大距离且全时段按遮挡计损仍满足双向预算
T028,巡航,20306.84916834459,20326.784480329003,直连,,1939,PASS,worst_obstruction_endpoint_distance,2.3914077795581505,3004.1275583214433,True,,端点最大距离且全时段按遮挡计损仍满足双向预算
T028,巡航,20326.784480329003,20346.719792313415,直连,,1940,PASS,worst_obstruction_endpoint_distance,3.2972090851020823,2706.626340747146,True,,端点最大距离且全时段按遮挡计损仍满足双向预算
T028,巡航,20346.719792313415,20366.655104297828,直连,,1941,PASS,worst_obstruction_endpoint_distance,4.307223717296679,2409.5035606837673,True,,端点最大距离且全时段按遮挡计损仍满足双向预算
T028,巡航,20366.655104297828,20386.59041628224,直连,,1942,PASS,worst_obstruction_endpoint_distance,5.448118714902037,2112.9188740298164,True,,端点最大距离且全时段按遮挡计损仍满足双向预算
T028,巡航,20386.59041628224,20406.525728266657,直连,,1943,PASS,worst_obstruction_endpoint_distance,6.758027590343033,1817.1357754107732,True,,端点最大距离且全时段按遮挡计损仍满足双向预算
T028,巡航,20406.525728266657,20426.46104025107,直连,,1944,PASS,worst_obstruction_endpoint_distance,8.293936099781448,1522.621483851366,True,,端点最大距离且全时段按遮挡计损仍满足双向预算
T028,巡航,20426.46104025107,20446.396352235482,直连,,1945,PASS,worst_obstruction_endpoint_distance,10.145642631643526,1230.287543079246,True,,端点最大距离且全时段按遮挡计损仍满足双向预算
T028,巡航,20446.396352235482,20466.331664219895,直连,,1946,PASS,worst_obstruction_endpoint_distance,12.463229440912471,942.1656929588383,True,,端点最大距离且全时段按遮挡计损仍满足双向预算
T028,巡航,20466.331664219895,20486.266976204308,直连,,1947,PASS,worst_obstruction_endpoint_distance,15.505503268057225,663.7638481291795,True,,端点最大距离且全时段按遮挡计损仍满足双向预算
T028,巡航,20486.266976204308,20506.20228818872,直连,,1948,PASS,worst_obstruction_endpoint_distance,19.58226210365403,415.12190732371414,True,,端点最大距离且全时段按遮挡计损仍满足双向预算
T028,下降,20506.20228818872,20523.798661654124,直连,,1949,PASS,worst_obstruction_endpoint_distance,22.759839664518097,287.93653564453103,True,,端点最大距离且全时段按遮挡计损仍满足双向预算
T028,下降,20523.798661654124,20541.395035119524,直连,,1950,PASS,worst_obstruction_endpoint_distance,24.19991531057883,243.94560198102272,True,,端点最大距离且全时段按遮挡计损仍满足双向预算
T028,下降,20541.395035119524,20558.991408584927,直连,,1951,PASS,worst_obstruction_endpoint_distance,25.92714420559207,199.9546683175235,True,,端点最大距离且全时段按遮挡计损仍满足双向预算
T028,下降,20558.991408584927,20576.58778205033,直连,,1952,PASS,worst_obstruction_endpoint_distance,28.085302643629063,155.96373465401513,True,,端点最大距离且全时段按遮挡计损仍满足双向预算
T028,下降,20576.58778205033,20594.18415551573,直连,,1953,PASS,worst_obstruction_endpoint_distance,30.963524322056486,111.97280099050681,True,,端点最大距离且全时段按遮挡计损仍满足双向预算
T028,下降,20594.18415551573,20611.780528981133,直连,,1954,PASS,worst_obstruction_endpoint_distance,35.297913373396256,67.98186732700756,True,,端点最大距离且全时段按遮挡计损仍满足双向预算
T028,下降,20611.780528981133,20629.376902446533,直连,,1955,PASS,worst_obstruction_endpoint_distance,44.34483216804912,23.990933663499277,True,,端点最大距离且全时段按遮挡计损仍满足双向预算
T029,爬升,20319.0,20337.12542541504,直连,,1956,PASS,worst_obstruction_endpoint_distance,43.87870941331197,25.313563537602306,True,,端点最大距离且全时段按遮挡计损仍满足双向预算
T029,爬升,20337.12542541504,20355.250850830078,直连,,1957,PASS,worst_obstruction_endpoint_distance,34.966344352585295,70.62712707519552,True,,端点最大距离且全时段按遮挡计损仍满足双向预算
T029,爬升,20355.250850830078,20373.37627624512,直连,,1958,PASS,worst_obstruction_endpoint_distance,30.66105750651255,115.94069061279782,True,,端点最大距离且全时段按遮挡计损仍满足双向预算
T029,爬升,20373.37627624512,20391.501701660156,直连,,1959,PASS,worst_obstruction_endpoint_distance,27.79555154865507,161.25425415039103,True,,端点最大距离且全时段按遮挡计损仍满足双向预算
T029,巡航,20391.501701660156,20411.26518888352,直连,,1960,PASS,worst_obstruction_endpoint_distance,21.38103723570191,337.4713404244516,True,,端点最大距离且全时段按遮挡计损仍满足双向预算
T029,巡航,20411.26518888352,20431.02867610689,直连,,1961,PASS,worst_obstruction_endpoint_distance,16.17615903644753,614.4418760035281,True,,端点最大距离且全时段按遮挡计损仍满足双向预算
T029,巡航,20431.02867610689,20450.792163330254,直连,,1962,PASS,worst_obstruction_endpoint_distance,12.823774280234389,903.8576628091926,True,,端点最大距离且全时段按遮挡计损仍满足双向预算
T029,巡航,20450.792163330254,20470.55565055362,直连,,1963,PASS,worst_obstruction_endpoint_distance,10.385900789493661,1196.723223014895,True,,端点最大距离且全时段按遮挡计损仍满足双向预算
T029,巡航,20470.55565055362,20490.319137776987,直连,,1964,PASS,worst_obstruction_endpoint_distance,8.476180856524223,1491.0071135443768,True,,端点最大距离且全时段按遮挡计损仍满足双向预算
T029,巡航,20490.319137776987,20510.082625000352,直连,,1965,PASS,worst_obstruction_endpoint_distance,6.908105372473543,1786.0083692495245,True,,端点最大距离且全时段按遮挡计损仍满足双向预算
T029,巡航,20510.082625000352,20529.84611222372,直连,,1966,PASS,worst_obstruction_endpoint_distance,5.5785723760140655,2081.421994616022,True,,端点最大距离且全时段按遮挡计损仍满足双向预算
T029,巡航,20529.84611222372,20549.609599447085,直连,,1967,PASS,worst_obstruction_endpoint_distance,4.424847125248689,2377.0942527732964,True,,端点最大距离且全时段按遮挡计损仍满足双向预算
T029,巡航,20549.609599447085,20569.37308667045,直连,,1968,PASS,worst_obstruction_endpoint_distance,3.4059931797055043,2672.939317626779,True,,端点最大距离且全时段按遮挡计损仍满足双向预算
T029,巡航,20569.37308667045,20589.13657389382,直连,,1969,PASS,worst_obstruction_endpoint_distance,2.4938475922613463,2968.9055301769163,True,,端点最大距离且全时段按遮挡计损仍满足双向预算
T029,巡航,20589.13657389382,20608.900061117183,直连,,1970,PASS,worst_obstruction_endpoint_distance,1.6682180133278024,3264.9599447416617,True,,端点最大距离且全时段按遮挡计损仍满足双向预算
T029,巡航,20608.900061117183,20628.663548340548,直连,,1971,PASS,worst_obstruction_endpoint_distance,0.9141391873638156,3561.0805630696686,True,,端点最大距离且全时段按遮挡计损仍满足双向预算
T029,巡航,20628.663548340548,20648.427035563916,直连,,1972,PASS,worst_obstruction_endpoint_distance,0.2202145974620322,3857.2521378350943,True,,端点最大距离且全时段按遮挡计损仍满足双向预算
T029,巡航,20648.427035563916,20668.19052278728,中继,R013,1973,PASS,worst_obstruction_endpoint_distance,1.7986941689042766,1611.9592170068474,True,,端点最大距离且全时段按遮挡计损仍满足双向预算
T029,巡航,20668.19052278728,20687.954010010646,中继,R013,1974,PASS,worst_obstruction_endpoint_distance,3.548725382916672,1317.8090603809612,True,,端点最大距离且全时段按遮挡计损仍满足双向预算
T029,巡航,20687.954010010646,20707.717497234014,中继,R013,1975,PASS,worst_obstruction_endpoint_distance,5.731414163795407,1024.9862751293902,True,,端点最大距离且全时段按遮挡计损仍满足双向预算
T029,巡航,20707.717497234014,20727.48098445738,中继,R013,1976,PASS,worst_obstruction_endpoint_distance,8.619096337392278,735.0788740248184,True,,端点最大距离且全时段按遮挡计损仍满足双向预算
T029,巡航,20727.48098445738,20747.244471680744,中继,R013,1977,PASS,worst_obstruction_endpoint_distance,12.810203579364014,453.71023806410597,True,,端点最大距离且全时段按遮挡计损仍满足双向预算
T029,巡航,20747.244471680744,20767.007958904112,中继,R013,1978,PASS,worst_obstruction_endpoint_distance,17.87171950183982,253.33942657084106,True,,端点最大距离且全时段按遮挡计损仍满足双向预算
T029,巡航,20767.007958904112,20786.771446127477,中继,R013,1979,PASS,worst_obstruction_endpoint_distance,11.846499345070555,506.94844008022034,True,,端点最大距离且全时段按遮挡计损仍满足双向预算
T029,巡航,20786.771446127477,20806.534933350842,中继,R013,1980,PASS,worst_obstruction_endpoint_distance,7.982943005401779,790.9364822770917,True,,端点最大距离且全时段按遮挡计损仍满足双向预算
T029,巡航,20806.534933350842,20826.29842057421,中继,R013,1981,PASS,worst_obstruction_endpoint_distance,5.2641680033805756,1081.634069057801,True,,端点最大距离且全时段按遮挡计损仍满足双向预算
T029,巡航,20826.29842057421,20846.061907797575,中继,R013,1982,PASS,worst_obstruction_endpoint_distance,3.1810377706371042,1374.7915994615264,True,,端点最大距离且全时段按遮挡计损仍满足双向预算
T029,巡航,20846.061907797575,20865.82539502094,中继,R013,1983,PASS,worst_obstruction_endpoint_distance,1.49605825195151,1669.113407412751,True,,端点最大距离且全时段按遮挡计损仍满足双向预算
T029,巡航,20865.82539502094,20885.58888224431,中继,R013,1984,PASS,worst_obstruction_endpoint_distance,0.08260871375279066,1964.076152778362,True,,端点最大距离且全时段按遮挡计损仍满足双向预算
T029,下降,20885.58888224431,20900.497924602707,中继,R013,1985,PASS,worst_obstruction_endpoint_distance,0.08260871375279066,1964.076152778362,True,,端点最大距离且全时段按遮挡计损仍满足双向预算
T029,下降,20900.497924602707,20915.406966961105,中继,R013,1986,PASS,worst_obstruction_endpoint_distance,0.08318935627910662,1963.944860755383,True,,端点最大距离且全时段按遮挡计损仍满足双向预算
T029,下降,20915.406966961105,20930.316009319504,中继,R013,1987,PASS,worst_obstruction_endpoint_distance,0.0804771903531929,1964.5581975862738,True,,端点最大距离且全时段按遮挡计损仍满足双向预算
T029,投送,20930.316009319504,20950.116009319503,中继,R013,1988,PASS,exact_point,0.0804771903531929,1964.5581975862738,,,独立计算 DEM 遮挡、自由空间损耗与双向预算
T029,投送,20950.116009319503,20969.916009319502,中继,R013,1989,PASS,exact_point,0.0804771903531929,1964.5581975862738,,,独立计算 DEM 遮挡、自由空间损耗与双向预算
T029,投送,20969.916009319502,20989.7160093195,中继,R013,1990,PASS,exact_point,0.0804771903531929,1964.5581975862738,,,独立计算 DEM 遮挡、自由空间损耗与双向预算
T029,投送,20989.7160093195,21009.516009319505,中继,R013,1991,PASS,exact_point,0.0804771903531929,1964.5581975862738,,,独立计算 DEM 遮挡、自由空间损耗与双向预算
T029,投送,21009.516009319505,21029.316009319504,中继,R013,1992,PASS,exact_point,0.0804771903531929,1964.5581975862738,,,独立计算 DEM 遮挡、自由空间损耗与双向预算
T029,投送,21029.316009319504,21049.116009319503,中继,R013,1993,PASS,exact_point,0.0804771903531929,1964.5581975862738,,,独立计算 DEM 遮挡、自由空间损耗与双向预算
T029,投送,21049.116009319503,21068.916009319502,中继,R013,1994,PASS,exact_point,0.0804771903531929,1964.5581975862738,,,独立计算 DEM 遮挡、自由空间损耗与双向预算
T029,投送,21068.916009319502,21088.7160093195,中继,R013,1995,PASS,exact_point,0.0804771903531929,1964.5581975862738,,,独立计算 DEM 遮挡、自由空间损耗与双向预算
T029,投送,21088.7160093195,21108.516009319505,中继,R013,1996,PASS,exact_point,0.0804771903531929,1964.5581975862738,,,独立计算 DEM 遮挡、自由空间损耗与双向预算
T029,投送,21108.516009319505,21128.316009319504,中继,R013,1997,PASS,exact_point,0.0804771903531929,1964.5581975862738,,,独立计算 DEM 遮挡、自由空间损耗与双向预算
T029,投送,21128.316009319504,21148.116009319503,中继,R013,1998,PASS,exact_point,0.0804771903531929,1964.5581975862738,,,独立计算 DEM 遮挡、自由空间损耗与双向预算
T029,投送,21148.116009319503,21167.916009319502,中继,R013,1999,PASS,exact_point,0.0804771903531929,1964.5581975862738,,,独立计算 DEM 遮挡、自由空间损耗与双向预算
T029,投送,21167.916009319502,21187.7160093195,中继,R013,2000,PASS,exact_point,0.0804771903531929,1964.5581975862738,,,独立计算 DEM 遮挡、自由空间损耗与双向预算
T029,投送,21187.7160093195,21207.516009319505,中继,R013,2001,PASS,exact_point,0.0804771903531929,1964.5581975862738,,,独立计算 DEM 遮挡、自由空间损耗与双向预算
T029,投送,21207.516009319505,21227.316009319504,中继,R013,2002,PASS,exact_point,0.0804771903531929,1964.5581975862738,,,独立计算 DEM 遮挡、自由空间损耗与双向预算
T029,投送,21227.316009319504,21247.116009319503,中继,R013,2003,PASS,exact_point,0.0804771903531929,1964.5581975862738,,,独立计算 DEM 遮挡、自由空间损耗与双向预算
T029,投送,21247.116009319503,21266.916009319502,中继,R013,2004,PASS,exact_point,0.0804771903531929,1964.5581975862738,,,独立计算 DEM 遮挡、自由空间损耗与双向预算
T029,投送,21266.916009319502,21286.7160093195,中继,R013,2005,PASS,exact_point,0.0804771903531929,1964.5581975862738,,,独立计算 DEM 遮挡、自由空间损耗与双向预算
T029,投送,21286.7160093195,21306.516009319505,中继,R013,2006,PASS,exact_point,0.0804771903531929,1964.5581975862738,,,独立计算 DEM 遮挡、自由空间损耗与双向预算
T029,投送,21306.516009319505,21326.316009319504,中继,R013,2007,PASS,exact_point,0.0804771903531929,1964.5581975862738,,,独立计算 DEM 遮挡、自由空间损耗与双向预算
T029,爬升,21326.316009319504,21344.20686014958,中继,R013,2008,PASS,worst_obstruction_endpoint_distance,0.0804771903531929,1964.5581975862738,True,,端点最大距离且全时段按遮挡计损仍满足双向预算
T029,爬升,21344.20686014958,21362.09771097966,中继,R013,2009,PASS,worst_obstruction_endpoint_distance,0.08260871375279066,1964.076152778362,True,,端点最大距离且全时段按遮挡计损仍满足双向预算
T029,巡航,21362.09771097966,21381.861198203027,中继,R013,2010,PASS,worst_obstruction_endpoint_distance,0.08260871375279066,1964.076152778362,True,,端点最大距离且全时段按遮挡计损仍满足双向预算
T029,巡航,21381.861198203027,21401.62468542639,中继,R013,2011,PASS,worst_obstruction_endpoint_distance,1.49605825195151,1669.113407412751,True,,端点最大距离且全时段按遮挡计损仍满足双向预算
T029,巡航,21401.62468542639,21421.388172649757,中继,R013,2012,PASS,worst_obstruction_endpoint_distance,3.1810377706371042,1374.7915994615264,True,,端点最大距离且全时段按遮挡计损仍满足双向预算
T029,巡航,21421.388172649757,21441.151659873125,中继,R013,2013,PASS,worst_obstruction_endpoint_distance,5.2641680033805756,1081.634069057801,True,,端点最大距离且全时段按遮挡计损仍满足双向预算
T029,巡航,21441.151659873125,21460.91514709649,中继,R013,2014,PASS,worst_obstruction_endpoint_distance,7.982943005401779,790.9364822770917,True,,端点最大距离且全时段按遮挡计损仍满足双向预算
T029,巡航,21460.91514709649,21480.678634319855,中继,R013,2015,PASS,worst_obstruction_endpoint_distance,11.846499345070555,506.94844008022034,True,,端点最大距离且全时段按遮挡计损仍满足双向预算
T029,巡航,21480.678634319855,21500.442121543223,中继,R013,2016,PASS,worst_obstruction_endpoint_distance,17.87171950183982,253.33942657084106,True,,端点最大距离且全时段按遮挡计损仍满足双向预算
T029,巡航,21500.442121543223,21520.205608766588,中继,R013,2017,PASS,worst_obstruction_endpoint_distance,12.810203579364014,453.71023806410597,True,,端点最大距离且全时段按遮挡计损仍满足双向预算
T029,巡航,21520.205608766588,21539.969095989953,中继,R013,2018,PASS,worst_obstruction_endpoint_distance,8.619096337392278,735.0788740248184,True,,端点最大距离且全时段按遮挡计损仍满足双向预算
T029,巡航,21539.969095989953,21559.73258321332,中继,R013,2019,PASS,worst_obstruction_endpoint_distance,5.731414163795407,1024.9862751293902,True,,端点最大距离且全时段按遮挡计损仍满足双向预算
T029,巡航,21559.73258321332,21579.496070436686,中继,R013,2020,PASS,worst_obstruction_endpoint_distance,3.548725382916672,1317.8090603809612,True,,端点最大距离且全时段按遮挡计损仍满足双向预算
T029,巡航,21579.496070436686,21599.25955766005,中继,R013,2021,PASS,worst_obstruction_endpoint_distance,1.7986941689042766,1611.9592170068474,True,,端点最大距离且全时段按遮挡计损仍满足双向预算
T029,巡航,21599.25955766005,21619.02304488342,直连,,2022,PASS,worst_obstruction_endpoint_distance,0.2202145974620322,3857.2521378350943,True,,端点最大距离且全时段按遮挡计损仍满足双向预算
T029,巡航,21619.02304488342,21638.786532106784,直连,,2023,PASS,worst_obstruction_endpoint_distance,0.9141391873638156,3561.0805630696686,True,,端点最大距离且全时段按遮挡计损仍满足双向预算
T029,巡航,21638.786532106784,21658.55001933015,直连,,2024,PASS,worst_obstruction_endpoint_distance,1.6682180133278024,3264.9599447416617,True,,端点最大距离且全时段按遮挡计损仍满足双向预算
T029,巡航,21658.55001933015,21678.313506553517,直连,,2025,PASS,worst_obstruction_endpoint_distance,2.4938475922613463,2968.9055301769163,True,,端点最大距离且全时段按遮挡计损仍满足双向预算
T029,巡航,21678.313506553517,21698.076993776882,直连,,2026,PASS,worst_obstruction_endpoint_distance,3.4059931797055043,2672.939317626779,True,,端点最大距离且全时段按遮挡计损仍满足双向预算
T029,巡航,21698.076993776882,21717.840481000247,直连,,2027,PASS,worst_obstruction_endpoint_distance,4.424847125248689,2377.0942527732964,True,,端点最大距离且全时段按遮挡计损仍满足双向预算
T029,巡航,21717.840481000247,21737.603968223615,直连,,2028,PASS,worst_obstruction_endpoint_distance,5.5785723760140655,2081.421994616022,True,,端点最大距离且全时段按遮挡计损仍满足双向预算
T029,巡航,21737.603968223615,21757.36745544698,直连,,2029,PASS,worst_obstruction_endpoint_distance,6.908105372473543,1786.0083692495245,True,,端点最大距离且全时段按遮挡计损仍满足双向预算
T029,巡航,21757.36745544698,21777.130942670345,直连,,2030,PASS,worst_obstruction_endpoint_distance,8.476180856524223,1491.0071135443768,True,,端点最大距离且全时段按遮挡计损仍满足双向预算
T029,巡航,21777.130942670345,21796.894429893713,直连,,2031,PASS,worst_obstruction_endpoint_distance,10.385900789493661,1196.723223014895,True,,端点最大距离且全时段按遮挡计损仍满足双向预算
T029,巡航,21796.894429893713,21816.657917117078,直连,,2032,PASS,worst_obstruction_endpoint_distance,12.823774280234389,903.8576628091926,True,,端点最大距离且全时段按遮挡计损仍满足双向预算
T029,巡航,21816.657917117078,21836.421404340443,直连,,2033,PASS,worst_obstruction_endpoint_distance,16.17615903644753,614.4418760035281,True,,端点最大距离且全时段按遮挡计损仍满足双向预算
T029,巡航,21836.421404340443,21856.18489156381,直连,,2034,PASS,worst_obstruction_endpoint_distance,21.381037235701385,337.4713404244718,True,,端点最大距离且全时段按遮挡计损仍满足双向预算
T029,下降,21856.18489156381,21874.31031697885,直连,,2035,PASS,worst_obstruction_endpoint_distance,27.79555154865507,161.25425415039103,True,,端点最大距离且全时段按遮挡计损仍满足双向预算
T029,下降,21874.31031697885,21892.43574239389,直连,,2036,PASS,worst_obstruction_endpoint_distance,30.007338421908628,125.0034033203172,True,,端点最大距离且全时段按遮挡计损仍满足双向预算
T029,下降,21892.43574239389,21910.561167808926,直连,,2037,PASS,worst_obstruction_endpoint_distance,32.982158124693655,88.75255249023607,True,,端点最大距离且全时段按遮挡计损仍满足双向预算
T029,下降,21910.561167808926,21928.686593223967,直连,,2038,PASS,worst_obstruction_endpoint_distance,37.54230757016609,52.50170166016224,True,,端点最大距离且全时段按遮挡计损仍满足双向预算
T029,下降,21928.686593223967,21946.812018639008,直连,,2039,PASS,worst_obstruction_endpoint_distance,45.92517525248826,20.0,True,,端点最大距离且全时段按遮挡计损仍满足双向预算
T030,爬升,20499.0,20518.343641153973,直连,,2040,PASS,worst_obstruction_endpoint_distance,40.343037745337085,38.030923461919485,True,,端点最大距离且全时段按遮挡计损仍满足双向预算
T030,爬升,20518.343641153973,20537.687282307943,直连,,2041,PASS,worst_obstruction_endpoint_distance,32.29475651968484,96.06184692382803,True,,端点最大距离且全时段按遮挡计损仍满足双向预算
T030,爬升,20537.687282307943,20557.030923461913,直连,,2042,PASS,worst_obstruction_endpoint_distance,28.190129900190513,154.09277038573657,True,,端点最大距离且全时段按遮挡计损仍满足双向预算
T030,爬升,20557.030923461913,20576.374564615886,直连,,2043,PASS,worst_obstruction_endpoint_distance,25.41399154248265,212.12369384765606,True,,端点最大距离且全时段按遮挡计损仍满足双向预算
T030,爬升,20576.374564615886,20595.718205769856,直连,,2044,PASS,worst_obstruction_endpoint_distance,23.313527273336433,270.15461730956457,True,,端点最大距离且全时段按遮挡计损仍满足双向预算
T030,爬升,20595.718205769856,20615.06184692383,直连,,2045,PASS,worst_obstruction_endpoint_distance,21.623386306715105,328.18554077148406,True,,端点最大距离且全时段按遮挡计损仍满足双向预算
T030,爬升,20615.06184692383,20634.4054880778,直连,,2046,PASS,worst_obstruction_endpoint_distance,20.209159493456482,386.2164642333926,True,,端点最大距离且全时段按遮挡计损仍满足双向预算
T030,爬升,20634.4054880778,20653.74912923177,直连,,2047,PASS,worst_obstruction_endpoint_distance,18.993277511644692,444.24738769531206,True,,端点最大距离且全时段按遮挡计损仍满足双向预算
T030,巡航,20653.74912923177,20673.38525312668,直连,,2048,PASS,worst_obstruction_endpoint_distance,17.916649545737883,502.87064096726107,True,,端点最大距离且全时段按遮挡计损仍满足双向预算
T030,巡航,20673.38525312668,20693.021377021585,直连,,2049,PASS,worst_obstruction_endpoint_distance,15.71899076183928,647.6482855415965,True,,端点最大距离且全时段按遮挡计损仍满足双向预算
T030,巡航,20693.021377021585,20712.65750091649,直连,,2050,PASS,worst_obstruction_endpoint_distance,13.5130486115427,834.9035885230084,True,,端点最大距离且全时段按遮挡计损仍满足双向预算
T030,巡航,20712.65750091649,20732.2936248114,直连,,2051,PASS,worst_obstruction_endpoint_distance,11.58857285471666,1041.9817573439661,True,,端点最大距离且全时段按遮挡计损仍满足双向预算
T030,巡航,20732.2936248114,20751.929748706305,直连,,2052,PASS,worst_obstruction_endpoint_distance,9.944292824291438,1259.1402794335795,True,,端点最大距离且全时段按遮挡计损仍满足双向预算
T030,巡航,20751.929748706305,20771.56587260121,直连,,2053,PASS,worst_obstruction_endpoint_distance,8.529078472989426,1481.954379895724,True,,端点最大距离且全时段按遮挡计损仍满足双向预算
T030,巡航,20771.56587260121,20791.20199649612,直连,,2054,PASS,worst_obstruction_endpoint_distance,7.294937761347967,1708.2124004460284,True,,端点最大距离且全时段按遮挡计损仍满足双向预算
T030,巡航,20791.20199649612,20810.838120391025,直连,,2055,PASS,worst_obstruction_endpoint_distance,6.2044935916322,1936.7076976478331,True,,端点最大距离且全时段按遮挡计损仍满足双向预算
T030,巡航,20810.838120391025,20830.47424428593,直连,,2056,PASS,worst_obstruction_endpoint_distance,5.229668880125246,2166.7325832609313,True,,端点最大距离且全时段按遮挡计损仍满足双向预算
T030,巡航,20830.47424428593,20850.110368180838,直连,,2057,PASS,worst_obstruction_endpoint_distance,4.349346163073591,2397.8468985208874,True,,端点最大距离且全时段按遮挡计损仍满足双向预算
T030,巡航,20850.110368180838,20869.746492075745,直连,,2058,PASS,worst_obstruction_endpoint_distance,3.547441536545847,2629.763428575528,True,,端点最大距离且全时段按遮挡计损仍满足双向预算
T030,巡航,20869.746492075745,20889.38261597065,直连,,2059,PASS,worst_obstruction_endpoint_distance,2.8115110519368045,2862.287181948386,True,,端点最大距离且全时段按遮挡计损仍满足双向预算
T030,巡航,20889.38261597065,20909.018739865558,直连,,2060,PASS,worst_obstruction_endpoint_distance,2.1317726470544045,3095.2813141561123,True,,端点最大距离且全时段按遮挡计损仍满足双向预算
T030,巡航,20909.018739865558,20928.654863760465,直连,,2061,PASS,worst_obstruction_endpoint_distance,1.5004202092510184,3328.647051840639,True,,端点最大距离且全时段按遮挡计损仍满足双向预算
T030,巡航,20928.654863760465,20948.29098765537,直连,,2062,PASS,worst_obstruction_endpoint_distance,0.9111376381475509,3562.3113645267163,True,,端点最大距离且全时段按遮挡计损仍满足双向预算
T030,巡航,20948.29098765537,20967.927111550278,直连,,2063,PASS,worst_obstruction_endpoint_distance,0.35874972363353663,3796.2191190829435,True,,端点最大距离且全时段按遮挡计损仍满足双向预算
T030,巡航,20967.927111550278,20987.563235445185,中继,R012,2064,PASS,worst_obstruction_endpoint_distance,3.266702482514688,1361.299340639569,True,,端点最大距离且全时段按遮挡计损仍满足双向预算
T030,巡航,20987.563235445185,21007.19935934009,中继,R012,2065,PASS,worst_obstruction_endpoint_distance,3.65634197875049,1301.5823757640605,True,,端点最大距离且全时段按遮挡计损仍满足双向预算
T030,巡航,21007.19935934009,21026.835483234998,中继,R012,2066,PASS,worst_obstruction_endpoint_distance,3.617802891321233,1307.3702970013408,True,,端点最大距离且全时段按遮挡计损仍满足双向预算
T030,巡航,21026.835483234998,21046.471607129904,中继,R012,2067,PASS,worst_obstruction_endpoint_distance,3.1964954251852475,1372.3471572420726,True,,端点最大距离且全时段按遮挡计损仍满足双向预算
T030,巡航,21046.471607129904,21066.10773102481,中继,R012,2068,PASS,worst_obstruction_endpoint_distance,2.5841756404302743,1472.583656926185,True,,端点最大距离且全时段按遮挡计损仍满足双向预算
T030,巡航,21066.10773102481,21085.743854919718,中继,R012,2069,PASS,worst_obstruction_endpoint_distance,1.8553843634242781,1601.4727014363991,True,,端点最大距离且全时段按遮挡计损仍满足双向预算
T030,巡航,21085.743854919718,21105.379978814628,中继,R012,2070,PASS,worst_obstruction_endpoint_distance,1.071600826356132,1752.7045616393702,True,,端点最大距离且全时段按遮挡计损仍满足双向预算
T030,下降,21105.379978814628,21124.65576983025,中继,R012,2071,PASS,worst_obstruction_endpoint_distance,1.0686325652298336,1753.303622192343,True,,端点最大距离且全时段按遮挡计损仍满足双向预算
T030,下降,21124.65576983025,21143.931560845875,中继,R012,2072,PASS,worst_obstruction_endpoint_distance,1.0591142360136558,1755.2260123086996,True,,端点最大距离且全时段按遮挡计损仍满足双向预算
T030,下降,21143.931560845875,21163.2073518615,中继,R012,2073,PASS,worst_obstruction_endpoint_distance,1.043088777681504,1758.4673919263857,True,,端点最大距离且全时段按遮挡计损仍满足双向预算
T030,下降,21163.2073518615,21182.483142877125,中继,R012,2074,PASS,worst_obstruction_endpoint_distance,1.0206279905043374,1763.0204860246652,True,,端点最大距离且全时段按遮挡计损仍满足双向预算
T030,下降,21182.483142877125,21201.75893389275,中继,R012,2075,PASS,worst_obstruction_endpoint_distance,0.9918314733706666,1768.8751655523586,True,,端点最大距离且全时段按遮挡计损仍满足双向预算
T030,投送,21201.75893389275,21221.75893389275,中继,R012,2076,PASS,exact_point,0.9918314733706666,1768.8751655523586,,,独立计算 DEM 遮挡、自由空间损耗与双向预算
T030,投送,21221.75893389275,21241.75893389275,中继,R012,2077,PASS,exact_point,0.9918314733706666,1768.8751655523586,,,独立计算 DEM 遮挡、自由空间损耗与双向预算
T030,投送,21241.75893389275,21261.75893389275,中继,R012,2078,PASS,exact_point,0.9918314733706666,1768.8751655523586,,,独立计算 DEM 遮挡、自由空间损耗与双向预算
T030,投送,21261.75893389275,21281.75893389275,中继,R012,2079,PASS,exact_point,0.9918314733706666,1768.8751655523586,,,独立计算 DEM 遮挡、自由空间损耗与双向预算
T030,投送,21281.75893389275,21301.75893389275,中继,R012,2080,PASS,exact_point,0.9918314733706666,1768.8751655523586,,,独立计算 DEM 遮挡、自由空间损耗与双向预算
T030,投送,21301.75893389275,21321.75893389275,中继,R012,2081,PASS,exact_point,0.9918314733706666,1768.8751655523586,,,独立计算 DEM 遮挡、自由空间损耗与双向预算
T030,投送,21321.75893389275,21341.75893389275,中继,R012,2082,PASS,exact_point,0.9918314733706666,1768.8751655523586,,,独立计算 DEM 遮挡、自由空间损耗与双向预算
T030,投送,21341.75893389275,21361.75893389275,中继,R012,2083,PASS,exact_point,0.9918314733706666,1768.8751655523586,,,独立计算 DEM 遮挡、自由空间损耗与双向预算
T030,投送,21361.75893389275,21381.75893389275,中继,R012,2084,PASS,exact_point,0.9918314733706666,1768.8751655523586,,,独立计算 DEM 遮挡、自由空间损耗与双向预算
T030,爬升,21381.75893389275,21397.82209307244,中继,R012,2085,PASS,worst_obstruction_endpoint_distance,0.9918314733706666,1768.8751655523586,True,,端点最大距离且全时段按遮挡计损仍满足双向预算
T030,爬升,21397.82209307244,21413.885252252127,中继,R012,2086,PASS,worst_obstruction_endpoint_distance,1.0206279905043374,1763.0204860246652,True,,端点最大距离且全时段按遮挡计损仍满足双向预算
T030,爬升,21413.885252252127,21429.948411431815,中继,R012,2087,PASS,worst_obstruction_endpoint_distance,1.043088777681504,1758.4673919263857,True,,端点最大距离且全时段按遮挡计损仍满足双向预算
T030,爬升,21429.948411431815,21446.0115706115,中继,R012,2088,PASS,worst_obstruction_endpoint_distance,1.0591142360136558,1755.2260123086996,True,,端点最大距离且全时段按遮挡计损仍满足双向预算
T030,爬升,21446.0115706115,21462.074729791188,中继,R012,2089,PASS,worst_obstruction_endpoint_distance,1.0686325652298336,1753.3036221923433,True,,端点最大距离且全时段按遮挡计损仍满足双向预算
T030,巡航,21462.074729791188,21481.710853686094,中继,R012,2090,PASS,worst_obstruction_endpoint_distance,1.071600826356132,1752.7045616393702,True,,端点最大距离且全时段按遮挡计损仍满足双向预算
T030,巡航,21481.710853686094,21501.346977581,中继,R012,2091,PASS,worst_obstruction_endpoint_distance,1.8553843634241076,1601.4727014364303,True,,端点最大距离且全时段按遮挡计损仍满足双向预算
T030,巡航,21501.346977581,21520.983101475907,中继,R012,2092,PASS,worst_obstruction_endpoint_distance,2.584175640430118,1472.5836569262096,True,,端点最大距离且全时段按遮挡计损仍满足双向预算
T030,巡航,21520.983101475907,21540.619225370814,中继,R012,2093,PASS,worst_obstruction_endpoint_distance,3.196495425185134,1372.3471572420888,True,,端点最大距离且全时段按遮挡计损仍满足双向预算
T030,巡航,21540.619225370814,21560.25534926572,中继,R012,2094,PASS,worst_obstruction_endpoint_distance,3.6178028913211904,1307.3702970013474,True,,端点最大距离且全时段按遮挡计损仍满足双向预算
T030,巡航,21560.25534926572,21579.891473160627,中继,R012,2095,PASS,worst_obstruction_endpoint_distance,3.65634197875049,1301.5823757640605,True,,端点最大距离且全时段按遮挡计损仍满足双向预算
T030,巡航,21579.891473160627,21599.527597055534,中继,R012,2096,PASS,worst_obstruction_endpoint_distance,3.266702482514688,1361.299340639569,True,,端点最大距离且全时段按遮挡计损仍满足双向预算
T030,巡航,21599.527597055534,21619.16372095044,直连,,2097,PASS,worst_obstruction_endpoint_distance,0.35874972363353663,3796.2191190829435,True,,端点最大距离且全时段按遮挡计损仍满足双向预算
T030,巡航,21619.16372095044,21638.799844845347,直连,,2098,PASS,worst_obstruction_endpoint_distance,0.911137638147423,3562.3113645267736,True,,端点最大距离且全时段按遮挡计损仍满足双向预算
T030,巡航,21638.799844845347,21658.435968740254,直连,,2099,PASS,worst_obstruction_endpoint_distance,1.500420209250862,3328.6470518406963,True,,端点最大距离且全时段按遮挡计损仍满足双向预算
T030,巡航,21658.435968740254,21678.072092635164,直连,,2100,PASS,worst_obstruction_endpoint_distance,2.131772647054248,3095.28131415617,True,,端点最大距离且全时段按遮挡计损仍满足双向预算
T030,巡航,21678.072092635164,21697.70821653007,直连,,2101,PASS,worst_obstruction_endpoint_distance,2.8115110519368045,2862.287181948386,True,,端点最大距离且全时段按遮挡计损仍满足双向预算
T030,巡航,21697.70821653007,21717.344340424977,直连,,2102,PASS,worst_obstruction_endpoint_distance,3.547441536545847,2629.763428575528,True,,端点最大距离且全时段按遮挡计损仍满足双向预算
T030,巡航,21717.344340424977,21736.980464319884,直连,,2103,PASS,worst_obstruction_endpoint_distance,4.349346163073591,2397.8468985208874,True,,端点最大距离且全时段按遮挡计损仍满足双向预算
T030,巡航,21736.980464319884,21756.61658821479,直连,,2104,PASS,worst_obstruction_endpoint_distance,5.229668880125246,2166.7325832609313,True,,端点最大距离且全时段按遮挡计损仍满足双向预算
T030,巡航,21756.61658821479,21776.252712109697,直连,,2105,PASS,worst_obstruction_endpoint_distance,6.2044935916322,1936.7076976478331,True,,端点最大距离且全时段按遮挡计损仍满足双向预算
T030,巡航,21776.252712109697,21795.888836004604,直连,,2106,PASS,worst_obstruction_endpoint_distance,7.294937761347967,1708.2124004460284,True,,端点最大距离且全时段按遮挡计损仍满足双向预算
T030,巡航,21795.888836004604,21815.52495989951,直连,,2107,PASS,worst_obstruction_endpoint_distance,8.529078472989426,1481.954379895724,True,,端点最大距离且全时段按遮挡计损仍满足双向预算
T030,巡航,21815.52495989951,21835.161083794417,直连,,2108,PASS,worst_obstruction_endpoint_distance,9.944292824291438,1259.1402794335795,True,,端点最大距离且全时段按遮挡计损仍满足双向预算
T030,巡航,21835.161083794417,21854.797207689324,直连,,2109,PASS,worst_obstruction_endpoint_distance,11.58857285471666,1041.9817573439661,True,,端点最大距离且全时段按遮挡计损仍满足双向预算
T030,巡航,21854.797207689324,21874.43333158423,直连,,2110,PASS,worst_obstruction_endpoint_distance,13.5130486115427,834.9035885230084,True,,端点最大距离且全时段按遮挡计损仍满足双向预算
T030,巡航,21874.43333158423,21894.069455479137,直连,,2111,PASS,worst_obstruction_endpoint_distance,15.71899076183928,647.6482855415965,True,,端点最大距离且全时段按遮挡计损仍满足双向预算
T030,巡航,21894.069455479137,21913.705579374044,直连,,2112,PASS,worst_obstruction_endpoint_distance,17.916649545737883,502.87064096726107,True,,端点最大距离且全时段按遮挡计损仍满足双向预算
T030,下降,21913.705579374044,21932.275474881855,直连,,2113,PASS,worst_obstruction_endpoint_distance,18.993277511644692,444.24738769531206,True,,端点最大距离且全时段按遮挡计损仍满足双向预算
T030,下降,21932.275474881855,21950.845370389667,直连,,2114,PASS,worst_obstruction_endpoint_distance,19.951985068959715,397.82264892578354,True,,端点最大距离且全时段按遮挡计损仍满足双向预算
T030,下降,21950.845370389667,21969.41526589748,直连,,2115,PASS,worst_obstruction_endpoint_distance,21.0297916794011,351.39791015625514,True,,端点最大距离且全时段按遮挡计损仍满足双向预算
T030,下降,21969.41526589748,21987.985161405293,直连,,2116,PASS,worst_obstruction_endpoint_distance,22.260542446450856,304.9731713867175,True,,端点最大距离且全时段按遮挡计损仍满足双向预算
T030,下降,21987.985161405293,22006.555056913105,直连,,2117,PASS,worst_obstruction_endpoint_distance,23.6949369793995,258.54843261718906,True,,端点最大距离且全时段按遮挡计损仍满足双向预算
T030,下降,22006.555056913105,22025.12495242092,直连,,2118,PASS,worst_obstruction_endpoint_distance,25.413991542482464,212.1236938476606,True,,端点最大距离且全时段按遮挡计损仍满足双向预算
T030,下降,22025.12495242092,22043.69484792873,直连,,2119,PASS,worst_obstruction_endpoint_distance,27.559379771700534,165.69895507812305,True,,端点最大距离且全时段按遮挡计损仍满足双向预算
T030,下降,22043.69484792873,22062.264743436543,直连,,2120,PASS,worst_obstruction_endpoint_distance,30.41484373161117,119.27421630859453,True,,端点最大距离且全时段按遮挡计损仍满足双向预算
T030,下降,22062.264743436543,22080.834638944354,直连,,2121,PASS,worst_obstruction_endpoint_distance,34.69724633677447,72.84947753906607,True,,端点最大距离且全时段按遮挡计损仍满足双向预算
T030,下降,22080.834638944354,22099.40453445217,直连,,2122,PASS,worst_obstruction_endpoint_distance,43.5055611129783,26.424738769537612,True,,端点最大距离且全时段按遮挡计损仍满足双向预算
T031,爬升,22080.0,22099.380881347657,直连,,2123,PASS,worst_obstruction_endpoint_distance,42.86345708049045,28.452203369143717,True,,端点最大距离且全时段按遮挡计损仍满足双向预算
T031,爬升,22099.380881347657,22118.761762695314,直连,,2124,PASS,worst_obstruction_endpoint_distance,34.22675064092576,76.9044067382874,True,,端点最大距离且全时段按遮挡计损仍满足双向预算
T031,爬升,22118.761762695314,22138.142644042968,直连,,2125,PASS,worst_obstruction_endpoint_distance,29.982830377148545,125.356610107422,True,,端点最大距离且全时段按遮挡计损仍满足双向预算
T031,巡航,22138.142644042968,22156.651666483212,直连,,2126,PASS,worst_obstruction_endpoint_distance,22.2704985239005,304.6238004959094,True,,端点最大距离且全时段按遮挡计损仍满足双向预算
T031,巡航,22156.651666483212,22175.16068892346,直连,,2127,PASS,worst_obstruction_endpoint_distance,16.83979160829456,569.2449386880037,True,,端点最大距离且全时段按遮挡计损仍满足双向预算
T031,巡航,22175.16068892346,22193.669711363706,直连,,2128,PASS,worst_obstruction_endpoint_distance,13.436577431180751,842.2865907023186,True,,端点最大距离且全时段按遮挡计损仍满足双向预算
T031,巡航,22193.669711363706,22212.17873380395,直连,,2129,PASS,worst_obstruction_endpoint_distance,10.980093890191213,1117.5940057971984,True,,端点最大距离且全时段按遮挡计损仍满足双向预算
T031,巡航,22212.17873380395,22230.687756244195,直连,,2130,PASS,worst_obstruction_endpoint_distance,9.06160871006314,1393.8252340138579,True,,端点最大距离且全时段按遮挡计损仍满足双向预算
T031,巡航,22230.687756244195,22249.19677868444,直连,,2131,PASS,worst_obstruction_endpoint_distance,7.488730846575692,1670.5220634325021,True,,端点最大距离且全时段按遮挡计损仍满足双向预算
T031,巡航,22249.19677868444,22267.705801124685,直连,,2132,PASS,worst_obstruction_endpoint_distance,6.156288066488344,1947.4860477341674,True,,端点最大距离且全时段按遮挡计损仍满足双向预算
T031,巡航,22267.705801124685,22286.214823564933,直连,,2133,PASS,worst_obstruction_endpoint_distance,5.000668542679023,2224.6174071251694,True,,端点最大距离且全时段按遮挡计损仍满足双向预算
T031,巡航,22286.214823564933,22304.723846005178,直连,,2134,PASS,worst_obstruction_endpoint_distance,3.9805132818098343,2501.8605217539953,True,,端点最大距离且全时段按遮挡计损仍满足双向预算
T031,巡航,22304.723846005178,22323.232868445422,直连,,2135,PASS,worst_obstruction_endpoint_distance,3.067435566266326,2779.1819466890624,True,,端点最大距离且全时段按遮挡计损仍满足双向预算
T031,巡航,22323.232868445422,22341.741890885667,直连,,2136,PASS,worst_obstruction_endpoint_distance,2.2411156161546586,3056.5603667445057,True,,端点最大距离且全时段按遮挡计损仍满足双向预算
T031,下降,22341.741890885667,22356.584659236905,直连,,2137,PASS,worst_obstruction_endpoint_distance,2.2411156161546586,3056.5603667445057,True,,端点最大距离且全时段按遮挡计损仍满足双向预算
T031,下降,22356.584659236905,22371.42742758814,直连,,2138,PASS,worst_obstruction_endpoint_distance,2.2441667585877525,3055.486859756091,True,,端点最大距离且全时段按遮挡计损仍满足双向预算
T031,下降,22371.42742758814,22386.270195939378,直连,,2139,PASS,worst_obstruction_endpoint_distance,2.246399680237957,3054.701472633553,True,,端点最大距离且全时段按遮挡计损仍满足双向预算
T031,投送,22386.270195939378,22406.070195939377,直连,,2140,PASS,exact_point,2.2478131175972464,3054.2044276465326,,,独立计算 DEM 遮挡、自由空间损耗与双向预算
T031,投送,22406.070195939377,22425.87019593938,直连,,2141,PASS,exact_point,2.2478131175972464,3054.2044276465326,,,独立计算 DEM 遮挡、自由空间损耗与双向预算
T031,投送,22425.87019593938,22445.67019593938,直连,,2142,PASS,exact_point,2.2478131175972464,3054.2044276465326,,,独立计算 DEM 遮挡、自由空间损耗与双向预算
T031,投送,22445.67019593938,22465.47019593938,直连,,2143,PASS,exact_point,2.2478131175972464,3054.2044276465326,,,独立计算 DEM 遮挡、自由空间损耗与双向预算
T031,投送,22465.47019593938,22485.270195939378,直连,,2144,PASS,exact_point,2.2478131175972464,3054.2044276465326,,,独立计算 DEM 遮挡、自由空间损耗与双向预算
T031,投送,22485.270195939378,22505.070195939377,直连,,2145,PASS,exact_point,2.2478131175972464,3054.2044276465326,,,独立计算 DEM 遮挡、自由空间损耗与双向预算
T031,投送,22505.070195939377,22524.87019593938,直连,,2146,PASS,exact_point,2.2478131175972464,3054.2044276465326,,,独立计算 DEM 遮挡、自由空间损耗与双向预算
T031,投送,22524.87019593938,22544.67019593938,直连,,2147,PASS,exact_point,2.2478131175972464,3054.2044276465326,,,独立计算 DEM 遮挡、自由空间损耗与双向预算
T031,投送,22544.67019593938,22564.47019593938,直连,,2148,PASS,exact_point,2.2478131175972464,3054.2044276465326,,,独立计算 DEM 遮挡、自由空间损耗与双向预算
T031,投送,22564.47019593938,22584.270195939378,直连,,2149,PASS,exact_point,2.2478131175972464,3054.2044276465326,,,独立计算 DEM 遮挡、自由空间损耗与双向预算
T031,投送,22584.270195939378,22604.070195939377,直连,,2150,PASS,exact_point,2.2478131175972464,3054.2044276465326,,,独立计算 DEM 遮挡、自由空间损耗与双向预算
T031,投送,22604.070195939377,22623.87019593938,直连,,2151,PASS,exact_point,2.2478131175972464,3054.2044276465326,,,独立计算 DEM 遮挡、自由空间损耗与双向预算
T031,投送,22623.87019593938,22643.67019593938,直连,,2152,PASS,exact_point,2.2478131175972464,3054.2044276465326,,,独立计算 DEM 遮挡、自由空间损耗与双向预算
T031,投送,22643.67019593938,22663.47019593938,直连,,2153,PASS,exact_point,2.2478131175972464,3054.2044276465326,,,独立计算 DEM 遮挡、自由空间损耗与双向预算
T031,投送,22663.47019593938,22683.270195939378,直连,,2154,PASS,exact_point,2.2478131175972464,3054.2044276465326,,,独立计算 DEM 遮挡、自由空间损耗与双向预算
T031,投送,22683.270195939378,22703.070195939377,直连,,2155,PASS,exact_point,2.2478131175972464,3054.2044276465326,,,独立计算 DEM 遮挡、自由空间损耗与双向预算
T031,投送,22703.070195939377,22722.87019593938,直连,,2156,PASS,exact_point,2.2478131175972464,3054.2044276465326,,,独立计算 DEM 遮挡、自由空间损耗与双向预算
T031,投送,22722.87019593938,22742.67019593938,直连,,2157,PASS,exact_point,2.2478131175972464,3054.2044276465326,,,独立计算 DEM 遮挡、自由空间损耗与双向预算
T031,投送,22742.67019593938,22762.47019593938,直连,,2158,PASS,exact_point,2.2478131175972464,3054.2044276465326,,,独立计算 DEM 遮挡、自由空间损耗与双向预算
T031,投送,22762.47019593938,22782.270195939378,直连,,2159,PASS,exact_point,2.2478131175972464,3054.2044276465326,,,独立计算 DEM 遮挡、自由空间损耗与双向预算
T031,爬升,22782.270195939378,22800.08151796086,直连,,2160,PASS,worst_obstruction_endpoint_distance,2.2453855868061083,3055.0581354130627,True,,端点最大距离且全时段按遮挡计损仍满足双向预算
T031,爬升,22800.08151796086,22817.89283998235,直连,,2161,PASS,worst_obstruction_endpoint_distance,2.2411156161546586,3056.5603667445057,True,,端点最大距离且全时段按遮挡计损仍满足双向预算
T031,巡航,22817.89283998235,22836.401862422594,直连,,2162,PASS,worst_obstruction_endpoint_distance,2.2411156161546586,3056.5603667445057,True,,端点最大距离且全时段按遮挡计损仍满足双向预算
T031,巡航,22836.401862422594,22854.91088486284,直连,,2163,PASS,worst_obstruction_endpoint_distance,3.067435566266326,2779.1819466890624,True,,端点最大距离且全时段按遮挡计损仍满足双向预算
T031,巡航,22854.91088486284,22873.419907303083,直连,,2164,PASS,worst_obstruction_endpoint_distance,3.9805132818098343,2501.8605217539953,True,,端点最大距离且全时段按遮挡计损仍满足双向预算
T031,巡航,22873.419907303083,22891.928929743328,直连,,2165,PASS,worst_obstruction_endpoint_distance,5.000668542679023,2224.6174071251694,True,,端点最大距离且全时段按遮挡计损仍满足双向预算
T031,巡航,22891.928929743328,22910.437952183573,直连,,2166,PASS,worst_obstruction_endpoint_distance,6.156288066488344,1947.4860477341674,True,,端点最大距离且全时段按遮挡计损仍满足双向预算
T031,巡航,22910.437952183573,22928.946974623817,直连,,2167,PASS,worst_obstruction_endpoint_distance,7.488730846575692,1670.5220634325021,True,,端点最大距离且全时段按遮挡计损仍满足双向预算
T031,巡航,22928.946974623817,22947.455997064066,直连,,2168,PASS,worst_obstruction_endpoint_distance,9.06160871006314,1393.8252340138579,True,,端点最大距离且全时段按遮挡计损仍满足双向预算
T031,巡航,22947.455997064066,22965.96501950431,直连,,2169,PASS,worst_obstruction_endpoint_distance,10.980093890191213,1117.5940057971984,True,,端点最大距离且全时段按遮挡计损仍满足双向预算
T031,巡航,22965.96501950431,22984.474041944555,直连,,2170,PASS,worst_obstruction_endpoint_distance,13.436577431180993,842.286590702294,True,,端点最大距离且全时段按遮挡计损仍满足双向预算
T031,巡航,22984.474041944555,23002.9830643848,直连,,2171,PASS,worst_obstruction_endpoint_distance,16.83979160829456,569.2449386880037,True,,端点最大距离且全时段按遮挡计损仍满足双向预算
T031,巡航,23002.9830643848,23021.492086825045,直连,,2172,PASS,worst_obstruction_endpoint_distance,22.2704985239005,304.6238004959094,True,,端点最大距离且全时段按遮挡计损仍满足双向预算
T031,下降,23021.492086825045,23039.661663088475,直连,,2173,PASS,worst_obstruction_endpoint_distance,29.982830377148545,125.356610107422,True,,端点最大距离且全时段按遮挡计损仍满足双向预算
T031,下降,23039.661663088475,23057.8312393519,直连,,2174,PASS,worst_obstruction_endpoint_distance,32.9562714401921,89.01745758056285,True,,端点最大距离且全时段按遮挡计损仍满足双向预算
T031,下降,23057.8312393519,23076.000815615327,直连,,2175,PASS,worst_obstruction_endpoint_distance,37.513139307574534,52.678305053711,True,,端点最大距离且全时段按遮挡计损仍满足双向预算
T031,下降,23076.000815615327,23094.170391878757,直连,,2176,PASS,worst_obstruction_endpoint_distance,45.92517525248826,20.0,True,,端点最大距离且全时段按遮挡计损仍满足双向预算
