运输架次编号,通信阶段,开始时刻（s）,结束时刻（s）,保障方式,中继架次编号
T001,爬升,360.0,375.10452117919925,直连,
T001,爬升,375.10452117919925,390.2090423583985,直连,
T001,爬升,390.2090423583985,405.31356353759776,直连,
T001,爬升,405.31356353759776,420.418084716797,直连,
T001,巡航,420.418084716797,440.18157194016305,直连,
T001,巡航,440.18157194016305,459.9450591635291,直连,
T001,巡航,459.9450591635291,479.7085463868952,直连,
T001,巡航,479.7085463868952,499.47203361026124,直连,
T001,巡航,499.47203361026124,519.2355208336273,直连,
T001,巡航,519.2355208336273,538.9990080569934,直连,
T001,巡航,538.9990080569934,558.7624952803594,直连,
T001,巡航,558.7624952803594,578.5259825037255,直连,
T001,巡航,578.5259825037255,598.2894697270915,直连,
T001,巡航,598.2894697270915,618.0529569504575,直连,
T001,巡航,618.0529569504575,637.8164441738236,直连,
T001,巡航,637.8164441738236,657.5799313971897,直连,
T001,巡航,657.5799313971897,677.3434186205557,直连,
T001,巡航,677.3434186205557,697.1069058439218,中继,R001
T001,巡航,697.1069058439218,716.8703930672878,中继,R001
T001,巡航,716.8703930672878,736.6338802906539,中继,R001
T001,巡航,736.6338802906539,756.39736751402,中继,R001
T001,巡航,756.39736751402,776.160854737386,中继,R002
T001,巡航,776.160854737386,795.924341960752,中继,R001
T001,巡航,795.924341960752,815.6878291841181,中继,R001
T001,巡航,815.6878291841181,835.4513164074842,中继,R001
T001,巡航,835.4513164074842,855.2148036308502,中继,R001
T001,巡航,855.2148036308502,874.9782908542163,中继,R001
T001,巡航,874.9782908542163,894.7417780775824,中继,R001
T001,巡航,894.7417780775824,914.5052653009484,中继,R001
T001,下降,914.5052653009484,932.3961161310265,中继,R001
T001,下降,932.3961161310265,950.2869669611046,中继,R001
T001,投送,950.2869669611046,969.3778760520137,中继,R001
T001,投送,969.3778760520137,988.4687851429227,中继,R001
T001,投送,988.4687851429227,1007.5596942338318,中继,R001
T001,投送,1007.5596942338318,1026.6506033247408,中继,R001
T001,投送,1026.6506033247408,1045.74151241565,中继,R001
T001,投送,1045.74151241565,1064.832421506559,中继,R001
T001,投送,1064.832421506559,1083.923330597468,中继,R001
T001,投送,1083.923330597468,1103.0142396883773,中继,R001
T001,投送,1103.0142396883773,1122.1051487792863,中继,R001
T001,投送,1122.1051487792863,1141.1960578701955,中继,R001
T001,投送,1141.1960578701955,1160.2869669611046,中继,R001
T001,爬升,1160.2869669611046,1175.196009319503,中继,R001
T001,爬升,1175.196009319503,1190.1050516779014,中继,R001
T001,巡航,1190.1050516779014,1209.8685389012676,中继,R001
T001,巡航,1209.8685389012676,1229.6320261246335,中继,R001
T001,巡航,1229.6320261246335,1249.3955133479997,中继,R001
T001,巡航,1249.3955133479997,1269.1590005713656,中继,R001
T001,巡航,1269.1590005713656,1288.9224877947318,中继,R001
T001,巡航,1288.9224877947318,1308.6859750180977,中继,R001
T001,巡航,1308.6859750180977,1328.4494622414638,中继,R001
T001,巡航,1328.4494622414638,1348.2129494648298,中继,R002
T001,巡航,1348.2129494648298,1367.976436688196,中继,R001
T001,巡航,1367.976436688196,1387.739923911562,中继,R001
T001,巡航,1387.739923911562,1407.503411134928,中继,R001
T001,巡航,1407.503411134928,1427.2668983582942,中继,R001
T001,巡航,1427.2668983582942,1447.03038558166,直连,
T001,巡航,1447.03038558166,1466.7938728050262,直连,
T001,巡航,1466.7938728050262,1486.5573600283922,直连,
T001,巡航,1486.5573600283922,1506.3208472517583,直连,
T001,巡航,1506.3208472517583,1526.0843344751243,直连,
T001,巡航,1526.0843344751243,1545.8478216984904,直连,
T001,巡航,1545.8478216984904,1565.6113089218566,直连,
T001,巡航,1565.6113089218566,1585.3747961452225,直连,
T001,巡航,1585.3747961452225,1605.1382833685886,直连,
T001,巡航,1605.1382833685886,1624.9017705919546,直连,
T001,巡航,1624.9017705919546,1644.6652578153207,直连,
T001,巡航,1644.6652578153207,1664.4287450386869,直连,
T001,巡航,1664.4287450386869,1684.1922322620528,直连,
T001,下降,1684.1922322620528,1702.3176576770918,直连,
T001,下降,1702.3176576770918,1720.443083092131,直连,
T001,下降,1720.443083092131,1738.56850850717,直连,
T001,下降,1738.56850850717,1756.693933922209,直连,
T002,爬升,360.0,378.3921013726129,直连,
T002,爬升,378.3921013726129,396.78420274522574,直连,
T002,爬升,396.78420274522574,415.17630411783864,直连,
T002,巡航,415.17630411783864,434.9858486302419,直连,
T002,巡航,434.9858486302419,454.79539314264514,直连,
T002,巡航,454.79539314264514,474.60493765504845,直连,
T002,巡航,474.60493765504845,494.4144821674517,直连,
T002,巡航,494.4144821674517,514.224026679855,直连,
T002,巡航,514.224026679855,534.0335711922583,直连,
T002,巡航,534.0335711922583,553.8431157046615,直连,
T002,巡航,553.8431157046615,573.6526602170647,直连,
T002,巡航,573.6526602170647,593.462204729468,直连,
T002,巡航,593.462204729468,613.2717492418712,直连,
T002,巡航,613.2717492418712,633.0812937542745,直连,
T002,巡航,633.0812937542745,652.8908382666777,直连,
T002,巡航,652.8908382666777,672.7003827790811,直连,
T002,巡航,672.7003827790811,692.5099272914842,直连,
T002,巡航,692.5099272914842,712.3194718038876,直连,
T002,巡航,712.3194718038876,732.1290163162909,直连,
T002,巡航,732.1290163162909,751.9385608286941,中继,R001
T002,巡航,751.9385608286941,771.7481053410974,中继,R001
T002,巡航,771.7481053410974,791.5576498535006,中继,R002
T002,巡航,791.5576498535006,811.367194365904,中继,R002
T002,巡航,811.367194365904,831.1767388783071,中继,R002
T002,巡航,831.1767388783071,850.9862833907105,中继,R002
T002,巡航,850.9862833907105,870.7958279031137,中继,R002
T002,巡航,870.7958279031137,890.605372415517,中继,R002
T002,下降,890.605372415517,903.2511548862201,中继,R002
T002,下降,903.2511548862201,915.8969373569233,中继,R002
T002,投送,915.8969373569233,934.9878464478325,中继,R002
T002,投送,934.9878464478325,954.0787555387416,中继,R002
T002,投送,954.0787555387416,973.1696646296506,中继,R002
T002,投送,973.1696646296506,992.2605737205597,中继,R002
T002,投送,992.2605737205597,1011.3514828114688,中继,R002
T002,投送,1011.3514828114688,1030.442391902378,中继,R002
T002,投送,1030.442391902378,1049.533300993287,中继,R002
T002,投送,1049.533300993287,1068.6242100841962,中继,R002
T002,投送,1068.6242100841962,1087.7151191751052,中继,R002
T002,投送,1087.7151191751052,1106.8060282660144,中继,R002
T002,投送,1106.8060282660144,1125.8969373569234,中继,R002
T002,爬升,1125.8969373569234,1136.4350894158429,中继,R002
T002,爬升,1136.4350894158429,1146.973241474762,中继,R002
T002,巡航,1146.973241474762,1166.7827859871654,中继,R002
T002,巡航,1166.7827859871654,1186.5923304995686,中继,R002
T002,巡航,1186.5923304995686,1206.401875011972,中继,R002
T002,巡航,1206.401875011972,1226.211419524375,中继,R002
T002,巡航,1226.211419524375,1246.0209640367784,中继,R002
T002,巡航,1246.0209640367784,1265.8305085491816,中继,R002
T002,巡航,1265.8305085491816,1285.640053061585,中继,R001
T002,巡航,1285.640053061585,1305.4495975739883,中继,R001
T002,巡航,1305.4495975739883,1325.2591420863914,直连,
T002,巡航,1325.2591420863914,1345.0686865987948,直连,
T002,巡航,1345.0686865987948,1364.878231111198,直连,
T002,巡航,1364.878231111198,1384.6877756236013,直连,
T002,巡航,1384.6877756236013,1404.4973201360046,直连,
T002,巡航,1404.4973201360046,1424.3068646484078,直连,
T002,巡航,1424.3068646484078,1444.1164091608111,直连,
T002,巡航,1444.1164091608111,1463.9259536732143,直连,
T002,巡航,1463.9259536732143,1483.7354981856176,直连,
T002,巡航,1483.7354981856176,1503.545042698021,直连,
T002,巡航,1503.545042698021,1523.3545872104241,直连,
T002,巡航,1523.3545872104241,1543.1641317228275,直连,
T002,巡航,1543.1641317228275,1562.9736762352306,直连,
T002,巡航,1562.9736762352306,1582.783220747634,直连,
T002,巡航,1582.783220747634,1602.5927652600371,直连,
T002,巡航,1602.5927652600371,1622.4023097724405,直连,
T002,下降,1622.4023097724405,1638.955201007792,直连,
T002,下降,1638.955201007792,1655.5080922431437,直连,
T002,下降,1655.5080922431437,1672.0609834784952,直连,
T002,下降,1672.0609834784952,1688.6138747138468,直连,
T003,爬升,359.99999999999994,378.6290839301215,直连,
T003,爬升,378.6290839301215,397.258167860243,直连,
T003,爬升,397.258167860243,415.8872517903646,直连,
T003,巡航,415.8872517903646,435.38793280950654,直连,
T003,巡航,435.38793280950654,454.8886138286485,直连,
T003,巡航,454.8886138286485,474.38929484779044,直连,
T003,巡航,474.38929484779044,493.8899758669324,直连,
T003,巡航,493.8899758669324,513.3906568860743,直连,
T003,巡航,513.3906568860743,532.8913379052162,直连,
T003,巡航,532.8913379052162,552.3920189243582,直连,
T003,巡航,552.3920189243582,571.8926999435001,直连,
T003,巡航,571.8926999435001,591.3933809626421,直连,
T003,巡航,591.3933809626421,610.894061981784,直连,
T003,巡航,610.894061981784,630.3947430009259,直连,
T003,巡航,630.3947430009259,649.8954240200679,直连,
T003,下降,649.8954240200679,666.5477750942866,直连,
T003,下降,666.5477750942866,683.2001261685054,直连,
T003,投送,683.2001261685054,702.2910352594146,直连,
T003,投送,702.2910352594146,721.3819443503236,直连,
T003,投送,721.3819443503236,740.4728534412327,直连,
T003,投送,740.4728534412327,759.5637625321418,直连,
T003,投送,759.5637625321418,778.654671623051,直连,
T003,投送,778.654671623051,797.74558071396,直连,
T003,投送,797.74558071396,816.8364898048691,直连,
T003,投送,816.8364898048691,835.9273988957782,直连,
T003,投送,835.9273988957782,855.0183079866872,直连,
T003,投送,855.0183079866872,874.1092170775963,直连,
T003,投送,874.1092170775963,893.2001261685054,直连,
T003,爬升,893.2001261685054,907.0770853970212,直连,
T003,爬升,907.0770853970212,920.9540446255368,直连,
T003,巡航,920.9540446255368,940.4547256446787,直连,
T003,巡航,940.4547256446787,959.9554066638207,直连,
T003,巡航,959.9554066638207,979.4560876829626,直连,
T003,巡航,979.4560876829626,998.9567687021046,直连,
T003,巡航,998.9567687021046,1018.4574497212465,直连,
T003,巡航,1018.4574497212465,1037.9581307403885,直连,
T003,巡航,1037.9581307403885,1057.4588117595304,直连,
T003,巡航,1057.4588117595304,1076.9594927786723,直连,
T003,巡航,1076.9594927786723,1096.4601737978142,直连,
T003,巡航,1096.4601737978142,1115.9608548169563,直连,
T003,巡航,1115.9608548169563,1135.4615358360982,直连,
T003,巡航,1135.4615358360982,1154.96221685524,直连,
T003,下降,1154.96221685524,1171.7283923923494,直连,
T003,下降,1171.7283923923494,1188.4945679294588,直连,
T003,下降,1188.4945679294588,1205.2607434665683,直连,
T003,下降,1205.2607434665683,1222.0269190036777,直连,
T004,爬升,360.0,379.0400663248698,直连,
T004,爬升,379.0400663248698,398.0801326497396,直连,
T004,爬升,398.0801326497396,417.1201989746094,直连,
T004,爬升,417.1201989746094,436.1602652994792,直连,
T004,爬升,436.1602652994792,455.200331624349,直连,
T004,巡航,455.200331624349,474.90819356080084,直连,
T004,巡航,474.90819356080084,494.6160554972527,直连,
T004,巡航,494.6160554972527,514.3239174337045,直连,
T004,巡航,514.3239174337045,534.0317793701564,直连,
T004,巡航,534.0317793701564,553.7396413066083,直连,
T004,巡航,553.7396413066083,573.44750324306,直连,
T004,巡航,573.44750324306,593.1553651795119,直连,
T004,巡航,593.1553651795119,612.8632271159638,直连,
T004,巡航,612.8632271159638,632.5710890524156,直连,
T004,巡航,632.5710890524156,652.2789509888675,直连,
T004,巡航,652.2789509888675,671.9868129253193,直连,
T004,巡航,671.9868129253193,691.6946748617711,直连,
T004,巡航,691.6946748617711,711.4025367982229,直连,
T004,巡航,711.4025367982229,731.1103987346748,中继,R002
T004,巡航,731.1103987346748,750.8182606711266,中继,R002
T004,巡航,750.8182606711266,770.5261226075785,中继,R002
T004,巡航,770.5261226075785,790.2339845440304,中继,R002
T004,巡航,790.2339845440304,809.9418464804821,中继,R002
T004,巡航,809.9418464804821,829.6497084169339,中继,R002
T004,巡航,829.6497084169339,849.3575703533859,中继,R002
T004,巡航,849.3575703533859,869.0654322898376,中继,R002
T004,巡航,869.0654322898376,888.7732942262895,中继,R002
T004,巡航,888.7732942262895,908.4811561627414,中继,R002
T004,巡航,908.4811561627414,928.1890180991932,中继,R002
T004,巡航,928.1890180991932,947.896880035645,中继,R002
T004,下降,947.896880035645,965.6970126853846,中继,R002
T004,下降,965.6970126853846,983.4971453351243,中继,R002
T004,下降,983.4971453351243,1001.2972779848639,中继,R002
T004,投送,1001.2972779848639,1020.388187075773,中继,R002
T004,投送,1020.388187075773,1039.479096166682,中继,R002
T004,投送,1039.479096166682,1058.570005257591,中继,R002
T004,投送,1058.570005257591,1077.6609143485002,中继,R002
T004,投送,1077.6609143485002,1096.7518234394092,中继,R002
T004,投送,1096.7518234394092,1115.8427325303182,中继,R002
T004,投送,1115.8427325303182,1134.9336416212275,中继,R002
T004,投送,1134.9336416212275,1154.0245507121365,中继,R002
T004,投送,1154.0245507121365,1173.1154598030455,中继,R002
T004,投送,1173.1154598030455,1192.2063688939547,中继,R002
T004,投送,1192.2063688939547,1211.2972779848637,中继,R002
T004,爬升,1211.2972779848637,1226.1307218596467,中继,R002
T004,爬升,1226.1307218596467,1240.9641657344298,中继,R002
T004,爬升,1240.9641657344298,1255.7976096092127,中继,R002
T004,巡航,1255.7976096092127,1275.5054715456645,中继,R002
T004,巡航,1275.5054715456645,1295.2133334821165,中继,R002
T004,巡航,1295.2133334821165,1314.9211954185682,中继,R002
T004,巡航,1314.9211954185682,1334.62905735502,中继,R002
T004,巡航,1334.62905735502,1354.336919291472,中继,R002
T004,巡航,1354.336919291472,1374.0447812279237,中继,R002
T004,巡航,1374.0447812279237,1393.7526431643755,中继,R002
T004,巡航,1393.7526431643755,1413.4605051008275,中继,R002
T004,巡航,1413.4605051008275,1433.1683670372793,中继,R002
T004,巡航,1433.1683670372793,1452.876228973731,中继,R002
T004,巡航,1452.876228973731,1472.584090910183,中继,R002
T004,巡航,1472.584090910183,1492.2919528466348,中继,R002
T004,巡航,1492.2919528466348,1511.9998147830865,直连,
T004,巡航,1511.9998147830865,1531.7076767195385,直连,
T004,巡航,1531.7076767195385,1551.4155386559903,直连,
T004,巡航,1551.4155386559903,1571.123400592442,直连,
T004,巡航,1571.123400592442,1590.8312625288938,直连,
T004,巡航,1590.8312625288938,1610.5391244653458,直连,
T004,巡航,1610.5391244653458,1630.2469864017976,直连,
T004,巡航,1630.2469864017976,1649.9548483382496,直连,
T004,巡航,1649.9548483382496,1669.6627102747013,直连,
T004,巡航,1669.6627102747013,1689.370572211153,直连,
T004,巡航,1689.370572211153,1709.078434147605,直连,
T004,巡航,1709.078434147605,1728.7862960840569,直连,
T004,巡航,1728.7862960840569,1748.4941580205086,直连,
T004,下降,1748.4941580205086,1767.5342243453783,直连,
T004,下降,1767.5342243453783,1786.5742906702483,直连,
T004,下降,1786.5742906702483,1805.6143569951182,直连,
T004,下降,1805.6143569951182,1824.654423319988,直连,
T004,下降,1824.654423319988,1843.6944896448576,直连,
T004,下降,1843.6944896448576,1862.7345559697276,直连,
T005,爬升,420.00000000000006,439.0718271484376,直连,
T005,爬升,439.0718271484376,458.14365429687507,直连,
T005,爬升,458.14365429687507,477.2154814453126,直连,
T005,爬升,477.2154814453126,496.28730859375014,直连,
T005,爬升,496.28730859375014,515.3591357421876,直连,
T005,巡航,515.3591357421876,534.6697455194841,直连,
T005,巡航,534.6697455194841,553.9803552967805,直连,
T005,巡航,553.9803552967805,573.2909650740771,直连,
T005,巡航,573.2909650740771,592.6015748513736,直连,
T005,巡航,592.6015748513736,611.91218462867,直连,
T005,巡航,611.91218462867,631.2227944059665,直连,
T005,巡航,631.2227944059665,650.533404183263,直连,
T005,巡航,650.533404183263,669.8440139605596,直连,
T005,巡航,669.8440139605596,689.154623737856,直连,
T005,巡航,689.154623737856,708.4652335151525,直连,
T005,巡航,708.4652335151525,727.7758432924489,直连,
T005,下降,727.7758432924489,740.6003031313162,直连,
T005,下降,740.6003031313162,753.4247629701833,直连,
T005,投送,753.4247629701833,772.483586499595,直连,
T005,投送,772.483586499595,791.5424100290069,直连,
T005,投送,791.5424100290069,810.6012335584186,直连,
T005,投送,810.6012335584186,829.6600570878304,直连,
T005,投送,829.6600570878304,848.7188806172421,直连,
T005,投送,848.7188806172421,867.777704146654,直连,
T005,投送,867.777704146654,886.8365276760657,直连,
T005,投送,886.8365276760657,905.8953512054775,直连,
T005,投送,905.8953512054775,924.9541747348892,直连,
T005,投送,924.9541747348892,944.012998264301,直连,
T005,投送,944.012998264301,963.0718217937127,直连,
T005,投送,963.0718217937127,982.1306453231246,直连,
T005,投送,982.1306453231246,1001.1894688525363,直连,
T005,投送,1001.1894688525363,1020.248292381948,直连,
T005,投送,1020.248292381948,1039.3071159113597,直连,
T005,投送,1039.3071159113597,1058.3659394407716,直连,
T005,投送,1058.3659394407716,1077.4247629701833,直连,
T005,爬升,1077.4247629701833,1087.6843308412772,直连,
T005,爬升,1087.6843308412772,1097.9438987123708,直连,
T005,巡航,1097.9438987123708,1117.2545084896674,直连,
T005,巡航,1117.2545084896674,1136.5651182669637,直连,
T005,巡航,1136.5651182669637,1155.8757280442603,直连,
T005,巡航,1155.8757280442603,1175.186337821557,直连,
T005,巡航,1175.186337821557,1194.4969475988532,直连,
T005,巡航,1194.4969475988532,1213.8075573761498,直连,
T005,巡航,1213.8075573761498,1233.1181671534464,直连,
T005,巡航,1233.1181671534464,1252.4287769307427,直连,
T005,巡航,1252.4287769307427,1271.7393867080393,直连,
T005,巡航,1271.7393867080393,1291.0499964853357,直连,
T005,巡航,1291.0499964853357,1310.3606062626322,直连,
T005,下降,1310.3606062626322,1330.227092875588,直连,
T005,下降,1330.227092875588,1350.0935794885438,直连,
T005,下降,1350.0935794885438,1369.9600661014995,直连,
T005,下降,1369.9600661014995,1389.8265527144551,直连,
T005,下降,1389.8265527144551,1409.693039327411,直连,
T005,下降,1409.693039327411,1429.5595259403667,直连,
T006,爬升,329.99999999999994,348.6290839301215,直连,
T006,爬升,348.6290839301215,367.258167860243,直连,
T006,爬升,367.258167860243,385.8872517903646,直连,
T006,巡航,385.8872517903646,405.38793280950654,直连,
T006,巡航,405.38793280950654,424.8886138286485,直连,
T006,巡航,424.8886138286485,444.38929484779044,直连,
T006,巡航,444.38929484779044,463.8899758669324,直连,
T006,巡航,463.8899758669324,483.39065688607434,直连,
T006,巡航,483.39065688607434,502.89133790521623,直连,
T006,巡航,502.89133790521623,522.3920189243582,直连,
T006,巡航,522.3920189243582,541.8926999435001,直连,
T006,巡航,541.8926999435001,561.3933809626421,直连,
T006,巡航,561.3933809626421,580.894061981784,直连,
T006,巡航,580.894061981784,600.3947430009259,直连,
T006,巡航,600.3947430009259,619.8954240200679,直连,
T006,下降,619.8954240200679,636.5477750942866,直连,
T006,下降,636.5477750942866,653.2001261685054,直连,
T006,投送,653.2001261685054,673.2001261685054,直连,
T006,投送,673.2001261685054,693.2001261685054,直连,
T006,投送,693.2001261685054,713.2001261685054,直连,
T006,投送,713.2001261685054,733.2001261685054,直连,
T006,投送,733.2001261685054,753.2001261685054,直连,
T006,投送,753.2001261685054,773.2001261685054,直连,
T006,投送,773.2001261685054,793.2001261685054,直连,
T006,投送,793.2001261685054,813.2001261685054,直连,
T006,投送,813.2001261685054,833.2001261685054,直连,
T006,爬升,833.2001261685054,847.0770853970212,直连,
T006,爬升,847.0770853970212,860.9540446255368,直连,
T006,巡航,860.9540446255368,880.4547256446787,直连,
T006,巡航,880.4547256446787,899.9554066638207,直连,
T006,巡航,899.9554066638207,919.4560876829626,直连,
T006,巡航,919.4560876829626,938.9567687021046,直连,
T006,巡航,938.9567687021046,958.4574497212465,直连,
T006,巡航,958.4574497212465,977.9581307403885,直连,
T006,巡航,977.9581307403885,997.4588117595304,直连,
T006,巡航,997.4588117595304,1016.9594927786723,直连,
T006,巡航,1016.9594927786723,1036.4601737978142,直连,
T006,巡航,1036.4601737978142,1055.9608548169563,直连,
T006,巡航,1055.9608548169563,1075.4615358360982,直连,
T006,巡航,1075.4615358360982,1094.96221685524,直连,
T006,下降,1094.96221685524,1111.7283923923494,直连,
T006,下降,1111.7283923923494,1128.4945679294588,直连,
T006,下降,1128.4945679294588,1145.2607434665683,直连,
T006,下降,1145.2607434665683,1162.0269190036777,直连,
T007,爬升,361.0,380.8664866129558,直连,
T007,爬升,380.8664866129558,400.7329732259115,直连,
T007,爬升,400.7329732259115,420.59945983886723,直连,
T007,爬升,420.59945983886723,440.465946451823,直连,
T007,巡航,440.465946451823,459.4317239116678,直连,
T007,巡航,459.4317239116678,478.39750137151253,直连,
T007,巡航,478.39750137151253,497.3632788313573,直连,
T007,巡航,497.3632788313573,516.329056291202,直连,
T007,巡航,516.329056291202,535.2948337510468,直连,
T007,巡航,535.2948337510468,554.2606112108916,直连,
T007,巡航,554.2606112108916,573.2263886707364,直连,
T007,巡航,573.2263886707364,592.1921661305811,直连,
T007,巡航,592.1921661305811,611.1579435904259,直连,
T007,巡航,611.1579435904259,630.1237210502707,直连,
T007,巡航,630.1237210502707,649.0894985101154,直连,
T007,巡航,649.0894985101154,668.0552759699601,直连,
T007,巡航,668.0552759699601,687.021053429805,直连,
T007,巡航,687.021053429805,705.9868308896497,直连,
T007,下降,705.9868308896497,716.2463987607434,直连,
T007,下降,716.2463987607434,726.5059666318372,直连,
T007,投送,726.5059666318372,745.5968757227463,直连,
T007,投送,745.5968757227463,764.6877848136553,直连,
T007,投送,764.6877848136553,783.7786939045644,直连,
T007,投送,783.7786939045644,802.8696029954735,直连,
T007,投送,802.8696029954735,821.9605120863827,直连,
T007,投送,821.9605120863827,841.0514211772917,直连,
T007,投送,841.0514211772917,860.1423302682008,直连,
T007,投送,860.1423302682008,879.2332393591099,直连,
T007,投送,879.2332393591099,898.324148450019,直连,
T007,投送,898.324148450019,917.415057540928,直连,
T007,投送,917.415057540928,936.5059666318372,直连,
T007,爬升,936.5059666318372,953.6052464169934,直连,
T007,巡航,953.6052464169934,972.5710238768381,直连,
T007,巡航,972.5710238768381,991.536801336683,直连,
T007,巡航,991.536801336683,1010.5025787965277,直连,
T007,巡航,1010.5025787965277,1029.4683562563725,直连,
T007,巡航,1029.4683562563725,1048.4341337162173,直连,
T007,巡航,1048.4341337162173,1067.399911176062,直连,
T007,巡航,1067.399911176062,1086.3656886359067,直连,
T007,巡航,1086.3656886359067,1105.3314660957515,直连,
T007,巡航,1105.3314660957515,1124.2972435555962,直连,
T007,巡航,1124.2972435555962,1143.263021015441,直连,
T007,巡航,1143.263021015441,1162.2287984752859,直连,
T007,巡航,1162.2287984752859,1181.1945759351306,直连,
T007,巡航,1181.1945759351306,1200.1603533949753,直连,
T007,巡航,1200.1603533949753,1219.12613085482,直连,
T007,下降,1219.12613085482,1238.1979580032576,直连,
T007,下降,1238.1979580032576,1257.269785151695,直连,
T007,下降,1257.269785151695,1276.3416123001327,直连,
T007,下降,1276.3416123001327,1295.4134394485702,直连,
T007,下降,1295.4134394485702,1314.4852665970077,直连,
T008,爬升,492.0,511.38088134765627,直连,
T008,爬升,511.38088134765627,530.7617626953125,直连,
T008,爬升,530.7617626953125,550.1426440429688,直连,
T008,巡航,550.1426440429688,568.6516664832141,直连,
T008,巡航,568.6516664832141,587.1606889234595,直连,
T008,巡航,587.1606889234595,605.6697113637048,直连,
T008,巡航,605.6697113637048,624.1787338039501,直连,
T008,巡航,624.1787338039501,642.6877562441954,直连,
T008,巡航,642.6877562441954,661.1967786844408,直连,
T008,巡航,661.1967786844408,679.7058011246861,直连,
T008,巡航,679.7058011246861,698.2148235649314,直连,
T008,巡航,698.2148235649314,716.7238460051767,直连,
T008,巡航,716.7238460051767,735.2328684454221,直连,
T008,巡航,735.2328684454221,753.7418908856674,直连,
T008,下降,753.7418908856674,768.5846592369044,直连,
T008,下降,768.5846592369044,783.4274275881414,直连,
T008,下降,783.4274275881414,798.2701959393784,直连,
T008,投送,798.2701959393784,818.0701959393783,直连,
T008,投送,818.0701959393783,837.8701959393784,直连,
T008,投送,837.8701959393784,857.6701959393783,直连,
T008,投送,857.6701959393783,877.4701959393784,直连,
T008,投送,877.4701959393784,897.2701959393784,直连,
T008,投送,897.2701959393784,917.0701959393784,直连,
T008,投送,917.0701959393784,936.8701959393784,直连,
T008,投送,936.8701959393784,956.6701959393783,直连,
T008,投送,956.6701959393783,976.4701959393784,直连,
T008,投送,976.4701959393784,996.2701959393785,直连,
T008,投送,996.2701959393785,1016.0701959393784,直连,
T008,投送,1016.0701959393784,1035.8701959393784,直连,
T008,投送,1035.8701959393784,1055.6701959393786,直连,
T008,投送,1055.6701959393786,1075.4701959393785,直连,
T008,投送,1075.4701959393785,1095.2701959393785,直连,
T008,投送,1095.2701959393785,1115.0701959393784,直连,
T008,投送,1115.0701959393784,1134.8701959393784,直连,
T008,投送,1134.8701959393784,1154.6701959393786,直连,
T008,投送,1154.6701959393786,1174.4701959393785,直连,
T008,投送,1174.4701959393785,1194.2701959393785,直连,
T008,爬升,1194.2701959393785,1212.0815179608628,直连,
T008,爬升,1212.0815179608628,1229.8928399823471,直连,
T008,巡航,1229.8928399823471,1248.4018624225926,直连,
T008,巡航,1248.4018624225926,1266.9108848628377,直连,
T008,巡航,1266.9108848628377,1285.4199073030832,直连,
T008,巡航,1285.4199073030832,1303.9289297433286,直连,
T008,巡航,1303.9289297433286,1322.4379521835738,直连,
T008,巡航,1322.4379521835738,1340.9469746238192,直连,
T008,巡航,1340.9469746238192,1359.4559970640644,直连,
T008,巡航,1359.4559970640644,1377.9650195043098,直连,
T008,巡航,1377.9650195043098,1396.4740419445552,直连,
T008,巡航,1396.4740419445552,1414.9830643848004,直连,
T008,巡航,1414.9830643848004,1433.4920868250458,直连,
T008,下降,1433.4920868250458,1451.6616630884737,直连,
T008,下降,1451.6616630884737,1469.8312393519013,直连,
T008,下降,1469.8312393519013,1488.000815615329,直连,
T008,下降,1488.000815615329,1506.1703918787568,直连,
T009,爬升,2147.0,2163.15073445638,直连,
T009,爬升,2163.15073445638,2179.3014689127604,直连,
T009,爬升,2179.3014689127604,2195.4522033691405,直连,
T009,巡航,2195.4522033691405,2213.961225809386,直连,
T009,巡航,2213.961225809386,2232.4702482496314,直连,
T009,巡航,2232.4702482496314,2250.9792706898766,直连,
T009,巡航,2250.9792706898766,2269.4882931301217,直连,
T009,巡航,2269.4882931301217,2287.9973155703674,直连,
T009,巡航,2287.9973155703674,2306.5063380106126,直连,
T009,巡航,2306.5063380106126,2325.0153604508578,直连,
T009,巡航,2325.0153604508578,2343.5243828911034,直连,
T009,巡航,2343.5243828911034,2362.0334053313486,直连,
T009,巡航,2362.0334053313486,2380.542427771594,直连,
T009,巡航,2380.542427771594,2399.0514502118394,直连,
T009,下降,2399.0514502118394,2416.862772233324,直连,
T009,下降,2416.862772233324,2434.674094254808,直连,
T009,投送,2434.674094254808,2454.674094254808,直连,
T009,投送,2454.674094254808,2474.674094254808,直连,
T009,投送,2474.674094254808,2494.674094254808,直连,
T009,投送,2494.674094254808,2514.674094254808,直连,
T009,投送,2514.674094254808,2534.674094254808,直连,
T009,投送,2534.674094254808,2554.674094254808,直连,
T009,投送,2554.674094254808,2574.674094254808,直连,
T009,投送,2574.674094254808,2594.674094254808,直连,
T009,投送,2594.674094254808,2614.674094254808,直连,
T009,投送,2614.674094254808,2634.674094254808,直连,
T009,投送,2634.674094254808,2654.674094254808,直连,
T009,投送,2654.674094254808,2674.674094254808,直连,
T009,爬升,2674.674094254808,2689.516862606045,直连,
T009,爬升,2689.516862606045,2704.359630957282,直连,
T009,巡航,2704.359630957282,2722.8686533975274,直连,
T009,巡航,2722.8686533975274,2741.3776758377726,直连,
T009,巡航,2741.3776758377726,2759.8866982780182,直连,
T009,巡航,2759.8866982780182,2778.3957207182634,直连,
T009,巡航,2778.3957207182634,2796.9047431585086,直连,
T009,巡航,2796.9047431585086,2815.4137655987543,直连,
T009,巡航,2815.4137655987543,2833.9227880389994,直连,
T009,巡航,2833.9227880389994,2852.4318104792446,直连,
T009,巡航,2852.4318104792446,2870.9408329194903,直连,
T009,巡航,2870.9408329194903,2889.449855359735,直连,
T009,巡航,2889.449855359735,2907.9588777999807,直连,
T009,下降,2907.9588777999807,2927.339759147637,直连,
T009,下降,2927.339759147637,2946.720640495293,直连,
T009,下降,2946.720640495293,2966.1015218429493,直连,
T010,爬升,2340.0,2358.5698955078124,直连,
T010,爬升,2358.5698955078124,2377.139791015625,直连,
T010,爬升,2377.139791015625,2395.7096865234375,直连,
T010,爬升,2395.7096865234375,2414.27958203125,直连,
T010,爬升,2414.27958203125,2432.8494775390627,直连,
T010,爬升,2432.8494775390627,2451.419373046875,直连,
T010,爬升,2451.419373046875,2469.9892685546874,直连,
T010,爬升,2469.9892685546874,2488.5591640625003,直连,
T010,爬升,2488.5591640625003,2507.1290595703126,直连,
T010,爬升,2507.1290595703126,2525.6989550781254,直连,
T010,巡航,2525.6989550781254,2544.714990850035,直连,
T010,巡航,2544.714990850035,2563.7310266219447,直连,
T010,巡航,2563.7310266219447,2582.7470623938543,直连,
T010,巡航,2582.7470623938543,2601.763098165764,直连,
T010,巡航,2601.763098165764,2620.7791339376736,直连,
T010,巡航,2620.7791339376736,2639.795169709583,直连,
T010,巡航,2639.795169709583,2658.811205481493,直连,
T010,巡航,2658.811205481493,2677.8272412534025,直连,
T010,巡航,2677.8272412534025,2696.8432770253125,直连,
T010,巡航,2696.8432770253125,2715.859312797222,直连,
T010,巡航,2715.859312797222,2734.875348569132,直连,
T010,巡航,2734.875348569132,2753.8913843410414,直连,
T010,巡航,2753.8913843410414,2772.907420112951,直连,
T010,巡航,2772.907420112951,2791.923455884861,中继,R003
T010,巡航,2791.923455884861,2810.9394916567708,中继,R003
T010,巡航,2810.9394916567708,2829.9555274286804,中继,R003
T010,巡航,2829.9555274286804,2848.97156320059,中继,R003
T010,巡航,2848.97156320059,2867.9875989724997,中继,R003
T010,巡航,2867.9875989724997,2887.0036347444093,中继,R003
T010,下降,2887.0036347444093,2904.2141624369315,中继,R003
T010,下降,2904.2141624369315,2921.4246901294537,中继,R003
T010,下降,2921.4246901294537,2938.6352178219763,中继,R003
T010,下降,2938.6352178219763,2955.8457455144985,中继,R003
T010,下降,2955.8457455144985,2973.0562732070207,中继,R003
T010,下降,2973.0562732070207,2990.266800899543,中继,R003
T010,下降,2990.266800899543,3007.4773285920655,中继,R003
T010,投送,3007.4773285920655,3026.861943976681,中继,R003
T010,投送,3026.861943976681,3046.246559361296,中继,R003
T010,投送,3046.246559361296,3065.6311747459113,中继,R003
T010,投送,3065.6311747459113,3085.0157901305265,中继,R003
T010,投送,3085.0157901305265,3104.400405515142,中继,R003
T010,投送,3104.400405515142,3123.785020899758,中继,R003
T010,投送,3123.785020899758,3143.169636284373,中继,R003
T010,投送,3143.169636284373,3162.5542516689884,中继,R003
T010,投送,3162.5542516689884,3181.9388670536036,中继,R003
T010,投送,3181.9388670536036,3201.323482438219,中继,R003
T010,投送,3201.323482438219,3220.7080978228346,中继,R003
T010,投送,3220.7080978228346,3240.09271320745,中继,R003
T010,投送,3240.09271320745,3259.4773285920655,中继,R003
T010,爬升,3259.4773285920655,3278.75311960769,中继,R003
T010,爬升,3278.75311960769,3298.028910623315,中继,R003
T010,爬升,3298.028910623315,3317.30470163894,中继,R003
T010,爬升,3317.30470163894,3336.580492654565,中继,R003
T010,爬升,3336.580492654565,3355.8562836701904,中继,R003
T010,巡航,3355.8562836701904,3374.8723194421,中继,R003
T010,巡航,3374.8723194421,3393.8883552140096,中继,R003
T010,巡航,3393.8883552140096,3412.9043909859192,中继,R003
T010,巡航,3412.9043909859192,3431.920426757829,中继,R003
T010,巡航,3431.920426757829,3450.9364625297385,中继,R003
T010,巡航,3450.9364625297385,3469.952498301648,中继,R003
T010,巡航,3469.952498301648,3488.9685340735577,直连,
T010,巡航,3488.9685340735577,3507.9845698454674,直连,
T010,巡航,3507.9845698454674,3527.000605617377,直连,
T010,巡航,3527.000605617377,3546.016641389287,直连,
T010,巡航,3546.016641389287,3565.0326771611967,直连,
T010,巡航,3565.0326771611967,3584.0487129331063,直连,
T010,巡航,3584.0487129331063,3603.064748705016,直连,
T010,巡航,3603.064748705016,3622.080784476926,直连,
T010,巡航,3622.080784476926,3641.0968202488357,直连,
T010,巡航,3641.0968202488357,3660.1128560207453,直连,
T010,巡航,3660.1128560207453,3679.128891792655,直连,
T010,巡航,3679.128891792655,3698.1449275645646,直连,
T010,巡航,3698.1449275645646,3717.160963336474,直连,
T010,下降,3717.160963336474,3736.5046044904457,直连,
T010,下降,3736.5046044904457,3755.848245644417,直连,
T010,下降,3755.848245644417,3775.191886798388,直连,
T010,下降,3775.191886798388,3794.5355279523596,直连,
T010,下降,3794.5355279523596,3813.879169106331,直连,
T010,下降,3813.879169106331,3833.222810260302,直连,
T010,下降,3833.222810260302,3852.5664514142736,直连,
T010,下降,3852.5664514142736,3871.910092568245,直连,
T010,下降,3871.910092568245,3891.2537337222166,直连,
T010,下降,3891.2537337222166,3910.597374876188,直连,
T010,下降,3910.597374876188,3929.941016030159,直连,
T010,下降,3929.941016030159,3949.2846571841305,直连,
T011,爬升,2355.0,2373.098788248698,直连,
T011,爬升,2373.098788248698,2391.197576497396,直连,
T011,爬升,2391.197576497396,2409.296364746094,直连,
T011,爬升,2409.296364746094,2427.3951529947917,直连,
T011,爬升,2427.3951529947917,2445.4939412434896,直连,
T011,巡航,2445.4939412434896,2464.736905692543,直连,
T011,巡航,2464.736905692543,2483.9798701415966,直连,
T011,巡航,2483.9798701415966,2503.22283459065,直连,
T011,巡航,2503.22283459065,2522.4657990397036,直连,
T011,巡航,2522.4657990397036,2541.7087634887575,直连,
T011,巡航,2541.7087634887575,2560.9517279378106,直连,
T011,巡航,2560.9517279378106,2580.1946923868645,直连,
T011,巡航,2580.1946923868645,2599.437656835918,直连,
T011,巡航,2599.437656835918,2618.6806212849715,直连,
T011,巡航,2618.6806212849715,2637.923585734025,直连,
T011,巡航,2637.923585734025,2657.1665501830785,直连,
T011,巡航,2657.1665501830785,2676.409514632132,直连,
T011,巡航,2676.409514632132,2695.6524790811854,直连,
T011,巡航,2695.6524790811854,2714.8954435302394,直连,
T011,巡航,2714.8954435302394,2734.1384079792924,直连,
T011,巡航,2734.1384079792924,2753.3813724283464,直连,
T011,巡航,2753.3813724283464,2772.6243368773994,直连,
T011,巡航,2772.6243368773994,2791.8673013264533,中继,R003
T011,巡航,2791.8673013264533,2811.110265775507,中继,R003
T011,巡航,2811.110265775507,2830.3532302245603,中继,R003
T011,巡航,2830.3532302245603,2849.596194673614,中继,R003
T011,下降,2849.596194673614,2868.5889241658015,中继,R003
T011,投送,2868.5889241658015,2887.6798332567105,中继,R003
T011,投送,2887.6798332567105,2906.7707423476195,中继,R003
T011,投送,2906.7707423476195,2925.8616514385285,中继,R003
T011,投送,2925.8616514385285,2944.9525605294375,中继,R003
T011,投送,2944.9525605294375,2964.043469620347,中继,R003
T011,投送,2964.043469620347,2983.134378711256,中继,R003
T011,投送,2983.134378711256,3002.225287802165,中继,R003
T011,投送,3002.225287802165,3021.3161968930744,中继,R003
T011,投送,3021.3161968930744,3040.4071059839835,中继,R003
T011,投送,3040.4071059839835,3059.4980150748925,中继,R003
T011,投送,3059.4980150748925,3078.5889241658015,中继,R003
T011,爬升,3078.5889241658015,3094.416198742624,中继,R003
T011,巡航,3094.416198742624,3113.659163191678,中继,R003
T011,巡航,3113.659163191678,3132.902127640731,中继,R003
T011,巡航,3132.902127640731,3152.145092089785,中继,R003
T011,巡航,3152.145092089785,3171.3880565388386,中继,R003
T011,巡航,3171.3880565388386,3190.631020987892,直连,
T011,巡航,3190.631020987892,3209.8739854369455,直连,
T011,巡航,3209.8739854369455,3229.116949885999,直连,
T011,巡航,3229.116949885999,3248.3599143350525,直连,
T011,巡航,3248.3599143350525,3267.602878784106,直连,
T011,巡航,3267.602878784106,3286.84584323316,直连,
T011,巡航,3286.84584323316,3306.088807682213,直连,
T011,巡航,3306.088807682213,3325.331772131267,直连,
T011,巡航,3325.331772131267,3344.5747365803204,直连,
T011,巡航,3344.5747365803204,3363.817701029374,直连,
T011,巡航,3363.817701029374,3383.0606654784274,直连,
T011,巡航,3383.0606654784274,3402.303629927481,直连,
T011,巡航,3402.303629927481,3421.5465943765344,直连,
T011,巡航,3421.5465943765344,3440.789558825588,直连,
T011,巡航,3440.789558825588,3460.0325232746413,直连,
T011,巡航,3460.0325232746413,3479.275487723695,直连,
T011,巡航,3479.275487723695,3498.5184521727488,直连,
T011,下降,3498.5184521727488,3516.6172404214467,直连,
T011,下降,3516.6172404214467,3534.7160286701446,直连,
T011,下降,3534.7160286701446,3552.8148169188426,直连,
T011,下降,3552.8148169188426,3570.9136051675405,直连,
T011,下降,3570.9136051675405,3589.0123934162384,直连,
T011,下降,3589.0123934162384,3607.1111816649363,直连,
T012,爬升,2390.0,2407.596373465402,直连,
T012,爬升,2407.596373465402,2425.1927469308034,直连,
T012,爬升,2425.1927469308034,2442.7891203962054,直连,
T012,爬升,2442.7891203962054,2460.3854938616073,直连,
T012,爬升,2460.3854938616073,2477.981867327009,直连,
T012,爬升,2477.981867327009,2495.5782407924107,直连,
T012,爬升,2495.5782407924107,2513.174614257812,直连,
T012,巡航,2513.174614257812,2533.109926242226,直连,
T012,巡航,2533.109926242226,2553.0452382266385,直连,
T012,巡航,2553.0452382266385,2572.980550211052,直连,
T012,巡航,2572.980550211052,2592.915862195465,直连,
T012,巡航,2592.915862195465,2612.8511741798784,直连,
T012,巡航,2612.8511741798784,2632.7864861642915,直连,
T012,巡航,2632.7864861642915,2652.7217981487047,直连,
T012,巡航,2652.7217981487047,2672.657110133118,直连,
T012,巡航,2672.657110133118,2692.592422117531,直连,
T012,巡航,2692.592422117531,2712.527734101944,直连,
T012,巡航,2712.527734101944,2732.4630460863573,直连,
T012,巡航,2732.4630460863573,2752.3983580707704,直连,
T012,巡航,2752.3983580707704,2772.3336700551836,直连,
T012,巡航,2772.3336700551836,2792.2689820395967,中继,R003
T012,巡航,2792.2689820395967,2812.20429402401,中继,R003
T012,巡航,2812.20429402401,2832.139606008423,中继,R003
T012,下降,2832.139606008423,2846.1456952825115,中继,R003
T012,下降,2846.1456952825115,2860.1517845566,中继,R003
T012,下降,2860.1517845566,2874.157873830689,中继,R003
T012,投送,2874.157873830689,2893.542489215304,中继,R003
T012,投送,2893.542489215304,2912.9271045999194,中继,R003
T012,投送,2912.9271045999194,2932.3117199845346,中继,R003
T012,投送,2932.3117199845346,2951.6963353691503,中继,R003
T012,投送,2951.6963353691503,2971.0809507537656,中继,R003
T012,投送,2971.0809507537656,2990.465566138381,中继,R003
T012,投送,2990.465566138381,3009.8501815229965,中继,R003
T012,投送,3009.8501815229965,3029.234796907612,中继,R003
T012,投送,3029.234796907612,3048.619412292227,中继,R003
T012,投送,3048.619412292227,3068.0040276768423,中继,R003
T012,投送,3068.0040276768423,3087.388643061458,中继,R003
T012,投送,3087.388643061458,3106.773258446073,中继,R003
T012,投送,3106.773258446073,3126.157873830689,中继,R003
T012,爬升,3126.157873830689,3142.965180959595,中继,R003
T012,爬升,3142.965180959595,3159.772488088501,中继,R003
T012,巡航,3159.772488088501,3179.7078000729143,中继,R003
T012,巡航,3179.7078000729143,3199.6431120573275,中继,R003
T012,巡航,3199.6431120573275,3219.5784240417406,中继,R003
T012,巡航,3219.5784240417406,3239.5137360261538,直连,
T012,巡航,3239.5137360261538,3259.449048010567,直连,
T012,巡航,3259.449048010567,3279.38435999498,直连,
T012,巡航,3279.38435999498,3299.319671979393,直连,
T012,巡航,3299.319671979393,3319.2549839638064,直连,
T012,巡航,3319.2549839638064,3339.1902959482195,直连,
T012,巡航,3339.1902959482195,3359.125607932633,直连,
T012,巡航,3359.125607932633,3379.060919917046,直连,
T012,巡航,3379.060919917046,3398.9962319014594,直连,
T012,巡航,3398.9962319014594,3418.931543885872,直连,
T012,巡航,3418.931543885872,3438.8668558702857,直连,
T012,巡航,3438.8668558702857,3458.8021678546984,直连,
T012,巡航,3458.8021678546984,3478.737479839112,直连,
T012,下降,3478.737479839112,3497.983513316895,直连,
T012,下降,3497.983513316895,3517.229546794678,直连,
T012,下降,3517.229546794678,3536.4755802724612,直连,
T012,下降,3536.4755802724612,3555.7216137502446,直连,
T012,下降,3555.7216137502446,3574.967647228028,直连,
T012,下降,3574.967647228028,3594.213680705811,直连,
T012,下降,3594.213680705811,3613.459714183594,直连,
T012,下降,3613.459714183594,3632.7057476613772,直连,
T013,爬升,2461.0,2479.0876724243167,直连,
T013,爬升,2479.0876724243167,2497.175344848633,直连,
T013,爬升,2497.175344848633,2515.2630172729496,直连,
T013,爬升,2515.2630172729496,2533.350689697266,直连,
T013,爬升,2533.350689697266,2551.438362121582,直连,
T013,爬升,2551.438362121582,2569.5260345458987,直连,
T013,爬升,2569.5260345458987,2587.613706970215,直连,
T013,爬升,2587.613706970215,2605.7013793945316,直连,
T013,巡航,2605.7013793945316,2625.2264539027333,直连,
T013,巡航,2625.2264539027333,2644.751528410935,直连,
T013,巡航,2644.751528410935,2664.2766029191366,直连,
T013,巡航,2664.2766029191366,2683.8016774273383,直连,
T013,巡航,2683.8016774273383,2703.3267519355404,直连,
T013,巡航,2703.3267519355404,2722.851826443742,直连,
T013,巡航,2722.851826443742,2742.3769009519438,直连,
T013,巡航,2742.3769009519438,2761.9019754601454,直连,
T013,巡航,2761.9019754601454,2781.427049968347,直连,
T013,巡航,2781.427049968347,2800.952124476549,直连,
T013,巡航,2800.952124476549,2820.4771989847504,直连,
T013,巡航,2820.4771989847504,2840.0022734929526,直连,
T013,巡航,2840.0022734929526,2859.527348001154,直连,
T013,巡航,2859.527348001154,2879.052422509356,直连,
T013,巡航,2879.052422509356,2898.5774970175576,直连,
T013,巡航,2898.5774970175576,2918.1025715257592,直连,
T013,巡航,2918.1025715257592,2937.6276460339614,中继,R004
T013,巡航,2937.6276460339614,2957.152720542163,中继,R004
T013,巡航,2957.152720542163,2976.6777950503647,中继,R004
T013,巡航,2976.6777950503647,2996.2028695585664,中继,R004
T013,巡航,2996.2028695585664,3015.727944066768,中继,R004
T013,巡航,3015.727944066768,3035.25301857497,中继,R004
T013,巡航,3035.25301857497,3054.778093083172,中继,R004
T013,巡航,3054.778093083172,3074.3031675913735,中继,R004
T013,巡航,3074.3031675913735,3093.828242099575,中继,R004
T013,巡航,3093.828242099575,3113.353316607777,中继,R004
T013,巡航,3113.353316607777,3132.878391115979,中继,R004
T013,巡航,3132.878391115979,3152.40346562418,中继,R004
T013,巡航,3152.40346562418,3171.9285401323823,中继,R004
T013,巡航,3171.9285401323823,3191.453614640584,中继,R004
T013,巡航,3191.453614640584,3210.9786891487856,中继,R004
T013,下降,3210.9786891487856,3228.8430202034733,中继,R004
T013,下降,3228.8430202034733,3246.7073512581605,中继,R004
T013,下降,3246.7073512581605,3264.571682312848,中继,R004
T013,下降,3264.571682312848,3282.4360133675355,中继,R004
T013,下降,3282.4360133675355,3300.300344422223,中继,R004
T013,投送,3300.300344422223,3319.391253513132,中继,R004
T013,投送,3319.391253513132,3338.482162604041,中继,R004
T013,投送,3338.482162604041,3357.57307169495,中继,R004
T013,投送,3357.57307169495,3376.663980785859,中继,R004
T013,投送,3376.663980785859,3395.7548898767686,中继,R004
T013,投送,3395.7548898767686,3414.8457989676776,中继,R004
T013,投送,3414.8457989676776,3433.9367080585866,中继,R004
T013,投送,3433.9367080585866,3453.027617149496,中继,R004
T013,投送,3453.027617149496,3472.118526240405,中继,R004
T013,投送,3472.118526240405,3491.209435331314,中继,R004
T013,投送,3491.209435331314,3510.300344422223,中继,R004
T013,爬升,3510.300344422223,3528.9090226041894,中继,R004
T013,爬升,3528.9090226041894,3547.5177007861557,中继,R004
T013,爬升,3547.5177007861557,3566.1263789681216,中继,R004
T013,爬升,3566.1263789681216,3584.735057150088,中继,R004
T013,巡航,3584.735057150088,3604.2601316582895,中继,R004
T013,巡航,3604.2601316582895,3623.7852061664917,中继,R004
T013,巡航,3623.7852061664917,3643.310280674693,中继,R004
T013,巡航,3643.310280674693,3662.835355182895,中继,R004
T013,巡航,3662.835355182895,3682.3604296910967,中继,R004
T013,巡航,3682.3604296910967,3701.8855041992983,中继,R004
T013,巡航,3701.8855041992983,3721.4105787075,中继,R004
T013,巡航,3721.4105787075,3740.9356532157017,中继,R004
T013,巡航,3740.9356532157017,3760.460727723904,中继,R004
T013,巡航,3760.460727723904,3779.985802232105,中继,R004
T013,巡航,3779.985802232105,3799.510876740307,中继,R004
T013,巡航,3799.510876740307,3819.035951248509,中继,R004
T013,巡航,3819.035951248509,3838.5610257567105,中继,R004
T013,巡航,3838.5610257567105,3858.086100264912,中继,R004
T013,巡航,3858.086100264912,3877.611174773114,中继,R004
T013,巡航,3877.611174773114,3897.136249281316,直连,
T013,巡航,3897.136249281316,3916.6613237895176,直连,
T013,巡航,3916.6613237895176,3936.1863982977193,直连,
T013,巡航,3936.1863982977193,3955.711472805921,直连,
T013,巡航,3955.711472805921,3975.2365473141226,直连,
T013,巡航,3975.2365473141226,3994.7616218223247,直连,
T013,巡航,3994.7616218223247,4014.286696330526,直连,
T013,巡航,4014.286696330526,4033.811770838728,直连,
T013,巡航,4033.811770838728,4053.3368453469297,直连,
T013,巡航,4053.3368453469297,4072.8619198551314,直连,
T013,巡航,4072.8619198551314,4092.386994363333,直连,
T013,巡航,4092.386994363333,4111.912068871535,直连,
T013,巡航,4111.912068871535,4131.437143379737,直连,
T013,巡航,4131.437143379737,4150.962217887938,直连,
T013,巡航,4150.962217887938,4170.48729239614,直连,
T013,巡航,4170.48729239614,4190.012366904342,直连,
T013,下降,4190.012366904342,4209.3058841569455,直连,
T013,下降,4209.3058841569455,4228.59940140955,直连,
T013,下降,4228.59940140955,4247.892918662154,直连,
T013,下降,4247.892918662154,4267.1864359147585,直连,
T013,下降,4267.1864359147585,4286.479953167363,直连,
T013,下降,4286.479953167363,4305.7734704199665,直连,
T013,下降,4305.7734704199665,4325.0669876725715,直连,
T013,下降,4325.0669876725715,4344.3605049251755,直连,
T013,下降,4344.3605049251755,4363.65402217778,直连,
T014,爬升,2545.0,2563.2987226213727,直连,
T014,爬升,2563.2987226213727,2581.5974452427454,直连,
T014,爬升,2581.5974452427454,2599.896167864118,直连,
T014,爬升,2599.896167864118,2618.194890485491,直连,
T014,爬升,2618.194890485491,2636.493613106864,直连,
T014,爬升,2636.493613106864,2654.7923357282366,直连,
T014,爬升,2654.7923357282366,2673.0910583496093,直连,
T014,巡航,2673.0910583496093,2691.984924997995,直连,
T014,巡航,2691.984924997995,2710.8787916463816,直连,
T014,巡航,2710.8787916463816,2729.7726582947676,直连,
T014,巡航,2729.7726582947676,2748.666524943154,直连,
T014,巡航,2748.666524943154,2767.56039159154,直连,
T014,巡航,2767.56039159154,2786.4542582399263,直连,
T014,巡航,2786.4542582399263,2805.348124888312,直连,
T014,巡航,2805.348124888312,2824.241991536698,直连,
T014,巡航,2824.241991536698,2843.1358581850845,直连,
T014,巡航,2843.1358581850845,2862.0297248334705,直连,
T014,巡航,2862.0297248334705,2880.9235914818564,直连,
T014,巡航,2880.9235914818564,2899.817458130243,直连,
T014,巡航,2899.817458130243,2918.7113247786288,直连,
T014,巡航,2918.7113247786288,2937.605191427015,中继,R004
T014,巡航,2937.605191427015,2956.499058075401,中继,R004
T014,巡航,2956.499058075401,2975.3929247237875,中继,R004
T014,下降,2975.3929247237875,2991.74024222867,中继,R004
T014,下降,2991.74024222867,3008.087559733553,中继,R004
T014,下降,3008.087559733553,3024.4348772384355,中继,R004
T014,下降,3024.4348772384355,3040.7821947433185,中继,R004
T014,投送,3040.7821947433185,3059.8731038342275,中继,R004
T014,投送,3059.8731038342275,3078.9640129251366,中继,R004
T014,投送,3078.9640129251366,3098.0549220160456,中继,R004
T014,投送,3098.0549220160456,3117.145831106955,中继,R004
T014,投送,3117.145831106955,3136.236740197864,中继,R004
T014,投送,3136.236740197864,3155.327649288773,中继,R004
T014,投送,3155.327649288773,3174.418558379682,中继,R004
T014,投送,3174.418558379682,3193.5094674705915,中继,R004
T014,投送,3193.5094674705915,3212.6003765615005,中继,R004
T014,投送,3212.6003765615005,3231.6912856524095,中继,R004
T014,投送,3231.6912856524095,3250.7821947433185,中继,R004
T014,爬升,3250.7821947433185,3268.9458808598547,中继,R004
T014,爬升,3268.9458808598547,3287.1095669763918,中继,R004
T014,爬升,3287.1095669763918,3305.273253092928,中继,R004
T014,巡航,3305.273253092928,3324.1671197413143,中继,R004
T014,巡航,3324.1671197413143,3343.0609863897002,中继,R004
T014,巡航,3343.0609863897002,3361.954853038086,中继,R004
T014,巡航,3361.954853038086,3380.8487196864726,直连,
T014,巡航,3380.8487196864726,3399.7425863348585,直连,
T014,巡航,3399.7425863348585,3418.6364529832445,直连,
T014,巡航,3418.6364529832445,3437.530319631631,直连,
T014,巡航,3437.530319631631,3456.424186280017,直连,
T014,巡航,3456.424186280017,3475.3180529284027,直连,
T014,巡航,3475.3180529284027,3494.211919576789,直连,
T014,巡航,3494.211919576789,3513.1057862251755,直连,
T014,巡航,3513.1057862251755,3531.9996528735614,直连,
T014,巡航,3531.9996528735614,3550.8935195219474,直连,
T014,巡航,3550.8935195219474,3569.787386170334,直连,
T014,巡航,3569.787386170334,3588.6812528187197,直连,
T014,巡航,3588.6812528187197,3607.5751194671057,直连,
T014,下降,3607.5751194671057,3626.7887782195476,直连,
T014,下降,3626.7887782195476,3646.0024369719886,直连,
T014,下降,3646.0024369719886,3665.21609572443,直连,
T014,下降,3665.21609572443,3684.4297544768715,直连,
T014,下降,3684.4297544768715,3703.6434132293125,直连,
T014,下降,3703.6434132293125,3722.8570719817544,直连,
T014,下降,3722.8570719817544,3742.0707307341954,直连,
T014,下降,3742.0707307341954,3761.284389486637,直连,
T015,爬升,4266.0,4284.504135640463,直连,
T015,爬升,4284.504135640463,4303.008271280924,直连,
T015,爬升,4303.008271280924,4321.512406921387,直连,
T015,爬升,4321.512406921387,4340.016542561849,直连,
T015,爬升,4340.016542561849,4358.5206782023115,直连,
T015,爬升,4358.5206782023115,4377.024813842773,直连,
T015,爬升,4377.024813842773,4395.528949483236,直连,
T015,爬升,4395.528949483236,4414.033085123698,直连,
T015,巡航,4414.033085123698,4433.294215159196,直连,
T015,巡航,4433.294215159196,4452.5553451946935,直连,
T015,巡航,4452.5553451946935,4471.816475230191,直连,
T015,巡航,4471.816475230191,4491.077605265688,直连,
T015,巡航,4491.077605265688,4510.338735301186,直连,
T015,巡航,4510.338735301186,4529.599865336683,直连,
T015,巡航,4529.599865336683,4548.860995372181,直连,
T015,巡航,4548.860995372181,4568.122125407679,直连,
T015,巡航,4568.122125407679,4587.3832554431765,直连,
T015,巡航,4587.3832554431765,4606.644385478674,直连,
T015,巡航,4606.644385478674,4625.905515514171,直连,
T015,巡航,4625.905515514171,4645.166645549669,直连,
T015,巡航,4645.166645549669,4664.427775585167,直连,
T015,巡航,4664.427775585167,4683.688905620665,直连,
T015,巡航,4683.688905620665,4702.950035656162,直连,
T015,巡航,4702.950035656162,4722.2111656916595,直连,
T015,巡航,4722.2111656916595,4741.472295727157,直连,
T015,巡航,4741.472295727157,4760.733425762654,中继,R005
T015,巡航,4760.733425762654,4779.994555798153,中继,R005
T015,巡航,4779.994555798153,4799.25568583365,中继,R004
T015,巡航,4799.25568583365,4818.516815869148,中继,R004
T015,巡航,4818.516815869148,4837.777945904645,中继,R004
T015,巡航,4837.777945904645,4857.0390759401425,中继,R004
T015,巡航,4857.0390759401425,4876.30020597564,中继,R004
T015,巡航,4876.30020597564,4895.561336011138,中继,R004
T015,巡航,4895.561336011138,4914.822466046636,中继,R004
T015,下降,4914.822466046636,4934.282317120855,中继,R004
T015,下降,4934.282317120855,4953.742168195073,中继,R004
T015,投送,4953.742168195073,4972.833077285982,中继,R004
T015,投送,4972.833077285982,4991.923986376891,中继,R004
T015,投送,4991.923986376891,5011.014895467801,中继,R004
T015,投送,5011.014895467801,5030.105804558709,中继,R004
T015,投送,5030.105804558709,5049.196713649619,中继,R004
T015,投送,5049.196713649619,5068.287622740528,中继,R004
T015,投送,5068.287622740528,5087.378531831437,中继,R004
T015,投送,5087.378531831437,5106.469440922346,中继,R004
T015,投送,5106.469440922346,5125.560350013255,中继,R004
T015,投送,5125.560350013255,5144.651259104164,中继,R004
T015,投送,5144.651259104164,5163.742168195073,中继,R004
T015,爬升,5163.742168195073,5179.958710756922,中继,R004
T015,爬升,5179.958710756922,5196.175253318771,中继,R004
T015,巡航,5196.175253318771,5215.436383354268,中继,R004
T015,巡航,5215.436383354268,5234.697513389766,中继,R004
T015,巡航,5234.697513389766,5253.958643425263,中继,R005
T015,巡航,5253.958643425263,5273.219773460762,中继,R005
T015,巡航,5273.219773460762,5292.480903496259,中继,R005
T015,巡航,5292.480903496259,5311.7420335317565,中继,R005
T015,巡航,5311.7420335317565,5331.003163567254,中继,R005
T015,巡航,5331.003163567254,5350.264293602751,中继,R005
T015,巡航,5350.264293602751,5369.52542363825,中继,R005
T015,巡航,5369.52542363825,5388.786553673746,直连,
T015,巡航,5388.786553673746,5408.047683709245,直连,
T015,巡航,5408.047683709245,5427.308813744742,直连,
T015,巡航,5427.308813744742,5446.56994378024,直连,
T015,巡航,5446.56994378024,5465.831073815737,直连,
T015,巡航,5465.831073815737,5485.092203851234,直连,
T015,巡航,5485.092203851234,5504.353333886733,直连,
T015,巡航,5504.353333886733,5523.61446392223,直连,
T015,巡航,5523.61446392223,5542.875593957728,直连,
T015,巡航,5542.875593957728,5562.136723993225,直连,
T015,巡航,5562.136723993225,5581.397854028723,直连,
T015,巡航,5581.397854028723,5600.658984064221,直连,
T015,巡航,5600.658984064221,5619.9201140997175,直连,
T015,巡航,5619.9201140997175,5639.181244135216,直连,
T015,巡航,5639.181244135216,5658.442374170713,直连,
T015,巡航,5658.442374170713,5677.703504206211,直连,
T015,巡航,5677.703504206211,5696.964634241708,直连,
T015,下降,5696.964634241708,5716.702378924868,直连,
T015,下降,5716.702378924868,5736.4401236080275,直连,
T015,下降,5736.4401236080275,5756.177868291188,直连,
T015,下降,5756.177868291188,5775.915612974348,直连,
T015,下降,5775.915612974348,5795.6533576575075,直连,
T015,下降,5795.6533576575075,5815.391102340667,直连,
T015,下降,5815.391102340667,5835.128847023827,直连,
T015,下降,5835.128847023827,5854.866591706987,直连,
T015,下降,5854.866591706987,5874.604336390146,直连,
T016,爬升,4396.0,4414.504135640463,直连,
T016,爬升,4414.504135640463,4433.008271280924,直连,
T016,爬升,4433.008271280924,4451.512406921387,直连,
T016,爬升,4451.512406921387,4470.016542561849,直连,
T016,爬升,4470.016542561849,4488.5206782023115,直连,
T016,爬升,4488.5206782023115,4507.024813842773,直连,
T016,爬升,4507.024813842773,4525.528949483236,直连,
T016,爬升,4525.528949483236,4544.033085123698,直连,
T016,巡航,4544.033085123698,4563.110775825524,直连,
T016,巡航,4563.110775825524,4582.18846652735,直连,
T016,巡航,4582.18846652735,4601.266157229176,直连,
T016,巡航,4601.266157229176,4620.3438479310025,直连,
T016,巡航,4620.3438479310025,4639.421538632829,直连,
T016,巡航,4639.421538632829,4658.499229334655,直连,
T016,巡航,4658.499229334655,4677.576920036481,直连,
T016,巡航,4677.576920036481,4696.654610738307,直连,
T016,巡航,4696.654610738307,4715.732301440134,直连,
T016,巡航,4715.732301440134,4734.80999214196,直连,
T016,巡航,4734.80999214196,4753.887682843786,直连,
T016,巡航,4753.887682843786,4772.965373545612,直连,
T016,巡航,4772.965373545612,4792.043064247438,直连,
T016,巡航,4792.043064247438,4811.120754949265,中继,R005
T016,巡航,4811.120754949265,4830.198445651091,中继,R005
T016,巡航,4830.198445651091,4849.276136352917,中继,R005
T016,巡航,4849.276136352917,4868.353827054743,中继,R005
T016,巡航,4868.353827054743,4887.4315177565695,中继,R005
T016,巡航,4887.4315177565695,4906.509208458396,中继,R005
T016,巡航,4906.509208458396,4925.586899160222,中继,R004
T016,巡航,4925.586899160222,4944.664589862048,中继,R004
T016,下降,4944.664589862048,4964.124440936266,中继,R004
T016,下降,4964.124440936266,4983.584292010485,中继,R004
T016,投送,4983.584292010485,5001.584292010485,中继,R004
T016,投送,5001.584292010485,5019.584292010485,中继,R004
T016,投送,5019.584292010485,5037.584292010485,中继,R004
T016,投送,5037.584292010485,5055.584292010485,中继,R004
T016,投送,5055.584292010485,5073.584292010486,中继,R004
T016,投送,5073.584292010486,5091.584292010486,中继,R004
T016,投送,5091.584292010486,5109.584292010486,中继,R004
T016,投送,5109.584292010486,5127.584292010486,中继,R004
T016,投送,5127.584292010486,5145.584292010486,中继,R004
T016,投送,5145.584292010486,5163.584292010486,中继,R004
T016,爬升,5163.584292010486,5179.800834572335,中继,R004
T016,爬升,5179.800834572335,5196.017377134183,中继,R004
T016,巡航,5196.017377134183,5215.09506783601,中继,R004
T016,巡航,5215.09506783601,5234.172758537836,中继,R004
T016,巡航,5234.172758537836,5253.250449239662,中继,R005
T016,巡航,5253.250449239662,5272.328139941488,中继,R005
T016,巡航,5272.328139941488,5291.405830643314,中继,R005
T016,巡航,5291.405830643314,5310.483521345141,中继,R005
T016,巡航,5310.483521345141,5329.561212046967,中继,R005
T016,巡航,5329.561212046967,5348.638902748793,中继,R005
T016,巡航,5348.638902748793,5367.716593450619,直连,
T016,巡航,5367.716593450619,5386.7942841524455,直连,
T016,巡航,5386.7942841524455,5405.871974854272,直连,
T016,巡航,5405.871974854272,5424.949665556098,直连,
T016,巡航,5424.949665556098,5444.027356257924,直连,
T016,巡航,5444.027356257924,5463.10504695975,直连,
T016,巡航,5463.10504695975,5482.1827376615765,直连,
T016,巡航,5482.1827376615765,5501.260428363403,直连,
T016,巡航,5501.260428363403,5520.338119065229,直连,
T016,巡航,5520.338119065229,5539.415809767055,直连,
T016,巡航,5539.415809767055,5558.493500468881,直连,
T016,巡航,5558.493500468881,5577.571191170708,直连,
T016,巡航,5577.571191170708,5596.648881872534,直连,
T016,下降,5596.648881872534,5616.3866265556935,直连,
T016,下降,5616.3866265556935,5636.124371238853,直连,
T016,下降,5636.124371238853,5655.862115922013,直连,
T016,下降,5655.862115922013,5675.599860605173,直连,
T016,下降,5675.599860605173,5695.337605288332,直连,
T016,下降,5695.337605288332,5715.075349971492,直连,
T016,下降,5715.075349971492,5734.813094654652,直连,
T016,下降,5734.813094654652,5754.550839337811,直连,
T016,下降,5754.550839337811,5774.288584020971,直连,
T017,爬升,6224.0,6243.871088867188,直连,
T017,爬升,6243.871088867188,6263.742177734375,直连,
T017,爬升,6263.742177734375,6283.613266601563,直连,
T017,爬升,6283.613266601563,6303.48435546875,直连,
T017,巡航,6303.48435546875,6323.042287651694,直连,
T017,巡航,6323.042287651694,6342.600219834638,直连,
T017,巡航,6342.600219834638,6362.158152017581,直连,
T017,巡航,6362.158152017581,6381.716084200526,直连,
T017,巡航,6381.716084200526,6401.27401638347,直连,
T017,巡航,6401.27401638347,6420.831948566413,直连,
T017,巡航,6420.831948566413,6440.389880749357,直连,
T017,巡航,6440.389880749357,6459.9478129323015,直连,
T017,巡航,6459.9478129323015,6479.505745115245,直连,
T017,巡航,6479.505745115245,6499.063677298189,直连,
T017,巡航,6499.063677298189,6518.621609481133,直连,
T017,巡航,6518.621609481133,6538.179541664077,直连,
T017,巡航,6538.179541664077,6557.737473847021,直连,
T017,巡航,6557.737473847021,6577.295406029965,中继,R006
T017,巡航,6577.295406029965,6596.853338212909,中继,R006
T017,巡航,6596.853338212909,6616.411270395853,中继,R006
T017,巡航,6616.411270395853,6635.969202578797,中继,R006
T017,巡航,6635.969202578797,6655.527134761741,中继,R006
T017,下降,6655.527134761741,6671.953495845725,中继,R006
T017,下降,6671.953495845725,6688.37985692971,中继,R006
T017,下降,6688.37985692971,6704.806218013694,中继,R006
T017,下降,6704.806218013694,6721.232579097678,中继,R006
T017,投送,6721.232579097678,6740.617194482294,中继,R006
T017,投送,6740.617194482294,6760.001809866909,中继,R006
T017,投送,6760.001809866909,6779.386425251524,中继,R006
T017,投送,6779.386425251524,6798.771040636139,中继,R006
T017,投送,6798.771040636139,6818.1556560207555,中继,R006
T017,投送,6818.1556560207555,6837.540271405371,中继,R006
T017,投送,6837.540271405371,6856.924886789986,中继,R006
T017,投送,6856.924886789986,6876.309502174601,中继,R006
T017,投送,6876.309502174601,6895.6941175592165,中继,R006
T017,投送,6895.6941175592165,6915.078732943832,中继,R006
T017,投送,6915.078732943832,6934.463348328447,中继,R006
T017,投送,6934.463348328447,6953.847963713062,中继,R006
T017,投送,6953.847963713062,6973.232579097678,中继,R006
T017,爬升,6973.232579097678,6990.754030920594,中继,R006
T017,爬升,6990.754030920594,7008.275482743511,中继,R006
T017,爬升,7008.275482743511,7025.796934566428,中继,R006
T017,巡航,7025.796934566428,7045.354866749372,中继,R006
T017,巡航,7045.354866749372,7064.912798932316,中继,R006
T017,巡航,7064.912798932316,7084.47073111526,中继,R006
T017,巡航,7084.47073111526,7104.028663298204,中继,R006
T017,巡航,7104.028663298204,7123.586595481148,中继,R006
T017,巡航,7123.586595481148,7143.144527664092,直连,
T017,巡航,7143.144527664092,7162.702459847035,直连,
T017,巡航,7162.702459847035,7182.260392029979,直连,
T017,巡航,7182.260392029979,7201.8183242129235,直连,
T017,巡航,7201.8183242129235,7221.376256395867,直连,
T017,巡航,7221.376256395867,7240.934188578811,直连,
T017,巡航,7240.934188578811,7260.492120761755,直连,
T017,巡航,7260.492120761755,7280.050052944699,直连,
T017,巡航,7280.050052944699,7299.607985127643,直连,
T017,巡航,7299.607985127643,7319.165917310587,直连,
T017,巡航,7319.165917310587,7338.723849493531,直连,
T017,巡航,7338.723849493531,7358.281781676475,直连,
T017,巡航,7358.281781676475,7377.839713859419,直连,
T017,下降,7377.839713859419,7397.710802726606,直连,
T017,下降,7397.710802726606,7417.581891593793,直连,
T017,下降,7417.581891593793,7437.452980460981,直连,
T017,下降,7437.452980460981,7457.324069328169,直连,
T017,下降,7457.324069328169,7477.195158195356,直连,
T018,爬升,6236.0,6254.035944417317,直连,
T018,爬升,6254.035944417317,6272.0718888346355,直连,
T018,爬升,6272.0718888346355,6290.107833251953,直连,
T018,爬升,6290.107833251953,6308.143777669271,直连,
T018,爬升,6308.143777669271,6326.179722086588,直连,
T018,爬升,6326.179722086588,6344.2156665039065,直连,
T018,巡航,6344.2156665039065,6363.99702356786,直连,
T018,巡航,6363.99702356786,6383.778380631814,直连,
T018,巡航,6383.778380631814,6403.559737695768,直连,
T018,巡航,6403.559737695768,6423.34109475972,直连,
T018,巡航,6423.34109475972,6443.122451823674,直连,
T018,巡航,6443.122451823674,6462.903808887628,直连,
T018,巡航,6462.903808887628,6482.685165951581,直连,
T018,巡航,6482.685165951581,6502.466523015535,直连,
T018,巡航,6502.466523015535,6522.247880079489,直连,
T018,巡航,6522.247880079489,6542.0292371434425,直连,
T018,巡航,6542.0292371434425,6561.810594207396,直连,
T018,巡航,6561.810594207396,6581.59195127135,直连,
T018,巡航,6581.59195127135,6601.373308335304,直连,
T018,巡航,6601.373308335304,6621.154665399257,中继,R006
T018,巡航,6621.154665399257,6640.936022463211,中继,R006
T018,巡航,6640.936022463211,6660.717379527165,中继,R006
T018,巡航,6660.717379527165,6680.498736591118,中继,R006
T018,巡航,6680.498736591118,6700.280093655071,中继,R006
T018,巡航,6700.280093655071,6720.061450719025,中继,R006
T018,巡航,6720.061450719025,6739.8428077829785,中继,R006
T018,巡航,6739.8428077829785,6759.624164846932,中继,R006
T018,巡航,6759.624164846932,6779.405521910886,中继,R007
T018,巡航,6779.405521910886,6799.18687897484,中继,R007
T018,巡航,6799.18687897484,6818.968236038793,中继,R007
T018,巡航,6818.968236038793,6838.749593102747,中继,R007
T018,巡航,6838.749593102747,6858.530950166701,中继,R007
T018,下降,6858.530950166701,6875.524866792677,中继,R007
T018,下降,6875.524866792677,6892.518783418654,中继,R007
T018,下降,6892.518783418654,6909.51270004463,中继,R007
T018,下降,6909.51270004463,6926.5066166706065,中继,R007
T018,下降,6926.5066166706065,6943.500533296583,中继,R007
T018,投送,6943.500533296583,6962.885148681199,中继,R007
T018,投送,6962.885148681199,6982.269764065814,中继,R007
T018,投送,6982.269764065814,7001.65437945043,中继,R007
T018,投送,7001.65437945043,7021.038994835045,中继,R007
T018,投送,7021.038994835045,7040.42361021966,中继,R007
T018,投送,7040.42361021966,7059.808225604276,中继,R007
T018,投送,7059.808225604276,7079.1928409888915,中继,R007
T018,投送,7079.1928409888915,7098.577456373507,中继,R007
T018,投送,7098.577456373507,7117.962071758122,中继,R007
T018,投送,7117.962071758122,7137.346687142737,中继,R007
T018,投送,7137.346687142737,7156.731302527352,中继,R007
T018,投送,7156.731302527352,7176.115917911968,中继,R007
T018,投送,7176.115917911968,7195.500533296583,中继,R007
T018,爬升,7195.500533296583,7212.49444992256,中继,R007
T018,爬升,7212.49444992256,7229.488366548537,中继,R007
T018,爬升,7229.488366548537,7246.482283174513,中继,R007
T018,爬升,7246.482283174513,7263.47619980049,中继,R007
T018,巡航,7263.47619980049,7283.257556864443,中继,R007
T018,巡航,7283.257556864443,7303.038913928397,中继,R007
T018,巡航,7303.038913928397,7322.820270992351,中继,R007
T018,巡航,7322.820270992351,7342.601628056304,中继,R007
T018,巡航,7342.601628056304,7362.382985120258,中继,R007
T018,巡航,7362.382985120258,7382.164342184212,中继,R006
T018,巡航,7382.164342184212,7401.945699248165,中继,R006
T018,巡航,7401.945699248165,7421.727056312118,中继,R006
T018,巡航,7421.727056312118,7441.508413376072,中继,R006
T018,巡航,7441.508413376072,7461.289770440026,中继,R006
T018,巡航,7461.289770440026,7481.071127503979,中继,R006
T018,巡航,7481.071127503979,7500.852484567933,中继,R006
T018,巡航,7500.852484567933,7520.633841631887,中继,R006
T018,巡航,7520.633841631887,7540.41519869584,直连,
T018,巡航,7540.41519869584,7560.196555759794,直连,
T018,巡航,7560.196555759794,7579.977912823748,直连,
T018,巡航,7579.977912823748,7599.7592698877015,直连,
T018,巡航,7599.7592698877015,7619.540626951655,直连,
T018,巡航,7619.540626951655,7639.321984015609,直连,
T018,巡航,7639.321984015609,7659.103341079563,直连,
T018,巡航,7659.103341079563,7678.884698143516,直连,
T018,巡航,7678.884698143516,7698.666055207469,直连,
T018,巡航,7698.666055207469,7718.447412271423,直连,
T018,巡航,7718.447412271423,7738.2287693353765,直连,
T018,巡航,7738.2287693353765,7758.01012639933,直连,
T018,巡航,7758.01012639933,7777.791483463284,直连,
T018,下降,7777.791483463284,7797.115709624695,直连,
T018,下降,7797.115709624695,7816.4399357861075,直连,
T018,下降,7816.4399357861075,7835.76416194752,直连,
T018,下降,7835.76416194752,7855.088388108931,直连,
T018,下降,7855.088388108931,7874.412614270343,直连,
T018,下降,7874.412614270343,7893.736840431755,直连,
T018,下降,7893.736840431755,7913.061066593167,直连,
T019,爬升,6299.0,6315.34728881836,直连,
T019,爬升,6315.34728881836,6331.694577636719,直连,
T019,爬升,6331.694577636719,6348.041866455078,直连,
T019,爬升,6348.041866455078,6364.389155273438,直连,
T019,爬升,6364.389155273438,6380.736444091797,直连,
T019,巡航,6380.736444091797,6400.684875323222,直连,
T019,巡航,6400.684875323222,6420.633306554647,直连,
T019,巡航,6420.633306554647,6440.581737786071,直连,
T019,巡航,6440.581737786071,6460.5301690174965,直连,
T019,巡航,6460.5301690174965,6480.478600248922,直连,
T019,巡航,6480.478600248922,6500.427031480346,直连,
T019,巡航,6500.427031480346,6520.375462711771,直连,
T019,巡航,6520.375462711771,6540.323893943196,直连,
T019,巡航,6540.323893943196,6560.272325174621,直连,
T019,巡航,6560.272325174621,6580.220756406046,直连,
T019,巡航,6580.220756406046,6600.169187637471,直连,
T019,巡航,6600.169187637471,6620.117618868896,直连,
T019,巡航,6620.117618868896,6640.06605010032,直连,
T019,巡航,6640.06605010032,6660.014481331746,中继,R006
T019,巡航,6660.014481331746,6679.96291256317,中继,R006
T019,巡航,6679.96291256317,6699.911343794595,中继,R006
T019,巡航,6699.911343794595,6719.85977502602,中继,R006
T019,巡航,6719.85977502602,6739.808206257445,中继,R006
T019,巡航,6739.808206257445,6759.75663748887,中继,R006
T019,巡航,6759.75663748887,6779.705068720295,中继,R007
T019,巡航,6779.705068720295,6799.65349995172,中继,R007
T019,巡航,6799.65349995172,6819.601931183144,中继,R007
T019,巡航,6819.601931183144,6839.5503624145695,中继,R007
T019,巡航,6839.5503624145695,6859.498793645995,中继,R007
T019,巡航,6859.498793645995,6879.447224877419,中继,R007
T019,巡航,6879.447224877419,6899.395656108844,中继,R007
T019,巡航,6899.395656108844,6919.344087340269,中继,R007
T019,下降,6919.344087340269,6932.945331643655,中继,R007
T019,下降,6932.945331643655,6946.54657594704,中继,R007
T019,下降,6946.54657594704,6960.147820250426,中继,R007
T019,投送,6960.147820250426,6979.238729341334,中继,R007
T019,投送,6979.238729341334,6998.329638432244,中继,R007
T019,投送,6998.329638432244,7017.420547523153,中继,R007
T019,投送,7017.420547523153,7036.511456614062,中继,R007
T019,投送,7036.511456614062,7055.602365704971,中继,R007
T019,投送,7055.602365704971,7074.69327479588,中继,R007
T019,投送,7074.69327479588,7093.784183886789,中继,R007
T019,投送,7093.784183886789,7112.875092977698,中继,R007
T019,投送,7112.875092977698,7131.966002068607,中继,R007
T019,投送,7131.966002068607,7151.056911159516,中继,R007
T019,投送,7151.056911159516,7170.147820250426,中继,R007
T019,爬升,7170.147820250426,7187.149375629657,中继,R007
T019,爬升,7187.149375629657,7204.1509310088895,中继,R007
T019,巡航,7204.1509310088895,7224.099362240314,中继,R007
T019,巡航,7224.099362240314,7244.047793471739,中继,R007
T019,巡航,7244.047793471739,7263.9962247031635,中继,R007
T019,巡航,7263.9962247031635,7283.944655934589,中继,R007
T019,巡航,7283.944655934589,7303.893087166014,中继,R007
T019,巡航,7303.893087166014,7323.841518397438,中继,R007
T019,巡航,7323.841518397438,7343.789949628863,中继,R007
T019,巡航,7343.789949628863,7363.738380860288,中继,R007
T019,巡航,7363.738380860288,7383.686812091713,中继,R006
T019,巡航,7383.686812091713,7403.635243323138,中继,R006
T019,巡航,7403.635243323138,7423.583674554563,中继,R006
T019,巡航,7423.583674554563,7443.532105785987,中继,R006
T019,巡航,7443.532105785987,7463.480537017413,中继,R006
T019,巡航,7463.480537017413,7483.428968248838,中继,R006
T019,巡航,7483.428968248838,7503.377399480262,直连,
T019,巡航,7503.377399480262,7523.325830711688,直连,
T019,巡航,7523.325830711688,7543.274261943112,直连,
T019,巡航,7543.274261943112,7563.222693174537,直连,
T019,巡航,7563.222693174537,7583.1711244059625,直连,
T019,巡航,7583.1711244059625,7603.119555637387,直连,
T019,巡航,7603.119555637387,7623.067986868811,直连,
T019,巡航,7623.067986868811,7643.0164181002365,直连,
T019,巡航,7643.0164181002365,7662.964849331662,直连,
T019,巡航,7662.964849331662,7682.913280563086,直连,
T019,巡航,7682.913280563086,7702.861711794511,直连,
T019,巡航,7702.861711794511,7722.810143025936,直连,
T019,巡航,7722.810143025936,7742.758574257361,直连,
T019,下降,7742.758574257361,7762.375320839392,直连,
T019,下降,7762.375320839392,7781.992067421424,直连,
T019,下降,7781.992067421424,7801.608814003455,直连,
T019,下降,7801.608814003455,7821.225560585486,直连,
T019,下降,7821.225560585486,7840.842307167517,直连,
T020,爬升,8426.0,8445.293517252605,直连,
T020,爬升,8445.293517252605,8464.587034505208,直连,
T020,爬升,8464.587034505208,8483.880551757813,直连,
T020,爬升,8483.880551757813,8503.174069010416,直连,
T020,爬升,8503.174069010416,8522.467586263021,直连,
T020,爬升,8522.467586263021,8541.761103515624,直连,
T020,爬升,8541.761103515624,8561.05462076823,直连,
T020,爬升,8561.05462076823,8580.348138020834,直连,
T020,爬升,8580.348138020834,8599.641655273437,直连,
T020,巡航,8599.641655273437,8619.010529185574,直连,
T020,巡航,8619.010529185574,8638.37940309771,直连,
T020,巡航,8638.37940309771,8657.748277009847,直连,
T020,巡航,8657.748277009847,8677.117150921982,直连,
T020,巡航,8677.117150921982,8696.486024834117,直连,
T020,巡航,8696.486024834117,8715.854898746255,直连,
T020,巡航,8715.854898746255,8735.22377265839,直连,
T020,巡航,8735.22377265839,8754.592646570527,直连,
T020,巡航,8754.592646570527,8773.961520482662,直连,
T020,巡航,8773.961520482662,8793.3303943948,直连,
T020,巡航,8793.3303943948,8812.699268306935,直连,
T020,巡航,8812.699268306935,8832.068142219072,直连,
T020,巡航,8832.068142219072,8851.437016131207,直连,
T020,巡航,8851.437016131207,8870.805890043343,中继,R008
T020,巡航,8870.805890043343,8890.17476395548,中继,R008
T020,巡航,8890.17476395548,8909.543637867615,中继,R008
T020,巡航,8909.543637867615,8928.912511779752,中继,R008
T020,巡航,8928.912511779752,8948.281385691887,中继,R008
T020,巡航,8948.281385691887,8967.650259604025,中继,R008
T020,巡航,8967.650259604025,8987.01913351616,中继,R008
T020,巡航,8987.01913351616,9006.388007428297,中继,R008
T020,巡航,9006.388007428297,9025.756881340432,中继,R008
T020,巡航,9025.756881340432,9045.125755252568,中继,R008
T020,巡航,9045.125755252568,9064.494629164705,中继,R008
T020,巡航,9064.494629164705,9083.86350307684,中继,R008
T020,下降,9083.86350307684,9102.472181258807,中继,R008
T020,下降,9102.472181258807,9121.080859440774,中继,R008
T020,下降,9121.080859440774,9139.68953762274,中继,R008
T020,下降,9139.68953762274,9158.298215804705,中继,R008
T020,下降,9158.298215804705,9176.906893986672,中继,R008
T020,下降,9176.906893986672,9195.515572168639,中继,R008
T020,投送,9195.515572168639,9215.315572168638,中继,R008
T020,投送,9215.315572168638,9235.115572168637,中继,R008
T020,投送,9235.115572168637,9254.915572168638,中继,R008
T020,投送,9254.915572168638,9274.715572168638,中继,R008
T020,投送,9274.715572168638,9294.515572168639,中继,R008
T020,投送,9294.515572168639,9314.315572168638,中继,R008
T020,投送,9314.315572168638,9334.115572168637,中继,R008
T020,投送,9334.115572168637,9353.915572168638,中继,R008
T020,投送,9353.915572168638,9373.715572168638,中继,R008
T020,投送,9373.715572168638,9393.515572168639,中继,R008
T020,投送,9393.515572168639,9413.315572168638,中继,R008
T020,投送,9413.315572168638,9433.115572168637,中继,R008
T020,投送,9433.115572168637,9452.915572168638,中继,R008
T020,投送,9452.915572168638,9472.715572168638,中继,R008
T020,投送,9472.715572168638,9492.515572168639,中继,R008
T020,投送,9492.515572168639,9512.315572168638,中继,R008
T020,投送,9512.315572168638,9532.115572168637,中继,R008
T020,投送,9532.115572168637,9551.915572168638,中继,R008
T020,投送,9551.915572168638,9571.715572168638,中继,R008
T020,投送,9571.715572168638,9591.515572168639,中继,R008
T020,爬升,9591.515572168639,9609.379903223326,中继,R008
T020,爬升,9609.379903223326,9627.244234278012,中继,R008
T020,爬升,9627.244234278012,9645.1085653327,中继,R008
T020,爬升,9645.1085653327,9662.972896387388,中继,R008
T020,爬升,9662.972896387388,9680.837227442076,中继,R008
T020,巡航,9680.837227442076,9700.206101354212,中继,R008
T020,巡航,9700.206101354212,9719.574975266347,中继,R008
T020,巡航,9719.574975266347,9738.943849178484,中继,R008
T020,巡航,9738.943849178484,9758.31272309062,中继,R008
T020,巡航,9758.31272309062,9777.681597002756,中继,R008
T020,巡航,9777.681597002756,9797.050470914892,中继,R008
T020,巡航,9797.050470914892,9816.419344827029,中继,R008
T020,巡航,9816.419344827029,9835.788218739164,中继,R008
T020,巡航,9835.788218739164,9855.157092651301,中继,R008
T020,巡航,9855.157092651301,9874.525966563437,中继,R008
T020,巡航,9874.525966563437,9893.894840475572,中继,R008
T020,巡航,9893.894840475572,9913.26371438771,中继,R008
T020,巡航,9913.26371438771,9932.632588299844,直连,
T020,巡航,9932.632588299844,9952.001462211982,直连,
T020,巡航,9952.001462211982,9971.370336124117,直连,
T020,巡航,9971.370336124117,9990.739210036254,直连,
T020,巡航,9990.739210036254,10010.10808394839,直连,
T020,巡航,10010.10808394839,10029.476957860526,直连,
T020,巡航,10029.476957860526,10048.845831772662,直连,
T020,巡航,10048.845831772662,10068.214705684797,直连,
T020,巡航,10068.214705684797,10087.583579596934,直连,
T020,巡航,10087.583579596934,10106.952453509071,直连,
T020,巡航,10106.952453509071,10126.321327421207,直连,
T020,巡航,10126.321327421207,10145.690201333342,直连,
T020,巡航,10145.690201333342,10165.05907524548,直连,
T020,下降,10165.05907524548,10184.791081526551,直连,
T020,下降,10184.791081526551,10204.523087807624,直连,
T020,下降,10204.523087807624,10224.255094088696,直连,
T020,下降,10224.255094088696,10243.987100369768,直连,
T020,下降,10243.987100369768,10263.71910665084,直连,
T020,下降,10263.71910665084,10283.451112931914,直连,
T020,下降,10283.451112931914,10303.183119212987,直连,
T020,下降,10303.183119212987,10322.915125494059,直连,
T020,下降,10322.915125494059,10342.647131775131,直连,
T020,下降,10342.647131775131,10362.379138056203,直连,
T020,下降,10362.379138056203,10382.111144337276,直连,
T021,爬升,8452.0,8471.213658752442,直连,
T021,爬升,8471.213658752442,8490.427317504882,直连,
T021,爬升,8490.427317504882,8509.640976257324,直连,
T021,爬升,8509.640976257324,8528.854635009766,直连,
T021,爬升,8528.854635009766,8548.068293762208,直连,
T021,爬升,8548.068293762208,8567.281952514648,直连,
T021,爬升,8567.281952514648,8586.49561126709,直连,
T021,爬升,8586.49561126709,8605.709270019532,直连,
T021,巡航,8605.709270019532,8624.603136667918,直连,
T021,巡航,8624.603136667918,8643.497003316303,直连,
T021,巡航,8643.497003316303,8662.390869964689,直连,
T021,巡航,8662.390869964689,8681.284736613075,直连,
T021,巡航,8681.284736613075,8700.178603261462,直连,
T021,巡航,8700.178603261462,8719.072469909848,直连,
T021,巡航,8719.072469909848,8737.966336558235,直连,
T021,巡航,8737.966336558235,8756.860203206621,直连,
T021,巡航,8756.860203206621,8775.754069855006,直连,
T021,巡航,8775.754069855006,8794.647936503392,直连,
T021,巡航,8794.647936503392,8813.541803151778,直连,
T021,巡航,8813.541803151778,8832.435669800165,直连,
T021,巡航,8832.435669800165,8851.329536448551,直连,
T021,巡航,8851.329536448551,8870.223403096938,中继,R008
T021,巡航,8870.223403096938,8889.117269745322,中继,R008
T021,巡航,8889.117269745322,8908.011136393709,中继,R008
T021,下降,8908.011136393709,8924.358453898592,中继,R008
T021,下降,8924.358453898592,8940.705771403475,中继,R008
T021,下降,8940.705771403475,8957.053088908358,中继,R008
T021,下降,8957.053088908358,8973.40040641324,中继,R008
T021,下降,8973.40040641324,8989.747723918123,中继,R008
T021,投送,8989.747723918123,9008.947723918123,中继,R008
T021,投送,9008.947723918123,9028.147723918124,中继,R008
T021,投送,9028.147723918124,9047.347723918123,中继,R008
T021,投送,9047.347723918123,9066.547723918124,中继,R008
T021,投送,9066.547723918124,9085.747723918123,中继,R008
T021,投送,9085.747723918123,9104.947723918123,中继,R008
T021,投送,9104.947723918123,9124.147723918124,中继,R008
T021,投送,9124.147723918124,9143.347723918123,中继,R008
T021,投送,9143.347723918123,9162.547723918124,中继,R008
T021,投送,9162.547723918124,9181.747723918123,中继,R008
T021,投送,9181.747723918123,9200.947723918123,中继,R008
T021,投送,9200.947723918123,9220.147723918124,中继,R008
T021,投送,9220.147723918124,9239.347723918123,中继,R008
T021,投送,9239.347723918123,9258.547723918124,中继,R008
T021,投送,9258.547723918124,9277.747723918123,中继,R008
T021,爬升,9277.747723918123,9294.095041423006,中继,R008
T021,爬升,9294.095041423006,9310.442358927889,中继,R008
T021,爬升,9310.442358927889,9326.789676432772,中继,R008
T021,爬升,9326.789676432772,9343.136993937655,中继,R008
T021,巡航,9343.136993937655,9362.030860586041,中继,R008
T021,巡航,9362.030860586041,9380.924727234427,中继,R008
T021,巡航,9380.924727234427,9399.818593882814,中继,R008
T021,巡航,9399.818593882814,9418.712460531198,直连,
T021,巡航,9418.712460531198,9437.606327179585,直连,
T021,巡航,9437.606327179585,9456.500193827971,直连,
T021,巡航,9456.500193827971,9475.394060476357,直连,
T021,巡航,9475.394060476357,9494.287927124744,直连,
T021,巡航,9494.287927124744,9513.18179377313,直连,
T021,巡航,9513.18179377313,9532.075660421517,直连,
T021,巡航,9532.075660421517,9550.969527069901,直连,
T021,巡航,9550.969527069901,9569.863393718288,直连,
T021,巡航,9569.863393718288,9588.757260366674,直连,
T021,巡航,9588.757260366674,9607.65112701506,直连,
T021,巡航,9607.65112701506,9626.544993663447,直连,
T021,巡航,9626.544993663447,9645.438860311833,直连,
T021,下降,9645.438860311833,9664.652519064273,直连,
T021,下降,9664.652519064273,9683.866177816715,直连,
T021,下降,9683.866177816715,9703.079836569157,直连,
T021,下降,9703.079836569157,9722.293495321599,直连,
T021,下降,9722.293495321599,9741.50715407404,直连,
T021,下降,9741.50715407404,9760.720812826481,直连,
T021,下降,9760.720812826481,9779.934471578923,直连,
T021,下降,9779.934471578923,9799.148130331363,直连,
T021,下降,9799.148130331363,9818.361789083805,直连,
T021,下降,9818.361789083805,9837.575447836247,直连,
T022,爬升,8803.0,8821.392101372612,直连,
T022,爬升,8821.392101372612,8839.784202745226,直连,
T022,爬升,8839.784202745226,8858.176304117838,直连,
T022,巡航,8858.176304117838,8877.193466849745,直连,
T022,巡航,8877.193466849745,8896.210629581652,直连,
T022,巡航,8896.210629581652,8915.22779231356,直连,
T022,巡航,8915.22779231356,8934.244955045468,直连,
T022,巡航,8934.244955045468,8953.262117777374,直连,
T022,巡航,8953.262117777374,8972.279280509281,直连,
T022,巡航,8972.279280509281,8991.296443241188,直连,
T022,巡航,8991.296443241188,9010.313605973095,直连,
T022,巡航,9010.313605973095,9029.330768705004,直连,
T022,巡航,9029.330768705004,9048.34793143691,直连,
T022,巡航,9048.34793143691,9067.365094168817,直连,
T022,巡航,9067.365094168817,9086.382256900724,直连,
T022,巡航,9086.382256900724,9105.399419632631,直连,
T022,巡航,9105.399419632631,9124.416582364538,中继,R009
T022,巡航,9124.416582364538,9143.433745096445,中继,R009
T022,巡航,9143.433745096445,9162.450907828352,中继,R009
T022,巡航,9162.450907828352,9181.46807056026,中继,R009
T022,巡航,9181.46807056026,9200.485233292167,中继,R009
T022,巡航,9200.485233292167,9219.502396024074,中继,R009
T022,巡航,9219.502396024074,9238.519558755981,中继,R009
T022,下降,9238.519558755981,9251.165341226684,中继,R009
T022,下降,9251.165341226684,9263.811123697387,中继,R009
T022,投送,9263.811123697387,9283.811123697387,中继,R009
T022,投送,9283.811123697387,9303.811123697387,中继,R009
T022,投送,9303.811123697387,9323.811123697387,中继,R009
T022,投送,9323.811123697387,9343.811123697387,中继,R009
T022,投送,9343.811123697387,9363.811123697387,中继,R009
T022,投送,9363.811123697387,9383.811123697387,中继,R009
T022,投送,9383.811123697387,9403.811123697387,中继,R009
T022,投送,9403.811123697387,9423.811123697387,中继,R009
T022,投送,9423.811123697387,9443.811123697387,中继,R009
T022,爬升,9443.811123697387,9454.349275756307,中继,R009
T022,爬升,9454.349275756307,9464.887427815225,中继,R009
T022,巡航,9464.887427815225,9483.904590547134,中继,R009
T022,巡航,9483.904590547134,9502.92175327904,中继,R009
T022,巡航,9502.92175327904,9521.938916010948,中继,R009
T022,巡航,9521.938916010948,9540.956078742855,中继,R009
T022,巡航,9540.956078742855,9559.973241474761,中继,R009
T022,巡航,9559.973241474761,9578.990404206668,中继,R009
T022,巡航,9578.990404206668,9598.007566938577,中继,R009
T022,巡航,9598.007566938577,9617.024729670484,直连,
T022,巡航,9617.024729670484,9636.04189240239,直连,
T022,巡航,9636.04189240239,9655.059055134298,直连,
T022,巡航,9655.059055134298,9674.076217866204,直连,
T022,巡航,9674.076217866204,9693.093380598111,直连,
T022,巡航,9693.093380598111,9712.110543330018,直连,
T022,巡航,9712.110543330018,9731.127706061925,直连,
T022,巡航,9731.127706061925,9750.144868793834,直连,
T022,巡航,9750.144868793834,9769.16203152574,直连,
T022,巡航,9769.16203152574,9788.179194257647,直连,
T022,巡航,9788.179194257647,9807.196356989554,直连,
T022,巡航,9807.196356989554,9826.213519721461,直连,
T022,巡航,9826.213519721461,9845.230682453368,直连,
T022,下降,9845.230682453368,9861.783573688721,直连,
T022,下降,9861.783573688721,9878.336464924072,直连,
T022,下降,9878.336464924072,9894.889356159423,直连,
T022,下降,9894.889356159423,9911.442247394774,直连,
T023,爬升,10258.0,10277.871088867187,直连,
T023,爬升,10277.871088867187,10297.742177734375,直连,
T023,爬升,10297.742177734375,10317.613266601562,直连,
T023,爬升,10317.613266601562,10337.48435546875,直连,
T023,巡航,10337.48435546875,10357.042287651693,直连,
T023,巡航,10357.042287651693,10376.600219834638,直连,
T023,巡航,10376.600219834638,10396.158152017582,直连,
T023,巡航,10396.158152017582,10415.716084200525,直连,
T023,巡航,10415.716084200525,10435.27401638347,直连,
T023,巡航,10435.27401638347,10454.831948566414,直连,
T023,巡航,10454.831948566414,10474.389880749357,直连,
T023,巡航,10474.389880749357,10493.947812932302,直连,
T023,巡航,10493.947812932302,10513.505745115246,直连,
T023,巡航,10513.505745115246,10533.063677298189,直连,
T023,巡航,10533.063677298189,10552.621609481133,直连,
T023,巡航,10552.621609481133,10572.179541664078,直连,
T023,巡航,10572.179541664078,10591.73747384702,直连,
T023,巡航,10591.73747384702,10611.295406029965,中继,R009
T023,巡航,10611.295406029965,10630.853338212908,中继,R009
T023,巡航,10630.853338212908,10650.411270395853,中继,R009
T023,巡航,10650.411270395853,10669.969202578797,中继,R009
T023,巡航,10669.969202578797,10689.52713476174,中继,R009
T023,下降,10689.52713476174,10705.953495845724,中继,R009
T023,下降,10705.953495845724,10722.379856929709,中继,R009
T023,下降,10722.379856929709,10738.806218013693,中继,R009
T023,下降,10738.806218013693,10755.232579097677,中继,R009
T023,投送,10755.232579097677,10774.29140262709,中继,R009
T023,投送,10774.29140262709,10793.3502261565,中继,R009
T023,投送,10793.3502261565,10812.409049685913,中继,R009
T023,投送,10812.409049685913,10831.467873215326,中继,R009
T023,投送,10831.467873215326,10850.526696744737,中继,R009
T023,投送,10850.526696744737,10869.585520274148,中继,R009
T023,投送,10869.585520274148,10888.64434380356,中继,R009
T023,投送,10888.64434380356,10907.703167332973,中继,R009
T023,投送,10907.703167332973,10926.761990862384,中继,R009
T023,投送,10926.761990862384,10945.820814391796,中继,R009
T023,投送,10945.820814391796,10964.879637921207,中继,R009
T023,投送,10964.879637921207,10983.93846145062,中继,R009
T023,投送,10983.93846145062,11002.99728498003,中继,R009
T023,投送,11002.99728498003,11022.056108509443,中继,R009
T023,投送,11022.056108509443,11041.114932038854,中继,R009
T023,投送,11041.114932038854,11060.173755568267,中继,R009
T023,投送,11060.173755568267,11079.232579097677,中继,R009
T023,爬升,11079.232579097677,11096.754030920594,中继,R009
T023,爬升,11096.754030920594,11114.275482743511,中继,R009
T023,爬升,11114.275482743511,11131.796934566428,中继,R009
T023,巡航,11131.796934566428,11151.354866749372,中继,R009
T023,巡航,11151.354866749372,11170.912798932315,中继,R009
T023,巡航,11170.912798932315,11190.47073111526,中继,R009
T023,巡航,11190.47073111526,11210.028663298204,中继,R009
T023,巡航,11210.028663298204,11229.586595481147,中继,R009
T023,巡航,11229.586595481147,11249.144527664092,直连,
T023,巡航,11249.144527664092,11268.702459847036,直连,
T023,巡航,11268.702459847036,11288.260392029979,直连,
T023,巡航,11288.260392029979,11307.818324212923,直连,
T023,巡航,11307.818324212923,11327.376256395868,直连,
T023,巡航,11327.376256395868,11346.93418857881,直连,
T023,巡航,11346.93418857881,11366.492120761755,直连,
T023,巡航,11366.492120761755,11386.050052944698,直连,
T023,巡航,11386.050052944698,11405.607985127643,直连,
T023,巡航,11405.607985127643,11425.165917310587,直连,
T023,巡航,11425.165917310587,11444.72384949353,直连,
T023,巡航,11444.72384949353,11464.281781676475,直连,
T023,巡航,11464.281781676475,11483.83971385942,直连,
T023,下降,11483.83971385942,11503.710802726606,直连,
T023,下降,11503.710802726606,11523.581891593794,直连,
T023,下降,11523.581891593794,11543.452980460981,直连,
T023,下降,11543.452980460981,11563.32406932817,直连,
T023,下降,11563.32406932817,11583.195158195356,直连,
T024,爬升,11021.0,11040.61674658203,直连,
T024,爬升,11040.61674658203,11060.233493164062,直连,
T024,爬升,11060.233493164062,11079.850239746094,直连,
T024,爬升,11079.850239746094,11099.466986328125,直连,
T024,爬升,11099.466986328125,11119.083732910156,直连,
T024,巡航,11119.083732910156,11139.032164141581,直连,
T024,巡航,11139.032164141581,11158.980595373007,直连,
T024,巡航,11158.980595373007,11178.929026604432,直连,
T024,巡航,11178.929026604432,11198.877457835855,直连,
T024,巡航,11198.877457835855,11218.82588906728,直连,
T024,巡航,11218.82588906728,11238.774320298706,直连,
T024,巡航,11238.774320298706,11258.722751530131,直连,
T024,巡航,11258.722751530131,11278.671182761556,直连,
T024,巡航,11278.671182761556,11298.61961399298,直连,
T024,巡航,11298.61961399298,11318.568045224405,直连,
T024,巡航,11318.568045224405,11338.51647645583,直连,
T024,巡航,11338.51647645583,11358.464907687256,直连,
T024,巡航,11358.464907687256,11378.413338918679,直连,
T024,巡航,11378.413338918679,11398.361770150104,中继,R009
T024,巡航,11398.361770150104,11418.31020138153,中继,R009
T024,巡航,11418.31020138153,11438.258632612955,中继,R009
T024,巡航,11438.258632612955,11458.20706384438,中继,R010
T024,巡航,11458.20706384438,11478.155495075804,中继,R010
T024,巡航,11478.155495075804,11498.103926307229,中继,R010
T024,巡航,11498.103926307229,11518.052357538654,中继,R010
T024,巡航,11518.052357538654,11538.00078877008,中继,R010
T024,巡航,11538.00078877008,11557.949220001505,中继,R010
T024,巡航,11557.949220001505,11577.897651232928,中继,R010
T024,巡航,11577.897651232928,11597.846082464353,中继,R010
T024,巡航,11597.846082464353,11617.794513695779,中继,R010
T024,巡航,11617.794513695779,11637.742944927204,中继,R010
T024,巡航,11637.742944927204,11657.69137615863,中继,R010
T024,下降,11657.69137615863,11674.69293153786,中继,R010
T024,下降,11674.69293153786,11691.694486917091,中继,R010
T024,下降,11691.694486917091,11708.696042296324,中继,R010
T024,投送,11708.696042296324,11727.896042296325,中继,R010
T024,投送,11727.896042296325,11747.096042296324,中继,R010
T024,投送,11747.096042296324,11766.296042296324,中继,R010
T024,投送,11766.296042296324,11785.496042296323,中继,R010
T024,投送,11785.496042296323,11804.696042296324,中继,R010
T024,投送,11804.696042296324,11823.896042296325,中继,R010
T024,投送,11823.896042296325,11843.096042296324,中继,R010
T024,投送,11843.096042296324,11862.296042296324,中继,R010
T024,投送,11862.296042296324,11881.496042296323,中继,R010
T024,投送,11881.496042296323,11900.696042296324,中继,R010
T024,投送,11900.696042296324,11919.896042296325,中继,R010
T024,投送,11919.896042296325,11939.096042296324,中继,R010
T024,投送,11939.096042296324,11958.296042296324,中继,R010
T024,投送,11958.296042296324,11977.496042296323,中继,R010
T024,投送,11977.496042296323,11996.696042296324,中继,R010
T024,爬升,11996.696042296324,12010.297286599709,中继,R010
T024,爬升,12010.297286599709,12023.898530903094,中继,R010
T024,爬升,12023.898530903094,12037.499775206481,中继,R010
T024,巡航,12037.499775206481,12057.448206437904,中继,R010
T024,巡航,12057.448206437904,12077.39663766933,中继,R010
T024,巡航,12077.39663766933,12097.345068900755,中继,R010
T024,巡航,12097.345068900755,12117.29350013218,中继,R010
T024,巡航,12117.29350013218,12137.241931363606,中继,R010
T024,巡航,12137.241931363606,12157.190362595029,中继,R010
T024,巡航,12157.190362595029,12177.138793826454,中继,R010
T024,巡航,12177.138793826454,12197.08722505788,中继,R010
T024,巡航,12197.08722505788,12217.035656289305,中继,R010
T024,巡航,12217.035656289305,12236.98408752073,中继,R010
T024,巡航,12236.98408752073,12256.932518752154,中继,R010
T024,巡航,12256.932518752154,12276.880949983579,中继,R009
T024,巡航,12276.880949983579,12296.829381215004,中继,R009
T024,巡航,12296.829381215004,12316.77781244643,中继,R009
T024,巡航,12316.77781244643,12336.726243677855,直连,
T024,巡航,12336.726243677855,12356.674674909278,直连,
T024,巡航,12356.674674909278,12376.623106140703,直连,
T024,巡航,12376.623106140703,12396.571537372129,直连,
T024,巡航,12396.571537372129,12416.519968603554,直连,
T024,巡航,12416.519968603554,12436.468399834977,直连,
T024,巡航,12436.468399834977,12456.416831066403,直连,
T024,巡航,12456.416831066403,12476.365262297828,直连,
T024,巡航,12476.365262297828,12496.313693529253,直连,
T024,巡航,12496.313693529253,12516.262124760677,直连,
T024,巡航,12516.262124760677,12536.210555992102,直连,
T024,巡航,12536.210555992102,12556.158987223527,直连,
T024,巡航,12556.158987223527,12576.107418454952,直连,
T024,下降,12576.107418454952,12593.622370760337,直连,
T024,下降,12593.622370760337,12611.137323065723,直连,
T024,下降,12611.137323065723,12628.652275371107,直连,
T024,下降,12628.652275371107,12646.167227676493,直连,
T024,下降,12646.167227676493,12663.682179981877,直连,
T024,下降,12663.682179981877,12681.197132287263,直连,
T024,下降,12681.197132287263,12698.712084592647,直连,
T025,爬升,15416.0,15434.035944417317,直连,
T025,爬升,15434.035944417317,15452.071888834635,直连,
T025,爬升,15452.071888834635,15470.107833251954,直连,
T025,爬升,15470.107833251954,15488.143777669271,直连,
T025,爬升,15488.143777669271,15506.179722086588,直连,
T025,爬升,15506.179722086588,15524.215666503906,直连,
T025,巡航,15524.215666503906,15543.99702356786,直连,
T025,巡航,15543.99702356786,15563.778380631813,直连,
T025,巡航,15563.778380631813,15583.559737695767,直连,
T025,巡航,15583.559737695767,15603.34109475972,直连,
T025,巡航,15603.34109475972,15623.122451823674,直连,
T025,巡航,15623.122451823674,15642.903808887628,直连,
T025,巡航,15642.903808887628,15662.685165951581,直连,
T025,巡航,15662.685165951581,15682.466523015535,直连,
T025,巡航,15682.466523015535,15702.247880079489,直连,
T025,巡航,15702.247880079489,15722.029237143443,直连,
T025,巡航,15722.029237143443,15741.810594207396,直连,
T025,巡航,15741.810594207396,15761.59195127135,直连,
T025,巡航,15761.59195127135,15781.373308335304,直连,
T025,巡航,15781.373308335304,15801.154665399257,中继,R009
T025,巡航,15801.154665399257,15820.936022463211,中继,R009
T025,巡航,15820.936022463211,15840.717379527165,中继,R009
T025,巡航,15840.717379527165,15860.498736591118,中继,R009
T025,巡航,15860.498736591118,15880.280093655072,中继,R009
T025,巡航,15880.280093655072,15900.061450719026,中继,R010
T025,巡航,15900.061450719026,15919.842807782978,中继,R010
T025,巡航,15919.842807782978,15939.624164846933,中继,R010
T025,巡航,15939.624164846933,15959.405521910885,中继,R010
T025,巡航,15959.405521910885,15979.186878974839,中继,R010
T025,巡航,15979.186878974839,15998.968236038792,中继,R010
T025,巡航,15998.968236038792,16018.749593102746,中继,R010
T025,巡航,16018.749593102746,16038.5309501667,中继,R010
T025,下降,16038.5309501667,16055.524866792677,中继,R010
T025,下降,16055.524866792677,16072.518783418654,中继,R010
T025,下降,16072.518783418654,16089.51270004463,中继,R010
T025,下降,16089.51270004463,16106.506616670607,中继,R010
T025,下降,16106.506616670607,16123.500533296583,中继,R010
T025,投送,16123.500533296583,16142.559356825996,中继,R010
T025,投送,16142.559356825996,16161.618180355406,中继,R010
T025,投送,16161.618180355406,16180.677003884819,中继,R010
T025,投送,16180.677003884819,16199.73582741423,中继,R010
T025,投送,16199.73582741423,16218.794650943642,中继,R010
T025,投送,16218.794650943642,16237.853474473053,中继,R010
T025,投送,16237.853474473053,16256.912298002466,中继,R010
T025,投送,16256.912298002466,16275.971121531878,中继,R010
T025,投送,16275.971121531878,16295.02994506129,中继,R010
T025,投送,16295.02994506129,16314.0887685907,中继,R010
T025,投送,16314.0887685907,16333.147592120113,中继,R010
T025,投送,16333.147592120113,16352.206415649525,中继,R010
T025,投送,16352.206415649525,16371.265239178936,中继,R010
T025,投送,16371.265239178936,16390.324062708347,中继,R010
T025,投送,16390.324062708347,16409.38288623776,中继,R010
T025,投送,16409.38288623776,16428.441709767172,中继,R010
T025,投送,16428.441709767172,16447.500533296585,中继,R010
T025,爬升,16447.500533296585,16464.49444992256,中继,R010
T025,爬升,16464.49444992256,16481.488366548536,中继,R010
T025,爬升,16481.488366548536,16498.48228317451,中继,R010
T025,爬升,16498.48228317451,16515.47619980049,中继,R010
T025,巡航,16515.47619980049,16535.257556864442,中继,R010
T025,巡航,16535.257556864442,16555.038913928398,中继,R010
T025,巡航,16555.038913928398,16574.82027099235,中继,R010
T025,巡航,16574.82027099235,16594.601628056305,中继,R010
T025,巡航,16594.601628056305,16614.382985120257,中继,R010
T025,巡航,16614.382985120257,16634.164342184213,中继,R010
T025,巡航,16634.164342184213,16653.945699248165,中继,R009
T025,巡航,16653.945699248165,16673.72705631212,中继,R009
T025,巡航,16673.72705631212,16693.508413376072,中继,R009
T025,巡航,16693.508413376072,16713.289770440027,中继,R009
T025,巡航,16713.289770440027,16733.07112750398,中继,R009
T025,巡航,16733.07112750398,16752.852484567935,中继,R009
T025,巡航,16752.852484567935,16772.633841631887,中继,R009
T025,巡航,16772.633841631887,16792.41519869584,直连,
T025,巡航,16792.41519869584,16812.196555759794,直连,
T025,巡航,16812.196555759794,16831.97791282375,直连,
T025,巡航,16831.97791282375,16851.7592698877,直连,
T025,巡航,16851.7592698877,16871.540626951653,直连,
T025,巡航,16871.540626951653,16891.32198401561,直连,
T025,巡航,16891.32198401561,16911.10334107956,直连,
T025,巡航,16911.10334107956,16930.884698143516,直连,
T025,巡航,16930.884698143516,16950.666055207468,直连,
T025,巡航,16950.666055207468,16970.447412271424,直连,
T025,巡航,16970.447412271424,16990.228769335376,直连,
T025,巡航,16990.228769335376,17010.01012639933,直连,
T025,巡航,17010.01012639933,17029.791483463283,直连,
T025,下降,17029.791483463283,17049.115709624697,直连,
T025,下降,17049.115709624697,17068.439935786108,直连,
T025,下降,17068.439935786108,17087.764161947518,直连,
T025,下降,17087.764161947518,17107.088388108932,直连,
T025,下降,17107.088388108932,17126.412614270343,直连,
T025,下降,17126.412614270343,17145.736840431753,直连,
T025,下降,17145.736840431753,17165.061066593167,直连,
T026,爬升,17721.0,17740.04006632487,直连,
T026,爬升,17740.04006632487,17759.08013264974,直连,
T026,爬升,17759.08013264974,17778.120198974608,直连,
T026,爬升,17778.120198974608,17797.16026529948,直连,
T026,爬升,17797.16026529948,17816.20033162435,直连,
T026,巡航,17816.20033162435,17835.9081935608,直连,
T026,巡航,17835.9081935608,17855.616055497252,直连,
T026,巡航,17855.616055497252,17875.323917433703,直连,
T026,巡航,17875.323917433703,17895.031779370158,直连,
T026,巡航,17895.031779370158,17914.73964130661,直连,
T026,巡航,17914.73964130661,17934.44750324306,直连,
T026,巡航,17934.44750324306,17954.15536517951,直连,
T026,巡航,17954.15536517951,17973.863227115962,直连,
T026,巡航,17973.863227115962,17993.571089052417,直连,
T026,巡航,17993.571089052417,18013.278950988868,直连,
T026,巡航,18013.278950988868,18032.98681292532,直连,
T026,巡航,18032.98681292532,18052.69467486177,直连,
T026,巡航,18052.69467486177,18072.40253679822,直连,
T026,巡航,18072.40253679822,18092.110398734676,中继,R011
T026,巡航,18092.110398734676,18111.818260671127,中继,R011
T026,巡航,18111.818260671127,18131.526122607578,中继,R011
T026,巡航,18131.526122607578,18151.23398454403,中继,R011
T026,巡航,18151.23398454403,18170.941846480484,中继,R011
T026,巡航,18170.941846480484,18190.649708416935,中继,R011
T026,巡航,18190.649708416935,18210.357570353386,中继,R011
T026,巡航,18210.357570353386,18230.065432289837,中继,R011
T026,巡航,18230.065432289837,18249.77329422629,中继,R011
T026,巡航,18249.77329422629,18269.481156162743,中继,R011
T026,巡航,18269.481156162743,18289.189018099194,中继,R011
T026,巡航,18289.189018099194,18308.896880035645,中继,R011
T026,下降,18308.896880035645,18326.697012685385,中继,R011
T026,下降,18326.697012685385,18344.497145335125,中继,R011
T026,下降,18344.497145335125,18362.297277984864,中继,R011
T026,投送,18362.297277984864,18382.297277984864,中继,R012
T026,投送,18382.297277984864,18402.297277984864,中继,R012
T026,投送,18402.297277984864,18422.297277984864,中继,R012
T026,投送,18422.297277984864,18442.297277984864,中继,R012
T026,投送,18442.297277984864,18462.297277984864,中继,R012
T026,投送,18462.297277984864,18482.297277984864,中继,R012
T026,投送,18482.297277984864,18502.297277984864,中继,R012
T026,投送,18502.297277984864,18522.297277984864,中继,R012
T026,投送,18522.297277984864,18542.297277984864,中继,R012
T026,爬升,18542.297277984864,18557.13072185965,中继,R011
T026,爬升,18557.13072185965,18571.96416573443,中继,R011
T026,爬升,18571.96416573443,18586.797609609213,中继,R011
T026,巡航,18586.797609609213,18606.505471545664,中继,R011
T026,巡航,18606.505471545664,18626.213333482116,中继,R011
T026,巡航,18626.213333482116,18645.921195418567,中继,R011
T026,巡航,18645.921195418567,18665.62905735502,中继,R011
T026,巡航,18665.62905735502,18685.336919291472,中继,R011
T026,巡航,18685.336919291472,18705.044781227924,中继,R011
T026,巡航,18705.044781227924,18724.752643164375,中继,R011
T026,巡航,18724.752643164375,18744.460505100826,中继,R011
T026,巡航,18744.460505100826,18764.16836703728,中继,R011
T026,巡航,18764.16836703728,18783.87622897373,中继,R011
T026,巡航,18783.87622897373,18803.584090910183,中继,R011
T026,巡航,18803.584090910183,18823.291952846634,中继,R011
T026,巡航,18823.291952846634,18842.999814783085,直连,
T026,巡航,18842.999814783085,18862.70767671954,直连,
T026,巡航,18862.70767671954,18882.41553865599,直连,
T026,巡航,18882.41553865599,18902.12340059244,直连,
T026,巡航,18902.12340059244,18921.831262528893,直连,
T026,巡航,18921.831262528893,18941.539124465347,直连,
T026,巡航,18941.539124465347,18961.2469864018,直连,
T026,巡航,18961.2469864018,18980.95484833825,直连,
T026,巡航,18980.95484833825,19000.6627102747,直连,
T026,巡航,19000.6627102747,19020.37057221115,直连,
T026,巡航,19020.37057221115,19040.078434147606,直连,
T026,巡航,19040.078434147606,19059.786296084058,直连,
T026,巡航,19059.786296084058,19079.49415802051,直连,
T026,下降,19079.49415802051,19098.534224345378,直连,
T026,下降,19098.534224345378,19117.574290670247,直连,
T026,下降,19117.574290670247,19136.614356995116,直连,
T026,下降,19136.614356995116,19155.65442331999,直连,
T026,下降,19155.65442331999,19174.69448964486,直连,
T026,下降,19174.69448964486,19193.734555969728,直连,
T027,爬升,17767.0,17785.0987882487,直连,
T027,爬升,17785.0987882487,17803.197576497398,直连,
T027,爬升,17803.197576497398,17821.296364746093,直连,
T027,爬升,17821.296364746093,17839.39515299479,直连,
T027,爬升,17839.39515299479,17857.49394124349,直连,
T027,巡航,17857.49394124349,17876.510517875497,直连,
T027,巡航,17876.510517875497,17895.527094507503,直连,
T027,巡航,17895.527094507503,17914.54367113951,直连,
T027,巡航,17914.54367113951,17933.560247771515,直连,
T027,巡航,17933.560247771515,17952.57682440352,直连,
T027,巡航,17952.57682440352,17971.593401035523,直连,
T027,巡航,17971.593401035523,17990.60997766753,直连,
T027,巡航,17990.60997766753,18009.626554299535,直连,
T027,巡航,18009.626554299535,18028.64313093154,直连,
T027,巡航,18028.64313093154,18047.659707563547,直连,
T027,巡航,18047.659707563547,18066.676284195553,直连,
T027,巡航,18066.676284195553,18085.69286082756,直连,
T027,巡航,18085.69286082756,18104.709437459565,直连,
T027,巡航,18104.709437459565,18123.72601409157,中继,R012
T027,巡航,18123.72601409157,18142.742590723577,中继,R012
T027,巡航,18142.742590723577,18161.759167355583,中继,R012
T027,巡航,18161.759167355583,18180.77574398759,中继,R012
T027,下降,18180.77574398759,18199.768473479777,中继,R012
T027,投送,18199.768473479777,18219.768473479777,中继,R012
T027,投送,18219.768473479777,18239.768473479777,中继,R012
T027,投送,18239.768473479777,18259.768473479777,中继,R012
T027,投送,18259.768473479777,18279.768473479777,中继,R012
T027,投送,18279.768473479777,18299.768473479777,中继,R012
T027,投送,18299.768473479777,18319.768473479777,中继,R012
T027,投送,18319.768473479777,18339.768473479777,中继,R012
T027,投送,18339.768473479777,18359.768473479777,中继,R012
T027,投送,18359.768473479777,18379.768473479777,中继,R012
T027,爬升,18379.768473479777,18395.5957480566,中继,R012
T027,巡航,18395.5957480566,18414.612324688605,中继,R012
T027,巡航,18414.612324688605,18433.62890132061,中继,R012
T027,巡航,18433.62890132061,18452.645477952618,中继,R011
T027,巡航,18452.645477952618,18471.662054584624,中继,R012
T027,巡航,18471.662054584624,18490.67863121663,直连,
T027,巡航,18490.67863121663,18509.695207848636,直连,
T027,巡航,18509.695207848636,18528.71178448064,直连,
T027,巡航,18528.71178448064,18547.728361112648,直连,
T027,巡航,18547.728361112648,18566.744937744654,直连,
T027,巡航,18566.744937744654,18585.76151437666,直连,
T027,巡航,18585.76151437666,18604.778091008662,直连,
T027,巡航,18604.778091008662,18623.79466764067,直连,
T027,巡航,18623.79466764067,18642.811244272674,直连,
T027,巡航,18642.811244272674,18661.82782090468,直连,
T027,巡航,18661.82782090468,18680.844397536686,直连,
T027,巡航,18680.844397536686,18699.860974168692,直连,
T027,巡航,18699.860974168692,18718.8775508007,直连,
T027,下降,18718.8775508007,18736.976339049397,直连,
T027,下降,18736.976339049397,18755.075127298096,直连,
T027,下降,18755.075127298096,18773.17391554679,直连,
T027,下降,18773.17391554679,18791.27270379549,直连,
T027,下降,18791.27270379549,18809.37149204419,直连,
T027,下降,18809.37149204419,18827.470280292888,直连,
T028,爬升,19524.0,19541.107585313584,直连,
T028,爬升,19541.107585313584,19558.21517062717,直连,
T028,爬升,19558.21517062717,19575.322755940757,直连,
T028,爬升,19575.322755940757,19592.43034125434,直连,
T028,爬升,19592.43034125434,19609.537926567926,直连,
T028,爬升,19609.537926567926,19626.64551188151,直连,
T028,巡航,19626.64551188151,19646.580823865923,直连,
T028,巡航,19646.580823865923,19666.516135850336,直连,
T028,巡航,19666.516135850336,19686.45144783475,直连,
T028,巡航,19686.45144783475,19706.386759819165,直连,
T028,巡航,19706.386759819165,19726.322071803577,直连,
T028,巡航,19726.322071803577,19746.25738378799,直连,
T028,巡航,19746.25738378799,19766.192695772403,直连,
T028,巡航,19766.192695772403,19786.128007756815,直连,
T028,巡航,19786.128007756815,19806.063319741228,直连,
T028,巡航,19806.063319741228,19825.99863172564,直连,
T028,巡航,19825.99863172564,19845.933943710053,直连,
T028,巡航,19845.933943710053,19865.86925569447,直连,
T028,巡航,19865.86925569447,19885.804567678882,直连,
T028,巡航,19885.804567678882,19905.739879663295,中继,R012
T028,巡航,19905.739879663295,19925.675191647708,中继,R012
T028,巡航,19925.675191647708,19945.61050363212,中继,R012
T028,下降,19945.61050363212,19962.417810761028,中继,R012
T028,下降,19962.417810761028,19979.225117889935,中继,R012
T028,投送,19979.225117889935,19999.225117889935,中继,R012
T028,投送,19999.225117889935,20019.225117889935,中继,R012
T028,投送,20019.225117889935,20039.225117889935,中继,R012
T028,投送,20039.225117889935,20059.225117889935,中继,R012
T028,投送,20059.225117889935,20079.225117889935,中继,R012
T028,投送,20079.225117889935,20099.225117889935,中继,R012
T028,投送,20099.225117889935,20119.225117889935,中继,R012
T028,投送,20119.225117889935,20139.225117889935,中继,R012
T028,投送,20139.225117889935,20159.225117889935,中继,R012
T028,爬升,20159.225117889935,20173.231207164023,中继,R012
T028,爬升,20173.231207164023,20187.23729643811,中继,R012
T028,巡航,20187.23729643811,20207.172608422523,中继,R012
T028,巡航,20207.172608422523,20227.107920406936,中继,R012
T028,巡航,20227.107920406936,20247.04323239135,中继,R012
T028,巡航,20247.04323239135,20266.978544375765,直连,
T028,巡航,20266.978544375765,20286.913856360177,直连,
T028,巡航,20286.913856360177,20306.84916834459,直连,
T028,巡航,20306.84916834459,20326.784480329003,直连,
T028,巡航,20326.784480329003,20346.719792313415,直连,
T028,巡航,20346.719792313415,20366.655104297828,直连,
T028,巡航,20366.655104297828,20386.59041628224,直连,
T028,巡航,20386.59041628224,20406.525728266657,直连,
T028,巡航,20406.525728266657,20426.46104025107,直连,
T028,巡航,20426.46104025107,20446.396352235482,直连,
T028,巡航,20446.396352235482,20466.331664219895,直连,
T028,巡航,20466.331664219895,20486.266976204308,直连,
T028,巡航,20486.266976204308,20506.20228818872,直连,
T028,下降,20506.20228818872,20523.798661654124,直连,
T028,下降,20523.798661654124,20541.395035119524,直连,
T028,下降,20541.395035119524,20558.991408584927,直连,
T028,下降,20558.991408584927,20576.58778205033,直连,
T028,下降,20576.58778205033,20594.18415551573,直连,
T028,下降,20594.18415551573,20611.780528981133,直连,
T028,下降,20611.780528981133,20629.376902446533,直连,
T029,爬升,20319.0,20337.12542541504,直连,
T029,爬升,20337.12542541504,20355.250850830078,直连,
T029,爬升,20355.250850830078,20373.37627624512,直连,
T029,爬升,20373.37627624512,20391.501701660156,直连,
T029,巡航,20391.501701660156,20411.26518888352,直连,
T029,巡航,20411.26518888352,20431.02867610689,直连,
T029,巡航,20431.02867610689,20450.792163330254,直连,
T029,巡航,20450.792163330254,20470.55565055362,直连,
T029,巡航,20470.55565055362,20490.319137776987,直连,
T029,巡航,20490.319137776987,20510.082625000352,直连,
T029,巡航,20510.082625000352,20529.84611222372,直连,
T029,巡航,20529.84611222372,20549.609599447085,直连,
T029,巡航,20549.609599447085,20569.37308667045,直连,
T029,巡航,20569.37308667045,20589.13657389382,直连,
T029,巡航,20589.13657389382,20608.900061117183,直连,
T029,巡航,20608.900061117183,20628.663548340548,直连,
T029,巡航,20628.663548340548,20648.427035563916,直连,
T029,巡航,20648.427035563916,20668.19052278728,中继,R013
T029,巡航,20668.19052278728,20687.954010010646,中继,R013
T029,巡航,20687.954010010646,20707.717497234014,中继,R013
T029,巡航,20707.717497234014,20727.48098445738,中继,R013
T029,巡航,20727.48098445738,20747.244471680744,中继,R013
T029,巡航,20747.244471680744,20767.007958904112,中继,R013
T029,巡航,20767.007958904112,20786.771446127477,中继,R013
T029,巡航,20786.771446127477,20806.534933350842,中继,R013
T029,巡航,20806.534933350842,20826.29842057421,中继,R013
T029,巡航,20826.29842057421,20846.061907797575,中继,R013
T029,巡航,20846.061907797575,20865.82539502094,中继,R013
T029,巡航,20865.82539502094,20885.58888224431,中继,R013
T029,下降,20885.58888224431,20900.497924602707,中继,R013
T029,下降,20900.497924602707,20915.406966961105,中继,R013
T029,下降,20915.406966961105,20930.316009319504,中继,R013
T029,投送,20930.316009319504,20950.116009319503,中继,R013
T029,投送,20950.116009319503,20969.916009319502,中继,R013
T029,投送,20969.916009319502,20989.7160093195,中继,R013
T029,投送,20989.7160093195,21009.516009319505,中继,R013
T029,投送,21009.516009319505,21029.316009319504,中继,R013
T029,投送,21029.316009319504,21049.116009319503,中继,R013
T029,投送,21049.116009319503,21068.916009319502,中继,R013
T029,投送,21068.916009319502,21088.7160093195,中继,R013
T029,投送,21088.7160093195,21108.516009319505,中继,R013
T029,投送,21108.516009319505,21128.316009319504,中继,R013
T029,投送,21128.316009319504,21148.116009319503,中继,R013
T029,投送,21148.116009319503,21167.916009319502,中继,R013
T029,投送,21167.916009319502,21187.7160093195,中继,R013
T029,投送,21187.7160093195,21207.516009319505,中继,R013
T029,投送,21207.516009319505,21227.316009319504,中继,R013
T029,投送,21227.316009319504,21247.116009319503,中继,R013
T029,投送,21247.116009319503,21266.916009319502,中继,R013
T029,投送,21266.916009319502,21286.7160093195,中继,R013
T029,投送,21286.7160093195,21306.516009319505,中继,R013
T029,投送,21306.516009319505,21326.316009319504,中继,R013
T029,爬升,21326.316009319504,21344.20686014958,中继,R013
T029,爬升,21344.20686014958,21362.09771097966,中继,R013
T029,巡航,21362.09771097966,21381.861198203027,中继,R013
T029,巡航,21381.861198203027,21401.62468542639,中继,R013
T029,巡航,21401.62468542639,21421.388172649757,中继,R013
T029,巡航,21421.388172649757,21441.151659873125,中继,R013
T029,巡航,21441.151659873125,21460.91514709649,中继,R013
T029,巡航,21460.91514709649,21480.678634319855,中继,R013
T029,巡航,21480.678634319855,21500.442121543223,中继,R013
T029,巡航,21500.442121543223,21520.205608766588,中继,R013
T029,巡航,21520.205608766588,21539.969095989953,中继,R013
T029,巡航,21539.969095989953,21559.73258321332,中继,R013
T029,巡航,21559.73258321332,21579.496070436686,中继,R013
T029,巡航,21579.496070436686,21599.25955766005,中继,R013
T029,巡航,21599.25955766005,21619.02304488342,直连,
T029,巡航,21619.02304488342,21638.786532106784,直连,
T029,巡航,21638.786532106784,21658.55001933015,直连,
T029,巡航,21658.55001933015,21678.313506553517,直连,
T029,巡航,21678.313506553517,21698.076993776882,直连,
T029,巡航,21698.076993776882,21717.840481000247,直连,
T029,巡航,21717.840481000247,21737.603968223615,直连,
T029,巡航,21737.603968223615,21757.36745544698,直连,
T029,巡航,21757.36745544698,21777.130942670345,直连,
T029,巡航,21777.130942670345,21796.894429893713,直连,
T029,巡航,21796.894429893713,21816.657917117078,直连,
T029,巡航,21816.657917117078,21836.421404340443,直连,
T029,巡航,21836.421404340443,21856.18489156381,直连,
T029,下降,21856.18489156381,21874.31031697885,直连,
T029,下降,21874.31031697885,21892.43574239389,直连,
T029,下降,21892.43574239389,21910.561167808926,直连,
T029,下降,21910.561167808926,21928.686593223967,直连,
T029,下降,21928.686593223967,21946.812018639008,直连,
T030,爬升,20499.0,20518.343641153973,直连,
T030,爬升,20518.343641153973,20537.687282307943,直连,
T030,爬升,20537.687282307943,20557.030923461913,直连,
T030,爬升,20557.030923461913,20576.374564615886,直连,
T030,爬升,20576.374564615886,20595.718205769856,直连,
T030,爬升,20595.718205769856,20615.06184692383,直连,
T030,爬升,20615.06184692383,20634.4054880778,直连,
T030,爬升,20634.4054880778,20653.74912923177,直连,
T030,巡航,20653.74912923177,20673.38525312668,直连,
T030,巡航,20673.38525312668,20693.021377021585,直连,
T030,巡航,20693.021377021585,20712.65750091649,直连,
T030,巡航,20712.65750091649,20732.2936248114,直连,
T030,巡航,20732.2936248114,20751.929748706305,直连,
T030,巡航,20751.929748706305,20771.56587260121,直连,
T030,巡航,20771.56587260121,20791.20199649612,直连,
T030,巡航,20791.20199649612,20810.838120391025,直连,
T030,巡航,20810.838120391025,20830.47424428593,直连,
T030,巡航,20830.47424428593,20850.110368180838,直连,
T030,巡航,20850.110368180838,20869.746492075745,直连,
T030,巡航,20869.746492075745,20889.38261597065,直连,
T030,巡航,20889.38261597065,20909.018739865558,直连,
T030,巡航,20909.018739865558,20928.654863760465,直连,
T030,巡航,20928.654863760465,20948.29098765537,直连,
T030,巡航,20948.29098765537,20967.927111550278,直连,
T030,巡航,20967.927111550278,20987.563235445185,中继,R012
T030,巡航,20987.563235445185,21007.19935934009,中继,R012
T030,巡航,21007.19935934009,21026.835483234998,中继,R012
T030,巡航,21026.835483234998,21046.471607129904,中继,R012
T030,巡航,21046.471607129904,21066.10773102481,中继,R012
T030,巡航,21066.10773102481,21085.743854919718,中继,R012
T030,巡航,21085.743854919718,21105.379978814628,中继,R012
T030,下降,21105.379978814628,21124.65576983025,中继,R012
T030,下降,21124.65576983025,21143.931560845875,中继,R012
T030,下降,21143.931560845875,21163.2073518615,中继,R012
T030,下降,21163.2073518615,21182.483142877125,中继,R012
T030,下降,21182.483142877125,21201.75893389275,中继,R012
T030,投送,21201.75893389275,21221.75893389275,中继,R012
T030,投送,21221.75893389275,21241.75893389275,中继,R012
T030,投送,21241.75893389275,21261.75893389275,中继,R012
T030,投送,21261.75893389275,21281.75893389275,中继,R012
T030,投送,21281.75893389275,21301.75893389275,中继,R012
T030,投送,21301.75893389275,21321.75893389275,中继,R012
T030,投送,21321.75893389275,21341.75893389275,中继,R012
T030,投送,21341.75893389275,21361.75893389275,中继,R012
T030,投送,21361.75893389275,21381.75893389275,中继,R012
T030,爬升,21381.75893389275,21397.82209307244,中继,R012
T030,爬升,21397.82209307244,21413.885252252127,中继,R012
T030,爬升,21413.885252252127,21429.948411431815,中继,R012
T030,爬升,21429.948411431815,21446.0115706115,中继,R012
T030,爬升,21446.0115706115,21462.074729791188,中继,R012
T030,巡航,21462.074729791188,21481.710853686094,中继,R012
T030,巡航,21481.710853686094,21501.346977581,中继,R012
T030,巡航,21501.346977581,21520.983101475907,中继,R012
T030,巡航,21520.983101475907,21540.619225370814,中继,R012
T030,巡航,21540.619225370814,21560.25534926572,中继,R012
T030,巡航,21560.25534926572,21579.891473160627,中继,R012
T030,巡航,21579.891473160627,21599.527597055534,中继,R012
T030,巡航,21599.527597055534,21619.16372095044,直连,
T030,巡航,21619.16372095044,21638.799844845347,直连,
T030,巡航,21638.799844845347,21658.435968740254,直连,
T030,巡航,21658.435968740254,21678.072092635164,直连,
T030,巡航,21678.072092635164,21697.70821653007,直连,
T030,巡航,21697.70821653007,21717.344340424977,直连,
T030,巡航,21717.344340424977,21736.980464319884,直连,
T030,巡航,21736.980464319884,21756.61658821479,直连,
T030,巡航,21756.61658821479,21776.252712109697,直连,
T030,巡航,21776.252712109697,21795.888836004604,直连,
T030,巡航,21795.888836004604,21815.52495989951,直连,
T030,巡航,21815.52495989951,21835.161083794417,直连,
T030,巡航,21835.161083794417,21854.797207689324,直连,
T030,巡航,21854.797207689324,21874.43333158423,直连,
T030,巡航,21874.43333158423,21894.069455479137,直连,
T030,巡航,21894.069455479137,21913.705579374044,直连,
T030,下降,21913.705579374044,21932.275474881855,直连,
T030,下降,21932.275474881855,21950.845370389667,直连,
T030,下降,21950.845370389667,21969.41526589748,直连,
T030,下降,21969.41526589748,21987.985161405293,直连,
T030,下降,21987.985161405293,22006.555056913105,直连,
T030,下降,22006.555056913105,22025.12495242092,直连,
T030,下降,22025.12495242092,22043.69484792873,直连,
T030,下降,22043.69484792873,22062.264743436543,直连,
T030,下降,22062.264743436543,22080.834638944354,直连,
T030,下降,22080.834638944354,22099.40453445217,直连,
T031,爬升,22080.0,22099.380881347657,直连,
T031,爬升,22099.380881347657,22118.761762695314,直连,
T031,爬升,22118.761762695314,22138.142644042968,直连,
T031,巡航,22138.142644042968,22156.651666483212,直连,
T031,巡航,22156.651666483212,22175.16068892346,直连,
T031,巡航,22175.16068892346,22193.669711363706,直连,
T031,巡航,22193.669711363706,22212.17873380395,直连,
T031,巡航,22212.17873380395,22230.687756244195,直连,
T031,巡航,22230.687756244195,22249.19677868444,直连,
T031,巡航,22249.19677868444,22267.705801124685,直连,
T031,巡航,22267.705801124685,22286.214823564933,直连,
T031,巡航,22286.214823564933,22304.723846005178,直连,
T031,巡航,22304.723846005178,22323.232868445422,直连,
T031,巡航,22323.232868445422,22341.741890885667,直连,
T031,下降,22341.741890885667,22356.584659236905,直连,
T031,下降,22356.584659236905,22371.42742758814,直连,
T031,下降,22371.42742758814,22386.270195939378,直连,
T031,投送,22386.270195939378,22406.070195939377,直连,
T031,投送,22406.070195939377,22425.87019593938,直连,
T031,投送,22425.87019593938,22445.67019593938,直连,
T031,投送,22445.67019593938,22465.47019593938,直连,
T031,投送,22465.47019593938,22485.270195939378,直连,
T031,投送,22485.270195939378,22505.070195939377,直连,
T031,投送,22505.070195939377,22524.87019593938,直连,
T031,投送,22524.87019593938,22544.67019593938,直连,
T031,投送,22544.67019593938,22564.47019593938,直连,
T031,投送,22564.47019593938,22584.270195939378,直连,
T031,投送,22584.270195939378,22604.070195939377,直连,
T031,投送,22604.070195939377,22623.87019593938,直连,
T031,投送,22623.87019593938,22643.67019593938,直连,
T031,投送,22643.67019593938,22663.47019593938,直连,
T031,投送,22663.47019593938,22683.270195939378,直连,
T031,投送,22683.270195939378,22703.070195939377,直连,
T031,投送,22703.070195939377,22722.87019593938,直连,
T031,投送,22722.87019593938,22742.67019593938,直连,
T031,投送,22742.67019593938,22762.47019593938,直连,
T031,投送,22762.47019593938,22782.270195939378,直连,
T031,爬升,22782.270195939378,22800.08151796086,直连,
T031,爬升,22800.08151796086,22817.89283998235,直连,
T031,巡航,22817.89283998235,22836.401862422594,直连,
T031,巡航,22836.401862422594,22854.91088486284,直连,
T031,巡航,22854.91088486284,22873.419907303083,直连,
T031,巡航,22873.419907303083,22891.928929743328,直连,
T031,巡航,22891.928929743328,22910.437952183573,直连,
T031,巡航,22910.437952183573,22928.946974623817,直连,
T031,巡航,22928.946974623817,22947.455997064066,直连,
T031,巡航,22947.455997064066,22965.96501950431,直连,
T031,巡航,22965.96501950431,22984.474041944555,直连,
T031,巡航,22984.474041944555,23002.9830643848,直连,
T031,巡航,23002.9830643848,23021.492086825045,直连,
T031,下降,23021.492086825045,23039.661663088475,直连,
T031,下降,23039.661663088475,23057.8312393519,直连,
T031,下降,23057.8312393519,23076.000815615327,直连,
T031,下降,23076.000815615327,23094.170391878757,直连,
