sortie_id,stage,start_s,end_s,mode,relay_id,comm_row_index,status,method,margin_db,worst_distance_m,pessimistic_obstructed,witness_s,reason
T001,爬升,360.0,375.10452117919925,直连,,1,PASS,worst_obstruction_endpoint_distance,43.878709413313516,25.31356353759776,True,,端点最大距离且全时段按遮挡计损仍满足双向预算
T001,爬升,375.10452117919925,390.2090423583985,直连,,2,PASS,worst_obstruction_endpoint_distance,34.966344352585295,70.62712707519552,True,,端点最大距离且全时段按遮挡计损仍满足双向预算
T001,爬升,390.2090423583985,405.31356353759776,直连,,3,PASS,worst_obstruction_endpoint_distance,30.66105750651289,115.94069061279328,True,,端点最大距离且全时段按遮挡计损仍满足双向预算
T001,爬升,405.31356353759776,420.418084716797,直连,,4,PASS,worst_obstruction_endpoint_distance,27.79555154865507,161.25425415039103,True,,端点最大距离且全时段按遮挡计损仍满足双向预算
T001,巡航,420.418084716797,440.18157194016305,直连,,5,PASS,worst_obstruction_endpoint_distance,21.38103723570191,337.4713404244516,True,,端点最大距离且全时段按遮挡计损仍满足双向预算
T001,巡航,440.18157194016305,459.9450591635291,直连,,6,PASS,worst_obstruction_endpoint_distance,16.17615903644753,614.4418760035281,True,,端点最大距离且全时段按遮挡计损仍满足双向预算
T001,巡航,459.9450591635291,479.7085463868952,直连,,7,PASS,worst_obstruction_endpoint_distance,12.823774280234389,903.8576628091926,True,,端点最大距离且全时段按遮挡计损仍满足双向预算
T001,巡航,479.7085463868952,499.47203361026124,直连,,8,PASS,worst_obstruction_endpoint_distance,10.385900789493661,1196.723223014895,True,,端点最大距离且全时段按遮挡计损仍满足双向预算
T001,巡航,499.47203361026124,519.2355208336273,直连,,9,PASS,worst_obstruction_endpoint_distance,8.476180856524223,1491.0071135443768,True,,端点最大距离且全时段按遮挡计损仍满足双向预算
T001,巡航,519.2355208336273,538.9990080569934,直连,,10,PASS,worst_obstruction_endpoint_distance,6.908105372473543,1786.0083692495245,True,,端点最大距离且全时段按遮挡计损仍满足双向预算
T001,巡航,538.9990080569934,558.7624952803594,直连,,11,PASS,worst_obstruction_endpoint_distance,5.578572376014165,2081.421994615999,True,,端点最大距离且全时段按遮挡计损仍满足双向预算
T001,巡航,558.7624952803594,578.5259825037255,直连,,12,PASS,worst_obstruction_endpoint_distance,4.424847125248689,2377.0942527732964,True,,端点最大距离且全时段按遮挡计损仍满足双向预算
T001,巡航,578.5259825037255,598.2894697270915,直连,,13,PASS,worst_obstruction_endpoint_distance,3.4059931797055043,2672.939317626779,True,,端点最大距离且全时段按遮挡计损仍满足双向预算
T001,巡航,598.2894697270915,618.0529569504575,直连,,14,PASS,worst_obstruction_endpoint_distance,2.4938475922613463,2968.9055301769163,True,,端点最大距离且全时段按遮挡计损仍满足双向预算
T001,巡航,618.0529569504575,637.8164441738236,直连,,15,PASS,worst_obstruction_endpoint_distance,1.6682180133278024,3264.9599447416617,True,,端点最大距离且全时段按遮挡计损仍满足双向预算
T001,巡航,637.8164441738236,657.5799313971897,直连,,16,PASS,worst_obstruction_endpoint_distance,0.9141391873638156,3561.0805630696686,True,,端点最大距离且全时段按遮挡计损仍满足双向预算
T001,巡航,657.5799313971897,677.3434186205557,直连,,17,PASS,worst_obstruction_endpoint_distance,0.2202145974620322,3857.2521378350943,True,,端点最大距离且全时段按遮挡计损仍满足双向预算
T001,巡航,677.3434186205557,697.1069058439218,中继,R001,18,PASS,worst_obstruction_endpoint_distance,1.7986941689042766,1611.9592170068474,True,,端点最大距离且全时段按遮挡计损仍满足双向预算
T001,巡航,697.1069058439218,716.8703930672878,中继,R001,19,PASS,worst_obstruction_endpoint_distance,3.548725382916672,1317.8090603809612,True,,端点最大距离且全时段按遮挡计损仍满足双向预算
T001,巡航,716.8703930672878,736.6338802906539,中继,R001,20,PASS,worst_obstruction_endpoint_distance,5.731414163795407,1024.9862751293902,True,,端点最大距离且全时段按遮挡计损仍满足双向预算
T001,巡航,736.6338802906539,756.39736751402,中继,R001,21,PASS,worst_obstruction_endpoint_distance,8.619096337392278,735.0788740248184,True,,端点最大距离且全时段按遮挡计损仍满足双向预算
T001,巡航,756.39736751402,776.160854737386,中继,R002,22,PASS,worst_obstruction_endpoint_distance,0.0883123486256494,1962.7868552554803,True,,端点最大距离且全时段按遮挡计损仍满足双向预算
T001,巡航,776.160854737386,795.924341960752,中继,R001,23,PASS,worst_obstruction_endpoint_distance,17.87171950183982,253.33942657084106,True,,端点最大距离且全时段按遮挡计损仍满足双向预算
T001,巡航,795.924341960752,815.6878291841181,中继,R001,24,PASS,worst_obstruction_endpoint_distance,11.846499345070555,506.94844008022034,True,,端点最大距离且全时段按遮挡计损仍满足双向预算
T001,巡航,815.6878291841181,835.4513164074842,中继,R001,25,PASS,worst_obstruction_endpoint_distance,7.982943005401779,790.9364822770917,True,,端点最大距离且全时段按遮挡计损仍满足双向预算
T001,巡航,835.4513164074842,855.2148036308502,中继,R001,26,PASS,worst_obstruction_endpoint_distance,5.2641680033805756,1081.634069057801,True,,端点最大距离且全时段按遮挡计损仍满足双向预算
T001,巡航,855.2148036308502,874.9782908542163,中继,R001,27,PASS,worst_obstruction_endpoint_distance,3.1810377706371042,1374.7915994615264,True,,端点最大距离且全时段按遮挡计损仍满足双向预算
T001,巡航,874.9782908542163,894.7417780775824,中继,R001,28,PASS,worst_obstruction_endpoint_distance,1.4960582519514247,1669.113407412768,True,,端点最大距离且全时段按遮挡计损仍满足双向预算
T001,巡航,894.7417780775824,914.5052653009484,中继,R001,29,PASS,worst_obstruction_endpoint_distance,0.08260871375279066,1964.076152778362,True,,端点最大距离且全时段按遮挡计损仍满足双向预算
T001,下降,914.5052653009484,932.3961161310265,中继,R001,30,PASS,worst_obstruction_endpoint_distance,0.08260871375279066,1964.076152778362,True,,端点最大距离且全时段按遮挡计损仍满足双向预算
T001,下降,932.3961161310265,950.2869669611046,中继,R001,31,PASS,worst_obstruction_endpoint_distance,0.0804771903531929,1964.5581975862738,True,,端点最大距离且全时段按遮挡计损仍满足双向预算
T001,投送,950.2869669611046,969.3778760520137,中继,R001,32,PASS,exact_point,0.0804771903531929,1964.5581975862738,,,独立计算 DEM 遮挡、自由空间损耗与双向预算
T001,投送,969.3778760520137,988.4687851429227,中继,R001,33,PASS,exact_point,0.0804771903531929,1964.5581975862738,,,独立计算 DEM 遮挡、自由空间损耗与双向预算
T001,投送,988.4687851429227,1007.5596942338318,中继,R001,34,PASS,exact_point,0.0804771903531929,1964.5581975862738,,,独立计算 DEM 遮挡、自由空间损耗与双向预算
T001,投送,1007.5596942338318,1026.6506033247408,中继,R001,35,PASS,exact_point,0.0804771903531929,1964.5581975862738,,,独立计算 DEM 遮挡、自由空间损耗与双向预算
T001,投送,1026.6506033247408,1045.74151241565,中继,R001,36,PASS,exact_point,0.0804771903531929,1964.5581975862738,,,独立计算 DEM 遮挡、自由空间损耗与双向预算
T001,投送,1045.74151241565,1064.832421506559,中继,R001,37,PASS,exact_point,0.0804771903531929,1964.5581975862738,,,独立计算 DEM 遮挡、自由空间损耗与双向预算
T001,投送,1064.832421506559,1083.923330597468,中继,R001,38,PASS,exact_point,0.0804771903531929,1964.5581975862738,,,独立计算 DEM 遮挡、自由空间损耗与双向预算
T001,投送,1083.923330597468,1103.0142396883773,中继,R001,39,PASS,exact_point,0.0804771903531929,1964.5581975862738,,,独立计算 DEM 遮挡、自由空间损耗与双向预算
T001,投送,1103.0142396883773,1122.1051487792863,中继,R001,40,PASS,exact_point,0.0804771903531929,1964.5581975862738,,,独立计算 DEM 遮挡、自由空间损耗与双向预算
T001,投送,1122.1051487792863,1141.1960578701955,中继,R001,41,PASS,exact_point,0.0804771903531929,1964.5581975862738,,,独立计算 DEM 遮挡、自由空间损耗与双向预算
T001,投送,1141.1960578701955,1160.2869669611046,中继,R001,42,PASS,exact_point,0.0804771903531929,1964.5581975862738,,,独立计算 DEM 遮挡、自由空间损耗与双向预算
T001,爬升,1160.2869669611046,1175.196009319503,中继,R001,43,PASS,worst_obstruction_endpoint_distance,0.0804771903531929,1964.5581975862738,True,,端点最大距离且全时段按遮挡计损仍满足双向预算
T001,爬升,1175.196009319503,1190.1050516779014,中继,R001,44,PASS,worst_obstruction_endpoint_distance,0.08260871375279066,1964.076152778362,True,,端点最大距离且全时段按遮挡计损仍满足双向预算
T001,巡航,1190.1050516779014,1209.8685389012676,中继,R001,45,PASS,worst_obstruction_endpoint_distance,0.08260871375279066,1964.076152778362,True,,端点最大距离且全时段按遮挡计损仍满足双向预算
T001,巡航,1209.8685389012676,1229.6320261246335,中继,R001,46,PASS,worst_obstruction_endpoint_distance,1.4960582519514247,1669.113407412768,True,,端点最大距离且全时段按遮挡计损仍满足双向预算
T001,巡航,1229.6320261246335,1249.3955133479997,中继,R001,47,PASS,worst_obstruction_endpoint_distance,3.1810377706371042,1374.7915994615264,True,,端点最大距离且全时段按遮挡计损仍满足双向预算
T001,巡航,1249.3955133479997,1269.1590005713656,中继,R001,48,PASS,worst_obstruction_endpoint_distance,5.2641680033805756,1081.634069057801,True,,端点最大距离且全时段按遮挡计损仍满足双向预算
T001,巡航,1269.1590005713656,1288.9224877947318,中继,R001,49,PASS,worst_obstruction_endpoint_distance,7.982943005401779,790.9364822770917,True,,端点最大距离且全时段按遮挡计损仍满足双向预算
T001,巡航,1288.9224877947318,1308.6859750180977,中继,R001,50,PASS,worst_obstruction_endpoint_distance,11.846499345070555,506.94844008022034,True,,端点最大距离且全时段按遮挡计损仍满足双向预算
T001,巡航,1308.6859750180977,1328.4494622414638,中继,R001,51,PASS,worst_obstruction_endpoint_distance,17.87171950183982,253.33942657084106,True,,端点最大距离且全时段按遮挡计损仍满足双向预算
T001,巡航,1328.4494622414638,1348.2129494648298,中继,R002,52,PASS,worst_obstruction_endpoint_distance,0.0883123486256494,1962.7868552554803,True,,端点最大距离且全时段按遮挡计损仍满足双向预算
T001,巡航,1348.2129494648298,1367.976436688196,中继,R001,53,PASS,worst_obstruction_endpoint_distance,8.619096337392278,735.0788740248184,True,,端点最大距离且全时段按遮挡计损仍满足双向预算
T001,巡航,1367.976436688196,1387.739923911562,中继,R001,54,PASS,worst_obstruction_endpoint_distance,5.731414163795407,1024.9862751293902,True,,端点最大距离且全时段按遮挡计损仍满足双向预算
T001,巡航,1387.739923911562,1407.503411134928,中继,R001,55,PASS,worst_obstruction_endpoint_distance,3.548725382916672,1317.8090603809612,True,,端点最大距离且全时段按遮挡计损仍满足双向预算
T001,巡航,1407.503411134928,1427.2668983582942,中继,R001,56,PASS,worst_obstruction_endpoint_distance,1.7986941689042766,1611.9592170068474,True,,端点最大距离且全时段按遮挡计损仍满足双向预算
T001,巡航,1427.2668983582942,1447.03038558166,直连,,57,PASS,worst_obstruction_endpoint_distance,0.2202145974620322,3857.2521378350943,True,,端点最大距离且全时段按遮挡计损仍满足双向预算
T001,巡航,1447.03038558166,1466.7938728050262,直连,,58,PASS,worst_obstruction_endpoint_distance,0.9141391873638156,3561.0805630696686,True,,端点最大距离且全时段按遮挡计损仍满足双向预算
T001,巡航,1466.7938728050262,1486.5573600283922,直连,,59,PASS,worst_obstruction_endpoint_distance,1.6682180133278024,3264.9599447416617,True,,端点最大距离且全时段按遮挡计损仍满足双向预算
T001,巡航,1486.5573600283922,1506.3208472517583,直连,,60,PASS,worst_obstruction_endpoint_distance,2.4938475922613463,2968.9055301769163,True,,端点最大距离且全时段按遮挡计损仍满足双向预算
T001,巡航,1506.3208472517583,1526.0843344751243,直连,,61,PASS,worst_obstruction_endpoint_distance,3.4059931797055043,2672.939317626779,True,,端点最大距离且全时段按遮挡计损仍满足双向预算
T001,巡航,1526.0843344751243,1545.8478216984904,直连,,62,PASS,worst_obstruction_endpoint_distance,4.424847125248689,2377.0942527732964,True,,端点最大距离且全时段按遮挡计损仍满足双向预算
T001,巡航,1545.8478216984904,1565.6113089218566,直连,,63,PASS,worst_obstruction_endpoint_distance,5.578572376014165,2081.421994615999,True,,端点最大距离且全时段按遮挡计损仍满足双向预算
T001,巡航,1565.6113089218566,1585.3747961452225,直连,,64,PASS,worst_obstruction_endpoint_distance,6.908105372473543,1786.0083692495245,True,,端点最大距离且全时段按遮挡计损仍满足双向预算
T001,巡航,1585.3747961452225,1605.1382833685886,直连,,65,PASS,worst_obstruction_endpoint_distance,8.476180856524223,1491.0071135443768,True,,端点最大距离且全时段按遮挡计损仍满足双向预算
T001,巡航,1605.1382833685886,1624.9017705919546,直连,,66,PASS,worst_obstruction_endpoint_distance,10.385900789493661,1196.723223014895,True,,端点最大距离且全时段按遮挡计损仍满足双向预算
T001,巡航,1624.9017705919546,1644.6652578153207,直连,,67,PASS,worst_obstruction_endpoint_distance,12.823774280234389,903.8576628091926,True,,端点最大距离且全时段按遮挡计损仍满足双向预算
T001,巡航,1644.6652578153207,1664.4287450386869,直连,,68,PASS,worst_obstruction_endpoint_distance,16.17615903644753,614.4418760035281,True,,端点最大距离且全时段按遮挡计损仍满足双向预算
T001,巡航,1664.4287450386869,1684.1922322620528,直连,,69,PASS,worst_obstruction_endpoint_distance,21.38103723570191,337.4713404244516,True,,端点最大距离且全时段按遮挡计损仍满足双向预算
T001,下降,1684.1922322620528,1702.3176576770918,直连,,70,PASS,worst_obstruction_endpoint_distance,27.79555154865507,161.25425415039103,True,,端点最大距离且全时段按遮挡计损仍满足双向预算
T001,下降,1702.3176576770918,1720.443083092131,直连,,71,PASS,worst_obstruction_endpoint_distance,30.661057506512876,115.94069061279339,True,,端点最大距离且全时段按遮挡计损仍满足双向预算
T001,下降,1720.443083092131,1738.56850850717,直连,,72,PASS,worst_obstruction_endpoint_distance,34.96634435258534,70.62712707519523,True,,端点最大距离且全时段按遮挡计损仍满足双向预算
T001,下降,1738.56850850717,1756.693933922209,直连,,73,PASS,worst_obstruction_endpoint_distance,43.87870941331357,25.313563537597616,True,,端点最大距离且全时段按遮挡计损仍满足双向预算
T002,爬升,359.99999999999994,378.6290839301215,直连,,74,PASS,worst_obstruction_endpoint_distance,40.84697113032533,35.88725179036473,True,,端点最大距离且全时段按遮挡计损仍满足双向预算
T002,爬升,378.6290839301215,397.258167860243,直连,,75,PASS,worst_obstruction_endpoint_distance,32.69133428513665,91.77450358072929,True,,端点最大距离且全时段按遮挡计损仍满足双向预算
T002,爬升,397.258167860243,415.8872517903646,直连,,76,PASS,worst_obstruction_endpoint_distance,28.560414627442924,147.661755371094,True,,端点最大距离且全时段按遮挡计损仍满足双向预算
T002,巡航,415.8872517903646,435.38793280950654,直连,,77,PASS,worst_obstruction_endpoint_distance,23.105539305522555,276.70167811112736,True,,端点最大距离且全时段按遮挡计损仍满足双向预算
T002,巡航,435.38793280950654,454.8886138286485,直连,,78,PASS,worst_obstruction_endpoint_distance,18.12842960559327,490.7578758212867,True,,端点最大距离且全时段按遮挡计损仍满足双向预算
T002,巡航,454.8886138286485,474.38929484779044,直连,,79,PASS,worst_obstruction_endpoint_distance,14.83071939347792,717.3858209025456,True,,端点最大距离且全时段按遮挡计损仍满足双向预算
T002,巡航,474.38929484779044,493.8899758669324,直连,,80,PASS,worst_obstruction_endpoint_distance,12.413199503853406,947.608140912613,True,,端点最大距离且全时段按遮挡计损仍满足双向预算
T002,巡航,493.8899758669324,513.3906568860743,直连,,81,PASS,worst_obstruction_endpoint_distance,10.513129561117665,1179.3216739957807,True,,端点最大距离且全时段按遮挡计损仍满足双向预算
T002,巡航,513.3906568860743,532.8913379052162,直连,,82,PASS,worst_obstruction_endpoint_distance,8.950358587344866,1411.7923650909095,True,,端点最大距离且全时段按遮挡计损仍满足双向预算
T002,巡航,532.8913379052162,552.3920189243582,直连,,83,PASS,worst_obstruction_endpoint_distance,7.624045631567327,1644.699183085985,True,,端点最大距离且全时段按遮挡计损仍满足双向预算
T002,巡航,552.3920189243582,571.8926999435001,直连,,84,PASS,worst_obstruction_endpoint_distance,6.472419076072541,1877.8798611459722,True,,端点最大距离且全时段按遮挡计损仍满足双向预算
T002,巡航,571.8926999435001,591.3933809626421,直连,,85,PASS,worst_obstruction_endpoint_distance,5.4550079972161996,2111.243660095177,True,,端点最大距离且全时段按遮挡计损仍满足双向预算
T002,巡航,591.3933809626421,610.894061981784,直连,,86,PASS,worst_obstruction_endpoint_distance,4.543896491300529,2344.7359043246097,True,,端点最大距离且全时段按遮挡计损仍满足双向预算
T002,巡航,610.894061981784,630.3947430009259,直连,,87,PASS,worst_obstruction_endpoint_distance,3.7190330961793165,2578.321698140954,True,,端点最大距离且全时段按遮挡计损仍满足双向预算
T002,巡航,630.3947430009259,649.8954240200679,直连,,88,PASS,worst_obstruction_endpoint_distance,2.9655376322348275,2811.977728667235,True,,端点最大距离且全时段按遮挡计损仍满足双向预算
T002,下降,649.8954240200679,666.5477750942866,直连,,89,PASS,worst_obstruction_endpoint_distance,2.9655376322348275,2811.977728667235,True,,端点最大距离且全时段按遮挡计损仍满足双向预算
T002,下降,666.5477750942866,683.2001261685054,直连,,90,PASS,worst_obstruction_endpoint_distance,2.9713422573941983,2810.099161870278,True,,端点最大距离且全时段按遮挡计损仍满足双向预算
T002,投送,683.2001261685054,702.2910352594146,直连,,91,PASS,exact_point,2.9752461696598544,2808.8364339208633,,,独立计算 DEM 遮挡、自由空间损耗与双向预算
T002,投送,702.2910352594146,721.3819443503236,直连,,92,PASS,exact_point,2.9752461696598544,2808.8364339208633,,,独立计算 DEM 遮挡、自由空间损耗与双向预算
T002,投送,721.3819443503236,740.4728534412327,直连,,93,PASS,exact_point,2.9752461696598544,2808.8364339208633,,,独立计算 DEM 遮挡、自由空间损耗与双向预算
T002,投送,740.4728534412327,759.5637625321418,直连,,94,PASS,exact_point,2.9752461696598544,2808.8364339208633,,,独立计算 DEM 遮挡、自由空间损耗与双向预算
T002,投送,759.5637625321418,778.654671623051,直连,,95,PASS,exact_point,2.9752461696598544,2808.8364339208633,,,独立计算 DEM 遮挡、自由空间损耗与双向预算
T002,投送,778.654671623051,797.74558071396,直连,,96,PASS,exact_point,2.9752461696598544,2808.8364339208633,,,独立计算 DEM 遮挡、自由空间损耗与双向预算
T002,投送,797.74558071396,816.8364898048691,直连,,97,PASS,exact_point,2.9752461696598544,2808.8364339208633,,,独立计算 DEM 遮挡、自由空间损耗与双向预算
T002,投送,816.8364898048691,835.9273988957782,直连,,98,PASS,exact_point,2.9752461696598544,2808.8364339208633,,,独立计算 DEM 遮挡、自由空间损耗与双向预算
T002,投送,835.9273988957782,855.0183079866872,直连,,99,PASS,exact_point,2.9752461696598544,2808.8364339208633,,,独立计算 DEM 遮挡、自由空间损耗与双向预算
T002,投送,855.0183079866872,874.1092170775963,直连,,100,PASS,exact_point,2.9752461696598544,2808.8364339208633,,,独立计算 DEM 遮挡、自由空间损耗与双向预算
T002,投送,874.1092170775963,893.2001261685054,直连,,101,PASS,exact_point,2.9752461696598544,2808.8364339208633,,,独立计算 DEM 遮挡、自由空间损耗与双向预算
T002,爬升,893.2001261685054,907.0770853970212,直连,,102,PASS,worst_obstruction_endpoint_distance,2.9713422573941983,2810.099161870278,True,,端点最大距离且全时段按遮挡计损仍满足双向预算
T002,爬升,907.0770853970212,920.9540446255368,直连,,103,PASS,worst_obstruction_endpoint_distance,2.9655376322348275,2811.977728667235,True,,端点最大距离且全时段按遮挡计损仍满足双向预算
T002,巡航,920.9540446255368,940.4547256446787,直连,,104,PASS,worst_obstruction_endpoint_distance,2.9655376322348275,2811.977728667235,True,,端点最大距离且全时段按遮挡计损仍满足双向预算
T002,巡航,940.4547256446787,959.9554066638207,直连,,105,PASS,worst_obstruction_endpoint_distance,3.7190330961792313,2578.3216981409755,True,,端点最大距离且全时段按遮挡计损仍满足双向预算
T002,巡航,959.9554066638207,979.4560876829626,直连,,106,PASS,worst_obstruction_endpoint_distance,4.543896491302121,2344.735904324178,True,,端点最大距离且全时段按遮挡计损仍满足双向预算
T002,巡航,979.4560876829626,998.9567687021046,直连,,107,PASS,worst_obstruction_endpoint_distance,5.4550079972161996,2111.243660095177,True,,端点最大距离且全时段按遮挡计损仍满足双向预算
T002,巡航,998.9567687021046,1018.4574497212465,直连,,108,PASS,worst_obstruction_endpoint_distance,6.472419076072541,1877.8798611459722,True,,端点最大距离且全时段按遮挡计损仍满足双向预算
T002,巡航,1018.4574497212465,1037.9581307403885,直连,,109,PASS,worst_obstruction_endpoint_distance,7.624045631567327,1644.699183085985,True,,端点最大距离且全时段按遮挡计损仍满足双向预算
T002,巡航,1037.9581307403885,1057.4588117595304,直连,,110,PASS,worst_obstruction_endpoint_distance,8.950358587344866,1411.7923650909095,True,,端点最大距离且全时段按遮挡计损仍满足双向预算
T002,巡航,1057.4588117595304,1076.9594927786723,直连,,111,PASS,worst_obstruction_endpoint_distance,10.513129561117822,1179.3216739957593,True,,端点最大距离且全时段按遮挡计损仍满足双向预算
T002,巡航,1076.9594927786723,1096.4601737978142,直连,,112,PASS,worst_obstruction_endpoint_distance,12.413199503853406,947.608140912613,True,,端点最大距离且全时段按遮挡计损仍满足双向预算
T002,巡航,1096.4601737978142,1115.9608548169563,直连,,113,PASS,worst_obstruction_endpoint_distance,14.83071939347792,717.3858209025456,True,,端点最大距离且全时段按遮挡计损仍满足双向预算
T002,巡航,1115.9608548169563,1135.4615358360982,直连,,114,PASS,worst_obstruction_endpoint_distance,18.12842960560056,490.75787582087463,True,,端点最大距离且全时段按遮挡计损仍满足双向预算
T002,巡航,1135.4615358360982,1154.96221685524,直连,,115,PASS,worst_obstruction_endpoint_distance,23.105539305523138,276.701678111109,True,,端点最大距离且全时段按遮挡计损仍满足双向预算
T002,下降,1154.96221685524,1171.7283923923494,直连,,116,PASS,worst_obstruction_endpoint_distance,28.560414627442924,147.661755371094,True,,端点最大距离且全时段按遮挡计损仍满足双向预算
T002,下降,1171.7283923923494,1188.4945679294588,直连,,117,PASS,worst_obstruction_endpoint_distance,31.460470195991434,105.74631652832062,True,,端点最大距离且全时段按遮挡计损仍满足双向预算
T002,下降,1188.4945679294588,1205.2607434665683,直连,,118,PASS,worst_obstruction_endpoint_distance,35.845158843874145,63.83087768554728,True,,端点最大距离且全时段按遮挡计损仍满足双向预算
T002,下降,1205.2607434665683,1222.0269190036777,直连,,119,PASS,worst_obstruction_endpoint_distance,45.13077173479178,21.91543884277337,True,,端点最大距离且全时段按遮挡计损仍满足双向预算
T003,爬升,360.0,379.8664866129558,直连,,120,PASS,worst_obstruction_endpoint_distance,39.99198992735825,39.59945983886735,True,,端点最大距离且全时段按遮挡计损仍满足双向预算
T003,爬升,379.8664866129558,399.7329732259115,直连,,121,PASS,worst_obstruction_endpoint_distance,32.015636315537805,99.19891967773452,True,,端点最大距离且全时段按遮挡计损仍满足双向预算
T003,爬升,399.7329732259115,419.59945983886723,直连,,122,PASS,worst_obstruction_endpoint_distance,27.92885384004063,158.7983795166017,True,,端点最大距离且全时段按遮挡计损仍满足双向预算
T003,爬升,419.59945983886723,439.465946451823,直连,,123,PASS,worst_obstruction_endpoint_distance,25.160808415575318,218.397839355469,True,,端点最大距离且全时段按遮挡计损仍满足双向预算
T003,巡航,439.465946451823,458.4317239116678,直连,,124,PASS,worst_obstruction_endpoint_distance,21.96778359151216,315.4275180539318,True,,端点最大距离且全时段按遮挡计损仍满足双向预算
T003,巡航,458.4317239116678,477.39750137151253,直连,,125,PASS,worst_obstruction_endpoint_distance,17.882328503398824,504.86159279270055,True,,端点最大距离且全时段按遮挡计损仍满足双向预算
T003,巡航,477.39750137151253,496.3632788313573,直连,,126,PASS,worst_obstruction_endpoint_distance,14.837244701752255,716.8470844118597,True,,端点最大距离且全时段按遮挡计损仍满足双向预算
T003,巡航,496.3632788313573,515.329056291202,直连,,127,PASS,worst_obstruction_endpoint_distance,12.51851331122657,936.1880488467178,True,,端点最大距离且全时段按遮挡计损仍满足双向预算
T003,巡航,515.329056291202,534.2948337510468,直连,,128,PASS,worst_obstruction_endpoint_distance,10.666243431867713,1158.7148868457655,True,,端点最大距离且全时段按遮挡计损仍满足双向预算
T003,巡航,534.2948337510468,553.2606112108916,直连,,129,PASS,worst_obstruction_endpoint_distance,9.130019333983796,1382.890494946619,True,,端点最大距离且全时段按遮挡计损仍满足双向预算
T003,巡航,553.2606112108916,572.2263886707364,直连,,130,PASS,worst_obstruction_endpoint_distance,7.81991678755827,1608.0254534211506,True,,端点最大距离且全时段按遮挡计损仍满足双向预算
T003,巡航,572.2263886707364,591.1921661305811,直连,,131,PASS,worst_obstruction_endpoint_distance,6.678894698588763,1833.7664525528055,True,,端点最大距离且全时段按遮挡计损仍满足双向预算
T003,巡航,591.1921661305811,610.1579435904259,直连,,132,PASS,worst_obstruction_endpoint_distance,5.6687922911599316,2059.914258406628,True,,端点最大距离且全时段按遮挡计损仍满足双向预算
T003,巡航,610.1579435904259,629.1237210502707,直连,,133,PASS,worst_obstruction_endpoint_distance,4.7629278771622126,2286.3481596831593,True,,端点最大距离且全时段按遮挡计损仍满足双向预算
T003,巡航,629.1237210502707,648.0894985101154,直连,,134,PASS,worst_obstruction_endpoint_distance,3.9419571187510485,2512.9908213933977,True,,端点最大距离且全时段按遮挡计损仍满足双向预算
T003,巡航,648.0894985101154,667.0552759699601,直连,,135,PASS,worst_obstruction_endpoint_distance,3.191428258256792,2739.790436392799,True,,端点最大距离且全时段按遮挡计损仍满足双向预算
T003,巡航,667.0552759699601,686.021053429805,直连,,136,PASS,worst_obstruction_endpoint_distance,2.500270302895842,2966.711008526461,True,,端点最大距离且全时段按遮挡计损仍满足双向预算
T003,巡航,686.021053429805,704.9868308896497,直连,,137,PASS,worst_obstruction_endpoint_distance,1.8598200342751454,3193.726755171166,True,,端点最大距离且全时段按遮挡计损仍满足双向预算
T003,下降,704.9868308896497,715.2463987607434,直连,,138,PASS,worst_obstruction_endpoint_distance,1.8598200342751454,3193.726755171166,True,,端点最大距离且全时段按遮挡计损仍满足双向预算
T003,下降,715.2463987607434,725.5059666318372,直连,,139,PASS,worst_obstruction_endpoint_distance,1.8643124438889203,3192.075361970319,True,,端点最大距离且全时段按遮挡计损仍满足双向预算
T003,投送,725.5059666318372,744.5968757227463,直连,,140,PASS,exact_point,1.8682481629573715,3190.6293079047914,,,独立计算 DEM 遮挡、自由空间损耗与双向预算
T003,投送,744.5968757227463,763.6877848136553,直连,,141,PASS,exact_point,1.8682481629573715,3190.6293079047914,,,独立计算 DEM 遮挡、自由空间损耗与双向预算
T003,投送,763.6877848136553,782.7786939045644,直连,,142,PASS,exact_point,1.8682481629573715,3190.6293079047914,,,独立计算 DEM 遮挡、自由空间损耗与双向预算
T003,投送,782.7786939045644,801.8696029954735,直连,,143,PASS,exact_point,1.8682481629573715,3190.6293079047914,,,独立计算 DEM 遮挡、自由空间损耗与双向预算
T003,投送,801.8696029954735,820.9605120863827,直连,,144,PASS,exact_point,1.8682481629573715,3190.6293079047914,,,独立计算 DEM 遮挡、自由空间损耗与双向预算
T003,投送,820.9605120863827,840.0514211772917,直连,,145,PASS,exact_point,1.8682481629573715,3190.6293079047914,,,独立计算 DEM 遮挡、自由空间损耗与双向预算
T003,投送,840.0514211772917,859.1423302682008,直连,,146,PASS,exact_point,1.8682481629573715,3190.6293079047914,,,独立计算 DEM 遮挡、自由空间损耗与双向预算
T003,投送,859.1423302682008,878.2332393591099,直连,,147,PASS,exact_point,1.8682481629573715,3190.6293079047914,,,独立计算 DEM 遮挡、自由空间损耗与双向预算
T003,投送,878.2332393591099,897.324148450019,直连,,148,PASS,exact_point,1.8682481629573715,3190.6293079047914,,,独立计算 DEM 遮挡、自由空间损耗与双向预算
T003,投送,897.324148450019,916.415057540928,直连,,149,PASS,exact_point,1.8682481629573715,3190.6293079047914,,,独立计算 DEM 遮挡、自由空间损耗与双向预算
T003,投送,916.415057540928,935.5059666318372,直连,,150,PASS,exact_point,1.8682481629573715,3190.6293079047914,,,独立计算 DEM 遮挡、自由空间损耗与双向预算
T003,爬升,935.5059666318372,952.6052464169934,直连,,151,PASS,worst_obstruction_endpoint_distance,1.8598200342751454,3193.726755171166,True,,端点最大距离且全时段按遮挡计损仍满足双向预算
T003,巡航,952.6052464169934,971.5710238768381,直连,,152,PASS,worst_obstruction_endpoint_distance,1.8598200342751454,3193.726755171166,True,,端点最大距离且全时段按遮挡计损仍满足双向预算
T003,巡航,971.5710238768381,990.536801336683,直连,,153,PASS,worst_obstruction_endpoint_distance,2.500270302895842,2966.711008526461,True,,端点最大距离且全时段按遮挡计损仍满足双向预算
T003,巡航,990.536801336683,1009.5025787965277,直连,,154,PASS,worst_obstruction_endpoint_distance,3.191428258256792,2739.790436392799,True,,端点最大距离且全时段按遮挡计损仍满足双向预算
T003,巡航,1009.5025787965277,1028.4683562563725,直连,,155,PASS,worst_obstruction_endpoint_distance,3.9419571187510485,2512.9908213933977,True,,端点最大距离且全时段按遮挡计损仍满足双向预算
T003,巡航,1028.4683562563725,1047.4341337162173,直连,,156,PASS,worst_obstruction_endpoint_distance,4.7629278771622126,2286.3481596831593,True,,端点最大距离且全时段按遮挡计损仍满足双向预算
T003,巡航,1047.4341337162173,1066.399911176062,直连,,157,PASS,worst_obstruction_endpoint_distance,5.6687922911599316,2059.914258406628,True,,端点最大距离且全时段按遮挡计损仍满足双向预算
T003,巡航,1066.399911176062,1085.3656886359067,直连,,158,PASS,worst_obstruction_endpoint_distance,6.678894698588763,1833.7664525528055,True,,端点最大距离且全时段按遮挡计损仍满足双向预算
T003,巡航,1085.3656886359067,1104.3314660957515,直连,,159,PASS,worst_obstruction_endpoint_distance,7.81991678755827,1608.0254534211506,True,,端点最大距离且全时段按遮挡计损仍满足双向预算
T003,巡航,1104.3314660957515,1123.2972435555962,直连,,160,PASS,worst_obstruction_endpoint_distance,9.130019333983796,1382.890494946619,True,,端点最大距离且全时段按遮挡计损仍满足双向预算
T003,巡航,1123.2972435555962,1142.263021015441,直连,,161,PASS,worst_obstruction_endpoint_distance,10.666243431867713,1158.7148868457655,True,,端点最大距离且全时段按遮挡计损仍满足双向预算
T003,巡航,1142.263021015441,1161.2287984752859,直连,,162,PASS,worst_obstruction_endpoint_distance,12.51851331122657,936.1880488467178,True,,端点最大距离且全时段按遮挡计损仍满足双向预算
T003,巡航,1161.2287984752859,1180.1945759351306,直连,,163,PASS,worst_obstruction_endpoint_distance,14.837244701752255,716.8470844118597,True,,端点最大距离且全时段按遮挡计损仍满足双向预算
T003,巡航,1180.1945759351306,1199.1603533949753,直连,,164,PASS,worst_obstruction_endpoint_distance,17.882328503398824,504.86159279270055,True,,端点最大距离且全时段按遮挡计损仍满足双向预算
T003,巡航,1199.1603533949753,1218.12613085482,直连,,165,PASS,worst_obstruction_endpoint_distance,21.96778359151216,315.4275180539318,True,,端点最大距离且全时段按遮挡计损仍满足双向预算
T003,下降,1218.12613085482,1237.1979580032576,直连,,166,PASS,worst_obstruction_endpoint_distance,25.160808415575318,218.397839355469,True,,端点最大距离且全时段按遮挡计损仍满足双向预算
T003,下降,1237.1979580032576,1256.269785151695,直连,,167,PASS,worst_obstruction_endpoint_distance,27.30017506799763,170.7182714843753,True,,端点最大距离且全时段按遮挡计损仍满足双向预算
T003,下降,1256.269785151695,1275.3416123001327,直连,,168,PASS,worst_obstruction_endpoint_distance,30.14494023426775,123.0387036132816,True,,端点最大距离且全时段按遮挡计损仍满足双向预算
T003,下降,1275.3416123001327,1294.4134394485702,直连,,169,PASS,worst_obstruction_endpoint_distance,34.40305698380588,75.35913574218736,True,,端点最大距离且全时段按遮挡计损仍满足双向预算
T003,下降,1294.4134394485702,1313.4852665970077,直连,,170,PASS,worst_obstruction_endpoint_distance,43.10258905170963,27.679567871093695,True,,端点最大距离且全时段按遮挡计损仍满足双向预算
T004,爬升,480.0,499.38088134765627,直连,,171,PASS,worst_obstruction_endpoint_distance,42.86345708049136,28.452203369140733,True,,端点最大距离且全时段按遮挡计损仍满足双向预算
T004,爬升,499.38088134765627,518.7617626953125,直连,,172,PASS,worst_obstruction_endpoint_distance,34.22675064092644,76.90440673828144,True,,端点最大距离且全时段按遮挡计损仍满足双向预算
T004,爬升,518.7617626953125,538.1426440429688,直连,,173,PASS,worst_obstruction_endpoint_distance,29.982830377148545,125.356610107422,True,,端点最大距离且全时段按遮挡计损仍满足双向预算
T004,巡航,538.1426440429688,556.6516664832141,直连,,174,PASS,worst_obstruction_endpoint_distance,22.2704985239005,304.6238004959094,True,,端点最大距离且全时段按遮挡计损仍满足双向预算
T004,巡航,556.6516664832141,575.1606889234595,直连,,175,PASS,worst_obstruction_endpoint_distance,16.83979160829456,569.2449386880037,True,,端点最大距离且全时段按遮挡计损仍满足双向预算
T004,巡航,575.1606889234595,593.6697113637048,直连,,176,PASS,worst_obstruction_endpoint_distance,13.436577431180993,842.286590702294,True,,端点最大距离且全时段按遮挡计损仍满足双向预算
T004,巡航,593.6697113637048,612.1787338039501,直连,,177,PASS,worst_obstruction_endpoint_distance,10.980093890191213,1117.5940057971984,True,,端点最大距离且全时段按遮挡计损仍满足双向预算
T004,巡航,612.1787338039501,630.6877562441954,直连,,178,PASS,worst_obstruction_endpoint_distance,9.06160871006314,1393.8252340138579,True,,端点最大距离且全时段按遮挡计损仍满足双向预算
T004,巡航,630.6877562441954,649.1967786844408,直连,,179,PASS,worst_obstruction_endpoint_distance,7.488730846575692,1670.5220634325021,True,,端点最大距离且全时段按遮挡计损仍满足双向预算
T004,巡航,649.1967786844408,667.7058011246861,直连,,180,PASS,worst_obstruction_endpoint_distance,6.156288066488344,1947.4860477341674,True,,端点最大距离且全时段按遮挡计损仍满足双向预算
T004,巡航,667.7058011246861,686.2148235649314,直连,,181,PASS,worst_obstruction_endpoint_distance,5.000668542679023,2224.6174071251694,True,,端点最大距离且全时段按遮挡计损仍满足双向预算
T004,巡航,686.2148235649314,704.7238460051767,直连,,182,PASS,worst_obstruction_endpoint_distance,3.9805132818098343,2501.8605217539953,True,,端点最大距离且全时段按遮挡计损仍满足双向预算
T004,巡航,704.7238460051767,723.2328684454221,直连,,183,PASS,worst_obstruction_endpoint_distance,3.067435566266326,2779.1819466890624,True,,端点最大距离且全时段按遮挡计损仍满足双向预算
T004,巡航,723.2328684454221,741.7418908856674,直连,,184,PASS,worst_obstruction_endpoint_distance,2.2411156161546586,3056.5603667445057,True,,端点最大距离且全时段按遮挡计损仍满足双向预算
T004,下降,741.7418908856674,756.5846592369044,直连,,185,PASS,worst_obstruction_endpoint_distance,2.2411156161546586,3056.5603667445057,True,,端点最大距离且全时段按遮挡计损仍满足双向预算
T004,下降,756.5846592369044,771.4274275881414,直连,,186,PASS,worst_obstruction_endpoint_distance,2.2441667585877525,3055.4868597560912,True,,端点最大距离且全时段按遮挡计损仍满足双向预算
T004,下降,771.4274275881414,786.2701959393784,直连,,187,PASS,worst_obstruction_endpoint_distance,2.246399680237957,3054.701472633553,True,,端点最大距离且全时段按遮挡计损仍满足双向预算
T004,投送,786.2701959393784,806.0701959393783,直连,,188,PASS,exact_point,2.2478131175972464,3054.2044276465326,,,独立计算 DEM 遮挡、自由空间损耗与双向预算
T004,投送,806.0701959393783,825.8701959393784,直连,,189,PASS,exact_point,2.2478131175972464,3054.2044276465326,,,独立计算 DEM 遮挡、自由空间损耗与双向预算
T004,投送,825.8701959393784,845.6701959393783,直连,,190,PASS,exact_point,2.2478131175972464,3054.2044276465326,,,独立计算 DEM 遮挡、自由空间损耗与双向预算
T004,投送,845.6701959393783,865.4701959393784,直连,,191,PASS,exact_point,2.2478131175972464,3054.2044276465326,,,独立计算 DEM 遮挡、自由空间损耗与双向预算
T004,投送,865.4701959393784,885.2701959393784,直连,,192,PASS,exact_point,2.2478131175972464,3054.2044276465326,,,独立计算 DEM 遮挡、自由空间损耗与双向预算
T004,投送,885.2701959393784,905.0701959393784,直连,,193,PASS,exact_point,2.2478131175972464,3054.2044276465326,,,独立计算 DEM 遮挡、自由空间损耗与双向预算
T004,投送,905.0701959393784,924.8701959393784,直连,,194,PASS,exact_point,2.2478131175972464,3054.2044276465326,,,独立计算 DEM 遮挡、自由空间损耗与双向预算
T004,投送,924.8701959393784,944.6701959393783,直连,,195,PASS,exact_point,2.2478131175972464,3054.2044276465326,,,独立计算 DEM 遮挡、自由空间损耗与双向预算
T004,投送,944.6701959393783,964.4701959393784,直连,,196,PASS,exact_point,2.2478131175972464,3054.2044276465326,,,独立计算 DEM 遮挡、自由空间损耗与双向预算
T004,投送,964.4701959393784,984.2701959393785,直连,,197,PASS,exact_point,2.2478131175972464,3054.2044276465326,,,独立计算 DEM 遮挡、自由空间损耗与双向预算
T004,投送,984.2701959393785,1004.0701959393784,直连,,198,PASS,exact_point,2.2478131175972464,3054.2044276465326,,,独立计算 DEM 遮挡、自由空间损耗与双向预算
T004,投送,1004.0701959393784,1023.8701959393784,直连,,199,PASS,exact_point,2.2478131175972464,3054.2044276465326,,,独立计算 DEM 遮挡、自由空间损耗与双向预算
T004,投送,1023.8701959393784,1043.6701959393786,直连,,200,PASS,exact_point,2.2478131175972464,3054.2044276465326,,,独立计算 DEM 遮挡、自由空间损耗与双向预算
T004,投送,1043.6701959393786,1063.4701959393785,直连,,201,PASS,exact_point,2.2478131175972464,3054.2044276465326,,,独立计算 DEM 遮挡、自由空间损耗与双向预算
T004,投送,1063.4701959393785,1083.2701959393785,直连,,202,PASS,exact_point,2.2478131175972464,3054.2044276465326,,,独立计算 DEM 遮挡、自由空间损耗与双向预算
T004,投送,1083.2701959393785,1103.0701959393784,直连,,203,PASS,exact_point,2.2478131175972464,3054.2044276465326,,,独立计算 DEM 遮挡、自由空间损耗与双向预算
T004,投送,1103.0701959393784,1122.8701959393784,直连,,204,PASS,exact_point,2.2478131175972464,3054.2044276465326,,,独立计算 DEM 遮挡、自由空间损耗与双向预算
T004,投送,1122.8701959393784,1142.6701959393786,直连,,205,PASS,exact_point,2.2478131175972464,3054.2044276465326,,,独立计算 DEM 遮挡、自由空间损耗与双向预算
T004,投送,1142.6701959393786,1162.4701959393785,直连,,206,PASS,exact_point,2.2478131175972464,3054.2044276465326,,,独立计算 DEM 遮挡、自由空间损耗与双向预算
T004,投送,1162.4701959393785,1182.2701959393785,直连,,207,PASS,exact_point,2.2478131175972464,3054.2044276465326,,,独立计算 DEM 遮挡、自由空间损耗与双向预算
T004,爬升,1182.2701959393785,1200.0815179608628,直连,,208,PASS,worst_obstruction_endpoint_distance,2.2453855868061083,3055.0581354130627,True,,端点最大距离且全时段按遮挡计损仍满足双向预算
T004,爬升,1200.0815179608628,1217.8928399823471,直连,,209,PASS,worst_obstruction_endpoint_distance,2.2411156161546586,3056.5603667445057,True,,端点最大距离且全时段按遮挡计损仍满足双向预算
T004,巡航,1217.8928399823471,1236.4018624225926,直连,,210,PASS,worst_obstruction_endpoint_distance,2.2411156161546586,3056.5603667445057,True,,端点最大距离且全时段按遮挡计损仍满足双向预算
T004,巡航,1236.4018624225926,1254.9108848628377,直连,,211,PASS,worst_obstruction_endpoint_distance,3.067435566266326,2779.1819466890624,True,,端点最大距离且全时段按遮挡计损仍满足双向预算
T004,巡航,1254.9108848628377,1273.4199073030832,直连,,212,PASS,worst_obstruction_endpoint_distance,3.9805132818098343,2501.8605217539953,True,,端点最大距离且全时段按遮挡计损仍满足双向预算
T004,巡航,1273.4199073030832,1291.9289297433286,直连,,213,PASS,worst_obstruction_endpoint_distance,5.000668542679023,2224.6174071251694,True,,端点最大距离且全时段按遮挡计损仍满足双向预算
T004,巡航,1291.9289297433286,1310.4379521835738,直连,,214,PASS,worst_obstruction_endpoint_distance,6.156288066488344,1947.4860477341674,True,,端点最大距离且全时段按遮挡计损仍满足双向预算
T004,巡航,1310.4379521835738,1328.9469746238192,直连,,215,PASS,worst_obstruction_endpoint_distance,7.488730846575692,1670.5220634325021,True,,端点最大距离且全时段按遮挡计损仍满足双向预算
T004,巡航,1328.9469746238192,1347.4559970640644,直连,,216,PASS,worst_obstruction_endpoint_distance,9.06160871006314,1393.8252340138579,True,,端点最大距离且全时段按遮挡计损仍满足双向预算
T004,巡航,1347.4559970640644,1365.9650195043098,直连,,217,PASS,worst_obstruction_endpoint_distance,10.980093890191213,1117.5940057971984,True,,端点最大距离且全时段按遮挡计损仍满足双向预算
T004,巡航,1365.9650195043098,1384.4740419445552,直连,,218,PASS,worst_obstruction_endpoint_distance,13.436577431180993,842.286590702294,True,,端点最大距离且全时段按遮挡计损仍满足双向预算
T004,巡航,1384.4740419445552,1402.9830643848004,直连,,219,PASS,worst_obstruction_endpoint_distance,16.83979160829456,569.2449386880037,True,,端点最大距离且全时段按遮挡计损仍满足双向预算
T004,巡航,1402.9830643848004,1421.4920868250458,直连,,220,PASS,worst_obstruction_endpoint_distance,22.2704985239005,304.6238004959094,True,,端点最大距离且全时段按遮挡计损仍满足双向预算
T004,下降,1421.4920868250458,1439.6616630884737,直连,,221,PASS,worst_obstruction_endpoint_distance,29.982830377148545,125.356610107422,True,,端点最大距离且全时段按遮挡计损仍满足双向预算
T004,下降,1439.6616630884737,1457.8312393519013,直连,,222,PASS,worst_obstruction_endpoint_distance,32.95627144019177,89.01745758056626,True,,端点最大距离且全时段按遮挡计损仍满足双向预算
T004,下降,1457.8312393519013,1476.000815615329,直连,,223,PASS,worst_obstruction_endpoint_distance,37.513139307574534,52.678305053711,True,,端点最大距离且全时段按遮挡计损仍满足双向预算
T004,下降,1476.000815615329,1494.1703918787568,直连,,224,PASS,worst_obstruction_endpoint_distance,45.92517525248826,20.0,True,,端点最大距离且全时段按遮挡计损仍满足双向预算
T005,爬升,480.0,499.38088134765627,直连,,225,PASS,worst_obstruction_endpoint_distance,42.86345708049136,28.452203369140733,True,,端点最大距离且全时段按遮挡计损仍满足双向预算
T005,爬升,499.38088134765627,518.7617626953125,直连,,226,PASS,worst_obstruction_endpoint_distance,34.22675064092644,76.90440673828144,True,,端点最大距离且全时段按遮挡计损仍满足双向预算
T005,爬升,518.7617626953125,538.1426440429688,直连,,227,PASS,worst_obstruction_endpoint_distance,29.982830377148545,125.356610107422,True,,端点最大距离且全时段按遮挡计损仍满足双向预算
T005,巡航,538.1426440429688,556.6516664832141,直连,,228,PASS,worst_obstruction_endpoint_distance,22.2704985239005,304.6238004959094,True,,端点最大距离且全时段按遮挡计损仍满足双向预算
T005,巡航,556.6516664832141,575.1606889234595,直连,,229,PASS,worst_obstruction_endpoint_distance,16.83979160829456,569.2449386880037,True,,端点最大距离且全时段按遮挡计损仍满足双向预算
T005,巡航,575.1606889234595,593.6697113637048,直连,,230,PASS,worst_obstruction_endpoint_distance,13.436577431180993,842.286590702294,True,,端点最大距离且全时段按遮挡计损仍满足双向预算
T005,巡航,593.6697113637048,612.1787338039501,直连,,231,PASS,worst_obstruction_endpoint_distance,10.980093890191213,1117.5940057971984,True,,端点最大距离且全时段按遮挡计损仍满足双向预算
T005,巡航,612.1787338039501,630.6877562441954,直连,,232,PASS,worst_obstruction_endpoint_distance,9.06160871006314,1393.8252340138579,True,,端点最大距离且全时段按遮挡计损仍满足双向预算
T005,巡航,630.6877562441954,649.1967786844408,直连,,233,PASS,worst_obstruction_endpoint_distance,7.488730846575692,1670.5220634325021,True,,端点最大距离且全时段按遮挡计损仍满足双向预算
T005,巡航,649.1967786844408,667.7058011246861,直连,,234,PASS,worst_obstruction_endpoint_distance,6.156288066488344,1947.4860477341674,True,,端点最大距离且全时段按遮挡计损仍满足双向预算
T005,巡航,667.7058011246861,686.2148235649314,直连,,235,PASS,worst_obstruction_endpoint_distance,5.000668542679023,2224.6174071251694,True,,端点最大距离且全时段按遮挡计损仍满足双向预算
T005,巡航,686.2148235649314,704.7238460051767,直连,,236,PASS,worst_obstruction_endpoint_distance,3.9805132818098343,2501.8605217539953,True,,端点最大距离且全时段按遮挡计损仍满足双向预算
T005,巡航,704.7238460051767,723.2328684454221,直连,,237,PASS,worst_obstruction_endpoint_distance,3.067435566266326,2779.1819466890624,True,,端点最大距离且全时段按遮挡计损仍满足双向预算
T005,巡航,723.2328684454221,741.7418908856674,直连,,238,PASS,worst_obstruction_endpoint_distance,2.2411156161546586,3056.5603667445057,True,,端点最大距离且全时段按遮挡计损仍满足双向预算
T005,下降,741.7418908856674,756.5846592369044,直连,,239,PASS,worst_obstruction_endpoint_distance,2.2411156161546586,3056.5603667445057,True,,端点最大距离且全时段按遮挡计损仍满足双向预算
T005,下降,756.5846592369044,771.4274275881414,直连,,240,PASS,worst_obstruction_endpoint_distance,2.2441667585877525,3055.4868597560912,True,,端点最大距离且全时段按遮挡计损仍满足双向预算
T005,下降,771.4274275881414,786.2701959393784,直连,,241,PASS,worst_obstruction_endpoint_distance,2.246399680237957,3054.701472633553,True,,端点最大距离且全时段按遮挡计损仍满足双向预算
T005,投送,786.2701959393784,806.0701959393783,直连,,242,PASS,exact_point,2.2478131175972464,3054.2044276465326,,,独立计算 DEM 遮挡、自由空间损耗与双向预算
T005,投送,806.0701959393783,825.8701959393784,直连,,243,PASS,exact_point,2.2478131175972464,3054.2044276465326,,,独立计算 DEM 遮挡、自由空间损耗与双向预算
T005,投送,825.8701959393784,845.6701959393783,直连,,244,PASS,exact_point,2.2478131175972464,3054.2044276465326,,,独立计算 DEM 遮挡、自由空间损耗与双向预算
T005,投送,845.6701959393783,865.4701959393784,直连,,245,PASS,exact_point,2.2478131175972464,3054.2044276465326,,,独立计算 DEM 遮挡、自由空间损耗与双向预算
T005,投送,865.4701959393784,885.2701959393784,直连,,246,PASS,exact_point,2.2478131175972464,3054.2044276465326,,,独立计算 DEM 遮挡、自由空间损耗与双向预算
T005,投送,885.2701959393784,905.0701959393784,直连,,247,PASS,exact_point,2.2478131175972464,3054.2044276465326,,,独立计算 DEM 遮挡、自由空间损耗与双向预算
T005,投送,905.0701959393784,924.8701959393784,直连,,248,PASS,exact_point,2.2478131175972464,3054.2044276465326,,,独立计算 DEM 遮挡、自由空间损耗与双向预算
T005,投送,924.8701959393784,944.6701959393783,直连,,249,PASS,exact_point,2.2478131175972464,3054.2044276465326,,,独立计算 DEM 遮挡、自由空间损耗与双向预算
T005,投送,944.6701959393783,964.4701959393784,直连,,250,PASS,exact_point,2.2478131175972464,3054.2044276465326,,,独立计算 DEM 遮挡、自由空间损耗与双向预算
T005,投送,964.4701959393784,984.2701959393785,直连,,251,PASS,exact_point,2.2478131175972464,3054.2044276465326,,,独立计算 DEM 遮挡、自由空间损耗与双向预算
T005,投送,984.2701959393785,1004.0701959393784,直连,,252,PASS,exact_point,2.2478131175972464,3054.2044276465326,,,独立计算 DEM 遮挡、自由空间损耗与双向预算
T005,投送,1004.0701959393784,1023.8701959393784,直连,,253,PASS,exact_point,2.2478131175972464,3054.2044276465326,,,独立计算 DEM 遮挡、自由空间损耗与双向预算
T005,投送,1023.8701959393784,1043.6701959393786,直连,,254,PASS,exact_point,2.2478131175972464,3054.2044276465326,,,独立计算 DEM 遮挡、自由空间损耗与双向预算
T005,投送,1043.6701959393786,1063.4701959393785,直连,,255,PASS,exact_point,2.2478131175972464,3054.2044276465326,,,独立计算 DEM 遮挡、自由空间损耗与双向预算
T005,投送,1063.4701959393785,1083.2701959393785,直连,,256,PASS,exact_point,2.2478131175972464,3054.2044276465326,,,独立计算 DEM 遮挡、自由空间损耗与双向预算
T005,投送,1083.2701959393785,1103.0701959393784,直连,,257,PASS,exact_point,2.2478131175972464,3054.2044276465326,,,独立计算 DEM 遮挡、自由空间损耗与双向预算
T005,投送,1103.0701959393784,1122.8701959393784,直连,,258,PASS,exact_point,2.2478131175972464,3054.2044276465326,,,独立计算 DEM 遮挡、自由空间损耗与双向预算
T005,投送,1122.8701959393784,1142.6701959393786,直连,,259,PASS,exact_point,2.2478131175972464,3054.2044276465326,,,独立计算 DEM 遮挡、自由空间损耗与双向预算
T005,投送,1142.6701959393786,1162.4701959393785,直连,,260,PASS,exact_point,2.2478131175972464,3054.2044276465326,,,独立计算 DEM 遮挡、自由空间损耗与双向预算
T005,投送,1162.4701959393785,1182.2701959393785,直连,,261,PASS,exact_point,2.2478131175972464,3054.2044276465326,,,独立计算 DEM 遮挡、自由空间损耗与双向预算
T005,爬升,1182.2701959393785,1200.0815179608628,直连,,262,PASS,worst_obstruction_endpoint_distance,2.2453855868061083,3055.0581354130627,True,,端点最大距离且全时段按遮挡计损仍满足双向预算
T005,爬升,1200.0815179608628,1217.8928399823471,直连,,263,PASS,worst_obstruction_endpoint_distance,2.2411156161546586,3056.5603667445057,True,,端点最大距离且全时段按遮挡计损仍满足双向预算
T005,巡航,1217.8928399823471,1236.4018624225926,直连,,264,PASS,worst_obstruction_endpoint_distance,2.2411156161546586,3056.5603667445057,True,,端点最大距离且全时段按遮挡计损仍满足双向预算
T005,巡航,1236.4018624225926,1254.9108848628377,直连,,265,PASS,worst_obstruction_endpoint_distance,3.067435566266326,2779.1819466890624,True,,端点最大距离且全时段按遮挡计损仍满足双向预算
T005,巡航,1254.9108848628377,1273.4199073030832,直连,,266,PASS,worst_obstruction_endpoint_distance,3.9805132818098343,2501.8605217539953,True,,端点最大距离且全时段按遮挡计损仍满足双向预算
T005,巡航,1273.4199073030832,1291.9289297433286,直连,,267,PASS,worst_obstruction_endpoint_distance,5.000668542679023,2224.6174071251694,True,,端点最大距离且全时段按遮挡计损仍满足双向预算
T005,巡航,1291.9289297433286,1310.4379521835738,直连,,268,PASS,worst_obstruction_endpoint_distance,6.156288066488344,1947.4860477341674,True,,端点最大距离且全时段按遮挡计损仍满足双向预算
T005,巡航,1310.4379521835738,1328.9469746238192,直连,,269,PASS,worst_obstruction_endpoint_distance,7.488730846575692,1670.5220634325021,True,,端点最大距离且全时段按遮挡计损仍满足双向预算
T005,巡航,1328.9469746238192,1347.4559970640644,直连,,270,PASS,worst_obstruction_endpoint_distance,9.06160871006314,1393.8252340138579,True,,端点最大距离且全时段按遮挡计损仍满足双向预算
T005,巡航,1347.4559970640644,1365.9650195043098,直连,,271,PASS,worst_obstruction_endpoint_distance,10.980093890191213,1117.5940057971984,True,,端点最大距离且全时段按遮挡计损仍满足双向预算
T005,巡航,1365.9650195043098,1384.4740419445552,直连,,272,PASS,worst_obstruction_endpoint_distance,13.436577431180993,842.286590702294,True,,端点最大距离且全时段按遮挡计损仍满足双向预算
T005,巡航,1384.4740419445552,1402.9830643848004,直连,,273,PASS,worst_obstruction_endpoint_distance,16.83979160829456,569.2449386880037,True,,端点最大距离且全时段按遮挡计损仍满足双向预算
T005,巡航,1402.9830643848004,1421.4920868250458,直连,,274,PASS,worst_obstruction_endpoint_distance,22.2704985239005,304.6238004959094,True,,端点最大距离且全时段按遮挡计损仍满足双向预算
T005,下降,1421.4920868250458,1439.6616630884737,直连,,275,PASS,worst_obstruction_endpoint_distance,29.982830377148545,125.356610107422,True,,端点最大距离且全时段按遮挡计损仍满足双向预算
T005,下降,1439.6616630884737,1457.8312393519013,直连,,276,PASS,worst_obstruction_endpoint_distance,32.95627144019177,89.01745758056626,True,,端点最大距离且全时段按遮挡计损仍满足双向预算
T005,下降,1457.8312393519013,1476.000815615329,直连,,277,PASS,worst_obstruction_endpoint_distance,37.513139307574534,52.678305053711,True,,端点最大距离且全时段按遮挡计损仍满足双向预算
T005,下降,1476.000815615329,1494.1703918787568,直连,,278,PASS,worst_obstruction_endpoint_distance,45.92517525248826,20.0,True,,端点最大距离且全时段按遮挡计损仍满足双向预算
T006,爬升,389.9999999999999,409.0400663248697,直连,,279,PASS,worst_obstruction_endpoint_distance,40.553569255917964,37.12019897460948,True,,端点最大距离且全时段按遮挡计损仍满足双向预算
T006,爬升,409.0400663248697,428.0801326497395,直连,,280,PASS,worst_obstruction_endpoint_distance,32.46103293889698,94.24039794921879,True,,端点最大距离且全时段按遮挡计损仍满足双向预算
T006,爬升,428.0801326497395,447.1201989746093,直连,,281,PASS,worst_obstruction_endpoint_distance,28.34551852982844,151.3605969238282,True,,端点最大距离且全时段按遮挡计损仍满足双向预算
T006,爬升,447.1201989746093,466.1602652994791,直连,,282,PASS,worst_obstruction_endpoint_distance,25.564454038992494,208.48079589843752,True,,端点最大距离且全时段按遮挡计损仍满足双向预算
T006,爬升,466.1602652994791,485.2003316243489,直连,,283,PASS,worst_obstruction_endpoint_distance,23.4611812166777,265.600994873047,True,,端点最大距离且全时段按遮挡计损仍满足双向预算
T006,巡航,485.2003316243489,504.9081935608007,直连,,284,PASS,worst_obstruction_endpoint_distance,19.961022984094825,397.40891843474714,True,,端点最大距离且全时段按遮挡计损仍满足双向预算
T006,巡航,504.9081935608007,524.6160554972525,直连,,285,PASS,worst_obstruction_endpoint_distance,15.71220980707109,648.1540930775991,True,,端点最大距离且全时段按遮挡计损仍满足双向预算
T006,巡航,524.6160554972525,544.3239174337044,直连,,286,PASS,worst_obstruction_endpoint_distance,12.615695694557388,925.7718553957753,True,,端点最大距离且全时段按遮挡计损仍满足双向预算
T006,巡航,544.3239174337044,564.0317793701563,直连,,287,PASS,worst_obstruction_endpoint_distance,10.276198059579158,1211.9336813788218,True,,端点最大距离且全时段按遮挡计损仍满足双向预算
T006,巡航,564.0317793701563,583.7396413066081,直连,,288,PASS,worst_obstruction_endpoint_distance,8.41374566235858,1501.763259580158,True,,端点最大距离且全时段按遮挡计损仍满足双向预算
T006,巡航,583.7396413066081,603.4475032430599,直连,,289,PASS,worst_obstruction_endpoint_distance,6.871828288485418,1793.4833279230154,True,,端点最大距离且全时段按遮挡计损仍满足双向预算
T006,巡航,603.4475032430599,623.1553651795118,直连,,290,PASS,worst_obstruction_endpoint_distance,5.5582357768518165,2086.3010154813837,True,,端点最大距离且全时段按遮挡计损仍满足双向预算
T006,巡航,623.1553651795118,642.8632271159636,直连,,291,PASS,worst_obstruction_endpoint_distance,4.4149250998654,2379.8111956219427,True,,端点最大距离且全时段按遮挡计损仍满足双向预算
T006,巡航,642.8632271159636,662.5710890524155,直连,,292,PASS,worst_obstruction_endpoint_distance,3.4032428294939336,2673.7858265695286,True,,端点最大距离且全时段按遮挡计损仍满足双向预算
T006,巡航,662.5710890524155,682.2789509888673,直连,,293,PASS,worst_obstruction_endpoint_distance,2.4962429037207414,2968.0869067243466,True,,端点最大距离且全时段按遮挡计损仍满足双向预算
T006,巡航,682.2789509888673,701.9868129253191,直连,,294,PASS,worst_obstruction_endpoint_distance,1.6744290534633564,3262.6260964629014,True,,端点最大距离且全时段按遮挡计损仍满足双向预算
T006,巡航,701.9868129253191,721.694674861771,直连,,295,PASS,worst_obstruction_endpoint_distance,0.9232572696648731,3557.344251646282,True,,端点最大距离且全时段按遮挡计损仍满足双向预算
T006,巡航,721.694674861771,741.4025367982229,直连,,296,PASS,worst_obstruction_endpoint_distance,0.2315979591948718,3852.200296462618,True,,端点最大距离且全时段按遮挡计损仍满足双向预算
T006,巡航,741.4025367982229,761.1103987346746,中继,R002,297,PASS,worst_obstruction_endpoint_distance,1.5293471153497364,1662.7287360181615,True,,端点最大距离且全时段按遮挡计损仍满足双向预算
T006,巡航,761.1103987346746,780.8182606711265,中继,R002,298,PASS,worst_obstruction_endpoint_distance,3.1918929171144725,1373.0745338103702,True,,端点最大距离且全时段按遮挡计损仍满足双向预算
T006,巡航,780.8182606711265,800.5261226075784,中继,R002,299,PASS,worst_obstruction_endpoint_distance,5.224083731909346,1086.6372077029318,True,,端点最大距离且全时段按遮挡计损仍满足双向预算
T006,巡航,800.5261226075784,820.2339845440301,中继,R002,300,PASS,worst_obstruction_endpoint_distance,7.809918002431388,806.8501018641134,True,,端点最大距离且全时段按遮挡计损仍满足双向预算
T006,巡航,820.2339845440301,839.9418464804821,中继,R002,301,PASS,worst_obstruction_endpoint_distance,11.23265745479327,544.0713855181892,True,,端点最大距离且全时段按遮挡计损仍满足双向预算
T006,巡航,839.9418464804821,859.6497084169339,中继,R002,302,PASS,worst_obstruction_endpoint_distance,15.30868289058364,340.2942523009908,True,,端点最大距离且全时段按遮挡计损仍满足双向预算
T006,巡航,859.6497084169339,879.3575703533858,中继,R002,303,PASS,worst_obstruction_endpoint_distance,11.478649442313184,528.878955160324,True,,端点最大距离且全时段按遮挡计损仍满足双向预算
T006,巡航,879.3575703533858,899.0654322898375,中继,R002,304,PASS,worst_obstruction_endpoint_distance,7.995048454551593,789.834928744089,True,,端点最大距离且全时段按遮挡计损仍满足双向预算
T006,巡航,899.0654322898375,918.7732942262894,中继,R002,305,PASS,worst_obstruction_endpoint_distance,5.366280347934946,1068.9927034665866,True,,端点最大距离且全时段按遮挡计损仍满足双向预算
T006,巡航,918.7732942262894,938.4811561627412,中继,R002,306,PASS,worst_obstruction_endpoint_distance,3.306027817586582,1355.1499936956816,True,,端点最大距离且全时段按遮挡计损仍满足双向预算
T006,巡航,938.4811561627412,958.189018099193,中继,R002,307,PASS,worst_obstruction_endpoint_distance,1.6242669914537942,1644.6572684634768,True,,端点最大距离且全时段按遮挡计损仍满足双向预算
T006,巡航,958.189018099193,977.8968800356449,中继,R002,308,PASS,worst_obstruction_endpoint_distance,0.2076130959518423,1936.0122613129108,True,,端点最大距离且全时段按遮挡计损仍满足双向预算
T006,下降,977.8968800356449,995.6970126853845,中继,R002,309,PASS,worst_obstruction_endpoint_distance,0.2076130959518423,1936.0122613129108,True,,端点最大距离且全时段按遮挡计损仍满足双向预算
T006,下降,995.6970126853845,1013.4971453351242,中继,R002,310,PASS,worst_obstruction_endpoint_distance,0.20735980617972416,1936.0687183109696,True,,端点最大距离且全时段按遮挡计损仍满足双向预算
T006,下降,1013.4971453351242,1031.2972779848637,中继,R002,311,PASS,worst_obstruction_endpoint_distance,0.20035561395789614,1937.6305694328028,True,,端点最大距离且全时段按遮挡计损仍满足双向预算
T006,投送,1031.2972779848637,1051.2972779848637,中继,R002,312,PASS,exact_point,0.20035561395789614,1937.6305694328028,,,独立计算 DEM 遮挡、自由空间损耗与双向预算
T006,投送,1051.2972779848637,1071.2972779848637,中继,R002,313,PASS,exact_point,0.20035561395789614,1937.6305694328028,,,独立计算 DEM 遮挡、自由空间损耗与双向预算
T006,投送,1071.2972779848637,1091.2972779848637,中继,R002,314,PASS,exact_point,0.20035561395789614,1937.6305694328028,,,独立计算 DEM 遮挡、自由空间损耗与双向预算
T006,投送,1091.2972779848637,1111.2972779848637,中继,R002,315,PASS,exact_point,0.20035561395789614,1937.6305694328028,,,独立计算 DEM 遮挡、自由空间损耗与双向预算
T006,投送,1111.2972779848637,1131.2972779848637,中继,R002,316,PASS,exact_point,0.20035561395789614,1937.6305694328028,,,独立计算 DEM 遮挡、自由空间损耗与双向预算
T006,投送,1131.2972779848637,1151.2972779848637,中继,R002,317,PASS,exact_point,0.20035561395789614,1937.6305694328028,,,独立计算 DEM 遮挡、自由空间损耗与双向预算
T006,投送,1151.2972779848637,1171.2972779848637,中继,R002,318,PASS,exact_point,0.20035561395789614,1937.6305694328028,,,独立计算 DEM 遮挡、自由空间损耗与双向预算
T006,投送,1171.2972779848637,1191.2972779848637,中继,R002,319,PASS,exact_point,0.20035561395789614,1937.6305694328028,,,独立计算 DEM 遮挡、自由空间损耗与双向预算
T006,投送,1191.2972779848637,1211.2972779848637,中继,R002,320,PASS,exact_point,0.20035561395789614,1937.6305694328028,,,独立计算 DEM 遮挡、自由空间损耗与双向预算
T006,投送,1211.2972779848637,1231.2972779848637,中继,R002,321,PASS,exact_point,0.20035561395789614,1937.6305694328028,,,独立计算 DEM 遮挡、自由空间损耗与双向预算
T006,投送,1231.2972779848637,1251.2972779848637,中继,R002,322,PASS,exact_point,0.20035561395789614,1937.6305694328028,,,独立计算 DEM 遮挡、自由空间损耗与双向预算
T006,投送,1251.2972779848637,1271.2972779848637,中继,R002,323,PASS,exact_point,0.20035561395789614,1937.6305694328028,,,独立计算 DEM 遮挡、自由空间损耗与双向预算
T006,爬升,1271.2972779848637,1286.1307218596467,中继,R002,324,PASS,worst_obstruction_endpoint_distance,0.20035561395789614,1937.6305694328028,True,,端点最大距离且全时段按遮挡计损仍满足双向预算
T006,爬升,1286.1307218596467,1300.9641657344298,中继,R002,325,PASS,worst_obstruction_endpoint_distance,0.20735980617972416,1936.0687183109696,True,,端点最大距离且全时段按遮挡计损仍满足双向预算
T006,爬升,1300.9641657344298,1315.7976096092127,中继,R002,326,PASS,worst_obstruction_endpoint_distance,0.2076130959518423,1936.0122613129108,True,,端点最大距离且全时段按遮挡计损仍满足双向预算
T006,巡航,1315.7976096092127,1335.5054715456645,中继,R002,327,PASS,worst_obstruction_endpoint_distance,0.2076130959518423,1936.0122613129108,True,,端点最大距离且全时段按遮挡计损仍满足双向预算
T006,巡航,1335.5054715456645,1355.2133334821165,中继,R002,328,PASS,worst_obstruction_endpoint_distance,1.6242669914537942,1644.6572684634768,True,,端点最大距离且全时段按遮挡计损仍满足双向预算
T006,巡航,1355.2133334821165,1374.9211954185682,中继,R002,329,PASS,worst_obstruction_endpoint_distance,3.306027817586582,1355.1499936956816,True,,端点最大距离且全时段按遮挡计损仍满足双向预算
T006,巡航,1374.9211954185682,1394.62905735502,中继,R002,330,PASS,worst_obstruction_endpoint_distance,5.366280347934946,1068.9927034665866,True,,端点最大距离且全时段按遮挡计损仍满足双向预算
T006,巡航,1394.62905735502,1414.336919291472,中继,R002,331,PASS,worst_obstruction_endpoint_distance,7.995048454551593,789.834928744089,True,,端点最大距离且全时段按遮挡计损仍满足双向预算
T006,巡航,1414.336919291472,1434.0447812279237,中继,R002,332,PASS,worst_obstruction_endpoint_distance,11.478649442313184,528.878955160324,True,,端点最大距离且全时段按遮挡计损仍满足双向预算
T006,巡航,1434.0447812279237,1453.7526431643755,中继,R002,333,PASS,worst_obstruction_endpoint_distance,15.30868289058364,340.2942523009908,True,,端点最大距离且全时段按遮挡计损仍满足双向预算
T006,巡航,1453.7526431643755,1473.4605051008275,中继,R002,334,PASS,worst_obstruction_endpoint_distance,11.23265745479327,544.0713855181892,True,,端点最大距离且全时段按遮挡计损仍满足双向预算
T006,巡航,1473.4605051008275,1493.1683670372793,中继,R002,335,PASS,worst_obstruction_endpoint_distance,7.809918002431388,806.8501018641134,True,,端点最大距离且全时段按遮挡计损仍满足双向预算
T006,巡航,1493.1683670372793,1512.876228973731,中继,R002,336,PASS,worst_obstruction_endpoint_distance,5.224083731909346,1086.6372077029318,True,,端点最大距离且全时段按遮挡计损仍满足双向预算
T006,巡航,1512.876228973731,1532.584090910183,中继,R002,337,PASS,worst_obstruction_endpoint_distance,3.1918929171144725,1373.0745338103702,True,,端点最大距离且全时段按遮挡计损仍满足双向预算
T006,巡航,1532.584090910183,1552.2919528466348,中继,R002,338,PASS,worst_obstruction_endpoint_distance,1.5293471153497364,1662.7287360181615,True,,端点最大距离且全时段按遮挡计损仍满足双向预算
T006,巡航,1552.2919528466348,1571.9998147830865,直连,,339,PASS,worst_obstruction_endpoint_distance,0.2315979591948718,3852.200296462618,True,,端点最大距离且全时段按遮挡计损仍满足双向预算
T006,巡航,1571.9998147830865,1591.7076767195385,直连,,340,PASS,worst_obstruction_endpoint_distance,0.9232572696648731,3557.344251646282,True,,端点最大距离且全时段按遮挡计损仍满足双向预算
T006,巡航,1591.7076767195385,1611.4155386559903,直连,,341,PASS,worst_obstruction_endpoint_distance,1.6744290534633564,3262.6260964629014,True,,端点最大距离且全时段按遮挡计损仍满足双向预算
T006,巡航,1611.4155386559903,1631.123400592442,直连,,342,PASS,worst_obstruction_endpoint_distance,2.4962429037207414,2968.0869067243466,True,,端点最大距离且全时段按遮挡计损仍满足双向预算
T006,巡航,1631.123400592442,1650.8312625288938,直连,,343,PASS,worst_obstruction_endpoint_distance,3.4032428294939336,2673.7858265695286,True,,端点最大距离且全时段按遮挡计损仍满足双向预算
T006,巡航,1650.8312625288938,1670.5391244653458,直连,,344,PASS,worst_obstruction_endpoint_distance,4.4149250998654,2379.8111956219427,True,,端点最大距离且全时段按遮挡计损仍满足双向预算
T006,巡航,1670.5391244653458,1690.2469864017976,直连,,345,PASS,worst_obstruction_endpoint_distance,5.5582357768518165,2086.3010154813837,True,,端点最大距离且全时段按遮挡计损仍满足双向预算
T006,巡航,1690.2469864017976,1709.9548483382496,直连,,346,PASS,worst_obstruction_endpoint_distance,6.871828288485418,1793.4833279230154,True,,端点最大距离且全时段按遮挡计损仍满足双向预算
T006,巡航,1709.9548483382496,1729.6627102747013,直连,,347,PASS,worst_obstruction_endpoint_distance,8.41374566235858,1501.763259580158,True,,端点最大距离且全时段按遮挡计损仍满足双向预算
T006,巡航,1729.6627102747013,1749.370572211153,直连,,348,PASS,worst_obstruction_endpoint_distance,10.276198059579158,1211.9336813788218,True,,端点最大距离且全时段按遮挡计损仍满足双向预算
T006,巡航,1749.370572211153,1769.078434147605,直连,,349,PASS,worst_obstruction_endpoint_distance,12.615695694557388,925.7718553957753,True,,端点最大距离且全时段按遮挡计损仍满足双向预算
T006,巡航,1769.078434147605,1788.7862960840569,直连,,350,PASS,worst_obstruction_endpoint_distance,15.71220980707109,648.1540930775991,True,,端点最大距离且全时段按遮挡计损仍满足双向预算
T006,巡航,1788.7862960840569,1808.4941580205086,直连,,351,PASS,worst_obstruction_endpoint_distance,19.961022984094825,397.40891843474714,True,,端点最大距离且全时段按遮挡计损仍满足双向预算
T006,下降,1808.4941580205086,1827.5342243453783,直连,,352,PASS,worst_obstruction_endpoint_distance,23.4611812166777,265.600994873047,True,,端点最大距离且全时段按遮挡计损仍满足双向预算
T006,下降,1827.5342243453783,1846.5742906702483,直连,,353,PASS,worst_obstruction_endpoint_distance,25.176612261026463,218.00082906087277,True,,端点最大距离且全时段按遮挡计损仍满足双向预算
T006,下降,1846.5742906702483,1865.6143569951182,直连,,354,PASS,worst_obstruction_endpoint_distance,27.316349549092152,170.40066324869798,True,,端点最大距离且全时段按遮挡计损仍满足双向预算
T006,下降,1865.6143569951182,1884.654423319988,直连,,355,PASS,worst_obstruction_endpoint_distance,30.161772645055848,122.80049743652324,True,,端点最大距离且全时段按遮挡计损仍满足双向预算
T006,下降,1884.654423319988,1903.6944896448576,直连,,356,PASS,worst_obstruction_endpoint_distance,34.42138005012991,75.20033162434902,True,,端点最大距离且全时段按遮挡计损仍满足双向预算
T006,下降,1903.6944896448576,1922.7345559697276,直连,,357,PASS,worst_obstruction_endpoint_distance,43.127541342509744,27.600165812174765,True,,端点最大距离且全时段按遮挡计损仍满足双向预算
T007,爬升,2147.0,2163.15073445638,直连,,358,PASS,worst_obstruction_endpoint_distance,42.86345708049137,28.452203369140676,True,,端点最大距离且全时段按遮挡计损仍满足双向预算
T007,爬升,2163.15073445638,2179.3014689127604,直连,,359,PASS,worst_obstruction_endpoint_distance,34.22675064092644,76.90440673828135,True,,端点最大距离且全时段按遮挡计损仍满足双向预算
T007,爬升,2179.3014689127604,2195.4522033691405,直连,,360,PASS,worst_obstruction_endpoint_distance,29.982830377148545,125.356610107422,True,,端点最大距离且全时段按遮挡计损仍满足双向预算
T007,巡航,2195.4522033691405,2213.961225809386,直连,,361,PASS,worst_obstruction_endpoint_distance,22.2704985239005,304.6238004959094,True,,端点最大距离且全时段按遮挡计损仍满足双向预算
T007,巡航,2213.961225809386,2232.4702482496314,直连,,362,PASS,worst_obstruction_endpoint_distance,16.83979160829456,569.2449386880037,True,,端点最大距离且全时段按遮挡计损仍满足双向预算
T007,巡航,2232.4702482496314,2250.9792706898766,直连,,363,PASS,worst_obstruction_endpoint_distance,13.436577431180993,842.286590702294,True,,端点最大距离且全时段按遮挡计损仍满足双向预算
T007,巡航,2250.9792706898766,2269.4882931301217,直连,,364,PASS,worst_obstruction_endpoint_distance,10.980093890191213,1117.5940057971984,True,,端点最大距离且全时段按遮挡计损仍满足双向预算
T007,巡航,2269.4882931301217,2287.9973155703674,直连,,365,PASS,worst_obstruction_endpoint_distance,9.06160871006314,1393.8252340138579,True,,端点最大距离且全时段按遮挡计损仍满足双向预算
T007,巡航,2287.9973155703674,2306.5063380106126,直连,,366,PASS,worst_obstruction_endpoint_distance,7.488730846575692,1670.5220634325021,True,,端点最大距离且全时段按遮挡计损仍满足双向预算
T007,巡航,2306.5063380106126,2325.0153604508578,直连,,367,PASS,worst_obstruction_endpoint_distance,6.156288066488344,1947.4860477341674,True,,端点最大距离且全时段按遮挡计损仍满足双向预算
T007,巡航,2325.0153604508578,2343.5243828911034,直连,,368,PASS,worst_obstruction_endpoint_distance,5.000668542679023,2224.6174071251694,True,,端点最大距离且全时段按遮挡计损仍满足双向预算
T007,巡航,2343.5243828911034,2362.0334053313486,直连,,369,PASS,worst_obstruction_endpoint_distance,3.9805132818098343,2501.8605217539953,True,,端点最大距离且全时段按遮挡计损仍满足双向预算
T007,巡航,2362.0334053313486,2380.542427771594,直连,,370,PASS,worst_obstruction_endpoint_distance,3.067435566266326,2779.1819466890624,True,,端点最大距离且全时段按遮挡计损仍满足双向预算
T007,巡航,2380.542427771594,2399.0514502118394,直连,,371,PASS,worst_obstruction_endpoint_distance,2.2411156161546586,3056.5603667445057,True,,端点最大距离且全时段按遮挡计损仍满足双向预算
T007,下降,2399.0514502118394,2416.862772233324,直连,,372,PASS,worst_obstruction_endpoint_distance,2.2411156161546586,3056.5603667445057,True,,端点最大距离且全时段按遮挡计损仍满足双向预算
T007,下降,2416.862772233324,2434.674094254808,直连,,373,PASS,worst_obstruction_endpoint_distance,2.2453855868061083,3055.0581354130627,True,,端点最大距离且全时段按遮挡计损仍满足双向预算
T007,投送,2434.674094254808,2454.674094254808,直连,,374,PASS,exact_point,2.2478131175972464,3054.2044276465326,,,独立计算 DEM 遮挡、自由空间损耗与双向预算
T007,投送,2454.674094254808,2474.674094254808,直连,,375,PASS,exact_point,2.2478131175972464,3054.2044276465326,,,独立计算 DEM 遮挡、自由空间损耗与双向预算
T007,投送,2474.674094254808,2494.674094254808,直连,,376,PASS,exact_point,2.2478131175972464,3054.2044276465326,,,独立计算 DEM 遮挡、自由空间损耗与双向预算
T007,投送,2494.674094254808,2514.674094254808,直连,,377,PASS,exact_point,2.2478131175972464,3054.2044276465326,,,独立计算 DEM 遮挡、自由空间损耗与双向预算
T007,投送,2514.674094254808,2534.674094254808,直连,,378,PASS,exact_point,2.2478131175972464,3054.2044276465326,,,独立计算 DEM 遮挡、自由空间损耗与双向预算
T007,投送,2534.674094254808,2554.674094254808,直连,,379,PASS,exact_point,2.2478131175972464,3054.2044276465326,,,独立计算 DEM 遮挡、自由空间损耗与双向预算
T007,投送,2554.674094254808,2574.674094254808,直连,,380,PASS,exact_point,2.2478131175972464,3054.2044276465326,,,独立计算 DEM 遮挡、自由空间损耗与双向预算
T007,投送,2574.674094254808,2594.674094254808,直连,,381,PASS,exact_point,2.2478131175972464,3054.2044276465326,,,独立计算 DEM 遮挡、自由空间损耗与双向预算
T007,投送,2594.674094254808,2614.674094254808,直连,,382,PASS,exact_point,2.2478131175972464,3054.2044276465326,,,独立计算 DEM 遮挡、自由空间损耗与双向预算
T007,投送,2614.674094254808,2634.674094254808,直连,,383,PASS,exact_point,2.2478131175972464,3054.2044276465326,,,独立计算 DEM 遮挡、自由空间损耗与双向预算
T007,投送,2634.674094254808,2654.674094254808,直连,,384,PASS,exact_point,2.2478131175972464,3054.2044276465326,,,独立计算 DEM 遮挡、自由空间损耗与双向预算
T007,投送,2654.674094254808,2674.674094254808,直连,,385,PASS,exact_point,2.2478131175972464,3054.2044276465326,,,独立计算 DEM 遮挡、自由空间损耗与双向预算
T007,爬升,2674.674094254808,2689.516862606045,直连,,386,PASS,worst_obstruction_endpoint_distance,2.2453855868061083,3055.0581354130627,True,,端点最大距离且全时段按遮挡计损仍满足双向预算
T007,爬升,2689.516862606045,2704.359630957282,直连,,387,PASS,worst_obstruction_endpoint_distance,2.2411156161546586,3056.5603667445057,True,,端点最大距离且全时段按遮挡计损仍满足双向预算
T007,巡航,2704.359630957282,2722.8686533975274,直连,,388,PASS,worst_obstruction_endpoint_distance,2.2411156161546586,3056.5603667445057,True,,端点最大距离且全时段按遮挡计损仍满足双向预算
T007,巡航,2722.8686533975274,2741.3776758377726,直连,,389,PASS,worst_obstruction_endpoint_distance,3.067435566266326,2779.1819466890624,True,,端点最大距离且全时段按遮挡计损仍满足双向预算
T007,巡航,2741.3776758377726,2759.8866982780182,直连,,390,PASS,worst_obstruction_endpoint_distance,3.9805132818098343,2501.8605217539953,True,,端点最大距离且全时段按遮挡计损仍满足双向预算
T007,巡航,2759.8866982780182,2778.3957207182634,直连,,391,PASS,worst_obstruction_endpoint_distance,5.000668542679023,2224.6174071251694,True,,端点最大距离且全时段按遮挡计损仍满足双向预算
T007,巡航,2778.3957207182634,2796.9047431585086,直连,,392,PASS,worst_obstruction_endpoint_distance,6.156288066488344,1947.4860477341674,True,,端点最大距离且全时段按遮挡计损仍满足双向预算
T007,巡航,2796.9047431585086,2815.4137655987543,直连,,393,PASS,worst_obstruction_endpoint_distance,7.488730846575692,1670.5220634325021,True,,端点最大距离且全时段按遮挡计损仍满足双向预算
T007,巡航,2815.4137655987543,2833.9227880389994,直连,,394,PASS,worst_obstruction_endpoint_distance,9.06160871006314,1393.8252340138579,True,,端点最大距离且全时段按遮挡计损仍满足双向预算
T007,巡航,2833.9227880389994,2852.4318104792446,直连,,395,PASS,worst_obstruction_endpoint_distance,10.980093890191213,1117.5940057971984,True,,端点最大距离且全时段按遮挡计损仍满足双向预算
T007,巡航,2852.4318104792446,2870.9408329194903,直连,,396,PASS,worst_obstruction_endpoint_distance,13.436577431180993,842.286590702294,True,,端点最大距离且全时段按遮挡计损仍满足双向预算
T007,巡航,2870.9408329194903,2889.449855359735,直连,,397,PASS,worst_obstruction_endpoint_distance,16.83979160829456,569.2449386880037,True,,端点最大距离且全时段按遮挡计损仍满足双向预算
T007,巡航,2889.449855359735,2907.9588777999807,直连,,398,PASS,worst_obstruction_endpoint_distance,22.2704985239005,304.6238004959094,True,,端点最大距离且全时段按遮挡计损仍满足双向预算
T007,下降,2907.9588777999807,2927.339759147637,直连,,399,PASS,worst_obstruction_endpoint_distance,29.982830377148545,125.356610107422,True,,端点最大距离且全时段按遮挡计损仍满足双向预算
T007,下降,2927.339759147637,2946.720640495293,直连,,400,PASS,worst_obstruction_endpoint_distance,34.22675064092644,76.90440673828135,True,,端点最大距离且全时段按遮挡计损仍满足双向预算
T007,下降,2946.720640495293,2966.1015218429493,直连,,401,PASS,worst_obstruction_endpoint_distance,42.86345708049137,28.452203369140676,True,,端点最大距离且全时段按遮挡计损仍满足双向预算
T008,爬升,2304.0,2323.3436411539715,直连,,402,PASS,worst_obstruction_endpoint_distance,40.343037745338265,38.03092346191437,True,,端点最大距离且全时段按遮挡计损仍满足双向预算
T008,爬升,2323.3436411539715,2342.687282307943,直连,,403,PASS,worst_obstruction_endpoint_distance,32.29475651968478,96.06184692382868,True,,端点最大距离且全时段按遮挡计损仍满足双向预算
T008,爬升,2342.687282307943,2362.0309234619144,直连,,404,PASS,worst_obstruction_endpoint_distance,28.190129900190144,154.09277038574305,True,,端点最大距离且全时段按遮挡计损仍满足双向预算
T008,爬升,2362.0309234619144,2381.3745646158854,直连,,405,PASS,worst_obstruction_endpoint_distance,25.41399154248265,212.12369384765606,True,,端点最大距离且全时段按遮挡计损仍满足双向预算
T008,爬升,2381.3745646158854,2400.718205769857,直连,,406,PASS,worst_obstruction_endpoint_distance,23.31352727333625,270.15461730957037,True,,端点最大距离且全时段按遮挡计损仍满足双向预算
T008,爬升,2400.718205769857,2420.0618469238284,直连,,407,PASS,worst_obstruction_endpoint_distance,21.62338630671509,328.18554077148474,True,,端点最大距离且全时段按遮挡计损仍满足双向预算
T008,爬升,2420.0618469238284,2439.4054880778,直连,,408,PASS,worst_obstruction_endpoint_distance,20.209159493456326,386.2164642333991,True,,端点最大距离且全时段按遮挡计损仍满足双向预算
T008,爬升,2439.4054880778,2458.749129231771,直连,,409,PASS,worst_obstruction_endpoint_distance,18.993277511644692,444.24738769531206,True,,端点最大距离且全时段按遮挡计损仍满足双向预算
T008,巡航,2458.749129231771,2478.385253126678,直连,,410,PASS,worst_obstruction_endpoint_distance,17.916649545737883,502.87064096726107,True,,端点最大距离且全时段按遮挡计损仍满足双向预算
T008,巡航,2478.385253126678,2498.0213770215846,直连,,411,PASS,worst_obstruction_endpoint_distance,15.71899076183928,647.6482855415965,True,,端点最大距离且全时段按遮挡计损仍满足双向预算
T008,巡航,2498.0213770215846,2517.6575009164912,直连,,412,PASS,worst_obstruction_endpoint_distance,13.5130486115427,834.9035885230084,True,,端点最大距离且全时段按遮挡计损仍满足双向预算
T008,巡航,2517.6575009164912,2537.2936248113983,直连,,413,PASS,worst_obstruction_endpoint_distance,11.588572854716219,1041.9817573440184,True,,端点最大距离且全时段按遮挡计损仍满足双向预算
T008,巡航,2537.2936248113983,2556.929748706305,直连,,414,PASS,worst_obstruction_endpoint_distance,9.944292824291068,1259.1402794336339,True,,端点最大距离且全时段按遮挡计损仍满足双向预算
T008,巡航,2556.929748706305,2576.5658726012116,直连,,415,PASS,worst_obstruction_endpoint_distance,8.529078472989426,1481.954379895724,True,,端点最大距离且全时段按遮挡计损仍满足双向预算
T008,巡航,2576.5658726012116,2596.201996496118,直连,,416,PASS,worst_obstruction_endpoint_distance,7.294937761347967,1708.2124004460284,True,,端点最大距离且全时段按遮挡计损仍满足双向预算
T008,巡航,2596.201996496118,2615.838120391025,直连,,417,PASS,worst_obstruction_endpoint_distance,6.2044935916322,1936.7076976478331,True,,端点最大距离且全时段按遮挡计损仍满足双向预算
T008,巡航,2615.838120391025,2635.474244285932,直连,,418,PASS,worst_obstruction_endpoint_distance,5.229668880125246,2166.7325832609313,True,,端点最大距离且全时段按遮挡计损仍满足双向预算
T008,巡航,2635.474244285932,2655.1103681808386,直连,,419,PASS,worst_obstruction_endpoint_distance,4.349346163073591,2397.8468985208874,True,,端点最大距离且全时段按遮挡计损仍满足双向预算
T008,巡航,2655.1103681808386,2674.746492075745,直连,,420,PASS,worst_obstruction_endpoint_distance,3.547441536545847,2629.763428575528,True,,端点最大距离且全时段按遮挡计损仍满足双向预算
T008,巡航,2674.746492075745,2694.3826159706523,直连,,421,PASS,worst_obstruction_endpoint_distance,2.811511051936634,2862.2871819484435,True,,端点最大距离且全时段按遮挡计损仍满足双向预算
T008,巡航,2694.3826159706523,2714.018739865559,直连,,422,PASS,worst_obstruction_endpoint_distance,2.131772647054248,3095.28131415617,True,,端点最大距离且全时段按遮挡计损仍满足双向预算
T008,巡航,2714.018739865559,2733.6548637604656,直连,,423,PASS,worst_obstruction_endpoint_distance,1.500420209250862,3328.6470518406963,True,,端点最大距离且全时段按遮挡计损仍满足双向预算
T008,巡航,2733.6548637604656,2753.290987655372,直连,,424,PASS,worst_obstruction_endpoint_distance,0.911137638147423,3562.3113645267736,True,,端点最大距离且全时段按遮挡计损仍满足双向预算
T008,巡航,2753.290987655372,2772.927111550279,直连,,425,PASS,worst_obstruction_endpoint_distance,0.35874972363353663,3796.2191190829435,True,,端点最大距离且全时段按遮挡计损仍满足双向预算
T008,巡航,2772.927111550279,2792.5632354451855,中继,R003,426,PASS,worst_obstruction_endpoint_distance,3.266702482514688,1361.299340639569,True,,端点最大距离且全时段按遮挡计损仍满足双向预算
T008,巡航,2792.5632354451855,2812.1993593400925,中继,R003,427,PASS,worst_obstruction_endpoint_distance,3.65634197875049,1301.5823757640605,True,,端点最大距离且全时段按遮挡计损仍满足双向预算
T008,巡航,2812.1993593400925,2831.835483234999,中继,R003,428,PASS,worst_obstruction_endpoint_distance,3.617802891321233,1307.3702970013408,True,,端点最大距离且全时段按遮挡计损仍满足双向预算
T008,巡航,2831.835483234999,2851.4716071299063,中继,R003,429,PASS,worst_obstruction_endpoint_distance,3.196495425185134,1372.3471572420888,True,,端点最大距离且全时段按遮挡计损仍满足双向预算
T008,巡航,2851.4716071299063,2871.107731024813,中继,R003,430,PASS,worst_obstruction_endpoint_distance,2.584175640430118,1472.5836569262096,True,,端点最大距离且全时段按遮挡计损仍满足双向预算
T008,巡航,2871.107731024813,2890.7438549197195,中继,R003,431,PASS,worst_obstruction_endpoint_distance,1.8553843634241076,1601.4727014364303,True,,端点最大距离且全时段按遮挡计损仍满足双向预算
T008,巡航,2890.7438549197195,2910.379978814626,中继,R003,432,PASS,worst_obstruction_endpoint_distance,1.071600826356132,1752.7045616393702,True,,端点最大距离且全时段按遮挡计损仍满足双向预算
T008,下降,2910.379978814626,2929.6557698302513,中继,R003,433,PASS,worst_obstruction_endpoint_distance,1.0686325652298336,1753.3036221923433,True,,端点最大距离且全时段按遮挡计损仍满足双向预算
T008,下降,2929.6557698302513,2948.931560845876,中继,R003,434,PASS,worst_obstruction_endpoint_distance,1.0591142360136558,1755.2260123087,True,,端点最大距离且全时段按遮挡计损仍满足双向预算
T008,下降,2948.931560845876,2968.207351861501,中继,R003,435,PASS,worst_obstruction_endpoint_distance,1.0430887776814899,1758.467391926386,True,,端点最大距离且全时段按遮挡计损仍满足双向预算
T008,下降,2968.207351861501,2987.483142877126,中继,R003,436,PASS,worst_obstruction_endpoint_distance,1.0206279905043374,1763.0204860246654,True,,端点最大距离且全时段按遮挡计损仍满足双向预算
T008,下降,2987.483142877126,3006.758933892751,中继,R003,437,PASS,worst_obstruction_endpoint_distance,0.9918314733706666,1768.8751655523586,True,,端点最大距离且全时段按遮挡计损仍满足双向预算
T008,投送,3006.758933892751,3025.84984298366,中继,R003,438,PASS,exact_point,0.9918314733706666,1768.8751655523586,,,独立计算 DEM 遮挡、自由空间损耗与双向预算
T008,投送,3025.84984298366,3044.940752074569,中继,R003,439,PASS,exact_point,0.9918314733706666,1768.8751655523586,,,独立计算 DEM 遮挡、自由空间损耗与双向预算
T008,投送,3044.940752074569,3064.031661165478,中继,R003,440,PASS,exact_point,0.9918314733706666,1768.8751655523586,,,独立计算 DEM 遮挡、自由空间损耗与双向预算
T008,投送,3064.031661165478,3083.122570256387,中继,R003,441,PASS,exact_point,0.9918314733706666,1768.8751655523586,,,独立计算 DEM 遮挡、自由空间损耗与双向预算
T008,投送,3083.122570256387,3102.2134793472965,中继,R003,442,PASS,exact_point,0.9918314733706666,1768.8751655523586,,,独立计算 DEM 遮挡、自由空间损耗与双向预算
T008,投送,3102.2134793472965,3121.3043884382055,中继,R003,443,PASS,exact_point,0.9918314733706666,1768.8751655523586,,,独立计算 DEM 遮挡、自由空间损耗与双向预算
T008,投送,3121.3043884382055,3140.3952975291145,中继,R003,444,PASS,exact_point,0.9918314733706666,1768.8751655523586,,,独立计算 DEM 遮挡、自由空间损耗与双向预算
T008,投送,3140.3952975291145,3159.486206620024,中继,R003,445,PASS,exact_point,0.9918314733706666,1768.8751655523586,,,独立计算 DEM 遮挡、自由空间损耗与双向预算
T008,投送,3159.486206620024,3178.577115710933,中继,R003,446,PASS,exact_point,0.9918314733706666,1768.8751655523586,,,独立计算 DEM 遮挡、自由空间损耗与双向预算
T008,投送,3178.577115710933,3197.668024801842,中继,R003,447,PASS,exact_point,0.9918314733706666,1768.8751655523586,,,独立计算 DEM 遮挡、自由空间损耗与双向预算
T008,投送,3197.668024801842,3216.758933892751,中继,R003,448,PASS,exact_point,0.9918314733706666,1768.8751655523586,,,独立计算 DEM 遮挡、自由空间损耗与双向预算
T008,爬升,3216.758933892751,3232.8220930724383,中继,R003,449,PASS,worst_obstruction_endpoint_distance,0.9918314733706666,1768.8751655523586,True,,端点最大距离且全时段按遮挡计损仍满足双向预算
T008,爬升,3232.8220930724383,3248.8852522521256,中继,R003,450,PASS,worst_obstruction_endpoint_distance,1.0206279905043374,1763.0204860246654,True,,端点最大距离且全时段按遮挡计损仍满足双向预算
T008,爬升,3248.8852522521256,3264.9484114318134,中继,R003,451,PASS,worst_obstruction_endpoint_distance,1.0430887776814899,1758.4673919263862,True,,端点最大距离且全时段按遮挡计损仍满足双向预算
T008,爬升,3264.9484114318134,3281.0115706115007,中继,R003,452,PASS,worst_obstruction_endpoint_distance,1.0591142360136558,1755.2260123087,True,,端点最大距离且全时段按遮挡计损仍满足双向预算
T008,爬升,3281.0115706115007,3297.0747297911885,中继,R003,453,PASS,worst_obstruction_endpoint_distance,1.0686325652298336,1753.3036221923433,True,,端点最大距离且全时段按遮挡计损仍满足双向预算
T008,巡航,3297.0747297911885,3316.710853686095,中继,R003,454,PASS,worst_obstruction_endpoint_distance,1.071600826356132,1752.7045616393702,True,,端点最大距离且全时段按遮挡计损仍满足双向预算
T008,巡航,3316.710853686095,3336.3469775810017,中继,R003,455,PASS,worst_obstruction_endpoint_distance,1.8553843634241076,1601.4727014364303,True,,端点最大距离且全时段按遮挡计损仍满足双向预算
T008,巡航,3336.3469775810017,3355.9831014759084,中继,R003,456,PASS,worst_obstruction_endpoint_distance,2.584175640430118,1472.5836569262096,True,,端点最大距离且全时段按遮挡计损仍满足双向预算
T008,巡航,3355.9831014759084,3375.619225370815,中继,R003,457,PASS,worst_obstruction_endpoint_distance,3.196495425185134,1372.3471572420888,True,,端点最大距离且全时段按遮挡计损仍满足双向预算
T008,巡航,3375.619225370815,3395.2553492657216,中继,R003,458,PASS,worst_obstruction_endpoint_distance,3.6178028913211904,1307.3702970013474,True,,端点最大距离且全时段按遮挡计损仍满足双向预算
T008,巡航,3395.2553492657216,3414.8914731606287,中继,R003,459,PASS,worst_obstruction_endpoint_distance,3.65634197875049,1301.5823757640605,True,,端点最大距离且全时段按遮挡计损仍满足双向预算
T008,巡航,3414.8914731606287,3434.5275970555354,中继,R003,460,PASS,worst_obstruction_endpoint_distance,3.266702482514688,1361.299340639569,True,,端点最大距离且全时段按遮挡计损仍满足双向预算
T008,巡航,3434.5275970555354,3454.1637209504424,直连,,461,PASS,worst_obstruction_endpoint_distance,0.35874972363353663,3796.2191190829435,True,,端点最大距离且全时段按遮挡计损仍满足双向预算
T008,巡航,3454.1637209504424,3473.799844845349,直连,,462,PASS,worst_obstruction_endpoint_distance,0.911137638147423,3562.3113645267736,True,,端点最大距离且全时段按遮挡计损仍满足双向预算
T008,巡航,3473.799844845349,3493.4359687402557,直连,,463,PASS,worst_obstruction_endpoint_distance,1.500420209250862,3328.6470518406963,True,,端点最大距离且全时段按遮挡计损仍满足双向预算
T008,巡航,3493.4359687402557,3513.0720926351623,直连,,464,PASS,worst_obstruction_endpoint_distance,2.131772647054248,3095.28131415617,True,,端点最大距离且全时段按遮挡计损仍满足双向预算
T008,巡航,3513.0720926351623,3532.708216530069,直连,,465,PASS,worst_obstruction_endpoint_distance,2.811511051936634,2862.2871819484435,True,,端点最大距离且全时段按遮挡计损仍满足双向预算
T008,巡航,3532.708216530069,3552.3443404249756,直连,,466,PASS,worst_obstruction_endpoint_distance,3.547441536545847,2629.763428575528,True,,端点最大距离且全时段按遮挡计损仍满足双向预算
T008,巡航,3552.3443404249756,3571.9804643198827,直连,,467,PASS,worst_obstruction_endpoint_distance,4.349346163073591,2397.8468985208874,True,,端点最大距离且全时段按遮挡计损仍满足双向预算
T008,巡航,3571.9804643198827,3591.6165882147893,直连,,468,PASS,worst_obstruction_endpoint_distance,5.229668880125246,2166.7325832609313,True,,端点最大距离且全时段按遮挡计损仍满足双向预算
T008,巡航,3591.6165882147893,3611.2527121096964,直连,,469,PASS,worst_obstruction_endpoint_distance,6.2044935916322,1936.7076976478331,True,,端点最大距离且全时段按遮挡计损仍满足双向预算
T008,巡航,3611.2527121096964,3630.888836004603,直连,,470,PASS,worst_obstruction_endpoint_distance,7.294937761347967,1708.2124004460284,True,,端点最大距离且全时段按遮挡计损仍满足双向预算
T008,巡航,3630.888836004603,3650.5249598995097,直连,,471,PASS,worst_obstruction_endpoint_distance,8.529078472989426,1481.954379895724,True,,端点最大距离且全时段按遮挡计损仍满足双向预算
T008,巡航,3650.5249598995097,3670.1610837944163,直连,,472,PASS,worst_obstruction_endpoint_distance,9.944292824291068,1259.1402794336339,True,,端点最大距离且全时段按遮挡计损仍满足双向预算
T008,巡航,3670.1610837944163,3689.797207689323,直连,,473,PASS,worst_obstruction_endpoint_distance,11.588572854716219,1041.9817573440184,True,,端点最大距离且全时段按遮挡计损仍满足双向预算
T008,巡航,3689.797207689323,3709.4333315842296,直连,,474,PASS,worst_obstruction_endpoint_distance,13.5130486115427,834.9035885230084,True,,端点最大距离且全时段按遮挡计损仍满足双向预算
T008,巡航,3709.4333315842296,3729.0694554791366,直连,,475,PASS,worst_obstruction_endpoint_distance,15.71899076183928,647.6482855415965,True,,端点最大距离且全时段按遮挡计损仍满足双向预算
T008,巡航,3729.0694554791366,3748.7055793740433,直连,,476,PASS,worst_obstruction_endpoint_distance,17.916649545737883,502.87064096726107,True,,端点最大距离且全时段按遮挡计损仍满足双向预算
T008,下降,3748.7055793740433,3767.275474881856,直连,,477,PASS,worst_obstruction_endpoint_distance,18.993277511644692,444.24738769531206,True,,端点最大距离且全时段按遮挡计损仍满足双向预算
T008,下降,3767.275474881856,3785.8453703896685,直连,,478,PASS,worst_obstruction_endpoint_distance,19.9519850689598,397.82264892578,True,,端点最大距离且全时段按遮挡计损仍满足双向预算
T008,下降,3785.8453703896685,3804.415265897481,直连,,479,PASS,worst_obstruction_endpoint_distance,21.029791679401256,351.3979101562492,True,,端点最大距离且全时段按遮挡计损仍满足双向预算
T008,下降,3804.415265897481,3822.985161405293,直连,,480,PASS,worst_obstruction_endpoint_distance,22.26054244645084,304.9731713867183,True,,端点最大距离且全时段按遮挡计损仍满足双向预算
T008,下降,3822.985161405293,3841.555056913106,直连,,481,PASS,worst_obstruction_endpoint_distance,23.694936979399557,258.5484326171874,True,,端点最大距离且全时段按遮挡计损仍满足双向预算
T008,下降,3841.555056913106,3860.1249524209184,直连,,482,PASS,worst_obstruction_endpoint_distance,25.413991542482677,212.1236938476555,True,,端点最大距离且全时段按遮挡计损仍满足双向预算
T008,下降,3860.1249524209184,3878.694847928731,直连,,483,PASS,worst_obstruction_endpoint_distance,27.55937977170045,165.69895507812458,True,,端点最大距离且全时段按遮挡计损仍满足双向预算
T008,下降,3878.694847928731,3897.2647434365435,直连,,484,PASS,worst_obstruction_endpoint_distance,30.414843731611313,119.2742163085926,True,,端点最大距离且全时段按遮挡计损仍满足双向预算
T008,下降,3897.2647434365435,3915.834638944356,直连,,485,PASS,worst_obstruction_endpoint_distance,34.697246336774995,72.8494775390617,True,,端点最大距离且全时段按遮挡计损仍满足双向预算
T008,下降,3915.834638944356,3934.4045344521683,直连,,486,PASS,worst_obstruction_endpoint_distance,43.5055611129805,26.424738769530904,True,,端点最大距离且全时段按遮挡计损仍满足双向预算
T009,爬升,2417.0,2435.098788248698,直连,,487,PASS,worst_obstruction_endpoint_distance,43.90158967207108,25.24697062174485,True,,端点最大距离且全时段按遮挡计损仍满足双向预算
T009,爬升,2435.098788248698,2453.197576497396,直连,,488,PASS,worst_obstruction_endpoint_distance,34.98273932171074,70.49394124348967,True,,端点最大距离且全时段按遮挡计损仍满足双向预算
T009,爬升,2453.197576497396,2471.296364746094,直连,,489,PASS,worst_obstruction_endpoint_distance,30.67603717313169,115.74091186523452,True,,端点最大距离且全时段按遮挡计损仍满足双向预算
T009,爬升,2471.296364746094,2489.3951529947917,直连,,490,PASS,worst_obstruction_endpoint_distance,27.809911405017885,160.98788248697934,True,,端点最大距离且全时段按遮挡计损仍满足双向预算
T009,爬升,2489.3951529947917,2507.4939412434896,直连,,491,PASS,worst_obstruction_endpoint_distance,25.658533931909105,206.23485310872417,True,,端点最大距离且全时段按遮挡计损仍满足双向预算
T009,爬升,2507.4939412434896,2525.5927294921876,直连,,492,PASS,worst_obstruction_endpoint_distance,23.935643142447674,251.481823730469,True,,端点最大距离且全时段按遮挡计损仍满足双向预算
T009,巡航,2525.5927294921876,2544.6093061241936,直连,,493,PASS,worst_obstruction_endpoint_distance,20.343794916914376,380.27608351961703,True,,端点最大距离且全时段按遮挡计损仍满足双向预算
T009,巡航,2544.6093061241936,2563.625882756199,直连,,494,PASS,worst_obstruction_endpoint_distance,16.049514949605253,623.466338937083,True,,端点最大距离且全时段按遮挡计损仍满足双向预算
T009,巡航,2563.625882756199,2582.642459388205,直连,,495,PASS,worst_obstruction_endpoint_distance,12.939131831411018,891.9328651522274,True,,端点最大距离且全时段按遮挡计损仍满足双向预算
T009,巡航,2582.642459388205,2601.659036020211,直连,,496,PASS,worst_obstruction_endpoint_distance,10.594093021855073,1168.3799810635858,True,,端点最大距离且全时段按遮挡计损仍满足双向预算
T009,巡航,2601.659036020211,2620.675612652217,直连,,497,PASS,worst_obstruction_endpoint_distance,8.72893580056764,1448.2447681320716,True,,端点最大距离且全时段按遮挡计损仍满足双向预算
T009,巡航,2620.675612652217,2639.692189284223,直连,,498,PASS,worst_obstruction_endpoint_distance,7.185509592415272,1729.8692496123044,True,,端点最大距离且全时段按遮挡计损仍满足双向预算
T009,巡航,2639.692189284223,2658.7087659162285,直连,,499,PASS,worst_obstruction_endpoint_distance,5.870993404915126,2012.5148240813007,True,,端点最大距离且全时段按遮挡计损仍满足双向预算
T009,巡航,2658.7087659162285,2677.725342548234,直连,,500,PASS,worst_obstruction_endpoint_distance,4.727077525390385,2295.804390099458,True,,端点最大距离且全时段按遮挡计损仍满足双向预算
T009,巡航,2677.725342548234,2696.74191918024,直连,,501,PASS,worst_obstruction_endpoint_distance,3.7149777055149116,2579.525782409383,True,,端点最大距离且全时段按遮挡计损仍满足双向预算
T009,巡航,2696.74191918024,2715.758495812246,直连,,502,PASS,worst_obstruction_endpoint_distance,2.807677788514951,2863.5506474809567,True,,端点最大距离且全时段按遮挡计损仍满足双向预算
T009,巡航,2715.758495812246,2734.7750724442517,直连,,503,PASS,worst_obstruction_endpoint_distance,1.9856412656795612,3147.7968395884704,True,,端点最大距离且全时段按遮挡计损仍满足双向预算
T009,巡航,2734.7750724442517,2753.7916490762577,直连,,504,PASS,worst_obstruction_endpoint_distance,1.2342997133882534,3432.2093700731825,True,,端点最大距离且全时段按遮挡计损仍满足双向预算
T009,巡航,2753.7916490762577,2772.8082257082633,直连,,505,PASS,worst_obstruction_endpoint_distance,0.5425080385621612,3716.750053578153,True,,端点最大距离且全时段按遮挡计损仍满足双向预算
T009,巡航,2772.8082257082633,2791.8248023402693,中继,R003,506,PASS,worst_obstruction_endpoint_distance,2.6367184328904614,1463.702574272917,True,,端点最大距离且全时段按遮挡计损仍满足双向预算
T009,巡航,2791.8248023402693,2810.8413789722754,中继,R003,507,PASS,worst_obstruction_endpoint_distance,3.0597232739024207,1394.1278229083944,True,,端点最大距离且全时段按遮挡计损仍满足双向预算
T009,巡航,2810.8413789722754,2829.857955604281,中继,R003,508,PASS,worst_obstruction_endpoint_distance,2.861993538800405,1426.2284039160454,True,,端点最大距离且全时段按遮挡计损仍满足双向预算
T009,巡航,2829.857955604281,2848.874532236287,中继,R003,509,PASS,worst_obstruction_endpoint_distance,2.284357046148841,1524.301601715459,True,,端点最大距离且全时段按遮挡计损仍满足双向预算
T009,下降,2848.874532236287,2860.744988168904,中继,R003,510,PASS,worst_obstruction_endpoint_distance,2.2664369073968516,1527.449683797634,True,,端点最大距离且全时段按遮挡计损仍满足双向预算
T009,下降,2860.744988168904,2872.6154441015215,中继,R003,511,PASS,worst_obstruction_endpoint_distance,2.246501178587579,1530.9594906028888,True,,端点最大距离且全时段按遮挡计损仍满足双向预算
T009,投送,2872.6154441015215,2891.8154441015213,中继,R003,512,PASS,exact_point,12.246501178587579,1530.9594906028888,,,独立计算 DEM 遮挡、自由空间损耗与双向预算
T009,投送,2891.8154441015213,2911.015444101521,中继,R003,513,PASS,exact_point,12.246501178587579,1530.9594906028888,,,独立计算 DEM 遮挡、自由空间损耗与双向预算
T009,投送,2911.015444101521,2930.2154441015214,中继,R003,514,PASS,exact_point,12.246501178587579,1530.9594906028888,,,独立计算 DEM 遮挡、自由空间损耗与双向预算
T009,投送,2930.2154441015214,2949.415444101521,中继,R003,515,PASS,exact_point,12.246501178587579,1530.9594906028888,,,独立计算 DEM 遮挡、自由空间损耗与双向预算
T009,投送,2949.415444101521,2968.6154441015215,中继,R003,516,PASS,exact_point,12.246501178587579,1530.9594906028888,,,独立计算 DEM 遮挡、自由空间损耗与双向预算
T009,投送,2968.6154441015215,2987.8154441015213,中继,R003,517,PASS,exact_point,12.246501178587579,1530.9594906028888,,,独立计算 DEM 遮挡、自由空间损耗与双向预算
T009,投送,2987.8154441015213,3007.015444101521,中继,R003,518,PASS,exact_point,12.246501178587579,1530.9594906028888,,,独立计算 DEM 遮挡、自由空间损耗与双向预算
T009,投送,3007.015444101521,3026.2154441015214,中继,R003,519,PASS,exact_point,12.246501178587579,1530.9594906028888,,,独立计算 DEM 遮挡、自由空间损耗与双向预算
T009,投送,3026.2154441015214,3045.415444101521,中继,R003,520,PASS,exact_point,12.246501178587579,1530.9594906028888,,,独立计算 DEM 遮挡、自由空间损耗与双向预算
T009,投送,3045.415444101521,3064.6154441015215,中继,R003,521,PASS,exact_point,12.246501178587579,1530.9594906028888,,,独立计算 DEM 遮挡、自由空间损耗与双向预算
T009,投送,3064.6154441015215,3083.8154441015213,中继,R003,522,PASS,exact_point,12.246501178587579,1530.9594906028888,,,独立计算 DEM 遮挡、自由空间损耗与双向预算
T009,投送,3083.8154441015213,3103.015444101521,中继,R003,523,PASS,exact_point,12.246501178587579,1530.9594906028888,,,独立计算 DEM 遮挡、自由空间损耗与双向预算
T009,投送,3103.015444101521,3122.215444101521,中继,R003,524,PASS,exact_point,12.246501178587579,1530.9594906028888,,,独立计算 DEM 遮挡、自由空间损耗与双向预算
T009,投送,3122.215444101521,3141.415444101521,中继,R003,525,PASS,exact_point,12.246501178587579,1530.9594906028888,,,独立计算 DEM 遮挡、自由空间损耗与双向预算
T009,投送,3141.415444101521,3160.6154441015215,中继,R003,526,PASS,exact_point,12.246501178587579,1530.9594906028888,,,独立计算 DEM 遮挡、自由空间损耗与双向预算
T009,爬升,3160.6154441015215,3179.6081735937087,中继,R003,527,PASS,worst_obstruction_endpoint_distance,2.246501178587579,1530.9594906028888,True,,端点最大距离且全时段按遮挡计损仍满足双向预算
T009,巡航,3179.6081735937087,3198.6247502257147,中继,R003,528,PASS,worst_obstruction_endpoint_distance,2.284357046148841,1524.301601715459,True,,端点最大距离且全时段按遮挡计损仍满足双向预算
T009,巡航,3198.6247502257147,3217.6413268577203,中继,R003,529,PASS,worst_obstruction_endpoint_distance,2.861993538800405,1426.2284039160454,True,,端点最大距离且全时段按遮挡计损仍满足双向预算
T009,巡航,3217.6413268577203,3236.6579034897263,中继,R003,530,PASS,worst_obstruction_endpoint_distance,3.0597232739024207,1394.1278229083944,True,,端点最大距离且全时段按遮挡计损仍满足双向预算
T009,巡航,3236.6579034897263,3255.674480121732,中继,R003,531,PASS,worst_obstruction_endpoint_distance,2.6367184328904614,1463.702574272917,True,,端点最大距离且全时段按遮挡计损仍满足双向预算
T009,巡航,3255.674480121732,3274.691056753738,直连,,532,PASS,worst_obstruction_endpoint_distance,0.5425080385621612,3716.750053578153,True,,端点最大距离且全时段按遮挡计损仍满足双向预算
T009,巡航,3274.691056753738,3293.707633385744,直连,,533,PASS,worst_obstruction_endpoint_distance,1.2342997133882534,3432.2093700731825,True,,端点最大距离且全时段按遮挡计损仍满足双向预算
T009,巡航,3293.707633385744,3312.7242100177496,直连,,534,PASS,worst_obstruction_endpoint_distance,1.9856412656795612,3147.7968395884704,True,,端点最大距离且全时段按遮挡计损仍满足双向预算
T009,巡航,3312.7242100177496,3331.740786649755,直连,,535,PASS,worst_obstruction_endpoint_distance,2.807677788514951,2863.5506474809567,True,,端点最大距离且全时段按遮挡计损仍满足双向预算
T009,巡航,3331.740786649755,3350.757363281761,直连,,536,PASS,worst_obstruction_endpoint_distance,3.7149777055149116,2579.525782409383,True,,端点最大距离且全时段按遮挡计损仍满足双向预算
T009,巡航,3350.757363281761,3369.773939913767,直连,,537,PASS,worst_obstruction_endpoint_distance,4.727077525390385,2295.804390099458,True,,端点最大距离且全时段按遮挡计损仍满足双向预算
T009,巡航,3369.773939913767,3388.7905165457732,直连,,538,PASS,worst_obstruction_endpoint_distance,5.870993404915126,2012.5148240813007,True,,端点最大距离且全时段按遮挡计损仍满足双向预算
T009,巡航,3388.7905165457732,3407.807093177779,直连,,539,PASS,worst_obstruction_endpoint_distance,7.185509592415272,1729.8692496123044,True,,端点最大距离且全时段按遮挡计损仍满足双向预算
T009,巡航,3407.807093177779,3426.8236698097844,直连,,540,PASS,worst_obstruction_endpoint_distance,8.72893580056764,1448.2447681320716,True,,端点最大距离且全时段按遮挡计损仍满足双向预算
T009,巡航,3426.8236698097844,3445.8402464417904,直连,,541,PASS,worst_obstruction_endpoint_distance,10.594093021855073,1168.3799810635858,True,,端点最大距离且全时段按遮挡计损仍满足双向预算
T009,巡航,3445.8402464417904,3464.8568230737965,直连,,542,PASS,worst_obstruction_endpoint_distance,12.939131831411018,891.9328651522274,True,,端点最大距离且全时段按遮挡计损仍满足双向预算
T009,巡航,3464.8568230737965,3483.8733997058025,直连,,543,PASS,worst_obstruction_endpoint_distance,16.049514949605253,623.466338937083,True,,端点最大距离且全时段按遮挡计损仍满足双向预算
T009,巡航,3483.8733997058025,3502.889976337808,直连,,544,PASS,worst_obstruction_endpoint_distance,20.343794916914376,380.27608351961703,True,,端点最大距离且全时段按遮挡计损仍满足双向预算
T009,下降,3502.889976337808,3522.281535175699,直连,,545,PASS,worst_obstruction_endpoint_distance,23.935643142447674,251.481823730469,True,,端点最大距离且全时段按遮挡计损仍满足双向预算
T009,下降,3522.281535175699,3541.6730940135894,直连,,546,PASS,worst_obstruction_endpoint_distance,25.3904782078655,212.6987060546872,True,,端点最大距离且全时段按遮挡计损仍满足双向预算
T009,下降,3541.6730940135894,3561.06465285148,直连,,547,PASS,worst_obstruction_endpoint_distance,27.1390049583151,173.9155883789063,True,,端点最大距离且全时段按遮挡计损仍满足双向预算
T009,下降,3561.06465285148,3580.4562116893703,直连,,548,PASS,worst_obstruction_endpoint_distance,29.330580819997408,135.13247070312542,True,,端点最大距离且全时段按遮挡计损仍满足双向预算
T009,下降,3580.4562116893703,3599.847770527261,直连,,549,PASS,worst_obstruction_endpoint_distance,32.26879911029705,96.3493530273445,True,,端点最大距离且全时段按遮挡计损仍满足双向预算
T009,下降,3599.847770527261,3619.239329365152,直连,,550,PASS,worst_obstruction_endpoint_distance,36.742418587609194,57.56623535156268,True,,端点最大距离且全时段按遮挡计损仍满足双向预算
T009,下降,3619.239329365152,3638.6308882030426,直连,,551,PASS,worst_obstruction_endpoint_distance,45.92517525248826,20.0,True,,端点最大距离且全时段按遮挡计损仍满足双向预算
T010,爬升,2390.0,2407.596373465402,直连,,552,PASS,worst_obstruction_endpoint_distance,44.34483216804708,23.990933663504933,True,,端点最大距离且全时段按遮挡计损仍满足双向预算
T010,爬升,2407.596373465402,2425.1927469308034,直连,,553,PASS,worst_obstruction_endpoint_distance,35.29791337339611,67.98186732700873,True,,端点最大距离且全时段按遮挡计损仍满足双向预算
T010,爬升,2425.1927469308034,2442.7891203962054,直连,,554,PASS,worst_obstruction_endpoint_distance,30.96352432205596,111.97280099051363,True,,端点最大距离且全时段按遮挡计损仍满足双向预算
T010,爬升,2442.7891203962054,2460.3854938616073,直连,,555,PASS,worst_obstruction_endpoint_distance,28.08530264362888,155.96373465401854,True,,端点最大距离且全时段按遮挡计损仍满足双向预算
T010,爬升,2460.3854938616073,2477.981867327009,直连,,556,PASS,worst_obstruction_endpoint_distance,25.92714420559213,199.95466831752236,True,,端点最大距离且全时段按遮挡计损仍满足双向预算
T010,爬升,2477.981867327009,2495.5782407924107,直连,,557,PASS,worst_obstruction_endpoint_distance,24.199915310578675,243.9456019810272,True,,端点最大距离且全时段按遮挡计损仍满足双向预算
T010,爬升,2495.5782407924107,2513.174614257812,直连,,558,PASS,worst_obstruction_endpoint_distance,22.759839664518097,287.93653564453103,True,,端点最大距离且全时段按遮挡计损仍满足双向预算
T010,巡航,2513.174614257812,2533.109926242226,直连,,559,PASS,worst_obstruction_endpoint_distance,19.58226210365403,415.12190732371414,True,,端点最大距离且全时段按遮挡计损仍满足双向预算
T010,巡航,2533.109926242226,2553.0452382266385,直连,,560,PASS,worst_obstruction_endpoint_distance,15.505503268057225,663.7638481291795,True,,端点最大距离且全时段按遮挡计损仍满足双向预算
T010,巡航,2553.0452382266385,2572.980550211052,直连,,561,PASS,worst_obstruction_endpoint_distance,12.463229440911974,942.1656929588921,True,,端点最大距离且全时段按遮挡计损仍满足双向预算
T010,巡航,2572.980550211052,2592.915862195465,直连,,562,PASS,worst_obstruction_endpoint_distance,10.145642631643526,1230.287543079246,True,,端点最大距离且全时段按遮挡计损仍满足双向预算
T010,巡航,2592.915862195465,2612.8511741798784,直连,,563,PASS,worst_obstruction_endpoint_distance,8.293936099781448,1522.621483851366,True,,端点最大距离且全时段按遮挡计损仍满足双向预算
T010,巡航,2612.8511741798784,2632.7864861642915,直连,,564,PASS,worst_obstruction_endpoint_distance,6.758027590343033,1817.1357754107732,True,,端点最大距离且全时段按遮挡计损仍满足双向预算
T010,巡航,2632.7864861642915,2652.7217981487047,直连,,565,PASS,worst_obstruction_endpoint_distance,5.448118714902037,2112.9188740298164,True,,端点最大距离且全时段按遮挡计损仍满足双向预算
T010,巡航,2652.7217981487047,2672.657110133118,直连,,566,PASS,worst_obstruction_endpoint_distance,4.307223717296679,2409.5035606837673,True,,端点最大距离且全时段按遮挡计损仍满足双向预算
T010,巡航,2672.657110133118,2692.592422117531,直连,,567,PASS,worst_obstruction_endpoint_distance,3.2972090851020823,2706.626340747146,True,,端点最大距离且全时段按遮挡计损仍满足双向预算
T010,巡航,2692.592422117531,2712.527734101944,直连,,568,PASS,worst_obstruction_endpoint_distance,2.3914077795581505,3004.1275583214433,True,,端点最大距离且全时段按遮挡计损仍满足双向预算
T010,巡航,2712.527734101944,2732.4630460863573,直连,,569,PASS,worst_obstruction_endpoint_distance,1.5704838890166855,3301.9049234751205,True,,端点最大距离且全时段按遮挡计损仍满足双向预算
T010,巡航,2732.4630460863573,2752.3983580707704,直连,,570,PASS,worst_obstruction_endpoint_distance,0.8199907753844542,3599.8899093492196,True,,端点最大距离且全时段按遮挡计损仍满足双向预算
T010,巡航,2752.3983580707704,2772.3336700551836,直连,,571,PASS,worst_obstruction_endpoint_distance,0.1288606994990289,3898.0349015831453,True,,端点最大距离且全时段按遮挡计损仍满足双向预算
T010,巡航,2772.3336700551836,2792.2689820395967,中继,R003,572,PASS,worst_obstruction_endpoint_distance,10.948992185168862,562.133087686103,True,,端点最大距离且全时段按遮挡计损仍满足双向预算
T010,巡航,2792.2689820395967,2812.20429402401,中继,R003,573,PASS,worst_obstruction_endpoint_distance,16.38604170257858,300.598405903194,True,,端点最大距离且全时段按遮挡计损仍满足双向预算
T010,巡航,2812.20429402401,2832.139606008423,中继,R003,574,PASS,worst_obstruction_endpoint_distance,13.500443868742849,419.0506945919927,True,,端点最大距离且全时段按遮挡计损仍满足双向预算
T010,下降,2832.139606008423,2846.1456952825115,中继,R003,575,PASS,worst_obstruction_endpoint_distance,13.27367326566123,430.13530956377593,True,,端点最大距离且全时段按遮挡计损仍满足双向预算
T010,下降,2846.1456952825115,2860.1517845566,中继,R003,576,PASS,worst_obstruction_endpoint_distance,13.023244393741194,442.7173463091875,True,,端点最大距离且全时段按遮挡计损仍满足双向预算
T010,下降,2860.1517845566,2874.157873830689,中继,R003,577,PASS,worst_obstruction_endpoint_distance,12.753667451270502,456.6730528579534,True,,端点最大距离且全时段按遮挡计损仍满足双向预算
T010,投送,2874.157873830689,2893.542489215304,中继,R003,578,PASS,exact_point,22.753667451270502,456.6730528579534,,,独立计算 DEM 遮挡、自由空间损耗与双向预算
T010,投送,2893.542489215304,2912.9271045999194,中继,R003,579,PASS,exact_point,22.753667451270502,456.6730528579534,,,独立计算 DEM 遮挡、自由空间损耗与双向预算
T010,投送,2912.9271045999194,2932.3117199845346,中继,R003,580,PASS,exact_point,22.753667451270502,456.6730528579534,,,独立计算 DEM 遮挡、自由空间损耗与双向预算
T010,投送,2932.3117199845346,2951.6963353691503,中继,R003,581,PASS,exact_point,22.753667451270502,456.6730528579534,,,独立计算 DEM 遮挡、自由空间损耗与双向预算
T010,投送,2951.6963353691503,2971.0809507537656,中继,R003,582,PASS,exact_point,22.753667451270502,456.6730528579534,,,独立计算 DEM 遮挡、自由空间损耗与双向预算
T010,投送,2971.0809507537656,2990.465566138381,中继,R003,583,PASS,exact_point,22.753667451270502,456.6730528579534,,,独立计算 DEM 遮挡、自由空间损耗与双向预算
T010,投送,2990.465566138381,3009.8501815229965,中继,R003,584,PASS,exact_point,22.753667451270502,456.6730528579534,,,独立计算 DEM 遮挡、自由空间损耗与双向预算
T010,投送,3009.8501815229965,3029.234796907612,中继,R003,585,PASS,exact_point,22.753667451270502,456.6730528579534,,,独立计算 DEM 遮挡、自由空间损耗与双向预算
T010,投送,3029.234796907612,3048.619412292227,中继,R003,586,PASS,exact_point,22.753667451270502,456.6730528579534,,,独立计算 DEM 遮挡、自由空间损耗与双向预算
T010,投送,3048.619412292227,3068.0040276768423,中继,R003,587,PASS,exact_point,22.753667451270502,456.6730528579534,,,独立计算 DEM 遮挡、自由空间损耗与双向预算
T010,投送,3068.0040276768423,3087.388643061458,中继,R003,588,PASS,exact_point,22.753667451270502,456.6730528579534,,,独立计算 DEM 遮挡、自由空间损耗与双向预算
T010,投送,3087.388643061458,3106.773258446073,中继,R003,589,PASS,exact_point,22.753667451270502,456.6730528579534,,,独立计算 DEM 遮挡、自由空间损耗与双向预算
T010,投送,3106.773258446073,3126.157873830689,中继,R003,590,PASS,exact_point,22.753667451270502,456.6730528579534,,,独立计算 DEM 遮挡、自由空间损耗与双向预算
T010,爬升,3126.157873830689,3142.965180959595,中继,R003,591,PASS,worst_obstruction_endpoint_distance,12.753667451270502,456.6730528579534,True,,端点最大距离且全时段按遮挡计损仍满足双向预算
T010,爬升,3142.965180959595,3159.772488088501,中继,R003,592,PASS,worst_obstruction_endpoint_distance,13.151128354991485,436.24688662675163,True,,端点最大距离且全时段按遮挡计损仍满足双向预算
T010,巡航,3159.772488088501,3179.7078000729143,中继,R003,593,PASS,worst_obstruction_endpoint_distance,13.500443868742849,419.0506945919927,True,,端点最大距离且全时段按遮挡计损仍满足双向预算
T010,巡航,3179.7078000729143,3199.6431120573275,中继,R003,594,PASS,worst_obstruction_endpoint_distance,16.38604170257858,300.598405903194,True,,端点最大距离且全时段按遮挡计损仍满足双向预算
T010,巡航,3199.6431120573275,3219.5784240417406,中继,R003,595,PASS,worst_obstruction_endpoint_distance,10.948992185168862,562.133087686103,True,,端点最大距离且全时段按遮挡计损仍满足双向预算
T010,巡航,3219.5784240417406,3239.5137360261538,直连,,596,PASS,worst_obstruction_endpoint_distance,0.1288606994990289,3898.0349015831453,True,,端点最大距离且全时段按遮挡计损仍满足双向预算
T010,巡航,3239.5137360261538,3259.449048010567,直连,,597,PASS,worst_obstruction_endpoint_distance,0.8199907753844542,3599.8899093492196,True,,端点最大距离且全时段按遮挡计损仍满足双向预算
T010,巡航,3259.449048010567,3279.38435999498,直连,,598,PASS,worst_obstruction_endpoint_distance,1.5704838890166855,3301.9049234751205,True,,端点最大距离且全时段按遮挡计损仍满足双向预算
T010,巡航,3279.38435999498,3299.319671979393,直连,,599,PASS,worst_obstruction_endpoint_distance,2.3914077795581505,3004.1275583214433,True,,端点最大距离且全时段按遮挡计损仍满足双向预算
T010,巡航,3299.319671979393,3319.2549839638064,直连,,600,PASS,worst_obstruction_endpoint_distance,3.2972090851020823,2706.626340747146,True,,端点最大距离且全时段按遮挡计损仍满足双向预算
T010,巡航,3319.2549839638064,3339.1902959482195,直连,,601,PASS,worst_obstruction_endpoint_distance,4.307223717296679,2409.5035606837673,True,,端点最大距离且全时段按遮挡计损仍满足双向预算
T010,巡航,3339.1902959482195,3359.125607932633,直连,,602,PASS,worst_obstruction_endpoint_distance,5.448118714902037,2112.9188740298164,True,,端点最大距离且全时段按遮挡计损仍满足双向预算
T010,巡航,3359.125607932633,3379.060919917046,直连,,603,PASS,worst_obstruction_endpoint_distance,6.758027590343033,1817.1357754107732,True,,端点最大距离且全时段按遮挡计损仍满足双向预算
T010,巡航,3379.060919917046,3398.9962319014594,直连,,604,PASS,worst_obstruction_endpoint_distance,8.293936099781448,1522.621483851366,True,,端点最大距离且全时段按遮挡计损仍满足双向预算
T010,巡航,3398.9962319014594,3418.931543885872,直连,,605,PASS,worst_obstruction_endpoint_distance,10.145642631643526,1230.287543079246,True,,端点最大距离且全时段按遮挡计损仍满足双向预算
T010,巡航,3418.931543885872,3438.8668558702857,直连,,606,PASS,worst_obstruction_endpoint_distance,12.463229440911974,942.1656929588921,True,,端点最大距离且全时段按遮挡计损仍满足双向预算
T010,巡航,3438.8668558702857,3458.8021678546984,直连,,607,PASS,worst_obstruction_endpoint_distance,15.505503268057225,663.7638481291795,True,,端点最大距离且全时段按遮挡计损仍满足双向预算
T010,巡航,3458.8021678546984,3478.737479839112,直连,,608,PASS,worst_obstruction_endpoint_distance,19.58226210365403,415.12190732371414,True,,端点最大距离且全时段按遮挡计损仍满足双向预算
T010,下降,3478.737479839112,3497.983513316895,直连,,609,PASS,worst_obstruction_endpoint_distance,22.759839664518097,287.93653564453103,True,,端点最大距离且全时段按遮挡计损仍满足双向预算
T010,下降,3497.983513316895,3517.229546794678,直连,,610,PASS,worst_obstruction_endpoint_distance,24.00629760355062,249.44446868896512,True,,端点最大距离且全时段按遮挡计损仍满足双向预算
T010,下降,3517.229546794678,3536.4755802724612,直连,,611,PASS,worst_obstruction_endpoint_distance,25.462085680333843,210.9524017333992,True,,端点最大距离且全时段按遮挡计损仍满足双向预算
T010,下降,3536.4755802724612,3555.7216137502446,直连,,612,PASS,worst_obstruction_endpoint_distance,27.21199066951951,172.46033477783237,True,,端点最大距离且全时段按遮挡计损仍满足双向预算
T010,下降,3555.7216137502446,3574.967647228028,直连,,613,PASS,worst_obstruction_endpoint_distance,29.405736324095642,133.96826782226555,True,,端点最大距离且全时段按遮挡计损仍满足双向预算
T010,下降,3574.967647228028,3594.213680705811,直连,,614,PASS,worst_obstruction_endpoint_distance,32.347872576052,95.47620086669869,True,,端点最大距离且全时段按遮挡计损仍满足双向预算
T010,下降,3594.213680705811,3613.459714183594,直连,,615,PASS,worst_obstruction_endpoint_distance,36.83069612741413,56.984133911132744,True,,端点最大距离且全时段按遮挡计损仍满足双向预算
T010,下降,3613.459714183594,3632.7057476613772,直连,,616,PASS,worst_obstruction_endpoint_distance,45.92517525248826,20.0,True,,端点最大距离且全时段按遮挡计损仍满足双向预算
T011,爬升,2894.0,2912.2987226213727,直连,,617,PASS,worst_obstruction_endpoint_distance,41.09022041847288,34.8961678641181,True,,端点最大距离且全时段按遮挡计损仍满足双向预算
T011,爬升,2912.2987226213727,2930.5974452427454,直连,,618,PASS,worst_obstruction_endpoint_distance,32.88098978943424,89.7923357282362,True,,端点最大距离且全时段按遮挡计损仍满足双向预算
T011,爬升,2930.5974452427454,2948.896167864118,直连,,619,PASS,worst_obstruction_endpoint_distance,28.737094664292826,144.68850359235432,True,,端点最大距离且全时段按遮挡计损仍满足双向预算
T011,爬升,2948.896167864118,2967.194890485491,直连,,620,PASS,worst_obstruction_endpoint_distance,25.943231496630872,199.58467145647376,True,,端点最大距离且全时段按遮挡计损仍满足双向预算
T011,爬升,2967.194890485491,2985.493613106864,直连,,621,PASS,worst_obstruction_endpoint_distance,23.832673396210197,254.48083932059183,True,,端点最大距离且全时段按遮挡计损仍满足双向预算
T011,爬升,2985.493613106864,3003.7923357282366,直连,,622,PASS,worst_obstruction_endpoint_distance,22.136014487477,309.37700718470995,True,,端点最大距离且全时段按遮挡计损仍满足双向预算
T011,爬升,3003.7923357282366,3022.0910583496093,直连,,623,PASS,worst_obstruction_endpoint_distance,20.717231343301734,364.273175048828,True,,端点最大距离且全时段按遮挡计损仍满足双向预算
T011,巡航,3022.0910583496093,3040.984924997995,直连,,624,PASS,worst_obstruction_endpoint_distance,18.661672477929415,461.5355244926001,True,,端点最大距离且全时段按遮挡计损仍满足双向预算
T011,巡航,3040.984924997995,3059.8787916463816,直连,,625,PASS,worst_obstruction_endpoint_distance,15.375452699934556,673.7769091431577,True,,端点最大距离且全时段按遮挡计损仍满足双向预算
T011,巡航,3059.8787916463816,3078.7726582947676,直连,,626,PASS,worst_obstruction_endpoint_distance,12.623190271631984,924.9734022323017,True,,端点最大距离且全时段按遮挡计损仍满足双向预算
T011,巡航,3078.7726582947676,3097.666524943154,直连,,627,PASS,worst_obstruction_endpoint_distance,10.429575041650054,1190.7209811695823,True,,端点最大距离且全时段按遮挡计损仍满足双向预算
T011,巡航,3097.666524943154,3116.56039159154,直连,,628,PASS,worst_obstruction_endpoint_distance,8.640222545108585,1463.112197944657,True,,端点最大距离且全时段按遮挡计损仍满足双向预算
T011,巡航,3116.56039159154,3135.4542582399263,直连,,629,PASS,worst_obstruction_endpoint_distance,7.139643736160679,1739.027987459995,True,,端点最大距离且全时段按遮挡计损仍满足双向预算
T011,巡航,3135.4542582399263,3154.348124888312,直连,,630,PASS,worst_obstruction_endpoint_distance,5.851560521092864,2017.0224508369258,True,,端点最大距离且全时段按遮挡计损仍满足双向预算
T011,巡航,3154.348124888312,3173.241991536698,直连,,631,PASS,worst_obstruction_endpoint_distance,4.725048394892426,2296.340780852931,True,,端点最大距离且全时段按遮挡计损仍满足双向预算
T011,巡航,3173.241991536698,3192.1358581850845,直连,,632,PASS,worst_obstruction_endpoint_distance,3.7249953747456317,2576.552461149355,True,,端点最大距离且全时段按遮挡计损仍满足双向预算
T011,巡航,3192.1358581850845,3211.0297248334705,直连,,633,PASS,worst_obstruction_endpoint_distance,2.8263705191290995,2857.394683434026,True,,端点最大距离且全时段按遮挡计损仍满足双向预算
T011,巡航,3211.0297248334705,3229.9235914818564,直连,,634,PASS,worst_obstruction_endpoint_distance,2.010784013786548,3138.6981946975716,True,,端点最大距离且全时段按遮挡计损仍满足双向预算
T011,巡航,3229.9235914818564,3248.817458130243,直连,,635,PASS,worst_obstruction_endpoint_distance,1.2643662606990915,3420.3491819541655,True,,端点最大距离且全时段按遮挡计损仍满足双向预算
T011,巡航,3248.817458130243,3267.7113247786288,直连,,636,PASS,worst_obstruction_endpoint_distance,0.5764172950555349,3702.2683430850543,True,,端点最大距离且全时段按遮挡计损仍满足双向预算
T011,巡航,3267.7113247786288,3286.605191427015,中继,R004,637,PASS,worst_obstruction_endpoint_distance,0.5970868152485878,1851.1193369976415,True,,端点最大距离且全时段按遮挡计损仍满足双向预算
T011,巡航,3286.605191427015,3305.499058075401,中继,R004,638,PASS,worst_obstruction_endpoint_distance,2.0387268612306,1568.0229513815293,True,,端点最大距离且全时段按遮挡计损仍满足双向预算
T011,巡航,3305.499058075401,3324.3929247237875,中继,R004,639,PASS,worst_obstruction_endpoint_distance,3.76728039508761,1285.0639442954207,True,,端点最大距离且全时段按遮挡计损仍满足双向预算
T011,下降,3324.3929247237875,3340.74024222867,中继,R004,640,PASS,worst_obstruction_endpoint_distance,5.925312180250401,1002.3586655558703,True,,端点最大距离且全时段按遮挡计损仍满足双向预算
T011,下降,3340.74024222867,3357.087559733553,中继,R004,641,PASS,worst_obstruction_endpoint_distance,5.9229777164137545,1002.6281007700978,True,,端点最大距离且全时段按遮挡计损仍满足双向预算
T011,下降,3357.087559733553,3373.4348772384355,中继,R004,642,PASS,worst_obstruction_endpoint_distance,5.900223455630936,1005.258110028668,True,,端点最大距离且全时段按遮挡计损仍满足双向预算
T011,下降,3373.4348772384355,3389.7821947433185,中继,R004,643,PASS,worst_obstruction_endpoint_distance,5.863329893920252,1009.5370532937532,True,,端点最大距离且全时段按遮挡计损仍满足双向预算
T011,投送,3389.7821947433185,3408.8731038342275,中继,R004,644,PASS,exact_point,15.863329893920252,1009.5370532937532,,,独立计算 DEM 遮挡、自由空间损耗与双向预算
T011,投送,3408.8731038342275,3427.9640129251366,中继,R004,645,PASS,exact_point,15.863329893920252,1009.5370532937532,,,独立计算 DEM 遮挡、自由空间损耗与双向预算
T011,投送,3427.9640129251366,3447.0549220160456,中继,R004,646,PASS,exact_point,15.863329893920252,1009.5370532937532,,,独立计算 DEM 遮挡、自由空间损耗与双向预算
T011,投送,3447.0549220160456,3466.145831106955,中继,R004,647,PASS,exact_point,15.863329893920252,1009.5370532937532,,,独立计算 DEM 遮挡、自由空间损耗与双向预算
T011,投送,3466.145831106955,3485.236740197864,中继,R004,648,PASS,exact_point,15.863329893920252,1009.5370532937532,,,独立计算 DEM 遮挡、自由空间损耗与双向预算
T011,投送,3485.236740197864,3504.327649288773,中继,R004,649,PASS,exact_point,15.863329893920252,1009.5370532937532,,,独立计算 DEM 遮挡、自由空间损耗与双向预算
T011,投送,3504.327649288773,3523.418558379682,中继,R004,650,PASS,exact_point,15.863329893920252,1009.5370532937532,,,独立计算 DEM 遮挡、自由空间损耗与双向预算
T011,投送,3523.418558379682,3542.5094674705915,中继,R004,651,PASS,exact_point,15.863329893920252,1009.5370532937532,,,独立计算 DEM 遮挡、自由空间损耗与双向预算
T011,投送,3542.5094674705915,3561.6003765615005,中继,R004,652,PASS,exact_point,15.863329893920252,1009.5370532937532,,,独立计算 DEM 遮挡、自由空间损耗与双向预算
T011,投送,3561.6003765615005,3580.6912856524095,中继,R004,653,PASS,exact_point,15.863329893920252,1009.5370532937532,,,独立计算 DEM 遮挡、自由空间损耗与双向预算
T011,投送,3580.6912856524095,3599.7821947433185,中继,R004,654,PASS,exact_point,15.863329893920252,1009.5370532937532,,,独立计算 DEM 遮挡、自由空间损耗与双向预算
T011,爬升,3599.7821947433185,3617.9458808598547,中继,R004,655,PASS,worst_obstruction_endpoint_distance,5.863329893920252,1009.5370532937532,True,,端点最大距离且全时段按遮挡计损仍满足双向预算
T011,爬升,3617.9458808598547,3636.1095669763918,中继,R004,656,PASS,worst_obstruction_endpoint_distance,5.909393154225469,1004.1974184592474,True,,端点最大距离且全时段按遮挡计损仍满足双向预算
T011,爬升,3636.1095669763918,3654.273253092928,中继,R004,657,PASS,worst_obstruction_endpoint_distance,5.925312180250401,1002.3586655558703,True,,端点最大距离且全时段按遮挡计损仍满足双向预算
T011,巡航,3654.273253092928,3673.1671197413143,中继,R004,658,PASS,worst_obstruction_endpoint_distance,3.76728039508761,1285.0639442954207,True,,端点最大距离且全时段按遮挡计损仍满足双向预算
T011,巡航,3673.1671197413143,3692.0609863897002,中继,R004,659,PASS,worst_obstruction_endpoint_distance,2.0387268612306,1568.0229513815293,True,,端点最大距离且全时段按遮挡计损仍满足双向预算
T011,巡航,3692.0609863897002,3710.954853038086,中继,R004,660,PASS,worst_obstruction_endpoint_distance,0.5970868152485878,1851.1193369976415,True,,端点最大距离且全时段按遮挡计损仍满足双向预算
T011,巡航,3710.954853038086,3729.8487196864726,直连,,661,PASS,worst_obstruction_endpoint_distance,0.5764172950555349,3702.2683430850543,True,,端点最大距离且全时段按遮挡计损仍满足双向预算
T011,巡航,3729.8487196864726,3748.7425863348585,直连,,662,PASS,worst_obstruction_endpoint_distance,1.2643662606990915,3420.3491819541655,True,,端点最大距离且全时段按遮挡计损仍满足双向预算
T011,巡航,3748.7425863348585,3767.6364529832445,直连,,663,PASS,worst_obstruction_endpoint_distance,2.010784013786548,3138.6981946975716,True,,端点最大距离且全时段按遮挡计损仍满足双向预算
T011,巡航,3767.6364529832445,3786.530319631631,直连,,664,PASS,worst_obstruction_endpoint_distance,2.8263705191290995,2857.394683434026,True,,端点最大距离且全时段按遮挡计损仍满足双向预算
T011,巡航,3786.530319631631,3805.424186280017,直连,,665,PASS,worst_obstruction_endpoint_distance,3.7249953747456317,2576.552461149355,True,,端点最大距离且全时段按遮挡计损仍满足双向预算
T011,巡航,3805.424186280017,3824.3180529284027,直连,,666,PASS,worst_obstruction_endpoint_distance,4.725048394892241,2296.34078085298,True,,端点最大距离且全时段按遮挡计损仍满足双向预算
T011,巡航,3824.3180529284027,3843.211919576789,直连,,667,PASS,worst_obstruction_endpoint_distance,5.851560521092864,2017.0224508369258,True,,端点最大距离且全时段按遮挡计损仍满足双向预算
T011,巡航,3843.211919576789,3862.1057862251755,直连,,668,PASS,worst_obstruction_endpoint_distance,7.139643736160679,1739.027987459995,True,,端点最大距离且全时段按遮挡计损仍满足双向预算
T011,巡航,3862.1057862251755,3880.9996528735614,直连,,669,PASS,worst_obstruction_endpoint_distance,8.64022254510887,1463.1121979446089,True,,端点最大距离且全时段按遮挡计损仍满足双向预算
T011,巡航,3880.9996528735614,3899.8935195219474,直连,,670,PASS,worst_obstruction_endpoint_distance,10.429575041650054,1190.7209811695823,True,,端点最大距离且全时段按遮挡计损仍满足双向预算
T011,巡航,3899.8935195219474,3918.787386170334,直连,,671,PASS,worst_obstruction_endpoint_distance,12.623190271631984,924.9734022323017,True,,端点最大距离且全时段按遮挡计损仍满足双向预算
T011,巡航,3918.787386170334,3937.6812528187197,直连,,672,PASS,worst_obstruction_endpoint_distance,15.375452699934556,673.7769091431577,True,,端点最大距离且全时段按遮挡计损仍满足双向预算
T011,巡航,3937.6812528187197,3956.5751194671057,直连,,673,PASS,worst_obstruction_endpoint_distance,18.661672477929415,461.5355244926001,True,,端点最大距离且全时段按遮挡计损仍满足双向预算
T011,下降,3956.5751194671057,3975.7887782195476,直连,,674,PASS,worst_obstruction_endpoint_distance,20.717231343301734,364.273175048828,True,,端点最大距离且全时段按遮挡计损仍满足双向预算
T011,下降,3975.7887782195476,3995.0024369719886,直连,,675,PASS,worst_obstruction_endpoint_distance,21.945465831584386,316.2390281677231,True,,端点最大距离且全时段按遮挡计损仍满足双向预算
T011,下降,3995.0024369719886,4014.21609572443,直连,,676,PASS,worst_obstruction_endpoint_distance,23.376441612193588,268.20488128662043,True,,端点最大距离且全时段按遮挡计损仍满足双向预算
T011,下降,4014.21609572443,4033.4297544768715,直连,,677,PASS,worst_obstruction_endpoint_distance,25.090583344521875,220.17073440551667,True,,端点最大距离且全时段按遮挡计损仍满足双向预算
T011,下降,4033.4297544768715,4052.6434132293125,直连,,678,PASS,worst_obstruction_endpoint_distance,27.228311382556598,172.13658752441285,True,,端点最大距离且全时段按遮挡计损仍满足双向预算
T011,下降,4052.6434132293125,4071.8570719817544,直连,,679,PASS,worst_obstruction_endpoint_distance,30.070168714278523,124.10244064331022,True,,端点最大距离且全时段按遮挡计损仍满足双向预算
T011,下降,4071.8570719817544,4091.0707307341954,直连,,680,PASS,worst_obstruction_endpoint_distance,34.32170166595199,76.06829376220531,True,,端点最大距离且全时段按遮挡计损仍满足双向预算
T011,下降,4091.0707307341954,4110.284389486636,直连,,681,PASS,worst_obstruction_endpoint_distance,42.99202827701126,28.03414688110263,True,,端点最大距离且全时段按遮挡计损仍满足双向预算
T012,爬升,3274.0,3292.0876724243167,直连,,682,PASS,worst_obstruction_endpoint_distance,41.24926306189187,34.26301727294995,True,,端点最大距离且全时段按遮挡计损仍满足双向预算
T012,爬升,3292.0876724243167,3310.175344848633,直连,,683,PASS,worst_obstruction_endpoint_distance,33.00435495025734,88.52603454589851,True,,端点最大距离且全时段按遮挡计损仍满足双向预算
T012,爬升,3310.175344848633,3328.2630172729496,直连,,684,PASS,worst_obstruction_endpoint_distance,28.851876971718013,142.7890518188484,True,,端点最大距离且全时段按遮挡计损仍满足双向预算
T012,爬升,3328.2630172729496,3346.350689697266,直连,,685,PASS,worst_obstruction_endpoint_distance,26.054155177428697,197.05206909179702,True,,端点最大距离且全时段按遮挡计损仍满足双向预算
T012,爬升,3346.350689697266,3364.438362121582,直连,,686,PASS,worst_obstruction_endpoint_distance,23.941403967071793,251.31508636474558,True,,端点最大距离且全时段按遮挡计损仍满足双向预算
T012,爬升,3364.438362121582,3382.5260345458987,直连,,687,PASS,worst_obstruction_endpoint_distance,22.24333053746038,305.5781036376955,True,,端点最大距离且全时段按遮挡计损仍满足双向预算
T012,爬升,3382.5260345458987,3400.613706970215,直连,,688,PASS,worst_obstruction_endpoint_distance,20.823559347214356,359.84112091064407,True,,端点最大距离且全时段按遮挡计损仍满足双向预算
T012,爬升,3400.613706970215,3418.7013793945316,直连,,689,PASS,worst_obstruction_endpoint_distance,19.603583756332725,414.104138183594,True,,端点最大距离且全时段按遮挡计损仍满足双向预算
T012,巡航,3418.7013793945316,3438.2264539027333,直连,,690,PASS,worst_obstruction_endpoint_distance,18.39741098882675,475.7931759032307,True,,端点最大距离且全时段按遮挡计损仍满足双向预算
T012,巡航,3438.2264539027333,3457.751528410935,直连,,691,PASS,worst_obstruction_endpoint_distance,16.02323156066953,625.3557972562114,True,,端点最大距离且全时段按遮挡计损仍满足双向预算
T012,巡航,3457.751528410935,3477.2766029191366,直连,,692,PASS,worst_obstruction_endpoint_distance,13.713939458904292,815.815186202598,True,,端点最大距离且全时段按遮挡计损仍满足双向预算
T012,巡航,3477.2766029191366,3496.8016774273383,直连,,693,PASS,worst_obstruction_endpoint_distance,11.73457387155004,1024.6134787645549,True,,端点最大距离且全时段按遮挡计损仍满足双向预算
T012,巡航,3496.8016774273383,3516.3267519355404,直连,,694,PASS,worst_obstruction_endpoint_distance,10.059569536755163,1242.5397223605517,True,,端点最大距离且全时段按遮挡计损仍满足双向预算
T012,巡航,3516.3267519355404,3535.851826443742,直连,,695,PASS,worst_obstruction_endpoint_distance,8.625895505130202,1465.527536545165,True,,端点最大距离且全时段按遮挡计损仍满足双向预算
T012,巡航,3535.851826443742,3555.3769009519438,直连,,696,PASS,worst_obstruction_endpoint_distance,7.37994272538333,1691.5764177391372,True,,端点最大距离且全时段按遮挡计损仍满足双向预算
T012,巡航,3555.3769009519438,3574.9019754601454,直连,,697,PASS,worst_obstruction_endpoint_distance,6.281536472192059,1919.6052749671428,True,,端点最大距离且全时段按遮挡计损仍满足双向预算
T012,巡航,3574.9019754601454,3594.427049968347,直连,,698,PASS,worst_obstruction_endpoint_distance,5.301111871503167,2148.983914379498,True,,端点最大距离且全时段按遮挡计损仍满足双向预算
T012,巡航,3594.427049968347,3613.952124476549,直连,,699,PASS,worst_obstruction_endpoint_distance,4.4167107952732465,2379.3219905663836,True,,端点最大距离且全时段按遮挡计损仍满足双向预算
T012,巡航,3613.952124476549,3633.4771989847504,直连,,700,PASS,worst_obstruction_endpoint_distance,3.6117486322979744,2610.3655344174194,True,,端点最大距离且全时段按遮挡计损仍满足双向预算
T012,巡航,3633.4771989847504,3653.0022734929526,直连,,701,PASS,worst_obstruction_endpoint_distance,2.8734694540850256,2841.9424923292363,True,,端点最大距离且全时段按遮挡计损仍满足双向预算
T012,巡航,3653.0022734929526,3672.527348001154,直连,,702,PASS,worst_obstruction_endpoint_distance,2.191889165852203,3073.93231124083,True,,端点最大距离且全时段按遮挡计损仍满足双向预算
T012,巡航,3672.527348001154,3692.052422509356,直连,,703,PASS,worst_obstruction_endpoint_distance,1.559066410352358,3306.248084524794,True,,端点最大距离且全时段按遮挡计损仍满足双向预算
T012,巡航,3692.052422509356,3711.5774970175576,直连,,704,PASS,worst_obstruction_endpoint_distance,0.9685919145869804,3538.825618295985,True,,端点最大距离且全时段按遮挡计损仍满足双向预算
T012,巡航,3711.5774970175576,3731.1025715257592,直连,,705,PASS,worst_obstruction_endpoint_distance,0.41522465241320106,3771.616488316685,True,,端点最大距离且全时段按遮挡计损仍满足双向预算
T012,巡航,3731.1025715257592,3750.6276460339614,中继,R004,706,PASS,worst_obstruction_endpoint_distance,0.8490302798144427,1798.1968986308907,True,,端点最大距离且全时段按遮挡计损仍满足双向预算
T012,巡航,3750.6276460339614,3770.152720542163,中继,R004,707,PASS,worst_obstruction_endpoint_distance,2.0466724140916455,1566.5892338167546,True,,端点最大距离且全时段按遮挡计损仍满足双向预算
T012,巡航,3770.152720542163,3789.6777950503647,中继,R004,708,PASS,worst_obstruction_endpoint_distance,3.4301584898653914,1335.9211753415657,True,,端点最大距离且全时段按遮挡计损仍满足双向预算
T012,巡航,3789.6777950503647,3809.2028695585664,中继,R004,709,PASS,worst_obstruction_endpoint_distance,5.064546292495137,1106.7803593719177,True,,端点最大距离且全时段按遮挡计损仍满足双向预算
T012,巡航,3809.2028695585664,3828.727944066768,中继,R004,710,PASS,worst_obstruction_endpoint_distance,7.052567845391934,880.3601302922355,True,,端点最大距离且全时段按遮挡计损仍满足双向预算
T012,巡航,3828.727944066768,3848.25301857497,中继,R004,711,PASS,worst_obstruction_endpoint_distance,9.561891354059668,659.468704394305,True,,端点最大距离且全时段按遮挡计损仍满足双向预算
T012,巡航,3848.25301857497,3867.778093083172,中继,R004,712,PASS,worst_obstruction_endpoint_distance,12.837614657622282,452.2806684940842,True,,端点最大距离且全时段按遮挡计损仍满足双向预算
T012,巡航,3867.778093083172,3887.3031675913735,中继,R004,713,PASS,worst_obstruction_endpoint_distance,16.70244194914028,289.845565882971,True,,端点最大距离且全时段按遮挡计损仍满足双向预算
T012,巡航,3887.3031675913735,3906.828242099575,中继,R004,714,PASS,worst_obstruction_endpoint_distance,13.582992870799032,415.086983475622,True,,端点最大距离且全时段按遮挡计损仍满足双向预算
T012,巡航,3906.828242099575,3926.353316607777,中继,R004,715,PASS,worst_obstruction_endpoint_distance,10.135028927687586,617.3583292313319,True,,端点最大距离且全时段按遮挡计损仍满足双向预算
T012,巡航,3926.353316607777,3945.878391115979,中继,R004,716,PASS,worst_obstruction_endpoint_distance,7.496288825348643,836.5161250342817,True,,端点最大距离且全时段按遮挡计损仍满足双向预算
T012,巡航,3945.878391115979,3965.40346562418,中继,R004,717,PASS,worst_obstruction_endpoint_distance,5.421987482213211,1062.158635121915,True,,端点最大距离且全时段按遮挡计损仍满足双向预算
T012,巡航,3965.40346562418,3984.9285401323823,中继,R004,718,PASS,worst_obstruction_endpoint_distance,3.7279916585073067,1290.889818240399,True,,端点最大距离且全时段按遮挡计损仍满足双向预算
T012,巡航,3984.9285401323823,4004.453614640584,中继,R004,719,PASS,worst_obstruction_endpoint_distance,2.30137989286807,1521.3171587343563,True,,端点最大距离且全时段按遮挡计损仍满足双向预算
T012,巡航,4004.453614640584,4023.9786891487856,中继,R004,720,PASS,worst_obstruction_endpoint_distance,1.0712674676761509,1752.7718305681353,True,,端点最大距离且全时段按遮挡计损仍满足双向预算
T012,下降,4023.9786891487856,4041.8430202034733,中继,R004,721,PASS,worst_obstruction_endpoint_distance,1.0712674676761509,1752.7718305681353,True,,端点最大距离且全时段按遮挡计损仍满足双向预算
T012,下降,4041.8430202034733,4059.7073512581605,中继,R004,722,PASS,worst_obstruction_endpoint_distance,1.079490722717381,1751.1132014983282,True,,端点最大距离且全时段按遮挡计损仍满足双向预算
T012,下降,4059.7073512581605,4077.571682312848,中继,R004,723,PASS,worst_obstruction_endpoint_distance,1.079003193774426,1751.2114922161775,True,,端点最大距离且全时段按遮挡计损仍满足双向预算
T012,下降,4077.571682312848,4095.4360133675355,中继,R004,724,PASS,worst_obstruction_endpoint_distance,1.070294308703211,1752.9682204905325,True,,端点最大距离且全时段按遮挡计损仍满足双向预算
T012,下降,4095.4360133675355,4113.300344422223,中继,R004,725,PASS,worst_obstruction_endpoint_distance,1.0559798351574585,1755.8595196313033,True,,端点最大距离且全时段按遮挡计损仍满足双向预算
T012,投送,4113.300344422223,4132.391253513132,中继,R004,726,PASS,exact_point,11.055979835157459,1755.8595196313033,,,独立计算 DEM 遮挡、自由空间损耗与双向预算
T012,投送,4132.391253513132,4151.482162604041,中继,R004,727,PASS,exact_point,11.055979835157459,1755.8595196313033,,,独立计算 DEM 遮挡、自由空间损耗与双向预算
T012,投送,4151.482162604041,4170.57307169495,中继,R004,728,PASS,exact_point,11.055979835157459,1755.8595196313033,,,独立计算 DEM 遮挡、自由空间损耗与双向预算
T012,投送,4170.57307169495,4189.663980785859,中继,R004,729,PASS,exact_point,11.055979835157459,1755.8595196313033,,,独立计算 DEM 遮挡、自由空间损耗与双向预算
T012,投送,4189.663980785859,4208.754889876769,中继,R004,730,PASS,exact_point,11.055979835157459,1755.8595196313033,,,独立计算 DEM 遮挡、自由空间损耗与双向预算
T012,投送,4208.754889876769,4227.845798967677,中继,R004,731,PASS,exact_point,11.055979835157459,1755.8595196313033,,,独立计算 DEM 遮挡、自由空间损耗与双向预算
T012,投送,4227.845798967677,4246.936708058587,中继,R004,732,PASS,exact_point,11.055979835157459,1755.8595196313033,,,独立计算 DEM 遮挡、自由空间损耗与双向预算
T012,投送,4246.936708058587,4266.027617149496,中继,R004,733,PASS,exact_point,11.055979835157459,1755.8595196313033,,,独立计算 DEM 遮挡、自由空间损耗与双向预算
T012,投送,4266.027617149496,4285.118526240405,中继,R004,734,PASS,exact_point,11.055979835157459,1755.8595196313033,,,独立计算 DEM 遮挡、自由空间损耗与双向预算
T012,投送,4285.118526240405,4304.209435331314,中继,R004,735,PASS,exact_point,11.055979835157459,1755.8595196313033,,,独立计算 DEM 遮挡、自由空间损耗与双向预算
T012,投送,4304.209435331314,4323.300344422223,中继,R004,736,PASS,exact_point,11.055979835157459,1755.8595196313033,,,独立计算 DEM 遮挡、自由空间损耗与双向预算
T012,爬升,4323.300344422223,4341.90902260419,中继,R004,737,PASS,worst_obstruction_endpoint_distance,1.0559798351574585,1755.8595196313033,True,,端点最大距离且全时段按遮挡计损仍满足双向预算
T012,爬升,4341.90902260419,4360.517700786156,中继,R004,738,PASS,worst_obstruction_endpoint_distance,1.0729987463525248,1752.4225014587198,True,,端点最大距离且全时段按遮挡计损仍满足双向预算
T012,爬升,4360.517700786156,4379.126378968122,中继,R004,739,PASS,worst_obstruction_endpoint_distance,1.0806658488908738,1750.876306966168,True,,端点最大距离且全时段按遮挡计损仍满足双向预算
T012,爬升,4379.126378968122,4397.735057150088,中继,R004,740,PASS,worst_obstruction_endpoint_distance,1.0712674676761509,1752.7718305681353,True,,端点最大距离且全时段按遮挡计损仍满足双向预算
T012,巡航,4397.735057150088,4417.2601316582895,中继,R004,741,PASS,worst_obstruction_endpoint_distance,1.0712674676761509,1752.7718305681353,True,,端点最大距离且全时段按遮挡计损仍满足双向预算
T012,巡航,4417.2601316582895,4436.785206166492,中继,R004,742,PASS,worst_obstruction_endpoint_distance,2.30137989286807,1521.3171587343563,True,,端点最大距离且全时段按遮挡计损仍满足双向预算
T012,巡航,4436.785206166492,4456.310280674693,中继,R004,743,PASS,worst_obstruction_endpoint_distance,3.7279916585073067,1290.889818240399,True,,端点最大距离且全时段按遮挡计损仍满足双向预算
T012,巡航,4456.310280674693,4475.835355182895,中继,R004,744,PASS,worst_obstruction_endpoint_distance,5.421987482213211,1062.158635121915,True,,端点最大距离且全时段按遮挡计损仍满足双向预算
T012,巡航,4475.835355182895,4495.360429691096,中继,R004,745,PASS,worst_obstruction_endpoint_distance,7.496288825348643,836.5161250342817,True,,端点最大距离且全时段按遮挡计损仍满足双向预算
T012,巡航,4495.360429691096,4514.885504199298,中继,R004,746,PASS,worst_obstruction_endpoint_distance,10.135028927686776,617.3583292313892,True,,端点最大距离且全时段按遮挡计损仍满足双向预算
T012,巡航,4514.885504199298,4534.4105787075005,中继,R004,747,PASS,worst_obstruction_endpoint_distance,13.582992870799032,415.086983475622,True,,端点最大距离且全时段按遮挡计损仍满足双向预算
T012,巡航,4534.4105787075005,4553.935653215702,中继,R004,748,PASS,worst_obstruction_endpoint_distance,16.70244194914028,289.845565882971,True,,端点最大距离且全时段按遮挡计损仍满足双向预算
T012,巡航,4553.935653215702,4573.460727723904,中继,R004,749,PASS,worst_obstruction_endpoint_distance,12.837614657622282,452.2806684940842,True,,端点最大距离且全时段按遮挡计损仍满足双向预算
T012,巡航,4573.460727723904,4592.985802232105,中继,R004,750,PASS,worst_obstruction_endpoint_distance,9.561891354059668,659.468704394305,True,,端点最大距离且全时段按遮挡计损仍满足双向预算
T012,巡航,4592.985802232105,4612.510876740307,中继,R004,751,PASS,worst_obstruction_endpoint_distance,7.052567845391934,880.3601302922355,True,,端点最大距离且全时段按遮挡计损仍满足双向预算
T012,巡航,4612.510876740307,4632.035951248508,中继,R004,752,PASS,worst_obstruction_endpoint_distance,5.0645462924954785,1106.7803593718747,True,,端点最大距离且全时段按遮挡计损仍满足双向预算
T012,巡航,4632.035951248508,4651.5610257567105,中继,R005,753,PASS,worst_obstruction_endpoint_distance,0.5573690244879401,1859.603295141865,True,,端点最大距离且全时段按遮挡计损仍满足双向预算
T012,巡航,4651.5610257567105,4671.086100264913,中继,R005,754,PASS,worst_obstruction_endpoint_distance,1.7100429909247055,1628.4956721877043,True,,端点最大距离且全时段按遮挡计损仍满足双向预算
T012,巡航,4671.086100264913,4690.611174773114,中继,R005,755,PASS,worst_obstruction_endpoint_distance,3.032828952344687,1398.4511830296412,True,,端点最大距离且全时段按遮挡计损仍满足双向预算
T012,巡航,4690.611174773114,4710.136249281316,直连,,756,PASS,worst_obstruction_endpoint_distance,0.41522465241320106,3771.616488316685,True,,端点最大距离且全时段按遮挡计损仍满足双向预算
T012,巡航,4710.136249281316,4729.661323789518,直连,,757,PASS,worst_obstruction_endpoint_distance,0.9685919145869804,3538.825618295985,True,,端点最大距离且全时段按遮挡计损仍满足双向预算
T012,巡航,4729.661323789518,4749.186398297719,直连,,758,PASS,worst_obstruction_endpoint_distance,1.559066410352358,3306.248084524794,True,,端点最大距离且全时段按遮挡计损仍满足双向预算
T012,巡航,4749.186398297719,4768.7114728059205,直连,,759,PASS,worst_obstruction_endpoint_distance,2.191889165852203,3073.93231124083,True,,端点最大距离且全时段按遮挡计损仍满足双向预算
T012,巡航,4768.7114728059205,4788.236547314123,直连,,760,PASS,worst_obstruction_endpoint_distance,2.8734694540850256,2841.9424923292363,True,,端点最大距离且全时段按遮挡计损仍满足双向预算
T012,巡航,4788.236547314123,4807.761621822325,直连,,761,PASS,worst_obstruction_endpoint_distance,3.6117486322979744,2610.3655344174194,True,,端点最大距离且全时段按遮挡计损仍满足双向预算
T012,巡航,4807.761621822325,4827.286696330526,直连,,762,PASS,worst_obstruction_endpoint_distance,4.4167107952732465,2379.3219905663836,True,,端点最大距离且全时段按遮挡计损仍满足双向预算
T012,巡航,4827.286696330526,4846.811770838728,直连,,763,PASS,worst_obstruction_endpoint_distance,5.301111871502968,2148.9839143795475,True,,端点最大距离且全时段按遮挡计损仍满足双向预算
T012,巡航,4846.811770838728,4866.33684534693,直连,,764,PASS,worst_obstruction_endpoint_distance,6.281536472192059,1919.6052749671428,True,,端点最大距离且全时段按遮挡计损仍满足双向预算
T012,巡航,4866.33684534693,4885.861919855131,直连,,765,PASS,worst_obstruction_endpoint_distance,7.37994272538333,1691.5764177391372,True,,端点最大距离且全时段按遮挡计损仍满足双向预算
T012,巡航,4885.861919855131,4905.386994363333,直连,,766,PASS,worst_obstruction_endpoint_distance,8.625895505130202,1465.527536545165,True,,端点最大距离且全时段按遮挡计损仍满足双向预算
T012,巡航,4905.386994363333,4924.912068871535,直连,,767,PASS,worst_obstruction_endpoint_distance,10.059569536755163,1242.5397223605517,True,,端点最大距离且全时段按遮挡计损仍满足双向预算
T012,巡航,4924.912068871535,4944.437143379737,直连,,768,PASS,worst_obstruction_endpoint_distance,11.73457387155004,1024.6134787645549,True,,端点最大距离且全时段按遮挡计损仍满足双向预算
T012,巡航,4944.437143379737,4963.962217887938,直连,,769,PASS,worst_obstruction_endpoint_distance,13.713939458904292,815.815186202598,True,,端点最大距离且全时段按遮挡计损仍满足双向预算
T012,巡航,4963.962217887938,4983.48729239614,直连,,770,PASS,worst_obstruction_endpoint_distance,16.02323156066899,625.3557972562493,True,,端点最大距离且全时段按遮挡计损仍满足双向预算
T012,巡航,4983.48729239614,5003.012366904342,直连,,771,PASS,worst_obstruction_endpoint_distance,18.39741098882675,475.7931759032307,True,,端点最大距离且全时段按遮挡计损仍满足双向预算
T012,下降,5003.012366904342,5022.3058841569455,直连,,772,PASS,worst_obstruction_endpoint_distance,19.603583756332725,414.104138183594,True,,端点最大距离且全时段按遮挡计损仍满足双向预算
T012,下降,5022.3058841569455,5041.59940140955,直连,,773,PASS,worst_obstruction_endpoint_distance,20.67923096631543,365.87034505208607,True,,端点最大距离且全时段按遮挡计损仍满足双向预算
T012,下降,5041.59940140955,5060.892918662154,直连,,774,PASS,worst_obstruction_endpoint_distance,21.907165707290872,317.6365519205736,True,,端点最大距离且全时段按遮挡计损仍满足双向预算
T012,下降,5060.892918662154,5080.1864359147585,直连,,775,PASS,worst_obstruction_endpoint_distance,23.337734390683906,269.4027587890634,True,,端点最大距离且全时段按遮挡计损仍满足双向预算
T012,下降,5080.1864359147585,5099.479953167363,直连,,776,PASS,worst_obstruction_endpoint_distance,25.05129142823644,221.1689656575532,True,,端点最大距离且全时段按遮挡计损仍满足双向预算
T012,下降,5099.479953167363,5118.7734704199665,直连,,777,PASS,worst_obstruction_endpoint_distance,27.18810853562924,172.93517252604073,True,,端点最大距离且全时段按遮挡计损仍满足双向预算
T012,下降,5118.7734704199665,5138.0669876725715,直连,,778,PASS,worst_obstruction_endpoint_distance,30.02835001598521,124.70137939453286,True,,端点最大距离且全时段按遮挡计损仍满足双向预算
T012,下降,5138.0669876725715,5157.3605049251755,直连,,779,PASS,worst_obstruction_endpoint_distance,34.276227532041716,76.4675862630204,True,,端点最大距离且全时段按遮挡计损仍满足双向预算
T012,下降,5157.3605049251755,5176.65402217778,直连,,780,PASS,worst_obstruction_endpoint_distance,42.93039059934276,28.233793131510197,True,,端点最大距离且全时段按遮挡计损仍满足双向预算
T013,爬升,4053.0,4072.0718271484375,直连,,781,PASS,worst_obstruction_endpoint_distance,43.102589051709586,27.67956787109381,True,,端点最大距离且全时段按遮挡计损仍满足双向预算
T013,爬升,4072.0718271484375,4091.143654296875,直连,,782,PASS,worst_obstruction_endpoint_distance,34.403056983805854,75.35913574218762,True,,端点最大距离且全时段按遮挡计损仍满足双向预算
T013,爬升,4091.143654296875,4110.215481445312,直连,,783,PASS,worst_obstruction_endpoint_distance,30.144940234267764,123.03870361328143,True,,端点最大距离且全时段按遮挡计损仍满足双向预算
T013,爬升,4110.215481445312,4129.28730859375,直连,,784,PASS,worst_obstruction_endpoint_distance,27.30017506799763,170.71827148437524,True,,端点最大距离且全时段按遮挡计损仍满足双向预算
T013,爬升,4129.28730859375,4148.359135742187,直连,,785,PASS,worst_obstruction_endpoint_distance,25.160808415575318,218.397839355469,True,,端点最大距离且全时段按遮挡计损仍满足双向预算
T013,巡航,4148.359135742187,4167.669745519484,直连,,786,PASS,worst_obstruction_endpoint_distance,20.75321503615335,362.7671946009024,True,,端点最大距离且全时段按遮挡计损仍满足双向预算
T013,巡航,4167.669745519484,4186.9803552967805,直连,,787,PASS,worst_obstruction_endpoint_distance,16.110304248345813,619.1181641730701,True,,端点最大距离且全时段按遮挡计损仍满足双向预算
T013,巡航,4186.9803552967805,4206.290965074077,直连,,788,PASS,worst_obstruction_endpoint_distance,12.899596539617463,896.001901463605,True,,端点最大距离且全时段按遮挡计损仍满足双向预算
T013,巡航,4206.290965074077,4225.601574851374,直连,,789,PASS,worst_obstruction_endpoint_distance,10.515201150199815,1179.0404387173653,True,,端点最大距离且全时段按遮挡计损仍满足双向预算
T013,巡航,4225.601574851374,4244.91218462867,直连,,790,PASS,worst_obstruction_endpoint_distance,8.63097956554033,1464.6699789789309,True,,端点最大距离且全时段按遮挡计损仍满足双向预算
T013,巡航,4244.91218462867,4264.222794405967,直连,,791,PASS,worst_obstruction_endpoint_distance,7.076960051876313,1751.623470098632,True,,端点最大距离且全时段按遮挡计损仍满足双向预算
T013,巡航,4264.222794405967,4283.533404183263,直连,,792,PASS,worst_obstruction_endpoint_distance,5.755973409622868,2039.3421138116032,True,,端点最大距离且全时段按遮挡计损仍满足双向预算
T013,巡航,4283.533404183263,4302.844013960559,直连,,793,PASS,worst_obstruction_endpoint_distance,4.607823983663508,2327.5421748741096,True,,端点最大距离且全时段按遮挡计损仍满足双向预算
T013,巡航,4302.844013960559,4322.154623737856,直连,,794,PASS,worst_obstruction_endpoint_distance,3.592806045813731,2616.064551374272,True,,端点最大距离且全时段按遮挡计损仍满足双向预算
T013,巡航,4322.154623737856,4341.465233515152,直连,,795,PASS,worst_obstruction_endpoint_distance,2.6834109702721207,2904.813202356247,True,,端点最大距离且全时段按遮挡计损仍满足双向预算
T013,巡航,4341.465233515152,4360.775843292449,直连,,796,PASS,worst_obstruction_endpoint_distance,1.8598200342751454,3193.726755171166,True,,端点最大距离且全时段按遮挡计损仍满足双向预算
T013,下降,4360.775843292449,4373.600303131316,直连,,797,PASS,worst_obstruction_endpoint_distance,1.8598200342751454,3193.726755171166,True,,端点最大距离且全时段按遮挡计损仍满足双向预算
T013,下降,4373.600303131316,4386.424762970183,直连,,798,PASS,worst_obstruction_endpoint_distance,1.8643124438889203,3192.075361970319,True,,端点最大距离且全时段按遮挡计损仍满足双向预算
T013,投送,4386.424762970183,4405.483586499595,直连,,799,PASS,exact_point,1.8682481629573715,3190.6293079047914,,,独立计算 DEM 遮挡、自由空间损耗与双向预算
T013,投送,4405.483586499595,4424.5424100290065,直连,,800,PASS,exact_point,1.8682481629573715,3190.6293079047914,,,独立计算 DEM 遮挡、自由空间损耗与双向预算
T013,投送,4424.5424100290065,4443.601233558418,直连,,801,PASS,exact_point,1.8682481629573715,3190.6293079047914,,,独立计算 DEM 遮挡、自由空间损耗与双向预算
T013,投送,4443.601233558418,4462.660057087831,直连,,802,PASS,exact_point,1.8682481629573715,3190.6293079047914,,,独立计算 DEM 遮挡、自由空间损耗与双向预算
T013,投送,4462.660057087831,4481.718880617242,直连,,803,PASS,exact_point,1.8682481629573715,3190.6293079047914,,,独立计算 DEM 遮挡、自由空间损耗与双向预算
T013,投送,4481.718880617242,4500.777704146654,直连,,804,PASS,exact_point,1.8682481629573715,3190.6293079047914,,,独立计算 DEM 遮挡、自由空间损耗与双向预算
T013,投送,4500.777704146654,4519.836527676066,直连,,805,PASS,exact_point,1.8682481629573715,3190.6293079047914,,,独立计算 DEM 遮挡、自由空间损耗与双向预算
T013,投送,4519.836527676066,4538.895351205478,直连,,806,PASS,exact_point,1.8682481629573715,3190.6293079047914,,,独立计算 DEM 遮挡、自由空间损耗与双向预算
T013,投送,4538.895351205478,4557.954174734889,直连,,807,PASS,exact_point,1.8682481629573715,3190.6293079047914,,,独立计算 DEM 遮挡、自由空间损耗与双向预算
T013,投送,4557.954174734889,4577.012998264301,直连,,808,PASS,exact_point,1.8682481629573715,3190.6293079047914,,,独立计算 DEM 遮挡、自由空间损耗与双向预算
T013,投送,4577.012998264301,4596.071821793713,直连,,809,PASS,exact_point,1.8682481629573715,3190.6293079047914,,,独立计算 DEM 遮挡、自由空间损耗与双向预算
T013,投送,4596.071821793713,4615.130645323125,直连,,810,PASS,exact_point,1.8682481629573715,3190.6293079047914,,,独立计算 DEM 遮挡、自由空间损耗与双向预算
T013,投送,4615.130645323125,4634.189468852536,直连,,811,PASS,exact_point,1.8682481629573715,3190.6293079047914,,,独立计算 DEM 遮挡、自由空间损耗与双向预算
T013,投送,4634.189468852536,4653.248292381948,直连,,812,PASS,exact_point,1.8682481629573715,3190.6293079047914,,,独立计算 DEM 遮挡、自由空间损耗与双向预算
T013,投送,4653.248292381948,4672.30711591136,直连,,813,PASS,exact_point,1.8682481629573715,3190.6293079047914,,,独立计算 DEM 遮挡、自由空间损耗与双向预算
T013,投送,4672.30711591136,4691.365939440771,直连,,814,PASS,exact_point,1.8682481629573715,3190.6293079047914,,,独立计算 DEM 遮挡、自由空间损耗与双向预算
T013,投送,4691.365939440771,4710.424762970183,直连,,815,PASS,exact_point,1.8682481629573715,3190.6293079047914,,,独立计算 DEM 遮挡、自由空间损耗与双向预算
T013,爬升,4710.424762970183,4720.684330841277,直连,,816,PASS,worst_obstruction_endpoint_distance,1.8643124438889203,3192.075361970319,True,,端点最大距离且全时段按遮挡计损仍满足双向预算
T013,爬升,4720.684330841277,4730.94389871237,直连,,817,PASS,worst_obstruction_endpoint_distance,1.8598200342751454,3193.726755171166,True,,端点最大距离且全时段按遮挡计损仍满足双向预算
T013,巡航,4730.94389871237,4750.254508489667,直连,,818,PASS,worst_obstruction_endpoint_distance,1.8598200342751454,3193.726755171166,True,,端点最大距离且全时段按遮挡计损仍满足双向预算
T013,巡航,4750.254508489667,4769.5651182669635,直连,,819,PASS,worst_obstruction_endpoint_distance,2.6834109702721207,2904.813202356247,True,,端点最大距离且全时段按遮挡计损仍满足双向预算
T013,巡航,4769.5651182669635,4788.8757280442605,直连,,820,PASS,worst_obstruction_endpoint_distance,3.592806045813731,2616.064551374272,True,,端点最大距离且全时段按遮挡计损仍满足双向预算
T013,巡航,4788.8757280442605,4808.186337821557,直连,,821,PASS,worst_obstruction_endpoint_distance,4.607823983663508,2327.5421748741096,True,,端点最大距离且全时段按遮挡计损仍满足双向预算
T013,巡航,4808.186337821557,4827.496947598853,直连,,822,PASS,worst_obstruction_endpoint_distance,5.755973409622868,2039.3421138116032,True,,端点最大距离且全时段按遮挡计损仍满足双向预算
T013,巡航,4827.496947598853,4846.80755737615,直连,,823,PASS,worst_obstruction_endpoint_distance,7.076960051876313,1751.623470098632,True,,端点最大距离且全时段按遮挡计损仍满足双向预算
T013,巡航,4846.80755737615,4866.118167153447,直连,,824,PASS,worst_obstruction_endpoint_distance,8.63097956554033,1464.6699789789309,True,,端点最大距离且全时段按遮挡计损仍满足双向预算
T013,巡航,4866.118167153447,4885.428776930743,直连,,825,PASS,worst_obstruction_endpoint_distance,10.515201150199815,1179.0404387173653,True,,端点最大距离且全时段按遮挡计损仍满足双向预算
T013,巡航,4885.428776930743,4904.739386708039,直连,,826,PASS,worst_obstruction_endpoint_distance,12.899596539617463,896.001901463605,True,,端点最大距离且全时段按遮挡计损仍满足双向预算
T013,巡航,4904.739386708039,4924.049996485335,直连,,827,PASS,worst_obstruction_endpoint_distance,16.110304248345813,619.1181641730701,True,,端点最大距离且全时段按遮挡计损仍满足双向预算
T013,巡航,4924.049996485335,4943.360606262632,直连,,828,PASS,worst_obstruction_endpoint_distance,20.75321503615335,362.7671946009024,True,,端点最大距离且全时段按遮挡计损仍满足双向预算
T013,下降,4943.360606262632,4963.227092875588,直连,,829,PASS,worst_obstruction_endpoint_distance,25.160808415575318,218.397839355469,True,,端点最大距离且全时段按遮挡计损仍满足双向预算
T013,下降,4963.227092875588,4983.093579488544,直连,,830,PASS,worst_obstruction_endpoint_distance,26.904991999955485,178.66486612955777,True,,端点最大距离且全时段按遮挡计损仍满足双向预算
T013,下降,4983.093579488544,5002.960066101499,直连,,831,PASS,worst_obstruction_endpoint_distance,29.08973610815721,138.9318929036466,True,,端点最大距离且全时段按遮挡计损仍满足双向预算
T013,下降,5002.960066101499,5022.826552714455,直连,,832,PASS,worst_obstruction_endpoint_distance,32.01563631553773,99.1989196777354,True,,端点最大距离且全时段按遮挡计损仍满足双向预算
T013,下降,5022.826552714455,5042.693039327411,直连,,833,PASS,worst_obstruction_endpoint_distance,36.460408456856584,59.46594645182421,True,,端点最大距离且全时段按遮挡计损仍满足双向预算
T013,下降,5042.693039327411,5062.559525940367,直连,,834,PASS,worst_obstruction_endpoint_distance,45.92517525248826,20.0,True,,端点最大距离且全时段按遮挡计损仍满足双向预算
T014,爬升,4236.0,4254.504135640463,直连,,835,PASS,worst_obstruction_endpoint_distance,40.93817299698006,35.512406921388134,True,,端点最大距离且全时段按遮挡计损仍满足双向预算
T014,爬升,4254.504135640463,4273.008271280924,直连,,836,PASS,worst_obstruction_endpoint_distance,32.76257917737007,91.02481384277351,True,,端点最大距离且全时段按遮挡计损仍满足双向预算
T014,爬升,4273.008271280924,4291.512406921387,直连,,837,PASS,worst_obstruction_endpoint_distance,28.626816157375487,146.5372207641616,True,,端点最大距离且全时段按遮挡计损仍满足双向预算
T014,爬升,4291.512406921387,4310.016542561849,直连,,838,PASS,worst_obstruction_endpoint_distance,25.836614075565635,202.04962768554702,True,,端点最大距离且全时段按遮挡计损仍满足双向预算
T014,爬升,4310.016542561849,4328.5206782023115,直连,,839,PASS,worst_obstruction_endpoint_distance,23.728138223056888,257.56203460693513,True,,端点最大距离且全时段按遮挡计损仍满足双向预算
T014,爬升,4328.5206782023115,4347.024813842773,直连,,840,PASS,worst_obstruction_endpoint_distance,22.032822874833954,313.0744415283205,True,,端点最大距离且全时段按遮挡计损仍满足双向预算
T014,爬升,4347.024813842773,4365.528949483236,直连,,841,PASS,worst_obstruction_endpoint_distance,20.614978463875502,368.5868484497086,True,,端点最大距离且全时段按遮挡计损仍满足双向预算
T014,爬升,4365.528949483236,4384.033085123698,直连,,842,PASS,worst_obstruction_endpoint_distance,19.396424967151802,424.099255371094,True,,端点最大距离且全时段按遮挡计损仍满足双向预算
T014,巡航,4384.033085123698,4403.110775825524,直连,,843,PASS,worst_obstruction_endpoint_distance,17.766895121913237,511.6158636829078,True,,端点最大距离且全时段按遮挡计损仍满足双向预算
T014,巡航,4403.110775825524,4422.18846652735,直连,,844,PASS,worst_obstruction_endpoint_distance,14.892076823385764,712.3360391482996,True,,端点最大距离且全时段按遮挡计损仍满足双向预算
T014,巡航,4422.18846652735,4441.266157229176,直连,,845,PASS,worst_obstruction_endpoint_distance,12.322670535858677,957.5362658919046,True,,端点最大距离且全时段按遮挡计损仍满足双向预算
T014,巡航,4441.266157229176,4460.3438479310025,直连,,846,PASS,worst_obstruction_endpoint_distance,10.213591886626759,1220.7006166374656,True,,端点最大距离且全时段按遮挡计损仍满足双向预算
T014,巡航,4460.3438479310025,4479.421538632829,直连,,847,PASS,worst_obstruction_endpoint_distance,8.468328226484786,1492.3556940457386,True,,端点最大距离且全时段按遮挡计损仍满足双向预算
T014,巡航,4479.421538632829,4498.499229334655,直连,,848,PASS,worst_obstruction_endpoint_distance,6.993215648778175,1768.5933016874653,True,,端点最大距离且全时段按遮挡计损仍满足双向预算
T014,巡航,4498.499229334655,4517.576920036481,直连,,849,PASS,worst_obstruction_endpoint_distance,5.721044201132514,2047.5595823149097,True,,端点最大距离且全时段按遮挡计损仍满足双向预算
T014,巡航,4517.576920036481,4536.654610738307,直连,,850,PASS,worst_obstruction_endpoint_distance,4.6050936964493445,2328.273920013661,True,,端点最大距离且全时段按遮挡计损仍满足双向预算
T014,巡航,4536.654610738307,4555.732301440134,直连,,851,PASS,worst_obstruction_endpoint_distance,3.6123913546315833,2610.172384581751,True,,端点最大距离且全时段按遮挡计损仍满足双向预算
T014,巡航,4555.732301440134,4574.80999214196,直连,,852,PASS,worst_obstruction_endpoint_distance,2.719080205408204,2892.908836272585,True,,端点最大距离且全时段按遮挡计损仍满足双向预算
T014,巡航,4574.80999214196,4593.887682843786,直连,,853,PASS,worst_obstruction_endpoint_distance,1.907455621920647,3176.25950134185,True,,端点最大距离且全时段按遮挡计损仍满足双向预算
T014,巡航,4593.887682843786,4612.965373545612,直连,,854,PASS,worst_obstruction_endpoint_distance,1.1640687134028127,3460.0734864853043,True,,端点最大距离且全时段按遮挡计损仍满足双向预算
T014,巡航,4612.965373545612,4632.043064247438,直连,,855,PASS,worst_obstruction_endpoint_distance,0.4784889884004002,3744.2454341324783,True,,端点最大距离且全时段按遮挡计损仍满足双向预算
T014,巡航,4632.043064247438,4651.120754949265,中继,R005,856,PASS,worst_obstruction_endpoint_distance,1.4478904620044801,1678.3952245974033,True,,端点最大距离且全时段按遮挡计损仍满足双向预算
T014,巡航,4651.120754949265,4670.198445651091,中继,R005,857,PASS,worst_obstruction_endpoint_distance,0.20289480643654656,1937.0642143332168,True,,端点最大距离且全时段按遮挡计损仍满足双向预算
T014,巡航,4670.198445651091,4689.276136352917,中继,R004,858,PASS,worst_obstruction_endpoint_distance,0.19081101792561128,1939.760928747007,True,,端点最大距离且全时段按遮挡计损仍满足双向预算
T014,巡航,4689.276136352917,4708.353827054743,中继,R004,859,PASS,worst_obstruction_endpoint_distance,0.7852518787784533,1811.4492212518917,True,,端点最大距离且全时段按遮挡计损仍满足双向预算
T014,巡航,4708.353827054743,4727.4315177565695,中继,R004,860,PASS,worst_obstruction_endpoint_distance,1.227278420368691,1721.5705994196408,True,,端点最大距离且全时段按遮挡计损仍满足双向预算
T014,巡航,4727.4315177565695,4746.509208458396,中继,R004,861,PASS,worst_obstruction_endpoint_distance,1.4431868980968119,1679.304351630539,True,,端点最大距离且全时段按遮挡计损仍满足双向预算
T014,巡航,4746.509208458396,4765.586899160222,中继,R004,862,PASS,worst_obstruction_endpoint_distance,1.183454725095828,1730.2785424355745,True,,端点最大距离且全时段按遮挡计损仍满足双向预算
T014,巡航,4765.586899160222,4784.664589862048,中继,R004,863,PASS,worst_obstruction_endpoint_distance,0.7194476577621458,1825.2248602709064,True,,端点最大距离且全时段按遮挡计损仍满足双向预算
T014,下降,4784.664589862048,4804.124440936266,中继,R004,864,PASS,worst_obstruction_endpoint_distance,0.7194476577621458,1825.2248602709064,True,,端点最大距离且全时段按遮挡计损仍满足双向预算
T014,下降,4804.124440936266,4823.584292010485,中继,R004,865,PASS,worst_obstruction_endpoint_distance,0.7287252227213372,1823.2763434744863,True,,端点最大距离且全时段按遮挡计损仍满足双向预算
T014,投送,4823.584292010485,4842.045830472024,中继,R004,866,PASS,exact_point,0.7318298297417414,1822.6247642738538,,,独立计算 DEM 遮挡、自由空间损耗与双向预算
T014,投送,4842.045830472024,4860.507368933562,中继,R004,867,PASS,exact_point,0.7318298297417414,1822.6247642738538,,,独立计算 DEM 遮挡、自由空间损耗与双向预算
T014,投送,4860.507368933562,4878.968907395101,中继,R004,868,PASS,exact_point,0.7318298297417414,1822.6247642738538,,,独立计算 DEM 遮挡、自由空间损耗与双向预算
T014,投送,4878.968907395101,4897.430445856639,中继,R004,869,PASS,exact_point,0.7318298297417414,1822.6247642738538,,,独立计算 DEM 遮挡、自由空间损耗与双向预算
T014,投送,4897.430445856639,4915.8919843181775,中继,R004,870,PASS,exact_point,0.7318298297417414,1822.6247642738538,,,独立计算 DEM 遮挡、自由空间损耗与双向预算
T014,投送,4915.8919843181775,4934.3535227797165,中继,R004,871,PASS,exact_point,0.7318298297417414,1822.6247642738538,,,独立计算 DEM 遮挡、自由空间损耗与双向预算
T014,投送,4934.3535227797165,4952.815061241255,中继,R004,872,PASS,exact_point,0.7318298297417414,1822.6247642738538,,,独立计算 DEM 遮挡、自由空间损耗与双向预算
T014,投送,4952.815061241255,4971.276599702793,中继,R004,873,PASS,exact_point,0.7318298297417414,1822.6247642738538,,,独立计算 DEM 遮挡、自由空间损耗与双向预算
T014,投送,4971.276599702793,4989.738138164332,中继,R004,874,PASS,exact_point,0.7318298297417414,1822.6247642738538,,,独立计算 DEM 遮挡、自由空间损耗与双向预算
T014,投送,4989.738138164332,5008.19967662587,中继,R004,875,PASS,exact_point,0.7318298297417414,1822.6247642738538,,,独立计算 DEM 遮挡、自由空间损耗与双向预算
T014,投送,5008.19967662587,5026.661215087409,中继,R004,876,PASS,exact_point,0.7318298297417414,1822.6247642738538,,,独立计算 DEM 遮挡、自由空间损耗与双向预算
T014,投送,5026.661215087409,5045.122753548947,中继,R004,877,PASS,exact_point,0.7318298297417414,1822.6247642738538,,,独立计算 DEM 遮挡、自由空间损耗与双向预算
T014,投送,5045.122753548947,5063.584292010486,中继,R004,878,PASS,exact_point,0.7318298297417414,1822.6247642738538,,,独立计算 DEM 遮挡、自由空间损耗与双向预算
T014,爬升,5063.584292010486,5079.800834572335,中继,R004,879,PASS,worst_obstruction_endpoint_distance,0.7287252227213372,1823.2763434744863,True,,端点最大距离且全时段按遮挡计损仍满足双向预算
T014,爬升,5079.800834572335,5096.017377134183,中继,R004,880,PASS,worst_obstruction_endpoint_distance,0.7194476577621458,1825.2248602709064,True,,端点最大距离且全时段按遮挡计损仍满足双向预算
T014,巡航,5096.017377134183,5115.09506783601,中继,R004,881,PASS,worst_obstruction_endpoint_distance,0.7194476577621458,1825.2248602709064,True,,端点最大距离且全时段按遮挡计损仍满足双向预算
T014,巡航,5115.09506783601,5134.172758537836,中继,R004,882,PASS,worst_obstruction_endpoint_distance,1.183454725095828,1730.2785424355745,True,,端点最大距离且全时段按遮挡计损仍满足双向预算
T014,巡航,5134.172758537836,5153.250449239662,中继,R004,883,PASS,worst_obstruction_endpoint_distance,1.4431868980968119,1679.304351630539,True,,端点最大距离且全时段按遮挡计损仍满足双向预算
T014,巡航,5153.250449239662,5172.328139941488,中继,R004,884,PASS,worst_obstruction_endpoint_distance,1.227278420368691,1721.5705994196408,True,,端点最大距离且全时段按遮挡计损仍满足双向预算
T014,巡航,5172.328139941488,5191.405830643314,中继,R004,885,PASS,worst_obstruction_endpoint_distance,0.7852518787784533,1811.4492212518917,True,,端点最大距离且全时段按遮挡计损仍满足双向预算
T014,巡航,5191.405830643314,5210.483521345141,中继,R004,886,PASS,worst_obstruction_endpoint_distance,0.19081101792561128,1939.760928747007,True,,端点最大距离且全时段按遮挡计损仍满足双向预算
T014,巡航,5210.483521345141,5229.561212046967,中继,R005,887,PASS,worst_obstruction_endpoint_distance,0.20289480643654656,1937.0642143332168,True,,端点最大距离且全时段按遮挡计损仍满足双向预算
T014,巡航,5229.561212046967,5248.638902748793,中继,R005,888,PASS,worst_obstruction_endpoint_distance,1.4478904620044801,1678.3952245974033,True,,端点最大距离且全时段按遮挡计损仍满足双向预算
T014,巡航,5248.638902748793,5267.716593450619,直连,,889,PASS,worst_obstruction_endpoint_distance,0.4784889884004002,3744.2454341324783,True,,端点最大距离且全时段按遮挡计损仍满足双向预算
T014,巡航,5267.716593450619,5286.7942841524455,直连,,890,PASS,worst_obstruction_endpoint_distance,1.1640687134028127,3460.0734864853043,True,,端点最大距离且全时段按遮挡计损仍满足双向预算
T014,巡航,5286.7942841524455,5305.871974854272,直连,,891,PASS,worst_obstruction_endpoint_distance,1.907455621920647,3176.25950134185,True,,端点最大距离且全时段按遮挡计损仍满足双向预算
T014,巡航,5305.871974854272,5324.949665556098,直连,,892,PASS,worst_obstruction_endpoint_distance,2.719080205408204,2892.908836272585,True,,端点最大距离且全时段按遮挡计损仍满足双向预算
T014,巡航,5324.949665556098,5344.027356257924,直连,,893,PASS,worst_obstruction_endpoint_distance,3.6123913546315833,2610.172384581751,True,,端点最大距离且全时段按遮挡计损仍满足双向预算
T014,巡航,5344.027356257924,5363.10504695975,直连,,894,PASS,worst_obstruction_endpoint_distance,4.6050936964493445,2328.273920013661,True,,端点最大距离且全时段按遮挡计损仍满足双向预算
T014,巡航,5363.10504695975,5382.1827376615765,直连,,895,PASS,worst_obstruction_endpoint_distance,5.721044201132514,2047.5595823149097,True,,端点最大距离且全时段按遮挡计损仍满足双向预算
T014,巡航,5382.1827376615765,5401.260428363403,直连,,896,PASS,worst_obstruction_endpoint_distance,6.993215648778175,1768.5933016874653,True,,端点最大距离且全时段按遮挡计损仍满足双向预算
T014,巡航,5401.260428363403,5420.338119065229,直连,,897,PASS,worst_obstruction_endpoint_distance,8.468328226484786,1492.3556940457386,True,,端点最大距离且全时段按遮挡计损仍满足双向预算
T014,巡航,5420.338119065229,5439.415809767055,直连,,898,PASS,worst_obstruction_endpoint_distance,10.213591886626759,1220.7006166374656,True,,端点最大距离且全时段按遮挡计损仍满足双向预算
T014,巡航,5439.415809767055,5458.493500468881,直连,,899,PASS,worst_obstruction_endpoint_distance,12.322670535858677,957.5362658919046,True,,端点最大距离且全时段按遮挡计损仍满足双向预算
T014,巡航,5458.493500468881,5477.571191170708,直连,,900,PASS,worst_obstruction_endpoint_distance,14.892076823385764,712.3360391482996,True,,端点最大距离且全时段按遮挡计损仍满足双向预算
T014,巡航,5477.571191170708,5496.648881872534,直连,,901,PASS,worst_obstruction_endpoint_distance,17.766895121913237,511.6158636829078,True,,端点最大距离且全时段按遮挡计损仍满足双向预算
T014,下降,5496.648881872534,5516.3866265556935,直连,,902,PASS,worst_obstruction_endpoint_distance,19.396424967151802,424.099255371094,True,,端点最大距离且全时段按遮挡计损仍满足双向预算
T014,下降,5516.3866265556935,5536.124371238853,直连,,903,PASS,worst_obstruction_endpoint_distance,20.470828911636644,374.75489366319465,True,,端点最大距离且全时段按遮挡计损仍满足双向预算
T014,下降,5536.124371238853,5555.862115922013,直连,,904,PASS,worst_obstruction_endpoint_distance,21.69714306922441,325.4105319552953,True,,端点最大距离且全时段按遮挡计损仍满足双向预算
T014,下降,5555.862115922013,5575.599860605173,直连,,905,PASS,worst_obstruction_endpoint_distance,23.125511355694883,276.066170247396,True,,端点最大距离且全时段按遮挡计损仍满足双向预算
T014,下降,5575.599860605173,5595.337605288332,直连,,906,PASS,worst_obstruction_endpoint_distance,24.83590922086259,226.72180853949664,True,,端点最大距离且全时段按遮挡计损仍满足双向预算
T014,下降,5595.337605288332,5615.075349971492,直连,,907,PASS,worst_obstruction_endpoint_distance,26.967807178204254,177.3774468315973,True,,端点最大距离且全时段按遮挡计损仍满足双向预算
T014,下降,5615.075349971492,5634.813094654652,直连,,908,PASS,worst_obstruction_endpoint_distance,29.79933095562555,128.03308512369802,True,,端点最大距离且全时段按遮挡计损仍满足双向预算
T014,下降,5634.813094654652,5654.550839337811,直连,,909,PASS,worst_obstruction_endpoint_distance,34.02752517149321,78.68872341579868,True,,端点最大距离且全时段按遮挡计损仍满足双向预算
T014,下降,5654.550839337811,5674.288584020971,直连,,910,PASS,worst_obstruction_endpoint_distance,42.595281820281926,29.34436170789934,True,,端点最大距离且全时段按遮挡计损仍满足双向预算
T015,爬升,4342.0,4361.213658752441,直连,,911,PASS,worst_obstruction_endpoint_distance,42.99202827701133,28.034146881102373,True,,端点最大距离且全时段按遮挡计损仍满足双向预算
T015,爬升,4361.213658752441,4380.427317504883,直连,,912,PASS,worst_obstruction_endpoint_distance,34.32170166595179,76.06829376220702,True,,端点最大距离且全时段按遮挡计损仍满足双向预算
T015,爬升,4380.427317504883,4399.640976257324,直连,,913,PASS,worst_obstruction_endpoint_distance,30.070168714278594,124.10244064330936,True,,端点最大距离且全时段按遮挡计损仍满足双向预算
T015,爬升,4399.640976257324,4418.854635009766,直连,,914,PASS,worst_obstruction_endpoint_distance,27.228311382556527,172.13658752441404,True,,端点最大距离且全时段按遮挡计损仍满足双向预算
T015,爬升,4418.854635009766,4438.068293762207,直连,,915,PASS,worst_obstruction_endpoint_distance,25.09058334452189,220.17073440551638,True,,端点最大距离且全时段按遮挡计损仍满足双向预算
T015,爬升,4438.068293762207,4457.281952514649,直连,,916,PASS,worst_obstruction_endpoint_distance,23.376441612193574,268.204881286621,True,,端点最大距离且全时段按遮挡计损仍满足双向预算
T015,爬升,4457.281952514649,4476.49561126709,直连,,917,PASS,worst_obstruction_endpoint_distance,21.94546583158437,316.23902816772335,True,,端点最大距离且全时段按遮挡计损仍满足双向预算
T015,爬升,4476.49561126709,4495.709270019532,直连,,918,PASS,worst_obstruction_endpoint_distance,20.717231343301734,364.273175048828,True,,端点最大距离且全时段按遮挡计损仍满足双向预算
T015,巡航,4495.709270019532,4514.603136667917,直连,,919,PASS,worst_obstruction_endpoint_distance,18.661672477929415,461.5355244926001,True,,端点最大距离且全时段按遮挡计损仍满足双向预算
T015,巡航,4514.603136667917,4533.497003316304,直连,,920,PASS,worst_obstruction_endpoint_distance,15.375452699934556,673.7769091431577,True,,端点最大距离且全时段按遮挡计损仍满足双向预算
T015,巡航,4533.497003316304,4552.39086996469,直连,,921,PASS,worst_obstruction_endpoint_distance,12.623190271631984,924.9734022323017,True,,端点最大距离且全时段按遮挡计损仍满足双向预算
T015,巡航,4552.39086996469,4571.284736613075,直连,,922,PASS,worst_obstruction_endpoint_distance,10.429575041650054,1190.7209811695823,True,,端点最大距离且全时段按遮挡计损仍满足双向预算
T015,巡航,4571.284736613075,4590.178603261462,直连,,923,PASS,worst_obstruction_endpoint_distance,8.64022254510887,1463.1121979446089,True,,端点最大距离且全时段按遮挡计损仍满足双向预算
T015,巡航,4590.178603261462,4609.072469909848,直连,,924,PASS,worst_obstruction_endpoint_distance,7.139643736160679,1739.027987459995,True,,端点最大距离且全时段按遮挡计损仍满足双向预算
T015,巡航,4609.072469909848,4627.966336558235,直连,,925,PASS,worst_obstruction_endpoint_distance,5.851560521092864,2017.0224508369258,True,,端点最大距离且全时段按遮挡计损仍满足双向预算
T015,巡航,4627.966336558235,4646.86020320662,直连,,926,PASS,worst_obstruction_endpoint_distance,4.725048394892426,2296.340780852931,True,,端点最大距离且全时段按遮挡计损仍满足双向预算
T015,巡航,4646.86020320662,4665.7540698550065,直连,,927,PASS,worst_obstruction_endpoint_distance,3.7249953747456317,2576.552461149355,True,,端点最大距离且全时段按遮挡计损仍满足双向预算
T015,巡航,4665.7540698550065,4684.647936503392,直连,,928,PASS,worst_obstruction_endpoint_distance,2.8263705191290995,2857.394683434026,True,,端点最大距离且全时段按遮挡计损仍满足双向预算
T015,巡航,4684.647936503392,4703.541803151778,直连,,929,PASS,worst_obstruction_endpoint_distance,2.010784013786548,3138.6981946975716,True,,端点最大距离且全时段按遮挡计损仍满足双向预算
T015,巡航,4703.541803151778,4722.435669800165,直连,,930,PASS,worst_obstruction_endpoint_distance,1.2643662606990915,3420.3491819541655,True,,端点最大距离且全时段按遮挡计损仍满足双向预算
T015,巡航,4722.435669800165,4741.329536448551,直连,,931,PASS,worst_obstruction_endpoint_distance,0.5764172950555349,3702.2683430850543,True,,端点最大距离且全时段按遮挡计损仍满足双向预算
T015,巡航,4741.329536448551,4760.223403096937,中继,R005,932,PASS,worst_obstruction_endpoint_distance,3.2471445141766537,1364.3680242010396,True,,端点最大距离且全时段按遮挡计损仍满足双向预算
T015,巡航,4760.223403096937,4779.117269745323,中继,R005,933,PASS,worst_obstruction_endpoint_distance,1.6214022758188378,1645.199786573286,True,,端点最大距离且全时段按遮挡计损仍满足双向预算
T015,巡航,4779.117269745323,4798.011136393709,中继,R005,934,PASS,worst_obstruction_endpoint_distance,0.249104975786949,1926.7861216636404,True,,端点最大距离且全时段按遮挡计损仍满足双向预算
T015,下降,4798.011136393709,4814.358453898592,中继,R005,935,PASS,worst_obstruction_endpoint_distance,0.249104975786949,1926.7861216636404,True,,端点最大距离且全时段按遮挡计损仍满足双向预算
T015,下降,4814.358453898592,4830.7057714034745,中继,R005,936,PASS,worst_obstruction_endpoint_distance,0.261547024436652,1924.0280846921617,True,,端点最大距离且全时段按遮挡计损仍满足双向预算
T015,下降,4830.7057714034745,4847.0530889083575,中继,R005,937,PASS,worst_obstruction_endpoint_distance,0.2715102344165814,1921.8223802031257,True,,端点最大距离且全时段按遮挡计损仍满足双向预算
T015,下降,4847.0530889083575,4863.4004064132405,中继,R005,938,PASS,worst_obstruction_endpoint_distance,0.27897743900196303,1920.1709115940357,True,,端点最大距离且全时段按遮挡计损仍满足双向预算
T015,下降,4863.4004064132405,4879.7477239181235,中继,R005,939,PASS,worst_obstruction_endpoint_distance,0.28393571173810983,1919.0751097158695,True,,端点最大距离且全时段按遮挡计损仍满足双向预算
T015,投送,4879.7477239181235,4898.947723918123,中继,R005,940,PASS,exact_point,0.2863764406906455,1918.535926702163,,,独立计算 DEM 遮挡、自由空间损耗与双向预算
T015,投送,4898.947723918123,4918.147723918123,中继,R005,941,PASS,exact_point,0.2863764406906455,1918.535926702163,,,独立计算 DEM 遮挡、自由空间损耗与双向预算
T015,投送,4918.147723918123,4937.347723918123,中继,R005,942,PASS,exact_point,0.2863764406906455,1918.535926702163,,,独立计算 DEM 遮挡、自由空间损耗与双向预算
T015,投送,4937.347723918123,4956.547723918124,中继,R005,943,PASS,exact_point,0.2863764406906455,1918.535926702163,,,独立计算 DEM 遮挡、自由空间损耗与双向预算
T015,投送,4956.547723918124,4975.7477239181235,中继,R005,944,PASS,exact_point,0.2863764406906455,1918.535926702163,,,独立计算 DEM 遮挡、自由空间损耗与双向预算
T015,投送,4975.7477239181235,4994.947723918123,中继,R005,945,PASS,exact_point,0.2863764406906455,1918.535926702163,,,独立计算 DEM 遮挡、自由空间损耗与双向预算
T015,投送,4994.947723918123,5014.147723918123,中继,R005,946,PASS,exact_point,0.2863764406906455,1918.535926702163,,,独立计算 DEM 遮挡、自由空间损耗与双向预算
T015,投送,5014.147723918123,5033.347723918123,中继,R005,947,PASS,exact_point,0.2863764406906455,1918.535926702163,,,独立计算 DEM 遮挡、自由空间损耗与双向预算
T015,投送,5033.347723918123,5052.547723918124,中继,R005,948,PASS,exact_point,0.2863764406906455,1918.535926702163,,,独立计算 DEM 遮挡、自由空间损耗与双向预算
T015,投送,5052.547723918124,5071.7477239181235,中继,R005,949,PASS,exact_point,0.2863764406906455,1918.535926702163,,,独立计算 DEM 遮挡、自由空间损耗与双向预算
T015,投送,5071.7477239181235,5090.947723918123,中继,R005,950,PASS,exact_point,0.2863764406906455,1918.535926702163,,,独立计算 DEM 遮挡、自由空间损耗与双向预算
T015,投送,5090.947723918123,5110.147723918123,中继,R005,951,PASS,exact_point,0.2863764406906455,1918.535926702163,,,独立计算 DEM 遮挡、自由空间损耗与双向预算
T015,投送,5110.147723918123,5129.347723918123,中继,R005,952,PASS,exact_point,0.2863764406906455,1918.535926702163,,,独立计算 DEM 遮挡、自由空间损耗与双向预算
T015,投送,5129.347723918123,5148.547723918124,中继,R005,953,PASS,exact_point,0.2863764406906455,1918.535926702163,,,独立计算 DEM 遮挡、自由空间损耗与双向预算
T015,投送,5148.547723918124,5167.7477239181235,中继,R005,954,PASS,exact_point,0.2863764406906455,1918.535926702163,,,独立计算 DEM 遮挡、自由空间损耗与双向预算
T015,爬升,5167.7477239181235,5184.0950414230065,中继,R005,955,PASS,worst_obstruction_endpoint_distance,0.28293190116978906,1919.296906132294,True,,端点最大距离且全时段按遮挡计损仍满足双向预算
T015,爬升,5184.0950414230065,5200.442358927889,中继,R005,956,PASS,worst_obstruction_endpoint_distance,0.27555674565633126,1920.9272658279212,True,,端点最大距离且全时段按遮挡计损仍满足双向预算
T015,爬升,5200.442358927889,5216.789676432772,中继,R005,957,PASS,worst_obstruction_endpoint_distance,0.2642709602589406,1923.4247950422546,True,,端点最大距离且全时段按遮挡计损仍满足双向预算
T015,爬升,5216.789676432772,5233.136993937655,中继,R005,958,PASS,worst_obstruction_endpoint_distance,0.249104975786949,1926.7861216636404,True,,端点最大距离且全时段按遮挡计损仍满足双向预算
T015,巡航,5233.136993937655,5252.030860586041,中继,R005,959,PASS,worst_obstruction_endpoint_distance,0.249104975786949,1926.7861216636404,True,,端点最大距离且全时段按遮挡计损仍满足双向预算
T015,巡航,5252.030860586041,5270.924727234427,中继,R005,960,PASS,worst_obstruction_endpoint_distance,1.6214022758188378,1645.199786573286,True,,端点最大距离且全时段按遮挡计损仍满足双向预算
T015,巡航,5270.924727234427,5289.818593882813,中继,R005,961,PASS,worst_obstruction_endpoint_distance,3.2471445141766537,1364.3680242010396,True,,端点最大距离且全时段按遮挡计损仍满足双向预算
T015,巡航,5289.818593882813,5308.712460531199,直连,,962,PASS,worst_obstruction_endpoint_distance,0.5764172950555349,3702.2683430850543,True,,端点最大距离且全时段按遮挡计损仍满足双向预算
T015,巡航,5308.712460531199,5327.606327179585,直连,,963,PASS,worst_obstruction_endpoint_distance,1.2643662606990915,3420.3491819541655,True,,端点最大距离且全时段按遮挡计损仍满足双向预算
T015,巡航,5327.606327179585,5346.500193827971,直连,,964,PASS,worst_obstruction_endpoint_distance,2.010784013786406,3138.698194697621,True,,端点最大距离且全时段按遮挡计损仍满足双向预算
T015,巡航,5346.500193827971,5365.3940604763575,直连,,965,PASS,worst_obstruction_endpoint_distance,2.8263705191290995,2857.394683434026,True,,端点最大距离且全时段按遮挡计损仍满足双向预算
T015,巡航,5365.3940604763575,5384.287927124744,直连,,966,PASS,worst_obstruction_endpoint_distance,3.7249953747456317,2576.552461149355,True,,端点最大距离且全时段按遮挡计损仍满足双向预算
T015,巡航,5384.287927124744,5403.181793773129,直连,,967,PASS,worst_obstruction_endpoint_distance,4.725048394892426,2296.340780852931,True,,端点最大距离且全时段按遮挡计损仍满足双向预算
T015,巡航,5403.181793773129,5422.075660421516,直连,,968,PASS,worst_obstruction_endpoint_distance,5.851560521092864,2017.0224508369258,True,,端点最大距离且全时段按遮挡计损仍满足双向预算
T015,巡航,5422.075660421516,5440.969527069902,直连,,969,PASS,worst_obstruction_endpoint_distance,7.139643736160679,1739.027987459995,True,,端点最大距离且全时段按遮挡计损仍满足双向预算
T015,巡航,5440.969527069902,5459.863393718288,直连,,970,PASS,worst_obstruction_endpoint_distance,8.64022254510887,1463.1121979446089,True,,端点最大距离且全时段按遮挡计损仍满足双向预算
T015,巡航,5459.863393718288,5478.757260366674,直连,,971,PASS,worst_obstruction_endpoint_distance,10.429575041650054,1190.7209811695823,True,,端点最大距离且全时段按遮挡计损仍满足双向预算
T015,巡航,5478.757260366674,5497.65112701506,直连,,972,PASS,worst_obstruction_endpoint_distance,12.623190271631984,924.9734022323017,True,,端点最大距离且全时段按遮挡计损仍满足双向预算
T015,巡航,5497.65112701506,5516.544993663447,直连,,973,PASS,worst_obstruction_endpoint_distance,15.375452699934556,673.7769091431577,True,,端点最大距离且全时段按遮挡计损仍满足双向预算
T015,巡航,5516.544993663447,5535.438860311832,直连,,974,PASS,worst_obstruction_endpoint_distance,18.661672477929415,461.5355244926001,True,,端点最大距离且全时段按遮挡计损仍满足双向预算
T015,下降,5535.438860311832,5554.652519064274,直连,,975,PASS,worst_obstruction_endpoint_distance,20.717231343301734,364.273175048828,True,,端点最大距离且全时段按遮挡计损仍满足双向预算
T015,下降,5554.652519064274,5573.866177816715,直连,,976,PASS,worst_obstruction_endpoint_distance,21.68553108155332,325.8458575439443,True,,端点最大距离且全时段按遮挡计损仍满足双向预算
T015,下降,5573.866177816715,5593.079836569157,直连,,977,PASS,worst_obstruction_endpoint_distance,22.775479585213617,287.4185400390624,True,,端点最大距离且全时段按遮挡计损仍满足双向预算
T015,下降,5593.079836569157,5612.293495321598,直连,,978,PASS,worst_obstruction_endpoint_distance,24.022094414388192,248.9912225341787,True,,端点最大距离且全时段按遮挡计损仍满足双向预算
T015,下降,5612.293495321598,5631.507154074039,直连,,979,PASS,worst_obstruction_endpoint_distance,25.478096640754302,210.5639050292968,True,,端点最大距离且全时段按遮挡计损仍满足双向预算
T015,下降,5631.507154074039,5650.720812826481,直连,,980,PASS,worst_obstruction_endpoint_distance,27.228311382556484,172.1365875244149,True,,端点最大距离且全时段按遮挡计损仍满足双向预算
T015,下降,5650.720812826481,5669.934471578922,直连,,981,PASS,worst_obstruction_endpoint_distance,29.42254480979244,133.70927001953123,True,,端点最大距离且全时段按遮挡计损仍满足双向预算
T015,下降,5669.934471578922,5689.148130331364,直连,,982,PASS,worst_obstruction_endpoint_distance,32.36556220348385,95.28195251464933,True,,端点最大距离且全时段按遮挡计损仍满足双向预算
T015,下降,5689.148130331364,5708.361789083805,直连,,983,PASS,worst_obstruction_endpoint_distance,36.85045764910622,56.85463500976556,True,,端点最大距离且全时段按遮挡计损仍满足双向预算
T015,下降,5708.361789083805,5727.575447836247,直连,,984,PASS,worst_obstruction_endpoint_distance,45.92517525248826,20.0,True,,端点最大距离且全时段按遮挡计损仍满足双向预算
T016,爬升,6217.0,6235.035944417317,直连,,985,PASS,worst_obstruction_endpoint_distance,43.955810044934495,25.08986104329321,True,,端点最大距离且全时段按遮挡计损仍满足双向预算
T016,爬升,6235.035944417317,6253.0718888346355,直连,,986,PASS,worst_obstruction_endpoint_distance,35.021542284446866,70.1797220865887,True,,端点最大距离且全时段按遮挡计损仍满足双向预算
T016,爬升,6253.0718888346355,6271.107833251954,直连,,987,PASS,worst_obstruction_endpoint_distance,30.71148071485733,115.26958312988415,True,,端点最大距离且全时段按遮挡计损仍满足双向预算
T016,爬升,6271.107833251954,6289.143777669271,直连,,988,PASS,worst_obstruction_endpoint_distance,27.843884320576393,160.35944417317734,True,,端点最大距离且全时段按遮挡计损仍满足双向预算
T016,爬升,6289.143777669271,6307.179722086588,直连,,989,PASS,worst_obstruction_endpoint_distance,25.691681627493523,205.44930521647058,True,,端点最大距离且全时段按遮挡计损仍满足双向预算
T016,爬升,6307.179722086588,6325.2156665039065,直连,,990,PASS,worst_obstruction_endpoint_distance,23.968262608738172,250.53916625976603,True,,端点最大距离且全时段按遮挡计损仍满足双向预算
T016,巡航,6325.2156665039065,6344.99702356786,直连,,991,PASS,worst_obstruction_endpoint_distance,20.16139188232583,388.3462932369524,True,,端点最大距离且全时段按遮挡计损仍满足双向预算
T016,巡航,6344.99702356786,6364.778380631814,直连,,992,PASS,worst_obstruction_endpoint_distance,15.765903798404153,644.1597258386764,True,,端点最大距离且全时段按遮挡计损仍满足双向预算
T016,巡航,6364.778380631814,6384.559737695768,直连,,993,PASS,worst_obstruction_endpoint_distance,12.62531864366639,924.7467764723526,True,,端点最大距离且全时段按遮挡计损仍满足双向预算
T016,巡航,6384.559737695768,6404.34109475972,直连,,994,PASS,worst_obstruction_endpoint_distance,10.268298266887285,1213.0364331213775,True,,端点最大距离且全时段按遮挡计损仍满足双向预算
T016,巡航,6404.34109475972,6424.122451823674,直连,,995,PASS,worst_obstruction_endpoint_distance,8.39730997944396,1504.6076282027716,True,,端点最大距离且全时段按遮挡计损仍满足双向预算
T016,巡航,6424.122451823674,6443.903808887628,直连,,996,PASS,worst_obstruction_endpoint_distance,6.850635996686719,1797.864505710022,True,,端点最大距离且全时段按遮挡计损仍满足双向预算
T016,巡航,6443.903808887628,6463.685165951581,直连,,997,PASS,worst_obstruction_endpoint_distance,5.5341333456205035,2092.098321356043,True,,端点最大距离且全时段按遮挡计损仍满足双向预算
T016,巡航,6463.685165951581,6483.466523015535,直连,,998,PASS,worst_obstruction_endpoint_distance,4.388916634906977,2386.947827420809,True,,端点最大距离且全时段按遮挡计损仍满足双向预算
T016,巡航,6483.466523015535,6503.247880079489,直连,,999,PASS,worst_obstruction_endpoint_distance,3.375919660747627,2682.209987066719,True,,端点最大距离且全时段按遮挡计损仍满足双向预算
T016,巡航,6503.247880079489,6523.0292371434425,直连,,1000,PASS,worst_obstruction_endpoint_distance,2.4679753448875914,2977.7620519260295,True,,端点最大距离且全时段按遮挡计损仍满足双向预算
T016,巡航,6523.0292371434425,6542.810594207396,直连,,1001,PASS,worst_obstruction_endpoint_distance,1.645460598805812,3273.5255001824776,True,,端点最大距离且全时段按遮挡计损仍满足双向预算
T016,巡航,6542.810594207396,6562.59195127135,直连,,1002,PASS,worst_obstruction_endpoint_distance,0.8937544946891762,3569.447786713983,True,,端点最大距离且全时段按遮挡计损仍满足双向预算
T016,巡航,6562.59195127135,6582.373308335304,直连,,1003,PASS,worst_obstruction_endpoint_distance,0.20167861880452165,3865.492432161046,True,,端点最大距离且全时段按遮挡计损仍满足双向预算
T016,巡航,6582.373308335304,6602.154665399257,中继,R006,1004,PASS,worst_obstruction_endpoint_distance,9.941152874824013,631.2932046734305,True,,端点最大距离且全时段按遮挡计损仍满足双向预算
T016,巡航,6602.154665399257,6621.936022463211,中继,R006,1005,PASS,worst_obstruction_endpoint_distance,14.675917256011417,366.0099530460137,True,,端点最大距离且全时段按遮挡计损仍满足双向预算
T016,巡航,6621.936022463211,6641.717379527165,中继,R006,1006,PASS,worst_obstruction_endpoint_distance,14.704469244905482,364.8087916933112,True,,端点最大距离且全时段按遮挡计损仍满足双向预算
T016,巡航,6641.717379527165,6661.498736591117,中继,R006,1007,PASS,worst_obstruction_endpoint_distance,9.960327261135205,629.9011412930425,True,,端点最大距离且全时段按遮挡计损仍满足双向预算
T016,巡航,6661.498736591117,6681.280093655071,中继,R006,1008,PASS,worst_obstruction_endpoint_distance,6.7208489640163975,914.6318277807537,True,,端点最大距离且全时段按遮挡计损仍满足双向预算
T016,巡航,6681.280093655071,6701.061450719025,中继,R006,1009,PASS,worst_obstruction_endpoint_distance,4.324873136838022,1205.1610897540988,True,,端点最大距离且全时段按遮挡计损仍满足双向预算
T016,巡航,6701.061450719025,6720.8428077829785,中继,R006,1010,PASS,worst_obstruction_endpoint_distance,2.434847908948825,1498.1191753019084,True,,端点最大距离且全时段按遮挡计损仍满足双向预算
T016,巡航,6720.8428077829785,6740.624164846932,中继,R006,1011,PASS,worst_obstruction_endpoint_distance,0.8774860047650606,1792.315489482002,True,,端点最大距离且全时段按遮挡计损仍满足双向预算
T016,巡航,6740.624164846932,6760.405521910886,中继,R007,1012,PASS,worst_obstruction_endpoint_distance,3.009436570846745,1402.2224943312915,True,,端点最大距离且全时段按遮挡计损仍满足双向预算
T016,巡航,6760.405521910886,6780.18687897484,中继,R007,1013,PASS,worst_obstruction_endpoint_distance,2.5782083813780474,1473.5956784547577,True,,端点最大距离且全时段按遮挡计损仍满足双向预算
T016,巡航,6780.18687897484,6799.968236038793,中继,R007,1014,PASS,worst_obstruction_endpoint_distance,1.8755622343822864,1597.756696995542,True,,端点最大距离且全时段按遮挡计损仍满足双向预算
T016,巡航,6799.968236038793,6819.749593102746,中继,R007,1015,PASS,worst_obstruction_endpoint_distance,1.017815697403691,1763.5914042963925,True,,端点最大距离且全时段按遮挡计损仍满足双向预算
T016,巡航,6819.749593102746,6839.5309501667,中继,R007,1016,PASS,worst_obstruction_endpoint_distance,0.09820263924140704,1960.5531768111305,True,,端点最大距离且全时段按遮挡计损仍满足双向预算
T016,下降,6839.5309501667,6856.524866792677,中继,R007,1017,PASS,worst_obstruction_endpoint_distance,0.09089597645279923,1962.2031088782874,True,,端点最大距离且全时段按遮挡计损仍满足双向预算
T016,下降,6856.524866792677,6873.518783418654,中继,R007,1018,PASS,worst_obstruction_endpoint_distance,0.08100074457328788,1964.439784645317,True,,端点最大距离且全时段按遮挡计损仍满足双向预算
T016,下降,6873.518783418654,6890.51270004463,中继,R007,1019,PASS,worst_obstruction_endpoint_distance,0.06853462307819314,1967.2612028201515,True,,端点最大距离且全时段按遮挡计损仍满足双向预算
T016,下降,6890.51270004463,6907.5066166706065,中继,R007,1020,PASS,worst_obstruction_endpoint_distance,0.05351975134392717,1970.6648518618697,True,,端点最大距离且全时段按遮挡计损仍满足双向预算
T016,下降,6907.5066166706065,6924.500533296583,中继,R007,1021,PASS,worst_obstruction_endpoint_distance,0.035982598952486455,1974.647721044051,True,,端点最大距离且全时段按遮挡计损仍满足双向预算
T016,投送,6924.500533296583,6944.300533296583,中继,R007,1022,PASS,exact_point,0.035982598952486455,1974.647721044051,,,独立计算 DEM 遮挡、自由空间损耗与双向预算
T016,投送,6944.300533296583,6964.100533296583,中继,R007,1023,PASS,exact_point,0.035982598952486455,1974.647721044051,,,独立计算 DEM 遮挡、自由空间损耗与双向预算
T016,投送,6964.100533296583,6983.9005332965835,中继,R007,1024,PASS,exact_point,0.035982598952486455,1974.647721044051,,,独立计算 DEM 遮挡、自由空间损耗与双向预算
T016,投送,6983.9005332965835,7003.700533296584,中继,R007,1025,PASS,exact_point,0.035982598952486455,1974.647721044051,,,独立计算 DEM 遮挡、自由空间损耗与双向预算
T016,投送,7003.700533296584,7023.500533296583,中继,R007,1026,PASS,exact_point,0.035982598952486455,1974.647721044051,,,独立计算 DEM 遮挡、自由空间损耗与双向预算
T016,投送,7023.500533296583,7043.300533296583,中继,R007,1027,PASS,exact_point,0.035982598952486455,1974.647721044051,,,独立计算 DEM 遮挡、自由空间损耗与双向预算
T016,投送,7043.300533296583,7063.100533296583,中继,R007,1028,PASS,exact_point,0.035982598952486455,1974.647721044051,,,独立计算 DEM 遮挡、自由空间损耗与双向预算
T016,投送,7063.100533296583,7082.9005332965835,中继,R007,1029,PASS,exact_point,0.035982598952486455,1974.647721044051,,,独立计算 DEM 遮挡、自由空间损耗与双向预算
T016,投送,7082.9005332965835,7102.700533296584,中继,R007,1030,PASS,exact_point,0.035982598952486455,1974.647721044051,,,独立计算 DEM 遮挡、自由空间损耗与双向预算
T016,投送,7102.700533296584,7122.500533296583,中继,R007,1031,PASS,exact_point,0.035982598952486455,1974.647721044051,,,独立计算 DEM 遮挡、自由空间损耗与双向预算
T016,投送,7122.500533296583,7142.300533296583,中继,R007,1032,PASS,exact_point,0.035982598952486455,1974.647721044051,,,独立计算 DEM 遮挡、自由空间损耗与双向预算
T016,投送,7142.300533296583,7162.100533296583,中继,R007,1033,PASS,exact_point,0.035982598952486455,1974.647721044051,,,独立计算 DEM 遮挡、自由空间损耗与双向预算
T016,投送,7162.100533296583,7181.9005332965835,中继,R007,1034,PASS,exact_point,0.035982598952486455,1974.647721044051,,,独立计算 DEM 遮挡、自由空间损耗与双向预算
T016,投送,7181.9005332965835,7201.700533296584,中继,R007,1035,PASS,exact_point,0.035982598952486455,1974.647721044051,,,独立计算 DEM 遮挡、自由空间损耗与双向预算
T016,投送,7201.700533296584,7221.500533296583,中继,R007,1036,PASS,exact_point,0.035982598952486455,1974.647721044051,,,独立计算 DEM 遮挡、自由空间损耗与双向预算
T016,投送,7221.500533296583,7241.300533296583,中继,R007,1037,PASS,exact_point,0.035982598952486455,1974.647721044051,,,独立计算 DEM 遮挡、自由空间损耗与双向预算
T016,投送,7241.300533296583,7261.100533296583,中继,R007,1038,PASS,exact_point,0.035982598952486455,1974.647721044051,,,独立计算 DEM 遮挡、自由空间损耗与双向预算
T016,投送,7261.100533296583,7280.9005332965835,中继,R007,1039,PASS,exact_point,0.035982598952486455,1974.647721044051,,,独立计算 DEM 遮挡、自由空间损耗与双向预算
T016,投送,7280.9005332965835,7300.700533296584,中继,R007,1040,PASS,exact_point,0.035982598952486455,1974.647721044051,,,独立计算 DEM 遮挡、自由空间损耗与双向预算
T016,投送,7300.700533296584,7320.500533296583,中继,R007,1041,PASS,exact_point,0.035982598952486455,1974.647721044051,,,独立计算 DEM 遮挡、自由空间损耗与双向预算
T016,爬升,7320.500533296583,7337.49444992256,中继,R007,1042,PASS,worst_obstruction_endpoint_distance,0.035982598952486455,1974.647721044051,True,,端点最大距离且全时段按遮挡计损仍满足双向预算
T016,爬升,7337.49444992256,7354.488366548537,中继,R007,1043,PASS,worst_obstruction_endpoint_distance,0.05751103969893734,1969.7595116920877,True,,端点最大距离且全时段按遮挡计损仍满足双向预算
T016,爬升,7354.488366548537,7371.482283174513,中继,R007,1044,PASS,worst_obstruction_endpoint_distance,0.07508776444491616,1965.777546063408,True,,端点最大距离且全时段按遮挡计损仍满足双向预算
T016,爬升,7371.482283174513,7388.47619980049,中继,R007,1045,PASS,worst_obstruction_endpoint_distance,0.08866423352374397,1962.7073399621577,True,,端点最大距离且全时段按遮挡计损仍满足双向预算
T016,巡航,7388.47619980049,7408.257556864443,中继,R007,1046,PASS,worst_obstruction_endpoint_distance,0.09820263924140704,1960.5531768111305,True,,端点最大距离且全时段按遮挡计损仍满足双向预算
T016,巡航,7408.257556864443,7428.038913928397,中继,R007,1047,PASS,worst_obstruction_endpoint_distance,1.017815697403691,1763.5914042963925,True,,端点最大距离且全时段按遮挡计损仍满足双向预算
T016,巡航,7428.038913928397,7447.820270992351,中继,R007,1048,PASS,worst_obstruction_endpoint_distance,1.8755622343822864,1597.756696995542,True,,端点最大距离且全时段按遮挡计损仍满足双向预算
T016,巡航,7447.820270992351,7467.601628056304,中继,R007,1049,PASS,worst_obstruction_endpoint_distance,2.5782083813780474,1473.5956784547577,True,,端点最大距离且全时段按遮挡计损仍满足双向预算
T016,巡航,7467.601628056304,7487.382985120258,中继,R007,1050,PASS,worst_obstruction_endpoint_distance,3.009436570846745,1402.2224943312915,True,,端点最大距离且全时段按遮挡计损仍满足双向预算
T016,巡航,7487.382985120258,7507.164342184212,中继,R006,1051,PASS,worst_obstruction_endpoint_distance,0.8774860047650606,1792.315489482002,True,,端点最大距离且全时段按遮挡计损仍满足双向预算
T016,巡航,7507.164342184212,7526.945699248165,中继,R006,1052,PASS,worst_obstruction_endpoint_distance,2.434847908948825,1498.1191753019084,True,,端点最大距离且全时段按遮挡计损仍满足双向预算
T016,巡航,7526.945699248165,7546.727056312118,中继,R006,1053,PASS,worst_obstruction_endpoint_distance,4.324873136838022,1205.1610897540988,True,,端点最大距离且全时段按遮挡计损仍满足双向预算
T016,巡航,7546.727056312118,7566.508413376072,中继,R006,1054,PASS,worst_obstruction_endpoint_distance,6.7208489640163975,914.6318277807537,True,,端点最大距离且全时段按遮挡计损仍满足双向预算
T016,巡航,7566.508413376072,7586.289770440026,中继,R006,1055,PASS,worst_obstruction_endpoint_distance,9.960327261135205,629.9011412930425,True,,端点最大距离且全时段按遮挡计损仍满足双向预算
T016,巡航,7586.289770440026,7606.071127503979,中继,R006,1056,PASS,worst_obstruction_endpoint_distance,14.704469244905482,364.8087916933112,True,,端点最大距离且全时段按遮挡计损仍满足双向预算
T016,巡航,7606.071127503979,7625.852484567933,中继,R006,1057,PASS,worst_obstruction_endpoint_distance,14.675917256011417,366.0099530460137,True,,端点最大距离且全时段按遮挡计损仍满足双向预算
T016,巡航,7625.852484567933,7645.633841631887,中继,R006,1058,PASS,worst_obstruction_endpoint_distance,9.941152874824155,631.2932046734205,True,,端点最大距离且全时段按遮挡计损仍满足双向预算
T016,巡航,7645.633841631887,7665.41519869584,直连,,1059,PASS,worst_obstruction_endpoint_distance,0.20167861880453586,3865.4924321610397,True,,端点最大距离且全时段按遮挡计损仍满足双向预算
T016,巡航,7665.41519869584,7685.196555759794,直连,,1060,PASS,worst_obstruction_endpoint_distance,0.8937544946891762,3569.447786713983,True,,端点最大距离且全时段按遮挡计损仍满足双向预算
T016,巡航,7685.196555759794,7704.977912823748,直连,,1061,PASS,worst_obstruction_endpoint_distance,1.645460598805812,3273.5255001824776,True,,端点最大距离且全时段按遮挡计损仍满足双向预算
T016,巡航,7704.977912823748,7724.7592698877015,直连,,1062,PASS,worst_obstruction_endpoint_distance,2.4679753448875914,2977.7620519260295,True,,端点最大距离且全时段按遮挡计损仍满足双向预算
T016,巡航,7724.7592698877015,7744.540626951655,直连,,1063,PASS,worst_obstruction_endpoint_distance,3.375919660747627,2682.209987066719,True,,端点最大距离且全时段按遮挡计损仍满足双向预算
T016,巡航,7744.540626951655,7764.321984015609,直连,,1064,PASS,worst_obstruction_endpoint_distance,4.388916634906977,2386.947827420809,True,,端点最大距离且全时段按遮挡计损仍满足双向预算
T016,巡航,7764.321984015609,7784.103341079563,直连,,1065,PASS,worst_obstruction_endpoint_distance,5.5341333456205035,2092.098321356043,True,,端点最大距离且全时段按遮挡计损仍满足双向预算
T016,巡航,7784.103341079563,7803.884698143516,直连,,1066,PASS,worst_obstruction_endpoint_distance,6.850635996686719,1797.864505710022,True,,端点最大距离且全时段按遮挡计损仍满足双向预算
T016,巡航,7803.884698143516,7823.66605520747,直连,,1067,PASS,worst_obstruction_endpoint_distance,8.39730997944396,1504.6076282027716,True,,端点最大距离且全时段按遮挡计损仍满足双向预算
T016,巡航,7823.66605520747,7843.447412271423,直连,,1068,PASS,worst_obstruction_endpoint_distance,10.268298266887285,1213.0364331213775,True,,端点最大距离且全时段按遮挡计损仍满足双向预算
T016,巡航,7843.447412271423,7863.2287693353765,直连,,1069,PASS,worst_obstruction_endpoint_distance,12.62531864366639,924.7467764723526,True,,端点最大距离且全时段按遮挡计损仍满足双向预算
T016,巡航,7863.2287693353765,7883.01012639933,直连,,1070,PASS,worst_obstruction_endpoint_distance,15.765903798404153,644.1597258386764,True,,端点最大距离且全时段按遮挡计损仍满足双向预算
T016,巡航,7883.01012639933,7902.791483463284,直连,,1071,PASS,worst_obstruction_endpoint_distance,20.16139188232583,388.3462932369524,True,,端点最大距离且全时段按遮挡计损仍满足双向预算
T016,下降,7902.791483463284,7922.115709624695,直连,,1072,PASS,worst_obstruction_endpoint_distance,23.968262608738172,250.53916625976603,True,,端点最大距离且全时段按遮挡计损仍满足双向预算
T016,下降,7922.115709624695,7941.4399357861075,直连,,1073,PASS,worst_obstruction_endpoint_distance,25.423536680378135,211.89071393694337,True,,端点最大距离且全时段按遮挡计损仍满足双向预算
T016,下降,7941.4399357861075,7960.76416194752,直连,,1074,PASS,worst_obstruction_endpoint_distance,27.17269827277147,173.24226161411883,True,,端点最大距离且全时段按遮挡计损仍满足双向预算
T016,下降,7960.76416194752,7980.088388108931,直连,,1075,PASS,worst_obstruction_endpoint_distance,29.365273470603157,134.59380929129435,True,,端点最大距离且全时段按遮挡计损仍满足双向预算
T016,下降,7980.088388108931,7999.412614270343,直连,,1076,PASS,worst_obstruction_endpoint_distance,32.30529590570579,95.94535696847169,True,,端点最大距离且全时段按遮挡计损仍满足双向预算
T016,下降,7999.412614270343,8018.736840431755,直连,,1077,PASS,worst_obstruction_endpoint_distance,36.78315195211816,57.29690464564899,True,,端点最大距离且全时段按遮挡计损仍满足双向预算
T016,下降,8018.736840431755,8038.061066593167,直连,,1078,PASS,worst_obstruction_endpoint_distance,45.92517525248826,20.0,True,,端点最大距离且全时段按遮挡计损仍满足双向预算
T017,爬升,6249.0,6268.871088867188,直连,,1079,PASS,worst_obstruction_endpoint_distance,42.497163869641895,29.677722167968767,True,,端点最大距离且全时段按遮挡计损仍满足双向预算
T017,爬升,6268.871088867188,6288.742177734375,直连,,1080,PASS,worst_obstruction_endpoint_distance,33.95424061100921,79.35544433593753,True,,端点最大距离且全时段按遮挡计损仍满足双向预算
T017,爬升,6288.742177734375,6308.613266601563,直连,,1081,PASS,worst_obstruction_endpoint_distance,29.731748063926148,129.03316650390627,True,,端点最大距离且全时段按遮挡计损仍满足双向预算
T017,爬升,6308.613266601563,6328.48435546875,直连,,1082,PASS,worst_obstruction_endpoint_distance,26.902754877149746,178.710888671875,True,,端点最大距离且全时段按遮挡计损仍满足双向预算
T017,巡航,6328.48435546875,6348.042287651694,直连,,1083,PASS,worst_obstruction_endpoint_distance,21.226846823481353,343.5155626257681,True,,端点最大距离且全时段按遮挡计损仍满足双向预算
T017,巡航,6348.042287651694,6367.600219834638,直连,,1084,PASS,worst_obstruction_endpoint_distance,16.19159854535019,613.3506516465615,True,,端点最大距离且全时段按遮挡计损仍满足双向预算
T017,巡航,6367.600219834638,6387.158152017581,直连,,1085,PASS,worst_obstruction_endpoint_distance,12.879592400816222,898.0678270913432,True,,端点最大距离且全时段按遮挡计损仍满足双向预算
T017,巡航,6387.158152017581,6406.716084200526,直连,,1086,PASS,worst_obstruction_endpoint_distance,10.456716578783727,1187.0060413963242,True,,端点最大距离且全时段按遮挡计损仍满足双向预算
T017,巡航,6406.716084200526,6426.27401638347,直连,,1087,PASS,worst_obstruction_endpoint_distance,8.554100828864037,1477.691301536886,True,,端点最大距离且全时段按遮挡计损仍满足双向预算
T017,巡航,6426.27401638347,6445.831948566413,直连,,1088,PASS,worst_obstruction_endpoint_distance,6.989928674066292,1769.2627117074003,True,,端点最大距离且全时段按遮挡计损仍满足双向预算
T017,巡航,6445.831948566413,6465.389880749357,直连,,1089,PASS,worst_obstruction_endpoint_distance,5.662764533404953,2061.3442758330607,True,,端点最大距离且全时段按遮挡计损仍满足双向预算
T017,巡航,6465.389880749357,6484.9478129323015,直连,,1090,PASS,worst_obstruction_endpoint_distance,4.510582959293117,2353.74608317376,True,,端点最大距离且全时段按遮挡计损仍满足双向预算
T017,巡航,6484.9478129323015,6504.505745115245,直连,,1091,PASS,worst_obstruction_endpoint_distance,3.492790187069943,2646.361982925317,True,,端点最大距离且全时段按遮挡计损仍满足双向预算
T017,巡航,6504.505745115245,6524.063677298189,直连,,1092,PASS,worst_obstruction_endpoint_distance,2.5814050697037914,2939.128031468544,True,,端点最大距离且全时段按遮挡计损仍满足双向预算
T017,巡航,6524.063677298189,6543.621609481133,直连,,1093,PASS,worst_obstruction_endpoint_distance,1.756338916276647,3232.003426069633,True,,端点最大距离且全时段按遮挡计损仍满足双向预算
T017,巡航,6543.621609481133,6563.179541664077,直连,,1094,PASS,worst_obstruction_endpoint_distance,1.0026890572529226,3524.960911409265,True,,端点最大距离且全时段按遮挡计损仍满足双向预算
T017,巡航,6563.179541664077,6582.737473847021,直连,,1095,PASS,worst_obstruction_endpoint_distance,0.3090985653005305,3817.9815908238766,True,,端点最大距离且全时段按遮挡计损仍满足双向预算
T017,巡航,6582.737473847021,6602.295406029965,中继,R006,1096,PASS,worst_obstruction_endpoint_distance,8.081424527802142,782.0194088495538,True,,端点最大距离且全时段按遮挡计损仍满足双向预算
T017,巡航,6602.295406029965,6621.853338212909,中继,R006,1097,PASS,worst_obstruction_endpoint_distance,10.673868485573152,580.2235261198753,True,,端点最大距离且全时段按遮挡计损仍满足双向预算
T017,巡航,6621.853338212909,6641.411270395853,中继,R006,1098,PASS,worst_obstruction_endpoint_distance,11.127602816759634,550.691809792669,True,,端点最大距离且全时段按遮挡计损仍满足双向预算
T017,巡航,6641.411270395853,6660.969202578797,中继,R006,1099,PASS,worst_obstruction_endpoint_distance,8.583734102898092,738.0776477016811,True,,端点最大距离且全时段按遮挡计损仍满足双向预算
T017,巡航,6660.969202578797,6680.527134761741,中继,R006,1100,PASS,worst_obstruction_endpoint_distance,6.130368386555162,978.9721542379075,True,,端点最大距离且全时段按遮挡计损仍满足双向预算
T017,下降,6680.527134761741,6696.953495845725,中继,R006,1101,PASS,worst_obstruction_endpoint_distance,6.130368386555162,978.9721542379075,True,,端点最大距离且全时段按遮挡计损仍满足双向预算
T017,下降,6696.953495845725,6713.37985692971,中继,R006,1102,PASS,worst_obstruction_endpoint_distance,6.14101222200523,977.7732400071485,True,,端点最大距离且全时段按遮挡计损仍满足双向预算
T017,下降,6713.37985692971,6729.806218013694,中继,R006,1103,PASS,worst_obstruction_endpoint_distance,6.132916306772174,978.68502450936,True,,端点最大距离且全时段按遮挡计损仍满足双向预算
T017,下降,6729.806218013694,6746.232579097678,中继,R006,1104,PASS,worst_obstruction_endpoint_distance,6.114231144583172,980.7926464971222,True,,端点最大距离且全时段按遮挡计损仍满足双向预算
T017,投送,6746.232579097678,6765.29140262709,中继,R006,1105,PASS,exact_point,16.114231144583172,980.7926464971222,,,独立计算 DEM 遮挡、自由空间损耗与双向预算
T017,投送,6765.29140262709,6784.350226156502,中继,R006,1106,PASS,exact_point,16.114231144583172,980.7926464971222,,,独立计算 DEM 遮挡、自由空间损耗与双向预算
T017,投送,6784.350226156502,6803.4090496859135,中继,R006,1107,PASS,exact_point,16.114231144583172,980.7926464971222,,,独立计算 DEM 遮挡、自由空间损耗与双向预算
T017,投送,6803.4090496859135,6822.467873215325,中继,R006,1108,PASS,exact_point,16.114231144583172,980.7926464971222,,,独立计算 DEM 遮挡、自由空间损耗与双向预算
T017,投送,6822.467873215325,6841.526696744737,中继,R006,1109,PASS,exact_point,16.114231144583172,980.7926464971222,,,独立计算 DEM 遮挡、自由空间损耗与双向预算
T017,投送,6841.526696744737,6860.585520274149,中继,R006,1110,PASS,exact_point,16.114231144583172,980.7926464971222,,,独立计算 DEM 遮挡、自由空间损耗与双向预算
T017,投送,6860.585520274149,6879.64434380356,中继,R006,1111,PASS,exact_point,16.114231144583172,980.7926464971222,,,独立计算 DEM 遮挡、自由空间损耗与双向预算
T017,投送,6879.64434380356,6898.703167332972,中继,R006,1112,PASS,exact_point,16.114231144583172,980.7926464971222,,,独立计算 DEM 遮挡、自由空间损耗与双向预算
T017,投送,6898.703167332972,6917.761990862384,中继,R006,1113,PASS,exact_point,16.114231144583172,980.7926464971222,,,独立计算 DEM 遮挡、自由空间损耗与双向预算
T017,投送,6917.761990862384,6936.8208143917955,中继,R006,1114,PASS,exact_point,16.114231144583172,980.7926464971222,,,独立计算 DEM 遮挡、自由空间损耗与双向预算
T017,投送,6936.8208143917955,6955.879637921207,中继,R006,1115,PASS,exact_point,16.114231144583172,980.7926464971222,,,独立计算 DEM 遮挡、自由空间损耗与双向预算
T017,投送,6955.879637921207,6974.93846145062,中继,R006,1116,PASS,exact_point,16.114231144583172,980.7926464971222,,,独立计算 DEM 遮挡、自由空间损耗与双向预算
T017,投送,6974.93846145062,6993.997284980031,中继,R006,1117,PASS,exact_point,16.114231144583172,980.7926464971222,,,独立计算 DEM 遮挡、自由空间损耗与双向预算
T017,投送,6993.997284980031,7013.056108509443,中继,R006,1118,PASS,exact_point,16.114231144583172,980.7926464971222,,,独立计算 DEM 遮挡、自由空间损耗与双向预算
T017,投送,7013.056108509443,7032.114932038854,中继,R006,1119,PASS,exact_point,16.114231144583172,980.7926464971222,,,独立计算 DEM 遮挡、自由空间损耗与双向预算
T017,投送,7032.114932038854,7051.173755568267,中继,R006,1120,PASS,exact_point,16.114231144583172,980.7926464971222,,,独立计算 DEM 遮挡、自由空间损耗与双向预算
T017,投送,7051.173755568267,7070.232579097678,中继,R006,1121,PASS,exact_point,16.114231144583172,980.7926464971222,,,独立计算 DEM 遮挡、自由空间损耗与双向预算
T017,爬升,7070.232579097678,7087.754030920594,中继,R006,1122,PASS,worst_obstruction_endpoint_distance,6.114231144583172,980.7926464971222,True,,端点最大距离且全时段按遮挡计损仍满足双向预算
T017,爬升,7087.754030920594,7105.275482743511,中继,R006,1123,PASS,worst_obstruction_endpoint_distance,6.136985020436583,978.226688425628,True,,端点最大距离且全时段按遮挡计损仍满足双向预算
T017,爬升,7105.275482743511,7122.796934566428,中继,R006,1124,PASS,worst_obstruction_endpoint_distance,6.130368386555162,978.9721542379075,True,,端点最大距离且全时段按遮挡计损仍满足双向预算
T017,巡航,7122.796934566428,7142.354866749372,中继,R006,1125,PASS,worst_obstruction_endpoint_distance,6.130368386555162,978.9721542379075,True,,端点最大距离且全时段按遮挡计损仍满足双向预算
T017,巡航,7142.354866749372,7161.912798932316,中继,R006,1126,PASS,worst_obstruction_endpoint_distance,8.583734102902099,738.0776477013404,True,,端点最大距离且全时段按遮挡计损仍满足双向预算
T017,巡航,7161.912798932316,7181.47073111526,中继,R006,1127,PASS,worst_obstruction_endpoint_distance,11.127602816759634,550.691809792669,True,,端点最大距离且全时段按遮挡计损仍满足双向预算
T017,巡航,7181.47073111526,7201.028663298204,中继,R006,1128,PASS,worst_obstruction_endpoint_distance,10.673868485573152,580.2235261198753,True,,端点最大距离且全时段按遮挡计损仍满足双向预算
T017,巡航,7201.028663298204,7220.586595481148,中继,R006,1129,PASS,worst_obstruction_endpoint_distance,8.081424527802142,782.0194088495538,True,,端点最大距离且全时段按遮挡计损仍满足双向预算
T017,巡航,7220.586595481148,7240.144527664092,直连,,1130,PASS,worst_obstruction_endpoint_distance,0.3090985653005305,3817.9815908238766,True,,端点最大距离且全时段按遮挡计损仍满足双向预算
T017,巡航,7240.144527664092,7259.702459847035,直连,,1131,PASS,worst_obstruction_endpoint_distance,1.0026890572529226,3524.960911409265,True,,端点最大距离且全时段按遮挡计损仍满足双向预算
T017,巡航,7259.702459847035,7279.260392029979,直连,,1132,PASS,worst_obstruction_endpoint_distance,1.7563389162753964,3232.0034260700977,True,,端点最大距离且全时段按遮挡计损仍满足双向预算
T017,巡航,7279.260392029979,7298.8183242129235,直连,,1133,PASS,worst_obstruction_endpoint_distance,2.5814050697037914,2939.128031468544,True,,端点最大距离且全时段按遮挡计损仍满足双向预算
T017,巡航,7298.8183242129235,7318.376256395867,直连,,1134,PASS,worst_obstruction_endpoint_distance,3.492790187069943,2646.361982925317,True,,端点最大距离且全时段按遮挡计损仍满足双向预算
T017,巡航,7318.376256395867,7337.934188578811,直连,,1135,PASS,worst_obstruction_endpoint_distance,4.510582959293117,2353.74608317376,True,,端点最大距离且全时段按遮挡计损仍满足双向预算
T017,巡航,7337.934188578811,7357.492120761755,直连,,1136,PASS,worst_obstruction_endpoint_distance,5.662764533403006,2061.3442758335245,True,,端点最大距离且全时段按遮挡计损仍满足双向预算
T017,巡航,7357.492120761755,7377.050052944699,直连,,1137,PASS,worst_obstruction_endpoint_distance,6.989928674066292,1769.2627117074003,True,,端点最大距离且全时段按遮挡计损仍满足双向预算
T017,巡航,7377.050052944699,7396.607985127643,直连,,1138,PASS,worst_obstruction_endpoint_distance,8.554100828861323,1477.691301537348,True,,端点最大距离且全时段按遮挡计损仍满足双向预算
T017,巡航,7396.607985127643,7416.165917310587,直连,,1139,PASS,worst_obstruction_endpoint_distance,10.456716578783727,1187.0060413963242,True,,端点最大距离且全时段按遮挡计损仍满足双向预算
T017,巡航,7416.165917310587,7435.723849493531,直连,,1140,PASS,worst_obstruction_endpoint_distance,12.879592400811816,898.0678270917992,True,,端点最大距离且全时段按遮挡计损仍满足双向预算
T017,巡航,7435.723849493531,7455.281781676475,直连,,1141,PASS,worst_obstruction_endpoint_distance,16.19159854535019,613.3506516465615,True,,端点最大距离且全时段按遮挡计损仍满足双向预算
T017,巡航,7455.281781676475,7474.839713859419,直连,,1142,PASS,worst_obstruction_endpoint_distance,21.226846823471305,343.5155626261655,True,,端点最大距离且全时段按遮挡计损仍满足双向预算
T017,下降,7474.839713859419,7494.710802726606,直连,,1143,PASS,worst_obstruction_endpoint_distance,26.902754877149746,178.710888671875,True,,端点最大距离且全时段按遮挡计损仍满足双向预算
T017,下降,7494.710802726606,7514.581891593793,直连,,1144,PASS,worst_obstruction_endpoint_distance,29.087434584690158,138.96871093750144,True,,端点最大距离且全时段按遮挡计损仍满足双向预算
T017,下降,7514.581891593793,7534.452980460981,直连,,1145,PASS,worst_obstruction_endpoint_distance,32.0132188027426,99.22653320312611,True,,端点最大距离且全时段按遮挡计损仍满足双向预算
T017,下降,7534.452980460981,7554.324069328169,直连,,1146,PASS,worst_obstruction_endpoint_distance,36.457719961105596,59.48435546875072,True,,端点最大距离且全时段按遮挡计损仍满足双向预算
T017,下降,7554.324069328169,7574.195158195356,直连,,1147,PASS,worst_obstruction_endpoint_distance,45.92517525248826,20.0,True,,端点最大距离且全时段按遮挡计损仍满足双向预算
T018,爬升,6280.0,6296.34728881836,直连,,1148,PASS,worst_obstruction_endpoint_distance,42.68528468478428,29.041866455078775,True,,端点最大距离且全时段按遮挡计损仍满足双向预算
T018,爬升,6296.34728881836,6312.694577636719,直连,,1149,PASS,worst_obstruction_endpoint_distance,34.094563820666195,78.08373291015752,True,,端点最大距离且全时段按遮挡计损仍满足双向预算
T018,爬升,6312.694577636719,6329.041866455078,直连,,1150,PASS,worst_obstruction_endpoint_distance,29.861114895269864,127.12559936523354,True,,端点最大距离且全时段按遮挡计损仍满足双向预算
T018,爬升,6329.041866455078,6345.389155273438,直连,,1151,PASS,worst_obstruction_endpoint_distance,27.02726102514677,176.16746582031232,True,,端点最大距离且全时段按遮挡计损仍满足双向预算
T018,爬升,6345.389155273438,6361.736444091797,直连,,1152,PASS,worst_obstruction_endpoint_distance,24.894047506859238,225.20933227539103,True,,端点最大距离且全时段按遮挡计损仍满足双向预算
T018,巡航,6361.736444091797,6381.684875323222,直连,,1153,PASS,worst_obstruction_endpoint_distance,20.476569260061567,374.5073067081198,True,,端点最大距离且全时段按遮挡计损仍满足双向预算
T018,巡航,6381.684875323222,6401.633306554647,直连,,1154,PASS,worst_obstruction_endpoint_distance,15.829974101692486,639.4256493755012,True,,端点最大距离且全时段按遮挡计损仍满足双向预算
T018,巡航,6401.633306554647,6421.581737786071,直连,,1155,PASS,worst_obstruction_endpoint_distance,12.618260351929706,925.4985457841007,True,,端点最大距离且全时段按遮挡计损仍满足双向预算
T018,巡航,6421.581737786071,6441.5301690174965,直连,,1156,PASS,worst_obstruction_endpoint_distance,10.233476665807785,1217.9092389358796,True,,端点最大距离且全时段按遮挡计损仍满足双向预算
T018,巡航,6441.5301690174965,6461.478600248922,直连,,1157,PASS,worst_obstruction_endpoint_distance,8.349068263577223,1512.9875178566108,True,,端点最大距离且全时段按遮挡计损仍满足双向预算
T018,巡航,6461.478600248922,6481.427031480346,直连,,1158,PASS,worst_obstruction_endpoint_distance,6.794945300204006,1809.428778084995,True,,端点最大距离且全时段按遮挡计损仍满足双向预算
T018,巡航,6481.427031480346,6501.375462711771,直连,,1159,PASS,worst_obstruction_endpoint_distance,5.473895595477202,2106.657716764186,True,,端点最大距离且全时段按遮挡计损仍满足双向预算
T018,巡航,6501.375462711771,6521.323893943196,直连,,1160,PASS,worst_obstruction_endpoint_distance,4.325704959757758,2404.3822339864455,True,,端点最大距离且全时段按遮挡计损仍满足双向预算
T018,巡航,6521.323893943196,6541.272325174621,直连,,1161,PASS,worst_obstruction_endpoint_distance,3.3106586402651743,2702.4385427766797,True,,端点最大距离且全时段按遮挡计损仍满足双向预算
T018,巡航,6541.272325174621,6561.220756406046,直连,,1162,PASS,worst_obstruction_endpoint_distance,2.401243199064254,3000.7277761782934,True,,端点最大距离且全时段按遮挡计损仍满足双向预算
T018,巡航,6561.220756406046,6581.169187637471,直连,,1163,PASS,worst_obstruction_endpoint_distance,1.5776371600474448,3299.186756586918,True,,端点最大距离且全时段按遮挡计损仍满足双向预算
T018,巡航,6581.169187637471,6601.117618868896,直连,,1164,PASS,worst_obstruction_endpoint_distance,0.8250994230448754,3597.773239354705,True,,端点最大距离且全时段按遮挡计损仍满足双向预算
T018,巡航,6601.117618868896,6621.06605010032,直连,,1165,PASS,worst_obstruction_endpoint_distance,0.1323753731121542,3896.45791298493,True,,端点最大距离且全时段按遮挡计损仍满足双向预算
T018,巡航,6621.06605010032,6641.014481331746,中继,R006,1166,PASS,worst_obstruction_endpoint_distance,3.44893160150383,1333.0369210576005,True,,端点最大距离且全时段按遮挡计损仍满足双向预算
T018,巡航,6641.014481331746,6660.96291256317,中继,R006,1167,PASS,worst_obstruction_endpoint_distance,3.6883399634194802,1296.7962922298093,True,,端点最大距离且全时段按遮挡计损仍满足双向预算
T018,巡航,6660.96291256317,6680.911343794595,中继,R006,1168,PASS,worst_obstruction_endpoint_distance,3.152216567478817,1379.360959706343,True,,端点最大距离且全时段按遮挡计损仍满足双向预算
T018,巡航,6680.911343794595,6700.85977502602,中继,R006,1169,PASS,worst_obstruction_endpoint_distance,2.323466342154134,1517.4536729833121,True,,端点最大距离且全时段按遮挡计损仍满足双向预算
T018,巡航,6700.85977502602,6720.808206257445,中继,R006,1170,PASS,worst_obstruction_endpoint_distance,1.3491856219107774,1697.5769794053315,True,,端点最大距离且全时段按遮挡计损仍满足双向预算
T018,巡航,6720.808206257445,6740.75663748887,中继,R006,1171,PASS,worst_obstruction_endpoint_distance,0.3348299206298293,1907.8633366231968,True,,端点最大距离且全时段按遮挡计损仍满足双向预算
T018,巡航,6740.75663748887,6760.705068720295,中继,R007,1172,PASS,worst_obstruction_endpoint_distance,5.465934903575743,1056.7980739955074,True,,端点最大距离且全时段按遮挡计损仍满足双向预算
T018,巡航,6760.705068720295,6780.65349995172,中继,R007,1173,PASS,worst_obstruction_endpoint_distance,7.163167460360086,869.2213505149701,True,,端点最大距离且全时段按遮挡计损仍满足双向预算
T018,巡航,6780.65349995172,6800.601931183144,中继,R007,1174,PASS,worst_obstruction_endpoint_distance,8.361635307260357,757.1937018024331,True,,端点最大距离且全时段按遮挡计损仍满足双向预算
T018,巡航,6800.601931183144,6820.5503624145695,中继,R007,1175,PASS,worst_obstruction_endpoint_distance,7.2174888770571215,863.8022171589038,True,,端点最大距离且全时段按遮挡计损仍满足双向预算
T018,巡航,6820.5503624145695,6840.498793645995,中继,R007,1176,PASS,worst_obstruction_endpoint_distance,5.527232666505114,1049.3663291862797,True,,端点最大距离且全时段按遮挡计损仍满足双向预算
T018,巡航,6840.498793645995,6860.447224877419,中继,R007,1177,PASS,worst_obstruction_endpoint_distance,3.809912144193447,1278.77209625438,True,,端点最大距离且全时段按遮挡计损仍满足双向预算
T018,巡航,6860.447224877419,6880.395656108844,中继,R007,1178,PASS,worst_obstruction_endpoint_distance,2.238018545490135,1532.4553547674145,True,,端点最大距离且全时段按遮挡计损仍满足双向预算
T018,巡航,6880.395656108844,6900.344087340269,中继,R007,1179,PASS,worst_obstruction_endpoint_distance,0.8394489047696396,1800.181577902523,True,,端点最大距离且全时段按遮挡计损仍满足双向预算
T018,下降,6900.344087340269,6913.945331643655,中继,R007,1180,PASS,worst_obstruction_endpoint_distance,0.8284758755184782,1802.4572144371425,True,,端点最大距离且全时段按遮挡计损仍满足双向预算
T018,下降,6913.945331643655,6927.54657594704,中继,R007,1181,PASS,worst_obstruction_endpoint_distance,0.8144482146368262,1805.3705241351129,True,,端点最大距离且全时段按遮挡计损仍满足双向预算
T018,下降,6927.54657594704,6941.147820250426,中继,R007,1182,PASS,worst_obstruction_endpoint_distance,0.7973955137346138,1808.9184260319166,True,,端点最大距离且全时段按遮挡计损仍满足双向预算
T018,投送,6941.147820250426,6961.147820250426,中继,R007,1183,PASS,exact_point,0.7973955137346138,1808.9184260319166,,,独立计算 DEM 遮挡、自由空间损耗与双向预算
T018,投送,6961.147820250426,6981.147820250426,中继,R007,1184,PASS,exact_point,0.7973955137346138,1808.9184260319166,,,独立计算 DEM 遮挡、自由空间损耗与双向预算
T018,投送,6981.147820250426,7001.147820250426,中继,R007,1185,PASS,exact_point,0.7973955137346138,1808.9184260319166,,,独立计算 DEM 遮挡、自由空间损耗与双向预算
T018,投送,7001.147820250426,7021.147820250426,中继,R007,1186,PASS,exact_point,0.7973955137346138,1808.9184260319166,,,独立计算 DEM 遮挡、自由空间损耗与双向预算
T018,投送,7021.147820250426,7041.147820250426,中继,R007,1187,PASS,exact_point,0.7973955137346138,1808.9184260319166,,,独立计算 DEM 遮挡、自由空间损耗与双向预算
T018,投送,7041.147820250426,7061.147820250426,中继,R007,1188,PASS,exact_point,0.7973955137346138,1808.9184260319166,,,独立计算 DEM 遮挡、自由空间损耗与双向预算
T018,投送,7061.147820250426,7081.147820250426,中继,R007,1189,PASS,exact_point,0.7973955137346138,1808.9184260319166,,,独立计算 DEM 遮挡、自由空间损耗与双向预算
T018,投送,7081.147820250426,7101.147820250426,中继,R007,1190,PASS,exact_point,0.7973955137346138,1808.9184260319166,,,独立计算 DEM 遮挡、自由空间损耗与双向预算
T018,投送,7101.147820250426,7121.147820250426,中继,R007,1191,PASS,exact_point,0.7973955137346138,1808.9184260319166,,,独立计算 DEM 遮挡、自由空间损耗与双向预算
T018,投送,7121.147820250426,7141.147820250426,中继,R007,1192,PASS,exact_point,0.7973955137346138,1808.9184260319166,,,独立计算 DEM 遮挡、自由空间损耗与双向预算
T018,投送,7141.147820250426,7161.147820250426,中继,R007,1193,PASS,exact_point,0.7973955137346138,1808.9184260319166,,,独立计算 DEM 遮挡、自由空间损耗与双向预算
T018,投送,7161.147820250426,7181.147820250426,中继,R007,1194,PASS,exact_point,0.7973955137346138,1808.9184260319166,,,独立计算 DEM 遮挡、自由空间损耗与双向预算
T018,爬升,7181.147820250426,7198.149375629657,中继,R007,1195,PASS,worst_obstruction_endpoint_distance,0.7973955137346138,1808.9184260319166,True,,端点最大距离且全时段按遮挡计损仍满足双向预算
T018,爬升,7198.149375629657,7215.1509310088895,中继,R007,1196,PASS,worst_obstruction_endpoint_distance,0.8218421697135057,1803.8343373937878,True,,端点最大距离且全时段按遮挡计损仍满足双向预算
T018,巡航,7215.1509310088895,7235.099362240314,中继,R007,1197,PASS,worst_obstruction_endpoint_distance,0.8394489047696396,1800.181577902523,True,,端点最大距离且全时段按遮挡计损仍满足双向预算
T018,巡航,7235.099362240314,7255.047793471739,中继,R007,1198,PASS,worst_obstruction_endpoint_distance,2.238018545490135,1532.4553547674145,True,,端点最大距离且全时段按遮挡计损仍满足双向预算
T018,巡航,7255.047793471739,7274.9962247031635,中继,R007,1199,PASS,worst_obstruction_endpoint_distance,3.809912144193447,1278.77209625438,True,,端点最大距离且全时段按遮挡计损仍满足双向预算
T018,巡航,7274.9962247031635,7294.944655934589,中继,R007,1200,PASS,worst_obstruction_endpoint_distance,5.527232666505114,1049.3663291862797,True,,端点最大距离且全时段按遮挡计损仍满足双向预算
T018,巡航,7294.944655934589,7314.893087166014,中继,R007,1201,PASS,worst_obstruction_endpoint_distance,7.2174888770571215,863.8022171589038,True,,端点最大距离且全时段按遮挡计损仍满足双向预算
T018,巡航,7314.893087166014,7334.841518397438,中继,R007,1202,PASS,worst_obstruction_endpoint_distance,8.361635307260357,757.1937018024331,True,,端点最大距离且全时段按遮挡计损仍满足双向预算
T018,巡航,7334.841518397438,7354.789949628863,中继,R007,1203,PASS,worst_obstruction_endpoint_distance,7.163167460360086,869.2213505149701,True,,端点最大距离且全时段按遮挡计损仍满足双向预算
T018,巡航,7354.789949628863,7374.738380860288,中继,R007,1204,PASS,worst_obstruction_endpoint_distance,5.465934903575743,1056.7980739955074,True,,端点最大距离且全时段按遮挡计损仍满足双向预算
T018,巡航,7374.738380860288,7394.686812091713,中继,R006,1205,PASS,worst_obstruction_endpoint_distance,0.3348299206298293,1907.8633366231968,True,,端点最大距离且全时段按遮挡计损仍满足双向预算
T018,巡航,7394.686812091713,7414.635243323138,中继,R006,1206,PASS,worst_obstruction_endpoint_distance,1.3491856219107774,1697.5769794053315,True,,端点最大距离且全时段按遮挡计损仍满足双向预算
T018,巡航,7414.635243323138,7434.583674554563,中继,R006,1207,PASS,worst_obstruction_endpoint_distance,2.323466342154134,1517.4536729833121,True,,端点最大距离且全时段按遮挡计损仍满足双向预算
T018,巡航,7434.583674554563,7454.532105785987,中继,R006,1208,PASS,worst_obstruction_endpoint_distance,3.152216567478817,1379.360959706343,True,,端点最大距离且全时段按遮挡计损仍满足双向预算
T018,巡航,7454.532105785987,7474.480537017413,中继,R006,1209,PASS,worst_obstruction_endpoint_distance,3.6883399634194802,1296.7962922298093,True,,端点最大距离且全时段按遮挡计损仍满足双向预算
T018,巡航,7474.480537017413,7494.428968248838,中继,R006,1210,PASS,worst_obstruction_endpoint_distance,3.44893160150383,1333.0369210576005,True,,端点最大距离且全时段按遮挡计损仍满足双向预算
T018,巡航,7494.428968248838,7514.377399480262,直连,,1211,PASS,worst_obstruction_endpoint_distance,0.1323753731121542,3896.45791298493,True,,端点最大距离且全时段按遮挡计损仍满足双向预算
T018,巡航,7514.377399480262,7534.325830711688,直连,,1212,PASS,worst_obstruction_endpoint_distance,0.8250994230448754,3597.773239354705,True,,端点最大距离且全时段按遮挡计损仍满足双向预算
T018,巡航,7534.325830711688,7554.274261943112,直连,,1213,PASS,worst_obstruction_endpoint_distance,1.5776371600474448,3299.186756586918,True,,端点最大距离且全时段按遮挡计损仍满足双向预算
T018,巡航,7554.274261943112,7574.222693174537,直连,,1214,PASS,worst_obstruction_endpoint_distance,2.401243199064254,3000.7277761782934,True,,端点最大距离且全时段按遮挡计损仍满足双向预算
T018,巡航,7574.222693174537,7594.1711244059625,直连,,1215,PASS,worst_obstruction_endpoint_distance,3.3106586402651743,2702.4385427766797,True,,端点最大距离且全时段按遮挡计损仍满足双向预算
T018,巡航,7594.1711244059625,7614.119555637387,直连,,1216,PASS,worst_obstruction_endpoint_distance,4.325704959757758,2404.3822339864455,True,,端点最大距离且全时段按遮挡计损仍满足双向预算
T018,巡航,7614.119555637387,7634.067986868811,直连,,1217,PASS,worst_obstruction_endpoint_distance,5.473895595477202,2106.657716764186,True,,端点最大距离且全时段按遮挡计损仍满足双向预算
T018,巡航,7634.067986868811,7654.0164181002365,直连,,1218,PASS,worst_obstruction_endpoint_distance,6.794945300204006,1809.428778084995,True,,端点最大距离且全时段按遮挡计损仍满足双向预算
T018,巡航,7654.0164181002365,7673.964849331662,直连,,1219,PASS,worst_obstruction_endpoint_distance,8.349068263577223,1512.9875178566108,True,,端点最大距离且全时段按遮挡计损仍满足双向预算
T018,巡航,7673.964849331662,7693.913280563086,直连,,1220,PASS,worst_obstruction_endpoint_distance,10.233476665807785,1217.9092389358796,True,,端点最大距离且全时段按遮挡计损仍满足双向预算
T018,巡航,7693.913280563086,7713.861711794511,直连,,1221,PASS,worst_obstruction_endpoint_distance,12.618260351929706,925.4985457841007,True,,端点最大距离且全时段按遮挡计损仍满足双向预算
T018,巡航,7713.861711794511,7733.810143025936,直连,,1222,PASS,worst_obstruction_endpoint_distance,15.829974101692486,639.4256493755012,True,,端点最大距离且全时段按遮挡计损仍满足双向预算
T018,巡航,7733.810143025936,7753.758574257361,直连,,1223,PASS,worst_obstruction_endpoint_distance,20.476569260061567,374.5073067081198,True,,端点最大距离且全时段按遮挡计损仍满足双向预算
T018,下降,7753.758574257361,7773.375320839392,直连,,1224,PASS,worst_obstruction_endpoint_distance,24.894047506859238,225.20933227539103,True,,端点最大距离且全时段按遮挡计损仍满足双向预算
T018,下降,7773.375320839392,7792.992067421424,直连,,1225,PASS,worst_obstruction_endpoint_distance,27.0272610251467,176.16746582031374,True,,端点最大距离且全时段按遮挡计损仍满足双向预算
T018,下降,7792.992067421424,7812.608814003455,直连,,1226,PASS,worst_obstruction_endpoint_distance,29.86111489526982,127.12559936523417,True,,端点最大距离且全时段按遮挡计损仍满足双向预算
T018,下降,7812.608814003455,7832.225560585486,直连,,1227,PASS,worst_obstruction_endpoint_distance,34.09456382066654,78.0837329101546,True,,端点最大距离且全时段按遮挡计损仍满足双向预算
T018,下降,7832.225560585486,7851.842307167517,直连,,1228,PASS,worst_obstruction_endpoint_distance,42.68528468478472,29.041866455077297,True,,端点最大距离且全时段按遮挡计损仍满足双向预算
T019,爬升,6280.0,6296.34728881836,直连,,1229,PASS,worst_obstruction_endpoint_distance,42.68528468478428,29.041866455078775,True,,端点最大距离且全时段按遮挡计损仍满足双向预算
T019,爬升,6296.34728881836,6312.694577636719,直连,,1230,PASS,worst_obstruction_endpoint_distance,34.094563820666195,78.08373291015752,True,,端点最大距离且全时段按遮挡计损仍满足双向预算
T019,爬升,6312.694577636719,6329.041866455078,直连,,1231,PASS,worst_obstruction_endpoint_distance,29.861114895269864,127.12559936523354,True,,端点最大距离且全时段按遮挡计损仍满足双向预算
T019,爬升,6329.041866455078,6345.389155273438,直连,,1232,PASS,worst_obstruction_endpoint_distance,27.02726102514677,176.16746582031232,True,,端点最大距离且全时段按遮挡计损仍满足双向预算
T019,爬升,6345.389155273438,6361.736444091797,直连,,1233,PASS,worst_obstruction_endpoint_distance,24.894047506859238,225.20933227539103,True,,端点最大距离且全时段按遮挡计损仍满足双向预算
T019,巡航,6361.736444091797,6381.684875323222,直连,,1234,PASS,worst_obstruction_endpoint_distance,20.476569260061567,374.5073067081198,True,,端点最大距离且全时段按遮挡计损仍满足双向预算
T019,巡航,6381.684875323222,6401.633306554647,直连,,1235,PASS,worst_obstruction_endpoint_distance,15.829974101692486,639.4256493755012,True,,端点最大距离且全时段按遮挡计损仍满足双向预算
T019,巡航,6401.633306554647,6421.581737786071,直连,,1236,PASS,worst_obstruction_endpoint_distance,12.618260351929706,925.4985457841007,True,,端点最大距离且全时段按遮挡计损仍满足双向预算
T019,巡航,6421.581737786071,6441.5301690174965,直连,,1237,PASS,worst_obstruction_endpoint_distance,10.233476665807785,1217.9092389358796,True,,端点最大距离且全时段按遮挡计损仍满足双向预算
T019,巡航,6441.5301690174965,6461.478600248922,直连,,1238,PASS,worst_obstruction_endpoint_distance,8.349068263577223,1512.9875178566108,True,,端点最大距离且全时段按遮挡计损仍满足双向预算
T019,巡航,6461.478600248922,6481.427031480346,直连,,1239,PASS,worst_obstruction_endpoint_distance,6.794945300204006,1809.428778084995,True,,端点最大距离且全时段按遮挡计损仍满足双向预算
T019,巡航,6481.427031480346,6501.375462711771,直连,,1240,PASS,worst_obstruction_endpoint_distance,5.473895595477202,2106.657716764186,True,,端点最大距离且全时段按遮挡计损仍满足双向预算
T019,巡航,6501.375462711771,6521.323893943196,直连,,1241,PASS,worst_obstruction_endpoint_distance,4.325704959757758,2404.3822339864455,True,,端点最大距离且全时段按遮挡计损仍满足双向预算
T019,巡航,6521.323893943196,6541.272325174621,直连,,1242,PASS,worst_obstruction_endpoint_distance,3.3106586402651743,2702.4385427766797,True,,端点最大距离且全时段按遮挡计损仍满足双向预算
T019,巡航,6541.272325174621,6561.220756406046,直连,,1243,PASS,worst_obstruction_endpoint_distance,2.401243199064254,3000.7277761782934,True,,端点最大距离且全时段按遮挡计损仍满足双向预算
T019,巡航,6561.220756406046,6581.169187637471,直连,,1244,PASS,worst_obstruction_endpoint_distance,1.5776371600474448,3299.186756586918,True,,端点最大距离且全时段按遮挡计损仍满足双向预算
T019,巡航,6581.169187637471,6601.117618868896,直连,,1245,PASS,worst_obstruction_endpoint_distance,0.8250994230448754,3597.773239354705,True,,端点最大距离且全时段按遮挡计损仍满足双向预算
T019,巡航,6601.117618868896,6621.06605010032,直连,,1246,PASS,worst_obstruction_endpoint_distance,0.1323753731121542,3896.45791298493,True,,端点最大距离且全时段按遮挡计损仍满足双向预算
T019,巡航,6621.06605010032,6641.014481331746,中继,R006,1247,PASS,worst_obstruction_endpoint_distance,3.44893160150383,1333.0369210576005,True,,端点最大距离且全时段按遮挡计损仍满足双向预算
T019,巡航,6641.014481331746,6660.96291256317,中继,R006,1248,PASS,worst_obstruction_endpoint_distance,3.6883399634194802,1296.7962922298093,True,,端点最大距离且全时段按遮挡计损仍满足双向预算
T019,巡航,6660.96291256317,6680.911343794595,中继,R006,1249,PASS,worst_obstruction_endpoint_distance,3.152216567478817,1379.360959706343,True,,端点最大距离且全时段按遮挡计损仍满足双向预算
T019,巡航,6680.911343794595,6700.85977502602,中继,R006,1250,PASS,worst_obstruction_endpoint_distance,2.323466342154134,1517.4536729833121,True,,端点最大距离且全时段按遮挡计损仍满足双向预算
T019,巡航,6700.85977502602,6720.808206257445,中继,R006,1251,PASS,worst_obstruction_endpoint_distance,1.3491856219107774,1697.5769794053315,True,,端点最大距离且全时段按遮挡计损仍满足双向预算
T019,巡航,6720.808206257445,6740.75663748887,中继,R006,1252,PASS,worst_obstruction_endpoint_distance,0.3348299206298293,1907.8633366231968,True,,端点最大距离且全时段按遮挡计损仍满足双向预算
T019,巡航,6740.75663748887,6760.705068720295,中继,R007,1253,PASS,worst_obstruction_endpoint_distance,5.465934903575743,1056.7980739955074,True,,端点最大距离且全时段按遮挡计损仍满足双向预算
T019,巡航,6760.705068720295,6780.65349995172,中继,R007,1254,PASS,worst_obstruction_endpoint_distance,7.163167460360086,869.2213505149701,True,,端点最大距离且全时段按遮挡计损仍满足双向预算
T019,巡航,6780.65349995172,6800.601931183144,中继,R007,1255,PASS,worst_obstruction_endpoint_distance,8.361635307260357,757.1937018024331,True,,端点最大距离且全时段按遮挡计损仍满足双向预算
T019,巡航,6800.601931183144,6820.5503624145695,中继,R007,1256,PASS,worst_obstruction_endpoint_distance,7.2174888770571215,863.8022171589038,True,,端点最大距离且全时段按遮挡计损仍满足双向预算
T019,巡航,6820.5503624145695,6840.498793645995,中继,R007,1257,PASS,worst_obstruction_endpoint_distance,5.527232666505114,1049.3663291862797,True,,端点最大距离且全时段按遮挡计损仍满足双向预算
T019,巡航,6840.498793645995,6860.447224877419,中继,R007,1258,PASS,worst_obstruction_endpoint_distance,3.809912144193447,1278.77209625438,True,,端点最大距离且全时段按遮挡计损仍满足双向预算
T019,巡航,6860.447224877419,6880.395656108844,中继,R007,1259,PASS,worst_obstruction_endpoint_distance,2.238018545490135,1532.4553547674145,True,,端点最大距离且全时段按遮挡计损仍满足双向预算
T019,巡航,6880.395656108844,6900.344087340269,中继,R007,1260,PASS,worst_obstruction_endpoint_distance,0.8394489047696396,1800.181577902523,True,,端点最大距离且全时段按遮挡计损仍满足双向预算
T019,下降,6900.344087340269,6913.945331643655,中继,R007,1261,PASS,worst_obstruction_endpoint_distance,0.8284758755184782,1802.4572144371425,True,,端点最大距离且全时段按遮挡计损仍满足双向预算
T019,下降,6913.945331643655,6927.54657594704,中继,R007,1262,PASS,worst_obstruction_endpoint_distance,0.8144482146368262,1805.3705241351129,True,,端点最大距离且全时段按遮挡计损仍满足双向预算
T019,下降,6927.54657594704,6941.147820250426,中继,R007,1263,PASS,worst_obstruction_endpoint_distance,0.7973955137346138,1808.9184260319166,True,,端点最大距离且全时段按遮挡计损仍满足双向预算
T019,投送,6941.147820250426,6960.238729341334,中继,R007,1264,PASS,exact_point,0.7973955137346138,1808.9184260319166,,,独立计算 DEM 遮挡、自由空间损耗与双向预算
T019,投送,6960.238729341334,6979.329638432244,中继,R007,1265,PASS,exact_point,0.7973955137346138,1808.9184260319166,,,独立计算 DEM 遮挡、自由空间损耗与双向预算
T019,投送,6979.329638432244,6998.420547523153,中继,R007,1266,PASS,exact_point,0.7973955137346138,1808.9184260319166,,,独立计算 DEM 遮挡、自由空间损耗与双向预算
T019,投送,6998.420547523153,7017.511456614062,中继,R007,1267,PASS,exact_point,0.7973955137346138,1808.9184260319166,,,独立计算 DEM 遮挡、自由空间损耗与双向预算
T019,投送,7017.511456614062,7036.602365704971,中继,R007,1268,PASS,exact_point,0.7973955137346138,1808.9184260319166,,,独立计算 DEM 遮挡、自由空间损耗与双向预算
T019,投送,7036.602365704971,7055.69327479588,中继,R007,1269,PASS,exact_point,0.7973955137346138,1808.9184260319166,,,独立计算 DEM 遮挡、自由空间损耗与双向预算
T019,投送,7055.69327479588,7074.784183886789,中继,R007,1270,PASS,exact_point,0.7973955137346138,1808.9184260319166,,,独立计算 DEM 遮挡、自由空间损耗与双向预算
T019,投送,7074.784183886789,7093.875092977698,中继,R007,1271,PASS,exact_point,0.7973955137346138,1808.9184260319166,,,独立计算 DEM 遮挡、自由空间损耗与双向预算
T019,投送,7093.875092977698,7112.966002068607,中继,R007,1272,PASS,exact_point,0.7973955137346138,1808.9184260319166,,,独立计算 DEM 遮挡、自由空间损耗与双向预算
T019,投送,7112.966002068607,7132.056911159516,中继,R007,1273,PASS,exact_point,0.7973955137346138,1808.9184260319166,,,独立计算 DEM 遮挡、自由空间损耗与双向预算
T019,投送,7132.056911159516,7151.147820250426,中继,R007,1274,PASS,exact_point,0.7973955137346138,1808.9184260319166,,,独立计算 DEM 遮挡、自由空间损耗与双向预算
T019,爬升,7151.147820250426,7168.149375629657,中继,R007,1275,PASS,worst_obstruction_endpoint_distance,0.7973955137346138,1808.9184260319166,True,,端点最大距离且全时段按遮挡计损仍满足双向预算
T019,爬升,7168.149375629657,7185.1509310088895,中继,R007,1276,PASS,worst_obstruction_endpoint_distance,0.8218421697135057,1803.8343373937878,True,,端点最大距离且全时段按遮挡计损仍满足双向预算
T019,巡航,7185.1509310088895,7205.099362240314,中继,R007,1277,PASS,worst_obstruction_endpoint_distance,0.8394489047696396,1800.181577902523,True,,端点最大距离且全时段按遮挡计损仍满足双向预算
T019,巡航,7205.099362240314,7225.047793471739,中继,R007,1278,PASS,worst_obstruction_endpoint_distance,2.238018545490135,1532.4553547674145,True,,端点最大距离且全时段按遮挡计损仍满足双向预算
T019,巡航,7225.047793471739,7244.9962247031635,中继,R007,1279,PASS,worst_obstruction_endpoint_distance,3.809912144193447,1278.77209625438,True,,端点最大距离且全时段按遮挡计损仍满足双向预算
T019,巡航,7244.9962247031635,7264.944655934589,中继,R007,1280,PASS,worst_obstruction_endpoint_distance,5.527232666505114,1049.3663291862797,True,,端点最大距离且全时段按遮挡计损仍满足双向预算
T019,巡航,7264.944655934589,7284.893087166014,中继,R007,1281,PASS,worst_obstruction_endpoint_distance,7.2174888770571215,863.8022171589038,True,,端点最大距离且全时段按遮挡计损仍满足双向预算
T019,巡航,7284.893087166014,7304.841518397438,中继,R007,1282,PASS,worst_obstruction_endpoint_distance,8.361635307260357,757.1937018024331,True,,端点最大距离且全时段按遮挡计损仍满足双向预算
T019,巡航,7304.841518397438,7324.789949628863,中继,R007,1283,PASS,worst_obstruction_endpoint_distance,7.163167460360086,869.2213505149701,True,,端点最大距离且全时段按遮挡计损仍满足双向预算
T019,巡航,7324.789949628863,7344.738380860288,中继,R007,1284,PASS,worst_obstruction_endpoint_distance,5.465934903575743,1056.7980739955074,True,,端点最大距离且全时段按遮挡计损仍满足双向预算
T019,巡航,7344.738380860288,7364.686812091713,中继,R006,1285,PASS,worst_obstruction_endpoint_distance,0.3348299206298293,1907.8633366231968,True,,端点最大距离且全时段按遮挡计损仍满足双向预算
T019,巡航,7364.686812091713,7384.635243323138,中继,R006,1286,PASS,worst_obstruction_endpoint_distance,1.3491856219107774,1697.5769794053315,True,,端点最大距离且全时段按遮挡计损仍满足双向预算
T019,巡航,7384.635243323138,7404.583674554563,中继,R006,1287,PASS,worst_obstruction_endpoint_distance,2.323466342154134,1517.4536729833121,True,,端点最大距离且全时段按遮挡计损仍满足双向预算
T019,巡航,7404.583674554563,7424.532105785987,中继,R006,1288,PASS,worst_obstruction_endpoint_distance,3.152216567478817,1379.360959706343,True,,端点最大距离且全时段按遮挡计损仍满足双向预算
T019,巡航,7424.532105785987,7444.480537017413,中继,R006,1289,PASS,worst_obstruction_endpoint_distance,3.6883399634194802,1296.7962922298093,True,,端点最大距离且全时段按遮挡计损仍满足双向预算
T019,巡航,7444.480537017413,7464.428968248838,中继,R006,1290,PASS,worst_obstruction_endpoint_distance,3.44893160150383,1333.0369210576005,True,,端点最大距离且全时段按遮挡计损仍满足双向预算
T019,巡航,7464.428968248838,7484.377399480262,直连,,1291,PASS,worst_obstruction_endpoint_distance,0.1323753731121542,3896.45791298493,True,,端点最大距离且全时段按遮挡计损仍满足双向预算
T019,巡航,7484.377399480262,7504.325830711688,直连,,1292,PASS,worst_obstruction_endpoint_distance,0.8250994230448754,3597.773239354705,True,,端点最大距离且全时段按遮挡计损仍满足双向预算
T019,巡航,7504.325830711688,7524.274261943112,直连,,1293,PASS,worst_obstruction_endpoint_distance,1.5776371600474448,3299.186756586918,True,,端点最大距离且全时段按遮挡计损仍满足双向预算
T019,巡航,7524.274261943112,7544.222693174537,直连,,1294,PASS,worst_obstruction_endpoint_distance,2.401243199064254,3000.7277761782934,True,,端点最大距离且全时段按遮挡计损仍满足双向预算
T019,巡航,7544.222693174537,7564.1711244059625,直连,,1295,PASS,worst_obstruction_endpoint_distance,3.3106586402651743,2702.4385427766797,True,,端点最大距离且全时段按遮挡计损仍满足双向预算
T019,巡航,7564.1711244059625,7584.119555637387,直连,,1296,PASS,worst_obstruction_endpoint_distance,4.325704959757758,2404.3822339864455,True,,端点最大距离且全时段按遮挡计损仍满足双向预算
T019,巡航,7584.119555637387,7604.067986868811,直连,,1297,PASS,worst_obstruction_endpoint_distance,5.473895595477202,2106.657716764186,True,,端点最大距离且全时段按遮挡计损仍满足双向预算
T019,巡航,7604.067986868811,7624.0164181002365,直连,,1298,PASS,worst_obstruction_endpoint_distance,6.794945300204006,1809.428778084995,True,,端点最大距离且全时段按遮挡计损仍满足双向预算
T019,巡航,7624.0164181002365,7643.964849331662,直连,,1299,PASS,worst_obstruction_endpoint_distance,8.349068263577223,1512.9875178566108,True,,端点最大距离且全时段按遮挡计损仍满足双向预算
T019,巡航,7643.964849331662,7663.913280563086,直连,,1300,PASS,worst_obstruction_endpoint_distance,10.233476665807785,1217.9092389358796,True,,端点最大距离且全时段按遮挡计损仍满足双向预算
T019,巡航,7663.913280563086,7683.861711794511,直连,,1301,PASS,worst_obstruction_endpoint_distance,12.618260351929706,925.4985457841007,True,,端点最大距离且全时段按遮挡计损仍满足双向预算
T019,巡航,7683.861711794511,7703.810143025936,直连,,1302,PASS,worst_obstruction_endpoint_distance,15.829974101692486,639.4256493755012,True,,端点最大距离且全时段按遮挡计损仍满足双向预算
T019,巡航,7703.810143025936,7723.758574257361,直连,,1303,PASS,worst_obstruction_endpoint_distance,20.476569260061567,374.5073067081198,True,,端点最大距离且全时段按遮挡计损仍满足双向预算
T019,下降,7723.758574257361,7743.375320839392,直连,,1304,PASS,worst_obstruction_endpoint_distance,24.894047506859238,225.20933227539103,True,,端点最大距离且全时段按遮挡计损仍满足双向预算
T019,下降,7743.375320839392,7762.992067421424,直连,,1305,PASS,worst_obstruction_endpoint_distance,27.0272610251467,176.16746582031374,True,,端点最大距离且全时段按遮挡计损仍满足双向预算
T019,下降,7762.992067421424,7782.608814003455,直连,,1306,PASS,worst_obstruction_endpoint_distance,29.86111489526982,127.12559936523417,True,,端点最大距离且全时段按遮挡计损仍满足双向预算
T019,下降,7782.608814003455,7802.225560585486,直连,,1307,PASS,worst_obstruction_endpoint_distance,34.09456382066654,78.0837329101546,True,,端点最大距离且全时段按遮挡计损仍满足双向预算
T019,下降,7802.225560585486,7821.842307167517,直连,,1308,PASS,worst_obstruction_endpoint_distance,42.68528468478472,29.041866455077297,True,,端点最大距离且全时段按遮挡计损仍满足双向预算
T020,爬升,8212.0,8230.629083930122,直连,,1309,PASS,worst_obstruction_endpoint_distance,40.84697113032489,35.88725179036649,True,,端点最大距离且全时段按遮挡计损仍满足双向预算
T020,爬升,8230.629083930122,8249.258167860244,直连,,1310,PASS,worst_obstruction_endpoint_distance,32.69133428513629,91.77450358073298,True,,端点最大距离且全时段按遮挡计损仍满足双向预算
T020,爬升,8249.258167860244,8267.887251790364,直连,,1311,PASS,worst_obstruction_endpoint_distance,28.560414627442924,147.661755371094,True,,端点最大距离且全时段按遮挡计损仍满足双向预算
T020,巡航,8267.887251790364,8286.60790556874,直连,,1312,PASS,worst_obstruction_endpoint_distance,21.91728608924737,317.26667257153207,True,,端点最大距离且全时段按遮挡计损仍满足双向预算
T020,巡航,8286.60790556874,8305.328559347117,直连,,1313,PASS,worst_obstruction_endpoint_distance,16.66663440279322,580.7069692195184,True,,端点最大距离且全时段按遮挡计损仍满足双向预算
T020,巡航,8305.328559347117,8324.049213125494,直连,,1314,PASS,worst_obstruction_endpoint_distance,13.303683384717473,855.2726592885795,True,,端点最大距离且全时段按遮挡计损仍满足双向预算
T020,巡航,8324.049213125494,8342.76986690387,直连,,1315,PASS,worst_obstruction_endpoint_distance,10.861916747871135,1132.9035062187145,True,,端点最大距离且全时段按遮挡计损仍满足双向预算
T020,巡航,8342.76986690387,8361.490520682246,直连,,1316,PASS,worst_obstruction_endpoint_distance,8.950358587342222,1411.7923650913392,True,,端点最大距离且全时段按遮挡计损仍满足双向预算
T020,巡航,8361.490520682246,8380.211174460623,直连,,1317,PASS,worst_obstruction_endpoint_distance,7.381274715503494,1691.317032642597,True,,端点最大距离且全时段按遮挡计损仍满足双向预算
T020,巡航,8380.211174460623,8398.931828238998,直连,,1318,PASS,worst_obstruction_endpoint_distance,6.051130303594704,1971.2070471504326,True,,端点最大距离且全时段按遮挡计损仍满足双向预算
T020,巡航,8398.931828238998,8417.652482017374,直连,,1319,PASS,worst_obstruction_endpoint_distance,4.897006846639741,2251.326150430654,True,,端点最大距离且全时段按遮挡计损仍满足双向预算
T020,巡航,8417.652482017374,8436.373135795751,直连,,1320,PASS,worst_obstruction_endpoint_distance,3.8778792645119466,2531.5982982184714,True,,端点最大距离且全时段按遮挡计损仍满足双向预算
T020,巡航,8436.373135795751,8455.093789574126,直连,,1321,PASS,worst_obstruction_endpoint_distance,2.9655376322348275,2811.977728667235,True,,端点最大距离且全时段按遮挡计损仍满足双向预算
T020,下降,8455.093789574126,8471.746140648345,直连,,1322,PASS,worst_obstruction_endpoint_distance,2.9655376322348275,2811.977728667235,True,,端点最大距离且全时段按遮挡计损仍满足双向预算
T020,下降,8471.746140648345,8488.398491722564,直连,,1323,PASS,worst_obstruction_endpoint_distance,2.9713422573941983,2810.099161870278,True,,端点最大距离且全时段按遮挡计损仍满足双向预算
T020,投送,8488.398491722564,8508.398491722564,直连,,1324,PASS,exact_point,2.9752461696598544,2808.8364339208633,,,独立计算 DEM 遮挡、自由空间损耗与双向预算
T020,投送,8508.398491722564,8528.398491722564,直连,,1325,PASS,exact_point,2.9752461696598544,2808.8364339208633,,,独立计算 DEM 遮挡、自由空间损耗与双向预算
T020,投送,8528.398491722564,8548.398491722564,直连,,1326,PASS,exact_point,2.9752461696598544,2808.8364339208633,,,独立计算 DEM 遮挡、自由空间损耗与双向预算
T020,投送,8548.398491722564,8568.398491722564,直连,,1327,PASS,exact_point,2.9752461696598544,2808.8364339208633,,,独立计算 DEM 遮挡、自由空间损耗与双向预算
T020,投送,8568.398491722564,8588.398491722564,直连,,1328,PASS,exact_point,2.9752461696598544,2808.8364339208633,,,独立计算 DEM 遮挡、自由空间损耗与双向预算
T020,投送,8588.398491722564,8608.398491722564,直连,,1329,PASS,exact_point,2.9752461696598544,2808.8364339208633,,,独立计算 DEM 遮挡、自由空间损耗与双向预算
T020,投送,8608.398491722564,8628.398491722564,直连,,1330,PASS,exact_point,2.9752461696598544,2808.8364339208633,,,独立计算 DEM 遮挡、自由空间损耗与双向预算
T020,投送,8628.398491722564,8648.398491722564,直连,,1331,PASS,exact_point,2.9752461696598544,2808.8364339208633,,,独立计算 DEM 遮挡、自由空间损耗与双向预算
T020,投送,8648.398491722564,8668.398491722564,直连,,1332,PASS,exact_point,2.9752461696598544,2808.8364339208633,,,独立计算 DEM 遮挡、自由空间损耗与双向预算
T020,爬升,8668.398491722564,8683.448371686758,直连,,1333,PASS,worst_obstruction_endpoint_distance,2.970925081130119,2810.2341319046473,True,,端点最大距离且全时段按遮挡计损仍满足双向预算
T020,爬升,8683.448371686758,8698.49825165095,直连,,1334,PASS,worst_obstruction_endpoint_distance,2.96436908070838,2812.3560620389653,True,,端点最大距离且全时段按遮挡计损仍满足双向预算
T020,爬升,8698.49825165095,8713.548131615144,直连,,1335,PASS,worst_obstruction_endpoint_distance,2.9555882791237877,2815.20058667542,True,,端点最大距离且全时段按遮挡计损仍满足双向预算
T020,巡航,8713.548131615144,8732.233050505,直连,,1336,PASS,worst_obstruction_endpoint_distance,2.299243237410579,3036.1735771286017,True,,端点最大距离且全时段按遮挡计损仍满足双向预算
T020,巡航,8732.233050505,8750.917969394857,直连,,1337,PASS,worst_obstruction_endpoint_distance,1.6647609172103728,3266.259699557645,True,,端点最大距离且全时段按遮挡计损仍满足双向预算
T020,巡航,8750.917969394857,8769.602888284715,直连,,1338,PASS,worst_obstruction_endpoint_distance,1.0553260708320664,3503.664031655883,True,,端点最大距离且全时段按遮挡计损仍满足双向预算
T020,巡航,8769.602888284715,8788.287807174573,直连,,1339,PASS,worst_obstruction_endpoint_distance,0.4721109995059436,3746.995817418023,True,,端点最大距离且全时段按遮挡计损仍满足双向预算
T020,巡航,8788.287807174573,8806.97272606443,中继,R006,1340,PASS,worst_obstruction_endpoint_distance,3.798268298688413,1280.4875002099652,True,,端点最大距离且全时段按遮挡计损仍满足双向预算
T020,巡航,8806.97272606443,8825.657644954288,中继,R006,1341,PASS,worst_obstruction_endpoint_distance,5.40048944590194,1064.790789946314,True,,端点最大距离且全时段按遮挡计损仍满足双向预算
T020,巡航,8825.657644954288,8844.342563844144,中继,R006,1342,PASS,worst_obstruction_endpoint_distance,6.996982325538966,886.0120776712197,True,,端点最大距离且全时段按遮挡计损仍满足双向预算
T020,巡航,8844.342563844144,8863.027482734002,中继,R006,1343,PASS,worst_obstruction_endpoint_distance,8.212576663494389,770.3000483372017,True,,端点最大距离且全时段按遮挡计损仍满足双向预算
T020,巡航,8863.027482734002,8881.71240162386,中继,R006,1344,PASS,worst_obstruction_endpoint_distance,7.6119320077001476,825.4526344007177,True,,端点最大距离且全时段按遮挡计损仍满足双向预算
T020,巡航,8881.71240162386,8900.397320513717,中继,R006,1345,PASS,worst_obstruction_endpoint_distance,6.118373286253487,980.325035955346,True,,端点最大距离且全时段按遮挡计损仍满足双向预算
T020,下降,8900.397320513717,8915.652212481491,中继,R006,1346,PASS,worst_obstruction_endpoint_distance,6.118373286253487,980.325035955346,True,,端点最大距离且全时段按遮挡计损仍满足双向预算
T020,下降,8915.652212481491,8930.907104449263,中继,R006,1347,PASS,worst_obstruction_endpoint_distance,6.137095591161639,978.2142357523538,True,,端点最大距离且全时段按遮挡计损仍满足双向预算
T020,下降,8930.907104449263,8946.161996417037,中继,R006,1348,PASS,worst_obstruction_endpoint_distance,6.135015078911692,978.448573344328,True,,端点最大距离且全时段按遮挡计损仍满足双向预算
T020,下降,8946.161996417037,8961.41688838481,中继,R006,1349,PASS,worst_obstruction_endpoint_distance,6.114231144583172,980.7926464971222,True,,端点最大距离且全时段按遮挡计损仍满足双向预算
T020,投送,8961.41688838481,8980.507797475719,中继,R006,1350,PASS,exact_point,16.114231144583172,980.7926464971222,,,独立计算 DEM 遮挡、自由空间损耗与双向预算
T020,投送,8980.507797475719,8999.598706566629,中继,R006,1351,PASS,exact_point,16.114231144583172,980.7926464971222,,,独立计算 DEM 遮挡、自由空间损耗与双向预算
T020,投送,8999.598706566629,9018.689615657539,中继,R006,1352,PASS,exact_point,16.114231144583172,980.7926464971222,,,独立计算 DEM 遮挡、自由空间损耗与双向预算
T020,投送,9018.689615657539,9037.780524748447,中继,R006,1353,PASS,exact_point,16.114231144583172,980.7926464971222,,,独立计算 DEM 遮挡、自由空间损耗与双向预算
T020,投送,9037.780524748447,9056.871433839357,中继,R006,1354,PASS,exact_point,16.114231144583172,980.7926464971222,,,独立计算 DEM 遮挡、自由空间损耗与双向预算
T020,投送,9056.871433839357,9075.962342930265,中继,R006,1355,PASS,exact_point,16.114231144583172,980.7926464971222,,,独立计算 DEM 遮挡、自由空间损耗与双向预算
T020,投送,9075.962342930265,9095.053252021175,中继,R006,1356,PASS,exact_point,16.114231144583172,980.7926464971222,,,独立计算 DEM 遮挡、自由空间损耗与双向预算
T020,投送,9095.053252021175,9114.144161112083,中继,R006,1357,PASS,exact_point,16.114231144583172,980.7926464971222,,,独立计算 DEM 遮挡、自由空间损耗与双向预算
T020,投送,9114.144161112083,9133.235070202993,中继,R006,1358,PASS,exact_point,16.114231144583172,980.7926464971222,,,独立计算 DEM 遮挡、自由空间损耗与双向预算
T020,投送,9133.235070202993,9152.3259792939,中继,R006,1359,PASS,exact_point,16.114231144583172,980.7926464971222,,,独立计算 DEM 遮挡、自由空间损耗与双向预算
T020,投送,9152.3259792939,9171.41688838481,中继,R006,1360,PASS,exact_point,16.114231144583172,980.7926464971222,,,独立计算 DEM 遮挡、自由空间损耗与双向预算
T020,爬升,9171.41688838481,9186.01809823724,中继,R006,1361,PASS,worst_obstruction_endpoint_distance,6.114231144583172,980.7926464971222,True,,端点最大距离且全时段按遮挡计损仍满足双向预算
T020,爬升,9186.01809823724,9200.619308089672,中继,R006,1362,PASS,worst_obstruction_endpoint_distance,6.136985020436583,978.226688425628,True,,端点最大距离且全时段按遮挡计损仍满足双向预算
T020,爬升,9200.619308089672,9215.220517942102,中继,R006,1363,PASS,worst_obstruction_endpoint_distance,6.130368386555162,978.9721542379075,True,,端点最大距离且全时段按遮挡计损仍满足双向预算
T020,巡航,9215.220517942102,9234.778450125046,中继,R006,1364,PASS,worst_obstruction_endpoint_distance,6.130368386555162,978.9721542379075,True,,端点最大距离且全时段按遮挡计损仍满足双向预算
T020,巡航,9234.778450125046,9254.336382307989,中继,R006,1365,PASS,worst_obstruction_endpoint_distance,8.583734102902099,738.0776477013404,True,,端点最大距离且全时段按遮挡计损仍满足双向预算
T020,巡航,9254.336382307989,9273.894314490934,中继,R006,1366,PASS,worst_obstruction_endpoint_distance,11.127602816759634,550.691809792669,True,,端点最大距离且全时段按遮挡计损仍满足双向预算
T020,巡航,9273.894314490934,9293.452246673878,中继,R006,1367,PASS,worst_obstruction_endpoint_distance,10.673868485573152,580.2235261198753,True,,端点最大距离且全时段按遮挡计损仍满足双向预算
T020,巡航,9293.452246673878,9313.01017885682,中继,R006,1368,PASS,worst_obstruction_endpoint_distance,8.081424527806334,782.019408849177,True,,端点最大距离且全时段按遮挡计损仍满足双向预算
T020,巡航,9313.01017885682,9332.568111039765,直连,,1369,PASS,worst_obstruction_endpoint_distance,0.30909856529946467,3817.9815908243413,True,,端点最大距离且全时段按遮挡计损仍满足双向预算
T020,巡航,9332.568111039765,9352.12604322271,直连,,1370,PASS,worst_obstruction_endpoint_distance,1.0026890572529226,3524.960911409265,True,,端点最大距离且全时段按遮挡计损仍满足双向预算
T020,巡航,9352.12604322271,9371.683975405653,直连,,1371,PASS,worst_obstruction_endpoint_distance,1.756338916276647,3232.003426069633,True,,端点最大距离且全时段按遮挡计损仍满足双向预算
T020,巡航,9371.683975405653,9391.241907588597,直连,,1372,PASS,worst_obstruction_endpoint_distance,2.5814050697037914,2939.128031468544,True,,端点最大距离且全时段按遮挡计损仍满足双向预算
T020,巡航,9391.241907588597,9410.799839771542,直连,,1373,PASS,worst_obstruction_endpoint_distance,3.492790187069943,2646.361982925317,True,,端点最大距离且全时段按遮挡计损仍满足双向预算
T020,巡航,9410.799839771542,9430.357771954485,直连,,1374,PASS,worst_obstruction_endpoint_distance,4.510582959293117,2353.74608317376,True,,端点最大距离且全时段按遮挡计损仍满足双向预算
T020,巡航,9430.357771954485,9449.91570413743,直连,,1375,PASS,worst_obstruction_endpoint_distance,5.662764533403006,2061.3442758335245,True,,端点最大距离且全时段按遮挡计损仍满足双向预算
T020,巡航,9449.91570413743,9469.473636320374,直连,,1376,PASS,worst_obstruction_endpoint_distance,6.989928674066292,1769.2627117074003,True,,端点最大距离且全时段按遮挡计损仍满足双向预算
T020,巡航,9469.473636320374,9489.031568503317,直连,,1377,PASS,worst_obstruction_endpoint_distance,8.554100828864037,1477.691301536886,True,,端点最大距离且全时段按遮挡计损仍满足双向预算
T020,巡航,9489.031568503317,9508.589500686261,直连,,1378,PASS,worst_obstruction_endpoint_distance,10.456716578783727,1187.0060413963242,True,,端点最大距离且全时段按遮挡计损仍满足双向预算
T020,巡航,9508.589500686261,9528.147432869206,直连,,1379,PASS,worst_obstruction_endpoint_distance,12.879592400811816,898.0678270917992,True,,端点最大距离且全时段按遮挡计损仍满足双向预算
T020,巡航,9528.147432869206,9547.705365052148,直连,,1380,PASS,worst_obstruction_endpoint_distance,16.19159854535019,613.3506516465615,True,,端点最大距离且全时段按遮挡计损仍满足双向预算
T020,巡航,9547.705365052148,9567.263297235093,直连,,1381,PASS,worst_obstruction_endpoint_distance,21.226846823471305,343.5155626261655,True,,端点最大距离且全时段按遮挡计损仍满足双向预算
T020,下降,9567.263297235093,9587.13438610228,直连,,1382,PASS,worst_obstruction_endpoint_distance,26.902754877149746,178.710888671875,True,,端点最大距离且全时段按遮挡计损仍满足双向预算
T020,下降,9587.13438610228,9607.005474969468,直连,,1383,PASS,worst_obstruction_endpoint_distance,29.73174806392599,129.03316650390855,True,,端点最大距离且全时段按遮挡计损仍满足双向预算
T020,下降,9607.005474969468,9626.876563836655,直连,,1384,PASS,worst_obstruction_endpoint_distance,33.95424061100921,79.3554443359375,True,,端点最大距离且全时段按遮挡计损仍满足双向预算
T020,下降,9626.876563836655,9646.747652703843,直连,,1385,PASS,worst_obstruction_endpoint_distance,42.49716386964124,29.677722167971012,True,,端点最大距离且全时段按遮挡计损仍满足双向预算
T021,爬升,8610.0,8628.125425415039,直连,,1386,PASS,worst_obstruction_endpoint_distance,43.878709413313516,25.31356353759776,True,,端点最大距离且全时段按遮挡计损仍满足双向预算
T021,爬升,8628.125425415039,8646.250850830078,直连,,1387,PASS,worst_obstruction_endpoint_distance,34.966344352585295,70.62712707519552,True,,端点最大距离且全时段按遮挡计损仍满足双向预算
T021,爬升,8646.250850830078,8664.376276245117,直连,,1388,PASS,worst_obstruction_endpoint_distance,30.66105750651289,115.94069061279328,True,,端点最大距离且全时段按遮挡计损仍满足双向预算
T021,爬升,8664.376276245117,8682.501701660156,直连,,1389,PASS,worst_obstruction_endpoint_distance,27.79555154865507,161.25425415039103,True,,端点最大距离且全时段按遮挡计损仍满足双向预算
T021,巡航,8682.501701660156,8702.265188883523,直连,,1390,PASS,worst_obstruction_endpoint_distance,21.381037235701385,337.4713404244718,True,,端点最大距离且全时段按遮挡计损仍满足双向预算
T021,巡航,8702.265188883523,8722.02867610689,直连,,1391,PASS,worst_obstruction_endpoint_distance,16.17615903644753,614.4418760035281,True,,端点最大距离且全时段按遮挡计损仍满足双向预算
T021,巡航,8722.02867610689,8741.792163330254,直连,,1392,PASS,worst_obstruction_endpoint_distance,12.823774280234389,903.8576628091926,True,,端点最大距离且全时段按遮挡计损仍满足双向预算
T021,巡航,8741.792163330254,8761.55565055362,直连,,1393,PASS,worst_obstruction_endpoint_distance,10.385900789493661,1196.723223014895,True,,端点最大距离且全时段按遮挡计损仍满足双向预算
T021,巡航,8761.55565055362,8781.319137776987,直连,,1394,PASS,worst_obstruction_endpoint_distance,8.476180856524223,1491.0071135443768,True,,端点最大距离且全时段按遮挡计损仍满足双向预算
T021,巡航,8781.319137776987,8801.082625000352,直连,,1395,PASS,worst_obstruction_endpoint_distance,6.908105372473543,1786.0083692495245,True,,端点最大距离且全时段按遮挡计损仍满足双向预算
T021,巡航,8801.082625000352,8820.846112223719,直连,,1396,PASS,worst_obstruction_endpoint_distance,5.578572376014165,2081.421994615999,True,,端点最大距离且全时段按遮挡计损仍满足双向预算
T021,巡航,8820.846112223719,8840.609599447085,直连,,1397,PASS,worst_obstruction_endpoint_distance,4.424847125248689,2377.0942527732964,True,,端点最大距离且全时段按遮挡计损仍满足双向预算
T021,巡航,8840.609599447085,8860.37308667045,直连,,1398,PASS,worst_obstruction_endpoint_distance,3.4059931797055043,2672.939317626779,True,,端点最大距离且全时段按遮挡计损仍满足双向预算
T021,巡航,8860.37308667045,8880.136573893817,直连,,1399,PASS,worst_obstruction_endpoint_distance,2.4938475922613463,2968.9055301769163,True,,端点最大距离且全时段按遮挡计损仍满足双向预算
T021,巡航,8880.136573893817,8899.900061117183,直连,,1400,PASS,worst_obstruction_endpoint_distance,1.6682180133278024,3264.9599447416617,True,,端点最大距离且全时段按遮挡计损仍满足双向预算
T021,巡航,8899.900061117183,8919.663548340548,直连,,1401,PASS,worst_obstruction_endpoint_distance,0.9141391873638156,3561.0805630696686,True,,端点最大距离且全时段按遮挡计损仍满足双向预算
T021,巡航,8919.663548340548,8939.427035563915,直连,,1402,PASS,worst_obstruction_endpoint_distance,0.2202145974620322,3857.2521378350943,True,,端点最大距离且全时段按遮挡计损仍满足双向预算
T021,巡航,8939.427035563915,8959.190522787281,中继,R006,1403,PASS,worst_obstruction_endpoint_distance,2.391375599516323,1505.6359585850494,True,,端点最大距离且全时段按遮挡计损仍满足双向预算
T021,巡航,8959.190522787281,8978.954010010648,中继,R006,1404,PASS,worst_obstruction_endpoint_distance,2.524023659816365,1482.8170644308366,True,,端点最大距离且全时段按遮挡计损仍满足双向预算
T021,巡航,8978.954010010648,8998.717497234013,中继,R006,1405,PASS,worst_obstruction_endpoint_distance,2.0927486135270073,1558.3009219459855,True,,端点最大距离且全时段按遮挡计损仍满足双向预算
T021,巡航,8998.717497234013,9018.48098445738,中继,R006,1406,PASS,worst_obstruction_endpoint_distance,1.4223513767110632,1683.3374653825417,True,,端点最大距离且全时段按遮挡计损仍满足双向预算
T021,巡航,9018.48098445738,9038.244471680746,中继,R006,1407,PASS,worst_obstruction_endpoint_distance,0.6122289864110542,1847.8950791742811,True,,端点最大距离且全时段按遮挡计损仍满足双向预算
T021,巡航,9038.244471680746,9058.00795890411,中继,R008,1408,PASS,worst_obstruction_endpoint_distance,17.87171950183982,253.33942657084106,True,,端点最大距离且全时段按遮挡计损仍满足双向预算
T021,巡航,9058.00795890411,9077.771446127477,中继,R008,1409,PASS,worst_obstruction_endpoint_distance,11.846499345070555,506.94844008022034,True,,端点最大距离且全时段按遮挡计损仍满足双向预算
T021,巡航,9077.771446127477,9097.534933350844,中继,R008,1410,PASS,worst_obstruction_endpoint_distance,7.982943005401779,790.9364822770917,True,,端点最大距离且全时段按遮挡计损仍满足双向预算
T021,巡航,9097.534933350844,9117.298420574209,中继,R008,1411,PASS,worst_obstruction_endpoint_distance,5.264168003380689,1081.6340690577874,True,,端点最大距离且全时段按遮挡计损仍满足双向预算
T021,巡航,9117.298420574209,9137.061907797575,中继,R008,1412,PASS,worst_obstruction_endpoint_distance,3.1810377706371042,1374.7915994615264,True,,端点最大距离且全时段按遮挡计损仍满足双向预算
T021,巡航,9137.061907797575,9156.825395020942,中继,R008,1413,PASS,worst_obstruction_endpoint_distance,1.49605825195151,1669.113407412751,True,,端点最大距离且全时段按遮挡计损仍满足双向预算
T021,巡航,9156.825395020942,9176.588882244308,中继,R008,1414,PASS,worst_obstruction_endpoint_distance,0.08260871375279066,1964.076152778362,True,,端点最大距离且全时段按遮挡计损仍满足双向预算
T021,下降,9176.588882244308,9191.497924602707,中继,R008,1415,PASS,worst_obstruction_endpoint_distance,0.08260871375279066,1964.076152778362,True,,端点最大距离且全时段按遮挡计损仍满足双向预算
T021,下降,9191.497924602707,9206.406966961105,中继,R008,1416,PASS,worst_obstruction_endpoint_distance,0.08318935627910662,1963.944860755383,True,,端点最大距离且全时段按遮挡计损仍满足双向预算
T021,下降,9206.406966961105,9221.316009319504,中继,R008,1417,PASS,worst_obstruction_endpoint_distance,0.0804771903531929,1964.5581975862738,True,,端点最大距离且全时段按遮挡计损仍满足双向预算
T021,投送,9221.316009319504,9241.116009319503,中继,R008,1418,PASS,exact_point,0.0804771903531929,1964.5581975862738,,,独立计算 DEM 遮挡、自由空间损耗与双向预算
T021,投送,9241.116009319503,9260.916009319502,中继,R008,1419,PASS,exact_point,0.0804771903531929,1964.5581975862738,,,独立计算 DEM 遮挡、自由空间损耗与双向预算
T021,投送,9260.916009319502,9280.716009319503,中继,R008,1420,PASS,exact_point,0.0804771903531929,1964.5581975862738,,,独立计算 DEM 遮挡、自由空间损耗与双向预算
T021,投送,9280.716009319503,9300.516009319503,中继,R008,1421,PASS,exact_point,0.0804771903531929,1964.5581975862738,,,独立计算 DEM 遮挡、自由空间损耗与双向预算
T021,投送,9300.516009319503,9320.316009319504,中继,R008,1422,PASS,exact_point,0.0804771903531929,1964.5581975862738,,,独立计算 DEM 遮挡、自由空间损耗与双向预算
T021,投送,9320.316009319504,9340.116009319503,中继,R008,1423,PASS,exact_point,0.0804771903531929,1964.5581975862738,,,独立计算 DEM 遮挡、自由空间损耗与双向预算
T021,投送,9340.116009319503,9359.916009319502,中继,R008,1424,PASS,exact_point,0.0804771903531929,1964.5581975862738,,,独立计算 DEM 遮挡、自由空间损耗与双向预算
T021,投送,9359.916009319502,9379.716009319503,中继,R008,1425,PASS,exact_point,0.0804771903531929,1964.5581975862738,,,独立计算 DEM 遮挡、自由空间损耗与双向预算
T021,投送,9379.716009319503,9399.516009319503,中继,R008,1426,PASS,exact_point,0.0804771903531929,1964.5581975862738,,,独立计算 DEM 遮挡、自由空间损耗与双向预算
T021,投送,9399.516009319503,9419.316009319504,中继,R008,1427,PASS,exact_point,0.0804771903531929,1964.5581975862738,,,独立计算 DEM 遮挡、自由空间损耗与双向预算
T021,投送,9419.316009319504,9439.116009319503,中继,R008,1428,PASS,exact_point,0.0804771903531929,1964.5581975862738,,,独立计算 DEM 遮挡、自由空间损耗与双向预算
T021,投送,9439.116009319503,9458.916009319502,中继,R008,1429,PASS,exact_point,0.0804771903531929,1964.5581975862738,,,独立计算 DEM 遮挡、自由空间损耗与双向预算
T021,投送,9458.916009319502,9478.716009319503,中继,R008,1430,PASS,exact_point,0.0804771903531929,1964.5581975862738,,,独立计算 DEM 遮挡、自由空间损耗与双向预算
T021,投送,9478.716009319503,9498.516009319503,中继,R008,1431,PASS,exact_point,0.0804771903531929,1964.5581975862738,,,独立计算 DEM 遮挡、自由空间损耗与双向预算
T021,投送,9498.516009319503,9518.316009319504,中继,R008,1432,PASS,exact_point,0.0804771903531929,1964.5581975862738,,,独立计算 DEM 遮挡、自由空间损耗与双向预算
T021,投送,9518.316009319504,9538.116009319503,中继,R008,1433,PASS,exact_point,0.0804771903531929,1964.5581975862738,,,独立计算 DEM 遮挡、自由空间损耗与双向预算
T021,投送,9538.116009319503,9557.916009319502,中继,R008,1434,PASS,exact_point,0.0804771903531929,1964.5581975862738,,,独立计算 DEM 遮挡、自由空间损耗与双向预算
T021,投送,9557.916009319502,9577.716009319503,中继,R008,1435,PASS,exact_point,0.0804771903531929,1964.5581975862738,,,独立计算 DEM 遮挡、自由空间损耗与双向预算
T021,投送,9577.716009319503,9597.516009319503,中继,R008,1436,PASS,exact_point,0.0804771903531929,1964.5581975862738,,,独立计算 DEM 遮挡、自由空间损耗与双向预算
T021,投送,9597.516009319503,9617.316009319504,中继,R008,1437,PASS,exact_point,0.0804771903531929,1964.5581975862738,,,独立计算 DEM 遮挡、自由空间损耗与双向预算
T021,爬升,9617.316009319504,9635.206860149581,中继,R008,1438,PASS,worst_obstruction_endpoint_distance,0.0804771903531929,1964.5581975862738,True,,端点最大距离且全时段按遮挡计损仍满足双向预算
T021,爬升,9635.206860149581,9653.097710979659,中继,R008,1439,PASS,worst_obstruction_endpoint_distance,0.08260871375279066,1964.076152778362,True,,端点最大距离且全时段按遮挡计损仍满足双向预算
T021,巡航,9653.097710979659,9672.861198203025,中继,R008,1440,PASS,worst_obstruction_endpoint_distance,0.08260871375279066,1964.076152778362,True,,端点最大距离且全时段按遮挡计损仍满足双向预算
T021,巡航,9672.861198203025,9692.624685426392,中继,R008,1441,PASS,worst_obstruction_endpoint_distance,1.49605825195151,1669.113407412751,True,,端点最大距离且全时段按遮挡计损仍满足双向预算
T021,巡航,9692.624685426392,9712.388172649757,中继,R008,1442,PASS,worst_obstruction_endpoint_distance,3.1810377706371042,1374.7915994615264,True,,端点最大距离且全时段按遮挡计损仍满足双向预算
T021,巡航,9712.388172649757,9732.151659873123,中继,R008,1443,PASS,worst_obstruction_endpoint_distance,5.2641680033805756,1081.634069057801,True,,端点最大距离且全时段按遮挡计损仍满足双向预算
T021,巡航,9732.151659873123,9751.91514709649,中继,R008,1444,PASS,worst_obstruction_endpoint_distance,7.982943005401779,790.9364822770917,True,,端点最大距离且全时段按遮挡计损仍满足双向预算
T021,巡航,9751.91514709649,9771.678634319855,中继,R008,1445,PASS,worst_obstruction_endpoint_distance,11.846499345070555,506.94844008022034,True,,端点最大距离且全时段按遮挡计损仍满足双向预算
T021,巡航,9771.678634319855,9791.442121543221,中继,R008,1446,PASS,worst_obstruction_endpoint_distance,17.87171950183982,253.33942657084106,True,,端点最大距离且全时段按遮挡计损仍满足双向预算
T021,巡航,9791.442121543221,9811.205608766588,中继,R008,1447,PASS,worst_obstruction_endpoint_distance,12.810203579364014,453.71023806410597,True,,端点最大距离且全时段按遮挡计损仍满足双向预算
T021,巡航,9811.205608766588,9830.969095989953,中继,R008,1448,PASS,worst_obstruction_endpoint_distance,8.619096337392278,735.0788740248184,True,,端点最大距离且全时段按遮挡计损仍满足双向预算
T021,巡航,9830.969095989953,9850.73258321332,中继,R008,1449,PASS,worst_obstruction_endpoint_distance,5.731414163795407,1024.9862751293902,True,,端点最大距离且全时段按遮挡计损仍满足双向预算
T021,巡航,9850.73258321332,9870.496070436686,中继,R008,1450,PASS,worst_obstruction_endpoint_distance,3.548725382916672,1317.8090603809612,True,,端点最大距离且全时段按遮挡计损仍满足双向预算
T021,巡航,9870.496070436686,9890.259557660052,中继,R008,1451,PASS,worst_obstruction_endpoint_distance,1.7986941689042766,1611.9592170068474,True,,端点最大距离且全时段按遮挡计损仍满足双向预算
T021,巡航,9890.259557660052,9910.023044883417,直连,,1452,PASS,worst_obstruction_endpoint_distance,0.2202145974620322,3857.2521378350943,True,,端点最大距离且全时段按遮挡计损仍满足双向预算
T021,巡航,9910.023044883417,9929.786532106784,直连,,1453,PASS,worst_obstruction_endpoint_distance,0.9141391873638156,3561.0805630696686,True,,端点最大距离且全时段按遮挡计损仍满足双向预算
T021,巡航,9929.786532106784,9949.55001933015,直连,,1454,PASS,worst_obstruction_endpoint_distance,1.6682180133278024,3264.9599447416617,True,,端点最大距离且全时段按遮挡计损仍满足双向预算
T021,巡航,9949.55001933015,9969.313506553515,直连,,1455,PASS,worst_obstruction_endpoint_distance,2.4938475922613463,2968.9055301769163,True,,端点最大距离且全时段按遮挡计损仍满足双向预算
T021,巡航,9969.313506553515,9989.076993776882,直连,,1456,PASS,worst_obstruction_endpoint_distance,3.4059931797055043,2672.939317626779,True,,端点最大距离且全时段按遮挡计损仍满足双向预算
T021,巡航,9989.076993776882,10008.840481000248,直连,,1457,PASS,worst_obstruction_endpoint_distance,4.424847125248689,2377.0942527732964,True,,端点最大距离且全时段按遮挡计损仍满足双向预算
T021,巡航,10008.840481000248,10028.603968223615,直连,,1458,PASS,worst_obstruction_endpoint_distance,5.578572376014165,2081.421994615999,True,,端点最大距离且全时段按遮挡计损仍满足双向预算
T021,巡航,10028.603968223615,10048.36745544698,直连,,1459,PASS,worst_obstruction_endpoint_distance,6.908105372473543,1786.0083692495245,True,,端点最大距离且全时段按遮挡计损仍满足双向预算
T021,巡航,10048.36745544698,10068.130942670346,直连,,1460,PASS,worst_obstruction_endpoint_distance,8.476180856524223,1491.0071135443768,True,,端点最大距离且全时段按遮挡计损仍满足双向预算
T021,巡航,10068.130942670346,10087.894429893713,直连,,1461,PASS,worst_obstruction_endpoint_distance,10.385900789493661,1196.723223014895,True,,端点最大距离且全时段按遮挡计损仍满足双向预算
T021,巡航,10087.894429893713,10107.657917117078,直连,,1462,PASS,worst_obstruction_endpoint_distance,12.823774280234389,903.8576628091926,True,,端点最大距离且全时段按遮挡计损仍满足双向预算
T021,巡航,10107.657917117078,10127.421404340444,直连,,1463,PASS,worst_obstruction_endpoint_distance,16.17615903644753,614.4418760035281,True,,端点最大距离且全时段按遮挡计损仍满足双向预算
T021,巡航,10127.421404340444,10147.184891563811,直连,,1464,PASS,worst_obstruction_endpoint_distance,21.381037235701385,337.4713404244718,True,,端点最大距离且全时段按遮挡计损仍满足双向预算
T021,下降,10147.184891563811,10165.31031697885,直连,,1465,PASS,worst_obstruction_endpoint_distance,27.79555154865507,161.25425415039103,True,,端点最大距离且全时段按遮挡计损仍满足双向预算
T021,下降,10165.31031697885,10183.435742393889,直连,,1466,PASS,worst_obstruction_endpoint_distance,30.00733842190894,125.00340332031283,True,,端点最大距离且全时段按遮挡计损仍满足双向预算
T021,下降,10183.435742393889,10201.561167808928,直连,,1467,PASS,worst_obstruction_endpoint_distance,32.9821581246938,88.75255249023462,True,,端点最大距离且全时段按遮挡计损仍满足双向预算
T021,下降,10201.561167808928,10219.686593223967,直连,,1468,PASS,worst_obstruction_endpoint_distance,37.54230757016704,52.501701660156414,True,,端点最大距离且全时段按遮挡计损仍满足双向预算
T021,下降,10219.686593223967,10237.812018639006,直连,,1469,PASS,worst_obstruction_endpoint_distance,45.92517525248826,20.0,True,,端点最大距离且全时段按遮挡计损仍满足双向预算
T022,爬升,8679.0,8697.392101372612,直连,,1470,PASS,worst_obstruction_endpoint_distance,41.02077101907989,35.17630411783688,True,,端点最大距离且全时段按遮挡计损仍满足双向预算
T022,爬升,8697.392101372612,8715.784202745226,直连,,1471,PASS,worst_obstruction_endpoint_distance,32.826961286043996,90.35260823567918,True,,端点最大距离且全时段按遮挡计损仍满足双向预算
T022,爬升,8715.784202745226,8734.176304117838,直连,,1472,PASS,worst_obstruction_endpoint_distance,28.68678949476505,145.52891235351603,True,,端点最大距离且全时段按遮挡计损仍满足双向预算
T022,巡航,8734.176304117838,8753.193466849745,直连,,1473,PASS,worst_obstruction_endpoint_distance,21.836398531290612,320.2350261363581,True,,端点最大距离且全时段按遮挡计损仍满足双向预算
T022,巡航,8753.193466849745,8772.210629581652,直连,,1474,PASS,worst_obstruction_endpoint_distance,16.546663988902537,588.7834023351405,True,,端点最大距离且全时段按遮挡计损仍满足双向预算
T022,巡航,8772.210629581652,8791.22779231356,直连,,1475,PASS,worst_obstruction_endpoint_distance,13.174798895214863,868.0581392014765,True,,端点最大距离且全时段按遮挡计损仍满足双向预算
T022,巡航,8791.22779231356,8810.244955045468,直连,,1476,PASS,worst_obstruction_endpoint_distance,10.729757922473041,1150.2728313183097,True,,端点最大距离且全时段按遮挡计损仍满足双向预算
T022,巡航,8810.244955045468,8829.262117777374,直连,,1477,PASS,worst_obstruction_endpoint_distance,8.816655594821057,1433.6923851274319,True,,端点最大距离且全时段按遮挡计损仍满足双向预算
T022,巡航,8829.262117777374,8848.279280509281,直连,,1478,PASS,worst_obstruction_endpoint_distance,7.246725157142279,1717.7205067016116,True,,端点最大距离且全时段按遮挡计损仍满足双向预算
T022,巡航,8848.279280509281,8867.296443241188,直连,,1479,PASS,worst_obstruction_endpoint_distance,5.916067623284519,2002.0982089747577,True,,端点最大距离且全时段按遮挡计损仍满足双向预算
T022,巡航,8867.296443241188,8886.313605973095,直连,,1480,PASS,worst_obstruction_endpoint_distance,4.761610048728812,2286.6950721260782,True,,端点最大距离且全时段按遮挡计损仍满足双向预算
T022,巡航,8886.313605973095,8905.330768705004,直连,,1481,PASS,worst_obstruction_endpoint_distance,3.7422529026328704,2571.4383295456846,True,,端点最大距离且全时段按遮挡计损仍满足双向预算
T022,巡航,8905.330768705004,8924.34793143691,直连,,1482,PASS,worst_obstruction_endpoint_distance,2.829746817360757,2856.284199392131,True,,端点最大距离且全时段按遮挡计损仍满足双向预算
T022,巡航,8924.34793143691,8943.365094168817,直连,,1483,PASS,worst_obstruction_endpoint_distance,2.003850208797573,3141.204766965233,True,,端点最大距离且全时段按遮挡计损仍满足双向预算
T022,巡航,8943.365094168817,8962.382256900724,直连,,1484,PASS,worst_obstruction_endpoint_distance,1.2495681126698628,3426.1813967707103,True,,端点最大距离且全时段按遮挡计损仍满足双向预算
T022,巡航,8962.382256900724,8981.399419632631,直连,,1485,PASS,worst_obstruction_endpoint_distance,0.5554852276978011,3711.20117407028,True,,端点最大距离且全时段按遮挡计损仍满足双向预算
T022,巡航,8981.399419632631,9000.416582364538,中继,R006,1486,PASS,worst_obstruction_endpoint_distance,1.424070268896557,1683.004374651207,True,,端点最大距离且全时段按遮挡计损仍满足双向预算
T022,巡航,9000.416582364538,9019.433745096445,中继,R006,1487,PASS,worst_obstruction_endpoint_distance,1.6921896288517644,1631.8463967173673,True,,端点最大距离且全时段按遮挡计损仍满足双向预算
T022,巡航,9019.433745096445,9038.450907828352,中继,R006,1488,PASS,worst_obstruction_endpoint_distance,1.4556353106120241,1676.8993359914796,True,,端点最大距离且全时段按遮挡计损仍满足双向预算
T022,巡航,9038.450907828352,9057.46807056026,中继,R008,1489,PASS,worst_obstruction_endpoint_distance,6.908444158041945,895.0896809442007,True,,端点最大距离且全时段按遮挡计损仍满足双向预算
T022,巡航,9057.46807056026,9076.485233292167,中继,R008,1490,PASS,worst_obstruction_endpoint_distance,10.236317224428007,610.2009747603922,True,,端点最大距离且全时段按遮挡计损仍满足双向预算
T022,巡航,9076.485233292167,9095.502396024074,中继,R008,1491,PASS,worst_obstruction_endpoint_distance,15.682545557046382,325.9578769273874,True,,端点最大距离且全时段按遮挡计损仍满足双向预算
T022,巡航,9095.502396024074,9114.519558755981,中继,R008,1492,PASS,worst_obstruction_endpoint_distance,18.001870807399882,249.57163139740678,True,,端点最大距离且全时段按遮挡计损仍满足双向预算
T022,下降,9114.519558755981,9127.165341226684,中继,R008,1493,PASS,worst_obstruction_endpoint_distance,18.001870807399882,249.57163139740678,True,,端点最大距离且全时段按遮挡计损仍满足双向预算
T022,下降,9127.165341226684,9139.811123697387,中继,R008,1494,PASS,worst_obstruction_endpoint_distance,17.88703216847678,252.8931988527141,True,,端点最大距离且全时段按遮挡计损仍满足双向预算
T022,投送,9139.811123697387,9158.272662158926,中继,R008,1495,PASS,exact_point,27.88703216847678,252.8931988527141,,,独立计算 DEM 遮挡、自由空间损耗与双向预算
T022,投送,9158.272662158926,9176.734200620465,中继,R008,1496,PASS,exact_point,27.88703216847678,252.8931988527141,,,独立计算 DEM 遮挡、自由空间损耗与双向预算
T022,投送,9176.734200620465,9195.195739082003,中继,R008,1497,PASS,exact_point,27.88703216847678,252.8931988527141,,,独立计算 DEM 遮挡、自由空间损耗与双向预算
T022,投送,9195.195739082003,9213.657277543542,中继,R008,1498,PASS,exact_point,27.88703216847678,252.8931988527141,,,独立计算 DEM 遮挡、自由空间损耗与双向预算
T022,投送,9213.657277543542,9232.11881600508,中继,R008,1499,PASS,exact_point,27.88703216847678,252.8931988527141,,,独立计算 DEM 遮挡、自由空间损耗与双向预算
T022,投送,9232.11881600508,9250.580354466618,中继,R008,1500,PASS,exact_point,27.88703216847678,252.8931988527141,,,独立计算 DEM 遮挡、自由空间损耗与双向预算
T022,投送,9250.580354466618,9269.041892928157,中继,R008,1501,PASS,exact_point,27.88703216847678,252.8931988527141,,,独立计算 DEM 遮挡、自由空间损耗与双向预算
T022,投送,9269.041892928157,9287.503431389696,中继,R008,1502,PASS,exact_point,27.88703216847678,252.8931988527141,,,独立计算 DEM 遮挡、自由空间损耗与双向预算
T022,投送,9287.503431389696,9305.964969851233,中继,R008,1503,PASS,exact_point,27.88703216847678,252.8931988527141,,,独立计算 DEM 遮挡、自由空间损耗与双向预算
T022,投送,9305.964969851233,9324.426508312772,中继,R008,1504,PASS,exact_point,27.88703216847678,252.8931988527141,,,独立计算 DEM 遮挡、自由空间损耗与双向预算
T022,投送,9324.426508312772,9342.888046774311,中继,R008,1505,PASS,exact_point,27.88703216847678,252.8931988527141,,,独立计算 DEM 遮挡、自由空间损耗与双向预算
T022,投送,9342.888046774311,9361.34958523585,中继,R008,1506,PASS,exact_point,27.88703216847678,252.8931988527141,,,独立计算 DEM 遮挡、自由空间损耗与双向预算
T022,投送,9361.34958523585,9379.811123697387,中继,R008,1507,PASS,exact_point,27.88703216847678,252.8931988527141,,,独立计算 DEM 遮挡、自由空间损耗与双向预算
T022,爬升,9379.811123697387,9390.349275756307,中继,R008,1508,PASS,worst_obstruction_endpoint_distance,17.88703216847678,252.8931988527141,True,,端点最大距离且全时段按遮挡计损仍满足双向预算
T022,爬升,9390.349275756307,9400.887427815227,中继,R008,1509,PASS,worst_obstruction_endpoint_distance,18.001870807399882,249.57163139740678,True,,端点最大距离且全时段按遮挡计损仍满足双向预算
T022,巡航,9400.887427815227,9419.904590547134,中继,R008,1510,PASS,worst_obstruction_endpoint_distance,18.001870807399882,249.57163139740678,True,,端点最大距离且全时段按遮挡计损仍满足双向预算
T022,巡航,9419.904590547134,9438.92175327904,中继,R008,1511,PASS,worst_obstruction_endpoint_distance,15.682545557046382,325.9578769273874,True,,端点最大距离且全时段按遮挡计损仍满足双向预算
T022,巡航,9438.92175327904,9457.938916010948,中继,R008,1512,PASS,worst_obstruction_endpoint_distance,10.236317224428007,610.2009747603922,True,,端点最大距离且全时段按遮挡计损仍满足双向预算
T022,巡航,9457.938916010948,9476.956078742855,中继,R008,1513,PASS,worst_obstruction_endpoint_distance,6.908444158041945,895.0896809442007,True,,端点最大距离且全时段按遮挡计损仍满足双向预算
T022,巡航,9476.956078742855,9495.973241474761,中继,R008,1514,PASS,worst_obstruction_endpoint_distance,4.506982815151915,1180.1565402670476,True,,端点最大距离且全时段按遮挡计损仍满足双向预算
T022,巡航,9495.973241474761,9514.99040420667,中继,R008,1515,PASS,worst_obstruction_endpoint_distance,2.627258519793102,1465.2975798126802,True,,端点最大距离且全时段按遮挡计损仍满足双向预算
T022,巡航,9514.99040420667,9534.007566938577,中继,R008,1516,PASS,worst_obstruction_endpoint_distance,1.0826492244121937,1750.476549554645,True,,端点最大距离且全时段按遮挡计损仍满足双向预算
T022,巡航,9534.007566938577,9553.024729670484,直连,,1517,PASS,worst_obstruction_endpoint_distance,0.5554852276978011,3711.20117407028,True,,端点最大距离且全时段按遮挡计损仍满足双向预算
T022,巡航,9553.024729670484,9572.04189240239,直连,,1518,PASS,worst_obstruction_endpoint_distance,1.2495681126698628,3426.1813967707103,True,,端点最大距离且全时段按遮挡计损仍满足双向预算
T022,巡航,9572.04189240239,9591.059055134298,直连,,1519,PASS,worst_obstruction_endpoint_distance,2.003850208797573,3141.204766965233,True,,端点最大距离且全时段按遮挡计损仍满足双向预算
T022,巡航,9591.059055134298,9610.076217866204,直连,,1520,PASS,worst_obstruction_endpoint_distance,2.829746817360757,2856.284199392131,True,,端点最大距离且全时段按遮挡计损仍满足双向预算
T022,巡航,9610.076217866204,9629.093380598111,直连,,1521,PASS,worst_obstruction_endpoint_distance,3.7422529026328704,2571.4383295456846,True,,端点最大距离且全时段按遮挡计损仍满足双向预算
T022,巡航,9629.093380598111,9648.11054333002,直连,,1522,PASS,worst_obstruction_endpoint_distance,4.761610048728812,2286.6950721260782,True,,端点最大距离且全时段按遮挡计损仍满足双向预算
T022,巡航,9648.11054333002,9667.127706061927,直连,,1523,PASS,worst_obstruction_endpoint_distance,5.916067623284519,2002.0982089747577,True,,端点最大距离且全时段按遮挡计损仍满足双向预算
T022,巡航,9667.127706061927,9686.144868793834,直连,,1524,PASS,worst_obstruction_endpoint_distance,7.246725157142279,1717.7205067016116,True,,端点最大距离且全时段按遮挡计损仍满足双向预算
T022,巡航,9686.144868793834,9705.16203152574,直连,,1525,PASS,worst_obstruction_endpoint_distance,8.816655594821057,1433.6923851274319,True,,端点最大距离且全时段按遮挡计损仍满足双向预算
T022,巡航,9705.16203152574,9724.179194257647,直连,,1526,PASS,worst_obstruction_endpoint_distance,10.729757922473041,1150.2728313183097,True,,端点最大距离且全时段按遮挡计损仍满足双向预算
T022,巡航,9724.179194257647,9743.196356989554,直连,,1527,PASS,worst_obstruction_endpoint_distance,13.174798895214863,868.0581392014765,True,,端点最大距离且全时段按遮挡计损仍满足双向预算
T022,巡航,9743.196356989554,9762.213519721463,直连,,1528,PASS,worst_obstruction_endpoint_distance,16.546663988902182,588.7834023351647,True,,端点最大距离且全时段按遮挡计损仍满足双向预算
T022,巡航,9762.213519721463,9781.23068245337,直连,,1529,PASS,worst_obstruction_endpoint_distance,21.836398531290612,320.2350261363581,True,,端点最大距离且全时段按遮挡计损仍满足双向预算
T022,下降,9781.23068245337,9797.783573688721,直连,,1530,PASS,worst_obstruction_endpoint_distance,28.68678949476505,145.52891235351603,True,,端点最大距离且全时段按遮挡计损仍满足双向预算
T022,下降,9797.783573688721,9814.336464924072,直连,,1531,PASS,worst_obstruction_endpoint_distance,31.59286620976644,104.14668426513816,True,,端点最大距离且全时段按遮挡计损仍满足双向预算
T022,下降,9814.336464924072,9830.889356159423,直连,,1532,PASS,worst_obstruction_endpoint_distance,35.991499761200174,62.76445617676029,True,,端点最大距离且全时段按遮挡计损仍满足双向预算
T022,下降,9830.889356159423,9847.442247394776,直连,,1533,PASS,worst_obstruction_endpoint_distance,45.34471600699166,21.38222808838242,True,,端点最大距离且全时段按遮挡计损仍满足双向预算
T023,爬升,10865.0,10884.293517252605,直连,,1534,PASS,worst_obstruction_endpoint_distance,42.93039059934205,28.23379313151247,True,,端点最大距离且全时段按遮挡计损仍满足双向预算
T023,爬升,10884.293517252605,10903.587034505208,直连,,1535,PASS,worst_obstruction_endpoint_distance,34.276227532041716,76.4675862630204,True,,端点最大距离且全时段按遮挡计损仍满足双向预算
T023,爬升,10903.587034505208,10922.880551757813,直连,,1536,PASS,worst_obstruction_endpoint_distance,30.02835001598521,124.70137939453286,True,,端点最大距离且全时段按遮挡计损仍满足双向预算
T023,爬升,10922.880551757813,10942.174069010416,直连,,1537,PASS,worst_obstruction_endpoint_distance,27.18810853562924,172.9351725260408,True,,端点最大距离且全时段按遮挡计损仍满足双向预算
T023,爬升,10942.174069010416,10961.467586263021,直连,,1538,PASS,worst_obstruction_endpoint_distance,25.05129142823644,221.16896565755326,True,,端点最大距离且全时段按遮挡计损仍满足双向预算
T023,爬升,10961.467586263021,10980.761103515624,直连,,1539,PASS,worst_obstruction_endpoint_distance,23.337734390683977,269.4027587890611,True,,端点最大距离且全时段按遮挡计损仍满足双向预算
T023,爬升,10980.761103515624,11000.05462076823,直连,,1540,PASS,worst_obstruction_endpoint_distance,21.907165707290872,317.6365519205736,True,,端点最大距离且全时段按遮挡计损仍满足双向预算
T023,爬升,11000.05462076823,11019.348138020834,直连,,1541,PASS,worst_obstruction_endpoint_distance,20.67923096631543,365.87034505208607,True,,端点最大距离且全时段按遮挡计损仍满足双向预算
T023,爬升,11019.348138020834,11038.641655273437,直连,,1542,PASS,worst_obstruction_endpoint_distance,19.603583756332725,414.104138183594,True,,端点最大距离且全时段按遮挡计损仍满足双向预算
T023,巡航,11038.641655273437,11058.010529185574,直连,,1543,PASS,worst_obstruction_endpoint_distance,17.86521275478823,505.85741518854684,True,,端点最大距离且全时段按遮挡计损仍满足双向预算
T023,巡航,11058.010529185574,11077.37940309771,直连,,1544,PASS,worst_obstruction_endpoint_distance,14.877571997569547,713.5265841036068,True,,端点最大距离且全时段按遮挡计损仍满足双向预算
T023,巡航,11077.37940309771,11096.748277009847,直连,,1545,PASS,worst_obstruction_endpoint_distance,12.255496498365815,964.9702702284851,True,,端点最大距离且全时段按遮挡计损仍满足双向预算
T023,巡航,11096.748277009847,11116.117150921982,直连,,1546,PASS,worst_obstruction_endpoint_distance,10.121531530871934,1233.707434162586,True,,端点最大距离且全时段按遮挡计损仍满足双向预算
T023,巡航,11116.117150921982,11135.486024834117,直连,,1547,PASS,worst_obstruction_endpoint_distance,8.363152781545892,1510.5361360364743,True,,端点最大距离且全时段按遮挡计损仍满足双向预算
T023,巡航,11135.486024834117,11154.854898746255,直连,,1548,PASS,worst_obstruction_endpoint_distance,6.88042209365949,1791.7097359553002,True,,端点最大距离且全时段按遮挡计损仍满足双向预算
T023,巡航,11154.854898746255,11174.22377265839,直连,,1549,PASS,worst_obstruction_endpoint_distance,5.6034748051165195,2075.4631078491716,True,,端点最大距离且全时段按遮挡计损仍满足双向预算
T023,巡航,11174.22377265839,11193.592646570527,直连,,1550,PASS,worst_obstruction_endpoint_distance,4.484347514560369,2360.8662437016196,True,,端点最大距离且全时段按遮挡计损仍满足双向预算
T023,巡航,11193.592646570527,11212.961520482662,直连,,1551,PASS,worst_obstruction_endpoint_distance,3.489431003683208,2647.3856356294796,True,,端点最大距离且全时段按遮挡计损仍满足双向预算
T023,巡航,11212.961520482662,11232.3303943948,直连,,1552,PASS,worst_obstruction_endpoint_distance,2.5945176302470827,2934.6943556878236,True,,端点最大距离且全时段按遮挡计损仍满足双向预算
T023,巡航,11232.3303943948,11251.699268306935,直连,,1553,PASS,worst_obstruction_endpoint_distance,1.7816975303945526,3222.5812935216322,True,,端点最大距离且全时段按遮挡计损仍满足双向预算
T023,巡航,11251.699268306935,11271.068142219072,直连,,1554,PASS,worst_obstruction_endpoint_distance,1.0373955454072217,3510.9042140003926,True,,端点最大距离且全时段按遮挡计损仍满足双向预算
T023,巡航,11271.068142219072,11290.437016131207,直连,,1555,PASS,worst_obstruction_endpoint_distance,0.3511001857511502,3799.563867195433,True,,端点最大距离且全时段按遮挡计损仍满足双向预算
T023,巡航,11290.437016131207,11309.805890043343,中继,R010,1556,PASS,worst_obstruction_endpoint_distance,0.9845112323786225,1770.3665557193347,True,,端点最大距离且全时段按遮挡计损仍满足双向预算
T023,巡航,11309.805890043343,11329.17476395548,中继,R010,1557,PASS,worst_obstruction_endpoint_distance,2.5205068448939016,1483.4175612415986,True,,端点最大距离且全时段按遮挡计损仍满足双向预算
T023,巡航,11329.17476395548,11348.543637867615,中继,R010,1558,PASS,worst_obstruction_endpoint_distance,4.375209083256834,1198.197210341921,True,,端点最大距离且全时段按遮挡计损仍满足双向预算
T023,巡航,11348.543637867615,11367.912511779752,中继,R010,1559,PASS,worst_obstruction_endpoint_distance,6.704821087598461,916.3211354232054,True,,端点最大距离且全时段按遮挡计损仍满足双向预算
T023,巡航,11367.912511779752,11387.281385691887,中继,R010,1560,PASS,worst_obstruction_endpoint_distance,9.792259352295744,642.2081174014426,True,,端点最大距离且全时段按遮挡计损仍满足双向预算
T023,巡航,11387.281385691887,11406.650259604025,中继,R010,1561,PASS,worst_obstruction_endpoint_distance,14.069522297381894,392.475583151711,True,,端点最大距离且全时段按遮挡计损仍满足双向预算
T023,巡航,11406.650259604025,11426.01913351616,中继,R010,1562,PASS,worst_obstruction_endpoint_distance,14.37103699044114,379.0852693535973,True,,端点最大距离且全时段按遮挡计损仍满足双向预算
T023,巡航,11426.01913351616,11445.388007428297,中继,R010,1563,PASS,worst_obstruction_endpoint_distance,10.015481333897569,625.9140373865876,True,,端点最大距离且全时段按遮挡计损仍满足双向预算
T023,巡航,11445.388007428297,11464.756881340432,中继,R010,1564,PASS,worst_obstruction_endpoint_distance,6.868168733638754,899.24974141508,True,,端点最大距离且全时段按遮挡计损仍满足双向预算
T023,巡航,11464.756881340432,11484.125755252568,中继,R010,1565,PASS,worst_obstruction_endpoint_distance,4.502054703899418,1180.826315405272,True,,端点最大距离且全时段按遮挡计损仍满足双向预算
T023,巡航,11484.125755252568,11503.494629164705,中继,R010,1566,PASS,worst_obstruction_endpoint_distance,2.623672825457575,1465.902606366813,True,,端点最大距离且全时段按遮挡计损仍满足双向预算
T023,巡航,11503.494629164705,11522.86350307684,中继,R010,1567,PASS,worst_obstruction_endpoint_distance,1.0712674676761509,1752.7718305681353,True,,端点最大距离且全时段按遮挡计损仍满足双向预算
T023,下降,11522.86350307684,11541.472181258807,中继,R010,1568,PASS,worst_obstruction_endpoint_distance,1.0712674676761509,1752.7718305681353,True,,端点最大距离且全时段按遮挡计损仍满足双向预算
T023,下降,11541.472181258807,11560.080859440774,中继,R010,1569,PASS,worst_obstruction_endpoint_distance,1.0785113452195105,1751.3106594017013,True,,端点最大距离且全时段按遮挡计损仍满足双向预算
T023,下降,11560.080859440774,11578.68953762274,中继,R010,1570,PASS,worst_obstruction_endpoint_distance,1.0812441152334031,1750.759745603046,True,,端点最大距离且全时段按遮挡计损仍满足双向预算
T023,下降,11578.68953762274,11597.298215804705,中继,R010,1571,PASS,worst_obstruction_endpoint_distance,1.0767256110411552,1751.670748803328,True,,端点最大距离且全时段按遮挡计损仍满足双向预算
T023,下降,11597.298215804705,11615.906893986672,中继,R010,1572,PASS,worst_obstruction_endpoint_distance,1.0682966095587574,1753.3714383529295,True,,端点最大距离且全时段按遮挡计损仍满足双向预算
T023,下降,11615.906893986672,11634.515572168639,中继,R010,1573,PASS,worst_obstruction_endpoint_distance,1.0559798351574585,1755.8595196313033,True,,端点最大距离且全时段按遮挡计损仍满足双向预算
T023,投送,11634.515572168639,11654.315572168638,中继,R010,1574,PASS,exact_point,11.055979835157459,1755.8595196313033,,,独立计算 DEM 遮挡、自由空间损耗与双向预算
T023,投送,11654.315572168638,11674.115572168637,中继,R010,1575,PASS,exact_point,11.055979835157459,1755.8595196313033,,,独立计算 DEM 遮挡、自由空间损耗与双向预算
T023,投送,11674.115572168637,11693.915572168638,中继,R010,1576,PASS,exact_point,11.055979835157459,1755.8595196313033,,,独立计算 DEM 遮挡、自由空间损耗与双向预算
T023,投送,11693.915572168638,11713.715572168638,中继,R010,1577,PASS,exact_point,11.055979835157459,1755.8595196313033,,,独立计算 DEM 遮挡、自由空间损耗与双向预算
T023,投送,11713.715572168638,11733.515572168639,中继,R010,1578,PASS,exact_point,11.055979835157459,1755.8595196313033,,,独立计算 DEM 遮挡、自由空间损耗与双向预算
T023,投送,11733.515572168639,11753.315572168638,中继,R010,1579,PASS,exact_point,11.055979835157459,1755.8595196313033,,,独立计算 DEM 遮挡、自由空间损耗与双向预算
T023,投送,11753.315572168638,11773.115572168637,中继,R010,1580,PASS,exact_point,11.055979835157459,1755.8595196313033,,,独立计算 DEM 遮挡、自由空间损耗与双向预算
T023,投送,11773.115572168637,11792.915572168638,中继,R010,1581,PASS,exact_point,11.055979835157459,1755.8595196313033,,,独立计算 DEM 遮挡、自由空间损耗与双向预算
T023,投送,11792.915572168638,11812.715572168638,中继,R010,1582,PASS,exact_point,11.055979835157459,1755.8595196313033,,,独立计算 DEM 遮挡、自由空间损耗与双向预算
T023,投送,11812.715572168638,11832.515572168639,中继,R010,1583,PASS,exact_point,11.055979835157459,1755.8595196313033,,,独立计算 DEM 遮挡、自由空间损耗与双向预算
T023,投送,11832.515572168639,11852.315572168638,中继,R010,1584,PASS,exact_point,11.055979835157459,1755.8595196313033,,,独立计算 DEM 遮挡、自由空间损耗与双向预算
T023,投送,11852.315572168638,11872.115572168637,中继,R010,1585,PASS,exact_point,11.055979835157459,1755.8595196313033,,,独立计算 DEM 遮挡、自由空间损耗与双向预算
T023,投送,11872.115572168637,11891.915572168638,中继,R010,1586,PASS,exact_point,11.055979835157459,1755.8595196313033,,,独立计算 DEM 遮挡、自由空间损耗与双向预算
T023,投送,11891.915572168638,11911.715572168638,中继,R010,1587,PASS,exact_point,11.055979835157459,1755.8595196313033,,,独立计算 DEM 遮挡、自由空间损耗与双向预算
T023,投送,11911.715572168638,11931.515572168639,中继,R010,1588,PASS,exact_point,11.055979835157459,1755.8595196313033,,,独立计算 DEM 遮挡、自由空间损耗与双向预算
T023,投送,11931.515572168639,11951.315572168638,中继,R010,1589,PASS,exact_point,11.055979835157459,1755.8595196313033,,,独立计算 DEM 遮挡、自由空间损耗与双向预算
T023,投送,11951.315572168638,11971.115572168637,中继,R010,1590,PASS,exact_point,11.055979835157459,1755.8595196313033,,,独立计算 DEM 遮挡、自由空间损耗与双向预算
T023,投送,11971.115572168637,11990.915572168638,中继,R010,1591,PASS,exact_point,11.055979835157459,1755.8595196313033,,,独立计算 DEM 遮挡、自由空间损耗与双向预算
T023,投送,11990.915572168638,12010.715572168638,中继,R010,1592,PASS,exact_point,11.055979835157459,1755.8595196313033,,,独立计算 DEM 遮挡、自由空间损耗与双向预算
T023,投送,12010.715572168638,12030.515572168639,中继,R010,1593,PASS,exact_point,11.055979835157459,1755.8595196313033,,,独立计算 DEM 遮挡、自由空间损耗与双向预算
T023,爬升,12030.515572168639,12048.379903223326,中继,R010,1594,PASS,worst_obstruction_endpoint_distance,1.0559798351574585,1755.8595196313033,True,,端点最大距离且全时段按遮挡计损仍满足双向预算
T023,爬升,12048.379903223326,12066.244234278012,中继,R010,1595,PASS,worst_obstruction_endpoint_distance,1.070294308703211,1752.9682204905328,True,,端点最大距离且全时段按遮挡计损仍满足双向预算
T023,爬升,12066.244234278012,12084.1085653327,中继,R010,1596,PASS,worst_obstruction_endpoint_distance,1.0790031937744118,1751.2114922161777,True,,端点最大距离且全时段按遮挡计损仍满足双向预算
T023,爬升,12084.1085653327,12101.972896387388,中继,R010,1597,PASS,worst_obstruction_endpoint_distance,1.079490722717381,1751.1132014983282,True,,端点最大距离且全时段按遮挡计损仍满足双向预算
T023,爬升,12101.972896387388,12119.837227442076,中继,R010,1598,PASS,worst_obstruction_endpoint_distance,1.0712674676761509,1752.7718305681353,True,,端点最大距离且全时段按遮挡计损仍满足双向预算
T023,巡航,12119.837227442076,12139.206101354212,中继,R010,1599,PASS,worst_obstruction_endpoint_distance,1.0712674676761509,1752.7718305681353,True,,端点最大距离且全时段按遮挡计损仍满足双向预算
T023,巡航,12139.206101354212,12158.574975266347,中继,R010,1600,PASS,worst_obstruction_endpoint_distance,2.623672825457902,1465.9026063667584,True,,端点最大距离且全时段按遮挡计损仍满足双向预算
T023,巡航,12158.574975266347,12177.943849178484,中继,R010,1601,PASS,worst_obstruction_endpoint_distance,4.502054703899418,1180.826315405272,True,,端点最大距离且全时段按遮挡计损仍满足双向预算
T023,巡航,12177.943849178484,12197.31272309062,中继,R010,1602,PASS,worst_obstruction_endpoint_distance,6.868168733638754,899.24974141508,True,,端点最大距离且全时段按遮挡计损仍满足双向预算
T023,巡航,12197.31272309062,12216.681597002756,中继,R010,1603,PASS,worst_obstruction_endpoint_distance,10.015481333897569,625.9140373865876,True,,端点最大距离且全时段按遮挡计损仍满足双向预算
T023,巡航,12216.681597002756,12236.050470914892,中继,R010,1604,PASS,worst_obstruction_endpoint_distance,14.37103699044114,379.0852693535973,True,,端点最大距离且全时段按遮挡计损仍满足双向预算
T023,巡航,12236.050470914892,12255.419344827029,中继,R010,1605,PASS,worst_obstruction_endpoint_distance,14.069522297381894,392.475583151711,True,,端点最大距离且全时段按遮挡计损仍满足双向预算
T023,巡航,12255.419344827029,12274.788218739164,中继,R010,1606,PASS,worst_obstruction_endpoint_distance,9.792259352295744,642.2081174014426,True,,端点最大距离且全时段按遮挡计损仍满足双向预算
T023,巡航,12274.788218739164,12294.157092651301,中继,R010,1607,PASS,worst_obstruction_endpoint_distance,6.704821087598461,916.3211354232054,True,,端点最大距离且全时段按遮挡计损仍满足双向预算
T023,巡航,12294.157092651301,12313.525966563437,中继,R010,1608,PASS,worst_obstruction_endpoint_distance,4.375209083256834,1198.197210341921,True,,端点最大距离且全时段按遮挡计损仍满足双向预算
T023,巡航,12313.525966563437,12332.894840475572,中继,R010,1609,PASS,worst_obstruction_endpoint_distance,2.5205068448941716,1483.4175612415534,True,,端点最大距离且全时段按遮挡计损仍满足双向预算
T023,巡航,12332.894840475572,12352.26371438771,中继,R010,1610,PASS,worst_obstruction_endpoint_distance,0.9845112323786225,1770.3665557193347,True,,端点最大距离且全时段按遮挡计损仍满足双向预算
T023,巡航,12352.26371438771,12371.632588299844,直连,,1611,PASS,worst_obstruction_endpoint_distance,0.3511001857511502,3799.563867195433,True,,端点最大距离且全时段按遮挡计损仍满足双向预算
T023,巡航,12371.632588299844,12391.001462211982,直连,,1612,PASS,worst_obstruction_endpoint_distance,1.0373955454072217,3510.9042140003926,True,,端点最大距离且全时段按遮挡计损仍满足双向预算
T023,巡航,12391.001462211982,12410.370336124117,直连,,1613,PASS,worst_obstruction_endpoint_distance,1.7816975303945526,3222.5812935216322,True,,端点最大距离且全时段按遮挡计损仍满足双向预算
T023,巡航,12410.370336124117,12429.739210036254,直连,,1614,PASS,worst_obstruction_endpoint_distance,2.5945176302470827,2934.6943556878236,True,,端点最大距离且全时段按遮挡计损仍满足双向预算
T023,巡航,12429.739210036254,12449.10808394839,直连,,1615,PASS,worst_obstruction_endpoint_distance,3.489431003683208,2647.3856356294796,True,,端点最大距离且全时段按遮挡计损仍满足双向预算
T023,巡航,12449.10808394839,12468.476957860526,直连,,1616,PASS,worst_obstruction_endpoint_distance,4.484347514560369,2360.8662437016196,True,,端点最大距离且全时段按遮挡计损仍满足双向预算
T023,巡航,12468.476957860526,12487.845831772662,直连,,1617,PASS,worst_obstruction_endpoint_distance,5.6034748051165195,2075.4631078491716,True,,端点最大距离且全时段按遮挡计损仍满足双向预算
T023,巡航,12487.845831772662,12507.214705684797,直连,,1618,PASS,worst_obstruction_endpoint_distance,6.88042209365949,1791.7097359553002,True,,端点最大距离且全时段按遮挡计损仍满足双向预算
T023,巡航,12507.214705684797,12526.583579596934,直连,,1619,PASS,worst_obstruction_endpoint_distance,8.363152781545608,1510.536136036523,True,,端点最大距离且全时段按遮挡计损仍满足双向预算
T023,巡航,12526.583579596934,12545.952453509071,直连,,1620,PASS,worst_obstruction_endpoint_distance,10.121531530871934,1233.707434162586,True,,端点最大距离且全时段按遮挡计损仍满足双向预算
T023,巡航,12545.952453509071,12565.321327421207,直连,,1621,PASS,worst_obstruction_endpoint_distance,12.255496498365815,964.9702702284851,True,,端点最大距离且全时段按遮挡计损仍满足双向预算
T023,巡航,12565.321327421207,12584.690201333342,直连,,1622,PASS,worst_obstruction_endpoint_distance,14.877571997569547,713.5265841036068,True,,端点最大距离且全时段按遮挡计损仍满足双向预算
T023,巡航,12584.690201333342,12604.05907524548,直连,,1623,PASS,worst_obstruction_endpoint_distance,17.86521275478823,505.85741518854684,True,,端点最大距离且全时段按遮挡计损仍满足双向预算
T023,下降,12604.05907524548,12623.791081526551,直连,,1624,PASS,worst_obstruction_endpoint_distance,19.603583756332725,414.104138183594,True,,端点最大距离且全时段按遮挡计损仍满足双向预算
T023,下降,12623.791081526551,12643.523087807624,直连,,1625,PASS,worst_obstruction_endpoint_distance,20.473489357801128,374.6401256214494,True,,端点最大距离且全时段按遮挡计损仍满足双向预算
T023,下降,12643.523087807624,12663.255094088696,直连,,1626,PASS,worst_obstruction_endpoint_distance,21.440313960408872,335.17611305930484,True,,端点最大距离且全时段按遮挡计损仍满足双向预算
T023,下降,12663.255094088696,12682.987100369768,直连,,1627,PASS,worst_obstruction_endpoint_distance,22.52839324260279,295.7121004971603,True,,端点最大距离且全时段按遮挡计损仍满足双向预算
T023,下降,12682.987100369768,12702.71910665084,直连,,1628,PASS,worst_obstruction_endpoint_distance,23.772562496383955,256.2480879350157,True,,端点最大距离且全时段按遮挡计损仍满足双向预算
T023,下降,12702.71910665084,12722.451112931914,直连,,1629,PASS,worst_obstruction_endpoint_distance,25.225227637195587,216.7840753728711,True,,端点最大距离且全时段按遮挡计损仍满足双向预算
T023,下降,12722.451112931914,12742.183119212987,直连,,1630,PASS,worst_obstruction_endpoint_distance,26.970617636485485,177.32006281072285,True,,端点最大距离且全时段按遮挡计损仍满足双向预算
T023,下降,12742.183119212987,12761.915125494059,直连,,1631,PASS,worst_obstruction_endpoint_distance,29.157258540840516,137.8560502485783,True,,端点最大距离且全时段按遮挡计损仍满足双向预算
T023,下降,12761.915125494059,12781.647131775131,直连,,1632,PASS,worst_obstruction_endpoint_distance,32.08657606884003,98.39203768643375,True,,端点最大距离且全时段按遮挡计损仍满足双向预算
T023,下降,12781.647131775131,12801.379138056203,直连,,1633,PASS,worst_obstruction_endpoint_distance,36.5393374322733,58.92802512428915,True,,端点最大距离且全时段按遮挡计损仍满足双向预算
T023,下降,12801.379138056203,12821.111144337276,直连,,1634,PASS,worst_obstruction_endpoint_distance,45.92517525248826,20.0,True,,端点最大距离且全时段按遮挡计损仍满足双向预算
T024,爬升,10799.0,10816.107585313584,直连,,1635,PASS,worst_obstruction_endpoint_distance,42.02857583418913,31.32275594075338,True,,端点最大距离且全时段按遮挡计损仍满足双向预算
T024,爬升,10816.107585313584,10833.21517062717,直连,,1636,PASS,worst_obstruction_endpoint_distance,33.60138968771966,82.64551188151216,True,,端点最大距离且全时段按遮挡计损仍满足双向预算
T024,爬升,10833.21517062717,10850.322755940755,直连,,1637,PASS,worst_obstruction_endpoint_distance,29.405736324095642,133.96826782226555,True,,端点最大距离且全时段按遮挡计损仍满足双向预算
T024,爬升,10850.322755940755,10867.43034125434,直连,,1638,PASS,worst_obstruction_endpoint_distance,26.588687548371368,185.29102376301887,True,,端点最大距离且全时段按遮挡计损仍满足双向预算
T024,爬升,10867.43034125434,10884.537926567926,直连,,1639,PASS,worst_obstruction_endpoint_distance,24.464974504050446,236.6137797037777,True,,端点最大距离且全时段按遮挡计损仍满足双向预算
T024,爬升,10884.537926567926,10901.64551188151,直连,,1640,PASS,worst_obstruction_endpoint_distance,22.759839664518097,287.93653564453103,True,,端点最大距离且全时段按遮挡计损仍满足双向预算
T024,巡航,10901.64551188151,10921.580823865923,直连,,1641,PASS,worst_obstruction_endpoint_distance,19.58226210365403,415.12190732371414,True,,端点最大距离且全时段按遮挡计损仍满足双向预算
T024,巡航,10921.580823865923,10941.516135850337,直连,,1642,PASS,worst_obstruction_endpoint_distance,15.505503268057225,663.7638481291795,True,,端点最大距离且全时段按遮挡计损仍满足双向预算
T024,巡航,10941.516135850337,10961.45144783475,直连,,1643,PASS,worst_obstruction_endpoint_distance,12.463229440911974,942.1656929588921,True,,端点最大距离且全时段按遮挡计损仍满足双向预算
T024,巡航,10961.45144783475,10981.386759819163,直连,,1644,PASS,worst_obstruction_endpoint_distance,10.145642631642758,1230.287543079355,True,,端点最大距离且全时段按遮挡计损仍满足双向预算
T024,巡航,10981.386759819163,11001.322071803575,直连,,1645,PASS,worst_obstruction_endpoint_distance,8.293936099781448,1522.621483851366,True,,端点最大距离且全时段按遮挡计损仍满足双向预算
T024,巡航,11001.322071803575,11021.25738378799,直连,,1646,PASS,worst_obstruction_endpoint_distance,6.758027590343033,1817.1357754107732,True,,端点最大距离且全时段按遮挡计损仍满足双向预算
T024,巡航,11021.25738378799,11041.192695772403,直连,,1647,PASS,worst_obstruction_endpoint_distance,5.448118714902037,2112.9188740298164,True,,端点最大距离且全时段按遮挡计损仍满足双向预算
T024,巡航,11041.192695772403,11061.128007756815,直连,,1648,PASS,worst_obstruction_endpoint_distance,4.307223717296679,2409.5035606837673,True,,端点最大距离且全时段按遮挡计损仍满足双向预算
T024,巡航,11061.128007756815,11081.063319741228,直连,,1649,PASS,worst_obstruction_endpoint_distance,3.2972090851020823,2706.626340747146,True,,端点最大距离且全时段按遮挡计损仍满足双向预算
T024,巡航,11081.063319741228,11100.998631725643,直连,,1650,PASS,worst_obstruction_endpoint_distance,2.3914077795581505,3004.1275583214433,True,,端点最大距离且全时段按遮挡计损仍满足双向预算
T024,巡航,11100.998631725643,11120.933943710055,直连,,1651,PASS,worst_obstruction_endpoint_distance,1.5704838890166855,3301.9049234751205,True,,端点最大距离且全时段按遮挡计损仍满足双向预算
T024,巡航,11120.933943710055,11140.869255694468,直连,,1652,PASS,worst_obstruction_endpoint_distance,0.8199907753847242,3599.8899093491077,True,,端点最大距离且全时段按遮挡计损仍满足双向预算
T024,巡航,11140.869255694468,11160.804567678882,直连,,1653,PASS,worst_obstruction_endpoint_distance,0.1288606994989152,3898.034901583201,True,,端点最大距离且全时段按遮挡计损仍满足双向预算
T024,巡航,11160.804567678882,11180.739879663295,中继,R009,1654,PASS,worst_obstruction_endpoint_distance,1.9561611656129116,1582.999216856826,True,,端点最大距离且全时段按遮挡计损仍满足双向预算
T024,巡航,11180.739879663295,11200.675191647708,中继,R009,1655,PASS,worst_obstruction_endpoint_distance,1.2253393186503274,1721.9549783730727,True,,端点最大距离且全时段按遮挡计损仍满足双向预算
T024,巡航,11200.675191647708,11220.61050363212,中继,R009,1656,PASS,worst_obstruction_endpoint_distance,0.37888078244262147,1898.212020107859,True,,端点最大距离且全时段按遮挡计损仍满足双向预算
T024,下降,11220.61050363212,11237.417810761028,中继,R009,1657,PASS,worst_obstruction_endpoint_distance,0.3776503177706161,1898.4809445790615,True,,端点最大距离且全时段按遮挡计损仍满足双向预算
T024,下降,11237.417810761028,11254.225117889933,中继,R009,1658,PASS,worst_obstruction_endpoint_distance,0.37216869844495193,1899.679444074505,True,,端点最大距离且全时段按遮挡计损仍满足双向预算
T024,投送,11254.225117889933,11274.225117889933,中继,R009,1659,PASS,exact_point,10.372168698444952,1899.679444074505,,,独立计算 DEM 遮挡、自由空间损耗与双向预算
T024,投送,11274.225117889933,11294.225117889933,中继,R009,1660,PASS,exact_point,10.372168698444952,1899.679444074505,,,独立计算 DEM 遮挡、自由空间损耗与双向预算
T024,投送,11294.225117889933,11314.225117889933,中继,R009,1661,PASS,exact_point,10.372168698444952,1899.679444074505,,,独立计算 DEM 遮挡、自由空间损耗与双向预算
T024,投送,11314.225117889933,11334.225117889933,中继,R009,1662,PASS,exact_point,10.372168698444952,1899.679444074505,,,独立计算 DEM 遮挡、自由空间损耗与双向预算
T024,投送,11334.225117889933,11354.225117889933,中继,R009,1663,PASS,exact_point,10.372168698444952,1899.679444074505,,,独立计算 DEM 遮挡、自由空间损耗与双向预算
T024,投送,11354.225117889933,11374.225117889933,中继,R009,1664,PASS,exact_point,10.372168698444952,1899.679444074505,,,独立计算 DEM 遮挡、自由空间损耗与双向预算
T024,投送,11374.225117889933,11394.225117889933,中继,R009,1665,PASS,exact_point,10.372168698444952,1899.679444074505,,,独立计算 DEM 遮挡、自由空间损耗与双向预算
T024,投送,11394.225117889933,11414.225117889933,中继,R009,1666,PASS,exact_point,10.372168698444952,1899.679444074505,,,独立计算 DEM 遮挡、自由空间损耗与双向预算
T024,投送,11414.225117889933,11434.225117889933,中继,R009,1667,PASS,exact_point,10.372168698444952,1899.679444074505,,,独立计算 DEM 遮挡、自由空间损耗与双向预算
T024,爬升,11434.225117889933,11449.722081899536,中继,R009,1668,PASS,worst_obstruction_endpoint_distance,0.37216869844495193,1899.679444074505,True,,端点最大距离且全时段按遮挡计损仍满足双向预算
T024,爬升,11449.722081899536,11465.21904590914,中继,R009,1669,PASS,worst_obstruction_endpoint_distance,0.37798363413003244,1898.408092788191,True,,端点最大距离且全时段按遮挡计损仍满足双向预算
T024,爬升,11465.21904590914,11480.716009918742,中继,R009,1670,PASS,worst_obstruction_endpoint_distance,0.3739955308154208,1899.2799419944536,True,,端点最大距离且全时段按遮挡计损仍满足双向预算
T024,爬升,11480.716009918742,11496.212973928345,中继,R009,1671,PASS,worst_obstruction_endpoint_distance,0.3642068085451058,1901.4215768305398,True,,端点最大距离且全时段按遮挡计损仍满足双向预算
T024,巡航,11496.212973928345,11515.692563463774,中继,R009,1672,PASS,worst_obstruction_endpoint_distance,0.3642068085451058,1901.4215768305398,True,,端点最大距离且全时段按遮挡计损仍满足双向预算
T024,巡航,11515.692563463774,11535.172152999203,中继,R009,1673,PASS,worst_obstruction_endpoint_distance,1.1581963411356497,1735.3174789706566,True,,端点最大距离且全时段按遮挡计损仍满足双向预算
T024,巡航,11535.172152999203,11554.651742534632,中继,R009,1674,PASS,worst_obstruction_endpoint_distance,1.8329393365200843,1605.6163852603436,True,,端点最大距离且全时段按遮挡计损仍满足双向预算
T024,巡航,11554.651742534632,11574.131332070061,中继,R009,1675,PASS,worst_obstruction_endpoint_distance,2.299447944622031,1521.6555734537137,True,,端点最大距离且全时段按遮挡计损仍满足双向预算
T024,巡航,11574.131332070061,11593.61092160549,中继,R009,1676,PASS,worst_obstruction_endpoint_distance,2.323660796067287,1517.4197016212408,True,,端点最大距离且全时段按遮挡计损仍满足双向预算
T024,巡航,11593.61092160549,11613.09051114092,中继,R009,1677,PASS,worst_obstruction_endpoint_distance,1.8765299216247229,1597.5787022577094,True,,端点最大距离且全时段按遮挡计损仍满足双向预算
T024,下降,11613.09051114092,11631.746867952443,中继,R009,1678,PASS,worst_obstruction_endpoint_distance,1.8765299216247229,1597.5787022577094,True,,端点最大距离且全时段按遮挡计损仍满足双向预算
T024,下降,11631.746867952443,11650.403224763966,中继,R009,1679,PASS,worst_obstruction_endpoint_distance,1.8904355558367172,1595.023112364994,True,,端点最大距离且全时段按遮挡计损仍满足双向预算
T024,下降,11650.403224763966,11669.05958157549,中继,R009,1680,PASS,worst_obstruction_endpoint_distance,1.8960139455474376,1593.9990602180858,True,,端点最大距离且全时段按遮挡计损仍满足双向预算
T024,下降,11669.05958157549,11687.715938387013,中继,R009,1681,PASS,worst_obstruction_endpoint_distance,1.8876581411903288,1595.53322118428,True,,端点最大距离且全时段按遮挡计损仍满足双向预算
T024,投送,11687.715938387013,11707.715938387013,中继,R009,1682,PASS,exact_point,1.8876581411903288,1595.53322118428,,,独立计算 DEM 遮挡、自由空间损耗与双向预算
T024,投送,11707.715938387013,11727.715938387013,中继,R009,1683,PASS,exact_point,1.8876581411903288,1595.53322118428,,,独立计算 DEM 遮挡、自由空间损耗与双向预算
T024,投送,11727.715938387013,11747.715938387013,中继,R009,1684,PASS,exact_point,1.8876581411903288,1595.53322118428,,,独立计算 DEM 遮挡、自由空间损耗与双向预算
T024,投送,11747.715938387013,11767.715938387013,中继,R009,1685,PASS,exact_point,1.8876581411903288,1595.53322118428,,,独立计算 DEM 遮挡、自由空间损耗与双向预算
T024,投送,11767.715938387013,11787.715938387013,中继,R009,1686,PASS,exact_point,1.8876581411903288,1595.53322118428,,,独立计算 DEM 遮挡、自由空间损耗与双向预算
T024,投送,11787.715938387013,11807.715938387013,中继,R009,1687,PASS,exact_point,1.8876581411903288,1595.53322118428,,,独立计算 DEM 遮挡、自由空间损耗与双向预算
T024,投送,11807.715938387013,11827.715938387013,中继,R009,1688,PASS,exact_point,1.8876581411903288,1595.53322118428,,,独立计算 DEM 遮挡、自由空间损耗与双向预算
T024,投送,11827.715938387013,11847.715938387013,中继,R009,1689,PASS,exact_point,1.8876581411903288,1595.53322118428,,,独立计算 DEM 遮挡、自由空间损耗与双向预算
T024,投送,11847.715938387013,11867.715938387013,中继,R009,1690,PASS,exact_point,1.8876581411903288,1595.53322118428,,,独立计算 DEM 遮挡、自由空间损耗与双向预算
T024,爬升,11867.715938387013,11883.779097566701,中继,R009,1691,PASS,worst_obstruction_endpoint_distance,1.8876581411903288,1595.53322118428,True,,端点最大距离且全时段按遮挡计损仍满足双向预算
T024,爬升,11883.779097566701,11899.84225674639,中继,R009,1692,PASS,worst_obstruction_endpoint_distance,1.8961640927920342,1593.971506045958,True,,端点最大距离且全时段按遮挡计损仍满足双向预算
T024,爬升,11899.84225674639,11915.905415926076,中继,R009,1693,PASS,worst_obstruction_endpoint_distance,1.8893814134719378,1595.2167003033844,True,,端点最大距离且全时段按遮挡计损仍满足双向预算
T024,爬升,11915.905415926076,11931.968575105764,中继,R009,1694,PASS,worst_obstruction_endpoint_distance,1.874129839729676,1598.0202056242845,True,,端点最大距离且全时段按遮挡计损仍满足双向预算
T024,爬升,11931.968575105764,11948.03173428545,中继,R009,1695,PASS,worst_obstruction_endpoint_distance,1.851067682106489,1602.2687932213864,True,,端点最大距离且全时段按遮挡计损仍满足双向预算
T024,巡航,11948.03173428545,11967.047770057361,中继,R009,1696,PASS,worst_obstruction_endpoint_distance,1.851067682106489,1602.2687932213864,True,,端点最大距离且全时段按遮挡计损仍满足双向预算
T024,巡航,11967.047770057361,11986.06380582927,中继,R009,1697,PASS,worst_obstruction_endpoint_distance,3.51323382978417,1323.2047974411298,True,,端点最大距离且全时段按遮挡计损仍满足双向预算
T024,巡航,11986.06380582927,12005.07984160118,中继,R009,1698,PASS,worst_obstruction_endpoint_distance,5.54291356012142,1047.4735861235545,True,,端点最大距离且全时段按遮挡计损仍满足双向预算
T024,巡航,12005.07984160118,12024.095877373089,中继,R009,1699,PASS,worst_obstruction_endpoint_distance,8.119220265059056,778.6239263581429,True,,端点最大距离且全时段按遮挡计损仍满足双向预算
T024,巡航,12024.095877373089,12043.111913145,中继,R009,1700,PASS,worst_obstruction_endpoint_distance,11.504798412081428,527.2891532960156,True,,端点最大距离且全时段按遮挡计损仍满足双向预算
T024,巡航,12043.111913145,12062.12794891691,中继,R009,1701,PASS,worst_obstruction_endpoint_distance,15.432829120306295,335.4650668623382,True,,端点最大距离且全时段按遮挡计损仍满足双向预算
T024,巡航,12062.12794891691,12081.143984688819,直连,,1702,PASS,worst_obstruction_endpoint_distance,0.5007923438628978,3734.643411099761,True,,端点最大距离且全时段按遮挡计损仍满足双向预算
T024,巡航,12081.143984688819,12100.160020460728,直连,,1703,PASS,worst_obstruction_endpoint_distance,1.1853788074652982,3451.594894447908,True,,端点最大距离且全时段按遮挡计损仍满足双向预算
T024,巡航,12100.160020460728,12119.176056232638,直连,,1704,PASS,worst_obstruction_endpoint_distance,1.9274962095368977,3168.939499280925,True,,端点最大距离且全时段按遮挡计损仍满足双向预算
T024,巡航,12119.176056232638,12138.192092004549,直连,,1705,PASS,worst_obstruction_endpoint_distance,2.7374631875922546,2886.7927033719507,True,,端点最大距离且全时段按遮挡计损仍满足双向预算
T024,巡航,12138.192092004549,12157.208127776457,直连,,1706,PASS,worst_obstruction_endpoint_distance,3.628554530062189,2605.31975039449,True,,端点最大距离且全时段按遮挡计损仍满足双向预算
T024,巡航,12157.208127776457,12176.224163548368,直连,,1707,PASS,worst_obstruction_endpoint_distance,4.6181924565780434,2324.765411555552,True,,端点最大距离且全时段按遮挡计损仍满足双向预算
T024,巡航,12176.224163548368,12195.240199320277,直连,,1708,PASS,worst_obstruction_endpoint_distance,5.729752779458053,2045.5077030287673,True,,端点最大距离且全时段按遮挡计损仍满足双向预算
T024,巡航,12195.240199320277,12214.256235092187,直连,,1709,PASS,worst_obstruction_endpoint_distance,6.995338587207897,1768.1610885183502,True,,端点最大距离且全时段按遮挡计损仍满足双向预算
T024,巡航,12214.256235092187,12233.272270864096,直连,,1710,PASS,worst_obstruction_endpoint_distance,8.459981738274593,1493.790425115221,True,,端点最大距离且全时段按遮挡计损仍满足双向预算
T024,巡航,12233.272270864096,12252.288306636006,直连,,1711,PASS,worst_obstruction_endpoint_distance,10.187323229616496,1224.3979585073178,True,,端点最大距离且全时段按遮挡计损仍满足双向预算
T024,巡航,12252.288306636006,12271.304342407915,直连,,1712,PASS,worst_obstruction_endpoint_distance,12.262742934535737,964.1655536489214,True,,端点最大距离且全时段按遮挡计损仍满足双向预算
T024,巡航,12271.304342407915,12290.320378179826,直连,,1713,PASS,worst_obstruction_endpoint_distance,14.762382856352005,723.0521394096111,True,,端点最大距离且全时段按遮挡计损仍满足双向预算
T024,巡航,12290.320378179826,12309.336413951734,直连,,1714,PASS,worst_obstruction_endpoint_distance,17.49412647354434,527.9374064998578,True,,端点最大距离且全时段按遮挡计损仍满足双向预算
T024,下降,12309.336413951734,12327.906309459548,直连,,1715,PASS,worst_obstruction_endpoint_distance,18.993277511644692,444.24738769531206,True,,端点最大距离且全时段按遮挡计损仍满足双向预算
T024,下降,12327.906309459548,12346.476204967359,直连,,1716,PASS,worst_obstruction_endpoint_distance,19.951985068959814,397.822648925779,True,,端点最大距离且全时段按遮挡计损仍满足双向预算
T024,下降,12346.476204967359,12365.046100475172,直连,,1717,PASS,worst_obstruction_endpoint_distance,21.029791679401214,351.3979101562506,True,,端点最大距离且全时段按遮挡计损仍满足双向预算
T024,下降,12365.046100475172,12383.615995982986,直连,,1718,PASS,worst_obstruction_endpoint_distance,22.260542446450856,304.9731713867175,True,,端点最大距离且全时段按遮挡计损仍满足双向预算
T024,下降,12383.615995982986,12402.185891490797,直连,,1719,PASS,worst_obstruction_endpoint_distance,23.694936979399657,258.5484326171845,True,,端点最大距离且全时段按遮挡计损仍满足双向预算
T024,下降,12402.185891490797,12420.75578699861,直连,,1720,PASS,worst_obstruction_endpoint_distance,25.41399154248265,212.12369384765606,True,,端点最大距离且全时段按遮挡计损仍满足双向预算
T024,下降,12420.75578699861,12439.325682506424,直连,,1721,PASS,worst_obstruction_endpoint_distance,27.559379771700534,165.69895507812305,True,,端点最大距离且全时段按遮挡计损仍满足双向预算
T024,下降,12439.325682506424,12457.895578014235,直连,,1722,PASS,worst_obstruction_endpoint_distance,30.414843731611498,119.27421630858998,True,,端点最大距离且全时段按遮挡计损仍满足双向预算
T024,下降,12457.895578014235,12476.465473522048,直连,,1723,PASS,worst_obstruction_endpoint_distance,34.69724633677501,72.84947753906152,True,,端点最大距离且全时段按遮挡计损仍满足双向预算
T024,下降,12476.465473522048,12495.03536902986,直连,,1724,PASS,worst_obstruction_endpoint_distance,43.50556111298131,26.42473876952846,True,,端点最大距离且全时段按遮挡计损仍满足双向预算
