sortie_id,stage,start_s,end_s,mode,relay_id,comm_row_index,status,method,margin_db,worst_distance_m,pessimistic_obstructed,witness_s,reason
T001,爬升,360.0,375.10452117919925,直连,,1,PASS,worst_obstruction_endpoint_distance,43.878709413313516,25.31356353759776,True,,端点最大距离且全时段按遮挡计损仍满足双向预算
T001,爬升,375.10452117919925,390.2090423583985,直连,,2,PASS,worst_obstruction_endpoint_distance,34.966344352585295,70.62712707519552,True,,端点最大距离且全时段按遮挡计损仍满足双向预算
T001,爬升,390.2090423583985,405.31356353759776,直连,,3,PASS,worst_obstruction_endpoint_distance,30.66105750651289,115.94069061279328,True,,端点最大距离且全时段按遮挡计损仍满足双向预算
T001,爬升,405.31356353759776,420.418084716797,直连,,4,PASS,worst_obstruction_endpoint_distance,27.79555154865507,161.25425415039103,True,,端点最大距离且全时段按遮挡计损仍满足双向预算
T001,巡航,420.418084716797,440.18157194016305,直连,,5,PASS,worst_obstruction_endpoint_distance,21.38103723570191,337.4713404244516,True,,端点最大距离且全时段按遮挡计损仍满足双向预算
T001,巡航,440.18157194016305,459.9450591635291,直连,,6,PASS,worst_obstruction_endpoint_distance,16.17615903644753,614.4418760035281,True,,端点最大距离且全时段按遮挡计损仍满足双向预算
T001,巡航,459.9450591635291,479.7085463868952,直连,,7,PASS,worst_obstruction_endpoint_distance,12.823774280234389,903.8576628091926,True,,端点最大距离且全时段按遮挡计损仍满足双向预算
T001,巡航,479.7085463868952,499.47203361026124,直连,,8,PASS,worst_obstruction_endpoint_distance,10.385900789493661,1196.723223014895,True,,端点最大距离且全时段按遮挡计损仍满足双向预算
T001,巡航,499.47203361026124,519.2355208336273,直连,,9,PASS,worst_obstruction_endpoint_distance,8.476180856524223,1491.0071135443768,True,,端点最大距离且全时段按遮挡计损仍满足双向预算
T001,巡航,519.2355208336273,538.9990080569934,直连,,10,PASS,worst_obstruction_endpoint_distance,6.908105372473543,1786.0083692495245,True,,端点最大距离且全时段按遮挡计损仍满足双向预算
T001,巡航,538.9990080569934,558.7624952803594,直连,,11,PASS,worst_obstruction_endpoint_distance,5.578572376014165,2081.421994615999,True,,端点最大距离且全时段按遮挡计损仍满足双向预算
T001,巡航,558.7624952803594,578.5259825037255,直连,,12,PASS,worst_obstruction_endpoint_distance,4.424847125248689,2377.0942527732964,True,,端点最大距离且全时段按遮挡计损仍满足双向预算
T001,巡航,578.5259825037255,598.2894697270915,直连,,13,PASS,worst_obstruction_endpoint_distance,3.4059931797055043,2672.939317626779,True,,端点最大距离且全时段按遮挡计损仍满足双向预算
T001,巡航,598.2894697270915,618.0529569504575,直连,,14,PASS,worst_obstruction_endpoint_distance,2.4938475922613463,2968.9055301769163,True,,端点最大距离且全时段按遮挡计损仍满足双向预算
T001,巡航,618.0529569504575,637.8164441738236,直连,,15,PASS,worst_obstruction_endpoint_distance,1.6682180133278024,3264.9599447416617,True,,端点最大距离且全时段按遮挡计损仍满足双向预算
T001,巡航,637.8164441738236,657.5799313971897,直连,,16,PASS,worst_obstruction_endpoint_distance,0.9141391873638156,3561.0805630696686,True,,端点最大距离且全时段按遮挡计损仍满足双向预算
T001,巡航,657.5799313971897,677.3434186205557,直连,,17,PASS,worst_obstruction_endpoint_distance,0.2202145974620322,3857.2521378350943,True,,端点最大距离且全时段按遮挡计损仍满足双向预算
T001,巡航,677.3434186205557,697.1069058439218,中继,R001,18,PASS,worst_obstruction_endpoint_distance,1.7986941689042766,1611.9592170068474,True,,端点最大距离且全时段按遮挡计损仍满足双向预算
T001,巡航,697.1069058439218,716.8703930672878,中继,R001,19,PASS,worst_obstruction_endpoint_distance,3.548725382916672,1317.8090603809612,True,,端点最大距离且全时段按遮挡计损仍满足双向预算
T001,巡航,716.8703930672878,736.6338802906539,中继,R001,20,PASS,worst_obstruction_endpoint_distance,5.731414163795407,1024.9862751293902,True,,端点最大距离且全时段按遮挡计损仍满足双向预算
T001,巡航,736.6338802906539,756.39736751402,中继,R001,21,PASS,worst_obstruction_endpoint_distance,8.619096337392278,735.0788740248184,True,,端点最大距离且全时段按遮挡计损仍满足双向预算
T001,巡航,756.39736751402,776.160854737386,中继,R001,22,PASS,worst_obstruction_endpoint_distance,12.810203579364014,453.71023806410597,True,,端点最大距离且全时段按遮挡计损仍满足双向预算
T001,巡航,776.160854737386,795.924341960752,中继,R001,23,PASS,worst_obstruction_endpoint_distance,17.87171950183982,253.33942657084106,True,,端点最大距离且全时段按遮挡计损仍满足双向预算
T001,巡航,795.924341960752,815.6878291841181,中继,R001,24,PASS,worst_obstruction_endpoint_distance,11.846499345070555,506.94844008022034,True,,端点最大距离且全时段按遮挡计损仍满足双向预算
T001,巡航,815.6878291841181,835.4513164074842,中继,R001,25,PASS,worst_obstruction_endpoint_distance,7.982943005401779,790.9364822770917,True,,端点最大距离且全时段按遮挡计损仍满足双向预算
T001,巡航,835.4513164074842,855.2148036308502,中继,R001,26,PASS,worst_obstruction_endpoint_distance,5.2641680033805756,1081.634069057801,True,,端点最大距离且全时段按遮挡计损仍满足双向预算
T001,巡航,855.2148036308502,874.9782908542163,中继,R001,27,PASS,worst_obstruction_endpoint_distance,3.1810377706371042,1374.7915994615264,True,,端点最大距离且全时段按遮挡计损仍满足双向预算
T001,巡航,874.9782908542163,894.7417780775824,中继,R001,28,PASS,worst_obstruction_endpoint_distance,1.4960582519514247,1669.113407412768,True,,端点最大距离且全时段按遮挡计损仍满足双向预算
T001,巡航,894.7417780775824,914.5052653009484,中继,R001,29,PASS,worst_obstruction_endpoint_distance,0.08260871375279066,1964.076152778362,True,,端点最大距离且全时段按遮挡计损仍满足双向预算
T001,下降,914.5052653009484,932.3961161310265,中继,R001,30,PASS,worst_obstruction_endpoint_distance,0.08260871375279066,1964.076152778362,True,,端点最大距离且全时段按遮挡计损仍满足双向预算
T001,下降,932.3961161310265,950.2869669611046,中继,R001,31,PASS,worst_obstruction_endpoint_distance,0.0804771903531929,1964.5581975862738,True,,端点最大距离且全时段按遮挡计损仍满足双向预算
T001,投送,950.2869669611046,969.3778760520137,中继,R001,32,PASS,exact_point,0.0804771903531929,1964.5581975862738,,,独立计算 DEM 遮挡、自由空间损耗与双向预算
T001,投送,969.3778760520137,988.4687851429227,中继,R001,33,PASS,exact_point,0.0804771903531929,1964.5581975862738,,,独立计算 DEM 遮挡、自由空间损耗与双向预算
T001,投送,988.4687851429227,1007.5596942338318,中继,R001,34,PASS,exact_point,0.0804771903531929,1964.5581975862738,,,独立计算 DEM 遮挡、自由空间损耗与双向预算
T001,投送,1007.5596942338318,1026.6506033247408,中继,R001,35,PASS,exact_point,0.0804771903531929,1964.5581975862738,,,独立计算 DEM 遮挡、自由空间损耗与双向预算
T001,投送,1026.6506033247408,1045.74151241565,中继,R001,36,PASS,exact_point,0.0804771903531929,1964.5581975862738,,,独立计算 DEM 遮挡、自由空间损耗与双向预算
T001,投送,1045.74151241565,1064.832421506559,中继,R001,37,PASS,exact_point,0.0804771903531929,1964.5581975862738,,,独立计算 DEM 遮挡、自由空间损耗与双向预算
T001,投送,1064.832421506559,1083.923330597468,中继,R001,38,PASS,exact_point,0.0804771903531929,1964.5581975862738,,,独立计算 DEM 遮挡、自由空间损耗与双向预算
T001,投送,1083.923330597468,1103.0142396883773,中继,R001,39,PASS,exact_point,0.0804771903531929,1964.5581975862738,,,独立计算 DEM 遮挡、自由空间损耗与双向预算
T001,投送,1103.0142396883773,1122.1051487792863,中继,R001,40,PASS,exact_point,0.0804771903531929,1964.5581975862738,,,独立计算 DEM 遮挡、自由空间损耗与双向预算
T001,投送,1122.1051487792863,1141.1960578701955,中继,R001,41,PASS,exact_point,0.0804771903531929,1964.5581975862738,,,独立计算 DEM 遮挡、自由空间损耗与双向预算
T001,投送,1141.1960578701955,1160.2869669611046,中继,R001,42,PASS,exact_point,0.0804771903531929,1964.5581975862738,,,独立计算 DEM 遮挡、自由空间损耗与双向预算
T001,爬升,1160.2869669611046,1175.196009319503,中继,R001,43,PASS,worst_obstruction_endpoint_distance,0.0804771903531929,1964.5581975862738,True,,端点最大距离且全时段按遮挡计损仍满足双向预算
T001,爬升,1175.196009319503,1190.1050516779014,中继,R001,44,PASS,worst_obstruction_endpoint_distance,0.08260871375279066,1964.076152778362,True,,端点最大距离且全时段按遮挡计损仍满足双向预算
T001,巡航,1190.1050516779014,1209.8685389012676,中继,R001,45,PASS,worst_obstruction_endpoint_distance,0.08260871375279066,1964.076152778362,True,,端点最大距离且全时段按遮挡计损仍满足双向预算
T001,巡航,1209.8685389012676,1229.6320261246335,中继,R001,46,PASS,worst_obstruction_endpoint_distance,1.4960582519514247,1669.113407412768,True,,端点最大距离且全时段按遮挡计损仍满足双向预算
T001,巡航,1229.6320261246335,1249.3955133479997,中继,R001,47,PASS,worst_obstruction_endpoint_distance,3.1810377706371042,1374.7915994615264,True,,端点最大距离且全时段按遮挡计损仍满足双向预算
T001,巡航,1249.3955133479997,1269.1590005713656,中继,R001,48,PASS,worst_obstruction_endpoint_distance,5.2641680033805756,1081.634069057801,True,,端点最大距离且全时段按遮挡计损仍满足双向预算
T001,巡航,1269.1590005713656,1288.9224877947318,中继,R001,49,PASS,worst_obstruction_endpoint_distance,7.982943005401779,790.9364822770917,True,,端点最大距离且全时段按遮挡计损仍满足双向预算
T001,巡航,1288.9224877947318,1308.6859750180977,中继,R001,50,PASS,worst_obstruction_endpoint_distance,11.846499345070555,506.94844008022034,True,,端点最大距离且全时段按遮挡计损仍满足双向预算
T001,巡航,1308.6859750180977,1328.4494622414638,中继,R001,51,PASS,worst_obstruction_endpoint_distance,17.87171950183982,253.33942657084106,True,,端点最大距离且全时段按遮挡计损仍满足双向预算
T001,巡航,1328.4494622414638,1348.2129494648298,中继,R001,52,PASS,worst_obstruction_endpoint_distance,12.810203579364014,453.71023806410597,True,,端点最大距离且全时段按遮挡计损仍满足双向预算
T001,巡航,1348.2129494648298,1367.976436688196,中继,R001,53,PASS,worst_obstruction_endpoint_distance,8.619096337392278,735.0788740248184,True,,端点最大距离且全时段按遮挡计损仍满足双向预算
T001,巡航,1367.976436688196,1387.739923911562,中继,R001,54,PASS,worst_obstruction_endpoint_distance,5.731414163795407,1024.9862751293902,True,,端点最大距离且全时段按遮挡计损仍满足双向预算
T001,巡航,1387.739923911562,1407.503411134928,中继,R001,55,PASS,worst_obstruction_endpoint_distance,3.548725382916672,1317.8090603809612,True,,端点最大距离且全时段按遮挡计损仍满足双向预算
T001,巡航,1407.503411134928,1427.2668983582942,中继,R001,56,PASS,worst_obstruction_endpoint_distance,1.7986941689042766,1611.9592170068474,True,,端点最大距离且全时段按遮挡计损仍满足双向预算
T001,巡航,1427.2668983582942,1447.03038558166,直连,,57,PASS,worst_obstruction_endpoint_distance,0.2202145974620322,3857.2521378350943,True,,端点最大距离且全时段按遮挡计损仍满足双向预算
T001,巡航,1447.03038558166,1466.7938728050262,直连,,58,PASS,worst_obstruction_endpoint_distance,0.9141391873638156,3561.0805630696686,True,,端点最大距离且全时段按遮挡计损仍满足双向预算
T001,巡航,1466.7938728050262,1486.5573600283922,直连,,59,PASS,worst_obstruction_endpoint_distance,1.6682180133278024,3264.9599447416617,True,,端点最大距离且全时段按遮挡计损仍满足双向预算
T001,巡航,1486.5573600283922,1506.3208472517583,直连,,60,PASS,worst_obstruction_endpoint_distance,2.4938475922613463,2968.9055301769163,True,,端点最大距离且全时段按遮挡计损仍满足双向预算
T001,巡航,1506.3208472517583,1526.0843344751243,直连,,61,PASS,worst_obstruction_endpoint_distance,3.4059931797055043,2672.939317626779,True,,端点最大距离且全时段按遮挡计损仍满足双向预算
T001,巡航,1526.0843344751243,1545.8478216984904,直连,,62,PASS,worst_obstruction_endpoint_distance,4.424847125248689,2377.0942527732964,True,,端点最大距离且全时段按遮挡计损仍满足双向预算
T001,巡航,1545.8478216984904,1565.6113089218566,直连,,63,PASS,worst_obstruction_endpoint_distance,5.578572376014165,2081.421994615999,True,,端点最大距离且全时段按遮挡计损仍满足双向预算
T001,巡航,1565.6113089218566,1585.3747961452225,直连,,64,PASS,worst_obstruction_endpoint_distance,6.908105372473543,1786.0083692495245,True,,端点最大距离且全时段按遮挡计损仍满足双向预算
T001,巡航,1585.3747961452225,1605.1382833685886,直连,,65,PASS,worst_obstruction_endpoint_distance,8.476180856524223,1491.0071135443768,True,,端点最大距离且全时段按遮挡计损仍满足双向预算
T001,巡航,1605.1382833685886,1624.9017705919546,直连,,66,PASS,worst_obstruction_endpoint_distance,10.385900789493661,1196.723223014895,True,,端点最大距离且全时段按遮挡计损仍满足双向预算
T001,巡航,1624.9017705919546,1644.6652578153207,直连,,67,PASS,worst_obstruction_endpoint_distance,12.823774280234389,903.8576628091926,True,,端点最大距离且全时段按遮挡计损仍满足双向预算
T001,巡航,1644.6652578153207,1664.4287450386869,直连,,68,PASS,worst_obstruction_endpoint_distance,16.17615903644753,614.4418760035281,True,,端点最大距离且全时段按遮挡计损仍满足双向预算
T001,巡航,1664.4287450386869,1684.1922322620528,直连,,69,PASS,worst_obstruction_endpoint_distance,21.38103723570191,337.4713404244516,True,,端点最大距离且全时段按遮挡计损仍满足双向预算
T001,下降,1684.1922322620528,1702.3176576770918,直连,,70,PASS,worst_obstruction_endpoint_distance,27.79555154865507,161.25425415039103,True,,端点最大距离且全时段按遮挡计损仍满足双向预算
T001,下降,1702.3176576770918,1720.443083092131,直连,,71,PASS,worst_obstruction_endpoint_distance,30.661057506512876,115.94069061279339,True,,端点最大距离且全时段按遮挡计损仍满足双向预算
T001,下降,1720.443083092131,1738.56850850717,直连,,72,PASS,worst_obstruction_endpoint_distance,34.96634435258534,70.62712707519523,True,,端点最大距离且全时段按遮挡计损仍满足双向预算
T001,下降,1738.56850850717,1756.693933922209,直连,,73,PASS,worst_obstruction_endpoint_distance,43.87870941331357,25.313563537597616,True,,端点最大距离且全时段按遮挡计损仍满足双向预算
T002,爬升,329.99999999999994,348.6290839301215,直连,,74,PASS,worst_obstruction_endpoint_distance,40.84697113032533,35.88725179036473,True,,端点最大距离且全时段按遮挡计损仍满足双向预算
T002,爬升,348.6290839301215,367.258167860243,直连,,75,PASS,worst_obstruction_endpoint_distance,32.69133428513665,91.77450358072929,True,,端点最大距离且全时段按遮挡计损仍满足双向预算
T002,爬升,367.258167860243,385.8872517903646,直连,,76,PASS,worst_obstruction_endpoint_distance,28.560414627442924,147.661755371094,True,,端点最大距离且全时段按遮挡计损仍满足双向预算
T002,巡航,385.8872517903646,405.38793280950654,直连,,77,PASS,worst_obstruction_endpoint_distance,23.105539305522555,276.70167811112736,True,,端点最大距离且全时段按遮挡计损仍满足双向预算
T002,巡航,405.38793280950654,424.8886138286485,直连,,78,PASS,worst_obstruction_endpoint_distance,18.12842960559327,490.7578758212867,True,,端点最大距离且全时段按遮挡计损仍满足双向预算
T002,巡航,424.8886138286485,444.38929484779044,直连,,79,PASS,worst_obstruction_endpoint_distance,14.83071939347792,717.3858209025456,True,,端点最大距离且全时段按遮挡计损仍满足双向预算
T002,巡航,444.38929484779044,463.8899758669324,直连,,80,PASS,worst_obstruction_endpoint_distance,12.413199503853406,947.608140912613,True,,端点最大距离且全时段按遮挡计损仍满足双向预算
T002,巡航,463.8899758669324,483.39065688607434,直连,,81,PASS,worst_obstruction_endpoint_distance,10.513129561117665,1179.3216739957807,True,,端点最大距离且全时段按遮挡计损仍满足双向预算
T002,巡航,483.39065688607434,502.89133790521623,直连,,82,PASS,worst_obstruction_endpoint_distance,8.950358587344866,1411.7923650909095,True,,端点最大距离且全时段按遮挡计损仍满足双向预算
T002,巡航,502.89133790521623,522.3920189243582,直连,,83,PASS,worst_obstruction_endpoint_distance,7.624045631567327,1644.699183085985,True,,端点最大距离且全时段按遮挡计损仍满足双向预算
T002,巡航,522.3920189243582,541.8926999435001,直连,,84,PASS,worst_obstruction_endpoint_distance,6.472419076072541,1877.8798611459722,True,,端点最大距离且全时段按遮挡计损仍满足双向预算
T002,巡航,541.8926999435001,561.3933809626421,直连,,85,PASS,worst_obstruction_endpoint_distance,5.4550079972161996,2111.243660095177,True,,端点最大距离且全时段按遮挡计损仍满足双向预算
T002,巡航,561.3933809626421,580.894061981784,直连,,86,PASS,worst_obstruction_endpoint_distance,4.543896491300529,2344.7359043246097,True,,端点最大距离且全时段按遮挡计损仍满足双向预算
T002,巡航,580.894061981784,600.3947430009259,直连,,87,PASS,worst_obstruction_endpoint_distance,3.7190330961793165,2578.321698140954,True,,端点最大距离且全时段按遮挡计损仍满足双向预算
T002,巡航,600.3947430009259,619.8954240200679,直连,,88,PASS,worst_obstruction_endpoint_distance,2.9655376322348275,2811.977728667235,True,,端点最大距离且全时段按遮挡计损仍满足双向预算
T002,下降,619.8954240200679,636.5477750942866,直连,,89,PASS,worst_obstruction_endpoint_distance,2.9655376322348275,2811.977728667235,True,,端点最大距离且全时段按遮挡计损仍满足双向预算
T002,下降,636.5477750942866,653.2001261685054,直连,,90,PASS,worst_obstruction_endpoint_distance,2.9713422573941983,2810.099161870278,True,,端点最大距离且全时段按遮挡计损仍满足双向预算
T002,投送,653.2001261685054,673.2001261685054,直连,,91,PASS,exact_point,2.9752461696598544,2808.8364339208633,,,独立计算 DEM 遮挡、自由空间损耗与双向预算
T002,投送,673.2001261685054,693.2001261685054,直连,,92,PASS,exact_point,2.9752461696598544,2808.8364339208633,,,独立计算 DEM 遮挡、自由空间损耗与双向预算
T002,投送,693.2001261685054,713.2001261685054,直连,,93,PASS,exact_point,2.9752461696598544,2808.8364339208633,,,独立计算 DEM 遮挡、自由空间损耗与双向预算
T002,投送,713.2001261685054,733.2001261685054,直连,,94,PASS,exact_point,2.9752461696598544,2808.8364339208633,,,独立计算 DEM 遮挡、自由空间损耗与双向预算
T002,投送,733.2001261685054,753.2001261685054,直连,,95,PASS,exact_point,2.9752461696598544,2808.8364339208633,,,独立计算 DEM 遮挡、自由空间损耗与双向预算
T002,投送,753.2001261685054,773.2001261685054,直连,,96,PASS,exact_point,2.9752461696598544,2808.8364339208633,,,独立计算 DEM 遮挡、自由空间损耗与双向预算
T002,投送,773.2001261685054,793.2001261685054,直连,,97,PASS,exact_point,2.9752461696598544,2808.8364339208633,,,独立计算 DEM 遮挡、自由空间损耗与双向预算
T002,投送,793.2001261685054,813.2001261685054,直连,,98,PASS,exact_point,2.9752461696598544,2808.8364339208633,,,独立计算 DEM 遮挡、自由空间损耗与双向预算
T002,投送,813.2001261685054,833.2001261685054,直连,,99,PASS,exact_point,2.9752461696598544,2808.8364339208633,,,独立计算 DEM 遮挡、自由空间损耗与双向预算
T002,爬升,833.2001261685054,847.0770853970212,直连,,100,PASS,worst_obstruction_endpoint_distance,2.9713422573941983,2810.099161870278,True,,端点最大距离且全时段按遮挡计损仍满足双向预算
T002,爬升,847.0770853970212,860.9540446255368,直连,,101,PASS,worst_obstruction_endpoint_distance,2.9655376322348275,2811.977728667235,True,,端点最大距离且全时段按遮挡计损仍满足双向预算
T002,巡航,860.9540446255368,880.4547256446787,直连,,102,PASS,worst_obstruction_endpoint_distance,2.9655376322348275,2811.977728667235,True,,端点最大距离且全时段按遮挡计损仍满足双向预算
T002,巡航,880.4547256446787,899.9554066638207,直连,,103,PASS,worst_obstruction_endpoint_distance,3.7190330961792313,2578.3216981409755,True,,端点最大距离且全时段按遮挡计损仍满足双向预算
T002,巡航,899.9554066638207,919.4560876829626,直连,,104,PASS,worst_obstruction_endpoint_distance,4.543896491302121,2344.735904324178,True,,端点最大距离且全时段按遮挡计损仍满足双向预算
T002,巡航,919.4560876829626,938.9567687021046,直连,,105,PASS,worst_obstruction_endpoint_distance,5.4550079972161996,2111.243660095177,True,,端点最大距离且全时段按遮挡计损仍满足双向预算
T002,巡航,938.9567687021046,958.4574497212465,直连,,106,PASS,worst_obstruction_endpoint_distance,6.472419076072541,1877.8798611459722,True,,端点最大距离且全时段按遮挡计损仍满足双向预算
T002,巡航,958.4574497212465,977.9581307403885,直连,,107,PASS,worst_obstruction_endpoint_distance,7.624045631567327,1644.699183085985,True,,端点最大距离且全时段按遮挡计损仍满足双向预算
T002,巡航,977.9581307403885,997.4588117595304,直连,,108,PASS,worst_obstruction_endpoint_distance,8.950358587344866,1411.7923650909095,True,,端点最大距离且全时段按遮挡计损仍满足双向预算
T002,巡航,997.4588117595304,1016.9594927786723,直连,,109,PASS,worst_obstruction_endpoint_distance,10.513129561117822,1179.3216739957593,True,,端点最大距离且全时段按遮挡计损仍满足双向预算
T002,巡航,1016.9594927786723,1036.4601737978142,直连,,110,PASS,worst_obstruction_endpoint_distance,12.413199503853406,947.608140912613,True,,端点最大距离且全时段按遮挡计损仍满足双向预算
T002,巡航,1036.4601737978142,1055.9608548169563,直连,,111,PASS,worst_obstruction_endpoint_distance,14.83071939347792,717.3858209025456,True,,端点最大距离且全时段按遮挡计损仍满足双向预算
T002,巡航,1055.9608548169563,1075.4615358360982,直连,,112,PASS,worst_obstruction_endpoint_distance,18.12842960560056,490.75787582087463,True,,端点最大距离且全时段按遮挡计损仍满足双向预算
T002,巡航,1075.4615358360982,1094.96221685524,直连,,113,PASS,worst_obstruction_endpoint_distance,23.105539305523138,276.701678111109,True,,端点最大距离且全时段按遮挡计损仍满足双向预算
T002,下降,1094.96221685524,1111.7283923923494,直连,,114,PASS,worst_obstruction_endpoint_distance,28.560414627442924,147.661755371094,True,,端点最大距离且全时段按遮挡计损仍满足双向预算
T002,下降,1111.7283923923494,1128.4945679294588,直连,,115,PASS,worst_obstruction_endpoint_distance,31.460470195991434,105.74631652832062,True,,端点最大距离且全时段按遮挡计损仍满足双向预算
T002,下降,1128.4945679294588,1145.2607434665683,直连,,116,PASS,worst_obstruction_endpoint_distance,35.845158843874145,63.83087768554728,True,,端点最大距离且全时段按遮挡计损仍满足双向预算
T002,下降,1145.2607434665683,1162.0269190036777,直连,,117,PASS,worst_obstruction_endpoint_distance,45.13077173479178,21.91543884277337,True,,端点最大距离且全时段按遮挡计损仍满足双向预算
T003,爬升,360.0,379.8664866129558,直连,,118,PASS,worst_obstruction_endpoint_distance,39.99198992735825,39.59945983886735,True,,端点最大距离且全时段按遮挡计损仍满足双向预算
T003,爬升,379.8664866129558,399.7329732259115,直连,,119,PASS,worst_obstruction_endpoint_distance,32.015636315537805,99.19891967773452,True,,端点最大距离且全时段按遮挡计损仍满足双向预算
T003,爬升,399.7329732259115,419.59945983886723,直连,,120,PASS,worst_obstruction_endpoint_distance,27.92885384004063,158.7983795166017,True,,端点最大距离且全时段按遮挡计损仍满足双向预算
T003,爬升,419.59945983886723,439.465946451823,直连,,121,PASS,worst_obstruction_endpoint_distance,25.160808415575318,218.397839355469,True,,端点最大距离且全时段按遮挡计损仍满足双向预算
T003,巡航,439.465946451823,458.4317239116678,直连,,122,PASS,worst_obstruction_endpoint_distance,21.96778359151216,315.4275180539318,True,,端点最大距离且全时段按遮挡计损仍满足双向预算
T003,巡航,458.4317239116678,477.39750137151253,直连,,123,PASS,worst_obstruction_endpoint_distance,17.882328503398824,504.86159279270055,True,,端点最大距离且全时段按遮挡计损仍满足双向预算
T003,巡航,477.39750137151253,496.3632788313573,直连,,124,PASS,worst_obstruction_endpoint_distance,14.837244701752255,716.8470844118597,True,,端点最大距离且全时段按遮挡计损仍满足双向预算
T003,巡航,496.3632788313573,515.329056291202,直连,,125,PASS,worst_obstruction_endpoint_distance,12.51851331122657,936.1880488467178,True,,端点最大距离且全时段按遮挡计损仍满足双向预算
T003,巡航,515.329056291202,534.2948337510468,直连,,126,PASS,worst_obstruction_endpoint_distance,10.666243431867713,1158.7148868457655,True,,端点最大距离且全时段按遮挡计损仍满足双向预算
T003,巡航,534.2948337510468,553.2606112108916,直连,,127,PASS,worst_obstruction_endpoint_distance,9.130019333983796,1382.890494946619,True,,端点最大距离且全时段按遮挡计损仍满足双向预算
T003,巡航,553.2606112108916,572.2263886707364,直连,,128,PASS,worst_obstruction_endpoint_distance,7.81991678755827,1608.0254534211506,True,,端点最大距离且全时段按遮挡计损仍满足双向预算
T003,巡航,572.2263886707364,591.1921661305811,直连,,129,PASS,worst_obstruction_endpoint_distance,6.678894698588763,1833.7664525528055,True,,端点最大距离且全时段按遮挡计损仍满足双向预算
T003,巡航,591.1921661305811,610.1579435904259,直连,,130,PASS,worst_obstruction_endpoint_distance,5.6687922911599316,2059.914258406628,True,,端点最大距离且全时段按遮挡计损仍满足双向预算
T003,巡航,610.1579435904259,629.1237210502707,直连,,131,PASS,worst_obstruction_endpoint_distance,4.7629278771622126,2286.3481596831593,True,,端点最大距离且全时段按遮挡计损仍满足双向预算
T003,巡航,629.1237210502707,648.0894985101154,直连,,132,PASS,worst_obstruction_endpoint_distance,3.9419571187510485,2512.9908213933977,True,,端点最大距离且全时段按遮挡计损仍满足双向预算
T003,巡航,648.0894985101154,667.0552759699601,直连,,133,PASS,worst_obstruction_endpoint_distance,3.191428258256792,2739.790436392799,True,,端点最大距离且全时段按遮挡计损仍满足双向预算
T003,巡航,667.0552759699601,686.021053429805,直连,,134,PASS,worst_obstruction_endpoint_distance,2.500270302895842,2966.711008526461,True,,端点最大距离且全时段按遮挡计损仍满足双向预算
T003,巡航,686.021053429805,704.9868308896497,直连,,135,PASS,worst_obstruction_endpoint_distance,1.8598200342751454,3193.726755171166,True,,端点最大距离且全时段按遮挡计损仍满足双向预算
T003,下降,704.9868308896497,715.2463987607434,直连,,136,PASS,worst_obstruction_endpoint_distance,1.8598200342751454,3193.726755171166,True,,端点最大距离且全时段按遮挡计损仍满足双向预算
T003,下降,715.2463987607434,725.5059666318372,直连,,137,PASS,worst_obstruction_endpoint_distance,1.8643124438889203,3192.075361970319,True,,端点最大距离且全时段按遮挡计损仍满足双向预算
T003,投送,725.5059666318372,744.5968757227463,直连,,138,PASS,exact_point,1.8682481629573715,3190.6293079047914,,,独立计算 DEM 遮挡、自由空间损耗与双向预算
T003,投送,744.5968757227463,763.6877848136553,直连,,139,PASS,exact_point,1.8682481629573715,3190.6293079047914,,,独立计算 DEM 遮挡、自由空间损耗与双向预算
T003,投送,763.6877848136553,782.7786939045644,直连,,140,PASS,exact_point,1.8682481629573715,3190.6293079047914,,,独立计算 DEM 遮挡、自由空间损耗与双向预算
T003,投送,782.7786939045644,801.8696029954735,直连,,141,PASS,exact_point,1.8682481629573715,3190.6293079047914,,,独立计算 DEM 遮挡、自由空间损耗与双向预算
T003,投送,801.8696029954735,820.9605120863827,直连,,142,PASS,exact_point,1.8682481629573715,3190.6293079047914,,,独立计算 DEM 遮挡、自由空间损耗与双向预算
T003,投送,820.9605120863827,840.0514211772917,直连,,143,PASS,exact_point,1.8682481629573715,3190.6293079047914,,,独立计算 DEM 遮挡、自由空间损耗与双向预算
T003,投送,840.0514211772917,859.1423302682008,直连,,144,PASS,exact_point,1.8682481629573715,3190.6293079047914,,,独立计算 DEM 遮挡、自由空间损耗与双向预算
T003,投送,859.1423302682008,878.2332393591099,直连,,145,PASS,exact_point,1.8682481629573715,3190.6293079047914,,,独立计算 DEM 遮挡、自由空间损耗与双向预算
T003,投送,878.2332393591099,897.324148450019,直连,,146,PASS,exact_point,1.8682481629573715,3190.6293079047914,,,独立计算 DEM 遮挡、自由空间损耗与双向预算
T003,投送,897.324148450019,916.415057540928,直连,,147,PASS,exact_point,1.8682481629573715,3190.6293079047914,,,独立计算 DEM 遮挡、自由空间损耗与双向预算
T003,投送,916.415057540928,935.5059666318372,直连,,148,PASS,exact_point,1.8682481629573715,3190.6293079047914,,,独立计算 DEM 遮挡、自由空间损耗与双向预算
T003,爬升,935.5059666318372,952.6052464169934,直连,,149,PASS,worst_obstruction_endpoint_distance,1.8598200342751454,3193.726755171166,True,,端点最大距离且全时段按遮挡计损仍满足双向预算
T003,巡航,952.6052464169934,971.5710238768381,直连,,150,PASS,worst_obstruction_endpoint_distance,1.8598200342751454,3193.726755171166,True,,端点最大距离且全时段按遮挡计损仍满足双向预算
T003,巡航,971.5710238768381,990.536801336683,直连,,151,PASS,worst_obstruction_endpoint_distance,2.500270302895842,2966.711008526461,True,,端点最大距离且全时段按遮挡计损仍满足双向预算
T003,巡航,990.536801336683,1009.5025787965277,直连,,152,PASS,worst_obstruction_endpoint_distance,3.191428258256792,2739.790436392799,True,,端点最大距离且全时段按遮挡计损仍满足双向预算
T003,巡航,1009.5025787965277,1028.4683562563725,直连,,153,PASS,worst_obstruction_endpoint_distance,3.9419571187510485,2512.9908213933977,True,,端点最大距离且全时段按遮挡计损仍满足双向预算
T003,巡航,1028.4683562563725,1047.4341337162173,直连,,154,PASS,worst_obstruction_endpoint_distance,4.7629278771622126,2286.3481596831593,True,,端点最大距离且全时段按遮挡计损仍满足双向预算
T003,巡航,1047.4341337162173,1066.399911176062,直连,,155,PASS,worst_obstruction_endpoint_distance,5.6687922911599316,2059.914258406628,True,,端点最大距离且全时段按遮挡计损仍满足双向预算
T003,巡航,1066.399911176062,1085.3656886359067,直连,,156,PASS,worst_obstruction_endpoint_distance,6.678894698588763,1833.7664525528055,True,,端点最大距离且全时段按遮挡计损仍满足双向预算
T003,巡航,1085.3656886359067,1104.3314660957515,直连,,157,PASS,worst_obstruction_endpoint_distance,7.81991678755827,1608.0254534211506,True,,端点最大距离且全时段按遮挡计损仍满足双向预算
T003,巡航,1104.3314660957515,1123.2972435555962,直连,,158,PASS,worst_obstruction_endpoint_distance,9.130019333983796,1382.890494946619,True,,端点最大距离且全时段按遮挡计损仍满足双向预算
T003,巡航,1123.2972435555962,1142.263021015441,直连,,159,PASS,worst_obstruction_endpoint_distance,10.666243431867713,1158.7148868457655,True,,端点最大距离且全时段按遮挡计损仍满足双向预算
T003,巡航,1142.263021015441,1161.2287984752859,直连,,160,PASS,worst_obstruction_endpoint_distance,12.51851331122657,936.1880488467178,True,,端点最大距离且全时段按遮挡计损仍满足双向预算
T003,巡航,1161.2287984752859,1180.1945759351306,直连,,161,PASS,worst_obstruction_endpoint_distance,14.837244701752255,716.8470844118597,True,,端点最大距离且全时段按遮挡计损仍满足双向预算
T003,巡航,1180.1945759351306,1199.1603533949753,直连,,162,PASS,worst_obstruction_endpoint_distance,17.882328503398824,504.86159279270055,True,,端点最大距离且全时段按遮挡计损仍满足双向预算
T003,巡航,1199.1603533949753,1218.12613085482,直连,,163,PASS,worst_obstruction_endpoint_distance,21.96778359151216,315.4275180539318,True,,端点最大距离且全时段按遮挡计损仍满足双向预算
T003,下降,1218.12613085482,1237.1979580032576,直连,,164,PASS,worst_obstruction_endpoint_distance,25.160808415575318,218.397839355469,True,,端点最大距离且全时段按遮挡计损仍满足双向预算
T003,下降,1237.1979580032576,1256.269785151695,直连,,165,PASS,worst_obstruction_endpoint_distance,27.30017506799763,170.7182714843753,True,,端点最大距离且全时段按遮挡计损仍满足双向预算
T003,下降,1256.269785151695,1275.3416123001327,直连,,166,PASS,worst_obstruction_endpoint_distance,30.14494023426775,123.0387036132816,True,,端点最大距离且全时段按遮挡计损仍满足双向预算
T003,下降,1275.3416123001327,1294.4134394485702,直连,,167,PASS,worst_obstruction_endpoint_distance,34.40305698380588,75.35913574218736,True,,端点最大距离且全时段按遮挡计损仍满足双向预算
T003,下降,1294.4134394485702,1313.4852665970077,直连,,168,PASS,worst_obstruction_endpoint_distance,43.10258905170963,27.679567871093695,True,,端点最大距离且全时段按遮挡计损仍满足双向预算
T004,爬升,330.0000000000001,349.04006632486994,直连,,169,PASS,worst_obstruction_endpoint_distance,40.553569255917964,37.12019897460948,True,,端点最大距离且全时段按遮挡计损仍满足双向预算
T004,爬升,349.04006632486994,368.0801326497397,直连,,170,PASS,worst_obstruction_endpoint_distance,32.46103293889698,94.24039794921879,True,,端点最大距离且全时段按遮挡计损仍满足双向预算
T004,爬升,368.0801326497397,387.12019897460954,直连,,171,PASS,worst_obstruction_endpoint_distance,28.34551852982844,151.3605969238282,True,,端点最大距离且全时段按遮挡计损仍满足双向预算
T004,爬升,387.12019897460954,406.1602652994793,直连,,172,PASS,worst_obstruction_endpoint_distance,25.564454038992494,208.48079589843752,True,,端点最大距离且全时段按遮挡计损仍满足双向预算
T004,爬升,406.1602652994793,425.20033162434913,直连,,173,PASS,worst_obstruction_endpoint_distance,23.4611812166777,265.600994873047,True,,端点最大距离且全时段按遮挡计损仍满足双向预算
T004,巡航,425.20033162434913,445.0671279312562,直连,,174,PASS,worst_obstruction_endpoint_distance,20.894790328997573,356.90221381991495,True,,端点最大距离且全时段按遮挡计损仍满足双向预算
T004,巡航,445.0671279312562,464.93392423816334,直连,,175,PASS,worst_obstruction_endpoint_distance,17.20528742500065,545.7885080189652,True,,端点最大距离且全时段按遮挡计损仍满足双向预算
T004,巡航,464.93392423816334,484.8007205450704,直连,,176,PASS,worst_obstruction_endpoint_distance,14.296085646278357,762.9296194575144,True,,端点最大距离且全时段按遮挡计损仍满足双向预算
T004,巡航,484.8007205450704,504.66751685197755,直连,,177,PASS,worst_obstruction_endpoint_distance,12.033918957441117,989.9033874624408,True,,端点最大距离且全时段按遮挡计损仍满足双向预算
T004,巡航,504.66751685197755,524.5343131588846,直连,,178,PASS,worst_obstruction_endpoint_distance,10.209756808323448,1221.2397112269364,True,,端点最大距离且全时段按遮挡计损仍满足双向预算
T004,巡航,524.5343131588846,544.4011094657917,直连,,179,PASS,worst_obstruction_endpoint_distance,8.689356980005087,1454.8590143208378,True,,端点最大距离且全时段按遮挡计损仍满足双向预算
T004,巡航,544.4011094657917,564.2679057726989,直连,,180,PASS,worst_obstruction_endpoint_distance,7.388993559797996,1689.814686386292,True,,端点最大距离且全时段按遮挡计损仍满足双向预算
T004,巡航,564.2679057726989,584.1347020796059,直连,,181,PASS,worst_obstruction_endpoint_distance,6.254374162377076,1925.617615365827,True,,端点最大距离且全时段按遮挡计损仍满足双向预算
T004,巡航,584.1347020796059,604.001498386513,直连,,182,PASS,worst_obstruction_endpoint_distance,5.24869916063092,2161.9905944271386,True,,端点最大距离且全时段按遮挡计损仍满足双向预算
T004,巡航,604.001498386513,623.8682946934201,直连,,183,PASS,worst_obstruction_endpoint_distance,4.346020689563744,2398.765112235806,True,,端点最大距离且全时段按遮挡计损仍满足双向预算
T004,巡航,623.8682946934201,643.7350910003272,直连,,184,PASS,worst_obstruction_endpoint_distance,3.527417473998611,2635.8329614131303,True,,端点最大距离且全时段按遮挡计损仍满足双向预算
T004,巡航,643.7350910003272,663.6018873072344,直连,,185,PASS,worst_obstruction_endpoint_distance,2.7786952265281855,2873.1215325440335,True,,端点最大距离且全时段按遮挡计损仍满足双向预算
T004,巡航,663.6018873072344,683.4686836141414,直连,,186,PASS,worst_obstruction_endpoint_distance,2.0889467853018147,3110.5803131519438,True,,端点最大距离且全时段按遮挡计损仍满足双向预算
T004,巡航,683.4686836141414,703.3354799210485,直连,,187,PASS,worst_obstruction_endpoint_distance,1.4496171379887812,3348.1730886966884,True,,端点最大距离且全时段按遮挡计损仍满足双向预算
T004,巡航,703.3354799210485,723.2022762279555,直连,,188,PASS,worst_obstruction_endpoint_distance,0.8538765378947204,3585.873224569018,True,,端点最大距离且全时段按遮挡计损仍满足双向预算
T004,巡航,723.2022762279555,743.0690725348627,直连,,189,PASS,worst_obstruction_endpoint_distance,0.29618822235622133,3823.66069846629,True,,端点最大距离且全时段按遮挡计损仍满足双向预算
T004,巡航,743.0690725348627,762.9358688417699,中继,R002,190,PASS,worst_obstruction_endpoint_distance,1.3835741730115672,1690.8693413795186,True,,端点最大距离且全时段按遮挡计损仍满足双向预算
T004,巡航,762.9358688417699,782.8026651486769,中继,R002,191,PASS,worst_obstruction_endpoint_distance,2.6770556574254982,1456.9209066308943,True,,端点最大距离且全时段按遮挡计损仍满足双向预算
T004,巡航,782.8026651486769,802.669461455584,中继,R002,192,PASS,worst_obstruction_endpoint_distance,4.185243235825936,1224.6911979120187,True,,端点最大距离且全时段按遮挡计损仍满足双向预算
T004,巡航,802.669461455584,822.536257762491,中继,R002,193,PASS,worst_obstruction_endpoint_distance,5.985962807569464,995.3839137800908,True,,端点最大距离且全时段按遮挡计损仍满足双向预算
T004,巡航,822.536257762491,842.4030540693982,中继,R002,194,PASS,worst_obstruction_endpoint_distance,8.197830232644165,771.6089326110572,True,,端点最大距离且全时段按遮挡计损仍满足双向预算
T004,巡航,842.4030540693982,862.2698503763053,中继,R002,195,PASS,worst_obstruction_endpoint_distance,10.981430839844137,560.0376393263105,True,,端点最大距离且全时段按遮挡计损仍满足双向预算
T004,巡航,862.2698503763053,882.1366466832123,中继,R002,196,PASS,worst_obstruction_endpoint_distance,14.314919900488547,381.5423614006788,True,,端点最大距离且全时段按遮挡计损仍满足双向预算
T004,巡航,882.1366466832123,902.0034429901195,中继,R002,197,PASS,worst_obstruction_endpoint_distance,14.17181813737426,387.88041484111227,True,,端点最大距离且全时段按遮挡计损仍满足双向预算
T004,巡航,902.0034429901195,921.8702392970266,中继,R002,198,PASS,worst_obstruction_endpoint_distance,10.848436209082337,568.6786815156489,True,,端点最大距离且全时段按遮挡计损仍满足双向预算
T004,巡航,921.8702392970266,941.7370356039337,中继,R002,199,PASS,worst_obstruction_endpoint_distance,8.092403677470699,781.031544118226,True,,端点最大距离且全时段按遮挡计损仍满足双向预算
T004,巡航,941.7370356039337,961.6038319108408,中继,R002,200,PASS,worst_obstruction_endpoint_distance,5.90129009220982,1005.1346708321878,True,,端点最大距离且全时段按遮挡计损仍满足双向预算
T004,巡航,961.6038319108408,981.470628217748,中继,R002,201,PASS,worst_obstruction_endpoint_distance,4.115208160866501,1234.6059061960495,True,,端点最大距离且全时段按遮挡计损仍满足双向预算
T004,巡航,981.470628217748,1001.337424524655,中继,R002,202,PASS,worst_obstruction_endpoint_distance,2.617597935197807,1466.9282137253392,True,,端点最大距离且全时段按遮挡计损仍满足双向预算
T004,巡航,1001.337424524655,1021.204220831562,中继,R002,203,PASS,worst_obstruction_endpoint_distance,1.332027185657438,1700.9337518953137,True,,端点最大距离且全时段按遮挡计损仍满足双向预算
T004,巡航,1021.204220831562,1041.0710171384692,中继,R002,204,PASS,worst_obstruction_endpoint_distance,0.2076130959518423,1936.0122613129108,True,,端点最大距离且全时段按遮挡计损仍满足双向预算
T004,下降,1041.0710171384692,1058.8711497882089,中继,R002,205,PASS,worst_obstruction_endpoint_distance,0.2076130959518423,1936.0122613129108,True,,端点最大距离且全时段按遮挡计损仍满足双向预算
T004,下降,1058.8711497882089,1076.6712824379483,中继,R002,206,PASS,worst_obstruction_endpoint_distance,0.20735980617972416,1936.0687183109696,True,,端点最大距离且全时段按遮挡计损仍满足双向预算
T004,下降,1076.6712824379483,1094.471415087688,中继,R002,207,PASS,worst_obstruction_endpoint_distance,0.20035561395789614,1937.6305694328028,True,,端点最大距离且全时段按遮挡计损仍满足双向预算
T004,投送,1094.471415087688,1114.471415087688,中继,R002,208,PASS,exact_point,0.20035561395789614,1937.6305694328028,,,独立计算 DEM 遮挡、自由空间损耗与双向预算
T004,投送,1114.471415087688,1134.471415087688,中继,R002,209,PASS,exact_point,0.20035561395789614,1937.6305694328028,,,独立计算 DEM 遮挡、自由空间损耗与双向预算
T004,投送,1134.471415087688,1154.471415087688,中继,R002,210,PASS,exact_point,0.20035561395789614,1937.6305694328028,,,独立计算 DEM 遮挡、自由空间损耗与双向预算
T004,投送,1154.471415087688,1174.471415087688,中继,R002,211,PASS,exact_point,0.20035561395789614,1937.6305694328028,,,独立计算 DEM 遮挡、自由空间损耗与双向预算
T004,投送,1174.471415087688,1194.471415087688,中继,R002,212,PASS,exact_point,0.20035561395789614,1937.6305694328028,,,独立计算 DEM 遮挡、自由空间损耗与双向预算
T004,投送,1194.471415087688,1214.471415087688,中继,R002,213,PASS,exact_point,0.20035561395789614,1937.6305694328028,,,独立计算 DEM 遮挡、自由空间损耗与双向预算
T004,投送,1214.471415087688,1234.471415087688,中继,R002,214,PASS,exact_point,0.20035561395789614,1937.6305694328028,,,独立计算 DEM 遮挡、自由空间损耗与双向预算
T004,投送,1234.471415087688,1254.471415087688,中继,R002,215,PASS,exact_point,0.20035561395789614,1937.6305694328028,,,独立计算 DEM 遮挡、自由空间损耗与双向预算
T004,投送,1254.471415087688,1274.471415087688,中继,R002,216,PASS,exact_point,0.20035561395789614,1937.6305694328028,,,独立计算 DEM 遮挡、自由空间损耗与双向预算
T004,爬升,1274.471415087688,1289.304858962471,中继,R002,217,PASS,worst_obstruction_endpoint_distance,0.20035561395789614,1937.6305694328028,True,,端点最大距离且全时段按遮挡计损仍满足双向预算
T004,爬升,1289.304858962471,1304.138302837254,中继,R002,218,PASS,worst_obstruction_endpoint_distance,0.20735980617972416,1936.0687183109696,True,,端点最大距离且全时段按遮挡计损仍满足双向预算
T004,爬升,1304.138302837254,1318.971746712037,中继,R002,219,PASS,worst_obstruction_endpoint_distance,0.2076130959518423,1936.0122613129108,True,,端点最大距离且全时段按遮挡计损仍满足双向预算
T004,巡航,1318.971746712037,1338.8385430189442,中继,R002,220,PASS,worst_obstruction_endpoint_distance,0.2076130959518423,1936.0122613129108,True,,端点最大距离且全时段按遮挡计损仍满足双向预算
T004,巡航,1338.8385430189442,1358.7053393258511,中继,R002,221,PASS,worst_obstruction_endpoint_distance,1.332027185657438,1700.9337518953137,True,,端点最大距离且全时段按遮挡计损仍满足双向预算
T004,巡航,1358.7053393258511,1378.5721356327583,中继,R002,222,PASS,worst_obstruction_endpoint_distance,2.617597935197807,1466.9282137253392,True,,端点最大距离且全时段按遮挡计损仍满足双向预算
T004,巡航,1378.5721356327583,1398.4389319396653,中继,R002,223,PASS,worst_obstruction_endpoint_distance,4.115208160866501,1234.6059061960495,True,,端点最大距离且全时段按遮挡计损仍满足双向预算
T004,巡航,1398.4389319396653,1418.3057282465725,中继,R002,224,PASS,worst_obstruction_endpoint_distance,5.90129009220982,1005.1346708321878,True,,端点最大距离且全时段按遮挡计损仍满足双向预算
T004,巡航,1418.3057282465725,1438.1725245534797,中继,R002,225,PASS,worst_obstruction_endpoint_distance,8.092403677470699,781.031544118226,True,,端点最大距离且全时段按遮挡计损仍满足双向预算
T004,巡航,1438.1725245534797,1458.0393208603866,中继,R002,226,PASS,worst_obstruction_endpoint_distance,10.848436209082337,568.6786815156489,True,,端点最大距离且全时段按遮挡计损仍满足双向预算
T004,巡航,1458.0393208603866,1477.9061171672938,中继,R002,227,PASS,worst_obstruction_endpoint_distance,14.17181813737426,387.88041484111227,True,,端点最大距离且全时段按遮挡计损仍满足双向预算
T004,巡航,1477.9061171672938,1497.7729134742008,中继,R002,228,PASS,worst_obstruction_endpoint_distance,14.314919900488547,381.5423614006788,True,,端点最大距离且全时段按遮挡计损仍满足双向预算
T004,巡航,1497.7729134742008,1517.639709781108,中继,R002,229,PASS,worst_obstruction_endpoint_distance,10.981430839844137,560.0376393263105,True,,端点最大距离且全时段按遮挡计损仍满足双向预算
T004,巡航,1517.639709781108,1537.5065060880152,中继,R002,230,PASS,worst_obstruction_endpoint_distance,8.197830232644165,771.6089326110572,True,,端点最大距离且全时段按遮挡计损仍满足双向预算
T004,巡航,1537.5065060880152,1557.3733023949221,中继,R002,231,PASS,worst_obstruction_endpoint_distance,5.985962807569464,995.3839137800908,True,,端点最大距离且全时段按遮挡计损仍满足双向预算
T004,巡航,1557.3733023949221,1577.2400987018293,中继,R002,232,PASS,worst_obstruction_endpoint_distance,4.185243235825936,1224.6911979120187,True,,端点最大距离且全时段按遮挡计损仍满足双向预算
T004,巡航,1577.2400987018293,1597.1068950087365,中继,R002,233,PASS,worst_obstruction_endpoint_distance,2.6770556574254982,1456.9209066308943,True,,端点最大距离且全时段按遮挡计损仍满足双向预算
T004,巡航,1597.1068950087365,1616.9736913156435,中继,R002,234,PASS,worst_obstruction_endpoint_distance,1.3835741730115672,1690.8693413795186,True,,端点最大距离且全时段按遮挡计损仍满足双向预算
T004,巡航,1616.9736913156435,1636.8404876225507,直连,,235,PASS,worst_obstruction_endpoint_distance,0.29618822235622133,3823.66069846629,True,,端点最大距离且全时段按遮挡计损仍满足双向预算
T004,巡航,1636.8404876225507,1656.7072839294578,直连,,236,PASS,worst_obstruction_endpoint_distance,0.8538765378947204,3585.873224569018,True,,端点最大距离且全时段按遮挡计损仍满足双向预算
T004,巡航,1656.7072839294578,1676.5740802363648,直连,,237,PASS,worst_obstruction_endpoint_distance,1.4496171379887812,3348.1730886966884,True,,端点最大距离且全时段按遮挡计损仍满足双向预算
T004,巡航,1676.5740802363648,1696.440876543272,直连,,238,PASS,worst_obstruction_endpoint_distance,2.0889467853018147,3110.5803131519438,True,,端点最大距离且全时段按遮挡计损仍满足双向预算
T004,巡航,1696.440876543272,1716.307672850179,直连,,239,PASS,worst_obstruction_endpoint_distance,2.7786952265281855,2873.1215325440335,True,,端点最大距离且全时段按遮挡计损仍满足双向预算
T004,巡航,1716.307672850179,1736.1744691570862,直连,,240,PASS,worst_obstruction_endpoint_distance,3.527417473998611,2635.8329614131303,True,,端点最大距离且全时段按遮挡计损仍满足双向预算
T004,巡航,1736.1744691570862,1756.041265463993,直连,,241,PASS,worst_obstruction_endpoint_distance,4.346020689563744,2398.765112235806,True,,端点最大距离且全时段按遮挡计损仍满足双向预算
T004,巡航,1756.041265463993,1775.9080617709003,直连,,242,PASS,worst_obstruction_endpoint_distance,5.24869916063092,2161.9905944271386,True,,端点最大距离且全时段按遮挡计损仍满足双向预算
T004,巡航,1775.9080617709003,1795.7748580778075,直连,,243,PASS,worst_obstruction_endpoint_distance,6.254374162377076,1925.617615365827,True,,端点最大距离且全时段按遮挡计损仍满足双向预算
T004,巡航,1795.7748580778075,1815.6416543847145,直连,,244,PASS,worst_obstruction_endpoint_distance,7.388993559797996,1689.814686386292,True,,端点最大距离且全时段按遮挡计损仍满足双向预算
T004,巡航,1815.6416543847145,1835.5084506916216,直连,,245,PASS,worst_obstruction_endpoint_distance,8.689356980005087,1454.8590143208378,True,,端点最大距离且全时段按遮挡计损仍满足双向预算
T004,巡航,1835.5084506916216,1855.3752469985288,直连,,246,PASS,worst_obstruction_endpoint_distance,10.209756808323448,1221.2397112269364,True,,端点最大距离且全时段按遮挡计损仍满足双向预算
T004,巡航,1855.3752469985288,1875.2420433054358,直连,,247,PASS,worst_obstruction_endpoint_distance,12.033918957441117,989.9033874624408,True,,端点最大距离且全时段按遮挡计损仍满足双向预算
T004,巡航,1875.2420433054358,1895.108839612343,直连,,248,PASS,worst_obstruction_endpoint_distance,14.296085646278357,762.9296194575144,True,,端点最大距离且全时段按遮挡计损仍满足双向预算
T004,巡航,1895.108839612343,1914.97563591925,直连,,249,PASS,worst_obstruction_endpoint_distance,17.20528742500065,545.7885080189652,True,,端点最大距离且全时段按遮挡计损仍满足双向预算
T004,巡航,1914.97563591925,1934.8424322261571,直连,,250,PASS,worst_obstruction_endpoint_distance,20.894790328997573,356.90221381991495,True,,端点最大距离且全时段按遮挡计损仍满足双向预算
T004,下降,1934.8424322261571,1953.8824985510269,直连,,251,PASS,worst_obstruction_endpoint_distance,23.4611812166777,265.600994873047,True,,端点最大距离且全时段按遮挡计损仍满足双向预算
T004,下降,1953.8824985510269,1972.9225648758968,直连,,252,PASS,worst_obstruction_endpoint_distance,25.176612261026477,218.00082906087272,True,,端点最大距离且全时段按遮挡计损仍满足双向预算
T004,下降,1972.9225648758968,1991.9626312007665,直连,,253,PASS,worst_obstruction_endpoint_distance,27.316349549092166,170.4006632486978,True,,端点最大距离且全时段按遮挡计损仍满足双向预算
T004,下降,1991.9626312007665,2011.0026975256362,直连,,254,PASS,worst_obstruction_endpoint_distance,30.161772645055834,122.80049743652347,True,,端点最大距离且全时段按遮挡计损仍满足双向预算
T004,下降,2011.0026975256362,2030.0427638505062,直连,,255,PASS,worst_obstruction_endpoint_distance,34.4213800501299,75.20033162434919,True,,端点最大距离且全时段按遮挡计损仍满足双向预算
T004,下降,2030.0427638505062,2049.082830175376,直连,,256,PASS,worst_obstruction_endpoint_distance,43.127541342509886,27.60016581217431,True,,端点最大距离且全时段按遮挡计损仍满足双向预算
T005,爬升,709.0,728.0400663248698,直连,,257,PASS,worst_obstruction_endpoint_distance,40.553569255917964,37.12019897460948,True,,端点最大距离且全时段按遮挡计损仍满足双向预算
T005,爬升,728.0400663248698,747.0801326497397,直连,,258,PASS,worst_obstruction_endpoint_distance,32.46103293889696,94.24039794921896,True,,端点最大距离且全时段按遮挡计损仍满足双向预算
T005,爬升,747.0801326497397,766.1201989746094,直连,,259,PASS,worst_obstruction_endpoint_distance,28.345518529828453,151.3605969238281,True,,端点最大距离且全时段按遮挡计损仍满足双向预算
T005,爬升,766.1201989746094,785.1602652994792,直连,,260,PASS,worst_obstruction_endpoint_distance,25.564454038992494,208.48079589843752,True,,端点最大距离且全时段按遮挡计损仍满足双向预算
T005,爬升,785.1602652994792,804.200331624349,直连,,261,PASS,worst_obstruction_endpoint_distance,23.4611812166777,265.600994873047,True,,端点最大距离且全时段按遮挡计损仍满足双向预算
T005,巡航,804.200331624349,823.9081935608008,直连,,262,PASS,worst_obstruction_endpoint_distance,19.961022984094825,397.40891843474714,True,,端点最大距离且全时段按遮挡计损仍满足双向预算
T005,巡航,823.9081935608008,843.6160554972528,直连,,263,PASS,worst_obstruction_endpoint_distance,15.71220980707109,648.1540930775991,True,,端点最大距离且全时段按遮挡计损仍满足双向预算
T005,巡航,843.6160554972528,863.3239174337045,直连,,264,PASS,worst_obstruction_endpoint_distance,12.615695694557388,925.7718553957753,True,,端点最大距离且全时段按遮挡计损仍满足双向预算
T005,巡航,863.3239174337045,883.0317793701564,直连,,265,PASS,worst_obstruction_endpoint_distance,10.276198059579158,1211.9336813788218,True,,端点最大距离且全时段按遮挡计损仍满足双向预算
T005,巡航,883.0317793701564,902.7396413066083,直连,,266,PASS,worst_obstruction_endpoint_distance,8.41374566235858,1501.763259580158,True,,端点最大距离且全时段按遮挡计损仍满足双向预算
T005,巡航,902.7396413066083,922.44750324306,直连,,267,PASS,worst_obstruction_endpoint_distance,6.871828288485418,1793.4833279230154,True,,端点最大距离且全时段按遮挡计损仍满足双向预算
T005,巡航,922.44750324306,942.1553651795119,直连,,268,PASS,worst_obstruction_endpoint_distance,5.5582357768518165,2086.3010154813837,True,,端点最大距离且全时段按遮挡计损仍满足双向预算
T005,巡航,942.1553651795119,961.8632271159638,直连,,269,PASS,worst_obstruction_endpoint_distance,4.4149250998654,2379.8111956219427,True,,端点最大距离且全时段按遮挡计损仍满足双向预算
T005,巡航,961.8632271159638,981.5710890524156,直连,,270,PASS,worst_obstruction_endpoint_distance,3.4032428294939336,2673.7858265695286,True,,端点最大距离且全时段按遮挡计损仍满足双向预算
T005,巡航,981.5710890524156,1001.2789509888675,直连,,271,PASS,worst_obstruction_endpoint_distance,2.4962429037207414,2968.0869067243466,True,,端点最大距离且全时段按遮挡计损仍满足双向预算
T005,巡航,1001.2789509888675,1020.9868129253193,直连,,272,PASS,worst_obstruction_endpoint_distance,1.6744290534633564,3262.6260964629014,True,,端点最大距离且全时段按遮挡计损仍满足双向预算
T005,巡航,1020.9868129253193,1040.694674861771,直连,,273,PASS,worst_obstruction_endpoint_distance,0.9232572696648731,3557.344251646282,True,,端点最大距离且全时段按遮挡计损仍满足双向预算
T005,巡航,1040.694674861771,1060.4025367982229,直连,,274,PASS,worst_obstruction_endpoint_distance,0.2315979591948718,3852.200296462618,True,,端点最大距离且全时段按遮挡计损仍满足双向预算
T005,巡航,1060.4025367982229,1080.1103987346748,中继,R002,275,PASS,worst_obstruction_endpoint_distance,1.5293471153497364,1662.7287360181615,True,,端点最大距离且全时段按遮挡计损仍满足双向预算
T005,巡航,1080.1103987346748,1099.8182606711266,中继,R002,276,PASS,worst_obstruction_endpoint_distance,3.1918929171144725,1373.0745338103702,True,,端点最大距离且全时段按遮挡计损仍满足双向预算
T005,巡航,1099.8182606711266,1119.5261226075786,中继,R002,277,PASS,worst_obstruction_endpoint_distance,5.224083731909346,1086.6372077029318,True,,端点最大距离且全时段按遮挡计损仍满足双向预算
T005,巡航,1119.5261226075786,1139.2339845440304,中继,R002,278,PASS,worst_obstruction_endpoint_distance,7.809918002431388,806.8501018641134,True,,端点最大距离且全时段按遮挡计损仍满足双向预算
T005,巡航,1139.2339845440304,1158.9418464804821,中继,R002,279,PASS,worst_obstruction_endpoint_distance,11.23265745479327,544.0713855181892,True,,端点最大距离且全时段按遮挡计损仍满足双向预算
T005,巡航,1158.9418464804821,1178.649708416934,中继,R002,280,PASS,worst_obstruction_endpoint_distance,15.30868289058364,340.2942523009908,True,,端点最大距离且全时段按遮挡计损仍满足双向预算
T005,巡航,1178.649708416934,1198.3575703533859,中继,R002,281,PASS,worst_obstruction_endpoint_distance,11.478649442313184,528.878955160324,True,,端点最大距离且全时段按遮挡计损仍满足双向预算
T005,巡航,1198.3575703533859,1218.0654322898376,中继,R002,282,PASS,worst_obstruction_endpoint_distance,7.995048454551593,789.834928744089,True,,端点最大距离且全时段按遮挡计损仍满足双向预算
T005,巡航,1218.0654322898376,1237.7732942262896,中继,R002,283,PASS,worst_obstruction_endpoint_distance,5.366280347934946,1068.9927034665866,True,,端点最大距离且全时段按遮挡计损仍满足双向预算
T005,巡航,1237.7732942262896,1257.4811561627414,中继,R002,284,PASS,worst_obstruction_endpoint_distance,3.306027817586582,1355.1499936956816,True,,端点最大距离且全时段按遮挡计损仍满足双向预算
T005,巡航,1257.4811561627414,1277.1890180991932,中继,R002,285,PASS,worst_obstruction_endpoint_distance,1.6242669914537942,1644.6572684634768,True,,端点最大距离且全时段按遮挡计损仍满足双向预算
T005,巡航,1277.1890180991932,1296.8968800356452,中继,R002,286,PASS,worst_obstruction_endpoint_distance,0.2076130959518423,1936.0122613129108,True,,端点最大距离且全时段按遮挡计损仍满足双向预算
T005,下降,1296.8968800356452,1314.6970126853846,中继,R002,287,PASS,worst_obstruction_endpoint_distance,0.2076130959518423,1936.0122613129108,True,,端点最大距离且全时段按遮挡计损仍满足双向预算
T005,下降,1314.6970126853846,1332.4971453351243,中继,R002,288,PASS,worst_obstruction_endpoint_distance,0.20735980617972416,1936.0687183109696,True,,端点最大距离且全时段按遮挡计损仍满足双向预算
T005,下降,1332.4971453351243,1350.2972779848637,中继,R002,289,PASS,worst_obstruction_endpoint_distance,0.20035561395789614,1937.6305694328028,True,,端点最大距离且全时段按遮挡计损仍满足双向预算
T005,投送,1350.2972779848637,1369.388187075773,中继,R002,290,PASS,exact_point,0.20035561395789614,1937.6305694328028,,,独立计算 DEM 遮挡、自由空间损耗与双向预算
T005,投送,1369.388187075773,1388.479096166682,中继,R002,291,PASS,exact_point,0.20035561395789614,1937.6305694328028,,,独立计算 DEM 遮挡、自由空间损耗与双向预算
T005,投送,1388.479096166682,1407.570005257591,中继,R002,292,PASS,exact_point,0.20035561395789614,1937.6305694328028,,,独立计算 DEM 遮挡、自由空间损耗与双向预算
T005,投送,1407.570005257591,1426.6609143485002,中继,R002,293,PASS,exact_point,0.20035561395789614,1937.6305694328028,,,独立计算 DEM 遮挡、自由空间损耗与双向预算
T005,投送,1426.6609143485002,1445.7518234394092,中继,R002,294,PASS,exact_point,0.20035561395789614,1937.6305694328028,,,独立计算 DEM 遮挡、自由空间损耗与双向预算
T005,投送,1445.7518234394092,1464.8427325303182,中继,R002,295,PASS,exact_point,0.20035561395789614,1937.6305694328028,,,独立计算 DEM 遮挡、自由空间损耗与双向预算
T005,投送,1464.8427325303182,1483.9336416212275,中继,R002,296,PASS,exact_point,0.20035561395789614,1937.6305694328028,,,独立计算 DEM 遮挡、自由空间损耗与双向预算
T005,投送,1483.9336416212275,1503.0245507121365,中继,R002,297,PASS,exact_point,0.20035561395789614,1937.6305694328028,,,独立计算 DEM 遮挡、自由空间损耗与双向预算
T005,投送,1503.0245507121365,1522.1154598030455,中继,R002,298,PASS,exact_point,0.20035561395789614,1937.6305694328028,,,独立计算 DEM 遮挡、自由空间损耗与双向预算
T005,投送,1522.1154598030455,1541.2063688939547,中继,R002,299,PASS,exact_point,0.20035561395789614,1937.6305694328028,,,独立计算 DEM 遮挡、自由空间损耗与双向预算
T005,投送,1541.2063688939547,1560.2972779848637,中继,R002,300,PASS,exact_point,0.20035561395789614,1937.6305694328028,,,独立计算 DEM 遮挡、自由空间损耗与双向预算
T005,爬升,1560.2972779848637,1575.1307218596467,中继,R002,301,PASS,worst_obstruction_endpoint_distance,0.20035561395789614,1937.6305694328028,True,,端点最大距离且全时段按遮挡计损仍满足双向预算
T005,爬升,1575.1307218596467,1589.9641657344298,中继,R002,302,PASS,worst_obstruction_endpoint_distance,0.20735980617972416,1936.0687183109696,True,,端点最大距离且全时段按遮挡计损仍满足双向预算
T005,爬升,1589.9641657344298,1604.7976096092127,中继,R002,303,PASS,worst_obstruction_endpoint_distance,0.2076130959518423,1936.0122613129108,True,,端点最大距离且全时段按遮挡计损仍满足双向预算
T005,巡航,1604.7976096092127,1624.5054715456645,中继,R002,304,PASS,worst_obstruction_endpoint_distance,0.2076130959518423,1936.0122613129108,True,,端点最大距离且全时段按遮挡计损仍满足双向预算
T005,巡航,1624.5054715456645,1644.2133334821165,中继,R002,305,PASS,worst_obstruction_endpoint_distance,1.6242669914537942,1644.6572684634768,True,,端点最大距离且全时段按遮挡计损仍满足双向预算
T005,巡航,1644.2133334821165,1663.9211954185682,中继,R002,306,PASS,worst_obstruction_endpoint_distance,3.306027817586582,1355.1499936956816,True,,端点最大距离且全时段按遮挡计损仍满足双向预算
T005,巡航,1663.9211954185682,1683.62905735502,中继,R002,307,PASS,worst_obstruction_endpoint_distance,5.366280347934946,1068.9927034665866,True,,端点最大距离且全时段按遮挡计损仍满足双向预算
T005,巡航,1683.62905735502,1703.336919291472,中继,R002,308,PASS,worst_obstruction_endpoint_distance,7.995048454551593,789.834928744089,True,,端点最大距离且全时段按遮挡计损仍满足双向预算
T005,巡航,1703.336919291472,1723.0447812279237,中继,R002,309,PASS,worst_obstruction_endpoint_distance,11.478649442313184,528.878955160324,True,,端点最大距离且全时段按遮挡计损仍满足双向预算
T005,巡航,1723.0447812279237,1742.7526431643755,中继,R002,310,PASS,worst_obstruction_endpoint_distance,15.30868289058364,340.2942523009908,True,,端点最大距离且全时段按遮挡计损仍满足双向预算
T005,巡航,1742.7526431643755,1762.4605051008275,中继,R002,311,PASS,worst_obstruction_endpoint_distance,11.23265745479327,544.0713855181892,True,,端点最大距离且全时段按遮挡计损仍满足双向预算
T005,巡航,1762.4605051008275,1782.1683670372793,中继,R002,312,PASS,worst_obstruction_endpoint_distance,7.809918002431388,806.8501018641134,True,,端点最大距离且全时段按遮挡计损仍满足双向预算
T005,巡航,1782.1683670372793,1801.876228973731,中继,R002,313,PASS,worst_obstruction_endpoint_distance,5.224083731909346,1086.6372077029318,True,,端点最大距离且全时段按遮挡计损仍满足双向预算
T005,巡航,1801.876228973731,1821.584090910183,中继,R002,314,PASS,worst_obstruction_endpoint_distance,3.1918929171144725,1373.0745338103702,True,,端点最大距离且全时段按遮挡计损仍满足双向预算
T005,巡航,1821.584090910183,1841.2919528466348,中继,R002,315,PASS,worst_obstruction_endpoint_distance,1.5293471153497364,1662.7287360181615,True,,端点最大距离且全时段按遮挡计损仍满足双向预算
T005,巡航,1841.2919528466348,1860.9998147830865,直连,,316,PASS,worst_obstruction_endpoint_distance,0.2315979591948718,3852.200296462618,True,,端点最大距离且全时段按遮挡计损仍满足双向预算
T005,巡航,1860.9998147830865,1880.7076767195385,直连,,317,PASS,worst_obstruction_endpoint_distance,0.9232572696648731,3557.344251646282,True,,端点最大距离且全时段按遮挡计损仍满足双向预算
T005,巡航,1880.7076767195385,1900.4155386559903,直连,,318,PASS,worst_obstruction_endpoint_distance,1.6744290534633564,3262.6260964629014,True,,端点最大距离且全时段按遮挡计损仍满足双向预算
T005,巡航,1900.4155386559903,1920.123400592442,直连,,319,PASS,worst_obstruction_endpoint_distance,2.4962429037207414,2968.0869067243466,True,,端点最大距离且全时段按遮挡计损仍满足双向预算
T005,巡航,1920.123400592442,1939.8312625288938,直连,,320,PASS,worst_obstruction_endpoint_distance,3.4032428294939336,2673.7858265695286,True,,端点最大距离且全时段按遮挡计损仍满足双向预算
T005,巡航,1939.8312625288938,1959.5391244653458,直连,,321,PASS,worst_obstruction_endpoint_distance,4.4149250998654,2379.8111956219427,True,,端点最大距离且全时段按遮挡计损仍满足双向预算
T005,巡航,1959.5391244653458,1979.2469864017976,直连,,322,PASS,worst_obstruction_endpoint_distance,5.5582357768518165,2086.3010154813837,True,,端点最大距离且全时段按遮挡计损仍满足双向预算
T005,巡航,1979.2469864017976,1998.9548483382496,直连,,323,PASS,worst_obstruction_endpoint_distance,6.871828288485418,1793.4833279230154,True,,端点最大距离且全时段按遮挡计损仍满足双向预算
T005,巡航,1998.9548483382496,2018.6627102747013,直连,,324,PASS,worst_obstruction_endpoint_distance,8.41374566235858,1501.763259580158,True,,端点最大距离且全时段按遮挡计损仍满足双向预算
T005,巡航,2018.6627102747013,2038.370572211153,直连,,325,PASS,worst_obstruction_endpoint_distance,10.276198059579158,1211.9336813788218,True,,端点最大距离且全时段按遮挡计损仍满足双向预算
T005,巡航,2038.370572211153,2058.078434147605,直连,,326,PASS,worst_obstruction_endpoint_distance,12.615695694557388,925.7718553957753,True,,端点最大距离且全时段按遮挡计损仍满足双向预算
T005,巡航,2058.078434147605,2077.7862960840566,直连,,327,PASS,worst_obstruction_endpoint_distance,15.71220980707109,648.1540930775991,True,,端点最大距离且全时段按遮挡计损仍满足双向预算
T005,巡航,2077.7862960840566,2097.4941580205086,直连,,328,PASS,worst_obstruction_endpoint_distance,19.961022984094825,397.40891843474714,True,,端点最大距离且全时段按遮挡计损仍满足双向预算
T005,下降,2097.4941580205086,2116.5342243453783,直连,,329,PASS,worst_obstruction_endpoint_distance,23.4611812166777,265.600994873047,True,,端点最大距离且全时段按遮挡计损仍满足双向预算
T005,下降,2116.5342243453783,2135.574290670248,直连,,330,PASS,worst_obstruction_endpoint_distance,25.176612261026463,218.0008290608729,True,,端点最大距离且全时段按遮挡计损仍满足双向预算
T005,下降,2135.574290670248,2154.614356995118,直连,,331,PASS,worst_obstruction_endpoint_distance,27.316349549092124,170.40066324869878,True,,端点最大距离且全时段按遮挡计损仍满足双向预算
T005,下降,2154.614356995118,2173.654423319988,直连,,332,PASS,worst_obstruction_endpoint_distance,30.161772645055834,122.80049743652347,True,,端点最大距离且全时段按遮挡计损仍满足双向预算
T005,下降,2173.654423319988,2192.6944896448576,直连,,333,PASS,worst_obstruction_endpoint_distance,34.42138005012987,75.20033162434939,True,,端点最大距离且全时段按遮挡计损仍满足双向预算
T005,下降,2192.6944896448576,2211.734555969728,直连,,334,PASS,worst_obstruction_endpoint_distance,43.1275413425096,27.60016581217525,True,,端点最大距离且全时段按遮挡计损仍满足双向预算
T006,爬升,965.0,984.3808813476562,直连,,335,PASS,worst_obstruction_endpoint_distance,42.8634570804914,28.45220336914059,True,,端点最大距离且全时段按遮挡计损仍满足双向预算
T006,爬升,984.3808813476562,1003.7617626953125,直连,,336,PASS,worst_obstruction_endpoint_distance,34.22675064092644,76.90440673828144,True,,端点最大距离且全时段按遮挡计损仍满足双向预算
T006,爬升,1003.7617626953125,1023.1426440429688,直连,,337,PASS,worst_obstruction_endpoint_distance,29.982830377148545,125.356610107422,True,,端点最大距离且全时段按遮挡计损仍满足双向预算
T006,巡航,1023.1426440429688,1041.651666483214,直连,,338,PASS,worst_obstruction_endpoint_distance,22.2704985239005,304.6238004959094,True,,端点最大距离且全时段按遮挡计损仍满足双向预算
T006,巡航,1041.651666483214,1060.1606889234595,直连,,339,PASS,worst_obstruction_endpoint_distance,16.83979160829456,569.2449386880037,True,,端点最大距离且全时段按遮挡计损仍满足双向预算
T006,巡航,1060.1606889234595,1078.6697113637047,直连,,340,PASS,worst_obstruction_endpoint_distance,13.436577431180993,842.286590702294,True,,端点最大距离且全时段按遮挡计损仍满足双向预算
T006,巡航,1078.6697113637047,1097.17873380395,直连,,341,PASS,worst_obstruction_endpoint_distance,10.980093890191213,1117.5940057971984,True,,端点最大距离且全时段按遮挡计损仍满足双向预算
T006,巡航,1097.17873380395,1115.6877562441955,直连,,342,PASS,worst_obstruction_endpoint_distance,9.06160871006314,1393.8252340138579,True,,端点最大距离且全时段按遮挡计损仍满足双向预算
T006,巡航,1115.6877562441955,1134.1967786844407,直连,,343,PASS,worst_obstruction_endpoint_distance,7.488730846575692,1670.5220634325021,True,,端点最大距离且全时段按遮挡计损仍满足双向预算
T006,巡航,1134.1967786844407,1152.705801124686,直连,,344,PASS,worst_obstruction_endpoint_distance,6.156288066488344,1947.4860477341674,True,,端点最大距离且全时段按遮挡计损仍满足双向预算
T006,巡航,1152.705801124686,1171.2148235649315,直连,,345,PASS,worst_obstruction_endpoint_distance,5.000668542679023,2224.6174071251694,True,,端点最大距离且全时段按遮挡计损仍满足双向预算
T006,巡航,1171.2148235649315,1189.7238460051767,直连,,346,PASS,worst_obstruction_endpoint_distance,3.9805132818098343,2501.8605217539953,True,,端点最大距离且全时段按遮挡计损仍满足双向预算
T006,巡航,1189.7238460051767,1208.2328684454221,直连,,347,PASS,worst_obstruction_endpoint_distance,3.067435566266326,2779.1819466890624,True,,端点最大距离且全时段按遮挡计损仍满足双向预算
T006,巡航,1208.2328684454221,1226.7418908856675,直连,,348,PASS,worst_obstruction_endpoint_distance,2.2411156161546586,3056.5603667445057,True,,端点最大距离且全时段按遮挡计损仍满足双向预算
T006,下降,1226.7418908856675,1241.5846592369044,直连,,349,PASS,worst_obstruction_endpoint_distance,2.2411156161546586,3056.5603667445057,True,,端点最大距离且全时段按遮挡计损仍满足双向预算
T006,下降,1241.5846592369044,1256.4274275881414,直连,,350,PASS,worst_obstruction_endpoint_distance,2.2441667585877525,3055.4868597560912,True,,端点最大距离且全时段按遮挡计损仍满足双向预算
T006,下降,1256.4274275881414,1271.2701959393785,直连,,351,PASS,worst_obstruction_endpoint_distance,2.246399680237957,3054.701472633553,True,,端点最大距离且全时段按遮挡计损仍满足双向预算
T006,投送,1271.2701959393785,1291.0701959393782,直连,,352,PASS,exact_point,2.2478131175972464,3054.2044276465326,,,独立计算 DEM 遮挡、自由空间损耗与双向预算
T006,投送,1291.0701959393782,1310.8701959393784,直连,,353,PASS,exact_point,2.2478131175972464,3054.2044276465326,,,独立计算 DEM 遮挡、自由空间损耗与双向预算
T006,投送,1310.8701959393784,1330.6701959393783,直连,,354,PASS,exact_point,2.2478131175972464,3054.2044276465326,,,独立计算 DEM 遮挡、自由空间损耗与双向预算
T006,投送,1330.6701959393783,1350.4701959393783,直连,,355,PASS,exact_point,2.2478131175972464,3054.2044276465326,,,独立计算 DEM 遮挡、自由空间损耗与双向预算
T006,投送,1350.4701959393783,1370.2701959393785,直连,,356,PASS,exact_point,2.2478131175972464,3054.2044276465326,,,独立计算 DEM 遮挡、自由空间损耗与双向预算
T006,投送,1370.2701959393785,1390.0701959393784,直连,,357,PASS,exact_point,2.2478131175972464,3054.2044276465326,,,独立计算 DEM 遮挡、自由空间损耗与双向预算
T006,投送,1390.0701959393784,1409.8701959393784,直连,,358,PASS,exact_point,2.2478131175972464,3054.2044276465326,,,独立计算 DEM 遮挡、自由空间损耗与双向预算
T006,投送,1409.8701959393784,1429.6701959393783,直连,,359,PASS,exact_point,2.2478131175972464,3054.2044276465326,,,独立计算 DEM 遮挡、自由空间损耗与双向预算
T006,投送,1429.6701959393783,1449.4701959393783,直连,,360,PASS,exact_point,2.2478131175972464,3054.2044276465326,,,独立计算 DEM 遮挡、自由空间损耗与双向预算
T006,投送,1449.4701959393783,1469.2701959393785,直连,,361,PASS,exact_point,2.2478131175972464,3054.2044276465326,,,独立计算 DEM 遮挡、自由空间损耗与双向预算
T006,投送,1469.2701959393785,1489.0701959393784,直连,,362,PASS,exact_point,2.2478131175972464,3054.2044276465326,,,独立计算 DEM 遮挡、自由空间损耗与双向预算
T006,投送,1489.0701959393784,1508.8701959393784,直连,,363,PASS,exact_point,2.2478131175972464,3054.2044276465326,,,独立计算 DEM 遮挡、自由空间损耗与双向预算
T006,投送,1508.8701959393784,1528.6701959393786,直连,,364,PASS,exact_point,2.2478131175972464,3054.2044276465326,,,独立计算 DEM 遮挡、自由空间损耗与双向预算
T006,投送,1528.6701959393786,1548.4701959393785,直连,,365,PASS,exact_point,2.2478131175972464,3054.2044276465326,,,独立计算 DEM 遮挡、自由空间损耗与双向预算
T006,投送,1548.4701959393785,1568.2701959393785,直连,,366,PASS,exact_point,2.2478131175972464,3054.2044276465326,,,独立计算 DEM 遮挡、自由空间损耗与双向预算
T006,投送,1568.2701959393785,1588.0701959393784,直连,,367,PASS,exact_point,2.2478131175972464,3054.2044276465326,,,独立计算 DEM 遮挡、自由空间损耗与双向预算
T006,投送,1588.0701959393784,1607.8701959393784,直连,,368,PASS,exact_point,2.2478131175972464,3054.2044276465326,,,独立计算 DEM 遮挡、自由空间损耗与双向预算
T006,投送,1607.8701959393784,1627.6701959393786,直连,,369,PASS,exact_point,2.2478131175972464,3054.2044276465326,,,独立计算 DEM 遮挡、自由空间损耗与双向预算
T006,投送,1627.6701959393786,1647.4701959393785,直连,,370,PASS,exact_point,2.2478131175972464,3054.2044276465326,,,独立计算 DEM 遮挡、自由空间损耗与双向预算
T006,投送,1647.4701959393785,1667.2701959393785,直连,,371,PASS,exact_point,2.2478131175972464,3054.2044276465326,,,独立计算 DEM 遮挡、自由空间损耗与双向预算
T006,爬升,1667.2701959393785,1685.0815179608628,直连,,372,PASS,worst_obstruction_endpoint_distance,2.2453855868061083,3055.0581354130627,True,,端点最大距离且全时段按遮挡计损仍满足双向预算
T006,爬升,1685.0815179608628,1702.8928399823471,直连,,373,PASS,worst_obstruction_endpoint_distance,2.2411156161546586,3056.5603667445057,True,,端点最大距离且全时段按遮挡计损仍满足双向预算
T006,巡航,1702.8928399823471,1721.4018624225926,直连,,374,PASS,worst_obstruction_endpoint_distance,2.2411156161546586,3056.5603667445057,True,,端点最大距离且全时段按遮挡计损仍满足双向预算
T006,巡航,1721.4018624225926,1739.9108848628377,直连,,375,PASS,worst_obstruction_endpoint_distance,3.067435566266326,2779.1819466890624,True,,端点最大距离且全时段按遮挡计损仍满足双向预算
T006,巡航,1739.9108848628377,1758.4199073030832,直连,,376,PASS,worst_obstruction_endpoint_distance,3.9805132818098343,2501.8605217539953,True,,端点最大距离且全时段按遮挡计损仍满足双向预算
T006,巡航,1758.4199073030832,1776.9289297433286,直连,,377,PASS,worst_obstruction_endpoint_distance,5.000668542679023,2224.6174071251694,True,,端点最大距离且全时段按遮挡计损仍满足双向预算
T006,巡航,1776.9289297433286,1795.4379521835738,直连,,378,PASS,worst_obstruction_endpoint_distance,6.156288066488344,1947.4860477341674,True,,端点最大距离且全时段按遮挡计损仍满足双向预算
T006,巡航,1795.4379521835738,1813.9469746238192,直连,,379,PASS,worst_obstruction_endpoint_distance,7.488730846575692,1670.5220634325021,True,,端点最大距离且全时段按遮挡计损仍满足双向预算
T006,巡航,1813.9469746238192,1832.4559970640644,直连,,380,PASS,worst_obstruction_endpoint_distance,9.06160871006314,1393.8252340138579,True,,端点最大距离且全时段按遮挡计损仍满足双向预算
T006,巡航,1832.4559970640644,1850.9650195043098,直连,,381,PASS,worst_obstruction_endpoint_distance,10.980093890191213,1117.5940057971984,True,,端点最大距离且全时段按遮挡计损仍满足双向预算
T006,巡航,1850.9650195043098,1869.4740419445552,直连,,382,PASS,worst_obstruction_endpoint_distance,13.436577431180993,842.286590702294,True,,端点最大距离且全时段按遮挡计损仍满足双向预算
T006,巡航,1869.4740419445552,1887.9830643848004,直连,,383,PASS,worst_obstruction_endpoint_distance,16.83979160829456,569.2449386880037,True,,端点最大距离且全时段按遮挡计损仍满足双向预算
T006,巡航,1887.9830643848004,1906.4920868250458,直连,,384,PASS,worst_obstruction_endpoint_distance,22.2704985239005,304.6238004959094,True,,端点最大距离且全时段按遮挡计损仍满足双向预算
T006,下降,1906.4920868250458,1924.6616630884737,直连,,385,PASS,worst_obstruction_endpoint_distance,29.982830377148545,125.356610107422,True,,端点最大距离且全时段按遮挡计损仍满足双向预算
T006,下降,1924.6616630884737,1942.8312393519013,直连,,386,PASS,worst_obstruction_endpoint_distance,32.95627144019177,89.01745758056626,True,,端点最大距离且全时段按遮挡计损仍满足双向预算
T006,下降,1942.8312393519013,1961.000815615329,直连,,387,PASS,worst_obstruction_endpoint_distance,37.513139307574534,52.678305053711,True,,端点最大距离且全时段按遮挡计损仍满足双向预算
T006,下降,1961.000815615329,1979.1703918787568,直连,,388,PASS,worst_obstruction_endpoint_distance,45.92517525248826,20.0,True,,端点最大距离且全时段按遮挡计损仍满足双向预算
T007,爬升,1020.0,1039.0718271484375,直连,,389,PASS,worst_obstruction_endpoint_distance,43.10258905170963,27.679567871093695,True,,端点最大距离且全时段按遮挡计损仍满足双向预算
T007,爬升,1039.0718271484375,1058.143654296875,直连,,390,PASS,worst_obstruction_endpoint_distance,34.40305698380587,75.35913574218739,True,,端点最大距离且全时段按遮挡计损仍满足双向预算
T007,爬升,1058.143654296875,1077.2154814453127,直连,,391,PASS,worst_obstruction_endpoint_distance,30.14494023426775,123.03870361328165,True,,端点最大距离且全时段按遮挡计损仍满足双向预算
T007,爬升,1077.2154814453127,1096.2873085937501,直连,,392,PASS,worst_obstruction_endpoint_distance,27.30017506799763,170.7182714843753,True,,端点最大距离且全时段按遮挡计损仍满足双向预算
T007,爬升,1096.2873085937501,1115.3591357421876,直连,,393,PASS,worst_obstruction_endpoint_distance,25.160808415575318,218.397839355469,True,,端点最大距离且全时段按遮挡计损仍满足双向预算
T007,巡航,1115.3591357421876,1134.669745519484,直连,,394,PASS,worst_obstruction_endpoint_distance,20.75321503615335,362.7671946009024,True,,端点最大距离且全时段按遮挡计损仍满足双向预算
T007,巡航,1134.669745519484,1153.9803552967805,直连,,395,PASS,worst_obstruction_endpoint_distance,16.110304248345813,619.1181641730701,True,,端点最大距离且全时段按遮挡计损仍满足双向预算
T007,巡航,1153.9803552967805,1173.2909650740771,直连,,396,PASS,worst_obstruction_endpoint_distance,12.899596539616908,896.0019014636614,True,,端点最大距离且全时段按遮挡计损仍满足双向预算
T007,巡航,1173.2909650740771,1192.6015748513737,直连,,397,PASS,worst_obstruction_endpoint_distance,10.515201150199815,1179.0404387173653,True,,端点最大距离且全时段按遮挡计损仍满足双向预算
T007,巡航,1192.6015748513737,1211.91218462867,直连,,398,PASS,worst_obstruction_endpoint_distance,8.63097956554033,1464.6699789789309,True,,端点最大距离且全时段按遮挡计损仍满足双向预算
T007,巡航,1211.91218462867,1231.2227944059664,直连,,399,PASS,worst_obstruction_endpoint_distance,7.076960051876313,1751.623470098632,True,,端点最大距离且全时段按遮挡计损仍满足双向预算
T007,巡航,1231.2227944059664,1250.533404183263,直连,,400,PASS,worst_obstruction_endpoint_distance,5.755973409622868,2039.3421138116032,True,,端点最大距离且全时段按遮挡计损仍满足双向预算
T007,巡航,1250.533404183263,1269.8440139605596,直连,,401,PASS,worst_obstruction_endpoint_distance,4.607823983663508,2327.5421748741096,True,,端点最大距离且全时段按遮挡计损仍满足双向预算
T007,巡航,1269.8440139605596,1289.1546237378561,直连,,402,PASS,worst_obstruction_endpoint_distance,3.592806045813731,2616.064551374272,True,,端点最大距离且全时段按遮挡计损仍满足双向预算
T007,巡航,1289.1546237378561,1308.4652335151525,直连,,403,PASS,worst_obstruction_endpoint_distance,2.6834109702721207,2904.813202356247,True,,端点最大距离且全时段按遮挡计损仍满足双向预算
T007,巡航,1308.4652335151525,1327.7758432924488,直连,,404,PASS,worst_obstruction_endpoint_distance,1.8598200342751454,3193.726755171166,True,,端点最大距离且全时段按遮挡计损仍满足双向预算
T007,下降,1327.7758432924488,1340.6003031313162,直连,,405,PASS,worst_obstruction_endpoint_distance,1.8598200342751454,3193.726755171166,True,,端点最大距离且全时段按遮挡计损仍满足双向预算
T007,下降,1340.6003031313162,1353.4247629701833,直连,,406,PASS,worst_obstruction_endpoint_distance,1.8643124438889203,3192.075361970319,True,,端点最大距离且全时段按遮挡计损仍满足双向预算
T007,投送,1353.4247629701833,1372.483586499595,直连,,407,PASS,exact_point,1.8682481629573715,3190.6293079047914,,,独立计算 DEM 遮挡、自由空间损耗与双向预算
T007,投送,1372.483586499595,1391.542410029007,直连,,408,PASS,exact_point,1.8682481629573715,3190.6293079047914,,,独立计算 DEM 遮挡、自由空间损耗与双向预算
T007,投送,1391.542410029007,1410.6012335584187,直连,,409,PASS,exact_point,1.8682481629573715,3190.6293079047914,,,独立计算 DEM 遮挡、自由空间损耗与双向预算
T007,投送,1410.6012335584187,1429.6600570878304,直连,,410,PASS,exact_point,1.8682481629573715,3190.6293079047914,,,独立计算 DEM 遮挡、自由空间损耗与双向预算
T007,投送,1429.6600570878304,1448.7188806172421,直连,,411,PASS,exact_point,1.8682481629573715,3190.6293079047914,,,独立计算 DEM 遮挡、自由空间损耗与双向预算
T007,投送,1448.7188806172421,1467.7777041466538,直连,,412,PASS,exact_point,1.8682481629573715,3190.6293079047914,,,独立计算 DEM 遮挡、自由空间损耗与双向预算
T007,投送,1467.7777041466538,1486.8365276760655,直连,,413,PASS,exact_point,1.8682481629573715,3190.6293079047914,,,独立计算 DEM 遮挡、自由空间损耗与双向预算
T007,投送,1486.8365276760655,1505.8953512054775,直连,,414,PASS,exact_point,1.8682481629573715,3190.6293079047914,,,独立计算 DEM 遮挡、自由空间损耗与双向预算
T007,投送,1505.8953512054775,1524.9541747348892,直连,,415,PASS,exact_point,1.8682481629573715,3190.6293079047914,,,独立计算 DEM 遮挡、自由空间损耗与双向预算
T007,投送,1524.9541747348892,1544.0129982643011,直连,,416,PASS,exact_point,1.8682481629573715,3190.6293079047914,,,独立计算 DEM 遮挡、自由空间损耗与双向预算
T007,投送,1544.0129982643011,1563.0718217937128,直连,,417,PASS,exact_point,1.8682481629573715,3190.6293079047914,,,独立计算 DEM 遮挡、自由空间损耗与双向预算
T007,投送,1563.0718217937128,1582.1306453231246,直连,,418,PASS,exact_point,1.8682481629573715,3190.6293079047914,,,独立计算 DEM 遮挡、自由空间损耗与双向预算
T007,投送,1582.1306453231246,1601.1894688525363,直连,,419,PASS,exact_point,1.8682481629573715,3190.6293079047914,,,独立计算 DEM 遮挡、自由空间损耗与双向预算
T007,投送,1601.1894688525363,1620.248292381948,直连,,420,PASS,exact_point,1.8682481629573715,3190.6293079047914,,,独立计算 DEM 遮挡、自由空间损耗与双向预算
T007,投送,1620.248292381948,1639.3071159113597,直连,,421,PASS,exact_point,1.8682481629573715,3190.6293079047914,,,独立计算 DEM 遮挡、自由空间损耗与双向预算
T007,投送,1639.3071159113597,1658.3659394407716,直连,,422,PASS,exact_point,1.8682481629573715,3190.6293079047914,,,独立计算 DEM 遮挡、自由空间损耗与双向预算
T007,投送,1658.3659394407716,1677.4247629701833,直连,,423,PASS,exact_point,1.8682481629573715,3190.6293079047914,,,独立计算 DEM 遮挡、自由空间损耗与双向预算
T007,爬升,1677.4247629701833,1687.6843308412772,直连,,424,PASS,worst_obstruction_endpoint_distance,1.8643124438889203,3192.075361970319,True,,端点最大距离且全时段按遮挡计损仍满足双向预算
T007,爬升,1687.6843308412772,1697.9438987123708,直连,,425,PASS,worst_obstruction_endpoint_distance,1.8598200342751454,3193.726755171166,True,,端点最大距离且全时段按遮挡计损仍满足双向预算
T007,巡航,1697.9438987123708,1717.2545084896674,直连,,426,PASS,worst_obstruction_endpoint_distance,1.8598200342751454,3193.726755171166,True,,端点最大距离且全时段按遮挡计损仍满足双向预算
T007,巡航,1717.2545084896674,1736.5651182669637,直连,,427,PASS,worst_obstruction_endpoint_distance,2.6834109702721207,2904.813202356247,True,,端点最大距离且全时段按遮挡计损仍满足双向预算
T007,巡航,1736.5651182669637,1755.8757280442603,直连,,428,PASS,worst_obstruction_endpoint_distance,3.592806045813731,2616.064551374272,True,,端点最大距离且全时段按遮挡计损仍满足双向预算
T007,巡航,1755.8757280442603,1775.186337821557,直连,,429,PASS,worst_obstruction_endpoint_distance,4.607823983663508,2327.5421748741096,True,,端点最大距离且全时段按遮挡计损仍满足双向预算
T007,巡航,1775.186337821557,1794.4969475988532,直连,,430,PASS,worst_obstruction_endpoint_distance,5.755973409622868,2039.3421138116032,True,,端点最大距离且全时段按遮挡计损仍满足双向预算
T007,巡航,1794.4969475988532,1813.8075573761498,直连,,431,PASS,worst_obstruction_endpoint_distance,7.076960051876313,1751.623470098632,True,,端点最大距离且全时段按遮挡计损仍满足双向预算
T007,巡航,1813.8075573761498,1833.1181671534464,直连,,432,PASS,worst_obstruction_endpoint_distance,8.63097956554033,1464.6699789789309,True,,端点最大距离且全时段按遮挡计损仍满足双向预算
T007,巡航,1833.1181671534464,1852.4287769307427,直连,,433,PASS,worst_obstruction_endpoint_distance,10.515201150199815,1179.0404387173653,True,,端点最大距离且全时段按遮挡计损仍满足双向预算
T007,巡航,1852.4287769307427,1871.7393867080393,直连,,434,PASS,worst_obstruction_endpoint_distance,12.899596539616908,896.0019014636614,True,,端点最大距离且全时段按遮挡计损仍满足双向预算
T007,巡航,1871.7393867080393,1891.0499964853357,直连,,435,PASS,worst_obstruction_endpoint_distance,16.110304248345813,619.1181641730701,True,,端点最大距离且全时段按遮挡计损仍满足双向预算
T007,巡航,1891.0499964853357,1910.3606062626322,直连,,436,PASS,worst_obstruction_endpoint_distance,20.75321503615335,362.7671946009024,True,,端点最大距离且全时段按遮挡计损仍满足双向预算
T007,下降,1910.3606062626322,1930.227092875588,直连,,437,PASS,worst_obstruction_endpoint_distance,25.160808415575318,218.397839355469,True,,端点最大距离且全时段按遮挡计损仍满足双向预算
T007,下降,1930.227092875588,1950.0935794885438,直连,,438,PASS,worst_obstruction_endpoint_distance,26.904991999955485,178.66486612955765,True,,端点最大距离且全时段按遮挡计损仍满足双向预算
T007,下降,1950.0935794885438,1969.9600661014995,直连,,439,PASS,worst_obstruction_endpoint_distance,29.08973610815727,138.93189290364586,True,,端点最大距离且全时段按遮挡计损仍满足双向预算
T007,下降,1969.9600661014995,1989.8265527144551,直连,,440,PASS,worst_obstruction_endpoint_distance,32.01563631553782,99.1989196777345,True,,端点最大距离且全时段按遮挡计损仍满足双向预算
T007,下降,1989.8265527144551,2009.693039327411,直连,,441,PASS,worst_obstruction_endpoint_distance,36.460408456856726,59.46594645182313,True,,端点最大距离且全时段按遮挡计损仍满足双向预算
T007,下降,2009.693039327411,2029.5595259403667,直连,,442,PASS,worst_obstruction_endpoint_distance,45.92517525248826,20.0,True,,端点最大距离且全时段按遮挡计损仍满足双向预算
T008,爬升,2147.0,2163.15073445638,直连,,443,PASS,worst_obstruction_endpoint_distance,42.86345708049137,28.452203369140676,True,,端点最大距离且全时段按遮挡计损仍满足双向预算
T008,爬升,2163.15073445638,2179.3014689127604,直连,,444,PASS,worst_obstruction_endpoint_distance,34.22675064092644,76.90440673828135,True,,端点最大距离且全时段按遮挡计损仍满足双向预算
T008,爬升,2179.3014689127604,2195.4522033691405,直连,,445,PASS,worst_obstruction_endpoint_distance,29.982830377148545,125.356610107422,True,,端点最大距离且全时段按遮挡计损仍满足双向预算
T008,巡航,2195.4522033691405,2213.961225809386,直连,,446,PASS,worst_obstruction_endpoint_distance,22.2704985239005,304.6238004959094,True,,端点最大距离且全时段按遮挡计损仍满足双向预算
T008,巡航,2213.961225809386,2232.4702482496314,直连,,447,PASS,worst_obstruction_endpoint_distance,16.83979160829456,569.2449386880037,True,,端点最大距离且全时段按遮挡计损仍满足双向预算
T008,巡航,2232.4702482496314,2250.9792706898766,直连,,448,PASS,worst_obstruction_endpoint_distance,13.436577431180993,842.286590702294,True,,端点最大距离且全时段按遮挡计损仍满足双向预算
T008,巡航,2250.9792706898766,2269.4882931301217,直连,,449,PASS,worst_obstruction_endpoint_distance,10.980093890191213,1117.5940057971984,True,,端点最大距离且全时段按遮挡计损仍满足双向预算
T008,巡航,2269.4882931301217,2287.9973155703674,直连,,450,PASS,worst_obstruction_endpoint_distance,9.06160871006314,1393.8252340138579,True,,端点最大距离且全时段按遮挡计损仍满足双向预算
T008,巡航,2287.9973155703674,2306.5063380106126,直连,,451,PASS,worst_obstruction_endpoint_distance,7.488730846575692,1670.5220634325021,True,,端点最大距离且全时段按遮挡计损仍满足双向预算
T008,巡航,2306.5063380106126,2325.0153604508578,直连,,452,PASS,worst_obstruction_endpoint_distance,6.156288066488344,1947.4860477341674,True,,端点最大距离且全时段按遮挡计损仍满足双向预算
T008,巡航,2325.0153604508578,2343.5243828911034,直连,,453,PASS,worst_obstruction_endpoint_distance,5.000668542679023,2224.6174071251694,True,,端点最大距离且全时段按遮挡计损仍满足双向预算
T008,巡航,2343.5243828911034,2362.0334053313486,直连,,454,PASS,worst_obstruction_endpoint_distance,3.9805132818098343,2501.8605217539953,True,,端点最大距离且全时段按遮挡计损仍满足双向预算
T008,巡航,2362.0334053313486,2380.542427771594,直连,,455,PASS,worst_obstruction_endpoint_distance,3.067435566266326,2779.1819466890624,True,,端点最大距离且全时段按遮挡计损仍满足双向预算
T008,巡航,2380.542427771594,2399.0514502118394,直连,,456,PASS,worst_obstruction_endpoint_distance,2.2411156161546586,3056.5603667445057,True,,端点最大距离且全时段按遮挡计损仍满足双向预算
T008,下降,2399.0514502118394,2416.862772233324,直连,,457,PASS,worst_obstruction_endpoint_distance,2.2411156161546586,3056.5603667445057,True,,端点最大距离且全时段按遮挡计损仍满足双向预算
T008,下降,2416.862772233324,2434.674094254808,直连,,458,PASS,worst_obstruction_endpoint_distance,2.2453855868061083,3055.0581354130627,True,,端点最大距离且全时段按遮挡计损仍满足双向预算
T008,投送,2434.674094254808,2454.674094254808,直连,,459,PASS,exact_point,2.2478131175972464,3054.2044276465326,,,独立计算 DEM 遮挡、自由空间损耗与双向预算
T008,投送,2454.674094254808,2474.674094254808,直连,,460,PASS,exact_point,2.2478131175972464,3054.2044276465326,,,独立计算 DEM 遮挡、自由空间损耗与双向预算
T008,投送,2474.674094254808,2494.674094254808,直连,,461,PASS,exact_point,2.2478131175972464,3054.2044276465326,,,独立计算 DEM 遮挡、自由空间损耗与双向预算
T008,投送,2494.674094254808,2514.674094254808,直连,,462,PASS,exact_point,2.2478131175972464,3054.2044276465326,,,独立计算 DEM 遮挡、自由空间损耗与双向预算
T008,投送,2514.674094254808,2534.674094254808,直连,,463,PASS,exact_point,2.2478131175972464,3054.2044276465326,,,独立计算 DEM 遮挡、自由空间损耗与双向预算
T008,投送,2534.674094254808,2554.674094254808,直连,,464,PASS,exact_point,2.2478131175972464,3054.2044276465326,,,独立计算 DEM 遮挡、自由空间损耗与双向预算
T008,投送,2554.674094254808,2574.674094254808,直连,,465,PASS,exact_point,2.2478131175972464,3054.2044276465326,,,独立计算 DEM 遮挡、自由空间损耗与双向预算
T008,投送,2574.674094254808,2594.674094254808,直连,,466,PASS,exact_point,2.2478131175972464,3054.2044276465326,,,独立计算 DEM 遮挡、自由空间损耗与双向预算
T008,投送,2594.674094254808,2614.674094254808,直连,,467,PASS,exact_point,2.2478131175972464,3054.2044276465326,,,独立计算 DEM 遮挡、自由空间损耗与双向预算
T008,投送,2614.674094254808,2634.674094254808,直连,,468,PASS,exact_point,2.2478131175972464,3054.2044276465326,,,独立计算 DEM 遮挡、自由空间损耗与双向预算
T008,投送,2634.674094254808,2654.674094254808,直连,,469,PASS,exact_point,2.2478131175972464,3054.2044276465326,,,独立计算 DEM 遮挡、自由空间损耗与双向预算
T008,投送,2654.674094254808,2674.674094254808,直连,,470,PASS,exact_point,2.2478131175972464,3054.2044276465326,,,独立计算 DEM 遮挡、自由空间损耗与双向预算
T008,爬升,2674.674094254808,2689.516862606045,直连,,471,PASS,worst_obstruction_endpoint_distance,2.2453855868061083,3055.0581354130627,True,,端点最大距离且全时段按遮挡计损仍满足双向预算
T008,爬升,2689.516862606045,2704.359630957282,直连,,472,PASS,worst_obstruction_endpoint_distance,2.2411156161546586,3056.5603667445057,True,,端点最大距离且全时段按遮挡计损仍满足双向预算
T008,巡航,2704.359630957282,2722.8686533975274,直连,,473,PASS,worst_obstruction_endpoint_distance,2.2411156161546586,3056.5603667445057,True,,端点最大距离且全时段按遮挡计损仍满足双向预算
T008,巡航,2722.8686533975274,2741.3776758377726,直连,,474,PASS,worst_obstruction_endpoint_distance,3.067435566266326,2779.1819466890624,True,,端点最大距离且全时段按遮挡计损仍满足双向预算
T008,巡航,2741.3776758377726,2759.8866982780182,直连,,475,PASS,worst_obstruction_endpoint_distance,3.9805132818098343,2501.8605217539953,True,,端点最大距离且全时段按遮挡计损仍满足双向预算
T008,巡航,2759.8866982780182,2778.3957207182634,直连,,476,PASS,worst_obstruction_endpoint_distance,5.000668542679023,2224.6174071251694,True,,端点最大距离且全时段按遮挡计损仍满足双向预算
T008,巡航,2778.3957207182634,2796.9047431585086,直连,,477,PASS,worst_obstruction_endpoint_distance,6.156288066488344,1947.4860477341674,True,,端点最大距离且全时段按遮挡计损仍满足双向预算
T008,巡航,2796.9047431585086,2815.4137655987543,直连,,478,PASS,worst_obstruction_endpoint_distance,7.488730846575692,1670.5220634325021,True,,端点最大距离且全时段按遮挡计损仍满足双向预算
T008,巡航,2815.4137655987543,2833.9227880389994,直连,,479,PASS,worst_obstruction_endpoint_distance,9.06160871006314,1393.8252340138579,True,,端点最大距离且全时段按遮挡计损仍满足双向预算
T008,巡航,2833.9227880389994,2852.4318104792446,直连,,480,PASS,worst_obstruction_endpoint_distance,10.980093890191213,1117.5940057971984,True,,端点最大距离且全时段按遮挡计损仍满足双向预算
T008,巡航,2852.4318104792446,2870.9408329194903,直连,,481,PASS,worst_obstruction_endpoint_distance,13.436577431180993,842.286590702294,True,,端点最大距离且全时段按遮挡计损仍满足双向预算
T008,巡航,2870.9408329194903,2889.449855359735,直连,,482,PASS,worst_obstruction_endpoint_distance,16.83979160829456,569.2449386880037,True,,端点最大距离且全时段按遮挡计损仍满足双向预算
T008,巡航,2889.449855359735,2907.9588777999807,直连,,483,PASS,worst_obstruction_endpoint_distance,22.2704985239005,304.6238004959094,True,,端点最大距离且全时段按遮挡计损仍满足双向预算
T008,下降,2907.9588777999807,2927.339759147637,直连,,484,PASS,worst_obstruction_endpoint_distance,29.982830377148545,125.356610107422,True,,端点最大距离且全时段按遮挡计损仍满足双向预算
T008,下降,2927.339759147637,2946.720640495293,直连,,485,PASS,worst_obstruction_endpoint_distance,34.22675064092644,76.90440673828135,True,,端点最大距离且全时段按遮挡计损仍满足双向预算
T008,下降,2946.720640495293,2966.1015218429493,直连,,486,PASS,worst_obstruction_endpoint_distance,42.86345708049137,28.452203369140676,True,,端点最大距离且全时段按遮挡计损仍满足双向预算
T009,爬升,2304.0,2323.3436411539715,直连,,487,PASS,worst_obstruction_endpoint_distance,40.343037745338265,38.03092346191437,True,,端点最大距离且全时段按遮挡计损仍满足双向预算
T009,爬升,2323.3436411539715,2342.687282307943,直连,,488,PASS,worst_obstruction_endpoint_distance,32.29475651968478,96.06184692382868,True,,端点最大距离且全时段按遮挡计损仍满足双向预算
T009,爬升,2342.687282307943,2362.0309234619144,直连,,489,PASS,worst_obstruction_endpoint_distance,28.190129900190144,154.09277038574305,True,,端点最大距离且全时段按遮挡计损仍满足双向预算
T009,爬升,2362.0309234619144,2381.3745646158854,直连,,490,PASS,worst_obstruction_endpoint_distance,25.41399154248265,212.12369384765606,True,,端点最大距离且全时段按遮挡计损仍满足双向预算
T009,爬升,2381.3745646158854,2400.718205769857,直连,,491,PASS,worst_obstruction_endpoint_distance,23.31352727333625,270.15461730957037,True,,端点最大距离且全时段按遮挡计损仍满足双向预算
T009,爬升,2400.718205769857,2420.0618469238284,直连,,492,PASS,worst_obstruction_endpoint_distance,21.62338630671509,328.18554077148474,True,,端点最大距离且全时段按遮挡计损仍满足双向预算
T009,爬升,2420.0618469238284,2439.4054880778,直连,,493,PASS,worst_obstruction_endpoint_distance,20.209159493456326,386.2164642333991,True,,端点最大距离且全时段按遮挡计损仍满足双向预算
T009,爬升,2439.4054880778,2458.749129231771,直连,,494,PASS,worst_obstruction_endpoint_distance,18.993277511644692,444.24738769531206,True,,端点最大距离且全时段按遮挡计损仍满足双向预算
T009,巡航,2458.749129231771,2478.385253126678,直连,,495,PASS,worst_obstruction_endpoint_distance,17.916649545737883,502.87064096726107,True,,端点最大距离且全时段按遮挡计损仍满足双向预算
T009,巡航,2478.385253126678,2498.0213770215846,直连,,496,PASS,worst_obstruction_endpoint_distance,15.71899076183928,647.6482855415965,True,,端点最大距离且全时段按遮挡计损仍满足双向预算
T009,巡航,2498.0213770215846,2517.6575009164912,直连,,497,PASS,worst_obstruction_endpoint_distance,13.5130486115427,834.9035885230084,True,,端点最大距离且全时段按遮挡计损仍满足双向预算
T009,巡航,2517.6575009164912,2537.2936248113983,直连,,498,PASS,worst_obstruction_endpoint_distance,11.588572854716219,1041.9817573440184,True,,端点最大距离且全时段按遮挡计损仍满足双向预算
T009,巡航,2537.2936248113983,2556.929748706305,直连,,499,PASS,worst_obstruction_endpoint_distance,9.944292824291068,1259.1402794336339,True,,端点最大距离且全时段按遮挡计损仍满足双向预算
T009,巡航,2556.929748706305,2576.5658726012116,直连,,500,PASS,worst_obstruction_endpoint_distance,8.529078472989426,1481.954379895724,True,,端点最大距离且全时段按遮挡计损仍满足双向预算
T009,巡航,2576.5658726012116,2596.201996496118,直连,,501,PASS,worst_obstruction_endpoint_distance,7.294937761347967,1708.2124004460284,True,,端点最大距离且全时段按遮挡计损仍满足双向预算
T009,巡航,2596.201996496118,2615.838120391025,直连,,502,PASS,worst_obstruction_endpoint_distance,6.2044935916322,1936.7076976478331,True,,端点最大距离且全时段按遮挡计损仍满足双向预算
T009,巡航,2615.838120391025,2635.474244285932,直连,,503,PASS,worst_obstruction_endpoint_distance,5.229668880125246,2166.7325832609313,True,,端点最大距离且全时段按遮挡计损仍满足双向预算
T009,巡航,2635.474244285932,2655.1103681808386,直连,,504,PASS,worst_obstruction_endpoint_distance,4.349346163073591,2397.8468985208874,True,,端点最大距离且全时段按遮挡计损仍满足双向预算
T009,巡航,2655.1103681808386,2674.746492075745,直连,,505,PASS,worst_obstruction_endpoint_distance,3.547441536545847,2629.763428575528,True,,端点最大距离且全时段按遮挡计损仍满足双向预算
T009,巡航,2674.746492075745,2694.3826159706523,直连,,506,PASS,worst_obstruction_endpoint_distance,2.811511051936634,2862.2871819484435,True,,端点最大距离且全时段按遮挡计损仍满足双向预算
T009,巡航,2694.3826159706523,2714.018739865559,直连,,507,PASS,worst_obstruction_endpoint_distance,2.131772647054248,3095.28131415617,True,,端点最大距离且全时段按遮挡计损仍满足双向预算
T009,巡航,2714.018739865559,2733.6548637604656,直连,,508,PASS,worst_obstruction_endpoint_distance,1.500420209250862,3328.6470518406963,True,,端点最大距离且全时段按遮挡计损仍满足双向预算
T009,巡航,2733.6548637604656,2753.290987655372,直连,,509,PASS,worst_obstruction_endpoint_distance,0.911137638147423,3562.3113645267736,True,,端点最大距离且全时段按遮挡计损仍满足双向预算
T009,巡航,2753.290987655372,2772.927111550279,直连,,510,PASS,worst_obstruction_endpoint_distance,0.35874972363353663,3796.2191190829435,True,,端点最大距离且全时段按遮挡计损仍满足双向预算
T009,巡航,2772.927111550279,2792.5632354451855,中继,R003,511,PASS,worst_obstruction_endpoint_distance,3.266702482514688,1361.299340639569,True,,端点最大距离且全时段按遮挡计损仍满足双向预算
T009,巡航,2792.5632354451855,2812.1993593400925,中继,R003,512,PASS,worst_obstruction_endpoint_distance,3.65634197875049,1301.5823757640605,True,,端点最大距离且全时段按遮挡计损仍满足双向预算
T009,巡航,2812.1993593400925,2831.835483234999,中继,R003,513,PASS,worst_obstruction_endpoint_distance,3.617802891321233,1307.3702970013408,True,,端点最大距离且全时段按遮挡计损仍满足双向预算
T009,巡航,2831.835483234999,2851.4716071299063,中继,R003,514,PASS,worst_obstruction_endpoint_distance,3.196495425185134,1372.3471572420888,True,,端点最大距离且全时段按遮挡计损仍满足双向预算
T009,巡航,2851.4716071299063,2871.107731024813,中继,R003,515,PASS,worst_obstruction_endpoint_distance,2.584175640430118,1472.5836569262096,True,,端点最大距离且全时段按遮挡计损仍满足双向预算
T009,巡航,2871.107731024813,2890.7438549197195,中继,R003,516,PASS,worst_obstruction_endpoint_distance,1.8553843634241076,1601.4727014364303,True,,端点最大距离且全时段按遮挡计损仍满足双向预算
T009,巡航,2890.7438549197195,2910.379978814626,中继,R003,517,PASS,worst_obstruction_endpoint_distance,1.071600826356132,1752.7045616393702,True,,端点最大距离且全时段按遮挡计损仍满足双向预算
T009,下降,2910.379978814626,2929.6557698302513,中继,R003,518,PASS,worst_obstruction_endpoint_distance,1.0686325652298336,1753.3036221923433,True,,端点最大距离且全时段按遮挡计损仍满足双向预算
T009,下降,2929.6557698302513,2948.931560845876,中继,R003,519,PASS,worst_obstruction_endpoint_distance,1.0591142360136558,1755.2260123087,True,,端点最大距离且全时段按遮挡计损仍满足双向预算
T009,下降,2948.931560845876,2968.207351861501,中继,R003,520,PASS,worst_obstruction_endpoint_distance,1.0430887776814899,1758.467391926386,True,,端点最大距离且全时段按遮挡计损仍满足双向预算
T009,下降,2968.207351861501,2987.483142877126,中继,R003,521,PASS,worst_obstruction_endpoint_distance,1.0206279905043374,1763.0204860246654,True,,端点最大距离且全时段按遮挡计损仍满足双向预算
T009,下降,2987.483142877126,3006.758933892751,中继,R003,522,PASS,worst_obstruction_endpoint_distance,0.9918314733706666,1768.8751655523586,True,,端点最大距离且全时段按遮挡计损仍满足双向预算
T009,投送,3006.758933892751,3025.84984298366,中继,R003,523,PASS,exact_point,0.9918314733706666,1768.8751655523586,,,独立计算 DEM 遮挡、自由空间损耗与双向预算
T009,投送,3025.84984298366,3044.940752074569,中继,R003,524,PASS,exact_point,0.9918314733706666,1768.8751655523586,,,独立计算 DEM 遮挡、自由空间损耗与双向预算
T009,投送,3044.940752074569,3064.031661165478,中继,R003,525,PASS,exact_point,0.9918314733706666,1768.8751655523586,,,独立计算 DEM 遮挡、自由空间损耗与双向预算
T009,投送,3064.031661165478,3083.122570256387,中继,R003,526,PASS,exact_point,0.9918314733706666,1768.8751655523586,,,独立计算 DEM 遮挡、自由空间损耗与双向预算
T009,投送,3083.122570256387,3102.2134793472965,中继,R003,527,PASS,exact_point,0.9918314733706666,1768.8751655523586,,,独立计算 DEM 遮挡、自由空间损耗与双向预算
T009,投送,3102.2134793472965,3121.3043884382055,中继,R003,528,PASS,exact_point,0.9918314733706666,1768.8751655523586,,,独立计算 DEM 遮挡、自由空间损耗与双向预算
T009,投送,3121.3043884382055,3140.3952975291145,中继,R003,529,PASS,exact_point,0.9918314733706666,1768.8751655523586,,,独立计算 DEM 遮挡、自由空间损耗与双向预算
T009,投送,3140.3952975291145,3159.486206620024,中继,R003,530,PASS,exact_point,0.9918314733706666,1768.8751655523586,,,独立计算 DEM 遮挡、自由空间损耗与双向预算
T009,投送,3159.486206620024,3178.577115710933,中继,R003,531,PASS,exact_point,0.9918314733706666,1768.8751655523586,,,独立计算 DEM 遮挡、自由空间损耗与双向预算
T009,投送,3178.577115710933,3197.668024801842,中继,R003,532,PASS,exact_point,0.9918314733706666,1768.8751655523586,,,独立计算 DEM 遮挡、自由空间损耗与双向预算
T009,投送,3197.668024801842,3216.758933892751,中继,R003,533,PASS,exact_point,0.9918314733706666,1768.8751655523586,,,独立计算 DEM 遮挡、自由空间损耗与双向预算
T009,爬升,3216.758933892751,3232.8220930724383,中继,R003,534,PASS,worst_obstruction_endpoint_distance,0.9918314733706666,1768.8751655523586,True,,端点最大距离且全时段按遮挡计损仍满足双向预算
T009,爬升,3232.8220930724383,3248.8852522521256,中继,R003,535,PASS,worst_obstruction_endpoint_distance,1.0206279905043374,1763.0204860246654,True,,端点最大距离且全时段按遮挡计损仍满足双向预算
T009,爬升,3248.8852522521256,3264.9484114318134,中继,R003,536,PASS,worst_obstruction_endpoint_distance,1.0430887776814899,1758.4673919263862,True,,端点最大距离且全时段按遮挡计损仍满足双向预算
T009,爬升,3264.9484114318134,3281.0115706115007,中继,R003,537,PASS,worst_obstruction_endpoint_distance,1.0591142360136558,1755.2260123087,True,,端点最大距离且全时段按遮挡计损仍满足双向预算
T009,爬升,3281.0115706115007,3297.0747297911885,中继,R003,538,PASS,worst_obstruction_endpoint_distance,1.0686325652298336,1753.3036221923433,True,,端点最大距离且全时段按遮挡计损仍满足双向预算
T009,巡航,3297.0747297911885,3316.710853686095,中继,R003,539,PASS,worst_obstruction_endpoint_distance,1.071600826356132,1752.7045616393702,True,,端点最大距离且全时段按遮挡计损仍满足双向预算
T009,巡航,3316.710853686095,3336.3469775810017,中继,R003,540,PASS,worst_obstruction_endpoint_distance,1.8553843634241076,1601.4727014364303,True,,端点最大距离且全时段按遮挡计损仍满足双向预算
T009,巡航,3336.3469775810017,3355.9831014759084,中继,R003,541,PASS,worst_obstruction_endpoint_distance,2.584175640430118,1472.5836569262096,True,,端点最大距离且全时段按遮挡计损仍满足双向预算
T009,巡航,3355.9831014759084,3375.619225370815,中继,R003,542,PASS,worst_obstruction_endpoint_distance,3.196495425185134,1372.3471572420888,True,,端点最大距离且全时段按遮挡计损仍满足双向预算
T009,巡航,3375.619225370815,3395.2553492657216,中继,R003,543,PASS,worst_obstruction_endpoint_distance,3.6178028913211904,1307.3702970013474,True,,端点最大距离且全时段按遮挡计损仍满足双向预算
T009,巡航,3395.2553492657216,3414.8914731606287,中继,R003,544,PASS,worst_obstruction_endpoint_distance,3.65634197875049,1301.5823757640605,True,,端点最大距离且全时段按遮挡计损仍满足双向预算
T009,巡航,3414.8914731606287,3434.5275970555354,中继,R003,545,PASS,worst_obstruction_endpoint_distance,3.266702482514688,1361.299340639569,True,,端点最大距离且全时段按遮挡计损仍满足双向预算
T009,巡航,3434.5275970555354,3454.1637209504424,直连,,546,PASS,worst_obstruction_endpoint_distance,0.35874972363353663,3796.2191190829435,True,,端点最大距离且全时段按遮挡计损仍满足双向预算
T009,巡航,3454.1637209504424,3473.799844845349,直连,,547,PASS,worst_obstruction_endpoint_distance,0.911137638147423,3562.3113645267736,True,,端点最大距离且全时段按遮挡计损仍满足双向预算
T009,巡航,3473.799844845349,3493.4359687402557,直连,,548,PASS,worst_obstruction_endpoint_distance,1.500420209250862,3328.6470518406963,True,,端点最大距离且全时段按遮挡计损仍满足双向预算
T009,巡航,3493.4359687402557,3513.0720926351623,直连,,549,PASS,worst_obstruction_endpoint_distance,2.131772647054248,3095.28131415617,True,,端点最大距离且全时段按遮挡计损仍满足双向预算
T009,巡航,3513.0720926351623,3532.708216530069,直连,,550,PASS,worst_obstruction_endpoint_distance,2.811511051936634,2862.2871819484435,True,,端点最大距离且全时段按遮挡计损仍满足双向预算
T009,巡航,3532.708216530069,3552.3443404249756,直连,,551,PASS,worst_obstruction_endpoint_distance,3.547441536545847,2629.763428575528,True,,端点最大距离且全时段按遮挡计损仍满足双向预算
T009,巡航,3552.3443404249756,3571.9804643198827,直连,,552,PASS,worst_obstruction_endpoint_distance,4.349346163073591,2397.8468985208874,True,,端点最大距离且全时段按遮挡计损仍满足双向预算
T009,巡航,3571.9804643198827,3591.6165882147893,直连,,553,PASS,worst_obstruction_endpoint_distance,5.229668880125246,2166.7325832609313,True,,端点最大距离且全时段按遮挡计损仍满足双向预算
T009,巡航,3591.6165882147893,3611.2527121096964,直连,,554,PASS,worst_obstruction_endpoint_distance,6.2044935916322,1936.7076976478331,True,,端点最大距离且全时段按遮挡计损仍满足双向预算
T009,巡航,3611.2527121096964,3630.888836004603,直连,,555,PASS,worst_obstruction_endpoint_distance,7.294937761347967,1708.2124004460284,True,,端点最大距离且全时段按遮挡计损仍满足双向预算
T009,巡航,3630.888836004603,3650.5249598995097,直连,,556,PASS,worst_obstruction_endpoint_distance,8.529078472989426,1481.954379895724,True,,端点最大距离且全时段按遮挡计损仍满足双向预算
T009,巡航,3650.5249598995097,3670.1610837944163,直连,,557,PASS,worst_obstruction_endpoint_distance,9.944292824291068,1259.1402794336339,True,,端点最大距离且全时段按遮挡计损仍满足双向预算
T009,巡航,3670.1610837944163,3689.797207689323,直连,,558,PASS,worst_obstruction_endpoint_distance,11.588572854716219,1041.9817573440184,True,,端点最大距离且全时段按遮挡计损仍满足双向预算
T009,巡航,3689.797207689323,3709.4333315842296,直连,,559,PASS,worst_obstruction_endpoint_distance,13.5130486115427,834.9035885230084,True,,端点最大距离且全时段按遮挡计损仍满足双向预算
T009,巡航,3709.4333315842296,3729.0694554791366,直连,,560,PASS,worst_obstruction_endpoint_distance,15.71899076183928,647.6482855415965,True,,端点最大距离且全时段按遮挡计损仍满足双向预算
T009,巡航,3729.0694554791366,3748.7055793740433,直连,,561,PASS,worst_obstruction_endpoint_distance,17.916649545737883,502.87064096726107,True,,端点最大距离且全时段按遮挡计损仍满足双向预算
T009,下降,3748.7055793740433,3767.275474881856,直连,,562,PASS,worst_obstruction_endpoint_distance,18.993277511644692,444.24738769531206,True,,端点最大距离且全时段按遮挡计损仍满足双向预算
T009,下降,3767.275474881856,3785.8453703896685,直连,,563,PASS,worst_obstruction_endpoint_distance,19.9519850689598,397.82264892578,True,,端点最大距离且全时段按遮挡计损仍满足双向预算
T009,下降,3785.8453703896685,3804.415265897481,直连,,564,PASS,worst_obstruction_endpoint_distance,21.029791679401256,351.3979101562492,True,,端点最大距离且全时段按遮挡计损仍满足双向预算
T009,下降,3804.415265897481,3822.985161405293,直连,,565,PASS,worst_obstruction_endpoint_distance,22.26054244645084,304.9731713867183,True,,端点最大距离且全时段按遮挡计损仍满足双向预算
T009,下降,3822.985161405293,3841.555056913106,直连,,566,PASS,worst_obstruction_endpoint_distance,23.694936979399557,258.5484326171874,True,,端点最大距离且全时段按遮挡计损仍满足双向预算
T009,下降,3841.555056913106,3860.1249524209184,直连,,567,PASS,worst_obstruction_endpoint_distance,25.413991542482677,212.1236938476555,True,,端点最大距离且全时段按遮挡计损仍满足双向预算
T009,下降,3860.1249524209184,3878.694847928731,直连,,568,PASS,worst_obstruction_endpoint_distance,27.55937977170045,165.69895507812458,True,,端点最大距离且全时段按遮挡计损仍满足双向预算
T009,下降,3878.694847928731,3897.2647434365435,直连,,569,PASS,worst_obstruction_endpoint_distance,30.414843731611313,119.2742163085926,True,,端点最大距离且全时段按遮挡计损仍满足双向预算
T009,下降,3897.2647434365435,3915.834638944356,直连,,570,PASS,worst_obstruction_endpoint_distance,34.697246336774995,72.8494775390617,True,,端点最大距离且全时段按遮挡计损仍满足双向预算
T009,下降,3915.834638944356,3934.4045344521683,直连,,571,PASS,worst_obstruction_endpoint_distance,43.5055611129805,26.424738769530904,True,,端点最大距离且全时段按遮挡计损仍满足双向预算
T010,爬升,2304.0,2323.3436411539715,直连,,572,PASS,worst_obstruction_endpoint_distance,40.343037745338265,38.03092346191437,True,,端点最大距离且全时段按遮挡计损仍满足双向预算
T010,爬升,2323.3436411539715,2342.687282307943,直连,,573,PASS,worst_obstruction_endpoint_distance,32.29475651968478,96.06184692382868,True,,端点最大距离且全时段按遮挡计损仍满足双向预算
T010,爬升,2342.687282307943,2362.0309234619144,直连,,574,PASS,worst_obstruction_endpoint_distance,28.190129900190144,154.09277038574305,True,,端点最大距离且全时段按遮挡计损仍满足双向预算
T010,爬升,2362.0309234619144,2381.3745646158854,直连,,575,PASS,worst_obstruction_endpoint_distance,25.41399154248265,212.12369384765606,True,,端点最大距离且全时段按遮挡计损仍满足双向预算
T010,爬升,2381.3745646158854,2400.718205769857,直连,,576,PASS,worst_obstruction_endpoint_distance,23.31352727333625,270.15461730957037,True,,端点最大距离且全时段按遮挡计损仍满足双向预算
T010,爬升,2400.718205769857,2420.0618469238284,直连,,577,PASS,worst_obstruction_endpoint_distance,21.62338630671509,328.18554077148474,True,,端点最大距离且全时段按遮挡计损仍满足双向预算
T010,爬升,2420.0618469238284,2439.4054880778,直连,,578,PASS,worst_obstruction_endpoint_distance,20.209159493456326,386.2164642333991,True,,端点最大距离且全时段按遮挡计损仍满足双向预算
T010,爬升,2439.4054880778,2458.749129231771,直连,,579,PASS,worst_obstruction_endpoint_distance,18.993277511644692,444.24738769531206,True,,端点最大距离且全时段按遮挡计损仍满足双向预算
T010,巡航,2458.749129231771,2478.385253126678,直连,,580,PASS,worst_obstruction_endpoint_distance,17.916649545737883,502.87064096726107,True,,端点最大距离且全时段按遮挡计损仍满足双向预算
T010,巡航,2478.385253126678,2498.0213770215846,直连,,581,PASS,worst_obstruction_endpoint_distance,15.71899076183928,647.6482855415965,True,,端点最大距离且全时段按遮挡计损仍满足双向预算
T010,巡航,2498.0213770215846,2517.6575009164912,直连,,582,PASS,worst_obstruction_endpoint_distance,13.5130486115427,834.9035885230084,True,,端点最大距离且全时段按遮挡计损仍满足双向预算
T010,巡航,2517.6575009164912,2537.2936248113983,直连,,583,PASS,worst_obstruction_endpoint_distance,11.588572854716219,1041.9817573440184,True,,端点最大距离且全时段按遮挡计损仍满足双向预算
T010,巡航,2537.2936248113983,2556.929748706305,直连,,584,PASS,worst_obstruction_endpoint_distance,9.944292824291068,1259.1402794336339,True,,端点最大距离且全时段按遮挡计损仍满足双向预算
T010,巡航,2556.929748706305,2576.5658726012116,直连,,585,PASS,worst_obstruction_endpoint_distance,8.529078472989426,1481.954379895724,True,,端点最大距离且全时段按遮挡计损仍满足双向预算
T010,巡航,2576.5658726012116,2596.201996496118,直连,,586,PASS,worst_obstruction_endpoint_distance,7.294937761347967,1708.2124004460284,True,,端点最大距离且全时段按遮挡计损仍满足双向预算
T010,巡航,2596.201996496118,2615.838120391025,直连,,587,PASS,worst_obstruction_endpoint_distance,6.2044935916322,1936.7076976478331,True,,端点最大距离且全时段按遮挡计损仍满足双向预算
T010,巡航,2615.838120391025,2635.474244285932,直连,,588,PASS,worst_obstruction_endpoint_distance,5.229668880125246,2166.7325832609313,True,,端点最大距离且全时段按遮挡计损仍满足双向预算
T010,巡航,2635.474244285932,2655.1103681808386,直连,,589,PASS,worst_obstruction_endpoint_distance,4.349346163073591,2397.8468985208874,True,,端点最大距离且全时段按遮挡计损仍满足双向预算
T010,巡航,2655.1103681808386,2674.746492075745,直连,,590,PASS,worst_obstruction_endpoint_distance,3.547441536545847,2629.763428575528,True,,端点最大距离且全时段按遮挡计损仍满足双向预算
T010,巡航,2674.746492075745,2694.3826159706523,直连,,591,PASS,worst_obstruction_endpoint_distance,2.811511051936634,2862.2871819484435,True,,端点最大距离且全时段按遮挡计损仍满足双向预算
T010,巡航,2694.3826159706523,2714.018739865559,直连,,592,PASS,worst_obstruction_endpoint_distance,2.131772647054248,3095.28131415617,True,,端点最大距离且全时段按遮挡计损仍满足双向预算
T010,巡航,2714.018739865559,2733.6548637604656,直连,,593,PASS,worst_obstruction_endpoint_distance,1.500420209250862,3328.6470518406963,True,,端点最大距离且全时段按遮挡计损仍满足双向预算
T010,巡航,2733.6548637604656,2753.290987655372,直连,,594,PASS,worst_obstruction_endpoint_distance,0.911137638147423,3562.3113645267736,True,,端点最大距离且全时段按遮挡计损仍满足双向预算
T010,巡航,2753.290987655372,2772.927111550279,直连,,595,PASS,worst_obstruction_endpoint_distance,0.35874972363353663,3796.2191190829435,True,,端点最大距离且全时段按遮挡计损仍满足双向预算
T010,巡航,2772.927111550279,2792.5632354451855,中继,R003,596,PASS,worst_obstruction_endpoint_distance,3.266702482514688,1361.299340639569,True,,端点最大距离且全时段按遮挡计损仍满足双向预算
T010,巡航,2792.5632354451855,2812.1993593400925,中继,R003,597,PASS,worst_obstruction_endpoint_distance,3.65634197875049,1301.5823757640605,True,,端点最大距离且全时段按遮挡计损仍满足双向预算
T010,巡航,2812.1993593400925,2831.835483234999,中继,R003,598,PASS,worst_obstruction_endpoint_distance,3.617802891321233,1307.3702970013408,True,,端点最大距离且全时段按遮挡计损仍满足双向预算
T010,巡航,2831.835483234999,2851.4716071299063,中继,R003,599,PASS,worst_obstruction_endpoint_distance,3.196495425185134,1372.3471572420888,True,,端点最大距离且全时段按遮挡计损仍满足双向预算
T010,巡航,2851.4716071299063,2871.107731024813,中继,R003,600,PASS,worst_obstruction_endpoint_distance,2.584175640430118,1472.5836569262096,True,,端点最大距离且全时段按遮挡计损仍满足双向预算
T010,巡航,2871.107731024813,2890.7438549197195,中继,R003,601,PASS,worst_obstruction_endpoint_distance,1.8553843634241076,1601.4727014364303,True,,端点最大距离且全时段按遮挡计损仍满足双向预算
T010,巡航,2890.7438549197195,2910.379978814626,中继,R003,602,PASS,worst_obstruction_endpoint_distance,1.071600826356132,1752.7045616393702,True,,端点最大距离且全时段按遮挡计损仍满足双向预算
T010,下降,2910.379978814626,2929.6557698302513,中继,R003,603,PASS,worst_obstruction_endpoint_distance,1.0686325652298336,1753.3036221923433,True,,端点最大距离且全时段按遮挡计损仍满足双向预算
T010,下降,2929.6557698302513,2948.931560845876,中继,R003,604,PASS,worst_obstruction_endpoint_distance,1.0591142360136558,1755.2260123087,True,,端点最大距离且全时段按遮挡计损仍满足双向预算
T010,下降,2948.931560845876,2968.207351861501,中继,R003,605,PASS,worst_obstruction_endpoint_distance,1.0430887776814899,1758.467391926386,True,,端点最大距离且全时段按遮挡计损仍满足双向预算
T010,下降,2968.207351861501,2987.483142877126,中继,R003,606,PASS,worst_obstruction_endpoint_distance,1.0206279905043374,1763.0204860246654,True,,端点最大距离且全时段按遮挡计损仍满足双向预算
T010,下降,2987.483142877126,3006.758933892751,中继,R003,607,PASS,worst_obstruction_endpoint_distance,0.9918314733706666,1768.8751655523586,True,,端点最大距离且全时段按遮挡计损仍满足双向预算
T010,投送,3006.758933892751,3026.758933892751,中继,R003,608,PASS,exact_point,0.9918314733706666,1768.8751655523586,,,独立计算 DEM 遮挡、自由空间损耗与双向预算
T010,投送,3026.758933892751,3046.758933892751,中继,R003,609,PASS,exact_point,0.9918314733706666,1768.8751655523586,,,独立计算 DEM 遮挡、自由空间损耗与双向预算
T010,投送,3046.758933892751,3066.758933892751,中继,R003,610,PASS,exact_point,0.9918314733706666,1768.8751655523586,,,独立计算 DEM 遮挡、自由空间损耗与双向预算
T010,投送,3066.758933892751,3086.758933892751,中继,R003,611,PASS,exact_point,0.9918314733706666,1768.8751655523586,,,独立计算 DEM 遮挡、自由空间损耗与双向预算
T010,投送,3086.758933892751,3106.758933892751,中继,R003,612,PASS,exact_point,0.9918314733706666,1768.8751655523586,,,独立计算 DEM 遮挡、自由空间损耗与双向预算
T010,投送,3106.758933892751,3126.758933892751,中继,R003,613,PASS,exact_point,0.9918314733706666,1768.8751655523586,,,独立计算 DEM 遮挡、自由空间损耗与双向预算
T010,投送,3126.758933892751,3146.758933892751,中继,R003,614,PASS,exact_point,0.9918314733706666,1768.8751655523586,,,独立计算 DEM 遮挡、自由空间损耗与双向预算
T010,投送,3146.758933892751,3166.758933892751,中继,R003,615,PASS,exact_point,0.9918314733706666,1768.8751655523586,,,独立计算 DEM 遮挡、自由空间损耗与双向预算
T010,投送,3166.758933892751,3186.758933892751,中继,R003,616,PASS,exact_point,0.9918314733706666,1768.8751655523586,,,独立计算 DEM 遮挡、自由空间损耗与双向预算
T010,爬升,3186.758933892751,3202.8220930724383,中继,R003,617,PASS,worst_obstruction_endpoint_distance,0.9918314733706666,1768.8751655523586,True,,端点最大距离且全时段按遮挡计损仍满足双向预算
T010,爬升,3202.8220930724383,3218.8852522521256,中继,R003,618,PASS,worst_obstruction_endpoint_distance,1.0206279905043374,1763.0204860246654,True,,端点最大距离且全时段按遮挡计损仍满足双向预算
T010,爬升,3218.8852522521256,3234.9484114318134,中继,R003,619,PASS,worst_obstruction_endpoint_distance,1.0430887776814899,1758.4673919263862,True,,端点最大距离且全时段按遮挡计损仍满足双向预算
T010,爬升,3234.9484114318134,3251.0115706115007,中继,R003,620,PASS,worst_obstruction_endpoint_distance,1.0591142360136558,1755.2260123087,True,,端点最大距离且全时段按遮挡计损仍满足双向预算
T010,爬升,3251.0115706115007,3267.0747297911885,中继,R003,621,PASS,worst_obstruction_endpoint_distance,1.0686325652298336,1753.3036221923433,True,,端点最大距离且全时段按遮挡计损仍满足双向预算
T010,巡航,3267.0747297911885,3286.710853686095,中继,R003,622,PASS,worst_obstruction_endpoint_distance,1.071600826356132,1752.7045616393702,True,,端点最大距离且全时段按遮挡计损仍满足双向预算
T010,巡航,3286.710853686095,3306.3469775810017,中继,R003,623,PASS,worst_obstruction_endpoint_distance,1.8553843634241076,1601.4727014364303,True,,端点最大距离且全时段按遮挡计损仍满足双向预算
T010,巡航,3306.3469775810017,3325.9831014759084,中继,R003,624,PASS,worst_obstruction_endpoint_distance,2.584175640430118,1472.5836569262096,True,,端点最大距离且全时段按遮挡计损仍满足双向预算
T010,巡航,3325.9831014759084,3345.619225370815,中继,R003,625,PASS,worst_obstruction_endpoint_distance,3.196495425185134,1372.3471572420888,True,,端点最大距离且全时段按遮挡计损仍满足双向预算
T010,巡航,3345.619225370815,3365.2553492657216,中继,R003,626,PASS,worst_obstruction_endpoint_distance,3.6178028913211904,1307.3702970013474,True,,端点最大距离且全时段按遮挡计损仍满足双向预算
T010,巡航,3365.2553492657216,3384.8914731606287,中继,R003,627,PASS,worst_obstruction_endpoint_distance,3.65634197875049,1301.5823757640605,True,,端点最大距离且全时段按遮挡计损仍满足双向预算
T010,巡航,3384.8914731606287,3404.5275970555354,中继,R003,628,PASS,worst_obstruction_endpoint_distance,3.266702482514688,1361.299340639569,True,,端点最大距离且全时段按遮挡计损仍满足双向预算
T010,巡航,3404.5275970555354,3424.1637209504424,直连,,629,PASS,worst_obstruction_endpoint_distance,0.35874972363353663,3796.2191190829435,True,,端点最大距离且全时段按遮挡计损仍满足双向预算
T010,巡航,3424.1637209504424,3443.799844845349,直连,,630,PASS,worst_obstruction_endpoint_distance,0.911137638147423,3562.3113645267736,True,,端点最大距离且全时段按遮挡计损仍满足双向预算
T010,巡航,3443.799844845349,3463.4359687402557,直连,,631,PASS,worst_obstruction_endpoint_distance,1.500420209250862,3328.6470518406963,True,,端点最大距离且全时段按遮挡计损仍满足双向预算
T010,巡航,3463.4359687402557,3483.0720926351623,直连,,632,PASS,worst_obstruction_endpoint_distance,2.131772647054248,3095.28131415617,True,,端点最大距离且全时段按遮挡计损仍满足双向预算
T010,巡航,3483.0720926351623,3502.708216530069,直连,,633,PASS,worst_obstruction_endpoint_distance,2.811511051936634,2862.2871819484435,True,,端点最大距离且全时段按遮挡计损仍满足双向预算
T010,巡航,3502.708216530069,3522.3443404249756,直连,,634,PASS,worst_obstruction_endpoint_distance,3.547441536545847,2629.763428575528,True,,端点最大距离且全时段按遮挡计损仍满足双向预算
T010,巡航,3522.3443404249756,3541.9804643198827,直连,,635,PASS,worst_obstruction_endpoint_distance,4.349346163073591,2397.8468985208874,True,,端点最大距离且全时段按遮挡计损仍满足双向预算
T010,巡航,3541.9804643198827,3561.6165882147893,直连,,636,PASS,worst_obstruction_endpoint_distance,5.229668880125246,2166.7325832609313,True,,端点最大距离且全时段按遮挡计损仍满足双向预算
T010,巡航,3561.6165882147893,3581.2527121096964,直连,,637,PASS,worst_obstruction_endpoint_distance,6.2044935916322,1936.7076976478331,True,,端点最大距离且全时段按遮挡计损仍满足双向预算
T010,巡航,3581.2527121096964,3600.888836004603,直连,,638,PASS,worst_obstruction_endpoint_distance,7.294937761347967,1708.2124004460284,True,,端点最大距离且全时段按遮挡计损仍满足双向预算
T010,巡航,3600.888836004603,3620.5249598995097,直连,,639,PASS,worst_obstruction_endpoint_distance,8.529078472989426,1481.954379895724,True,,端点最大距离且全时段按遮挡计损仍满足双向预算
T010,巡航,3620.5249598995097,3640.1610837944163,直连,,640,PASS,worst_obstruction_endpoint_distance,9.944292824291068,1259.1402794336339,True,,端点最大距离且全时段按遮挡计损仍满足双向预算
T010,巡航,3640.1610837944163,3659.797207689323,直连,,641,PASS,worst_obstruction_endpoint_distance,11.588572854716219,1041.9817573440184,True,,端点最大距离且全时段按遮挡计损仍满足双向预算
T010,巡航,3659.797207689323,3679.4333315842296,直连,,642,PASS,worst_obstruction_endpoint_distance,13.5130486115427,834.9035885230084,True,,端点最大距离且全时段按遮挡计损仍满足双向预算
T010,巡航,3679.4333315842296,3699.0694554791366,直连,,643,PASS,worst_obstruction_endpoint_distance,15.71899076183928,647.6482855415965,True,,端点最大距离且全时段按遮挡计损仍满足双向预算
T010,巡航,3699.0694554791366,3718.7055793740433,直连,,644,PASS,worst_obstruction_endpoint_distance,17.916649545737883,502.87064096726107,True,,端点最大距离且全时段按遮挡计损仍满足双向预算
T010,下降,3718.7055793740433,3737.275474881856,直连,,645,PASS,worst_obstruction_endpoint_distance,18.993277511644692,444.24738769531206,True,,端点最大距离且全时段按遮挡计损仍满足双向预算
T010,下降,3737.275474881856,3755.8453703896685,直连,,646,PASS,worst_obstruction_endpoint_distance,19.9519850689598,397.82264892578,True,,端点最大距离且全时段按遮挡计损仍满足双向预算
T010,下降,3755.8453703896685,3774.415265897481,直连,,647,PASS,worst_obstruction_endpoint_distance,21.029791679401256,351.3979101562492,True,,端点最大距离且全时段按遮挡计损仍满足双向预算
T010,下降,3774.415265897481,3792.985161405293,直连,,648,PASS,worst_obstruction_endpoint_distance,22.26054244645084,304.9731713867183,True,,端点最大距离且全时段按遮挡计损仍满足双向预算
T010,下降,3792.985161405293,3811.555056913106,直连,,649,PASS,worst_obstruction_endpoint_distance,23.694936979399557,258.5484326171874,True,,端点最大距离且全时段按遮挡计损仍满足双向预算
T010,下降,3811.555056913106,3830.1249524209184,直连,,650,PASS,worst_obstruction_endpoint_distance,25.413991542482677,212.1236938476555,True,,端点最大距离且全时段按遮挡计损仍满足双向预算
T010,下降,3830.1249524209184,3848.694847928731,直连,,651,PASS,worst_obstruction_endpoint_distance,27.55937977170045,165.69895507812458,True,,端点最大距离且全时段按遮挡计损仍满足双向预算
T010,下降,3848.694847928731,3867.2647434365435,直连,,652,PASS,worst_obstruction_endpoint_distance,30.414843731611313,119.2742163085926,True,,端点最大距离且全时段按遮挡计损仍满足双向预算
T010,下降,3867.2647434365435,3885.834638944356,直连,,653,PASS,worst_obstruction_endpoint_distance,34.697246336774995,72.8494775390617,True,,端点最大距离且全时段按遮挡计损仍满足双向预算
T010,下降,3885.834638944356,3904.4045344521683,直连,,654,PASS,worst_obstruction_endpoint_distance,43.5055611129805,26.424738769530904,True,,端点最大距离且全时段按遮挡计损仍满足双向预算
T011,爬升,2355.0,2373.098788248698,直连,,655,PASS,worst_obstruction_endpoint_distance,41.240813379711284,34.296364746093815,True,,端点最大距离且全时段按遮挡计损仍满足双向预算
T011,爬升,2373.098788248698,2391.197576497396,直连,,656,PASS,worst_obstruction_endpoint_distance,32.99781352057414,88.59272949218763,True,,端点最大距离且全时段按遮挡计损仍满足双向预算
T011,爬升,2391.197576497396,2409.296364746094,直连,,657,PASS,worst_obstruction_endpoint_distance,28.845793500078102,142.88909423828142,True,,端点最大距离且全时段按遮挡计损仍满足双向预算
T011,爬升,2409.296364746094,2427.3951529947917,直连,,658,PASS,worst_obstruction_endpoint_distance,26.04827745221246,197.1854589843752,True,,端点最大距离且全时段按遮挡计损仍满足双向预算
T011,爬升,2427.3951529947917,2445.4939412434896,直连,,659,PASS,worst_obstruction_endpoint_distance,23.935643142447674,251.481823730469,True,,端点最大距离且全时段按遮挡计损仍满足双向预算
T011,巡航,2445.4939412434896,2464.736905692543,直连,,660,PASS,worst_obstruction_endpoint_distance,21.280089398434257,341.4163289887746,True,,端点最大距离且全时段按遮挡计损仍满足双向预算
T011,巡航,2464.736905692543,2483.9798701415966,直连,,661,PASS,worst_obstruction_endpoint_distance,17.528335105557886,525.8622593422102,True,,端点最大距离且全时段按遮挡计损仍满足双向预算
T011,巡航,2483.9798701415966,2503.22283459065,直连,,662,PASS,worst_obstruction_endpoint_distance,14.596648283036245,736.98108928749,True,,端点最大距离且全时段按遮挡计损仍满足双向预算
T011,巡航,2503.22283459065,2522.4657990397036,直连,,663,PASS,worst_obstruction_endpoint_distance,12.324947391904615,957.2852971823368,True,,端点最大距离且全时段按遮挡计损仍满足双向预算
T011,巡航,2522.4657990397036,2541.7087634887575,直连,,664,PASS,worst_obstruction_endpoint_distance,10.49600906489232,1181.6484919391153,True,,端点最大距离且全时段按遮挡计损仍满足双向预算
T011,巡航,2541.7087634887575,2560.9517279378106,直连,,665,PASS,worst_obstruction_endpoint_distance,8.972909007143471,1408.131805218969,True,,端点最大距离且全时段按遮挡计损仍满足双向预算
T011,巡航,2560.9517279378106,2580.1946923868645,直连,,666,PASS,worst_obstruction_endpoint_distance,7.670879657102262,1635.8548857719554,True,,端点最大距离且全时段按遮挡计损仍满足双向预算
T011,巡航,2580.1946923868645,2599.437656835918,直连,,667,PASS,worst_obstruction_endpoint_distance,6.535163356767683,1864.363494011997,True,,端点最大距离且全时段按遮挡计损仍满足双向预算
T011,巡航,2599.437656835918,2618.6806212849715,直连,,668,PASS,worst_obstruction_endpoint_distance,5.5287290721480105,2093.4004089930254,True,,端点最大距离且全时段按遮挡计损仍满足双向预算
T011,巡航,2618.6806212849715,2637.923585734025,直连,,669,PASS,worst_obstruction_endpoint_distance,4.625503827358557,2322.809357439291,True,,端点最大距离且全时段按遮挡计损仍满足双向预算
T011,巡航,2637.923585734025,2657.1665501830785,直连,,670,PASS,worst_obstruction_endpoint_distance,3.8064940772127898,2552.4900300899626,True,,端点最大距离且全时段按遮挡计损仍满足双向预算
T011,巡航,2657.1665501830785,2676.409514632132,直连,,671,PASS,worst_obstruction_endpoint_distance,3.05746148982098,2782.375136547519,True,,端点最大距离且全时段按遮挡计损仍满足双向预算
T011,巡航,2676.409514632132,2695.6524790811854,直连,,672,PASS,worst_obstruction_endpoint_distance,2.3674708480467643,3012.4178746170383,True,,端点最大距离且全时段按遮挡计损仍满足双向预算
T011,巡航,2695.6524790811854,2714.8954435302394,直连,,673,PASS,worst_obstruction_endpoint_distance,1.7279485949484865,3242.5846953030627,True,,端点最大距离且全时段按遮挡计损仍满足双向预算
T011,巡航,2714.8954435302394,2734.1384079792924,直连,,674,PASS,worst_obstruction_endpoint_distance,1.1320523341021271,3472.850927578586,True,,端点最大距离且全时段按遮挡计损仍满足双向预算
T011,巡航,2734.1384079792924,2753.3813724283464,直连,,675,PASS,worst_obstruction_endpoint_distance,0.5742364376337576,3703.1980271406564,True,,端点最大距离且全时段按遮挡计损仍满足双向预算
T011,巡航,2753.3813724283464,2772.6243368773994,直连,,676,PASS,worst_obstruction_endpoint_distance,0.04994523170643106,3933.61178757134,True,,端点最大距离且全时段按遮挡计损仍满足双向预算
T011,巡航,2772.6243368773994,2791.8673013264533,中继,R003,677,PASS,worst_obstruction_endpoint_distance,2.9875252820413323,1405.7642487413252,True,,端点最大距离且全时段按遮挡计损仍满足双向预算
T011,巡航,2791.8673013264533,2811.110265775507,中继,R003,678,PASS,worst_obstruction_endpoint_distance,3.075496452645453,1391.5984477866273,True,,端点最大距离且全时段按遮挡计损仍满足双向预算
T011,巡航,2811.110265775507,2830.3532302245603,中继,R003,679,PASS,worst_obstruction_endpoint_distance,2.7720400370589147,1441.0755720656903,True,,端点最大距离且全时段按遮挡计损仍满足双向预算
T011,巡航,2830.3532302245603,2849.596194673614,中继,R003,680,PASS,worst_obstruction_endpoint_distance,2.284357046148841,1524.301601715459,True,,端点最大距离且全时段按遮挡计损仍满足双向预算
T011,下降,2849.596194673614,2868.5889241658015,中继,R003,681,PASS,worst_obstruction_endpoint_distance,2.246501178587579,1530.9594906028888,True,,端点最大距离且全时段按遮挡计损仍满足双向预算
T011,投送,2868.5889241658015,2887.6798332567105,中继,R003,682,PASS,exact_point,12.246501178587579,1530.9594906028888,,,独立计算 DEM 遮挡、自由空间损耗与双向预算
T011,投送,2887.6798332567105,2906.7707423476195,中继,R003,683,PASS,exact_point,12.246501178587579,1530.9594906028888,,,独立计算 DEM 遮挡、自由空间损耗与双向预算
T011,投送,2906.7707423476195,2925.8616514385285,中继,R003,684,PASS,exact_point,12.246501178587579,1530.9594906028888,,,独立计算 DEM 遮挡、自由空间损耗与双向预算
T011,投送,2925.8616514385285,2944.9525605294375,中继,R003,685,PASS,exact_point,12.246501178587579,1530.9594906028888,,,独立计算 DEM 遮挡、自由空间损耗与双向预算
T011,投送,2944.9525605294375,2964.043469620347,中继,R003,686,PASS,exact_point,12.246501178587579,1530.9594906028888,,,独立计算 DEM 遮挡、自由空间损耗与双向预算
T011,投送,2964.043469620347,2983.134378711256,中继,R003,687,PASS,exact_point,12.246501178587579,1530.9594906028888,,,独立计算 DEM 遮挡、自由空间损耗与双向预算
T011,投送,2983.134378711256,3002.225287802165,中继,R003,688,PASS,exact_point,12.246501178587579,1530.9594906028888,,,独立计算 DEM 遮挡、自由空间损耗与双向预算
T011,投送,3002.225287802165,3021.3161968930744,中继,R003,689,PASS,exact_point,12.246501178587579,1530.9594906028888,,,独立计算 DEM 遮挡、自由空间损耗与双向预算
T011,投送,3021.3161968930744,3040.4071059839835,中继,R003,690,PASS,exact_point,12.246501178587579,1530.9594906028888,,,独立计算 DEM 遮挡、自由空间损耗与双向预算
T011,投送,3040.4071059839835,3059.4980150748925,中继,R003,691,PASS,exact_point,12.246501178587579,1530.9594906028888,,,独立计算 DEM 遮挡、自由空间损耗与双向预算
T011,投送,3059.4980150748925,3078.5889241658015,中继,R003,692,PASS,exact_point,12.246501178587579,1530.9594906028888,,,独立计算 DEM 遮挡、自由空间损耗与双向预算
T011,爬升,3078.5889241658015,3094.416198742624,中继,R003,693,PASS,worst_obstruction_endpoint_distance,2.246501178587579,1530.9594906028888,True,,端点最大距离且全时段按遮挡计损仍满足双向预算
T011,巡航,3094.416198742624,3113.659163191678,中继,R003,694,PASS,worst_obstruction_endpoint_distance,2.284357046148841,1524.301601715459,True,,端点最大距离且全时段按遮挡计损仍满足双向预算
T011,巡航,3113.659163191678,3132.902127640731,中继,R003,695,PASS,worst_obstruction_endpoint_distance,2.7720400370589147,1441.0755720656903,True,,端点最大距离且全时段按遮挡计损仍满足双向预算
T011,巡航,3132.902127640731,3152.145092089785,中继,R003,696,PASS,worst_obstruction_endpoint_distance,3.075496452645453,1391.5984477866273,True,,端点最大距离且全时段按遮挡计损仍满足双向预算
T011,巡航,3152.145092089785,3171.3880565388386,中继,R003,697,PASS,worst_obstruction_endpoint_distance,2.9875252820413323,1405.7642487413252,True,,端点最大距离且全时段按遮挡计损仍满足双向预算
T011,巡航,3171.3880565388386,3190.631020987892,直连,,698,PASS,worst_obstruction_endpoint_distance,0.04994523170643106,3933.61178757134,True,,端点最大距离且全时段按遮挡计损仍满足双向预算
T011,巡航,3190.631020987892,3209.8739854369455,直连,,699,PASS,worst_obstruction_endpoint_distance,0.5742364376337576,3703.1980271406564,True,,端点最大距离且全时段按遮挡计损仍满足双向预算
T011,巡航,3209.8739854369455,3229.116949885999,直连,,700,PASS,worst_obstruction_endpoint_distance,1.1320523341021271,3472.850927578586,True,,端点最大距离且全时段按遮挡计损仍满足双向预算
T011,巡航,3229.116949885999,3248.3599143350525,直连,,701,PASS,worst_obstruction_endpoint_distance,1.7279485949484865,3242.5846953030627,True,,端点最大距离且全时段按遮挡计损仍满足双向预算
T011,巡航,3248.3599143350525,3267.602878784106,直连,,702,PASS,worst_obstruction_endpoint_distance,2.3674708480466222,3012.4178746170883,True,,端点最大距离且全时段按遮挡计损仍满足双向预算
T011,巡航,3267.602878784106,3286.84584323316,直连,,703,PASS,worst_obstruction_endpoint_distance,3.05746148982098,2782.375136547519,True,,端点最大距离且全时段按遮挡计损仍满足双向预算
T011,巡航,3286.84584323316,3306.088807682213,直连,,704,PASS,worst_obstruction_endpoint_distance,3.8064940772127898,2552.4900300899626,True,,端点最大距离且全时段按遮挡计损仍满足双向预算
T011,巡航,3306.088807682213,3325.331772131267,直连,,705,PASS,worst_obstruction_endpoint_distance,4.625503827358557,2322.809357439291,True,,端点最大距离且全时段按遮挡计损仍满足双向预算
T011,巡航,3325.331772131267,3344.5747365803204,直连,,706,PASS,worst_obstruction_endpoint_distance,5.5287290721480105,2093.4004089930254,True,,端点最大距离且全时段按遮挡计损仍满足双向预算
T011,巡航,3344.5747365803204,3363.817701029374,直连,,707,PASS,worst_obstruction_endpoint_distance,6.535163356767683,1864.363494011997,True,,端点最大距离且全时段按遮挡计损仍满足双向预算
T011,巡航,3363.817701029374,3383.0606654784274,直连,,708,PASS,worst_obstruction_endpoint_distance,7.670879657102262,1635.8548857719554,True,,端点最大距离且全时段按遮挡计损仍满足双向预算
T011,巡航,3383.0606654784274,3402.303629927481,直连,,709,PASS,worst_obstruction_endpoint_distance,8.972909007143471,1408.131805218969,True,,端点最大距离且全时段按遮挡计损仍满足双向预算
T011,巡航,3402.303629927481,3421.5465943765344,直连,,710,PASS,worst_obstruction_endpoint_distance,10.49600906489232,1181.6484919391153,True,,端点最大距离且全时段按遮挡计损仍满足双向预算
T011,巡航,3421.5465943765344,3440.789558825588,直连,,711,PASS,worst_obstruction_endpoint_distance,12.324947391904615,957.2852971823368,True,,端点最大距离且全时段按遮挡计损仍满足双向预算
T011,巡航,3440.789558825588,3460.0325232746413,直连,,712,PASS,worst_obstruction_endpoint_distance,14.596648283036245,736.98108928749,True,,端点最大距离且全时段按遮挡计损仍满足双向预算
T011,巡航,3460.0325232746413,3479.275487723695,直连,,713,PASS,worst_obstruction_endpoint_distance,17.528335105557886,525.8622593422102,True,,端点最大距离且全时段按遮挡计损仍满足双向预算
T011,巡航,3479.275487723695,3498.5184521727488,直连,,714,PASS,worst_obstruction_endpoint_distance,21.280089398434257,341.4163289887746,True,,端点最大距离且全时段按遮挡计损仍满足双向预算
T011,下降,3498.5184521727488,3516.6172404214467,直连,,715,PASS,worst_obstruction_endpoint_distance,23.935643142447674,251.481823730469,True,,端点最大距离且全时段按遮挡计损仍满足双向预算
T011,下降,3516.6172404214467,3534.7160286701446,直连,,716,PASS,worst_obstruction_endpoint_distance,25.658533931909105,206.23485310872417,True,,端点最大距离且全时段按遮挡计损仍满足双向预算
T011,下降,3534.7160286701446,3552.8148169188426,直连,,717,PASS,worst_obstruction_endpoint_distance,27.809911405017885,160.98788248697934,True,,端点最大距离且全时段按遮挡计损仍满足双向预算
T011,下降,3552.8148169188426,3570.9136051675405,直连,,718,PASS,worst_obstruction_endpoint_distance,30.67603717313169,115.74091186523452,True,,端点最大距离且全时段按遮挡计损仍满足双向预算
T011,下降,3570.9136051675405,3589.0123934162384,直连,,719,PASS,worst_obstruction_endpoint_distance,34.98273932171074,70.49394124348967,True,,端点最大距离且全时段按遮挡计损仍满足双向预算
T011,下降,3589.0123934162384,3607.1111816649363,直连,,720,PASS,worst_obstruction_endpoint_distance,43.90158967207108,25.246970621744822,True,,端点最大距离且全时段按遮挡计损仍满足双向预算
T012,爬升,2390.0,2407.596373465402,直连,,721,PASS,worst_obstruction_endpoint_distance,44.34483216804708,23.990933663504933,True,,端点最大距离且全时段按遮挡计损仍满足双向预算
T012,爬升,2407.596373465402,2425.1927469308034,直连,,722,PASS,worst_obstruction_endpoint_distance,35.29791337339611,67.98186732700873,True,,端点最大距离且全时段按遮挡计损仍满足双向预算
T012,爬升,2425.1927469308034,2442.7891203962054,直连,,723,PASS,worst_obstruction_endpoint_distance,30.96352432205596,111.97280099051363,True,,端点最大距离且全时段按遮挡计损仍满足双向预算
T012,爬升,2442.7891203962054,2460.3854938616073,直连,,724,PASS,worst_obstruction_endpoint_distance,28.08530264362888,155.96373465401854,True,,端点最大距离且全时段按遮挡计损仍满足双向预算
T012,爬升,2460.3854938616073,2477.981867327009,直连,,725,PASS,worst_obstruction_endpoint_distance,25.92714420559213,199.95466831752236,True,,端点最大距离且全时段按遮挡计损仍满足双向预算
T012,爬升,2477.981867327009,2495.5782407924107,直连,,726,PASS,worst_obstruction_endpoint_distance,24.199915310578675,243.9456019810272,True,,端点最大距离且全时段按遮挡计损仍满足双向预算
T012,爬升,2495.5782407924107,2513.174614257812,直连,,727,PASS,worst_obstruction_endpoint_distance,22.759839664518097,287.93653564453103,True,,端点最大距离且全时段按遮挡计损仍满足双向预算
T012,巡航,2513.174614257812,2533.109926242226,直连,,728,PASS,worst_obstruction_endpoint_distance,19.58226210365403,415.12190732371414,True,,端点最大距离且全时段按遮挡计损仍满足双向预算
T012,巡航,2533.109926242226,2553.0452382266385,直连,,729,PASS,worst_obstruction_endpoint_distance,15.505503268057225,663.7638481291795,True,,端点最大距离且全时段按遮挡计损仍满足双向预算
T012,巡航,2553.0452382266385,2572.980550211052,直连,,730,PASS,worst_obstruction_endpoint_distance,12.463229440911974,942.1656929588921,True,,端点最大距离且全时段按遮挡计损仍满足双向预算
T012,巡航,2572.980550211052,2592.915862195465,直连,,731,PASS,worst_obstruction_endpoint_distance,10.145642631643526,1230.287543079246,True,,端点最大距离且全时段按遮挡计损仍满足双向预算
T012,巡航,2592.915862195465,2612.8511741798784,直连,,732,PASS,worst_obstruction_endpoint_distance,8.293936099781448,1522.621483851366,True,,端点最大距离且全时段按遮挡计损仍满足双向预算
T012,巡航,2612.8511741798784,2632.7864861642915,直连,,733,PASS,worst_obstruction_endpoint_distance,6.758027590343033,1817.1357754107732,True,,端点最大距离且全时段按遮挡计损仍满足双向预算
T012,巡航,2632.7864861642915,2652.7217981487047,直连,,734,PASS,worst_obstruction_endpoint_distance,5.448118714902037,2112.9188740298164,True,,端点最大距离且全时段按遮挡计损仍满足双向预算
T012,巡航,2652.7217981487047,2672.657110133118,直连,,735,PASS,worst_obstruction_endpoint_distance,4.307223717296679,2409.5035606837673,True,,端点最大距离且全时段按遮挡计损仍满足双向预算
T012,巡航,2672.657110133118,2692.592422117531,直连,,736,PASS,worst_obstruction_endpoint_distance,3.2972090851020823,2706.626340747146,True,,端点最大距离且全时段按遮挡计损仍满足双向预算
T012,巡航,2692.592422117531,2712.527734101944,直连,,737,PASS,worst_obstruction_endpoint_distance,2.3914077795581505,3004.1275583214433,True,,端点最大距离且全时段按遮挡计损仍满足双向预算
T012,巡航,2712.527734101944,2732.4630460863573,直连,,738,PASS,worst_obstruction_endpoint_distance,1.5704838890166855,3301.9049234751205,True,,端点最大距离且全时段按遮挡计损仍满足双向预算
T012,巡航,2732.4630460863573,2752.3983580707704,直连,,739,PASS,worst_obstruction_endpoint_distance,0.8199907753844542,3599.8899093492196,True,,端点最大距离且全时段按遮挡计损仍满足双向预算
T012,巡航,2752.3983580707704,2772.3336700551836,直连,,740,PASS,worst_obstruction_endpoint_distance,0.1288606994990289,3898.0349015831453,True,,端点最大距离且全时段按遮挡计损仍满足双向预算
T012,巡航,2772.3336700551836,2792.2689820395967,中继,R003,741,PASS,worst_obstruction_endpoint_distance,10.948992185168862,562.133087686103,True,,端点最大距离且全时段按遮挡计损仍满足双向预算
T012,巡航,2792.2689820395967,2812.20429402401,中继,R003,742,PASS,worst_obstruction_endpoint_distance,16.38604170257858,300.598405903194,True,,端点最大距离且全时段按遮挡计损仍满足双向预算
T012,巡航,2812.20429402401,2832.139606008423,中继,R003,743,PASS,worst_obstruction_endpoint_distance,13.500443868742849,419.0506945919927,True,,端点最大距离且全时段按遮挡计损仍满足双向预算
T012,下降,2832.139606008423,2846.1456952825115,中继,R003,744,PASS,worst_obstruction_endpoint_distance,13.27367326566123,430.13530956377593,True,,端点最大距离且全时段按遮挡计损仍满足双向预算
T012,下降,2846.1456952825115,2860.1517845566,中继,R003,745,PASS,worst_obstruction_endpoint_distance,13.023244393741194,442.7173463091875,True,,端点最大距离且全时段按遮挡计损仍满足双向预算
T012,下降,2860.1517845566,2874.157873830689,中继,R003,746,PASS,worst_obstruction_endpoint_distance,12.753667451270502,456.6730528579534,True,,端点最大距离且全时段按遮挡计损仍满足双向预算
T012,投送,2874.157873830689,2893.542489215304,中继,R003,747,PASS,exact_point,22.753667451270502,456.6730528579534,,,独立计算 DEM 遮挡、自由空间损耗与双向预算
T012,投送,2893.542489215304,2912.9271045999194,中继,R003,748,PASS,exact_point,22.753667451270502,456.6730528579534,,,独立计算 DEM 遮挡、自由空间损耗与双向预算
T012,投送,2912.9271045999194,2932.3117199845346,中继,R003,749,PASS,exact_point,22.753667451270502,456.6730528579534,,,独立计算 DEM 遮挡、自由空间损耗与双向预算
T012,投送,2932.3117199845346,2951.6963353691503,中继,R003,750,PASS,exact_point,22.753667451270502,456.6730528579534,,,独立计算 DEM 遮挡、自由空间损耗与双向预算
T012,投送,2951.6963353691503,2971.0809507537656,中继,R003,751,PASS,exact_point,22.753667451270502,456.6730528579534,,,独立计算 DEM 遮挡、自由空间损耗与双向预算
T012,投送,2971.0809507537656,2990.465566138381,中继,R003,752,PASS,exact_point,22.753667451270502,456.6730528579534,,,独立计算 DEM 遮挡、自由空间损耗与双向预算
T012,投送,2990.465566138381,3009.8501815229965,中继,R003,753,PASS,exact_point,22.753667451270502,456.6730528579534,,,独立计算 DEM 遮挡、自由空间损耗与双向预算
T012,投送,3009.8501815229965,3029.234796907612,中继,R003,754,PASS,exact_point,22.753667451270502,456.6730528579534,,,独立计算 DEM 遮挡、自由空间损耗与双向预算
T012,投送,3029.234796907612,3048.619412292227,中继,R003,755,PASS,exact_point,22.753667451270502,456.6730528579534,,,独立计算 DEM 遮挡、自由空间损耗与双向预算
T012,投送,3048.619412292227,3068.0040276768423,中继,R003,756,PASS,exact_point,22.753667451270502,456.6730528579534,,,独立计算 DEM 遮挡、自由空间损耗与双向预算
T012,投送,3068.0040276768423,3087.388643061458,中继,R003,757,PASS,exact_point,22.753667451270502,456.6730528579534,,,独立计算 DEM 遮挡、自由空间损耗与双向预算
T012,投送,3087.388643061458,3106.773258446073,中继,R003,758,PASS,exact_point,22.753667451270502,456.6730528579534,,,独立计算 DEM 遮挡、自由空间损耗与双向预算
T012,投送,3106.773258446073,3126.157873830689,中继,R003,759,PASS,exact_point,22.753667451270502,456.6730528579534,,,独立计算 DEM 遮挡、自由空间损耗与双向预算
T012,爬升,3126.157873830689,3142.965180959595,中继,R003,760,PASS,worst_obstruction_endpoint_distance,12.753667451270502,456.6730528579534,True,,端点最大距离且全时段按遮挡计损仍满足双向预算
T012,爬升,3142.965180959595,3159.772488088501,中继,R003,761,PASS,worst_obstruction_endpoint_distance,13.151128354991485,436.24688662675163,True,,端点最大距离且全时段按遮挡计损仍满足双向预算
T012,巡航,3159.772488088501,3179.7078000729143,中继,R003,762,PASS,worst_obstruction_endpoint_distance,13.500443868742849,419.0506945919927,True,,端点最大距离且全时段按遮挡计损仍满足双向预算
T012,巡航,3179.7078000729143,3199.6431120573275,中继,R003,763,PASS,worst_obstruction_endpoint_distance,16.38604170257858,300.598405903194,True,,端点最大距离且全时段按遮挡计损仍满足双向预算
T012,巡航,3199.6431120573275,3219.5784240417406,中继,R003,764,PASS,worst_obstruction_endpoint_distance,10.948992185168862,562.133087686103,True,,端点最大距离且全时段按遮挡计损仍满足双向预算
T012,巡航,3219.5784240417406,3239.5137360261538,直连,,765,PASS,worst_obstruction_endpoint_distance,0.1288606994990289,3898.0349015831453,True,,端点最大距离且全时段按遮挡计损仍满足双向预算
T012,巡航,3239.5137360261538,3259.449048010567,直连,,766,PASS,worst_obstruction_endpoint_distance,0.8199907753844542,3599.8899093492196,True,,端点最大距离且全时段按遮挡计损仍满足双向预算
T012,巡航,3259.449048010567,3279.38435999498,直连,,767,PASS,worst_obstruction_endpoint_distance,1.5704838890166855,3301.9049234751205,True,,端点最大距离且全时段按遮挡计损仍满足双向预算
T012,巡航,3279.38435999498,3299.319671979393,直连,,768,PASS,worst_obstruction_endpoint_distance,2.3914077795581505,3004.1275583214433,True,,端点最大距离且全时段按遮挡计损仍满足双向预算
T012,巡航,3299.319671979393,3319.2549839638064,直连,,769,PASS,worst_obstruction_endpoint_distance,3.2972090851020823,2706.626340747146,True,,端点最大距离且全时段按遮挡计损仍满足双向预算
T012,巡航,3319.2549839638064,3339.1902959482195,直连,,770,PASS,worst_obstruction_endpoint_distance,4.307223717296679,2409.5035606837673,True,,端点最大距离且全时段按遮挡计损仍满足双向预算
T012,巡航,3339.1902959482195,3359.125607932633,直连,,771,PASS,worst_obstruction_endpoint_distance,5.448118714902037,2112.9188740298164,True,,端点最大距离且全时段按遮挡计损仍满足双向预算
T012,巡航,3359.125607932633,3379.060919917046,直连,,772,PASS,worst_obstruction_endpoint_distance,6.758027590343033,1817.1357754107732,True,,端点最大距离且全时段按遮挡计损仍满足双向预算
T012,巡航,3379.060919917046,3398.9962319014594,直连,,773,PASS,worst_obstruction_endpoint_distance,8.293936099781448,1522.621483851366,True,,端点最大距离且全时段按遮挡计损仍满足双向预算
T012,巡航,3398.9962319014594,3418.931543885872,直连,,774,PASS,worst_obstruction_endpoint_distance,10.145642631643526,1230.287543079246,True,,端点最大距离且全时段按遮挡计损仍满足双向预算
T012,巡航,3418.931543885872,3438.8668558702857,直连,,775,PASS,worst_obstruction_endpoint_distance,12.463229440911974,942.1656929588921,True,,端点最大距离且全时段按遮挡计损仍满足双向预算
T012,巡航,3438.8668558702857,3458.8021678546984,直连,,776,PASS,worst_obstruction_endpoint_distance,15.505503268057225,663.7638481291795,True,,端点最大距离且全时段按遮挡计损仍满足双向预算
T012,巡航,3458.8021678546984,3478.737479839112,直连,,777,PASS,worst_obstruction_endpoint_distance,19.58226210365403,415.12190732371414,True,,端点最大距离且全时段按遮挡计损仍满足双向预算
T012,下降,3478.737479839112,3497.983513316895,直连,,778,PASS,worst_obstruction_endpoint_distance,22.759839664518097,287.93653564453103,True,,端点最大距离且全时段按遮挡计损仍满足双向预算
T012,下降,3497.983513316895,3517.229546794678,直连,,779,PASS,worst_obstruction_endpoint_distance,24.00629760355062,249.44446868896512,True,,端点最大距离且全时段按遮挡计损仍满足双向预算
T012,下降,3517.229546794678,3536.4755802724612,直连,,780,PASS,worst_obstruction_endpoint_distance,25.462085680333843,210.9524017333992,True,,端点最大距离且全时段按遮挡计损仍满足双向预算
T012,下降,3536.4755802724612,3555.7216137502446,直连,,781,PASS,worst_obstruction_endpoint_distance,27.21199066951951,172.46033477783237,True,,端点最大距离且全时段按遮挡计损仍满足双向预算
T012,下降,3555.7216137502446,3574.967647228028,直连,,782,PASS,worst_obstruction_endpoint_distance,29.405736324095642,133.96826782226555,True,,端点最大距离且全时段按遮挡计损仍满足双向预算
T012,下降,3574.967647228028,3594.213680705811,直连,,783,PASS,worst_obstruction_endpoint_distance,32.347872576052,95.47620086669869,True,,端点最大距离且全时段按遮挡计损仍满足双向预算
T012,下降,3594.213680705811,3613.459714183594,直连,,784,PASS,worst_obstruction_endpoint_distance,36.83069612741413,56.984133911132744,True,,端点最大距离且全时段按遮挡计损仍满足双向预算
T012,下降,3613.459714183594,3632.7057476613772,直连,,785,PASS,worst_obstruction_endpoint_distance,45.92517525248826,20.0,True,,端点最大距离且全时段按遮挡计损仍满足双向预算
T013,爬升,2390.0,2407.596373465402,直连,,786,PASS,worst_obstruction_endpoint_distance,44.34483216804708,23.990933663504933,True,,端点最大距离且全时段按遮挡计损仍满足双向预算
T013,爬升,2407.596373465402,2425.1927469308034,直连,,787,PASS,worst_obstruction_endpoint_distance,35.29791337339611,67.98186732700873,True,,端点最大距离且全时段按遮挡计损仍满足双向预算
T013,爬升,2425.1927469308034,2442.7891203962054,直连,,788,PASS,worst_obstruction_endpoint_distance,30.96352432205596,111.97280099051363,True,,端点最大距离且全时段按遮挡计损仍满足双向预算
T013,爬升,2442.7891203962054,2460.3854938616073,直连,,789,PASS,worst_obstruction_endpoint_distance,28.08530264362888,155.96373465401854,True,,端点最大距离且全时段按遮挡计损仍满足双向预算
T013,爬升,2460.3854938616073,2477.981867327009,直连,,790,PASS,worst_obstruction_endpoint_distance,25.92714420559213,199.95466831752236,True,,端点最大距离且全时段按遮挡计损仍满足双向预算
T013,爬升,2477.981867327009,2495.5782407924107,直连,,791,PASS,worst_obstruction_endpoint_distance,24.199915310578675,243.9456019810272,True,,端点最大距离且全时段按遮挡计损仍满足双向预算
T013,爬升,2495.5782407924107,2513.174614257812,直连,,792,PASS,worst_obstruction_endpoint_distance,22.759839664518097,287.93653564453103,True,,端点最大距离且全时段按遮挡计损仍满足双向预算
T013,巡航,2513.174614257812,2533.109926242226,直连,,793,PASS,worst_obstruction_endpoint_distance,19.58226210365403,415.12190732371414,True,,端点最大距离且全时段按遮挡计损仍满足双向预算
T013,巡航,2533.109926242226,2553.0452382266385,直连,,794,PASS,worst_obstruction_endpoint_distance,15.505503268057225,663.7638481291795,True,,端点最大距离且全时段按遮挡计损仍满足双向预算
T013,巡航,2553.0452382266385,2572.980550211052,直连,,795,PASS,worst_obstruction_endpoint_distance,12.463229440911974,942.1656929588921,True,,端点最大距离且全时段按遮挡计损仍满足双向预算
T013,巡航,2572.980550211052,2592.915862195465,直连,,796,PASS,worst_obstruction_endpoint_distance,10.145642631643526,1230.287543079246,True,,端点最大距离且全时段按遮挡计损仍满足双向预算
T013,巡航,2592.915862195465,2612.8511741798784,直连,,797,PASS,worst_obstruction_endpoint_distance,8.293936099781448,1522.621483851366,True,,端点最大距离且全时段按遮挡计损仍满足双向预算
T013,巡航,2612.8511741798784,2632.7864861642915,直连,,798,PASS,worst_obstruction_endpoint_distance,6.758027590343033,1817.1357754107732,True,,端点最大距离且全时段按遮挡计损仍满足双向预算
T013,巡航,2632.7864861642915,2652.7217981487047,直连,,799,PASS,worst_obstruction_endpoint_distance,5.448118714902037,2112.9188740298164,True,,端点最大距离且全时段按遮挡计损仍满足双向预算
T013,巡航,2652.7217981487047,2672.657110133118,直连,,800,PASS,worst_obstruction_endpoint_distance,4.307223717296679,2409.5035606837673,True,,端点最大距离且全时段按遮挡计损仍满足双向预算
T013,巡航,2672.657110133118,2692.592422117531,直连,,801,PASS,worst_obstruction_endpoint_distance,3.2972090851020823,2706.626340747146,True,,端点最大距离且全时段按遮挡计损仍满足双向预算
T013,巡航,2692.592422117531,2712.527734101944,直连,,802,PASS,worst_obstruction_endpoint_distance,2.3914077795581505,3004.1275583214433,True,,端点最大距离且全时段按遮挡计损仍满足双向预算
T013,巡航,2712.527734101944,2732.4630460863573,直连,,803,PASS,worst_obstruction_endpoint_distance,1.5704838890166855,3301.9049234751205,True,,端点最大距离且全时段按遮挡计损仍满足双向预算
T013,巡航,2732.4630460863573,2752.3983580707704,直连,,804,PASS,worst_obstruction_endpoint_distance,0.8199907753844542,3599.8899093492196,True,,端点最大距离且全时段按遮挡计损仍满足双向预算
T013,巡航,2752.3983580707704,2772.3336700551836,直连,,805,PASS,worst_obstruction_endpoint_distance,0.1288606994990289,3898.0349015831453,True,,端点最大距离且全时段按遮挡计损仍满足双向预算
T013,巡航,2772.3336700551836,2792.2689820395967,中继,R003,806,PASS,worst_obstruction_endpoint_distance,10.948992185168862,562.133087686103,True,,端点最大距离且全时段按遮挡计损仍满足双向预算
T013,巡航,2792.2689820395967,2812.20429402401,中继,R003,807,PASS,worst_obstruction_endpoint_distance,16.38604170257858,300.598405903194,True,,端点最大距离且全时段按遮挡计损仍满足双向预算
T013,巡航,2812.20429402401,2832.139606008423,中继,R003,808,PASS,worst_obstruction_endpoint_distance,13.500443868742849,419.0506945919927,True,,端点最大距离且全时段按遮挡计损仍满足双向预算
T013,下降,2832.139606008423,2846.1456952825115,中继,R003,809,PASS,worst_obstruction_endpoint_distance,13.27367326566123,430.13530956377593,True,,端点最大距离且全时段按遮挡计损仍满足双向预算
T013,下降,2846.1456952825115,2860.1517845566,中继,R003,810,PASS,worst_obstruction_endpoint_distance,13.023244393741194,442.7173463091875,True,,端点最大距离且全时段按遮挡计损仍满足双向预算
T013,下降,2860.1517845566,2874.157873830689,中继,R003,811,PASS,worst_obstruction_endpoint_distance,12.753667451270502,456.6730528579534,True,,端点最大距离且全时段按遮挡计损仍满足双向预算
T013,投送,2874.157873830689,2893.7942374670524,中继,R003,812,PASS,exact_point,22.753667451270502,456.6730528579534,,,独立计算 DEM 遮挡、自由空间损耗与双向预算
T013,投送,2893.7942374670524,2913.430601103416,中继,R003,813,PASS,exact_point,22.753667451270502,456.6730528579534,,,独立计算 DEM 遮挡、自由空间损耗与双向预算
T013,投送,2913.430601103416,2933.0669647397795,中继,R003,814,PASS,exact_point,22.753667451270502,456.6730528579534,,,独立计算 DEM 遮挡、自由空间损耗与双向预算
T013,投送,2933.0669647397795,2952.703328376143,中继,R003,815,PASS,exact_point,22.753667451270502,456.6730528579534,,,独立计算 DEM 遮挡、自由空间损耗与双向预算
T013,投送,2952.703328376143,2972.339692012507,中继,R003,816,PASS,exact_point,22.753667451270502,456.6730528579534,,,独立计算 DEM 遮挡、自由空间损耗与双向预算
T013,投送,2972.339692012507,2991.9760556488704,中继,R003,817,PASS,exact_point,22.753667451270502,456.6730528579534,,,独立计算 DEM 遮挡、自由空间损耗与双向预算
T013,投送,2991.9760556488704,3011.612419285234,中继,R003,818,PASS,exact_point,22.753667451270502,456.6730528579534,,,独立计算 DEM 遮挡、自由空间损耗与双向预算
T013,投送,3011.612419285234,3031.248782921598,中继,R003,819,PASS,exact_point,22.753667451270502,456.6730528579534,,,独立计算 DEM 遮挡、自由空间损耗与双向预算
T013,投送,3031.248782921598,3050.8851465579614,中继,R003,820,PASS,exact_point,22.753667451270502,456.6730528579534,,,独立计算 DEM 遮挡、自由空间损耗与双向预算
T013,投送,3050.8851465579614,3070.521510194325,中继,R003,821,PASS,exact_point,22.753667451270502,456.6730528579534,,,独立计算 DEM 遮挡、自由空间损耗与双向预算
T013,投送,3070.521510194325,3090.157873830689,中继,R003,822,PASS,exact_point,22.753667451270502,456.6730528579534,,,独立计算 DEM 遮挡、自由空间损耗与双向预算
T013,爬升,3090.157873830689,3106.965180959595,中继,R003,823,PASS,worst_obstruction_endpoint_distance,12.753667451270502,456.6730528579534,True,,端点最大距离且全时段按遮挡计损仍满足双向预算
T013,爬升,3106.965180959595,3123.772488088501,中继,R003,824,PASS,worst_obstruction_endpoint_distance,13.151128354991485,436.24688662675163,True,,端点最大距离且全时段按遮挡计损仍满足双向预算
T013,巡航,3123.772488088501,3143.7078000729143,中继,R003,825,PASS,worst_obstruction_endpoint_distance,13.500443868742849,419.0506945919927,True,,端点最大距离且全时段按遮挡计损仍满足双向预算
T013,巡航,3143.7078000729143,3163.6431120573275,中继,R003,826,PASS,worst_obstruction_endpoint_distance,16.38604170257858,300.598405903194,True,,端点最大距离且全时段按遮挡计损仍满足双向预算
T013,巡航,3163.6431120573275,3183.5784240417406,中继,R003,827,PASS,worst_obstruction_endpoint_distance,10.948992185168862,562.133087686103,True,,端点最大距离且全时段按遮挡计损仍满足双向预算
T013,巡航,3183.5784240417406,3203.5137360261538,直连,,828,PASS,worst_obstruction_endpoint_distance,0.1288606994990289,3898.0349015831453,True,,端点最大距离且全时段按遮挡计损仍满足双向预算
T013,巡航,3203.5137360261538,3223.449048010567,直连,,829,PASS,worst_obstruction_endpoint_distance,0.8199907753844542,3599.8899093492196,True,,端点最大距离且全时段按遮挡计损仍满足双向预算
T013,巡航,3223.449048010567,3243.38435999498,直连,,830,PASS,worst_obstruction_endpoint_distance,1.5704838890166855,3301.9049234751205,True,,端点最大距离且全时段按遮挡计损仍满足双向预算
T013,巡航,3243.38435999498,3263.319671979393,直连,,831,PASS,worst_obstruction_endpoint_distance,2.3914077795581505,3004.1275583214433,True,,端点最大距离且全时段按遮挡计损仍满足双向预算
T013,巡航,3263.319671979393,3283.2549839638064,直连,,832,PASS,worst_obstruction_endpoint_distance,3.2972090851020823,2706.626340747146,True,,端点最大距离且全时段按遮挡计损仍满足双向预算
T013,巡航,3283.2549839638064,3303.1902959482195,直连,,833,PASS,worst_obstruction_endpoint_distance,4.307223717296679,2409.5035606837673,True,,端点最大距离且全时段按遮挡计损仍满足双向预算
T013,巡航,3303.1902959482195,3323.125607932633,直连,,834,PASS,worst_obstruction_endpoint_distance,5.448118714902037,2112.9188740298164,True,,端点最大距离且全时段按遮挡计损仍满足双向预算
T013,巡航,3323.125607932633,3343.060919917046,直连,,835,PASS,worst_obstruction_endpoint_distance,6.758027590343033,1817.1357754107732,True,,端点最大距离且全时段按遮挡计损仍满足双向预算
T013,巡航,3343.060919917046,3362.9962319014594,直连,,836,PASS,worst_obstruction_endpoint_distance,8.293936099781448,1522.621483851366,True,,端点最大距离且全时段按遮挡计损仍满足双向预算
T013,巡航,3362.9962319014594,3382.931543885872,直连,,837,PASS,worst_obstruction_endpoint_distance,10.145642631643526,1230.287543079246,True,,端点最大距离且全时段按遮挡计损仍满足双向预算
T013,巡航,3382.931543885872,3402.8668558702857,直连,,838,PASS,worst_obstruction_endpoint_distance,12.463229440911974,942.1656929588921,True,,端点最大距离且全时段按遮挡计损仍满足双向预算
T013,巡航,3402.8668558702857,3422.8021678546984,直连,,839,PASS,worst_obstruction_endpoint_distance,15.505503268057225,663.7638481291795,True,,端点最大距离且全时段按遮挡计损仍满足双向预算
T013,巡航,3422.8021678546984,3442.737479839112,直连,,840,PASS,worst_obstruction_endpoint_distance,19.58226210365403,415.12190732371414,True,,端点最大距离且全时段按遮挡计损仍满足双向预算
T013,下降,3442.737479839112,3461.983513316895,直连,,841,PASS,worst_obstruction_endpoint_distance,22.759839664518097,287.93653564453103,True,,端点最大距离且全时段按遮挡计损仍满足双向预算
T013,下降,3461.983513316895,3481.229546794678,直连,,842,PASS,worst_obstruction_endpoint_distance,24.00629760355062,249.44446868896512,True,,端点最大距离且全时段按遮挡计损仍满足双向预算
T013,下降,3481.229546794678,3500.4755802724612,直连,,843,PASS,worst_obstruction_endpoint_distance,25.462085680333843,210.9524017333992,True,,端点最大距离且全时段按遮挡计损仍满足双向预算
T013,下降,3500.4755802724612,3519.7216137502446,直连,,844,PASS,worst_obstruction_endpoint_distance,27.21199066951951,172.46033477783237,True,,端点最大距离且全时段按遮挡计损仍满足双向预算
T013,下降,3519.7216137502446,3538.967647228028,直连,,845,PASS,worst_obstruction_endpoint_distance,29.405736324095642,133.96826782226555,True,,端点最大距离且全时段按遮挡计损仍满足双向预算
T013,下降,3538.967647228028,3558.213680705811,直连,,846,PASS,worst_obstruction_endpoint_distance,32.347872576052,95.47620086669869,True,,端点最大距离且全时段按遮挡计损仍满足双向预算
T013,下降,3558.213680705811,3577.459714183594,直连,,847,PASS,worst_obstruction_endpoint_distance,36.83069612741413,56.984133911132744,True,,端点最大距离且全时段按遮挡计损仍满足双向预算
T013,下降,3577.459714183594,3596.7057476613772,直连,,848,PASS,worst_obstruction_endpoint_distance,45.92517525248826,20.0,True,,端点最大距离且全时段按遮挡计损仍满足双向预算
T014,爬升,2813.0,2831.0876724243167,直连,,849,PASS,worst_obstruction_endpoint_distance,41.24926306189187,34.26301727294995,True,,端点最大距离且全时段按遮挡计损仍满足双向预算
T014,爬升,2831.0876724243167,2849.175344848633,直连,,850,PASS,worst_obstruction_endpoint_distance,33.00435495025734,88.52603454589851,True,,端点最大距离且全时段按遮挡计损仍满足双向预算
T014,爬升,2849.175344848633,2867.2630172729496,直连,,851,PASS,worst_obstruction_endpoint_distance,28.851876971718013,142.7890518188484,True,,端点最大距离且全时段按遮挡计损仍满足双向预算
T014,爬升,2867.2630172729496,2885.350689697266,直连,,852,PASS,worst_obstruction_endpoint_distance,26.054155177428697,197.05206909179702,True,,端点最大距离且全时段按遮挡计损仍满足双向预算
T014,爬升,2885.350689697266,2903.438362121582,直连,,853,PASS,worst_obstruction_endpoint_distance,23.941403967071793,251.31508636474558,True,,端点最大距离且全时段按遮挡计损仍满足双向预算
T014,爬升,2903.438362121582,2921.5260345458987,直连,,854,PASS,worst_obstruction_endpoint_distance,22.24333053746038,305.5781036376955,True,,端点最大距离且全时段按遮挡计损仍满足双向预算
T014,爬升,2921.5260345458987,2939.613706970215,直连,,855,PASS,worst_obstruction_endpoint_distance,20.823559347214356,359.84112091064407,True,,端点最大距离且全时段按遮挡计损仍满足双向预算
T014,爬升,2939.613706970215,2957.7013793945316,直连,,856,PASS,worst_obstruction_endpoint_distance,19.603583756332725,414.104138183594,True,,端点最大距离且全时段按遮挡计损仍满足双向预算
T014,巡航,2957.7013793945316,2977.2264539027333,直连,,857,PASS,worst_obstruction_endpoint_distance,18.39741098882675,475.7931759032307,True,,端点最大距离且全时段按遮挡计损仍满足双向预算
T014,巡航,2977.2264539027333,2996.751528410935,直连,,858,PASS,worst_obstruction_endpoint_distance,16.02323156066953,625.3557972562114,True,,端点最大距离且全时段按遮挡计损仍满足双向预算
T014,巡航,2996.751528410935,3016.2766029191366,直连,,859,PASS,worst_obstruction_endpoint_distance,13.713939458904292,815.815186202598,True,,端点最大距离且全时段按遮挡计损仍满足双向预算
T014,巡航,3016.2766029191366,3035.8016774273383,直连,,860,PASS,worst_obstruction_endpoint_distance,11.73457387155004,1024.6134787645549,True,,端点最大距离且全时段按遮挡计损仍满足双向预算
T014,巡航,3035.8016774273383,3055.3267519355404,直连,,861,PASS,worst_obstruction_endpoint_distance,10.059569536755163,1242.5397223605517,True,,端点最大距离且全时段按遮挡计损仍满足双向预算
T014,巡航,3055.3267519355404,3074.851826443742,直连,,862,PASS,worst_obstruction_endpoint_distance,8.625895505130202,1465.527536545165,True,,端点最大距离且全时段按遮挡计损仍满足双向预算
T014,巡航,3074.851826443742,3094.3769009519438,直连,,863,PASS,worst_obstruction_endpoint_distance,7.37994272538333,1691.5764177391372,True,,端点最大距离且全时段按遮挡计损仍满足双向预算
T014,巡航,3094.3769009519438,3113.9019754601454,直连,,864,PASS,worst_obstruction_endpoint_distance,6.281536472192059,1919.6052749671428,True,,端点最大距离且全时段按遮挡计损仍满足双向预算
T014,巡航,3113.9019754601454,3133.427049968347,直连,,865,PASS,worst_obstruction_endpoint_distance,5.301111871503167,2148.983914379498,True,,端点最大距离且全时段按遮挡计损仍满足双向预算
T014,巡航,3133.427049968347,3152.952124476549,直连,,866,PASS,worst_obstruction_endpoint_distance,4.4167107952732465,2379.3219905663836,True,,端点最大距离且全时段按遮挡计损仍满足双向预算
T014,巡航,3152.952124476549,3172.4771989847504,直连,,867,PASS,worst_obstruction_endpoint_distance,3.6117486322979744,2610.3655344174194,True,,端点最大距离且全时段按遮挡计损仍满足双向预算
T014,巡航,3172.4771989847504,3192.0022734929526,直连,,868,PASS,worst_obstruction_endpoint_distance,2.8734694540850256,2841.9424923292363,True,,端点最大距离且全时段按遮挡计损仍满足双向预算
T014,巡航,3192.0022734929526,3211.527348001154,直连,,869,PASS,worst_obstruction_endpoint_distance,2.191889165852203,3073.93231124083,True,,端点最大距离且全时段按遮挡计损仍满足双向预算
T014,巡航,3211.527348001154,3231.052422509356,直连,,870,PASS,worst_obstruction_endpoint_distance,1.559066410352358,3306.248084524794,True,,端点最大距离且全时段按遮挡计损仍满足双向预算
T014,巡航,3231.052422509356,3250.5774970175576,直连,,871,PASS,worst_obstruction_endpoint_distance,0.9685919145869804,3538.825618295985,True,,端点最大距离且全时段按遮挡计损仍满足双向预算
T014,巡航,3250.5774970175576,3270.1025715257592,直连,,872,PASS,worst_obstruction_endpoint_distance,0.41522465241320106,3771.616488316685,True,,端点最大距离且全时段按遮挡计损仍满足双向预算
T014,巡航,3270.1025715257592,3289.6276460339614,中继,R004,873,PASS,worst_obstruction_endpoint_distance,0.8490302798144427,1798.1968986308907,True,,端点最大距离且全时段按遮挡计损仍满足双向预算
T014,巡航,3289.6276460339614,3309.152720542163,中继,R004,874,PASS,worst_obstruction_endpoint_distance,2.0466724140916455,1566.5892338167546,True,,端点最大距离且全时段按遮挡计损仍满足双向预算
T014,巡航,3309.152720542163,3328.6777950503647,中继,R004,875,PASS,worst_obstruction_endpoint_distance,3.4301584898653914,1335.9211753415657,True,,端点最大距离且全时段按遮挡计损仍满足双向预算
T014,巡航,3328.6777950503647,3348.2028695585664,中继,R004,876,PASS,worst_obstruction_endpoint_distance,5.064546292495137,1106.7803593719177,True,,端点最大距离且全时段按遮挡计损仍满足双向预算
T014,巡航,3348.2028695585664,3367.727944066768,中继,R004,877,PASS,worst_obstruction_endpoint_distance,7.052567845391934,880.3601302922355,True,,端点最大距离且全时段按遮挡计损仍满足双向预算
T014,巡航,3367.727944066768,3387.25301857497,中继,R004,878,PASS,worst_obstruction_endpoint_distance,9.561891354059668,659.468704394305,True,,端点最大距离且全时段按遮挡计损仍满足双向预算
T014,巡航,3387.25301857497,3406.778093083172,中继,R004,879,PASS,worst_obstruction_endpoint_distance,12.837614657622282,452.2806684940842,True,,端点最大距离且全时段按遮挡计损仍满足双向预算
T014,巡航,3406.778093083172,3426.3031675913735,中继,R004,880,PASS,worst_obstruction_endpoint_distance,16.70244194914028,289.845565882971,True,,端点最大距离且全时段按遮挡计损仍满足双向预算
T014,巡航,3426.3031675913735,3445.828242099575,中继,R004,881,PASS,worst_obstruction_endpoint_distance,13.582992870799032,415.086983475622,True,,端点最大距离且全时段按遮挡计损仍满足双向预算
T014,巡航,3445.828242099575,3465.353316607777,中继,R004,882,PASS,worst_obstruction_endpoint_distance,10.135028927687586,617.3583292313319,True,,端点最大距离且全时段按遮挡计损仍满足双向预算
T014,巡航,3465.353316607777,3484.878391115979,中继,R004,883,PASS,worst_obstruction_endpoint_distance,7.496288825348643,836.5161250342817,True,,端点最大距离且全时段按遮挡计损仍满足双向预算
T014,巡航,3484.878391115979,3504.40346562418,中继,R004,884,PASS,worst_obstruction_endpoint_distance,5.421987482213211,1062.158635121915,True,,端点最大距离且全时段按遮挡计损仍满足双向预算
T014,巡航,3504.40346562418,3523.9285401323823,中继,R004,885,PASS,worst_obstruction_endpoint_distance,3.7279916585073067,1290.889818240399,True,,端点最大距离且全时段按遮挡计损仍满足双向预算
T014,巡航,3523.9285401323823,3543.453614640584,中继,R004,886,PASS,worst_obstruction_endpoint_distance,2.30137989286807,1521.3171587343563,True,,端点最大距离且全时段按遮挡计损仍满足双向预算
T014,巡航,3543.453614640584,3562.9786891487856,中继,R004,887,PASS,worst_obstruction_endpoint_distance,1.0712674676761509,1752.7718305681353,True,,端点最大距离且全时段按遮挡计损仍满足双向预算
T014,下降,3562.9786891487856,3580.8430202034733,中继,R004,888,PASS,worst_obstruction_endpoint_distance,1.0712674676761509,1752.7718305681353,True,,端点最大距离且全时段按遮挡计损仍满足双向预算
T014,下降,3580.8430202034733,3598.7073512581605,中继,R004,889,PASS,worst_obstruction_endpoint_distance,1.079490722717381,1751.1132014983282,True,,端点最大距离且全时段按遮挡计损仍满足双向预算
T014,下降,3598.7073512581605,3616.571682312848,中继,R004,890,PASS,worst_obstruction_endpoint_distance,1.079003193774426,1751.2114922161775,True,,端点最大距离且全时段按遮挡计损仍满足双向预算
T014,下降,3616.571682312848,3634.4360133675355,中继,R004,891,PASS,worst_obstruction_endpoint_distance,1.070294308703211,1752.9682204905325,True,,端点最大距离且全时段按遮挡计损仍满足双向预算
T014,下降,3634.4360133675355,3652.300344422223,中继,R004,892,PASS,worst_obstruction_endpoint_distance,1.0559798351574585,1755.8595196313033,True,,端点最大距离且全时段按遮挡计损仍满足双向预算
T014,投送,3652.300344422223,3671.391253513132,中继,R004,893,PASS,exact_point,11.055979835157459,1755.8595196313033,,,独立计算 DEM 遮挡、自由空间损耗与双向预算
T014,投送,3671.391253513132,3690.482162604041,中继,R004,894,PASS,exact_point,11.055979835157459,1755.8595196313033,,,独立计算 DEM 遮挡、自由空间损耗与双向预算
T014,投送,3690.482162604041,3709.57307169495,中继,R004,895,PASS,exact_point,11.055979835157459,1755.8595196313033,,,独立计算 DEM 遮挡、自由空间损耗与双向预算
T014,投送,3709.57307169495,3728.663980785859,中继,R004,896,PASS,exact_point,11.055979835157459,1755.8595196313033,,,独立计算 DEM 遮挡、自由空间损耗与双向预算
T014,投送,3728.663980785859,3747.7548898767686,中继,R004,897,PASS,exact_point,11.055979835157459,1755.8595196313033,,,独立计算 DEM 遮挡、自由空间损耗与双向预算
T014,投送,3747.7548898767686,3766.8457989676776,中继,R004,898,PASS,exact_point,11.055979835157459,1755.8595196313033,,,独立计算 DEM 遮挡、自由空间损耗与双向预算
T014,投送,3766.8457989676776,3785.9367080585866,中继,R004,899,PASS,exact_point,11.055979835157459,1755.8595196313033,,,独立计算 DEM 遮挡、自由空间损耗与双向预算
T014,投送,3785.9367080585866,3805.027617149496,中继,R004,900,PASS,exact_point,11.055979835157459,1755.8595196313033,,,独立计算 DEM 遮挡、自由空间损耗与双向预算
T014,投送,3805.027617149496,3824.118526240405,中继,R004,901,PASS,exact_point,11.055979835157459,1755.8595196313033,,,独立计算 DEM 遮挡、自由空间损耗与双向预算
T014,投送,3824.118526240405,3843.209435331314,中继,R004,902,PASS,exact_point,11.055979835157459,1755.8595196313033,,,独立计算 DEM 遮挡、自由空间损耗与双向预算
T014,投送,3843.209435331314,3862.300344422223,中继,R004,903,PASS,exact_point,11.055979835157459,1755.8595196313033,,,独立计算 DEM 遮挡、自由空间损耗与双向预算
T014,爬升,3862.300344422223,3880.9090226041894,中继,R004,904,PASS,worst_obstruction_endpoint_distance,1.0559798351574585,1755.8595196313033,True,,端点最大距离且全时段按遮挡计损仍满足双向预算
T014,爬升,3880.9090226041894,3899.5177007861557,中继,R004,905,PASS,worst_obstruction_endpoint_distance,1.0729987463525248,1752.4225014587198,True,,端点最大距离且全时段按遮挡计损仍满足双向预算
T014,爬升,3899.5177007861557,3918.1263789681216,中继,R004,906,PASS,worst_obstruction_endpoint_distance,1.0806658488908738,1750.876306966168,True,,端点最大距离且全时段按遮挡计损仍满足双向预算
T014,爬升,3918.1263789681216,3936.735057150088,中继,R004,907,PASS,worst_obstruction_endpoint_distance,1.0712674676761509,1752.7718305681353,True,,端点最大距离且全时段按遮挡计损仍满足双向预算
T014,巡航,3936.735057150088,3956.2601316582895,中继,R004,908,PASS,worst_obstruction_endpoint_distance,1.0712674676761509,1752.7718305681353,True,,端点最大距离且全时段按遮挡计损仍满足双向预算
T014,巡航,3956.2601316582895,3975.7852061664917,中继,R004,909,PASS,worst_obstruction_endpoint_distance,2.30137989286807,1521.3171587343563,True,,端点最大距离且全时段按遮挡计损仍满足双向预算
T014,巡航,3975.7852061664917,3995.310280674693,中继,R004,910,PASS,worst_obstruction_endpoint_distance,3.7279916585073067,1290.889818240399,True,,端点最大距离且全时段按遮挡计损仍满足双向预算
T014,巡航,3995.310280674693,4014.835355182895,中继,R004,911,PASS,worst_obstruction_endpoint_distance,5.421987482213211,1062.158635121915,True,,端点最大距离且全时段按遮挡计损仍满足双向预算
T014,巡航,4014.835355182895,4034.3604296910967,中继,R004,912,PASS,worst_obstruction_endpoint_distance,7.496288825348643,836.5161250342817,True,,端点最大距离且全时段按遮挡计损仍满足双向预算
T014,巡航,4034.3604296910967,4053.8855041992983,中继,R004,913,PASS,worst_obstruction_endpoint_distance,10.135028927687586,617.3583292313319,True,,端点最大距离且全时段按遮挡计损仍满足双向预算
T014,巡航,4053.8855041992983,4073.4105787075,中继,R004,914,PASS,worst_obstruction_endpoint_distance,13.582992870799032,415.086983475622,True,,端点最大距离且全时段按遮挡计损仍满足双向预算
T014,巡航,4073.4105787075,4092.9356532157017,中继,R004,915,PASS,worst_obstruction_endpoint_distance,16.70244194914028,289.845565882971,True,,端点最大距离且全时段按遮挡计损仍满足双向预算
T014,巡航,4092.9356532157017,4112.460727723904,中继,R004,916,PASS,worst_obstruction_endpoint_distance,12.837614657622282,452.2806684940842,True,,端点最大距离且全时段按遮挡计损仍满足双向预算
T014,巡航,4112.460727723904,4131.985802232105,中继,R004,917,PASS,worst_obstruction_endpoint_distance,9.561891354059668,659.468704394305,True,,端点最大距离且全时段按遮挡计损仍满足双向预算
T014,巡航,4131.985802232105,4151.510876740307,中继,R004,918,PASS,worst_obstruction_endpoint_distance,7.052567845391934,880.3601302922355,True,,端点最大距离且全时段按遮挡计损仍满足双向预算
T014,巡航,4151.510876740307,4171.035951248508,中继,R004,919,PASS,worst_obstruction_endpoint_distance,5.0645462924954785,1106.7803593718747,True,,端点最大距离且全时段按遮挡计损仍满足双向预算
T014,巡航,4171.035951248508,4190.5610257567105,中继,R004,920,PASS,worst_obstruction_endpoint_distance,3.4301584898653914,1335.9211753415657,True,,端点最大距离且全时段按遮挡计损仍满足双向预算
T014,巡航,4190.5610257567105,4210.086100264913,中继,R004,921,PASS,worst_obstruction_endpoint_distance,2.0466724140916455,1566.5892338167546,True,,端点最大距离且全时段按遮挡计损仍满足双向预算
T014,巡航,4210.086100264913,4229.611174773114,中继,R004,922,PASS,worst_obstruction_endpoint_distance,0.8490302798144427,1798.1968986308907,True,,端点最大距离且全时段按遮挡计损仍满足双向预算
T014,巡航,4229.611174773114,4249.136249281316,直连,,923,PASS,worst_obstruction_endpoint_distance,0.41522465241320106,3771.616488316685,True,,端点最大距离且全时段按遮挡计损仍满足双向预算
T014,巡航,4249.136249281316,4268.661323789518,直连,,924,PASS,worst_obstruction_endpoint_distance,0.9685919145869804,3538.825618295985,True,,端点最大距离且全时段按遮挡计损仍满足双向预算
T014,巡航,4268.661323789518,4288.186398297719,直连,,925,PASS,worst_obstruction_endpoint_distance,1.559066410352358,3306.248084524794,True,,端点最大距离且全时段按遮挡计损仍满足双向预算
T014,巡航,4288.186398297719,4307.7114728059205,直连,,926,PASS,worst_obstruction_endpoint_distance,2.191889165852203,3073.93231124083,True,,端点最大距离且全时段按遮挡计损仍满足双向预算
T014,巡航,4307.7114728059205,4327.236547314123,直连,,927,PASS,worst_obstruction_endpoint_distance,2.8734694540850256,2841.9424923292363,True,,端点最大距离且全时段按遮挡计损仍满足双向预算
T014,巡航,4327.236547314123,4346.761621822325,直连,,928,PASS,worst_obstruction_endpoint_distance,3.6117486322979744,2610.3655344174194,True,,端点最大距离且全时段按遮挡计损仍满足双向预算
T014,巡航,4346.761621822325,4366.286696330526,直连,,929,PASS,worst_obstruction_endpoint_distance,4.4167107952732465,2379.3219905663836,True,,端点最大距离且全时段按遮挡计损仍满足双向预算
T014,巡航,4366.286696330526,4385.811770838728,直连,,930,PASS,worst_obstruction_endpoint_distance,5.301111871503167,2148.983914379498,True,,端点最大距离且全时段按遮挡计损仍满足双向预算
T014,巡航,4385.811770838728,4405.33684534693,直连,,931,PASS,worst_obstruction_endpoint_distance,6.281536472192059,1919.6052749671428,True,,端点最大距离且全时段按遮挡计损仍满足双向预算
T014,巡航,4405.33684534693,4424.861919855131,直连,,932,PASS,worst_obstruction_endpoint_distance,7.37994272538333,1691.5764177391372,True,,端点最大距离且全时段按遮挡计损仍满足双向预算
T014,巡航,4424.861919855131,4444.386994363333,直连,,933,PASS,worst_obstruction_endpoint_distance,8.625895505130202,1465.527536545165,True,,端点最大距离且全时段按遮挡计损仍满足双向预算
T014,巡航,4444.386994363333,4463.912068871535,直连,,934,PASS,worst_obstruction_endpoint_distance,10.059569536755163,1242.5397223605517,True,,端点最大距离且全时段按遮挡计损仍满足双向预算
T014,巡航,4463.912068871535,4483.437143379737,直连,,935,PASS,worst_obstruction_endpoint_distance,11.73457387155004,1024.6134787645549,True,,端点最大距离且全时段按遮挡计损仍满足双向预算
T014,巡航,4483.437143379737,4502.962217887938,直连,,936,PASS,worst_obstruction_endpoint_distance,13.713939458904292,815.815186202598,True,,端点最大距离且全时段按遮挡计损仍满足双向预算
T014,巡航,4502.962217887938,4522.48729239614,直连,,937,PASS,worst_obstruction_endpoint_distance,16.02323156066899,625.3557972562493,True,,端点最大距离且全时段按遮挡计损仍满足双向预算
T014,巡航,4522.48729239614,4542.012366904342,直连,,938,PASS,worst_obstruction_endpoint_distance,18.39741098882675,475.7931759032307,True,,端点最大距离且全时段按遮挡计损仍满足双向预算
T014,下降,4542.012366904342,4561.3058841569455,直连,,939,PASS,worst_obstruction_endpoint_distance,19.603583756332725,414.104138183594,True,,端点最大距离且全时段按遮挡计损仍满足双向预算
T014,下降,4561.3058841569455,4580.59940140955,直连,,940,PASS,worst_obstruction_endpoint_distance,20.67923096631543,365.87034505208607,True,,端点最大距离且全时段按遮挡计损仍满足双向预算
T014,下降,4580.59940140955,4599.892918662154,直连,,941,PASS,worst_obstruction_endpoint_distance,21.907165707290872,317.6365519205736,True,,端点最大距离且全时段按遮挡计损仍满足双向预算
T014,下降,4599.892918662154,4619.1864359147585,直连,,942,PASS,worst_obstruction_endpoint_distance,23.337734390683906,269.4027587890634,True,,端点最大距离且全时段按遮挡计损仍满足双向预算
T014,下降,4619.1864359147585,4638.479953167363,直连,,943,PASS,worst_obstruction_endpoint_distance,25.05129142823644,221.1689656575532,True,,端点最大距离且全时段按遮挡计损仍满足双向预算
T014,下降,4638.479953167363,4657.7734704199665,直连,,944,PASS,worst_obstruction_endpoint_distance,27.18810853562924,172.93517252604073,True,,端点最大距离且全时段按遮挡计损仍满足双向预算
T014,下降,4657.7734704199665,4677.0669876725715,直连,,945,PASS,worst_obstruction_endpoint_distance,30.02835001598521,124.70137939453286,True,,端点最大距离且全时段按遮挡计损仍满足双向预算
T014,下降,4677.0669876725715,4696.3605049251755,直连,,946,PASS,worst_obstruction_endpoint_distance,34.276227532041716,76.4675862630204,True,,端点最大距离且全时段按遮挡计损仍满足双向预算
T014,下降,4696.3605049251755,4715.65402217778,直连,,947,PASS,worst_obstruction_endpoint_distance,42.93039059934276,28.233793131510197,True,,端点最大距离且全时段按遮挡计损仍满足双向预算
T015,爬升,2894.0,2912.2987226213727,直连,,948,PASS,worst_obstruction_endpoint_distance,41.09022041847288,34.8961678641181,True,,端点最大距离且全时段按遮挡计损仍满足双向预算
T015,爬升,2912.2987226213727,2930.5974452427454,直连,,949,PASS,worst_obstruction_endpoint_distance,32.88098978943424,89.7923357282362,True,,端点最大距离且全时段按遮挡计损仍满足双向预算
T015,爬升,2930.5974452427454,2948.896167864118,直连,,950,PASS,worst_obstruction_endpoint_distance,28.737094664292826,144.68850359235432,True,,端点最大距离且全时段按遮挡计损仍满足双向预算
T015,爬升,2948.896167864118,2967.194890485491,直连,,951,PASS,worst_obstruction_endpoint_distance,25.943231496630872,199.58467145647376,True,,端点最大距离且全时段按遮挡计损仍满足双向预算
T015,爬升,2967.194890485491,2985.493613106864,直连,,952,PASS,worst_obstruction_endpoint_distance,23.832673396210197,254.48083932059183,True,,端点最大距离且全时段按遮挡计损仍满足双向预算
T015,爬升,2985.493613106864,3003.7923357282366,直连,,953,PASS,worst_obstruction_endpoint_distance,22.136014487477,309.37700718470995,True,,端点最大距离且全时段按遮挡计损仍满足双向预算
T015,爬升,3003.7923357282366,3022.0910583496093,直连,,954,PASS,worst_obstruction_endpoint_distance,20.717231343301734,364.273175048828,True,,端点最大距离且全时段按遮挡计损仍满足双向预算
T015,巡航,3022.0910583496093,3040.984924997995,直连,,955,PASS,worst_obstruction_endpoint_distance,18.661672477929415,461.5355244926001,True,,端点最大距离且全时段按遮挡计损仍满足双向预算
T015,巡航,3040.984924997995,3059.8787916463816,直连,,956,PASS,worst_obstruction_endpoint_distance,15.375452699934556,673.7769091431577,True,,端点最大距离且全时段按遮挡计损仍满足双向预算
T015,巡航,3059.8787916463816,3078.7726582947676,直连,,957,PASS,worst_obstruction_endpoint_distance,12.623190271631984,924.9734022323017,True,,端点最大距离且全时段按遮挡计损仍满足双向预算
T015,巡航,3078.7726582947676,3097.666524943154,直连,,958,PASS,worst_obstruction_endpoint_distance,10.429575041650054,1190.7209811695823,True,,端点最大距离且全时段按遮挡计损仍满足双向预算
T015,巡航,3097.666524943154,3116.56039159154,直连,,959,PASS,worst_obstruction_endpoint_distance,8.640222545108585,1463.112197944657,True,,端点最大距离且全时段按遮挡计损仍满足双向预算
T015,巡航,3116.56039159154,3135.4542582399263,直连,,960,PASS,worst_obstruction_endpoint_distance,7.139643736160679,1739.027987459995,True,,端点最大距离且全时段按遮挡计损仍满足双向预算
T015,巡航,3135.4542582399263,3154.348124888312,直连,,961,PASS,worst_obstruction_endpoint_distance,5.851560521092864,2017.0224508369258,True,,端点最大距离且全时段按遮挡计损仍满足双向预算
T015,巡航,3154.348124888312,3173.241991536698,直连,,962,PASS,worst_obstruction_endpoint_distance,4.725048394892426,2296.340780852931,True,,端点最大距离且全时段按遮挡计损仍满足双向预算
T015,巡航,3173.241991536698,3192.1358581850845,直连,,963,PASS,worst_obstruction_endpoint_distance,3.7249953747456317,2576.552461149355,True,,端点最大距离且全时段按遮挡计损仍满足双向预算
T015,巡航,3192.1358581850845,3211.0297248334705,直连,,964,PASS,worst_obstruction_endpoint_distance,2.8263705191290995,2857.394683434026,True,,端点最大距离且全时段按遮挡计损仍满足双向预算
T015,巡航,3211.0297248334705,3229.9235914818564,直连,,965,PASS,worst_obstruction_endpoint_distance,2.010784013786548,3138.6981946975716,True,,端点最大距离且全时段按遮挡计损仍满足双向预算
T015,巡航,3229.9235914818564,3248.817458130243,直连,,966,PASS,worst_obstruction_endpoint_distance,1.2643662606990915,3420.3491819541655,True,,端点最大距离且全时段按遮挡计损仍满足双向预算
T015,巡航,3248.817458130243,3267.7113247786288,直连,,967,PASS,worst_obstruction_endpoint_distance,0.5764172950555349,3702.2683430850543,True,,端点最大距离且全时段按遮挡计损仍满足双向预算
T015,巡航,3267.7113247786288,3286.605191427015,中继,R004,968,PASS,worst_obstruction_endpoint_distance,0.5970868152485878,1851.1193369976415,True,,端点最大距离且全时段按遮挡计损仍满足双向预算
T015,巡航,3286.605191427015,3305.499058075401,中继,R004,969,PASS,worst_obstruction_endpoint_distance,2.0387268612306,1568.0229513815293,True,,端点最大距离且全时段按遮挡计损仍满足双向预算
T015,巡航,3305.499058075401,3324.3929247237875,中继,R004,970,PASS,worst_obstruction_endpoint_distance,3.76728039508761,1285.0639442954207,True,,端点最大距离且全时段按遮挡计损仍满足双向预算
T015,下降,3324.3929247237875,3340.74024222867,中继,R004,971,PASS,worst_obstruction_endpoint_distance,5.925312180250401,1002.3586655558703,True,,端点最大距离且全时段按遮挡计损仍满足双向预算
T015,下降,3340.74024222867,3357.087559733553,中继,R004,972,PASS,worst_obstruction_endpoint_distance,5.9229777164137545,1002.6281007700978,True,,端点最大距离且全时段按遮挡计损仍满足双向预算
T015,下降,3357.087559733553,3373.4348772384355,中继,R004,973,PASS,worst_obstruction_endpoint_distance,5.900223455630936,1005.258110028668,True,,端点最大距离且全时段按遮挡计损仍满足双向预算
T015,下降,3373.4348772384355,3389.7821947433185,中继,R004,974,PASS,worst_obstruction_endpoint_distance,5.863329893920252,1009.5370532937532,True,,端点最大距离且全时段按遮挡计损仍满足双向预算
T015,投送,3389.7821947433185,3408.8731038342275,中继,R004,975,PASS,exact_point,15.863329893920252,1009.5370532937532,,,独立计算 DEM 遮挡、自由空间损耗与双向预算
T015,投送,3408.8731038342275,3427.9640129251366,中继,R004,976,PASS,exact_point,15.863329893920252,1009.5370532937532,,,独立计算 DEM 遮挡、自由空间损耗与双向预算
T015,投送,3427.9640129251366,3447.0549220160456,中继,R004,977,PASS,exact_point,15.863329893920252,1009.5370532937532,,,独立计算 DEM 遮挡、自由空间损耗与双向预算
T015,投送,3447.0549220160456,3466.145831106955,中继,R004,978,PASS,exact_point,15.863329893920252,1009.5370532937532,,,独立计算 DEM 遮挡、自由空间损耗与双向预算
T015,投送,3466.145831106955,3485.236740197864,中继,R004,979,PASS,exact_point,15.863329893920252,1009.5370532937532,,,独立计算 DEM 遮挡、自由空间损耗与双向预算
T015,投送,3485.236740197864,3504.327649288773,中继,R004,980,PASS,exact_point,15.863329893920252,1009.5370532937532,,,独立计算 DEM 遮挡、自由空间损耗与双向预算
T015,投送,3504.327649288773,3523.418558379682,中继,R004,981,PASS,exact_point,15.863329893920252,1009.5370532937532,,,独立计算 DEM 遮挡、自由空间损耗与双向预算
T015,投送,3523.418558379682,3542.5094674705915,中继,R004,982,PASS,exact_point,15.863329893920252,1009.5370532937532,,,独立计算 DEM 遮挡、自由空间损耗与双向预算
T015,投送,3542.5094674705915,3561.6003765615005,中继,R004,983,PASS,exact_point,15.863329893920252,1009.5370532937532,,,独立计算 DEM 遮挡、自由空间损耗与双向预算
T015,投送,3561.6003765615005,3580.6912856524095,中继,R004,984,PASS,exact_point,15.863329893920252,1009.5370532937532,,,独立计算 DEM 遮挡、自由空间损耗与双向预算
T015,投送,3580.6912856524095,3599.7821947433185,中继,R004,985,PASS,exact_point,15.863329893920252,1009.5370532937532,,,独立计算 DEM 遮挡、自由空间损耗与双向预算
T015,爬升,3599.7821947433185,3617.9458808598547,中继,R004,986,PASS,worst_obstruction_endpoint_distance,5.863329893920252,1009.5370532937532,True,,端点最大距离且全时段按遮挡计损仍满足双向预算
T015,爬升,3617.9458808598547,3636.1095669763918,中继,R004,987,PASS,worst_obstruction_endpoint_distance,5.909393154225469,1004.1974184592474,True,,端点最大距离且全时段按遮挡计损仍满足双向预算
T015,爬升,3636.1095669763918,3654.273253092928,中继,R004,988,PASS,worst_obstruction_endpoint_distance,5.925312180250401,1002.3586655558703,True,,端点最大距离且全时段按遮挡计损仍满足双向预算
T015,巡航,3654.273253092928,3673.1671197413143,中继,R004,989,PASS,worst_obstruction_endpoint_distance,3.76728039508761,1285.0639442954207,True,,端点最大距离且全时段按遮挡计损仍满足双向预算
T015,巡航,3673.1671197413143,3692.0609863897002,中继,R004,990,PASS,worst_obstruction_endpoint_distance,2.0387268612306,1568.0229513815293,True,,端点最大距离且全时段按遮挡计损仍满足双向预算
T015,巡航,3692.0609863897002,3710.954853038086,中继,R004,991,PASS,worst_obstruction_endpoint_distance,0.5970868152485878,1851.1193369976415,True,,端点最大距离且全时段按遮挡计损仍满足双向预算
T015,巡航,3710.954853038086,3729.8487196864726,直连,,992,PASS,worst_obstruction_endpoint_distance,0.5764172950555349,3702.2683430850543,True,,端点最大距离且全时段按遮挡计损仍满足双向预算
T015,巡航,3729.8487196864726,3748.7425863348585,直连,,993,PASS,worst_obstruction_endpoint_distance,1.2643662606990915,3420.3491819541655,True,,端点最大距离且全时段按遮挡计损仍满足双向预算
T015,巡航,3748.7425863348585,3767.6364529832445,直连,,994,PASS,worst_obstruction_endpoint_distance,2.010784013786548,3138.6981946975716,True,,端点最大距离且全时段按遮挡计损仍满足双向预算
T015,巡航,3767.6364529832445,3786.530319631631,直连,,995,PASS,worst_obstruction_endpoint_distance,2.8263705191290995,2857.394683434026,True,,端点最大距离且全时段按遮挡计损仍满足双向预算
T015,巡航,3786.530319631631,3805.424186280017,直连,,996,PASS,worst_obstruction_endpoint_distance,3.7249953747456317,2576.552461149355,True,,端点最大距离且全时段按遮挡计损仍满足双向预算
T015,巡航,3805.424186280017,3824.3180529284027,直连,,997,PASS,worst_obstruction_endpoint_distance,4.725048394892241,2296.34078085298,True,,端点最大距离且全时段按遮挡计损仍满足双向预算
T015,巡航,3824.3180529284027,3843.211919576789,直连,,998,PASS,worst_obstruction_endpoint_distance,5.851560521092864,2017.0224508369258,True,,端点最大距离且全时段按遮挡计损仍满足双向预算
T015,巡航,3843.211919576789,3862.1057862251755,直连,,999,PASS,worst_obstruction_endpoint_distance,7.139643736160679,1739.027987459995,True,,端点最大距离且全时段按遮挡计损仍满足双向预算
T015,巡航,3862.1057862251755,3880.9996528735614,直连,,1000,PASS,worst_obstruction_endpoint_distance,8.64022254510887,1463.1121979446089,True,,端点最大距离且全时段按遮挡计损仍满足双向预算
T015,巡航,3880.9996528735614,3899.8935195219474,直连,,1001,PASS,worst_obstruction_endpoint_distance,10.429575041650054,1190.7209811695823,True,,端点最大距离且全时段按遮挡计损仍满足双向预算
T015,巡航,3899.8935195219474,3918.787386170334,直连,,1002,PASS,worst_obstruction_endpoint_distance,12.623190271631984,924.9734022323017,True,,端点最大距离且全时段按遮挡计损仍满足双向预算
T015,巡航,3918.787386170334,3937.6812528187197,直连,,1003,PASS,worst_obstruction_endpoint_distance,15.375452699934556,673.7769091431577,True,,端点最大距离且全时段按遮挡计损仍满足双向预算
T015,巡航,3937.6812528187197,3956.5751194671057,直连,,1004,PASS,worst_obstruction_endpoint_distance,18.661672477929415,461.5355244926001,True,,端点最大距离且全时段按遮挡计损仍满足双向预算
T015,下降,3956.5751194671057,3975.7887782195476,直连,,1005,PASS,worst_obstruction_endpoint_distance,20.717231343301734,364.273175048828,True,,端点最大距离且全时段按遮挡计损仍满足双向预算
T015,下降,3975.7887782195476,3995.0024369719886,直连,,1006,PASS,worst_obstruction_endpoint_distance,21.945465831584386,316.2390281677231,True,,端点最大距离且全时段按遮挡计损仍满足双向预算
T015,下降,3995.0024369719886,4014.21609572443,直连,,1007,PASS,worst_obstruction_endpoint_distance,23.376441612193588,268.20488128662043,True,,端点最大距离且全时段按遮挡计损仍满足双向预算
T015,下降,4014.21609572443,4033.4297544768715,直连,,1008,PASS,worst_obstruction_endpoint_distance,25.090583344521875,220.17073440551667,True,,端点最大距离且全时段按遮挡计损仍满足双向预算
T015,下降,4033.4297544768715,4052.6434132293125,直连,,1009,PASS,worst_obstruction_endpoint_distance,27.228311382556598,172.13658752441285,True,,端点最大距离且全时段按遮挡计损仍满足双向预算
T015,下降,4052.6434132293125,4071.8570719817544,直连,,1010,PASS,worst_obstruction_endpoint_distance,30.070168714278523,124.10244064331022,True,,端点最大距离且全时段按遮挡计损仍满足双向预算
T015,下降,4071.8570719817544,4091.0707307341954,直连,,1011,PASS,worst_obstruction_endpoint_distance,34.32170166595199,76.06829376220531,True,,端点最大距离且全时段按遮挡计损仍满足双向预算
T015,下降,4091.0707307341954,4110.284389486636,直连,,1012,PASS,worst_obstruction_endpoint_distance,42.99202827701126,28.03414688110263,True,,端点最大距离且全时段按遮挡计损仍满足双向预算
T016,爬升,4113.0,4132.380881347656,直连,,1013,PASS,worst_obstruction_endpoint_distance,42.86345708049137,28.452203369140676,True,,端点最大距离且全时段按遮挡计损仍满足双向预算
T016,爬升,4132.380881347656,4151.761762695312,直连,,1014,PASS,worst_obstruction_endpoint_distance,34.22675064092644,76.90440673828135,True,,端点最大距离且全时段按遮挡计损仍满足双向预算
T016,爬升,4151.761762695312,4171.142644042969,直连,,1015,PASS,worst_obstruction_endpoint_distance,29.982830377148545,125.356610107422,True,,端点最大距离且全时段按遮挡计损仍满足双向预算
T016,巡航,4171.142644042969,4189.651666483214,直连,,1016,PASS,worst_obstruction_endpoint_distance,22.2704985239005,304.6238004959094,True,,端点最大距离且全时段按遮挡计损仍满足双向预算
T016,巡航,4189.651666483214,4208.160688923459,直连,,1017,PASS,worst_obstruction_endpoint_distance,16.83979160829456,569.2449386880037,True,,端点最大距离且全时段按遮挡计损仍满足双向预算
T016,巡航,4208.160688923459,4226.669711363705,直连,,1018,PASS,worst_obstruction_endpoint_distance,13.436577431180993,842.286590702294,True,,端点最大距离且全时段按遮挡计损仍满足双向预算
T016,巡航,4226.669711363705,4245.17873380395,直连,,1019,PASS,worst_obstruction_endpoint_distance,10.980093890191213,1117.5940057971984,True,,端点最大距离且全时段按遮挡计损仍满足双向预算
T016,巡航,4245.17873380395,4263.687756244195,直连,,1020,PASS,worst_obstruction_endpoint_distance,9.06160871006314,1393.8252340138579,True,,端点最大距离且全时段按遮挡计损仍满足双向预算
T016,巡航,4263.687756244195,4282.196778684441,直连,,1021,PASS,worst_obstruction_endpoint_distance,7.488730846575692,1670.5220634325021,True,,端点最大距离且全时段按遮挡计损仍满足双向预算
T016,巡航,4282.196778684441,4300.705801124686,直连,,1022,PASS,worst_obstruction_endpoint_distance,6.156288066488344,1947.4860477341674,True,,端点最大距离且全时段按遮挡计损仍满足双向预算
T016,巡航,4300.705801124686,4319.214823564931,直连,,1023,PASS,worst_obstruction_endpoint_distance,5.000668542679023,2224.6174071251694,True,,端点最大距离且全时段按遮挡计损仍满足双向预算
T016,巡航,4319.214823564931,4337.723846005177,直连,,1024,PASS,worst_obstruction_endpoint_distance,3.9805132818098343,2501.8605217539953,True,,端点最大距离且全时段按遮挡计损仍满足双向预算
T016,巡航,4337.723846005177,4356.232868445422,直连,,1025,PASS,worst_obstruction_endpoint_distance,3.067435566266326,2779.1819466890624,True,,端点最大距离且全时段按遮挡计损仍满足双向预算
T016,巡航,4356.232868445422,4374.741890885667,直连,,1026,PASS,worst_obstruction_endpoint_distance,2.2411156161546586,3056.5603667445057,True,,端点最大距离且全时段按遮挡计损仍满足双向预算
T016,下降,4374.741890885667,4389.584659236904,直连,,1027,PASS,worst_obstruction_endpoint_distance,2.2411156161546586,3056.5603667445057,True,,端点最大距离且全时段按遮挡计损仍满足双向预算
T016,下降,4389.584659236904,4404.427427588142,直连,,1028,PASS,worst_obstruction_endpoint_distance,2.2441667585877525,3055.4868597560912,True,,端点最大距离且全时段按遮挡计损仍满足双向预算
T016,下降,4404.427427588142,4419.270195939378,直连,,1029,PASS,worst_obstruction_endpoint_distance,2.246399680237957,3054.701472633553,True,,端点最大距离且全时段按遮挡计损仍满足双向预算
T016,投送,4419.270195939378,4439.070195939378,直连,,1030,PASS,exact_point,2.2478131175972464,3054.2044276465326,,,独立计算 DEM 遮挡、自由空间损耗与双向预算
T016,投送,4439.070195939378,4458.870195939378,直连,,1031,PASS,exact_point,2.2478131175972464,3054.2044276465326,,,独立计算 DEM 遮挡、自由空间损耗与双向预算
T016,投送,4458.870195939378,4478.670195939379,直连,,1032,PASS,exact_point,2.2478131175972464,3054.2044276465326,,,独立计算 DEM 遮挡、自由空间损耗与双向预算
T016,投送,4478.670195939379,4498.470195939379,直连,,1033,PASS,exact_point,2.2478131175972464,3054.2044276465326,,,独立计算 DEM 遮挡、自由空间损耗与双向预算
T016,投送,4498.470195939379,4518.270195939378,直连,,1034,PASS,exact_point,2.2478131175972464,3054.2044276465326,,,独立计算 DEM 遮挡、自由空间损耗与双向预算
T016,投送,4518.270195939378,4538.070195939378,直连,,1035,PASS,exact_point,2.2478131175972464,3054.2044276465326,,,独立计算 DEM 遮挡、自由空间损耗与双向预算
T016,投送,4538.070195939378,4557.870195939378,直连,,1036,PASS,exact_point,2.2478131175972464,3054.2044276465326,,,独立计算 DEM 遮挡、自由空间损耗与双向预算
T016,投送,4557.870195939378,4577.670195939379,直连,,1037,PASS,exact_point,2.2478131175972464,3054.2044276465326,,,独立计算 DEM 遮挡、自由空间损耗与双向预算
T016,投送,4577.670195939379,4597.470195939379,直连,,1038,PASS,exact_point,2.2478131175972464,3054.2044276465326,,,独立计算 DEM 遮挡、自由空间损耗与双向预算
T016,投送,4597.470195939379,4617.270195939378,直连,,1039,PASS,exact_point,2.2478131175972464,3054.2044276465326,,,独立计算 DEM 遮挡、自由空间损耗与双向预算
T016,投送,4617.270195939378,4637.070195939378,直连,,1040,PASS,exact_point,2.2478131175972464,3054.2044276465326,,,独立计算 DEM 遮挡、自由空间损耗与双向预算
T016,投送,4637.070195939378,4656.870195939378,直连,,1041,PASS,exact_point,2.2478131175972464,3054.2044276465326,,,独立计算 DEM 遮挡、自由空间损耗与双向预算
T016,投送,4656.870195939378,4676.670195939379,直连,,1042,PASS,exact_point,2.2478131175972464,3054.2044276465326,,,独立计算 DEM 遮挡、自由空间损耗与双向预算
T016,投送,4676.670195939379,4696.470195939379,直连,,1043,PASS,exact_point,2.2478131175972464,3054.2044276465326,,,独立计算 DEM 遮挡、自由空间损耗与双向预算
T016,投送,4696.470195939379,4716.270195939378,直连,,1044,PASS,exact_point,2.2478131175972464,3054.2044276465326,,,独立计算 DEM 遮挡、自由空间损耗与双向预算
T016,投送,4716.270195939378,4736.070195939378,直连,,1045,PASS,exact_point,2.2478131175972464,3054.2044276465326,,,独立计算 DEM 遮挡、自由空间损耗与双向预算
T016,投送,4736.070195939378,4755.870195939378,直连,,1046,PASS,exact_point,2.2478131175972464,3054.2044276465326,,,独立计算 DEM 遮挡、自由空间损耗与双向预算
T016,投送,4755.870195939378,4775.670195939379,直连,,1047,PASS,exact_point,2.2478131175972464,3054.2044276465326,,,独立计算 DEM 遮挡、自由空间损耗与双向预算
T016,投送,4775.670195939379,4795.470195939379,直连,,1048,PASS,exact_point,2.2478131175972464,3054.2044276465326,,,独立计算 DEM 遮挡、自由空间损耗与双向预算
T016,投送,4795.470195939379,4815.270195939378,直连,,1049,PASS,exact_point,2.2478131175972464,3054.2044276465326,,,独立计算 DEM 遮挡、自由空间损耗与双向预算
T016,爬升,4815.270195939378,4833.081517960863,直连,,1050,PASS,worst_obstruction_endpoint_distance,2.2453855868061083,3055.0581354130627,True,,端点最大距离且全时段按遮挡计损仍满足双向预算
T016,爬升,4833.081517960863,4850.892839982347,直连,,1051,PASS,worst_obstruction_endpoint_distance,2.2411156161546586,3056.5603667445057,True,,端点最大距离且全时段按遮挡计损仍满足双向预算
T016,巡航,4850.892839982347,4869.401862422593,直连,,1052,PASS,worst_obstruction_endpoint_distance,2.2411156161546586,3056.5603667445057,True,,端点最大距离且全时段按遮挡计损仍满足双向预算
T016,巡航,4869.401862422593,4887.9108848628375,直连,,1053,PASS,worst_obstruction_endpoint_distance,3.067435566266326,2779.1819466890624,True,,端点最大距离且全时段按遮挡计损仍满足双向预算
T016,巡航,4887.9108848628375,4906.419907303083,直连,,1054,PASS,worst_obstruction_endpoint_distance,3.9805132818098343,2501.8605217539953,True,,端点最大距离且全时段按遮挡计损仍满足双向预算
T016,巡航,4906.419907303083,4924.928929743329,直连,,1055,PASS,worst_obstruction_endpoint_distance,5.000668542679023,2224.6174071251694,True,,端点最大距离且全时段按遮挡计损仍满足双向预算
T016,巡航,4924.928929743329,4943.4379521835735,直连,,1056,PASS,worst_obstruction_endpoint_distance,6.156288066488344,1947.4860477341674,True,,端点最大距离且全时段按遮挡计损仍满足双向预算
T016,巡航,4943.4379521835735,4961.946974623819,直连,,1057,PASS,worst_obstruction_endpoint_distance,7.488730846575692,1670.5220634325021,True,,端点最大距离且全时段按遮挡计损仍满足双向预算
T016,巡航,4961.946974623819,4980.455997064064,直连,,1058,PASS,worst_obstruction_endpoint_distance,9.06160871006314,1393.8252340138579,True,,端点最大距离且全时段按遮挡计损仍满足双向预算
T016,巡航,4980.455997064064,4998.96501950431,直连,,1059,PASS,worst_obstruction_endpoint_distance,10.980093890191213,1117.5940057971984,True,,端点最大距离且全时段按遮挡计损仍满足双向预算
T016,巡航,4998.96501950431,5017.474041944555,直连,,1060,PASS,worst_obstruction_endpoint_distance,13.436577431180993,842.286590702294,True,,端点最大距离且全时段按遮挡计损仍满足双向预算
T016,巡航,5017.474041944555,5035.9830643848,直连,,1061,PASS,worst_obstruction_endpoint_distance,16.83979160829456,569.2449386880037,True,,端点最大距离且全时段按遮挡计损仍满足双向预算
T016,巡航,5035.9830643848,5054.492086825046,直连,,1062,PASS,worst_obstruction_endpoint_distance,22.2704985239005,304.6238004959094,True,,端点最大距离且全时段按遮挡计损仍满足双向预算
T016,下降,5054.492086825046,5072.661663088474,直连,,1063,PASS,worst_obstruction_endpoint_distance,29.982830377148545,125.356610107422,True,,端点最大距离且全时段按遮挡计损仍满足双向预算
T016,下降,5072.661663088474,5090.831239351901,直连,,1064,PASS,worst_obstruction_endpoint_distance,32.9562714401918,89.01745758056603,True,,端点最大距离且全时段按遮挡计损仍满足双向预算
T016,下降,5090.831239351901,5109.000815615329,直连,,1065,PASS,worst_obstruction_endpoint_distance,37.51313930757439,52.67830505371191,True,,端点最大距离且全时段按遮挡计损仍满足双向预算
T016,下降,5109.000815615329,5127.170391878757,直连,,1066,PASS,worst_obstruction_endpoint_distance,45.92517525248826,20.0,True,,端点最大距离且全时段按遮挡计损仍满足双向预算
T017,爬升,4231.0,4249.504135640463,直连,,1067,PASS,worst_obstruction_endpoint_distance,40.93817299698006,35.512406921388134,True,,端点最大距离且全时段按遮挡计损仍满足双向预算
T017,爬升,4249.504135640463,4268.008271280924,直连,,1068,PASS,worst_obstruction_endpoint_distance,32.76257917737007,91.02481384277351,True,,端点最大距离且全时段按遮挡计损仍满足双向预算
T017,爬升,4268.008271280924,4286.512406921387,直连,,1069,PASS,worst_obstruction_endpoint_distance,28.626816157375487,146.5372207641616,True,,端点最大距离且全时段按遮挡计损仍满足双向预算
T017,爬升,4286.512406921387,4305.016542561849,直连,,1070,PASS,worst_obstruction_endpoint_distance,25.836614075565635,202.04962768554702,True,,端点最大距离且全时段按遮挡计损仍满足双向预算
T017,爬升,4305.016542561849,4323.5206782023115,直连,,1071,PASS,worst_obstruction_endpoint_distance,23.728138223056888,257.56203460693513,True,,端点最大距离且全时段按遮挡计损仍满足双向预算
T017,爬升,4323.5206782023115,4342.024813842773,直连,,1072,PASS,worst_obstruction_endpoint_distance,22.032822874833954,313.0744415283205,True,,端点最大距离且全时段按遮挡计损仍满足双向预算
T017,爬升,4342.024813842773,4360.528949483236,直连,,1073,PASS,worst_obstruction_endpoint_distance,20.614978463875502,368.5868484497086,True,,端点最大距离且全时段按遮挡计损仍满足双向预算
T017,爬升,4360.528949483236,4379.033085123698,直连,,1074,PASS,worst_obstruction_endpoint_distance,19.396424967151802,424.099255371094,True,,端点最大距离且全时段按遮挡计损仍满足双向预算
T017,巡航,4379.033085123698,4398.294215159196,直连,,1075,PASS,worst_obstruction_endpoint_distance,18.26694608916199,482.9936864612807,True,,端点最大距离且全时段按遮挡计损仍满足双向预算
T017,巡航,4398.294215159196,4417.5553451946935,直连,,1076,PASS,worst_obstruction_endpoint_distance,15.995764197007787,627.3364881998474,True,,端点最大距离且全时段按遮挡计损仍满足双向预算
T017,巡航,4417.5553451946935,4436.816475230191,直连,,1077,PASS,worst_obstruction_endpoint_distance,13.74596424994661,812.8128217511918,True,,端点最大距离且全时段按遮挡计损仍满足双向预算
T017,巡航,4436.816475230191,4456.077605265688,直连,,1078,PASS,worst_obstruction_endpoint_distance,11.79795076223219,1017.1645601815749,True,,端点最大距离且全时段按遮挡计损仍满足双向预算
T017,巡航,4456.077605265688,4475.338735301186,直连,,1079,PASS,worst_obstruction_endpoint_distance,10.140421384238124,1231.0273137854615,True,,端点最大距离且全时段按遮挡计损仍满足双向预算
T017,巡航,4475.338735301186,4494.599865336683,直连,,1080,PASS,worst_obstruction_endpoint_distance,8.717220954588996,1450.1993647745833,True,,端点最大距离且全时段按遮挡计损仍满足双向预算
T017,巡航,4494.599865336683,4513.860995372181,直连,,1081,PASS,worst_obstruction_endpoint_distance,7.477959966071879,1672.594868284282,True,,端点最大距离且全时段按遮挡计损仍满足双向预算
T017,巡航,4513.860995372181,4533.122125407679,直连,,1082,PASS,worst_obstruction_endpoint_distance,6.384059952816699,1897.0805029672351,True,,端点最大距离且全时段按遮挡计损仍满足双向预算
T017,巡航,4533.122125407679,4552.3832554431765,直连,,1083,PASS,worst_obstruction_endpoint_distance,5.406802530840267,2122.9933399745287,True,,端点最大距离且全时段按遮挡计损仍满足双向预算
T017,巡航,4552.3832554431765,4571.644385478674,直连,,1084,PASS,worst_obstruction_endpoint_distance,4.524706971568108,2349.921797406128,True,,端点最大距离且全时段按遮挡计损仍满足双向预算
T017,巡航,4571.644385478674,4590.905515514171,直连,,1085,PASS,worst_obstruction_endpoint_distance,3.721472632026277,2577.5976473811083,True,,端点最大距离且全时段按遮挡计损仍满足双向预算
T017,巡航,4590.905515514171,4610.166645549669,直连,,1086,PASS,worst_obstruction_endpoint_distance,2.9845203486506193,2805.8389574517014,True,,端点最大距离且全时段按遮挡计损仍满足双向预算
T017,巡航,4610.166645549669,4629.427775585167,直连,,1087,PASS,worst_obstruction_endpoint_distance,2.3039804143037372,3034.518137041327,True,,端点最大距离且全时段按遮挡计损仍满足双向预算
T017,巡航,4629.427775585167,4648.688905620665,直连,,1088,PASS,worst_obstruction_endpoint_distance,1.6719880028574607,3263.5431418049566,True,,端点最大距离且全时段按遮挡计损仍满足双向预算
T017,巡航,4648.688905620665,4667.950035656162,直连,,1089,PASS,worst_obstruction_endpoint_distance,1.0821865422595636,3492.8459454035633,True,,端点最大距离且全时段按遮挡计损仍满足双向预算
T017,巡航,4667.950035656162,4687.2111656916595,直连,,1090,PASS,worst_obstruction_endpoint_distance,0.5293722208087246,3722.375209961339,True,,端点最大距离且全时段按遮挡计损仍满足双向预算
T017,巡航,4687.2111656916595,4706.472295727157,直连,,1091,PASS,worst_obstruction_endpoint_distance,0.009235394013643372,3952.09147852823,True,,端点最大距离且全时段按遮挡计损仍满足双向预算
T017,巡航,4706.472295727157,4725.733425762654,中继,R005,1092,PASS,worst_obstruction_endpoint_distance,10.631011336525901,583.0934883002474,True,,端点最大距离且全时段按遮挡计损仍满足双向预算
T017,巡航,4725.733425762654,4744.994555798153,中继,R005,1093,PASS,worst_obstruction_endpoint_distance,7.986039140627014,790.6545986698939,True,,端点最大距离且全时段按遮挡计损仍满足双向预算
T017,巡航,4744.994555798153,4764.25568583365,中继,R005,1094,PASS,worst_obstruction_endpoint_distance,5.872066810682199,1008.522096043745,True,,端点最大距离且全时段按遮挡计损仍满足双向预算
T017,巡航,4764.25568583365,4783.516815869148,中继,R005,1095,PASS,worst_obstruction_endpoint_distance,4.138942470962704,1231.2369339525665,True,,端点最大距离且全时段按遮挡计损仍满足双向预算
T017,巡航,4783.516815869148,4802.777945904645,中继,R005,1096,PASS,worst_obstruction_endpoint_distance,2.6791044757940483,1456.5772902114215,True,,端点最大距离且全时段按遮挡计损仍满足双向预算
T017,巡航,4802.777945904645,4822.0390759401425,中继,R005,1097,PASS,worst_obstruction_endpoint_distance,1.4215685097340724,1683.4891929266453,True,,端点最大距离且全时段按遮挡计损仍满足双向预算
T017,巡航,4822.0390759401425,4841.30020597564,中继,R005,1098,PASS,worst_obstruction_endpoint_distance,0.31868432407806324,1911.4130292935956,True,,端点最大距离且全时段按遮挡计损仍满足双向预算
T017,巡航,4841.30020597564,4860.561336011138,中继,R004,1099,PASS,worst_obstruction_endpoint_distance,1.1083852893084156,1745.2976094260764,True,,端点最大距离且全时段按遮挡计损仍满足双向预算
T017,巡航,4860.561336011138,4879.822466046636,中继,R004,1100,PASS,worst_obstruction_endpoint_distance,0.7194476577621458,1825.2248602709064,True,,端点最大距离且全时段按遮挡计损仍满足双向预算
T017,下降,4879.822466046636,4899.282317120855,中继,R004,1101,PASS,worst_obstruction_endpoint_distance,0.7194476577621458,1825.2248602709064,True,,端点最大距离且全时段按遮挡计损仍满足双向预算
T017,下降,4899.282317120855,4918.742168195073,中继,R004,1102,PASS,worst_obstruction_endpoint_distance,0.7287252227213372,1823.2763434744863,True,,端点最大距离且全时段按遮挡计损仍满足双向预算
T017,投送,4918.742168195073,4938.742168195073,中继,R004,1103,PASS,exact_point,0.7318298297417414,1822.6247642738538,,,独立计算 DEM 遮挡、自由空间损耗与双向预算
T017,投送,4938.742168195073,4958.742168195073,中继,R004,1104,PASS,exact_point,0.7318298297417414,1822.6247642738538,,,独立计算 DEM 遮挡、自由空间损耗与双向预算
T017,投送,4958.742168195073,4978.742168195073,中继,R004,1105,PASS,exact_point,0.7318298297417414,1822.6247642738538,,,独立计算 DEM 遮挡、自由空间损耗与双向预算
T017,投送,4978.742168195073,4998.742168195073,中继,R004,1106,PASS,exact_point,0.7318298297417414,1822.6247642738538,,,独立计算 DEM 遮挡、自由空间损耗与双向预算
T017,投送,4998.742168195073,5018.742168195073,中继,R004,1107,PASS,exact_point,0.7318298297417414,1822.6247642738538,,,独立计算 DEM 遮挡、自由空间损耗与双向预算
T017,投送,5018.742168195073,5038.742168195073,中继,R004,1108,PASS,exact_point,0.7318298297417414,1822.6247642738538,,,独立计算 DEM 遮挡、自由空间损耗与双向预算
T017,投送,5038.742168195073,5058.742168195073,中继,R004,1109,PASS,exact_point,0.7318298297417414,1822.6247642738538,,,独立计算 DEM 遮挡、自由空间损耗与双向预算
T017,投送,5058.742168195073,5078.742168195073,中继,R004,1110,PASS,exact_point,0.7318298297417414,1822.6247642738538,,,独立计算 DEM 遮挡、自由空间损耗与双向预算
T017,投送,5078.742168195073,5098.742168195073,中继,R004,1111,PASS,exact_point,0.7318298297417414,1822.6247642738538,,,独立计算 DEM 遮挡、自由空间损耗与双向预算
T017,爬升,5098.742168195073,5114.958710756922,中继,R004,1112,PASS,worst_obstruction_endpoint_distance,0.7287252227213372,1823.2763434744866,True,,端点最大距离且全时段按遮挡计损仍满足双向预算
T017,爬升,5114.958710756922,5131.175253318771,中继,R004,1113,PASS,worst_obstruction_endpoint_distance,0.7194476577621458,1825.2248602709064,True,,端点最大距离且全时段按遮挡计损仍满足双向预算
T017,巡航,5131.175253318771,5150.436383354268,中继,R004,1114,PASS,worst_obstruction_endpoint_distance,0.7194476577621458,1825.2248602709064,True,,端点最大距离且全时段按遮挡计损仍满足双向预算
T017,巡航,5150.436383354268,5169.697513389766,中继,R004,1115,PASS,worst_obstruction_endpoint_distance,1.1083852893084156,1745.2976094260764,True,,端点最大距离且全时段按遮挡计损仍满足双向预算
T017,巡航,5169.697513389766,5188.958643425263,中继,R005,1116,PASS,worst_obstruction_endpoint_distance,0.31868432407806324,1911.4130292935956,True,,端点最大距离且全时段按遮挡计损仍满足双向预算
T017,巡航,5188.958643425263,5208.219773460762,中继,R005,1117,PASS,worst_obstruction_endpoint_distance,1.4215685097340724,1683.4891929266453,True,,端点最大距离且全时段按遮挡计损仍满足双向预算
T017,巡航,5208.219773460762,5227.480903496259,中继,R005,1118,PASS,worst_obstruction_endpoint_distance,2.6791044757940483,1456.5772902114215,True,,端点最大距离且全时段按遮挡计损仍满足双向预算
T017,巡航,5227.480903496259,5246.7420335317565,中继,R005,1119,PASS,worst_obstruction_endpoint_distance,4.138942470962704,1231.2369339525665,True,,端点最大距离且全时段按遮挡计损仍满足双向预算
T017,巡航,5246.7420335317565,5266.003163567254,中继,R005,1120,PASS,worst_obstruction_endpoint_distance,5.872066810682199,1008.522096043745,True,,端点最大距离且全时段按遮挡计损仍满足双向预算
T017,巡航,5266.003163567254,5285.264293602751,中继,R005,1121,PASS,worst_obstruction_endpoint_distance,7.986039140627014,790.6545986698939,True,,端点最大距离且全时段按遮挡计损仍满足双向预算
T017,巡航,5285.264293602751,5304.52542363825,中继,R005,1122,PASS,worst_obstruction_endpoint_distance,10.631011336525901,583.0934883002474,True,,端点最大距离且全时段按遮挡计损仍满足双向预算
T017,巡航,5304.52542363825,5323.786553673746,直连,,1123,PASS,worst_obstruction_endpoint_distance,0.009235394013728637,3952.0914785281925,True,,端点最大距离且全时段按遮挡计损仍满足双向预算
T017,巡航,5323.786553673746,5343.047683709245,直连,,1124,PASS,worst_obstruction_endpoint_distance,0.5293722208087246,3722.375209961339,True,,端点最大距离且全时段按遮挡计损仍满足双向预算
T017,巡航,5343.047683709245,5362.308813744742,直连,,1125,PASS,worst_obstruction_endpoint_distance,1.0821865422595636,3492.8459454035633,True,,端点最大距离且全时段按遮挡计损仍满足双向预算
T017,巡航,5362.308813744742,5381.56994378024,直连,,1126,PASS,worst_obstruction_endpoint_distance,1.6719880028574607,3263.5431418049566,True,,端点最大距离且全时段按遮挡计损仍满足双向预算
T017,巡航,5381.56994378024,5400.831073815737,直连,,1127,PASS,worst_obstruction_endpoint_distance,2.3039804143037372,3034.518137041327,True,,端点最大距离且全时段按遮挡计损仍满足双向预算
T017,巡航,5400.831073815737,5420.092203851234,直连,,1128,PASS,worst_obstruction_endpoint_distance,2.9845203486506193,2805.8389574517014,True,,端点最大距离且全时段按遮挡计损仍满足双向预算
T017,巡航,5420.092203851234,5439.353333886733,直连,,1129,PASS,worst_obstruction_endpoint_distance,3.721472632026277,2577.5976473811083,True,,端点最大距离且全时段按遮挡计损仍满足双向预算
T017,巡航,5439.353333886733,5458.61446392223,直连,,1130,PASS,worst_obstruction_endpoint_distance,4.524706971568108,2349.921797406128,True,,端点最大距离且全时段按遮挡计损仍满足双向预算
T017,巡航,5458.61446392223,5477.875593957728,直连,,1131,PASS,worst_obstruction_endpoint_distance,5.406802530840267,2122.9933399745287,True,,端点最大距离且全时段按遮挡计损仍满足双向预算
T017,巡航,5477.875593957728,5497.136723993225,直连,,1132,PASS,worst_obstruction_endpoint_distance,6.384059952816699,1897.0805029672351,True,,端点最大距离且全时段按遮挡计损仍满足双向预算
T017,巡航,5497.136723993225,5516.397854028723,直连,,1133,PASS,worst_obstruction_endpoint_distance,7.477959966071879,1672.594868284282,True,,端点最大距离且全时段按遮挡计损仍满足双向预算
T017,巡航,5516.397854028723,5535.658984064221,直连,,1134,PASS,worst_obstruction_endpoint_distance,8.717220954588996,1450.1993647745833,True,,端点最大距离且全时段按遮挡计损仍满足双向预算
T017,巡航,5535.658984064221,5554.9201140997175,直连,,1135,PASS,worst_obstruction_endpoint_distance,10.140421384238124,1231.0273137854615,True,,端点最大距离且全时段按遮挡计损仍满足双向预算
T017,巡航,5554.9201140997175,5574.181244135216,直连,,1136,PASS,worst_obstruction_endpoint_distance,11.79795076223219,1017.1645601815749,True,,端点最大距离且全时段按遮挡计损仍满足双向预算
T017,巡航,5574.181244135216,5593.442374170713,直连,,1137,PASS,worst_obstruction_endpoint_distance,13.74596424994661,812.8128217511918,True,,端点最大距离且全时段按遮挡计损仍满足双向预算
T017,巡航,5593.442374170713,5612.703504206211,直连,,1138,PASS,worst_obstruction_endpoint_distance,15.995764197007787,627.3364881998474,True,,端点最大距离且全时段按遮挡计损仍满足双向预算
T017,巡航,5612.703504206211,5631.964634241708,直连,,1139,PASS,worst_obstruction_endpoint_distance,18.26694608916199,482.9936864612807,True,,端点最大距离且全时段按遮挡计损仍满足双向预算
T017,下降,5631.964634241708,5651.702378924868,直连,,1140,PASS,worst_obstruction_endpoint_distance,19.396424967151802,424.099255371094,True,,端点最大距离且全时段按遮挡计损仍满足双向预算
T017,下降,5651.702378924868,5671.4401236080275,直连,,1141,PASS,worst_obstruction_endpoint_distance,20.47082891163663,374.7548936631949,True,,端点最大距离且全时段按遮挡计损仍满足双向预算
T017,下降,5671.4401236080275,5691.177868291188,直连,,1142,PASS,worst_obstruction_endpoint_distance,21.697143069224396,325.4105319552958,True,,端点最大距离且全时段按遮挡计损仍满足双向预算
T017,下降,5691.177868291188,5710.915612974348,直连,,1143,PASS,worst_obstruction_endpoint_distance,23.125511355694925,276.0661702473945,True,,端点最大距离且全时段按遮挡计损仍满足双向预算
T017,下降,5710.915612974348,5730.6533576575075,直连,,1144,PASS,worst_obstruction_endpoint_distance,24.835909220862632,226.72180853949538,True,,端点最大距离且全时段按遮挡计损仍满足双向预算
T017,下降,5730.6533576575075,5750.391102340667,直连,,1145,PASS,worst_obstruction_endpoint_distance,26.967807178204296,177.37744683159633,True,,端点最大距离且全时段按遮挡计损仍满足双向预算
T017,下降,5750.391102340667,5770.128847023827,直连,,1146,PASS,worst_obstruction_endpoint_distance,29.799330955625607,128.03308512369722,True,,端点最大距离且全时段按遮挡计损仍满足双向预算
T017,下降,5770.128847023827,5789.866591706987,直连,,1147,PASS,worst_obstruction_endpoint_distance,34.02752517149327,78.68872341579817,True,,端点最大距离且全时段按遮挡计损仍满足双向预算
T017,下降,5789.866591706987,5809.604336390146,直连,,1148,PASS,worst_obstruction_endpoint_distance,42.59528182028201,29.344361707899054,True,,端点最大距离且全时段按遮挡计损仍满足双向预算
T018,爬升,4310.0,4328.504135640463,直连,,1149,PASS,worst_obstruction_endpoint_distance,40.93817299698006,35.512406921388134,True,,端点最大距离且全时段按遮挡计损仍满足双向预算
T018,爬升,4328.504135640463,4347.008271280924,直连,,1150,PASS,worst_obstruction_endpoint_distance,32.76257917737007,91.02481384277351,True,,端点最大距离且全时段按遮挡计损仍满足双向预算
T018,爬升,4347.008271280924,4365.512406921387,直连,,1151,PASS,worst_obstruction_endpoint_distance,28.626816157375487,146.5372207641616,True,,端点最大距离且全时段按遮挡计损仍满足双向预算
T018,爬升,4365.512406921387,4384.016542561849,直连,,1152,PASS,worst_obstruction_endpoint_distance,25.836614075565635,202.04962768554702,True,,端点最大距离且全时段按遮挡计损仍满足双向预算
T018,爬升,4384.016542561849,4402.5206782023115,直连,,1153,PASS,worst_obstruction_endpoint_distance,23.728138223056888,257.56203460693513,True,,端点最大距离且全时段按遮挡计损仍满足双向预算
T018,爬升,4402.5206782023115,4421.024813842773,直连,,1154,PASS,worst_obstruction_endpoint_distance,22.032822874833954,313.0744415283205,True,,端点最大距离且全时段按遮挡计损仍满足双向预算
T018,爬升,4421.024813842773,4439.528949483236,直连,,1155,PASS,worst_obstruction_endpoint_distance,20.614978463875502,368.5868484497086,True,,端点最大距离且全时段按遮挡计损仍满足双向预算
T018,爬升,4439.528949483236,4458.033085123698,直连,,1156,PASS,worst_obstruction_endpoint_distance,19.396424967151802,424.099255371094,True,,端点最大距离且全时段按遮挡计损仍满足双向预算
T018,巡航,4458.033085123698,4477.110775825524,直连,,1157,PASS,worst_obstruction_endpoint_distance,17.766895121913237,511.6158636829078,True,,端点最大距离且全时段按遮挡计损仍满足双向预算
T018,巡航,4477.110775825524,4496.18846652735,直连,,1158,PASS,worst_obstruction_endpoint_distance,14.892076823385764,712.3360391482996,True,,端点最大距离且全时段按遮挡计损仍满足双向预算
T018,巡航,4496.18846652735,4515.266157229176,直连,,1159,PASS,worst_obstruction_endpoint_distance,12.322670535858677,957.5362658919046,True,,端点最大距离且全时段按遮挡计损仍满足双向预算
T018,巡航,4515.266157229176,4534.3438479310025,直连,,1160,PASS,worst_obstruction_endpoint_distance,10.213591886626759,1220.7006166374656,True,,端点最大距离且全时段按遮挡计损仍满足双向预算
T018,巡航,4534.3438479310025,4553.421538632829,直连,,1161,PASS,worst_obstruction_endpoint_distance,8.468328226484786,1492.3556940457386,True,,端点最大距离且全时段按遮挡计损仍满足双向预算
T018,巡航,4553.421538632829,4572.499229334655,直连,,1162,PASS,worst_obstruction_endpoint_distance,6.993215648778175,1768.5933016874653,True,,端点最大距离且全时段按遮挡计损仍满足双向预算
T018,巡航,4572.499229334655,4591.576920036481,直连,,1163,PASS,worst_obstruction_endpoint_distance,5.721044201132514,2047.5595823149097,True,,端点最大距离且全时段按遮挡计损仍满足双向预算
T018,巡航,4591.576920036481,4610.654610738307,直连,,1164,PASS,worst_obstruction_endpoint_distance,4.6050936964493445,2328.273920013661,True,,端点最大距离且全时段按遮挡计损仍满足双向预算
T018,巡航,4610.654610738307,4629.732301440134,直连,,1165,PASS,worst_obstruction_endpoint_distance,3.6123913546315833,2610.172384581751,True,,端点最大距离且全时段按遮挡计损仍满足双向预算
T018,巡航,4629.732301440134,4648.80999214196,直连,,1166,PASS,worst_obstruction_endpoint_distance,2.719080205408204,2892.908836272585,True,,端点最大距离且全时段按遮挡计损仍满足双向预算
T018,巡航,4648.80999214196,4667.887682843786,直连,,1167,PASS,worst_obstruction_endpoint_distance,1.907455621920647,3176.25950134185,True,,端点最大距离且全时段按遮挡计损仍满足双向预算
T018,巡航,4667.887682843786,4686.965373545612,直连,,1168,PASS,worst_obstruction_endpoint_distance,1.1640687134028127,3460.0734864853043,True,,端点最大距离且全时段按遮挡计损仍满足双向预算
T018,巡航,4686.965373545612,4706.043064247438,直连,,1169,PASS,worst_obstruction_endpoint_distance,0.4784889884004002,3744.2454341324783,True,,端点最大距离且全时段按遮挡计损仍满足双向预算
T018,巡航,4706.043064247438,4725.120754949265,中继,R005,1170,PASS,worst_obstruction_endpoint_distance,12.738799266517844,457.4554383442125,True,,端点最大距离且全时段按遮挡计损仍满足双向预算
T018,巡航,4725.120754949265,4744.198445651091,中继,R005,1171,PASS,worst_obstruction_endpoint_distance,9.045142755798594,699.8929525750792,True,,端点最大距离且全时段按遮挡计损仍满足双向预算
T018,巡航,4744.198445651091,4763.276136352917,中继,R005,1172,PASS,worst_obstruction_endpoint_distance,6.241301973292337,966.548518797224,True,,端点最大距离且全时段按遮挡计损仍满足双向预算
T018,巡航,4763.276136352917,4782.353827054743,中继,R005,1173,PASS,worst_obstruction_endpoint_distance,4.063908730771459,1241.919144085208,True,,端点最大距离且全时段按遮挡计损仍满足双向预算
T018,巡航,4782.353827054743,4801.4315177565695,中继,R005,1174,PASS,worst_obstruction_endpoint_distance,2.301594546558249,1521.2795630106461,True,,端点最大距离且全时段按遮挡计损仍满足双向预算
T018,巡航,4801.4315177565695,4820.509208458396,中继,R005,1175,PASS,worst_obstruction_endpoint_distance,0.8269401069682516,1802.77593847744,True,,端点最大距离且全时段按遮挡计损仍满足双向预算
T018,巡航,4820.509208458396,4839.586899160222,中继,R004,1176,PASS,worst_obstruction_endpoint_distance,1.183454725095828,1730.2785424355745,True,,端点最大距离且全时段按遮挡计损仍满足双向预算
T018,巡航,4839.586899160222,4858.664589862048,中继,R004,1177,PASS,worst_obstruction_endpoint_distance,0.7194476577621458,1825.2248602709064,True,,端点最大距离且全时段按遮挡计损仍满足双向预算
T018,下降,4858.664589862048,4878.124440936266,中继,R004,1178,PASS,worst_obstruction_endpoint_distance,0.7194476577621458,1825.2248602709064,True,,端点最大距离且全时段按遮挡计损仍满足双向预算
T018,下降,4878.124440936266,4897.584292010485,中继,R004,1179,PASS,worst_obstruction_endpoint_distance,0.7287252227213372,1823.2763434744863,True,,端点最大距离且全时段按遮挡计损仍满足双向预算
T018,投送,4897.584292010485,4916.675201101394,中继,R004,1180,PASS,exact_point,0.7318298297417414,1822.6247642738538,,,独立计算 DEM 遮挡、自由空间损耗与双向预算
T018,投送,4916.675201101394,4935.766110192304,中继,R004,1181,PASS,exact_point,0.7318298297417414,1822.6247642738538,,,独立计算 DEM 遮挡、自由空间损耗与双向预算
T018,投送,4935.766110192304,4954.857019283213,中继,R004,1182,PASS,exact_point,0.7318298297417414,1822.6247642738538,,,独立计算 DEM 遮挡、自由空间损耗与双向预算
T018,投送,4954.857019283213,4973.947928374122,中继,R004,1183,PASS,exact_point,0.7318298297417414,1822.6247642738538,,,独立计算 DEM 遮挡、自由空间损耗与双向预算
T018,投送,4973.947928374122,4993.038837465031,中继,R004,1184,PASS,exact_point,0.7318298297417414,1822.6247642738538,,,独立计算 DEM 遮挡、自由空间损耗与双向预算
T018,投送,4993.038837465031,5012.12974655594,中继,R004,1185,PASS,exact_point,0.7318298297417414,1822.6247642738538,,,独立计算 DEM 遮挡、自由空间损耗与双向预算
T018,投送,5012.12974655594,5031.220655646849,中继,R004,1186,PASS,exact_point,0.7318298297417414,1822.6247642738538,,,独立计算 DEM 遮挡、自由空间损耗与双向预算
T018,投送,5031.220655646849,5050.311564737758,中继,R004,1187,PASS,exact_point,0.7318298297417414,1822.6247642738538,,,独立计算 DEM 遮挡、自由空间损耗与双向预算
T018,投送,5050.311564737758,5069.402473828667,中继,R004,1188,PASS,exact_point,0.7318298297417414,1822.6247642738538,,,独立计算 DEM 遮挡、自由空间损耗与双向预算
T018,投送,5069.402473828667,5088.493382919576,中继,R004,1189,PASS,exact_point,0.7318298297417414,1822.6247642738538,,,独立计算 DEM 遮挡、自由空间损耗与双向预算
T018,投送,5088.493382919576,5107.584292010486,中继,R004,1190,PASS,exact_point,0.7318298297417414,1822.6247642738538,,,独立计算 DEM 遮挡、自由空间损耗与双向预算
T018,爬升,5107.584292010486,5123.800834572335,中继,R004,1191,PASS,worst_obstruction_endpoint_distance,0.7287252227213372,1823.2763434744863,True,,端点最大距离且全时段按遮挡计损仍满足双向预算
T018,爬升,5123.800834572335,5140.017377134183,中继,R004,1192,PASS,worst_obstruction_endpoint_distance,0.7194476577621458,1825.2248602709064,True,,端点最大距离且全时段按遮挡计损仍满足双向预算
T018,巡航,5140.017377134183,5159.09506783601,中继,R004,1193,PASS,worst_obstruction_endpoint_distance,0.7194476577621458,1825.2248602709064,True,,端点最大距离且全时段按遮挡计损仍满足双向预算
T018,巡航,5159.09506783601,5178.172758537836,中继,R004,1194,PASS,worst_obstruction_endpoint_distance,1.183454725095828,1730.2785424355745,True,,端点最大距离且全时段按遮挡计损仍满足双向预算
T018,巡航,5178.172758537836,5197.250449239662,中继,R005,1195,PASS,worst_obstruction_endpoint_distance,0.8269401069682516,1802.77593847744,True,,端点最大距离且全时段按遮挡计损仍满足双向预算
T018,巡航,5197.250449239662,5216.328139941488,中继,R005,1196,PASS,worst_obstruction_endpoint_distance,2.301594546558249,1521.2795630106461,True,,端点最大距离且全时段按遮挡计损仍满足双向预算
T018,巡航,5216.328139941488,5235.405830643314,中继,R005,1197,PASS,worst_obstruction_endpoint_distance,4.063908730771459,1241.919144085208,True,,端点最大距离且全时段按遮挡计损仍满足双向预算
T018,巡航,5235.405830643314,5254.483521345141,中继,R005,1198,PASS,worst_obstruction_endpoint_distance,6.241301973292337,966.548518797224,True,,端点最大距离且全时段按遮挡计损仍满足双向预算
T018,巡航,5254.483521345141,5273.561212046967,中继,R005,1199,PASS,worst_obstruction_endpoint_distance,9.045142755798594,699.8929525750792,True,,端点最大距离且全时段按遮挡计损仍满足双向预算
T018,巡航,5273.561212046967,5292.638902748793,中继,R005,1200,PASS,worst_obstruction_endpoint_distance,12.738799266517844,457.4554383442125,True,,端点最大距离且全时段按遮挡计损仍满足双向预算
T018,巡航,5292.638902748793,5311.716593450619,直连,,1201,PASS,worst_obstruction_endpoint_distance,0.4784889884004002,3744.2454341324783,True,,端点最大距离且全时段按遮挡计损仍满足双向预算
T018,巡航,5311.716593450619,5330.7942841524455,直连,,1202,PASS,worst_obstruction_endpoint_distance,1.1640687134028127,3460.0734864853043,True,,端点最大距离且全时段按遮挡计损仍满足双向预算
T018,巡航,5330.7942841524455,5349.871974854272,直连,,1203,PASS,worst_obstruction_endpoint_distance,1.907455621920647,3176.25950134185,True,,端点最大距离且全时段按遮挡计损仍满足双向预算
T018,巡航,5349.871974854272,5368.949665556098,直连,,1204,PASS,worst_obstruction_endpoint_distance,2.719080205408204,2892.908836272585,True,,端点最大距离且全时段按遮挡计损仍满足双向预算
T018,巡航,5368.949665556098,5388.027356257924,直连,,1205,PASS,worst_obstruction_endpoint_distance,3.6123913546315833,2610.172384581751,True,,端点最大距离且全时段按遮挡计损仍满足双向预算
T018,巡航,5388.027356257924,5407.10504695975,直连,,1206,PASS,worst_obstruction_endpoint_distance,4.6050936964493445,2328.273920013661,True,,端点最大距离且全时段按遮挡计损仍满足双向预算
T018,巡航,5407.10504695975,5426.1827376615765,直连,,1207,PASS,worst_obstruction_endpoint_distance,5.721044201132514,2047.5595823149097,True,,端点最大距离且全时段按遮挡计损仍满足双向预算
T018,巡航,5426.1827376615765,5445.260428363403,直连,,1208,PASS,worst_obstruction_endpoint_distance,6.993215648778175,1768.5933016874653,True,,端点最大距离且全时段按遮挡计损仍满足双向预算
T018,巡航,5445.260428363403,5464.338119065229,直连,,1209,PASS,worst_obstruction_endpoint_distance,8.468328226484786,1492.3556940457386,True,,端点最大距离且全时段按遮挡计损仍满足双向预算
T018,巡航,5464.338119065229,5483.415809767055,直连,,1210,PASS,worst_obstruction_endpoint_distance,10.213591886626759,1220.7006166374656,True,,端点最大距离且全时段按遮挡计损仍满足双向预算
T018,巡航,5483.415809767055,5502.493500468881,直连,,1211,PASS,worst_obstruction_endpoint_distance,12.322670535858677,957.5362658919046,True,,端点最大距离且全时段按遮挡计损仍满足双向预算
T018,巡航,5502.493500468881,5521.571191170708,直连,,1212,PASS,worst_obstruction_endpoint_distance,14.892076823385764,712.3360391482996,True,,端点最大距离且全时段按遮挡计损仍满足双向预算
T018,巡航,5521.571191170708,5540.648881872534,直连,,1213,PASS,worst_obstruction_endpoint_distance,17.766895121913237,511.6158636829078,True,,端点最大距离且全时段按遮挡计损仍满足双向预算
T018,下降,5540.648881872534,5560.3866265556935,直连,,1214,PASS,worst_obstruction_endpoint_distance,19.396424967151802,424.099255371094,True,,端点最大距离且全时段按遮挡计损仍满足双向预算
T018,下降,5560.3866265556935,5580.124371238853,直连,,1215,PASS,worst_obstruction_endpoint_distance,20.470828911636644,374.75489366319465,True,,端点最大距离且全时段按遮挡计损仍满足双向预算
T018,下降,5580.124371238853,5599.862115922013,直连,,1216,PASS,worst_obstruction_endpoint_distance,21.69714306922441,325.4105319552953,True,,端点最大距离且全时段按遮挡计损仍满足双向预算
T018,下降,5599.862115922013,5619.599860605173,直连,,1217,PASS,worst_obstruction_endpoint_distance,23.125511355694883,276.066170247396,True,,端点最大距离且全时段按遮挡计损仍满足双向预算
T018,下降,5619.599860605173,5639.337605288332,直连,,1218,PASS,worst_obstruction_endpoint_distance,24.83590922086259,226.72180853949664,True,,端点最大距离且全时段按遮挡计损仍满足双向预算
T018,下降,5639.337605288332,5659.075349971492,直连,,1219,PASS,worst_obstruction_endpoint_distance,26.967807178204254,177.3774468315973,True,,端点最大距离且全时段按遮挡计损仍满足双向预算
T018,下降,5659.075349971492,5678.813094654652,直连,,1220,PASS,worst_obstruction_endpoint_distance,29.79933095562555,128.03308512369802,True,,端点最大距离且全时段按遮挡计损仍满足双向预算
T018,下降,5678.813094654652,5698.550839337811,直连,,1221,PASS,worst_obstruction_endpoint_distance,34.02752517149321,78.68872341579868,True,,端点最大距离且全时段按遮挡计损仍满足双向预算
T018,下降,5698.550839337811,5718.288584020971,直连,,1222,PASS,worst_obstruction_endpoint_distance,42.595281820281926,29.34436170789934,True,,端点最大距离且全时段按遮挡计损仍满足双向预算
T019,爬升,4342.0,4361.213658752441,直连,,1223,PASS,worst_obstruction_endpoint_distance,42.99202827701133,28.034146881102373,True,,端点最大距离且全时段按遮挡计损仍满足双向预算
T019,爬升,4361.213658752441,4380.427317504883,直连,,1224,PASS,worst_obstruction_endpoint_distance,34.32170166595179,76.06829376220702,True,,端点最大距离且全时段按遮挡计损仍满足双向预算
T019,爬升,4380.427317504883,4399.640976257324,直连,,1225,PASS,worst_obstruction_endpoint_distance,30.070168714278594,124.10244064330936,True,,端点最大距离且全时段按遮挡计损仍满足双向预算
T019,爬升,4399.640976257324,4418.854635009766,直连,,1226,PASS,worst_obstruction_endpoint_distance,27.228311382556527,172.13658752441404,True,,端点最大距离且全时段按遮挡计损仍满足双向预算
T019,爬升,4418.854635009766,4438.068293762207,直连,,1227,PASS,worst_obstruction_endpoint_distance,25.09058334452189,220.17073440551638,True,,端点最大距离且全时段按遮挡计损仍满足双向预算
T019,爬升,4438.068293762207,4457.281952514649,直连,,1228,PASS,worst_obstruction_endpoint_distance,23.376441612193574,268.204881286621,True,,端点最大距离且全时段按遮挡计损仍满足双向预算
T019,爬升,4457.281952514649,4476.49561126709,直连,,1229,PASS,worst_obstruction_endpoint_distance,21.94546583158437,316.23902816772335,True,,端点最大距离且全时段按遮挡计损仍满足双向预算
T019,爬升,4476.49561126709,4495.709270019532,直连,,1230,PASS,worst_obstruction_endpoint_distance,20.717231343301734,364.273175048828,True,,端点最大距离且全时段按遮挡计损仍满足双向预算
T019,巡航,4495.709270019532,4514.603136667917,直连,,1231,PASS,worst_obstruction_endpoint_distance,18.661672477929415,461.5355244926001,True,,端点最大距离且全时段按遮挡计损仍满足双向预算
T019,巡航,4514.603136667917,4533.497003316304,直连,,1232,PASS,worst_obstruction_endpoint_distance,15.375452699934556,673.7769091431577,True,,端点最大距离且全时段按遮挡计损仍满足双向预算
T019,巡航,4533.497003316304,4552.39086996469,直连,,1233,PASS,worst_obstruction_endpoint_distance,12.623190271631984,924.9734022323017,True,,端点最大距离且全时段按遮挡计损仍满足双向预算
T019,巡航,4552.39086996469,4571.284736613075,直连,,1234,PASS,worst_obstruction_endpoint_distance,10.429575041650054,1190.7209811695823,True,,端点最大距离且全时段按遮挡计损仍满足双向预算
T019,巡航,4571.284736613075,4590.178603261462,直连,,1235,PASS,worst_obstruction_endpoint_distance,8.64022254510887,1463.1121979446089,True,,端点最大距离且全时段按遮挡计损仍满足双向预算
T019,巡航,4590.178603261462,4609.072469909848,直连,,1236,PASS,worst_obstruction_endpoint_distance,7.139643736160679,1739.027987459995,True,,端点最大距离且全时段按遮挡计损仍满足双向预算
T019,巡航,4609.072469909848,4627.966336558235,直连,,1237,PASS,worst_obstruction_endpoint_distance,5.851560521092864,2017.0224508369258,True,,端点最大距离且全时段按遮挡计损仍满足双向预算
T019,巡航,4627.966336558235,4646.86020320662,直连,,1238,PASS,worst_obstruction_endpoint_distance,4.725048394892426,2296.340780852931,True,,端点最大距离且全时段按遮挡计损仍满足双向预算
T019,巡航,4646.86020320662,4665.7540698550065,直连,,1239,PASS,worst_obstruction_endpoint_distance,3.7249953747456317,2576.552461149355,True,,端点最大距离且全时段按遮挡计损仍满足双向预算
T019,巡航,4665.7540698550065,4684.647936503392,直连,,1240,PASS,worst_obstruction_endpoint_distance,2.8263705191290995,2857.394683434026,True,,端点最大距离且全时段按遮挡计损仍满足双向预算
T019,巡航,4684.647936503392,4703.541803151778,直连,,1241,PASS,worst_obstruction_endpoint_distance,2.010784013786548,3138.6981946975716,True,,端点最大距离且全时段按遮挡计损仍满足双向预算
T019,巡航,4703.541803151778,4722.435669800165,直连,,1242,PASS,worst_obstruction_endpoint_distance,1.2643662606990915,3420.3491819541655,True,,端点最大距离且全时段按遮挡计损仍满足双向预算
T019,巡航,4722.435669800165,4741.329536448551,直连,,1243,PASS,worst_obstruction_endpoint_distance,0.5764172950555349,3702.2683430850543,True,,端点最大距离且全时段按遮挡计损仍满足双向预算
T019,巡航,4741.329536448551,4760.223403096937,中继,R005,1244,PASS,worst_obstruction_endpoint_distance,2.4771809457379277,1490.8354495752667,True,,端点最大距离且全时段按遮挡计损仍满足双向预算
T019,巡航,4760.223403096937,4779.117269745323,中继,R005,1245,PASS,worst_obstruction_endpoint_distance,1.7549670517514642,1620.094716558583,True,,端点最大距离且全时段按遮挡计损仍满足双向预算
T019,巡航,4779.117269745323,4798.011136393709,中继,R005,1246,PASS,worst_obstruction_endpoint_distance,0.9113227825537535,1785.3469220713016,True,,端点最大距离且全时段按遮挡计损仍满足双向预算
T019,下降,4798.011136393709,4814.358453898592,中继,R005,1247,PASS,worst_obstruction_endpoint_distance,0.9113227825537535,1785.3469220713016,True,,端点最大距离且全时段按遮挡计损仍满足双向预算
T019,下降,4814.358453898592,4830.7057714034745,中继,R005,1248,PASS,worst_obstruction_endpoint_distance,0.9205622874269466,1783.4487916751452,True,,端点最大距离且全时段按遮挡计损仍满足双向预算
T019,下降,4830.7057714034745,4847.0530889083575,中继,R005,1249,PASS,worst_obstruction_endpoint_distance,0.9268971655917397,1782.1485435345855,True,,端点最大距离且全时段按遮挡计损仍满足双向预算
T019,下降,4847.0530889083575,4863.4004064132405,中继,R005,1250,PASS,worst_obstruction_endpoint_distance,0.9303146693903983,1781.4474868022905,True,,端点最大距离且全时段按遮挡计损仍满足双向预算
T019,下降,4863.4004064132405,4879.7477239181235,中继,R005,1251,PASS,worst_obstruction_endpoint_distance,0.928375872530296,1781.8451720641253,True,,端点最大距离且全时段按遮挡计损仍满足双向预算
T019,投送,4879.7477239181235,4898.947723918123,中继,R005,1252,PASS,exact_point,0.928375872530296,1781.8451720641253,,,独立计算 DEM 遮挡、自由空间损耗与双向预算
T019,投送,4898.947723918123,4918.147723918123,中继,R005,1253,PASS,exact_point,0.928375872530296,1781.8451720641253,,,独立计算 DEM 遮挡、自由空间损耗与双向预算
T019,投送,4918.147723918123,4937.347723918123,中继,R005,1254,PASS,exact_point,0.928375872530296,1781.8451720641253,,,独立计算 DEM 遮挡、自由空间损耗与双向预算
T019,投送,4937.347723918123,4956.547723918124,中继,R005,1255,PASS,exact_point,0.928375872530296,1781.8451720641253,,,独立计算 DEM 遮挡、自由空间损耗与双向预算
T019,投送,4956.547723918124,4975.7477239181235,中继,R005,1256,PASS,exact_point,0.928375872530296,1781.8451720641253,,,独立计算 DEM 遮挡、自由空间损耗与双向预算
T019,投送,4975.7477239181235,4994.947723918123,中继,R005,1257,PASS,exact_point,0.928375872530296,1781.8451720641253,,,独立计算 DEM 遮挡、自由空间损耗与双向预算
T019,投送,4994.947723918123,5014.147723918123,中继,R005,1258,PASS,exact_point,0.928375872530296,1781.8451720641253,,,独立计算 DEM 遮挡、自由空间损耗与双向预算
T019,投送,5014.147723918123,5033.347723918123,中继,R005,1259,PASS,exact_point,0.928375872530296,1781.8451720641253,,,独立计算 DEM 遮挡、自由空间损耗与双向预算
T019,投送,5033.347723918123,5052.547723918124,中继,R005,1260,PASS,exact_point,0.928375872530296,1781.8451720641253,,,独立计算 DEM 遮挡、自由空间损耗与双向预算
T019,投送,5052.547723918124,5071.7477239181235,中继,R005,1261,PASS,exact_point,0.928375872530296,1781.8451720641253,,,独立计算 DEM 遮挡、自由空间损耗与双向预算
T019,投送,5071.7477239181235,5090.947723918123,中继,R005,1262,PASS,exact_point,0.928375872530296,1781.8451720641253,,,独立计算 DEM 遮挡、自由空间损耗与双向预算
T019,投送,5090.947723918123,5110.147723918123,中继,R005,1263,PASS,exact_point,0.928375872530296,1781.8451720641253,,,独立计算 DEM 遮挡、自由空间损耗与双向预算
T019,投送,5110.147723918123,5129.347723918123,中继,R005,1264,PASS,exact_point,0.928375872530296,1781.8451720641253,,,独立计算 DEM 遮挡、自由空间损耗与双向预算
T019,投送,5129.347723918123,5148.547723918124,中继,R005,1265,PASS,exact_point,0.928375872530296,1781.8451720641253,,,独立计算 DEM 遮挡、自由空间损耗与双向预算
T019,投送,5148.547723918124,5167.7477239181235,中继,R005,1266,PASS,exact_point,0.928375872530296,1781.8451720641253,,,独立计算 DEM 遮挡、自由空间损耗与双向预算
T019,爬升,5167.7477239181235,5184.0950414230065,中继,R005,1267,PASS,worst_obstruction_endpoint_distance,0.928375872530296,1781.8451720641253,True,,端点最大距离且全时段按遮挡计损仍满足双向预算
T019,爬升,5184.0950414230065,5200.442358927889,中继,R005,1268,PASS,worst_obstruction_endpoint_distance,0.9289711581329385,1781.7230578680615,True,,端点最大距离且全时段按遮挡计损仍满足双向预算
T019,爬升,5200.442358927889,5216.789676432772,中继,R005,1269,PASS,worst_obstruction_endpoint_distance,0.9224189130318621,1783.0676168079153,True,,端点最大距离且全时段按遮挡计损仍满足双向预算
T019,爬升,5216.789676432772,5233.136993937655,中继,R005,1270,PASS,worst_obstruction_endpoint_distance,0.9113227825537535,1785.3469220713016,True,,端点最大距离且全时段按遮挡计损仍满足双向预算
T019,巡航,5233.136993937655,5252.030860586041,中继,R005,1271,PASS,worst_obstruction_endpoint_distance,0.9113227825537535,1785.3469220713016,True,,端点最大距离且全时段按遮挡计损仍满足双向预算
T019,巡航,5252.030860586041,5270.924727234427,中继,R005,1272,PASS,worst_obstruction_endpoint_distance,1.7549670517514642,1620.094716558583,True,,端点最大距离且全时段按遮挡计损仍满足双向预算
T019,巡航,5270.924727234427,5289.818593882813,中继,R005,1273,PASS,worst_obstruction_endpoint_distance,2.4771809457379277,1490.8354495752667,True,,端点最大距离且全时段按遮挡计损仍满足双向预算
T019,巡航,5289.818593882813,5308.712460531199,直连,,1274,PASS,worst_obstruction_endpoint_distance,0.5764172950555349,3702.2683430850543,True,,端点最大距离且全时段按遮挡计损仍满足双向预算
T019,巡航,5308.712460531199,5327.606327179585,直连,,1275,PASS,worst_obstruction_endpoint_distance,1.2643662606990915,3420.3491819541655,True,,端点最大距离且全时段按遮挡计损仍满足双向预算
T019,巡航,5327.606327179585,5346.500193827971,直连,,1276,PASS,worst_obstruction_endpoint_distance,2.010784013786406,3138.698194697621,True,,端点最大距离且全时段按遮挡计损仍满足双向预算
T019,巡航,5346.500193827971,5365.3940604763575,直连,,1277,PASS,worst_obstruction_endpoint_distance,2.8263705191290995,2857.394683434026,True,,端点最大距离且全时段按遮挡计损仍满足双向预算
T019,巡航,5365.3940604763575,5384.287927124744,直连,,1278,PASS,worst_obstruction_endpoint_distance,3.7249953747456317,2576.552461149355,True,,端点最大距离且全时段按遮挡计损仍满足双向预算
T019,巡航,5384.287927124744,5403.181793773129,直连,,1279,PASS,worst_obstruction_endpoint_distance,4.725048394892426,2296.340780852931,True,,端点最大距离且全时段按遮挡计损仍满足双向预算
T019,巡航,5403.181793773129,5422.075660421516,直连,,1280,PASS,worst_obstruction_endpoint_distance,5.851560521092864,2017.0224508369258,True,,端点最大距离且全时段按遮挡计损仍满足双向预算
T019,巡航,5422.075660421516,5440.969527069902,直连,,1281,PASS,worst_obstruction_endpoint_distance,7.139643736160679,1739.027987459995,True,,端点最大距离且全时段按遮挡计损仍满足双向预算
T019,巡航,5440.969527069902,5459.863393718288,直连,,1282,PASS,worst_obstruction_endpoint_distance,8.64022254510887,1463.1121979446089,True,,端点最大距离且全时段按遮挡计损仍满足双向预算
T019,巡航,5459.863393718288,5478.757260366674,直连,,1283,PASS,worst_obstruction_endpoint_distance,10.429575041650054,1190.7209811695823,True,,端点最大距离且全时段按遮挡计损仍满足双向预算
T019,巡航,5478.757260366674,5497.65112701506,直连,,1284,PASS,worst_obstruction_endpoint_distance,12.623190271631984,924.9734022323017,True,,端点最大距离且全时段按遮挡计损仍满足双向预算
T019,巡航,5497.65112701506,5516.544993663447,直连,,1285,PASS,worst_obstruction_endpoint_distance,15.375452699934556,673.7769091431577,True,,端点最大距离且全时段按遮挡计损仍满足双向预算
T019,巡航,5516.544993663447,5535.438860311832,直连,,1286,PASS,worst_obstruction_endpoint_distance,18.661672477929415,461.5355244926001,True,,端点最大距离且全时段按遮挡计损仍满足双向预算
T019,下降,5535.438860311832,5554.652519064274,直连,,1287,PASS,worst_obstruction_endpoint_distance,20.717231343301734,364.273175048828,True,,端点最大距离且全时段按遮挡计损仍满足双向预算
T019,下降,5554.652519064274,5573.866177816715,直连,,1288,PASS,worst_obstruction_endpoint_distance,21.68553108155332,325.8458575439443,True,,端点最大距离且全时段按遮挡计损仍满足双向预算
T019,下降,5573.866177816715,5593.079836569157,直连,,1289,PASS,worst_obstruction_endpoint_distance,22.775479585213617,287.4185400390624,True,,端点最大距离且全时段按遮挡计损仍满足双向预算
T019,下降,5593.079836569157,5612.293495321598,直连,,1290,PASS,worst_obstruction_endpoint_distance,24.022094414388192,248.9912225341787,True,,端点最大距离且全时段按遮挡计损仍满足双向预算
T019,下降,5612.293495321598,5631.507154074039,直连,,1291,PASS,worst_obstruction_endpoint_distance,25.478096640754302,210.5639050292968,True,,端点最大距离且全时段按遮挡计损仍满足双向预算
T019,下降,5631.507154074039,5650.720812826481,直连,,1292,PASS,worst_obstruction_endpoint_distance,27.228311382556484,172.1365875244149,True,,端点最大距离且全时段按遮挡计损仍满足双向预算
T019,下降,5650.720812826481,5669.934471578922,直连,,1293,PASS,worst_obstruction_endpoint_distance,29.42254480979244,133.70927001953123,True,,端点最大距离且全时段按遮挡计损仍满足双向预算
T019,下降,5669.934471578922,5689.148130331364,直连,,1294,PASS,worst_obstruction_endpoint_distance,32.36556220348385,95.28195251464933,True,,端点最大距离且全时段按遮挡计损仍满足双向预算
T019,下降,5689.148130331364,5708.361789083805,直连,,1295,PASS,worst_obstruction_endpoint_distance,36.85045764910622,56.85463500976556,True,,端点最大距离且全时段按遮挡计损仍满足双向预算
T019,下降,5708.361789083805,5727.575447836247,直连,,1296,PASS,worst_obstruction_endpoint_distance,45.92517525248826,20.0,True,,端点最大距离且全时段按遮挡计损仍满足双向预算
T020,爬升,6217.0,6235.035944417317,直连,,1297,PASS,worst_obstruction_endpoint_distance,43.955810044934495,25.08986104329321,True,,端点最大距离且全时段按遮挡计损仍满足双向预算
T020,爬升,6235.035944417317,6253.0718888346355,直连,,1298,PASS,worst_obstruction_endpoint_distance,35.021542284446866,70.1797220865887,True,,端点最大距离且全时段按遮挡计损仍满足双向预算
T020,爬升,6253.0718888346355,6271.107833251953,直连,,1299,PASS,worst_obstruction_endpoint_distance,30.7114807148575,115.26958312988188,True,,端点最大距离且全时段按遮挡计损仍满足双向预算
T020,爬升,6271.107833251953,6289.143777669271,直连,,1300,PASS,worst_obstruction_endpoint_distance,27.843884320576393,160.35944417317734,True,,端点最大距离且全时段按遮挡计损仍满足双向预算
T020,爬升,6289.143777669271,6307.179722086588,直连,,1301,PASS,worst_obstruction_endpoint_distance,25.691681627493523,205.44930521647058,True,,端点最大距离且全时段按遮挡计损仍满足双向预算
T020,爬升,6307.179722086588,6325.2156665039065,直连,,1302,PASS,worst_obstruction_endpoint_distance,23.968262608738172,250.53916625976603,True,,端点最大距离且全时段按遮挡计损仍满足双向预算
T020,巡航,6325.2156665039065,6344.99702356786,直连,,1303,PASS,worst_obstruction_endpoint_distance,20.16139188232583,388.3462932369524,True,,端点最大距离且全时段按遮挡计损仍满足双向预算
T020,巡航,6344.99702356786,6364.778380631814,直连,,1304,PASS,worst_obstruction_endpoint_distance,15.765903798404153,644.1597258386764,True,,端点最大距离且全时段按遮挡计损仍满足双向预算
T020,巡航,6364.778380631814,6384.559737695768,直连,,1305,PASS,worst_obstruction_endpoint_distance,12.62531864366639,924.7467764723526,True,,端点最大距离且全时段按遮挡计损仍满足双向预算
T020,巡航,6384.559737695768,6404.34109475972,直连,,1306,PASS,worst_obstruction_endpoint_distance,10.268298266887285,1213.0364331213775,True,,端点最大距离且全时段按遮挡计损仍满足双向预算
T020,巡航,6404.34109475972,6424.122451823674,直连,,1307,PASS,worst_obstruction_endpoint_distance,8.39730997944396,1504.6076282027716,True,,端点最大距离且全时段按遮挡计损仍满足双向预算
T020,巡航,6424.122451823674,6443.903808887628,直连,,1308,PASS,worst_obstruction_endpoint_distance,6.850635996686719,1797.864505710022,True,,端点最大距离且全时段按遮挡计损仍满足双向预算
T020,巡航,6443.903808887628,6463.685165951581,直连,,1309,PASS,worst_obstruction_endpoint_distance,5.5341333456205035,2092.098321356043,True,,端点最大距离且全时段按遮挡计损仍满足双向预算
T020,巡航,6463.685165951581,6483.466523015535,直连,,1310,PASS,worst_obstruction_endpoint_distance,4.388916634906977,2386.947827420809,True,,端点最大距离且全时段按遮挡计损仍满足双向预算
T020,巡航,6483.466523015535,6503.247880079489,直连,,1311,PASS,worst_obstruction_endpoint_distance,3.375919660747627,2682.209987066719,True,,端点最大距离且全时段按遮挡计损仍满足双向预算
T020,巡航,6503.247880079489,6523.0292371434425,直连,,1312,PASS,worst_obstruction_endpoint_distance,2.4679753448875914,2977.7620519260295,True,,端点最大距离且全时段按遮挡计损仍满足双向预算
T020,巡航,6523.0292371434425,6542.810594207396,直连,,1313,PASS,worst_obstruction_endpoint_distance,1.645460598805812,3273.5255001824776,True,,端点最大距离且全时段按遮挡计损仍满足双向预算
T020,巡航,6542.810594207396,6562.59195127135,直连,,1314,PASS,worst_obstruction_endpoint_distance,0.8937544946891762,3569.447786713983,True,,端点最大距离且全时段按遮挡计损仍满足双向预算
T020,巡航,6562.59195127135,6582.373308335304,直连,,1315,PASS,worst_obstruction_endpoint_distance,0.20167861880452165,3865.492432161046,True,,端点最大距离且全时段按遮挡计损仍满足双向预算
T020,巡航,6582.373308335304,6602.154665399257,中继,R006,1316,PASS,worst_obstruction_endpoint_distance,8.642003386475835,733.1428255343743,True,,端点最大距离且全时段按遮挡计损仍满足双向预算
T020,巡航,6602.154665399257,6621.936022463211,中继,R006,1317,PASS,worst_obstruction_endpoint_distance,12.134332444855858,490.4244752299845,True,,端点最大距离且全时段按遮挡计损仍满足双向预算
T020,巡航,6621.936022463211,6641.717379527165,中继,R006,1318,PASS,worst_obstruction_endpoint_distance,13.520124603870883,418.1022725278625,True,,端点最大距离且全时段按遮挡计损仍满足双向预算
T020,巡航,6641.717379527165,6661.498736591117,中继,R006,1319,PASS,worst_obstruction_endpoint_distance,9.859604710360003,637.2480611258784,True,,端点最大距离且全时段按遮挡计损仍满足双向预算
T020,巡航,6661.498736591117,6681.280093655071,中继,R006,1320,PASS,worst_obstruction_endpoint_distance,6.842484620191485,901.9127517704584,True,,端点最大距离且全时段按遮挡计损仍满足双向预算
T020,巡航,6681.280093655071,6701.061450719025,中继,R006,1321,PASS,worst_obstruction_endpoint_distance,4.4941404239833105,1181.9027335123694,True,,端点最大距离且全时段按遮挡计损仍满足双向预算
T020,巡航,6701.061450719025,6720.8428077829785,中继,R006,1322,PASS,worst_obstruction_endpoint_distance,2.6084266096501807,1468.4779434653346,True,,端点最大距离且全时段按遮挡计损仍满足双向预算
T020,巡航,6720.8428077829785,6740.624164846932,中继,R006,1323,PASS,worst_obstruction_endpoint_distance,1.0433145675114162,1758.4216811345912,True,,端点最大距离且全时段按遮挡计损仍满足双向预算
T020,巡航,6740.624164846932,6760.405521910886,中继,R007,1324,PASS,worst_obstruction_endpoint_distance,3.009436570846745,1402.2224943312915,True,,端点最大距离且全时段按遮挡计损仍满足双向预算
T020,巡航,6760.405521910886,6780.18687897484,中继,R007,1325,PASS,worst_obstruction_endpoint_distance,2.5782083813780474,1473.5956784547577,True,,端点最大距离且全时段按遮挡计损仍满足双向预算
T020,巡航,6780.18687897484,6799.968236038793,中继,R007,1326,PASS,worst_obstruction_endpoint_distance,1.8755622343822864,1597.756696995542,True,,端点最大距离且全时段按遮挡计损仍满足双向预算
T020,巡航,6799.968236038793,6819.749593102746,中继,R007,1327,PASS,worst_obstruction_endpoint_distance,1.017815697403691,1763.5914042963925,True,,端点最大距离且全时段按遮挡计损仍满足双向预算
T020,巡航,6819.749593102746,6839.5309501667,中继,R007,1328,PASS,worst_obstruction_endpoint_distance,0.09820263924140704,1960.5531768111305,True,,端点最大距离且全时段按遮挡计损仍满足双向预算
T020,下降,6839.5309501667,6856.524866792677,中继,R007,1329,PASS,worst_obstruction_endpoint_distance,0.09089597645279923,1962.2031088782874,True,,端点最大距离且全时段按遮挡计损仍满足双向预算
T020,下降,6856.524866792677,6873.518783418654,中继,R007,1330,PASS,worst_obstruction_endpoint_distance,0.08100074457328788,1964.439784645317,True,,端点最大距离且全时段按遮挡计损仍满足双向预算
T020,下降,6873.518783418654,6890.51270004463,中继,R007,1331,PASS,worst_obstruction_endpoint_distance,0.06853462307819314,1967.2612028201515,True,,端点最大距离且全时段按遮挡计损仍满足双向预算
T020,下降,6890.51270004463,6907.5066166706065,中继,R007,1332,PASS,worst_obstruction_endpoint_distance,0.05351975134392717,1970.6648518618697,True,,端点最大距离且全时段按遮挡计损仍满足双向预算
T020,下降,6907.5066166706065,6924.500533296583,中继,R007,1333,PASS,worst_obstruction_endpoint_distance,0.035982598952486455,1974.647721044051,True,,端点最大距离且全时段按遮挡计损仍满足双向预算
T020,投送,6924.500533296583,6943.559356825996,中继,R007,1334,PASS,exact_point,0.035982598952486455,1974.647721044051,,,独立计算 DEM 遮挡、自由空间损耗与双向预算
T020,投送,6943.559356825996,6962.618180355406,中继,R007,1335,PASS,exact_point,0.035982598952486455,1974.647721044051,,,独立计算 DEM 遮挡、自由空间损耗与双向预算
T020,投送,6962.618180355406,6981.677003884819,中继,R007,1336,PASS,exact_point,0.035982598952486455,1974.647721044051,,,独立计算 DEM 遮挡、自由空间损耗与双向预算
T020,投送,6981.677003884819,7000.735827414231,中继,R007,1337,PASS,exact_point,0.035982598952486455,1974.647721044051,,,独立计算 DEM 遮挡、自由空间损耗与双向预算
T020,投送,7000.735827414231,7019.794650943642,中继,R007,1338,PASS,exact_point,0.035982598952486455,1974.647721044051,,,独立计算 DEM 遮挡、自由空间损耗与双向预算
T020,投送,7019.794650943642,7038.853474473054,中继,R007,1339,PASS,exact_point,0.035982598952486455,1974.647721044051,,,独立计算 DEM 遮挡、自由空间损耗与双向预算
T020,投送,7038.853474473054,7057.912298002466,中继,R007,1340,PASS,exact_point,0.035982598952486455,1974.647721044051,,,独立计算 DEM 遮挡、自由空间损耗与双向预算
T020,投送,7057.912298002466,7076.9711215318775,中继,R007,1341,PASS,exact_point,0.035982598952486455,1974.647721044051,,,独立计算 DEM 遮挡、自由空间损耗与双向预算
T020,投送,7076.9711215318775,7096.029945061289,中继,R007,1342,PASS,exact_point,0.035982598952486455,1974.647721044051,,,独立计算 DEM 遮挡、自由空间损耗与双向预算
T020,投送,7096.029945061289,7115.088768590701,中继,R007,1343,PASS,exact_point,0.035982598952486455,1974.647721044051,,,独立计算 DEM 遮挡、自由空间损耗与双向预算
T020,投送,7115.088768590701,7134.147592120113,中继,R007,1344,PASS,exact_point,0.035982598952486455,1974.647721044051,,,独立计算 DEM 遮挡、自由空间损耗与双向预算
T020,投送,7134.147592120113,7153.206415649524,中继,R007,1345,PASS,exact_point,0.035982598952486455,1974.647721044051,,,独立计算 DEM 遮挡、自由空间损耗与双向预算
T020,投送,7153.206415649524,7172.265239178936,中继,R007,1346,PASS,exact_point,0.035982598952486455,1974.647721044051,,,独立计算 DEM 遮挡、自由空间损耗与双向预算
T020,投送,7172.265239178936,7191.324062708348,中继,R007,1347,PASS,exact_point,0.035982598952486455,1974.647721044051,,,独立计算 DEM 遮挡、自由空间损耗与双向预算
T020,投送,7191.324062708348,7210.3828862377595,中继,R007,1348,PASS,exact_point,0.035982598952486455,1974.647721044051,,,独立计算 DEM 遮挡、自由空间损耗与双向预算
T020,投送,7210.3828862377595,7229.441709767172,中继,R007,1349,PASS,exact_point,0.035982598952486455,1974.647721044051,,,独立计算 DEM 遮挡、自由空间损耗与双向预算
T020,投送,7229.441709767172,7248.500533296583,中继,R007,1350,PASS,exact_point,0.035982598952486455,1974.647721044051,,,独立计算 DEM 遮挡、自由空间损耗与双向预算
T020,爬升,7248.500533296583,7265.49444992256,中继,R007,1351,PASS,worst_obstruction_endpoint_distance,0.035982598952486455,1974.647721044051,True,,端点最大距离且全时段按遮挡计损仍满足双向预算
T020,爬升,7265.49444992256,7282.488366548537,中继,R007,1352,PASS,worst_obstruction_endpoint_distance,0.05751103969893734,1969.7595116920877,True,,端点最大距离且全时段按遮挡计损仍满足双向预算
T020,爬升,7282.488366548537,7299.482283174513,中继,R007,1353,PASS,worst_obstruction_endpoint_distance,0.07508776444491616,1965.777546063408,True,,端点最大距离且全时段按遮挡计损仍满足双向预算
T020,爬升,7299.482283174513,7316.47619980049,中继,R007,1354,PASS,worst_obstruction_endpoint_distance,0.08866423352374397,1962.7073399621577,True,,端点最大距离且全时段按遮挡计损仍满足双向预算
T020,巡航,7316.47619980049,7336.257556864443,中继,R007,1355,PASS,worst_obstruction_endpoint_distance,0.09820263924140704,1960.5531768111305,True,,端点最大距离且全时段按遮挡计损仍满足双向预算
T020,巡航,7336.257556864443,7356.038913928397,中继,R007,1356,PASS,worst_obstruction_endpoint_distance,1.017815697403691,1763.5914042963925,True,,端点最大距离且全时段按遮挡计损仍满足双向预算
T020,巡航,7356.038913928397,7375.820270992351,中继,R007,1357,PASS,worst_obstruction_endpoint_distance,1.8755622343822864,1597.756696995542,True,,端点最大距离且全时段按遮挡计损仍满足双向预算
T020,巡航,7375.820270992351,7395.601628056304,中继,R007,1358,PASS,worst_obstruction_endpoint_distance,2.5782083813780474,1473.5956784547577,True,,端点最大距离且全时段按遮挡计损仍满足双向预算
T020,巡航,7395.601628056304,7415.382985120258,中继,R007,1359,PASS,worst_obstruction_endpoint_distance,3.009436570846745,1402.2224943312915,True,,端点最大距离且全时段按遮挡计损仍满足双向预算
T020,巡航,7415.382985120258,7435.164342184212,中继,R006,1360,PASS,worst_obstruction_endpoint_distance,1.0433145675114162,1758.4216811345912,True,,端点最大距离且全时段按遮挡计损仍满足双向预算
T020,巡航,7435.164342184212,7454.945699248165,中继,R006,1361,PASS,worst_obstruction_endpoint_distance,2.6084266096501807,1468.4779434653346,True,,端点最大距离且全时段按遮挡计损仍满足双向预算
T020,巡航,7454.945699248165,7474.727056312118,中继,R006,1362,PASS,worst_obstruction_endpoint_distance,4.4941404239833105,1181.9027335123694,True,,端点最大距离且全时段按遮挡计损仍满足双向预算
T020,巡航,7474.727056312118,7494.508413376072,中继,R006,1363,PASS,worst_obstruction_endpoint_distance,6.842484620191485,901.9127517704584,True,,端点最大距离且全时段按遮挡计损仍满足双向预算
T020,巡航,7494.508413376072,7514.289770440026,中继,R006,1364,PASS,worst_obstruction_endpoint_distance,9.859604710360003,637.2480611258784,True,,端点最大距离且全时段按遮挡计损仍满足双向预算
T020,巡航,7514.289770440026,7534.071127503979,中继,R006,1365,PASS,worst_obstruction_endpoint_distance,13.520124603870883,418.1022725278625,True,,端点最大距离且全时段按遮挡计损仍满足双向预算
T020,巡航,7534.071127503979,7553.852484567933,中继,R006,1366,PASS,worst_obstruction_endpoint_distance,12.134332444855858,490.4244752299845,True,,端点最大距离且全时段按遮挡计损仍满足双向预算
T020,巡航,7553.852484567933,7573.633841631887,中继,R006,1367,PASS,worst_obstruction_endpoint_distance,8.642003386475466,733.1428255344055,True,,端点最大距离且全时段按遮挡计损仍满足双向预算
T020,巡航,7573.633841631887,7593.41519869584,直连,,1368,PASS,worst_obstruction_endpoint_distance,0.20167861880453586,3865.4924321610397,True,,端点最大距离且全时段按遮挡计损仍满足双向预算
T020,巡航,7593.41519869584,7613.196555759794,直连,,1369,PASS,worst_obstruction_endpoint_distance,0.8937544946891762,3569.447786713983,True,,端点最大距离且全时段按遮挡计损仍满足双向预算
T020,巡航,7613.196555759794,7632.977912823748,直连,,1370,PASS,worst_obstruction_endpoint_distance,1.645460598805812,3273.5255001824776,True,,端点最大距离且全时段按遮挡计损仍满足双向预算
T020,巡航,7632.977912823748,7652.7592698877015,直连,,1371,PASS,worst_obstruction_endpoint_distance,2.4679753448875914,2977.7620519260295,True,,端点最大距离且全时段按遮挡计损仍满足双向预算
T020,巡航,7652.7592698877015,7672.540626951655,直连,,1372,PASS,worst_obstruction_endpoint_distance,3.375919660747627,2682.209987066719,True,,端点最大距离且全时段按遮挡计损仍满足双向预算
T020,巡航,7672.540626951655,7692.321984015609,直连,,1373,PASS,worst_obstruction_endpoint_distance,4.388916634906977,2386.947827420809,True,,端点最大距离且全时段按遮挡计损仍满足双向预算
T020,巡航,7692.321984015609,7712.103341079563,直连,,1374,PASS,worst_obstruction_endpoint_distance,5.5341333456205035,2092.098321356043,True,,端点最大距离且全时段按遮挡计损仍满足双向预算
T020,巡航,7712.103341079563,7731.884698143516,直连,,1375,PASS,worst_obstruction_endpoint_distance,6.850635996686719,1797.864505710022,True,,端点最大距离且全时段按遮挡计损仍满足双向预算
T020,巡航,7731.884698143516,7751.666055207469,直连,,1376,PASS,worst_obstruction_endpoint_distance,8.39730997944396,1504.6076282027716,True,,端点最大距离且全时段按遮挡计损仍满足双向预算
T020,巡航,7751.666055207469,7771.447412271423,直连,,1377,PASS,worst_obstruction_endpoint_distance,10.268298266887285,1213.0364331213775,True,,端点最大距离且全时段按遮挡计损仍满足双向预算
T020,巡航,7771.447412271423,7791.2287693353765,直连,,1378,PASS,worst_obstruction_endpoint_distance,12.62531864366639,924.7467764723526,True,,端点最大距离且全时段按遮挡计损仍满足双向预算
T020,巡航,7791.2287693353765,7811.01012639933,直连,,1379,PASS,worst_obstruction_endpoint_distance,15.765903798404153,644.1597258386764,True,,端点最大距离且全时段按遮挡计损仍满足双向预算
T020,巡航,7811.01012639933,7830.791483463284,直连,,1380,PASS,worst_obstruction_endpoint_distance,20.16139188232583,388.3462932369524,True,,端点最大距离且全时段按遮挡计损仍满足双向预算
T020,下降,7830.791483463284,7850.115709624695,直连,,1381,PASS,worst_obstruction_endpoint_distance,23.968262608738172,250.53916625976603,True,,端点最大距离且全时段按遮挡计损仍满足双向预算
T020,下降,7850.115709624695,7869.4399357861075,直连,,1382,PASS,worst_obstruction_endpoint_distance,25.423536680378135,211.89071393694337,True,,端点最大距离且全时段按遮挡计损仍满足双向预算
T020,下降,7869.4399357861075,7888.76416194752,直连,,1383,PASS,worst_obstruction_endpoint_distance,27.17269827277147,173.24226161411883,True,,端点最大距离且全时段按遮挡计损仍满足双向预算
T020,下降,7888.76416194752,7908.088388108931,直连,,1384,PASS,worst_obstruction_endpoint_distance,29.365273470603157,134.59380929129435,True,,端点最大距离且全时段按遮挡计损仍满足双向预算
T020,下降,7908.088388108931,7927.412614270343,直连,,1385,PASS,worst_obstruction_endpoint_distance,32.30529590570579,95.94535696847169,True,,端点最大距离且全时段按遮挡计损仍满足双向预算
T020,下降,7927.412614270343,7946.736840431755,直连,,1386,PASS,worst_obstruction_endpoint_distance,36.78315195211816,57.29690464564899,True,,端点最大距离且全时段按遮挡计损仍满足双向预算
T020,下降,7946.736840431755,7966.061066593167,直连,,1387,PASS,worst_obstruction_endpoint_distance,45.92517525248826,20.0,True,,端点最大距离且全时段按遮挡计损仍满足双向预算
T021,爬升,6217.0,6235.035944417317,直连,,1388,PASS,worst_obstruction_endpoint_distance,43.955810044934495,25.08986104329321,True,,端点最大距离且全时段按遮挡计损仍满足双向预算
T021,爬升,6235.035944417317,6253.0718888346355,直连,,1389,PASS,worst_obstruction_endpoint_distance,35.021542284446866,70.1797220865887,True,,端点最大距离且全时段按遮挡计损仍满足双向预算
T021,爬升,6253.0718888346355,6271.107833251953,直连,,1390,PASS,worst_obstruction_endpoint_distance,30.7114807148575,115.26958312988188,True,,端点最大距离且全时段按遮挡计损仍满足双向预算
T021,爬升,6271.107833251953,6289.143777669271,直连,,1391,PASS,worst_obstruction_endpoint_distance,27.843884320576393,160.35944417317734,True,,端点最大距离且全时段按遮挡计损仍满足双向预算
T021,爬升,6289.143777669271,6307.179722086588,直连,,1392,PASS,worst_obstruction_endpoint_distance,25.691681627493523,205.44930521647058,True,,端点最大距离且全时段按遮挡计损仍满足双向预算
T021,爬升,6307.179722086588,6325.2156665039065,直连,,1393,PASS,worst_obstruction_endpoint_distance,23.968262608738172,250.53916625976603,True,,端点最大距离且全时段按遮挡计损仍满足双向预算
T021,巡航,6325.2156665039065,6344.99702356786,直连,,1394,PASS,worst_obstruction_endpoint_distance,20.16139188232583,388.3462932369524,True,,端点最大距离且全时段按遮挡计损仍满足双向预算
T021,巡航,6344.99702356786,6364.778380631814,直连,,1395,PASS,worst_obstruction_endpoint_distance,15.765903798404153,644.1597258386764,True,,端点最大距离且全时段按遮挡计损仍满足双向预算
T021,巡航,6364.778380631814,6384.559737695768,直连,,1396,PASS,worst_obstruction_endpoint_distance,12.62531864366639,924.7467764723526,True,,端点最大距离且全时段按遮挡计损仍满足双向预算
T021,巡航,6384.559737695768,6404.34109475972,直连,,1397,PASS,worst_obstruction_endpoint_distance,10.268298266887285,1213.0364331213775,True,,端点最大距离且全时段按遮挡计损仍满足双向预算
T021,巡航,6404.34109475972,6424.122451823674,直连,,1398,PASS,worst_obstruction_endpoint_distance,8.39730997944396,1504.6076282027716,True,,端点最大距离且全时段按遮挡计损仍满足双向预算
T021,巡航,6424.122451823674,6443.903808887628,直连,,1399,PASS,worst_obstruction_endpoint_distance,6.850635996686719,1797.864505710022,True,,端点最大距离且全时段按遮挡计损仍满足双向预算
T021,巡航,6443.903808887628,6463.685165951581,直连,,1400,PASS,worst_obstruction_endpoint_distance,5.5341333456205035,2092.098321356043,True,,端点最大距离且全时段按遮挡计损仍满足双向预算
T021,巡航,6463.685165951581,6483.466523015535,直连,,1401,PASS,worst_obstruction_endpoint_distance,4.388916634906977,2386.947827420809,True,,端点最大距离且全时段按遮挡计损仍满足双向预算
T021,巡航,6483.466523015535,6503.247880079489,直连,,1402,PASS,worst_obstruction_endpoint_distance,3.375919660747627,2682.209987066719,True,,端点最大距离且全时段按遮挡计损仍满足双向预算
T021,巡航,6503.247880079489,6523.0292371434425,直连,,1403,PASS,worst_obstruction_endpoint_distance,2.4679753448875914,2977.7620519260295,True,,端点最大距离且全时段按遮挡计损仍满足双向预算
T021,巡航,6523.0292371434425,6542.810594207396,直连,,1404,PASS,worst_obstruction_endpoint_distance,1.645460598805812,3273.5255001824776,True,,端点最大距离且全时段按遮挡计损仍满足双向预算
T021,巡航,6542.810594207396,6562.59195127135,直连,,1405,PASS,worst_obstruction_endpoint_distance,0.8937544946891762,3569.447786713983,True,,端点最大距离且全时段按遮挡计损仍满足双向预算
T021,巡航,6562.59195127135,6582.373308335304,直连,,1406,PASS,worst_obstruction_endpoint_distance,0.20167861880453586,3865.4924321610397,True,,端点最大距离且全时段按遮挡计损仍满足双向预算
T021,巡航,6582.373308335304,6602.154665399257,中继,R006,1407,PASS,worst_obstruction_endpoint_distance,8.642003386475466,733.1428255344055,True,,端点最大距离且全时段按遮挡计损仍满足双向预算
T021,巡航,6602.154665399257,6621.936022463211,中继,R006,1408,PASS,worst_obstruction_endpoint_distance,12.134332444855858,490.4244752299845,True,,端点最大距离且全时段按遮挡计损仍满足双向预算
T021,巡航,6621.936022463211,6641.717379527165,中继,R006,1409,PASS,worst_obstruction_endpoint_distance,13.520124603870883,418.1022725278625,True,,端点最大距离且全时段按遮挡计损仍满足双向预算
T021,巡航,6641.717379527165,6661.498736591118,中继,R006,1410,PASS,worst_obstruction_endpoint_distance,9.859604710360003,637.2480611258784,True,,端点最大距离且全时段按遮挡计损仍满足双向预算
T021,巡航,6661.498736591118,6681.280093655071,中继,R006,1411,PASS,worst_obstruction_endpoint_distance,6.842484620191485,901.9127517704584,True,,端点最大距离且全时段按遮挡计损仍满足双向预算
T021,巡航,6681.280093655071,6701.061450719025,中继,R006,1412,PASS,worst_obstruction_endpoint_distance,4.4941404239833105,1181.9027335123694,True,,端点最大距离且全时段按遮挡计损仍满足双向预算
T021,巡航,6701.061450719025,6720.8428077829785,中继,R006,1413,PASS,worst_obstruction_endpoint_distance,2.6084266096501807,1468.4779434653346,True,,端点最大距离且全时段按遮挡计损仍满足双向预算
T021,巡航,6720.8428077829785,6740.624164846932,中继,R006,1414,PASS,worst_obstruction_endpoint_distance,1.0433145675114162,1758.4216811345912,True,,端点最大距离且全时段按遮挡计损仍满足双向预算
T021,巡航,6740.624164846932,6760.405521910886,中继,R007,1415,PASS,worst_obstruction_endpoint_distance,3.009436570846745,1402.2224943312915,True,,端点最大距离且全时段按遮挡计损仍满足双向预算
T021,巡航,6760.405521910886,6780.18687897484,中继,R007,1416,PASS,worst_obstruction_endpoint_distance,2.5782083813780474,1473.5956784547577,True,,端点最大距离且全时段按遮挡计损仍满足双向预算
T021,巡航,6780.18687897484,6799.968236038793,中继,R007,1417,PASS,worst_obstruction_endpoint_distance,1.8755622343822864,1597.756696995542,True,,端点最大距离且全时段按遮挡计损仍满足双向预算
T021,巡航,6799.968236038793,6819.749593102747,中继,R007,1418,PASS,worst_obstruction_endpoint_distance,1.017815697403691,1763.5914042963925,True,,端点最大距离且全时段按遮挡计损仍满足双向预算
T021,巡航,6819.749593102747,6839.530950166701,中继,R007,1419,PASS,worst_obstruction_endpoint_distance,0.09820263924140704,1960.5531768111305,True,,端点最大距离且全时段按遮挡计损仍满足双向预算
T021,下降,6839.530950166701,6856.524866792677,中继,R007,1420,PASS,worst_obstruction_endpoint_distance,0.09089597645279923,1962.2031088782871,True,,端点最大距离且全时段按遮挡计损仍满足双向预算
T021,下降,6856.524866792677,6873.518783418654,中继,R007,1421,PASS,worst_obstruction_endpoint_distance,0.08100074457328788,1964.439784645317,True,,端点最大距离且全时段按遮挡计损仍满足双向预算
T021,下降,6873.518783418654,6890.51270004463,中继,R007,1422,PASS,worst_obstruction_endpoint_distance,0.06853462307819314,1967.2612028201515,True,,端点最大距离且全时段按遮挡计损仍满足双向预算
T021,下降,6890.51270004463,6907.5066166706065,中继,R007,1423,PASS,worst_obstruction_endpoint_distance,0.05351975134394138,1970.6648518618695,True,,端点最大距离且全时段按遮挡计损仍满足双向预算
T021,下降,6907.5066166706065,6924.500533296583,中继,R007,1424,PASS,worst_obstruction_endpoint_distance,0.035982598952486455,1974.647721044051,True,,端点最大距离且全时段按遮挡计损仍满足双向预算
T021,投送,6924.500533296583,6943.885148681199,中继,R007,1425,PASS,exact_point,0.035982598952486455,1974.647721044051,,,独立计算 DEM 遮挡、自由空间损耗与双向预算
T021,投送,6943.885148681199,6963.269764065814,中继,R007,1426,PASS,exact_point,0.035982598952486455,1974.647721044051,,,独立计算 DEM 遮挡、自由空间损耗与双向预算
T021,投送,6963.269764065814,6982.65437945043,中继,R007,1427,PASS,exact_point,0.035982598952486455,1974.647721044051,,,独立计算 DEM 遮挡、自由空间损耗与双向预算
T021,投送,6982.65437945043,7002.038994835045,中继,R007,1428,PASS,exact_point,0.035982598952486455,1974.647721044051,,,独立计算 DEM 遮挡、自由空间损耗与双向预算
T021,投送,7002.038994835045,7021.42361021966,中继,R007,1429,PASS,exact_point,0.035982598952486455,1974.647721044051,,,独立计算 DEM 遮挡、自由空间损耗与双向预算
T021,投送,7021.42361021966,7040.808225604276,中继,R007,1430,PASS,exact_point,0.035982598952486455,1974.647721044051,,,独立计算 DEM 遮挡、自由空间损耗与双向预算
T021,投送,7040.808225604276,7060.1928409888915,中继,R007,1431,PASS,exact_point,0.035982598952486455,1974.647721044051,,,独立计算 DEM 遮挡、自由空间损耗与双向预算
T021,投送,7060.1928409888915,7079.577456373507,中继,R007,1432,PASS,exact_point,0.035982598952486455,1974.647721044051,,,独立计算 DEM 遮挡、自由空间损耗与双向预算
T021,投送,7079.577456373507,7098.962071758122,中继,R007,1433,PASS,exact_point,0.035982598952486455,1974.647721044051,,,独立计算 DEM 遮挡、自由空间损耗与双向预算
T021,投送,7098.962071758122,7118.346687142737,中继,R007,1434,PASS,exact_point,0.035982598952486455,1974.647721044051,,,独立计算 DEM 遮挡、自由空间损耗与双向预算
T021,投送,7118.346687142737,7137.731302527352,中继,R007,1435,PASS,exact_point,0.035982598952486455,1974.647721044051,,,独立计算 DEM 遮挡、自由空间损耗与双向预算
T021,投送,7137.731302527352,7157.115917911968,中继,R007,1436,PASS,exact_point,0.035982598952486455,1974.647721044051,,,独立计算 DEM 遮挡、自由空间损耗与双向预算
T021,投送,7157.115917911968,7176.500533296583,中继,R007,1437,PASS,exact_point,0.035982598952486455,1974.647721044051,,,独立计算 DEM 遮挡、自由空间损耗与双向预算
T021,爬升,7176.500533296583,7193.49444992256,中继,R007,1438,PASS,worst_obstruction_endpoint_distance,0.035982598952486455,1974.647721044051,True,,端点最大距离且全时段按遮挡计损仍满足双向预算
T021,爬升,7193.49444992256,7210.488366548537,中继,R007,1439,PASS,worst_obstruction_endpoint_distance,0.05751103969893734,1969.7595116920877,True,,端点最大距离且全时段按遮挡计损仍满足双向预算
T021,爬升,7210.488366548537,7227.482283174513,中继,R007,1440,PASS,worst_obstruction_endpoint_distance,0.07508776444491616,1965.777546063408,True,,端点最大距离且全时段按遮挡计损仍满足双向预算
T021,爬升,7227.482283174513,7244.47619980049,中继,R007,1441,PASS,worst_obstruction_endpoint_distance,0.08866423352374397,1962.7073399621577,True,,端点最大距离且全时段按遮挡计损仍满足双向预算
T021,巡航,7244.47619980049,7264.257556864443,中继,R007,1442,PASS,worst_obstruction_endpoint_distance,0.09820263924140704,1960.5531768111305,True,,端点最大距离且全时段按遮挡计损仍满足双向预算
T021,巡航,7264.257556864443,7284.038913928397,中继,R007,1443,PASS,worst_obstruction_endpoint_distance,1.017815697403691,1763.5914042963925,True,,端点最大距离且全时段按遮挡计损仍满足双向预算
T021,巡航,7284.038913928397,7303.820270992351,中继,R007,1444,PASS,worst_obstruction_endpoint_distance,1.8755622343822864,1597.756696995542,True,,端点最大距离且全时段按遮挡计损仍满足双向预算
T021,巡航,7303.820270992351,7323.601628056304,中继,R007,1445,PASS,worst_obstruction_endpoint_distance,2.5782083813780474,1473.5956784547577,True,,端点最大距离且全时段按遮挡计损仍满足双向预算
T021,巡航,7323.601628056304,7343.382985120258,中继,R007,1446,PASS,worst_obstruction_endpoint_distance,3.009436570846745,1402.2224943312915,True,,端点最大距离且全时段按遮挡计损仍满足双向预算
T021,巡航,7343.382985120258,7363.164342184212,中继,R006,1447,PASS,worst_obstruction_endpoint_distance,1.0433145675114162,1758.4216811345912,True,,端点最大距离且全时段按遮挡计损仍满足双向预算
T021,巡航,7363.164342184212,7382.945699248165,中继,R006,1448,PASS,worst_obstruction_endpoint_distance,2.6084266096501807,1468.4779434653346,True,,端点最大距离且全时段按遮挡计损仍满足双向预算
T021,巡航,7382.945699248165,7402.727056312118,中继,R006,1449,PASS,worst_obstruction_endpoint_distance,4.4941404239833105,1181.9027335123694,True,,端点最大距离且全时段按遮挡计损仍满足双向预算
T021,巡航,7402.727056312118,7422.508413376072,中继,R006,1450,PASS,worst_obstruction_endpoint_distance,6.842484620191485,901.9127517704584,True,,端点最大距离且全时段按遮挡计损仍满足双向预算
T021,巡航,7422.508413376072,7442.289770440026,中继,R006,1451,PASS,worst_obstruction_endpoint_distance,9.859604710360003,637.2480611258784,True,,端点最大距离且全时段按遮挡计损仍满足双向预算
T021,巡航,7442.289770440026,7462.071127503979,中继,R006,1452,PASS,worst_obstruction_endpoint_distance,13.520124603870883,418.1022725278625,True,,端点最大距离且全时段按遮挡计损仍满足双向预算
T021,巡航,7462.071127503979,7481.852484567933,中继,R006,1453,PASS,worst_obstruction_endpoint_distance,12.134332444855858,490.4244752299845,True,,端点最大距离且全时段按遮挡计损仍满足双向预算
T021,巡航,7481.852484567933,7501.633841631887,中继,R006,1454,PASS,worst_obstruction_endpoint_distance,8.642003386475466,733.1428255344055,True,,端点最大距离且全时段按遮挡计损仍满足双向预算
T021,巡航,7501.633841631887,7521.41519869584,直连,,1455,PASS,worst_obstruction_endpoint_distance,0.20167861880453586,3865.4924321610397,True,,端点最大距离且全时段按遮挡计损仍满足双向预算
T021,巡航,7521.41519869584,7541.196555759794,直连,,1456,PASS,worst_obstruction_endpoint_distance,0.8937544946891762,3569.447786713983,True,,端点最大距离且全时段按遮挡计损仍满足双向预算
T021,巡航,7541.196555759794,7560.977912823748,直连,,1457,PASS,worst_obstruction_endpoint_distance,1.645460598805812,3273.5255001824776,True,,端点最大距离且全时段按遮挡计损仍满足双向预算
T021,巡航,7560.977912823748,7580.7592698877015,直连,,1458,PASS,worst_obstruction_endpoint_distance,2.4679753448875914,2977.7620519260295,True,,端点最大距离且全时段按遮挡计损仍满足双向预算
T021,巡航,7580.7592698877015,7600.540626951655,直连,,1459,PASS,worst_obstruction_endpoint_distance,3.375919660747627,2682.209987066719,True,,端点最大距离且全时段按遮挡计损仍满足双向预算
T021,巡航,7600.540626951655,7620.321984015609,直连,,1460,PASS,worst_obstruction_endpoint_distance,4.388916634906977,2386.947827420809,True,,端点最大距离且全时段按遮挡计损仍满足双向预算
T021,巡航,7620.321984015609,7640.103341079563,直连,,1461,PASS,worst_obstruction_endpoint_distance,5.5341333456205035,2092.098321356043,True,,端点最大距离且全时段按遮挡计损仍满足双向预算
T021,巡航,7640.103341079563,7659.884698143516,直连,,1462,PASS,worst_obstruction_endpoint_distance,6.850635996686719,1797.864505710022,True,,端点最大距离且全时段按遮挡计损仍满足双向预算
T021,巡航,7659.884698143516,7679.666055207469,直连,,1463,PASS,worst_obstruction_endpoint_distance,8.39730997944396,1504.6076282027716,True,,端点最大距离且全时段按遮挡计损仍满足双向预算
T021,巡航,7679.666055207469,7699.447412271423,直连,,1464,PASS,worst_obstruction_endpoint_distance,10.268298266887285,1213.0364331213775,True,,端点最大距离且全时段按遮挡计损仍满足双向预算
T021,巡航,7699.447412271423,7719.2287693353765,直连,,1465,PASS,worst_obstruction_endpoint_distance,12.62531864366639,924.7467764723526,True,,端点最大距离且全时段按遮挡计损仍满足双向预算
T021,巡航,7719.2287693353765,7739.01012639933,直连,,1466,PASS,worst_obstruction_endpoint_distance,15.765903798404153,644.1597258386764,True,,端点最大距离且全时段按遮挡计损仍满足双向预算
T021,巡航,7739.01012639933,7758.791483463284,直连,,1467,PASS,worst_obstruction_endpoint_distance,20.16139188232583,388.3462932369524,True,,端点最大距离且全时段按遮挡计损仍满足双向预算
T021,下降,7758.791483463284,7778.115709624695,直连,,1468,PASS,worst_obstruction_endpoint_distance,23.968262608738172,250.53916625976603,True,,端点最大距离且全时段按遮挡计损仍满足双向预算
T021,下降,7778.115709624695,7797.4399357861075,直连,,1469,PASS,worst_obstruction_endpoint_distance,25.423536680378135,211.89071393694337,True,,端点最大距离且全时段按遮挡计损仍满足双向预算
T021,下降,7797.4399357861075,7816.76416194752,直连,,1470,PASS,worst_obstruction_endpoint_distance,27.17269827277147,173.24226161411883,True,,端点最大距离且全时段按遮挡计损仍满足双向预算
T021,下降,7816.76416194752,7836.088388108931,直连,,1471,PASS,worst_obstruction_endpoint_distance,29.365273470603157,134.59380929129435,True,,端点最大距离且全时段按遮挡计损仍满足双向预算
T021,下降,7836.088388108931,7855.412614270343,直连,,1472,PASS,worst_obstruction_endpoint_distance,32.30529590570579,95.94535696847169,True,,端点最大距离且全时段按遮挡计损仍满足双向预算
T021,下降,7855.412614270343,7874.736840431755,直连,,1473,PASS,worst_obstruction_endpoint_distance,36.78315195211816,57.29690464564899,True,,端点最大距离且全时段按遮挡计损仍满足双向预算
T021,下降,7874.736840431755,7894.061066593167,直连,,1474,PASS,worst_obstruction_endpoint_distance,45.92517525248826,20.0,True,,端点最大距离且全时段按遮挡计损仍满足双向预算
T022,爬升,6280.0,6296.34728881836,直连,,1475,PASS,worst_obstruction_endpoint_distance,42.68528468478428,29.041866455078775,True,,端点最大距离且全时段按遮挡计损仍满足双向预算
T022,爬升,6296.34728881836,6312.694577636719,直连,,1476,PASS,worst_obstruction_endpoint_distance,34.094563820666195,78.08373291015752,True,,端点最大距离且全时段按遮挡计损仍满足双向预算
T022,爬升,6312.694577636719,6329.041866455078,直连,,1477,PASS,worst_obstruction_endpoint_distance,29.861114895269864,127.12559936523354,True,,端点最大距离且全时段按遮挡计损仍满足双向预算
T022,爬升,6329.041866455078,6345.389155273438,直连,,1478,PASS,worst_obstruction_endpoint_distance,27.02726102514677,176.16746582031232,True,,端点最大距离且全时段按遮挡计损仍满足双向预算
T022,爬升,6345.389155273438,6361.736444091797,直连,,1479,PASS,worst_obstruction_endpoint_distance,24.894047506859238,225.20933227539103,True,,端点最大距离且全时段按遮挡计损仍满足双向预算
T022,巡航,6361.736444091797,6381.684875323222,直连,,1480,PASS,worst_obstruction_endpoint_distance,20.476569260061567,374.5073067081198,True,,端点最大距离且全时段按遮挡计损仍满足双向预算
T022,巡航,6381.684875323222,6401.633306554647,直连,,1481,PASS,worst_obstruction_endpoint_distance,15.829974101692486,639.4256493755012,True,,端点最大距离且全时段按遮挡计损仍满足双向预算
T022,巡航,6401.633306554647,6421.581737786071,直连,,1482,PASS,worst_obstruction_endpoint_distance,12.618260351929706,925.4985457841007,True,,端点最大距离且全时段按遮挡计损仍满足双向预算
T022,巡航,6421.581737786071,6441.5301690174965,直连,,1483,PASS,worst_obstruction_endpoint_distance,10.233476665807785,1217.9092389358796,True,,端点最大距离且全时段按遮挡计损仍满足双向预算
T022,巡航,6441.5301690174965,6461.478600248922,直连,,1484,PASS,worst_obstruction_endpoint_distance,8.349068263577223,1512.9875178566108,True,,端点最大距离且全时段按遮挡计损仍满足双向预算
T022,巡航,6461.478600248922,6481.427031480346,直连,,1485,PASS,worst_obstruction_endpoint_distance,6.794945300204006,1809.428778084995,True,,端点最大距离且全时段按遮挡计损仍满足双向预算
T022,巡航,6481.427031480346,6501.375462711771,直连,,1486,PASS,worst_obstruction_endpoint_distance,5.473895595477202,2106.657716764186,True,,端点最大距离且全时段按遮挡计损仍满足双向预算
T022,巡航,6501.375462711771,6521.323893943196,直连,,1487,PASS,worst_obstruction_endpoint_distance,4.325704959757758,2404.3822339864455,True,,端点最大距离且全时段按遮挡计损仍满足双向预算
T022,巡航,6521.323893943196,6541.272325174621,直连,,1488,PASS,worst_obstruction_endpoint_distance,3.3106586402651743,2702.4385427766797,True,,端点最大距离且全时段按遮挡计损仍满足双向预算
T022,巡航,6541.272325174621,6561.220756406046,直连,,1489,PASS,worst_obstruction_endpoint_distance,2.401243199064254,3000.7277761782934,True,,端点最大距离且全时段按遮挡计损仍满足双向预算
T022,巡航,6561.220756406046,6581.169187637471,直连,,1490,PASS,worst_obstruction_endpoint_distance,1.5776371600474448,3299.186756586918,True,,端点最大距离且全时段按遮挡计损仍满足双向预算
T022,巡航,6581.169187637471,6601.117618868896,直连,,1491,PASS,worst_obstruction_endpoint_distance,0.8250994230448754,3597.773239354705,True,,端点最大距离且全时段按遮挡计损仍满足双向预算
T022,巡航,6601.117618868896,6621.06605010032,直连,,1492,PASS,worst_obstruction_endpoint_distance,0.1323753731121542,3896.45791298493,True,,端点最大距离且全时段按遮挡计损仍满足双向预算
T022,巡航,6621.06605010032,6641.014481331746,中继,R006,1493,PASS,worst_obstruction_endpoint_distance,0.914101059081986,1784.7759507080286,True,,端点最大距离且全时段按遮挡计损仍满足双向预算
T022,巡航,6641.014481331746,6660.96291256317,中继,R006,1494,PASS,worst_obstruction_endpoint_distance,0.86657236942699,1794.5689111134643,True,,端点最大距离且全时段按遮挡计损仍满足双向预算
T022,巡航,6660.96291256317,6680.911343794595,中继,R006,1495,PASS,worst_obstruction_endpoint_distance,0.49689652502375736,1872.5953130058556,True,,端点最大距离且全时段按遮挡计损仍满足双向预算
T022,巡航,6680.911343794595,6700.85977502602,中继,R007,1496,PASS,worst_obstruction_endpoint_distance,0.7935438880098502,1809.720741284462,True,,端点最大距离且全时段按遮挡计损仍满足双向预算
T022,巡航,6700.85977502602,6720.808206257445,中继,R007,1497,PASS,worst_obstruction_endpoint_distance,2.18622543639502,1541.6205343153074,True,,端点最大距离且全时段按遮挡计损仍满足双向预算
T022,巡航,6720.808206257445,6740.75663748887,中继,R007,1498,PASS,worst_obstruction_endpoint_distance,3.752100501082751,1287.3117497629592,True,,端点最大距离且全时段按遮挡计损仍满足双向预算
T022,巡航,6740.75663748887,6760.705068720295,中继,R007,1499,PASS,worst_obstruction_endpoint_distance,5.465934903575743,1056.7980739955074,True,,端点最大距离且全时段按遮挡计损仍满足双向预算
T022,巡航,6760.705068720295,6780.65349995172,中继,R007,1500,PASS,worst_obstruction_endpoint_distance,7.163167460360086,869.2213505149701,True,,端点最大距离且全时段按遮挡计损仍满足双向预算
T022,巡航,6780.65349995172,6800.601931183144,中继,R007,1501,PASS,worst_obstruction_endpoint_distance,8.361635307260357,757.1937018024331,True,,端点最大距离且全时段按遮挡计损仍满足双向预算
T022,巡航,6800.601931183144,6820.5503624145695,中继,R007,1502,PASS,worst_obstruction_endpoint_distance,7.2174888770571215,863.8022171589038,True,,端点最大距离且全时段按遮挡计损仍满足双向预算
T022,巡航,6820.5503624145695,6840.498793645995,中继,R007,1503,PASS,worst_obstruction_endpoint_distance,5.527232666505114,1049.3663291862797,True,,端点最大距离且全时段按遮挡计损仍满足双向预算
T022,巡航,6840.498793645995,6860.447224877419,中继,R007,1504,PASS,worst_obstruction_endpoint_distance,3.809912144193447,1278.77209625438,True,,端点最大距离且全时段按遮挡计损仍满足双向预算
T022,巡航,6860.447224877419,6880.395656108844,中继,R007,1505,PASS,worst_obstruction_endpoint_distance,2.238018545490135,1532.4553547674145,True,,端点最大距离且全时段按遮挡计损仍满足双向预算
T022,巡航,6880.395656108844,6900.344087340269,中继,R007,1506,PASS,worst_obstruction_endpoint_distance,0.8394489047696396,1800.181577902523,True,,端点最大距离且全时段按遮挡计损仍满足双向预算
T022,下降,6900.344087340269,6913.945331643655,中继,R007,1507,PASS,worst_obstruction_endpoint_distance,0.8284758755184782,1802.4572144371425,True,,端点最大距离且全时段按遮挡计损仍满足双向预算
T022,下降,6913.945331643655,6927.54657594704,中继,R007,1508,PASS,worst_obstruction_endpoint_distance,0.8144482146368262,1805.3705241351129,True,,端点最大距离且全时段按遮挡计损仍满足双向预算
T022,下降,6927.54657594704,6941.147820250426,中继,R007,1509,PASS,worst_obstruction_endpoint_distance,0.7973955137346138,1808.9184260319166,True,,端点最大距离且全时段按遮挡计损仍满足双向预算
T022,投送,6941.147820250426,6961.147820250426,中继,R007,1510,PASS,exact_point,0.7973955137346138,1808.9184260319166,,,独立计算 DEM 遮挡、自由空间损耗与双向预算
T022,投送,6961.147820250426,6981.147820250426,中继,R007,1511,PASS,exact_point,0.7973955137346138,1808.9184260319166,,,独立计算 DEM 遮挡、自由空间损耗与双向预算
T022,投送,6981.147820250426,7001.147820250426,中继,R007,1512,PASS,exact_point,0.7973955137346138,1808.9184260319166,,,独立计算 DEM 遮挡、自由空间损耗与双向预算
T022,投送,7001.147820250426,7021.147820250426,中继,R007,1513,PASS,exact_point,0.7973955137346138,1808.9184260319166,,,独立计算 DEM 遮挡、自由空间损耗与双向预算
T022,投送,7021.147820250426,7041.147820250426,中继,R007,1514,PASS,exact_point,0.7973955137346138,1808.9184260319166,,,独立计算 DEM 遮挡、自由空间损耗与双向预算
T022,投送,7041.147820250426,7061.147820250426,中继,R007,1515,PASS,exact_point,0.7973955137346138,1808.9184260319166,,,独立计算 DEM 遮挡、自由空间损耗与双向预算
T022,投送,7061.147820250426,7081.147820250426,中继,R007,1516,PASS,exact_point,0.7973955137346138,1808.9184260319166,,,独立计算 DEM 遮挡、自由空间损耗与双向预算
T022,投送,7081.147820250426,7101.147820250426,中继,R007,1517,PASS,exact_point,0.7973955137346138,1808.9184260319166,,,独立计算 DEM 遮挡、自由空间损耗与双向预算
T022,投送,7101.147820250426,7121.147820250426,中继,R007,1518,PASS,exact_point,0.7973955137346138,1808.9184260319166,,,独立计算 DEM 遮挡、自由空间损耗与双向预算
T022,投送,7121.147820250426,7141.147820250426,中继,R007,1519,PASS,exact_point,0.7973955137346138,1808.9184260319166,,,独立计算 DEM 遮挡、自由空间损耗与双向预算
T022,投送,7141.147820250426,7161.147820250426,中继,R007,1520,PASS,exact_point,0.7973955137346138,1808.9184260319166,,,独立计算 DEM 遮挡、自由空间损耗与双向预算
T022,投送,7161.147820250426,7181.147820250426,中继,R007,1521,PASS,exact_point,0.7973955137346138,1808.9184260319166,,,独立计算 DEM 遮挡、自由空间损耗与双向预算
T022,爬升,7181.147820250426,7198.149375629657,中继,R007,1522,PASS,worst_obstruction_endpoint_distance,0.7973955137346138,1808.9184260319166,True,,端点最大距离且全时段按遮挡计损仍满足双向预算
T022,爬升,7198.149375629657,7215.1509310088895,中继,R007,1523,PASS,worst_obstruction_endpoint_distance,0.8218421697135057,1803.8343373937878,True,,端点最大距离且全时段按遮挡计损仍满足双向预算
T022,巡航,7215.1509310088895,7235.099362240314,中继,R007,1524,PASS,worst_obstruction_endpoint_distance,0.8394489047696396,1800.181577902523,True,,端点最大距离且全时段按遮挡计损仍满足双向预算
T022,巡航,7235.099362240314,7255.047793471739,中继,R007,1525,PASS,worst_obstruction_endpoint_distance,2.238018545490135,1532.4553547674145,True,,端点最大距离且全时段按遮挡计损仍满足双向预算
T022,巡航,7255.047793471739,7274.9962247031635,中继,R007,1526,PASS,worst_obstruction_endpoint_distance,3.809912144193447,1278.77209625438,True,,端点最大距离且全时段按遮挡计损仍满足双向预算
T022,巡航,7274.9962247031635,7294.944655934589,中继,R007,1527,PASS,worst_obstruction_endpoint_distance,5.527232666505114,1049.3663291862797,True,,端点最大距离且全时段按遮挡计损仍满足双向预算
T022,巡航,7294.944655934589,7314.893087166014,中继,R007,1528,PASS,worst_obstruction_endpoint_distance,7.2174888770571215,863.8022171589038,True,,端点最大距离且全时段按遮挡计损仍满足双向预算
T022,巡航,7314.893087166014,7334.841518397438,中继,R007,1529,PASS,worst_obstruction_endpoint_distance,8.361635307260357,757.1937018024331,True,,端点最大距离且全时段按遮挡计损仍满足双向预算
T022,巡航,7334.841518397438,7354.789949628863,中继,R007,1530,PASS,worst_obstruction_endpoint_distance,7.163167460360086,869.2213505149701,True,,端点最大距离且全时段按遮挡计损仍满足双向预算
T022,巡航,7354.789949628863,7374.738380860288,中继,R007,1531,PASS,worst_obstruction_endpoint_distance,5.465934903575743,1056.7980739955074,True,,端点最大距离且全时段按遮挡计损仍满足双向预算
T022,巡航,7374.738380860288,7394.686812091713,中继,R007,1532,PASS,worst_obstruction_endpoint_distance,3.752100501082751,1287.3117497629592,True,,端点最大距离且全时段按遮挡计损仍满足双向预算
T022,巡航,7394.686812091713,7414.635243323138,中继,R007,1533,PASS,worst_obstruction_endpoint_distance,2.18622543639502,1541.6205343153074,True,,端点最大距离且全时段按遮挡计损仍满足双向预算
T022,巡航,7414.635243323138,7434.583674554563,中继,R007,1534,PASS,worst_obstruction_endpoint_distance,0.7935438880098502,1809.720741284462,True,,端点最大距离且全时段按遮挡计损仍满足双向预算
T022,巡航,7434.583674554563,7454.532105785987,中继,R006,1535,PASS,worst_obstruction_endpoint_distance,0.49689652502375736,1872.5953130058556,True,,端点最大距离且全时段按遮挡计损仍满足双向预算
T022,巡航,7454.532105785987,7474.480537017413,中继,R006,1536,PASS,worst_obstruction_endpoint_distance,0.86657236942699,1794.5689111134643,True,,端点最大距离且全时段按遮挡计损仍满足双向预算
T022,巡航,7474.480537017413,7494.428968248838,中继,R006,1537,PASS,worst_obstruction_endpoint_distance,0.914101059081986,1784.7759507080286,True,,端点最大距离且全时段按遮挡计损仍满足双向预算
T022,巡航,7494.428968248838,7514.377399480262,直连,,1538,PASS,worst_obstruction_endpoint_distance,0.1323753731121542,3896.45791298493,True,,端点最大距离且全时段按遮挡计损仍满足双向预算
T022,巡航,7514.377399480262,7534.325830711688,直连,,1539,PASS,worst_obstruction_endpoint_distance,0.8250994230448754,3597.773239354705,True,,端点最大距离且全时段按遮挡计损仍满足双向预算
T022,巡航,7534.325830711688,7554.274261943112,直连,,1540,PASS,worst_obstruction_endpoint_distance,1.5776371600474448,3299.186756586918,True,,端点最大距离且全时段按遮挡计损仍满足双向预算
T022,巡航,7554.274261943112,7574.222693174537,直连,,1541,PASS,worst_obstruction_endpoint_distance,2.401243199064254,3000.7277761782934,True,,端点最大距离且全时段按遮挡计损仍满足双向预算
T022,巡航,7574.222693174537,7594.1711244059625,直连,,1542,PASS,worst_obstruction_endpoint_distance,3.3106586402651743,2702.4385427766797,True,,端点最大距离且全时段按遮挡计损仍满足双向预算
T022,巡航,7594.1711244059625,7614.119555637387,直连,,1543,PASS,worst_obstruction_endpoint_distance,4.325704959757758,2404.3822339864455,True,,端点最大距离且全时段按遮挡计损仍满足双向预算
T022,巡航,7614.119555637387,7634.067986868811,直连,,1544,PASS,worst_obstruction_endpoint_distance,5.473895595477202,2106.657716764186,True,,端点最大距离且全时段按遮挡计损仍满足双向预算
T022,巡航,7634.067986868811,7654.0164181002365,直连,,1545,PASS,worst_obstruction_endpoint_distance,6.794945300204006,1809.428778084995,True,,端点最大距离且全时段按遮挡计损仍满足双向预算
T022,巡航,7654.0164181002365,7673.964849331662,直连,,1546,PASS,worst_obstruction_endpoint_distance,8.349068263577223,1512.9875178566108,True,,端点最大距离且全时段按遮挡计损仍满足双向预算
T022,巡航,7673.964849331662,7693.913280563086,直连,,1547,PASS,worst_obstruction_endpoint_distance,10.233476665807785,1217.9092389358796,True,,端点最大距离且全时段按遮挡计损仍满足双向预算
T022,巡航,7693.913280563086,7713.861711794511,直连,,1548,PASS,worst_obstruction_endpoint_distance,12.618260351929706,925.4985457841007,True,,端点最大距离且全时段按遮挡计损仍满足双向预算
T022,巡航,7713.861711794511,7733.810143025936,直连,,1549,PASS,worst_obstruction_endpoint_distance,15.829974101692486,639.4256493755012,True,,端点最大距离且全时段按遮挡计损仍满足双向预算
T022,巡航,7733.810143025936,7753.758574257361,直连,,1550,PASS,worst_obstruction_endpoint_distance,20.476569260061567,374.5073067081198,True,,端点最大距离且全时段按遮挡计损仍满足双向预算
T022,下降,7753.758574257361,7773.375320839392,直连,,1551,PASS,worst_obstruction_endpoint_distance,24.894047506859238,225.20933227539103,True,,端点最大距离且全时段按遮挡计损仍满足双向预算
T022,下降,7773.375320839392,7792.992067421424,直连,,1552,PASS,worst_obstruction_endpoint_distance,27.0272610251467,176.16746582031374,True,,端点最大距离且全时段按遮挡计损仍满足双向预算
T022,下降,7792.992067421424,7812.608814003455,直连,,1553,PASS,worst_obstruction_endpoint_distance,29.86111489526982,127.12559936523417,True,,端点最大距离且全时段按遮挡计损仍满足双向预算
T022,下降,7812.608814003455,7832.225560585486,直连,,1554,PASS,worst_obstruction_endpoint_distance,34.09456382066654,78.0837329101546,True,,端点最大距离且全时段按遮挡计损仍满足双向预算
T022,下降,7832.225560585486,7851.842307167517,直连,,1555,PASS,worst_obstruction_endpoint_distance,42.68528468478472,29.041866455077297,True,,端点最大距离且全时段按遮挡计损仍满足双向预算
T023,爬升,6280.0,6296.34728881836,直连,,1556,PASS,worst_obstruction_endpoint_distance,42.68528468478428,29.041866455078775,True,,端点最大距离且全时段按遮挡计损仍满足双向预算
T023,爬升,6296.34728881836,6312.694577636719,直连,,1557,PASS,worst_obstruction_endpoint_distance,34.094563820666195,78.08373291015752,True,,端点最大距离且全时段按遮挡计损仍满足双向预算
T023,爬升,6312.694577636719,6329.041866455078,直连,,1558,PASS,worst_obstruction_endpoint_distance,29.861114895269864,127.12559936523354,True,,端点最大距离且全时段按遮挡计损仍满足双向预算
T023,爬升,6329.041866455078,6345.389155273438,直连,,1559,PASS,worst_obstruction_endpoint_distance,27.02726102514677,176.16746582031232,True,,端点最大距离且全时段按遮挡计损仍满足双向预算
T023,爬升,6345.389155273438,6361.736444091797,直连,,1560,PASS,worst_obstruction_endpoint_distance,24.894047506859238,225.20933227539103,True,,端点最大距离且全时段按遮挡计损仍满足双向预算
T023,巡航,6361.736444091797,6381.684875323222,直连,,1561,PASS,worst_obstruction_endpoint_distance,20.476569260061567,374.5073067081198,True,,端点最大距离且全时段按遮挡计损仍满足双向预算
T023,巡航,6381.684875323222,6401.633306554647,直连,,1562,PASS,worst_obstruction_endpoint_distance,15.829974101692486,639.4256493755012,True,,端点最大距离且全时段按遮挡计损仍满足双向预算
T023,巡航,6401.633306554647,6421.581737786071,直连,,1563,PASS,worst_obstruction_endpoint_distance,12.618260351929706,925.4985457841007,True,,端点最大距离且全时段按遮挡计损仍满足双向预算
T023,巡航,6421.581737786071,6441.5301690174965,直连,,1564,PASS,worst_obstruction_endpoint_distance,10.233476665807785,1217.9092389358796,True,,端点最大距离且全时段按遮挡计损仍满足双向预算
T023,巡航,6441.5301690174965,6461.478600248922,直连,,1565,PASS,worst_obstruction_endpoint_distance,8.349068263577223,1512.9875178566108,True,,端点最大距离且全时段按遮挡计损仍满足双向预算
T023,巡航,6461.478600248922,6481.427031480346,直连,,1566,PASS,worst_obstruction_endpoint_distance,6.794945300204006,1809.428778084995,True,,端点最大距离且全时段按遮挡计损仍满足双向预算
T023,巡航,6481.427031480346,6501.375462711771,直连,,1567,PASS,worst_obstruction_endpoint_distance,5.473895595477202,2106.657716764186,True,,端点最大距离且全时段按遮挡计损仍满足双向预算
T023,巡航,6501.375462711771,6521.323893943196,直连,,1568,PASS,worst_obstruction_endpoint_distance,4.325704959757758,2404.3822339864455,True,,端点最大距离且全时段按遮挡计损仍满足双向预算
T023,巡航,6521.323893943196,6541.272325174621,直连,,1569,PASS,worst_obstruction_endpoint_distance,3.3106586402651743,2702.4385427766797,True,,端点最大距离且全时段按遮挡计损仍满足双向预算
T023,巡航,6541.272325174621,6561.220756406046,直连,,1570,PASS,worst_obstruction_endpoint_distance,2.401243199064254,3000.7277761782934,True,,端点最大距离且全时段按遮挡计损仍满足双向预算
T023,巡航,6561.220756406046,6581.169187637471,直连,,1571,PASS,worst_obstruction_endpoint_distance,1.5776371600474448,3299.186756586918,True,,端点最大距离且全时段按遮挡计损仍满足双向预算
T023,巡航,6581.169187637471,6601.117618868896,直连,,1572,PASS,worst_obstruction_endpoint_distance,0.8250994230448754,3597.773239354705,True,,端点最大距离且全时段按遮挡计损仍满足双向预算
T023,巡航,6601.117618868896,6621.06605010032,直连,,1573,PASS,worst_obstruction_endpoint_distance,0.1323753731121542,3896.45791298493,True,,端点最大距离且全时段按遮挡计损仍满足双向预算
T023,巡航,6621.06605010032,6641.014481331746,中继,R006,1574,PASS,worst_obstruction_endpoint_distance,0.914101059081986,1784.7759507080286,True,,端点最大距离且全时段按遮挡计损仍满足双向预算
T023,巡航,6641.014481331746,6660.96291256317,中继,R006,1575,PASS,worst_obstruction_endpoint_distance,0.86657236942699,1794.5689111134643,True,,端点最大距离且全时段按遮挡计损仍满足双向预算
T023,巡航,6660.96291256317,6680.911343794595,中继,R006,1576,PASS,worst_obstruction_endpoint_distance,0.49689652502375736,1872.5953130058556,True,,端点最大距离且全时段按遮挡计损仍满足双向预算
T023,巡航,6680.911343794595,6700.85977502602,中继,R007,1577,PASS,worst_obstruction_endpoint_distance,0.7935438880098502,1809.720741284462,True,,端点最大距离且全时段按遮挡计损仍满足双向预算
T023,巡航,6700.85977502602,6720.808206257445,中继,R007,1578,PASS,worst_obstruction_endpoint_distance,2.18622543639502,1541.6205343153074,True,,端点最大距离且全时段按遮挡计损仍满足双向预算
T023,巡航,6720.808206257445,6740.75663748887,中继,R007,1579,PASS,worst_obstruction_endpoint_distance,3.752100501082751,1287.3117497629592,True,,端点最大距离且全时段按遮挡计损仍满足双向预算
T023,巡航,6740.75663748887,6760.705068720295,中继,R007,1580,PASS,worst_obstruction_endpoint_distance,5.465934903575743,1056.7980739955074,True,,端点最大距离且全时段按遮挡计损仍满足双向预算
T023,巡航,6760.705068720295,6780.65349995172,中继,R007,1581,PASS,worst_obstruction_endpoint_distance,7.163167460360086,869.2213505149701,True,,端点最大距离且全时段按遮挡计损仍满足双向预算
T023,巡航,6780.65349995172,6800.601931183144,中继,R007,1582,PASS,worst_obstruction_endpoint_distance,8.361635307260357,757.1937018024331,True,,端点最大距离且全时段按遮挡计损仍满足双向预算
T023,巡航,6800.601931183144,6820.5503624145695,中继,R007,1583,PASS,worst_obstruction_endpoint_distance,7.2174888770571215,863.8022171589038,True,,端点最大距离且全时段按遮挡计损仍满足双向预算
T023,巡航,6820.5503624145695,6840.498793645995,中继,R007,1584,PASS,worst_obstruction_endpoint_distance,5.527232666505114,1049.3663291862797,True,,端点最大距离且全时段按遮挡计损仍满足双向预算
T023,巡航,6840.498793645995,6860.447224877419,中继,R007,1585,PASS,worst_obstruction_endpoint_distance,3.809912144193447,1278.77209625438,True,,端点最大距离且全时段按遮挡计损仍满足双向预算
T023,巡航,6860.447224877419,6880.395656108844,中继,R007,1586,PASS,worst_obstruction_endpoint_distance,2.238018545490135,1532.4553547674145,True,,端点最大距离且全时段按遮挡计损仍满足双向预算
T023,巡航,6880.395656108844,6900.344087340269,中继,R007,1587,PASS,worst_obstruction_endpoint_distance,0.8394489047696396,1800.181577902523,True,,端点最大距离且全时段按遮挡计损仍满足双向预算
T023,下降,6900.344087340269,6913.945331643655,中继,R007,1588,PASS,worst_obstruction_endpoint_distance,0.8284758755184782,1802.4572144371425,True,,端点最大距离且全时段按遮挡计损仍满足双向预算
T023,下降,6913.945331643655,6927.54657594704,中继,R007,1589,PASS,worst_obstruction_endpoint_distance,0.8144482146368262,1805.3705241351129,True,,端点最大距离且全时段按遮挡计损仍满足双向预算
T023,下降,6927.54657594704,6941.147820250426,中继,R007,1590,PASS,worst_obstruction_endpoint_distance,0.7973955137346138,1808.9184260319166,True,,端点最大距离且全时段按遮挡计损仍满足双向预算
T023,投送,6941.147820250426,6960.238729341334,中继,R007,1591,PASS,exact_point,0.7973955137346138,1808.9184260319166,,,独立计算 DEM 遮挡、自由空间损耗与双向预算
T023,投送,6960.238729341334,6979.329638432244,中继,R007,1592,PASS,exact_point,0.7973955137346138,1808.9184260319166,,,独立计算 DEM 遮挡、自由空间损耗与双向预算
T023,投送,6979.329638432244,6998.420547523153,中继,R007,1593,PASS,exact_point,0.7973955137346138,1808.9184260319166,,,独立计算 DEM 遮挡、自由空间损耗与双向预算
T023,投送,6998.420547523153,7017.511456614062,中继,R007,1594,PASS,exact_point,0.7973955137346138,1808.9184260319166,,,独立计算 DEM 遮挡、自由空间损耗与双向预算
T023,投送,7017.511456614062,7036.602365704971,中继,R007,1595,PASS,exact_point,0.7973955137346138,1808.9184260319166,,,独立计算 DEM 遮挡、自由空间损耗与双向预算
T023,投送,7036.602365704971,7055.69327479588,中继,R007,1596,PASS,exact_point,0.7973955137346138,1808.9184260319166,,,独立计算 DEM 遮挡、自由空间损耗与双向预算
T023,投送,7055.69327479588,7074.784183886789,中继,R007,1597,PASS,exact_point,0.7973955137346138,1808.9184260319166,,,独立计算 DEM 遮挡、自由空间损耗与双向预算
T023,投送,7074.784183886789,7093.875092977698,中继,R007,1598,PASS,exact_point,0.7973955137346138,1808.9184260319166,,,独立计算 DEM 遮挡、自由空间损耗与双向预算
T023,投送,7093.875092977698,7112.966002068607,中继,R007,1599,PASS,exact_point,0.7973955137346138,1808.9184260319166,,,独立计算 DEM 遮挡、自由空间损耗与双向预算
T023,投送,7112.966002068607,7132.056911159516,中继,R007,1600,PASS,exact_point,0.7973955137346138,1808.9184260319166,,,独立计算 DEM 遮挡、自由空间损耗与双向预算
T023,投送,7132.056911159516,7151.147820250426,中继,R007,1601,PASS,exact_point,0.7973955137346138,1808.9184260319166,,,独立计算 DEM 遮挡、自由空间损耗与双向预算
T023,爬升,7151.147820250426,7168.149375629657,中继,R007,1602,PASS,worst_obstruction_endpoint_distance,0.7973955137346138,1808.9184260319166,True,,端点最大距离且全时段按遮挡计损仍满足双向预算
T023,爬升,7168.149375629657,7185.1509310088895,中继,R007,1603,PASS,worst_obstruction_endpoint_distance,0.8218421697135057,1803.8343373937878,True,,端点最大距离且全时段按遮挡计损仍满足双向预算
T023,巡航,7185.1509310088895,7205.099362240314,中继,R007,1604,PASS,worst_obstruction_endpoint_distance,0.8394489047696396,1800.181577902523,True,,端点最大距离且全时段按遮挡计损仍满足双向预算
T023,巡航,7205.099362240314,7225.047793471739,中继,R007,1605,PASS,worst_obstruction_endpoint_distance,2.238018545490135,1532.4553547674145,True,,端点最大距离且全时段按遮挡计损仍满足双向预算
T023,巡航,7225.047793471739,7244.9962247031635,中继,R007,1606,PASS,worst_obstruction_endpoint_distance,3.809912144193447,1278.77209625438,True,,端点最大距离且全时段按遮挡计损仍满足双向预算
T023,巡航,7244.9962247031635,7264.944655934589,中继,R007,1607,PASS,worst_obstruction_endpoint_distance,5.527232666505114,1049.3663291862797,True,,端点最大距离且全时段按遮挡计损仍满足双向预算
T023,巡航,7264.944655934589,7284.893087166014,中继,R007,1608,PASS,worst_obstruction_endpoint_distance,7.2174888770571215,863.8022171589038,True,,端点最大距离且全时段按遮挡计损仍满足双向预算
T023,巡航,7284.893087166014,7304.841518397438,中继,R007,1609,PASS,worst_obstruction_endpoint_distance,8.361635307260357,757.1937018024331,True,,端点最大距离且全时段按遮挡计损仍满足双向预算
T023,巡航,7304.841518397438,7324.789949628863,中继,R007,1610,PASS,worst_obstruction_endpoint_distance,7.163167460360086,869.2213505149701,True,,端点最大距离且全时段按遮挡计损仍满足双向预算
T023,巡航,7324.789949628863,7344.738380860288,中继,R007,1611,PASS,worst_obstruction_endpoint_distance,5.465934903575743,1056.7980739955074,True,,端点最大距离且全时段按遮挡计损仍满足双向预算
T023,巡航,7344.738380860288,7364.686812091713,中继,R007,1612,PASS,worst_obstruction_endpoint_distance,3.752100501082751,1287.3117497629592,True,,端点最大距离且全时段按遮挡计损仍满足双向预算
T023,巡航,7364.686812091713,7384.635243323138,中继,R007,1613,PASS,worst_obstruction_endpoint_distance,2.18622543639502,1541.6205343153074,True,,端点最大距离且全时段按遮挡计损仍满足双向预算
T023,巡航,7384.635243323138,7404.583674554563,中继,R007,1614,PASS,worst_obstruction_endpoint_distance,0.7935438880098502,1809.720741284462,True,,端点最大距离且全时段按遮挡计损仍满足双向预算
T023,巡航,7404.583674554563,7424.532105785987,中继,R006,1615,PASS,worst_obstruction_endpoint_distance,0.49689652502375736,1872.5953130058556,True,,端点最大距离且全时段按遮挡计损仍满足双向预算
T023,巡航,7424.532105785987,7444.480537017413,中继,R006,1616,PASS,worst_obstruction_endpoint_distance,0.86657236942699,1794.5689111134643,True,,端点最大距离且全时段按遮挡计损仍满足双向预算
T023,巡航,7444.480537017413,7464.428968248838,中继,R006,1617,PASS,worst_obstruction_endpoint_distance,0.914101059081986,1784.7759507080286,True,,端点最大距离且全时段按遮挡计损仍满足双向预算
T023,巡航,7464.428968248838,7484.377399480262,直连,,1618,PASS,worst_obstruction_endpoint_distance,0.1323753731121542,3896.45791298493,True,,端点最大距离且全时段按遮挡计损仍满足双向预算
T023,巡航,7484.377399480262,7504.325830711688,直连,,1619,PASS,worst_obstruction_endpoint_distance,0.8250994230448754,3597.773239354705,True,,端点最大距离且全时段按遮挡计损仍满足双向预算
T023,巡航,7504.325830711688,7524.274261943112,直连,,1620,PASS,worst_obstruction_endpoint_distance,1.5776371600474448,3299.186756586918,True,,端点最大距离且全时段按遮挡计损仍满足双向预算
T023,巡航,7524.274261943112,7544.222693174537,直连,,1621,PASS,worst_obstruction_endpoint_distance,2.401243199064254,3000.7277761782934,True,,端点最大距离且全时段按遮挡计损仍满足双向预算
T023,巡航,7544.222693174537,7564.1711244059625,直连,,1622,PASS,worst_obstruction_endpoint_distance,3.3106586402651743,2702.4385427766797,True,,端点最大距离且全时段按遮挡计损仍满足双向预算
T023,巡航,7564.1711244059625,7584.119555637387,直连,,1623,PASS,worst_obstruction_endpoint_distance,4.325704959757758,2404.3822339864455,True,,端点最大距离且全时段按遮挡计损仍满足双向预算
T023,巡航,7584.119555637387,7604.067986868811,直连,,1624,PASS,worst_obstruction_endpoint_distance,5.473895595477202,2106.657716764186,True,,端点最大距离且全时段按遮挡计损仍满足双向预算
T023,巡航,7604.067986868811,7624.0164181002365,直连,,1625,PASS,worst_obstruction_endpoint_distance,6.794945300204006,1809.428778084995,True,,端点最大距离且全时段按遮挡计损仍满足双向预算
T023,巡航,7624.0164181002365,7643.964849331662,直连,,1626,PASS,worst_obstruction_endpoint_distance,8.349068263577223,1512.9875178566108,True,,端点最大距离且全时段按遮挡计损仍满足双向预算
T023,巡航,7643.964849331662,7663.913280563086,直连,,1627,PASS,worst_obstruction_endpoint_distance,10.233476665807785,1217.9092389358796,True,,端点最大距离且全时段按遮挡计损仍满足双向预算
T023,巡航,7663.913280563086,7683.861711794511,直连,,1628,PASS,worst_obstruction_endpoint_distance,12.618260351929706,925.4985457841007,True,,端点最大距离且全时段按遮挡计损仍满足双向预算
T023,巡航,7683.861711794511,7703.810143025936,直连,,1629,PASS,worst_obstruction_endpoint_distance,15.829974101692486,639.4256493755012,True,,端点最大距离且全时段按遮挡计损仍满足双向预算
T023,巡航,7703.810143025936,7723.758574257361,直连,,1630,PASS,worst_obstruction_endpoint_distance,20.476569260061567,374.5073067081198,True,,端点最大距离且全时段按遮挡计损仍满足双向预算
T023,下降,7723.758574257361,7743.375320839392,直连,,1631,PASS,worst_obstruction_endpoint_distance,24.894047506859238,225.20933227539103,True,,端点最大距离且全时段按遮挡计损仍满足双向预算
T023,下降,7743.375320839392,7762.992067421424,直连,,1632,PASS,worst_obstruction_endpoint_distance,27.0272610251467,176.16746582031374,True,,端点最大距离且全时段按遮挡计损仍满足双向预算
T023,下降,7762.992067421424,7782.608814003455,直连,,1633,PASS,worst_obstruction_endpoint_distance,29.86111489526982,127.12559936523417,True,,端点最大距离且全时段按遮挡计损仍满足双向预算
T023,下降,7782.608814003455,7802.225560585486,直连,,1634,PASS,worst_obstruction_endpoint_distance,34.09456382066654,78.0837329101546,True,,端点最大距离且全时段按遮挡计损仍满足双向预算
T023,下降,7802.225560585486,7821.842307167517,直连,,1635,PASS,worst_obstruction_endpoint_distance,42.68528468478472,29.041866455077297,True,,端点最大距离且全时段按遮挡计损仍满足双向预算
T024,爬升,8255.0,8274.871088867187,直连,,1636,PASS,worst_obstruction_endpoint_distance,42.49716386964255,29.677722167966493,True,,端点最大距离且全时段按遮挡计损仍满足双向预算
T024,爬升,8274.871088867187,8294.742177734375,直连,,1637,PASS,worst_obstruction_endpoint_distance,33.95424061100921,79.35544433593753,True,,端点最大距离且全时段按遮挡计损仍满足双向预算
T024,爬升,8294.742177734375,8314.613266601562,直连,,1638,PASS,worst_obstruction_endpoint_distance,29.73174806392629,129.033166503904,True,,端点最大距离且全时段按遮挡计损仍满足双向预算
T024,爬升,8314.613266601562,8334.48435546875,直连,,1639,PASS,worst_obstruction_endpoint_distance,26.902754877149746,178.710888671875,True,,端点最大距离且全时段按遮挡计损仍满足双向预算
T024,巡航,8334.48435546875,8354.042287651693,直连,,1640,PASS,worst_obstruction_endpoint_distance,21.226846823481353,343.5155626257681,True,,端点最大距离且全时段按遮挡计损仍满足双向预算
T024,巡航,8354.042287651693,8373.600219834638,直连,,1641,PASS,worst_obstruction_endpoint_distance,16.19159854535019,613.3506516465615,True,,端点最大距离且全时段按遮挡计损仍满足双向预算
T024,巡航,8373.600219834638,8393.158152017582,直连,,1642,PASS,worst_obstruction_endpoint_distance,12.879592400811816,898.0678270917992,True,,端点最大距离且全时段按遮挡计损仍满足双向预算
T024,巡航,8393.158152017582,8412.716084200525,直连,,1643,PASS,worst_obstruction_endpoint_distance,10.456716578783727,1187.0060413963242,True,,端点最大距离且全时段按遮挡计损仍满足双向预算
T024,巡航,8412.716084200525,8432.27401638347,直连,,1644,PASS,worst_obstruction_endpoint_distance,8.554100828864037,1477.691301536886,True,,端点最大距离且全时段按遮挡计损仍满足双向预算
T024,巡航,8432.27401638347,8451.831948566414,直连,,1645,PASS,worst_obstruction_endpoint_distance,6.989928674066292,1769.2627117074003,True,,端点最大距离且全时段按遮挡计损仍满足双向预算
T024,巡航,8451.831948566414,8471.389880749357,直连,,1646,PASS,worst_obstruction_endpoint_distance,5.662764533404953,2061.3442758330607,True,,端点最大距离且全时段按遮挡计损仍满足双向预算
T024,巡航,8471.389880749357,8490.947812932302,直连,,1647,PASS,worst_obstruction_endpoint_distance,4.510582959293117,2353.74608317376,True,,端点最大距离且全时段按遮挡计损仍满足双向预算
T024,巡航,8490.947812932302,8510.505745115246,直连,,1648,PASS,worst_obstruction_endpoint_distance,3.492790187068408,2646.3619829257814,True,,端点最大距离且全时段按遮挡计损仍满足双向预算
T024,巡航,8510.505745115246,8530.063677298189,直连,,1649,PASS,worst_obstruction_endpoint_distance,2.5814050697037914,2939.128031468544,True,,端点最大距离且全时段按遮挡计损仍满足双向预算
T024,巡航,8530.063677298189,8549.621609481133,直连,,1650,PASS,worst_obstruction_endpoint_distance,1.7563389162753964,3232.0034260700977,True,,端点最大距离且全时段按遮挡计损仍满足双向预算
T024,巡航,8549.621609481133,8569.179541664078,直连,,1651,PASS,worst_obstruction_endpoint_distance,1.0026890572529226,3524.960911409265,True,,端点最大距离且全时段按遮挡计损仍满足双向预算
T024,巡航,8569.179541664078,8588.73747384702,直连,,1652,PASS,worst_obstruction_endpoint_distance,0.30909856529946467,3817.9815908243413,True,,端点最大距离且全时段按遮挡计损仍满足双向预算
T024,巡航,8588.73747384702,8608.295406029965,中继,R006,1653,PASS,worst_obstruction_endpoint_distance,4.75048596588492,1147.5310881707333,True,,端点最大距离且全时段按遮挡计损仍满足双向预算
T024,巡航,8608.295406029965,8627.853338212908,中继,R006,1654,PASS,worst_obstruction_endpoint_distance,5.7218340997577855,1026.1174029361243,True,,端点最大距离且全时段按遮挡计损仍满足双向预算
T024,巡航,8627.853338212908,8647.411270395853,中继,R006,1655,PASS,worst_obstruction_endpoint_distance,5.769233556951519,1020.5330653172732,True,,端点最大距离且全时段按遮挡计损仍满足双向预算
T024,巡航,8647.411270395853,8666.969202578797,中继,R006,1656,PASS,worst_obstruction_endpoint_distance,4.8265356948934794,1137.5276805044516,True,,端点最大距离且全时段按遮挡计损仍满足双向预算
T024,巡航,8666.969202578797,8686.52713476174,中继,R006,1657,PASS,worst_obstruction_endpoint_distance,3.594074017058716,1310.9467687492518,True,,端点最大距离且全时段按遮挡计损仍满足双向预算
T024,下降,8686.52713476174,8702.953495845724,中继,R006,1658,PASS,worst_obstruction_endpoint_distance,3.594074017058716,1310.9467687492518,True,,端点最大距离且全时段按遮挡计损仍满足双向预算
T024,下降,8702.953495845724,8719.379856929709,中继,R006,1659,PASS,worst_obstruction_endpoint_distance,3.595570509310747,1310.72092513708,True,,端点最大距离且全时段按遮挡计损仍满足双向预算
T024,下降,8719.379856929709,8735.806218013693,中继,R006,1660,PASS,worst_obstruction_endpoint_distance,3.5881400722092565,1311.8426750959086,True,,端点最大距离且全时段按遮挡计损仍满足双向预算
T024,下降,8735.806218013693,8752.232579097677,中继,R006,1661,PASS,worst_obstruction_endpoint_distance,3.5752875711909837,1313.7852440642905,True,,端点最大距离且全时段按遮挡计损仍满足双向预算
T024,投送,8752.232579097677,8771.617194482293,中继,R006,1662,PASS,exact_point,3.5752875711909837,1313.7852440642905,,,独立计算 DEM 遮挡、自由空间损耗与双向预算
T024,投送,8771.617194482293,8791.00180986691,中继,R006,1663,PASS,exact_point,3.5752875711909837,1313.7852440642905,,,独立计算 DEM 遮挡、自由空间损耗与双向预算
T024,投送,8791.00180986691,8810.386425251525,中继,R006,1664,PASS,exact_point,3.5752875711909837,1313.7852440642905,,,独立计算 DEM 遮挡、自由空间损耗与双向预算
T024,投送,8810.386425251525,8829.77104063614,中继,R006,1665,PASS,exact_point,3.5752875711909837,1313.7852440642905,,,独立计算 DEM 遮挡、自由空间损耗与双向预算
T024,投送,8829.77104063614,8849.155656020755,中继,R006,1666,PASS,exact_point,3.5752875711909837,1313.7852440642905,,,独立计算 DEM 遮挡、自由空间损耗与双向预算
T024,投送,8849.155656020755,8868.54027140537,中继,R006,1667,PASS,exact_point,3.5752875711909837,1313.7852440642905,,,独立计算 DEM 遮挡、自由空间损耗与双向预算
T024,投送,8868.54027140537,8887.924886789986,中继,R006,1668,PASS,exact_point,3.5752875711909837,1313.7852440642905,,,独立计算 DEM 遮挡、自由空间损耗与双向预算
T024,投送,8887.924886789986,8907.309502174601,中继,R006,1669,PASS,exact_point,3.5752875711909837,1313.7852440642905,,,独立计算 DEM 遮挡、自由空间损耗与双向预算
T024,投送,8907.309502174601,8926.694117559216,中继,R006,1670,PASS,exact_point,3.5752875711909837,1313.7852440642905,,,独立计算 DEM 遮挡、自由空间损耗与双向预算
T024,投送,8926.694117559216,8946.078732943832,中继,R006,1671,PASS,exact_point,3.5752875711909837,1313.7852440642905,,,独立计算 DEM 遮挡、自由空间损耗与双向预算
T024,投送,8946.078732943832,8965.463348328447,中继,R006,1672,PASS,exact_point,3.5752875711909837,1313.7852440642905,,,独立计算 DEM 遮挡、自由空间损耗与双向预算
T024,投送,8965.463348328447,8984.847963713062,中继,R006,1673,PASS,exact_point,3.5752875711909837,1313.7852440642905,,,独立计算 DEM 遮挡、自由空间损耗与双向预算
T024,投送,8984.847963713062,9004.232579097677,中继,R006,1674,PASS,exact_point,3.5752875711909837,1313.7852440642905,,,独立计算 DEM 遮挡、自由空间损耗与双向预算
T024,爬升,9004.232579097677,9021.754030920594,中继,R006,1675,PASS,worst_obstruction_endpoint_distance,3.5752875711909837,1313.7852440642905,True,,端点最大距离且全时段按遮挡计损仍满足双向预算
T024,爬升,9021.754030920594,9039.275482743511,中继,R006,1676,PASS,worst_obstruction_endpoint_distance,3.5912211322182515,1311.3774205978848,True,,端点最大距离且全时段按遮挡计损仍满足双向预算
T024,爬升,9039.275482743511,9056.796934566428,中继,R006,1677,PASS,worst_obstruction_endpoint_distance,3.594074017058716,1310.9467687492518,True,,端点最大距离且全时段按遮挡计损仍满足双向预算
T024,巡航,9056.796934566428,9076.354866749372,中继,R006,1678,PASS,worst_obstruction_endpoint_distance,3.594074017058716,1310.9467687492518,True,,端点最大距离且全时段按遮挡计损仍满足双向预算
T024,巡航,9076.354866749372,9095.912798932315,中继,R006,1679,PASS,worst_obstruction_endpoint_distance,4.8265356948951705,1137.5276805042306,True,,端点最大距离且全时段按遮挡计损仍满足双向预算
T024,巡航,9095.912798932315,9115.47073111526,中继,R006,1680,PASS,worst_obstruction_endpoint_distance,5.769233556951519,1020.5330653172732,True,,端点最大距离且全时段按遮挡计损仍满足双向预算
T024,巡航,9115.47073111526,9135.028663298204,中继,R006,1681,PASS,worst_obstruction_endpoint_distance,5.7218340997577855,1026.1174029361243,True,,端点最大距离且全时段按遮挡计损仍满足双向预算
T024,巡航,9135.028663298204,9154.586595481147,中继,R006,1682,PASS,worst_obstruction_endpoint_distance,4.75048596588492,1147.5310881707333,True,,端点最大距离且全时段按遮挡计损仍满足双向预算
T024,巡航,9154.586595481147,9174.144527664092,直连,,1683,PASS,worst_obstruction_endpoint_distance,0.30909856529946467,3817.9815908243413,True,,端点最大距离且全时段按遮挡计损仍满足双向预算
T024,巡航,9174.144527664092,9193.702459847036,直连,,1684,PASS,worst_obstruction_endpoint_distance,1.0026890572529226,3524.960911409265,True,,端点最大距离且全时段按遮挡计损仍满足双向预算
T024,巡航,9193.702459847036,9213.260392029979,直连,,1685,PASS,worst_obstruction_endpoint_distance,1.756338916276647,3232.003426069633,True,,端点最大距离且全时段按遮挡计损仍满足双向预算
T024,巡航,9213.260392029979,9232.818324212923,直连,,1686,PASS,worst_obstruction_endpoint_distance,2.5814050697037914,2939.128031468544,True,,端点最大距离且全时段按遮挡计损仍满足双向预算
T024,巡航,9232.818324212923,9252.376256395868,直连,,1687,PASS,worst_obstruction_endpoint_distance,3.492790187069943,2646.361982925317,True,,端点最大距离且全时段按遮挡计损仍满足双向预算
T024,巡航,9252.376256395868,9271.93418857881,直连,,1688,PASS,worst_obstruction_endpoint_distance,4.510582959293117,2353.74608317376,True,,端点最大距离且全时段按遮挡计损仍满足双向预算
T024,巡航,9271.93418857881,9291.492120761755,直连,,1689,PASS,worst_obstruction_endpoint_distance,5.662764533403006,2061.3442758335245,True,,端点最大距离且全时段按遮挡计损仍满足双向预算
T024,巡航,9291.492120761755,9311.050052944698,直连,,1690,PASS,worst_obstruction_endpoint_distance,6.989928674066292,1769.2627117074003,True,,端点最大距离且全时段按遮挡计损仍满足双向预算
T024,巡航,9311.050052944698,9330.607985127643,直连,,1691,PASS,worst_obstruction_endpoint_distance,8.554100828861323,1477.691301537348,True,,端点最大距离且全时段按遮挡计损仍满足双向预算
T024,巡航,9330.607985127643,9350.165917310587,直连,,1692,PASS,worst_obstruction_endpoint_distance,10.456716578783727,1187.0060413963242,True,,端点最大距离且全时段按遮挡计损仍满足双向预算
T024,巡航,9350.165917310587,9369.72384949353,直连,,1693,PASS,worst_obstruction_endpoint_distance,12.879592400811816,898.0678270917992,True,,端点最大距离且全时段按遮挡计损仍满足双向预算
T024,巡航,9369.72384949353,9389.281781676475,直连,,1694,PASS,worst_obstruction_endpoint_distance,16.19159854535019,613.3506516465615,True,,端点最大距离且全时段按遮挡计损仍满足双向预算
T024,巡航,9389.281781676475,9408.83971385942,直连,,1695,PASS,worst_obstruction_endpoint_distance,21.226846823471305,343.5155626261655,True,,端点最大距离且全时段按遮挡计损仍满足双向预算
T024,下降,9408.83971385942,9428.710802726606,直连,,1696,PASS,worst_obstruction_endpoint_distance,26.902754877149746,178.710888671875,True,,端点最大距离且全时段按遮挡计损仍满足双向预算
T024,下降,9428.710802726606,9448.581891593794,直连,,1697,PASS,worst_obstruction_endpoint_distance,29.087434584690158,138.96871093750144,True,,端点最大距离且全时段按遮挡计损仍满足双向预算
T024,下降,9448.581891593794,9468.452980460981,直连,,1698,PASS,worst_obstruction_endpoint_distance,32.013218802742756,99.22653320312429,True,,端点最大距离且全时段按遮挡计损仍满足双向预算
T024,下降,9468.452980460981,9488.32406932817,直连,,1699,PASS,worst_obstruction_endpoint_distance,36.457719961105596,59.48435546875072,True,,端点最大距离且全时段按遮挡计损仍满足双向预算
T024,下降,9488.32406932817,9508.195158195356,直连,,1700,PASS,worst_obstruction_endpoint_distance,45.92517525248826,20.0,True,,端点最大距离且全时段按遮挡计损仍满足双向预算
T025,爬升,8447.0,8465.125425415039,直连,,1701,PASS,worst_obstruction_endpoint_distance,43.878709413313516,25.31356353759776,True,,端点最大距离且全时段按遮挡计损仍满足双向预算
T025,爬升,8465.125425415039,8483.250850830078,直连,,1702,PASS,worst_obstruction_endpoint_distance,34.966344352585295,70.62712707519552,True,,端点最大距离且全时段按遮挡计损仍满足双向预算
T025,爬升,8483.250850830078,8501.376276245117,直连,,1703,PASS,worst_obstruction_endpoint_distance,30.66105750651289,115.94069061279328,True,,端点最大距离且全时段按遮挡计损仍满足双向预算
T025,爬升,8501.376276245117,8519.501701660156,直连,,1704,PASS,worst_obstruction_endpoint_distance,27.79555154865507,161.25425415039103,True,,端点最大距离且全时段按遮挡计损仍满足双向预算
T025,巡航,8519.501701660156,8539.265188883523,直连,,1705,PASS,worst_obstruction_endpoint_distance,21.381037235701385,337.4713404244718,True,,端点最大距离且全时段按遮挡计损仍满足双向预算
T025,巡航,8539.265188883523,8559.02867610689,直连,,1706,PASS,worst_obstruction_endpoint_distance,16.17615903644753,614.4418760035281,True,,端点最大距离且全时段按遮挡计损仍满足双向预算
T025,巡航,8559.02867610689,8578.792163330254,直连,,1707,PASS,worst_obstruction_endpoint_distance,12.823774280234389,903.8576628091926,True,,端点最大距离且全时段按遮挡计损仍满足双向预算
T025,巡航,8578.792163330254,8598.55565055362,直连,,1708,PASS,worst_obstruction_endpoint_distance,10.385900789493661,1196.723223014895,True,,端点最大距离且全时段按遮挡计损仍满足双向预算
T025,巡航,8598.55565055362,8618.319137776987,直连,,1709,PASS,worst_obstruction_endpoint_distance,8.476180856524223,1491.0071135443768,True,,端点最大距离且全时段按遮挡计损仍满足双向预算
T025,巡航,8618.319137776987,8638.082625000352,直连,,1710,PASS,worst_obstruction_endpoint_distance,6.908105372473543,1786.0083692495245,True,,端点最大距离且全时段按遮挡计损仍满足双向预算
T025,巡航,8638.082625000352,8657.846112223719,直连,,1711,PASS,worst_obstruction_endpoint_distance,5.578572376014165,2081.421994615999,True,,端点最大距离且全时段按遮挡计损仍满足双向预算
T025,巡航,8657.846112223719,8677.609599447085,直连,,1712,PASS,worst_obstruction_endpoint_distance,4.424847125248689,2377.0942527732964,True,,端点最大距离且全时段按遮挡计损仍满足双向预算
T025,巡航,8677.609599447085,8697.37308667045,直连,,1713,PASS,worst_obstruction_endpoint_distance,3.4059931797055043,2672.939317626779,True,,端点最大距离且全时段按遮挡计损仍满足双向预算
T025,巡航,8697.37308667045,8717.136573893817,直连,,1714,PASS,worst_obstruction_endpoint_distance,2.4938475922613463,2968.9055301769163,True,,端点最大距离且全时段按遮挡计损仍满足双向预算
T025,巡航,8717.136573893817,8736.900061117183,直连,,1715,PASS,worst_obstruction_endpoint_distance,1.6682180133278024,3264.9599447416617,True,,端点最大距离且全时段按遮挡计损仍满足双向预算
T025,巡航,8736.900061117183,8756.663548340548,直连,,1716,PASS,worst_obstruction_endpoint_distance,0.9141391873638156,3561.0805630696686,True,,端点最大距离且全时段按遮挡计损仍满足双向预算
T025,巡航,8756.663548340548,8776.427035563915,直连,,1717,PASS,worst_obstruction_endpoint_distance,0.2202145974620322,3857.2521378350943,True,,端点最大距离且全时段按遮挡计损仍满足双向预算
T025,巡航,8776.427035563915,8796.190522787281,中继,R006,1718,PASS,worst_obstruction_endpoint_distance,4.769648011061761,1145.0022965155065,True,,端点最大距离且全时段按遮挡计损仍满足双向预算
T025,巡航,8796.190522787281,8815.954010010648,中继,R006,1719,PASS,worst_obstruction_endpoint_distance,5.642972252661323,1035.4762581606512,True,,端点最大距离且全时段按遮挡计损仍满足双向预算
T025,巡航,8815.954010010648,8835.717497234013,中继,R006,1720,PASS,worst_obstruction_endpoint_distance,5.4463244538134745,1059.1867410184125,True,,端点最大距离且全时段按遮挡计损仍满足双向预算
T025,巡航,8835.717497234013,8855.48098445738,中继,R006,1721,PASS,worst_obstruction_endpoint_distance,4.4524716446014025,1187.5862921469752,True,,端点最大距离且全时段按遮挡计损仍满足双向预算
T025,巡航,8855.48098445738,8875.244471680746,中继,R006,1722,PASS,worst_obstruction_endpoint_distance,3.216657085476342,1369.165363458603,True,,端点最大距离且全时段按遮挡计损仍满足双向预算
T025,巡航,8875.244471680746,8895.00795890411,中继,R006,1723,PASS,worst_obstruction_endpoint_distance,1.9410267699402652,1585.7598575907703,True,,端点最大距离且全时段按遮挡计损仍满足双向预算
T025,巡航,8895.00795890411,8914.771446127477,中继,R006,1724,PASS,worst_obstruction_endpoint_distance,0.7207814530233776,1824.9446023511516,True,,端点最大距离且全时段按遮挡计损仍满足双向预算
T025,巡航,8914.771446127477,8934.534933350844,中继,R008,1725,PASS,worst_obstruction_endpoint_distance,7.982943005401779,790.9364822770917,True,,端点最大距离且全时段按遮挡计损仍满足双向预算
T025,巡航,8934.534933350844,8954.298420574209,中继,R008,1726,PASS,worst_obstruction_endpoint_distance,5.264168003380689,1081.6340690577874,True,,端点最大距离且全时段按遮挡计损仍满足双向预算
T025,巡航,8954.298420574209,8974.061907797575,中继,R008,1727,PASS,worst_obstruction_endpoint_distance,3.1810377706371042,1374.7915994615264,True,,端点最大距离且全时段按遮挡计损仍满足双向预算
T025,巡航,8974.061907797575,8993.825395020942,中继,R008,1728,PASS,worst_obstruction_endpoint_distance,1.49605825195151,1669.113407412751,True,,端点最大距离且全时段按遮挡计损仍满足双向预算
T025,巡航,8993.825395020942,9013.588882244308,中继,R008,1729,PASS,worst_obstruction_endpoint_distance,0.08260871375279066,1964.076152778362,True,,端点最大距离且全时段按遮挡计损仍满足双向预算
T025,下降,9013.588882244308,9028.497924602707,中继,R008,1730,PASS,worst_obstruction_endpoint_distance,0.08260871375279066,1964.076152778362,True,,端点最大距离且全时段按遮挡计损仍满足双向预算
T025,下降,9028.497924602707,9043.406966961105,中继,R008,1731,PASS,worst_obstruction_endpoint_distance,0.08318935627910662,1963.944860755383,True,,端点最大距离且全时段按遮挡计损仍满足双向预算
T025,下降,9043.406966961105,9058.316009319504,中继,R008,1732,PASS,worst_obstruction_endpoint_distance,0.0804771903531929,1964.5581975862738,True,,端点最大距离且全时段按遮挡计损仍满足双向预算
T025,投送,9058.316009319504,9078.116009319503,中继,R008,1733,PASS,exact_point,0.0804771903531929,1964.5581975862738,,,独立计算 DEM 遮挡、自由空间损耗与双向预算
T025,投送,9078.116009319503,9097.916009319502,中继,R008,1734,PASS,exact_point,0.0804771903531929,1964.5581975862738,,,独立计算 DEM 遮挡、自由空间损耗与双向预算
T025,投送,9097.916009319502,9117.716009319503,中继,R008,1735,PASS,exact_point,0.0804771903531929,1964.5581975862738,,,独立计算 DEM 遮挡、自由空间损耗与双向预算
T025,投送,9117.716009319503,9137.516009319503,中继,R008,1736,PASS,exact_point,0.0804771903531929,1964.5581975862738,,,独立计算 DEM 遮挡、自由空间损耗与双向预算
T025,投送,9137.516009319503,9157.316009319504,中继,R008,1737,PASS,exact_point,0.0804771903531929,1964.5581975862738,,,独立计算 DEM 遮挡、自由空间损耗与双向预算
T025,投送,9157.316009319504,9177.116009319503,中继,R008,1738,PASS,exact_point,0.0804771903531929,1964.5581975862738,,,独立计算 DEM 遮挡、自由空间损耗与双向预算
T025,投送,9177.116009319503,9196.916009319502,中继,R008,1739,PASS,exact_point,0.0804771903531929,1964.5581975862738,,,独立计算 DEM 遮挡、自由空间损耗与双向预算
T025,投送,9196.916009319502,9216.716009319503,中继,R008,1740,PASS,exact_point,0.0804771903531929,1964.5581975862738,,,独立计算 DEM 遮挡、自由空间损耗与双向预算
T025,投送,9216.716009319503,9236.516009319503,中继,R008,1741,PASS,exact_point,0.0804771903531929,1964.5581975862738,,,独立计算 DEM 遮挡、自由空间损耗与双向预算
T025,投送,9236.516009319503,9256.316009319504,中继,R008,1742,PASS,exact_point,0.0804771903531929,1964.5581975862738,,,独立计算 DEM 遮挡、自由空间损耗与双向预算
T025,投送,9256.316009319504,9276.116009319503,中继,R008,1743,PASS,exact_point,0.0804771903531929,1964.5581975862738,,,独立计算 DEM 遮挡、自由空间损耗与双向预算
T025,投送,9276.116009319503,9295.916009319502,中继,R008,1744,PASS,exact_point,0.0804771903531929,1964.5581975862738,,,独立计算 DEM 遮挡、自由空间损耗与双向预算
T025,投送,9295.916009319502,9315.716009319503,中继,R008,1745,PASS,exact_point,0.0804771903531929,1964.5581975862738,,,独立计算 DEM 遮挡、自由空间损耗与双向预算
T025,投送,9315.716009319503,9335.516009319503,中继,R008,1746,PASS,exact_point,0.0804771903531929,1964.5581975862738,,,独立计算 DEM 遮挡、自由空间损耗与双向预算
T025,投送,9335.516009319503,9355.316009319504,中继,R008,1747,PASS,exact_point,0.0804771903531929,1964.5581975862738,,,独立计算 DEM 遮挡、自由空间损耗与双向预算
T025,投送,9355.316009319504,9375.116009319503,中继,R008,1748,PASS,exact_point,0.0804771903531929,1964.5581975862738,,,独立计算 DEM 遮挡、自由空间损耗与双向预算
T025,投送,9375.116009319503,9394.916009319502,中继,R008,1749,PASS,exact_point,0.0804771903531929,1964.5581975862738,,,独立计算 DEM 遮挡、自由空间损耗与双向预算
T025,投送,9394.916009319502,9414.716009319503,中继,R008,1750,PASS,exact_point,0.0804771903531929,1964.5581975862738,,,独立计算 DEM 遮挡、自由空间损耗与双向预算
T025,投送,9414.716009319503,9434.516009319503,中继,R008,1751,PASS,exact_point,0.0804771903531929,1964.5581975862738,,,独立计算 DEM 遮挡、自由空间损耗与双向预算
T025,投送,9434.516009319503,9454.316009319504,中继,R008,1752,PASS,exact_point,0.0804771903531929,1964.5581975862738,,,独立计算 DEM 遮挡、自由空间损耗与双向预算
T025,爬升,9454.316009319504,9472.206860149581,中继,R008,1753,PASS,worst_obstruction_endpoint_distance,0.0804771903531929,1964.5581975862738,True,,端点最大距离且全时段按遮挡计损仍满足双向预算
T025,爬升,9472.206860149581,9490.097710979659,中继,R008,1754,PASS,worst_obstruction_endpoint_distance,0.08260871375279066,1964.076152778362,True,,端点最大距离且全时段按遮挡计损仍满足双向预算
T025,巡航,9490.097710979659,9509.861198203025,中继,R008,1755,PASS,worst_obstruction_endpoint_distance,0.08260871375279066,1964.076152778362,True,,端点最大距离且全时段按遮挡计损仍满足双向预算
T025,巡航,9509.861198203025,9529.624685426392,中继,R008,1756,PASS,worst_obstruction_endpoint_distance,1.49605825195151,1669.113407412751,True,,端点最大距离且全时段按遮挡计损仍满足双向预算
T025,巡航,9529.624685426392,9549.388172649757,中继,R008,1757,PASS,worst_obstruction_endpoint_distance,3.1810377706371042,1374.7915994615264,True,,端点最大距离且全时段按遮挡计损仍满足双向预算
T025,巡航,9549.388172649757,9569.151659873123,中继,R008,1758,PASS,worst_obstruction_endpoint_distance,5.2641680033805756,1081.634069057801,True,,端点最大距离且全时段按遮挡计损仍满足双向预算
T025,巡航,9569.151659873123,9588.91514709649,中继,R008,1759,PASS,worst_obstruction_endpoint_distance,7.982943005401779,790.9364822770917,True,,端点最大距离且全时段按遮挡计损仍满足双向预算
T025,巡航,9588.91514709649,9608.678634319855,中继,R008,1760,PASS,worst_obstruction_endpoint_distance,11.846499345070555,506.94844008022034,True,,端点最大距离且全时段按遮挡计损仍满足双向预算
T025,巡航,9608.678634319855,9628.442121543221,中继,R008,1761,PASS,worst_obstruction_endpoint_distance,17.87171950183982,253.33942657084106,True,,端点最大距离且全时段按遮挡计损仍满足双向预算
T025,巡航,9628.442121543221,9648.205608766588,中继,R008,1762,PASS,worst_obstruction_endpoint_distance,12.810203579364014,453.71023806410597,True,,端点最大距离且全时段按遮挡计损仍满足双向预算
T025,巡航,9648.205608766588,9667.969095989953,中继,R008,1763,PASS,worst_obstruction_endpoint_distance,8.619096337392278,735.0788740248184,True,,端点最大距离且全时段按遮挡计损仍满足双向预算
T025,巡航,9667.969095989953,9687.73258321332,中继,R008,1764,PASS,worst_obstruction_endpoint_distance,5.731414163795407,1024.9862751293902,True,,端点最大距离且全时段按遮挡计损仍满足双向预算
T025,巡航,9687.73258321332,9707.496070436686,中继,R008,1765,PASS,worst_obstruction_endpoint_distance,3.548725382916672,1317.8090603809612,True,,端点最大距离且全时段按遮挡计损仍满足双向预算
T025,巡航,9707.496070436686,9727.259557660052,中继,R008,1766,PASS,worst_obstruction_endpoint_distance,1.7986941689042766,1611.9592170068474,True,,端点最大距离且全时段按遮挡计损仍满足双向预算
T025,巡航,9727.259557660052,9747.023044883417,直连,,1767,PASS,worst_obstruction_endpoint_distance,0.2202145974620322,3857.2521378350943,True,,端点最大距离且全时段按遮挡计损仍满足双向预算
T025,巡航,9747.023044883417,9766.786532106784,直连,,1768,PASS,worst_obstruction_endpoint_distance,0.9141391873638156,3561.0805630696686,True,,端点最大距离且全时段按遮挡计损仍满足双向预算
T025,巡航,9766.786532106784,9786.55001933015,直连,,1769,PASS,worst_obstruction_endpoint_distance,1.6682180133278024,3264.9599447416617,True,,端点最大距离且全时段按遮挡计损仍满足双向预算
T025,巡航,9786.55001933015,9806.313506553515,直连,,1770,PASS,worst_obstruction_endpoint_distance,2.4938475922613463,2968.9055301769163,True,,端点最大距离且全时段按遮挡计损仍满足双向预算
T025,巡航,9806.313506553515,9826.076993776882,直连,,1771,PASS,worst_obstruction_endpoint_distance,3.4059931797055043,2672.939317626779,True,,端点最大距离且全时段按遮挡计损仍满足双向预算
T025,巡航,9826.076993776882,9845.840481000248,直连,,1772,PASS,worst_obstruction_endpoint_distance,4.424847125248689,2377.0942527732964,True,,端点最大距离且全时段按遮挡计损仍满足双向预算
T025,巡航,9845.840481000248,9865.603968223615,直连,,1773,PASS,worst_obstruction_endpoint_distance,5.578572376014165,2081.421994615999,True,,端点最大距离且全时段按遮挡计损仍满足双向预算
T025,巡航,9865.603968223615,9885.36745544698,直连,,1774,PASS,worst_obstruction_endpoint_distance,6.908105372473543,1786.0083692495245,True,,端点最大距离且全时段按遮挡计损仍满足双向预算
T025,巡航,9885.36745544698,9905.130942670346,直连,,1775,PASS,worst_obstruction_endpoint_distance,8.476180856524223,1491.0071135443768,True,,端点最大距离且全时段按遮挡计损仍满足双向预算
T025,巡航,9905.130942670346,9924.894429893713,直连,,1776,PASS,worst_obstruction_endpoint_distance,10.385900789493661,1196.723223014895,True,,端点最大距离且全时段按遮挡计损仍满足双向预算
T025,巡航,9924.894429893713,9944.657917117078,直连,,1777,PASS,worst_obstruction_endpoint_distance,12.823774280234389,903.8576628091926,True,,端点最大距离且全时段按遮挡计损仍满足双向预算
T025,巡航,9944.657917117078,9964.421404340444,直连,,1778,PASS,worst_obstruction_endpoint_distance,16.17615903644753,614.4418760035281,True,,端点最大距离且全时段按遮挡计损仍满足双向预算
T025,巡航,9964.421404340444,9984.184891563811,直连,,1779,PASS,worst_obstruction_endpoint_distance,21.381037235701385,337.4713404244718,True,,端点最大距离且全时段按遮挡计损仍满足双向预算
T025,下降,9984.184891563811,10002.31031697885,直连,,1780,PASS,worst_obstruction_endpoint_distance,27.79555154865507,161.25425415039103,True,,端点最大距离且全时段按遮挡计损仍满足双向预算
T025,下降,10002.31031697885,10020.435742393889,直连,,1781,PASS,worst_obstruction_endpoint_distance,30.00733842190894,125.00340332031283,True,,端点最大距离且全时段按遮挡计损仍满足双向预算
T025,下降,10020.435742393889,10038.561167808928,直连,,1782,PASS,worst_obstruction_endpoint_distance,32.9821581246938,88.75255249023462,True,,端点最大距离且全时段按遮挡计损仍满足双向预算
T025,下降,10038.561167808928,10056.686593223967,直连,,1783,PASS,worst_obstruction_endpoint_distance,37.54230757016704,52.501701660156414,True,,端点最大距离且全时段按遮挡计损仍满足双向预算
T025,下降,10056.686593223967,10074.812018639006,直连,,1784,PASS,worst_obstruction_endpoint_distance,45.92517525248826,20.0,True,,端点最大距离且全时段按遮挡计损仍满足双向预算
T026,爬升,8490.0,8508.392101372612,直连,,1785,PASS,worst_obstruction_endpoint_distance,41.02077101907989,35.17630411783688,True,,端点最大距离且全时段按遮挡计损仍满足双向预算
T026,爬升,8508.392101372612,8526.784202745226,直连,,1786,PASS,worst_obstruction_endpoint_distance,32.826961286043996,90.35260823567918,True,,端点最大距离且全时段按遮挡计损仍满足双向预算
T026,爬升,8526.784202745226,8545.176304117838,直连,,1787,PASS,worst_obstruction_endpoint_distance,28.68678949476505,145.52891235351603,True,,端点最大距离且全时段按遮挡计损仍满足双向预算
T026,巡航,8545.176304117838,8564.193466849745,直连,,1788,PASS,worst_obstruction_endpoint_distance,21.836398531290612,320.2350261363581,True,,端点最大距离且全时段按遮挡计损仍满足双向预算
T026,巡航,8564.193466849745,8583.210629581652,直连,,1789,PASS,worst_obstruction_endpoint_distance,16.546663988902537,588.7834023351405,True,,端点最大距离且全时段按遮挡计损仍满足双向预算
T026,巡航,8583.210629581652,8602.22779231356,直连,,1790,PASS,worst_obstruction_endpoint_distance,13.174798895214863,868.0581392014765,True,,端点最大距离且全时段按遮挡计损仍满足双向预算
T026,巡航,8602.22779231356,8621.244955045468,直连,,1791,PASS,worst_obstruction_endpoint_distance,10.729757922473041,1150.2728313183097,True,,端点最大距离且全时段按遮挡计损仍满足双向预算
T026,巡航,8621.244955045468,8640.262117777374,直连,,1792,PASS,worst_obstruction_endpoint_distance,8.816655594821057,1433.6923851274319,True,,端点最大距离且全时段按遮挡计损仍满足双向预算
T026,巡航,8640.262117777374,8659.279280509281,直连,,1793,PASS,worst_obstruction_endpoint_distance,7.246725157142279,1717.7205067016116,True,,端点最大距离且全时段按遮挡计损仍满足双向预算
T026,巡航,8659.279280509281,8678.296443241188,直连,,1794,PASS,worst_obstruction_endpoint_distance,5.916067623284519,2002.0982089747577,True,,端点最大距离且全时段按遮挡计损仍满足双向预算
T026,巡航,8678.296443241188,8697.313605973095,直连,,1795,PASS,worst_obstruction_endpoint_distance,4.761610048728812,2286.6950721260782,True,,端点最大距离且全时段按遮挡计损仍满足双向预算
T026,巡航,8697.313605973095,8716.330768705004,直连,,1796,PASS,worst_obstruction_endpoint_distance,3.7422529026328704,2571.4383295456846,True,,端点最大距离且全时段按遮挡计损仍满足双向预算
T026,巡航,8716.330768705004,8735.34793143691,直连,,1797,PASS,worst_obstruction_endpoint_distance,2.829746817360757,2856.284199392131,True,,端点最大距离且全时段按遮挡计损仍满足双向预算
T026,巡航,8735.34793143691,8754.365094168817,直连,,1798,PASS,worst_obstruction_endpoint_distance,2.003850208797573,3141.204766965233,True,,端点最大距离且全时段按遮挡计损仍满足双向预算
T026,巡航,8754.365094168817,8773.382256900724,直连,,1799,PASS,worst_obstruction_endpoint_distance,1.2495681126698628,3426.1813967707103,True,,端点最大距离且全时段按遮挡计损仍满足双向预算
T026,巡航,8773.382256900724,8792.399419632631,直连,,1800,PASS,worst_obstruction_endpoint_distance,0.5554852276978011,3711.20117407028,True,,端点最大距离且全时段按遮挡计损仍满足双向预算
T026,巡航,8792.399419632631,8811.416582364538,中继,R006,1801,PASS,worst_obstruction_endpoint_distance,3.383597521355128,1343.1016487213733,True,,端点最大距离且全时段按遮挡计损仍满足双向预算
T026,巡航,8811.416582364538,8830.433745096445,中继,R006,1802,PASS,worst_obstruction_endpoint_distance,4.1506121429035545,1229.5838524514456,True,,端点最大距离且全时段按遮挡计损仍满足双向预算
T026,巡航,8830.433745096445,8849.450907828352,中继,R006,1803,PASS,worst_obstruction_endpoint_distance,4.435093195223942,1189.964755289993,True,,端点最大距离且全时段按遮挡计损仍满足双向预算
T026,巡航,8849.450907828352,8868.46807056026,中继,R006,1804,PASS,worst_obstruction_endpoint_distance,3.8715822908103377,1269.7249214082633,True,,端点最大距离且全时段按遮挡计损仍满足双向预算
T026,巡航,8868.46807056026,8887.485233292167,中继,R006,1805,PASS,worst_obstruction_endpoint_distance,2.9986219399854264,1403.96946139346,True,,端点最大距离且全时段按遮挡计损仍满足双向预算
T026,巡航,8887.485233292167,8906.502396024074,中继,R006,1806,PASS,worst_obstruction_endpoint_distance,1.978896038724102,1578.8612150130898,True,,端点最大距离且全时段按遮挡计损仍满足双向预算
T026,巡航,8906.502396024074,8925.519558755981,中继,R006,1807,PASS,worst_obstruction_endpoint_distance,0.9253038754699503,1782.4754806974124,True,,端点最大距离且全时段按遮挡计损仍满足双向预算
T026,下降,8925.519558755981,8938.165341226684,中继,R006,1808,PASS,worst_obstruction_endpoint_distance,0.9242987628482382,1782.6817568926647,True,,端点最大距离且全时段按遮挡计损仍满足双向预算
T026,下降,8938.165341226684,8950.811123697387,中继,R006,1809,PASS,worst_obstruction_endpoint_distance,0.9205636411224134,1783.4485137247634,True,,端点最大距离且全时段按遮挡计损仍满足双向预算
T026,投送,8950.811123697387,8969.272662158926,中继,R008,1810,PASS,exact_point,27.88703216847678,252.8931988527141,,,独立计算 DEM 遮挡、自由空间损耗与双向预算
T026,投送,8969.272662158926,8987.734200620465,中继,R008,1811,PASS,exact_point,27.88703216847678,252.8931988527141,,,独立计算 DEM 遮挡、自由空间损耗与双向预算
T026,投送,8987.734200620465,9006.195739082003,中继,R008,1812,PASS,exact_point,27.88703216847678,252.8931988527141,,,独立计算 DEM 遮挡、自由空间损耗与双向预算
T026,投送,9006.195739082003,9024.657277543542,中继,R008,1813,PASS,exact_point,27.88703216847678,252.8931988527141,,,独立计算 DEM 遮挡、自由空间损耗与双向预算
T026,投送,9024.657277543542,9043.11881600508,中继,R008,1814,PASS,exact_point,27.88703216847678,252.8931988527141,,,独立计算 DEM 遮挡、自由空间损耗与双向预算
T026,投送,9043.11881600508,9061.580354466618,中继,R008,1815,PASS,exact_point,27.88703216847678,252.8931988527141,,,独立计算 DEM 遮挡、自由空间损耗与双向预算
T026,投送,9061.580354466618,9080.041892928157,中继,R008,1816,PASS,exact_point,27.88703216847678,252.8931988527141,,,独立计算 DEM 遮挡、自由空间损耗与双向预算
T026,投送,9080.041892928157,9098.503431389696,中继,R008,1817,PASS,exact_point,27.88703216847678,252.8931988527141,,,独立计算 DEM 遮挡、自由空间损耗与双向预算
T026,投送,9098.503431389696,9116.964969851233,中继,R008,1818,PASS,exact_point,27.88703216847678,252.8931988527141,,,独立计算 DEM 遮挡、自由空间损耗与双向预算
T026,投送,9116.964969851233,9135.426508312772,中继,R008,1819,PASS,exact_point,27.88703216847678,252.8931988527141,,,独立计算 DEM 遮挡、自由空间损耗与双向预算
T026,投送,9135.426508312772,9153.888046774311,中继,R008,1820,PASS,exact_point,27.88703216847678,252.8931988527141,,,独立计算 DEM 遮挡、自由空间损耗与双向预算
T026,投送,9153.888046774311,9172.34958523585,中继,R008,1821,PASS,exact_point,27.88703216847678,252.8931988527141,,,独立计算 DEM 遮挡、自由空间损耗与双向预算
T026,投送,9172.34958523585,9190.811123697387,中继,R008,1822,PASS,exact_point,27.88703216847678,252.8931988527141,,,独立计算 DEM 遮挡、自由空间损耗与双向预算
T026,爬升,9190.811123697387,9201.349275756307,中继,R008,1823,PASS,worst_obstruction_endpoint_distance,17.88703216847678,252.8931988527141,True,,端点最大距离且全时段按遮挡计损仍满足双向预算
T026,爬升,9201.349275756307,9211.887427815227,中继,R008,1824,PASS,worst_obstruction_endpoint_distance,18.001870807399882,249.57163139740678,True,,端点最大距离且全时段按遮挡计损仍满足双向预算
T026,巡航,9211.887427815227,9230.904590547134,中继,R008,1825,PASS,worst_obstruction_endpoint_distance,18.001870807399882,249.57163139740678,True,,端点最大距离且全时段按遮挡计损仍满足双向预算
T026,巡航,9230.904590547134,9249.92175327904,中继,R008,1826,PASS,worst_obstruction_endpoint_distance,15.682545557046382,325.9578769273874,True,,端点最大距离且全时段按遮挡计损仍满足双向预算
T026,巡航,9249.92175327904,9268.938916010948,中继,R008,1827,PASS,worst_obstruction_endpoint_distance,10.236317224428007,610.2009747603922,True,,端点最大距离且全时段按遮挡计损仍满足双向预算
T026,巡航,9268.938916010948,9287.956078742855,中继,R008,1828,PASS,worst_obstruction_endpoint_distance,6.908444158041945,895.0896809442007,True,,端点最大距离且全时段按遮挡计损仍满足双向预算
T026,巡航,9287.956078742855,9306.973241474761,中继,R008,1829,PASS,worst_obstruction_endpoint_distance,4.506982815151915,1180.1565402670476,True,,端点最大距离且全时段按遮挡计损仍满足双向预算
T026,巡航,9306.973241474761,9325.99040420667,中继,R008,1830,PASS,worst_obstruction_endpoint_distance,2.627258519793102,1465.2975798126802,True,,端点最大距离且全时段按遮挡计损仍满足双向预算
T026,巡航,9325.99040420667,9345.007566938577,中继,R008,1831,PASS,worst_obstruction_endpoint_distance,1.0826492244121937,1750.476549554645,True,,端点最大距离且全时段按遮挡计损仍满足双向预算
T026,巡航,9345.007566938577,9364.024729670484,直连,,1832,PASS,worst_obstruction_endpoint_distance,0.5554852276978011,3711.20117407028,True,,端点最大距离且全时段按遮挡计损仍满足双向预算
T026,巡航,9364.024729670484,9383.04189240239,直连,,1833,PASS,worst_obstruction_endpoint_distance,1.2495681126698628,3426.1813967707103,True,,端点最大距离且全时段按遮挡计损仍满足双向预算
T026,巡航,9383.04189240239,9402.059055134298,直连,,1834,PASS,worst_obstruction_endpoint_distance,2.003850208797573,3141.204766965233,True,,端点最大距离且全时段按遮挡计损仍满足双向预算
T026,巡航,9402.059055134298,9421.076217866204,直连,,1835,PASS,worst_obstruction_endpoint_distance,2.829746817360757,2856.284199392131,True,,端点最大距离且全时段按遮挡计损仍满足双向预算
T026,巡航,9421.076217866204,9440.093380598111,直连,,1836,PASS,worst_obstruction_endpoint_distance,3.7422529026328704,2571.4383295456846,True,,端点最大距离且全时段按遮挡计损仍满足双向预算
T026,巡航,9440.093380598111,9459.11054333002,直连,,1837,PASS,worst_obstruction_endpoint_distance,4.761610048728812,2286.6950721260782,True,,端点最大距离且全时段按遮挡计损仍满足双向预算
T026,巡航,9459.11054333002,9478.127706061927,直连,,1838,PASS,worst_obstruction_endpoint_distance,5.916067623284519,2002.0982089747577,True,,端点最大距离且全时段按遮挡计损仍满足双向预算
T026,巡航,9478.127706061927,9497.144868793834,直连,,1839,PASS,worst_obstruction_endpoint_distance,7.246725157142279,1717.7205067016116,True,,端点最大距离且全时段按遮挡计损仍满足双向预算
T026,巡航,9497.144868793834,9516.16203152574,直连,,1840,PASS,worst_obstruction_endpoint_distance,8.816655594821057,1433.6923851274319,True,,端点最大距离且全时段按遮挡计损仍满足双向预算
T026,巡航,9516.16203152574,9535.179194257647,直连,,1841,PASS,worst_obstruction_endpoint_distance,10.729757922473041,1150.2728313183097,True,,端点最大距离且全时段按遮挡计损仍满足双向预算
T026,巡航,9535.179194257647,9554.196356989554,直连,,1842,PASS,worst_obstruction_endpoint_distance,13.174798895214863,868.0581392014765,True,,端点最大距离且全时段按遮挡计损仍满足双向预算
T026,巡航,9554.196356989554,9573.213519721463,直连,,1843,PASS,worst_obstruction_endpoint_distance,16.546663988902182,588.7834023351647,True,,端点最大距离且全时段按遮挡计损仍满足双向预算
T026,巡航,9573.213519721463,9592.23068245337,直连,,1844,PASS,worst_obstruction_endpoint_distance,21.836398531290612,320.2350261363581,True,,端点最大距离且全时段按遮挡计损仍满足双向预算
T026,下降,9592.23068245337,9608.783573688721,直连,,1845,PASS,worst_obstruction_endpoint_distance,28.68678949476505,145.52891235351603,True,,端点最大距离且全时段按遮挡计损仍满足双向预算
T026,下降,9608.783573688721,9625.336464924072,直连,,1846,PASS,worst_obstruction_endpoint_distance,31.59286620976644,104.14668426513816,True,,端点最大距离且全时段按遮挡计损仍满足双向预算
T026,下降,9625.336464924072,9641.889356159423,直连,,1847,PASS,worst_obstruction_endpoint_distance,35.991499761200174,62.76445617676029,True,,端点最大距离且全时段按遮挡计损仍满足双向预算
T026,下降,9641.889356159423,9658.442247394776,直连,,1848,PASS,worst_obstruction_endpoint_distance,45.34471600699166,21.38222808838242,True,,端点最大距离且全时段按遮挡计损仍满足双向预算
T027,爬升,9471.0,9489.629083930122,直连,,1849,PASS,worst_obstruction_endpoint_distance,40.84697113032489,35.88725179036649,True,,端点最大距离且全时段按遮挡计损仍满足双向预算
T027,爬升,9489.629083930122,9508.258167860244,直连,,1850,PASS,worst_obstruction_endpoint_distance,32.69133428513629,91.77450358073298,True,,端点最大距离且全时段按遮挡计损仍满足双向预算
T027,爬升,9508.258167860244,9526.887251790364,直连,,1851,PASS,worst_obstruction_endpoint_distance,28.560414627442924,147.661755371094,True,,端点最大距离且全时段按遮挡计损仍满足双向预算
T027,巡航,9526.887251790364,9545.60790556874,直连,,1852,PASS,worst_obstruction_endpoint_distance,21.91728608924737,317.26667257153207,True,,端点最大距离且全时段按遮挡计损仍满足双向预算
T027,巡航,9545.60790556874,9564.328559347117,直连,,1853,PASS,worst_obstruction_endpoint_distance,16.66663440279322,580.7069692195184,True,,端点最大距离且全时段按遮挡计损仍满足双向预算
T027,巡航,9564.328559347117,9583.049213125494,直连,,1854,PASS,worst_obstruction_endpoint_distance,13.303683384717473,855.2726592885795,True,,端点最大距离且全时段按遮挡计损仍满足双向预算
T027,巡航,9583.049213125494,9601.76986690387,直连,,1855,PASS,worst_obstruction_endpoint_distance,10.861916747871135,1132.9035062187145,True,,端点最大距离且全时段按遮挡计损仍满足双向预算
T027,巡航,9601.76986690387,9620.490520682246,直连,,1856,PASS,worst_obstruction_endpoint_distance,8.950358587342222,1411.7923650913392,True,,端点最大距离且全时段按遮挡计损仍满足双向预算
T027,巡航,9620.490520682246,9639.211174460623,直连,,1857,PASS,worst_obstruction_endpoint_distance,7.381274715503494,1691.317032642597,True,,端点最大距离且全时段按遮挡计损仍满足双向预算
T027,巡航,9639.211174460623,9657.931828238998,直连,,1858,PASS,worst_obstruction_endpoint_distance,6.051130303594704,1971.2070471504326,True,,端点最大距离且全时段按遮挡计损仍满足双向预算
T027,巡航,9657.931828238998,9676.652482017374,直连,,1859,PASS,worst_obstruction_endpoint_distance,4.897006846639741,2251.326150430654,True,,端点最大距离且全时段按遮挡计损仍满足双向预算
T027,巡航,9676.652482017374,9695.373135795751,直连,,1860,PASS,worst_obstruction_endpoint_distance,3.8778792645119466,2531.5982982184714,True,,端点最大距离且全时段按遮挡计损仍满足双向预算
T027,巡航,9695.373135795751,9714.093789574126,直连,,1861,PASS,worst_obstruction_endpoint_distance,2.9655376322348275,2811.977728667235,True,,端点最大距离且全时段按遮挡计损仍满足双向预算
T027,下降,9714.093789574126,9730.746140648345,直连,,1862,PASS,worst_obstruction_endpoint_distance,2.9655376322348275,2811.977728667235,True,,端点最大距离且全时段按遮挡计损仍满足双向预算
T027,下降,9730.746140648345,9747.398491722564,直连,,1863,PASS,worst_obstruction_endpoint_distance,2.9713422573941983,2810.099161870278,True,,端点最大距离且全时段按遮挡计损仍满足双向预算
T027,投送,9747.398491722564,9766.489400813474,直连,,1864,PASS,exact_point,2.9752461696598544,2808.8364339208633,,,独立计算 DEM 遮挡、自由空间损耗与双向预算
T027,投送,9766.489400813474,9785.580309904382,直连,,1865,PASS,exact_point,2.9752461696598544,2808.8364339208633,,,独立计算 DEM 遮挡、自由空间损耗与双向预算
T027,投送,9785.580309904382,9804.671218995292,直连,,1866,PASS,exact_point,2.9752461696598544,2808.8364339208633,,,独立计算 DEM 遮挡、自由空间损耗与双向预算
T027,投送,9804.671218995292,9823.7621280862,直连,,1867,PASS,exact_point,2.9752461696598544,2808.8364339208633,,,独立计算 DEM 遮挡、自由空间损耗与双向预算
T027,投送,9823.7621280862,9842.85303717711,直连,,1868,PASS,exact_point,2.9752461696598544,2808.8364339208633,,,独立计算 DEM 遮挡、自由空间损耗与双向预算
T027,投送,9842.85303717711,9861.94394626802,直连,,1869,PASS,exact_point,2.9752461696598544,2808.8364339208633,,,独立计算 DEM 遮挡、自由空间损耗与双向预算
T027,投送,9861.94394626802,9881.034855358928,直连,,1870,PASS,exact_point,2.9752461696598544,2808.8364339208633,,,独立计算 DEM 遮挡、自由空间损耗与双向预算
T027,投送,9881.034855358928,9900.125764449838,直连,,1871,PASS,exact_point,2.9752461696598544,2808.8364339208633,,,独立计算 DEM 遮挡、自由空间损耗与双向预算
T027,投送,9900.125764449838,9919.216673540746,直连,,1872,PASS,exact_point,2.9752461696598544,2808.8364339208633,,,独立计算 DEM 遮挡、自由空间损耗与双向预算
T027,投送,9919.216673540746,9938.307582631656,直连,,1873,PASS,exact_point,2.9752461696598544,2808.8364339208633,,,独立计算 DEM 遮挡、自由空间损耗与双向预算
T027,投送,9938.307582631656,9957.398491722564,直连,,1874,PASS,exact_point,2.9752461696598544,2808.8364339208633,,,独立计算 DEM 遮挡、自由空间损耗与双向预算
T027,爬升,9957.398491722564,9975.871914981028,直连,,1875,PASS,worst_obstruction_endpoint_distance,2.9696297880088594,2810.6532424990314,True,,端点最大距离且全时段按遮挡计损仍满足双向预算
T027,爬升,9975.871914981028,9994.345338239493,直连,,1876,PASS,worst_obstruction_endpoint_distance,2.9606492814239544,2813.5607331677274,True,,端点最大距离且全时段按遮挡计损仍满足双向预算
T027,爬升,9994.345338239493,10012.818761497956,直连,,1877,PASS,worst_obstruction_endpoint_distance,2.9483254849495637,2817.5555294404185,True,,端点最大距离且全时段按遮挡计损仍满足双向预算
T027,巡航,10012.818761497956,10032.200977136492,直连,,1878,PASS,worst_obstruction_endpoint_distance,2.9483254849495637,2817.5555294404185,True,,端点最大距离且全时段按遮挡计损仍满足双向预算
T027,巡航,10032.200977136492,10051.58319277503,直连,,1879,PASS,worst_obstruction_endpoint_distance,3.271105719553219,2714.7726942113663,True,,端点最大距离且全时段按遮挡计损仍满足双向预算
T027,巡航,10051.58319277503,10070.965408413567,直连,,1880,PASS,worst_obstruction_endpoint_distance,3.5131894150659946,2640.1541675382996,True,,端点最大距离且全时段按遮挡计损仍满足双向预算
T027,巡航,10070.965408413567,10090.347624052103,直连,,1881,PASS,worst_obstruction_endpoint_distance,3.6592477868607602,2596.1296005550416,True,,端点最大距离且全时段按遮挡计损仍满足双向预算
T027,巡航,10090.347624052103,10109.72983969064,直连,,1882,PASS,worst_obstruction_endpoint_distance,3.6296407508113617,2604.9939604586953,True,,端点最大距离且全时段按遮挡计损仍满足双向预算
T027,巡航,10109.72983969064,10129.112055329177,直连,,1883,PASS,worst_obstruction_endpoint_distance,3.45611474299578,2657.5596495029304,True,,端点最大距离且全时段按遮挡计损仍满足双向预算
T027,巡航,10129.112055329177,10148.494270967714,直连,,1884,PASS,worst_obstruction_endpoint_distance,3.190356293126527,2740.1285872528338,True,,端点最大距离且全时段按遮挡计损仍满足双向预算
T027,巡航,10148.494270967714,10167.876486606252,直连,,1885,PASS,worst_obstruction_endpoint_distance,2.8485904846917265,2850.094329328944,True,,端点最大距离且全时段按遮挡计损仍满足双向预算
T027,巡航,10167.876486606252,10187.258702244788,直连,,1886,PASS,worst_obstruction_endpoint_distance,2.448547275721012,2984.429983236306,True,,端点最大距离且全时段按遮挡计损仍满足双向预算
T027,巡航,10187.258702244788,10206.640917883326,直连,,1887,PASS,worst_obstruction_endpoint_distance,2.0071563962940644,3140.0093297605263,True,,端点最大距离且全时段按遮挡计损仍满足双向预算
T027,巡航,10206.640917883326,10226.023133521863,直连,,1888,PASS,worst_obstruction_endpoint_distance,1.539140123103138,3313.8416504874244,True,,端点最大距离且全时段按遮挡计损仍满足双向预算
T027,巡航,10226.023133521863,10245.405349160399,直连,,1889,PASS,worst_obstruction_endpoint_distance,1.0564497104060564,3503.210813725228,True,,端点最大距离且全时段按遮挡计损仍满足双向预算
T027,巡航,10245.405349160399,10264.787564798937,直连,,1890,PASS,worst_obstruction_endpoint_distance,0.568286314059165,3705.7357101763596,True,,端点最大距离且全时段按遮挡计损仍满足双向预算
T027,巡航,10264.787564798937,10284.169780437474,直连,,1891,PASS,worst_obstruction_endpoint_distance,0.08143327947594514,3919.377492577828,True,,端点最大距离且全时段按遮挡计损仍满足双向预算
T027,巡航,10284.169780437474,10303.55199607601,中继,R009,1892,PASS,worst_obstruction_endpoint_distance,4.866160150164049,1132.3501730043977,True,,端点最大距离且全时段按遮挡计损仍满足双向预算
T027,巡航,10303.55199607601,10322.934211714548,中继,R009,1893,PASS,worst_obstruction_endpoint_distance,3.072088908900895,1392.1444900521808,True,,端点最大距离且全时段按遮挡计损仍满足双向预算
T027,巡航,10322.934211714548,10342.316427353084,中继,R009,1894,PASS,worst_obstruction_endpoint_distance,1.5320177540996127,1662.2175776471383,True,,端点最大距离且全时段按遮挡计损仍满足双向预算
T027,巡航,10342.316427353084,10361.698642991621,中继,R009,1895,PASS,worst_obstruction_endpoint_distance,0.19745581196842465,1938.2775593478718,True,,端点最大距离且全时段按遮挡计损仍满足双向预算
T027,下降,10361.698642991621,10372.36296672209,中继,R009,1896,PASS,worst_obstruction_endpoint_distance,0.19745581196842465,1938.2775593478718,True,,端点最大距离且全时段按遮挡计损仍满足双向预算
T027,投送,10372.36296672209,10392.36296672209,中继,R009,1897,PASS,exact_point,10.198491868675788,1938.046374542734,,,独立计算 DEM 遮挡、自由空间损耗与双向预算
T027,投送,10392.36296672209,10412.36296672209,中继,R009,1898,PASS,exact_point,10.198491868675788,1938.046374542734,,,独立计算 DEM 遮挡、自由空间损耗与双向预算
T027,投送,10412.36296672209,10432.36296672209,中继,R009,1899,PASS,exact_point,10.198491868675788,1938.046374542734,,,独立计算 DEM 遮挡、自由空间损耗与双向预算
T027,投送,10432.36296672209,10452.36296672209,中继,R009,1900,PASS,exact_point,10.198491868675788,1938.046374542734,,,独立计算 DEM 遮挡、自由空间损耗与双向预算
T027,投送,10452.36296672209,10472.36296672209,中继,R009,1901,PASS,exact_point,10.198491868675788,1938.046374542734,,,独立计算 DEM 遮挡、自由空间损耗与双向预算
T027,投送,10472.36296672209,10492.36296672209,中继,R009,1902,PASS,exact_point,10.198491868675788,1938.046374542734,,,独立计算 DEM 遮挡、自由空间损耗与双向预算
T027,投送,10492.36296672209,10512.36296672209,中继,R009,1903,PASS,exact_point,10.198491868675788,1938.046374542734,,,独立计算 DEM 遮挡、自由空间损耗与双向预算
T027,投送,10512.36296672209,10532.36296672209,中继,R009,1904,PASS,exact_point,10.198491868675788,1938.046374542734,,,独立计算 DEM 遮挡、自由空间损耗与双向预算
T027,投送,10532.36296672209,10552.36296672209,中继,R009,1905,PASS,exact_point,10.198491868675788,1938.046374542734,,,独立计算 DEM 遮挡、自由空间损耗与双向预算
T027,爬升,10552.36296672209,10568.190241298913,中继,R009,1906,PASS,worst_obstruction_endpoint_distance,0.1955043984916074,1938.7130709678047,True,,端点最大距离且全时段按遮挡计损仍满足双向预算
T027,巡航,10568.190241298913,10587.206817930919,中继,R009,1907,PASS,worst_obstruction_endpoint_distance,0.1955043984916074,1938.7130709678047,True,,端点最大距离且全时段按遮挡计损仍满足双向预算
T027,巡航,10587.206817930919,10606.223394562925,中继,R009,1908,PASS,worst_obstruction_endpoint_distance,1.516292876532276,1665.229571059125,True,,端点最大距离且全时段按遮挡计损仍满足双向预算
T027,巡航,10606.223394562925,10625.239971194931,中继,R009,1909,PASS,worst_obstruction_endpoint_distance,3.0451968529420697,1396.461335368327,True,,端点最大距离且全时段按遮挡计损仍满足双向预算
T027,巡航,10625.239971194931,10644.256547826937,中继,R009,1910,PASS,worst_obstruction_endpoint_distance,4.840037703985303,1135.7607943963674,True,,端点最大距离且全时段按遮挡计损仍满足双向预算
T027,巡航,10644.256547826937,10663.273124458943,直连,,1911,PASS,worst_obstruction_endpoint_distance,0.5425080385621612,3716.750053578153,True,,端点最大距离且全时段按遮挡计损仍满足双向预算
T027,巡航,10663.273124458943,10682.289701090947,直连,,1912,PASS,worst_obstruction_endpoint_distance,1.2342997133882534,3432.2093700731825,True,,端点最大距离且全时段按遮挡计损仍满足双向预算
T027,巡航,10682.289701090947,10701.306277722953,直连,,1913,PASS,worst_obstruction_endpoint_distance,1.9856412656795612,3147.7968395884704,True,,端点最大距离且全时段按遮挡计损仍满足双向预算
T027,巡航,10701.306277722953,10720.32285435496,直连,,1914,PASS,worst_obstruction_endpoint_distance,2.807677788514809,2863.5506474810068,True,,端点最大距离且全时段按遮挡计损仍满足双向预算
T027,巡航,10720.32285435496,10739.339430986965,直连,,1915,PASS,worst_obstruction_endpoint_distance,3.7149777055149116,2579.525782409383,True,,端点最大距离且全时段按遮挡计损仍满足双向预算
T027,巡航,10739.339430986965,10758.356007618971,直连,,1916,PASS,worst_obstruction_endpoint_distance,4.727077525390385,2295.804390099458,True,,端点最大距离且全时段按遮挡计损仍满足双向预算
T027,巡航,10758.356007618971,10777.372584250978,直连,,1917,PASS,worst_obstruction_endpoint_distance,5.870993404915339,2012.514824081251,True,,端点最大距离且全时段按遮挡计损仍满足双向预算
T027,巡航,10777.372584250978,10796.389160882984,直连,,1918,PASS,worst_obstruction_endpoint_distance,7.185509592415272,1729.8692496123044,True,,端点最大距离且全时段按遮挡计损仍满足双向预算
T027,巡航,10796.389160882984,10815.40573751499,直连,,1919,PASS,worst_obstruction_endpoint_distance,8.72893580056764,1448.2447681320716,True,,端点最大距离且全时段按遮挡计损仍满足双向预算
T027,巡航,10815.40573751499,10834.422314146996,直连,,1920,PASS,worst_obstruction_endpoint_distance,10.594093021855429,1168.379981063537,True,,端点最大距离且全时段按遮挡计损仍满足双向预算
T027,巡航,10834.422314146996,10853.438890779002,直连,,1921,PASS,worst_obstruction_endpoint_distance,12.939131831411018,891.9328651522274,True,,端点最大距离且全时段按遮挡计损仍满足双向预算
T027,巡航,10853.438890779002,10872.455467411006,直连,,1922,PASS,worst_obstruction_endpoint_distance,16.049514949605253,623.466338937083,True,,端点最大距离且全时段按遮挡计损仍满足双向预算
T027,巡航,10872.455467411006,10891.472044043012,直连,,1923,PASS,worst_obstruction_endpoint_distance,20.343794916914376,380.27608351961703,True,,端点最大距离且全时段按遮挡计损仍满足双向预算
T027,下降,10891.472044043012,10909.57083229171,直连,,1924,PASS,worst_obstruction_endpoint_distance,23.935643142447674,251.481823730469,True,,端点最大距离且全时段按遮挡计损仍满足双向预算
T027,下降,10909.57083229171,10927.669620540408,直连,,1925,PASS,worst_obstruction_endpoint_distance,25.65853393190919,206.2348531087219,True,,端点最大距离且全时段按遮挡计损仍满足双向预算
T027,下降,10927.669620540408,10945.768408789107,直连,,1926,PASS,worst_obstruction_endpoint_distance,27.809911405017885,160.98788248697934,True,,端点最大距离且全时段按遮挡计损仍满足双向预算
T027,下降,10945.768408789107,10963.867197037804,直连,,1927,PASS,worst_obstruction_endpoint_distance,30.67603717313186,115.74091186523225,True,,端点最大距离且全时段按遮挡计损仍满足双向预算
T027,下降,10963.867197037804,10981.965985286502,直连,,1928,PASS,worst_obstruction_endpoint_distance,34.98273932171074,70.49394124348967,True,,端点最大距离且全时段按遮挡计损仍满足双向预算
T027,下降,10981.965985286502,11000.0647735352,直连,,1929,PASS,worst_obstruction_endpoint_distance,43.90158967207188,25.24697062174255,True,,端点最大距离且全时段按遮挡计损仍满足双向预算
T028,爬升,10714.0,10733.293517252605,直连,,1930,PASS,worst_obstruction_endpoint_distance,42.93039059934205,28.23379313151247,True,,端点最大距离且全时段按遮挡计损仍满足双向预算
T028,爬升,10733.293517252605,10752.587034505208,直连,,1931,PASS,worst_obstruction_endpoint_distance,34.276227532041716,76.4675862630204,True,,端点最大距离且全时段按遮挡计损仍满足双向预算
T028,爬升,10752.587034505208,10771.880551757813,直连,,1932,PASS,worst_obstruction_endpoint_distance,30.02835001598521,124.70137939453286,True,,端点最大距离且全时段按遮挡计损仍满足双向预算
T028,爬升,10771.880551757813,10791.174069010416,直连,,1933,PASS,worst_obstruction_endpoint_distance,27.18810853562924,172.9351725260408,True,,端点最大距离且全时段按遮挡计损仍满足双向预算
T028,爬升,10791.174069010416,10810.467586263021,直连,,1934,PASS,worst_obstruction_endpoint_distance,25.05129142823644,221.16896565755326,True,,端点最大距离且全时段按遮挡计损仍满足双向预算
T028,爬升,10810.467586263021,10829.761103515624,直连,,1935,PASS,worst_obstruction_endpoint_distance,23.337734390683977,269.4027587890611,True,,端点最大距离且全时段按遮挡计损仍满足双向预算
T028,爬升,10829.761103515624,10849.05462076823,直连,,1936,PASS,worst_obstruction_endpoint_distance,21.907165707290872,317.6365519205736,True,,端点最大距离且全时段按遮挡计损仍满足双向预算
T028,爬升,10849.05462076823,10868.348138020834,直连,,1937,PASS,worst_obstruction_endpoint_distance,20.67923096631543,365.87034505208607,True,,端点最大距离且全时段按遮挡计损仍满足双向预算
T028,爬升,10868.348138020834,10887.641655273437,直连,,1938,PASS,worst_obstruction_endpoint_distance,19.603583756332725,414.104138183594,True,,端点最大距离且全时段按遮挡计损仍满足双向预算
T028,巡航,10887.641655273437,10907.010529185574,直连,,1939,PASS,worst_obstruction_endpoint_distance,17.86521275478823,505.85741518854684,True,,端点最大距离且全时段按遮挡计损仍满足双向预算
T028,巡航,10907.010529185574,10926.37940309771,直连,,1940,PASS,worst_obstruction_endpoint_distance,14.877571997569547,713.5265841036068,True,,端点最大距离且全时段按遮挡计损仍满足双向预算
T028,巡航,10926.37940309771,10945.748277009847,直连,,1941,PASS,worst_obstruction_endpoint_distance,12.255496498365815,964.9702702284851,True,,端点最大距离且全时段按遮挡计损仍满足双向预算
T028,巡航,10945.748277009847,10965.117150921982,直连,,1942,PASS,worst_obstruction_endpoint_distance,10.121531530871934,1233.707434162586,True,,端点最大距离且全时段按遮挡计损仍满足双向预算
T028,巡航,10965.117150921982,10984.486024834117,直连,,1943,PASS,worst_obstruction_endpoint_distance,8.363152781545892,1510.5361360364743,True,,端点最大距离且全时段按遮挡计损仍满足双向预算
T028,巡航,10984.486024834117,11003.854898746255,直连,,1944,PASS,worst_obstruction_endpoint_distance,6.88042209365949,1791.7097359553002,True,,端点最大距离且全时段按遮挡计损仍满足双向预算
T028,巡航,11003.854898746255,11023.22377265839,直连,,1945,PASS,worst_obstruction_endpoint_distance,5.6034748051165195,2075.4631078491716,True,,端点最大距离且全时段按遮挡计损仍满足双向预算
T028,巡航,11023.22377265839,11042.592646570527,直连,,1946,PASS,worst_obstruction_endpoint_distance,4.484347514560369,2360.8662437016196,True,,端点最大距离且全时段按遮挡计损仍满足双向预算
T028,巡航,11042.592646570527,11061.961520482662,直连,,1947,PASS,worst_obstruction_endpoint_distance,3.489431003683208,2647.3856356294796,True,,端点最大距离且全时段按遮挡计损仍满足双向预算
T028,巡航,11061.961520482662,11081.3303943948,直连,,1948,PASS,worst_obstruction_endpoint_distance,2.5945176302470827,2934.6943556878236,True,,端点最大距离且全时段按遮挡计损仍满足双向预算
T028,巡航,11081.3303943948,11100.699268306935,直连,,1949,PASS,worst_obstruction_endpoint_distance,1.7816975303945526,3222.5812935216322,True,,端点最大距离且全时段按遮挡计损仍满足双向预算
T028,巡航,11100.699268306935,11120.068142219072,直连,,1950,PASS,worst_obstruction_endpoint_distance,1.0373955454072217,3510.9042140003926,True,,端点最大距离且全时段按遮挡计损仍满足双向预算
T028,巡航,11120.068142219072,11139.437016131207,直连,,1951,PASS,worst_obstruction_endpoint_distance,0.3511001857511502,3799.563867195433,True,,端点最大距离且全时段按遮挡计损仍满足双向预算
T028,巡航,11139.437016131207,11158.805890043343,中继,R010,1952,PASS,worst_obstruction_endpoint_distance,0.9845112323786225,1770.3665557193347,True,,端点最大距离且全时段按遮挡计损仍满足双向预算
T028,巡航,11158.805890043343,11178.17476395548,中继,R010,1953,PASS,worst_obstruction_endpoint_distance,2.5205068448939016,1483.4175612415986,True,,端点最大距离且全时段按遮挡计损仍满足双向预算
T028,巡航,11178.17476395548,11197.543637867615,中继,R010,1954,PASS,worst_obstruction_endpoint_distance,4.375209083256834,1198.197210341921,True,,端点最大距离且全时段按遮挡计损仍满足双向预算
T028,巡航,11197.543637867615,11216.912511779752,中继,R010,1955,PASS,worst_obstruction_endpoint_distance,6.704821087598461,916.3211354232054,True,,端点最大距离且全时段按遮挡计损仍满足双向预算
T028,巡航,11216.912511779752,11236.281385691887,中继,R010,1956,PASS,worst_obstruction_endpoint_distance,9.792259352295744,642.2081174014426,True,,端点最大距离且全时段按遮挡计损仍满足双向预算
T028,巡航,11236.281385691887,11255.650259604025,中继,R010,1957,PASS,worst_obstruction_endpoint_distance,14.069522297381894,392.475583151711,True,,端点最大距离且全时段按遮挡计损仍满足双向预算
T028,巡航,11255.650259604025,11275.01913351616,中继,R010,1958,PASS,worst_obstruction_endpoint_distance,14.37103699044114,379.0852693535973,True,,端点最大距离且全时段按遮挡计损仍满足双向预算
T028,巡航,11275.01913351616,11294.388007428297,中继,R010,1959,PASS,worst_obstruction_endpoint_distance,10.015481333897569,625.9140373865876,True,,端点最大距离且全时段按遮挡计损仍满足双向预算
T028,巡航,11294.388007428297,11313.756881340432,中继,R010,1960,PASS,worst_obstruction_endpoint_distance,6.868168733638754,899.24974141508,True,,端点最大距离且全时段按遮挡计损仍满足双向预算
T028,巡航,11313.756881340432,11333.125755252568,中继,R010,1961,PASS,worst_obstruction_endpoint_distance,4.502054703899418,1180.826315405272,True,,端点最大距离且全时段按遮挡计损仍满足双向预算
T028,巡航,11333.125755252568,11352.494629164705,中继,R010,1962,PASS,worst_obstruction_endpoint_distance,2.623672825457575,1465.902606366813,True,,端点最大距离且全时段按遮挡计损仍满足双向预算
T028,巡航,11352.494629164705,11371.86350307684,中继,R010,1963,PASS,worst_obstruction_endpoint_distance,1.0712674676761509,1752.7718305681353,True,,端点最大距离且全时段按遮挡计损仍满足双向预算
T028,下降,11371.86350307684,11390.472181258807,中继,R010,1964,PASS,worst_obstruction_endpoint_distance,1.0712674676761509,1752.7718305681353,True,,端点最大距离且全时段按遮挡计损仍满足双向预算
T028,下降,11390.472181258807,11409.080859440774,中继,R010,1965,PASS,worst_obstruction_endpoint_distance,1.0785113452195105,1751.3106594017013,True,,端点最大距离且全时段按遮挡计损仍满足双向预算
T028,下降,11409.080859440774,11427.68953762274,中继,R010,1966,PASS,worst_obstruction_endpoint_distance,1.0812441152334031,1750.759745603046,True,,端点最大距离且全时段按遮挡计损仍满足双向预算
T028,下降,11427.68953762274,11446.298215804705,中继,R010,1967,PASS,worst_obstruction_endpoint_distance,1.0767256110411552,1751.670748803328,True,,端点最大距离且全时段按遮挡计损仍满足双向预算
T028,下降,11446.298215804705,11464.906893986672,中继,R010,1968,PASS,worst_obstruction_endpoint_distance,1.0682966095587574,1753.3714383529295,True,,端点最大距离且全时段按遮挡计损仍满足双向预算
T028,下降,11464.906893986672,11483.515572168639,中继,R010,1969,PASS,worst_obstruction_endpoint_distance,1.0559798351574585,1755.8595196313033,True,,端点最大距离且全时段按遮挡计损仍满足双向预算
T028,投送,11483.515572168639,11503.315572168638,中继,R010,1970,PASS,exact_point,11.055979835157459,1755.8595196313033,,,独立计算 DEM 遮挡、自由空间损耗与双向预算
T028,投送,11503.315572168638,11523.115572168637,中继,R010,1971,PASS,exact_point,11.055979835157459,1755.8595196313033,,,独立计算 DEM 遮挡、自由空间损耗与双向预算
T028,投送,11523.115572168637,11542.915572168638,中继,R010,1972,PASS,exact_point,11.055979835157459,1755.8595196313033,,,独立计算 DEM 遮挡、自由空间损耗与双向预算
T028,投送,11542.915572168638,11562.715572168638,中继,R010,1973,PASS,exact_point,11.055979835157459,1755.8595196313033,,,独立计算 DEM 遮挡、自由空间损耗与双向预算
T028,投送,11562.715572168638,11582.515572168639,中继,R010,1974,PASS,exact_point,11.055979835157459,1755.8595196313033,,,独立计算 DEM 遮挡、自由空间损耗与双向预算
T028,投送,11582.515572168639,11602.315572168638,中继,R010,1975,PASS,exact_point,11.055979835157459,1755.8595196313033,,,独立计算 DEM 遮挡、自由空间损耗与双向预算
T028,投送,11602.315572168638,11622.115572168637,中继,R010,1976,PASS,exact_point,11.055979835157459,1755.8595196313033,,,独立计算 DEM 遮挡、自由空间损耗与双向预算
T028,投送,11622.115572168637,11641.915572168638,中继,R010,1977,PASS,exact_point,11.055979835157459,1755.8595196313033,,,独立计算 DEM 遮挡、自由空间损耗与双向预算
T028,投送,11641.915572168638,11661.715572168638,中继,R010,1978,PASS,exact_point,11.055979835157459,1755.8595196313033,,,独立计算 DEM 遮挡、自由空间损耗与双向预算
T028,投送,11661.715572168638,11681.515572168639,中继,R010,1979,PASS,exact_point,11.055979835157459,1755.8595196313033,,,独立计算 DEM 遮挡、自由空间损耗与双向预算
T028,投送,11681.515572168639,11701.315572168638,中继,R010,1980,PASS,exact_point,11.055979835157459,1755.8595196313033,,,独立计算 DEM 遮挡、自由空间损耗与双向预算
T028,投送,11701.315572168638,11721.115572168637,中继,R010,1981,PASS,exact_point,11.055979835157459,1755.8595196313033,,,独立计算 DEM 遮挡、自由空间损耗与双向预算
T028,投送,11721.115572168637,11740.915572168638,中继,R010,1982,PASS,exact_point,11.055979835157459,1755.8595196313033,,,独立计算 DEM 遮挡、自由空间损耗与双向预算
T028,投送,11740.915572168638,11760.715572168638,中继,R010,1983,PASS,exact_point,11.055979835157459,1755.8595196313033,,,独立计算 DEM 遮挡、自由空间损耗与双向预算
T028,投送,11760.715572168638,11780.515572168639,中继,R010,1984,PASS,exact_point,11.055979835157459,1755.8595196313033,,,独立计算 DEM 遮挡、自由空间损耗与双向预算
T028,投送,11780.515572168639,11800.315572168638,中继,R010,1985,PASS,exact_point,11.055979835157459,1755.8595196313033,,,独立计算 DEM 遮挡、自由空间损耗与双向预算
T028,投送,11800.315572168638,11820.115572168637,中继,R010,1986,PASS,exact_point,11.055979835157459,1755.8595196313033,,,独立计算 DEM 遮挡、自由空间损耗与双向预算
T028,投送,11820.115572168637,11839.915572168638,中继,R010,1987,PASS,exact_point,11.055979835157459,1755.8595196313033,,,独立计算 DEM 遮挡、自由空间损耗与双向预算
T028,投送,11839.915572168638,11859.715572168638,中继,R010,1988,PASS,exact_point,11.055979835157459,1755.8595196313033,,,独立计算 DEM 遮挡、自由空间损耗与双向预算
T028,投送,11859.715572168638,11879.515572168639,中继,R010,1989,PASS,exact_point,11.055979835157459,1755.8595196313033,,,独立计算 DEM 遮挡、自由空间损耗与双向预算
T028,爬升,11879.515572168639,11897.379903223326,中继,R010,1990,PASS,worst_obstruction_endpoint_distance,1.0559798351574585,1755.8595196313033,True,,端点最大距离且全时段按遮挡计损仍满足双向预算
T028,爬升,11897.379903223326,11915.244234278012,中继,R010,1991,PASS,worst_obstruction_endpoint_distance,1.070294308703211,1752.9682204905328,True,,端点最大距离且全时段按遮挡计损仍满足双向预算
T028,爬升,11915.244234278012,11933.1085653327,中继,R010,1992,PASS,worst_obstruction_endpoint_distance,1.0790031937744118,1751.2114922161777,True,,端点最大距离且全时段按遮挡计损仍满足双向预算
T028,爬升,11933.1085653327,11950.972896387388,中继,R010,1993,PASS,worst_obstruction_endpoint_distance,1.079490722717381,1751.1132014983282,True,,端点最大距离且全时段按遮挡计损仍满足双向预算
T028,爬升,11950.972896387388,11968.837227442076,中继,R010,1994,PASS,worst_obstruction_endpoint_distance,1.0712674676761509,1752.7718305681353,True,,端点最大距离且全时段按遮挡计损仍满足双向预算
T028,巡航,11968.837227442076,11988.206101354212,中继,R010,1995,PASS,worst_obstruction_endpoint_distance,1.0712674676761509,1752.7718305681353,True,,端点最大距离且全时段按遮挡计损仍满足双向预算
T028,巡航,11988.206101354212,12007.574975266347,中继,R010,1996,PASS,worst_obstruction_endpoint_distance,2.623672825457902,1465.9026063667584,True,,端点最大距离且全时段按遮挡计损仍满足双向预算
T028,巡航,12007.574975266347,12026.943849178484,中继,R010,1997,PASS,worst_obstruction_endpoint_distance,4.502054703899418,1180.826315405272,True,,端点最大距离且全时段按遮挡计损仍满足双向预算
T028,巡航,12026.943849178484,12046.31272309062,中继,R010,1998,PASS,worst_obstruction_endpoint_distance,6.868168733638754,899.24974141508,True,,端点最大距离且全时段按遮挡计损仍满足双向预算
T028,巡航,12046.31272309062,12065.681597002756,中继,R010,1999,PASS,worst_obstruction_endpoint_distance,10.015481333897569,625.9140373865876,True,,端点最大距离且全时段按遮挡计损仍满足双向预算
T028,巡航,12065.681597002756,12085.050470914892,中继,R010,2000,PASS,worst_obstruction_endpoint_distance,14.37103699044114,379.0852693535973,True,,端点最大距离且全时段按遮挡计损仍满足双向预算
T028,巡航,12085.050470914892,12104.419344827029,中继,R010,2001,PASS,worst_obstruction_endpoint_distance,14.069522297381894,392.475583151711,True,,端点最大距离且全时段按遮挡计损仍满足双向预算
T028,巡航,12104.419344827029,12123.788218739164,中继,R010,2002,PASS,worst_obstruction_endpoint_distance,9.792259352295744,642.2081174014426,True,,端点最大距离且全时段按遮挡计损仍满足双向预算
T028,巡航,12123.788218739164,12143.157092651301,中继,R010,2003,PASS,worst_obstruction_endpoint_distance,6.704821087598461,916.3211354232054,True,,端点最大距离且全时段按遮挡计损仍满足双向预算
T028,巡航,12143.157092651301,12162.525966563437,中继,R010,2004,PASS,worst_obstruction_endpoint_distance,4.375209083256834,1198.197210341921,True,,端点最大距离且全时段按遮挡计损仍满足双向预算
T028,巡航,12162.525966563437,12181.894840475572,中继,R010,2005,PASS,worst_obstruction_endpoint_distance,2.5205068448941716,1483.4175612415534,True,,端点最大距离且全时段按遮挡计损仍满足双向预算
T028,巡航,12181.894840475572,12201.26371438771,中继,R010,2006,PASS,worst_obstruction_endpoint_distance,0.9845112323786225,1770.3665557193347,True,,端点最大距离且全时段按遮挡计损仍满足双向预算
T028,巡航,12201.26371438771,12220.632588299844,直连,,2007,PASS,worst_obstruction_endpoint_distance,0.3511001857511502,3799.563867195433,True,,端点最大距离且全时段按遮挡计损仍满足双向预算
T028,巡航,12220.632588299844,12240.001462211982,直连,,2008,PASS,worst_obstruction_endpoint_distance,1.0373955454072217,3510.9042140003926,True,,端点最大距离且全时段按遮挡计损仍满足双向预算
T028,巡航,12240.001462211982,12259.370336124117,直连,,2009,PASS,worst_obstruction_endpoint_distance,1.7816975303945526,3222.5812935216322,True,,端点最大距离且全时段按遮挡计损仍满足双向预算
T028,巡航,12259.370336124117,12278.739210036254,直连,,2010,PASS,worst_obstruction_endpoint_distance,2.5945176302470827,2934.6943556878236,True,,端点最大距离且全时段按遮挡计损仍满足双向预算
T028,巡航,12278.739210036254,12298.10808394839,直连,,2011,PASS,worst_obstruction_endpoint_distance,3.489431003683208,2647.3856356294796,True,,端点最大距离且全时段按遮挡计损仍满足双向预算
T028,巡航,12298.10808394839,12317.476957860526,直连,,2012,PASS,worst_obstruction_endpoint_distance,4.484347514560369,2360.8662437016196,True,,端点最大距离且全时段按遮挡计损仍满足双向预算
T028,巡航,12317.476957860526,12336.845831772662,直连,,2013,PASS,worst_obstruction_endpoint_distance,5.6034748051165195,2075.4631078491716,True,,端点最大距离且全时段按遮挡计损仍满足双向预算
T028,巡航,12336.845831772662,12356.214705684797,直连,,2014,PASS,worst_obstruction_endpoint_distance,6.88042209365949,1791.7097359553002,True,,端点最大距离且全时段按遮挡计损仍满足双向预算
T028,巡航,12356.214705684797,12375.583579596934,直连,,2015,PASS,worst_obstruction_endpoint_distance,8.363152781545608,1510.536136036523,True,,端点最大距离且全时段按遮挡计损仍满足双向预算
T028,巡航,12375.583579596934,12394.952453509071,直连,,2016,PASS,worst_obstruction_endpoint_distance,10.121531530871934,1233.707434162586,True,,端点最大距离且全时段按遮挡计损仍满足双向预算
T028,巡航,12394.952453509071,12414.321327421207,直连,,2017,PASS,worst_obstruction_endpoint_distance,12.255496498365815,964.9702702284851,True,,端点最大距离且全时段按遮挡计损仍满足双向预算
T028,巡航,12414.321327421207,12433.690201333342,直连,,2018,PASS,worst_obstruction_endpoint_distance,14.877571997569547,713.5265841036068,True,,端点最大距离且全时段按遮挡计损仍满足双向预算
T028,巡航,12433.690201333342,12453.05907524548,直连,,2019,PASS,worst_obstruction_endpoint_distance,17.86521275478823,505.85741518854684,True,,端点最大距离且全时段按遮挡计损仍满足双向预算
T028,下降,12453.05907524548,12472.791081526551,直连,,2020,PASS,worst_obstruction_endpoint_distance,19.603583756332725,414.104138183594,True,,端点最大距离且全时段按遮挡计损仍满足双向预算
T028,下降,12472.791081526551,12492.523087807624,直连,,2021,PASS,worst_obstruction_endpoint_distance,20.473489357801128,374.6401256214494,True,,端点最大距离且全时段按遮挡计损仍满足双向预算
T028,下降,12492.523087807624,12512.255094088696,直连,,2022,PASS,worst_obstruction_endpoint_distance,21.440313960408872,335.17611305930484,True,,端点最大距离且全时段按遮挡计损仍满足双向预算
T028,下降,12512.255094088696,12531.987100369768,直连,,2023,PASS,worst_obstruction_endpoint_distance,22.52839324260279,295.7121004971603,True,,端点最大距离且全时段按遮挡计损仍满足双向预算
T028,下降,12531.987100369768,12551.71910665084,直连,,2024,PASS,worst_obstruction_endpoint_distance,23.772562496383955,256.2480879350157,True,,端点最大距离且全时段按遮挡计损仍满足双向预算
T028,下降,12551.71910665084,12571.451112931914,直连,,2025,PASS,worst_obstruction_endpoint_distance,25.225227637195587,216.7840753728711,True,,端点最大距离且全时段按遮挡计损仍满足双向预算
T028,下降,12571.451112931914,12591.183119212987,直连,,2026,PASS,worst_obstruction_endpoint_distance,26.970617636485485,177.32006281072285,True,,端点最大距离且全时段按遮挡计损仍满足双向预算
T028,下降,12591.183119212987,12610.915125494059,直连,,2027,PASS,worst_obstruction_endpoint_distance,29.157258540840516,137.8560502485783,True,,端点最大距离且全时段按遮挡计损仍满足双向预算
T028,下降,12610.915125494059,12630.647131775131,直连,,2028,PASS,worst_obstruction_endpoint_distance,32.08657606884003,98.39203768643375,True,,端点最大距离且全时段按遮挡计损仍满足双向预算
T028,下降,12630.647131775131,12650.379138056203,直连,,2029,PASS,worst_obstruction_endpoint_distance,36.5393374322733,58.92802512428915,True,,端点最大距离且全时段按遮挡计损仍满足双向预算
T028,下降,12650.379138056203,12670.111144337276,直连,,2030,PASS,worst_obstruction_endpoint_distance,45.92517525248826,20.0,True,,端点最大距离且全时段按遮挡计损仍满足双向预算
T029,爬升,13834.0,13853.871088867187,直连,,2031,PASS,worst_obstruction_endpoint_distance,42.49716386964255,29.677722167966493,True,,端点最大距离且全时段按遮挡计损仍满足双向预算
T029,爬升,13853.871088867187,13873.742177734375,直连,,2032,PASS,worst_obstruction_endpoint_distance,33.95424061100921,79.35544433593753,True,,端点最大距离且全时段按遮挡计损仍满足双向预算
T029,爬升,13873.742177734375,13893.613266601562,直连,,2033,PASS,worst_obstruction_endpoint_distance,29.73174806392629,129.033166503904,True,,端点最大距离且全时段按遮挡计损仍满足双向预算
T029,爬升,13893.613266601562,13913.48435546875,直连,,2034,PASS,worst_obstruction_endpoint_distance,26.902754877149746,178.710888671875,True,,端点最大距离且全时段按遮挡计损仍满足双向预算
T029,巡航,13913.48435546875,13933.042287651693,直连,,2035,PASS,worst_obstruction_endpoint_distance,21.226846823481353,343.5155626257681,True,,端点最大距离且全时段按遮挡计损仍满足双向预算
T029,巡航,13933.042287651693,13952.600219834638,直连,,2036,PASS,worst_obstruction_endpoint_distance,16.19159854535019,613.3506516465615,True,,端点最大距离且全时段按遮挡计损仍满足双向预算
T029,巡航,13952.600219834638,13972.158152017582,直连,,2037,PASS,worst_obstruction_endpoint_distance,12.879592400811816,898.0678270917992,True,,端点最大距离且全时段按遮挡计损仍满足双向预算
T029,巡航,13972.158152017582,13991.716084200525,直连,,2038,PASS,worst_obstruction_endpoint_distance,10.456716578783727,1187.0060413963242,True,,端点最大距离且全时段按遮挡计损仍满足双向预算
T029,巡航,13991.716084200525,14011.27401638347,直连,,2039,PASS,worst_obstruction_endpoint_distance,8.554100828864037,1477.691301536886,True,,端点最大距离且全时段按遮挡计损仍满足双向预算
T029,巡航,14011.27401638347,14030.831948566414,直连,,2040,PASS,worst_obstruction_endpoint_distance,6.989928674066292,1769.2627117074003,True,,端点最大距离且全时段按遮挡计损仍满足双向预算
T029,巡航,14030.831948566414,14050.389880749357,直连,,2041,PASS,worst_obstruction_endpoint_distance,5.662764533404953,2061.3442758330607,True,,端点最大距离且全时段按遮挡计损仍满足双向预算
T029,巡航,14050.389880749357,14069.947812932302,直连,,2042,PASS,worst_obstruction_endpoint_distance,4.510582959293117,2353.74608317376,True,,端点最大距离且全时段按遮挡计损仍满足双向预算
T029,巡航,14069.947812932302,14089.505745115246,直连,,2043,PASS,worst_obstruction_endpoint_distance,3.492790187068408,2646.3619829257814,True,,端点最大距离且全时段按遮挡计损仍满足双向预算
T029,巡航,14089.505745115246,14109.063677298189,直连,,2044,PASS,worst_obstruction_endpoint_distance,2.5814050697037914,2939.128031468544,True,,端点最大距离且全时段按遮挡计损仍满足双向预算
T029,巡航,14109.063677298189,14128.621609481133,直连,,2045,PASS,worst_obstruction_endpoint_distance,1.7563389162753964,3232.0034260700977,True,,端点最大距离且全时段按遮挡计损仍满足双向预算
T029,巡航,14128.621609481133,14148.179541664078,直连,,2046,PASS,worst_obstruction_endpoint_distance,1.0026890572529226,3524.960911409265,True,,端点最大距离且全时段按遮挡计损仍满足双向预算
T029,巡航,14148.179541664078,14167.73747384702,直连,,2047,PASS,worst_obstruction_endpoint_distance,0.30909856529946467,3817.9815908243413,True,,端点最大距离且全时段按遮挡计损仍满足双向预算
T029,巡航,14167.73747384702,14187.295406029965,中继,R011,2048,PASS,worst_obstruction_endpoint_distance,7.766740961877289,810.8708909826305,True,,端点最大距离且全时段按遮挡计损仍满足双向预算
T029,巡航,14187.295406029965,14206.853338212908,中继,R011,2049,PASS,worst_obstruction_endpoint_distance,5.372637576100061,1068.2105908139624,True,,端点最大距离且全时段按遮挡计损仍满足双向预算
T029,巡航,14206.853338212908,14226.411270395853,中继,R011,2050,PASS,worst_obstruction_endpoint_distance,3.400857900205878,1340.4353214105083,True,,端点最大距离且全时段按遮挡计损仍满足双向预算
T029,巡航,14226.411270395853,14245.969202578797,中继,R011,2051,PASS,worst_obstruction_endpoint_distance,1.7551595487279883,1620.0588123631724,True,,端点最大距离且全时段按遮挡计损仍满足双向预算
T029,巡航,14245.969202578797,14265.52713476174,中继,R011,2052,PASS,worst_obstruction_endpoint_distance,0.35324022906780783,1903.8237786669126,True,,端点最大距离且全时段按遮挡计损仍满足双向预算
T029,下降,14265.52713476174,14281.953495845724,中继,R011,2053,PASS,worst_obstruction_endpoint_distance,0.35324022906780783,1903.8237786669126,True,,端点最大距离且全时段按遮挡计损仍满足双向预算
T029,下降,14281.953495845724,14298.379856929709,中继,R011,2054,PASS,worst_obstruction_endpoint_distance,0.35605358659525166,1903.2072304663573,True,,端点最大距离且全时段按遮挡计损仍满足双向预算
T029,下降,14298.379856929709,14314.806218013693,中继,R011,2055,PASS,worst_obstruction_endpoint_distance,0.35391828129610303,1903.6751650389876,True,,端点最大距离且全时段按遮挡计损仍满足双向预算
T029,下降,14314.806218013693,14331.232579097677,中继,R011,2056,PASS,worst_obstruction_endpoint_distance,0.34897343139013515,1904.7592299267517,True,,端点最大距离且全时段按遮挡计损仍满足双向预算
T029,投送,14331.232579097677,14350.29140262709,中继,R011,2057,PASS,exact_point,10.348973431390135,1904.7592299267517,,,独立计算 DEM 遮挡、自由空间损耗与双向预算
T029,投送,14350.29140262709,14369.3502261565,中继,R011,2058,PASS,exact_point,10.348973431390135,1904.7592299267517,,,独立计算 DEM 遮挡、自由空间损耗与双向预算
T029,投送,14369.3502261565,14388.409049685913,中继,R011,2059,PASS,exact_point,10.348973431390135,1904.7592299267517,,,独立计算 DEM 遮挡、自由空间损耗与双向预算
T029,投送,14388.409049685913,14407.467873215326,中继,R011,2060,PASS,exact_point,10.348973431390135,1904.7592299267517,,,独立计算 DEM 遮挡、自由空间损耗与双向预算
T029,投送,14407.467873215326,14426.526696744737,中继,R011,2061,PASS,exact_point,10.348973431390135,1904.7592299267517,,,独立计算 DEM 遮挡、自由空间损耗与双向预算
T029,投送,14426.526696744737,14445.585520274148,中继,R011,2062,PASS,exact_point,10.348973431390135,1904.7592299267517,,,独立计算 DEM 遮挡、自由空间损耗与双向预算
T029,投送,14445.585520274148,14464.64434380356,中继,R011,2063,PASS,exact_point,10.348973431390135,1904.7592299267517,,,独立计算 DEM 遮挡、自由空间损耗与双向预算
T029,投送,14464.64434380356,14483.703167332973,中继,R011,2064,PASS,exact_point,10.348973431390135,1904.7592299267517,,,独立计算 DEM 遮挡、自由空间损耗与双向预算
T029,投送,14483.703167332973,14502.761990862384,中继,R011,2065,PASS,exact_point,10.348973431390135,1904.7592299267517,,,独立计算 DEM 遮挡、自由空间损耗与双向预算
T029,投送,14502.761990862384,14521.820814391796,中继,R011,2066,PASS,exact_point,10.348973431390135,1904.7592299267517,,,独立计算 DEM 遮挡、自由空间损耗与双向预算
T029,投送,14521.820814391796,14540.879637921207,中继,R011,2067,PASS,exact_point,10.348973431390135,1904.7592299267517,,,独立计算 DEM 遮挡、自由空间损耗与双向预算
T029,投送,14540.879637921207,14559.93846145062,中继,R011,2068,PASS,exact_point,10.348973431390135,1904.7592299267517,,,独立计算 DEM 遮挡、自由空间损耗与双向预算
T029,投送,14559.93846145062,14578.99728498003,中继,R011,2069,PASS,exact_point,10.348973431390135,1904.7592299267517,,,独立计算 DEM 遮挡、自由空间损耗与双向预算
T029,投送,14578.99728498003,14598.056108509443,中继,R011,2070,PASS,exact_point,10.348973431390135,1904.7592299267517,,,独立计算 DEM 遮挡、自由空间损耗与双向预算
T029,投送,14598.056108509443,14617.114932038854,中继,R011,2071,PASS,exact_point,10.348973431390135,1904.7592299267517,,,独立计算 DEM 遮挡、自由空间损耗与双向预算
T029,投送,14617.114932038854,14636.173755568267,中继,R011,2072,PASS,exact_point,10.348973431390135,1904.7592299267517,,,独立计算 DEM 遮挡、自由空间损耗与双向预算
T029,投送,14636.173755568267,14655.232579097677,中继,R011,2073,PASS,exact_point,10.348973431390135,1904.7592299267517,,,独立计算 DEM 遮挡、自由空间损耗与双向预算
T029,爬升,14655.232579097677,14672.754030920594,中继,R011,2074,PASS,worst_obstruction_endpoint_distance,0.34897343139013515,1904.7592299267517,True,,端点最大距离且全时段按遮挡计损仍满足双向预算
T029,爬升,14672.754030920594,14690.275482743511,中继,R011,2075,PASS,worst_obstruction_endpoint_distance,0.3549927805486419,1903.4396829972059,True,,端点最大距离且全时段按遮挡计损仍满足双向预算
T029,爬升,14690.275482743511,14707.796934566428,中继,R011,2076,PASS,worst_obstruction_endpoint_distance,0.35324022906780783,1903.8237786669126,True,,端点最大距离且全时段按遮挡计损仍满足双向预算
T029,巡航,14707.796934566428,14727.354866749372,中继,R011,2077,PASS,worst_obstruction_endpoint_distance,0.35324022906780783,1903.8237786669126,True,,端点最大距离且全时段按遮挡计损仍满足双向预算
T029,巡航,14727.354866749372,14746.912798932315,中继,R011,2078,PASS,worst_obstruction_endpoint_distance,1.7551595487303615,1620.0588123627297,True,,端点最大距离且全时段按遮挡计损仍满足双向预算
T029,巡航,14746.912798932315,14766.47073111526,中继,R011,2079,PASS,worst_obstruction_endpoint_distance,3.400857900205878,1340.4353214105083,True,,端点最大距离且全时段按遮挡计损仍满足双向预算
T029,巡航,14766.47073111526,14786.028663298204,中继,R011,2080,PASS,worst_obstruction_endpoint_distance,5.372637576096679,1068.210590814378,True,,端点最大距离且全时段按遮挡计损仍满足双向预算
T029,巡航,14786.028663298204,14805.586595481147,中继,R011,2081,PASS,worst_obstruction_endpoint_distance,7.766740961877289,810.8708909826305,True,,端点最大距离且全时段按遮挡计损仍满足双向预算
T029,巡航,14805.586595481147,14825.144527664092,直连,,2082,PASS,worst_obstruction_endpoint_distance,0.30909856529946467,3817.9815908243413,True,,端点最大距离且全时段按遮挡计损仍满足双向预算
T029,巡航,14825.144527664092,14844.702459847036,直连,,2083,PASS,worst_obstruction_endpoint_distance,1.0026890572529226,3524.960911409265,True,,端点最大距离且全时段按遮挡计损仍满足双向预算
T029,巡航,14844.702459847036,14864.260392029979,直连,,2084,PASS,worst_obstruction_endpoint_distance,1.756338916276647,3232.003426069633,True,,端点最大距离且全时段按遮挡计损仍满足双向预算
T029,巡航,14864.260392029979,14883.818324212923,直连,,2085,PASS,worst_obstruction_endpoint_distance,2.5814050697037914,2939.128031468544,True,,端点最大距离且全时段按遮挡计损仍满足双向预算
T029,巡航,14883.818324212923,14903.376256395868,直连,,2086,PASS,worst_obstruction_endpoint_distance,3.492790187069943,2646.361982925317,True,,端点最大距离且全时段按遮挡计损仍满足双向预算
T029,巡航,14903.376256395868,14922.93418857881,直连,,2087,PASS,worst_obstruction_endpoint_distance,4.510582959293117,2353.74608317376,True,,端点最大距离且全时段按遮挡计损仍满足双向预算
T029,巡航,14922.93418857881,14942.492120761755,直连,,2088,PASS,worst_obstruction_endpoint_distance,5.662764533403006,2061.3442758335245,True,,端点最大距离且全时段按遮挡计损仍满足双向预算
T029,巡航,14942.492120761755,14962.050052944698,直连,,2089,PASS,worst_obstruction_endpoint_distance,6.989928674066292,1769.2627117074003,True,,端点最大距离且全时段按遮挡计损仍满足双向预算
T029,巡航,14962.050052944698,14981.607985127643,直连,,2090,PASS,worst_obstruction_endpoint_distance,8.554100828861323,1477.691301537348,True,,端点最大距离且全时段按遮挡计损仍满足双向预算
T029,巡航,14981.607985127643,15001.165917310587,直连,,2091,PASS,worst_obstruction_endpoint_distance,10.456716578783727,1187.0060413963242,True,,端点最大距离且全时段按遮挡计损仍满足双向预算
T029,巡航,15001.165917310587,15020.72384949353,直连,,2092,PASS,worst_obstruction_endpoint_distance,12.879592400811816,898.0678270917992,True,,端点最大距离且全时段按遮挡计损仍满足双向预算
T029,巡航,15020.72384949353,15040.281781676475,直连,,2093,PASS,worst_obstruction_endpoint_distance,16.19159854535019,613.3506516465615,True,,端点最大距离且全时段按遮挡计损仍满足双向预算
T029,巡航,15040.281781676475,15059.83971385942,直连,,2094,PASS,worst_obstruction_endpoint_distance,21.226846823471305,343.5155626261655,True,,端点最大距离且全时段按遮挡计损仍满足双向预算
T029,下降,15059.83971385942,15079.710802726606,直连,,2095,PASS,worst_obstruction_endpoint_distance,26.902754877149746,178.710888671875,True,,端点最大距离且全时段按遮挡计损仍满足双向预算
T029,下降,15079.710802726606,15099.581891593794,直连,,2096,PASS,worst_obstruction_endpoint_distance,29.087434584690158,138.96871093750144,True,,端点最大距离且全时段按遮挡计损仍满足双向预算
T029,下降,15099.581891593794,15119.452980460981,直连,,2097,PASS,worst_obstruction_endpoint_distance,32.013218802742756,99.22653320312429,True,,端点最大距离且全时段按遮挡计损仍满足双向预算
T029,下降,15119.452980460981,15139.32406932817,直连,,2098,PASS,worst_obstruction_endpoint_distance,36.457719961105596,59.48435546875072,True,,端点最大距离且全时段按遮挡计损仍满足双向预算
T029,下降,15139.32406932817,15159.195158195356,直连,,2099,PASS,worst_obstruction_endpoint_distance,45.92517525248826,20.0,True,,端点最大距离且全时段按遮挡计损仍满足双向预算
