运输架次编号,通信阶段,开始时刻（s）,结束时刻（s）,保障方式,中继架次编号
T001,爬升,360.0,375.10452117919925,直连,
T001,爬升,375.10452117919925,390.2090423583985,直连,
T001,爬升,390.2090423583985,405.31356353759776,直连,
T001,爬升,405.31356353759776,420.418084716797,直连,
T001,巡航,420.418084716797,440.18157194016305,直连,
T001,巡航,440.18157194016305,459.9450591635291,直连,
T001,巡航,459.9450591635291,479.7085463868952,直连,
T001,巡航,479.7085463868952,499.47203361026124,直连,
T001,巡航,499.47203361026124,519.2355208336273,直连,
T001,巡航,519.2355208336273,538.9990080569934,直连,
T001,巡航,538.9990080569934,558.7624952803594,直连,
T001,巡航,558.7624952803594,578.5259825037255,直连,
T001,巡航,578.5259825037255,598.2894697270915,直连,
T001,巡航,598.2894697270915,618.0529569504575,直连,
T001,巡航,618.0529569504575,637.8164441738236,直连,
T001,巡航,637.8164441738236,657.5799313971897,直连,
T001,巡航,657.5799313971897,677.3434186205557,直连,
T001,巡航,677.3434186205557,697.1069058439218,中继,R001
T001,巡航,697.1069058439218,716.8703930672878,中继,R001
T001,巡航,716.8703930672878,736.6338802906539,中继,R001
T001,巡航,736.6338802906539,756.39736751402,中继,R001
T001,巡航,756.39736751402,776.160854737386,中继,R002
T001,巡航,776.160854737386,795.924341960752,中继,R001
T001,巡航,795.924341960752,815.6878291841181,中继,R001
T001,巡航,815.6878291841181,835.4513164074842,中继,R001
T001,巡航,835.4513164074842,855.2148036308502,中继,R001
T001,巡航,855.2148036308502,874.9782908542163,中继,R001
T001,巡航,874.9782908542163,894.7417780775824,中继,R001
T001,巡航,894.7417780775824,914.5052653009484,中继,R001
T001,下降,914.5052653009484,932.3961161310265,中继,R001
T001,下降,932.3961161310265,950.2869669611046,中继,R001
T001,投送,950.2869669611046,969.3778760520137,中继,R001
T001,投送,969.3778760520137,988.4687851429227,中继,R001
T001,投送,988.4687851429227,1007.5596942338318,中继,R001
T001,投送,1007.5596942338318,1026.6506033247408,中继,R001
T001,投送,1026.6506033247408,1045.74151241565,中继,R001
T001,投送,1045.74151241565,1064.832421506559,中继,R001
T001,投送,1064.832421506559,1083.923330597468,中继,R001
T001,投送,1083.923330597468,1103.0142396883773,中继,R001
T001,投送,1103.0142396883773,1122.1051487792863,中继,R001
T001,投送,1122.1051487792863,1141.1960578701955,中继,R001
T001,投送,1141.1960578701955,1160.2869669611046,中继,R001
T001,爬升,1160.2869669611046,1175.196009319503,中继,R001
T001,爬升,1175.196009319503,1190.1050516779014,中继,R001
T001,巡航,1190.1050516779014,1209.8685389012676,中继,R001
T001,巡航,1209.8685389012676,1229.6320261246335,中继,R001
T001,巡航,1229.6320261246335,1249.3955133479997,中继,R001
T001,巡航,1249.3955133479997,1269.1590005713656,中继,R001
T001,巡航,1269.1590005713656,1288.9224877947318,中继,R001
T001,巡航,1288.9224877947318,1308.6859750180977,中继,R001
T001,巡航,1308.6859750180977,1328.4494622414638,中继,R001
T001,巡航,1328.4494622414638,1348.2129494648298,中继,R001
T001,巡航,1348.2129494648298,1367.976436688196,中继,R001
T001,巡航,1367.976436688196,1387.739923911562,中继,R001
T001,巡航,1387.739923911562,1407.503411134928,中继,R001
T001,巡航,1407.503411134928,1427.2668983582942,中继,R001
T001,巡航,1427.2668983582942,1447.03038558166,直连,
T001,巡航,1447.03038558166,1466.7938728050262,直连,
T001,巡航,1466.7938728050262,1486.5573600283922,直连,
T001,巡航,1486.5573600283922,1506.3208472517583,直连,
T001,巡航,1506.3208472517583,1526.0843344751243,直连,
T001,巡航,1526.0843344751243,1545.8478216984904,直连,
T001,巡航,1545.8478216984904,1565.6113089218566,直连,
T001,巡航,1565.6113089218566,1585.3747961452225,直连,
T001,巡航,1585.3747961452225,1605.1382833685886,直连,
T001,巡航,1605.1382833685886,1624.9017705919546,直连,
T001,巡航,1624.9017705919546,1644.6652578153207,直连,
T001,巡航,1644.6652578153207,1664.4287450386869,直连,
T001,巡航,1664.4287450386869,1684.1922322620528,直连,
T001,下降,1684.1922322620528,1702.3176576770918,直连,
T001,下降,1702.3176576770918,1720.443083092131,直连,
T001,下降,1720.443083092131,1738.56850850717,直连,
T001,下降,1738.56850850717,1756.693933922209,直连,
T002,爬升,359.99999999999994,378.6290839301215,直连,
T002,爬升,378.6290839301215,397.258167860243,直连,
T002,爬升,397.258167860243,415.8872517903646,直连,
T002,巡航,415.8872517903646,435.38793280950654,直连,
T002,巡航,435.38793280950654,454.8886138286485,直连,
T002,巡航,454.8886138286485,474.38929484779044,直连,
T002,巡航,474.38929484779044,493.8899758669324,直连,
T002,巡航,493.8899758669324,513.3906568860743,直连,
T002,巡航,513.3906568860743,532.8913379052162,直连,
T002,巡航,532.8913379052162,552.3920189243582,直连,
T002,巡航,552.3920189243582,571.8926999435001,直连,
T002,巡航,571.8926999435001,591.3933809626421,直连,
T002,巡航,591.3933809626421,610.894061981784,直连,
T002,巡航,610.894061981784,630.3947430009259,直连,
T002,巡航,630.3947430009259,649.8954240200679,直连,
T002,下降,649.8954240200679,666.5477750942866,直连,
T002,下降,666.5477750942866,683.2001261685054,直连,
T002,投送,683.2001261685054,702.2910352594146,直连,
T002,投送,702.2910352594146,721.3819443503236,直连,
T002,投送,721.3819443503236,740.4728534412327,直连,
T002,投送,740.4728534412327,759.5637625321418,直连,
T002,投送,759.5637625321418,778.654671623051,直连,
T002,投送,778.654671623051,797.74558071396,直连,
T002,投送,797.74558071396,816.8364898048691,直连,
T002,投送,816.8364898048691,835.9273988957782,直连,
T002,投送,835.9273988957782,855.0183079866872,直连,
T002,投送,855.0183079866872,874.1092170775963,直连,
T002,投送,874.1092170775963,893.2001261685054,直连,
T002,爬升,893.2001261685054,907.0770853970212,直连,
T002,爬升,907.0770853970212,920.9540446255368,直连,
T002,巡航,920.9540446255368,940.4547256446787,直连,
T002,巡航,940.4547256446787,959.9554066638207,直连,
T002,巡航,959.9554066638207,979.4560876829626,直连,
T002,巡航,979.4560876829626,998.9567687021046,直连,
T002,巡航,998.9567687021046,1018.4574497212465,直连,
T002,巡航,1018.4574497212465,1037.9581307403885,直连,
T002,巡航,1037.9581307403885,1057.4588117595304,直连,
T002,巡航,1057.4588117595304,1076.9594927786723,直连,
T002,巡航,1076.9594927786723,1096.4601737978142,直连,
T002,巡航,1096.4601737978142,1115.9608548169563,直连,
T002,巡航,1115.9608548169563,1135.4615358360982,直连,
T002,巡航,1135.4615358360982,1154.96221685524,直连,
T002,下降,1154.96221685524,1171.7283923923494,直连,
T002,下降,1171.7283923923494,1188.4945679294588,直连,
T002,下降,1188.4945679294588,1205.2607434665683,直连,
T002,下降,1205.2607434665683,1222.0269190036777,直连,
T003,爬升,360.0,379.8664866129558,直连,
T003,爬升,379.8664866129558,399.7329732259115,直连,
T003,爬升,399.7329732259115,419.59945983886723,直连,
T003,爬升,419.59945983886723,439.465946451823,直连,
T003,巡航,439.465946451823,458.4317239116678,直连,
T003,巡航,458.4317239116678,477.39750137151253,直连,
T003,巡航,477.39750137151253,496.3632788313573,直连,
T003,巡航,496.3632788313573,515.329056291202,直连,
T003,巡航,515.329056291202,534.2948337510468,直连,
T003,巡航,534.2948337510468,553.2606112108916,直连,
T003,巡航,553.2606112108916,572.2263886707364,直连,
T003,巡航,572.2263886707364,591.1921661305811,直连,
T003,巡航,591.1921661305811,610.1579435904259,直连,
T003,巡航,610.1579435904259,629.1237210502707,直连,
T003,巡航,629.1237210502707,648.0894985101154,直连,
T003,巡航,648.0894985101154,667.0552759699601,直连,
T003,巡航,667.0552759699601,686.021053429805,直连,
T003,巡航,686.021053429805,704.9868308896497,直连,
T003,下降,704.9868308896497,715.2463987607434,直连,
T003,下降,715.2463987607434,725.5059666318372,直连,
T003,投送,725.5059666318372,744.5968757227463,直连,
T003,投送,744.5968757227463,763.6877848136553,直连,
T003,投送,763.6877848136553,782.7786939045644,直连,
T003,投送,782.7786939045644,801.8696029954735,直连,
T003,投送,801.8696029954735,820.9605120863827,直连,
T003,投送,820.9605120863827,840.0514211772917,直连,
T003,投送,840.0514211772917,859.1423302682008,直连,
T003,投送,859.1423302682008,878.2332393591099,直连,
T003,投送,878.2332393591099,897.324148450019,直连,
T003,投送,897.324148450019,916.415057540928,直连,
T003,投送,916.415057540928,935.5059666318372,直连,
T003,爬升,935.5059666318372,952.6052464169934,直连,
T003,巡航,952.6052464169934,971.5710238768381,直连,
T003,巡航,971.5710238768381,990.536801336683,直连,
T003,巡航,990.536801336683,1009.5025787965277,直连,
T003,巡航,1009.5025787965277,1028.4683562563725,直连,
T003,巡航,1028.4683562563725,1047.4341337162173,直连,
T003,巡航,1047.4341337162173,1066.399911176062,直连,
T003,巡航,1066.399911176062,1085.3656886359067,直连,
T003,巡航,1085.3656886359067,1104.3314660957515,直连,
T003,巡航,1104.3314660957515,1123.2972435555962,直连,
T003,巡航,1123.2972435555962,1142.263021015441,直连,
T003,巡航,1142.263021015441,1161.2287984752859,直连,
T003,巡航,1161.2287984752859,1180.1945759351306,直连,
T003,巡航,1180.1945759351306,1199.1603533949753,直连,
T003,巡航,1199.1603533949753,1218.12613085482,直连,
T003,下降,1218.12613085482,1237.1979580032576,直连,
T003,下降,1237.1979580032576,1256.269785151695,直连,
T003,下降,1256.269785151695,1275.3416123001327,直连,
T003,下降,1275.3416123001327,1294.4134394485702,直连,
T003,下降,1294.4134394485702,1313.4852665970077,直连,
T004,爬升,360.0,379.0400663248698,直连,
T004,爬升,379.0400663248698,398.0801326497396,直连,
T004,爬升,398.0801326497396,417.1201989746094,直连,
T004,爬升,417.1201989746094,436.1602652994792,直连,
T004,爬升,436.1602652994792,455.200331624349,直连,
T004,巡航,455.200331624349,474.90819356080084,直连,
T004,巡航,474.90819356080084,494.6160554972527,直连,
T004,巡航,494.6160554972527,514.3239174337045,直连,
T004,巡航,514.3239174337045,534.0317793701564,直连,
T004,巡航,534.0317793701564,553.7396413066083,直连,
T004,巡航,553.7396413066083,573.44750324306,直连,
T004,巡航,573.44750324306,593.1553651795119,直连,
T004,巡航,593.1553651795119,612.8632271159638,直连,
T004,巡航,612.8632271159638,632.5710890524156,直连,
T004,巡航,632.5710890524156,652.2789509888675,直连,
T004,巡航,652.2789509888675,671.9868129253193,直连,
T004,巡航,671.9868129253193,691.6946748617711,直连,
T004,巡航,691.6946748617711,711.4025367982229,直连,
T004,巡航,711.4025367982229,731.1103987346748,中继,R002
T004,巡航,731.1103987346748,750.8182606711266,中继,R002
T004,巡航,750.8182606711266,770.5261226075785,中继,R002
T004,巡航,770.5261226075785,790.2339845440304,中继,R002
T004,巡航,790.2339845440304,809.9418464804821,中继,R002
T004,巡航,809.9418464804821,829.6497084169339,中继,R002
T004,巡航,829.6497084169339,849.3575703533859,中继,R002
T004,巡航,849.3575703533859,869.0654322898376,中继,R002
T004,巡航,869.0654322898376,888.7732942262895,中继,R002
T004,巡航,888.7732942262895,908.4811561627414,中继,R002
T004,巡航,908.4811561627414,928.1890180991932,中继,R002
T004,巡航,928.1890180991932,947.896880035645,中继,R002
T004,下降,947.896880035645,965.6970126853846,中继,R002
T004,下降,965.6970126853846,983.4971453351243,中继,R002
T004,下降,983.4971453351243,1001.2972779848639,中继,R002
T004,投送,1001.2972779848639,1020.388187075773,中继,R002
T004,投送,1020.388187075773,1039.479096166682,中继,R002
T004,投送,1039.479096166682,1058.570005257591,中继,R002
T004,投送,1058.570005257591,1077.6609143485002,中继,R002
T004,投送,1077.6609143485002,1096.7518234394092,中继,R002
T004,投送,1096.7518234394092,1115.8427325303182,中继,R002
T004,投送,1115.8427325303182,1134.9336416212275,中继,R002
T004,投送,1134.9336416212275,1154.0245507121365,中继,R002
T004,投送,1154.0245507121365,1173.1154598030455,中继,R002
T004,投送,1173.1154598030455,1192.2063688939547,中继,R002
T004,投送,1192.2063688939547,1211.2972779848637,中继,R002
T004,爬升,1211.2972779848637,1226.1307218596467,中继,R002
T004,爬升,1226.1307218596467,1240.9641657344298,中继,R002
T004,爬升,1240.9641657344298,1255.7976096092127,中继,R002
T004,巡航,1255.7976096092127,1275.5054715456645,中继,R002
T004,巡航,1275.5054715456645,1295.2133334821165,中继,R002
T004,巡航,1295.2133334821165,1314.9211954185682,中继,R002
T004,巡航,1314.9211954185682,1334.62905735502,中继,R002
T004,巡航,1334.62905735502,1354.336919291472,中继,R002
T004,巡航,1354.336919291472,1374.0447812279237,中继,R002
T004,巡航,1374.0447812279237,1393.7526431643755,中继,R002
T004,巡航,1393.7526431643755,1413.4605051008275,中继,R002
T004,巡航,1413.4605051008275,1433.1683670372793,中继,R002
T004,巡航,1433.1683670372793,1452.876228973731,中继,R002
T004,巡航,1452.876228973731,1472.584090910183,中继,R002
T004,巡航,1472.584090910183,1492.2919528466348,中继,R002
T004,巡航,1492.2919528466348,1511.9998147830865,直连,
T004,巡航,1511.9998147830865,1531.7076767195385,直连,
T004,巡航,1531.7076767195385,1551.4155386559903,直连,
T004,巡航,1551.4155386559903,1571.123400592442,直连,
T004,巡航,1571.123400592442,1590.8312625288938,直连,
T004,巡航,1590.8312625288938,1610.5391244653458,直连,
T004,巡航,1610.5391244653458,1630.2469864017976,直连,
T004,巡航,1630.2469864017976,1649.9548483382496,直连,
T004,巡航,1649.9548483382496,1669.6627102747013,直连,
T004,巡航,1669.6627102747013,1689.370572211153,直连,
T004,巡航,1689.370572211153,1709.078434147605,直连,
T004,巡航,1709.078434147605,1728.7862960840569,直连,
T004,巡航,1728.7862960840569,1748.4941580205086,直连,
T004,下降,1748.4941580205086,1767.5342243453783,直连,
T004,下降,1767.5342243453783,1786.5742906702483,直连,
T004,下降,1786.5742906702483,1805.6143569951182,直连,
T004,下降,1805.6143569951182,1824.654423319988,直连,
T004,下降,1824.654423319988,1843.6944896448576,直连,
T004,下降,1843.6944896448576,1862.7345559697276,直连,
T005,爬升,330.99999999999994,349.6290839301215,直连,
T005,爬升,349.6290839301215,368.258167860243,直连,
T005,爬升,368.258167860243,386.8872517903646,直连,
T005,巡航,386.8872517903646,406.38793280950654,直连,
T005,巡航,406.38793280950654,425.8886138286485,直连,
T005,巡航,425.8886138286485,445.38929484779044,直连,
T005,巡航,445.38929484779044,464.8899758669324,直连,
T005,巡航,464.8899758669324,484.39065688607434,直连,
T005,巡航,484.39065688607434,503.89133790521623,直连,
T005,巡航,503.89133790521623,523.3920189243582,直连,
T005,巡航,523.3920189243582,542.8926999435001,直连,
T005,巡航,542.8926999435001,562.3933809626421,直连,
T005,巡航,562.3933809626421,581.894061981784,直连,
T005,巡航,581.894061981784,601.3947430009259,直连,
T005,巡航,601.3947430009259,620.8954240200679,直连,
T005,下降,620.8954240200679,637.5477750942866,直连,
T005,下降,637.5477750942866,654.2001261685054,直连,
T005,投送,654.2001261685054,674.2001261685054,直连,
T005,投送,674.2001261685054,694.2001261685054,直连,
T005,投送,694.2001261685054,714.2001261685054,直连,
T005,投送,714.2001261685054,734.2001261685054,直连,
T005,投送,734.2001261685054,754.2001261685054,直连,
T005,投送,754.2001261685054,774.2001261685054,直连,
T005,投送,774.2001261685054,794.2001261685054,直连,
T005,投送,794.2001261685054,814.2001261685054,直连,
T005,投送,814.2001261685054,834.2001261685054,直连,
T005,爬升,834.2001261685054,848.0770853970212,直连,
T005,爬升,848.0770853970212,861.9540446255368,直连,
T005,巡航,861.9540446255368,881.4547256446787,直连,
T005,巡航,881.4547256446787,900.9554066638207,直连,
T005,巡航,900.9554066638207,920.4560876829626,直连,
T005,巡航,920.4560876829626,939.9567687021046,直连,
T005,巡航,939.9567687021046,959.4574497212465,直连,
T005,巡航,959.4574497212465,978.9581307403885,直连,
T005,巡航,978.9581307403885,998.4588117595304,直连,
T005,巡航,998.4588117595304,1017.9594927786723,直连,
T005,巡航,1017.9594927786723,1037.4601737978142,直连,
T005,巡航,1037.4601737978142,1056.9608548169563,直连,
T005,巡航,1056.9608548169563,1076.4615358360982,直连,
T005,巡航,1076.4615358360982,1095.96221685524,直连,
T005,下降,1095.96221685524,1112.7283923923494,直连,
T005,下降,1112.7283923923494,1129.4945679294588,直连,
T005,下降,1129.4945679294588,1146.2607434665683,直连,
T005,下降,1146.2607434665683,1163.0269190036777,直连,
T006,爬升,362.0,380.3921013726129,直连,
T006,爬升,380.3921013726129,398.78420274522574,直连,
T006,爬升,398.78420274522574,417.17630411783864,直连,
T006,巡航,417.17630411783864,436.9858486302419,直连,
T006,巡航,436.9858486302419,456.79539314264514,直连,
T006,巡航,456.79539314264514,476.60493765504845,直连,
T006,巡航,476.60493765504845,496.4144821674517,直连,
T006,巡航,496.4144821674517,516.224026679855,直连,
T006,巡航,516.224026679855,536.0335711922583,直连,
T006,巡航,536.0335711922583,555.8431157046615,直连,
T006,巡航,555.8431157046615,575.6526602170647,直连,
T006,巡航,575.6526602170647,595.462204729468,直连,
T006,巡航,595.462204729468,615.2717492418712,直连,
T006,巡航,615.2717492418712,635.0812937542745,直连,
T006,巡航,635.0812937542745,654.8908382666777,直连,
T006,巡航,654.8908382666777,674.7003827790811,直连,
T006,巡航,674.7003827790811,694.5099272914842,直连,
T006,巡航,694.5099272914842,714.3194718038876,直连,
T006,巡航,714.3194718038876,734.1290163162909,直连,
T006,巡航,734.1290163162909,753.9385608286941,中继,R001
T006,巡航,753.9385608286941,773.7481053410974,中继,R001
T006,巡航,773.7481053410974,793.5576498535006,中继,R002
T006,巡航,793.5576498535006,813.367194365904,中继,R002
T006,巡航,813.367194365904,833.1767388783071,中继,R002
T006,巡航,833.1767388783071,852.9862833907105,中继,R002
T006,巡航,852.9862833907105,872.7958279031137,中继,R002
T006,巡航,872.7958279031137,892.605372415517,中继,R002
T006,下降,892.605372415517,905.2511548862201,中继,R002
T006,下降,905.2511548862201,917.8969373569233,中继,R002
T006,投送,917.8969373569233,936.9878464478325,中继,R002
T006,投送,936.9878464478325,956.0787555387416,中继,R002
T006,投送,956.0787555387416,975.1696646296506,中继,R002
T006,投送,975.1696646296506,994.2605737205597,中继,R002
T006,投送,994.2605737205597,1013.3514828114688,中继,R002
T006,投送,1013.3514828114688,1032.442391902378,中继,R002
T006,投送,1032.442391902378,1051.533300993287,中继,R002
T006,投送,1051.533300993287,1070.6242100841962,中继,R002
T006,投送,1070.6242100841962,1089.7151191751052,中继,R002
T006,投送,1089.7151191751052,1108.8060282660144,中继,R002
T006,投送,1108.8060282660144,1127.8969373569234,中继,R002
T006,爬升,1127.8969373569234,1138.4350894158429,中继,R002
T006,爬升,1138.4350894158429,1148.973241474762,中继,R002
T006,巡航,1148.973241474762,1168.7827859871654,中继,R002
T006,巡航,1168.7827859871654,1188.5923304995686,中继,R002
T006,巡航,1188.5923304995686,1208.401875011972,中继,R001
T006,巡航,1208.401875011972,1228.211419524375,中继,R001
T006,巡航,1228.211419524375,1248.0209640367784,中继,R002
T006,巡航,1248.0209640367784,1267.8305085491816,中继,R001
T006,巡航,1267.8305085491816,1287.640053061585,中继,R001
T006,巡航,1287.640053061585,1307.4495975739883,中继,R001
T006,巡航,1307.4495975739883,1327.2591420863914,直连,
T006,巡航,1327.2591420863914,1347.0686865987948,直连,
T006,巡航,1347.0686865987948,1366.878231111198,直连,
T006,巡航,1366.878231111198,1386.6877756236013,直连,
T006,巡航,1386.6877756236013,1406.4973201360046,直连,
T006,巡航,1406.4973201360046,1426.3068646484078,直连,
T006,巡航,1426.3068646484078,1446.1164091608111,直连,
T006,巡航,1446.1164091608111,1465.9259536732143,直连,
T006,巡航,1465.9259536732143,1485.7354981856176,直连,
T006,巡航,1485.7354981856176,1505.545042698021,直连,
T006,巡航,1505.545042698021,1525.3545872104241,直连,
T006,巡航,1525.3545872104241,1545.1641317228275,直连,
T006,巡航,1545.1641317228275,1564.9736762352306,直连,
T006,巡航,1564.9736762352306,1584.783220747634,直连,
T006,巡航,1584.783220747634,1604.5927652600371,直连,
T006,巡航,1604.5927652600371,1624.4023097724405,直连,
T006,下降,1624.4023097724405,1640.955201007792,直连,
T006,下降,1640.955201007792,1657.5080922431437,直连,
T006,下降,1657.5080922431437,1674.0609834784952,直连,
T006,下降,1674.0609834784952,1690.6138747138468,直连,
T007,爬升,965.0,984.3808813476562,直连,
T007,爬升,984.3808813476562,1003.7617626953125,直连,
T007,爬升,1003.7617626953125,1023.1426440429688,直连,
T007,巡航,1023.1426440429688,1041.651666483214,直连,
T007,巡航,1041.651666483214,1060.1606889234595,直连,
T007,巡航,1060.1606889234595,1078.6697113637047,直连,
T007,巡航,1078.6697113637047,1097.17873380395,直连,
T007,巡航,1097.17873380395,1115.6877562441955,直连,
T007,巡航,1115.6877562441955,1134.1967786844407,直连,
T007,巡航,1134.1967786844407,1152.705801124686,直连,
T007,巡航,1152.705801124686,1171.2148235649315,直连,
T007,巡航,1171.2148235649315,1189.7238460051767,直连,
T007,巡航,1189.7238460051767,1208.2328684454221,直连,
T007,巡航,1208.2328684454221,1226.7418908856675,直连,
T007,下降,1226.7418908856675,1241.5846592369044,直连,
T007,下降,1241.5846592369044,1256.4274275881414,直连,
T007,下降,1256.4274275881414,1271.2701959393785,直连,
T007,投送,1271.2701959393785,1291.0701959393782,直连,
T007,投送,1291.0701959393782,1310.8701959393784,直连,
T007,投送,1310.8701959393784,1330.6701959393783,直连,
T007,投送,1330.6701959393783,1350.4701959393783,直连,
T007,投送,1350.4701959393783,1370.2701959393785,直连,
T007,投送,1370.2701959393785,1390.0701959393784,直连,
T007,投送,1390.0701959393784,1409.8701959393784,直连,
T007,投送,1409.8701959393784,1429.6701959393783,直连,
T007,投送,1429.6701959393783,1449.4701959393783,直连,
T007,投送,1449.4701959393783,1469.2701959393785,直连,
T007,投送,1469.2701959393785,1489.0701959393784,直连,
T007,投送,1489.0701959393784,1508.8701959393784,直连,
T007,投送,1508.8701959393784,1528.6701959393786,直连,
T007,投送,1528.6701959393786,1548.4701959393785,直连,
T007,投送,1548.4701959393785,1568.2701959393785,直连,
T007,投送,1568.2701959393785,1588.0701959393784,直连,
T007,投送,1588.0701959393784,1607.8701959393784,直连,
T007,投送,1607.8701959393784,1627.6701959393786,直连,
T007,投送,1627.6701959393786,1647.4701959393785,直连,
T007,投送,1647.4701959393785,1667.2701959393785,直连,
T007,爬升,1667.2701959393785,1685.0815179608628,直连,
T007,爬升,1685.0815179608628,1702.8928399823471,直连,
T007,巡航,1702.8928399823471,1721.4018624225926,直连,
T007,巡航,1721.4018624225926,1739.9108848628377,直连,
T007,巡航,1739.9108848628377,1758.4199073030832,直连,
T007,巡航,1758.4199073030832,1776.9289297433286,直连,
T007,巡航,1776.9289297433286,1795.4379521835738,直连,
T007,巡航,1795.4379521835738,1813.9469746238192,直连,
T007,巡航,1813.9469746238192,1832.4559970640644,直连,
T007,巡航,1832.4559970640644,1850.9650195043098,直连,
T007,巡航,1850.9650195043098,1869.4740419445552,直连,
T007,巡航,1869.4740419445552,1887.9830643848004,直连,
T007,巡航,1887.9830643848004,1906.4920868250458,直连,
T007,下降,1906.4920868250458,1924.6616630884737,直连,
T007,下降,1924.6616630884737,1942.8312393519013,直连,
T007,下降,1942.8312393519013,1961.000815615329,直连,
T007,下降,1961.000815615329,1979.1703918787568,直连,
T008,爬升,1012.0,1031.3808813476562,直连,
T008,爬升,1031.3808813476562,1050.7617626953124,直连,
T008,爬升,1050.7617626953124,1070.1426440429686,直连,
T008,巡航,1070.1426440429686,1088.651666483214,直连,
T008,巡航,1088.651666483214,1107.1606889234595,直连,
T008,巡航,1107.1606889234595,1125.6697113637047,直连,
T008,巡航,1125.6697113637047,1144.17873380395,直连,
T008,巡航,1144.17873380395,1162.6877562441955,直连,
T008,巡航,1162.6877562441955,1181.1967786844407,直连,
T008,巡航,1181.1967786844407,1199.705801124686,直连,
T008,巡航,1199.705801124686,1218.2148235649315,直连,
T008,巡航,1218.2148235649315,1236.7238460051767,直连,
T008,巡航,1236.7238460051767,1255.2328684454221,直连,
T008,巡航,1255.2328684454221,1273.7418908856675,直连,
T008,下降,1273.7418908856675,1288.5846592369044,直连,
T008,下降,1288.5846592369044,1303.4274275881414,直连,
T008,下降,1303.4274275881414,1318.2701959393785,直连,
T008,投送,1318.2701959393785,1338.0701959393782,直连,
T008,投送,1338.0701959393782,1357.8701959393784,直连,
T008,投送,1357.8701959393784,1377.6701959393783,直连,
T008,投送,1377.6701959393783,1397.4701959393783,直连,
T008,投送,1397.4701959393783,1417.2701959393785,直连,
T008,投送,1417.2701959393785,1437.0701959393784,直连,
T008,投送,1437.0701959393784,1456.8701959393784,直连,
T008,投送,1456.8701959393784,1476.6701959393783,直连,
T008,投送,1476.6701959393783,1496.4701959393783,直连,
T008,投送,1496.4701959393783,1516.2701959393785,直连,
T008,投送,1516.2701959393785,1536.0701959393784,直连,
T008,投送,1536.0701959393784,1555.8701959393784,直连,
T008,投送,1555.8701959393784,1575.6701959393786,直连,
T008,投送,1575.6701959393786,1595.4701959393785,直连,
T008,投送,1595.4701959393785,1615.2701959393785,直连,
T008,投送,1615.2701959393785,1635.0701959393784,直连,
T008,投送,1635.0701959393784,1654.8701959393784,直连,
T008,投送,1654.8701959393784,1674.6701959393786,直连,
T008,投送,1674.6701959393786,1694.4701959393785,直连,
T008,投送,1694.4701959393785,1714.2701959393785,直连,
T008,爬升,1714.2701959393785,1732.0815179608628,直连,
T008,爬升,1732.0815179608628,1749.8928399823471,直连,
T008,巡航,1749.8928399823471,1768.4018624225926,直连,
T008,巡航,1768.4018624225926,1786.9108848628377,直连,
T008,巡航,1786.9108848628377,1805.4199073030832,直连,
T008,巡航,1805.4199073030832,1823.9289297433286,直连,
T008,巡航,1823.9289297433286,1842.4379521835738,直连,
T008,巡航,1842.4379521835738,1860.9469746238192,直连,
T008,巡航,1860.9469746238192,1879.4559970640644,直连,
T008,巡航,1879.4559970640644,1897.9650195043098,直连,
T008,巡航,1897.9650195043098,1916.4740419445552,直连,
T008,巡航,1916.4740419445552,1934.9830643848004,直连,
T008,巡航,1934.9830643848004,1953.4920868250458,直连,
T008,下降,1953.4920868250458,1971.6616630884737,直连,
T008,下降,1971.6616630884737,1989.8312393519013,直连,
T008,下降,1989.8312393519013,2008.000815615329,直连,
T008,下降,2008.000815615329,2026.1703918787568,直连,
T009,爬升,2147.0,2163.15073445638,直连,
T009,爬升,2163.15073445638,2179.3014689127604,直连,
T009,爬升,2179.3014689127604,2195.4522033691405,直连,
T009,巡航,2195.4522033691405,2213.961225809386,直连,
T009,巡航,2213.961225809386,2232.4702482496314,直连,
T009,巡航,2232.4702482496314,2250.9792706898766,直连,
T009,巡航,2250.9792706898766,2269.4882931301217,直连,
T009,巡航,2269.4882931301217,2287.9973155703674,直连,
T009,巡航,2287.9973155703674,2306.5063380106126,直连,
T009,巡航,2306.5063380106126,2325.0153604508578,直连,
T009,巡航,2325.0153604508578,2343.5243828911034,直连,
T009,巡航,2343.5243828911034,2362.0334053313486,直连,
T009,巡航,2362.0334053313486,2380.542427771594,直连,
T009,巡航,2380.542427771594,2399.0514502118394,直连,
T009,下降,2399.0514502118394,2416.862772233324,直连,
T009,下降,2416.862772233324,2434.674094254808,直连,
T009,投送,2434.674094254808,2454.674094254808,直连,
T009,投送,2454.674094254808,2474.674094254808,直连,
T009,投送,2474.674094254808,2494.674094254808,直连,
T009,投送,2494.674094254808,2514.674094254808,直连,
T009,投送,2514.674094254808,2534.674094254808,直连,
T009,投送,2534.674094254808,2554.674094254808,直连,
T009,投送,2554.674094254808,2574.674094254808,直连,
T009,投送,2574.674094254808,2594.674094254808,直连,
T009,投送,2594.674094254808,2614.674094254808,直连,
T009,投送,2614.674094254808,2634.674094254808,直连,
T009,投送,2634.674094254808,2654.674094254808,直连,
T009,投送,2654.674094254808,2674.674094254808,直连,
T009,爬升,2674.674094254808,2689.516862606045,直连,
T009,爬升,2689.516862606045,2704.359630957282,直连,
T009,巡航,2704.359630957282,2722.8686533975274,直连,
T009,巡航,2722.8686533975274,2741.3776758377726,直连,
T009,巡航,2741.3776758377726,2759.8866982780182,直连,
T009,巡航,2759.8866982780182,2778.3957207182634,直连,
T009,巡航,2778.3957207182634,2796.9047431585086,直连,
T009,巡航,2796.9047431585086,2815.4137655987543,直连,
T009,巡航,2815.4137655987543,2833.9227880389994,直连,
T009,巡航,2833.9227880389994,2852.4318104792446,直连,
T009,巡航,2852.4318104792446,2870.9408329194903,直连,
T009,巡航,2870.9408329194903,2889.449855359735,直连,
T009,巡航,2889.449855359735,2907.9588777999807,直连,
T009,下降,2907.9588777999807,2927.339759147637,直连,
T009,下降,2927.339759147637,2946.720640495293,直连,
T009,下降,2946.720640495293,2966.1015218429493,直连,
T010,爬升,2306.0,2325.3436411539715,直连,
T010,爬升,2325.3436411539715,2344.687282307943,直连,
T010,爬升,2344.687282307943,2364.0309234619144,直连,
T010,爬升,2364.0309234619144,2383.3745646158854,直连,
T010,爬升,2383.3745646158854,2402.718205769857,直连,
T010,爬升,2402.718205769857,2422.0618469238284,直连,
T010,爬升,2422.0618469238284,2441.4054880778,直连,
T010,爬升,2441.4054880778,2460.749129231771,直连,
T010,巡航,2460.749129231771,2480.385253126678,直连,
T010,巡航,2480.385253126678,2500.0213770215846,直连,
T010,巡航,2500.0213770215846,2519.6575009164912,直连,
T010,巡航,2519.6575009164912,2539.2936248113983,直连,
T010,巡航,2539.2936248113983,2558.929748706305,直连,
T010,巡航,2558.929748706305,2578.5658726012116,直连,
T010,巡航,2578.5658726012116,2598.201996496118,直连,
T010,巡航,2598.201996496118,2617.838120391025,直连,
T010,巡航,2617.838120391025,2637.474244285932,直连,
T010,巡航,2637.474244285932,2657.1103681808386,直连,
T010,巡航,2657.1103681808386,2676.746492075745,直连,
T010,巡航,2676.746492075745,2696.3826159706523,直连,
T010,巡航,2696.3826159706523,2716.018739865559,直连,
T010,巡航,2716.018739865559,2735.6548637604656,直连,
T010,巡航,2735.6548637604656,2755.290987655372,直连,
T010,巡航,2755.290987655372,2774.927111550279,直连,
T010,巡航,2774.927111550279,2794.5632354451855,中继,R003
T010,巡航,2794.5632354451855,2814.1993593400925,中继,R003
T010,巡航,2814.1993593400925,2833.835483234999,中继,R003
T010,巡航,2833.835483234999,2853.4716071299063,中继,R003
T010,巡航,2853.4716071299063,2873.107731024813,中继,R003
T010,巡航,2873.107731024813,2892.7438549197195,中继,R003
T010,巡航,2892.7438549197195,2912.379978814626,中继,R003
T010,下降,2912.379978814626,2931.6557698302513,中继,R003
T010,下降,2931.6557698302513,2950.931560845876,中继,R003
T010,下降,2950.931560845876,2970.207351861501,中继,R003
T010,下降,2970.207351861501,2989.483142877126,中继,R003
T010,下降,2989.483142877126,3008.758933892751,中继,R003
T010,投送,3008.758933892751,3028.758933892751,中继,R003
T010,投送,3028.758933892751,3048.758933892751,中继,R003
T010,投送,3048.758933892751,3068.758933892751,中继,R003
T010,投送,3068.758933892751,3088.758933892751,中继,R003
T010,投送,3088.758933892751,3108.758933892751,中继,R003
T010,投送,3108.758933892751,3128.758933892751,中继,R003
T010,投送,3128.758933892751,3148.758933892751,中继,R003
T010,投送,3148.758933892751,3168.758933892751,中继,R003
T010,投送,3168.758933892751,3188.758933892751,中继,R003
T010,爬升,3188.758933892751,3204.8220930724383,中继,R003
T010,爬升,3204.8220930724383,3220.8852522521256,中继,R003
T010,爬升,3220.8852522521256,3236.9484114318134,中继,R003
T010,爬升,3236.9484114318134,3253.0115706115007,中继,R003
T010,爬升,3253.0115706115007,3269.0747297911885,中继,R003
T010,巡航,3269.0747297911885,3288.710853686095,中继,R003
T010,巡航,3288.710853686095,3308.3469775810017,中继,R003
T010,巡航,3308.3469775810017,3327.9831014759084,中继,R003
T010,巡航,3327.9831014759084,3347.619225370815,中继,R003
T010,巡航,3347.619225370815,3367.2553492657216,中继,R003
T010,巡航,3367.2553492657216,3386.8914731606287,中继,R003
T010,巡航,3386.8914731606287,3406.5275970555354,中继,R003
T010,巡航,3406.5275970555354,3426.1637209504424,直连,
T010,巡航,3426.1637209504424,3445.799844845349,直连,
T010,巡航,3445.799844845349,3465.4359687402557,直连,
T010,巡航,3465.4359687402557,3485.0720926351623,直连,
T010,巡航,3485.0720926351623,3504.708216530069,直连,
T010,巡航,3504.708216530069,3524.3443404249756,直连,
T010,巡航,3524.3443404249756,3543.9804643198827,直连,
T010,巡航,3543.9804643198827,3563.6165882147893,直连,
T010,巡航,3563.6165882147893,3583.2527121096964,直连,
T010,巡航,3583.2527121096964,3602.888836004603,直连,
T010,巡航,3602.888836004603,3622.5249598995097,直连,
T010,巡航,3622.5249598995097,3642.1610837944163,直连,
T010,巡航,3642.1610837944163,3661.797207689323,直连,
T010,巡航,3661.797207689323,3681.4333315842296,直连,
T010,巡航,3681.4333315842296,3701.0694554791366,直连,
T010,巡航,3701.0694554791366,3720.7055793740433,直连,
T010,下降,3720.7055793740433,3739.275474881856,直连,
T010,下降,3739.275474881856,3757.8453703896685,直连,
T010,下降,3757.8453703896685,3776.415265897481,直连,
T010,下降,3776.415265897481,3794.985161405293,直连,
T010,下降,3794.985161405293,3813.555056913106,直连,
T010,下降,3813.555056913106,3832.1249524209184,直连,
T010,下降,3832.1249524209184,3850.694847928731,直连,
T010,下降,3850.694847928731,3869.2647434365435,直连,
T010,下降,3869.2647434365435,3887.834638944356,直连,
T010,下降,3887.834638944356,3906.4045344521683,直连,
T011,爬升,2340.0,2358.5698955078124,直连,
T011,爬升,2358.5698955078124,2377.139791015625,直连,
T011,爬升,2377.139791015625,2395.7096865234375,直连,
T011,爬升,2395.7096865234375,2414.27958203125,直连,
T011,爬升,2414.27958203125,2432.8494775390627,直连,
T011,爬升,2432.8494775390627,2451.419373046875,直连,
T011,爬升,2451.419373046875,2469.9892685546874,直连,
T011,爬升,2469.9892685546874,2488.5591640625003,直连,
T011,爬升,2488.5591640625003,2507.1290595703126,直连,
T011,爬升,2507.1290595703126,2525.6989550781254,直连,
T011,巡航,2525.6989550781254,2544.714990850035,直连,
T011,巡航,2544.714990850035,2563.7310266219447,直连,
T011,巡航,2563.7310266219447,2582.7470623938543,直连,
T011,巡航,2582.7470623938543,2601.763098165764,直连,
T011,巡航,2601.763098165764,2620.7791339376736,直连,
T011,巡航,2620.7791339376736,2639.795169709583,直连,
T011,巡航,2639.795169709583,2658.811205481493,直连,
T011,巡航,2658.811205481493,2677.8272412534025,直连,
T011,巡航,2677.8272412534025,2696.8432770253125,直连,
T011,巡航,2696.8432770253125,2715.859312797222,直连,
T011,巡航,2715.859312797222,2734.875348569132,直连,
T011,巡航,2734.875348569132,2753.8913843410414,直连,
T011,巡航,2753.8913843410414,2772.907420112951,直连,
T011,巡航,2772.907420112951,2791.923455884861,中继,R003
T011,巡航,2791.923455884861,2810.9394916567708,中继,R003
T011,巡航,2810.9394916567708,2829.9555274286804,中继,R003
T011,巡航,2829.9555274286804,2848.97156320059,中继,R003
T011,巡航,2848.97156320059,2867.9875989724997,中继,R003
T011,巡航,2867.9875989724997,2887.0036347444093,中继,R003
T011,下降,2887.0036347444093,2904.2141624369315,中继,R003
T011,下降,2904.2141624369315,2921.4246901294537,中继,R003
T011,下降,2921.4246901294537,2938.6352178219763,中继,R003
T011,下降,2938.6352178219763,2955.8457455144985,中继,R003
T011,下降,2955.8457455144985,2973.0562732070207,中继,R003
T011,下降,2973.0562732070207,2990.266800899543,中继,R003
T011,下降,2990.266800899543,3007.4773285920655,中继,R003
T011,投送,3007.4773285920655,3026.861943976681,中继,R003
T011,投送,3026.861943976681,3046.246559361296,中继,R003
T011,投送,3046.246559361296,3065.6311747459113,中继,R003
T011,投送,3065.6311747459113,3085.0157901305265,中继,R003
T011,投送,3085.0157901305265,3104.400405515142,中继,R003
T011,投送,3104.400405515142,3123.785020899758,中继,R003
T011,投送,3123.785020899758,3143.169636284373,中继,R003
T011,投送,3143.169636284373,3162.5542516689884,中继,R003
T011,投送,3162.5542516689884,3181.9388670536036,中继,R003
T011,投送,3181.9388670536036,3201.323482438219,中继,R003
T011,投送,3201.323482438219,3220.7080978228346,中继,R003
T011,投送,3220.7080978228346,3240.09271320745,中继,R003
T011,投送,3240.09271320745,3259.4773285920655,中继,R003
T011,爬升,3259.4773285920655,3278.75311960769,中继,R003
T011,爬升,3278.75311960769,3298.028910623315,中继,R003
T011,爬升,3298.028910623315,3317.30470163894,中继,R003
T011,爬升,3317.30470163894,3336.580492654565,中继,R003
T011,爬升,3336.580492654565,3355.8562836701904,中继,R003
T011,巡航,3355.8562836701904,3374.8723194421,中继,R003
T011,巡航,3374.8723194421,3393.8883552140096,中继,R003
T011,巡航,3393.8883552140096,3412.9043909859192,中继,R003
T011,巡航,3412.9043909859192,3431.920426757829,中继,R003
T011,巡航,3431.920426757829,3450.9364625297385,中继,R003
T011,巡航,3450.9364625297385,3469.952498301648,中继,R003
T011,巡航,3469.952498301648,3488.9685340735577,直连,
T011,巡航,3488.9685340735577,3507.9845698454674,直连,
T011,巡航,3507.9845698454674,3527.000605617377,直连,
T011,巡航,3527.000605617377,3546.016641389287,直连,
T011,巡航,3546.016641389287,3565.0326771611967,直连,
T011,巡航,3565.0326771611967,3584.0487129331063,直连,
T011,巡航,3584.0487129331063,3603.064748705016,直连,
T011,巡航,3603.064748705016,3622.080784476926,直连,
T011,巡航,3622.080784476926,3641.0968202488357,直连,
T011,巡航,3641.0968202488357,3660.1128560207453,直连,
T011,巡航,3660.1128560207453,3679.128891792655,直连,
T011,巡航,3679.128891792655,3698.1449275645646,直连,
T011,巡航,3698.1449275645646,3717.160963336474,直连,
T011,下降,3717.160963336474,3736.5046044904457,直连,
T011,下降,3736.5046044904457,3755.848245644417,直连,
T011,下降,3755.848245644417,3775.191886798388,直连,
T011,下降,3775.191886798388,3794.5355279523596,直连,
T011,下降,3794.5355279523596,3813.879169106331,直连,
T011,下降,3813.879169106331,3833.222810260302,直连,
T011,下降,3833.222810260302,3852.5664514142736,直连,
T011,下降,3852.5664514142736,3871.910092568245,直连,
T011,下降,3871.910092568245,3891.2537337222166,直连,
T011,下降,3891.2537337222166,3910.597374876188,直连,
T011,下降,3910.597374876188,3929.941016030159,直连,
T011,下降,3929.941016030159,3949.2846571841305,直连,
T012,爬升,2355.0,2373.098788248698,直连,
T012,爬升,2373.098788248698,2391.197576497396,直连,
T012,爬升,2391.197576497396,2409.296364746094,直连,
T012,爬升,2409.296364746094,2427.3951529947917,直连,
T012,爬升,2427.3951529947917,2445.4939412434896,直连,
T012,巡航,2445.4939412434896,2464.736905692543,直连,
T012,巡航,2464.736905692543,2483.9798701415966,直连,
T012,巡航,2483.9798701415966,2503.22283459065,直连,
T012,巡航,2503.22283459065,2522.4657990397036,直连,
T012,巡航,2522.4657990397036,2541.7087634887575,直连,
T012,巡航,2541.7087634887575,2560.9517279378106,直连,
T012,巡航,2560.9517279378106,2580.1946923868645,直连,
T012,巡航,2580.1946923868645,2599.437656835918,直连,
T012,巡航,2599.437656835918,2618.6806212849715,直连,
T012,巡航,2618.6806212849715,2637.923585734025,直连,
T012,巡航,2637.923585734025,2657.1665501830785,直连,
T012,巡航,2657.1665501830785,2676.409514632132,直连,
T012,巡航,2676.409514632132,2695.6524790811854,直连,
T012,巡航,2695.6524790811854,2714.8954435302394,直连,
T012,巡航,2714.8954435302394,2734.1384079792924,直连,
T012,巡航,2734.1384079792924,2753.3813724283464,直连,
T012,巡航,2753.3813724283464,2772.6243368773994,直连,
T012,巡航,2772.6243368773994,2791.8673013264533,中继,R003
T012,巡航,2791.8673013264533,2811.110265775507,中继,R003
T012,巡航,2811.110265775507,2830.3532302245603,中继,R003
T012,巡航,2830.3532302245603,2849.596194673614,中继,R003
T012,下降,2849.596194673614,2868.5889241658015,中继,R003
T012,投送,2868.5889241658015,2887.6798332567105,中继,R003
T012,投送,2887.6798332567105,2906.7707423476195,中继,R003
T012,投送,2906.7707423476195,2925.8616514385285,中继,R003
T012,投送,2925.8616514385285,2944.9525605294375,中继,R003
T012,投送,2944.9525605294375,2964.043469620347,中继,R003
T012,投送,2964.043469620347,2983.134378711256,中继,R003
T012,投送,2983.134378711256,3002.225287802165,中继,R003
T012,投送,3002.225287802165,3021.3161968930744,中继,R003
T012,投送,3021.3161968930744,3040.4071059839835,中继,R003
T012,投送,3040.4071059839835,3059.4980150748925,中继,R003
T012,投送,3059.4980150748925,3078.5889241658015,中继,R003
T012,爬升,3078.5889241658015,3094.416198742624,中继,R003
T012,巡航,3094.416198742624,3113.659163191678,中继,R003
T012,巡航,3113.659163191678,3132.902127640731,中继,R003
T012,巡航,3132.902127640731,3152.145092089785,中继,R003
T012,巡航,3152.145092089785,3171.3880565388386,中继,R003
T012,巡航,3171.3880565388386,3190.631020987892,直连,
T012,巡航,3190.631020987892,3209.8739854369455,直连,
T012,巡航,3209.8739854369455,3229.116949885999,直连,
T012,巡航,3229.116949885999,3248.3599143350525,直连,
T012,巡航,3248.3599143350525,3267.602878784106,直连,
T012,巡航,3267.602878784106,3286.84584323316,直连,
T012,巡航,3286.84584323316,3306.088807682213,直连,
T012,巡航,3306.088807682213,3325.331772131267,直连,
T012,巡航,3325.331772131267,3344.5747365803204,直连,
T012,巡航,3344.5747365803204,3363.817701029374,直连,
T012,巡航,3363.817701029374,3383.0606654784274,直连,
T012,巡航,3383.0606654784274,3402.303629927481,直连,
T012,巡航,3402.303629927481,3421.5465943765344,直连,
T012,巡航,3421.5465943765344,3440.789558825588,直连,
T012,巡航,3440.789558825588,3460.0325232746413,直连,
T012,巡航,3460.0325232746413,3479.275487723695,直连,
T012,巡航,3479.275487723695,3498.5184521727488,直连,
T012,下降,3498.5184521727488,3516.6172404214467,直连,
T012,下降,3516.6172404214467,3534.7160286701446,直连,
T012,下降,3534.7160286701446,3552.8148169188426,直连,
T012,下降,3552.8148169188426,3570.9136051675405,直连,
T012,下降,3570.9136051675405,3589.0123934162384,直连,
T012,下降,3589.0123934162384,3607.1111816649363,直连,
T013,爬升,2390.0,2407.596373465402,直连,
T013,爬升,2407.596373465402,2425.1927469308034,直连,
T013,爬升,2425.1927469308034,2442.7891203962054,直连,
T013,爬升,2442.7891203962054,2460.3854938616073,直连,
T013,爬升,2460.3854938616073,2477.981867327009,直连,
T013,爬升,2477.981867327009,2495.5782407924107,直连,
T013,爬升,2495.5782407924107,2513.174614257812,直连,
T013,巡航,2513.174614257812,2533.109926242226,直连,
T013,巡航,2533.109926242226,2553.0452382266385,直连,
T013,巡航,2553.0452382266385,2572.980550211052,直连,
T013,巡航,2572.980550211052,2592.915862195465,直连,
T013,巡航,2592.915862195465,2612.8511741798784,直连,
T013,巡航,2612.8511741798784,2632.7864861642915,直连,
T013,巡航,2632.7864861642915,2652.7217981487047,直连,
T013,巡航,2652.7217981487047,2672.657110133118,直连,
T013,巡航,2672.657110133118,2692.592422117531,直连,
T013,巡航,2692.592422117531,2712.527734101944,直连,
T013,巡航,2712.527734101944,2732.4630460863573,直连,
T013,巡航,2732.4630460863573,2752.3983580707704,直连,
T013,巡航,2752.3983580707704,2772.3336700551836,直连,
T013,巡航,2772.3336700551836,2792.2689820395967,中继,R003
T013,巡航,2792.2689820395967,2812.20429402401,中继,R003
T013,巡航,2812.20429402401,2832.139606008423,中继,R003
T013,下降,2832.139606008423,2846.1456952825115,中继,R003
T013,下降,2846.1456952825115,2860.1517845566,中继,R003
T013,下降,2860.1517845566,2874.157873830689,中继,R003
T013,投送,2874.157873830689,2893.542489215304,中继,R003
T013,投送,2893.542489215304,2912.9271045999194,中继,R003
T013,投送,2912.9271045999194,2932.3117199845346,中继,R003
T013,投送,2932.3117199845346,2951.6963353691503,中继,R003
T013,投送,2951.6963353691503,2971.0809507537656,中继,R003
T013,投送,2971.0809507537656,2990.465566138381,中继,R003
T013,投送,2990.465566138381,3009.8501815229965,中继,R003
T013,投送,3009.8501815229965,3029.234796907612,中继,R003
T013,投送,3029.234796907612,3048.619412292227,中继,R003
T013,投送,3048.619412292227,3068.0040276768423,中继,R003
T013,投送,3068.0040276768423,3087.388643061458,中继,R003
T013,投送,3087.388643061458,3106.773258446073,中继,R003
T013,投送,3106.773258446073,3126.157873830689,中继,R003
T013,爬升,3126.157873830689,3142.965180959595,中继,R003
T013,爬升,3142.965180959595,3159.772488088501,中继,R003
T013,巡航,3159.772488088501,3179.7078000729143,中继,R003
T013,巡航,3179.7078000729143,3199.6431120573275,中继,R003
T013,巡航,3199.6431120573275,3219.5784240417406,中继,R003
T013,巡航,3219.5784240417406,3239.5137360261538,直连,
T013,巡航,3239.5137360261538,3259.449048010567,直连,
T013,巡航,3259.449048010567,3279.38435999498,直连,
T013,巡航,3279.38435999498,3299.319671979393,直连,
T013,巡航,3299.319671979393,3319.2549839638064,直连,
T013,巡航,3319.2549839638064,3339.1902959482195,直连,
T013,巡航,3339.1902959482195,3359.125607932633,直连,
T013,巡航,3359.125607932633,3379.060919917046,直连,
T013,巡航,3379.060919917046,3398.9962319014594,直连,
T013,巡航,3398.9962319014594,3418.931543885872,直连,
T013,巡航,3418.931543885872,3438.8668558702857,直连,
T013,巡航,3438.8668558702857,3458.8021678546984,直连,
T013,巡航,3458.8021678546984,3478.737479839112,直连,
T013,下降,3478.737479839112,3497.983513316895,直连,
T013,下降,3497.983513316895,3517.229546794678,直连,
T013,下降,3517.229546794678,3536.4755802724612,直连,
T013,下降,3536.4755802724612,3555.7216137502446,直连,
T013,下降,3555.7216137502446,3574.967647228028,直连,
T013,下降,3574.967647228028,3594.213680705811,直连,
T013,下降,3594.213680705811,3613.459714183594,直连,
T013,下降,3613.459714183594,3632.7057476613772,直连,
T014,爬升,2815.0,2833.0876724243167,直连,
T014,爬升,2833.0876724243167,2851.175344848633,直连,
T014,爬升,2851.175344848633,2869.2630172729496,直连,
T014,爬升,2869.2630172729496,2887.350689697266,直连,
T014,爬升,2887.350689697266,2905.438362121582,直连,
T014,爬升,2905.438362121582,2923.5260345458987,直连,
T014,爬升,2923.5260345458987,2941.613706970215,直连,
T014,爬升,2941.613706970215,2959.7013793945316,直连,
T014,巡航,2959.7013793945316,2979.2264539027333,直连,
T014,巡航,2979.2264539027333,2998.751528410935,直连,
T014,巡航,2998.751528410935,3018.2766029191366,直连,
T014,巡航,3018.2766029191366,3037.8016774273383,直连,
T014,巡航,3037.8016774273383,3057.3267519355404,直连,
T014,巡航,3057.3267519355404,3076.851826443742,直连,
T014,巡航,3076.851826443742,3096.3769009519438,直连,
T014,巡航,3096.3769009519438,3115.9019754601454,直连,
T014,巡航,3115.9019754601454,3135.427049968347,直连,
T014,巡航,3135.427049968347,3154.952124476549,直连,
T014,巡航,3154.952124476549,3174.4771989847504,直连,
T014,巡航,3174.4771989847504,3194.0022734929526,直连,
T014,巡航,3194.0022734929526,3213.527348001154,直连,
T014,巡航,3213.527348001154,3233.052422509356,直连,
T014,巡航,3233.052422509356,3252.5774970175576,直连,
T014,巡航,3252.5774970175576,3272.1025715257592,直连,
T014,巡航,3272.1025715257592,3291.6276460339614,中继,R004
T014,巡航,3291.6276460339614,3311.152720542163,中继,R004
T014,巡航,3311.152720542163,3330.6777950503647,中继,R004
T014,巡航,3330.6777950503647,3350.2028695585664,中继,R004
T014,巡航,3350.2028695585664,3369.727944066768,中继,R004
T014,巡航,3369.727944066768,3389.25301857497,中继,R004
T014,巡航,3389.25301857497,3408.778093083172,中继,R004
T014,巡航,3408.778093083172,3428.3031675913735,中继,R004
T014,巡航,3428.3031675913735,3447.828242099575,中继,R004
T014,巡航,3447.828242099575,3467.353316607777,中继,R004
T014,巡航,3467.353316607777,3486.878391115979,中继,R004
T014,巡航,3486.878391115979,3506.40346562418,中继,R004
T014,巡航,3506.40346562418,3525.9285401323823,中继,R004
T014,巡航,3525.9285401323823,3545.453614640584,中继,R004
T014,巡航,3545.453614640584,3564.9786891487856,中继,R004
T014,下降,3564.9786891487856,3582.8430202034733,中继,R004
T014,下降,3582.8430202034733,3600.7073512581605,中继,R004
T014,下降,3600.7073512581605,3618.571682312848,中继,R004
T014,下降,3618.571682312848,3636.4360133675355,中继,R004
T014,下降,3636.4360133675355,3654.300344422223,中继,R004
T014,投送,3654.300344422223,3673.391253513132,中继,R004
T014,投送,3673.391253513132,3692.482162604041,中继,R004
T014,投送,3692.482162604041,3711.57307169495,中继,R004
T014,投送,3711.57307169495,3730.663980785859,中继,R004
T014,投送,3730.663980785859,3749.7548898767686,中继,R004
T014,投送,3749.7548898767686,3768.8457989676776,中继,R004
T014,投送,3768.8457989676776,3787.9367080585866,中继,R004
T014,投送,3787.9367080585866,3807.027617149496,中继,R004
T014,投送,3807.027617149496,3826.118526240405,中继,R004
T014,投送,3826.118526240405,3845.209435331314,中继,R004
T014,投送,3845.209435331314,3864.300344422223,中继,R004
T014,爬升,3864.300344422223,3882.9090226041894,中继,R004
T014,爬升,3882.9090226041894,3901.5177007861557,中继,R004
T014,爬升,3901.5177007861557,3920.1263789681216,中继,R004
T014,爬升,3920.1263789681216,3938.735057150088,中继,R004
T014,巡航,3938.735057150088,3958.2601316582895,中继,R004
T014,巡航,3958.2601316582895,3977.7852061664917,中继,R004
T014,巡航,3977.7852061664917,3997.310280674693,中继,R004
T014,巡航,3997.310280674693,4016.835355182895,中继,R004
T014,巡航,4016.835355182895,4036.3604296910967,中继,R004
T014,巡航,4036.3604296910967,4055.8855041992983,中继,R004
T014,巡航,4055.8855041992983,4075.4105787075,中继,R004
T014,巡航,4075.4105787075,4094.9356532157017,中继,R004
T014,巡航,4094.9356532157017,4114.460727723904,中继,R004
T014,巡航,4114.460727723904,4133.985802232105,中继,R004
T014,巡航,4133.985802232105,4153.510876740307,中继,R004
T014,巡航,4153.510876740307,4173.035951248508,中继,R004
T014,巡航,4173.035951248508,4192.5610257567105,中继,R004
T014,巡航,4192.5610257567105,4212.086100264913,中继,R004
T014,巡航,4212.086100264913,4231.611174773114,中继,R004
T014,巡航,4231.611174773114,4251.136249281316,直连,
T014,巡航,4251.136249281316,4270.661323789518,直连,
T014,巡航,4270.661323789518,4290.186398297719,直连,
T014,巡航,4290.186398297719,4309.7114728059205,直连,
T014,巡航,4309.7114728059205,4329.236547314123,直连,
T014,巡航,4329.236547314123,4348.761621822325,直连,
T014,巡航,4348.761621822325,4368.286696330526,直连,
T014,巡航,4368.286696330526,4387.811770838728,直连,
T014,巡航,4387.811770838728,4407.33684534693,直连,
T014,巡航,4407.33684534693,4426.861919855131,直连,
T014,巡航,4426.861919855131,4446.386994363333,直连,
T014,巡航,4446.386994363333,4465.912068871535,直连,
T014,巡航,4465.912068871535,4485.437143379737,直连,
T014,巡航,4485.437143379737,4504.962217887938,直连,
T014,巡航,4504.962217887938,4524.48729239614,直连,
T014,巡航,4524.48729239614,4544.012366904342,直连,
T014,下降,4544.012366904342,4563.3058841569455,直连,
T014,下降,4563.3058841569455,4582.59940140955,直连,
T014,下降,4582.59940140955,4601.892918662154,直连,
T014,下降,4601.892918662154,4621.1864359147585,直连,
T014,下降,4621.1864359147585,4640.479953167363,直连,
T014,下降,4640.479953167363,4659.7734704199665,直连,
T014,下降,4659.7734704199665,4679.0669876725715,直连,
T014,下降,4679.0669876725715,4698.3605049251755,直连,
T014,下降,4698.3605049251755,4717.65402217778,直连,
T015,爬升,2894.0,2912.2987226213727,直连,
T015,爬升,2912.2987226213727,2930.5974452427454,直连,
T015,爬升,2930.5974452427454,2948.896167864118,直连,
T015,爬升,2948.896167864118,2967.194890485491,直连,
T015,爬升,2967.194890485491,2985.493613106864,直连,
T015,爬升,2985.493613106864,3003.7923357282366,直连,
T015,爬升,3003.7923357282366,3022.0910583496093,直连,
T015,巡航,3022.0910583496093,3040.984924997995,直连,
T015,巡航,3040.984924997995,3059.8787916463816,直连,
T015,巡航,3059.8787916463816,3078.7726582947676,直连,
T015,巡航,3078.7726582947676,3097.666524943154,直连,
T015,巡航,3097.666524943154,3116.56039159154,直连,
T015,巡航,3116.56039159154,3135.4542582399263,直连,
T015,巡航,3135.4542582399263,3154.348124888312,直连,
T015,巡航,3154.348124888312,3173.241991536698,直连,
T015,巡航,3173.241991536698,3192.1358581850845,直连,
T015,巡航,3192.1358581850845,3211.0297248334705,直连,
T015,巡航,3211.0297248334705,3229.9235914818564,直连,
T015,巡航,3229.9235914818564,3248.817458130243,直连,
T015,巡航,3248.817458130243,3267.7113247786288,直连,
T015,巡航,3267.7113247786288,3286.605191427015,中继,R004
T015,巡航,3286.605191427015,3305.499058075401,中继,R004
T015,巡航,3305.499058075401,3324.3929247237875,中继,R004
T015,下降,3324.3929247237875,3340.74024222867,中继,R004
T015,下降,3340.74024222867,3357.087559733553,中继,R004
T015,下降,3357.087559733553,3373.4348772384355,中继,R004
T015,下降,3373.4348772384355,3389.7821947433185,中继,R004
T015,投送,3389.7821947433185,3408.8731038342275,中继,R004
T015,投送,3408.8731038342275,3427.9640129251366,中继,R004
T015,投送,3427.9640129251366,3447.0549220160456,中继,R004
T015,投送,3447.0549220160456,3466.145831106955,中继,R004
T015,投送,3466.145831106955,3485.236740197864,中继,R004
T015,投送,3485.236740197864,3504.327649288773,中继,R004
T015,投送,3504.327649288773,3523.418558379682,中继,R004
T015,投送,3523.418558379682,3542.5094674705915,中继,R004
T015,投送,3542.5094674705915,3561.6003765615005,中继,R004
T015,投送,3561.6003765615005,3580.6912856524095,中继,R004
T015,投送,3580.6912856524095,3599.7821947433185,中继,R004
T015,爬升,3599.7821947433185,3617.9458808598547,中继,R004
T015,爬升,3617.9458808598547,3636.1095669763918,中继,R004
T015,爬升,3636.1095669763918,3654.273253092928,中继,R004
T015,巡航,3654.273253092928,3673.1671197413143,中继,R004
T015,巡航,3673.1671197413143,3692.0609863897002,中继,R004
T015,巡航,3692.0609863897002,3710.954853038086,中继,R004
T015,巡航,3710.954853038086,3729.8487196864726,直连,
T015,巡航,3729.8487196864726,3748.7425863348585,直连,
T015,巡航,3748.7425863348585,3767.6364529832445,直连,
T015,巡航,3767.6364529832445,3786.530319631631,直连,
T015,巡航,3786.530319631631,3805.424186280017,直连,
T015,巡航,3805.424186280017,3824.3180529284027,直连,
T015,巡航,3824.3180529284027,3843.211919576789,直连,
T015,巡航,3843.211919576789,3862.1057862251755,直连,
T015,巡航,3862.1057862251755,3880.9996528735614,直连,
T015,巡航,3880.9996528735614,3899.8935195219474,直连,
T015,巡航,3899.8935195219474,3918.787386170334,直连,
T015,巡航,3918.787386170334,3937.6812528187197,直连,
T015,巡航,3937.6812528187197,3956.5751194671057,直连,
T015,下降,3956.5751194671057,3975.7887782195476,直连,
T015,下降,3975.7887782195476,3995.0024369719886,直连,
T015,下降,3995.0024369719886,4014.21609572443,直连,
T015,下降,4014.21609572443,4033.4297544768715,直连,
T015,下降,4033.4297544768715,4052.6434132293125,直连,
T015,下降,4052.6434132293125,4071.8570719817544,直连,
T015,下降,4071.8570719817544,4091.0707307341954,直连,
T015,下降,4091.0707307341954,4110.284389486636,直连,
T016,爬升,4053.0,4072.0718271484375,直连,
T016,爬升,4072.0718271484375,4091.143654296875,直连,
T016,爬升,4091.143654296875,4110.215481445312,直连,
T016,爬升,4110.215481445312,4129.28730859375,直连,
T016,爬升,4129.28730859375,4148.359135742187,直连,
T016,巡航,4148.359135742187,4167.669745519484,直连,
T016,巡航,4167.669745519484,4186.9803552967805,直连,
T016,巡航,4186.9803552967805,4206.290965074077,直连,
T016,巡航,4206.290965074077,4225.601574851374,直连,
T016,巡航,4225.601574851374,4244.91218462867,直连,
T016,巡航,4244.91218462867,4264.222794405967,直连,
T016,巡航,4264.222794405967,4283.533404183263,直连,
T016,巡航,4283.533404183263,4302.844013960559,直连,
T016,巡航,4302.844013960559,4322.154623737856,直连,
T016,巡航,4322.154623737856,4341.465233515152,直连,
T016,巡航,4341.465233515152,4360.775843292449,直连,
T016,下降,4360.775843292449,4373.600303131316,直连,
T016,下降,4373.600303131316,4386.424762970183,直连,
T016,投送,4386.424762970183,4405.483586499595,直连,
T016,投送,4405.483586499595,4424.5424100290065,直连,
T016,投送,4424.5424100290065,4443.601233558418,直连,
T016,投送,4443.601233558418,4462.660057087831,直连,
T016,投送,4462.660057087831,4481.718880617242,直连,
T016,投送,4481.718880617242,4500.777704146654,直连,
T016,投送,4500.777704146654,4519.836527676066,直连,
T016,投送,4519.836527676066,4538.895351205478,直连,
T016,投送,4538.895351205478,4557.954174734889,直连,
T016,投送,4557.954174734889,4577.012998264301,直连,
T016,投送,4577.012998264301,4596.071821793713,直连,
T016,投送,4596.071821793713,4615.130645323125,直连,
T016,投送,4615.130645323125,4634.189468852536,直连,
T016,投送,4634.189468852536,4653.248292381948,直连,
T016,投送,4653.248292381948,4672.30711591136,直连,
T016,投送,4672.30711591136,4691.365939440771,直连,
T016,投送,4691.365939440771,4710.424762970183,直连,
T016,爬升,4710.424762970183,4720.684330841277,直连,
T016,爬升,4720.684330841277,4730.94389871237,直连,
T016,巡航,4730.94389871237,4750.254508489667,直连,
T016,巡航,4750.254508489667,4769.5651182669635,直连,
T016,巡航,4769.5651182669635,4788.8757280442605,直连,
T016,巡航,4788.8757280442605,4808.186337821557,直连,
T016,巡航,4808.186337821557,4827.496947598853,直连,
T016,巡航,4827.496947598853,4846.80755737615,直连,
T016,巡航,4846.80755737615,4866.118167153447,直连,
T016,巡航,4866.118167153447,4885.428776930743,直连,
T016,巡航,4885.428776930743,4904.739386708039,直连,
T016,巡航,4904.739386708039,4924.049996485335,直连,
T016,巡航,4924.049996485335,4943.360606262632,直连,
T016,下降,4943.360606262632,4963.227092875588,直连,
T016,下降,4963.227092875588,4983.093579488544,直连,
T016,下降,4983.093579488544,5002.960066101499,直连,
T016,下降,5002.960066101499,5022.826552714455,直连,
T016,下降,5022.826552714455,5042.693039327411,直连,
T016,下降,5042.693039327411,5062.559525940367,直连,
T017,爬升,4266.0,4284.504135640463,直连,
T017,爬升,4284.504135640463,4303.008271280924,直连,
T017,爬升,4303.008271280924,4321.512406921387,直连,
T017,爬升,4321.512406921387,4340.016542561849,直连,
T017,爬升,4340.016542561849,4358.5206782023115,直连,
T017,爬升,4358.5206782023115,4377.024813842773,直连,
T017,爬升,4377.024813842773,4395.528949483236,直连,
T017,爬升,4395.528949483236,4414.033085123698,直连,
T017,巡航,4414.033085123698,4433.294215159196,直连,
T017,巡航,4433.294215159196,4452.5553451946935,直连,
T017,巡航,4452.5553451946935,4471.816475230191,直连,
T017,巡航,4471.816475230191,4491.077605265688,直连,
T017,巡航,4491.077605265688,4510.338735301186,直连,
T017,巡航,4510.338735301186,4529.599865336683,直连,
T017,巡航,4529.599865336683,4548.860995372181,直连,
T017,巡航,4548.860995372181,4568.122125407679,直连,
T017,巡航,4568.122125407679,4587.3832554431765,直连,
T017,巡航,4587.3832554431765,4606.644385478674,直连,
T017,巡航,4606.644385478674,4625.905515514171,直连,
T017,巡航,4625.905515514171,4645.166645549669,直连,
T017,巡航,4645.166645549669,4664.427775585167,直连,
T017,巡航,4664.427775585167,4683.688905620665,直连,
T017,巡航,4683.688905620665,4702.950035656162,直连,
T017,巡航,4702.950035656162,4722.2111656916595,直连,
T017,巡航,4722.2111656916595,4741.472295727157,直连,
T017,巡航,4741.472295727157,4760.733425762654,中继,R005
T017,巡航,4760.733425762654,4779.994555798153,中继,R005
T017,巡航,4779.994555798153,4799.25568583365,中继,R004
T017,巡航,4799.25568583365,4818.516815869148,中继,R004
T017,巡航,4818.516815869148,4837.777945904645,中继,R004
T017,巡航,4837.777945904645,4857.0390759401425,中继,R004
T017,巡航,4857.0390759401425,4876.30020597564,中继,R004
T017,巡航,4876.30020597564,4895.561336011138,中继,R004
T017,巡航,4895.561336011138,4914.822466046636,中继,R004
T017,下降,4914.822466046636,4934.282317120855,中继,R004
T017,下降,4934.282317120855,4953.742168195073,中继,R004
T017,投送,4953.742168195073,4972.833077285982,中继,R004
T017,投送,4972.833077285982,4991.923986376891,中继,R004
T017,投送,4991.923986376891,5011.014895467801,中继,R004
T017,投送,5011.014895467801,5030.105804558709,中继,R004
T017,投送,5030.105804558709,5049.196713649619,中继,R004
T017,投送,5049.196713649619,5068.287622740528,中继,R004
T017,投送,5068.287622740528,5087.378531831437,中继,R004
T017,投送,5087.378531831437,5106.469440922346,中继,R004
T017,投送,5106.469440922346,5125.560350013255,中继,R004
T017,投送,5125.560350013255,5144.651259104164,中继,R004
T017,投送,5144.651259104164,5163.742168195073,中继,R004
T017,爬升,5163.742168195073,5179.958710756922,中继,R004
T017,爬升,5179.958710756922,5196.175253318771,中继,R004
T017,巡航,5196.175253318771,5215.436383354268,中继,R004
T017,巡航,5215.436383354268,5234.697513389766,中继,R004
T017,巡航,5234.697513389766,5253.958643425263,中继,R005
T017,巡航,5253.958643425263,5273.219773460762,中继,R005
T017,巡航,5273.219773460762,5292.480903496259,中继,R005
T017,巡航,5292.480903496259,5311.7420335317565,中继,R005
T017,巡航,5311.7420335317565,5331.003163567254,中继,R005
T017,巡航,5331.003163567254,5350.264293602751,中继,R005
T017,巡航,5350.264293602751,5369.52542363825,中继,R005
T017,巡航,5369.52542363825,5388.786553673746,直连,
T017,巡航,5388.786553673746,5408.047683709245,直连,
T017,巡航,5408.047683709245,5427.308813744742,直连,
T017,巡航,5427.308813744742,5446.56994378024,直连,
T017,巡航,5446.56994378024,5465.831073815737,直连,
T017,巡航,5465.831073815737,5485.092203851234,直连,
T017,巡航,5485.092203851234,5504.353333886733,直连,
T017,巡航,5504.353333886733,5523.61446392223,直连,
T017,巡航,5523.61446392223,5542.875593957728,直连,
T017,巡航,5542.875593957728,5562.136723993225,直连,
T017,巡航,5562.136723993225,5581.397854028723,直连,
T017,巡航,5581.397854028723,5600.658984064221,直连,
T017,巡航,5600.658984064221,5619.9201140997175,直连,
T017,巡航,5619.9201140997175,5639.181244135216,直连,
T017,巡航,5639.181244135216,5658.442374170713,直连,
T017,巡航,5658.442374170713,5677.703504206211,直连,
T017,巡航,5677.703504206211,5696.964634241708,直连,
T017,下降,5696.964634241708,5716.702378924868,直连,
T017,下降,5716.702378924868,5736.4401236080275,直连,
T017,下降,5736.4401236080275,5756.177868291188,直连,
T017,下降,5756.177868291188,5775.915612974348,直连,
T017,下降,5775.915612974348,5795.6533576575075,直连,
T017,下降,5795.6533576575075,5815.391102340667,直连,
T017,下降,5815.391102340667,5835.128847023827,直连,
T017,下降,5835.128847023827,5854.866591706987,直连,
T017,下降,5854.866591706987,5874.604336390146,直连,
T018,爬升,4342.0,4361.213658752441,直连,
T018,爬升,4361.213658752441,4380.427317504883,直连,
T018,爬升,4380.427317504883,4399.640976257324,直连,
T018,爬升,4399.640976257324,4418.854635009766,直连,
T018,爬升,4418.854635009766,4438.068293762207,直连,
T018,爬升,4438.068293762207,4457.281952514649,直连,
T018,爬升,4457.281952514649,4476.49561126709,直连,
T018,爬升,4476.49561126709,4495.709270019532,直连,
T018,巡航,4495.709270019532,4514.603136667917,直连,
T018,巡航,4514.603136667917,4533.497003316304,直连,
T018,巡航,4533.497003316304,4552.39086996469,直连,
T018,巡航,4552.39086996469,4571.284736613075,直连,
T018,巡航,4571.284736613075,4590.178603261462,直连,
T018,巡航,4590.178603261462,4609.072469909848,直连,
T018,巡航,4609.072469909848,4627.966336558235,直连,
T018,巡航,4627.966336558235,4646.86020320662,直连,
T018,巡航,4646.86020320662,4665.7540698550065,直连,
T018,巡航,4665.7540698550065,4684.647936503392,直连,
T018,巡航,4684.647936503392,4703.541803151778,直连,
T018,巡航,4703.541803151778,4722.435669800165,直连,
T018,巡航,4722.435669800165,4741.329536448551,直连,
T018,巡航,4741.329536448551,4760.223403096937,中继,R005
T018,巡航,4760.223403096937,4779.117269745323,中继,R005
T018,巡航,4779.117269745323,4798.011136393709,中继,R005
T018,下降,4798.011136393709,4814.358453898592,中继,R005
T018,下降,4814.358453898592,4830.7057714034745,中继,R005
T018,下降,4830.7057714034745,4847.0530889083575,中继,R005
T018,下降,4847.0530889083575,4863.4004064132405,中继,R005
T018,下降,4863.4004064132405,4879.7477239181235,中继,R005
T018,投送,4879.7477239181235,4898.947723918123,中继,R005
T018,投送,4898.947723918123,4918.147723918123,中继,R005
T018,投送,4918.147723918123,4937.347723918123,中继,R005
T018,投送,4937.347723918123,4956.547723918124,中继,R005
T018,投送,4956.547723918124,4975.7477239181235,中继,R005
T018,投送,4975.7477239181235,4994.947723918123,中继,R005
T018,投送,4994.947723918123,5014.147723918123,中继,R005
T018,投送,5014.147723918123,5033.347723918123,中继,R005
T018,投送,5033.347723918123,5052.547723918124,中继,R005
T018,投送,5052.547723918124,5071.7477239181235,中继,R005
T018,投送,5071.7477239181235,5090.947723918123,中继,R005
T018,投送,5090.947723918123,5110.147723918123,中继,R005
T018,投送,5110.147723918123,5129.347723918123,中继,R005
T018,投送,5129.347723918123,5148.547723918124,中继,R005
T018,投送,5148.547723918124,5167.7477239181235,中继,R005
T018,爬升,5167.7477239181235,5184.0950414230065,中继,R005
T018,爬升,5184.0950414230065,5200.442358927889,中继,R005
T018,爬升,5200.442358927889,5216.789676432772,中继,R005
T018,爬升,5216.789676432772,5233.136993937655,中继,R005
T018,巡航,5233.136993937655,5252.030860586041,中继,R005
T018,巡航,5252.030860586041,5270.924727234427,中继,R005
T018,巡航,5270.924727234427,5289.818593882813,中继,R005
T018,巡航,5289.818593882813,5308.712460531199,直连,
T018,巡航,5308.712460531199,5327.606327179585,直连,
T018,巡航,5327.606327179585,5346.500193827971,直连,
T018,巡航,5346.500193827971,5365.3940604763575,直连,
T018,巡航,5365.3940604763575,5384.287927124744,直连,
T018,巡航,5384.287927124744,5403.181793773129,直连,
T018,巡航,5403.181793773129,5422.075660421516,直连,
T018,巡航,5422.075660421516,5440.969527069902,直连,
T018,巡航,5440.969527069902,5459.863393718288,直连,
T018,巡航,5459.863393718288,5478.757260366674,直连,
T018,巡航,5478.757260366674,5497.65112701506,直连,
T018,巡航,5497.65112701506,5516.544993663447,直连,
T018,巡航,5516.544993663447,5535.438860311832,直连,
T018,下降,5535.438860311832,5554.652519064274,直连,
T018,下降,5554.652519064274,5573.866177816715,直连,
T018,下降,5573.866177816715,5593.079836569157,直连,
T018,下降,5593.079836569157,5612.293495321598,直连,
T018,下降,5612.293495321598,5631.507154074039,直连,
T018,下降,5631.507154074039,5650.720812826481,直连,
T018,下降,5650.720812826481,5669.934471578922,直连,
T018,下降,5669.934471578922,5689.148130331364,直连,
T018,下降,5689.148130331364,5708.361789083805,直连,
T018,下降,5708.361789083805,5727.575447836247,直连,
T019,爬升,4347.0,4365.504135640463,直连,
T019,爬升,4365.504135640463,4384.008271280924,直连,
T019,爬升,4384.008271280924,4402.512406921387,直连,
T019,爬升,4402.512406921387,4421.016542561849,直连,
T019,爬升,4421.016542561849,4439.5206782023115,直连,
T019,爬升,4439.5206782023115,4458.024813842773,直连,
T019,爬升,4458.024813842773,4476.528949483236,直连,
T019,爬升,4476.528949483236,4495.033085123698,直连,
T019,巡航,4495.033085123698,4514.110775825524,直连,
T019,巡航,4514.110775825524,4533.18846652735,直连,
T019,巡航,4533.18846652735,4552.266157229176,直连,
T019,巡航,4552.266157229176,4571.3438479310025,直连,
T019,巡航,4571.3438479310025,4590.421538632829,直连,
T019,巡航,4590.421538632829,4609.499229334655,直连,
T019,巡航,4609.499229334655,4628.576920036481,直连,
T019,巡航,4628.576920036481,4647.654610738307,直连,
T019,巡航,4647.654610738307,4666.732301440134,直连,
T019,巡航,4666.732301440134,4685.80999214196,直连,
T019,巡航,4685.80999214196,4704.887682843786,直连,
T019,巡航,4704.887682843786,4723.965373545612,直连,
T019,巡航,4723.965373545612,4743.043064247438,直连,
T019,巡航,4743.043064247438,4762.120754949265,中继,R005
T019,巡航,4762.120754949265,4781.198445651091,中继,R005
T019,巡航,4781.198445651091,4800.276136352917,中继,R004
T019,巡航,4800.276136352917,4819.353827054743,中继,R004
T019,巡航,4819.353827054743,4838.4315177565695,中继,R004
T019,巡航,4838.4315177565695,4857.509208458396,中继,R004
T019,巡航,4857.509208458396,4876.586899160222,中继,R004
T019,巡航,4876.586899160222,4895.664589862048,中继,R004
T019,下降,4895.664589862048,4915.124440936266,中继,R004
T019,下降,4915.124440936266,4934.584292010485,中继,R004
T019,投送,4934.584292010485,4952.584292010485,中继,R004
T019,投送,4952.584292010485,4970.584292010485,中继,R004
T019,投送,4970.584292010485,4988.584292010485,中继,R004
T019,投送,4988.584292010485,5006.584292010485,中继,R004
T019,投送,5006.584292010485,5024.584292010486,中继,R004
T019,投送,5024.584292010486,5042.584292010486,中继,R004
T019,投送,5042.584292010486,5060.584292010486,中继,R004
T019,投送,5060.584292010486,5078.584292010486,中继,R004
T019,投送,5078.584292010486,5096.584292010486,中继,R004
T019,投送,5096.584292010486,5114.584292010486,中继,R004
T019,爬升,5114.584292010486,5130.800834572335,中继,R004
T019,爬升,5130.800834572335,5147.017377134183,中继,R004
T019,巡航,5147.017377134183,5166.09506783601,中继,R004
T019,巡航,5166.09506783601,5185.172758537836,中继,R004
T019,巡航,5185.172758537836,5204.250449239662,中继,R005
T019,巡航,5204.250449239662,5223.328139941488,中继,R005
T019,巡航,5223.328139941488,5242.405830643314,中继,R005
T019,巡航,5242.405830643314,5261.483521345141,中继,R005
T019,巡航,5261.483521345141,5280.561212046967,中继,R005
T019,巡航,5280.561212046967,5299.638902748793,中继,R005
T019,巡航,5299.638902748793,5318.716593450619,直连,
T019,巡航,5318.716593450619,5337.7942841524455,直连,
T019,巡航,5337.7942841524455,5356.871974854272,直连,
T019,巡航,5356.871974854272,5375.949665556098,直连,
T019,巡航,5375.949665556098,5395.027356257924,直连,
T019,巡航,5395.027356257924,5414.10504695975,直连,
T019,巡航,5414.10504695975,5433.1827376615765,直连,
T019,巡航,5433.1827376615765,5452.260428363403,直连,
T019,巡航,5452.260428363403,5471.338119065229,直连,
T019,巡航,5471.338119065229,5490.415809767055,直连,
T019,巡航,5490.415809767055,5509.493500468881,直连,
T019,巡航,5509.493500468881,5528.571191170708,直连,
T019,巡航,5528.571191170708,5547.648881872534,直连,
T019,下降,5547.648881872534,5567.3866265556935,直连,
T019,下降,5567.3866265556935,5587.124371238853,直连,
T019,下降,5587.124371238853,5606.862115922013,直连,
T019,下降,5606.862115922013,5626.599860605173,直连,
T019,下降,5626.599860605173,5646.337605288332,直连,
T019,下降,5646.337605288332,5666.075349971492,直连,
T019,下降,5666.075349971492,5685.813094654652,直连,
T019,下降,5685.813094654652,5705.550839337811,直连,
T019,下降,5705.550839337811,5725.288584020971,直连,
T020,爬升,6217.0,6235.035944417317,直连,
T020,爬升,6235.035944417317,6253.0718888346355,直连,
T020,爬升,6253.0718888346355,6271.107833251953,直连,
T020,爬升,6271.107833251953,6289.143777669271,直连,
T020,爬升,6289.143777669271,6307.179722086588,直连,
T020,爬升,6307.179722086588,6325.2156665039065,直连,
T020,巡航,6325.2156665039065,6344.99702356786,直连,
T020,巡航,6344.99702356786,6364.778380631814,直连,
T020,巡航,6364.778380631814,6384.559737695768,直连,
T020,巡航,6384.559737695768,6404.34109475972,直连,
T020,巡航,6404.34109475972,6424.122451823674,直连,
T020,巡航,6424.122451823674,6443.903808887628,直连,
T020,巡航,6443.903808887628,6463.685165951581,直连,
T020,巡航,6463.685165951581,6483.466523015535,直连,
T020,巡航,6483.466523015535,6503.247880079489,直连,
T020,巡航,6503.247880079489,6523.0292371434425,直连,
T020,巡航,6523.0292371434425,6542.810594207396,直连,
T020,巡航,6542.810594207396,6562.59195127135,直连,
T020,巡航,6562.59195127135,6582.373308335304,直连,
T020,巡航,6582.373308335304,6602.154665399257,中继,R006
T020,巡航,6602.154665399257,6621.936022463211,中继,R006
T020,巡航,6621.936022463211,6641.717379527165,中继,R006
T020,巡航,6641.717379527165,6661.498736591117,中继,R006
T020,巡航,6661.498736591117,6681.280093655071,中继,R006
T020,巡航,6681.280093655071,6701.061450719025,中继,R006
T020,巡航,6701.061450719025,6720.8428077829785,中继,R006
T020,巡航,6720.8428077829785,6740.624164846932,中继,R006
T020,巡航,6740.624164846932,6760.405521910886,中继,R007
T020,巡航,6760.405521910886,6780.18687897484,中继,R007
T020,巡航,6780.18687897484,6799.968236038793,中继,R007
T020,巡航,6799.968236038793,6819.749593102746,中继,R007
T020,巡航,6819.749593102746,6839.5309501667,中继,R007
T020,下降,6839.5309501667,6856.524866792677,中继,R007
T020,下降,6856.524866792677,6873.518783418654,中继,R007
T020,下降,6873.518783418654,6890.51270004463,中继,R007
T020,下降,6890.51270004463,6907.5066166706065,中继,R007
T020,下降,6907.5066166706065,6924.500533296583,中继,R007
T020,投送,6924.500533296583,6943.559356825996,中继,R007
T020,投送,6943.559356825996,6962.618180355406,中继,R007
T020,投送,6962.618180355406,6981.677003884819,中继,R007
T020,投送,6981.677003884819,7000.735827414231,中继,R007
T020,投送,7000.735827414231,7019.794650943642,中继,R007
T020,投送,7019.794650943642,7038.853474473054,中继,R007
T020,投送,7038.853474473054,7057.912298002466,中继,R007
T020,投送,7057.912298002466,7076.9711215318775,中继,R007
T020,投送,7076.9711215318775,7096.029945061289,中继,R007
T020,投送,7096.029945061289,7115.088768590701,中继,R007
T020,投送,7115.088768590701,7134.147592120113,中继,R007
T020,投送,7134.147592120113,7153.206415649524,中继,R007
T020,投送,7153.206415649524,7172.265239178936,中继,R007
T020,投送,7172.265239178936,7191.324062708348,中继,R007
T020,投送,7191.324062708348,7210.3828862377595,中继,R007
T020,投送,7210.3828862377595,7229.441709767172,中继,R007
T020,投送,7229.441709767172,7248.500533296583,中继,R007
T020,爬升,7248.500533296583,7265.49444992256,中继,R007
T020,爬升,7265.49444992256,7282.488366548537,中继,R007
T020,爬升,7282.488366548537,7299.482283174513,中继,R007
T020,爬升,7299.482283174513,7316.47619980049,中继,R007
T020,巡航,7316.47619980049,7336.257556864443,中继,R007
T020,巡航,7336.257556864443,7356.038913928397,中继,R007
T020,巡航,7356.038913928397,7375.820270992351,中继,R007
T020,巡航,7375.820270992351,7395.601628056304,中继,R007
T020,巡航,7395.601628056304,7415.382985120258,中继,R007
T020,巡航,7415.382985120258,7435.164342184212,中继,R006
T020,巡航,7435.164342184212,7454.945699248165,中继,R006
T020,巡航,7454.945699248165,7474.727056312118,中继,R006
T020,巡航,7474.727056312118,7494.508413376072,中继,R006
T020,巡航,7494.508413376072,7514.289770440026,中继,R006
T020,巡航,7514.289770440026,7534.071127503979,中继,R006
T020,巡航,7534.071127503979,7553.852484567933,中继,R006
T020,巡航,7553.852484567933,7573.633841631887,中继,R006
T020,巡航,7573.633841631887,7593.41519869584,直连,
T020,巡航,7593.41519869584,7613.196555759794,直连,
T020,巡航,7613.196555759794,7632.977912823748,直连,
T020,巡航,7632.977912823748,7652.7592698877015,直连,
T020,巡航,7652.7592698877015,7672.540626951655,直连,
T020,巡航,7672.540626951655,7692.321984015609,直连,
T020,巡航,7692.321984015609,7712.103341079563,直连,
T020,巡航,7712.103341079563,7731.884698143516,直连,
T020,巡航,7731.884698143516,7751.666055207469,直连,
T020,巡航,7751.666055207469,7771.447412271423,直连,
T020,巡航,7771.447412271423,7791.2287693353765,直连,
T020,巡航,7791.2287693353765,7811.01012639933,直连,
T020,巡航,7811.01012639933,7830.791483463284,直连,
T020,下降,7830.791483463284,7850.115709624695,直连,
T020,下降,7850.115709624695,7869.4399357861075,直连,
T020,下降,7869.4399357861075,7888.76416194752,直连,
T020,下降,7888.76416194752,7908.088388108931,直连,
T020,下降,7908.088388108931,7927.412614270343,直连,
T020,下降,7927.412614270343,7946.736840431755,直连,
T020,下降,7946.736840431755,7966.061066593167,直连,
T021,爬升,6217.0,6235.035944417317,直连,
T021,爬升,6235.035944417317,6253.0718888346355,直连,
T021,爬升,6253.0718888346355,6271.107833251953,直连,
T021,爬升,6271.107833251953,6289.143777669271,直连,
T021,爬升,6289.143777669271,6307.179722086588,直连,
T021,爬升,6307.179722086588,6325.2156665039065,直连,
T021,巡航,6325.2156665039065,6344.99702356786,直连,
T021,巡航,6344.99702356786,6364.778380631814,直连,
T021,巡航,6364.778380631814,6384.559737695768,直连,
T021,巡航,6384.559737695768,6404.34109475972,直连,
T021,巡航,6404.34109475972,6424.122451823674,直连,
T021,巡航,6424.122451823674,6443.903808887628,直连,
T021,巡航,6443.903808887628,6463.685165951581,直连,
T021,巡航,6463.685165951581,6483.466523015535,直连,
T021,巡航,6483.466523015535,6503.247880079489,直连,
T021,巡航,6503.247880079489,6523.0292371434425,直连,
T021,巡航,6523.0292371434425,6542.810594207396,直连,
T021,巡航,6542.810594207396,6562.59195127135,直连,
T021,巡航,6562.59195127135,6582.373308335304,直连,
T021,巡航,6582.373308335304,6602.154665399257,中继,R006
T021,巡航,6602.154665399257,6621.936022463211,中继,R006
T021,巡航,6621.936022463211,6641.717379527165,中继,R006
T021,巡航,6641.717379527165,6661.498736591118,中继,R006
T021,巡航,6661.498736591118,6681.280093655071,中继,R006
T021,巡航,6681.280093655071,6701.061450719025,中继,R006
T021,巡航,6701.061450719025,6720.8428077829785,中继,R006
T021,巡航,6720.8428077829785,6740.624164846932,中继,R006
T021,巡航,6740.624164846932,6760.405521910886,中继,R007
T021,巡航,6760.405521910886,6780.18687897484,中继,R007
T021,巡航,6780.18687897484,6799.968236038793,中继,R007
T021,巡航,6799.968236038793,6819.749593102747,中继,R007
T021,巡航,6819.749593102747,6839.530950166701,中继,R007
T021,下降,6839.530950166701,6856.524866792677,中继,R007
T021,下降,6856.524866792677,6873.518783418654,中继,R007
T021,下降,6873.518783418654,6890.51270004463,中继,R007
T021,下降,6890.51270004463,6907.5066166706065,中继,R007
T021,下降,6907.5066166706065,6924.500533296583,中继,R007
T021,投送,6924.500533296583,6943.885148681199,中继,R007
T021,投送,6943.885148681199,6963.269764065814,中继,R007
T021,投送,6963.269764065814,6982.65437945043,中继,R007
T021,投送,6982.65437945043,7002.038994835045,中继,R007
T021,投送,7002.038994835045,7021.42361021966,中继,R007
T021,投送,7021.42361021966,7040.808225604276,中继,R007
T021,投送,7040.808225604276,7060.1928409888915,中继,R007
T021,投送,7060.1928409888915,7079.577456373507,中继,R007
T021,投送,7079.577456373507,7098.962071758122,中继,R007
T021,投送,7098.962071758122,7118.346687142737,中继,R007
T021,投送,7118.346687142737,7137.731302527352,中继,R007
T021,投送,7137.731302527352,7157.115917911968,中继,R007
T021,投送,7157.115917911968,7176.500533296583,中继,R007
T021,爬升,7176.500533296583,7193.49444992256,中继,R007
T021,爬升,7193.49444992256,7210.488366548537,中继,R007
T021,爬升,7210.488366548537,7227.482283174513,中继,R007
T021,爬升,7227.482283174513,7244.47619980049,中继,R007
T021,巡航,7244.47619980049,7264.257556864443,中继,R007
T021,巡航,7264.257556864443,7284.038913928397,中继,R007
T021,巡航,7284.038913928397,7303.820270992351,中继,R007
T021,巡航,7303.820270992351,7323.601628056304,中继,R007
T021,巡航,7323.601628056304,7343.382985120258,中继,R007
T021,巡航,7343.382985120258,7363.164342184212,中继,R007
T021,巡航,7363.164342184212,7382.945699248165,中继,R007
T021,巡航,7382.945699248165,7402.727056312118,中继,R007
T021,巡航,7402.727056312118,7422.508413376072,中继,R006
T021,巡航,7422.508413376072,7442.289770440026,中继,R006
T021,巡航,7442.289770440026,7462.071127503979,中继,R006
T021,巡航,7462.071127503979,7481.852484567933,中继,R006
T021,巡航,7481.852484567933,7501.633841631887,中继,R006
T021,巡航,7501.633841631887,7521.41519869584,直连,
T021,巡航,7521.41519869584,7541.196555759794,直连,
T021,巡航,7541.196555759794,7560.977912823748,直连,
T021,巡航,7560.977912823748,7580.7592698877015,直连,
T021,巡航,7580.7592698877015,7600.540626951655,直连,
T021,巡航,7600.540626951655,7620.321984015609,直连,
T021,巡航,7620.321984015609,7640.103341079563,直连,
T021,巡航,7640.103341079563,7659.884698143516,直连,
T021,巡航,7659.884698143516,7679.666055207469,直连,
T021,巡航,7679.666055207469,7699.447412271423,直连,
T021,巡航,7699.447412271423,7719.2287693353765,直连,
T021,巡航,7719.2287693353765,7739.01012639933,直连,
T021,巡航,7739.01012639933,7758.791483463284,直连,
T021,下降,7758.791483463284,7778.115709624695,直连,
T021,下降,7778.115709624695,7797.4399357861075,直连,
T021,下降,7797.4399357861075,7816.76416194752,直连,
T021,下降,7816.76416194752,7836.088388108931,直连,
T021,下降,7836.088388108931,7855.412614270343,直连,
T021,下降,7855.412614270343,7874.736840431755,直连,
T021,下降,7874.736840431755,7894.061066593167,直连,
T022,爬升,6281.0,6297.34728881836,直连,
T022,爬升,6297.34728881836,6313.694577636719,直连,
T022,爬升,6313.694577636719,6330.041866455078,直连,
T022,爬升,6330.041866455078,6346.389155273438,直连,
T022,爬升,6346.389155273438,6362.736444091797,直连,
T022,巡航,6362.736444091797,6382.684875323222,直连,
T022,巡航,6382.684875323222,6402.633306554647,直连,
T022,巡航,6402.633306554647,6422.581737786071,直连,
T022,巡航,6422.581737786071,6442.5301690174965,直连,
T022,巡航,6442.5301690174965,6462.478600248922,直连,
T022,巡航,6462.478600248922,6482.427031480346,直连,
T022,巡航,6482.427031480346,6502.375462711771,直连,
T022,巡航,6502.375462711771,6522.323893943196,直连,
T022,巡航,6522.323893943196,6542.272325174621,直连,
T022,巡航,6542.272325174621,6562.220756406046,直连,
T022,巡航,6562.220756406046,6582.169187637471,直连,
T022,巡航,6582.169187637471,6602.117618868896,直连,
T022,巡航,6602.117618868896,6622.06605010032,直连,
T022,巡航,6622.06605010032,6642.014481331746,中继,R006
T022,巡航,6642.014481331746,6661.96291256317,中继,R006
T022,巡航,6661.96291256317,6681.911343794595,中继,R006
T022,巡航,6681.911343794595,6701.85977502602,中继,R006
T022,巡航,6701.85977502602,6721.808206257445,中继,R006
T022,巡航,6721.808206257445,6741.75663748887,中继,R006
T022,巡航,6741.75663748887,6761.705068720295,中继,R007
T022,巡航,6761.705068720295,6781.65349995172,中继,R007
T022,巡航,6781.65349995172,6801.601931183144,中继,R007
T022,巡航,6801.601931183144,6821.5503624145695,中继,R007
T022,巡航,6821.5503624145695,6841.498793645995,中继,R007
T022,巡航,6841.498793645995,6861.447224877419,中继,R007
T022,巡航,6861.447224877419,6881.395656108844,中继,R007
T022,巡航,6881.395656108844,6901.344087340269,中继,R007
T022,下降,6901.344087340269,6914.945331643655,中继,R007
T022,下降,6914.945331643655,6928.54657594704,中继,R007
T022,下降,6928.54657594704,6942.147820250426,中继,R007
T022,投送,6942.147820250426,6962.147820250426,中继,R007
T022,投送,6962.147820250426,6982.147820250426,中继,R007
T022,投送,6982.147820250426,7002.147820250426,中继,R007
T022,投送,7002.147820250426,7022.147820250426,中继,R007
T022,投送,7022.147820250426,7042.147820250426,中继,R007
T022,投送,7042.147820250426,7062.147820250426,中继,R007
T022,投送,7062.147820250426,7082.147820250426,中继,R007
T022,投送,7082.147820250426,7102.147820250426,中继,R007
T022,投送,7102.147820250426,7122.147820250426,中继,R007
T022,投送,7122.147820250426,7142.147820250426,中继,R007
T022,投送,7142.147820250426,7162.147820250426,中继,R007
T022,投送,7162.147820250426,7182.147820250426,中继,R007
T022,爬升,7182.147820250426,7199.149375629657,中继,R007
T022,爬升,7199.149375629657,7216.1509310088895,中继,R007
T022,巡航,7216.1509310088895,7236.099362240314,中继,R007
T022,巡航,7236.099362240314,7256.047793471739,中继,R007
T022,巡航,7256.047793471739,7275.9962247031635,中继,R007
T022,巡航,7275.9962247031635,7295.944655934589,中继,R007
T022,巡航,7295.944655934589,7315.893087166014,中继,R007
T022,巡航,7315.893087166014,7335.841518397438,中继,R007
T022,巡航,7335.841518397438,7355.789949628863,中继,R007
T022,巡航,7355.789949628863,7375.738380860288,中继,R007
T022,巡航,7375.738380860288,7395.686812091713,中继,R006
T022,巡航,7395.686812091713,7415.635243323138,中继,R006
T022,巡航,7415.635243323138,7435.583674554563,中继,R006
T022,巡航,7435.583674554563,7455.532105785987,中继,R006
T022,巡航,7455.532105785987,7475.480537017413,中继,R006
T022,巡航,7475.480537017413,7495.428968248838,中继,R006
T022,巡航,7495.428968248838,7515.377399480262,直连,
T022,巡航,7515.377399480262,7535.325830711688,直连,
T022,巡航,7535.325830711688,7555.274261943112,直连,
T022,巡航,7555.274261943112,7575.222693174537,直连,
T022,巡航,7575.222693174537,7595.1711244059625,直连,
T022,巡航,7595.1711244059625,7615.119555637387,直连,
T022,巡航,7615.119555637387,7635.067986868811,直连,
T022,巡航,7635.067986868811,7655.0164181002365,直连,
T022,巡航,7655.0164181002365,7674.964849331662,直连,
T022,巡航,7674.964849331662,7694.913280563086,直连,
T022,巡航,7694.913280563086,7714.861711794511,直连,
T022,巡航,7714.861711794511,7734.810143025936,直连,
T022,巡航,7734.810143025936,7754.758574257361,直连,
T022,下降,7754.758574257361,7774.375320839392,直连,
T022,下降,7774.375320839392,7793.992067421424,直连,
T022,下降,7793.992067421424,7813.608814003455,直连,
T022,下降,7813.608814003455,7833.225560585486,直连,
T022,下降,7833.225560585486,7852.842307167517,直连,
T023,爬升,6281.0,6297.34728881836,直连,
T023,爬升,6297.34728881836,6313.694577636719,直连,
T023,爬升,6313.694577636719,6330.041866455078,直连,
T023,爬升,6330.041866455078,6346.389155273438,直连,
T023,爬升,6346.389155273438,6362.736444091797,直连,
T023,巡航,6362.736444091797,6382.684875323222,直连,
T023,巡航,6382.684875323222,6402.633306554647,直连,
T023,巡航,6402.633306554647,6422.581737786071,直连,
T023,巡航,6422.581737786071,6442.5301690174965,直连,
T023,巡航,6442.5301690174965,6462.478600248922,直连,
T023,巡航,6462.478600248922,6482.427031480346,直连,
T023,巡航,6482.427031480346,6502.375462711771,直连,
T023,巡航,6502.375462711771,6522.323893943196,直连,
T023,巡航,6522.323893943196,6542.272325174621,直连,
T023,巡航,6542.272325174621,6562.220756406046,直连,
T023,巡航,6562.220756406046,6582.169187637471,直连,
T023,巡航,6582.169187637471,6602.117618868896,直连,
T023,巡航,6602.117618868896,6622.06605010032,直连,
T023,巡航,6622.06605010032,6642.014481331746,中继,R006
T023,巡航,6642.014481331746,6661.96291256317,中继,R006
T023,巡航,6661.96291256317,6681.911343794595,中继,R006
T023,巡航,6681.911343794595,6701.85977502602,中继,R006
T023,巡航,6701.85977502602,6721.808206257445,中继,R006
T023,巡航,6721.808206257445,6741.75663748887,中继,R006
T023,巡航,6741.75663748887,6761.705068720295,中继,R007
T023,巡航,6761.705068720295,6781.65349995172,中继,R007
T023,巡航,6781.65349995172,6801.601931183144,中继,R007
T023,巡航,6801.601931183144,6821.5503624145695,中继,R007
T023,巡航,6821.5503624145695,6841.498793645995,中继,R007
T023,巡航,6841.498793645995,6861.447224877419,中继,R007
T023,巡航,6861.447224877419,6881.395656108844,中继,R007
T023,巡航,6881.395656108844,6901.344087340269,中继,R007
T023,下降,6901.344087340269,6914.945331643655,中继,R007
T023,下降,6914.945331643655,6928.54657594704,中继,R007
T023,下降,6928.54657594704,6942.147820250426,中继,R007
T023,投送,6942.147820250426,6961.238729341334,中继,R007
T023,投送,6961.238729341334,6980.329638432244,中继,R007
T023,投送,6980.329638432244,6999.420547523153,中继,R007
T023,投送,6999.420547523153,7018.511456614062,中继,R007
T023,投送,7018.511456614062,7037.602365704971,中继,R007
T023,投送,7037.602365704971,7056.69327479588,中继,R007
T023,投送,7056.69327479588,7075.784183886789,中继,R007
T023,投送,7075.784183886789,7094.875092977698,中继,R007
T023,投送,7094.875092977698,7113.966002068607,中继,R007
T023,投送,7113.966002068607,7133.056911159516,中继,R007
T023,投送,7133.056911159516,7152.147820250426,中继,R007
T023,爬升,7152.147820250426,7169.149375629657,中继,R007
T023,爬升,7169.149375629657,7186.1509310088895,中继,R007
T023,巡航,7186.1509310088895,7206.099362240314,中继,R007
T023,巡航,7206.099362240314,7226.047793471739,中继,R007
T023,巡航,7226.047793471739,7245.9962247031635,中继,R007
T023,巡航,7245.9962247031635,7265.944655934589,中继,R007
T023,巡航,7265.944655934589,7285.893087166014,中继,R007
T023,巡航,7285.893087166014,7305.841518397438,中继,R007
T023,巡航,7305.841518397438,7325.789949628863,中继,R007
T023,巡航,7325.789949628863,7345.738380860288,中继,R007
T023,巡航,7345.738380860288,7365.686812091713,中继,R006
T023,巡航,7365.686812091713,7385.635243323138,中继,R006
T023,巡航,7385.635243323138,7405.583674554563,中继,R006
T023,巡航,7405.583674554563,7425.532105785987,中继,R006
T023,巡航,7425.532105785987,7445.480537017413,中继,R006
T023,巡航,7445.480537017413,7465.428968248838,中继,R006
T023,巡航,7465.428968248838,7485.377399480262,直连,
T023,巡航,7485.377399480262,7505.325830711688,直连,
T023,巡航,7505.325830711688,7525.274261943112,直连,
T023,巡航,7525.274261943112,7545.222693174537,直连,
T023,巡航,7545.222693174537,7565.1711244059625,直连,
T023,巡航,7565.1711244059625,7585.119555637387,直连,
T023,巡航,7585.119555637387,7605.067986868811,直连,
T023,巡航,7605.067986868811,7625.0164181002365,直连,
T023,巡航,7625.0164181002365,7644.964849331662,直连,
T023,巡航,7644.964849331662,7664.913280563086,直连,
T023,巡航,7664.913280563086,7684.861711794511,直连,
T023,巡航,7684.861711794511,7704.810143025936,直连,
T023,巡航,7704.810143025936,7724.758574257361,直连,
T023,下降,7724.758574257361,7744.375320839392,直连,
T023,下降,7744.375320839392,7763.992067421424,直连,
T023,下降,7763.992067421424,7783.608814003455,直连,
T023,下降,7783.608814003455,7803.225560585486,直连,
T023,下降,7803.225560585486,7822.842307167517,直连,
T024,爬升,8375.0,8394.871088867187,直连,
T024,爬升,8394.871088867187,8414.742177734375,直连,
T024,爬升,8414.742177734375,8434.613266601562,直连,
T024,爬升,8434.613266601562,8454.48435546875,直连,
T024,巡航,8454.48435546875,8474.042287651693,直连,
T024,巡航,8474.042287651693,8493.600219834638,直连,
T024,巡航,8493.600219834638,8513.158152017582,直连,
T024,巡航,8513.158152017582,8532.716084200525,直连,
T024,巡航,8532.716084200525,8552.27401638347,直连,
T024,巡航,8552.27401638347,8571.831948566414,直连,
T024,巡航,8571.831948566414,8591.389880749357,直连,
T024,巡航,8591.389880749357,8610.947812932302,直连,
T024,巡航,8610.947812932302,8630.505745115246,直连,
T024,巡航,8630.505745115246,8650.063677298189,直连,
T024,巡航,8650.063677298189,8669.621609481133,直连,
T024,巡航,8669.621609481133,8689.179541664078,直连,
T024,巡航,8689.179541664078,8708.73747384702,直连,
T024,巡航,8708.73747384702,8728.295406029965,中继,R006
T024,巡航,8728.295406029965,8747.853338212908,中继,R006
T024,巡航,8747.853338212908,8767.411270395853,中继,R006
T024,巡航,8767.411270395853,8786.969202578797,中继,R006
T024,巡航,8786.969202578797,8806.52713476174,中继,R006
T024,下降,8806.52713476174,8822.953495845724,中继,R006
T024,下降,8822.953495845724,8839.379856929709,中继,R006
T024,下降,8839.379856929709,8855.806218013693,中继,R006
T024,下降,8855.806218013693,8872.232579097677,中继,R006
T024,投送,8872.232579097677,8892.032579097679,中继,R006
T024,投送,8892.032579097679,8911.832579097678,中继,R006
T024,投送,8911.832579097678,8931.632579097679,中继,R006
T024,投送,8931.632579097679,8951.432579097678,中继,R006
T024,投送,8951.432579097678,8971.232579097677,中继,R006
T024,投送,8971.232579097677,8991.032579097679,中继,R006
T024,投送,8991.032579097679,9010.832579097678,中继,R006
T024,投送,9010.832579097678,9030.632579097679,中继,R006
T024,投送,9030.632579097679,9050.432579097678,中继,R006
T024,投送,9050.432579097678,9070.232579097677,中继,R006
T024,投送,9070.232579097677,9090.032579097679,中继,R006
T024,投送,9090.032579097679,9109.832579097678,中继,R006
T024,投送,9109.832579097678,9129.632579097677,中继,R006
T024,投送,9129.632579097677,9149.432579097678,中继,R006
T024,投送,9149.432579097678,9169.232579097677,中继,R006
T024,投送,9169.232579097677,9189.032579097679,中继,R006
T024,投送,9189.032579097679,9208.832579097678,中继,R006
T024,投送,9208.832579097678,9228.632579097677,中继,R006
T024,投送,9228.632579097677,9248.432579097678,中继,R006
T024,投送,9248.432579097678,9268.232579097677,中继,R006
T024,爬升,9268.232579097677,9285.754030920594,中继,R006
T024,爬升,9285.754030920594,9303.275482743511,中继,R006
T024,爬升,9303.275482743511,9320.796934566428,中继,R006
T024,巡航,9320.796934566428,9340.354866749372,中继,R006
T024,巡航,9340.354866749372,9359.912798932315,中继,R006
T024,巡航,9359.912798932315,9379.47073111526,中继,R006
T024,巡航,9379.47073111526,9399.028663298204,中继,R006
T024,巡航,9399.028663298204,9418.586595481147,中继,R006
T024,巡航,9418.586595481147,9438.144527664092,直连,
T024,巡航,9438.144527664092,9457.702459847036,直连,
T024,巡航,9457.702459847036,9477.260392029979,直连,
T024,巡航,9477.260392029979,9496.818324212923,直连,
T024,巡航,9496.818324212923,9516.376256395868,直连,
T024,巡航,9516.376256395868,9535.93418857881,直连,
T024,巡航,9535.93418857881,9555.492120761755,直连,
T024,巡航,9555.492120761755,9575.050052944698,直连,
T024,巡航,9575.050052944698,9594.607985127643,直连,
T024,巡航,9594.607985127643,9614.165917310587,直连,
T024,巡航,9614.165917310587,9633.72384949353,直连,
T024,巡航,9633.72384949353,9653.281781676475,直连,
T024,巡航,9653.281781676475,9672.83971385942,直连,
T024,下降,9672.83971385942,9692.710802726606,直连,
T024,下降,9692.710802726606,9712.581891593794,直连,
T024,下降,9712.581891593794,9732.452980460981,直连,
T024,下降,9732.452980460981,9752.32406932817,直连,
T024,下降,9752.32406932817,9772.195158195356,直连,
T025,爬升,8524.0,8541.107585313584,直连,
T025,爬升,8541.107585313584,8558.21517062717,直连,
T025,爬升,8558.21517062717,8575.322755940755,直连,
T025,爬升,8575.322755940755,8592.43034125434,直连,
T025,爬升,8592.43034125434,8609.537926567926,直连,
T025,爬升,8609.537926567926,8626.64551188151,直连,
T025,巡航,8626.64551188151,8646.580823865923,直连,
T025,巡航,8646.580823865923,8666.516135850337,直连,
T025,巡航,8666.516135850337,8686.45144783475,直连,
T025,巡航,8686.45144783475,8706.386759819163,直连,
T025,巡航,8706.386759819163,8726.322071803575,直连,
T025,巡航,8726.322071803575,8746.25738378799,直连,
T025,巡航,8746.25738378799,8766.192695772403,直连,
T025,巡航,8766.192695772403,8786.128007756815,直连,
T025,巡航,8786.128007756815,8806.063319741228,直连,
T025,巡航,8806.063319741228,8825.998631725643,直连,
T025,巡航,8825.998631725643,8845.933943710055,直连,
T025,巡航,8845.933943710055,8865.869255694468,直连,
T025,巡航,8865.869255694468,8885.804567678882,直连,
T025,巡航,8885.804567678882,8905.739879663295,中继,R008
T025,巡航,8905.739879663295,8925.675191647708,中继,R008
T025,巡航,8925.675191647708,8945.61050363212,中继,R008
T025,下降,8945.61050363212,8962.417810761028,中继,R008
T025,下降,8962.417810761028,8979.225117889933,中继,R008
T025,投送,8979.225117889933,8999.225117889933,中继,R008
T025,投送,8999.225117889933,9019.225117889933,中继,R008
T025,投送,9019.225117889933,9039.225117889933,中继,R008
T025,投送,9039.225117889933,9059.225117889933,中继,R008
T025,投送,9059.225117889933,9079.225117889933,中继,R008
T025,投送,9079.225117889933,9099.225117889933,中继,R008
T025,投送,9099.225117889933,9119.225117889933,中继,R008
T025,投送,9119.225117889933,9139.225117889933,中继,R008
T025,投送,9139.225117889933,9159.225117889933,中继,R008
T025,爬升,9159.225117889933,9173.231207164023,中继,R008
T025,爬升,9173.231207164023,9187.23729643811,中继,R008
T025,巡航,9187.23729643811,9207.172608422523,中继,R008
T025,巡航,9207.172608422523,9227.107920406937,中继,R008
T025,巡航,9227.107920406937,9247.04323239135,中继,R008
T025,巡航,9247.04323239135,9266.978544375763,直连,
T025,巡航,9266.978544375763,9286.913856360177,直连,
T025,巡航,9286.913856360177,9306.84916834459,直连,
T025,巡航,9306.84916834459,9326.784480329003,直连,
T025,巡航,9326.784480329003,9346.719792313415,直连,
T025,巡航,9346.719792313415,9366.655104297828,直连,
T025,巡航,9366.655104297828,9386.590416282243,直连,
T025,巡航,9386.590416282243,9406.525728266655,直连,
T025,巡航,9406.525728266655,9426.461040251068,直连,
T025,巡航,9426.461040251068,9446.396352235482,直连,
T025,巡航,9446.396352235482,9466.331664219895,直连,
T025,巡航,9466.331664219895,9486.266976204308,直连,
T025,巡航,9486.266976204308,9506.20228818872,直连,
T025,下降,9506.20228818872,9523.798661654124,直连,
T025,下降,9523.798661654124,9541.395035119525,直连,
T025,下降,9541.395035119525,9558.991408584927,直连,
T025,下降,9558.991408584927,9576.587782050328,直连,
T025,下降,9576.587782050328,9594.18415551573,直连,
T025,下降,9594.18415551573,9611.780528981131,直连,
T025,下降,9611.780528981131,9629.376902446533,直连,
T026,爬升,8548.0,8566.098788248699,直连,
T026,爬升,8566.098788248699,8584.197576497396,直连,
T026,爬升,8584.197576497396,8602.296364746095,直连,
T026,爬升,8602.296364746095,8620.395152994792,直连,
T026,爬升,8620.395152994792,8638.49394124349,直连,
T026,巡航,8638.49394124349,8657.510517875495,直连,
T026,巡航,8657.510517875495,8676.5270945075,直连,
T026,巡航,8676.5270945075,8695.543671139507,直连,
T026,巡航,8695.543671139507,8714.560247771513,直连,
T026,巡航,8714.560247771513,8733.576824403519,直连,
T026,巡航,8733.576824403519,8752.593401035525,直连,
T026,巡航,8752.593401035525,8771.609977667531,直连,
T026,巡航,8771.609977667531,8790.626554299537,直连,
T026,巡航,8790.626554299537,8809.643130931543,直连,
T026,巡航,8809.643130931543,8828.659707563547,直连,
T026,巡航,8828.659707563547,8847.676284195553,直连,
T026,巡航,8847.676284195553,8866.69286082756,直连,
T026,巡航,8866.69286082756,8885.709437459565,直连,
T026,巡航,8885.709437459565,8904.726014091571,中继,R008
T026,巡航,8904.726014091571,8923.742590723577,中继,R008
T026,巡航,8923.742590723577,8942.759167355583,中继,R008
T026,巡航,8942.759167355583,8961.77574398759,中继,R008
T026,下降,8961.77574398759,8980.768473479777,中继,R008
T026,投送,8980.768473479777,9000.768473479777,中继,R008
T026,投送,9000.768473479777,9020.768473479777,中继,R008
T026,投送,9020.768473479777,9040.768473479777,中继,R008
T026,投送,9040.768473479777,9060.768473479777,中继,R008
T026,投送,9060.768473479777,9080.768473479777,中继,R008
T026,投送,9080.768473479777,9100.768473479777,中继,R008
T026,投送,9100.768473479777,9120.768473479777,中继,R008
T026,投送,9120.768473479777,9140.768473479777,中继,R008
T026,投送,9140.768473479777,9160.768473479777,中继,R008
T026,爬升,9160.768473479777,9176.5957480566,中继,R008
T026,巡航,9176.5957480566,9195.612324688605,中继,R008
T026,巡航,9195.612324688605,9214.628901320611,中继,R008
T026,巡航,9214.628901320611,9233.645477952618,中继,R008
T026,巡航,9233.645477952618,9252.662054584624,中继,R008
T026,巡航,9252.662054584624,9271.67863121663,直连,
T026,巡航,9271.67863121663,9290.695207848634,直连,
T026,巡航,9290.695207848634,9309.71178448064,直连,
T026,巡航,9309.71178448064,9328.728361112646,直连,
T026,巡航,9328.728361112646,9347.744937744652,直连,
T026,巡航,9347.744937744652,9366.761514376658,直连,
T026,巡航,9366.761514376658,9385.778091008664,直连,
T026,巡航,9385.778091008664,9404.79466764067,直连,
T026,巡航,9404.79466764067,9423.811244272676,直连,
T026,巡航,9423.811244272676,9442.82782090468,直连,
T026,巡航,9442.82782090468,9461.844397536686,直连,
T026,巡航,9461.844397536686,9480.860974168692,直连,
T026,巡航,9480.860974168692,9499.877550800698,直连,
T026,下降,9499.877550800698,9517.976339049397,直连,
T026,下降,9517.976339049397,9536.075127298094,直连,
T026,下降,9536.075127298094,9554.173915546793,直连,
T026,下降,9554.173915546793,9572.27270379549,直连,
T026,下降,9572.27270379549,9590.371492044189,直连,
T026,下降,9590.371492044189,9608.470280292886,直连,
T027,爬升,10567.0,10585.125425415039,直连,
T027,爬升,10585.125425415039,10603.250850830078,直连,
T027,爬升,10603.250850830078,10621.376276245117,直连,
T027,爬升,10621.376276245117,10639.501701660156,直连,
T027,巡航,10639.501701660156,10659.265188883523,直连,
T027,巡航,10659.265188883523,10679.02867610689,直连,
T027,巡航,10679.02867610689,10698.792163330254,直连,
T027,巡航,10698.792163330254,10718.55565055362,直连,
T027,巡航,10718.55565055362,10738.319137776987,直连,
T027,巡航,10738.319137776987,10758.082625000352,直连,
T027,巡航,10758.082625000352,10777.846112223719,直连,
T027,巡航,10777.846112223719,10797.609599447085,直连,
T027,巡航,10797.609599447085,10817.37308667045,直连,
T027,巡航,10817.37308667045,10837.136573893817,直连,
T027,巡航,10837.136573893817,10856.900061117183,直连,
T027,巡航,10856.900061117183,10876.663548340548,直连,
T027,巡航,10876.663548340548,10896.427035563915,直连,
T027,巡航,10896.427035563915,10916.190522787281,中继,R009
T027,巡航,10916.190522787281,10935.954010010648,中继,R009
T027,巡航,10935.954010010648,10955.717497234013,中继,R009
T027,巡航,10955.717497234013,10975.48098445738,中继,R009
T027,巡航,10975.48098445738,10995.244471680746,中继,R009
T027,巡航,10995.244471680746,11015.00795890411,中继,R009
T027,巡航,11015.00795890411,11034.771446127477,中继,R009
T027,巡航,11034.771446127477,11054.534933350844,中继,R009
T027,巡航,11054.534933350844,11074.298420574209,中继,R009
T027,巡航,11074.298420574209,11094.061907797575,中继,R009
T027,巡航,11094.061907797575,11113.825395020942,中继,R009
T027,巡航,11113.825395020942,11133.588882244308,中继,R009
T027,下降,11133.588882244308,11148.497924602707,中继,R009
T027,下降,11148.497924602707,11163.406966961105,中继,R009
T027,下降,11163.406966961105,11178.316009319504,中继,R009
T027,投送,11178.316009319504,11198.116009319503,中继,R009
T027,投送,11198.116009319503,11217.916009319502,中继,R009
T027,投送,11217.916009319502,11237.716009319503,中继,R009
T027,投送,11237.716009319503,11257.516009319503,中继,R009
T027,投送,11257.516009319503,11277.316009319504,中继,R009
T027,投送,11277.316009319504,11297.116009319503,中继,R009
T027,投送,11297.116009319503,11316.916009319502,中继,R009
T027,投送,11316.916009319502,11336.716009319503,中继,R009
T027,投送,11336.716009319503,11356.516009319503,中继,R009
T027,投送,11356.516009319503,11376.316009319504,中继,R009
T027,投送,11376.316009319504,11396.116009319503,中继,R009
T027,投送,11396.116009319503,11415.916009319502,中继,R009
T027,投送,11415.916009319502,11435.716009319503,中继,R009
T027,投送,11435.716009319503,11455.516009319503,中继,R009
T027,投送,11455.516009319503,11475.316009319504,中继,R009
T027,投送,11475.316009319504,11495.116009319503,中继,R009
T027,投送,11495.116009319503,11514.916009319502,中继,R009
T027,投送,11514.916009319502,11534.716009319503,中继,R009
T027,投送,11534.716009319503,11554.516009319503,中继,R009
T027,投送,11554.516009319503,11574.316009319504,中继,R009
T027,爬升,11574.316009319504,11592.206860149581,中继,R009
T027,爬升,11592.206860149581,11610.097710979659,中继,R009
T027,巡航,11610.097710979659,11629.861198203025,中继,R009
T027,巡航,11629.861198203025,11649.624685426392,中继,R009
T027,巡航,11649.624685426392,11669.388172649757,中继,R009
T027,巡航,11669.388172649757,11689.151659873123,中继,R009
T027,巡航,11689.151659873123,11708.91514709649,中继,R009
T027,巡航,11708.91514709649,11728.678634319855,中继,R009
T027,巡航,11728.678634319855,11748.442121543221,中继,R009
T027,巡航,11748.442121543221,11768.205608766588,中继,R009
T027,巡航,11768.205608766588,11787.969095989953,中继,R009
T027,巡航,11787.969095989953,11807.73258321332,中继,R009
T027,巡航,11807.73258321332,11827.496070436686,中继,R009
T027,巡航,11827.496070436686,11847.259557660052,中继,R009
T027,巡航,11847.259557660052,11867.023044883417,直连,
T027,巡航,11867.023044883417,11886.786532106784,直连,
T027,巡航,11886.786532106784,11906.55001933015,直连,
T027,巡航,11906.55001933015,11926.313506553515,直连,
T027,巡航,11926.313506553515,11946.076993776882,直连,
T027,巡航,11946.076993776882,11965.840481000248,直连,
T027,巡航,11965.840481000248,11985.603968223615,直连,
T027,巡航,11985.603968223615,12005.36745544698,直连,
T027,巡航,12005.36745544698,12025.130942670346,直连,
T027,巡航,12025.130942670346,12044.894429893713,直连,
T027,巡航,12044.894429893713,12064.657917117078,直连,
T027,巡航,12064.657917117078,12084.421404340444,直连,
T027,巡航,12084.421404340444,12104.184891563811,直连,
T027,下降,12104.184891563811,12122.31031697885,直连,
T027,下降,12122.31031697885,12140.435742393889,直连,
T027,下降,12140.435742393889,12158.561167808928,直连,
T027,下降,12158.561167808928,12176.686593223967,直连,
T027,下降,12176.686593223967,12194.812018639006,直连,
T028,爬升,10595.0,10613.392101372612,直连,
T028,爬升,10613.392101372612,10631.784202745226,直连,
T028,爬升,10631.784202745226,10650.176304117838,直连,
T028,巡航,10650.176304117838,10669.193466849745,直连,
T028,巡航,10669.193466849745,10688.210629581652,直连,
T028,巡航,10688.210629581652,10707.22779231356,直连,
T028,巡航,10707.22779231356,10726.244955045468,直连,
T028,巡航,10726.244955045468,10745.262117777374,直连,
T028,巡航,10745.262117777374,10764.279280509281,直连,
T028,巡航,10764.279280509281,10783.296443241188,直连,
T028,巡航,10783.296443241188,10802.313605973095,直连,
T028,巡航,10802.313605973095,10821.330768705004,直连,
T028,巡航,10821.330768705004,10840.34793143691,直连,
T028,巡航,10840.34793143691,10859.365094168817,直连,
T028,巡航,10859.365094168817,10878.382256900724,直连,
T028,巡航,10878.382256900724,10897.399419632631,直连,
T028,巡航,10897.399419632631,10916.416582364538,中继,R009
T028,巡航,10916.416582364538,10935.433745096445,中继,R009
T028,巡航,10935.433745096445,10954.450907828352,中继,R009
T028,巡航,10954.450907828352,10973.46807056026,中继,R009
T028,巡航,10973.46807056026,10992.485233292167,中继,R009
T028,巡航,10992.485233292167,11011.502396024074,中继,R009
T028,巡航,11011.502396024074,11030.519558755981,中继,R009
T028,下降,11030.519558755981,11043.165341226684,中继,R009
T028,下降,11043.165341226684,11055.811123697387,中继,R009
T028,投送,11055.811123697387,11075.811123697387,中继,R009
T028,投送,11075.811123697387,11095.811123697387,中继,R009
T028,投送,11095.811123697387,11115.811123697387,中继,R009
T028,投送,11115.811123697387,11135.811123697387,中继,R009
T028,投送,11135.811123697387,11155.811123697387,中继,R009
T028,投送,11155.811123697387,11175.811123697387,中继,R009
T028,投送,11175.811123697387,11195.811123697387,中继,R009
T028,投送,11195.811123697387,11215.811123697387,中继,R009
T028,投送,11215.811123697387,11235.811123697387,中继,R009
T028,爬升,11235.811123697387,11246.349275756307,中继,R009
T028,爬升,11246.349275756307,11256.887427815225,中继,R009
T028,巡航,11256.887427815225,11275.904590547134,中继,R009
T028,巡航,11275.904590547134,11294.92175327904,中继,R009
T028,巡航,11294.92175327904,11313.938916010948,中继,R009
T028,巡航,11313.938916010948,11332.956078742855,中继,R009
T028,巡航,11332.956078742855,11351.973241474761,中继,R009
T028,巡航,11351.973241474761,11370.990404206668,中继,R009
T028,巡航,11370.990404206668,11390.007566938577,中继,R009
T028,巡航,11390.007566938577,11409.024729670484,直连,
T028,巡航,11409.024729670484,11428.04189240239,直连,
T028,巡航,11428.04189240239,11447.059055134298,直连,
T028,巡航,11447.059055134298,11466.076217866204,直连,
T028,巡航,11466.076217866204,11485.093380598111,直连,
T028,巡航,11485.093380598111,11504.110543330018,直连,
T028,巡航,11504.110543330018,11523.127706061925,直连,
T028,巡航,11523.127706061925,11542.144868793834,直连,
T028,巡航,11542.144868793834,11561.16203152574,直连,
T028,巡航,11561.16203152574,11580.179194257647,直连,
T028,巡航,11580.179194257647,11599.196356989554,直连,
T028,巡航,11599.196356989554,11618.213519721461,直连,
T028,巡航,11618.213519721461,11637.230682453368,直连,
T028,下降,11637.230682453368,11653.783573688721,直连,
T028,下降,11653.783573688721,11670.336464924072,直连,
T028,下降,11670.336464924072,11686.889356159423,直连,
T028,下降,11686.889356159423,11703.442247394774,直连,
T029,爬升,10775.0,10794.293517252605,直连,
T029,爬升,10794.293517252605,10813.587034505208,直连,
T029,爬升,10813.587034505208,10832.880551757813,直连,
T029,爬升,10832.880551757813,10852.174069010416,直连,
T029,爬升,10852.174069010416,10871.467586263021,直连,
T029,爬升,10871.467586263021,10890.761103515624,直连,
T029,爬升,10890.761103515624,10910.05462076823,直连,
T029,爬升,10910.05462076823,10929.348138020834,直连,
T029,爬升,10929.348138020834,10948.641655273437,直连,
T029,巡航,10948.641655273437,10968.010529185574,直连,
T029,巡航,10968.010529185574,10987.37940309771,直连,
T029,巡航,10987.37940309771,11006.748277009847,直连,
T029,巡航,11006.748277009847,11026.117150921982,直连,
T029,巡航,11026.117150921982,11045.486024834117,直连,
T029,巡航,11045.486024834117,11064.854898746255,直连,
T029,巡航,11064.854898746255,11084.22377265839,直连,
T029,巡航,11084.22377265839,11103.592646570527,直连,
T029,巡航,11103.592646570527,11122.961520482662,直连,
T029,巡航,11122.961520482662,11142.3303943948,直连,
T029,巡航,11142.3303943948,11161.699268306935,直连,
T029,巡航,11161.699268306935,11181.068142219072,直连,
T029,巡航,11181.068142219072,11200.437016131207,直连,
T029,巡航,11200.437016131207,11219.805890043343,中继,R010
T029,巡航,11219.805890043343,11239.17476395548,中继,R010
T029,巡航,11239.17476395548,11258.543637867615,中继,R010
T029,巡航,11258.543637867615,11277.912511779752,中继,R010
T029,巡航,11277.912511779752,11297.281385691887,中继,R010
T029,巡航,11297.281385691887,11316.650259604025,中继,R010
T029,巡航,11316.650259604025,11336.01913351616,中继,R010
T029,巡航,11336.01913351616,11355.388007428297,中继,R010
T029,巡航,11355.388007428297,11374.756881340432,中继,R010
T029,巡航,11374.756881340432,11394.125755252568,中继,R010
T029,巡航,11394.125755252568,11413.494629164705,中继,R010
T029,巡航,11413.494629164705,11432.86350307684,中继,R010
T029,下降,11432.86350307684,11451.472181258807,中继,R010
T029,下降,11451.472181258807,11470.080859440774,中继,R010
T029,下降,11470.080859440774,11488.68953762274,中继,R010
T029,下降,11488.68953762274,11507.298215804705,中继,R010
T029,下降,11507.298215804705,11525.906893986672,中继,R010
T029,下降,11525.906893986672,11544.515572168639,中继,R010
T029,投送,11544.515572168639,11564.315572168638,中继,R010
T029,投送,11564.315572168638,11584.115572168637,中继,R010
T029,投送,11584.115572168637,11603.915572168638,中继,R010
T029,投送,11603.915572168638,11623.715572168638,中继,R010
T029,投送,11623.715572168638,11643.515572168639,中继,R010
T029,投送,11643.515572168639,11663.315572168638,中继,R010
T029,投送,11663.315572168638,11683.115572168637,中继,R010
T029,投送,11683.115572168637,11702.915572168638,中继,R010
T029,投送,11702.915572168638,11722.715572168638,中继,R010
T029,投送,11722.715572168638,11742.515572168639,中继,R010
T029,投送,11742.515572168639,11762.315572168638,中继,R010
T029,投送,11762.315572168638,11782.115572168637,中继,R010
T029,投送,11782.115572168637,11801.915572168638,中继,R010
T029,投送,11801.915572168638,11821.715572168638,中继,R010
T029,投送,11821.715572168638,11841.515572168639,中继,R010
T029,投送,11841.515572168639,11861.315572168638,中继,R010
T029,投送,11861.315572168638,11881.115572168637,中继,R010
T029,投送,11881.115572168637,11900.915572168638,中继,R010
T029,投送,11900.915572168638,11920.715572168638,中继,R010
T029,投送,11920.715572168638,11940.515572168639,中继,R010
T029,爬升,11940.515572168639,11958.379903223326,中继,R010
T029,爬升,11958.379903223326,11976.244234278012,中继,R010
T029,爬升,11976.244234278012,11994.1085653327,中继,R010
T029,爬升,11994.1085653327,12011.972896387388,中继,R010
T029,爬升,12011.972896387388,12029.837227442076,中继,R010
T029,巡航,12029.837227442076,12049.206101354212,中继,R010
T029,巡航,12049.206101354212,12068.574975266347,中继,R010
T029,巡航,12068.574975266347,12087.943849178484,中继,R010
T029,巡航,12087.943849178484,12107.31272309062,中继,R010
T029,巡航,12107.31272309062,12126.681597002756,中继,R010
T029,巡航,12126.681597002756,12146.050470914892,中继,R010
T029,巡航,12146.050470914892,12165.419344827029,中继,R010
T029,巡航,12165.419344827029,12184.788218739164,中继,R010
T029,巡航,12184.788218739164,12204.157092651301,中继,R010
T029,巡航,12204.157092651301,12223.525966563437,中继,R010
T029,巡航,12223.525966563437,12242.894840475572,中继,R010
T029,巡航,12242.894840475572,12262.26371438771,中继,R010
T029,巡航,12262.26371438771,12281.632588299844,直连,
T029,巡航,12281.632588299844,12301.001462211982,直连,
T029,巡航,12301.001462211982,12320.370336124117,直连,
T029,巡航,12320.370336124117,12339.739210036254,直连,
T029,巡航,12339.739210036254,12359.10808394839,直连,
T029,巡航,12359.10808394839,12378.476957860526,直连,
T029,巡航,12378.476957860526,12397.845831772662,直连,
T029,巡航,12397.845831772662,12417.214705684797,直连,
T029,巡航,12417.214705684797,12436.583579596934,直连,
T029,巡航,12436.583579596934,12455.952453509071,直连,
T029,巡航,12455.952453509071,12475.321327421207,直连,
T029,巡航,12475.321327421207,12494.690201333342,直连,
T029,巡航,12494.690201333342,12514.05907524548,直连,
T029,下降,12514.05907524548,12533.791081526551,直连,
T029,下降,12533.791081526551,12553.523087807624,直连,
T029,下降,12553.523087807624,12573.255094088696,直连,
T029,下降,12573.255094088696,12592.987100369768,直连,
T029,下降,12592.987100369768,12612.71910665084,直连,
T029,下降,12612.71910665084,12632.451112931914,直连,
T029,下降,12632.451112931914,12652.183119212987,直连,
T029,下降,12652.183119212987,12671.915125494059,直连,
T029,下降,12671.915125494059,12691.647131775131,直连,
T029,下降,12691.647131775131,12711.379138056203,直连,
T029,下降,12711.379138056203,12731.111144337276,直连,
T030,爬升,12861.0,12880.04006632487,直连,
T030,爬升,12880.04006632487,12899.08013264974,直连,
T030,爬升,12899.08013264974,12918.12019897461,直连,
T030,爬升,12918.12019897461,12937.160265299479,直连,
T030,爬升,12937.160265299479,12956.20033162435,直连,
T030,巡航,12956.20033162435,12975.908193560801,直连,
T030,巡航,12975.908193560801,12995.616055497252,直连,
T030,巡航,12995.616055497252,13015.323917433705,直连,
T030,巡航,13015.323917433705,13035.031779370156,直连,
T030,巡航,13035.031779370156,13054.739641306609,直连,
T030,巡航,13054.739641306609,13074.44750324306,直连,
T030,巡航,13074.44750324306,13094.155365179511,直连,
T030,巡航,13094.155365179511,13113.863227115964,直连,
T030,巡航,13113.863227115964,13133.571089052415,直连,
T030,巡航,13133.571089052415,13153.278950988868,直连,
T030,巡航,13153.278950988868,13172.98681292532,直连,
T030,巡航,13172.98681292532,13192.69467486177,直连,
T030,巡航,13192.69467486177,13212.402536798223,直连,
T030,巡航,13212.402536798223,13232.110398734674,中继,R011
T030,巡航,13232.110398734674,13251.818260671127,中继,R011
T030,巡航,13251.818260671127,13271.526122607578,中继,R011
T030,巡航,13271.526122607578,13291.233984544031,中继,R011
T030,巡航,13291.233984544031,13310.941846480482,中继,R011
T030,巡航,13310.941846480482,13330.649708416933,中继,R011
T030,巡航,13330.649708416933,13350.357570353386,中继,R011
T030,巡航,13350.357570353386,13370.065432289837,中继,R011
T030,巡航,13370.065432289837,13389.77329422629,中继,R011
T030,巡航,13389.77329422629,13409.481156162741,中继,R011
T030,巡航,13409.481156162741,13429.189018099194,中继,R011
T030,巡航,13429.189018099194,13448.896880035645,中继,R011
T030,下降,13448.896880035645,13466.697012685385,中继,R011
T030,下降,13466.697012685385,13484.497145335125,中继,R011
T030,下降,13484.497145335125,13502.297277984864,中继,R011
T030,投送,13502.297277984864,13522.297277984864,中继,R011
T030,投送,13522.297277984864,13542.297277984864,中继,R011
T030,投送,13542.297277984864,13562.297277984864,中继,R011
T030,投送,13562.297277984864,13582.297277984864,中继,R011
T030,投送,13582.297277984864,13602.297277984864,中继,R011
T030,投送,13602.297277984864,13622.297277984864,中继,R011
T030,投送,13622.297277984864,13642.297277984864,中继,R011
T030,投送,13642.297277984864,13662.297277984864,中继,R011
T030,投送,13662.297277984864,13682.297277984864,中继,R011
T030,爬升,13682.297277984864,13697.130721859647,中继,R011
T030,爬升,13697.130721859647,13711.96416573443,中继,R011
T030,爬升,13711.96416573443,13726.797609609213,中继,R011
T030,巡航,13726.797609609213,13746.505471545664,中继,R011
T030,巡航,13746.505471545664,13766.213333482116,中继,R011
T030,巡航,13766.213333482116,13785.921195418568,中继,R011
T030,巡航,13785.921195418568,13805.62905735502,中继,R011
T030,巡航,13805.62905735502,13825.336919291472,中继,R011
T030,巡航,13825.336919291472,13845.044781227924,中继,R011
T030,巡航,13845.044781227924,13864.752643164375,中继,R011
T030,巡航,13864.752643164375,13884.460505100828,中继,R011
T030,巡航,13884.460505100828,13904.168367037279,中继,R011
T030,巡航,13904.168367037279,13923.876228973731,中继,R011
T030,巡航,13923.876228973731,13943.584090910183,中继,R011
T030,巡航,13943.584090910183,13963.291952846635,中继,R011
T030,巡航,13963.291952846635,13982.999814783087,直连,
T030,巡航,13982.999814783087,14002.70767671954,直连,
T030,巡航,14002.70767671954,14022.41553865599,直连,
T030,巡航,14022.41553865599,14042.123400592442,直连,
T030,巡航,14042.123400592442,14061.831262528895,直连,
T030,巡航,14061.831262528895,14081.539124465346,直连,
T030,巡航,14081.539124465346,14101.246986401798,直连,
T030,巡航,14101.246986401798,14120.95484833825,直连,
T030,巡航,14120.95484833825,14140.6627102747,直连,
T030,巡航,14140.6627102747,14160.370572211154,直连,
T030,巡航,14160.370572211154,14180.078434147605,直连,
T030,巡航,14180.078434147605,14199.786296084058,直连,
T030,巡航,14199.786296084058,14219.494158020509,直连,
T030,下降,14219.494158020509,14238.534224345378,直连,
T030,下降,14238.534224345378,14257.574290670249,直连,
T030,下降,14257.574290670249,14276.614356995118,直连,
T030,下降,14276.614356995118,14295.654423319987,直连,
T030,下降,14295.654423319987,14314.694489644859,直连,
T030,下降,14314.694489644859,14333.734555969728,直连,
